"Date","Price","Open","High","Low","Vol.","Change %"
"08/06/2026","79.00","81.80","82.50","78.30","1.36M","-2.59%"
"08/05/2026","81.10","79.40","84.00","78.51","1.81M","3.44%"
"08/04/2026","78.40","79.20","81.40","78.00","1.60M","-0.76%"
"08/03/2026","79.00","78.03","80.00","76.75","1.41M","1.80%"
"08/02/2026","77.60","81.25","82.75","77.60","1.59M","-3.12%"
"07/30/2026","80.10","84.00","84.80","80.10","1.47M","-4.76%"
"07/29/2026","84.10","86.02","87.99","83.21","1.10M","-2.90%"
"07/28/2026","86.61","81.50","87.00","81.05","2.42M","6.90%"
"07/27/2026","81.02","81.56","82.00","80.31","625.63K","-0.21%"
"07/26/2026","81.19","83.00","85.49","81.05","1.10M","-0.26%"
"07/22/2026","81.40","79.00","82.80","77.56","1.29M","5.17%"
"07/21/2026","77.40","78.30","78.80","75.85","1.53M","-1.15%"
"07/20/2026","78.30","71.50","81.96","71.25","3.95M","10.56%"
"07/19/2026","70.82","68.30","72.00","66.75","2.64M","5.18%"
"07/16/2026","67.33","62.40","67.55","62.10","1.45M","7.90%"
"07/15/2026","62.40","62.05","62.50","61.97","172.73K","0.55%"
"07/14/2026","62.06","62.10","62.30","61.28","374.78K","-0.42%"
"07/13/2026","62.32","62.55","62.97","61.91","327.37K","-0.34%"
"07/12/2026","62.53","62.30","63.20","62.16","123.91K","-0.13%"
"07/09/2026","62.61","62.21","63.00","62.16","200.57K","0.74%"
"07/08/2026","62.15","64.00","64.00","62.15","151.26K","-2.89%"
"07/07/2026","64.00","64.05","64.97","63.60","544.80K","0.00%"
"07/06/2026","64.00","65.60","66.00","64.00","215.01K","-2.47%"
"07/05/2026","65.62","63.61","67.00","63.61","519.64K","3.34%"
"07/01/2026","63.50","62.25","63.78","62.25","167.17K","2.09%"
"06/30/2026","62.20","61.00","62.64","60.14","491.82K","2.03%"
"06/29/2026","60.96","61.33","61.68","60.50","88.39K","-0.60%"
"06/28/2026","61.33","62.96","62.96","61.10","131.28K","-1.97%"
"06/25/2026","62.56","63.51","63.95","62.54","220.23K","-1.23%"
"06/24/2026","63.34","61.31","64.00","60.75","605.74K","3.41%"
"06/23/2026","61.25","61.89","61.89","61.03","81.71K","-1.03%"
"06/22/2026","61.89","62.00","62.14","61.25","99.36K","-0.13%"
"06/21/2026","61.97","62.20","62.22","60.50","188.77K","-0.40%"
"06/17/2026","62.22","62.27","62.30","61.53","222.23K","0.06%"
"06/16/2026","62.18","62.08","62.37","61.50","331.11K","0.19%"
"06/15/2026","62.06","62.50","62.74","61.66","121.83K","-0.37%"
"06/14/2026","62.29","61.90","62.60","61.15","163.32K","3.89%"
"06/11/2026","59.96","61.30","61.45","59.30","371.18K","-1.79%"
"06/10/2026","61.05","63.60","63.86","61.05","528.37K","-4.25%"
"06/09/2026","63.76","63.54","64.44","63.53","95.93K","0.41%"
"06/08/2026","63.50","64.00","64.15","63.25","121.15K","-1.26%"
"06/07/2026","64.31","65.00","65.50","62.50","343.33K","-2.22%"
"06/04/2026","65.77","66.00","66.25","64.74","614.44K","0.06%"
"06/03/2026","65.73","66.70","66.85","65.67","220.07K","-1.16%"
"06/02/2026","66.50","67.30","67.46","66.25","164.16K","-1.12%"
"06/01/2026","67.25","65.25","67.25","65.10","417.42K","3.38%"
"05/25/2026","65.05","65.70","65.70","64.67","162.45K","-0.37%"
"05/24/2026","65.29","65.00","65.90","64.52","509.06K","1.22%"
"05/21/2026","64.50","64.80","65.59","64.30","182.20K","-0.15%"
"05/20/2026","64.60","66.24","66.24","64.57","457.52K","-1.58%"
"05/19/2026","65.64","65.35","66.25","65.00","257.52K","0.54%"
"05/18/2026","65.29","65.51","66.48","64.55","544.62K","-0.43%"
"05/17/2026","65.57","67.71","67.79","65.50","443.53K","-2.86%"
"05/14/2026","67.50","69.40","69.80","67.50","685.05K","-2.74%"
"05/13/2026","69.40","70.50","72.20","69.40","1.75M","0.58%"
"05/12/2026","69.00","65.02","69.30","65.02","3.35M","9.00%"
"05/11/2026","63.30","62.90","64.00","62.60","553.78K","0.64%"
"05/10/2026","62.90","62.52","63.25","62.07","342.97K","0.66%"
"05/06/2026","62.49","62.07","63.90","61.92","538.27K","0.74%"
"05/05/2026","62.03","63.48","63.70","61.80","737.24K","-1.54%"
"05/04/2026","63.00","62.12","63.79","62.00","847.46K","2.61%"
"05/03/2026","61.40","60.00","61.78","59.60","727.00K","3.54%"
"04/30/2026","59.30","59.00","60.01","58.71","191.64K","0.78%"
"04/29/2026","58.84","59.19","59.25","58.60","376.23K","-0.36%"
"04/28/2026","59.05","59.49","59.74","59.00","272.86K","-0.76%"
"04/27/2026","59.50","59.50","59.80","59.02","220.22K","0.68%"
"04/26/2026","59.10","59.79","60.00","59.00","193.41K","0.07%"
"04/23/2026","59.06","59.36","60.99","59.01","1.14M","0.44%"
"04/22/2026","58.80","59.09","59.97","58.55","759.32K","2.44%"
"04/21/2026","57.40","57.23","57.80","57.05","349.47K","0.31%"
"04/20/2026","57.22","57.74","57.90","57.09","251.03K","-0.88%"
"04/19/2026","57.73","58.14","58.14","57.52","429.32K","-0.09%"
"04/16/2026","57.78","58.49","58.60","57.70","401.08K","-0.65%"
"04/15/2026","58.16","57.63","58.80","57.60","562.87K","1.15%"
"04/14/2026","57.50","58.00","58.45","57.41","652.89K","-0.84%"
"04/12/2026","57.99","58.86","57.99","57.99","260.86K","0.00%"
"04/09/2026","57.99","58.85","59.20","57.90","260.86K","-1.48%"
"04/08/2026","58.86","61.00","61.54","58.52","749.93K","-1.70%"
"04/07/2026","59.88","59.39","60.88","59.00","428.56K","1.44%"
"04/06/2026","59.03","58.01","60.30","58.01","277.59K","1.79%"
"04/05/2026","57.99","57.99","58.00","57.00","506.69K","0.80%"
"04/02/2026","57.53","57.50","58.30","57.13","390.28K","-0.81%"
"04/01/2026","58.00","57.55","58.25","57.06","242.94K","1.65%"
"03/31/2026","57.06","57.00","58.25","56.65","213.92K","0.16%"
"03/30/2026","56.97","57.10","57.49","56.61","80.23K","-0.07%"
"03/29/2026","57.01","58.41","58.44","56.91","635.89K","-1.88%"
"03/26/2026","58.10","58.13","60.49","58.00","497.45K","0.40%"
"03/25/2026","57.87","58.50","58.88","57.65","326.95K","-0.45%"
"03/24/2026","58.13","58.71","59.48","57.87","144.33K","0.45%"
"03/18/2026","57.87","57.16","58.40","57.03","391.91K","1.51%"
"03/17/2026","57.01","56.65","57.32","56.65","597.25K","0.64%"
"03/16/2026","56.65","57.68","57.90","56.65","124.48K","-1.79%"
"03/15/2026","57.68","58.36","58.69","56.57","102.16K","-1.18%"
"03/12/2026","58.37","59.26","59.80","58.30","386.76K","-1.22%"
"03/11/2026","59.09","58.50","61.50","58.25","936.40K","1.88%"
"03/10/2026","58.00","56.80","58.00","56.51","576.47K","2.86%"
"03/09/2026","56.39","57.25","57.49","56.16","326.34K","-1.48%"
"03/08/2026","57.24","57.01","57.70","56.60","361.95K","0.46%"
"03/05/2026","56.98","56.44","57.50","56.12","279.27K","1.60%"
"03/04/2026","56.08","56.92","57.00","55.35","376.03K","-1.15%"
"03/03/2026","56.73","57.53","58.17","56.50","103.60K","-1.03%"
"03/02/2026","57.32","57.20","58.90","57.06","263.48K","0.47%"
"03/01/2026","57.05","56.99","58.88","53.00","303.88K","-4.93%"
"02/26/2026","60.01","59.20","60.97","58.50","514.10K","1.56%"
"02/25/2026","59.09","61.05","61.49","59.00","192.48K","-3.16%"
"02/24/2026","61.02","61.62","62.00","61.00","151.89K","-0.62%"
"02/23/2026","61.40","60.65","61.90","60.49","535.85K","0.66%"
"02/22/2026","61.00","61.90","62.29","60.10","96.61K","-1.45%"
"02/19/2026","61.90","63.00","63.40","61.55","170.49K","-1.43%"
"02/18/2026","62.80","62.70","64.05","62.70","338.22K","0.42%"
"02/17/2026","62.54","63.03","63.88","62.50","698.28K","-0.51%"
"02/16/2026","62.86","62.86","64.37","62.82","470.01K","0.06%"
"02/15/2026","62.82","62.53","63.50","62.53","195.12K","0.96%"
"02/12/2026","62.22","62.01","63.30","62.00","155.30K","0.03%"
"02/11/2026","62.20","63.28","63.50","62.10","290.42K","-1.11%"
"02/10/2026","62.90","63.84","63.84","62.84","378.50K","-0.49%"
"02/09/2026","63.21","63.40","64.49","62.71","428.04K","0.33%"
"02/08/2026","63.00","63.35","64.90","63.00","351.03K","-0.13%"
"02/05/2026","63.08","64.58","64.58","63.00","246.12K","-1.68%"
"02/04/2026","64.16","65.80","65.88","64.01","173.05K","0.09%"
"02/03/2026","64.10","63.00","64.89","62.57","772.35K","1.76%"
"02/02/2026","62.99","63.13","63.65","62.25","102.60K","-0.22%"
"02/01/2026","63.13","62.01","63.49","60.60","395.44K","2.48%"
"01/28/2026","61.60","64.81","65.42","61.00","377.93K","-4.54%"
"01/27/2026","64.53","64.99","66.98","64.50","906.57K","0.25%"
"01/26/2026","64.37","65.60","66.30","64.03","213.04K","-1.89%"
"01/25/2026","65.61","64.00","68.20","63.63","1.25M","3.80%"
"01/22/2026","63.21","65.14","65.76","63.02","461.42K","-2.09%"
"01/21/2026","64.56","58.80","67.00","58.02","1.40M","9.80%"
"01/20/2026","58.80","59.00","59.80","58.50","294.14K","-0.27%"
"01/19/2026","58.96","58.06","59.48","58.05","285.80K","2.70%"
"01/18/2026","57.41","56.50","58.50","56.10","89.06K","2.52%"
"01/15/2026","56.00","58.00","58.00","55.07","99.23K","-2.27%"
"01/14/2026","57.30","59.85","59.85","56.56","192.43K","-4.26%"
"01/13/2026","59.85","60.50","61.00","59.50","703.15K","-1.07%"
"01/12/2026","60.50","61.55","61.55","60.50","94.05K","-1.14%"
"01/11/2026","61.20","61.38","61.99","61.16","74.18K","-0.16%"
"01/08/2026","61.30","62.00","62.68","61.28","145.90K","-1.13%"
"01/06/2026","62.00","62.32","62.75","61.51","647.24K","-0.16%"
"01/05/2026","62.10","62.86","63.50","62.00","339.40K","-0.96%"
"01/04/2026","62.70","62.36","63.99","62.11","510.42K","0.72%"
"12/31/2025","62.25","62.15","63.71","61.79","641.13K","0.29%"
"12/30/2025","62.07","63.91","64.48","61.05","802.73K","-2.51%"
"12/29/2025","63.67","63.00","65.50","62.76","959.41K","1.53%"
"12/28/2025","62.71","62.37","63.40","61.80","311.16K","1.31%"
"12/25/2025","61.90","62.60","62.90","61.90","426.55K","-0.45%"
"12/24/2025","62.18","62.60","63.00","61.90","316.53K","-0.08%"
"12/23/2025","62.23","61.79","62.65","61.36","490.14K","1.68%"
"12/22/2025","61.20","60.83","62.49","60.83","477.72K","0.62%"
"12/21/2025","60.82","61.89","61.99","60.65","407.76K","-0.93%"
"12/18/2025","61.39","62.48","62.48","61.30","296.81K","-0.98%"
"12/17/2025","62.00","62.45","62.98","61.55","229.66K","0.11%"
"12/16/2025","61.93","62.40","63.00","61.76","172.75K","-0.18%"
"12/15/2025","62.04","63.01","63.47","62.02","923.45K","-1.08%"
"12/14/2025","62.72","63.45","64.00","62.67","417.87K","-0.14%"
"12/11/2025","62.81","63.49","64.99","62.81","1.03M","0.50%"
"12/10/2025","62.50","63.00","63.50","62.40","634.71K","0.39%"
"12/09/2025","62.26","62.20","62.70","61.57","474.40K","1.20%"
"12/08/2025","61.52","61.75","63.33","61.10","657.40K","0.84%"
"12/07/2025","61.01","61.48","62.79","60.75","444.77K","0.05%"
"12/04/2025","60.98","61.66","62.20","60.20","237.73K","-0.03%"
"12/03/2025","61.00","60.49","64.39","60.10","1.07M","1.50%"
"12/02/2025","60.10","60.70","61.30","60.00","325.00K","-0.89%"
"12/01/2025","60.64","62.00","62.95","60.50","271.16K","-1.48%"
"11/30/2025","61.55","63.20","63.45","61.10","669.23K","-2.07%"
"11/27/2025","62.85","59.36","64.89","59.10","1.23M","6.04%"
"11/26/2025","59.27","60.81","61.50","59.04","668.13K","-2.50%"
"11/25/2025","60.79","62.47","63.79","60.66","523.18K","-1.95%"
"11/24/2025","62.00","64.47","64.60","61.50","444.27K","-3.13%"
"11/23/2025","64.00","65.42","65.87","63.85","360.24K","-1.99%"
"11/20/2025","65.30","65.97","67.85","65.20","618.43K","-0.46%"
"11/19/2025","65.60","65.04","66.90","64.41","596.66K","0.92%"
"11/18/2025","65.00","67.00","67.66","65.00","639.81K","-2.56%"
"11/17/2025","66.71","66.80","68.22","66.60","782.31K","0.17%"
"11/16/2025","66.60","70.00","70.90","66.53","953.91K","-3.83%"
"11/13/2025","69.25","72.75","75.00","69.25","3.50M","-4.48%"
"11/12/2025","72.50","66.95","72.50","66.55","4.46M","9.42%"
"11/11/2025","66.26","66.89","67.76","65.73","653.27K","0.02%"
"11/10/2025","66.25","67.01","67.78","66.16","733.93K","-0.59%"
"11/09/2025","66.64","66.84","68.30","65.65","1.34M","-0.34%"
"11/06/2025","66.87","65.89","66.87","64.00","414.88K","1.49%"
"11/05/2025","65.89","67.80","68.30","64.50","548.99K","-2.76%"
"11/04/2025","67.76","69.00","69.38","67.15","816.78K","-1.30%"
"11/03/2025","68.65","66.01","68.65","59.50","1.09M","4.02%"
"11/02/2025","66.00","66.72","67.48","65.22","337.83K","-0.69%"
"10/30/2025","66.46","67.67","67.85","66.23","392.63K","-0.88%"
"10/29/2025","67.05","65.80","68.50","65.55","1.04M","2.16%"
"10/28/2025","65.63","65.90","67.18","65.22","856.47K","0.11%"
"10/27/2025","65.56","68.11","68.75","65.20","886.34K","-3.23%"
"10/26/2025","67.75","69.18","71.40","67.51","829.02K","-1.38%"
"10/23/2025","68.70","72.00","72.50","68.10","1.79M","-3.28%"
"10/22/2025","71.03","72.00","73.50","71.03","973.21K","-0.59%"
"10/21/2025","71.45","70.82","73.00","70.51","1.84M","1.68%"
"10/20/2025","70.27","66.66","72.70","66.30","2.41M","6.20%"
"10/19/2025","66.17","68.00","69.50","66.17","1.76M","-3.40%"
"10/16/2025","68.50","69.00","69.80","66.05","1.37M","0.44%"
"10/15/2025","68.20","61.76","68.20","61.61","2.14M","10.79%"
"10/14/2025","61.56","65.49","65.65","61.02","876.38K","-3.92%"
"10/13/2025","64.07","66.49","68.80","63.20","2.96M","-2.12%"
"10/12/2025","65.46","57.78","65.46","57.40","4.55M","20.00%"
"10/08/2025","54.55","53.04","55.84","52.55","1.11M","2.92%"
"10/07/2025","53.00","54.10","54.47","53.00","415.30K","-1.87%"
"10/06/2025","54.01","54.98","55.50","53.55","916.59K","-0.53%"
"10/05/2025","54.30","52.01","58.10","52.01","2.32M","6.68%"
"10/02/2025","50.90","51.45","51.75","50.60","298.47K","-0.57%"
"10/01/2025","51.19","51.05","52.48","50.55","558.22K","0.93%"
"09/30/2025","50.72","51.13","52.99","50.40","891.38K","1.02%"
"09/29/2025","50.21","49.08","51.50","48.75","788.32K","2.30%"
"09/28/2025","49.08","49.60","49.80","48.84","262.79K","-0.37%"
"09/25/2025","49.26","48.70","49.95","48.60","411.70K","1.36%"
"09/24/2025","48.60","48.49","48.99","48.13","171.48K","0.77%"
"09/23/2025","48.23","49.52","49.69","48.11","211.52K","-1.55%"
"09/22/2025","48.99","47.41","50.50","47.41","561.90K","3.57%"
"09/21/2025","47.30","49.12","49.60","47.30","379.33K","-3.67%"
"09/18/2025","49.10","49.90","50.27","48.90","342.42K","-1.01%"
"09/17/2025","49.60","49.35","50.44","48.62","358.59K","0.16%"
"09/16/2025","49.52","52.40","52.40","48.55","477.04K","-4.46%"
"09/15/2025","51.83","51.99","53.50","51.47","739.55K","0.93%"
"09/14/2025","51.35","51.10","52.90","50.80","564.43K","1.22%"
"09/11/2025","50.73","52.25","53.00","50.70","709.08K","-1.50%"
"09/10/2025","51.50","53.03","53.40","51.50","966.85K","-1.90%"
"09/09/2025","52.50","47.50","54.99","47.31","3.41M","11.11%"
"09/08/2025","47.25","49.12","50.00","46.30","495.63K","-3.59%"
"09/07/2025","49.01","50.29","50.74","49.01","329.27K","-2.31%"
"09/03/2025","50.17","51.01","51.45","49.80","356.52K","-0.87%"
"09/02/2025","50.61","51.47","52.01","50.52","337.35K","-0.30%"
"09/01/2025","50.76","50.49","52.48","50.04","728.65K","1.44%"
"08/31/2025","50.04","52.12","52.98","49.65","640.45K","-3.40%"
"08/28/2025","51.80","54.97","54.97","51.80","1.48M","-4.27%"
"08/27/2025","54.11","50.01","55.98","49.51","2.34M","9.05%"
"08/26/2025","49.62","51.29","51.40","49.01","880.60K","-2.32%"
"08/25/2025","50.80","53.36","53.50","50.66","921.88K","-3.26%"
"08/24/2025","52.51","53.50","54.38","51.21","2.21M","0.02%"
"08/21/2025","52.50","58.00","59.39","52.10","3.20M","-7.57%"
"08/20/2025","56.80","62.14","66.89","56.15","3.65M","-7.64%"
"08/19/2025","61.50","62.90","69.50","59.11","5.11M","2.55%"
"08/18/2025","59.97","50.12","59.97","49.22","3.97M","19.99%"
"08/17/2025","49.98","51.15","52.80","49.01","951.43K","-1.44%"
"08/14/2025","50.71","52.58","57.99","50.57","3.23M","2.86%"
"08/13/2025","49.30","41.28","49.30","41.10","2.46M","19.98%"
"08/12/2025","41.09","41.43","41.50","40.92","253.89K","-0.70%"
"08/11/2025","41.38","41.76","41.87","41.28","454.13K","-0.91%"
"08/10/2025","41.76","41.39","41.99","41.37","88.03K","0.99%"
"08/07/2025","41.35","41.50","41.99","41.29","114.85K","0.12%"
"08/06/2025","41.30","42.00","42.20","41.25","188.48K","-0.82%"
"08/05/2025","41.64","42.30","42.66","41.53","242.61K","-1.37%"
"08/04/2025","42.22","43.26","43.26","42.15","452.57K","-1.49%"
"08/03/2025","42.86","42.90","43.50","42.61","207.20K","0.37%"
"07/31/2025","42.70","42.60","43.50","42.05","458.02K","0.71%"
"07/30/2025","42.40","41.93","43.51","41.92","448.46K","1.17%"
"07/29/2025","41.91","41.85","42.75","41.56","154.62K","0.22%"
"07/28/2025","41.82","42.72","43.35","41.80","200.95K","-2.11%"
"07/27/2025","42.72","43.65","43.99","42.70","324.37K","-0.65%"
"07/23/2025","43.00","42.38","43.39","41.55","816.49K","3.12%"
"07/22/2025","41.70","42.29","43.48","41.49","254.29K","-1.02%"
"07/21/2025","42.13","43.89","43.90","42.00","268.96K","-2.43%"
"07/20/2025","43.18","43.00","44.39","42.32","450.57K","3.43%"
"07/17/2025","41.75","41.00","44.00","40.50","210.08K","2.20%"
"07/16/2025","40.85","42.30","42.30","40.52","142.46K","-2.25%"
"07/15/2025","41.79","42.62","43.15","41.60","431.24K","-1.74%"
"07/14/2025","42.53","43.49","43.50","42.40","213.40K","-0.49%"
"07/13/2025","42.74","43.20","44.00","42.51","108.58K","-1.00%"
"07/10/2025","43.17","43.43","43.90","42.43","213.81K","-0.53%"
"07/09/2025","43.40","44.59","44.59","43.30","132.83K","-2.67%"
"07/07/2025","44.59","45.16","45.39","43.75","675.21K","-0.91%"
"07/06/2025","45.00","44.89","48.00","44.30","954.99K","2.90%"
"07/02/2025","43.73","44.50","45.40","43.54","491.25K","-1.06%"
"07/01/2025","44.20","43.50","46.90","43.50","906.86K","1.82%"
"06/30/2025","43.41","45.49","45.49","43.04","738.80K","-3.53%"
"06/29/2025","45.00","43.89","47.88","43.40","1.39M","5.63%"
"06/25/2025","42.60","40.99","43.50","40.63","1.27M","4.93%"
"06/24/2025","40.60","38.88","40.99","38.88","557.18K","4.69%"
"06/23/2025","38.78","38.50","39.94","38.50","525.31K","0.88%"
"06/22/2025","38.44","37.00","39.40","37.00","163.00K","0.31%"
"06/19/2025","38.32","39.06","41.20","38.00","655.58K","-1.74%"
"06/18/2025","39.00","36.31","39.50","35.50","567.81K","7.50%"
"06/17/2025","36.28","36.98","39.00","36.20","375.43K","0.17%"
"06/16/2025","36.22","34.96","37.30","34.96","220.89K","3.60%"
"06/15/2025","34.96","34.71","35.52","31.67","124.96K","-6.77%"
"06/12/2025","37.50","39.15","39.30","37.50","212.84K","-4.19%"
"06/11/2025","39.14","39.30","39.75","38.71","182.65K","-0.41%"
"06/10/2025","39.30","38.35","40.63","37.90","589.38K","2.75%"
"06/04/2025","38.25","40.11","40.11","38.16","351.46K","-4.45%"
"06/03/2025","40.03","40.95","42.47","39.85","594.09K","0.07%"
"06/02/2025","40.00","41.39","41.40","39.50","212.20K","-1.70%"
"06/01/2025","40.69","40.39","42.25","40.00","758.62K","2.62%"
"05/29/2025","39.65","37.50","40.69","37.50","724.62K","6.10%"
"05/28/2025","37.37","38.15","38.48","37.10","70.90K","-2.02%"
"05/27/2025","38.14","38.11","38.79","38.03","62.14K","-0.05%"
"05/26/2025","38.16","39.00","39.00","38.00","105.44K","-1.11%"
"05/25/2025","38.59","39.00","39.36","38.45","143.33K","-0.21%"
"05/22/2025","38.67","38.50","39.88","38.07","298.12K","1.66%"
"05/21/2025","38.04","36.75","38.77","36.66","240.78K","3.85%"
"05/20/2025","36.63","36.30","36.93","36.30","68.34K","0.66%"
"05/19/2025","36.39","37.39","37.58","36.25","100.03K","-2.67%"
"05/18/2025","37.39","38.30","38.50","37.30","128.84K","-1.94%"
"05/15/2025","38.13","39.22","39.77","38.01","202.58K","-2.78%"
"05/14/2025","39.22","39.57","40.24","39.05","392.64K","-0.23%"
"05/13/2025","39.31","39.00","40.54","39.00","318.13K","0.38%"
"05/12/2025","39.16","40.09","40.47","39.00","124.76K","-2.22%"
"05/11/2025","40.05","41.88","42.49","40.00","122.69K","-2.91%"
"05/08/2025","41.25","41.20","42.33","41.02","291.95K","0.19%"
"05/07/2025","41.17","41.90","42.49","41.11","454.84K","-1.22%"
"05/06/2025","41.68","41.57","41.90","41.36","91.23K","0.31%"
"05/05/2025","41.55","41.71","42.15","41.52","117.86K","-0.36%"
"05/04/2025","41.70","41.70","42.47","41.64","168.77K","0.14%"
"04/30/2025","41.64","41.69","42.70","41.60","260.16K","-0.10%"
"04/29/2025","41.68","43.27","43.50","41.50","598.36K","-4.10%"
"04/28/2025","43.46","42.60","43.80","42.05","369.12K","2.23%"
"04/27/2025","42.51","43.05","43.38","42.50","140.50K","-0.82%"
"04/23/2025","42.86","42.70","43.75","42.60","156.20K","0.80%"
"04/22/2025","42.52","42.50","43.33","42.30","115.62K","0.52%"
"04/17/2025","42.30","42.50","43.38","42.00","233.24K","-0.24%"
"04/16/2025","42.40","43.37","44.59","42.15","398.03K","-1.07%"
"04/15/2025","42.86","43.50","44.95","42.81","422.90K","0.07%"
"04/14/2025","42.83","41.25","45.19","41.25","1.40M","3.88%"
"04/13/2025","41.23","42.97","42.97","41.04","448.86K","-1.83%"
"04/10/2025","42.00","42.95","43.79","40.80","997.88K","1.92%"
"04/09/2025","41.21","44.42","44.42","38.51","955.25K","-8.01%"
"04/08/2025","44.80","38.99","45.00","38.00","810.58K","14.17%"
"04/07/2025","39.24","35.60","39.60","34.20","489.90K","10.22%"
"04/06/2025","35.60","38.21","38.21","35.41","728.23K","-8.76%"
"04/03/2025","39.02","38.85","39.63","38.25","102.25K","-0.08%"
"03/27/2025","39.05","39.50","40.94","38.80","164.54K","-0.84%"
"03/26/2025","39.38","40.47","41.75","38.56","208.61K","-2.69%"
"03/25/2025","40.47","38.32","41.97","38.32","389.05K","5.78%"
"03/24/2025","38.26","40.23","40.89","38.25","208.12K","-4.75%"
"03/23/2025","40.17","41.04","42.30","40.17","183.11K","-1.76%"
"03/20/2025","40.89","43.00","43.40","40.06","497.62K","-2.41%"
"03/19/2025","41.90","45.00","45.00","41.51","338.29K","-7.63%"
"03/18/2025","45.36","48.40","49.00","41.22","1.51M","-0.22%"
"03/17/2025","45.46","42.20","45.46","39.50","1.57M","19.98%"
"03/16/2025","37.89","35.00","37.89","32.55","1.15M","19.98%"
"03/13/2025","31.58","31.65","32.00","30.95","142.47K","-0.09%"
"03/12/2025","31.61","32.10","32.55","31.57","92.87K","-1.37%"
"03/11/2025","32.05","30.76","32.77","30.76","299.48K","4.23%"
"03/10/2025","30.75","31.40","31.93","30.54","82.73K","-2.01%"
"03/09/2025","31.38","31.56","32.10","31.33","90.87K","-1.07%"
"03/06/2025","31.72","31.63","32.15","31.45","68.98K","0.41%"
"03/05/2025","31.59","32.22","32.50","31.50","87.95K","-1.86%"
"03/04/2025","32.19","32.24","32.69","32.08","31.97K","-0.19%"
"03/03/2025","32.25","32.47","32.90","32.13","19.60K","-0.59%"
"03/02/2025","32.44","32.18","32.99","32.12","24.88K","0.06%"
"02/27/2025","32.42","32.79","33.00","32.01","68.59K","-1.16%"
"02/26/2025","32.80","33.18","33.97","32.32","50.66K","-1.12%"
"02/25/2025","33.17","33.32","34.48","33.00","180.26K","-1.04%"
"02/24/2025","33.52","32.48","34.20","32.48","317.10K","2.82%"
"02/23/2025","32.60","31.90","33.00","31.90","185.64K","2.00%"
"02/20/2025","31.96","32.26","32.40","31.70","90.68K","0.28%"
"02/19/2025","31.87","32.23","32.51","31.84","142.17K","-0.13%"
"02/18/2025","31.91","32.10","32.50","31.70","68.78K","-0.31%"
"02/17/2025","32.01","32.50","33.20","31.99","90.46K","-1.51%"
"02/16/2025","32.50","31.61","32.55","31.61","84.75K","4.23%"
"02/13/2025","31.18","30.95","31.86","30.95","92.19K","0.74%"
"02/12/2025","30.95","31.40","31.40","30.00","104.21K","-1.56%"
"02/11/2025","31.44","33.00","33.00","31.40","101.12K","-4.99%"
"02/10/2025","33.09","32.65","33.35","32.65","101.17K","1.38%"
"02/09/2025","32.64","33.15","33.50","32.60","50.96K","-0.70%"
"02/06/2025","32.87","32.51","33.70","32.36","114.25K","1.11%"
"02/05/2025","32.51","32.80","33.14","32.30","67.94K","-0.15%"
"02/04/2025","32.56","32.76","33.38","32.33","135.79K","-0.46%"
"02/03/2025","32.71","33.70","33.99","32.61","123.94K","-2.94%"
"02/02/2025","33.70","34.98","35.90","33.51","452.01K","1.63%"
"01/30/2025","33.16","33.99","34.00","33.03","181.11K","-0.42%"
"01/29/2025","33.30","34.37","35.00","33.28","237.85K","-2.72%"
"01/28/2025","34.23","35.12","36.47","34.11","820.09K","-2.20%"
"01/27/2025","35.00","34.89","36.88","34.46","1.36M","1.54%"
"01/26/2025","34.47","32.79","34.94","32.23","659.07K","6.03%"
"01/23/2025","32.51","32.80","32.95","32.23","81.47K","-0.70%"
"01/22/2025","32.74","32.93","33.29","32.50","118.56K","-0.46%"
"01/21/2025","32.89","32.88","34.45","32.50","300.16K","0.06%"
"01/20/2025","32.87","33.83","34.90","32.68","376.85K","-2.52%"
"01/19/2025","33.72","30.45","34.99","30.35","1.17M","11.32%"
"01/16/2025","30.29","29.05","31.89","29.05","296.55K","5.25%"
"01/15/2025","28.78","28.00","29.89","27.81","251.30K","4.20%"
"01/14/2025","27.62","28.00","29.00","27.00","209.87K","-1.36%"
"01/13/2025","28.00","29.54","29.99","27.95","145.71K","-5.25%"
"01/12/2025","29.55","30.40","30.42","29.30","89.69K","-3.18%"
"01/09/2025","30.52","31.44","31.75","30.33","66.04K","-2.93%"
"01/08/2025","31.44","31.90","31.99","31.10","63.37K","-1.57%"
"01/06/2025","31.94","31.34","32.00","30.27","141.49K","1.95%"
"01/05/2025","31.33","32.05","32.80","31.19","222.82K","-2.09%"
"01/02/2025","32.00","27.88","33.00","27.63","533.15K","15.86%"
"12/31/2024","27.62","27.00","27.78","26.59","47.95K","3.99%"
"12/30/2024","26.56","27.13","27.38","26.50","62.30K","-1.99%"
"12/29/2024","27.10","27.95","28.29","27.10","57.59K","-2.94%"
"12/26/2024","27.92","28.10","28.50","27.60","80.14K","-1.97%"
"12/25/2024","28.48","29.00","29.00","28.15","51.92K","-0.25%"
"12/24/2024","28.55","29.85","29.95","28.01","130.12K","-4.52%"
"12/23/2024","29.90","30.95","30.95","29.63","40.07K","-2.42%"
"12/22/2024","30.64","31.00","31.12","30.50","32.86K","-0.39%"
"12/19/2024","30.76","30.90","31.20","30.60","66.25K","-0.13%"
"12/18/2024","30.80","31.00","32.49","30.62","249.77K","0.10%"
"12/17/2024","30.77","30.90","31.28","30.70","70.29K","-0.71%"
"12/16/2024","30.99","31.40","31.68","30.90","99.25K","-0.96%"
"12/15/2024","31.29","31.43","32.10","31.00","116.55K","0.06%"
"12/12/2024","31.27","31.10","32.44","31.10","112.06K","0.87%"
"12/11/2024","31.00","31.51","31.75","30.90","76.10K","-1.49%"
"12/10/2024","31.47","32.33","32.35","31.40","102.35K","-1.66%"
"12/09/2024","32.00","32.64","32.80","31.85","172.07K","-1.96%"
"12/08/2024","32.64","32.65","33.17","32.21","98.68K","0.03%"
"12/05/2024","32.63","33.00","33.40","32.59","116.46K","-0.70%"
"12/04/2024","32.86","32.85","33.56","32.68","116.55K","0.03%"
"12/03/2024","32.85","33.00","33.35","32.66","113.09K","0.15%"
"12/02/2024","32.80","32.70","33.70","32.70","139.07K","1.05%"
"12/01/2024","32.46","32.69","32.99","32.22","45.98K","1.25%"
"11/28/2024","32.06","32.04","32.70","31.90","81.06K","0.06%"
"11/27/2024","32.04","32.84","33.79","32.00","273.49K","-1.11%"
"11/26/2024","32.40","33.00","33.20","32.40","147.30K","-0.70%"
"11/25/2024","32.63","34.20","34.80","32.51","356.91K","-4.03%"
"11/24/2024","34.00","32.00","35.24","31.71","958.91K","7.26%"
"11/21/2024","31.70","31.40","33.40","31.40","201.85K","1.18%"
"11/20/2024","31.33","31.52","31.95","31.21","94.61K","-0.54%"
"11/19/2024","31.50","31.67","32.48","31.45","63.72K","-0.54%"
"11/18/2024","31.67","32.20","32.30","31.55","106.44K","-1.06%"
"11/17/2024","32.01","32.80","32.80","31.94","101.04K","-1.72%"
"11/14/2024","32.57","33.00","33.11","32.20","93.55K","-1.30%"
"11/13/2024","33.00","33.51","33.80","32.71","118.74K","-0.66%"
"11/12/2024","33.22","34.18","34.18","33.10","142.07K","-1.75%"
"11/11/2024","33.81","34.40","34.50","33.70","197.51K","-0.15%"
"11/10/2024","33.86","34.30","34.90","33.86","223.36K","0.36%"
"11/07/2024","33.74","34.00","34.00","33.63","95.05K","0.42%"
"11/06/2024","33.60","33.83","34.39","33.54","142.71K","-0.53%"
"11/05/2024","33.78","34.52","34.99","33.72","148.06K","-2.06%"
"11/04/2024","34.49","35.17","35.50","34.41","156.18K","-1.40%"
"11/03/2024","34.98","34.70","35.48","34.50","166.24K","2.46%"
"10/31/2024","34.14","33.65","35.40","33.51","192.15K","1.97%"
"10/30/2024","33.48","34.10","34.66","33.00","114.70K","-1.62%"
"10/29/2024","34.03","35.11","35.49","34.00","141.48K","-2.77%"
"10/28/2024","35.00","35.00","36.45","34.91","336.03K","0.69%"
"10/27/2024","34.76","34.18","35.49","33.71","368.46K","3.73%"
"10/24/2024","33.51","34.46","34.47","33.13","144.09K","-1.41%"
"10/23/2024","33.99","35.00","35.42","33.88","223.62K","-2.07%"
"10/22/2024","34.71","34.56","36.80","34.56","582.50K","0.52%"
"10/21/2024","34.53","36.20","36.50","34.01","297.13K","-2.60%"
"10/20/2024","35.45","35.67","37.25","35.38","488.51K","-0.28%"
"10/17/2024","35.55","35.63","36.78","35.37","314.79K","-0.20%"
"10/16/2024","35.62","37.27","37.97","35.60","443.35K","-3.34%"
"10/15/2024","36.85","37.16","38.40","36.65","794.98K","1.38%"
"10/14/2024","36.35","35.50","37.70","35.50","607.34K","2.74%"
"10/13/2024","35.38","38.00","38.56","35.10","464.80K","-6.43%"
"10/10/2024","37.81","39.89","40.94","37.30","598.39K","-3.69%"
"10/09/2024","39.26","39.00","41.50","38.61","1.17M","2.80%"
"10/08/2024","38.19","39.01","42.50","37.16","3.02M","1.03%"
"10/07/2024","37.80","37.97","38.47","36.51","596.64K","0.00%"
"10/03/2024","37.80","35.02","37.85","35.02","972.89K","8.03%"
"10/02/2024","34.99","36.20","36.48","34.85","323.70K","-3.18%"
"10/01/2024","36.14","37.95","38.44","36.11","827.51K","-4.11%"
"09/30/2024","37.69","35.04","38.00","34.80","1.55M","7.96%"
"09/29/2024","34.91","35.50","35.77","34.60","343.82K","-1.38%"
"09/26/2024","35.40","36.13","36.99","35.03","655.83K","-1.75%"
"09/25/2024","36.03","35.76","37.18","35.69","1.12M","-0.19%"
"09/24/2024","36.10","38.98","39.95","36.06","1.75M","-4.19%"
"09/23/2024","37.68","31.60","37.68","31.20","3.02M","20.00%"
"09/22/2024","31.40","31.20","31.94","31.00","224.15K","0.64%"
"09/19/2024","31.20","30.70","32.74","30.70","462.85K","1.79%"
"09/18/2024","30.65","31.76","32.00","30.61","266.17K","-3.43%"
"09/17/2024","31.74","31.80","32.19","30.75","274.08K","0.70%"
"09/16/2024","31.52","32.95","33.00","31.45","248.86K","-4.31%"
"09/12/2024","32.94","32.10","33.98","31.75","802.62K","2.91%"
"09/11/2024","32.01","32.07","32.98","31.70","526.69K","1.59%"
"09/10/2024","31.51","33.60","33.70","31.36","461.43K","-4.63%"
"09/09/2024","33.04","33.51","34.87","33.04","487.11K","-0.48%"
"09/08/2024","33.20","34.00","35.30","33.20","380.85K","-1.66%"
"09/05/2024","33.76","34.72","35.79","33.60","866.10K","-1.43%"
"09/04/2024","34.25","36.00","36.38","34.25","866.33K","-5.15%"
"09/03/2024","36.11","35.25","37.50","33.91","1.84M","2.73%"
"09/02/2024","35.15","36.30","37.48","35.14","832.49K","-2.90%"
"09/01/2024","36.20","36.03","38.49","36.00","1.05M","1.43%"
"08/29/2024","35.69","38.70","38.85","35.65","1.80M","-7.03%"
"08/28/2024","38.39","38.00","43.58","37.70","4.06M","4.35%"
"08/27/2024","36.79","30.51","36.79","29.11","4.47M","19.99%"
"08/26/2024","30.66","33.99","35.00","30.51","1.71M","-8.50%"
"08/25/2024","33.51","35.03","36.95","32.51","1.75M","-5.61%"
"08/22/2024","35.50","45.22","45.22","31.51","3.80M","-5.81%"
"08/21/2024","37.69","37.69","37.69","36.69","230.57K","19.99%"
"08/20/2024","31.41","31.41","31.41","30.90","529.95K","19.98%"
"08/19/2024","26.18","23.75","26.18","23.40","633.20K","19.98%"
"08/18/2024","21.82","19.87","21.82","19.21","780.50K","19.96%"
"08/15/2024","18.19","15.96","18.19","14.71","1.32M","19.99%"
"08/14/2024","15.16","15.16","15.16","14.50","389.88K","19.94%"
"08/13/2024","12.64","10.45","12.64","10.45","257.00K","19.92%"
"08/12/2024","10.54","10.49","10.55","10.26","8.76K","0.00%"
"08/11/2024","10.54","10.39","10.70","10.22","19.64K","0.00%"
"08/08/2024","10.54","10.39","10.39","10.00","18.98K","0.00%"
"08/07/2024","10.54","9.81","10.40","9.60","11.23K","0.00%"
"08/06/2024","10.54","9.82","10.22","8.62","5.07K","0.00%"
"08/05/2024","10.54","10.03","10.47","9.81","15.10K","0.00%"
"08/04/2024","10.54","10.43","10.48","10.01","27.88K","0.00%"
"08/01/2024","10.54","10.43","10.50","10.43","11.24K","0.00%"
"07/31/2024","10.54","10.40","10.65","10.40","17.98K","0.00%"
"07/30/2024","10.54","10.20","10.95","10.17","58.69K","3.94%"
"07/29/2024","10.14","10.16","10.29","10.16","10.83K","0.00%"
"07/28/2024","10.14","10.20","10.29","10.13","3.12K","0.00%"
"07/24/2024","10.14","10.30","10.30","10.12","16.73K","0.00%"
"07/23/2024","10.14","10.15","10.24","10.10","53.23K","-0.69%"
"07/22/2024","10.21","10.17","10.30","10.13","13.21K","0.00%"
"07/21/2024","10.21","10.40","10.40","10.09","33.40K","0.89%"
"07/18/2024","10.12","10.26","10.49","10.10","78.45K","-2.60%"
"07/17/2024","10.39","10.50","10.57","10.25","14.66K","0.00%"
"07/16/2024","10.39","10.30","10.49","10.16","56.96K","1.07%"
"07/15/2024","10.28","10.07","10.49","10.05","12.24K","0.00%"
"07/14/2024","10.28","10.28","10.43","10.05","6.62K","0.00%"
"07/10/2024","10.28","10.41","10.68","10.10","35.54K","-2.28%"
"07/09/2024","10.52","10.80","10.80","10.36","23.06K","0.00%"
"07/08/2024","10.52","10.24","11.50","10.24","182.94K","4.68%"
"07/07/2024","10.05","10.12","10.40","10.12","2.70K","0.00%"
"07/04/2024","10.05","10.16","10.50","10.16","14.29K","0.00%"
"07/03/2024","10.05","10.20","10.30","10.11","16.10K","0.00%"
"07/02/2024","10.05","10.14","10.20","10.09","6.90K","0.00%"
"07/01/2024","10.05","10.29","10.40","10.11","5.52K","0.00%"
"06/27/2024","10.05","10.01","10.23","10.01","17.21K","0.00%"
"06/26/2024","10.05","10.20","10.30","10.00","93.97K","-0.40%"
"06/25/2024","10.09","10.11","10.34","10.00","70.47K","-0.88%"
"06/24/2024","10.18","10.16","10.30","10.13","35.36K","0.79%"
"06/23/2024","10.10","10.47","10.67","10.11","27.28K","0.00%"
"06/13/2024","10.10","10.12","10.16","10.06","36.74K","0.70%"
"06/12/2024","10.03","10.05","10.18","10.03","13.01K","0.00%"
"06/11/2024","10.03","9.95","10.34","9.95","62.77K","-1.47%"
"06/10/2024","10.18","10.05","10.25","9.94","17.11K","0.00%"
"06/09/2024","10.18","10.40","10.51","10.02","64.26K","-3.14%"
"06/06/2024","10.51","11.01","11.60","10.32","101.05K","-3.75%"
"06/05/2024","10.92","10.78","11.19","10.10","109.68K","6.12%"
"06/04/2024","10.29","10.51","10.77","10.25","53.75K","-0.31%"
"06/03/2024","10.32","10.15","11.21","10.13","132.25K","0.19%"
"06/02/2024","10.30","10.29","10.29","10.01","17.87K","0.00%"
"05/30/2024","10.30","10.14","10.49","10.02","15.42K","0.00%"
"05/29/2024","10.30","10.31","10.39","10.12","20.72K","0.00%"
"05/28/2024","10.30","10.23","10.58","10.10","24.64K","0.00%"
"05/27/2024","10.30","10.32","10.66","9.91","43.99K","-0.46%"
"05/26/2024","10.35","10.58","10.73","10.20","64.84K","-2.18%"
"05/23/2024","10.58","10.58","11.92","10.39","174.45K","-2.05%"
"05/22/2024","10.80","10.29","10.80","10.12","3.15K","0.00%"
"05/21/2024","10.80","10.35","10.78","10.10","20.78K","0.00%"
"05/20/2024","10.80","10.87","10.94","10.35","24.64K","0.00%"
"05/19/2024","10.80","10.77","11.51","10.51","29.25K","0.81%"
"05/16/2024","10.72","10.10","11.02","10.10","35.92K","6.20%"
"05/15/2024","10.09","10.32","10.97","9.43","32.86K","-4.20%"
"05/14/2024","10.53","11.53","11.53","10.10","156.98K","-8.37%"
"05/13/2024","11.50","11.05","12.49","10.81","189.24K","8.44%"
"05/12/2024","10.60","9.79","10.60","9.62","111.28K","19.91%"
"05/09/2024","8.84","9.62","9.90","9.50","10.87K","0.00%"
"05/08/2024","8.84","9.38","10.07","9.34","13.12K","0.00%"
"05/07/2024","8.84","9.52","10.00","9.28","22.03K","0.00%"
"05/02/2024","8.84","8.99","9.58","8.99","8.29K","0.00%"
"05/01/2024","8.84","9.14","9.56","8.96","14.58K","0.00%"
"04/30/2024","8.84","9.57","9.57","8.75","15.14K","0.00%"
"04/29/2024","8.84","9.28","9.52","8.85","3.58K","0.00%"
"04/28/2024","8.84","8.88","9.38","8.88","16.05K","0.00%"
"04/24/2024","8.84","9.65","9.49","8.66","98.96K","-8.37%"
"04/23/2024","9.65","10.63","10.52","9.49","80.86K","-9.23%"
"04/22/2024","10.63","10.63","11.02","10.29","6.24K","0.00%"
"04/21/2024","10.63","10.71","11.05","9.63","29.19K","-0.72%"
"04/18/2024","10.71","11.97","11.43","10.58","40.28K","-10.53%"
"04/17/2024","11.97","11.97","11.50","10.92","24.36K","0.00%"
"04/16/2024","11.97","11.97","11.50","11.40","20.31K","0.00%"
"04/15/2024","11.97","11.97","11.52","10.90","9.13K","0.00%"
"04/08/2024","11.97","11.97","11.25","10.87","1.02K","0.00%"
"04/07/2024","11.97","11.97","11.52","10.82","3.18K","0.00%"
"04/04/2024","11.97","11.97","11.16","10.77","7.44K","0.00%"
"04/03/2024","11.97","11.97","11.16","10.74","1.25K","0.00%"
"04/02/2024","11.97","11.97","11.20","10.87","8.21K","0.00%"
"04/01/2024","11.97","11.97","11.29","10.63","4.53K","0.00%"
"03/31/2024","11.97","11.97","11.29","10.58","1.75K","0.00%"
"03/28/2024","11.97","11.97","11.33","10.60","1.08K","0.00%"
"03/27/2024","11.97","11.97","11.53","10.77","15.57K","0.00%"
"03/26/2024","11.97","11.97","11.54","11.26","8.09K","0.00%"
"03/25/2024","11.97","11.97","11.65","11.07","11.88K","0.00%"
"03/24/2024","11.97","11.97","11.91","10.82","6.24K","0.00%"
"03/21/2024","11.97","11.97","11.54","10.58","13.32K","0.00%"
"03/20/2024","11.97","11.97","11.54","10.58","7.70K","0.00%"
"03/19/2024","11.97","11.97","11.45","10.00","8.26K","0.00%"
"03/18/2024","11.97","11.97","11.64","10.20","1.74K","0.00%"
"03/17/2024","11.97","11.97","12.75","9.58","22.01K","0.00%"
"03/14/2024","11.97","11.97","12.31","11.65","8.06K","0.00%"
"03/13/2024","11.97","11.97","12.31","11.64","12.23K","0.00%"
"03/12/2024","11.97","12.33","12.30","11.78","49.54K","-2.96%"
"03/11/2024","12.33","12.33","12.41","12.19","9.68K","0.00%"
"03/10/2024","12.33","12.38","12.97","12.12","36.73K","-0.39%"
"03/07/2024","12.38","12.82","12.82","12.12","27.04K","-3.45%"
"03/06/2024","12.82","12.67","13.46","11.54","37.10K","1.21%"
"03/05/2024","12.67","12.54","12.94","12.42","31.35K","1.00%"
"03/04/2024","12.54","13.31","12.99","12.37","54.55K","-5.78%"
"03/03/2024","13.31","13.31","13.84","12.51","19.11K","0.00%"
"02/29/2024","13.31","13.89","13.92","12.92","27.74K","-4.16%"
"02/28/2024","13.89","14.37","14.72","13.26","75.74K","-3.35%"
"02/27/2024","14.37","13.92","15.39","13.67","118.74K","3.25%"
"02/26/2024","13.92","14.52","14.43","13.66","41.40K","-4.11%"
"02/25/2024","14.52","14.73","16.35","12.99","169.85K","-1.44%"
"02/22/2024","14.73","12.51","15.01","12.70","148.15K","17.77%"
"02/21/2024","12.51","12.51","12.69","12.33","21.10K","0.00%"
"02/20/2024","12.51","12.51","12.80","12.32","16.97K","0.00%"
"02/19/2024","12.51","12.95","12.96","12.22","44.98K","-3.42%"
"02/18/2024","12.95","12.08","13.23","12.03","59.48K","7.17%"
"02/15/2024","12.08","12.48","12.51","12.02","39.22K","-3.16%"
"02/14/2024","12.48","12.48","12.46","12.02","5.87K","0.00%"
"02/13/2024","12.48","12.48","12.51","11.74","22.76K","0.00%"
"02/12/2024","12.48","12.45","12.58","11.93","37.12K","0.23%"
"02/11/2024","12.45","11.94","12.60","11.65","82.86K","4.27%"
"02/08/2024","11.94","11.94","11.90","11.65","23.70K","0.00%"
"02/07/2024","11.94","11.94","11.91","11.06","15.01K","0.00%"
"02/06/2024","11.94","11.87","12.14","11.64","44.24K","0.57%"
"02/05/2024","11.87","11.87","12.17","11.77","23.39K","0.00%"
"02/04/2024","11.87","11.87","12.29","11.73","9.06K","0.00%"
"02/01/2024","11.87","11.94","12.03","11.45","28.15K","-0.56%"
"01/31/2024","11.94","12.48","12.48","11.64","40.94K","-1.74%"
"01/30/2024","12.15","12.32","12.60","12.03","42.58K","-2.62%"
"01/29/2024","12.48","12.51","12.70","12.31","44.88K","-0.84%"
"01/28/2024","12.58","12.54","12.69","11.59","65.94K","0.38%"
"01/24/2024","12.54","12.65","12.69","12.41","27.13K","-1.44%"
"01/23/2024","12.72","12.89","12.98","12.42","71.35K","0.99%"
"01/22/2024","12.59","13.34","13.34","12.51","67.53K","-2.24%"
"01/21/2024","12.88","14.16","14.16","12.54","125.90K","-4.70%"
"01/18/2024","13.52","14.44","14.96","12.95","134.57K","-8.23%"
"01/17/2024","14.73","15.39","16.61","11.78","294.93K","5.44%"
"01/16/2024","13.97","13.97","13.97","13.76","140.06K","20.00%"
"01/15/2024","11.64","9.81","11.64","9.81","141.13K","19.92%"
"01/14/2024","9.71","8.31","9.81","8.00","167.43K","16.38%"
"01/11/2024","8.34","8.13","8.37","8.09","7.64K","0.00%"
"01/10/2024","8.34","8.32","8.32","8.13","4.24K","0.00%"
"01/09/2024","8.34","8.32","8.47","8.10","41.57K","-1.48%"
"01/08/2024","8.47","8.03","8.35","7.98","5.66K","0.00%"
"01/04/2024","8.47","8.21","8.42","7.94","11.42K","0.00%"
"01/03/2024","8.47","8.37","8.47","8.18","15.24K","0.00%"
"01/02/2024","8.47","7.93","8.42","7.93","11.30K","0.00%"
"12/31/2023","8.47","7.98","8.15","7.85","1.81K","0.00%"
"12/28/2023","8.47","7.80","8.18","7.80","3.38K","0.00%"
"12/27/2023","8.47","8.23","8.42","7.80","11.29K","0.00%"
"12/26/2023","8.47","7.94","8.30","7.79","5.08K","0.00%"
"12/25/2023","8.47","7.97","8.41","7.80","12.96K","0.00%"
"12/24/2023","8.47","8.27","8.40","7.95","3.46K","0.00%"
"12/21/2023","8.47","8.20","8.40","8.08","8.19K","0.00%"
"12/20/2023","8.47","8.32","8.36","8.01","3.33K","0.00%"
"12/19/2023","8.47","8.47","8.47","8.18","7.77K","0.00%"
"12/18/2023","8.47","8.37","8.66","7.91","36.45K","-3.40%"
"12/17/2023","8.76","7.96","8.49","7.96","10.41K","0.00%"
"12/14/2023","8.76","8.13","8.24","7.79","10.76K","0.00%"
"12/13/2023","8.76","7.84","8.13","7.79","5.65K","0.00%"
"12/12/2023","8.76","8.18","8.18","7.74","2.43K","0.00%"
"12/11/2023","8.76","8.18","8.18","7.70","12.96K","0.00%"
"12/10/2023","8.76","7.79","8.26","7.52","14.50K","0.00%"
"12/07/2023","8.76","8.11","8.35","7.46","26.45K","0.00%"
"12/06/2023","8.76","8.10","8.42","8.10","14.26K","0.00%"
"12/05/2023","8.76","8.47","8.56","8.10","35.96K","0.00%"
"12/04/2023","8.76","8.44","8.58","8.29","13.98K","0.00%"
"12/03/2023","8.76","8.23","8.48","8.21","1.40K","0.00%"
"11/30/2023","8.76","8.18","8.55","8.10","21.63K","0.00%"
"11/29/2023","8.76","8.18","8.64","7.70","30.81K","0.00%"
"11/28/2023","8.76","8.18","8.45","8.13","16.31K","0.00%"
"11/27/2023","8.76","8.52","8.52","7.94","18.47K","0.00%"
"11/26/2023","8.76","8.39","8.65","8.37","8.07K","0.00%"
"11/23/2023","8.76","8.56","8.66","8.37","14.99K","0.00%"
"11/22/2023","8.76","8.37","8.66","8.37","6.29K","0.00%"
"11/21/2023","8.76","8.35","8.56","8.27","13.39K","0.00%"
"11/20/2023","8.76","8.47","8.66","8.32","21.58K","0.00%"
"11/19/2023","8.76","8.67","8.75","8.37","12.99K","0.00%"
"11/16/2023","8.76","8.37","8.66","8.32","21.99K","0.00%"
"11/15/2023","8.76","8.66","8.72","8.21","12.68K","0.00%"
"11/14/2023","8.76","8.84","8.84","8.47","27.07K","0.00%"
"11/13/2023","8.76","8.66","8.93","8.47","16.25K","0.00%"
"11/12/2023","8.76","8.76","9.14","8.47","19.39K","0.00%"
"11/09/2023","8.76","8.18","9.43","8.18","78.23K","6.67%"
"11/08/2023","8.22","8.23","8.83","8.08","51.34K","-1.84%"
"11/07/2023","8.37","8.99","8.99","8.25","71.36K","-7.35%"
"11/06/2023","9.03","7.35","9.08","7.35","152.08K","19.31%"
"11/05/2023","7.57","7.42","7.81","7.33","45.45K","1.94%"
"11/02/2023","7.43","7.45","7.70","7.22","73.62K","-3.38%"
"11/01/2023","7.69","7.22","8.17","7.22","121.47K","6.96%"
"10/31/2023","7.19","6.06","7.19","5.80","168.80K","19.90%"
"10/30/2023","5.99","6.01","6.21","5.78","26.98K","0.00%"
"10/29/2023","5.99","5.82","6.58","5.80","33.74K","0.00%"
"10/26/2023","5.99","5.70","5.80","5.58","41.84K","0.00%"
"10/25/2023","5.99","5.61","5.73","5.46","28.16K","0.00%"
"10/24/2023","5.99","5.39","5.66","5.39","2.75K","0.00%"
"10/23/2023","5.99","5.68","5.72","5.42","12.49K","0.00%"
"10/22/2023","5.99","5.50","5.72","5.50","2.64K","0.00%"
"10/19/2023","5.99","5.50","5.77","5.50","13.26K","0.00%"
"10/18/2023","5.99","5.50","5.67","5.49","6.40K","0.00%"
"10/17/2023","5.99","5.30","5.53","5.30","4.39K","0.00%"
"10/16/2023","5.99","5.18","5.53","5.18","11.67K","0.00%"
"10/15/2023","5.99","5.43","5.48","5.21","6.49K","0.00%"
"10/12/2023","5.99","5.20","5.46","5.20","9.75K","0.00%"
"10/11/2023","5.99","5.47","5.47","5.19","7.17K","0.00%"
"10/10/2023","5.99","5.48","5.52","5.18","5.52K","0.00%"
"10/09/2023","5.99","5.16","5.53","5.16","1.21K","0.00%"
"10/08/2023","5.99","5.31","5.66","5.15","7.66K","0.00%"
"10/04/2023","5.99","5.31","5.77","5.29","8.81K","0.00%"
"10/03/2023","5.99","5.44","5.57","5.34","5.74K","0.00%"
"10/02/2023","5.99","5.58","5.58","5.31","9.22K","0.00%"
"10/01/2023","5.99","5.43","5.77","5.29","19.75K","0.00%"
"09/27/2023","5.99","5.59","5.86","5.45","33.10K","0.00%"
"09/26/2023","5.99","5.66","5.96","5.58","37.84K","0.00%"
"09/25/2023","5.99","5.67","5.67","5.50","4.28K","0.00%"
"09/24/2023","5.99","5.53","5.54","5.53","0.31K","0.00%"
"09/21/2023","5.99","5.49","5.68","5.49","10.15K","0.00%"
"09/20/2023","5.99","5.66","5.70","5.48","27.87K","0.00%"
"09/19/2023","5.99","5.52","5.68","5.52","1.74K","0.00%"
"09/18/2023","5.99","5.48","5.70","5.48","10.25K","0.00%"
"09/17/2023","5.99","5.70","5.71","5.45","9.55K","0.00%"
"09/14/2023","5.99","5.53","5.74","5.44","28.70K","0.00%"
"09/13/2023","5.99","5.53","5.63","5.43","5.22K","0.00%"
"09/12/2023","5.99","5.58","5.65","5.42","8.57K","0.00%"
"09/11/2023","5.99","5.41","5.68","5.40","15.06K","0.00%"
"09/10/2023","5.99","5.40","5.71","5.35","12.02K","0.00%"
"09/07/2023","5.99","5.41","5.57","5.40","7.72K","0.00%"
"09/06/2023","5.99","5.58","5.66","5.35","15.63K","0.00%"
"09/05/2023","5.99","5.52","5.70","5.49","18.77K","0.00%"
"09/04/2023","5.99","6.01","6.01","5.43","48.46K","0.00%"
"09/03/2023","5.99","5.19","6.41","5.15","126.36K","11.45%"
"08/31/2023","5.38","5.45","5.58","5.21","40.08K","0.00%"
"08/30/2023","5.38","4.97","5.58","4.97","72.04K","6.88%"
"08/29/2023","5.03","4.94","5.15","4.94","18.70K","0.00%"
"08/28/2023","5.03","5.05","5.24","4.91","70.19K","-13.12%"
"08/27/2023","5.79","4.95","5.09","4.94","6.52K","0.00%"
"08/24/2023","5.79","4.98","5.09","4.94","5.14K","0.00%"
"08/23/2023","5.79","5.10","5.10","4.93","11.91K","0.00%"
"08/22/2023","5.79","4.97","5.10","4.96","4.97K","0.00%"
"08/21/2023","5.79","4.92","5.10","4.92","5.91K","0.00%"
"08/20/2023","5.79","4.97","5.10","4.83","19.68K","0.00%"
"08/17/2023","5.79","5.10","5.12","4.96","8.11K","0.00%"
"08/16/2023","5.79","5.08","5.16","5.00","4.76K","0.00%"
"08/15/2023","5.79","4.99","5.16","4.98","6.76K","0.00%"
"08/14/2023","5.79","5.10","5.15","4.97","14.01K","0.00%"
"08/13/2023","5.79","5.10","5.18","4.97","9.07K","0.00%"
"08/10/2023","5.79","4.98","5.12","4.97","1.31K","0.00%"
"08/09/2023","5.79","5.00","5.12","4.97","2.94K","0.00%"
"08/08/2023","5.79","4.98","5.14","4.98","4.47K","0.00%"
"08/07/2023","5.79","4.98","5.19","4.95","3.02K","0.00%"
"08/06/2023","5.79","5.16","5.19","4.94","3.99K","0.00%"
"08/03/2023","5.79","5.19","5.19","4.93","9.25K","0.00%"
"08/02/2023","5.79","5.00","5.19","5.00","3.16K","0.00%"
"08/01/2023","5.79","5.21","5.21","4.99","1.13K","0.00%"
"07/31/2023","5.79","5.11","5.22","4.99","5.82K","0.00%"
"07/30/2023","5.79","4.95","5.22","4.95","6.85K","0.00%"
"07/27/2023","5.79","5.10","5.24","4.92","2.97K","0.00%"
"07/26/2023","5.79","5.11","5.24","5.10","2.57K","0.00%"
"07/25/2023","5.79","5.25","5.25","5.10","1.07K","0.00%"
"07/24/2023","5.79","5.10","5.26","5.10","1.08K","0.00%"
"07/19/2023","5.79","5.10","5.24","5.10","3.64K","0.00%"
"07/18/2023","5.79","5.10","5.23","5.10","2.84K","0.00%"
"07/17/2023","5.79","5.10","5.24","5.10","2.10K","0.00%"
"07/16/2023","5.79","5.10","5.24","5.10","0.83K","0.00%"
"07/13/2023","5.79","5.18","5.24","5.06","4.49K","0.00%"
"07/12/2023","5.79","5.09","5.26","5.07","3.41K","0.00%"
"07/11/2023","5.79","5.10","5.26","5.05","10.24K","0.00%"
"07/10/2023","5.79","5.05","5.29","5.05","22.90K","0.00%"
"07/09/2023","5.79","5.07","5.26","5.05","6.02K","0.00%"
"07/06/2023","5.79","5.11","5.37","5.07","4.31K","0.00%"
"07/05/2023","5.79","5.10","5.39","5.05","15.34K","0.00%"
"07/04/2023","5.79","5.11","5.29","5.10","3.79K","0.00%"
"06/26/2023","5.79","5.07","5.25","5.07","6.05K","0.00%"
"06/25/2023","5.79","5.10","5.12","5.07","11.67K","0.00%"
"06/22/2023","5.79","5.24","5.43","5.08","18.16K","0.00%"
"06/21/2023","5.79","5.16","5.46","5.16","16.24K","0.00%"
"06/20/2023","5.79","5.16","5.29","5.16","9.96K","0.00%"
"06/19/2023","5.79","5.30","5.36","5.11","21.87K","0.00%"
"06/18/2023","5.79","5.16","5.37","5.11","5.25K","0.00%"
"06/15/2023","5.79","5.16","5.29","5.16","3.95K","0.00%"
"06/14/2023","5.79","5.24","5.29","5.16","2.74K","0.00%"
"06/13/2023","5.79","5.16","5.28","5.16","2.51K","0.00%"
"06/12/2023","5.79","5.16","5.38","5.16","4.11K","0.00%"
"06/11/2023","5.79","5.20","5.48","5.20","1.04K","0.00%"
"06/08/2023","5.79","5.15","5.44","5.15","1.32K","0.00%"
"06/07/2023","5.79","5.19","5.48","5.11","3.47K","0.00%"
"06/06/2023","5.79","5.46","5.48","5.19","5.94K","0.00%"
"06/05/2023","5.79","5.53","5.53","5.19","5.78K","0.00%"
"06/04/2023","5.79","5.18","5.62","5.18","4.05K","0.00%"
"06/01/2023","5.79","5.26","5.39","5.16","2.84K","0.00%"
"05/31/2023","5.79","5.23","5.62","5.11","21.32K","0.00%"
"05/30/2023","5.79","5.10","5.48","5.10","23.72K","0.00%"
"05/29/2023","5.79","5.27","5.29","5.04","11.44K","0.00%"
"05/28/2023","5.79","5.00","5.27","5.00","48.35K","0.00%"
"05/25/2023","5.79","5.09","5.14","4.95","44.46K","0.00%"
"05/24/2023","5.79","4.93","5.09","4.93","7.08K","0.00%"
"05/23/2023","5.79","4.92","5.10","4.89","15.48K","0.00%"
"05/22/2023","5.79","4.91","5.05","4.88","18.58K","0.00%"
"05/21/2023","5.79","4.89","5.08","4.88","3.04K","0.00%"
"05/18/2023","5.79","4.92","5.05","4.86","9.43K","0.00%"
"05/17/2023","5.79","4.94","5.08","4.92","4.03K","0.00%"
"05/16/2023","5.79","4.92","5.04","4.91","7.72K","0.00%"
"05/15/2023","5.79","4.95","5.10","4.94","9.24K","0.00%"
"05/14/2023","5.79","5.10","5.13","4.92","8.95K","0.00%"
"05/11/2023","5.79","5.13","5.13","5.10","1.21K","0.00%"
"05/10/2023","5.79","5.00","5.14","4.91","6.37K","0.00%"
"05/09/2023","5.79","5.10","5.19","4.92","21.00K","0.00%"
"05/08/2023","5.79","5.10","5.11","4.81","14.36K","0.00%"
"05/07/2023","5.79","5.00","5.11","4.96","0.31K","0.00%"
"05/03/2023","5.79","4.93","5.11","4.91","1.17K","0.00%"
"05/02/2023","5.79","5.11","5.13","4.96","2.40K","0.00%"
"05/01/2023","5.79","5.00","5.11","4.96","1.46K","0.00%"
"04/30/2023","5.79","4.96","5.14","4.96","9.10K","0.00%"
"04/27/2023","5.79","5.11","5.13","5.05","9.89K","0.00%"
"04/26/2023","5.79","5.19","5.19","4.93","12.79K","0.00%"
"04/19/2023","5.79","4.95","5.19","4.95","3.57K","0.00%"
"04/18/2023","5.79","5.19","5.19","4.95","2.01K","0.00%"
"04/13/2023","5.79","4.98","5.19","4.94","2.91K","0.00%"
"04/12/2023","5.79","5.14","5.19","4.95","2.93K","0.00%"
"04/11/2023","5.79","4.94","5.27","4.94","2.40K","0.00%"
"04/10/2023","5.79","5.10","5.19","4.92","4.03K","0.00%"
"04/09/2023","5.79","4.90","5.19","4.90","1.58K","0.00%"
"04/06/2023","5.79","5.10","5.29","5.05","5.59K","0.00%"
"04/05/2023","5.79","5.23","5.23","5.05","2.79K","0.00%"
"04/04/2023","5.79","5.16","5.27","5.05","9.34K","0.00%"
"04/03/2023","5.79","4.91","5.19","4.85","5.72K","0.00%"
"04/02/2023","5.79","5.00","5.23","4.82","11.88K","0.00%"
"03/30/2023","5.79","5.21","5.23","5.00","2.05K","0.00%"
"03/29/2023","5.79","5.10","5.21","4.92","1.87K","0.00%"
"03/28/2023","5.79","5.01","5.27","4.91","5.72K","0.00%"
"03/27/2023","5.79","4.98","5.27","4.98","5.80K","0.00%"
"03/26/2023","5.79","5.09","5.24","4.89","7.05K","0.00%"
"03/23/2023","5.79","4.91","5.17","4.91","1.39K","0.00%"
"03/22/2023","5.79","4.91","5.19","4.91","8.70K","0.00%"
"03/21/2023","5.79","5.28","5.28","4.81","6.08K","0.00%"
"03/20/2023","5.79","4.69","5.34","4.69","8.07K","0.00%"
"03/19/2023","5.79","5.33","5.33","4.65","2.75K","0.00%"
"03/16/2023","5.79","5.01","5.26","4.65","6.00K","0.00%"
"03/15/2023","5.79","5.19","5.27","5.19","3.12K","0.00%"
"03/14/2023","5.79","5.05","5.33","4.81","8.44K","0.00%"
"03/13/2023","5.79","4.99","5.42","4.96","1.35K","0.00%"
"03/12/2023","5.79","5.29","5.41","4.99","9.00K","0.00%"
"03/09/2023","5.79","5.14","5.48","5.03","3.46K","0.00%"
"03/08/2023","5.79","5.09","5.48","5.09","5.13K","0.00%"
"03/07/2023","5.79","5.47","5.47","5.10","1.40K","0.00%"
"03/06/2023","5.79","5.14","5.49","5.14","6.93K","0.00%"
"03/05/2023","5.79","5.29","5.44","5.13","7.64K","0.00%"
"03/02/2023","5.79","5.10","5.44","5.02","3.30K","0.00%"
"03/01/2023","5.79","5.01","5.44","5.01","0.15K","0.00%"
"02/28/2023","5.79","5.26","5.48","4.97","11.12K","0.00%"
"02/27/2023","5.79","5.25","5.48","5.25","5.48K","0.00%"
"02/26/2023","5.79","5.49","5.49","5.24","2.64K","0.00%"
"02/23/2023","5.79","5.23","5.49","5.23","0.37K","0.00%"
"02/22/2023","5.79","5.29","5.51","5.26","8.80K","0.00%"
"02/21/2023","5.79","5.29","5.29","5.24","4.57K","0.00%"
"02/20/2023","5.79","5.27","5.53","5.27","7.96K","0.00%"
"02/19/2023","5.79","5.30","5.52","5.26","4.88K","0.00%"
"02/16/2023","5.79","5.29","5.53","5.29","4.39K","0.00%"
"02/15/2023","5.79","5.25","5.57","5.25","1.85K","0.00%"
"02/14/2023","5.79","5.32","5.51","5.31","2.61K","0.00%"
"02/13/2023","5.79","5.24","5.57","5.24","6.86K","0.00%"
"02/12/2023","5.79","5.14","5.53","5.14","3.91K","0.00%"
"02/09/2023","5.79","5.53","5.53","5.14","6.67K","0.00%"
"02/08/2023","5.79","5.29","5.58","5.19","3.66K","0.00%"
"02/07/2023","5.79","5.15","5.48","5.15","0.02K","0.00%"
"02/06/2023","5.79","5.48","5.48","5.14","4.84K","0.00%"
"02/05/2023","5.79","5.32","5.48","4.98","11.69K","0.00%"
"02/02/2023","5.79","5.34","5.36","5.29","8.52K","0.00%"
"02/01/2023","5.79","5.63","5.63","5.34","3.35K","0.00%"
"01/31/2023","5.79","5.50","5.73","5.29","8.33K","0.00%"
"01/30/2023","5.79","5.70","5.73","5.50","5.19K","0.00%"
"01/29/2023","5.79","5.48","5.77","5.48","16.41K","0.00%"
"01/25/2023","5.79","5.58","5.58","5.41","2.28K","0.00%"
"01/24/2023","5.79","5.44","5.58","5.39","18.97K","0.00%"
"01/23/2023","5.79","5.45","5.84","5.39","19.89K","0.00%"
"01/22/2023","5.79","5.50","5.77","5.45","4.93K","0.00%"
"01/19/2023","5.79","5.45","5.85","5.45","3.61K","0.00%"
"01/18/2023","5.79","5.39","5.68","5.39","0.52K","0.00%"
"01/17/2023","5.79","5.44","5.69","5.39","6.22K","0.00%"
"01/16/2023","5.79","5.42","5.67","5.42","6.10K","0.00%"
"01/15/2023","5.79","5.42","5.60","5.42","1.84K","0.00%"
"01/12/2023","5.79","5.55","5.67","5.48","12.26K","0.00%"
"01/11/2023","5.79","5.68","5.71","5.54","7.92K","0.00%"
"01/10/2023","5.79","5.58","5.77","5.48","19.39K","0.00%"
"01/09/2023","5.79","5.72","5.80","5.60","40.27K","0.00%"
"01/05/2023","5.79","5.82","5.82","5.65","22.78K","0.00%"
"01/04/2023","5.79","5.94","5.94","5.65","48.86K","0.00%"
"01/03/2023","5.79","5.68","5.87","5.68","14.28K","0.00%"
"01/02/2023","5.79","5.66","5.81","5.64","18.04K","0.00%"
"12/29/2022","5.79","6.01","6.01","5.64","19.92K","0.00%"
"12/28/2022","5.79","5.68","5.77","5.64","33.76K","0.00%"
"12/27/2022","5.79","5.87","5.87","5.67","44.04K","0.00%"
"12/26/2022","5.79","4.81","6.14","4.81","23.50K","0.00%"
"12/25/2022","5.79","6.35","6.35","5.77","132.48K","-13.63%"
"12/22/2022","6.71","6.08","6.63","6.08","1.65K","0.00%"
"12/21/2022","6.71","6.02","6.73","6.02","32.67K","0.00%"
"12/20/2022","6.71","6.03","6.71","6.03","72.59K","4.81%"
"12/19/2022","6.40","5.98","6.21","5.87","6.53K","0.00%"
"12/18/2022","6.40","6.06","6.22","5.80","29.14K","0.00%"
"12/15/2022","6.40","5.94","6.40","5.77","37.03K","0.00%"
"12/14/2022","6.40","5.95","6.25","5.77","33.10K","0.00%"
"12/13/2022","6.40","5.74","5.98","5.69","18.37K","0.00%"
"12/12/2022","6.40","6.13","6.13","5.69","21.91K","0.00%"
"12/11/2022","6.40","5.88","6.20","5.80","5.65K","0.00%"
"12/08/2022","6.40","5.78","6.25","5.77","21.96K","0.00%"
"12/07/2022","6.40","5.56","6.15","5.56","33.00K","0.00%"
"12/06/2022","6.40","5.48","5.68","5.28","24.74K","0.00%"
"12/05/2022","6.40","5.48","5.52","5.24","29.27K","0.00%"
"12/04/2022","6.40","5.24","5.52","5.19","5.31K","0.00%"
"12/01/2022","6.40","5.52","5.52","5.20","0.86K","0.00%"
"11/30/2022","6.40","5.50","5.50","5.19","9.94K","0.00%"
"11/29/2022","6.40","5.45","5.54","5.36","6.47K","0.00%"
"11/28/2022","6.40","5.39","5.54","5.20","16.32K","0.00%"
"11/27/2022","6.40","5.40","5.57","5.38","5.25K","0.00%"
"11/24/2022","6.40","5.39","5.57","5.31","8.44K","0.00%"
"11/23/2022","6.40","5.29","5.57","5.19","17.41K","0.00%"
"11/22/2022","6.40","5.38","6.40","5.12","15.12K","0.00%"
"11/21/2022","6.40","5.29","5.38","5.29","1.51K","0.00%"
"11/20/2022","6.40","5.23","5.34","5.19","16.19K","0.00%"
"11/17/2022","6.40","5.19","5.31","5.13","3.86K","0.00%"
"11/16/2022","6.40","5.12","5.23","5.12","6.10K","0.00%"
"11/15/2022","6.40","5.12","5.23","5.12","1.30K","0.00%"
"11/14/2022","6.40","5.12","5.23","5.12","4.08K","0.00%"
"11/10/2022","6.40","5.22","5.22","5.12","4.73K","0.00%"
"11/09/2022","6.40","5.23","5.23","5.12","4.06K","0.00%"
"11/08/2022","6.40","5.12","5.24","5.12","0.47K","0.00%"
"11/07/2022","6.40","5.12","5.28","5.12","0.12K","0.00%"
"11/06/2022","6.40","5.12","5.28","5.12","4.66K","0.00%"
"11/03/2022","6.40","5.12","5.28","5.12","1.52K","0.00%"
"11/02/2022","6.40","5.14","5.24","5.12","5.96K","0.00%"
"11/01/2022","6.40","5.24","5.24","5.14","3.69K","0.00%"
"10/31/2022","6.40","5.14","5.28","5.14","0.35K","0.00%"
"10/30/2022","6.40","5.34","5.34","5.14","4.28K","0.00%"
"10/27/2022","6.40","5.21","5.39","5.19","10.01K","0.00%"
"10/26/2022","6.40","5.13","5.22","5.13","1.68K","0.00%"
"10/25/2022","6.40","5.23","5.23","5.13","0.76K","0.00%"
"10/24/2022","6.40","5.12","5.28","5.12","2.46K","0.00%"
"10/23/2022","6.40","5.12","5.21","5.12","4.75K","0.00%"
"10/20/2022","6.40","5.20","5.20","5.12","2.17K","0.00%"
"10/19/2022","6.40","5.12","5.21","5.12","4.13K","0.00%"
"10/18/2022","6.40","5.12","5.20","5.12","0.15K","0.00%"
"10/17/2022","6.40","5.12","5.19","5.12","8.78K","0.00%"
"10/16/2022","6.40","5.18","5.19","5.13","4.96K","0.00%"
"10/13/2022","6.40","5.12","5.12","5.12","12.49K","0.00%"
"10/11/2022","6.40","5.17","5.17","5.15","5.01K","0.00%"
"10/10/2022","6.40","5.12","5.19","5.12","2.29K","0.00%"
"10/09/2022","6.40","5.12","5.21","5.12","5.38K","0.00%"
"10/05/2022","6.40","5.12","5.23","5.12","4.18K","0.00%"
"10/04/2022","6.40","5.12","5.23","5.12","4.96K","0.00%"
"10/03/2022","6.40","5.29","5.29","5.12","1.24K","0.00%"
"10/02/2022","6.40","5.20","5.28","5.12","4.99K","0.00%"
"09/29/2022","6.40","5.12","5.29","5.12","34.30K","0.00%"
"09/28/2022","6.40","5.21","5.21","5.12","22.03K","0.00%"
"09/27/2022","6.40","5.19","5.44","5.19","1.11K","0.00%"
"09/26/2022","6.40","5.40","5.40","5.20","2.46K","0.00%"
"09/25/2022","6.40","5.34","6.40","5.34","1.94K","0.00%"
"09/22/2022","6.40","5.29","5.29","5.20","4.09K","0.00%"
"09/21/2022","6.40","5.19","5.38","5.17","3.05K","0.00%"
"09/20/2022","6.40","5.14","5.45","5.14","3.74K","0.00%"
"09/19/2022","6.40","5.48","5.48","5.14","0.02K","0.00%"
"09/18/2022","6.40","5.29","5.31","5.14","9.77K","0.00%"
"09/15/2022","6.40","5.24","5.24","5.19","4.39K","0.00%"
"09/14/2022","6.40","5.24","5.26","5.23","2.73K","0.00%"
"09/13/2022","6.40","5.25","5.29","5.24","3.59K","0.00%"
"09/12/2022","6.40","5.23","5.48","5.23","0.52K","0.00%"
"09/11/2022","6.40","5.19","5.44","5.19","1.50K","0.00%"
"09/08/2022","6.40","5.45","5.48","5.22","6.04K","0.00%"
"09/07/2022","6.40","5.22","5.48","5.18","6.35K","0.00%"
"09/05/2022","6.40","5.18","5.47","5.18","1.62K","0.00%"
"09/04/2022","6.40","5.18","5.18","5.18","0.83K","0.00%"
"09/01/2022","6.40","5.18","5.29","5.18","10.01K","0.00%"
"08/31/2022","6.40","5.47","5.47","5.12","6.06K","0.00%"
"08/30/2022","6.40","5.47","5.47","5.29","1.77K","0.00%"
"08/29/2022","6.40","5.35","5.35","5.25","5.22K","0.00%"
"08/28/2022","6.40","5.44","5.57","5.31","7.24K","0.00%"
"08/25/2022","6.40","5.26","5.53","5.26","5.18K","0.00%"
"08/24/2022","6.40","5.39","5.57","5.20","21.77K","0.00%"
"08/23/2022","6.40","5.45","5.67","5.30","20.21K","0.00%"
"08/22/2022","6.40","5.51","5.84","5.43","5.34K","0.00%"
"08/21/2022","6.40","5.67","5.67","5.50","2.39K","0.00%"
"08/18/2022","6.40","5.58","5.58","5.58","2.90K","0.00%"
"08/17/2022","6.40","5.65","5.74","5.45","15.02K","0.00%"
"08/16/2022","6.40","5.65","5.67","5.43","4.83K","0.00%"
"08/15/2022","6.40","5.44","5.66","5.44","2.08K","0.00%"
"08/14/2022","6.40","5.68","5.68","5.40","10.30K","0.00%"
"08/11/2022","6.40","5.36","5.68","5.36","6.92K","0.00%"
"08/10/2022","6.40","5.44","5.57","5.31","7.37K","0.00%"
"08/09/2022","6.40","5.61","5.63","5.37","5.67K","0.00%"
"08/08/2022","6.40","5.31","5.68","5.31","12.47K","0.00%"
"08/07/2022","6.40","5.44","5.48","5.38","7.37K","0.00%"
"08/04/2022","6.40","5.31","5.48","5.31","0.23K","0.00%"
"08/03/2022","6.40","5.34","5.48","5.34","0.76K","0.00%"
"08/02/2022","6.40","5.42","5.42","5.32","2.97K","0.00%"
"08/01/2022","6.40","5.40","5.42","5.40","0.86K","0.00%"
"07/31/2022","6.40","5.36","5.37","5.29","1.91K","0.00%"
"07/28/2022","6.40","5.58","5.77","5.44","5.29K","0.00%"
"07/27/2022","6.40","5.57","5.68","5.37","1.57K","0.00%"
"07/26/2022","6.40","5.35","5.58","5.35","3.92K","0.00%"
"07/25/2022","6.40","5.34","5.67","5.34","0.76K","0.00%"
"07/24/2022","6.40","5.45","5.45","5.45","0.52K","0.00%"
"07/21/2022","6.40","5.94","5.94","5.53","0.42K","0.00%"
"07/20/2022","6.40","5.57","5.71","5.30","0.91K","0.00%"
"07/19/2022","6.40","5.29","5.58","5.29","1.05K","0.00%"
"07/17/2022","6.40","5.17","5.17","5.17","0.06K","0.00%"
"07/07/2022","6.40","5.57","5.77","5.21","7.84K","0.00%"
"07/06/2022","6.40","5.12","5.12","5.12","0.05K","0.00%"
"07/05/2022","6.40","5.52","5.52","5.15","0.15K","0.00%"
"07/04/2022","6.40","5.31","5.65","5.12","3.42K","0.00%"
"06/28/2022","6.40","5.19","5.19","5.12","1.21K","0.00%"
"06/27/2022","6.40","5.19","5.19","5.13","0.38K","0.00%"
"06/26/2022","6.40","5.58","5.58","5.19","0.10K","0.00%"
"06/22/2022","6.40","5.19","5.74","5.19","0.48K","0.00%"
"06/21/2022","6.40","5.26","5.26","5.12","0.52K","0.00%"
"06/19/2022","6.40","5.67","5.77","5.45","5.78K","0.00%"
"06/15/2022","6.40","5.67","5.67","5.31","0.22K","0.00%"
"06/14/2022","6.40","5.30","5.72","5.27","3.92K","0.00%"
"06/13/2022","6.40","5.46","5.47","5.31","4.56K","0.00%"
"06/12/2022","6.40","5.45","5.55","5.45","0.21K","0.00%"
"06/09/2022","6.40","5.45","5.45","5.44","0.83K","0.00%"
"06/08/2022","6.40","5.50","5.95","5.50","1.98K","0.00%"
"06/07/2022","6.40","5.70","5.77","5.45","2.10K","0.00%"
"06/06/2022","6.40","5.33","5.57","5.33","1.83K","0.00%"
"06/05/2022","6.40","5.77","5.77","5.30","1.53K","0.00%"
"06/02/2022","6.40","5.39","5.48","5.25","2.09K","0.00%"
"06/01/2022","6.40","5.34","5.76","5.25","1.57K","0.00%"
"05/31/2022","6.40","5.33","5.83","5.29","3.42K","0.00%"
"05/30/2022","6.40","6.14","6.16","5.31","2.28K","0.00%"
"05/29/2022","6.40","5.20","5.25","5.20","0.52K","0.00%"
"05/26/2022","6.40","6.06","6.06","5.19","2.03K","0.00%"
"05/25/2022","6.40","6.23","6.23","5.78","0.95K","0.00%"
"05/24/2022","6.40","5.91","6.37","5.79","0.91K","0.00%"
"05/23/2022","6.40","6.33","6.49","5.82","3.99K","0.00%"
"05/22/2022","6.40","5.82","5.82","5.82","0.59K","0.00%"
"05/19/2022","6.40","6.23","6.35","5.77","1.04K","0.00%"
"05/18/2022","6.40","5.77","6.25","5.77","1.87K","0.00%"
"05/17/2022","6.40","5.98","5.98","5.79","2.67K","0.00%"
"05/16/2022","6.40","5.45","6.35","5.45","4.47K","0.00%"
"05/15/2022","6.40","6.40","6.40","5.79","0.45K","0.00%"
"05/11/2022","6.40","6.07","6.11","5.97","3.65K","0.00%"
"05/10/2022","6.40","5.96","6.08","5.96","0.65K","0.00%"
"05/09/2022","6.40","6.07","6.64","6.07","0.66K","0.00%"
"05/08/2022","6.40","5.96","6.73","5.31","0.63K","0.00%"
"04/21/2022","6.40","5.38","6.73","5.38","3.26K","0.00%"
"04/20/2022","6.40","6.35","6.46","5.31","6.25K","0.00%"
"04/19/2022","6.40","6.40","6.40","6.39","48.16K","0.00%"
"04/18/2022","6.40","6.40","6.44","6.39","100.89K","0.00%"
"04/17/2022","6.40","6.37","6.45","6.38","56.95K","0.47%"
"04/14/2022","6.37","6.37","6.38","6.36","135.14K","-0.16%"
"04/13/2022","6.38","6.37","6.39","6.37","79.33K","0.31%"
"04/12/2022","6.36","6.19","6.41","6.19","40.84K","0.00%"
"04/11/2022","6.36","6.46","6.46","6.36","100.17K","0.16%"
"04/10/2022","6.35","6.66","6.68","6.32","56.54K","-2.76%"
"04/07/2022","6.53","6.35","6.69","6.26","49.41K","0.00%"
"04/06/2022","6.53","6.50","6.72","6.28","25.76K","0.00%"
"04/05/2022","6.53","6.73","6.73","6.50","69.20K","-3.26%"
"04/04/2022","6.75","6.73","7.02","6.73","44.40K","0.30%"
"04/03/2022","6.73","6.38","7.02","6.37","93.96K","2.91%"
"03/31/2022","6.54","7.42","7.42","6.47","442.10K","-8.79%"
"03/30/2022","7.17","5.33","7.17","5.33","290.72K","20.10%"
"03/29/2022","5.97","5.48","5.58","5.47","2.64K","0.00%"
"03/28/2022","5.97","5.68","5.68","5.40","8.28K","0.00%"
"03/27/2022","5.97","5.45","5.45","5.45","0.01K","0.00%"
"03/24/2022","5.97","5.55","5.77","5.48","15.46K","0.00%"
"03/23/2022","5.97","5.76","5.76","5.58","39.80K","0.00%"
"03/22/2022","5.97","5.73","5.82","5.58","19.80K","0.00%"
"03/21/2022","5.97","5.77","5.77","5.44","17.94K","0.00%"
"03/20/2022","5.97","5.93","5.94","5.50","37.23K","0.00%"
"03/17/2022","5.97","5.32","5.70","5.32","3.27K","0.00%"
"03/16/2022","5.97","5.30","5.44","5.30","2.08K","0.00%"
"03/15/2022","5.97","5.19","5.44","5.19","3.18K","0.00%"
"03/14/2022","5.97","5.44","5.44","5.29","0.61K","0.00%"
"03/13/2022","5.97","5.29","5.29","5.29","0.58K","0.00%"
"03/10/2022","5.97","5.25","5.48","5.25","6.51K","0.00%"
"03/09/2022","5.97","5.05","5.97","5.05","16.46K","0.00%"
"03/08/2022","5.97","5.23","5.28","5.01","15.79K","0.00%"
"03/07/2022","5.97","5.10","5.44","5.00","4.80K","0.00%"
"03/06/2022","5.97","5.14","5.47","5.14","0.84K","0.00%"
"03/03/2022","5.97","5.47","5.47","5.47","0.01K","0.00%"
"03/01/2022","5.97","5.44","5.57","5.44","1.11K","0.00%"
"02/28/2022","5.97","5.14","5.63","5.11","5.01K","0.00%"
"02/24/2022","5.97","5.44","5.44","5.19","4.74K","0.00%"
"02/23/2022","5.97","5.45","5.70","5.41","1.55K","0.00%"
"02/22/2022","5.97","5.68","5.71","5.35","3.31K","0.00%"
"02/21/2022","5.97","5.42","5.77","5.39","2.66K","0.00%"
"02/20/2022","5.97","5.92","5.97","5.50","3.33K","0.00%"
"02/17/2022","5.97","5.77","5.77","5.77","1.27K","0.00%"
"02/16/2022","5.97","5.36","5.84","5.36","1.57K","0.00%"
"02/15/2022","5.97","5.77","5.77","5.77","2.08K","0.00%"
"02/14/2022","5.97","5.48","5.77","5.48","3.57K","0.00%"
"02/13/2022","5.97","5.82","5.95","5.53","22.06K","0.00%"
"02/09/2022","5.97","5.77","5.77","5.77","0.52K","0.00%"
"02/08/2022","5.97","5.76","5.76","5.76","0.68K","0.00%"
"02/07/2022","5.97","5.73","5.96","5.34","31.42K","0.00%"
"02/06/2022","5.97","5.80","5.80","5.77","8.57K","0.00%"
"02/03/2022","5.97","5.77","5.95","5.77","1.73K","0.00%"
"02/02/2022","5.97","5.87","5.87","5.29","5.56K","0.00%"
"02/01/2022","5.97","5.95","5.96","5.95","2.29K","0.00%"
"01/31/2022","5.97","6.27","6.27","6.01","4.16K","0.00%"
"01/26/2022","5.97","5.77","5.94","5.77","4.24K","0.00%"
"01/25/2022","5.97","5.94","5.94","5.76","0.52K","0.00%"
"01/24/2022","5.97","5.41","5.41","5.39","2.86K","0.00%"
"01/23/2022","5.97","6.00","6.00","5.15","5.69K","0.00%"
"01/20/2022","5.97","5.90","6.25","5.77","21.86K","0.00%"
"01/19/2022","5.97","5.49","5.91","5.49","3.24K","0.00%"
"01/18/2022","5.97","5.64","5.77","5.43","14.09K","0.00%"
"01/17/2022","5.97","5.66","5.66","5.35","5.64K","0.00%"
"01/16/2022","5.97","5.35","5.35","5.34","1.06K","0.00%"
"01/13/2022","5.97","5.36","5.63","5.36","3.23K","0.00%"
"01/12/2022","5.97","5.36","5.37","5.35","1.77K","0.00%"
"01/11/2022","5.97","5.42","5.44","5.34","3.98K","0.00%"
"01/10/2022","5.97","5.45","5.45","5.43","9.23K","0.00%"
"01/09/2022","5.97","5.62","5.62","5.62","0.03K","0.00%"
"01/05/2022","5.97","5.37","5.62","5.37","0.27K","0.00%"
"01/04/2022","5.97","5.62","5.66","5.43","6.48K","0.00%"
"01/03/2022","5.97","5.39","5.58","5.10","5.55K","0.00%"
"01/02/2022","5.97","5.66","5.66","5.66","0.24K","0.00%"
"12/30/2021","5.97","5.29","5.57","5.29","9.25K","0.00%"
"12/29/2021","5.97","5.48","5.48","5.34","0.70K","0.00%"
"12/28/2021","5.97","5.29","5.49","5.29","2.03K","0.00%"
"12/27/2021","5.97","5.30","5.48","5.29","6.44K","0.00%"
"12/26/2021","5.97","5.48","5.53","5.29","3.20K","0.00%"
"12/23/2021","5.97","5.44","5.44","5.39","0.13K","0.00%"
"12/22/2021","5.97","5.19","5.19","5.19","0.35K","0.00%"
"12/21/2021","5.97","5.12","5.12","5.12","0.01K","0.00%"
"12/19/2021","5.97","5.15","5.47","5.15","0.30K","0.00%"
"12/16/2021","5.97","5.20","5.51","5.20","3.89K","0.00%"
"12/15/2021","5.97","5.21","5.24","5.21","0.54K","0.00%"
"12/14/2021","5.97","5.11","5.45","5.11","4.76K","0.00%"
"12/13/2021","5.97","5.48","5.48","5.18","5.55K","0.00%"
"12/12/2021","5.97","5.48","5.48","5.48","1.04K","0.00%"
"12/08/2021","5.97","5.04","5.52","5.04","3.24K","0.00%"
"12/07/2021","5.97","5.47","5.58","5.15","4.30K","0.00%"
"12/06/2021","5.97","5.36","5.56","5.07","20.43K","0.00%"
"12/05/2021","5.97","5.05","5.07","5.03","1.32K","0.00%"
"12/02/2021","5.97","5.14","5.29","5.14","1.17K","0.00%"
"12/01/2021","5.97","5.05","5.39","5.05","9.80K","0.00%"
"11/30/2021","5.97","5.14","5.48","5.01","7.93K","0.00%"
"11/29/2021","5.97","4.87","5.16","4.87","12.33K","0.00%"
"11/28/2021","5.97","4.83","5.14","4.83","1.82K","0.00%"
"11/25/2021","5.97","4.86","5.15","4.78","26.84K","0.00%"
"11/24/2021","5.97","4.93","5.19","4.87","6.95K","0.00%"
"11/23/2021","5.97","4.86","5.24","4.81","3.48K","0.00%"
"11/22/2021","5.97","4.81","4.81","4.81","2.08K","0.00%"
"11/21/2021","5.97","4.91","5.27","4.82","2.23K","0.00%"
"11/18/2021","5.97","5.00","5.00","4.91","6.58K","0.00%"
"11/17/2021","5.97","5.00","5.29","5.00","9.20K","0.00%"
"11/16/2021","5.97","5.11","5.29","5.00","6.88K","0.00%"
"11/15/2021","5.97","5.30","5.31","5.30","2.92K","0.00%"
"11/14/2021","5.97","5.56","5.75","5.21","30.94K","0.00%"
"11/11/2021","5.97","5.29","5.58","5.19","8.69K","0.00%"
"11/10/2021","5.97","5.18","5.62","5.07","7.16K","0.00%"
"11/09/2021","5.97","5.66","5.66","5.24","5.33K","0.00%"
"11/08/2021","5.97","5.11","5.19","5.11","5.09K","0.00%"
"11/07/2021","5.97","5.06","5.58","5.06","2.18K","0.00%"
"11/04/2021","5.97","5.11","5.77","5.11","5.22K","0.00%"
"11/03/2021","5.97","5.52","5.92","4.94","25.54K","0.00%"
"11/02/2021","5.97","5.38","5.57","5.20","1.68K","0.00%"
"11/01/2021","5.97","5.19","5.39","5.19","0.20K","0.00%"
"10/31/2021","5.97","5.10","5.41","5.10","1.06K","0.00%"
"10/28/2021","5.97","5.05","5.66","5.05","4.60K","0.00%"
"10/27/2021","5.97","5.70","5.70","5.16","7.65K","0.00%"
"10/26/2021","5.97","5.59","5.77","5.29","24.92K","0.00%"
"10/25/2021","5.97","5.05","5.68","5.05","21.41K","0.00%"
"10/24/2021","5.97","5.15","5.62","4.91","5.04K","0.00%"
"10/20/2021","5.97","5.68","5.68","5.19","7.95K","0.00%"
"10/19/2021","5.97","5.58","5.71","5.24","2.69K","0.00%"
"10/17/2021","5.97","5.53","5.63","5.45","3.60K","0.00%"
"10/14/2021","5.97","5.65","5.65","5.24","7.79K","0.00%"
"10/13/2021","5.97","5.23","5.48","5.23","3.42K","0.00%"
"10/12/2021","5.97","5.89","5.89","5.29","29.63K","0.00%"
"10/11/2021","5.97","5.92","5.92","5.51","2.22K","0.00%"
"10/10/2021","5.97","5.40","5.93","5.40","2.71K","0.00%"
"10/06/2021","5.97","5.48","5.87","5.40","4.93K","0.00%"
"10/05/2021","5.97","5.54","5.58","5.54","0.73K","0.00%"
"10/04/2021","5.97","5.53","5.94","5.53","2.18K","0.00%"
"10/03/2021","5.97","5.97","5.97","5.48","0.27K","0.00%"
"09/30/2021","5.97","5.48","5.95","5.48","8.83K","0.00%"
"09/28/2021","5.97","5.59","5.77","5.59","8.26K","0.00%"
"09/27/2021","5.97","5.95","6.11","5.54","28.80K","0.00%"
"09/26/2021","5.97","5.68","5.77","5.63","2.73K","0.00%"
"09/23/2021","5.97","5.40","5.76","5.40","15.08K","0.00%"
"09/22/2021","5.97","5.54","5.93","5.39","33.51K","0.00%"
"09/21/2021","5.97","5.54","5.68","5.44","11.14K","0.00%"
"09/20/2021","5.97","5.41","5.81","5.29","5.74K","0.00%"
"09/19/2021","5.97","6.03","6.21","5.77","31.13K","0.00%"
"09/16/2021","5.97","5.98","6.11","5.98","8.72K","0.00%"
"09/15/2021","5.97","6.61","6.61","6.10","4.67K","0.00%"
"09/14/2021","5.97","6.35","6.54","6.21","5.22K","0.00%"
"09/13/2021","5.97","6.24","6.36","5.90","11.54K","0.00%"
"09/12/2021","5.97","5.88","6.34","5.88","7.92K","0.00%"
"09/09/2021","5.97","6.06","6.06","5.88","2.81K","0.00%"
"09/08/2021","5.97","6.47","6.47","6.07","5.12K","0.00%"
"09/07/2021","5.97","5.84","6.07","5.84","1.79K","0.00%"
"09/06/2021","5.97","6.42","6.42","5.79","19.11K","-11.03%"
"09/05/2021","6.71","6.59","6.88","6.43","13.04K","0.00%"
"09/02/2021","6.71","6.91","6.91","6.66","1.58K","0.00%"
"09/01/2021","6.71","6.51","6.91","6.51","19.76K","3.07%"
"08/31/2021","6.51","6.93","6.93","6.40","61.25K","-4.69%"
"08/30/2021","6.83","7.10","7.10","6.73","18.31K","-2.57%"
"08/29/2021","7.01","6.89","7.47","6.82","29.74K","-5.78%"
"08/26/2021","7.44","7.09","7.50","7.09","12.16K","0.00%"
"08/25/2021","7.44","6.95","7.70","6.75","43.94K","5.08%"
"08/24/2021","7.08","7.83","7.95","6.73","59.02K","-1.94%"
"08/23/2021","7.22","6.69","7.46","6.69","51.83K","6.49%"
"08/22/2021","6.78","7.11","7.11","6.40","6.31K","0.00%"
"08/19/2021","6.78","6.97","7.22","6.35","56.07K","-3.00%"
"08/18/2021","6.99","7.25","7.55","6.76","63.76K","-3.98%"
"08/17/2021","7.28","7.12","7.41","7.02","39.30K","-1.89%"
"08/16/2021","7.42","7.70","7.70","7.07","11.36K","0.00%"
"08/15/2021","7.42","7.70","7.70","7.31","4.70K","0.00%"
"08/11/2021","7.42","7.48","7.70","7.44","6.65K","0.00%"
"08/10/2021","7.42","7.22","7.94","6.76","94.00K","-0.80%"
"08/09/2021","7.48","7.72","7.72","7.22","26.52K","-3.11%"
"08/08/2021","7.72","7.70","8.07","7.55","108.67K","-5.74%"
"08/05/2021","8.19","9.28","9.28","7.63","170.76K","-3.31%"
"08/04/2021","8.47","8.45","8.47","8.42","78.43K","10.00%"
"08/03/2021","7.70","7.07","7.70","7.07","109.69K","10.00%"
"08/02/2021","7.00","6.63","7.26","6.46","214.07K","5.90%"
"08/01/2021","6.61","6.26","6.73","6.26","72.65K","3.93%"
"07/29/2021","6.36","6.11","6.64","6.11","25.37K","-0.62%"
"07/28/2021","6.40","6.21","6.71","5.99","29.16K","-0.16%"
"07/27/2021","6.41","6.54","6.64","5.96","31.76K","-2.73%"
"07/26/2021","6.59","7.02","7.02","6.11","74.85K","-2.23%"
"07/25/2021","6.74","6.26","6.77","6.26","94.70K","9.42%"
"07/18/2021","6.16","5.68","6.25","5.68","140.15K","8.26%"
"07/15/2021","5.69","5.77","5.77","5.68","18.99K","-0.70%"
"07/14/2021","5.73","5.68","6.10","5.53","34.47K","1.96%"
"07/13/2021","5.62","5.58","5.69","5.49","18.24K","-5.55%"
"07/12/2021","5.95","5.58","5.92","5.58","2.70K","0.00%"
"07/11/2021","5.95","5.58","5.58","5.44","9.44K","0.00%"
"07/08/2021","5.95","5.87","5.87","5.50","9.11K","0.00%"
"07/07/2021","5.95","5.87","6.16","5.87","1.93K","0.00%"
"07/06/2021","5.95","5.89","6.16","5.87","27.18K","-4.95%"
"07/05/2021","6.26","6.71","6.71","5.99","16.82K","-3.10%"
"07/04/2021","6.46","6.25","6.56","5.78","69.58K","8.39%"
"06/30/2021","5.96","5.05","5.96","5.05","66.62K","9.76%"
"06/29/2021","5.43","5.48","5.95","5.33","107.51K","-8.28%"
"06/28/2021","5.92","6.54","6.54","5.77","61.06K","-7.64%"
"06/27/2021","6.41","6.31","6.35","6.25","12.14K","0.00%"
"06/24/2021","6.41","6.28","6.48","6.28","24.21K","-1.08%"
"06/23/2021","6.48","6.33","6.78","6.33","25.16K","-3.14%"
"06/22/2021","6.69","6.70","6.83","6.36","49.90K","-0.45%"
"06/21/2021","6.72","6.46","6.73","6.46","15.10K","0.00%"
"06/20/2021","6.72","6.84","6.93","6.55","38.58K","0.00%"
"06/17/2021","6.72","6.54","6.96","6.11","106.24K","3.70%"
"06/16/2021","6.48","6.64","6.64","6.31","19.82K","-1.82%"
"06/15/2021","6.60","6.93","7.05","6.27","35.43K","-2.51%"
"06/14/2021","6.77","6.36","6.92","6.18","72.59K","0.15%"
"06/13/2021","6.76","7.02","7.02","6.54","27.83K","-1.02%"
"06/10/2021","6.83","6.60","7.07","6.35","132.95K","5.73%"
"06/09/2021","6.46","5.82","6.63","5.80","54.70K","6.43%"
"06/08/2021","6.07","5.98","6.41","5.79","40.88K","-2.57%"
"06/07/2021","6.23","6.30","6.45","5.77","116.92K","4.36%"
"06/06/2021","5.97","5.72","6.10","5.53","178.37K","7.57%"
"06/03/2021","5.55","5.30","5.77","5.29","66.10K","1.09%"
"06/02/2021","5.49","5.48","5.72","5.48","25.17K","-2.49%"
"06/01/2021","5.63","5.77","5.77","5.51","24.01K","-1.23%"
"05/31/2021","5.70","5.69","5.77","5.49","46.10K","0.18%"
"05/30/2021","5.69","5.61","5.87","5.40","58.41K","4.21%"
"05/27/2021","5.46","5.77","5.77","5.36","26.80K","-3.53%"
"05/26/2021","5.66","5.87","6.05","5.38","84.51K","1.62%"
"05/25/2021","5.57","5.63","5.84","5.03","200.52K","3.53%"
"05/24/2021","5.38","4.95","5.41","4.94","204.41K","9.35%"
"05/23/2021","4.92","4.47","5.01","4.43","197.20K","7.89%"
"05/20/2021","4.56","4.60","4.69","4.33","62.15K","-0.87%"
"05/19/2021","4.60","4.66","4.71","4.43","70.21K","0.66%"
"05/18/2021","4.57","4.52","4.62","4.38","62.00K","5.79%"
"05/17/2021","4.32","4.26","4.44","4.11","112.21K","2.61%"
"05/11/2021","4.21","3.80","4.24","3.80","188.48K","9.07%"
"05/10/2021","3.86","3.85","3.85","3.85","1.25K","0.00%"
"05/09/2021","3.86","3.86","3.90","3.80","48.07K","-3.26%"
"05/06/2021","3.99","3.85","4.23","3.85","93.04K","3.64%"
"05/05/2021","3.85","3.85","3.85","3.75","14.03K","0.00%"
"04/28/2021","3.85","3.89","3.89","3.89","0.16K","0.00%"
"04/27/2021","3.85","3.75","3.91","3.75","5.50K","0.00%"
"04/26/2021","3.85","3.85","3.93","3.78","43.97K","-2.53%"
"04/25/2021","3.95","3.99","3.99","3.85","4.16K","0.00%"
"04/22/2021","3.95","3.83","3.93","3.77","9.13K","0.00%"
"04/21/2021","3.95","3.85","3.97","3.76","12.52K","0.00%"
"04/20/2021","3.95","3.85","3.85","3.76","17.71K","0.00%"
"04/19/2021","3.95","3.71","3.85","3.71","5.44K","0.00%"
"04/18/2021","3.95","3.62","3.84","3.62","2.23K","0.00%"
"04/15/2021","3.95","3.83","3.84","3.63","12.85K","0.00%"
"04/14/2021","3.95","3.92","3.92","3.66","14.40K","0.00%"
"04/13/2021","3.95","3.94","3.94","3.76","7.90K","0.00%"
"04/12/2021","3.95","3.96","3.99","3.94","39.47K","-2.47%"
"04/11/2021","4.05","4.01","4.12","3.96","11.18K","0.00%"
"04/08/2021","4.05","4.13","4.18","3.97","36.56K","-0.74%"
"04/07/2021","4.08","3.85","4.28","3.72","55.18K","-0.73%"
"04/06/2021","4.11","3.70","3.85","3.70","15.28K","0.00%"
"04/05/2021","4.11","4.11","4.11","3.78","23.55K","0.00%"
"04/04/2021","4.11","4.18","4.20","3.94","32.94K","7.31%"
"04/01/2021","3.83","4.04","4.20","4.04","5.20K","0.00%"
"03/31/2021","3.83","3.91","3.91","3.91","2.08K","0.00%"
"03/30/2021","3.83","3.98","3.98","3.90","5.47K","0.00%"
"03/29/2021","3.83","3.82","3.96","3.75","62.39K","0.26%"
"03/28/2021","3.82","3.96","3.96","3.77","5.28K","0.00%"
"03/25/2021","3.82","3.82","3.85","3.75","60.76K","0.00%"
"03/24/2021","3.82","3.82","3.85","3.70","35.06K","0.53%"
"03/23/2021","3.80","3.85","3.85","3.75","35.58K","-4.76%"
"03/22/2021","3.99","4.30","4.30","3.86","28.67K","-4.77%"
"03/21/2021","4.19","4.33","4.33","4.15","25.68K","-0.95%"
"03/18/2021","4.23","4.18","4.33","4.18","5.16K","0.00%"
"03/17/2021","4.23","4.23","4.33","4.20","10.71K","0.00%"
"03/16/2021","4.23","4.33","4.33","4.16","41.69K","-4.73%"
"03/15/2021","4.44","4.42","4.61","4.27","58.62K","0.45%"
"03/14/2021","4.42","4.33","4.49","4.33","50.03K","1.38%"
"03/11/2021","4.36","4.43","4.52","4.33","64.45K","2.11%"
"03/10/2021","4.27","4.19","4.37","4.15","41.50K","-1.16%"
"03/09/2021","4.32","4.33","4.33","4.28","25.90K","-1.59%"
"03/08/2021","4.39","4.60","4.61","4.30","35.48K","-0.68%"
"03/07/2021","4.42","4.39","4.50","4.34","27.86K","4.74%"
"03/04/2021","4.22","4.20","4.40","4.14","23.78K","-7.05%"
"03/03/2021","4.54","4.52","4.52","4.18","21.29K","0.00%"
"03/02/2021","4.54","4.64","4.70","4.36","40.73K","-2.78%"
"03/01/2021","4.67","4.67","4.71","4.58","34.02K","0.65%"
"02/28/2021","4.64","4.67","4.71","4.59","24.17K","0.65%"
"02/25/2021","4.61","4.80","4.80","4.58","17.54K","0.00%"
"02/24/2021","4.61","4.99","4.99","4.43","24.96K","-4.36%"
"02/23/2021","4.82","4.75","4.79","4.71","10.86K","0.00%"
"02/22/2021","4.82","5.00","5.00","4.75","24.68K","-0.62%"
"02/21/2021","4.85","4.71","4.93","4.71","65.66K","-0.21%"
"02/18/2021","4.86","5.44","5.44","4.71","105.64K","-4.52%"
"02/17/2021","5.09","5.19","5.19","4.84","57.49K","-3.23%"
"02/16/2021","5.26","5.16","5.27","5.15","11.83K","0.00%"
"02/15/2021","5.26","5.18","5.29","5.18","2.39K","0.00%"
"02/14/2021","5.26","5.31","5.33","5.15","36.02K","-2.23%"
"02/11/2021","5.38","5.61","5.61","5.24","20.41K","-2.71%"
"02/10/2021","5.53","5.44","5.67","5.38","26.59K","2.22%"
"02/09/2021","5.41","5.57","5.57","5.19","8.83K","0.00%"
"02/08/2021","5.41","5.68","5.68","5.19","42.51K","3.05%"
"02/07/2021","5.25","5.46","5.46","5.13","22.45K","0.57%"
"02/04/2021","5.22","5.10","5.28","5.09","16.77K","0.00%"
"02/03/2021","5.22","5.26","5.34","5.08","20.01K","0.00%"
"02/02/2021","5.22","5.16","5.39","5.01","82.86K","2.55%"
"02/01/2021","5.09","5.26","5.26","4.97","20.36K","3.04%"
"01/31/2021","4.94","5.05","5.19","4.81","101.81K","-1.20%"
"01/27/2021","5.00","4.64","5.24","4.64","149.27K","3.09%"
"01/26/2021","4.85","4.69","4.76","4.62","12.90K","0.00%"
"01/25/2021","4.85","4.62","4.67","4.62","1.11K","0.00%"
"01/24/2021","4.85","4.81","4.81","4.71","13.68K","0.00%"
"01/21/2021","4.85","4.81","4.81","4.74","2.49K","0.00%"
"01/20/2021","4.85","4.81","4.96","4.67","33.49K","-0.41%"
"01/19/2021","4.87","4.72","4.81","4.69","8.13K","0.00%"
"01/18/2021","4.87","4.91","4.91","4.71","8.11K","0.00%"
"01/17/2021","4.87","4.91","4.92","4.71","20.97K","-0.81%"
"01/14/2021","4.91","4.98","5.04","4.72","37.63K","-0.20%"
"01/13/2021","4.92","5.00","5.04","4.81","32.88K","2.29%"
"01/12/2021","4.81","4.76","4.89","4.76","43.66K","2.12%"
"01/11/2021","4.71","4.33","4.89","4.33","31.35K","6.08%"
"01/10/2021","4.44","4.38","4.63","4.19","22.78K","5.21%"
"01/06/2021","4.22","4.27","4.39","4.24","4.40K","0.00%"
"01/05/2021","4.22","4.42","4.42","4.20","0.96K","0.00%"
"01/04/2021","4.22","4.43","4.44","4.33","6.70K","0.00%"
"01/03/2021","4.22","4.33","4.33","4.30","6.34K","0.00%"
"12/31/2020","4.22","4.29","4.33","4.29","8.92K","0.00%"
"12/30/2020","4.22","4.42","4.42","4.28","5.51K","0.00%"
"12/29/2020","4.22","4.23","4.34","4.23","8.52K","0.00%"
"12/28/2020","4.22","4.41","4.58","4.16","19.88K","0.00%"
"12/27/2020","4.22","4.24","4.42","4.05","24.53K","4.98%"
"12/24/2020","4.02","4.39","4.42","4.23","9.05K","0.00%"
"12/23/2020","4.02","4.05","4.23","4.05","12.96K","0.00%"
"12/22/2020","4.02","4.28","4.69","3.94","31.56K","-8.22%"
"12/21/2020","4.38","4.57","4.57","4.28","25.76K","-6.81%"
"12/20/2020","4.70","4.53","4.81","4.53","17.53K","0.00%"
"12/17/2020","4.70","4.49","4.49","4.49","3.33K","0.00%"
"12/16/2020","4.70","4.51","4.68","4.49","6.16K","0.00%"
"12/15/2020","4.70","4.53","4.59","4.52","12.15K","0.00%"
"12/14/2020","4.70","4.53","4.75","4.53","8.26K","0.00%"
"12/13/2020","4.70","4.67","4.86","4.52","37.84K","-0.63%"
"12/10/2020","4.73","4.73","4.87","4.72","24.12K","-4.25%"
"12/09/2020","4.94","4.95","5.15","4.64","17.61K","0.00%"
"12/08/2020","4.94","4.82","4.98","4.81","6.04K","0.00%"
"12/07/2020","4.94","5.06","5.08","4.81","19.54K","0.00%"
"12/06/2020","4.94","5.01","5.17","5.01","10.50K","0.00%"
"12/03/2020","4.94","4.73","5.09","4.73","9.37K","0.00%"
"12/02/2020","4.94","5.25","5.25","4.81","46.94K","-0.40%"
"12/01/2020","4.96","4.92","5.14","4.78","120.68K","2.90%"
"11/30/2020","4.82","4.56","4.98","4.43","73.89K","6.17%"
"11/29/2020","4.54","4.62","4.62","4.43","26.31K","-1.30%"
"11/26/2020","4.60","4.64","4.67","4.43","23.99K","-1.50%"
"11/25/2020","4.67","4.64","4.66","4.47","10.93K","0.00%"
"11/24/2020","4.67","4.38","4.67","4.38","13.90K","0.00%"
"11/23/2020","4.67","4.38","4.38","4.38","2.08K","0.00%"
"11/22/2020","4.67","4.33","4.64","4.33","7.37K","0.00%"
"11/19/2020","4.67","4.44","4.69","4.38","21.31K","0.00%"
"11/18/2020","4.67","4.44","4.45","4.44","2.20K","0.00%"
"11/17/2020","4.67","4.62","4.62","4.62","0.10K","0.00%"
"11/16/2020","4.67","4.65","4.70","4.65","10.91K","1.30%"
"11/15/2020","4.61","4.67","4.70","4.43","16.05K","-0.22%"
"11/12/2020","4.62","4.64","4.67","4.47","9.77K","1.76%"
"11/11/2020","4.54","4.38","4.67","4.38","26.56K","1.79%"
"11/10/2020","4.46","4.51","4.62","4.33","12.16K","-0.89%"
"11/09/2020","4.50","4.26","4.52","4.24","5.44K","0.00%"
"11/08/2020","4.50","4.49","4.52","4.47","17.88K","2.27%"
"11/05/2020","4.40","4.18","4.67","4.18","12.78K","0.69%"
"11/04/2020","4.37","4.69","4.69","4.20","6.24K","0.00%"
"11/03/2020","4.37","4.18","4.18","4.16","5.37K","0.00%"
"11/02/2020","4.37","4.48","4.48","4.17","7.46K","-1.35%"
"11/01/2020","4.43","4.33","4.49","4.14","3.12K","0.00%"
"10/28/2020","4.43","4.43","4.47","4.39","30.30K","2.55%"
"10/27/2020","4.32","4.38","4.38","4.38","4.68K","0.00%"
"10/26/2020","4.32","4.33","4.36","4.24","17.65K","0.70%"
"10/25/2020","4.29","4.45","4.45","3.96","12.23K","4.63%"
"10/22/2020","4.10","4.20","4.20","3.95","47.26K","-4.65%"
"10/21/2020","4.30","4.19","4.19","4.19","1.04K","0.00%"
"10/20/2020","4.30","4.28","4.28","4.11","4.31K","0.00%"
"10/19/2020","4.30","4.32","4.32","4.20","8.86K","2.38%"
"10/18/2020","4.20","4.21","4.33","4.14","37.07K","-3.89%"
"10/15/2020","4.37","4.43","4.62","4.21","32.91K","-0.23%"
"10/14/2020","4.38","4.23","4.43","4.23","5.88K","0.00%"
"10/13/2020","4.38","4.24","4.43","4.24","19.39K","0.23%"
"10/12/2020","4.37","4.43","4.52","4.33","18.96K","-3.10%"
"10/11/2020","4.51","4.51","4.52","4.37","47.26K","0.89%"
"10/07/2020","4.47","4.51","4.52","4.39","31.07K","-0.89%"
"10/06/2020","4.51","4.52","4.52","4.43","8.15K","3.20%"
"10/05/2020","4.37","4.39","4.43","4.33","12.45K","-2.89%"
"10/04/2020","4.50","4.98","4.98","4.43","24.32K","-3.02%"
"10/01/2020","4.64","4.74","4.75","4.52","20.54K","-2.32%"
"09/30/2020","4.75","5.00","5.01","4.52","14.82K","-1.66%"
"09/29/2020","4.83","4.78","5.00","4.71","163.55K","5.23%"
"09/28/2020","4.59","4.43","4.71","4.43","71.27K","4.08%"
"09/27/2020","4.41","4.62","4.70","4.33","23.96K","1.15%"
"09/24/2020","4.36","4.37","4.43","4.27","9.36K","-2.24%"
"09/23/2020","4.46","4.49","4.60","4.38","7.74K","0.68%"
"09/22/2020","4.43","4.46","4.61","4.24","18.23K","0.45%"
"09/21/2020","4.41","4.48","4.50","4.33","23.77K","-0.90%"
"09/20/2020","4.45","4.44","4.62","4.43","10.04K","-0.89%"
"09/17/2020","4.49","4.28","4.60","4.28","29.90K","0.90%"
"09/16/2020","4.45","4.47","4.52","4.41","16.34K","4.71%"
"09/15/2020","4.25","4.11","4.61","4.11","14.39K","-5.56%"
"09/14/2020","4.50","4.69","4.71","4.34","15.24K","-1.10%"
"09/13/2020","4.55","4.43","4.69","4.43","34.75K","4.84%"
"09/10/2020","4.34","4.33","4.43","4.14","28.12K","0.70%"
"09/09/2020","4.31","4.33","4.37","3.87","8.37K","2.38%"
"09/08/2020","4.21","4.49","4.49","4.16","50.20K","-8.87%"
"09/07/2020","4.62","4.54","4.78","4.44","76.55K","2.90%"
"09/06/2020","4.49","4.66","4.66","4.35","75.89K","-2.60%"
"09/03/2020","4.61","4.88","4.96","4.35","25.97K","-4.55%"
"09/02/2020","4.83","4.81","4.87","4.71","36.38K","2.99%"
"09/01/2020","4.69","4.71","4.86","4.68","6.76K","-2.70%"
"08/31/2020","4.82","4.90","5.06","4.68","39.99K","-2.43%"
"08/30/2020","4.94","4.81","5.06","4.81","89.44K","2.70%"
"08/27/2020","4.81","4.81","4.86","4.69","26.23K","-1.84%"
"08/26/2020","4.90","4.91","4.99","4.81","24.73K","4.03%"
"08/25/2020","4.71","4.71","4.80","4.62","22.31K","-0.84%"
"08/24/2020","4.75","4.86","4.91","4.57","49.49K","-2.46%"
"08/23/2020","4.87","4.81","5.00","4.77","96.87K","2.10%"
"08/19/2020","4.77","4.67","4.83","4.63","60.78K","3.47%"
"08/18/2020","4.61","4.57","4.75","4.55","12.95K","-4.16%"
"08/17/2020","4.81","4.98","4.99","4.69","37.23K","-2.83%"
"08/16/2020","4.95","4.76","5.15","4.76","108.34K","5.54%"
"08/13/2020","4.69","4.34","4.75","4.33","151.42K","7.08%"
"08/12/2020","4.38","4.28","4.51","4.21","102.29K","2.34%"
"08/11/2020","4.28","4.09","4.37","3.99","117.72K","5.42%"
"08/10/2020","4.06","4.15","4.15","3.97","33.68K","-2.64%"
"08/09/2020","4.17","4.14","4.24","4.04","58.23K","0.24%"
"08/06/2020","4.16","4.18","4.18","4.14","16.79K","-0.48%"
"08/05/2020","4.18","4.23","4.23","4.14","23.50K","-3.46%"
"08/04/2020","4.33","4.41","4.43","4.23","11.11K","0.00%"
"07/29/2020","4.33","4.46","4.48","4.28","22.96K","-0.92%"
"07/28/2020","4.37","4.38","4.43","4.23","109.45K","4.55%"
"07/27/2020","4.18","3.94","4.20","3.94","87.81K","9.14%"
"07/26/2020","3.83","3.81","3.87","3.75","60.99K","-0.26%"
"07/22/2020","3.84","3.94","3.94","3.75","46.49K","-0.52%"
"07/21/2020","3.86","3.87","4.04","3.69","88.28K","2.93%"
"07/20/2020","3.75","3.75","3.85","3.57","38.28K","0.81%"
"07/19/2020","3.72","4.03","4.03","3.52","98.42K","-4.37%"
"07/16/2020","3.89","3.73","3.99","3.73","75.09K","-6.27%"
"07/15/2020","4.15","4.43","4.43","3.97","41.35K","-5.90%"
"07/14/2020","4.41","4.39","4.52","4.33","21.83K","-2.65%"
"07/13/2020","4.53","4.59","4.62","4.43","35.37K","2.03%"
"07/12/2020","4.44","4.69","4.85","4.29","249.72K","-5.33%"
"07/09/2020","4.69","4.51","4.75","4.51","7.28K","-2.70%"
"07/08/2020","4.82","4.80","4.91","4.62","52.70K","0.63%"
"07/07/2020","4.79","4.85","5.00","4.52","66.86K","-4.20%"
"07/06/2020","5.00","4.92","5.19","4.90","117.62K","-4.58%"
"07/05/2020","5.24","5.29","5.31","5.06","109.91K","0.58%"
"06/30/2020","5.21","5.28","5.29","5.12","85.03K","1.17%"
"06/29/2020","5.15","4.98","5.38","4.98","257.29K","4.46%"
"06/28/2020","4.93","4.48","5.19","4.48","151.69K","-0.40%"
"06/25/2020","4.95","5.38","5.38","4.93","165.43K","-9.34%"
"06/24/2020","5.46","5.66","5.66","5.02","209.30K","4.80%"
"06/23/2020","5.21","4.81","5.43","4.81","140.76K","-0.57%"
"06/22/2020","5.24","5.27","5.32","5.10","174.67K","8.26%"
"06/21/2020","4.84","4.60","4.89","4.38","635.30K","9.01%"
"06/18/2020","4.44","4.42","4.46","4.29","307.81K","9.36%"
"06/17/2020","4.06","3.90","4.07","3.85","93.98K","9.73%"
"06/16/2020","3.70","3.53","3.73","3.53","62.68K","8.82%"
"06/15/2020","3.40","3.46","3.55","3.23","22.84K","-1.73%"
"06/14/2020","3.46","3.45","3.51","3.38","94.12K","0.58%"
"06/11/2020","3.44","3.41","3.52","3.29","42.22K","-0.86%"
"06/10/2020","3.47","3.38","3.56","3.38","255.41K","2.36%"
"06/09/2020","3.39","3.41","3.44","3.36","106.67K","0.00%"
"06/08/2020","3.39","3.33","3.46","3.30","135.61K","-0.59%"
"06/07/2020","3.41","3.42","3.46","3.31","54.82K","3.96%"
"06/04/2020","3.28","3.17","3.34","3.17","112.89K","3.80%"
"06/03/2020","3.16","3.22","3.22","3.14","66.53K","-0.94%"
"06/02/2020","3.19","3.24","3.26","3.15","53.60K","1.92%"
"06/01/2020","3.13","3.14","3.17","3.10","100.26K","-2.19%"
"05/31/2020","3.20","3.22","3.26","3.13","109.40K","-0.93%"
"05/21/2020","3.23","3.17","3.32","3.17","63.17K","0.62%"
"05/20/2020","3.21","3.16","3.27","3.10","64.66K","0.94%"
"05/19/2020","3.18","3.22","3.22","3.16","37.62K","1.92%"
"05/18/2020","3.12","3.06","3.22","2.99","210.77K","4.00%"
"05/17/2020","3.00","2.91","3.24","2.89","464.40K","1.01%"
"05/14/2020","2.97","3.22","3.26","2.95","486.74K","-9.45%"
"05/13/2020","3.28","3.28","3.28","3.28","61.97K","-9.89%"
"05/12/2020","3.64","3.67","3.67","3.64","185.20K","-9.68%"
"05/11/2020","4.03","4.04","4.04","4.03","50.74K","-9.84%"
"05/10/2020","4.47","4.53","4.53","4.47","8.73K","-9.88%"
"05/06/2020","4.96","5.37","5.37","5.37","1.46K","0.00%"
"05/05/2020","4.96","5.28","5.36","5.28","1.04K","0.00%"
"05/04/2020","4.96","4.57","4.57","4.57","0.02K","0.00%"
"05/03/2020","4.96","4.94","4.94","4.94","0.99K","0.00%"
"04/30/2020","4.96","4.78","4.98","4.78","12.13K","9.49%"
"04/28/2020","4.53","4.80","4.80","4.36","0.34K","0.00%"
"04/26/2020","4.53","4.77","4.77","4.77","2.08K","0.00%"
"04/23/2020","4.53","4.20","4.81","4.20","11.36K","0.00%"
"04/22/2020","4.53","4.51","4.51","4.51","0.52K","0.00%"
"04/21/2020","4.53","4.33","4.33","4.20","0.78K","0.00%"
"04/16/2020","4.53","4.14","4.60","4.14","7.59K","8.37%"
"04/15/2020","4.18","4.24","4.24","4.23","2.70K","0.00%"
"04/14/2020","4.18","4.29","4.66","4.16","11.47K","-9.33%"
"04/09/2020","4.61","4.34","4.34","4.34","0.21K","0.00%"
"04/07/2020","4.61","4.53","5.05","4.52","2.71K","0.00%"
"04/02/2020","4.61","4.43","4.94","4.43","6.76K","2.22%"
"04/01/2020","4.51","4.34","4.34","4.14","5.20K","0.00%"
"03/31/2020","4.51","4.34","4.80","4.34","6.05K","0.00%"
"03/29/2020","4.51","4.93","4.93","4.93","0.16K","0.00%"
"03/26/2020","4.51","4.34","5.29","4.33","9.30K","-6.24%"
"03/25/2020","4.81","4.81","4.81","4.81","9.92K","-9.42%"
"03/24/2020","5.31","4.81","4.81","4.78","2.65K","0.00%"
"03/19/2020","5.31","5.26","5.65","5.26","7.36K","-9.08%"
"03/18/2020","5.84","5.26","5.26","5.26","3.23K","0.00%"
"03/16/2020","5.84","5.26","5.29","5.26","3.85K","0.00%"
"03/11/2020","5.84","6.01","6.01","6.01","0.01K","0.00%"
"03/10/2020","5.84","5.32","5.32","5.32","0.62K","0.00%"
"03/08/2020","5.84","5.79","6.24","5.79","0.73K","0.00%"
"03/04/2020","5.84","5.87","5.87","5.53","8.80K","-1.18%"
"03/03/2020","5.91","5.87","5.87","5.87","1.46K","0.00%"
"03/02/2020","5.91","5.87","6.01","5.87","8.70K","0.85%"
"03/01/2020","5.86","5.86","5.87","5.85","7.28K","-8.29%"
"02/27/2020","6.39","6.37","6.45","6.25","16.56K","5.97%"
"02/26/2020","6.03","6.34","6.38","6.11","2.70K","0.00%"
"02/25/2020","6.03","6.21","6.21","6.21","0.31K","0.00%"
"02/24/2020","6.03","6.06","6.40","5.87","15.39K","0.00%"
"02/23/2020","6.03","6.06","6.11","6.06","0.72K","0.00%"
"02/20/2020","6.03","6.07","6.07","6.07","1.04K","0.00%"
"02/19/2020","6.03","5.92","5.92","5.92","0.42K","0.00%"
"02/18/2020","6.03","6.07","6.07","5.92","5.38K","-1.31%"
"02/17/2020","6.11","6.16","6.16","6.06","9.45K","-1.77%"
"02/16/2020","6.22","6.01","6.01","5.96","3.15K","0.00%"
"02/13/2020","6.22","5.99","5.99","5.98","0.42K","0.00%"
"02/12/2020","6.22","5.98","5.98","5.98","0.22K","0.00%"
"02/11/2020","6.22","6.21","6.25","5.92","13.41K","2.64%"
"02/10/2020","6.06","5.88","5.88","5.85","1.04K","0.00%"
"02/06/2020","6.06","5.85","6.24","5.85","0.24K","0.00%"
"02/05/2020","6.06","5.85","5.85","5.85","0.43K","0.00%"
"02/04/2020","6.06","6.64","6.64","5.85","4.26K","0.00%"
"02/02/2020","6.06","6.03","6.35","5.85","1.19K","0.00%"
"01/30/2020","6.06","6.07","6.08","6.03","5.58K","-3.04%"
"01/29/2020","6.25","6.06","6.25","6.06","0.23K","0.00%"
"01/23/2020","6.25","6.26","6.35","6.06","6.12K","-1.11%"
"01/22/2020","6.32","6.06","6.06","6.06","3.81K","0.00%"
"01/21/2020","6.32","6.37","6.37","6.01","5.03K","-0.78%"
"01/20/2020","6.37","6.01","6.01","6.01","0.23K","0.00%"
"01/19/2020","6.37","6.06","6.06","6.06","1.04K","0.00%"
"01/16/2020","6.37","6.21","6.21","5.96","1.22K","0.00%"
"01/15/2020","6.37","6.18","6.45","6.16","11.67K","2.08%"
"01/14/2020","6.24","6.50","6.50","6.16","13.28K","3.83%"
"01/13/2020","6.01","6.50","6.50","6.50","0.01K","0.00%"
"01/12/2020","6.01","6.25","6.25","5.96","12.68K","-3.69%"
"01/09/2020","6.24","6.20","6.25","6.19","12.26K","-0.16%"
"01/08/2020","6.25","6.25","6.25","6.25","0.18K","0.00%"
"01/06/2020","6.25","6.25","6.25","6.19","1.05K","0.00%"
"01/05/2020","6.25","6.19","6.19","6.19","1.04K","0.00%"
"01/02/2020","6.25","6.25","6.25","6.25","0.76K","0.00%"
"12/29/2019","6.25","6.26","6.26","6.25","8.32K","0.00%"
"12/26/2019","6.25","6.26","6.26","6.26","0.32K","0.00%"
"12/25/2019","6.25","6.25","6.25","6.19","10.87K","0.32%"
"12/24/2019","6.23","6.21","6.21","6.19","0.26K","0.00%"
"12/23/2019","6.23","6.19","6.19","6.19","0.38K","0.00%"
"12/19/2019","6.23","6.17","6.17","6.16","2.45K","0.00%"
"12/18/2019","6.23","6.02","6.25","6.01","11.43K","1.14%"
"12/17/2019","6.16","6.17","6.17","6.02","1.44K","0.00%"
"12/15/2019","6.16","6.11","6.16","6.11","12.29K","0.82%"
"12/12/2019","6.11","6.02","6.02","6.02","0.99K","0.00%"
"12/11/2019","6.11","6.17","6.17","6.01","8.93K","-2.24%"
"12/10/2019","6.25","5.82","6.25","5.82","0.44K","0.00%"
"12/09/2019","6.25","6.16","6.16","6.16","1.04K","0.00%"
"12/08/2019","6.25","6.17","6.17","5.87","1.07K","0.00%"
"12/05/2019","6.25","6.25","6.25","5.80","0.27K","0.00%"
"12/04/2019","6.25","6.25","6.25","6.25","10.91K","-3.10%"
"12/03/2019","6.45","6.06","6.06","6.06","0.04K","0.00%"
"12/02/2019","6.45","5.96","5.96","5.96","0.01K","0.00%"
"11/28/2019","6.45","6.07","6.07","6.07","0.58K","0.00%"
"11/26/2019","6.45","6.45","6.45","6.45","8.32K","-3.44%"
"11/21/2019","6.68","6.42","6.49","6.42","1.37K","0.00%"
"11/19/2019","6.68","6.40","6.51","6.40","1.91K","0.00%"
"11/18/2019","6.68","6.36","6.36","6.26","4.28K","0.00%"
"11/17/2019","6.68","6.30","6.51","6.01","1.50K","0.00%"
"11/14/2019","6.68","6.54","6.54","6.35","1.20K","0.00%"
"11/13/2019","6.68","6.64","6.73","6.49","11.81K","-0.74%"
"11/12/2019","6.73","6.59","6.83","6.59","0.21K","0.00%"
"11/11/2019","6.73","6.73","6.73","6.73","10.81K","0.45%"
"11/07/2019","6.70","6.82","6.83","6.82","0.42K","0.00%"
"11/06/2019","6.70","6.55","6.82","6.54","1.68K","0.00%"
"11/05/2019","6.70","6.54","6.83","6.54","0.99K","0.00%"
"11/04/2019","6.70","6.54","6.54","6.49","1.21K","0.00%"
"11/03/2019","6.70","6.73","6.73","6.65","4.31K","0.00%"
"10/31/2019","6.70","6.83","6.83","6.49","0.90K","0.00%"
"10/30/2019","6.70","6.49","6.49","6.49","0.21K","0.00%"
"10/29/2019","6.70","6.49","6.73","6.49","6.14K","-0.30%"
"10/28/2019","6.72","6.54","6.73","6.54","23.82K","-0.15%"
"10/27/2019","6.73","6.06","6.73","6.06","0.59K","0.00%"
"10/24/2019","6.73","6.52","6.52","6.52","0.91K","0.00%"
"10/22/2019","6.73","6.74","6.74","6.50","0.75K","0.00%"
"10/21/2019","6.73","6.74","6.74","6.73","5.20K","0.00%"
"10/20/2019","6.73","6.73","6.92","6.49","1.77K","0.00%"
"10/17/2019","6.73","6.73","6.73","6.73","8.94K","-1.46%"
"10/15/2019","6.83","6.83","6.83","6.73","10.81K","1.64%"
"10/14/2019","6.72","6.72","6.73","6.72","0.91K","0.00%"
"10/13/2019","6.72","6.53","6.73","6.53","11.02K","-1.61%"
"10/10/2019","6.83","6.64","6.66","6.50","2.89K","0.00%"
"10/09/2019","6.83","6.83","6.83","6.83","7.28K","0.59%"
"10/08/2019","6.79","6.72","6.72","6.72","1.04K","0.00%"
"10/07/2019","6.79","6.83","6.83","6.73","6.78K","0.74%"
"10/03/2019","6.74","6.50","7.12","6.50","2.37K","0.00%"
"10/02/2019","6.74","6.73","6.73","6.73","0.21K","0.00%"
"10/01/2019","6.74","7.10","7.22","7.10","1.22K","0.00%"
"09/30/2019","6.74","6.74","6.97","6.74","2.52K","0.00%"
"09/29/2019","6.74","6.60","7.01","6.60","0.73K","0.00%"
"09/26/2019","6.74","6.99","6.99","6.49","0.52K","0.00%"
"09/25/2019","6.74","7.11","7.12","7.11","0.73K","0.00%"
"09/24/2019","6.74","6.64","6.64","6.07","0.37K","0.00%"
"09/23/2019","6.74","6.74","6.74","6.73","7.80K","-6.91%"
"09/22/2019","7.24","6.94","6.94","6.74","2.02K","0.00%"
"09/17/2019","7.24","7.70","7.70","7.22","3.35K","0.00%"
"09/16/2019","7.24","6.88","7.22","6.88","0.79K","0.00%"
"09/15/2019","7.24","7.22","7.22","7.22","0.44K","0.00%"
"09/12/2019","7.24","7.22","7.22","7.22","0.21K","0.00%"
"09/11/2019","7.24","7.22","7.51","7.22","2.57K","0.00%"
"09/10/2019","7.24","6.88","7.22","6.88","1.23K","0.00%"
"09/09/2019","7.24","7.22","7.22","7.22","0.41K","0.00%"
"09/08/2019","7.24","6.93","7.57","6.93","6.38K","-0.14%"
"09/05/2019","7.25","7.31","7.31","7.22","2.08K","0.00%"
"09/04/2019","7.25","7.22","7.31","7.22","6.04K","0.00%"
"09/03/2019","7.25","7.22","7.22","7.22","3.50K","0.00%"
"09/02/2019","7.25","7.35","7.36","7.23","1.26K","0.00%"
"09/01/2019","7.25","6.84","7.31","6.84","7.76K","0.42%"
"08/29/2019","7.22","7.22","7.31","7.22","92.82K","-2.70%"
"08/28/2019","7.42","7.31","7.31","7.31","0.26K","0.00%"
"08/27/2019","7.42","7.22","7.59","7.22","9.47K","2.77%"
"08/26/2019","7.22","7.31","7.31","7.22","29.00K","-0.55%"
"08/25/2019","7.26","7.31","7.31","6.89","4.39K","0.55%"
"08/22/2019","7.22","7.22","7.22","7.22","0.55K","0.00%"
"08/21/2019","7.22","7.23","7.23","7.22","10.39K","0.00%"
"08/20/2019","7.22","7.31","7.31","7.23","1.12K","0.00%"
"08/19/2019","7.22","7.23","7.70","7.22","0.52K","0.00%"
"08/18/2019","7.22","7.26","7.78","7.26","1.17K","0.00%"
"08/15/2019","7.22","7.22","7.22","7.17","0.42K","0.00%"
"08/14/2019","7.22","7.31","7.31","7.22","0.06K","0.00%"
"08/08/2019","7.22","7.44","7.55","7.22","2.40K","0.00%"
"08/07/2019","7.22","7.04","7.22","7.02","2.71K","0.00%"
"08/06/2019","7.22","7.22","7.22","7.22","1.56K","0.00%"
"08/05/2019","7.22","7.22","7.22","7.22","5.00K","0.00%"
"08/04/2019","7.22","6.90","7.22","6.90","1.35K","0.00%"
"08/01/2019","7.22","7.22","7.31","7.22","8.32K","-2.04%"
"07/31/2019","7.37","7.22","7.22","7.22","2.39K","0.00%"
"07/30/2019","7.37","7.03","7.12","7.03","4.02K","0.00%"
"07/29/2019","7.37","7.22","7.57","7.22","6.54K","-2.77%"
"07/28/2019","7.58","6.94","7.60","6.76","8.52K","4.99%"
"07/25/2019","7.22","7.22","7.22","7.22","25.43K","0.00%"
"07/24/2019","7.22","7.22","7.22","7.22","9.98K","-1.10%"
"07/22/2019","7.30","7.21","7.60","7.21","13.89K","5.49%"
"07/21/2019","6.92","6.89","6.89","6.89","0.03K","0.00%"
"07/18/2019","6.92","6.83","7.22","6.76","3.00K","0.00%"
"07/17/2019","6.92","6.90","7.22","6.84","12.27K","-4.16%"
"07/16/2019","7.22","7.14","7.14","6.96","1.07K","0.00%"
"07/15/2019","7.22","7.26","7.26","7.22","158.73K","-2.56%"
"07/14/2019","7.41","7.26","7.26","7.26","1.49K","0.00%"
"07/11/2019","7.41","7.41","7.42","7.38","45.38K","-1.07%"
"07/10/2019","7.49","7.70","7.70","7.41","4.79K","0.13%"
"07/09/2019","7.48","7.46","7.47","7.46","2.77K","0.00%"
"07/08/2019","7.48","7.46","7.46","7.46","0.27K","0.00%"
"07/07/2019","7.48","7.43","7.50","7.42","11.75K","0.94%"
"07/04/2019","7.41","7.44","7.44","7.41","12.89K","-6.56%"
"07/03/2019","7.93","7.09","8.04","7.09","118.07K","1.41%"
"07/02/2019","7.82","7.36","7.38","7.36","3.86K","0.00%"
"06/27/2019","7.82","7.87","7.91","7.31","5.87K","3.99%"
"06/26/2019","7.52","6.74","7.94","6.73","29.66K","2.87%"
"06/25/2019","7.31","6.74","6.74","6.74","0.05K","0.00%"
"06/24/2019","7.31","6.82","7.29","6.75","1.63K","0.00%"
"06/23/2019","7.31","6.81","6.81","6.81","0.07K","0.00%"
"06/20/2019","7.31","7.22","7.22","6.75","0.93K","0.00%"
"06/19/2019","7.31","7.31","7.32","7.27","5.61K","-7.82%"
"06/18/2019","7.93","7.31","7.31","7.31","1.04K","0.00%"
"06/17/2019","7.93","7.19","7.94","7.19","2.11M","5.73%"
"06/16/2019","7.50","7.24","7.70","7.24","0.05K","0.00%"
"06/13/2019","7.50","7.41","7.60","7.24","4.92K","-0.13%"
"06/11/2019","7.51","7.27","7.60","7.27","7.23K","-5.42%"
"06/10/2019","7.94","7.50","7.50","7.35","0.30K","0.00%"
"06/09/2019","7.94","7.79","7.94","7.22","2.08M","8.03%"
"06/03/2019","7.35","7.20","7.69","7.19","13.09K","-7.43%"
"06/02/2019","7.94","7.15","7.86","7.15","3.43K","0.00%"
"05/30/2019","7.94","7.16","7.69","7.15","3.61K","0.00%"
"05/28/2019","7.94","7.92","7.94","7.92","2.08M","0.51%"
"05/27/2019","7.90","7.79","7.79","7.27","1.04K","0.00%"
"05/26/2019","7.90","7.15","7.15","7.15","0.01K","0.00%"
"05/23/2019","7.90","7.31","7.31","7.22","0.30K","0.00%"
"05/22/2019","7.90","7.87","8.08","7.87","10.39K","-0.50%"
"05/21/2019","7.94","7.22","7.22","7.22","0.05K","0.00%"
"05/20/2019","7.94","7.15","7.15","7.15","0.21K","0.00%"
"05/19/2019","7.94","7.02","7.94","7.02","5.29M","4.61%"
"05/16/2019","7.59","6.97","6.97","6.97","1.46K","0.00%"
"05/15/2019","7.59","7.22","7.22","7.22","0.35K","0.00%"
"05/14/2019","7.59","7.22","7.22","7.22","0.03K","0.00%"
"05/13/2019","7.59","7.22","7.22","7.22","3.19K","0.00%"
"05/09/2019","7.59","7.22","7.22","7.22","3.33K","0.00%"
"05/08/2019","7.59","7.36","7.36","7.22","3.32K","0.00%"
"05/05/2019","7.59","7.87","7.89","7.50","12.06K","1.20%"
"05/02/2019","7.50","7.36","7.36","7.36","1.85K","0.00%"
"04/30/2019","7.50","7.50","7.50","7.50","0.52K","0.00%"
"04/23/2019","7.50","7.50","7.50","7.32","8.37K","-0.53%"
"04/22/2019","7.54","7.32","7.92","7.32","0.36K","0.00%"
"04/21/2019","7.54","7.46","7.60","7.31","9.30K","-5.40%"
"04/18/2019","7.97","7.31","7.70","7.31","0.54K","0.00%"
"04/17/2019","7.97","7.20","7.32","7.20","0.24K","0.00%"
"04/16/2019","7.97","8.10","8.17","7.81","1.93K","0.00%"
"04/15/2019","7.97","7.76","7.76","7.76","0.03K","0.00%"
"04/14/2019","7.97","7.94","8.12","7.73","3.93K","-4.55%"
"04/11/2019","8.35","8.37","8.37","7.94","2.44K","0.00%"
"04/10/2019","8.35","7.98","8.01","7.98","1.44K","0.00%"
"04/09/2019","8.35","8.36","8.36","7.72","2.17K","0.00%"
"04/08/2019","8.35","8.46","8.46","8.34","3.89K","3.73%"
"04/07/2019","8.05","8.51","8.51","8.03","9.06K","-0.49%"
"04/04/2019","8.09","8.37","8.37","8.08","13.42K","-0.25%"
"04/03/2019","8.11","8.52","8.52","8.51","0.04K","0.00%"
"04/02/2019","8.11","8.42","8.47","7.99","0.59K","0.00%"
"04/01/2019","8.11","8.42","8.42","8.08","1.80K","0.00%"
"03/31/2019","8.11","8.54","8.54","8.37","1.21K","0.00%"
"03/28/2019","8.11","8.44","8.44","8.08","1.05K","0.00%"
"03/27/2019","8.11","8.26","8.26","7.99","0.52K","0.00%"
"03/26/2019","8.11","8.18","8.26","7.98","13.81K","0.50%"
"03/25/2019","8.07","8.03","8.26","8.03","1.57K","0.00%"
"03/24/2019","8.07","8.07","8.07","7.95","0.08K","0.00%"
"03/20/2019","8.07","7.93","8.47","7.93","9.11K","1.00%"
"03/19/2019","7.99","8.25","8.25","7.97","9.04K","-3.39%"
"03/18/2019","8.27","8.18","8.46","8.10","0.79K","0.00%"
"03/17/2019","8.27","8.55","8.55","8.20","1.08K","0.00%"
"03/14/2019","8.27","8.23","8.37","8.21","11.14K","-2.48%"
"03/13/2019","8.48","8.55","8.55","8.28","0.40K","0.00%"
"03/12/2019","8.48","8.56","8.63","8.20","3.01K","0.00%"
"03/11/2019","8.48","8.15","8.65","8.15","12.03K","4.56%"
"03/07/2019","8.11","8.18","8.18","8.13","0.52K","0.00%"
"03/06/2019","8.11","8.05","8.13","8.05","8.18K","-0.12%"
"03/05/2019","8.12","8.20","8.40","8.05","13.98K","-2.17%"
"03/04/2019","8.30","8.42","8.42","8.27","13.13K","-1.31%"
"03/03/2019","8.41","8.36","8.36","8.27","1.46K","0.00%"
"02/28/2019","8.41","8.54","8.54","8.36","16.55K","-0.83%"
"02/27/2019","8.48","8.42","8.79","8.39","0.61K","0.00%"
"02/26/2019","8.48","8.48","8.51","8.43","3.81K","0.83%"
"02/25/2019","8.41","8.64","8.65","8.37","1.06K","0.00%"
"02/24/2019","8.41","8.39","8.49","8.34","6.82K","-0.94%"
"02/21/2019","8.49","8.48","8.51","8.47","5.83K","-1.16%"
"02/20/2019","8.59","8.39","8.75","8.39","3.68K","-1.04%"
"02/19/2019","8.68","8.66","8.75","8.66","13.10K","1.28%"
"02/18/2019","8.57","8.51","8.70","8.45","25.05K","0.23%"
"02/17/2019","8.55","8.66","8.76","8.37","15.96K","0.47%"
"02/14/2019","8.51","8.35","8.79","8.23","77.21K","3.53%"
"02/13/2019","8.22","8.46","8.85","7.97","201.75K","-7.01%"
"02/12/2019","8.84","8.75","8.75","8.45","2.09K","0.00%"
"02/11/2019","8.84","8.66","8.66","8.66","1.04K","0.00%"
"02/10/2019","8.84","8.48","8.67","8.48","1.94K","0.00%"
"02/07/2019","8.84","8.82","8.90","8.68","4.62K","0.34%"
"02/06/2019","8.81","8.38","8.89","8.38","3.43K","3.04%"
"02/05/2019","8.55","8.66","8.66","8.41","1.10K","0.00%"
"02/04/2019","8.55","8.66","9.02","8.66","1.04K","0.00%"
"02/03/2019","8.55","8.47","8.47","8.30","1.91K","0.00%"
"01/31/2019","8.55","8.65","8.66","8.37","1.43K","0.00%"
"01/30/2019","8.55","8.30","8.37","8.30","0.84K","0.00%"
"01/29/2019","8.55","8.30","8.30","8.30","0.78K","0.00%"
"01/28/2019","8.55","8.28","8.28","8.28","0.21K","0.00%"
"01/27/2019","8.55","8.23","8.25","8.23","0.25K","0.00%"
"01/23/2019","8.55","8.37","8.37","8.19","3.14K","0.00%"
"01/22/2019","8.55","8.37","8.38","8.37","0.80K","0.00%"
"01/21/2019","8.55","8.38","8.39","8.33","2.20K","0.00%"
"01/20/2019","8.55","8.40","8.66","8.37","0.97K","0.00%"
"01/17/2019","8.55","8.33","8.39","8.33","0.63K","0.00%"
"01/16/2019","8.55","8.37","8.71","8.35","2.93K","0.00%"
"01/15/2019","8.55","8.65","9.12","8.31","3.04K","0.00%"
"01/14/2019","8.55","8.65","9.23","8.26","2.91K","0.00%"
"01/13/2019","8.55","8.66","8.66","8.18","4.16K","0.23%"
"01/10/2019","8.53","8.66","9.04","8.66","2.99K","0.00%"
"01/09/2019","8.53","9.23","9.23","8.11","4.21K","-1.16%"
"01/08/2019","8.63","8.55","8.55","8.55","0.10K","0.00%"
"01/06/2019","8.63","8.66","8.71","7.88","1.54K","0.00%"
"01/03/2019","8.63","8.66","8.66","8.66","0.66K","0.00%"
"01/02/2019","8.63","7.86","8.23","7.86","0.21K","0.00%"
"12/31/2018","8.63","8.21","8.21","8.18","0.21K","0.00%"
"12/30/2018","8.63","8.21","8.21","8.21","0.01K","0.00%"
"12/27/2018","8.63","8.66","8.66","8.66","0.11K","0.00%"
"12/26/2018","8.63","8.30","8.30","7.91","0.45K","0.00%"
"12/23/2018","8.63","9.12","9.12","9.12","0.00K","0.00%"
"12/20/2018","8.63","8.66","9.13","8.66","0.36K","0.00%"
"12/18/2018","8.63","8.51","8.51","8.28","0.75K","0.00%"
"12/17/2018","8.63","8.51","9.36","8.51","0.27K","0.00%"
"12/16/2018","8.63","9.37","9.37","9.24","0.84K","0.00%"
"12/13/2018","8.63","9.31","9.31","9.31","0.75K","0.00%"
"12/12/2018","8.63","7.98","9.02","7.98","5.21K","5.12%"
"12/11/2018","8.21","7.98","8.08","7.98","0.03K","0.00%"
"12/10/2018","8.21","7.98","7.98","7.98","0.26K","0.00%"
"12/09/2018","8.21","7.86","7.94","7.86","0.17K","0.00%"
"12/06/2018","8.21","8.19","8.19","7.86","0.26K","0.00%"
"12/05/2018","8.21","8.66","8.66","8.18","0.01K","0.00%"
"12/04/2018","8.21","8.65","8.65","7.86","6.50K","-3.18%"
"12/03/2018","8.48","8.48","8.52","8.47","5.20K","-2.86%"
"12/02/2018","8.73","8.75","8.75","8.66","16.26K","-1.47%"
"11/29/2018","8.86","8.75","8.75","8.66","1.83K","0.00%"
"11/28/2018","8.86","9.14","9.14","8.48","1.63K","0.00%"
"11/27/2018","8.86","8.75","8.75","8.75","0.01K","0.00%"
"11/26/2018","8.86","8.75","8.90","8.75","0.58K","0.00%"
"11/25/2018","8.86","8.90","8.90","8.75","18.14K","1.14%"
"11/22/2018","8.76","8.87","8.91","8.86","2.68K","0.00%"
"11/21/2018","8.76","8.66","8.76","8.66","0.10K","0.00%"
"11/19/2018","8.76","8.75","8.78","8.74","3.70K","-6.11%"
"11/18/2018","9.33","8.69","8.91","8.69","1.73K","0.00%"
"11/15/2018","9.33","8.74","8.90","8.66","1.23K","0.00%"
"11/14/2018","9.33","8.74","8.85","8.74","0.20K","0.00%"
"11/13/2018","9.33","9.14","9.14","9.14","0.26K","0.00%"
"11/12/2018","9.33","9.26","9.38","9.24","7.45K","2.53%"
"11/11/2018","9.10","8.74","9.38","8.74","0.80K","0.00%"
"11/08/2018","9.10","8.85","8.85","8.85","0.21K","0.00%"
"11/06/2018","9.10","8.93","9.76","8.72","2.10K","0.00%"
"11/05/2018","9.10","8.85","8.87","8.85","1.88K","0.00%"
"11/04/2018","9.10","9.13","9.13","8.85","0.21K","0.00%"
"11/01/2018","9.10","9.13","9.13","8.75","13.20K","0.00%"
"10/31/2018","9.10","8.68","9.14","8.68","23.94K","-5.31%"
"10/30/2018","9.61","8.71","8.92","8.71","0.98K","0.00%"
"10/29/2018","9.61","9.14","9.62","8.73","2.11K","0.00%"
"10/28/2018","9.61","8.67","8.76","8.67","0.04K","0.00%"
"10/25/2018","9.61","9.33","9.62","8.91","0.97K","0.00%"
"10/24/2018","9.61","9.76","10.56","9.62","0.56K","0.00%"
"10/23/2018","9.61","9.81","9.81","9.62","0.36K","0.00%"
"10/22/2018","9.61","9.86","9.86","9.33","1.67K","0.00%"
"10/21/2018","9.61","9.76","9.90","9.42","0.66K","0.00%"
"10/18/2018","9.61","10.08","10.08","9.86","0.55K","0.00%"
"10/17/2018","9.61","9.60","10.08","9.50","3.47K","3.22%"
"10/16/2018","9.31","9.62","9.62","9.35","0.98K","0.00%"
"10/15/2018","9.31","9.33","9.84","9.15","8.84K","3.44%"
"10/14/2018","9.00","9.33","9.33","9.14","1.29K","0.00%"
"10/11/2018","9.00","9.14","9.14","8.95","3.87K","2.62%"
"10/10/2018","8.77","9.33","9.33","8.90","2.62K","0.00%"
"10/09/2018","8.77","9.33","9.33","8.75","4.24K","0.23%"
"10/08/2018","8.75","8.66","9.50","7.88","2.28K","0.00%"
"10/04/2018","8.75","9.53","9.53","8.66","7.46K","-4.27%"
"10/03/2018","9.14","9.45","9.61","8.76","1.07K","0.00%"
"10/02/2018","9.14","8.51","9.23","8.51","11.03K","-1.83%"
"10/01/2018","9.31","9.17","9.17","8.66","1.51K","0.00%"
"09/30/2018","9.31","9.04","9.33","9.04","4.42K","-0.32%"
"09/27/2018","9.34","9.62","9.62","9.33","3.43K","1.85%"
"09/26/2018","9.17","9.62","9.62","9.24","3.10K","0.00%"
"09/25/2018","9.17","9.14","9.14","8.94","1.30K","0.00%"
"09/24/2018","9.17","9.14","9.14","9.14","3.12K","0.00%"
"09/23/2018","9.17","8.75","8.75","8.75","0.24K","0.00%"
"09/20/2018","9.17","9.14","9.14","8.66","1.83K","0.00%"
"09/19/2018","9.17","9.14","9.48","8.95","7.53K","-5.17%"
"09/18/2018","9.67","9.81","9.81","8.96","8.84K","-1.43%"
"09/17/2018","9.81","9.81","9.81","9.78","11.85K","-9.67%"
"09/13/2018","10.86","10.21","10.88","10.21","8.85K","2.74%"
"09/12/2018","10.57","10.58","10.77","10.49","1.29K","0.00%"
"09/10/2018","10.57","9.81","9.81","9.81","0.09K","0.00%"
"09/09/2018","10.57","10.49","10.58","10.49","8.12K","1.15%"
"09/05/2018","10.45","10.42","10.44","10.42","0.72K","0.00%"
"09/04/2018","10.45","10.34","10.42","10.34","1.09K","0.00%"
"09/03/2018","10.45","10.49","11.45","10.20","3.41K","-2.43%"
"08/30/2018","10.71","10.87","10.97","10.49","2.35K","0.00%"
"08/29/2018","10.71","10.58","10.77","10.44","5.20K","1.71%"
"08/28/2018","10.53","11.45","11.45","10.41","0.59K","0.00%"
"08/27/2018","10.53","10.44","10.58","10.40","2.89K","-3.13%"
"08/26/2018","10.87","10.41","10.41","10.40","1.04K","0.00%"
"08/19/2018","10.87","10.69","11.40","10.47","5.03K","3.52%"
"08/16/2018","10.50","10.30","10.69","10.29","2.85K","0.00%"
"08/15/2018","10.50","10.64","10.64","10.15","13.32K","-1.22%"
"08/14/2018","10.63","10.97","10.97","10.60","21.81K","-9.76%"
"08/13/2018","11.78","11.21","11.83","11.21","5.35K","1.03%"
"08/12/2018","11.66","11.02","11.21","11.00","0.35K","0.00%"
"08/09/2018","11.66","11.73","11.74","11.59","4.44K","1.04%"
"08/08/2018","11.54","11.54","11.66","11.50","17.40K","-0.43%"
"08/07/2018","11.59","11.54","11.87","11.54","3.32K","-4.45%"
"08/06/2018","12.13","11.27","11.54","11.26","0.94K","0.00%"
"08/05/2018","12.13","11.55","11.55","11.54","0.21K","0.00%"
"08/02/2018","12.13","12.12","12.41","12.03","4.13K","-0.16%"
"08/01/2018","12.15","12.03","12.31","12.03","5.21K","-0.49%"
"07/31/2018","12.21","12.22","12.30","12.07","11.50K","-1.77%"
"07/30/2018","12.43","12.51","12.51","12.31","10.35K","-4.02%"
"07/29/2018","12.95","12.18","12.18","12.18","0.21K","0.00%"
"07/26/2018","12.95","12.03","13.21","12.03","6.95K","0.47%"
"07/25/2018","12.89","12.90","12.90","12.89","3.23K","-4.31%"
"07/24/2018","13.47","13.47","13.47","13.47","18.26K","0.00%"
"07/22/2018","13.47","12.89","13.37","12.89","1.01K","0.00%"
"07/19/2018","13.47","13.47","13.47","13.47","0.94K","0.00%"
"07/18/2018","13.47","13.47","13.48","13.37","9.21K","0.00%"
"07/17/2018","13.47","13.47","13.48","13.47","21.26K","-0.30%"
"07/16/2018","13.51","13.93","13.93","13.47","17.25K","0.30%"
"07/15/2018","13.47","13.47","13.61","13.47","50.93K","-1.54%"
"07/12/2018","13.68","13.76","13.76","13.42","14.84K","1.18%"
"07/11/2018","13.52","13.37","13.76","13.37","18.43K","2.27%"
"07/10/2018","13.22","12.64","13.76","12.64","268.96K","5.68%"
"07/09/2018","12.51","12.52","12.55","12.12","110.67K","0.00%"
"07/08/2018","12.51","12.22","12.60","12.22","222.03K","0.00%"
"07/05/2018","12.51","12.60","12.60","12.22","54.11K","0.00%"
"07/04/2018","12.51","11.54","12.70","11.54","132.01K","3.13%"
"06/25/2018","12.13","11.93","12.37","11.88","57.85K","1.59%"
"06/24/2018","11.94","12.04","12.07","11.79","21.70K","-0.91%"
"06/21/2018","12.05","12.03","12.51","12.03","13.34K","-2.90%"
"06/20/2018","12.41","12.17","12.68","11.87","5.70K","1.06%"
"06/19/2018","12.28","12.40","12.79","11.93","18.48K","-0.24%"
"06/14/2018","12.31","12.03","12.36","12.03","24.75K","0.65%"
"06/13/2018","12.23","12.31","12.40","12.03","33.70K","0.74%"
"06/12/2018","12.14","12.46","12.51","12.03","26.78K","-2.02%"
"06/11/2018","12.39","12.99","12.99","12.12","27.84K","-2.90%"
"06/10/2018","12.76","12.18","12.84","12.18","106.50K","9.25%"
"06/07/2018","11.68","11.30","12.32","11.30","744.88K","4.19%"
"06/06/2018","11.21","11.16","11.45","10.88","13.43K","-1.23%"
"06/05/2018","11.35","11.39","11.44","10.82","99.86K","0.44%"
"06/04/2018","11.30","11.26","11.35","11.26","70.63K","1.62%"
"06/03/2018","11.12","11.12","11.34","11.06","8.10K","0.54%"
"05/31/2018","11.06","11.07","11.43","10.97","13.56K","0.09%"
"05/30/2018","11.05","10.98","11.26","10.97","16.13K","-2.04%"
"05/29/2018","11.28","10.97","11.45","10.97","48.70K","2.83%"
"05/28/2018","10.97","11.02","11.06","10.83","3.72K","1.01%"
"05/27/2018","10.86","11.15","11.15","10.82","6.43K","0.56%"
"05/24/2018","10.80","11.06","11.06","10.77","4.60K","-0.09%"
"05/23/2018","10.81","10.86","10.86","10.78","3.06K","-0.73%"
"05/22/2018","10.89","10.79","11.06","10.78","6.28K","-1.45%"
"05/21/2018","11.05","10.97","11.28","10.97","10.39K","0.64%"
"05/20/2018","10.98","11.01","11.01","10.77","2.66K","0.00%"
"05/17/2018","10.98","10.98","11.01","10.97","4.73K","0.00%"
"05/16/2018","10.98","11.00","11.01","10.80","2.96K","1.39%"
"05/15/2018","10.83","10.70","11.00","10.70","8.47K","0.19%"
"05/14/2018","10.81","10.73","10.87","10.73","8.01K","0.28%"
"05/13/2018","10.78","11.05","11.05","10.73","10.50K","0.75%"
"05/10/2018","10.70","10.80","10.80","10.66","7.86K","-1.02%"
"05/09/2018","10.81","10.87","10.87","10.73","11.11K","-0.28%"
"05/08/2018","10.84","10.92","10.96","10.69","8.36K","0.37%"
"05/07/2018","10.80","10.87","10.87","10.60","3.67K","-1.55%"
"05/06/2018","10.97","11.06","11.07","10.88","9.49K","-0.27%"
"05/03/2018","11.00","11.10","11.26","10.92","5.78K","-2.05%"
"05/02/2018","11.23","11.43","11.43","11.09","12.37K","-0.80%"
"04/30/2018","11.32","11.35","11.45","11.27","8.84K","0.44%"
"04/29/2018","11.27","11.26","11.52","11.17","9.93K","0.00%"
"04/26/2018","11.27","11.50","11.50","11.13","13.11K","-1.57%"
"04/24/2018","11.45","11.45","11.50","11.41","10.52K","-0.35%"
"04/23/2018","11.49","11.54","11.54","11.36","27.45K","-0.35%"
"04/22/2018","11.53","11.59","11.88","11.36","24.12K","-2.62%"
"04/19/2018","11.84","11.54","12.17","11.54","70.90K","4.04%"
"04/18/2018","11.38","11.06","11.91","11.06","43.72K","3.45%"
"04/17/2018","11.00","10.97","11.15","10.89","29.94K","0.00%"
"04/16/2018","11.00","11.05","11.15","10.78","28.73K","-0.45%"
"04/15/2018","11.05","11.04","11.16","10.95","64.15K","2.89%"
"04/12/2018","10.74","10.71","10.97","10.58","18.52K","-2.63%"
"04/11/2018","11.03","11.06","11.06","10.94","22.82K","-0.18%"
"04/10/2018","11.05","11.35","11.35","10.91","54.08K","-2.73%"
"04/05/2018","11.36","11.56","11.56","11.22","33.21K","-3.65%"
"04/04/2018","11.79","12.02","12.02","11.55","7.45K","0.86%"
"04/03/2018","11.69","11.57","12.12","11.56","10.78K","-2.42%"
"04/02/2018","11.98","11.78","12.27","11.65","40.69K","3.19%"
"04/01/2018","11.61","12.13","12.13","11.55","13.67K","-4.68%"
"03/29/2018","12.18","12.38","12.38","12.13","24.26K","-1.62%"
"03/28/2018","12.38","12.50","12.51","12.13","29.60K","1.48%"
"03/27/2018","12.20","12.50","12.50","12.13","14.12K","-0.89%"
"03/26/2018","12.31","12.88","12.88","12.12","18.64K","0.41%"
"03/25/2018","12.26","12.99","13.18","12.07","54.02K","-7.05%"
"03/22/2018","13.19","13.45","13.48","12.99","21.76K","-2.01%"
"03/21/2018","13.46","13.48","13.48","13.35","55.51K","9.79%"
"03/20/2018","12.26","12.64","12.64","11.96","67.47K","-3.01%"
"03/19/2018","12.64","12.71","12.83","12.47","20.04K","-1.33%"
"03/18/2018","12.81","12.87","12.87","12.52","37.94K","2.73%"
"03/15/2018","12.47","12.19","12.83","12.19","26.72K","0.16%"
"03/14/2018","12.45","12.67","12.67","12.19","16.17K","-3.26%"
"03/13/2018","12.87","12.67","12.98","12.67","67.24K","0.94%"
"03/12/2018","12.75","12.66","13.06","12.39","35.20K","1.92%"
"03/11/2018","12.51","12.64","12.64","12.38","2.34K","0.00%"
"03/08/2018","12.51","12.35","12.67","12.35","30.42K","1.87%"
"03/07/2018","12.28","12.16","12.50","12.15","17.23K","0.41%"
"03/06/2018","12.23","12.27","12.56","12.11","12.09K","2.69%"
"03/05/2018","11.91","11.93","12.17","11.80","10.31K","-1.08%"
"03/04/2018","12.04","12.15","12.15","11.72","8.64K","1.60%"
"03/01/2018","11.85","11.92","12.11","11.60","15.58K","-1.82%"
"02/28/2018","12.07","11.84","12.19","11.81","8.43K","1.09%"
"02/27/2018","11.94","12.04","12.04","11.88","5.37K","-1.08%"
"02/26/2018","12.07","12.07","12.27","11.92","13.64K","-1.55%"
"02/25/2018","12.26","12.19","12.67","11.88","27.06K","3.20%"
"02/22/2018","11.88","11.77","11.96","11.77","17.76K","1.19%"
"02/21/2018","11.74","11.99","12.19","11.53","21.14K","-3.29%"
"02/20/2018","12.14","12.35","12.58","11.99","4.74K","-2.25%"
"02/19/2018","12.42","11.99","12.59","11.99","36.55K","4.37%"
"02/18/2018","11.90","11.32","11.99","11.32","25.46K","2.67%"
"02/15/2018","11.59","11.64","11.80","11.32","15.43K","-0.43%"
"02/14/2018","11.64","11.62","11.71","11.37","5.15K","1.57%"
"02/13/2018","11.46","11.60","11.61","11.24","8.40K","-2.39%"
"02/12/2018","11.74","11.72","11.96","11.64","9.70K","-1.10%"
"02/11/2018","11.87","11.80","12.18","11.66","11.05K","0.42%"
"02/08/2018","11.82","11.84","11.84","11.80","15.28K","0.08%"
"02/07/2018","11.81","11.80","12.11","11.68","29.90K","0.68%"
"02/06/2018","11.73","12.06","12.06","11.56","12.70K","-4.94%"
"02/05/2018","12.34","12.53","12.53","12.25","4.58K","-0.96%"
"02/04/2018","12.46","12.56","12.56","12.35","8.21K","-1.66%"
"02/01/2018","12.67","12.33","12.82","12.33","11.98K","-0.55%"
"01/31/2018","12.74","12.75","12.87","12.60","18.98K","-1.32%"
"01/30/2018","12.91","13.24","13.24","12.70","12.13K","-0.62%"
"01/29/2018","12.99","12.91","13.06","12.91","4.23K","-0.15%"
"01/28/2018","13.01","13.06","13.26","12.99","2.88K","-1.44%"
"01/24/2018","13.20","12.87","13.37","12.87","4.33K","1.69%"
"01/23/2018","12.98","12.87","13.14","12.83","10.03K","0.46%"
"01/22/2018","12.92","13.06","13.06","12.91","6.96K","-1.60%"
"01/21/2018","13.13","13.07","13.40","13.00","5.06K","0.84%"
"01/18/2018","13.02","12.87","13.21","12.85","21.39K","0.31%"
"01/17/2018","12.98","12.91","13.02","12.84","10.92K","-1.07%"
"01/16/2018","13.12","13.41","13.42","12.91","21.56K","1.63%"
"01/15/2018","12.91","12.85","13.13","12.80","4.79K","-1.15%"
"01/14/2018","13.06","13.10","13.10","12.87","5.99K","-0.08%"
"01/11/2018","13.07","13.06","13.36","12.79","24.47K","0.46%"
"01/10/2018","13.01","12.83","13.34","12.75","23.15K","1.64%"
"01/09/2018","12.80","12.79","13.05","12.79","1.18K","0.00%"
"01/08/2018","12.80","12.83","12.83","12.75","10.05K","-0.54%"
"01/04/2018","12.87","12.83","13.06","12.72","13.38K","-0.54%"
"01/03/2018","12.94","13.22","13.22","12.83","7.44K","0.00%"
"01/02/2018","12.94","12.75","13.29","12.68","7.53K","-1.82%"
"12/31/2017","13.18","13.44","13.44","12.53","19.31K","-0.60%"
"12/28/2017","13.26","13.22","13.49","13.16","26.77K","-0.60%"
"12/27/2017","13.34","13.48","13.48","13.22","5.63K","-1.33%"
"12/26/2017","13.52","13.53","13.54","13.48","8.51K","-0.07%"
"12/25/2017","13.53","13.50","13.70","13.50","4.11K","0.07%"
"12/24/2017","13.52","13.46","13.86","13.26","21.14K","0.07%"
"12/21/2017","13.51","13.51","13.54","13.48","19.73K","-0.30%"
"12/20/2017","13.55","13.55","13.70","13.52","25.09K","-0.51%"
"12/19/2017","13.62","13.62","13.80","13.58","25.93K","-1.02%"
"12/18/2017","13.76","13.70","13.94","13.50","16.20K","0.29%"
"12/17/2017","13.72","13.93","13.93","13.70","16.68K","-0.15%"
"12/14/2017","13.74","13.78","13.86","13.67","19.45K","-0.43%"
"12/13/2017","13.80","13.88","13.88","13.70","13.20K","-0.43%"
"12/12/2017","13.86","13.71","14.15","13.70","30.06K","0.07%"
"12/11/2017","13.85","13.70","14.08","13.70","67.93K","0.00%"
"12/10/2017","13.85","13.92","13.93","13.78","86.35K","-0.22%"
"12/07/2017","13.88","14.01","14.01","13.63","24.06K","-1.21%"
"12/06/2017","14.05","14.17","14.24","13.94","42.04K","-1.61%"
"12/05/2017","14.28","14.43","14.57","14.25","59.01K","-2.06%"
"12/04/2017","14.58","14.96","14.96","14.31","33.02K","-2.28%"
"12/03/2017","14.92","14.65","15.04","14.65","8.57K","0.67%"
"11/29/2017","14.82","14.53","15.10","14.53","14.97K","0.34%"
"11/28/2017","14.77","14.47","15.04","14.46","25.97K","1.93%"
"11/27/2017","14.49","14.42","14.85","14.41","23.85K","-0.34%"
"11/26/2017","14.54","14.70","14.70","14.37","32.21K","-1.56%"
"11/23/2017","14.77","14.49","15.04","14.49","16.86K","2.07%"
"11/22/2017","14.47","14.47","14.64","14.25","58.08K","-0.28%"
"11/21/2017","14.51","14.54","14.73","14.25","65.60K","-2.68%"
"11/20/2017","14.91","15.32","15.32","14.49","57.88K","-5.63%"
"11/19/2017","15.80","15.83","16.29","15.28","24.50K","0.38%"
"11/16/2017","15.74","15.33","16.07","15.28","36.23K","0.83%"
"11/15/2017","15.61","15.83","15.84","15.25","33.95K","-1.33%"
"11/14/2017","15.82","15.83","16.06","15.68","19.20K","-0.06%"
"11/13/2017","15.83","16.03","16.03","15.76","33.38K","-7.16%"
"11/12/2017","17.05","17.81","17.81","16.44","56.13K","-3.94%"
"11/09/2017","17.75","17.78","18.20","17.42","141.86K","1.60%"
"11/08/2017","17.47","17.10","17.89","17.02","154.19K","2.95%"
"11/07/2017","16.97","16.58","17.26","16.31","157.89K","2.79%"
"11/06/2017","16.51","16.62","16.92","15.94","53.02K","0.92%"
"11/05/2017","16.36","16.06","16.78","15.84","42.93K","0.06%"
"11/02/2017","16.35","16.63","16.63","16.06","23.11K","-0.18%"
"11/01/2017","16.38","16.63","17.02","16.07","38.48K","1.74%"
"10/31/2017","16.10","15.32","17.00","15.32","196.69K","4.21%"
"10/30/2017","15.45","15.48","15.76","15.30","4.90K","-0.77%"
"10/29/2017","15.57","15.79","15.79","15.32","11.83K","0.26%"
"10/26/2017","15.53","15.83","15.83","15.36","42.08K","-2.14%"
"10/25/2017","15.87","15.80","16.09","15.60","116.62K","2.19%"
"10/24/2017","15.53","15.56","15.83","15.44","23.80K","0.00%"
"10/23/2017","15.53","15.22","15.91","15.21","8.16K","1.30%"
"10/22/2017","15.33","15.83","15.99","15.20","24.15K","-3.89%"
"10/19/2017","15.95","15.91","16.31","15.53","35.77K","-0.75%"
"10/18/2017","16.07","16.39","16.39","15.87","21.35K","-2.01%"
"10/17/2017","16.40","16.10","16.46","16.10","19.52K","1.80%"
"10/16/2017","16.11","16.51","16.78","15.76","48.49K","-5.68%"
"10/15/2017","17.08","16.71","17.42","16.67","35.12K","1.30%"
"10/12/2017","16.86","17.80","17.80","16.64","55.32K","-5.01%"
"10/11/2017","17.75","17.58","18.25","17.00","109.86K","7.51%"
"10/10/2017","16.51","15.40","16.67","15.40","113.26K","8.91%"
"10/09/2017","15.16","15.04","15.60","14.54","58.25K","1.54%"
"10/08/2017","14.93","14.70","15.00","14.70","30.28K","3.75%"
"10/04/2017","14.39","14.25","14.65","14.25","12.92K","0.56%"
"10/03/2017","14.31","14.05","14.56","14.05","25.58K","0.49%"
"10/02/2017","14.24","14.41","14.41","14.05","20.61K","-0.42%"
"10/01/2017","14.30","13.97","15.04","13.93","71.72K","1.78%"
"09/28/2017","14.05","14.21","14.24","13.92","12.76K","-0.50%"
"09/27/2017","14.12","14.21","14.21","14.03","1.24K","-0.42%"
"09/26/2017","14.18","14.01","14.45","14.01","11.09K","0.78%"
"09/25/2017","14.07","14.13","14.25","13.97","6.74K","-0.57%"
"09/24/2017","14.15","13.97","14.56","13.87","4.25K","-0.56%"
"09/20/2017","14.23","14.33","14.45","13.86","19.77K","0.07%"
"09/19/2017","14.22","13.82","14.33","13.74","67.16K","3.19%"
"09/18/2017","13.78","13.81","14.09","13.58","5.14K","0.66%"
"09/17/2017","13.69","13.78","13.78","13.46","16.15K","-1.44%"
"09/14/2017","13.89","13.78","14.01","13.74","10.09K","0.51%"
"09/13/2017","13.82","13.86","13.86","13.81","1.77K","0.14%"
"09/12/2017","13.80","13.72","13.86","13.72","3.18K","-0.58%"
"09/11/2017","13.88","13.70","14.18","13.67","7.09K","-1.98%"
"09/10/2017","14.16","13.78","14.21","13.78","8.09K","2.16%"
"09/07/2017","13.86","13.86","14.16","13.74","9.44K","1.54%"
"09/06/2017","13.65","14.02","14.02","13.46","5.76K","-3.60%"
"08/30/2017","14.16","14.25","14.25","14.02","4.84K","-0.28%"
"08/29/2017","14.20","14.09","14.25","14.09","6.95K","2.97%"
"08/28/2017","13.79","13.86","14.12","13.46","6.25K","-1.29%"
"08/27/2017","13.97","13.74","14.17","13.74","6.61K","0.00%"
"08/24/2017","13.97","13.91","14.17","13.70","11.99K","0.29%"
"08/23/2017","13.93","14.41","14.53","13.48","6.11K","-5.69%"
"08/22/2017","14.77","14.81","14.81","14.65","8.43K","-0.40%"
"08/21/2017","14.83","14.74","15.04","14.74","3.63K","0.41%"
"08/20/2017","14.77","14.77","15.00","14.73","14.63K","0.34%"
"08/17/2017","14.72","14.77","14.77","14.65","6.74K","-0.61%"
"08/16/2017","14.81","14.85","14.85","14.73","2.19K","-1.00%"
"08/15/2017","14.96","14.73","15.04","14.73","5.41K","-0.27%"
"08/14/2017","15.00","15.04","15.04","14.65","0.95K","-0.33%"
"08/13/2017","15.05","15.05","15.07","15.04","7.32K","-1.89%"
"08/10/2017","15.34","15.07","15.68","15.07","12.07K","1.93%"
"08/09/2017","15.05","15.05","15.34","15.04","36.37K","-0.66%"
"08/08/2017","15.15","15.05","15.64","15.04","13.83K","-0.20%"
"08/07/2017","15.18","15.28","15.28","15.04","9.14K","-2.57%"
"08/06/2017","15.58","15.29","15.72","15.29","5.38K","2.57%"
"08/03/2017","15.19","15.44","15.63","14.35","15.37K","-0.20%"
"08/02/2017","15.22","15.12","15.52","15.12","5.61K","0.53%"
"08/01/2017","15.14","15.13","15.35","15.06","9.30K","-0.20%"
"07/31/2017","15.17","15.20","15.74","15.15","4.31K","-0.13%"
"07/30/2017","15.19","15.24","15.24","15.12","3.71K","-1.24%"
"07/27/2017","15.38","15.52","15.83","15.20","11.24K","-0.71%"
"07/26/2017","15.49","15.45","15.52","15.45","1.16K","-0.77%"
"07/25/2017","15.61","15.82","15.83","15.34","10.12K","-0.70%"
"07/24/2017","15.72","15.83","15.83","15.44","4.45K","-0.06%"
"07/20/2017","15.73","15.52","15.83","15.16","10.51K","-0.19%"
"07/19/2017","15.76","15.53","15.95","15.53","13.76K","-1.19%"
"07/18/2017","15.95","15.99","15.99","15.56","15.68K","1.21%"
"07/17/2017","15.76","15.83","15.83","15.70","2.17K","-0.51%"
"07/16/2017","15.84","15.85","15.85","15.83","1.12K","-1.80%"
"07/13/2017","16.13","16.65","16.65","15.92","5.44K","1.19%"
"07/12/2017","15.94","15.86","16.00","15.86","5.31K","-5.62%"
"07/11/2017","16.89","16.18","17.26","16.18","14.07K","5.17%"
"07/10/2017","16.06","15.60","16.63","15.60","13.49K","-0.19%"
"07/09/2017","16.09","16.23","16.63","15.83","7.91K","-3.48%"
"07/06/2017","16.67","15.58","16.94","15.58","102.51K","8.18%"
"07/05/2017","15.41","15.28","15.66","15.28","9.51K","0.92%"
"07/04/2017","15.27","15.20","15.29","15.20","1.28K","-1.29%"
"07/03/2017","15.47","15.60","15.76","15.30","1.93K","0.65%"
"07/02/2017","15.37","15.83","15.83","15.31","4.05K","-2.16%"
"06/28/2017","15.71","15.44","15.83","15.24","14.15K","0.83%"
"06/22/2017","15.58","15.44","15.78","15.36","7.29K","0.58%"
"06/21/2017","15.49","15.57","15.68","15.36","4.71K","0.13%"
"06/20/2017","15.47","15.36","15.71","15.31","10.78K","-0.26%"
"06/19/2017","15.51","15.44","15.63","15.36","6.32K","1.51%"
"06/18/2017","15.28","15.44","15.44","15.24","10.05K","-1.93%"
"06/15/2017","15.58","15.81","15.83","15.36","12.05K","0.71%"
"06/14/2017","15.47","15.50","15.76","15.24","23.67K","0.72%"
"06/13/2017","15.36","15.36","15.44","15.13","13.09K","-0.65%"
"06/12/2017","15.46","15.40","15.72","15.28","13.97K","1.58%"
"06/11/2017","15.22","15.22","15.24","15.21","8.98K","0.13%"
"06/08/2017","15.20","15.15","15.38","15.07","20.38K","0.66%"
"06/07/2017","15.10","15.06","15.22","15.05","6.41K","-0.46%"
"06/06/2017","15.17","15.21","15.22","15.11","18.20K","-1.49%"
"06/05/2017","15.40","15.74","15.74","15.30","7.34K","0.20%"
"06/04/2017","15.37","15.60","15.66","15.32","9.06K","-0.77%"
"06/01/2017","15.49","15.21","15.60","15.21","10.08K","1.84%"
"05/31/2017","15.21","15.04","15.44","15.04","5.68K","0.46%"
"05/30/2017","15.14","15.39","15.40","15.07","23.04K","-2.07%"
"05/29/2017","15.46","15.76","15.76","15.14","7.96K","-0.45%"
"05/28/2017","15.53","15.41","15.68","15.41","8.12K","-1.33%"
"05/25/2017","15.74","16.10","16.10","15.44","19.37K","0.13%"
"05/24/2017","15.72","15.72","15.83","15.31","16.22K","2.48%"
"05/23/2017","15.34","14.96","15.52","14.96","9.48K","0.85%"
"05/22/2017","15.21","15.52","15.52","15.04","43.19K","-5.23%"
"05/21/2017","16.05","15.83","16.46","15.76","30.39K","2.62%"
"05/18/2017","15.64","15.91","15.91","15.53","22.67K","-1.51%"
"05/17/2017","15.88","15.73","16.14","15.68","38.89K","-0.25%"
"05/16/2017","15.92","16.35","16.54","15.48","29.22K","-1.61%"
"05/15/2017","16.18","16.45","16.58","15.84","33.84K","-0.19%"
"05/14/2017","16.21","16.63","16.63","15.83","29.64K","-3.17%"
"05/11/2017","16.74","16.89","17.21","16.47","66.58K","-2.45%"
"05/10/2017","17.16","17.41","17.42","16.94","46.98K","-0.35%"
"05/09/2017","17.22","17.42","17.68","17.02","34.00K","-0.81%"
"05/08/2017","17.36","17.70","17.70","17.11","29.43K","-0.29%"
"05/07/2017","17.41","17.18","17.73","17.02","52.22K","0.17%"
"05/04/2017","17.38","17.97","17.97","17.10","29.62K","-0.80%"
"05/03/2017","17.52","17.81","17.89","17.23","44.36K","-2.67%"
"05/02/2017","18.00","18.21","18.37","17.50","86.21K","2.56%"
"04/30/2017","17.55","16.11","18.40","16.07","145.24K","4.34%"
"04/27/2017","16.82","17.02","17.02","16.25","17.48K","-1.12%"
"04/26/2017","17.01","16.71","17.18","16.64","24.52K","4.42%"
"04/24/2017","16.29","16.63","16.79","16.03","33.56K","-2.63%"
"04/23/2017","16.73","17.42","17.42","16.00","28.48K","-2.79%"
"04/20/2017","17.21","16.63","17.53","16.63","62.53K","1.59%"
"04/19/2017","16.94","17.42","17.42","16.64","22.05K","-1.22%"
"04/18/2017","17.15","17.49","17.51","16.71","35.04K","-2.89%"
"04/13/2017","17.66","18.13","18.21","17.42","47.36K","-4.54%"
"04/12/2017","18.50","18.91","18.99","17.43","143.61K","6.02%"
"04/11/2017","17.45","16.24","17.83","16.24","149.47K","7.65%"
"04/10/2017","16.21","15.87","16.55","15.83","61.90K","2.08%"
"04/09/2017","15.88","15.87","16.36","15.83","33.36K","-0.50%"
"04/06/2017","15.96","15.92","16.04","15.92","9.11K","-1.78%"
"04/05/2017","16.25","16.52","16.62","15.83","33.35K","-0.37%"
"04/04/2017","16.31","16.38","16.40","16.08","17.37K","1.05%"
"04/03/2017","16.14","16.69","16.69","15.99","17.15K","-4.50%"
"04/02/2017","16.90","15.83","17.42","15.83","95.86K","3.05%"
"03/30/2017","16.40","16.37","16.59","16.23","5.89K","-0.67%"
"03/29/2017","16.51","16.43","16.63","16.04","11.28K","4.03%"
"03/28/2017","15.87","15.52","16.43","15.28","18.00K","1.08%"
"03/27/2017","15.70","15.72","15.72","15.53","1.82K","-0.63%"
"03/26/2017","15.80","15.44","15.83","15.44","0.60K","0.00%"
"03/23/2017","15.80","15.83","15.91","15.72","9.84K","0.06%"
"03/22/2017","15.79","15.69","15.83","15.44","4.47K","0.32%"
"03/21/2017","15.74","15.83","15.83","15.48","15.20K","-0.19%"
"03/20/2017","15.77","15.72","15.83","15.68","4.35K","0.32%"
"03/19/2017","15.72","15.72","15.99","15.68","7.66K","-3.74%"
"03/16/2017","16.33","16.23","16.34","16.23","1.66K","3.49%"
"03/15/2017","15.78","15.76","16.26","15.76","1.30K","-0.88%"
"03/14/2017","15.92","16.03","16.30","15.78","4.75K","-1.85%"
"03/13/2017","16.22","16.35","16.35","16.35","0.03K","0.00%"
"03/12/2017","16.22","15.99","16.31","15.99","3.85K","-2.11%"
"03/09/2017","16.57","16.58","16.58","16.54","11.15K","3.18%"
"03/08/2017","16.06","15.87","15.87","15.87","0.30K","0.00%"
"03/07/2017","16.06","16.08","16.10","15.99","1.97K","-3.19%"
"03/06/2017","16.59","15.84","16.63","15.84","22.74K","-0.18%"
"03/05/2017","16.62","16.59","16.62","16.59","30.63K","0.18%"
"03/02/2017","16.59","16.62","16.62","16.15","0.28K","0.00%"
"03/01/2017","16.59","16.59","16.62","16.03","17.15K","0.12%"
"02/28/2017","16.57","16.55","16.55","16.55","0.08K","0.00%"
"02/27/2017","16.57","15.44","16.63","15.44","21.50K","-0.36%"
"02/26/2017","16.63","16.63","16.63","16.63","29.28K","2.28%"
"02/23/2017","16.26","16.23","16.39","16.23","5.89K","-0.79%"
"02/22/2017","16.39","15.52","16.63","15.52","11.28K","5.54%"
"02/21/2017","15.53","15.52","15.87","15.04","8.38K","-2.45%"
"02/20/2017","15.92","15.91","16.31","15.91","1.91K","1.02%"
"02/19/2017","15.76","15.24","15.87","15.24","0.77K","-0.82%"
"02/16/2017","15.89","16.43","16.43","15.83","25.93K","0.25%"
"02/15/2017","15.85","15.83","15.87","15.83","62.90K","0.06%"
"02/14/2017","15.84","16.78","16.78","15.83","55.39K","0.51%"
"02/13/2017","15.76","15.20","16.15","15.04","60.11K","3.28%"
"02/12/2017","15.26","15.45","15.83","15.16","41.57K","-1.68%"
"02/09/2017","15.52","15.44","16.19","15.16","8.96K","-2.14%"
"02/08/2017","15.86","15.83","16.03","15.83","14.72K","-1.80%"
"02/07/2017","16.15","16.63","16.82","15.83","14.37K","0.75%"
"02/06/2017","16.03","16.03","16.03","16.03","2.78K","-1.48%"
"02/05/2017","16.27","16.28","16.28","16.23","2.53K","-2.75%"
"02/02/2017","16.73","16.25","16.82","16.25","6.68K","0.12%"
"02/01/2017","16.71","16.37","16.72","16.36","150.11K","-0.06%"
"01/31/2017","16.72","16.23","17.02","16.23","32.27K","-0.83%"
"01/30/2017","16.86","16.33","17.09","16.09","30.91K","-0.41%"
"01/29/2017","16.93","16.86","17.02","16.63","19.72K","0.59%"
"01/26/2017","16.83","16.85","17.02","16.82","2.10K","1.32%"
"01/24/2017","16.61","16.31","16.86","16.31","44.18K","1.71%"
"01/23/2017","16.33","16.23","16.62","16.09","38.40K","-3.03%"
"01/22/2017","16.84","17.02","17.02","16.62","0.69K","4.40%"
"01/19/2017","16.13","15.68","17.02","15.66","25.32K","1.13%"
"01/18/2017","15.95","15.92","16.00","15.76","36.86K","-0.68%"
"01/17/2017","16.06","16.07","16.23","15.83","8.59K","-2.67%"
"01/16/2017","16.50","16.27","16.63","16.27","12.24K","-0.84%"
"01/15/2017","16.64","16.63","16.94","16.63","4.29K","2.15%"
"01/12/2017","16.29","15.64","16.47","15.64","14.54K","1.88%"
"01/11/2017","15.99","15.83","16.23","15.25","19.58K","2.11%"
"01/10/2017","15.66","15.44","15.83","15.20","23.49K","1.49%"
"01/09/2017","15.43","15.20","15.44","15.20","10.36K","0.19%"
"01/08/2017","15.40","15.28","15.44","15.08","4.76K","-0.26%"
"01/05/2017","15.44","15.44","15.44","15.40","5.05K","-0.39%"
"01/04/2017","15.50","15.73","15.73","15.44","2.75K","-0.70%"
"01/03/2017","15.61","15.32","15.77","15.32","2.99K","2.16%"
"01/02/2017","15.28","15.32","15.32","15.28","1.33K","-1.99%"
"12/29/2016","15.59","15.19","15.68","15.19","2.78K","2.63%"
"12/28/2016","15.19","15.13","15.24","15.13","2.28K","-0.72%"
"12/27/2016","15.30","15.25","15.76","15.12","1.48K","-2.55%"
"12/26/2016","15.70","15.80","15.81","15.20","3.28K","1.95%"
"12/25/2016","15.40","15.23","15.23","15.12","0.28K","0.00%"
"12/22/2016","15.40","15.42","15.68","15.11","8.80K","-0.52%"
"12/21/2016","15.48","15.56","15.83","15.11","9.26K","-1.46%"
"12/20/2016","15.71","15.82","15.83","15.45","3.12K","-0.57%"
"12/19/2016","15.80","15.44","15.83","15.44","1.22K","0.57%"
"12/18/2016","15.71","15.83","15.83","15.48","0.97K","-1.01%"
"12/15/2016","15.87","15.44","16.42","15.11","4.07K","1.21%"
"12/14/2016","15.68","15.73","15.83","15.44","2.81K","2.48%"
"12/13/2016","15.30","16.71","16.71","15.04","27.97K","-8.44%"
"12/12/2016","16.71","16.64","16.78","16.63","3.31K","-0.30%"
"12/08/2016","16.76","16.76","17.10","16.63","7.36K","0.18%"
"12/07/2016","16.73","16.75","16.75","16.63","0.95K","-1.24%"
"12/06/2016","16.94","16.87","17.02","16.87","1.45K","-0.29%"
"12/04/2016","16.99","17.13","17.42","16.75","1.74K","-2.80%"
"12/01/2016","17.48","17.58","17.58","17.19","0.83K","-0.34%"
"11/30/2016","17.54","17.02","17.66","17.02","13.61K","3.06%"
"11/29/2016","17.02","17.02","17.02","17.02","1.30K","0.06%"
"11/28/2016","17.01","16.43","17.10","16.43","15.08K","1.55%"
"11/27/2016","16.75","16.68","16.86","16.43","5.59K","-4.29%"
"11/24/2016","17.50","17.57","17.57","17.02","6.44K","0.69%"
"11/23/2016","17.38","17.19","17.43","17.02","31.14K","0.35%"
"11/22/2016","17.32","17.05","17.41","17.02","25.43K","1.82%"
"11/21/2016","17.01","17.02","17.02","16.86","17.37K","-2.19%"
"11/20/2016","17.39","17.34","17.42","16.79","11.46K","3.57%"
"11/17/2016","16.79","16.86","16.86","16.71","13.10K","-3.17%"
"11/16/2016","17.34","16.56","17.42","16.56","14.32K","4.77%"
"11/15/2016","16.55","16.33","16.65","16.33","9.70K","-1.49%"
"11/14/2016","16.80","16.63","17.40","16.39","9.87K","0.42%"
"11/13/2016","16.73","17.81","17.81","16.33","2.09K","-5.53%"
"11/10/2016","17.71","17.81","18.13","17.11","9.89K","5.73%"
"11/09/2016","16.75","16.32","17.42","16.27","8.51K","-0.65%"
"11/08/2016","16.86","16.67","17.81","16.44","5.53K","-5.23%"
"11/06/2016","17.79","17.81","17.81","16.26","3.91K","-1.55%"
"11/03/2016","18.07","18.19","18.19","16.63","0.69K","7.43%"
"10/31/2016","16.82","15.92","17.02","15.92","2.78K","-3.00%"
"10/27/2016","17.34","17.07","17.42","17.06","9.04K","0.64%"
"10/25/2016","17.23","17.01","17.01","17.01","0.32K","0.00%"
"10/23/2016","17.23","16.63","16.63","16.63","0.32K","0.00%"
"10/20/2016","17.23","17.24","17.24","17.20","0.95K","8.16%"
"10/19/2016","15.93","16.61","16.63","15.83","28.63K","-0.38%"
"10/18/2016","15.99","16.10","16.10","15.04","2.85K","-1.84%"
"10/17/2016","16.29","16.13","16.63","16.12","3.79K","-7.97%"
"10/16/2016","17.70","17.03","17.03","16.09","0.35K","0.00%"
"10/13/2016","17.70","17.42","18.15","16.83","1.81K","4.30%"
"10/12/2016","16.97","17.15","17.15","16.63","1.26K","-5.04%"
"10/10/2016","17.87","17.86","17.97","17.59","5.35K","0.56%"
"10/09/2016","17.77","17.66","17.89","17.66","0.67K","-2.68%"
"10/05/2016","18.26","17.73","18.59","17.73","2.17K","-0.81%"
"10/04/2016","18.41","16.75","16.75","16.75","0.27K","0.00%"
"10/03/2016","18.41","17.43","17.43","17.43","0.01K","0.00%"
"09/29/2016","18.41","18.41","18.41","18.41","0.63K","1.99%"
"09/28/2016","18.05","17.84","18.87","17.81","1.15K","1.06%"
"09/27/2016","17.86","17.85","17.90","17.84","1.50K","-5.40%"
"09/26/2016","18.88","17.93","18.92","17.93","3.33K","-0.16%"
"09/22/2016","18.91","18.90","18.91","18.90","2.53K","1.01%"
"09/21/2016","18.72","18.88","18.88","18.88","0.51K","0.00%"
"09/19/2016","18.72","17.86","18.96","17.86","5.45K","1.03%"
"09/18/2016","18.53","17.77","18.61","17.77","5.81K","1.65%"
"09/15/2016","18.23","18.27","18.27","18.21","3.43K","-2.83%"
"09/14/2016","18.76","18.30","18.30","18.27","0.25K","0.00%"
"09/08/2016","18.76","18.76","18.76","18.76","0.56K","0.59%"
"09/07/2016","18.65","18.30","18.30","18.30","0.25K","0.00%"
"09/06/2016","18.65","18.60","18.91","18.27","7.81K","1.52%"
"09/05/2016","18.37","18.26","18.68","18.24","0.70K","-2.65%"
"09/04/2016","18.87","18.24","18.95","18.24","1.43K","0.16%"
"09/01/2016","18.84","18.80","18.84","18.80","2.40K","-0.79%"
"08/31/2016","18.99","18.34","18.34","18.30","0.38K","0.00%"
"08/30/2016","18.99","18.98","18.99","18.98","6.32K","1.93%"
"08/29/2016","18.63","18.25","18.99","18.25","5.94K","0.59%"
"08/28/2016","18.52","18.61","18.68","18.30","17.25K","-2.06%"
"08/25/2016","18.91","18.23","18.99","18.23","9.13K","0.16%"
"08/24/2016","18.88","18.25","18.91","18.25","6.91K","-0.11%"
"08/23/2016","18.90","18.76","18.97","18.76","8.67K","6.24%"
"08/22/2016","17.79","18.24","18.24","17.59","13.26K","-3.21%"
"08/21/2016","18.38","18.22","18.61","18.22","0.59K","-0.65%"
"08/18/2016","18.50","18.05","18.95","17.97","2.46K","1.04%"
"08/17/2016","18.31","18.23","18.61","18.21","2.53K","0.38%"
"08/16/2016","18.24","18.24","18.27","18.23","1.52K","-3.44%"
"08/15/2016","18.89","17.86","18.99","17.86","6.23K","0.00%"
"08/14/2016","18.89","17.74","18.99","17.74","7.02K","-0.05%"
"08/11/2016","18.90","18.21","18.99","18.21","14.40K","3.90%"
"08/10/2016","18.19","18.95","18.95","17.81","1.86K","-3.65%"
"08/09/2016","18.88","18.61","19.00","18.41","19.08K","0.43%"
"08/08/2016","18.80","18.24","19.00","18.24","12.84K","-0.90%"
"08/07/2016","18.97","18.23","18.25","18.23","0.37K","0.00%"
"08/04/2016","18.97","19.18","19.20","18.30","9.49K","1.12%"
"08/03/2016","18.76","19.00","19.00","18.42","1.73K","-1.16%"
"08/02/2016","18.98","19.00","19.00","18.25","8.67K","-0.05%"
"08/01/2016","18.99","19.00","19.00","18.22","8.51K","0.21%"
"07/31/2016","18.95","18.22","19.00","18.22","5.16K","-0.11%"
"07/28/2016","18.97","17.81","19.00","17.81","12.06K","-0.11%"
"07/27/2016","18.99","17.62","19.00","17.62","1.09K","3.04%"
"07/26/2016","18.43","17.56","18.61","17.56","6.67K","4.95%"
"07/25/2016","17.56","18.60","18.60","16.71","0.52K","0.00%"
"07/24/2016","17.56","17.54","17.58","17.42","1.65K","-1.79%"
"07/21/2016","17.88","17.88","17.88","17.88","14.15K","0.85%"
"07/20/2016","17.73","17.87","17.90","17.87","0.27K","0.00%"
"07/19/2016","17.73","17.48","18.22","17.48","0.76K","-6.98%"
"07/17/2016","19.06","17.82","18.41","17.42","0.38K","0.00%"
"07/14/2016","19.06","19.06","19.06","19.06","0.76K","0.32%"
"07/13/2016","19.00","19.00","19.00","18.80","11.36K","0.32%"
"07/12/2016","18.94","18.80","19.00","18.80","8.65K","0.00%"
"07/11/2016","18.94","18.22","18.22","18.22","0.25K","0.00%"
"07/10/2016","18.94","18.22","19.00","18.21","8.21K","0.74%"
"07/04/2016","18.80","18.80","18.80","18.80","0.63K","6.76%"
"07/03/2016","17.61","17.42","17.66","17.42","0.63K","-6.78%"
"06/29/2016","18.89","18.21","19.20","18.21","4.42K","1.12%"
"06/28/2016","18.68","18.68","18.68","18.63","3.21K","0.48%"
"06/27/2016","18.59","18.37","18.72","18.37","5.05K","0.92%"
"06/26/2016","18.42","18.21","18.49","18.21","5.68K","0.33%"
"06/23/2016","18.36","17.82","18.53","17.82","1.29K","3.09%"
"06/22/2016","17.81","17.43","17.58","17.43","0.33K","0.00%"
"06/21/2016","17.81","17.81","17.81","17.81","2.56K","-6.07%"
"06/20/2016","18.96","18.92","18.98","18.92","5.05K","-0.16%"
"06/16/2016","18.99","18.99","18.99","18.99","0.63K","0.42%"
"06/12/2016","18.91","18.61","19.00","17.94","11.30K","-0.42%"
"06/09/2016","18.99","18.99","19.00","18.99","5.68K","0.00%"
"06/07/2016","18.99","17.82","18.21","17.82","0.07K","0.00%"
"06/06/2016","18.99","18.91","19.00","18.91","5.75K","4.28%"
"06/05/2016","18.21","18.02","18.29","18.02","2.28K","-3.65%"
"06/02/2016","18.90","18.29","19.00","18.29","3.66K","3.22%"
"06/01/2016","18.31","18.22","18.41","18.21","1.07K","-0.81%"
"05/31/2016","18.46","18.68","19.00","17.51","5.50K","0.27%"
"05/30/2016","18.41","18.49","18.49","18.49","0.06K","0.00%"
"05/29/2016","18.41","18.42","18.42","18.41","1.03K","-5.25%"
"05/26/2016","19.43","17.43","19.67","17.43","2.48K","0.57%"
"05/25/2016","19.32","19.24","19.32","19.24","5.56K","0.57%"
"05/24/2016","19.21","19.00","19.40","19.00","6.49K","1.96%"
"05/23/2016","18.84","18.84","18.84","18.84","6.32K","-2.84%"
"05/22/2016","19.39","19.00","19.40","18.92","75.59K","2.05%"
"05/19/2016","19.00","19.00","19.00","19.00","0.63K","0.80%"
"05/18/2016","18.85","18.81","18.87","18.81","0.57K","-2.33%"
"05/17/2016","19.30","18.80","19.40","18.80","3.27K","0.63%"
"05/16/2016","19.18","18.81","18.81","18.81","0.35K","0.00%"
"05/15/2016","19.18","18.92","19.30","18.92","5.90K","-0.78%"
"05/12/2016","19.33","19.41","19.41","19.00","2.67K","0.62%"
"05/11/2016","19.21","19.40","19.40","18.80","3.86K","2.51%"
"05/10/2016","18.74","19.40","19.40","18.41","1.89K","-4.58%"
"05/05/2016","19.64","19.63","19.64","19.63","1.26K","1.24%"
"05/04/2016","19.40","19.40","19.40","19.40","1.26K","0.36%"
"04/28/2016","19.33","18.30","19.64","18.30","1.15K","3.20%"
"04/27/2016","18.73","18.68","18.76","18.68","0.85K","-1.94%"
"04/26/2016","19.10","18.61","19.40","18.23","2.84K","-0.52%"
"04/21/2016","19.20","19.00","19.32","19.00","1.07K","-1.03%"
"04/20/2016","19.40","18.80","18.88","18.80","0.40K","0.00%"
"04/19/2016","19.40","19.40","19.40","19.40","1.26K","2.05%"
"04/18/2016","19.01","19.01","19.01","19.01","1.64K","0.42%"
"04/17/2016","18.93","19.00","19.40","18.85","7.38K","-1.25%"
"04/14/2016","19.17","18.85","19.40","18.85","0.59K","-5.19%"
"04/13/2016","20.22","19.79","19.79","19.24","0.31K","0.00%"
"04/12/2016","20.22","19.63","20.35","19.63","9.97K","5.48%"
"04/11/2016","19.17","18.80","19.40","18.80","0.82K","-1.59%"
"04/10/2016","19.48","19.48","19.48","19.48","0.44K","0.00%"
"04/07/2016","19.48","19.47","19.48","19.47","4.80K","3.18%"
"04/06/2016","18.88","19.56","19.56","18.61","2.53K","-1.05%"
"04/05/2016","19.08","19.08","19.08","19.08","0.63K","1.11%"
"04/04/2016","18.87","19.00","19.40","17.42","1.49K","-0.32%"
"04/03/2016","18.93","19.39","19.40","18.45","0.72K","-1.87%"
"03/31/2016","19.29","18.96","19.70","18.96","1.55K","2.39%"
"03/30/2016","18.84","18.84","18.84","18.84","0.27K","0.00%"
"03/29/2016","18.84","18.61","18.96","18.23","5.49K","2.17%"
"03/28/2016","18.44","18.41","18.45","18.41","1.64K","0.82%"
"03/27/2016","18.29","17.97","18.61","17.97","6.89K","-1.30%"
"03/24/2016","18.53","18.41","18.95","18.23","2.03K","0.65%"
"03/23/2016","18.41","18.41","18.41","18.41","0.83K","-1.45%"
"03/22/2016","18.68","18.99","18.99","18.15","3.92K","2.92%"
"03/21/2016","18.15","18.15","18.21","18.14","0.71K","-4.12%"
"03/20/2016","18.93","18.99","18.99","18.42","0.08K","0.00%"
"03/17/2016","18.93","18.53","19.00","18.41","12.52K","2.77%"
"03/16/2016","18.42","18.45","18.45","18.41","1.52K","-0.70%"
"03/15/2016","18.55","18.61","18.61","18.41","4.14K","1.53%"
"03/14/2016","18.27","18.26","18.30","18.26","3.04K","0.11%"
"03/13/2016","18.25","18.23","18.23","18.23","0.25K","0.00%"
"03/10/2016","18.25","18.23","18.25","18.23","1.15K","-3.90%"
"03/09/2016","18.99","18.96","18.99","18.96","1.26K","2.26%"
"03/08/2016","18.57","18.22","18.61","18.22","4.25K","1.92%"
"03/07/2016","18.22","18.22","18.22","18.21","1.26K","-1.09%"
"03/06/2016","18.42","18.99","18.99","18.21","2.07K","1.10%"
"03/03/2016","18.22","18.25","18.25","18.21","7.58K","-0.05%"
"03/02/2016","18.23","18.23","18.25","18.23","1.56K","-2.93%"
"03/01/2016","18.78","18.21","18.21","18.21","0.32K","0.00%"
"02/29/2016","18.78","18.80","18.99","18.25","1.97K","0.59%"
"02/28/2016","18.67","18.21","19.08","18.21","6.71K","2.30%"
"02/25/2016","18.25","17.43","18.57","17.43","1.20K","0.55%"
"02/23/2016","18.15","18.01","18.21","17.46","4.17K","1.68%"
"02/22/2016","17.85","17.83","17.94","17.82","1.33K","0.22%"
"02/21/2016","17.81","17.81","17.81","17.81","0.63K","-3.31%"
"02/18/2016","18.42","18.25","18.60","18.25","0.63K","1.10%"
"02/17/2016","18.22","18.22","18.22","18.22","0.62K","-1.09%"
"02/16/2016","18.42","18.25","18.60","18.25","3.32K","0.38%"
"02/15/2016","18.35","18.33","18.37","18.33","3.16K","0.71%"
"02/14/2016","18.22","18.23","18.23","18.21","3.11K","-0.05%"
"02/11/2016","18.23","18.41","18.41","18.21","8.00K","0.11%"
"02/10/2016","18.21","18.21","18.21","18.21","4.47K","0.17%"
"02/09/2016","18.18","18.21","18.21","18.01","9.30K","-0.16%"
"02/07/2016","18.21","18.02","18.02","18.02","0.02K","0.00%"
"02/04/2016","18.21","18.21","18.21","18.21","5.25K","2.25%"
"02/03/2016","17.81","17.82","17.82","17.81","0.85K","-2.36%"
"02/02/2016","18.24","18.17","18.37","18.17","9.03K","1.45%"
"02/01/2016","17.98","17.81","18.01","17.81","0.76K","-1.26%"
"01/28/2016","18.21","18.21","18.21","18.21","0.63K","2.42%"
"01/27/2016","17.78","17.62","17.97","17.62","3.07K","3.07%"
"01/26/2016","17.25","17.05","17.62","16.84","7.33K","-4.33%"
"01/24/2016","18.03","17.81","18.21","17.81","2.53K","0.11%"
"01/21/2016","18.01","18.01","18.01","18.01","0.63K","3.51%"
"01/20/2016","17.40","17.26","18.20","17.03","8.31K","-1.75%"
"01/19/2016","17.71","17.73","17.81","17.54","3.92K","0.74%"
"01/18/2016","17.58","17.81","17.81","16.86","1.83K","-3.78%"
"01/17/2016","18.27","17.81","17.81","16.51","0.20K","0.00%"
"01/14/2016","18.27","18.33","18.34","17.81","7.56K","-0.16%"
"01/13/2016","18.30","18.25","18.37","18.25","28.00K","0.33%"
"01/12/2016","18.24","18.29","18.29","18.23","3.23K","0.00%"
"01/11/2016","18.24","18.05","18.41","18.05","8.98K","1.11%"
"01/10/2016","18.04","17.64","18.21","17.64","0.84K","-4.30%"
"01/06/2016","18.85","18.88","18.88","18.80","1.07K","1.29%"
"01/05/2016","18.61","18.61","18.61","18.61","0.65K","1.25%"
"01/03/2016","18.38","18.61","18.62","18.21","1.58K","-2.65%"
"12/31/2015","18.88","18.61","19.00","18.61","0.91K","1.78%"
"12/30/2015","18.55","18.41","18.61","18.41","1.03K","0.82%"
"12/29/2015","18.40","18.41","18.41","18.21","1.34K","1.04%"
"12/28/2015","18.21","18.21","18.21","18.21","1.52K","0.28%"
"12/24/2015","18.16","17.81","18.21","17.81","1.96K","0.67%"
"12/22/2015","18.04","18.22","18.22","18.21","0.44K","0.00%"
"12/21/2015","18.04","18.01","18.05","18.01","0.79K","-0.77%"
"12/17/2015","18.18","17.66","18.21","17.66","9.98K","4.00%"
"12/16/2015","17.48","17.46","17.65","17.43","7.58K","0.34%"
"12/15/2015","17.42","17.43","17.43","17.42","6.32K","0.00%"
"12/14/2015","17.42","17.43","17.43","17.42","3.79K","-1.64%"
"12/10/2015","17.71","17.26","17.81","17.26","0.77K","2.61%"
"12/09/2015","17.26","17.03","17.42","17.02","1.85K","-0.92%"
"12/08/2015","17.42","17.42","17.42","17.42","0.25K","0.00%"
"12/07/2015","17.42","17.42","17.42","17.42","2.64K","-0.74%"
"12/03/2015","17.55","17.14","17.81","17.10","4.03K","4.09%"
"12/02/2015","16.86","16.63","17.02","16.63","3.82K","3.75%"
"12/01/2015","16.25","16.63","16.63","15.86","6.27K","-1.99%"
"11/30/2015","16.58","16.63","16.64","16.07","2.64K","-6.54%"
"11/26/2015","17.74","17.42","17.81","16.67","76.49K","1.84%"
"11/25/2015","17.42","17.42","17.50","16.63","218.00K","0.00%"
"11/24/2015","17.42","17.42","17.42","17.42","2.14K","-3.97%"
"11/23/2015","18.14","18.59","18.59","16.83","0.19K","0.00%"
"11/22/2015","18.14","18.61","18.61","17.04","0.85K","-2.42%"
"11/19/2015","18.59","18.80","18.80","18.38","1.62K","-1.12%"
"11/18/2015","18.80","18.80","18.80","18.80","5.31K","4.44%"
"11/17/2015","18.00","18.47","18.47","17.96","4.52K","-9.77%"
"11/15/2015","19.95","18.92","18.92","18.92","0.16K","0.00%"
"11/12/2015","19.95","20.11","20.11","19.79","1.26K","2.84%"
"11/11/2015","19.40","19.40","19.40","19.40","1.26K","-0.92%"
"11/10/2015","19.58","18.92","18.92","18.92","0.28K","0.00%"
"11/09/2015","19.58","19.64","19.64","19.56","2.21K","0.62%"
"11/08/2015","19.46","19.41","19.60","19.40","1.83K","-6.67%"
"11/05/2015","20.85","20.19","21.30","20.19","1.39K","3.99%"
"11/04/2015","20.05","20.59","20.59","19.41","0.98K","-4.71%"
"11/03/2015","21.04","21.00","21.07","21.00","1.36K","0.19%"
"11/02/2015","21.00","21.00","21.00","21.00","0.54K","0.00%"
"11/01/2015","21.00","21.00","21.00","21.00","0.66K","-1.32%"
"10/29/2015","21.28","21.30","21.38","21.03","2.09K","-0.09%"
"10/28/2015","21.30","21.30","21.30","21.30","1.58K","-0.37%"
"10/27/2015","21.38","21.38","21.38","21.38","1.26K","-0.23%"
"10/26/2015","21.43","21.46","21.46","21.38","0.95K","-1.02%"
"10/25/2015","21.65","21.77","21.77","21.04","0.78K","-1.23%"
"10/22/2015","21.92","21.30","22.07","21.30","0.63K","4.83%"
"10/21/2015","20.91","20.99","20.99","20.59","0.73K","-2.01%"
"10/20/2015","21.34","20.79","21.38","20.79","1.89K","-2.29%"
"10/19/2015","21.84","21.77","22.16","21.77","0.19K","0.00%"
"10/18/2015","21.84","20.20","20.99","20.20","0.03K","0.00%"
"10/15/2015","21.84","21.85","22.17","21.38","2.16K","-0.05%"
"10/13/2015","21.85","21.85","21.85","21.85","1.26K","-0.46%"
"10/12/2015","21.95","22.17","22.36","21.38","7.24K","2.38%"
"10/11/2015","21.44","21.91","21.91","21.38","18.95K","-5.59%"
"10/08/2015","22.71","22.17","22.88","22.17","2.13K","0.89%"
"10/07/2015","22.51","22.56","22.56","21.46","4.84K","4.65%"
"10/05/2015","21.51","21.51","21.77","21.38","2.68K","-2.80%"
"10/01/2015","22.13","21.85","22.17","21.85","0.49K","1.70%"
"09/30/2015","21.76","21.62","21.97","21.61","1.26K","-3.37%"
"09/22/2015","22.52","22.17","22.64","22.17","3.16K","0.31%"
"09/20/2015","22.45","22.17","22.49","22.17","4.99K","-0.80%"
"09/17/2015","22.63","22.29","22.87","22.29","0.63K","2.07%"
"09/16/2015","22.17","22.17","22.17","22.17","3.60K","1.70%"
"09/15/2015","21.80","22.29","22.29","22.29","0.00K","0.00%"
"09/14/2015","21.80","21.77","21.81","21.77","2.56K","-2.81%"
"09/10/2015","22.43","22.17","22.72","22.17","7.40K","-0.27%"
"09/09/2015","22.49","22.37","22.56","22.37","0.99K","3.17%"
"09/07/2015","21.80","21.80","21.82","21.77","1.52K","-2.85%"
"09/03/2015","22.44","22.49","22.68","21.58","1.89K","0.81%"
"09/02/2015","22.26","21.41","22.56","21.40","7.56K","3.92%"
"09/01/2015","21.42","21.57","21.57","21.57","0.04K","0.00%"
"08/31/2015","21.42","21.42","22.49","21.38","4.00K","0.09%"
"08/30/2015","21.40","21.44","21.44","21.38","3.16K","-3.47%"
"08/27/2015","22.17","22.17","22.17","22.17","4.74K","2.26%"
"08/26/2015","21.68","21.38","22.09","21.38","1.58K","2.17%"
"08/25/2015","21.22","20.34","22.15","20.34","1.26K","-0.84%"
"08/24/2015","21.40","22.13","22.13","20.99","5.06K","2.00%"
"08/23/2015","20.98","20.87","21.02","20.87","1.44K","-8.90%"
"08/20/2015","23.03","22.56","23.75","22.56","1.04K","2.08%"
"08/18/2015","22.56","21.38","21.38","21.38","0.05K","0.00%"
"08/16/2015","22.56","22.57","22.57","22.56","1.24K","-2.46%"
"08/13/2015","23.13","23.11","23.36","22.57","1.30K","1.58%"
"08/12/2015","22.77","22.64","22.80","22.18","1.79K","-0.22%"
"08/11/2015","22.82","22.64","22.98","22.60","1.63K","0.93%"
"08/10/2015","22.61","22.96","22.96","22.56","3.42K","-2.04%"
"08/09/2015","23.08","23.08","23.08","23.08","2.61K","-1.11%"
"08/05/2015","23.34","22.97","23.36","22.97","6.30K","1.83%"
"08/04/2015","22.92","22.46","22.96","22.46","6.86K","1.15%"
"08/03/2015","22.66","22.49","22.80","22.49","3.03K","-1.56%"
"08/02/2015","23.02","22.64","23.32","22.33","9.63K","2.04%"
"07/30/2015","22.56","22.37","22.65","22.37","0.60K","0.27%"
"07/29/2015","22.50","22.18","22.57","22.18","3.64K","0.90%"
"07/28/2015","22.30","22.56","22.56","22.17","2.02K","-1.33%"
"07/27/2015","22.60","22.61","22.61","22.56","1.52K","-0.18%"
"07/26/2015","22.64","22.64","22.64","22.64","0.51K","-4.59%"
"07/22/2015","23.73","22.60","23.71","22.60","0.26K","0.00%"
"07/21/2015","23.73","22.58","22.58","22.57","0.37K","0.00%"
"07/16/2015","23.73","23.75","23.75","22.58","26.02K","0.47%"
"07/15/2015","23.62","22.57","23.75","22.56","22.58K","4.47%"
"07/14/2015","22.61","22.50","22.50","22.50","0.13K","0.00%"
"07/13/2015","22.61","22.61","22.61","22.60","0.52K","-0.26%"
"07/12/2015","22.67","22.52","22.52","22.49","0.25K","0.00%"
"07/09/2015","22.67","22.65","22.68","22.64","0.78K","0.80%"
"07/08/2015","22.49","22.49","22.49","22.49","0.51K","-5.31%"
"07/06/2015","23.75","23.36","23.36","22.96","0.30K","0.00%"
"07/05/2015","23.75","22.97","22.97","22.97","0.25K","0.00%"
"07/02/2015","23.75","23.75","23.75","23.75","19.20K","0.00%"
"06/29/2015","23.75","22.47","22.47","22.46","0.38K","0.00%"
"06/28/2015","23.75","23.74","23.75","23.74","49.64K","0.00%"
"06/25/2015","23.75","23.75","23.75","23.75","4.33K","0.04%"
"06/24/2015","23.74","23.74","23.75","22.18","10.02K","-0.42%"
"06/23/2015","23.84","22.96","22.96","22.96","0.25K","0.00%"
"06/18/2015","23.84","23.28","24.15","23.28","4.17K","0.38%"
"06/17/2015","23.75","23.75","23.75","23.75","2.56K","0.04%"
"06/16/2015","23.74","23.36","23.75","23.36","10.46K","0.25%"
"06/15/2015","23.68","23.68","23.68","23.36","22.01K","0.00%"
"06/14/2015","23.68","23.04","23.75","23.04","11.75K","4.36%"
"06/10/2015","22.69","22.70","22.70","22.69","0.88K","-0.92%"
"06/09/2015","22.90","22.96","22.97","22.56","0.85K","-2.26%"
"06/07/2015","23.43","23.71","23.71","22.98","1.05K","-1.64%"
"06/04/2015","23.82","23.75","24.46","22.96","2.20K","0.29%"
"06/03/2015","23.75","23.75","23.75","23.75","22.73K","0.04%"
"06/02/2015","23.74","22.56","23.75","22.56","20.87K","4.86%"
"06/01/2015","22.64","22.57","22.65","22.57","0.97K","-3.50%"
"05/31/2015","23.46","22.30","23.75","22.29","1.75K","-1.14%"
"05/28/2015","23.73","23.36","23.75","23.36","17.87K","1.85%"
"05/27/2015","23.30","23.74","23.74","23.00","2.91K","-1.89%"
"05/26/2015","23.75","23.45","23.45","23.45","0.22K","0.00%"
"05/25/2015","23.75","23.22","23.76","23.22","4.42K","-0.29%"
"05/24/2015","23.82","23.17","24.07","23.17","19.45K","-0.75%"
"05/21/2015","24.00","24.11","24.50","23.28","5.67K","1.78%"
"05/20/2015","23.58","22.21","23.91","22.21","1.84K","-0.67%"
"05/19/2015","23.74","23.91","23.91","22.96","31.61K","-0.04%"
"05/18/2015","23.75","23.75","23.75","23.74","7.89K","6.50%"
"05/17/2015","22.30","22.56","22.56","21.38","2.53K","-4.13%"
"05/14/2015","23.26","23.20","23.91","22.18","4.36K","0.22%"
"05/13/2015","23.21","23.20","23.28","23.20","2.87K","0.04%"
"05/12/2015","23.20","23.20","23.21","23.20","1.23K","-0.68%"
"05/11/2015","23.36","23.39","23.39","23.36","4.43K","-2.99%"
"05/07/2015","24.08","24.15","24.15","24.07","0.66K","3.08%"
"05/06/2015","23.36","23.20","24.02","23.20","5.10K","0.86%"
"05/03/2015","23.16","23.16","23.16","23.16","5.36K","-2.03%"
"04/30/2015","23.64","23.16","24.46","22.96","3.23K","1.20%"
"04/29/2015","23.36","23.36","23.36","22.98","1.45K","0.04%"
"04/28/2015","23.35","23.36","23.36","22.98","4.00K","1.70%"
"04/27/2015","22.96","22.96","22.96","22.96","1.01K","-1.75%"
"04/26/2015","23.37","23.18","23.75","23.17","2.31K","-2.34%"
"04/23/2015","23.93","22.62","24.15","22.62","4.19K","0.76%"
"04/22/2015","23.75","23.75","23.75","23.75","1.03K","1.67%"
"04/21/2015","23.36","23.36","23.37","23.36","2.08K","-0.97%"
"04/19/2015","23.59","24.38","24.39","23.40","85.62K","-1.17%"
"04/16/2015","23.87","23.36","24.31","23.36","2.53K","1.02%"
"04/15/2015","23.63","22.97","23.75","22.97","1.92K","-0.13%"
"04/14/2015","23.66","23.16","23.75","23.16","2.94K","-1.91%"
"04/09/2015","24.12","24.15","24.54","23.36","2.46K","2.03%"
"04/08/2015","23.64","22.18","23.95","22.18","3.55K","0.04%"
"04/07/2015","23.63","23.51","23.99","23.36","4.84K","-2.03%"
"04/06/2015","24.12","23.91","24.23","23.91","28.38K","0.33%"
"04/05/2015","24.04","24.00","24.15","23.99","0.92K","-4.83%"
"04/02/2015","25.26","24.19","25.32","24.19","0.40K","3.44%"
"04/01/2015","24.42","24.33","24.56","23.86","3.32K","-3.33%"
"03/31/2015","25.26","24.94","25.34","24.57","4.55K","1.36%"
"03/30/2015","24.92","23.95","25.34","23.95","4.55K","4.05%"
"03/29/2015","23.95","23.88","24.01","23.87","3.29K","-3.39%"
"03/26/2015","24.79","25.34","25.34","24.35","1.89K","-1.70%"
"03/25/2015","25.22","25.34","25.34","24.55","1.52K","-1.21%"
"03/24/2015","25.53","25.53","25.53","25.34","32.30K","1.23%"
"03/23/2015","25.22","24.07","25.59","24.07","4.22K","0.28%"
"03/22/2015","25.15","24.54","25.34","24.54","9.03K","-1.49%"
"03/19/2015","25.53","25.45","25.53","25.34","34.35K","0.91%"
"03/18/2015","25.30","25.30","25.70","24.62","5.96K","0.08%"
"03/17/2015","25.28","25.25","25.34","24.56","13.96K","2.39%"
"03/16/2015","24.69","24.74","24.75","23.79","0.80K","-2.41%"
"03/15/2015","25.30","25.34","25.34","24.71","1.20K","1.57%"
"03/12/2015","24.91","25.33","25.33","24.58","2.19K","0.40%"
"03/11/2015","24.81","25.34","25.34","24.58","1.33K","0.53%"
"03/10/2015","24.68","24.62","25.22","24.62","1.56K","0.82%"
"03/09/2015","24.48","24.35","24.94","24.35","1.66K","-1.88%"
"03/08/2015","24.95","24.96","24.98","24.94","9.11K","-0.52%"
"03/05/2015","25.08","25.73","25.81","24.96","10.44K","-2.34%"
"03/04/2015","25.68","25.34","25.73","25.34","1.36K","1.18%"
"03/03/2015","25.38","24.96","25.69","24.96","3.23K","0.24%"
"03/02/2015","25.32","24.94","25.57","24.94","9.50K","3.01%"
"03/01/2015","24.58","24.99","24.99","24.16","3.76K","-3.15%"
"02/26/2015","25.38","25.72","25.73","24.65","3.94K","0.20%"
"02/25/2015","25.33","25.33","25.34","24.58","21.03K","-0.04%"
"02/24/2015","25.34","25.34","25.41","25.18","9.48K","-1.02%"
"02/23/2015","25.60","24.15","24.15","24.15","0.04K","0.00%"
"02/19/2015","25.60","25.65","25.69","25.34","2.02K","3.10%"
"02/18/2015","24.83","24.96","24.96","24.54","4.54K","-0.44%"
"02/17/2015","24.94","24.95","24.95","24.94","9.25K","-1.46%"
"02/16/2015","25.31","25.73","25.73","24.95","47.35K","-2.43%"
"02/15/2015","25.94","25.62","26.01","25.15","7.61K","0.35%"
"02/12/2015","25.85","25.95","26.04","25.34","18.46K","0.27%"
"02/10/2015","25.78","25.72","25.89","25.57","1.64K","0.78%"
"02/09/2015","25.58","25.03","25.73","25.03","2.00K","0.47%"
"02/08/2015","25.46","25.34","25.34","25.34","0.22K","0.00%"
"02/05/2015","25.46","25.15","25.92","25.15","1.38K","1.15%"
"02/04/2015","25.17","25.07","25.20","25.07","0.51K","-2.44%"
"02/03/2015","25.80","25.65","26.04","25.43","2.26K","-0.12%"
"02/02/2015","25.83","25.03","25.93","25.03","0.83K","0.47%"
"02/01/2015","25.71","24.65","25.97","24.65","2.58K","0.55%"
"01/29/2015","25.57","25.84","25.89","25.22","6.46K","1.71%"
"01/28/2015","25.14","25.34","25.34","24.94","1.31K","-0.28%"
"01/27/2015","25.21","25.34","26.05","23.75","6.72K","-0.51%"
"01/26/2015","25.34","25.34","25.34","25.34","1.47K","0.28%"
"01/22/2015","25.27","25.02","25.64","25.02","3.19K","1.94%"
"01/21/2015","24.79","24.57","24.94","24.57","5.08K","0.32%"
"01/20/2015","24.71","24.86","24.86","24.54","5.82K","-0.28%"
"01/19/2015","24.78","24.70","24.70","24.70","0.09K","0.00%"
"01/18/2015","24.78","24.77","24.93","24.62","1.77K","-2.06%"
"01/15/2015","25.30","24.95","25.34","24.55","57.93K","-0.12%"
"01/14/2015","25.33","25.34","25.34","24.96","2.24K","-0.04%"
"01/13/2015","25.34","25.34","25.34","25.34","95.44K","-1.40%"
"01/12/2015","25.70","25.89","25.89","25.34","3.77K","1.42%"
"01/08/2015","25.34","25.53","25.53","25.34","35.47K","1.69%"
"01/06/2015","24.92","24.74","24.94","24.74","12.25K","-1.50%"
"01/05/2015","25.30","24.70","24.86","24.70","0.08K","0.00%"
"12/31/2014","25.30","25.73","25.73","24.87","18.09K","0.60%"
"12/30/2014","25.15","25.34","25.34","25.02","2.65K","-0.75%"
"12/29/2014","25.34","25.34","25.34","25.34","1.24K","0.16%"
"12/28/2014","25.30","25.34","25.34","25.26","2.10K","-1.79%"
"12/25/2014","25.76","25.33","26.13","25.33","2.70K","3.25%"
"12/24/2014","24.95","24.75","24.98","24.75","38.47K","0.20%"
"12/23/2014","24.90","23.95","25.34","23.95","3.90K","0.36%"
"12/21/2014","24.81","24.63","24.94","24.15","4.27K","2.90%"
"12/18/2014","24.11","24.46","24.54","23.75","33.57K","0.96%"
"12/17/2014","23.88","24.54","24.54","22.97","41.32K","0.08%"
"12/16/2014","23.86","23.78","23.91","23.78","0.44K","-6.32%"
"12/15/2014","25.47","24.94","25.64","24.54","5.13K","1.47%"
"12/14/2014","25.10","23.83","23.83","23.83","0.06K","0.00%"
"12/11/2014","25.10","24.55","25.76","24.54","5.64K","-0.04%"
"12/10/2014","25.11","24.94","25.79","24.94","2.06K","-0.91%"
"12/09/2014","25.34","25.31","25.34","25.31","71.20K","1.60%"
"12/08/2014","24.94","24.94","24.94","24.94","0.68K","-0.52%"
"12/07/2014","25.07","25.18","25.18","25.14","0.28K","0.00%"
"12/04/2014","25.07","24.94","25.34","24.78","8.03K","1.70%"
"12/03/2014","24.65","24.54","25.34","24.54","10.38K","1.48%"
"12/02/2014","24.29","24.70","24.70","23.75","26.44K","-2.68%"
"12/01/2014","24.96","24.94","25.02","24.94","1.07K","0.00%"
"11/30/2014","24.96","24.86","25.18","24.70","29.91K","-0.91%"
"11/27/2014","25.19","24.95","25.34","24.95","1.40K","1.00%"
"11/26/2014","24.94","24.94","24.95","24.94","1.89K","0.24%"
"11/25/2014","24.88","24.67","25.56","24.67","2.34K","0.77%"
"11/24/2014","24.69","24.67","24.75","24.62","34.16K","-0.52%"
"11/23/2014","24.82","24.94","24.98","24.74","4.58K","-1.82%"
"11/20/2014","25.28","25.26","25.34","24.94","15.90K","1.61%"
"11/19/2014","24.88","25.33","25.33","24.54","6.98K","-3.30%"
"11/18/2014","25.73","25.34","26.13","25.34","29.84K","1.74%"
"11/17/2014","25.29","24.95","25.34","24.94","20.69K","1.32%"
"11/16/2014","24.96","23.75","25.15","23.75","12.50K","-3.70%"
"11/13/2014","25.92","25.75","26.29","25.73","0.76K","0.78%"
"11/12/2014","25.72","25.73","25.77","25.34","3.56K","-0.39%"
"11/11/2014","25.82","25.93","25.93","25.75","69.35K","-0.73%"
"11/10/2014","26.01","25.83","26.13","25.83","11.48K","-0.31%"
"11/09/2014","26.09","26.13","26.13","25.82","3.79K","-0.38%"
"11/06/2014","26.19","26.52","26.59","26.05","15.98K","-0.11%"
"11/05/2014","26.22","26.13","26.52","26.13","1.77K","0.04%"
"11/04/2014","26.21","26.37","26.44","26.14","24.44K","-1.17%"
"11/03/2014","26.52","26.60","26.60","26.34","3.40K","-1.49%"
"11/02/2014","26.92","26.92","26.92","26.92","0.63K","-2.14%"
"10/30/2014","27.51","26.13","27.71","26.13","8.79K","2.46%"
"10/29/2014","26.85","26.21","26.92","26.21","9.47K","1.24%"
"10/28/2014","26.52","26.52","26.52","26.52","0.58K","2.16%"
"10/27/2014","25.96","26.52","26.52","25.59","2.50K","-5.77%"
"10/26/2014","27.55","25.34","29.29","25.18","5.51K","3.11%"
"10/23/2014","26.72","26.92","26.92","26.05","3.92K","2.26%"
"10/22/2014","26.13","26.13","26.13","25.84","2.42K","-0.38%"
"10/21/2014","26.23","26.33","26.33","25.73","5.30K","0.38%"
"10/20/2014","26.13","26.13","26.13","26.13","3.86K","1.16%"
"10/19/2014","25.83","26.13","26.33","25.34","4.95K","-1.71%"
"10/16/2014","26.28","25.74","26.33","25.74","6.87K","-3.77%"
"10/15/2014","27.31","26.94","27.41","26.94","61.04K","3.45%"
"10/14/2014","26.40","26.92","26.92","26.13","7.81K","-4.66%"
"10/13/2014","27.69","26.13","27.72","26.13","3.86K","-1.77%"
"10/12/2014","28.19","28.51","28.55","25.89","4.38K","-1.40%"
"10/09/2014","28.59","28.52","28.79","28.51","27.69K","0.00%"
"10/08/2014","28.59","28.74","28.74","28.52","12.95K","-1.24%"
"10/02/2014","28.95","28.97","28.97","28.93","1.11K","1.01%"
"10/01/2014","28.66","28.67","28.67","28.66","0.63K","-0.80%"
"09/30/2014","28.89","28.52","29.10","28.52","1.14K","0.45%"
"09/29/2014","28.76","28.70","28.98","28.51","10.63K","0.28%"
"09/28/2014","28.68","28.67","28.68","28.67","1.52K","-0.38%"
"09/25/2014","28.79","28.89","28.97","28.60","9.68K","0.10%"
"09/24/2014","28.76","28.66","28.82","28.66","3.79K","0.10%"
"09/23/2014","28.73","28.74","28.83","28.70","2.69K","-0.69%"
"09/22/2014","28.93","28.90","28.98","28.82","10.33K","0.28%"
"09/21/2014","28.85","28.90","28.90","28.83","1.02K","-0.31%"
"09/18/2014","28.94","28.61","29.13","28.61","1.91K","-0.45%"
"09/16/2014","29.07","28.72","29.20","28.72","13.41K","0.21%"
"09/15/2014","29.01","28.98","29.14","28.89","12.63K","0.66%"
"09/14/2014","28.82","29.09","29.10","28.62","17.67K","0.14%"
"09/11/2014","28.78","28.59","29.10","26.92","21.98K","-0.79%"
"09/10/2014","29.01","28.63","29.21","28.58","17.36K","0.48%"
"09/09/2014","28.87","28.57","29.18","28.55","16.29K","0.63%"
"09/08/2014","28.69","28.58","29.14","28.54","26.54K","-0.52%"
"09/07/2014","28.84","28.66","29.21","28.53","18.50K","0.38%"
"09/04/2014","28.73","28.75","29.17","28.62","8.19K","-1.54%"
"09/03/2014","29.18","29.14","29.22","28.67","13.24K","0.00%"
"09/02/2014","29.18","28.76","29.22","28.76","12.76K","0.07%"
"09/01/2014","29.16","29.21","29.22","28.60","15.35K","1.46%"
"08/31/2014","28.74","29.25","29.25","28.60","21.66K","-0.59%"
"08/28/2014","28.91","28.30","29.25","28.30","15.51K","0.80%"
"08/27/2014","28.68","28.69","28.91","28.26","12.56K","-0.03%"
"08/26/2014","28.69","28.66","28.89","28.66","3.81K","0.10%"
"08/25/2014","28.66","28.66","28.66","28.66","4.24K","-0.21%"
"08/24/2014","28.72","28.51","28.89","28.50","3.33K","0.67%"
"08/21/2014","28.53","28.52","28.57","28.50","27.57K","-0.24%"
"08/20/2014","28.60","28.67","28.71","28.52","8.66K","-0.73%"
"08/19/2014","28.81","28.76","28.91","28.51","7.18K","-1.50%"
"08/18/2014","29.25","29.25","29.29","28.94","7.58K","0.17%"
"08/17/2014","29.20","28.75","29.28","28.75","12.63K","0.03%"
"08/14/2014","29.19","28.99","29.28","28.99","12.63K","0.27%"
"08/13/2014","29.11","28.58","29.28","28.58","13.77K","-0.61%"
"08/12/2014","29.29","28.71","29.37","28.71","272.21K","1.49%"
"08/11/2014","28.86","28.11","29.14","28.11","14.27K","2.52%"
"08/10/2014","28.15","28.08","28.49","28.07","3.53K","-0.60%"
"08/07/2014","28.32","28.50","28.50","28.07","1.98K","-0.60%"
"08/06/2014","28.49","28.50","28.50","28.08","12.40K","-0.04%"
"08/05/2014","28.50","28.50","28.50","28.31","24.97K","-0.21%"
"08/04/2014","28.56","28.79","28.83","28.50","28.04K","-1.99%"
"08/03/2014","29.14","28.55","29.29","28.55","27.66K","0.07%"
"07/31/2014","29.12","28.71","29.25","28.71","3.42K","-0.48%"
"07/27/2014","29.26","28.67","29.29","28.67","12.63K","0.10%"
"07/24/2014","29.23","28.66","29.29","28.66","14.40K","-0.10%"
"07/22/2014","29.26","29.25","29.29","29.25","14.60K","0.58%"
"07/21/2014","29.09","28.70","29.29","28.70","38.28K","-0.38%"
"07/20/2014","29.20","28.50","29.29","28.50","26.86K","0.07%"
"07/17/2014","29.18","27.81","29.29","27.81","25.52K","1.71%"
"07/16/2014","28.69","28.50","29.05","28.50","32.46K","0.70%"
"07/15/2014","28.49","27.75","28.57","27.75","103.62K","2.74%"
"07/14/2014","27.73","27.71","27.75","27.71","2.00K","0.04%"
"07/13/2014","27.72","27.71","27.79","27.71","9.50K","-0.07%"
"07/10/2014","27.74","27.75","27.75","27.73","3.59K","-1.74%"
"07/09/2014","28.23","27.79","28.42","27.73","6.19K","-0.25%"
"07/08/2014","28.30","27.78","28.46","27.78","14.55K","0.18%"
"07/07/2014","28.25","27.91","28.46","27.91","12.63K","0.32%"
"07/06/2014","28.16","27.71","28.34","27.71","12.63K","1.62%"
"07/03/2014","27.71","27.71","27.95","27.55","36.05K","-0.36%"
"07/02/2014","27.81","27.71","28.11","27.71","12.84K","0.36%"
"06/30/2014","27.71","27.69","27.71","27.69","2.72K","0.07%"
"06/29/2014","27.69","27.32","27.71","27.32","11.71K","0.11%"
"06/26/2014","27.66","26.96","27.71","26.96","23.59K","2.48%"
"06/25/2014","26.99","26.93","27.68","26.14","18.40K","-0.92%"
"06/24/2014","27.24","27.32","27.62","26.93","12.95K","-0.87%"
"06/23/2014","27.48","27.49","27.49","27.47","1.84K","-0.40%"
"06/22/2014","27.59","27.38","27.71","27.38","20.67K","-0.36%"
"06/19/2014","27.69","27.71","27.71","27.47","30.27K","-0.36%"
"06/18/2014","27.79","27.71","28.46","27.63","75.86K","0.83%"
"06/17/2014","27.56","27.35","27.73","27.35","11.85K","-1.82%"
"06/16/2014","28.07","27.72","28.49","27.39","28.53K","-0.04%"
"06/15/2014","28.08","27.39","28.50","27.39","30.29K","1.30%"
"06/12/2014","27.72","27.75","27.91","27.63","46.40K","-0.86%"
"06/11/2014","27.96","28.50","28.50","27.72","1.24K","-1.51%"
"06/10/2014","28.39","27.71","28.50","27.71","27.82K","0.82%"
"06/09/2014","28.16","28.11","28.50","27.43","25.55K","2.29%"
"06/05/2014","27.53","26.44","28.11","26.44","36.35K","2.65%"
"06/04/2014","26.82","26.14","27.12","26.14","27.70K","1.17%"
"06/03/2014","26.51","25.34","26.92","26.13","41.68K","7.37%"
"06/02/2014","24.69","24.75","24.95","24.54","8.09K","-1.04%"
"06/01/2014","24.95","24.73","25.97","24.73","38.27K","-7.73%"
"05/29/2014","27.04","27.39","27.69","26.69","39.79K","-1.57%"
"05/28/2014","27.47","27.32","27.71","27.31","30.06K","-0.79%"
"05/26/2014","27.69","27.71","27.71","27.33","25.57K","0.00%"
"05/25/2014","27.69","27.71","27.71","27.51","26.89K","-0.04%"
"05/22/2014","27.70","27.71","27.83","27.51","27.11K","0.04%"
"05/21/2014","27.69","27.40","27.71","27.40","25.41K","0.58%"
"05/20/2014","27.53","27.67","27.71","27.25","37.05K","-0.58%"
"05/19/2014","27.69","27.33","27.71","27.33","26.97K","0.36%"
"05/18/2014","27.59","27.52","27.71","26.92","29.34K","-0.43%"
"05/15/2014","27.71","27.63","27.87","27.63","45.68K","-0.04%"
"05/14/2014","27.72","27.51","27.88","27.51","17.88K","0.07%"
"05/13/2014","27.70","27.71","27.71","27.48","25.27K","0.04%"
"05/12/2014","27.69","27.67","27.71","27.44","26.21K","0.04%"
"05/11/2014","27.68","27.71","27.76","27.33","18.92K","0.22%"
"05/08/2014","27.62","26.96","27.71","26.96","27.96K","-0.29%"
"05/07/2014","27.70","27.00","27.71","27.00","25.97K","0.04%"
"05/06/2014","27.69","27.32","27.91","27.32","18.43K","1.54%"
"05/05/2014","27.27","26.72","27.51","26.72","15.08K","1.30%"
"05/04/2014","26.92","26.63","27.00","26.63","30.73K","1.51%"
"04/30/2014","26.52","26.12","26.92","25.89","32.88K","1.96%"
"04/29/2014","26.01","25.37","26.13","25.36","28.94K","1.09%"
"04/28/2014","25.73","25.38","26.13","25.35","26.08K","-0.81%"
"04/27/2014","25.94","25.38","26.13","25.35","27.65K","-0.54%"
"04/23/2014","26.08","26.29","26.29","25.93","29.56K","1.56%"
"04/22/2014","25.68","25.85","26.14","25.34","20.57K","-2.65%"
"04/17/2014","26.38","26.36","26.60","25.91","31.29K","-0.08%"
"04/16/2014","26.40","26.17","26.59","26.17","11.80K","-1.71%"
"04/15/2014","26.86","26.92","26.96","26.55","38.55K","-0.19%"
"04/14/2014","26.91","26.33","27.26","26.25","16.92K","-0.37%"
"04/13/2014","27.01","26.52","27.30","26.13","25.49K","0.56%"
"04/10/2014","26.86","24.99","27.63","24.99","38.85K","2.64%"
"04/09/2014","26.17","25.34","27.00","25.34","31.21K","3.93%"
"04/08/2014","25.18","24.54","25.73","24.31","47.08K","7.01%"
"04/07/2014","23.53","23.36","24.49","22.96","68.23K","1.60%"
"04/06/2014","23.16","24.24","26.29","21.77","109.85K","-3.78%"
"04/03/2014","24.07","24.15","24.54","23.75","52.25K","-3.57%"
"04/02/2014","24.96","25.34","26.52","24.38","71.50K","-3.82%"
"04/01/2014","25.95","27.71","27.71","25.30","71.67K","-7.68%"
"03/31/2014","28.11","27.79","28.50","26.93","87.21K","-2.02%"
"03/30/2014","28.69","29.29","29.31","28.50","158.43K","-0.80%"
"03/27/2014","28.92","29.57","29.57","27.73","178.40K","-1.63%"
"03/26/2014","29.40","29.68","29.83","29.16","148.89K","-0.27%"
"03/25/2014","29.48","29.10","29.69","29.10","38.81K","0.07%"
"03/24/2014","29.46","29.77","29.77","29.25","145.95K","-0.77%"
"03/23/2014","29.69","29.71","29.71","29.45","649.96K","9.92%"
"03/20/2014","27.01","27.16","27.16","25.26","41.42K","9.40%"
"03/19/2014","24.69","24.24","24.94","24.23","42.56K","0.04%"
"03/18/2014","24.68","24.46","25.34","24.15","38.14K","0.86%"
"03/17/2014","24.47","24.54","24.54","23.97","41.63K","0.12%"
"03/16/2014","24.44","25.18","25.99","22.25","102.91K","-0.77%"
"03/13/2014","24.63","24.54","24.94","24.54","128.74K","0.37%"
"03/12/2014","24.54","24.08","24.74","24.08","97.04K","1.11%"
"03/11/2014","24.27","24.08","24.50","23.95","11.72K","1.55%"
"03/10/2014","23.90","23.91","24.06","23.75","12.70K","0.76%"
"03/09/2014","23.72","23.75","23.91","23.44","25.90K","0.08%"
"03/06/2014","23.70","23.36","23.91","23.36","33.27K","1.28%"
"03/05/2014","23.40","23.29","23.75","23.29","33.03K","-0.34%"
"03/04/2014","23.48","22.56","23.75","22.56","32.46K","0.69%"
"03/03/2014","23.32","23.32","23.36","22.80","166.97K","0.00%"
"03/02/2014","23.32","22.63","23.36","22.63","33.18K","0.21%"
"02/27/2014","23.27","22.97","23.50","22.96","78.60K","0.47%"
"02/26/2014","23.16","22.96","23.35","22.88","31.80K","1.00%"
"02/25/2014","22.93","22.55","23.15","22.55","49.90K","0.61%"
"02/24/2014","22.79","22.88","22.96","22.72","38.22K","-0.44%"
"02/23/2014","22.89","22.56","22.96","22.52","112.10K","0.44%"
"02/20/2014","22.79","22.45","22.88","22.45","110.28K","0.97%"
"02/19/2014","22.57","22.84","22.84","22.34","81.45K","-0.92%"
"02/18/2014","22.78","22.74","22.92","22.47","186.52K","0.84%"
"02/17/2014","22.59","22.71","22.80","22.37","35.37K","-1.78%"
"02/16/2014","23.00","23.34","23.40","22.64","145.29K","0.97%"
"02/13/2014","22.78","22.94","22.94","21.38","388.89K","9.26%"
"02/12/2014","20.85","20.85","20.85","20.85","8.03K","9.97%"
"02/11/2014","18.96","18.75","19.18","18.68","100.77K","1.88%"
"02/10/2014","18.61","18.76","18.79","18.53","13.61K","-0.16%"
"02/09/2014","18.64","18.79","18.79","18.61","13.93K","0.81%"
"02/06/2014","18.49","18.36","18.76","18.06","50.24K","1.71%"
"02/05/2014","18.18","18.33","18.33","18.07","35.94K","0.89%"
"02/04/2014","18.02","17.92","18.19","17.92","16.78K","0.73%"
"02/03/2014","17.89","17.85","17.92","17.66","14.95K","-0.33%"
"02/02/2014","17.95","18.21","18.41","17.85","34.42K","-1.91%"
"01/30/2014","18.30","18.21","18.61","18.21","43.85K","0.11%"
"01/29/2014","18.28","17.85","18.59","17.59","116.79K","2.81%"
"01/28/2014","17.78","17.62","18.09","17.26","60.12K","3.49%"
"01/27/2014","17.18","16.70","17.44","16.63","105.48K","3.93%"
"01/26/2014","16.53","15.91","17.42","15.87","92.31K","2.23%"
"01/23/2014","16.17","16.11","16.37","15.45","44.74K","1.25%"
"01/22/2014","15.97","15.92","16.07","15.90","14.36K","0.82%"
"01/21/2014","15.84","15.83","16.06","15.83","18.10K","-0.19%"
"01/20/2014","15.87","15.95","16.07","15.83","13.10K","-0.87%"
"01/19/2014","16.01","16.25","16.38","15.85","51.96K","-0.06%"
"01/16/2014","16.02","15.60","16.12","15.60","46.68K","0.69%"
"01/15/2014","15.91","15.53","16.14","15.52","93.19K","2.71%"
"01/14/2014","15.49","15.44","15.74","15.28","69.62K","0.00%"
"01/12/2014","15.49","15.34","15.60","15.34","19.70K","2.79%"
"01/09/2014","15.07","15.06","15.33","15.01","69.96K","0.00%"
"01/08/2014","15.07","15.24","15.35","14.99","107.08K","-2.14%"
"01/06/2014","15.40","15.59","15.59","15.20","40.47K","-1.72%"
"01/05/2014","15.67","15.55","15.68","15.50","32.71K","-0.25%"
"01/02/2014","15.71","15.46","15.74","15.46","6.12K","0.06%"
"12/31/2013","15.70","15.52","15.76","15.49","15.72K","0.13%"
"12/30/2013","15.68","15.68","15.70","15.68","9.60K","0.45%"
"12/29/2013","15.61","15.60","15.68","15.46","24.63K","-0.45%"
"12/26/2013","15.68","15.68","15.82","15.63","12.99K","0.58%"
"12/25/2013","15.59","15.57","15.68","15.53","6.06K","0.71%"
"12/24/2013","15.48","15.47","15.51","15.46","11.98K","0.00%"
"12/23/2013","15.48","15.54","15.56","15.44","14.08K","-0.71%"
"12/22/2013","15.59","15.61","15.61","15.54","3.39K","-0.13%"
"12/19/2013","15.61","15.58","15.67","15.55","18.45K","-0.45%"
"12/18/2013","15.68","15.54","15.72","15.54","21.34K","0.19%"
"12/17/2013","15.65","15.65","15.67","15.64","2.10K","0.19%"
"12/16/2013","15.62","15.81","15.81","15.57","17.79K","-1.51%"
"12/15/2013","15.86","15.87","15.89","15.82","8.24K","0.38%"
"12/12/2013","15.80","15.75","15.87","15.75","6.73K","0.70%"
"12/11/2013","15.69","15.48","15.80","15.48","5.46K","-0.25%"
"12/10/2013","15.73","15.68","15.76","15.63","18.06K","0.70%"
"12/09/2013","15.62","15.53","15.68","15.52","15.54K","-1.14%"
"12/08/2013","15.80","15.76","15.89","15.76","4.11K","1.02%"
"12/05/2013","15.64","15.56","15.76","15.45","2.22K","0.84%"
"12/04/2013","15.51","15.46","15.53","15.45","7.94K","-0.83%"
"12/03/2013","15.64","15.48","15.75","15.48","31.97K","0.64%"
"12/02/2013","15.54","15.55","15.61","15.48","68.11K","-0.45%"
"12/01/2013","15.61","15.53","15.68","15.53","2.02K","1.04%"
"11/28/2013","15.45","15.45","15.47","15.44","16.55K","-0.45%"
"11/27/2013","15.52","15.64","15.64","15.40","11.11K","-1.27%"
"11/26/2013","15.72","15.76","15.83","15.54","26.60K","0.13%"
"11/25/2013","15.70","15.91","15.92","15.60","17.67K","-1.57%"
"11/24/2013","15.95","16.03","16.03","15.91","8.32K","-1.66%"
"11/21/2013","16.22","16.23","16.23","15.90","584.82K","1.44%"
"11/20/2013","15.99","16.37","16.39","15.84","24.63K","-0.50%"
"11/19/2013","16.07","16.39","16.39","15.84","16.51K","-0.56%"
"11/18/2013","16.16","15.95","16.27","15.95","16.56K","-0.12%"
"11/17/2013","16.18","16.30","16.30","15.95","13.53K","0.12%"
"11/14/2013","16.16","15.83","16.39","15.72","25.85K","2.08%"
"11/13/2013","15.83","15.88","16.10","15.70","26.99K","-2.46%"
"11/12/2013","16.23","16.44","16.47","15.87","30.08K","-0.18%"
"11/11/2013","16.26","16.48","16.61","16.15","70.97K","-0.43%"
"11/10/2013","16.33","16.39","16.48","16.11","27.20K","0.49%"
"11/07/2013","16.25","16.16","16.31","16.08","80.01K","-0.18%"
"11/06/2013","16.28","15.91","16.47","15.91","68.44K","2.91%"
"11/04/2013","15.82","15.26","15.91","15.25","63.64K","3.94%"
"11/03/2013","15.22","15.11","15.25","15.11","12.44K","0.46%"
"10/31/2013","15.15","15.21","15.39","15.04","30.10K","-0.20%"
"10/30/2013","15.18","15.23","15.28","15.14","9.69K","-0.07%"
"10/29/2013","15.19","14.85","15.36","14.82","12.51K","0.93%"
"10/28/2013","15.05","15.44","15.44","14.73","122.73K","-4.44%"
"10/27/2013","15.75","15.83","15.83","15.45","18.44K","0.19%"
"10/24/2013","15.72","15.72","15.83","15.04","191.31K","-1.32%"
"10/23/2013","15.93","16.22","16.22","15.76","62.39K","-1.97%"
"10/22/2013","16.25","16.22","16.35","16.03","19.60K","0.99%"
"10/21/2013","16.09","16.07","16.47","15.83","39.71K","1.58%"
"10/20/2013","15.84","16.07","16.07","15.64","22.41K","1.02%"
"10/13/2013","15.68","15.47","15.99","15.47","3.34K","-0.82%"
"10/10/2013","15.81","15.10","15.83","15.10","115.71K","3.74%"
"10/09/2013","15.24","15.04","15.60","15.04","37.24K","1.33%"
"10/08/2013","15.04","15.00","15.06","14.85","260.40K","-0.53%"
"10/07/2013","15.12","14.66","15.23","14.66","30.98K","0.60%"
"10/03/2013","15.03","15.00","15.06","14.96","33.05K","0.74%"
"10/02/2013","14.92","14.88","15.03","14.82","7.26K","0.20%"
"10/01/2013","14.89","14.96","14.96","14.81","4.12K","1.36%"
"09/30/2013","14.69","14.66","14.87","14.65","18.88K","-1.08%"
"09/29/2013","14.85","14.77","15.04","14.61","93.18K","-0.27%"
"09/26/2013","14.89","14.92","15.04","14.73","371.19K","0.81%"
"09/25/2013","14.77","14.65","14.85","14.65","30.51K","0.75%"
"09/24/2013","14.66","14.65","14.80","14.65","10.20K","-0.48%"
"09/23/2013","14.73","14.65","14.85","14.65","17.16K","0.55%"
"09/22/2013","14.65","14.57","14.73","14.34","50.47K","0.07%"
"09/19/2013","14.64","14.64","14.65","14.49","26.21K","0.07%"
"09/18/2013","14.63","14.41","14.65","14.37","167.23K","-0.20%"
"09/17/2013","14.66","14.65","14.85","14.61","103.15K","0.34%"
"09/16/2013","14.61","14.61","14.72","14.32","144.33K","-2.27%"
"09/15/2013","14.95","14.43","15.22","14.43","29.13K","4.40%"
"09/12/2013","14.32","14.01","14.65","14.01","350.29K","4.45%"
"09/11/2013","13.71","13.78","14.01","13.46","61.19K","0.22%"
"09/10/2013","13.68","13.62","13.86","13.47","19.17K","1.63%"
"09/09/2013","13.46","13.45","13.46","13.39","222.48K","0.07%"
"09/08/2013","13.45","13.46","13.64","13.19","39.72K","-0.15%"
"09/05/2013","13.47","13.32","13.54","13.32","32.59K","0.00%"
"09/04/2013","13.47","13.47","13.69","13.30","42.91K","-0.22%"
"09/03/2013","13.50","13.39","13.85","13.38","30.77K","0.75%"
"09/02/2013","13.40","13.46","13.46","13.09","43.08K","0.00%"
"09/01/2013","13.40","13.22","13.47","12.95","35.72K","0.30%"
"08/29/2013","13.36","13.07","13.46","13.07","8.76K","2.38%"
"08/28/2013","13.05","13.10","13.10","12.98","28.58K","-2.32%"
"08/27/2013","13.36","13.53","13.53","13.22","8.48K","-1.26%"
"08/26/2013","13.53","13.67","13.84","13.46","31.03K","-1.60%"
"08/25/2013","13.75","13.51","14.01","13.46","24.87K","0.95%"
"08/22/2013","13.62","13.85","13.85","13.59","39.03K","0.07%"
"08/21/2013","13.61","13.67","13.70","13.47","21.81K","0.44%"
"08/20/2013","13.55","13.46","13.79","13.46","5.75K","0.82%"
"08/19/2013","13.44","13.46","13.46","13.32","5.66K","-0.52%"
"08/18/2013","13.51","13.54","13.78","13.18","22.18K","-3.02%"
"08/14/2013","13.93","14.05","14.05","13.67","4.64K","-2.72%"
"08/13/2013","14.32","14.34","14.57","14.25","40.95K","-0.35%"
"08/12/2013","14.37","14.35","14.54","14.25","7.12K","-1.17%"
"08/07/2013","14.54","14.42","15.02","14.34","8.07K","-1.76%"
"08/06/2013","14.80","14.27","15.04","14.26","87.56K","2.07%"
"08/05/2013","14.50","13.87","15.04","13.87","52.40K","5.07%"
"08/04/2013","13.80","13.54","14.01","13.54","9.09K","1.55%"
"08/01/2013","13.59","13.50","13.63","13.50","6.31K","0.82%"
"07/31/2013","13.48","13.54","13.54","13.46","4.93K","0.30%"
"07/30/2013","13.44","13.46","13.47","13.42","3.95K","-0.22%"
"07/29/2013","13.47","13.62","13.62","13.46","15.01K","0.30%"
"07/28/2013","13.43","13.26","13.49","13.26","5.71K","0.67%"
"07/25/2013","13.34","12.94","13.46","12.94","22.91K","0.45%"
"07/24/2013","13.28","13.14","13.46","12.94","47.36K","-1.19%"
"07/22/2013","13.44","13.36","13.47","13.24","36.84K","1.59%"
"07/21/2013","13.23","13.37","13.37","13.11","6.44K","1.38%"
"07/18/2013","13.05","13.03","13.21","13.00","3.73K","0.85%"
"07/17/2013","12.94","12.91","13.06","12.87","16.19K","-2.04%"
"07/16/2013","13.21","13.33","13.38","13.06","10.89K","1.77%"
"07/15/2013","12.98","13.07","13.07","12.68","17.40K","-2.04%"
"07/14/2013","13.25","13.14","13.40","13.07","8.77K","-0.90%"
"07/11/2013","13.37","13.27","13.56","13.15","20.71K","0.38%"
"07/10/2013","13.32","13.19","13.46","13.07","52.27K","1.14%"
"07/09/2013","13.17","12.67","13.65","12.67","33.29K","2.89%"
"07/08/2013","12.80","13.17","13.17","12.63","34.54K","-7.71%"
"07/07/2013","13.87","13.26","14.16","13.26","29.23K","-0.22%"
"07/04/2013","13.90","13.25","13.93","13.25","254.76K","9.71%"
"07/03/2013","12.67","12.59","12.67","12.59","41.25K","0.16%"
"07/02/2013","12.65","12.25","12.94","12.25","38.02K","5.24%"
"06/30/2013","12.02","11.99","12.03","11.99","1.01K","1.18%"
"06/27/2013","11.88","11.96","12.18","11.80","47.14K","-1.33%"
"06/26/2013","12.04","12.02","12.07","11.96","13.65K","1.52%"
"06/25/2013","11.86","11.50","12.03","11.50","20.53K","1.72%"
"06/24/2013","11.66","11.70","11.87","11.60","9.65K","1.75%"
"06/23/2013","11.46","11.33","11.55","11.33","17.87K","0.00%"
"06/20/2013","11.46","11.56","11.56","11.37","26.93K","-0.61%"
"06/19/2013","11.53","11.56","11.57","11.48","14.46K","-1.03%"
"06/18/2013","11.65","11.42","11.72","11.42","15.96K","-0.51%"
"06/17/2013","11.71","11.70","11.72","11.70","4.17K","2.27%"
"06/16/2013","11.45","11.49","11.52","11.28","7.55K","-0.78%"
"06/13/2013","11.54","11.20","11.80","11.18","14.82K","-1.20%"
"06/12/2013","11.68","12.45","12.45","11.48","13.03K","-4.89%"
"06/11/2013","12.28","12.27","12.43","12.22","22.91K","-0.49%"
"06/10/2013","12.34","12.79","12.79","11.97","43.98K","-7.22%"
"06/09/2013","13.30","13.51","13.70","12.79","11.72K","-3.76%"
"06/06/2013","13.82","14.01","14.25","13.67","60.93K","-3.02%"
"06/05/2013","14.25","14.40","14.40","13.86","11.63K","-2.26%"
"06/04/2013","14.58","14.69","14.73","14.41","14.65K","-1.42%"
"06/03/2013","14.79","14.73","15.04","14.73","1.14K","-0.54%"
"06/02/2013","14.87","14.86","14.88","14.86","2.02K","-1.13%"
"05/30/2013","15.04","14.81","15.06","14.81","2.88K","1.55%"
"05/29/2013","14.81","15.00","15.00","14.77","1.36K","-1.53%"
"05/28/2013","15.04","14.90","15.11","14.89","8.45K","0.13%"
"05/27/2013","15.02","14.81","15.08","14.69","21.63K","0.27%"
"05/26/2013","14.98","14.88","15.04","14.88","6.39K","0.07%"
"05/23/2013","14.97","14.89","15.04","14.81","22.26K","-0.20%"
"05/22/2013","15.00","15.13","15.13","14.93","11.83K","0.00%"
"05/21/2013","15.00","15.04","15.04","14.85","84.96K","-0.99%"
"05/20/2013","15.15","15.28","15.32","15.04","15.11K","-1.75%"
"05/19/2013","15.42","15.43","15.44","15.38","6.82K","-0.06%"
"05/16/2013","15.43","15.44","15.44","15.41","8.36K","-0.06%"
"05/15/2013","15.44","15.56","15.56","15.36","78.22K","-0.45%"
"05/14/2013","15.51","15.52","15.52","15.46","5.40K","0.06%"
"05/13/2013","15.50","15.51","15.52","15.49","6.46K","-1.15%"
"05/12/2013","15.68","15.76","15.79","15.56","2.07K","0.26%"
"05/09/2013","15.64","15.48","15.76","15.48","7.38K","-0.06%"
"05/08/2013","15.65","15.72","15.72","15.49","144.22K","0.51%"
"05/07/2013","15.57","15.45","15.61","15.44","30.13K","0.78%"
"05/02/2013","15.45","15.44","15.52","15.40","8.66K","0.52%"
"04/30/2013","15.37","15.44","15.44","15.28","2.80K","-0.45%"
"04/29/2013","15.44","15.56","15.56","15.34","0.54K","0.00%"
"04/28/2013","15.44","15.52","15.60","15.26","2.52K","0.98%"
"04/24/2013","15.29","15.36","15.36","15.25","17.42K","-0.91%"
"04/23/2013","15.43","15.44","15.44","15.33","17.92K","0.19%"
"04/22/2013","15.40","15.45","15.50","15.37","3.25K","-0.32%"
"04/21/2013","15.45","15.65","15.65","15.33","4.82K","-0.77%"
"04/18/2013","15.57","15.44","15.64","15.33","9.37K","0.91%"
"04/17/2013","15.43","15.57","15.57","15.42","4.47K","-0.77%"
"04/16/2013","15.55","15.45","15.72","15.44","10.85K","-0.96%"
"04/15/2013","15.70","15.90","15.95","15.49","17.64K","-3.44%"
"04/14/2013","16.26","16.44","16.44","16.15","47.34K","0.49%"
"04/11/2013","16.18","16.23","16.35","16.07","25.05K","-0.37%"
"04/10/2013","16.24","16.23","16.31","16.14","19.72K","-0.55%"
"04/09/2013","16.33","16.39","16.39","16.23","11.78K","1.94%"
"04/08/2013","16.02","15.85","15.85","15.85","0.51K","0.00%"
"04/07/2013","16.02","16.22","16.23","15.83","10.49K","-0.44%"
"04/04/2013","16.09","15.95","16.23","15.95","1.00K","2.61%"
"04/03/2013","15.68","15.64","15.83","15.61","4.64K","-1.20%"
"04/02/2013","15.87","15.86","16.03","15.83","11.99K","-1.00%"
"04/01/2013","16.03","16.16","16.51","15.85","17.09K","-1.48%"
"03/31/2013","16.27","16.33","16.47","16.15","17.96K","-0.79%"
"03/28/2013","16.40","16.61","16.62","16.33","8.31K","-0.97%"
"03/27/2013","16.56","16.31","16.63","16.31","28.92K","1.47%"
"03/26/2013","16.32","16.23","16.49","16.23","12.88K","0.00%"
"03/25/2013","16.32","16.25","16.54","16.23","6.94K","-1.86%"
"03/24/2013","16.63","16.47","16.78","16.47","34.18K","0.12%"
"03/21/2013","16.61","16.63","16.63","16.38","91.46K","-1.01%"
"03/20/2013","16.78","16.90","16.95","16.55","22.30K","-1.47%"
"03/19/2013","17.03","17.41","17.41","16.86","11.26K","-1.16%"
"03/18/2013","17.23","17.24","17.24","16.94","0.95K","1.71%"
"03/17/2013","16.94","17.06","17.06","16.90","1.53K","0.00%"
"03/14/2013","16.94","16.95","17.06","16.91","7.07K","-0.53%"
"03/13/2013","17.03","17.05","17.05","17.02","7.97K","-2.41%"
"03/12/2013","17.45","17.77","17.81","17.28","27.01K","-0.06%"
"03/11/2013","17.46","19.18","19.18","17.43","0.79K","0.06%"
"03/10/2013","17.45","17.42","17.58","17.41","7.22K","0.17%"
"03/07/2013","17.42","17.40","17.51","17.22","13.42K","0.52%"
"03/06/2013","17.33","17.04","17.42","17.02","22.62K","2.18%"
"03/05/2013","16.96","16.83","17.03","16.82","6.35K","-2.25%"
"03/04/2013","17.35","17.47","17.47","16.94","84.07K","-1.14%"
"03/03/2013","17.55","17.77","17.77","17.48","0.84K","-1.29%"
"02/28/2013","17.78","17.81","17.81","17.59","19.45K","0.28%"
"02/27/2013","17.73","17.60","17.85","17.60","5.92K","-0.45%"
"02/26/2013","17.81","17.82","17.93","17.81","43.27K","-0.11%"
"02/25/2013","17.83","17.91","18.04","17.81","20.13K","-0.94%"
"02/24/2013","18.00","18.07","18.36","17.94","4.40K","-0.94%"
"02/21/2013","18.17","18.05","18.37","18.02","100.54K","-0.11%"
"02/20/2013","18.19","18.20","18.21","18.01","76.74K","-0.16%"
"02/19/2013","18.22","18.53","18.53","18.02","45.25K","-1.99%"
"02/18/2013","18.59","18.62","18.65","18.45","46.86K","-0.11%"
"02/17/2013","18.61","18.57","18.72","18.53","44.20K","-0.32%"
"02/14/2013","18.67","18.72","18.76","18.57","10.15K","0.32%"
"02/13/2013","18.61","18.87","18.88","18.53","81.20K","-0.59%"
"02/12/2013","18.72","18.61","18.84","18.49","74.36K","0.38%"
"02/11/2013","18.65","18.60","18.68","18.46","16.66K","0.27%"
"02/10/2013","18.60","18.40","18.76","18.39","140.19K","0.76%"
"02/07/2013","18.46","18.61","18.68","18.38","84.95K","0.00%"
"02/06/2013","18.46","18.42","18.84","18.21","71.33K","-1.81%"
"02/05/2013","18.80","19.16","19.18","18.61","27.15K","0.70%"
"02/04/2013","18.67","18.76","19.00","18.60","269.47K","0.65%"
"02/03/2013","18.55","18.21","18.77","18.08","38.34K","4.39%"
"01/31/2013","17.77","17.22","18.95","17.22","340.99K","2.13%"
"01/30/2013","17.40","17.26","17.72","17.18","30.25K","2.29%"
"01/29/2013","17.01","17.01","17.42","16.86","184.87K","0.00%"
"01/28/2013","17.01","17.06","17.10","16.89","53.42K","-0.93%"
"01/27/2013","17.17","16.49","17.40","16.47","161.66K","1.30%"
"01/23/2013","16.95","16.39","17.13","16.39","142.02K","2.36%"
"01/22/2013","16.56","16.27","16.63","16.18","16.38K","1.91%"
"01/21/2013","16.25","16.24","16.39","16.10","6.60K","-0.31%"
"01/20/2013","16.30","16.44","16.44","16.26","17.11K","-1.27%"
"01/17/2013","16.51","16.63","16.63","16.45","27.50K","-0.72%"
"01/16/2013","16.63","16.44","16.74","16.44","23.30K","-0.18%"
"01/15/2013","16.66","16.95","16.95","16.55","31.75K","-1.94%"
"01/14/2013","16.99","16.94","17.13","16.86","14.37K","0.71%"
"01/13/2013","16.87","16.89","17.21","16.79","25.50K","-0.94%"
"01/10/2013","17.03","17.22","17.22","16.87","46.14K","-1.22%"
"01/09/2013","17.24","17.30","17.30","17.14","52.28K","-0.29%"
"01/08/2013","17.29","17.42","17.58","17.26","117.54K","-0.80%"
"01/06/2013","17.43","17.81","17.96","17.34","209.18K","-2.79%"
"01/03/2013","17.93","17.19","18.21","17.19","21.07K","2.28%"
"01/02/2013","17.53","17.11","17.70","17.11","17.04K","1.86%"
"12/31/2012","17.21","17.02","17.30","17.02","20.89K","0.35%"
"12/30/2012","17.15","17.10","17.36","17.07","4.34K","-0.52%"
"12/27/2012","17.24","17.02","17.40","17.02","15.70K","2.74%"
"12/26/2012","16.78","16.79","17.06","16.75","1.28K","-1.35%"
"12/25/2012","17.01","16.83","17.18","16.63","224.51K","-0.58%"
"12/24/2012","17.11","17.18","17.26","17.05","10.68K","-0.70%"
"12/23/2012","17.23","17.50","17.55","16.98","13.70K","-1.15%"
"12/20/2012","17.43","17.40","17.57","17.11","53.84K","1.34%"
"12/19/2012","17.20","17.37","17.62","16.96","13.85K","-1.09%"
"12/18/2012","17.39","17.37","17.50","16.88","13.23K","0.58%"
"12/17/2012","17.29","17.42","17.43","17.07","11.12K","-1.48%"
"12/16/2012","17.55","17.42","17.61","17.42","14.51K","2.03%"
"12/13/2012","17.20","16.97","17.56","16.63","38.17K","1.47%"
"12/12/2012","16.95","16.62","17.32","16.62","20.26K","2.79%"
"12/11/2012","16.49","16.63","16.63","16.39","11.41K","1.48%"
"12/10/2012","16.25","17.05","17.06","16.23","45.61K","-2.17%"
"12/09/2012","16.61","17.39","17.62","16.25","16.79K","0.67%"
"12/06/2012","16.50","16.78","17.10","16.43","18.74K","-4.07%"
"12/05/2012","17.20","16.81","17.41","16.81","7.48K","-0.69%"
"12/04/2012","17.32","17.18","17.41","17.18","6.34K","2.06%"
"12/03/2012","16.97","17.20","17.20","16.86","1.74K","-1.96%"
"12/02/2012","17.31","17.89","17.93","16.82","6.10K","1.58%"
"11/29/2012","17.04","17.26","17.42","16.72","21.32K","-1.33%"
"11/28/2012","17.27","17.85","17.85","17.10","37.67K","-4.48%"
"11/27/2012","18.08","18.13","18.21","17.58","20.26K","1.29%"
"11/26/2012","17.85","17.42","18.33","17.42","3.28K","3.54%"
"11/25/2012","17.24","18.21","18.23","17.10","35.36K","-9.26%"
"11/22/2012","19.00","19.00","19.03","18.84","19.32K","0.90%"
"11/21/2012","18.83","18.68","19.03","18.61","3.13K","0.43%"
"11/20/2012","18.75","18.27","19.00","18.22","8.32K","-0.27%"
"11/19/2012","18.80","19.00","19.37","18.61","10.76K","-2.08%"
"11/18/2012","19.20","19.56","19.56","18.65","28.69K","-3.13%"
"11/14/2012","19.82","19.72","19.99","19.71","7.89K","0.51%"
"11/13/2012","19.72","19.67","19.91","19.54","7.44K","0.20%"
"11/12/2012","19.68","19.71","19.71","19.64","19.37K","-0.46%"
"11/11/2012","19.77","19.79","19.79","19.61","2.60K","-0.10%"
"11/08/2012","19.79","19.75","19.79","19.71","8.68K","-0.05%"
"11/07/2012","19.80","19.87","19.87","19.75","54.65K","-0.75%"
"11/06/2012","19.95","20.02","20.19","19.83","12.62K","-0.35%"
"11/05/2012","20.02","20.19","20.19","19.79","23.85K","-0.25%"
"11/04/2012","20.07","20.53","20.53","19.85","18.41K","-2.24%"
"11/01/2012","20.53","20.74","20.74","20.23","53.94K","-0.29%"
"10/31/2012","20.59","20.47","20.70","20.47","21.79K","-0.63%"
"10/30/2012","20.72","20.85","20.92","20.59","53.02K","-0.38%"
"10/29/2012","20.80","20.70","20.98","20.66","11.95K","0.87%"
"10/24/2012","20.62","20.49","20.76","20.46","26.43K","0.83%"
"10/23/2012","20.45","20.36","20.50","20.35","11.93K","0.10%"
"10/22/2012","20.43","20.27","20.59","20.27","10.66K","-0.10%"
"10/21/2012","20.45","20.61","20.61","20.35","22.58K","-1.16%"
"10/18/2012","20.69","20.59","20.78","20.59","39.09K","0.49%"
"10/17/2012","20.59","20.59","20.69","20.45","84.73K","0.05%"
"10/16/2012","20.58","20.33","20.59","20.33","7.96K","0.19%"
"10/15/2012","20.54","20.59","20.59","20.24","67.49K","-0.19%"
"10/14/2012","20.58","20.51","20.82","20.51","29.06K","-0.05%"
"10/11/2012","20.59","20.62","20.66","20.59","44.28K","-0.34%"
"10/10/2012","20.66","20.59","20.95","20.59","75.15K","0.58%"
"10/09/2012","20.54","20.88","20.88","20.40","9.75K","-0.44%"
"10/08/2012","20.63","20.77","20.82","20.51","14.74K","-1.48%"
"10/04/2012","20.94","21.21","21.30","20.62","28.26K","0.53%"
"10/03/2012","20.83","20.78","20.98","20.59","26.65K","0.82%"
"10/02/2012","20.66","20.98","21.06","20.48","62.89K","-2.64%"
"10/01/2012","21.22","21.77","21.77","20.82","87.22K","-1.85%"
"09/30/2012","21.62","21.42","22.09","21.42","35.86K","0.14%"
"09/27/2012","21.59","21.67","21.73","21.46","59.54K","-0.74%"
"09/26/2012","21.75","21.77","21.85","21.65","54.16K","-0.91%"
"09/25/2012","21.95","21.77","22.25","21.71","54.33K","1.15%"
"09/24/2012","21.70","21.69","21.88","21.51","48.86K","-0.14%"
"09/23/2012","21.73","21.73","22.07","21.58","80.26K","-1.00%"
"09/20/2012","21.95","21.91","22.17","21.78","90.79K","-1.48%"
"09/19/2012","22.28","22.46","22.71","21.89","223.42K","-0.93%"
"09/18/2012","22.49","22.22","22.69","22.16","194.79K","-0.31%"
"09/17/2012","22.56","22.56","22.88","22.37","92.30K","0.58%"
"09/16/2012","22.43","22.17","22.88","21.77","105.11K","2.33%"
"09/13/2012","21.92","22.01","22.13","21.71","43.27K","-1.35%"
"09/12/2012","22.22","22.09","22.56","21.94","177.04K","1.28%"
"09/11/2012","21.94","22.15","22.15","21.84","89.09K","-0.54%"
"09/10/2012","22.06","22.33","22.33","21.73","52.16K","0.78%"
"09/09/2012","21.89","21.18","22.46","21.06","139.57K","4.04%"
"09/06/2012","21.04","20.98","21.17","20.79","45.96K","0.33%"
"09/05/2012","20.97","21.12","21.16","20.75","31.32K","-0.19%"
"09/04/2012","21.01","21.08","21.16","20.90","46.63K","0.38%"
"09/03/2012","20.93","21.14","21.20","20.79","42.99K","-0.19%"
"09/02/2012","20.97","20.79","21.06","20.77","78.05K","0.05%"
"08/30/2012","20.96","21.13","21.34","20.71","113.91K","0.58%"
"08/29/2012","20.84","21.00","21.10","20.60","23.37K","-0.29%"
"08/28/2012","20.90","20.42","21.32","20.19","209.24K","3.41%"
"08/27/2012","20.21","20.03","20.40","20.03","51.30K","0.60%"
"08/26/2012","20.09","20.19","20.55","19.86","45.23K","1.52%"
"08/23/2012","19.79","19.45","20.17","19.45","64.09K","1.96%"
"08/22/2012","19.41","19.48","19.48","19.33","8.54K","-0.97%"
"08/21/2012","19.60","19.00","19.79","19.00","12.07K","2.19%"
"08/16/2012","19.18","19.40","19.40","19.09","19.78K","-0.26%"
"08/15/2012","19.23","19.18","19.36","19.17","9.05K","-0.10%"
"08/14/2012","19.25","19.33","19.33","19.16","7.77K","0.16%"
"08/13/2012","19.22","19.14","19.33","19.14","7.91K","0.26%"
"08/12/2012","19.17","19.52","19.52","19.14","1.61K","-0.26%"
"08/09/2012","19.22","19.01","19.28","19.01","3.37K","0.00%"
"08/08/2012","19.22","19.26","19.32","19.17","2.55K","-0.77%"
"08/07/2012","19.37","19.34","19.54","19.34","15.41K","-0.10%"
"08/06/2012","19.39","19.41","19.41","19.28","16.81K","-0.10%"
"08/05/2012","19.41","19.45","19.50","19.37","39.34K","-0.21%"
"08/02/2012","19.45","19.37","19.54","19.36","12.79K","0.41%"
"08/01/2012","19.37","19.40","19.43","19.36","13.41K","-0.21%"
"07/31/2012","19.41","19.36","19.48","19.36","7.70K","0.52%"
"07/30/2012","19.31","19.28","19.33","19.28","0.86K","-0.52%"
"07/29/2012","19.41","19.50","19.50","19.26","1.26K","-0.26%"
"07/26/2012","19.46","19.40","19.55","19.40","4.43K","0.52%"
"07/25/2012","19.36","19.40","19.56","19.25","8.95K","0.89%"
"07/24/2012","19.19","19.71","19.71","19.14","11.13K","-1.39%"
"07/22/2012","19.46","19.48","19.48","19.41","5.46K","0.46%"
"07/19/2012","19.37","19.75","19.75","19.21","14.32K","0.57%"
"07/18/2012","19.26","19.25","19.26","19.25","2.55K","-1.73%"
"07/17/2012","19.60","19.24","19.72","19.24","9.55K","2.78%"
"07/16/2012","19.07","19.40","19.40","18.97","33.10K","-0.42%"
"07/15/2012","19.15","19.79","19.79","19.03","7.23K","-1.39%"
"07/12/2012","19.42","19.75","19.94","19.30","1.77K","-1.02%"
"07/11/2012","19.62","19.09","19.79","19.08","32.56K","1.50%"
"07/10/2012","19.33","19.40","19.73","19.10","6.86K","0.42%"
"07/09/2012","19.25","19.79","19.79","19.01","33.48K","-4.99%"
"07/08/2012","20.26","20.59","20.59","19.86","9.52K","-1.36%"
"07/05/2012","20.54","20.59","20.59","20.41","17.88K","-0.19%"
"07/04/2012","20.58","20.62","20.66","20.45","19.10K","-1.29%"
"07/03/2012","20.85","21.02","21.02","20.70","33.17K","-0.71%"
"07/02/2012","21.00","20.98","21.24","20.66","18.07K","1.60%"
"06/28/2012","20.67","20.74","20.97","20.56","17.26K","0.39%"
"06/27/2012","20.59","20.86","20.90","20.20","14.32K","-0.34%"
"06/26/2012","20.66","20.59","20.90","20.51","72.90K","2.02%"
"06/25/2012","20.25","19.71","20.98","19.71","38.83K","5.14%"
"06/24/2012","19.26","19.32","19.62","19.10","17.78K","1.26%"
"06/21/2012","19.02","19.03","19.20","19.00","15.04K","-0.05%"
"06/20/2012","19.03","19.20","19.20","18.94","7.02K","0.16%"
"06/19/2012","19.00","19.10","19.17","18.90","25.67K","-1.81%"
"06/18/2012","19.35","19.79","19.79","19.15","4.07K","-1.83%"
"06/14/2012","19.71","19.00","20.07","19.00","82.72K","3.57%"
"06/13/2012","19.03","19.37","19.56","18.90","59.52K","-0.89%"
"06/12/2012","19.20","18.92","19.24","18.89","1.98K","1.69%"
"06/11/2012","18.88","19.10","19.36","18.83","4.84K","-2.93%"
"06/10/2012","19.45","19.28","19.56","19.28","0.62K","1.57%"
"06/07/2012","19.15","19.00","19.36","19.00","9.18K","0.84%"
"06/06/2012","18.99","18.93","19.02","18.88","15.42K","-0.58%"
"06/05/2012","19.10","19.24","19.60","18.85","15.40K","-1.24%"
"06/04/2012","19.34","19.64","19.76","19.20","11.46K","0.00%"
"06/03/2012","19.34","19.48","19.48","19.13","5.25K","-0.97%"
"05/31/2012","19.53","19.88","19.88","19.38","34.29K","-1.61%"
"05/30/2012","19.85","19.83","19.87","19.82","8.58K","-1.00%"
"05/29/2012","20.05","19.99","20.14","19.93","9.99K","-1.86%"
"05/28/2012","20.43","19.99","20.59","19.79","20.10K","3.29%"
"05/27/2012","19.78","20.57","20.57","19.56","19.78K","-3.56%"
"05/24/2012","20.51","20.18","20.89","19.98","34.26K","2.70%"
"05/23/2012","19.97","19.64","20.18","19.64","8.05K","2.89%"
"05/22/2012","19.41","19.40","19.56","19.39","17.34K","0.00%"
"05/21/2012","19.41","19.39","19.57","19.32","12.92K","1.20%"
"05/20/2012","19.18","19.49","19.49","19.00","14.36K","-2.39%"
"05/17/2012","19.65","20.17","20.17","19.48","30.58K","-1.45%"
"05/16/2012","19.94","20.34","20.34","19.82","7.94K","-0.80%"
"05/15/2012","20.10","20.27","20.58","19.80","21.56K","-0.89%"
"05/14/2012","20.28","20.53","20.57","20.22","18.07K","-1.65%"
"05/13/2012","20.62","20.65","20.66","20.51","9.94K","0.59%"
"05/10/2012","20.50","20.55","20.59","20.47","7.65K","-0.24%"
"05/09/2012","20.55","20.59","20.66","20.40","14.20K","0.15%"
"05/08/2012","20.52","20.44","20.67","20.43","22.60K","0.00%"
"05/07/2012","20.52","20.59","20.59","20.43","17.28K","-0.48%"
"05/06/2012","20.62","20.59","20.86","20.52","16.18K","1.38%"
"05/03/2012","20.34","20.64","20.64","20.21","56.83K","-1.93%"
"05/02/2012","20.74","21.08","21.08","20.62","25.78K","-1.89%"
"04/30/2012","21.14","21.15","21.22","21.08","9.18K","-0.05%"
"04/29/2012","21.15","21.07","21.35","21.06","19.17K","-1.12%"
"04/26/2012","21.39","21.34","21.52","21.34","40.18K","0.94%"
"04/24/2012","21.19","21.69","21.69","20.91","36.91K","-2.84%"
"04/23/2012","21.81","21.66","22.37","21.66","61.40K","-9.39%"
"04/22/2012","24.07","23.67","24.38","23.67","123.18K","1.65%"
"04/19/2012","23.68","23.48","23.75","23.48","90.19K","1.33%"
"04/18/2012","23.37","23.78","23.83","23.24","82.51K","-1.52%"
"04/17/2012","23.73","23.66","24.24","23.36","23.87K","-0.25%"
"04/12/2012","23.79","24.06","24.07","23.67","37.90K","0.72%"
"04/11/2012","23.62","23.36","24.06","23.22","50.60K","1.72%"
"04/10/2012","23.22","23.21","23.36","22.97","46.78K","-1.74%"
"04/09/2012","23.63","23.97","23.97","23.28","37.44K","-1.75%"
"04/08/2012","24.05","23.99","24.15","23.99","25.30K","-0.62%"
"04/05/2012","24.20","23.83","24.36","23.78","32.51K","0.17%"
"04/04/2012","24.16","24.31","24.31","23.96","37.49K","-1.11%"
"04/03/2012","24.43","24.19","24.50","24.19","38.51K","-0.29%"
"04/02/2012","24.50","24.61","24.61","24.26","15.98K","-0.33%"
"04/01/2012","24.58","24.70","24.93","24.43","14.87K","-1.29%"
"03/29/2012","24.90","24.93","25.22","24.54","49.19K","1.01%"
"03/28/2012","24.65","24.39","24.81","24.39","18.49K","0.12%"
"03/27/2012","24.62","24.94","24.94","24.46","21.51K","0.53%"
"03/26/2012","24.49","24.56","24.74","24.24","34.05K","-1.45%"
"03/25/2012","24.85","25.02","25.22","24.61","19.55K","-1.93%"
"03/22/2012","25.34","25.49","25.49","25.19","19.74K","-0.08%"
"03/21/2012","25.36","25.34","25.45","25.26","41.36K","0.08%"
"03/20/2012","25.34","25.06","25.60","24.92","34.39K","0.36%"
"03/19/2012","25.25","25.64","25.64","25.07","11.92K","-0.55%"
"03/18/2012","25.39","25.34","25.54","25.19","24.56K","-0.59%"
"03/15/2012","25.54","25.73","25.96","25.34","33.81K","0.51%"
"03/14/2012","25.41","24.93","25.93","24.75","52.10K","0.87%"
"03/13/2012","25.19","25.85","26.45","24.54","137.47K","-3.56%"
"03/12/2012","26.12","26.52","26.52","25.83","96.30K","-1.92%"
"03/11/2012","26.63","26.82","26.92","26.36","97.72K","-1.70%"
"03/08/2012","27.09","27.51","27.52","26.84","170.78K","-2.27%"
"03/07/2012","27.72","28.15","28.15","27.52","200.43K","-2.50%"
"03/06/2012","28.43","29.31","29.31","27.71","487.40K","-0.80%"
"03/05/2012","28.66","27.67","29.56","27.55","304.22K","3.28%"
"03/04/2012","27.75","27.95","27.99","27.63","67.79K","-0.07%"
"03/01/2012","27.77","27.77","27.91","27.52","57.23K","0.29%"
"02/29/2012","27.69","27.32","27.79","27.31","81.38K","1.10%"
"02/28/2012","27.39","27.70","27.83","27.12","136.61K","-1.37%"
"02/27/2012","27.77","27.97","28.11","27.55","139.75K","0.43%"
"02/26/2012","27.65","27.04","28.01","26.94","181.04K","2.86%"
"02/23/2012","26.88","26.48","27.01","26.48","108.37K","2.36%"
"02/22/2012","26.26","26.71","26.71","26.13","35.47K","-0.49%"
"02/21/2012","26.39","26.92","26.92","26.14","101.83K","-1.97%"
"02/20/2012","26.92","26.72","27.39","26.59","81.77K","0.71%"
"02/19/2012","26.73","26.52","26.90","26.52","52.72K","1.71%"
"02/16/2012","26.28","26.05","26.71","25.76","58.43K","-0.72%"
"02/15/2012","26.47","26.93","27.35","26.01","186.82K","-2.40%"
"02/14/2012","27.12","27.05","27.44","26.70","145.09K","-1.13%"
"02/13/2012","27.43","27.70","27.90","26.93","100.36K","0.15%"
"02/12/2012","27.39","26.76","27.63","26.76","37.47K","1.59%"
"02/09/2012","26.96","27.12","27.31","26.69","60.91K","-0.19%"
"02/08/2012","27.01","26.96","27.21","26.74","28.08K","0.45%"
"02/07/2012","26.89","26.60","27.08","26.44","62.00K","1.24%"
"02/06/2012","26.56","26.68","26.92","26.33","74.64K","-2.85%"
"02/02/2012","27.34","27.73","27.73","26.50","116.59K","-3.66%"
"02/01/2012","28.38","28.50","28.54","27.49","210.90K","1.18%"
"01/31/2012","28.05","26.44","28.50","26.44","287.67K","7.02%"
"01/30/2012","26.21","26.56","26.59","25.74","57.38K","-1.24%"
"01/29/2012","26.54","26.13","26.89","26.13","277.58K","5.28%"
"01/26/2012","25.21","24.14","26.13","24.13","379.65K","6.15%"
"01/24/2012","23.75","23.36","23.97","23.32","122.44K","1.54%"
"01/23/2012","23.39","23.17","23.55","23.17","19.86K","0.39%"
"01/22/2012","23.30","23.36","23.44","23.09","4.32K","-0.81%"
"01/19/2012","23.49","23.55","23.71","23.21","69.71K","-0.89%"
"01/18/2012","23.70","23.71","23.75","23.51","24.59K","0.00%"
"01/17/2012","23.70","23.74","23.75","23.44","108.92K","-0.17%"
"01/16/2012","23.74","23.95","23.98","23.61","32.30K","-0.13%"
"01/15/2012","23.77","23.36","23.95","23.36","64.58K","2.19%"
"01/12/2012","23.26","23.59","23.59","23.04","33.75K","1.39%"
"01/11/2012","22.94","22.96","22.98","22.87","10.60K","-0.26%"
"01/10/2012","23.00","22.96","23.06","22.89","28.08K","0.22%"
"01/09/2012","22.95","22.84","23.31","22.72","12.73K","0.53%"
"01/05/2012","22.83","22.88","22.93","22.72","18.80K","-0.35%"
"01/04/2012","22.91","22.81","22.96","22.81","10.07K","0.26%"
"01/03/2012","22.85","22.93","22.93","22.70","28.42K","-0.48%"
"01/02/2012","22.96","22.96","23.03","22.92","22.60K","1.19%"
"12/29/2011","22.69","22.56","22.90","22.56","87.65K","0.84%"
"12/28/2011","22.50","22.78","22.78","22.20","50.28K","-1.83%"
"12/27/2011","22.92","23.04","23.12","22.83","42.74K","-0.30%"
"12/26/2011","22.99","23.13","23.16","22.87","26.80K","-1.08%"
"12/25/2011","23.24","23.35","23.36","23.13","7.65K","1.35%"
"12/22/2011","22.93","23.35","23.35","22.69","46.12K","-1.25%"
"12/21/2011","23.22","23.74","23.75","22.99","72.02K","-1.23%"
"12/20/2011","23.51","24.01","24.01","23.44","40.84K","-1.55%"
"12/19/2011","23.88","24.07","24.23","23.75","111.92K","-1.04%"
"12/18/2011","24.13","24.15","24.15","23.81","51.52K","-1.67%"
"12/15/2011","24.54","24.90","24.90","24.48","28.72K","-0.16%"
"12/14/2011","24.58","24.84","24.93","24.51","71.44K","-0.28%"
"12/13/2011","24.65","24.69","24.88","24.45","6.26K","-0.12%"
"12/12/2011","24.68","25.02","25.02","24.46","39.75K","-1.36%"
"12/11/2011","25.02","25.06","25.33","24.94","8.53K","-0.24%"
"12/08/2011","25.08","24.82","25.27","24.78","14.25K","0.24%"
"12/07/2011","25.02","25.14","25.14","24.96","12.70K","-0.36%"
"12/06/2011","25.11","25.59","25.59","25.01","15.67K","0.36%"
"12/05/2011","25.02","25.19","25.25","24.86","11.73K","-0.67%"
"12/04/2011","25.19","25.57","25.57","25.06","68.99K","-0.40%"
"12/01/2011","25.29","25.34","25.41","24.96","26.28K","0.00%"
"11/30/2011","25.29","26.13","26.13","25.11","22.38K","0.88%"
"11/29/2011","25.07","24.14","25.69","24.14","68.47K","5.78%"
"11/24/2011","23.70","23.51","23.99","23.45","18.33K","0.64%"
"11/23/2011","23.55","23.16","23.83","22.29","13.84K","1.64%"
"11/22/2011","23.17","23.75","23.98","22.01","53.82K","-4.02%"
"11/21/2011","24.14","24.57","24.57","23.76","84.68K","-2.23%"
"11/20/2011","24.69","24.79","25.01","24.35","84.85K","-2.22%"
"11/17/2011","25.25","25.26","25.34","25.18","5.28K","-0.04%"
"11/16/2011","25.26","25.34","25.49","25.08","34.78K","0.24%"
"11/15/2011","25.20","25.34","25.65","25.05","31.06K","-0.71%"
"11/14/2011","25.38","25.73","25.73","25.07","45.30K","-2.31%"
"11/13/2011","25.98","26.25","26.30","25.76","32.62K","-0.73%"
"11/10/2011","26.17","26.14","26.27","26.13","7.09K","-0.11%"
"11/09/2011","26.20","26.33","26.38","26.13","26.24K","-0.64%"
"11/03/2011","26.37","26.46","26.48","26.29","8.12K","0.15%"
"11/02/2011","26.33","26.34","26.48","26.14","7.22K","0.30%"
"11/01/2011","26.25","26.29","26.59","26.13","21.10K","-0.64%"
"10/31/2011","26.42","26.36","26.60","26.21","9.82K","-0.04%"
"10/30/2011","26.43","26.12","26.62","26.12","37.08K","1.26%"
"10/27/2011","26.10","26.11","26.13","25.97","26.79K","-0.04%"
"10/26/2011","26.11","26.12","26.13","25.84","10.73K","0.04%"
"10/25/2011","26.10","25.98","26.29","25.79","118.27K","-0.19%"
"10/24/2011","26.15","26.33","26.48","25.95","19.07K","0.04%"
"10/23/2011","26.14","26.05","26.48","25.89","22.96K","1.51%"
"10/20/2011","25.75","25.81","26.09","25.65","80.09K","-0.12%"
"10/19/2011","25.78","25.47","25.98","25.47","8.32K","1.14%"
"10/18/2011","25.49","25.57","25.73","25.33","5.87K","0.16%"
"10/17/2011","25.45","25.58","25.89","25.34","24.84K","-0.47%"
"10/16/2011","25.57","25.34","25.89","25.23","48.41K","2.40%"
"10/13/2011","24.97","24.55","25.18","24.54","36.23K","1.63%"
"10/12/2011","24.57","24.43","24.92","24.35","14.59K","0.57%"
"10/11/2011","24.43","24.54","24.54","24.31","29.24K","0.41%"
"10/10/2011","24.33","23.96","24.54","23.75","48.91K","-0.82%"
"10/09/2011","24.53","25.07","25.07","23.96","12.42K","1.36%"
"10/05/2011","24.20","24.98","25.17","23.95","47.61K","-1.91%"
"10/04/2011","24.67","24.78","25.09","24.54","27.99K","-1.20%"
"10/03/2011","24.97","25.05","25.29","24.76","20.11K","-1.65%"
"10/02/2011","25.39","25.71","25.93","25.13","42.50K","0.63%"
"09/29/2011","25.23","25.15","25.38","25.02","19.79K","1.41%"
"09/28/2011","24.88","25.35","25.35","24.29","20.80K","-3.68%"
"09/27/2011","25.83","26.33","26.33","25.35","53.04K","-1.30%"
"09/26/2011","26.17","25.92","26.52","25.73","21.81K","0.11%"
"09/25/2011","26.14","26.96","26.96","25.59","51.63K","-4.53%"
"09/22/2011","27.38","27.47","27.63","27.24","13.31K","-1.26%"
"09/21/2011","27.73","27.55","27.91","27.55","51.33K","0.11%"
"09/20/2011","27.70","27.95","27.95","27.35","22.04K","1.54%"
"09/19/2011","27.28","26.92","27.91","26.15","37.63K","0.04%"
"09/18/2011","27.27","28.50","28.50","26.72","50.17K","-3.64%"
"09/15/2011","28.30","28.65","28.70","27.31","124.79K","-0.95%"
"09/14/2011","28.57","29.77","29.77","28.50","68.94K","-2.22%"
"09/13/2011","29.22","29.37","29.48","29.06","28.13K","-0.81%"
"09/12/2011","29.46","29.69","29.69","29.29","39.71K","-0.81%"
"09/11/2011","29.70","29.69","29.82","29.49","9.93K","-0.40%"
"09/08/2011","29.82","29.77","29.89","29.70","29.06K","0.40%"
"09/07/2011","29.70","29.66","29.93","29.55","19.69K","0.17%"
"09/06/2011","29.65","29.86","29.86","29.49","32.99K","-0.24%"
"09/05/2011","29.72","30.07","30.07","29.54","46.08K","-0.87%"
"09/04/2011","29.98","29.98","30.80","29.69","120.23K","0.81%"
"08/29/2011","29.74","30.01","30.06","29.63","61.02K","-0.17%"
"08/28/2011","29.79","30.09","30.09","29.46","27.88K","-1.00%"
"08/25/2011","30.09","30.28","30.28","30.00","27.79K","-0.03%"
"08/24/2011","30.10","30.09","30.28","29.94","67.63K","0.03%"
"08/23/2011","30.09","30.09","30.20","29.95","57.99K","0.23%"
"08/22/2011","30.02","30.03","30.28","29.90","40.01K","0.00%"
"08/21/2011","30.02","30.89","30.89","29.32","38.78K","-3.57%"
"08/18/2011","31.13","31.40","31.41","30.88","53.66K","-0.06%"
"08/17/2011","31.15","31.28","31.86","30.88","87.84K","-1.52%"
"08/16/2011","31.63","34.04","34.04","31.40","73.01K","-8.93%"
"08/15/2011","34.73","34.77","34.99","34.52","87.50K","0.43%"
"08/14/2011","34.58","34.82","34.84","34.32","41.74K","0.03%"
"08/11/2011","34.57","34.44","34.82","33.85","40.37K","-0.49%"
"08/10/2011","34.74","34.75","34.84","34.56","36.18K","3.39%"
"08/09/2011","33.60","34.84","34.84","32.86","96.75K","-3.95%"
"08/08/2011","34.98","35.83","35.83","34.78","53.84K","-1.30%"
"08/07/2011","35.44","35.79","35.79","35.23","103.68K","-1.31%"
"08/04/2011","35.91","35.83","36.02","35.72","41.81K","0.34%"
"08/03/2011","35.79","35.91","35.98","35.64","12.75K","-0.33%"
"08/02/2011","35.91","35.89","36.18","35.72","67.18K","0.84%"
"08/01/2011","35.61","35.64","35.87","35.55","22.07K","-0.08%"
"07/31/2011","35.64","35.63","35.83","35.57","27.65K","0.06%"
"07/28/2011","35.62","35.71","36.02","35.53","42.73K","-0.20%"
"07/27/2011","35.69","36.10","36.10","35.47","55.41K","-0.06%"
"07/26/2011","35.71","35.68","36.06","35.63","31.45K","0.22%"
"07/25/2011","35.63","35.98","35.98","35.56","43.71K","-0.92%"
"07/21/2011","35.96","36.05","36.05","35.79","32.26K","0.36%"
"07/20/2011","35.83","35.71","36.10","35.77","8.81K","-0.19%"
"07/19/2011","35.90","35.71","36.10","35.68","17.41K","-0.25%"
"07/18/2011","35.99","36.02","36.25","35.79","22.70K","-0.14%"
"07/17/2011","36.04","36.08","36.27","35.84","23.31K","0.84%"
"07/14/2011","35.74","35.67","36.02","35.62","30.60K","0.22%"
"07/13/2011","35.66","35.47","35.91","35.47","16.52K","2.09%"
"07/12/2011","34.93","35.39","35.39","34.68","51.43K","-1.85%"
"07/11/2011","35.59","35.72","36.02","35.44","47.23K","-1.03%"
"07/10/2011","35.96","35.87","36.34","35.73","21.37K","-0.14%"
"07/07/2011","36.01","35.94","36.30","35.65","18.63K","-0.61%"
"07/06/2011","36.23","36.43","36.62","35.79","45.61K","-1.52%"
"07/05/2011","36.79","36.54","37.05","36.43","65.69K","0.68%"
"07/04/2011","36.54","36.40","36.74","36.26","38.76K","0.80%"
"07/03/2011","36.25","36.10","36.42","35.82","74.72K","1.48%"
"06/30/2011","35.72","34.87","36.09","34.87","71.83K","1.45%"
"06/29/2011","35.21","35.60","35.63","34.85","70.22K","-1.23%"
"06/28/2011","35.65","35.63","35.96","35.63","40.35K","0.17%"
"06/27/2011","35.59","35.67","35.75","35.50","25.47K","-0.56%"
"06/26/2011","35.79","36.40","36.42","35.57","76.38K","-1.68%"
"06/23/2011","36.40","36.14","36.50","36.06","782.80K","0.00%"
"06/22/2011","36.40","36.55","36.82","36.14","31.44K","-1.36%"
"06/21/2011","36.90","37.32","37.32","36.51","24.71K","-0.59%"
"06/20/2011","37.12","38.04","38.04","36.83","112.79K","-2.93%"
"06/19/2011","38.24","38.63","38.80","38.00","61.09K","1.16%"
"06/16/2011","37.80","36.31","38.64","36.27","205.06K","3.96%"
"06/15/2011","36.36","36.34","36.73","36.09","46.75K","0.55%"
"06/14/2011","36.16","35.94","36.42","35.74","78.15K","0.84%"
"06/13/2011","35.86","35.64","36.02","35.64","26.32K","0.11%"
"06/12/2011","35.82","35.67","36.02","35.56","46.22K","0.28%"
"06/09/2011","35.72","35.74","35.94","35.47","45.55K","0.53%"
"06/08/2011","35.53","35.51","35.87","35.41","16.93K","-0.17%"
"06/07/2011","35.59","35.76","35.93","35.48","17.77K","-0.28%"
"06/06/2011","35.69","36.15","36.15","35.63","13.03K","-0.72%"
"06/05/2011","35.95","35.98","36.22","35.72","11.72K","0.73%"
"06/02/2011","35.69","36.10","36.25","35.31","103.78K","-1.44%"
"06/01/2011","36.21","36.09","36.42","36.06","33.45K","-0.19%"
"05/31/2011","36.28","37.21","37.21","36.05","45.23K","-0.74%"
"05/30/2011","36.55","36.42","37.01","36.26","63.32K","1.16%"
"05/29/2011","36.13","35.56","36.42","35.56","116.05K","1.40%"
"05/26/2011","35.63","35.47","35.82","35.47","91.93K","0.88%"
"05/25/2011","35.32","35.29","35.46","35.26","36.24K","-0.20%"
"05/24/2011","35.39","35.31","35.59","35.28","41.23K","-0.14%"
"05/23/2011","35.44","35.63","35.63","35.32","26.77K","-0.56%"
"05/22/2011","35.64","35.62","35.79","35.53","52.10K","0.20%"
"05/19/2011","35.57","35.51","35.63","35.49","28.00K","0.34%"
"05/18/2011","35.45","35.43","35.58","35.32","33.32K","-0.17%"
"05/17/2011","35.51","35.64","35.64","35.28","42.89K","-0.08%"
"05/16/2011","35.54","35.47","35.63","35.34","59.19K","-0.03%"
"05/15/2011","35.55","36.02","36.02","35.25","68.41K","-0.86%"
"05/12/2011","35.86","35.87","36.00","35.75","51.34K","-0.44%"
"05/11/2011","36.02","36.33","36.36","35.91","42.77K","-0.39%"
"05/10/2011","36.16","36.42","36.42","36.02","84.68K","-0.39%"
"05/09/2011","36.30","36.50","36.54","36.11","32.95K","-0.06%"
"05/08/2011","36.32","36.44","36.53","36.10","70.79K","-1.17%"
"05/05/2011","36.75","36.52","37.09","36.30","106.53K","1.10%"
"05/04/2011","36.35","36.43","36.77","36.15","46.25K","-0.36%"
"05/03/2011","36.48","36.12","36.83","36.06","102.78K","0.75%"
"05/02/2011","36.21","36.04","36.41","36.04","81.52K","0.22%"
"04/28/2011","36.13","36.10","36.26","36.03","53.42K","0.03%"
"04/27/2011","36.12","36.02","36.39","36.02","47.20K","-0.30%"
"04/26/2011","36.23","36.42","36.42","35.94","41.83K","0.61%"
"04/21/2011","36.01","35.64","36.33","35.64","111.58K","0.95%"
"04/20/2011","35.67","36.02","36.02","35.55","62.16K","-0.92%"
"04/19/2011","36.00","35.48","36.15","35.48","75.67K","2.10%"
"04/18/2011","35.26","35.71","35.75","34.88","130.63K","-2.25%"
"04/17/2011","36.07","37.02","37.05","35.65","177.83K","-2.85%"
"04/14/2011","37.13","38.80","38.80","36.87","95.52K","-0.64%"
"04/13/2011","37.37","36.30","37.90","36.30","132.79K","3.63%"
"04/12/2011","36.06","37.21","37.51","34.89","240.28K","-4.68%"
"04/11/2011","37.83","39.49","39.56","36.97","264.13K","-4.54%"
"04/10/2011","39.63","39.49","40.38","39.49","211.92K","-9.69%"
"04/07/2011","43.88","47.51","47.51","43.53","3.92K","-9.26%"
"04/06/2011","48.36","50.04","50.04","48.14","531.90K","0.50%"
"04/05/2011","48.12","48.22","48.56","47.66","284.15K","0.33%"
"04/04/2011","47.96","48.65","48.92","47.43","433.79K","-1.48%"
"04/03/2011","48.68","49.89","49.89","48.38","281.86K","0.29%"
"03/31/2011","48.54","48.70","49.09","48.22","351.76K","0.02%"
"03/30/2011","48.53","49.51","49.51","48.18","198.38K","0.25%"
"03/29/2011","48.41","49.96","49.96","47.35","368.13K","2.37%"
"03/28/2011","47.29","49.70","49.70","46.00","409.31K","4.67%"
"03/27/2011","45.18","45.18","45.18","45.18","107.79K","9.98%"
"03/24/2011","41.08","41.08","41.08","41.06","70.74K","9.99%"
"03/23/2011","37.35","32.49","39.71","32.49","285.42K","3.46%"
"01/27/2011","36.10","38.72","38.72","32.66","271.60K","-9.43%"
"01/26/2011","39.86","41.93","41.94","37.84","490.44K","-7.09%"
"01/24/2011","42.90","42.99","43.15","42.60","78.95K","0.94%"
"01/23/2011","42.50","43.47","43.47","41.67","64.26K","-0.77%"
"01/20/2011","42.83","43.14","43.50","42.36","230.69K","0.94%"
"01/19/2011","42.43","41.49","43.11","40.97","213.71K","2.34%"
"01/18/2011","41.46","42.75","42.79","40.04","194.75K","-3.11%"
"01/17/2011","42.79","43.93","44.53","41.65","148.36K","-2.28%"
"01/16/2011","43.79","44.35","44.35","43.29","98.63K","-1.15%"
"01/13/2011","44.30","44.24","44.34","43.94","77.58K","1.21%"
"01/12/2011","43.77","43.55","44.09","43.43","109.44K","0.85%"
"01/11/2011","43.40","42.56","43.55","42.56","82.85K","0.72%"
"01/10/2011","43.09","43.15","43.53","42.53","75.00K","0.70%"
"01/06/2011","42.79","42.15","43.19","41.88","126.73K","2.93%"
"01/05/2011","41.57","42.35","42.67","41.19","81.80K","-1.02%"
"01/04/2011","42.00","40.82","42.91","40.82","251.99K","4.76%"
"01/03/2011","40.09","38.80","40.73","38.80","164.79K","3.35%"
"01/02/2011","38.79","38.00","39.50","38.00","66.90K","1.62%"