{
 "spot": 31.25,
 "spot_date": "2026-07-07",
 "shares": 1085.5,
 "mktcap": 33921.875,
 "step0": {
  "nonoverlap": {
   "n": 17,
   "crps_skill": 0.03180759380691456,
   "interval_skill": -0.05960992204526683,
   "cov50": 0.5882352941176471,
   "cov80": 0.7647058823529411,
   "cov90": 0.9411764705882353,
   "pit_mean": 0.5289558823529411
  },
  "monthly": {
   "n": 49,
   "crps_skill": 0.09633191012334175,
   "interval_skill": -0.08356636350655644,
   "cov50": 0.5306122448979592,
   "cov80": 0.8571428571428571,
   "cov90": 0.9183673469387755,
   "pit_mean": 0.5653367346938776
  },
  "zerodrift": {
   "n": 17,
   "crps_skill": -0.01629951123188378,
   "interval_skill": -0.003747437151047972,
   "cov50": 0.47058823529411764,
   "cov80": 0.8235294117647058,
   "cov90": 0.8823529411764706,
   "pit_mean": 0.6229117647058823
  },
  "pit_hist": [
   2,
   0,
   2,
   3,
   1,
   1,
   2,
   3,
   1,
   2
  ],
  "n_rows": 17
 },
 "engine": {
  "anchor_vol": 0.4957090131437896,
  "drift_daily": 0.001640212557167769,
  "drift_q": 0.09841275343006614,
  "factor_drift_q": 0.014600000000000002,
  "cont_drift_q": 0.004,
  "disc_drift_q": 0.010600000000000002
 },
 "mc": {
  "q20": {
   "5": 26.092070186015352,
   "25": 30.000545987491527,
   "50": 32.457191600081345,
   "75": 35.12506448234503,
   "95": 40.47087623625436
  },
  "q60": {
   "5": 23.959504521788435,
   "25": 30.559804590004603,
   "50": 34.978467477961864,
   "75": 40.089928464824425,
   "95": 51.12053954049122
  },
  "touch": {
   "40": {
    "t20": 0.08442,
    "t60": 0.3736
   },
   "38": {
    "t20": 0.15298,
    "t60": 0.49572
   },
   "36": {
    "t20": 0.28754,
    "t60": 0.63612
   },
   "34": {
    "t20": 0.51416,
    "t60": 0.7882
   },
   "32": {
    "t20": 0.8164,
    "t60": 0.92818
   },
   "30": {
    "t20": 0.52736,
    "t60": 0.6416
   },
   "28": {
    "t20": 0.22086,
    "t60": 0.36742
   },
   "26": {
    "t20": 0.08616,
    "t60": 0.20414
   }
  },
  "prob_read": {
   "p_above": 0.71394,
   "p_up10": 0.53636,
   "p_dn10": 0.14808,
   "median": 34.978467477961864,
   "med_move": 0.11931095929477964,
   "band50": [
    30.559804590004603,
    40.089928464824425
   ],
   "band50_pct": [
    -0.022086253119852683,
    0.2828777108743816
   ],
   "touch_up10": 0.76026,
   "touch_dn10": 0.3804,
   "odds": 3.6220961642355483
  },
  "zones": [
   0.08626,
   0.13602,
   0.21752,
   0.21972,
   0.34048
  ],
  "fan": {
   "5": [
    31.25,
    29.80132136400732,
    29.26281690618361,
    28.878233780608088,
    28.559008543401028,
    28.243333850027796,
    28.04576423502969,
    27.79264936067193,
    27.589875683020935,
    27.418413901730155,
    27.274209812442997,
    27.109681444167187,
    26.9701042889304,
    26.861183012452035,
    26.71210592250258,
    26.59795746476207,
    26.465070432976603,
    26.410085341368866,
    26.283997514204646,
    26.15698694667661,
    26.092070186015352,
    25.994778809527254,
    25.86408070698261,
    25.750296869053418,
    25.703889254752664,
    25.588702919831096,
    25.511430740912832,
    25.466185864582915,
    25.398132187400865,
    25.377087473260975,
    25.290315074847275,
    25.258529369790693,
    25.16677091923164,
    25.104199072507175,
    25.079475355783302,
    24.992854468976272,
    24.953157992473372,
    24.898269752207508,
    24.847166454472042,
    24.790567359776638,
    24.690428242785245,
    24.64372634698064,
    24.646003636101266,
    24.64833787394137,
    24.576306574010978,
    24.516655138233855,
    24.495371510929758,
    24.44900286658139,
    24.375790157837688,
    24.35578135000204,
    24.31811084519108,
    24.237905709445872,
    24.206008895411482,
    24.159158884344677,
    24.149894516917612,
    24.18307954718712,
    24.152717927212713,
    24.110880414372645,
    24.057486114917094,
    24.033085327102405,
    23.959504521788435
   ],
   "25": [
    31.25,
    30.755793304974098,
    30.593253601494624,
    30.483005384189582,
    30.402963973701226,
    30.323993175009615,
    30.27588620936914,
    30.234856087530513,
    30.18913455148884,
    30.165529702172,
    30.10928494184197,
    30.086861797142845,
    30.07458260806047,
    30.05856428528478,
    30.05014294335254,
    30.027445015525142,
    30.012032780427507,
    30.02615344677847,
    30.022760761556523,
    29.996053156162294,
    30.000545987491527,
    29.994696275055336,
    29.98325137359547,
    29.990730654888893,
    30.009847571012443,
    30.019373258715632,
    30.014648205873453,
    30.007970256695433,
    30.00884741242964,
    30.03214059519512,
    30.030109121246564,
    30.03785659701631,
    30.047966867886124,
    30.053990026470153,
    30.049534685354438,
    30.062606944912453,
    30.06191193750783,
    30.087043246108347,
    30.130510225538515,
    30.147833942885175,
    30.1576438834317,
    30.175325072678504,
    30.20335102452628,
    30.216878275720347,
    30.227684700226806,
    30.233276917492276,
    30.25132605421566,
    30.29094321130754,
    30.303707848560798,
    30.331187656465747,
    30.34529670124524,
    30.357869577346737,
    30.387380675809357,
    30.429278054224632,
    30.46281515501452,
    30.490690882376843,
    30.50930651795362,
    30.51693093637833,
    30.543095394521362,
    30.5319259950667,
    30.559804590004603
   ],
   "50": [
    31.25,
    31.30269047115266,
    31.36917682638137,
    31.43483911988167,
    31.504054036342737,
    31.566820537167096,
    31.621834611345946,
    31.69030427818678,
    31.736781678892825,
    31.805669985675117,
    31.85424663286775,
    31.908540116940294,
    31.9777839455162,
    32.03086678808589,
    32.086782666772095,
    32.16128036323586,
    32.22500190232916,
    32.29805825818055,
    32.33891826730374,
    32.402987497149695,
    32.457191600081345,
    32.533199587076766,
    32.57902820824465,
    32.6413217597438,
    32.72173522777468,
    32.78255463845824,
    32.81993169971044,
    32.857537840686284,
    32.93033648870815,
    33.00415937871118,
    33.04871389177714,
    33.099509377597315,
    33.18154960848983,
    33.24492506801482,
    33.32321870472505,
    33.367875612617254,
    33.44023685694573,
    33.51602973404717,
    33.5940645430982,
    33.62747111083752,
    33.7035759614471,
    33.77317033239602,
    33.822110676378195,
    33.907573490216784,
    33.97401436249913,
    34.011618729472254,
    34.071154020897566,
    34.14331980951364,
    34.21060765144402,
    34.25251087634287,
    34.33599116628132,
    34.39234243055526,
    34.446690358510295,
    34.53616734942394,
    34.600810099393605,
    34.66414035732156,
    34.75478698184075,
    34.81901984180496,
    34.876535065582274,
    34.918429556540154,
    34.978467477961864
   ],