"Date","Price","Open","High","Low","Vol.","Change %"
"08/07/2026","4.07","4.08","4.09","4.06","5.21M","-0.25%"
"08/06/2026","4.08","4.07","4.09","4.06","13.74M","0.25%"
"08/05/2026","4.07","4.12","4.18","4.06","23.12M","-0.73%"
"08/04/2026","4.10","4.03","4.10","4.01","17.44M","1.74%"
"08/03/2026","4.03","4.00","4.04","4.00","11.06M","0.75%"
"07/31/2026","4.00","4.03","4.05","3.99","34.84M","-0.74%"
"07/30/2026","4.03","4.00","4.05","3.97","14.73M","0.75%"
"07/29/2026","4.00","4.01","4.01","3.97","7.19M","-0.25%"
"07/28/2026","4.01","3.98","4.01","3.96","12.72M","0.75%"
"07/27/2026","3.98","4.00","4.00","3.96","6.51M","-0.25%"
"07/24/2026","3.99","3.99","4.00","3.96","12.64M","0.00%"
"07/23/2026","3.99","3.97","3.99","3.97","13.53M","0.50%"
"07/22/2026","3.97","3.94","3.98","3.93","15.17M","1.02%"
"07/21/2026","3.93","3.89","3.93","3.89","13.65M","0.77%"
"07/20/2026","3.90","3.92","3.93","3.87","11.99M","-1.02%"
"07/17/2026","3.94","3.97","3.97","3.92","10.51M","-0.76%"
"07/16/2026","3.97","3.97","4.00","3.95","10.02M","0.00%"
"07/15/2026","3.97","3.98","4.00","3.95","13.63M","-0.25%"
"07/14/2026","3.98","4.00","4.00","3.94","13.89M","-0.50%"
"07/13/2026","4.00","3.99","4.01","3.97","11.60M","0.00%"
"07/10/2026","4.00","3.99","4.02","3.98","29.12M","0.50%"
"07/09/2026","3.98","3.94","3.98","3.93","22.43M","1.02%"
"07/08/2026","3.94","3.97","3.98","3.92","16.37M","-0.76%"
"07/07/2026","3.97","3.95","4.00","3.94","11.72M","1.28%"
"07/06/2026","3.92","3.95","3.96","3.92","8.53M","-0.76%"
"07/03/2026","3.95","3.95","3.96","3.93","2.40M","0.00%"
"07/02/2026","3.95","3.95","3.95","3.92","5.56M","0.25%"
"07/01/2026","3.94","3.93","3.96","3.91","7.21M","0.51%"
"06/30/2026","3.92","3.97","3.97","3.89","8.24M","-0.51%"
"06/29/2026","3.94","3.97","3.98","3.94","5.26M","-0.76%"
"06/26/2026","3.97","3.95","3.98","3.93","7.48M","0.51%"
"06/25/2026","3.95","4.00","4.02","3.91","10.37M","-1.00%"
"06/24/2026","3.99","4.00","4.04","3.99","18.80M","-0.25%"
"06/23/2026","4.00","3.98","4.00","3.96","6.05M","0.50%"
"06/22/2026","3.98","3.99","4.01","3.96","4.88M","0.00%"
"06/19/2026","3.98","4.02","4.02","3.98","6.68M","-0.75%"
"06/18/2026","4.01","3.96","4.02","3.96","11.61M","1.26%"
"06/17/2026","3.96","3.91","3.97","3.89","15.96M","1.54%"
"06/16/2026","3.90","3.90","3.95","3.88","10.53M","0.78%"
"06/12/2026","3.87","3.80","3.90","3.80","11.36M","1.84%"
"06/11/2026","3.80","3.70","3.83","3.70","17.30M","2.70%"
"06/10/2026","3.70","3.75","3.78","3.70","4.74M","-1.33%"
"06/09/2026","3.75","3.70","3.82","3.70","10.77M","2.18%"
"06/08/2026","3.67","3.70","3.78","3.67","7.87M","-2.39%"
"06/05/2026","3.76","3.76","3.82","3.74","6.31M","0.27%"
"06/04/2026","3.75","3.78","3.83","3.75","8.85M","-0.53%"
"06/03/2026","3.77","3.79","3.83","3.72","8.55M","-0.79%"
"06/02/2026","3.80","3.88","3.99","3.80","12.97M","-1.81%"
"06/01/2026","3.87","3.93","3.97","3.87","13.83M","-1.53%"
"05/25/2026","3.93","3.86","3.95","3.85","19.56M","2.08%"
"05/22/2026","3.85","3.86","3.91","3.85","2.90M","-0.26%"
"05/21/2026","3.86","3.85","3.88","3.83","3.99M","-0.52%"
"05/20/2026","3.88","3.90","3.90","3.83","4.98M","0.00%"
"05/19/2026","3.88","3.88","3.91","3.86","5.81M","0.26%"
"05/18/2026","3.87","3.88","3.89","3.84","5.53M","-0.26%"
"05/15/2026","3.88","3.88","3.89","3.83","4.85M","0.00%"
"05/14/2026","3.88","3.86","3.90","3.85","7.63M","0.78%"
"05/13/2026","3.85","3.81","3.89","3.81","6.02M","1.32%"
"05/12/2026","3.80","3.88","3.90","3.80","4.28M","-2.06%"
"05/11/2026","3.88","3.88","3.90","3.86","4.74M","0.00%"
"05/08/2026","3.88","3.88","3.89","3.84","3.62M","0.26%"
"05/07/2026","3.87","3.88","3.94","3.87","12.01M","0.78%"
"05/06/2026","3.84","3.78","3.90","3.77","8.57M","1.86%"
"05/05/2026","3.77","3.75","3.77","3.69","5.59M","-0.79%"
"05/04/2026","3.80","3.71","3.84","3.69","12.43M","2.70%"
"05/01/2026","3.70","3.68","3.72","3.68","8.46M","0.82%"
"04/30/2026","3.67","3.72","3.72","3.64","6.65M","-1.08%"
"04/29/2026","3.71","3.71","3.82","3.69","19.26M","0.54%"
"04/28/2026","3.69","3.70","3.71","3.66","5.12M","-0.27%"
"04/27/2026","3.70","3.67","3.71","3.66","5.09M","1.09%"
"04/24/2026","3.66","3.68","3.68","3.65","3.03M","-0.27%"
"04/23/2026","3.67","3.69","3.71","3.66","3.31M","-0.27%"
"04/22/2026","3.68","3.75","3.75","3.68","5.51M","-1.87%"
"04/21/2026","3.75","3.77","3.78","3.73","5.50M","-0.27%"
"04/20/2026","3.76","3.78","3.80","3.76","4.72M","-0.53%"
"04/17/2026","3.78","3.76","3.81","3.75","3.99M","0.80%"
"04/16/2026","3.75","3.79","3.79","3.75","5.03M","-0.79%"
"04/15/2026","3.78","3.77","3.81","3.76","5.13M","0.53%"
"04/14/2026","3.76","3.78","3.82","3.75","4.43M","-0.53%"
"04/13/2026","3.78","3.78","3.79","3.74","3.17M","-0.26%"
"04/10/2026","3.79","3.75","3.80","3.75","2.85M","1.07%"
"04/09/2026","3.75","3.81","3.82","3.75","5.02M","-3.35%"
"04/08/2026","3.88","3.83","3.96","3.83","11.96M","3.74%"
"04/07/2026","3.74","3.77","3.78","3.73","3.26M","-0.80%"
"04/06/2026","3.77","3.78","3.81","3.76","4.78M","0.00%"
"04/03/2026","3.77","3.74","3.80","3.74","2.57M","1.07%"
"04/02/2026","3.73","3.80","3.81","3.73","5.79M","-1.84%"
"04/01/2026","3.80","3.82","3.83","3.77","5.71M","0.26%"
"03/31/2026","3.79","3.77","3.82","3.76","5.00M","1.34%"
"03/30/2026","3.74","3.85","3.85","3.74","3.14M","-2.60%"
"03/27/2026","3.84","3.80","3.84","3.75","2.96M","1.59%"
"03/26/2026","3.78","3.83","3.84","3.74","3.47M","-1.31%"
"03/25/2026","3.83","3.79","3.85","3.79","6.60M","1.06%"
"03/24/2026","3.79","3.73","3.79","3.71","4.16M","2.71%"
"03/23/2026","3.69","3.61","3.69","3.56","4.10M","2.22%"
"03/18/2026","3.61","3.70","3.78","3.61","10.77M","-2.43%"
"03/17/2026","3.70","3.53","3.70","3.52","8.91M","4.23%"
"03/16/2026","3.55","3.64","3.65","3.47","8.49M","-2.74%"
"03/13/2026","3.65","3.72","3.72","3.61","4.13M","-1.35%"
"03/12/2026","3.70","3.73","3.79","3.63","6.06M","0.27%"
"03/11/2026","3.69","3.78","3.85","3.68","4.72M","-1.86%"
"03/10/2026","3.76","3.84","3.90","3.76","12.29M","-2.08%"
"03/09/2026","3.84","3.82","3.97","3.78","8.24M","-1.79%"
"03/06/2026","3.91","3.95","3.98","3.85","10.01M","-1.01%"
"03/05/2026","3.95","3.61","3.97","3.61","16.38M","3.95%"
"03/04/2026","3.80","3.80","3.95","3.80","10.61M","-5.00%"
"02/27/2026","4.00","4.06","4.08","4.00","8.27M","-1.23%"
"02/26/2026","4.05","4.06","4.07","4.04","5.13M","-0.25%"
"02/25/2026","4.06","4.05","4.06","4.02","7.49M","0.25%"
"02/24/2026","4.05","4.04","4.07","4.03","5.21M","0.50%"
"02/23/2026","4.03","4.08","4.08","4.01","7.86M","-0.98%"
"02/20/2026","4.07","4.08","4.10","4.06","5.66M","-0.49%"
"02/19/2026","4.09","4.12","4.12","4.09","8.58M","-0.49%"
"02/18/2026","4.11","4.08","4.11","4.07","3.10M","0.74%"
"02/17/2026","4.08","4.10","4.10","4.06","2.51M","-0.49%"
"02/16/2026","4.10","4.09","4.12","4.07","5.90M","0.24%"
"02/13/2026","4.09","4.08","4.11","4.06","6.86M","0.25%"
"02/12/2026","4.08","4.06","4.08","4.04","5.26M","0.74%"
"02/11/2026","4.05","4.10","4.11","4.04","8.23M","-1.22%"
"02/10/2026","4.10","4.10","4.16","4.09","15.34M","0.00%"
"02/09/2026","4.10","4.05","4.12","4.05","12.08M","1.49%"
"02/06/2026","4.04","4.07","4.07","4.02","8.74M","-0.98%"
"02/05/2026","4.08","4.10","4.11","4.06","7.07M","-0.49%"
"02/04/2026","4.10","4.11","4.14","4.08","6.33M","0.00%"
"02/03/2026","4.10","4.10","4.17","4.10","7.15M","0.49%"
"02/02/2026","4.08","4.09","4.11","4.08","3.63M","-0.49%"
"01/30/2026","4.10","4.10","4.10","4.05","26.38M","0.24%"
"01/29/2026","4.09","4.13","4.14","4.06","6.48M","-0.97%"
"01/28/2026","4.13","4.13","4.18","4.09","16.08M","0.24%"
"01/27/2026","4.12","4.00","4.12","4.00","32.44M","2.49%"
"01/26/2026","4.02","4.01","4.02","3.97","8.74M","0.25%"
"01/23/2026","4.01","4.00","4.02","3.98","8.59M","0.00%"
"01/22/2026","4.01","3.99","4.02","3.98","8.61M","0.50%"
"01/21/2026","3.99","3.97","3.99","3.95","4.97M","0.50%"
"01/20/2026","3.97","3.99","4.01","3.96","4.63M","-0.50%"
"01/19/2026","3.99","3.91","4.00","3.91","8.28M","2.31%"
"01/16/2026","3.90","3.90","3.93","3.90","6.06M","0.00%"
"01/15/2026","3.90","3.89","3.92","3.89","7.36M","0.26%"
"01/14/2026","3.89","3.87","3.91","3.86","6.73M","0.26%"
"01/13/2026","3.88","3.88","3.90","3.85","6.95M","0.26%"
"01/12/2026","3.87","3.87","3.88","3.84","4.06M","0.00%"
"01/09/2026","3.87","3.90","3.91","3.85","3.66M","-0.77%"
"01/08/2026","3.90","3.89","3.92","3.89","4.39M","0.00%"
"01/07/2026","3.90","3.92","3.94","3.88","6.66M","-0.76%"
"01/06/2026","3.93","3.91","3.93","3.89","6.44M","0.77%"
"01/05/2026","3.90","3.93","3.93","3.88","3.37M","-0.76%"
"01/02/2026","3.93","3.90","3.93","3.89","2.62M","0.77%"
"12/31/2025","3.90","3.92","3.94","3.89","10.35M","0.26%"
"12/30/2025","3.89","3.93","3.96","3.85","3.94M","-1.02%"
"12/29/2025","3.93","3.92","3.94","3.89","7.61M","0.26%"
"12/26/2025","3.92","3.95","3.97","3.92","2.11M","-0.76%"
"12/25/2025","3.95","3.95","3.97","3.94","3.08M","0.00%"
"12/24/2025","3.95","3.99","3.99","3.93","4.41M","-1.00%"
"12/23/2025","3.99","3.93","3.99","3.93","8.40M","1.53%"
"12/22/2025","3.93","3.94","3.95","3.90","4.20M","-0.25%"
"12/19/2025","3.94","3.94","3.95","3.91","11.95M","0.25%"
"12/18/2025","3.93","3.99","4.01","3.93","8.79M","-1.50%"
"12/17/2025","3.99","3.96","3.99","3.96","9.50M","0.76%"
"12/16/2025","3.96","4.01","4.04","3.96","9.45M","-1.25%"
"12/15/2025","4.01","3.97","4.01","3.96","10.24M","1.01%"
"12/12/2025","3.97","4.01","4.01","3.97","8.21M","-1.00%"
"12/11/2025","4.01","4.00","4.03","3.99","15.62M","0.50%"
"12/10/2025","3.99","4.02","4.02","3.97","6.08M","-0.75%"
"12/09/2025","4.02","3.96","4.02","3.95","14.90M","1.52%"
"12/08/2025","3.96","3.96","4.01","3.94","17.16M","0.25%"
"12/05/2025","3.95","3.91","3.96","3.87","15.64M","1.02%"
"12/04/2025","3.91","3.91","3.94","3.89","13.04M","0.00%"
"12/03/2025","3.91","3.85","3.92","3.84","23.34M","1.56%"
"11/28/2025","3.85","3.87","3.87","3.82","6.98M","-0.52%"
"11/27/2025","3.87","3.90","3.90","3.84","7.26M","-0.51%"
"11/26/2025","3.89","3.86","3.94","3.85","24.97M","0.78%"
"11/25/2025","3.86","3.82","3.88","3.81","20.25M","0.78%"
"11/24/2025","3.83","3.76","3.83","3.76","31.40M","1.86%"
"11/21/2025","3.76","3.83","3.83","3.75","13.43M","-1.83%"
"11/20/2025","3.83","3.83","3.83","3.76","15.19M","0.00%"
"11/19/2025","3.83","3.83","3.84","3.77","22.50M","0.00%"
"11/18/2025","3.83","3.81","3.83","3.78","20.58M","0.52%"
"11/17/2025","3.81","3.80","3.82","3.79","10.38M","0.26%"
"11/14/2025","3.80","3.81","3.81","3.77","6.06M","-0.26%"
"11/13/2025","3.81","3.78","3.81","3.75","15.69M","0.79%"
"11/12/2025","3.78","3.76","3.78","3.73","12.15M","0.53%"
"11/11/2025","3.76","3.66","3.76","3.65","21.44M","3.01%"
"11/10/2025","3.65","3.66","3.69","3.63","8.60M","-0.27%"
"11/07/2025","3.66","3.63","3.66","3.61","9.52M","0.83%"
"11/06/2025","3.63","3.64","3.64","3.59","13.01M","0.00%"
"11/05/2025","3.63","3.62","3.63","3.58","10.51M","0.28%"
"11/04/2025","3.62","3.61","3.62","3.58","8.02M","0.28%"
"11/03/2025","3.61","3.60","3.64","3.57","11.25M","0.56%"
"10/31/2025","3.59","3.64","3.65","3.58","10.10M","-1.10%"
"10/30/2025","3.63","3.62","3.64","3.61","5.65M","0.28%"
"10/29/2025","3.62","3.62","3.64","3.61","3.99M","-0.28%"
"10/28/2025","3.63","3.60","3.63","3.59","11.69M","0.83%"
"10/27/2025","3.60","3.60","3.65","3.60","9.56M","0.00%"
"10/24/2025","3.60","3.62","3.62","3.60","6.14M","-0.55%"
"10/23/2025","3.62","3.61","3.63","3.60","7.73M","0.56%"
"10/22/2025","3.60","3.61","3.64","3.60","6.83M","-0.28%"
"10/21/2025","3.61","3.61","3.65","3.59","9.96M","0.28%"
"10/20/2025","3.60","3.63","3.65","3.60","6.29M","-0.55%"
"10/17/2025","3.62","3.62","3.65","3.61","6.07M","0.00%"
"10/16/2025","3.62","3.68","3.69","3.59","12.96M","-1.63%"
"10/15/2025","3.68","3.71","3.71","3.68","6.93M","-1.08%"
"10/14/2025","3.72","3.73","3.74","3.68","9.39M","-0.27%"
"10/13/2025","3.73","3.76","3.76","3.71","4.59M","-1.06%"
"10/10/2025","3.77","3.76","3.77","3.73","3.90M","0.27%"
"10/09/2025","3.76","3.77","3.78","3.70","23.10M","0.00%"
"10/08/2025","3.76","3.73","3.80","3.73","19.25M","0.80%"
"10/07/2025","3.73","3.71","3.75","3.70","9.27M","0.54%"
"10/06/2025","3.71","3.68","3.72","3.68","10.40M","0.82%"
"10/03/2025","3.68","3.67","3.70","3.66","6.07M","0.55%"
"10/02/2025","3.66","3.70","3.72","3.66","8.63M","-1.08%"
"10/01/2025","3.70","3.71","3.73","3.66","7.56M","-2.63%"
"09/30/2025","3.80","3.81","3.83","3.79","11.40M","-0.52%"
"09/29/2025","3.82","3.80","3.83","3.80","11.50M","0.26%"
"09/26/2025","3.81","3.79","3.81","3.76","10.77M","0.53%"
"09/25/2025","3.79","3.79","3.81","3.77","7.30M","0.26%"
"09/24/2025","3.78","3.82","3.83","3.78","9.95M","-1.05%"
"09/23/2025","3.82","3.81","3.87","3.80","24.13M","0.26%"
"09/22/2025","3.81","3.82","3.83","3.79","5.76M","-0.26%"
"09/19/2025","3.82","3.82","3.84","3.80","11.60M","0.00%"
"09/18/2025","3.82","3.77","3.82","3.77","20.10M","1.33%"
"09/17/2025","3.77","3.76","3.79","3.75","15.09M","0.80%"
"09/16/2025","3.74","3.69","3.75","3.69","17.57M","1.36%"
"09/15/2025","3.69","3.70","3.72","3.68","4.17M","0.00%"
"09/12/2025","3.69","3.70","3.71","3.68","4.68M","0.00%"
"09/11/2025","3.69","3.69","3.70","3.67","4.03M","0.00%"
"09/10/2025","3.69","3.67","3.73","3.66","6.38M","0.54%"
"09/09/2025","3.67","3.66","3.71","3.66","3.10M","0.27%"
"09/08/2025","3.66","3.68","3.70","3.66","4.53M","-0.54%"
"09/04/2025","3.68","3.68","3.69","3.64","5.13M","0.00%"
"09/03/2025","3.68","3.69","3.71","3.68","3.76M","-0.27%"
"09/02/2025","3.69","3.69","3.72","3.69","4.01M","0.00%"
"09/01/2025","3.69","3.76","3.77","3.69","5.52M","-1.86%"
"08/29/2025","3.76","3.76","3.79","3.75","6.17M","0.00%"
"08/28/2025","3.76","3.78","3.79","3.76","5.33M","-0.79%"
"08/27/2025","3.79","3.78","3.79","3.76","4.91M","0.53%"
"08/26/2025","3.77","3.79","3.80","3.77","20.49M","-0.53%"
"08/25/2025","3.79","3.81","3.81","3.78","6.53M","-0.26%"
"08/22/2025","3.80","3.81","3.82","3.79","5.94M","-0.26%"
"08/21/2025","3.81","3.79","3.81","3.78","7.46M","0.53%"
"08/20/2025","3.79","3.80","3.80","3.77","12.30M","-0.26%"
"08/19/2025","3.80","3.77","3.80","3.75","16.04M","0.80%"
"08/18/2025","3.77","3.80","3.83","3.76","18.97M","-0.53%"
"08/15/2025","3.79","3.82","3.83","3.78","18.33M","-0.79%"
"08/14/2025","3.82","3.79","3.84","3.78","22.11M","0.79%"
"08/13/2025","3.79","3.78","3.83","3.78","28.79M","0.80%"
"08/12/2025","3.76","3.74","3.80","3.73","21.36M","0.53%"
"08/11/2025","3.74","3.73","3.78","3.72","6.45M","0.27%"
"08/08/2025","3.73","3.71","3.74","3.70","11.96M","0.81%"
"08/07/2025","3.70","3.71","3.73","3.69","15.63M","0.00%"
"08/06/2025","3.70","3.72","3.74","3.69","10.43M","-0.54%"
"08/05/2025","3.72","3.72","3.74","3.70","4.98M","0.00%"
"08/04/2025","3.72","3.71","3.72","3.70","3.04M","0.00%"
"08/01/2025","3.72","3.71","3.72","3.69","7.05M","0.27%"
"07/31/2025","3.71","3.71","3.72","3.69","11.45M","0.00%"
"07/30/2025","3.71","3.70","3.72","3.68","10.17M","0.27%"
"07/29/2025","3.70","3.71","3.71","3.68","3.83M","-0.54%"
"07/28/2025","3.72","3.69","3.73","3.68","8.03M","0.81%"
"07/25/2025","3.69","3.72","3.72","3.67","5.87M","-0.54%"
"07/24/2025","3.71","3.70","3.72","3.68","4.39M","0.27%"
"07/23/2025","3.70","3.66","3.71","3.66","4.36M","1.09%"
"07/22/2025","3.66","3.67","3.69","3.64","4.29M","-0.27%"
"07/21/2025","3.67","3.69","3.69","3.65","11.30M","-0.54%"
"07/18/2025","3.69","3.68","3.71","3.67","4.06M","0.27%"
"07/17/2025","3.68","3.68","3.69","3.67","7.12M","0.00%"
"07/16/2025","3.68","3.71","3.72","3.66","4.40M","-0.81%"
"07/15/2025","3.71","3.68","3.73","3.67","11.42M","0.82%"
"07/14/2025","3.68","3.69","3.69","3.66","6.00M","0.00%"
"07/11/2025","3.68","3.68","3.70","3.67","2.57M","0.00%"
"07/10/2025","3.68","3.69","3.72","3.67","15.04M","-0.27%"
"07/09/2025","3.69","3.73","3.73","3.68","4.09M","-1.07%"
"07/08/2025","3.73","3.73","3.74","3.70","5.67M","0.00%"
"07/07/2025","3.73","3.71","3.76","3.71","5.38M","0.54%"
"07/04/2025","3.71","3.72","3.75","3.69","3.63M","-0.27%"
"07/03/2025","3.72","3.70","3.72","3.69","4.82M","0.54%"
"07/02/2025","3.70","3.69","3.70","3.68","4.33M","0.54%"
"07/01/2025","3.68","3.71","3.71","3.68","3.01M","0.27%"
"06/30/2025","3.67","3.69","3.78","3.67","21.36M","-0.27%"
"06/26/2025","3.68","3.60","3.68","3.58","7.07M","2.22%"
"06/25/2025","3.60","3.60","3.63","3.57","4.85M","1.12%"
"06/24/2025","3.56","3.58","3.64","3.56","7.16M","0.85%"
"06/23/2025","3.53","3.52","3.59","3.52","5.20M","0.28%"
"06/20/2025","3.52","3.48","3.55","3.48","5.07M","1.44%"
"06/19/2025","3.47","3.54","3.54","3.45","3.82M","-1.70%"
"06/18/2025","3.53","3.55","3.56","3.52","3.93M","-0.56%"
"06/17/2025","3.55","3.54","3.62","3.53","8.23M","0.28%"
"06/16/2025","3.54","3.52","3.57","3.52","4.42M","0.00%"
"06/13/2025","3.54","3.48","3.54","3.36","9.24M","-2.75%"
"06/12/2025","3.64","3.72","3.72","3.62","4.96M","-2.15%"
"06/11/2025","3.72","3.69","3.73","3.69","3.98M","0.81%"
"06/10/2025","3.69","3.69","3.70","3.67","4.09M","0.54%"
"06/09/2025","3.67","3.70","3.70","3.66","3.06M","-0.81%"
"06/04/2025","3.70","3.68","3.72","3.67","9.44M","0.82%"
"06/03/2025","3.67","3.66","3.67","3.64","4.81M","0.27%"
"06/02/2025","3.66","3.62","3.67","3.62","3.29M","0.83%"
"05/30/2025","3.63","3.66","3.68","3.63","15.18M","-1.09%"
"05/29/2025","3.67","3.65","3.67","3.63","4.48M","0.55%"
"05/28/2025","3.65","3.62","3.68","3.61","6.08M","1.11%"
"05/27/2025","3.61","3.59","3.62","3.58","8.72M","0.56%"
"05/26/2025","3.59","3.56","3.59","3.54","3.53M","0.84%"
"05/23/2025","3.56","3.55","3.58","3.53","6.05M","0.28%"
"05/22/2025","3.55","3.57","3.58","3.54","6.27M","-0.56%"
"05/21/2025","3.57","3.52","3.59","3.51","12.35M","1.42%"
"05/20/2025","3.52","3.51","3.53","3.51","3.29M","0.00%"
"05/19/2025","3.52","3.52","3.53","3.51","2.36M","-0.28%"
"05/16/2025","3.53","3.52","3.53","3.51","5.87M","0.00%"
"05/15/2025","3.53","3.52","3.53","3.50","5.08M","0.00%"
"05/14/2025","3.53","3.52","3.53","3.49","8.96M","0.28%"
"05/13/2025","3.52","3.51","3.53","3.49","6.19M","0.28%"
"05/12/2025","3.51","3.45","3.52","3.44","3.41M","2.03%"
"05/09/2025","3.44","3.44","3.46","3.44","1.60M","0.00%"
"05/08/2025","3.44","3.43","3.44","3.41","3.66M","0.58%"
"05/07/2025","3.42","3.42","3.44","3.41","4.86M","0.00%"
"05/06/2025","3.42","3.40","3.43","3.39","3.94M","0.59%"
"05/05/2025","3.40","3.38","3.40","3.37","2.45M","0.59%"
"05/02/2025","3.38","3.38","3.40","3.37","2.70M","0.00%"
"05/01/2025","3.38","3.36","3.38","3.35","3.04M","0.30%"
"04/30/2025","3.37","3.35","3.37","3.34","6.26M","0.90%"
"04/29/2025","3.34","3.35","3.35","3.33","3.51M","0.30%"
"04/28/2025","3.33","3.36","3.39","3.33","3.02M","-0.89%"
"04/25/2025","3.36","3.35","3.37","3.33","1.47M","0.30%"
"04/24/2025","3.35","3.29","3.35","3.28","5.55M","2.13%"
"04/23/2025","3.28","3.29","3.30","3.27","1.63M","-0.30%"
"04/22/2025","3.29","3.26","3.30","3.25","4.02M","0.92%"
"04/21/2025","3.26","3.27","3.28","3.25","1.65M","-0.31%"
"04/18/2025","3.27","3.24","3.27","3.22","1.40M","0.93%"
"04/17/2025","3.24","3.25","3.25","3.21","3.22M","-0.31%"
"04/16/2025","3.25","3.27","3.28","3.23","2.52M","-0.61%"
"04/15/2025","3.27","3.27","3.30","3.25","6.12M","0.62%"
"04/14/2025","3.25","3.27","3.30","3.23","6.09M","-0.61%"
"04/11/2025","3.27","3.21","3.27","3.21","2.30M","1.87%"
"04/10/2025","3.21","3.29","3.35","3.21","3.54M","1.58%"
"04/09/2025","3.16","3.23","3.28","3.16","4.26M","-2.47%"
"04/08/2025","3.24","3.32","3.33","3.24","5.87M","-2.11%"
"04/07/2025","3.31","3.10","3.37","2.95","8.06M","2.48%"
"04/04/2025","3.23","3.25","3.27","3.19","2.06M","-0.62%"
"04/03/2025","3.25","3.30","3.33","3.25","2.22M","-4.41%"
"04/02/2025","3.40","3.41","3.43","3.35","2.84M","0.00%"
"03/28/2025","3.40","3.42","3.45","3.40","4.37M","-0.29%"
"03/27/2025","3.41","3.42","3.44","3.40","4.22M","0.29%"
"03/26/2025","3.40","3.38","3.42","3.38","5.55M","0.29%"
"03/25/2025","3.39","3.38","3.40","3.36","2.01M","0.89%"
"03/24/2025","3.36","3.38","3.40","3.36","1.63M","-0.59%"
"03/21/2025","3.38","3.42","3.42","3.38","7.08M","-0.59%"
"03/20/2025","3.40","3.43","3.44","3.39","2.76M","-1.16%"
"03/19/2025","3.44","3.39","3.45","3.37","6.93M","1.47%"
"03/18/2025","3.39","3.46","3.47","3.39","3.13M","-2.02%"
"03/17/2025","3.46","3.52","3.52","3.43","3.65M","-1.70%"
"03/14/2025","3.52","3.48","3.52","3.45","6.32M","0.57%"
"03/13/2025","3.50","3.40","3.51","3.40","13.46M","4.17%"
"03/12/2025","3.36","3.41","3.42","3.36","2.84M","-1.75%"
"03/11/2025","3.42","3.38","3.42","3.27","3.47M","1.18%"
"03/10/2025","3.38","3.43","3.43","3.37","6.46M","-0.88%"
"03/07/2025","3.41","3.48","3.48","3.41","3.04M","-1.73%"
"03/06/2025","3.47","3.51","3.51","3.44","2.33M","-0.86%"
"03/05/2025","3.50","3.50","3.51","3.49","2.15M","0.00%"
"03/04/2025","3.50","3.53","3.53","3.50","2.88M","-0.57%"
"03/03/2025","3.52","3.50","3.52","3.48","1.77M","0.86%"
"02/28/2025","3.49","3.50","3.50","3.48","5.84M","-0.29%"
"02/27/2025","3.50","3.49","3.51","3.48","2.07M","0.29%"
"02/26/2025","3.49","3.47","3.49","3.46","1.92M","0.58%"
"02/25/2025","3.47","3.44","3.47","3.44","1.47M","1.17%"
"02/24/2025","3.43","3.48","3.49","3.43","4.62M","-1.15%"
"02/21/2025","3.47","3.48","3.50","3.47","3.23M","0.00%"
"02/20/2025","3.47","3.51","3.52","3.47","2.48M","-0.86%"
"02/19/2025","3.50","3.51","3.54","3.48","3.99M","-0.57%"
"02/18/2025","3.52","3.48","3.52","3.48","1.07M","1.15%"
"02/17/2025","3.48","3.53","3.53","3.48","2.02M","-0.85%"
"02/14/2025","3.51","3.54","3.55","3.51","3.42M","-0.28%"
"02/13/2025","3.52","3.59","3.61","3.51","3.88M","-1.95%"
"02/12/2025","3.59","3.60","3.64","3.57","2.91M","-0.28%"
"02/11/2025","3.60","3.65","3.72","3.60","13.97M","-1.10%"
"02/10/2025","3.64","3.59","3.68","3.58","9.44M","1.39%"
"02/07/2025","3.59","3.57","3.59","3.56","1.14M","0.28%"
"02/06/2025","3.58","3.56","3.58","3.54","2.05M","0.56%"
"02/05/2025","3.56","3.54","3.56","3.53","4.03M","0.85%"
"02/04/2025","3.53","3.60","3.60","3.53","8.04M","-1.94%"
"02/03/2025","3.60","3.59","3.61","3.55","3.74M","0.00%"
"01/31/2025","3.60","3.58","3.60","3.56","1.72M","0.28%"
"01/30/2025","3.59","3.54","3.59","3.52","2.46M","1.70%"
"01/29/2025","3.53","3.60","3.60","3.53","3.15M","-1.94%"
"01/28/2025","3.60","3.53","3.60","3.53","4.83M","1.98%"
"01/27/2025","3.53","3.55","3.55","3.52","2.11M","-0.28%"
"01/24/2025","3.54","3.53","3.54","3.50","1.49M","0.57%"
"01/23/2025","3.52","3.56","3.58","3.52","4.68M","-1.12%"
"01/22/2025","3.56","3.46","3.57","3.45","9.64M","2.89%"
"01/21/2025","3.46","3.40","3.48","3.40","6.39M","2.06%"
"01/20/2025","3.39","3.41","3.43","3.39","4.60M","-1.17%"
"01/17/2025","3.43","3.42","3.43","3.41","1.67M","-0.29%"
"01/16/2025","3.44","3.44","3.45","3.42","2.57M","0.00%"
"01/15/2025","3.44","3.43","3.45","3.42","5.01M","0.88%"
"01/14/2025","3.41","3.41","3.44","3.39","7.28M","0.29%"
"01/13/2025","3.40","3.45","3.47","3.40","4.27M","-1.45%"
"01/10/2025","3.45","3.46","3.47","3.43","3.20M","-0.29%"
"01/09/2025","3.46","3.52","3.52","3.46","5.55M","-1.70%"
"01/08/2025","3.52","3.50","3.52","3.50","8.20M","1.15%"
"01/07/2025","3.48","3.47","3.52","3.47","6.20M","0.29%"
"01/06/2025","3.47","3.47","3.50","3.47","3.08M","0.00%"
"01/03/2025","3.47","3.49","3.52","3.47","1.70M","-0.57%"
"01/02/2025","3.49","3.51","3.51","3.47","1.37M","-0.85%"
"12/31/2024","3.52","3.46","3.52","3.45","4.24M","2.03%"
"12/30/2024","3.45","3.45","3.47","3.45","1.43M","0.00%"
"12/27/2024","3.45","3.46","3.48","3.45","1.58M","-0.29%"
"12/26/2024","3.46","3.44","3.47","3.44","1.04M","0.58%"
"12/25/2024","3.44","3.42","3.44","3.41","1.19M","0.88%"
"12/24/2024","3.41","3.40","3.42","3.38","4.91M","0.29%"
"12/23/2024","3.40","3.40","3.42","3.38","4.47M","0.59%"
"12/20/2024","3.38","3.42","3.42","3.38","5.63M","-1.74%"
"12/19/2024","3.44","3.42","3.44","3.39","3.08M","0.58%"
"12/18/2024","3.42","3.44","3.45","3.42","1.35M","0.00%"
"12/17/2024","3.42","3.45","3.46","3.42","2.63M","-0.58%"
"12/16/2024","3.44","3.42","3.45","3.41","1.98M","0.88%"
"12/13/2024","3.41","3.45","3.46","3.41","4.55M","-1.16%"
"12/12/2024","3.45","3.47","3.48","3.44","1.93M","-0.58%"
"12/11/2024","3.47","3.44","3.47","3.42","1.79M","1.17%"
"12/10/2024","3.43","3.47","3.47","3.43","1.74M","-0.87%"
"12/09/2024","3.46","3.46","3.47","3.44","3.52M","0.29%"
"12/06/2024","3.45","3.47","3.48","3.45","1.62M","-0.29%"
"12/05/2024","3.46","3.48","3.48","3.45","2.47M","-0.57%"
"12/04/2024","3.48","3.45","3.48","3.45","4.77M","0.87%"
"11/29/2024","3.45","3.49","3.49","3.44","2.64M","-0.86%"
"11/28/2024","3.48","3.47","3.50","3.47","1.68M","0.29%"
"11/27/2024","3.47","3.49","3.50","3.47","3.48M","-0.29%"
"11/26/2024","3.48","3.41","3.49","3.41","4.36M","2.05%"
"11/25/2024","3.41","3.44","3.48","3.41","18.35M","-0.58%"
"11/22/2024","3.43","3.50","3.51","3.42","3.23M","-1.72%"
"11/21/2024","3.49","3.55","3.56","3.49","4.26M","-1.69%"
"11/20/2024","3.55","3.56","3.57","3.55","1.64M","0.00%"
"11/19/2024","3.55","3.57","3.58","3.55","3.16M","-0.56%"
"11/18/2024","3.57","3.55","3.58","3.55","2.41M","0.56%"
"11/15/2024","3.55","3.57","3.57","3.55","2.64M","-0.84%"
"11/14/2024","3.58","3.59","3.59","3.55","4.08M","-0.28%"
"11/13/2024","3.59","3.56","3.59","3.56","3.34M","0.84%"
"11/12/2024","3.56","3.58","3.58","3.56","3.52M","-0.56%"
"11/11/2024","3.58","3.60","3.60","3.57","1.87M","-0.56%"
"11/08/2024","3.60","3.58","3.60","3.57","1.22M","0.56%"
"11/07/2024","3.58","3.58","3.61","3.55","3.63M","0.56%"
"11/06/2024","3.56","3.58","3.59","3.56","5.03M","0.00%"
"11/05/2024","3.56","3.58","3.58","3.54","5.47M","0.00%"
"11/04/2024","3.56","3.62","3.62","3.56","3.74M","-1.93%"
"11/01/2024","3.63","3.61","3.63","3.58","3.89M","0.55%"
"10/31/2024","3.61","3.58","3.61","3.55","8.02M","0.84%"
"10/30/2024","3.58","3.62","3.62","3.57","6.14M","-0.56%"
"10/29/2024","3.60","3.61","3.62","3.59","1.31M","-0.28%"
"10/28/2024","3.61","3.61","3.63","3.60","1.49M","0.28%"
"10/25/2024","3.60","3.59","3.61","3.58","965.08K","0.28%"
"10/24/2024","3.59","3.58","3.60","3.56","3.73M","0.28%"
"10/23/2024","3.58","3.60","3.60","3.57","2.75M","-0.56%"
"10/22/2024","3.60","3.57","3.60","3.57","1.55M","0.84%"
"10/21/2024","3.57","3.57","3.59","3.55","1.72M","0.00%"
"10/18/2024","3.57","3.59","3.59","3.55","1.04M","0.85%"
"10/17/2024","3.54","3.56","3.59","3.54","2.33M","-0.56%"
"10/16/2024","3.56","3.63","3.64","3.56","4.53M","-1.93%"
"10/15/2024","3.63","3.67","3.67","3.62","9.32M","-0.82%"
"10/14/2024","3.66","3.65","3.68","3.64","4.49M","0.55%"
"10/11/2024","3.64","3.67","3.67","3.64","2.24M","-0.82%"
"10/10/2024","3.67","3.63","3.67","3.61","3.38M","1.10%"
"10/09/2024","3.63","3.67","3.70","3.63","4.48M","-0.82%"
"10/08/2024","3.66","3.63","3.67","3.60","4.47M","0.83%"
"10/07/2024","3.63","3.58","3.63","3.55","2.39M","2.25%"
"10/04/2024","3.55","3.59","3.59","3.55","1.70M","-1.11%"
"10/03/2024","3.59","3.57","3.60","3.56","3.38M","0.56%"
"10/02/2024","3.57","3.60","3.60","3.55","2.85M","-1.38%"
"10/01/2024","3.62","3.60","3.62","3.57","3.88M","0.28%"
"09/30/2024","3.61","3.66","3.66","3.61","5.60M","-1.63%"
"09/27/2024","3.67","3.70","3.70","3.64","4.17M","-3.17%"
"09/26/2024","3.79","3.78","3.82","3.76","9.03M","0.26%"
"09/25/2024","3.78","3.71","3.78","3.71","6.18M","1.61%"
"09/24/2024","3.72","3.68","3.72","3.67","4.81M","1.09%"
"09/23/2024","3.68","3.67","3.68","3.65","4.09M","0.27%"
"09/20/2024","3.67","3.61","3.67","3.59","8.56M","2.23%"
"09/19/2024","3.59","3.63","3.64","3.59","8.47M","-0.28%"
"09/18/2024","3.60","3.60","3.62","3.58","7.06M","0.00%"
"09/17/2024","3.60","3.61","3.63","3.59","8.09M","0.00%"
"09/16/2024","3.60","3.65","3.65","3.59","9.09M","-0.83%"
"09/13/2024","3.63","3.61","3.65","3.60","7.05M","0.83%"
"09/12/2024","3.60","3.60","3.63","3.58","9.97M","1.12%"
"09/11/2024","3.56","3.64","3.64","3.56","10.34M","-1.66%"
"09/10/2024","3.62","3.63","3.64","3.61","7.43M","0.56%"
"09/09/2024","3.60","3.68","3.68","3.60","7.61M","-1.64%"
"09/06/2024","3.66","3.66","3.68","3.64","6.79M","0.27%"
"09/05/2024","3.65","3.64","3.67","3.63","8.46M","0.55%"
"09/04/2024","3.63","3.62","3.66","3.59","7.45M","-0.27%"
"09/03/2024","3.64","3.64","3.69","3.62","9.76M","0.00%"
"09/02/2024","3.64","3.65","3.65","3.62","7.48M","-0.27%"
"08/30/2024","3.65","3.61","3.65","3.60","13.36M","1.67%"
"08/29/2024","3.59","3.60","3.63","3.59","7.66M","0.00%"
"08/28/2024","3.59","3.62","3.62","3.59","7.19M","-0.55%"
"08/27/2024","3.61","3.62","3.64","3.61","6.05M","-0.82%"
"08/26/2024","3.64","3.60","3.64","3.60","7.25M","1.39%"
"08/23/2024","3.59","3.64","3.64","3.59","6.73M","-1.37%"
"08/22/2024","3.64","3.62","3.64","3.59","6.30M","0.83%"
"08/21/2024","3.61","3.64","3.64","3.58","7.03M","-0.82%"
"08/20/2024","3.64","3.60","3.65","3.57","13.66M","1.11%"
"08/19/2024","3.60","3.56","3.60","3.52","10.50M","1.12%"
"08/16/2024","3.56","3.47","3.56","3.47","15.52M","2.59%"
"08/15/2024","3.47","3.41","3.48","3.41","14.91M","2.36%"
"08/14/2024","3.39","3.40","3.42","3.38","9.97M","0.30%"
"08/13/2024","3.38","3.42","3.42","3.37","7.85M","-1.17%"
"08/12/2024","3.42","3.44","3.45","3.41","9.49M","-0.58%"
"08/09/2024","3.44","3.44","3.46","3.43","7.48M","0.58%"
"08/08/2024","3.42","3.44","3.48","3.41","10.11M","0.00%"
"08/07/2024","3.42","3.34","3.46","3.34","10.35M","2.40%"
"08/06/2024","3.34","3.33","3.42","3.33","11.86M","1.21%"
"08/05/2024","3.30","3.43","3.43","3.30","9.71M","-5.17%"
"08/02/2024","3.48","3.53","3.55","3.47","8.42M","-1.69%"
"08/01/2024","3.54","3.56","3.65","3.52","13.32M","-0.84%"
"07/31/2024","3.57","3.56","3.57","3.48","16.02M","0.85%"
"07/30/2024","3.54","3.55","3.57","3.54","12.65M","-0.56%"
"07/29/2024","3.56","3.52","3.58","3.51","7.64M","1.42%"
"07/26/2024","3.51","3.53","3.53","3.50","7.96M","-0.28%"
"07/25/2024","3.52","3.48","3.52","3.46","7.10M","1.15%"
"07/24/2024","3.48","3.47","3.50","3.46","7.73M","0.29%"
"07/23/2024","3.47","3.50","3.50","3.47","7.03M","-1.14%"
"07/22/2024","3.51","3.58","3.58","3.50","8.84M","-1.68%"
"07/19/2024","3.57","3.56","3.58","3.55","7.83M","0.00%"
"07/18/2024","3.57","3.48","3.57","3.48","12.81M","2.88%"
"07/17/2024","3.47","3.42","3.48","3.40","9.05M","1.46%"
"07/16/2024","3.42","3.42","3.42","3.40","5.28M","0.00%"
"07/15/2024","3.42","3.39","3.42","3.38","6.50M","0.88%"
"07/12/2024","3.39","3.39","3.40","3.39","7.26M","0.00%"
"07/11/2024","3.39","3.42","3.42","3.38","8.65M","0.00%"
"07/10/2024","3.39","3.41","3.43","3.38","10.72M","-0.29%"
"07/09/2024","3.40","3.37","3.42","3.35","6.68M","0.89%"
"07/08/2024","3.37","3.37","3.38","3.36","5.23M","-0.30%"
"07/05/2024","3.38","3.40","3.40","3.35","5.91M","-0.59%"
"07/04/2024","3.40","3.39","3.41","3.38","4.96M","0.00%"
"07/03/2024","3.40","3.41","3.41","3.39","5.10M","0.00%"
"07/02/2024","3.40","3.39","3.44","3.39","6.60M","-0.87%"
"07/01/2024","3.43","3.38","3.43","3.36","9.27M","1.18%"
"06/28/2024","3.39","3.29","3.39","3.29","14.45M","3.04%"
"06/27/2024","3.29","3.27","3.32","3.27","5.26M","0.61%"
"06/26/2024","3.27","3.30","3.32","3.26","9.24M","-0.61%"
"06/25/2024","3.29","3.30","3.32","3.28","5.24M","-0.30%"
"06/24/2024","3.30","3.28","3.30","3.26","5.21M","0.61%"
"06/21/2024","3.28","3.32","3.34","3.28","7.06M","-0.30%"
"06/20/2024","3.29","3.33","3.33","3.29","4.96M","0.00%"
"06/19/2024","3.29","3.30","3.34","3.29","6.16M","0.00%"
"06/14/2024","3.29","3.35","3.35","3.28","10.50M","-0.90%"
"06/13/2024","3.32","3.37","3.37","3.31","8.87M","0.30%"
"06/12/2024","3.31","3.39","3.40","3.31","11.12M","-1.78%"
"06/11/2024","3.37","3.42","3.44","3.36","7.91M","-2.03%"
"06/10/2024","3.44","3.36","3.45","3.35","6.85M","2.08%"
"06/07/2024","3.37","3.35","3.38","3.34","6.26M","0.60%"
"06/06/2024","3.35","3.33","3.37","3.32","7.88M","0.90%"
"06/05/2024","3.32","3.37","3.38","3.32","8.45M","-1.48%"
"06/04/2024","3.37","3.30","3.39","3.30","7.22M","2.12%"
"06/03/2024","3.30","3.28","3.34","3.27","7.89M","1.85%"
"05/31/2024","3.24","3.34","3.38","3.24","22.12M","-2.41%"
"05/30/2024","3.32","3.33","3.36","3.31","9.91M","0.00%"
"05/29/2024","3.32","3.39","3.41","3.32","9.65M","-1.78%"
"05/28/2024","3.38","3.48","3.50","3.38","16.92M","-2.87%"
"05/27/2024","3.48","3.52","3.54","3.48","7.96M","-1.14%"
"05/24/2024","3.52","3.50","3.55","3.50","11.80M","-0.56%"
"05/23/2024","3.54","3.48","3.54","3.48","9.45M","1.43%"
"05/22/2024","3.49","3.52","3.55","3.48","6.81M","-0.85%"
"05/21/2024","3.52","3.55","3.65","3.51","10.78M","-1.68%"
"05/20/2024","3.58","3.51","3.58","3.49","6.78M","1.70%"
"05/17/2024","3.52","3.49","3.56","3.47","12.69M","0.57%"
"05/16/2024","3.50","3.39","3.50","3.37","15.93M","3.24%"
"05/15/2024","3.39","3.39","3.40","3.34","8.53M","0.30%"
"05/14/2024","3.38","3.40","3.41","3.38","6.16M","-0.29%"
"05/13/2024","3.39","3.41","3.43","3.38","8.37M","0.00%"
"05/10/2024","3.39","3.43","3.43","3.38","10.34M","-0.88%"
"05/09/2024","3.42","3.50","3.50","3.41","10.49M","-2.01%"
"05/08/2024","3.49","3.49","3.49","3.46","7.52M","0.29%"
"05/07/2024","3.48","3.47","3.48","3.45","6.80M","0.87%"
"05/06/2024","3.45","3.48","3.49","3.45","6.56M","-0.29%"
"05/03/2024","3.46","3.49","3.49","3.45","6.85M","-0.29%"
"05/02/2024","3.47","3.49","3.50","3.47","6.26M","-0.57%"
"05/01/2024","3.49","3.50","3.51","3.48","6.08M","0.00%"
"04/30/2024","3.49","3.52","3.53","3.48","7.80M","-0.85%"
"04/29/2024","3.52","3.50","3.52","3.47","7.74M","1.15%"
"04/26/2024","3.48","3.50","3.52","3.48","8.48M","0.00%"
"04/25/2024","3.48","3.45","3.53","3.45","8.12M","0.58%"
"04/24/2024","3.46","3.47","3.47","3.45","8.34M","-0.29%"
"04/23/2024","3.47","3.49","3.50","3.45","8.67M","0.00%"
"04/22/2024","3.47","3.47","3.50","3.46","7.49M","-0.29%"
"04/19/2024","3.48","3.48","3.50","3.45","8.58M","0.00%"
"04/18/2024","3.48","3.51","3.52","3.48","11.13M","-0.85%"
"04/17/2024","3.51","3.50","3.53","3.49","10.39M","0.29%"
"04/16/2024","3.50","3.52","3.54","3.47","11.44M","0.57%"
"04/15/2024","3.48","3.55","3.55","3.48","10.86M","-2.52%"
"04/05/2024","3.57","3.56","3.57","3.52","7.26M","-2.19%"
"04/04/2024","3.65","3.65","3.65","3.62","7.98M","0.27%"
"04/03/2024","3.64","3.66","3.66","3.63","9.01M","0.28%"
"04/02/2024","3.63","3.65","3.68","3.63","8.30M","-0.55%"
"04/01/2024","3.65","3.68","3.68","3.65","5.71M","-0.54%"
"03/29/2024","3.67","3.66","3.67","3.64","11.33M","0.82%"
"03/28/2024","3.64","3.68","3.68","3.64","6.63M","-0.55%"
"03/27/2024","3.66","3.70","3.71","3.66","7.62M","-0.81%"
"03/26/2024","3.69","3.70","3.73","3.69","7.21M","-0.27%"
"03/25/2024","3.70","3.72","3.72","3.68","6.30M","-0.54%"
"03/22/2024","3.72","3.69","3.73","3.68","5.84M","1.09%"
"03/21/2024","3.68","3.68","3.70","3.66","9.45M","-0.27%"
"03/20/2024","3.69","3.65","3.69","3.65","14.38M","1.37%"
"03/19/2024","3.64","3.68","3.68","3.64","9.00M","-0.82%"
"03/18/2024","3.67","3.64","3.71","3.62","9.14M","0.82%"
"03/15/2024","3.64","3.60","3.64","3.59","11.45M","1.11%"
"03/14/2024","3.60","3.57","3.62","3.56","9.10M","0.84%"
"03/13/2024","3.57","3.59","3.61","3.57","6.37M","-0.28%"
"03/12/2024","3.58","3.56","3.62","3.56","7.63M","0.56%"
"03/11/2024","3.56","3.58","3.58","3.55","7.24M","-0.56%"
"03/08/2024","3.58","3.55","3.58","3.54","6.72M","0.28%"
"03/07/2024","3.57","3.54","3.57","3.52","6.72M","0.56%"
"03/06/2024","3.55","3.58","3.58","3.53","10.55M","-0.84%"
"03/05/2024","3.58","3.64","3.65","3.58","6.62M","-1.65%"
"03/04/2024","3.64","3.61","3.65","3.60","8.00M","1.11%"
"03/01/2024","3.60","3.52","3.60","3.51","10.21M","2.86%"
"02/29/2024","3.50","3.51","3.54","3.46","18.29M","0.00%"
"02/28/2024","3.50","3.57","3.57","3.48","12.96M","-1.96%"
"02/27/2024","3.57","3.66","3.66","3.56","10.60M","-2.46%"
"02/26/2024","3.66","3.64","3.66","3.60","6.35M","0.55%"
"02/23/2024","3.64","3.66","3.68","3.62","5.73M","-0.82%"
"02/22/2024","3.67","3.72","3.74","3.66","8.60M","-1.34%"
"02/21/2024","3.72","3.72","3.73","3.69","7.14M","0.27%"
"02/20/2024","3.71","3.70","3.71","3.68","7.40M","0.27%"
"02/19/2024","3.70","3.73","3.74","3.67","6.87M","-0.80%"
"02/16/2024","3.73","3.69","3.73","3.68","6.91M","0.81%"
"02/15/2024","3.70","3.70","3.71","3.65","5.27M","-0.27%"
"02/14/2024","3.71","3.70","3.73","3.69","9.30M","0.27%"
"02/13/2024","3.70","3.68","3.72","3.67","6.52M","1.09%"
"02/12/2024","3.66","3.68","3.70","3.65","4.71M","-0.27%"
"02/09/2024","3.67","3.73","3.73","3.66","11.84M","-0.81%"
"02/08/2024","3.70","3.61","3.73","3.61","13.05M","2.78%"
"02/07/2024","3.60","3.58","3.62","3.56","6.54M","0.84%"
"02/06/2024","3.57","3.56","3.57","3.51","5.39M","0.56%"
"02/05/2024","3.55","3.56","3.60","3.53","6.14M","-0.56%"
"02/02/2024","3.57","3.57","3.58","3.52","4.84M","0.00%"
"02/01/2024","3.57","3.56","3.57","3.48","8.99M","0.56%"
"01/31/2024","3.55","3.59","3.59","3.55","6.90M","0.28%"
"01/30/2024","3.54","3.57","3.60","3.54","6.57M","-0.56%"
"01/29/2024","3.56","3.59","3.59","3.54","6.22M","-0.56%"
"01/26/2024","3.58","3.58","3.60","3.55","6.39M","0.56%"
"01/25/2024","3.56","3.56","3.60","3.56","6.62M","0.56%"
"01/24/2024","3.54","3.58","3.60","3.52","7.12M","-1.12%"
"01/23/2024","3.58","3.61","3.62","3.57","6.12M","-0.83%"
"01/22/2024","3.61","3.58","3.61","3.57","5.72M","1.12%"
"01/19/2024","3.57","3.57","3.59","3.55","8.29M","-0.28%"
"01/18/2024","3.58","3.61","3.61","3.58","7.24M","-1.38%"
"01/17/2024","3.63","3.58","3.64","3.58","8.72M","-0.27%"
"01/16/2024","3.64","3.63","3.66","3.56","11.08M","0.28%"
"01/15/2024","3.63","3.65","3.66","3.62","6.63M","-1.09%"
"01/12/2024","3.67","3.68","3.68","3.64","7.24M","-0.27%"
"01/11/2024","3.68","3.67","3.70","3.65","57.50M","0.82%"
"01/10/2024","3.65","3.69","3.70","3.65","7.09M","-1.08%"
"01/09/2024","3.69","3.66","3.70","3.65","9.05M","1.10%"
"01/08/2024","3.65","3.68","3.70","3.65","8.87M","-0.54%"
"01/05/2024","3.67","3.65","3.69","3.63","5.78M","0.27%"
"01/04/2024","3.66","3.68","3.68","3.66","6.15M","-0.54%"
"01/03/2024","3.68","3.73","3.73","3.68","7.96M","-1.08%"
"01/02/2024","3.72","3.71","3.74","3.70","7.72M","0.54%"
"12/29/2023","3.70","3.66","3.72","3.63","6.44M","1.93%"
"12/28/2023","3.63","3.61","3.67","3.59","7.06M","0.55%"
"12/27/2023","3.61","3.62","3.63","3.58","6.65M","-0.28%"
"12/26/2023","3.62","3.60","3.62","3.58","4.75M","0.00%"
"12/25/2023","3.62","3.63","3.63","3.60","4.88M","-0.55%"
"12/22/2023","3.64","3.57","3.64","3.55","5.27M","1.96%"
"12/21/2023","3.57","3.59","3.59","3.53","5.23M","-0.56%"
"12/20/2023","3.59","3.62","3.65","3.59","6.33M","-0.83%"
"12/19/2023","3.62","3.60","3.64","3.56","5.65M","0.84%"
"12/18/2023","3.59","3.63","3.63","3.59","3.81M","-1.10%"
"12/15/2023","3.63","3.60","3.63","3.59","8.89M","0.83%"
"12/14/2023","3.60","3.60","3.66","3.58","7.64M","0.28%"
"12/13/2023","3.59","3.65","3.65","3.59","18.20M","-1.10%"
"12/12/2023","3.63","3.68","3.68","3.62","6.07M","-1.36%"
"12/11/2023","3.68","3.68","3.68","3.62","6.06M","-0.27%"
"12/08/2023","3.69","3.72","3.74","3.66","7.06M","-1.60%"
"12/07/2023","3.75","3.70","3.75","3.66","5.52M","0.00%"
"12/06/2023","3.75","3.76","3.76","3.70","5.30M","-1.06%"
"12/05/2023","3.79","3.77","3.79","3.71","6.42M","0.26%"
"12/01/2023","3.78","3.79","3.79","3.73","4.74M","-0.53%"
"11/30/2023","3.80","3.77","3.82","3.74","13.84M","0.80%"
"11/29/2023","3.77","3.70","3.77","3.69","7.26M","1.89%"
"11/28/2023","3.70","3.59","3.78","3.59","10.99M","2.21%"
"11/27/2023","3.62","3.66","3.66","3.58","7.56M","-1.09%"
"11/24/2023","3.66","3.63","3.67","3.61","7.42M","0.83%"
"11/23/2023","3.63","3.60","3.66","3.53","9.56M","0.00%"
"11/22/2023","3.63","3.65","3.66","3.59","5.08M","-0.27%"
"11/21/2023","3.64","3.67","3.71","3.62","7.24M","-1.09%"
"11/20/2023","3.68","3.62","3.68","3.58","6.72M","1.94%"
"11/17/2023","3.61","3.71","3.71","3.60","7.73M","-2.70%"
"11/16/2023","3.71","3.71","3.73","3.68","10.97M","-0.27%"
"11/15/2023","3.72","3.68","3.75","3.68","9.87M","1.09%"
"11/14/2023","3.68","3.69","3.70","3.67","5.54M","0.00%"
"11/13/2023","3.68","3.62","3.68","3.61","7.60M","1.38%"
"11/10/2023","3.63","3.48","3.66","3.48","10.16M","4.91%"
"11/09/2023","3.46","3.53","3.60","3.46","7.66M","-1.70%"
"11/08/2023","3.52","3.63","3.65","3.51","6.97M","-3.30%"
"11/07/2023","3.64","3.59","3.64","3.57","6.60M","1.39%"
"11/06/2023","3.59","3.60","3.71","3.57","6.35M","0.00%"
"11/03/2023","3.59","3.61","3.61","3.54","6.32M","-0.28%"
"11/02/2023","3.60","3.37","3.61","3.37","19.50M","7.14%"
"11/01/2023","3.36","3.35","3.38","3.34","10.61M","0.00%"
"10/31/2023","3.36","3.37","3.40","3.34","8.28M","0.00%"
"10/30/2023","3.36","3.37","3.50","3.35","10.15M","0.60%"
"10/27/2023","3.34","3.38","3.38","3.30","6.09M","-0.60%"
"10/26/2023","3.36","3.45","3.45","3.34","6.41M","-1.75%"
"10/25/2023","3.42","3.33","3.51","3.33","9.58M","3.01%"
"10/24/2023","3.32","3.37","3.38","3.29","7.33M","-0.90%"
"10/23/2023","3.35","3.35","3.39","3.26","6.06M","-0.30%"
"10/20/2023","3.36","3.48","3.48","3.24","19.37M","-2.33%"
"10/19/2023","3.44","3.56","3.56","3.41","8.90M","-2.55%"
"10/18/2023","3.53","3.55","3.55","3.48","7.69M","-0.28%"
"10/17/2023","3.54","3.47","3.56","3.47","6.73M","1.14%"
"10/16/2023","3.50","3.53","3.56","3.44","10.56M","-0.57%"
"10/13/2023","3.52","3.64","3.65","3.46","14.33M","-2.76%"
"10/12/2023","3.62","3.59","3.67","3.58","7.97M","1.40%"
"10/11/2023","3.57","3.51","3.63","3.45","23.17M","3.48%"
"10/10/2023","3.45","3.54","3.55","3.43","12.75M","-1.71%"
"10/09/2023","3.51","3.65","3.65","3.51","7.51M","-3.84%"
"10/06/2023","3.65","3.66","3.68","3.65","4.35M","-0.27%"
"10/05/2023","3.66","3.68","3.69","3.66","2.97M","-0.27%"
"10/04/2023","3.67","3.70","3.71","3.65","7.14M","-3.17%"
"10/03/2023","3.79","3.78","3.81","3.78","9.98M","0.53%"
"10/02/2023","3.77","3.77","3.79","3.76","4.84M","0.53%"
"09/28/2023","3.75","3.81","3.81","3.75","9.42M","-1.32%"
"09/27/2023","3.80","3.81","3.82","3.79","3.89M","0.53%"
"09/26/2023","3.78","3.83","3.83","3.78","11.01M","-0.53%"
"09/25/2023","3.80","3.79","3.81","3.77","5.39M","0.53%"
"09/22/2023","3.78","3.80","3.81","3.77","6.06M","-0.53%"
"09/21/2023","3.80","3.81","3.82","3.78","7.68M","0.26%"
"09/20/2023","3.79","3.79","3.83","3.79","6.64M","-0.26%"
"09/19/2023","3.80","3.80","3.80","3.78","3.25M","0.80%"
"09/18/2023","3.77","3.80","3.80","3.77","3.28M","-0.79%"
"09/15/2023","3.80","3.75","3.80","3.75","8.39M","0.80%"
"09/14/2023","3.77","3.78","3.79","3.74","4.54M","-0.26%"
"09/13/2023","3.78","3.76","3.78","3.74","5.70M","0.53%"
"09/12/2023","3.76","3.74","3.77","3.74","5.58M","0.53%"
"09/11/2023","3.74","3.71","3.75","3.69","4.00M","0.81%"
"09/08/2023","3.71","3.71","3.74","3.70","4.52M","0.00%"
"09/07/2023","3.71","3.78","3.79","3.70","7.78M","-1.85%"
"09/06/2023","3.78","3.83","3.83","3.78","4.61M","-1.31%"
"09/05/2023","3.83","3.83","3.83","3.78","5.42M","0.26%"
"09/04/2023","3.82","3.81","3.83","3.80","4.75M","0.26%"
"09/01/2023","3.81","3.83","3.85","3.81","4.25M","0.00%"
"08/31/2023","3.81","3.88","3.88","3.81","11.09M","-1.80%"
"08/30/2023","3.88","3.86","3.90","3.85","4.83M","0.26%"
"08/29/2023","3.87","3.83","3.87","3.83","5.01M","1.04%"
"08/28/2023","3.83","3.84","3.88","3.83","5.37M","0.26%"
"08/25/2023","3.82","3.86","3.86","3.81","5.79M","-0.52%"
"08/24/2023","3.84","3.85","3.86","3.83","5.27M","0.00%"
"08/23/2023","3.84","3.86","3.87","3.83","5.20M","-0.26%"
"08/22/2023","3.85","3.86","3.87","3.78","7.56M","0.00%"
"08/21/2023","3.85","3.88","3.89","3.85","6.39M","-0.52%"
"08/18/2023","3.87","3.89","3.91","3.87","5.69M","-0.26%"
"08/17/2023","3.88","3.91","3.91","3.88","4.82M","-0.26%"
"08/16/2023","3.89","3.93","3.94","3.88","6.74M","-0.77%"
"08/15/2023","3.92","3.90","3.94","3.90","6.11M","1.29%"
"08/14/2023","3.87","3.93","3.95","3.86","5.96M","-1.53%"
"08/11/2023","3.93","3.90","3.96","3.90","6.26M","0.77%"
"08/10/2023","3.90","3.88","3.91","3.87","7.32M","0.52%"
"08/09/2023","3.88","3.88","3.92","3.87","5.73M","0.52%"
"08/08/2023","3.86","3.92","3.92","3.86","8.91M","-1.28%"
"08/07/2023","3.91","3.90","3.92","3.87","5.75M","0.26%"
"08/04/2023","3.90","3.91","3.93","3.90","4.79M","0.00%"
"08/03/2023","3.90","3.94","3.95","3.90","7.95M","-1.02%"
"08/02/2023","3.94","3.94","3.98","3.93","6.25M","0.00%"
"08/01/2023","3.94","3.92","3.94","3.91","5.04M","1.03%"
"07/31/2023","3.90","3.94","3.94","3.90","9.60M","-0.76%"
"07/28/2023","3.93","3.93","3.96","3.92","5.44M","0.00%"
"07/27/2023","3.93","3.98","3.98","3.93","5.08M","-1.01%"
"07/26/2023","3.97","3.99","3.99","3.95","5.91M","0.25%"
"07/25/2023","3.96","4.00","4.02","3.96","8.14M","-1.00%"
"07/24/2023","4.00","3.96","4.00","3.96","5.42M","0.76%"
"07/20/2023","3.97","4.00","4.00","3.93","6.16M","0.00%"
"07/19/2023","3.97","4.02","4.04","3.96","6.25M","-1.24%"
"07/18/2023","4.02","4.03","4.03","4.00","4.22M","0.50%"
"07/17/2023","4.00","4.03","4.05","3.99","5.27M","-0.99%"
"07/14/2023","4.04","4.01","4.04","4.01","5.37M","0.75%"
"07/13/2023","4.01","4.04","4.04","3.99","5.74M","0.25%"
"07/12/2023","4.00","3.99","4.06","3.98","9.92M","0.25%"
"07/11/2023","3.99","3.98","4.04","3.97","8.08M","0.25%"
"07/10/2023","3.98","3.96","3.98","3.96","5.64M","0.51%"
"07/07/2023","3.96","3.98","4.00","3.96","4.15M","-0.25%"
"07/06/2023","3.97","3.96","4.00","3.95","8.99M","0.25%"
"07/05/2023","3.96","3.92","3.97","3.90","9.33M","1.80%"
"07/04/2023","3.89","3.90","3.92","3.89","7.56M","0.00%"
"07/03/2023","3.89","3.94","3.94","3.89","10.34M","-0.26%"
"06/26/2023","3.90","3.97","3.97","3.90","8.28M","-1.27%"
"06/23/2023","3.95","3.97","3.98","3.94","4.23M","-0.25%"
"06/22/2023","3.96","3.96","3.96","3.94","3.53M","0.00%"
"06/21/2023","3.96","3.98","3.98","3.94","5.09M","-0.50%"
"06/20/2023","3.98","3.96","3.98","3.95","5.67M","0.00%"
"06/19/2023","3.98","3.97","3.98","3.93","4.13M","0.00%"
"06/16/2023","3.98","4.00","4.00","3.92","14.11M","0.51%"
"06/15/2023","3.96","4.03","4.03","3.96","7.08M","-0.75%"
"06/14/2023","3.99","4.04","4.08","3.98","10.37M","-0.99%"
"06/13/2023","4.03","4.10","4.10","4.03","6.01M","-1.71%"
"06/12/2023","4.10","4.15","4.15","4.08","3.71M","-0.24%"
"06/09/2023","4.11","4.18","4.18","4.11","4.23M","-2.14%"
"06/08/2023","4.20","4.17","4.20","4.08","27.39M","1.45%"
"06/07/2023","4.14","4.08","4.14","4.08","4.07M","1.47%"
"06/06/2023","4.08","4.06","4.12","4.06","4.63M","0.00%"
"06/05/2023","4.08","4.08","4.10","4.05","6.21M","-1.21%"
"06/02/2023","4.13","4.08","4.13","4.01","6.49M","1.23%"
"06/01/2023","4.08","4.16","4.17","4.08","6.61M","-1.45%"
"05/31/2023","4.14","4.02","4.17","4.02","19.48M","2.99%"
"05/30/2023","4.02","3.88","4.02","3.86","6.48M","4.15%"
"05/29/2023","3.86","3.99","3.99","3.84","4.09M","-1.78%"
"05/26/2023","3.93","3.95","4.00","3.93","7.40M","-0.25%"
"05/25/2023","3.94","4.01","4.03","3.94","7.36M","-1.50%"
"05/24/2023","4.00","4.11","4.14","4.00","6.37M","-2.91%"
"05/23/2023","4.12","4.16","4.16","4.09","4.51M","-0.96%"
"05/22/2023","4.16","4.15","4.17","4.10","4.22M","0.97%"
"05/19/2023","4.12","4.10","4.15","4.08","4.34M","0.73%"
"05/18/2023","4.09","4.15","4.17","4.09","8.71M","-1.45%"
"05/17/2023","4.15","4.21","4.21","4.15","4.27M","-0.24%"
"05/16/2023","4.16","4.28","4.28","4.14","6.90M","-1.19%"
"05/15/2023","4.21","4.34","4.34","4.16","5.05M","-2.09%"
"05/12/2023","4.30","4.33","4.35","4.30","4.95M","-1.60%"
"05/11/2023","4.37","4.36","4.38","4.32","4.71M","-0.46%"
"05/10/2023","4.39","4.28","4.39","4.27","11.85M","3.05%"
"05/09/2023","4.26","4.37","4.40","4.26","8.98M","-1.84%"
"05/08/2023","4.34","4.42","4.43","4.34","5.79M","-1.59%"
"05/05/2023","4.41","4.43","4.43","4.38","5.20M","-0.45%"
"05/04/2023","4.43","4.40","4.43","4.33","9.39M","0.68%"
"05/03/2023","4.40","4.41","4.41","4.38","9.69M","-0.23%"
"05/02/2023","4.41","4.40","4.42","4.38","5.95M","0.23%"
"05/01/2023","4.40","4.37","4.48","4.35","7.50M","0.23%"
"04/28/2023","4.39","4.34","4.39","4.32","9.45M","1.39%"
"04/27/2023","4.33","4.32","4.35","4.30","7.59M","0.46%"
"04/26/2023","4.31","4.36","4.37","4.31","9.58M","-1.15%"
"04/25/2023","4.36","4.36","4.39","4.33","10.41M","0.00%"
"04/24/2023","4.36","4.31","4.36","4.29","7.82M","1.16%"
"04/19/2023","4.31","4.36","4.36","4.30","8.90M","-1.60%"
"04/18/2023","4.38","4.36","4.38","4.32","11.22M","0.00%"
"04/17/2023","4.38","4.35","4.38","4.29","8.63M","0.00%"
"04/14/2023","4.38","4.33","4.40","4.32","9.28M","1.15%"
"04/13/2023","4.33","4.35","4.40","4.26","10.96M","0.46%"
"04/12/2023","4.31","4.21","4.31","4.21","10.34M","2.62%"
"04/11/2023","4.20","4.25","4.25","4.20","10.84M","-0.71%"
"04/10/2023","4.23","4.24","4.27","4.22","7.91M","-0.24%"
"04/07/2023","4.24","4.26","4.26","4.21","11.28M","0.47%"
"04/06/2023","4.22","4.26","4.26","4.21","7.62M","-0.24%"
"04/05/2023","4.23","4.29","4.29","4.21","8.13M","-0.94%"
"04/04/2023","4.27","4.28","4.28","4.25","10.97M","-0.23%"
"04/03/2023","4.28","4.22","4.28","4.19","11.04M","2.39%"
"03/31/2023","4.18","4.22","4.23","4.18","10.67M","-0.95%"
"03/30/2023","4.22","4.22","4.23","4.20","7.81M","0.24%"
"03/29/2023","4.21","4.22","4.25","4.21","7.35M","-0.24%"
"03/28/2023","4.22","4.20","4.22","4.16","10.49M","1.69%"
"03/27/2023","4.15","4.20","4.23","4.15","9.12M","-0.72%"
"03/24/2023","4.18","4.20","4.24","4.18","10.24M","-3.69%"
"03/23/2023","4.34","4.31","4.34","4.31","9.24M","0.46%"
"03/22/2023","4.32","4.28","4.34","4.27","11.10M","1.17%"
"03/21/2023","4.27","4.21","4.29","4.21","12.29M","-0.70%"
"03/20/2023","4.30","4.19","4.30","4.18","10.34M","2.14%"
"03/17/2023","4.21","4.14","4.21","4.14","15.96M","0.96%"
"03/16/2023","4.17","4.14","4.19","4.11","9.92M","1.21%"
"03/15/2023","4.12","4.24","4.24","4.11","13.18M","-2.14%"
"03/14/2023","4.21","4.27","4.28","4.20","14.08M","-2.55%"
"03/13/2023","4.32","4.31","4.32","4.26","10.23M","0.47%"
"03/10/2023","4.30","4.28","4.30","4.24","8.47M","1.65%"
"03/09/2023","4.23","4.26","4.30","4.23","8.53M","0.24%"
"03/08/2023","4.22","4.30","4.31","4.21","9.40M","-1.17%"
"03/07/2023","4.27","4.30","4.37","4.27","9.69M","-0.70%"
"03/06/2023","4.30","4.28","4.31","4.27","10.12M","1.18%"
"03/03/2023","4.25","4.30","4.30","4.24","8.69M","-0.23%"
"03/02/2023","4.26","4.30","4.34","4.26","10.13M","-0.47%"
"03/01/2023","4.28","4.34","4.34","4.27","11.00M","-0.93%"
"02/28/2023","4.32","4.38","4.38","4.29","16.64M","0.47%"
"02/27/2023","4.30","4.25","4.38","4.25","13.95M","1.18%"
"02/24/2023","4.25","4.25","4.27","4.21","10.83M","0.00%"
"02/23/2023","4.25","4.31","4.34","4.25","10.58M","-1.62%"
"02/22/2023","4.32","4.31","4.37","4.30","9.22M","0.00%"
"02/21/2023","4.32","4.34","4.34","4.30","5.61M","0.00%"
"02/20/2023","4.32","4.41","4.41","4.32","5.44M","-1.59%"
"02/17/2023","4.39","4.42","4.42","4.33","6.85M","0.23%"
"02/16/2023","4.38","4.45","4.46","4.38","10.78M","-1.79%"
"02/15/2023","4.46","4.46","4.46","4.41","10.83M","0.00%"
"02/14/2023","4.46","4.49","4.49","4.45","10.10M","0.00%"
"02/13/2023","4.46","4.47","4.49","4.44","10.29M","0.00%"
"02/10/2023","4.46","4.43","4.46","4.40","8.27M","0.45%"
"02/09/2023","4.44","4.41","4.44","4.32","17.65M","0.00%"
"02/08/2023","4.44","4.41","4.45","4.41","8.43M","0.68%"
"02/07/2023","4.41","4.42","4.46","4.41","10.44M","-1.12%"
"02/06/2023","4.46","4.46","4.46","4.39","10.27M","0.00%"
"02/03/2023","4.46","4.46","4.46","4.44","7.50M","0.00%"
"02/02/2023","4.46","4.39","4.47","4.39","9.70M","1.59%"
"02/01/2023","4.39","4.38","4.43","4.35","9.03M","-0.23%"
"01/31/2023","4.40","4.50","4.50","4.37","17.98M","-2.22%"
"01/30/2023","4.50","4.47","4.50","4.32","12.37M","0.90%"
"01/27/2023","4.46","4.49","4.50","4.42","7.98M","0.22%"
"01/26/2023","4.45","4.51","4.54","4.45","8.60M","-1.11%"
"01/25/2023","4.50","4.50","4.53","4.45","8.50M","0.22%"
"01/24/2023","4.49","4.49","4.53","4.44","9.76M","0.00%"
"01/23/2023","4.49","4.54","4.54","4.42","7.85M","-0.88%"
"01/20/2023","4.53","4.52","4.54","4.48","9.05M","0.67%"
"01/19/2023","4.50","4.48","4.54","4.48","9.49M","0.00%"
"01/18/2023","4.50","4.45","4.50","4.45","9.69M","0.90%"
"01/17/2023","4.46","4.45","4.52","4.41","12.62M","-0.89%"
"01/16/2023","4.50","4.45","4.50","4.42","9.78M","1.35%"
"01/13/2023","4.44","4.39","4.45","4.36","12.17M","1.83%"
"01/12/2023","4.36","4.48","4.51","4.34","17.63M","-2.24%"
"01/11/2023","4.46","4.65","4.66","4.42","16.47M","-3.88%"
"01/10/2023","4.64","4.58","4.72","4.56","11.77M","0.65%"
"01/09/2023","4.61","4.52","4.61","4.48","10.68M","1.32%"
"01/06/2023","4.55","4.48","4.55","4.46","8.09M","1.79%"
"01/05/2023","4.47","4.56","4.56","4.47","10.41M","-1.76%"
"01/04/2023","4.55","4.55","4.59","4.51","8.71M","0.22%"
"01/03/2023","4.54","4.46","4.57","4.45","9.21M","1.79%"
"01/02/2023","4.46","4.43","4.46","4.41","7.48M","1.13%"
"12/30/2022","4.41","4.45","4.45","4.40","8.20M","-0.23%"
"12/29/2022","4.42","4.40","4.43","4.40","8.64M","0.45%"
"12/28/2022","4.40","4.44","4.44","4.40","8.50M","0.00%"
"12/27/2022","4.40","4.47","4.53","4.40","8.87M","-1.12%"
"12/26/2022","4.45","4.48","4.48","4.44","7.21M","-0.67%"
"12/23/2022","4.48","4.51","4.51","4.47","7.43M","-0.44%"
"12/22/2022","4.50","4.58","4.58","4.49","8.36M","-1.10%"
"12/21/2022","4.55","4.58","4.58","4.51","9.72M","-1.09%"
"12/20/2022","4.60","4.59","4.63","4.53","8.36M","-1.08%"
"12/19/2022","4.65","4.66","4.66","4.57","9.22M","-1.48%"
"12/16/2022","4.72","4.60","4.72","4.56","14.92M","2.61%"
"12/15/2022","4.60","4.56","4.60","4.55","10.32M","1.10%"
"12/14/2022","4.55","4.55","4.56","4.49","8.08M","0.00%"
"12/13/2022","4.55","4.49","4.55","4.46","9.58M","0.44%"
"12/12/2022","4.53","4.53","4.53","4.43","9.06M","0.00%"
"12/09/2022","4.53","4.40","4.57","4.40","10.34M","1.12%"
"12/08/2022","4.48","4.49","4.50","4.39","8.32M","-0.22%"
"12/07/2022","4.49","4.55","4.59","4.49","8.83M","-1.32%"
"12/06/2022","4.55","4.49","4.59","4.48","10.09M","1.11%"
"12/05/2022","4.50","4.55","4.58","4.42","12.58M","-1.32%"
"11/30/2022","4.56","4.36","4.56","4.31","21.54M","4.59%"
"11/29/2022","4.36","4.33","4.36","4.30","8.37M","1.16%"
"11/28/2022","4.31","4.35","4.35","4.31","8.63M","-0.46%"
"11/25/2022","4.33","4.40","4.40","4.33","8.75M","-2.04%"
"11/24/2022","4.42","4.37","4.42","4.34","8.78M","1.38%"
"11/23/2022","4.36","4.37","4.42","4.31","12.31M","0.23%"
"11/22/2022","4.35","4.42","4.42","4.35","9.08M","-1.36%"
"11/21/2022","4.41","4.40","4.41","4.35","9.00M","-0.68%"
"11/18/2022","4.44","4.36","4.44","4.35","9.13M","1.83%"
"11/17/2022","4.36","4.41","4.41","4.33","9.57M","-1.13%"
"11/16/2022","4.41","4.45","4.48","4.40","9.02M","-0.90%"
"11/15/2022","4.45","4.53","4.55","4.45","9.37M","-2.20%"
"11/14/2022","4.55","4.51","4.55","4.48","8.35M","1.11%"
"11/11/2022","4.50","4.50","4.55","4.45","9.04M","0.67%"
"11/10/2022","4.47","4.52","4.54","4.42","8.61M","-0.67%"
"11/09/2022","4.50","4.55","4.59","4.50","11.17M","-1.10%"
"11/08/2022","4.55","4.51","4.55","4.47","10.72M","0.22%"
"11/07/2022","4.54","4.53","4.54","4.42","10.76M","0.00%"
"11/04/2022","4.54","4.35","4.54","4.31","11.74M","4.37%"
"11/03/2022","4.35","4.40","4.40","4.30","10.32M","-0.68%"
"11/02/2022","4.38","4.47","4.47","4.29","12.33M","-1.35%"
"11/01/2022","4.44","4.45","4.53","4.40","11.59M","-1.55%"
"10/31/2022","4.51","4.42","4.52","4.42","9.60M","1.35%"
"10/28/2022","4.45","4.48","4.48","4.41","7.87M","-0.67%"
"10/27/2022","4.48","4.45","4.49","4.45","10.44M","0.45%"
"10/26/2022","4.46","4.45","4.46","4.41","8.97M","0.22%"
"10/25/2022","4.45","4.36","4.45","4.35","15.17M","1.60%"
"10/24/2022","4.38","4.35","4.38","4.31","7.81M","-0.45%"
"10/21/2022","4.40","4.37","4.40","4.33","13.62M","0.46%"
"10/20/2022","4.38","4.22","4.38","4.21","13.98M","3.55%"
"10/19/2022","4.23","4.24","4.25","4.19","10.43M","-0.47%"
"10/18/2022","4.25","4.20","4.25","4.20","9.65M","1.43%"
"10/17/2022","4.19","4.25","4.26","4.18","9.33M","-1.18%"
"10/14/2022","4.24","4.29","4.29","4.24","8.97M","0.71%"
"10/13/2022","4.21","4.29","4.32","4.21","9.72M","-2.32%"
"10/12/2022","4.31","4.38","4.38","4.29","9.16M","-1.60%"
"10/11/2022","4.38","4.45","4.45","4.33","9.09M","-1.57%"
"10/10/2022","4.45","4.46","4.46","4.35","9.08M","-0.22%"
"10/07/2022","4.46","4.39","4.46","4.37","8.87M","2.29%"
"10/06/2022","4.36","4.35","4.43","4.35","13.38M","-2.90%"
"10/05/2022","4.49","4.52","4.52","4.40","12.92M","-0.44%"
"10/04/2022","4.51","4.45","4.51","4.43","12.97M","2.04%"
"10/03/2022","4.42","4.44","4.47","4.36","10.62M","-0.45%"
"09/30/2022","4.44","4.45","4.49","4.39","9.84M","-0.22%"
"09/29/2022","4.45","4.44","4.45","4.33","10.85M","1.14%"
"09/28/2022","4.40","4.25","4.45","4.25","18.80M","4.51%"
"09/27/2022","4.21","4.28","4.30","4.21","10.24M","-0.47%"
"09/26/2022","4.23","4.25","4.31","4.21","11.18M","-2.76%"
"09/23/2022","4.35","4.42","4.44","4.32","10.14M","-1.14%"
"09/22/2022","4.40","4.31","4.45","4.29","12.82M","1.85%"
"09/21/2022","4.32","4.32","4.33","4.31","11.15M","-0.23%"
"09/20/2022","4.33","4.26","4.33","4.25","10.65M","0.70%"
"09/19/2022","4.30","4.38","4.38","4.25","11.48M","-2.71%"
"09/16/2022","4.42","4.31","4.42","4.28","16.48M","2.79%"
"09/15/2022","4.30","4.20","4.32","4.20","11.33M","3.12%"
"09/14/2022","4.17","4.17","4.19","4.15","9.20M","-0.71%"
"09/13/2022","4.20","4.18","4.21","4.17","11.96M","0.24%"
"09/12/2022","4.19","4.15","4.19","4.14","9.18M","0.96%"
"09/09/2022","4.15","4.20","4.20","4.15","8.72M","-0.48%"
"09/08/2022","4.17","4.18","4.22","4.17","13.85M","0.24%"
"09/07/2022","4.16","4.22","4.22","4.16","11.63M","-1.42%"
"09/06/2022","4.22","4.36","4.37","4.22","15.09M","-2.31%"
"09/05/2022","4.32","4.38","4.40","4.32","9.47M","-1.59%"
"09/02/2022","4.39","4.37","4.42","4.36","9.18M","0.92%"
"09/01/2022","4.35","4.47","4.48","4.33","11.80M","-2.03%"
"08/31/2022","4.44","4.49","4.54","4.44","18.01M","-1.11%"
"08/30/2022","4.49","4.59","4.59","4.49","13.05M","-1.75%"
"08/29/2022","4.57","4.64","4.64","4.56","10.99M","-2.56%"
"08/26/2022","4.69","4.65","4.70","4.64","11.82M","1.30%"
"08/25/2022","4.63","4.69","4.70","4.62","8.34M","-1.28%"
"08/24/2022","4.69","4.60","4.69","4.57","8.88M","1.52%"
"08/23/2022","4.62","4.57","4.62","4.56","8.48M","1.09%"
"08/22/2022","4.57","4.60","4.62","4.57","8.25M","-0.87%"
"08/19/2022","4.61","4.57","4.64","4.57","8.65M","0.88%"
"08/18/2022","4.57","4.68","4.71","4.57","10.18M","-2.14%"
"08/17/2022","4.67","4.60","4.67","4.60","8.88M","1.52%"
"08/16/2022","4.60","4.66","4.69","4.59","18.52M","-1.29%"
"08/15/2022","4.66","4.80","4.85","4.66","15.25M","-4.51%"
"08/12/2022","4.88","4.73","4.88","4.69","15.80M","2.74%"
"08/11/2022","4.75","4.70","4.75","4.68","14.83M","1.50%"
"08/10/2022","4.68","4.61","4.74","4.61","21.23M","2.18%"
"08/09/2022","4.58","4.34","4.58","4.34","17.76M","4.09%"
"08/08/2022","4.40","4.32","4.40","4.32","12.76M","1.85%"
"08/05/2022","4.32","4.30","4.33","4.26","9.53M","0.00%"
"08/04/2022","4.32","4.33","4.34","4.29","9.80M","-0.23%"
"08/03/2022","4.33","4.26","4.33","4.24","13.55M","1.17%"
"08/02/2022","4.28","4.22","4.28","4.19","12.77M","1.18%"
"08/01/2022","4.23","4.28","4.28","4.18","14.29M","-1.17%"
"07/29/2022","4.28","4.25","4.29","4.24","15.59M","0.23%"
"07/28/2022","4.27","4.20","4.27","4.19","14.51M","1.67%"
"07/27/2022","4.20","4.19","4.21","4.19","13.74M","0.00%"
"07/26/2022","4.20","4.20","4.21","4.19","11.58M","0.00%"
"07/25/2022","4.20","4.16","4.21","4.16","15.58M","-0.24%"
"07/22/2022","4.21","4.19","4.21","4.18","13.97M","0.48%"
"07/21/2022","4.19","4.19","4.21","4.16","12.00M","0.24%"
"07/20/2022","4.18","4.22","4.23","4.18","12.65M","-1.42%"
"07/19/2022","4.24","4.21","4.24","4.19","11.32M","0.71%"
"07/18/2022","4.21","4.22","4.23","4.18","11.69M","-0.24%"
"07/15/2022","4.22","4.17","4.23","4.16","11.31M","1.20%"
"07/14/2022","4.17","4.16","4.24","4.15","11.95M","0.24%"
"07/13/2022","4.16","4.23","4.25","4.16","13.03M","-1.65%"
"07/12/2022","4.23","4.20","4.24","4.19","12.07M","-0.47%"
"07/07/2022","4.25","4.19","4.26","4.16","18.26M","1.43%"
"07/06/2022","4.19","4.14","4.19","4.09","13.82M","1.95%"
"07/05/2022","4.11","4.11","4.15","4.07","12.63M","-0.48%"
"07/04/2022","4.13","4.20","4.21","4.12","12.12M","-2.13%"
"07/01/2022","4.22","4.20","4.24","4.20","11.13M","0.00%"
"06/30/2022","4.22","4.25","4.26","4.20","15.62M","-1.17%"
"06/29/2022","4.27","4.18","4.27","4.18","21.18M","1.91%"
"06/28/2022","4.19","4.16","4.20","4.16","14.15M","0.72%"
"06/27/2022","4.16","4.16","4.19","4.12","13.97M","-0.48%"
"06/24/2022","4.18","4.10","4.19","4.07","13.55M","1.95%"
"06/23/2022","4.10","4.03","4.10","4.00","14.85M","1.99%"
"06/22/2022","4.02","4.09","4.09","4.02","15.48M","-1.71%"
"06/21/2022","4.09","4.04","4.09","4.03","14.47M","1.74%"
"06/20/2022","4.02","4.12","4.16","4.02","15.92M","-1.95%"
"06/17/2022","4.10","4.16","4.18","4.10","28.85M","-1.44%"
"06/16/2022","4.16","4.19","4.19","4.13","14.05M","-0.24%"
"06/15/2022","4.17","4.16","4.19","4.15","13.78M","-0.24%"
"06/14/2022","4.18","4.14","4.19","4.14","12.57M","0.24%"
"06/13/2022","4.17","4.17","4.19","4.12","14.85M","-0.24%"
"06/10/2022","4.18","4.17","4.19","4.14","12.37M","0.24%"
"06/09/2022","4.17","4.14","4.17","4.13","15.29M","0.48%"
"06/08/2022","4.15","4.15","4.16","4.12","13.36M","-0.24%"
"06/07/2022","4.16","4.15","4.16","4.11","14.87M","0.48%"
"06/06/2022","4.14","4.11","4.16","4.09","19.10M","0.49%"
"06/03/2022","4.12","4.15","4.15","4.08","14.10M","-0.48%"
"06/02/2022","4.14","4.13","4.16","4.11","19.07M","0.24%"
"06/01/2022","4.13","4.15","4.16","4.10","17.77M","-1.43%"
"05/31/2022","4.19","4.18","4.19","4.11","83.93M","0.48%"
"05/30/2022","4.17","4.13","4.19","4.12","19.43M","1.46%"
"05/27/2022","4.11","4.08","4.15","4.08","17.20M","0.74%"
"05/26/2022","4.08","4.07","4.12","4.07","17.26M","0.49%"
"05/25/2022","4.06","4.02","4.08","3.98","17.50M","1.50%"
"05/24/2022","4.00","4.08","4.10","3.92","18.96M","-2.68%"
"05/23/2022","4.11","4.10","4.11","4.04","18.07M","0.00%"
"05/20/2022","4.11","4.08","4.13","4.07","18.11M","0.49%"
"05/19/2022","4.09","4.09","4.10","4.03","18.61M","-0.97%"
"05/18/2022","4.13","4.09","4.13","4.07","19.08M","0.98%"
"05/17/2022","4.09","4.03","4.12","4.03","16.93M","1.49%"
"05/13/2022","4.03","3.95","4.08","3.95","14.02M","2.03%"
"05/12/2022","3.95","4.08","4.08","3.80","19.79M","-3.19%"
"05/11/2022","4.08","4.13","4.13","4.07","16.34M","-1.21%"
"05/10/2022","4.13","4.10","4.13","4.09","16.24M","0.73%"
"05/09/2022","4.10","4.12","4.13","4.07","12.99M","-0.73%"
"05/06/2022","4.13","4.07","4.13","4.06","12.49M","1.47%"
"05/05/2022","4.07","4.13","4.13","4.07","12.02M","-1.45%"
"04/29/2022","4.13","4.09","4.13","4.07","15.42M","1.23%"
"04/28/2022","4.08","4.08","4.09","4.07","14.06M","0.74%"
"04/25/2022","4.05","4.06","4.08","4.03","11.27M","-0.25%"
"04/22/2022","4.06","4.08","4.08","4.06","10.74M","-0.25%"
"04/21/2022","4.07","4.08","4.09","4.07","14.04M","0.00%"
"04/20/2022","4.07","4.10","4.10","4.07","12.80M","-0.25%"
"04/19/2022","4.08","4.09","4.11","4.08","12.18M","-0.49%"
"04/18/2022","4.10","4.09","4.10","4.07","13.37M","0.24%"
"04/15/2022","4.09","4.12","4.12","4.08","9.67M","-0.73%"
"04/14/2022","4.12","4.12","4.12","4.09","11.05M","0.24%"
"04/13/2022","4.11","4.08","4.11","4.07","12.19M","0.74%"
"04/12/2022","4.08","4.09","4.11","4.07","11.64M","-0.24%"
"04/11/2022","4.09","4.10","4.13","4.09","14.91M","-0.24%"
"04/08/2022","4.10","4.14","4.14","4.09","11.51M","-1.20%"
"04/07/2022","4.15","4.14","4.15","4.11","11.37M","0.00%"
"04/06/2022","4.15","4.12","4.15","4.12","8.74M","0.73%"
"04/05/2022","4.12","4.12","4.13","4.10","7.76M","0.00%"
"04/04/2022","4.12","4.11","4.13","4.10","10.29M","0.00%"
"04/01/2022","4.12","4.13","4.15","4.09","9.88M","-1.90%"
"03/31/2022","4.20","4.23","4.23","4.17","12.57M","-0.94%"
"03/30/2022","4.24","4.20","4.24","4.19","11.95M","0.71%"
"03/29/2022","4.21","4.22","4.23","4.20","12.77M","-0.24%"
"03/28/2022","4.22","4.14","4.22","4.12","20.22M","1.93%"
"03/25/2022","4.14","4.13","4.14","4.12","8.86M","0.00%"
"03/24/2022","4.14","4.14","4.15","4.11","10.67M","0.00%"
"03/23/2022","4.14","4.12","4.15","4.12","10.30M","0.00%"
"03/22/2022","4.14","4.09","4.14","4.09","9.41M","1.22%"
"03/21/2022","4.09","4.11","4.12","4.09","9.29M","-0.73%"
"03/18/2022","4.12","4.10","4.12","4.08","16.14M","0.24%"
"03/17/2022","4.11","4.13","4.13","4.09","11.53M","-0.24%"
"03/16/2022","4.12","4.08","4.12","4.08","11.02M","1.23%"
"03/15/2022","4.07","4.10","4.10","4.05","10.83M","-0.49%"
"03/14/2022","4.09","4.12","4.12","4.09","12.78M","-0.49%"
"03/11/2022","4.11","4.11","4.13","4.09","10.47M","-0.24%"
"03/10/2022","4.12","4.12","4.13","4.10","6.90M","0.00%"
"03/09/2022","4.12","4.15","4.18","4.12","8.50M","-0.48%"
"03/08/2022","4.14","4.16","4.16","4.14","12.24M","-0.24%"
"03/07/2022","4.15","4.22","4.22","4.14","13.80M","-1.43%"
"03/04/2022","4.21","4.23","4.30","4.20","13.20M","-0.71%"
"03/03/2022","4.24","4.18","4.24","4.18","20.27M","1.44%"
"03/02/2022","4.18","4.11","4.19","4.10","15.91M","1.21%"
"03/01/2022","4.13","4.08","4.15","4.08","12.44M","0.24%"
"02/28/2022","4.12","4.08","4.12","4.05","11.46M","0.98%"
"02/25/2022","4.08","4.09","4.11","4.08","8.41M","0.25%"
"02/24/2022","4.07","4.10","4.10","4.05","11.08M","-1.93%"
"02/23/2022","4.15","4.10","4.16","4.10","11.61M","0.73%"
"02/22/2022","4.12","4.08","4.12","4.05","10.59M","0.98%"
"02/21/2022","4.08","4.09","4.10","4.06","10.81M","-0.73%"
"02/18/2022","4.11","4.09","4.12","4.09","11.26M","-0.24%"
"02/17/2022","4.12","4.11","4.12","4.09","7.78M","0.00%"
"02/16/2022","4.12","4.11","4.12","4.08","12.83M","0.49%"
"02/15/2022","4.10","4.08","4.11","4.05","11.29M","0.24%"
"02/14/2022","4.09","4.07","4.10","4.03","12.35M","-0.73%"
"02/11/2022","4.12","4.06","4.12","4.06","9.96M","1.48%"
"02/10/2022","4.06","4.08","4.08","4.05","14.27M","-0.25%"
"02/09/2022","4.07","4.07","4.08","4.06","12.68M","0.25%"
"02/08/2022","4.06","4.06","4.08","4.05","10.75M","-0.25%"
"02/07/2022","4.07","4.12","4.12","4.06","15.73M","-1.21%"
"02/04/2022","4.12","4.11","4.12","4.08","9.01M","0.00%"
"02/03/2022","4.12","4.13","4.13","4.10","8.09M","-0.24%"
"02/02/2022","4.13","4.10","4.14","4.10","8.43M","0.73%"
"02/01/2022","4.10","4.17","4.17","4.10","10.05M","-0.73%"
"01/31/2022","4.13","4.11","4.15","4.11","9.23M","0.49%"
"01/28/2022","4.11","4.09","4.13","4.09","8.21M","0.49%"
"01/27/2022","4.09","4.11","4.12","4.08","9.59M","-0.49%"
"01/26/2022","4.11","4.12","4.14","4.11","9.17M","0.00%"
"01/25/2022","4.11","4.13","4.14","4.10","10.74M","-0.72%"
"01/24/2022","4.14","4.16","4.16","4.12","13.66M","-0.72%"
"01/21/2022","4.17","4.17","4.18","4.16","8.83M","-0.24%"
"01/20/2022","4.18","4.18","4.19","4.17","9.16M","0.00%"
"01/19/2022","4.18","4.19","4.19","4.17","8.32M","-0.24%"
"01/18/2022","4.19","4.19","4.20","4.18","8.22M","0.00%"
"01/17/2022","4.19","4.22","4.22","4.17","13.96M","-0.71%"
"01/14/2022","4.22","4.23","4.24","4.21","11.47M","-0.47%"
"01/13/2022","4.24","4.20","4.24","4.19","11.76M","0.47%"
"01/12/2022","4.22","4.18","4.22","4.15","13.81M","0.96%"
"01/11/2022","4.18","4.20","4.20","4.15","9.60M","-0.24%"
"01/10/2022","4.19","4.19","4.19","4.16","10.19M","0.00%"
"01/07/2022","4.19","4.17","4.19","4.15","9.52M","0.48%"
"01/06/2022","4.17","4.20","4.20","4.15","10.53M","-0.48%"
"01/05/2022","4.19","4.22","4.22","4.19","11.69M","-0.71%"
"01/04/2022","4.22","4.23","4.24","4.21","9.01M","-0.24%"
"01/03/2022","4.23","4.26","4.26","4.21","8.86M","-0.94%"
"12/30/2021","4.27","4.21","4.27","4.21","10.05M","0.47%"
"12/29/2021","4.25","4.24","4.25","4.22","11.12M","0.47%"
"12/28/2021","4.23","4.22","4.23","4.20","10.81M","0.00%"
"12/27/2021","4.23","4.21","4.23","4.20","12.85M","0.71%"
"12/26/2021","4.20","4.24","4.24","4.20","7.62M","-0.94%"
"12/23/2021","4.24","4.24","4.24","4.20","13.60M","0.00%"
"12/22/2021","4.24","4.22","4.24","4.20","13.30M","0.71%"
"12/21/2021","4.21","4.23","4.23","4.19","10.00M","-0.71%"
"12/20/2021","4.24","4.19","4.24","4.16","10.04M","0.71%"
"12/19/2021","4.21","4.26","4.26","4.17","10.41M","-1.17%"
"12/16/2021","4.26","4.23","4.26","4.21","12.79M","0.47%"
"12/15/2021","4.24","4.26","4.26","4.22","8.21M","-0.47%"
"12/14/2021","4.26","4.22","4.26","4.21","11.15M","1.43%"
"12/13/2021","4.20","4.24","4.26","4.20","13.23M","-0.94%"
"12/12/2021","4.24","4.25","4.25","4.23","11.51M","-0.24%"
"12/09/2021","4.25","4.20","4.26","4.19","15.67M","0.95%"
"12/08/2021","4.21","4.20","4.21","4.18","11.21M","0.48%"
"12/07/2021","4.19","4.23","4.25","4.19","15.58M","-0.95%"
"12/06/2021","4.23","4.20","4.25","4.18","20.41M","0.48%"
"12/05/2021","4.21","4.20","4.21","4.14","14.32M","1.69%"
"11/30/2021","4.14","4.19","4.21","4.14","36.88M","-1.90%"
"11/29/2021","4.22","4.13","4.22","4.13","10.60M","2.93%"
"11/28/2021","4.10","3.85","4.10","3.85","10.50M","-2.15%"
"11/25/2021","4.19","4.19","4.22","4.17","13.52M","0.00%"
"11/24/2021","4.19","4.19","4.22","4.18","10.96M","0.48%"
"11/23/2021","4.17","4.23","4.23","4.16","13.22M","-1.42%"
"11/22/2021","4.23","4.20","4.23","4.19","10.49M","0.71%"
"11/21/2021","4.20","4.22","4.22","4.19","9.74M","-0.71%"
"11/18/2021","4.23","4.19","4.23","4.19","13.71M","0.24%"
"11/17/2021","4.22","4.22","4.22","4.18","10.86M","0.48%"
"11/16/2021","4.20","4.23","4.23","4.18","11.55M","-0.71%"
"11/15/2021","4.23","4.29","4.29","4.18","15.10M","-0.70%"
"11/14/2021","4.26","4.28","4.28","4.25","8.66M","-0.47%"
"11/11/2021","4.28","4.29","4.29","4.26","11.24M","-0.23%"
"11/10/2021","4.29","4.30","4.30","4.25","11.18M","-0.23%"
"11/09/2021","4.30","4.25","4.30","4.22","11.08M","0.94%"
"11/08/2021","4.26","4.27","4.28","4.24","11.70M","-0.47%"
"11/07/2021","4.28","4.28","4.30","4.27","8.19M","0.00%"
"11/04/2021","4.28","4.30","4.33","4.27","15.34M","-0.47%"
"11/03/2021","4.30","4.29","4.30","4.28","14.94M","0.00%"
"11/02/2021","4.30","4.30","4.31","4.28","13.99M","-0.46%"
"11/01/2021","4.32","4.29","4.32","4.27","12.63M","0.70%"
"10/31/2021","4.29","4.26","4.31","4.26","10.16M","0.23%"
"10/28/2021","4.28","4.26","4.29","4.26","8.12M","0.47%"
"10/27/2021","4.26","4.27","4.27","4.25","8.32M","-0.23%"
"10/26/2021","4.27","4.23","4.30","4.23","11.14M","1.43%"
"10/25/2021","4.21","4.23","4.24","4.21","8.43M","-0.94%"
"10/24/2021","4.25","4.20","4.25","4.20","12.25M","1.43%"
"10/20/2021","4.19","4.20","4.22","4.19","7.02M","0.00%"
"10/19/2021","4.19","4.21","4.21","4.17","3.78M","-0.48%"
"10/18/2021","4.21","4.21","4.22","4.19","5.28M","0.00%"
"10/17/2021","4.21","4.22","4.22","4.17","12.10M","0.00%"
"10/14/2021","4.21","4.25","4.25","4.21","10.00M","-1.17%"
"10/13/2021","4.26","4.29","4.29","4.25","8.03M","-0.70%"
"10/12/2021","4.29","4.31","4.34","4.28","13.81M","-0.23%"
"10/11/2021","4.30","4.27","4.33","4.23","16.07M","0.70%"
"10/10/2021","4.27","4.21","4.27","4.20","16.25M","1.67%"
"10/07/2021","4.20","4.22","4.24","4.15","12.42M","-1.64%"
"10/06/2021","4.27","4.34","4.34","4.27","17.65M","-1.84%"
"10/05/2021","4.35","4.25","4.35","4.23","19.75M","2.11%"
"10/04/2021","4.26","4.23","4.27","4.19","26.58M","1.19%"
"10/03/2021","4.21","4.20","4.24","4.16","21.49M","1.20%"
"09/30/2021","4.16","4.19","4.19","4.16","13.35M","-0.95%"
"09/29/2021","4.20","4.16","4.20","4.14","14.26M","0.24%"
"09/28/2021","4.19","4.20","4.20","4.16","10.19M","-0.24%"
"09/27/2021","4.20","4.17","4.23","4.17","20.26M","0.72%"
"09/26/2021","4.17","4.25","4.26","4.17","15.48M","-1.88%"
"09/23/2021","4.25","4.30","4.31","4.23","20.36M","-1.16%"
"09/22/2021","4.30","4.30","4.32","4.27","9.28M","0.23%"
"09/21/2021","4.29","4.33","4.33","4.28","12.27M","-0.69%"
"09/20/2021","4.32","4.37","4.37","4.30","12.96M","-1.37%"
"09/19/2021","4.38","4.42","4.45","4.38","10.02M","-0.90%"
"09/16/2021","4.42","4.41","4.43","4.38","106.66M","0.23%"
"09/15/2021","4.41","4.36","4.43","4.36","21.16M","0.68%"
"09/14/2021","4.38","4.38","4.40","4.35","23.03M","0.23%"
"09/13/2021","4.37","4.45","4.45","4.35","20.88M","-1.80%"
"09/12/2021","4.45","4.46","4.47","4.44","11.14M","0.00%"
"09/09/2021","4.45","4.46","4.48","4.43","18.93M","-0.22%"
"09/08/2021","4.46","4.48","4.49","4.46","15.14M","-0.67%"
"09/07/2021","4.49","4.48","4.51","4.47","17.00M","0.00%"
"09/06/2021","4.49","4.49","4.51","4.48","21.53M","0.22%"
"09/05/2021","4.48","4.48","4.49","4.47","16.33M","0.00%"
"09/02/2021","4.48","4.50","4.50","4.47","28.12M","-0.44%"
"09/01/2021","4.50","4.50","4.51","4.48","13.58M","-0.44%"
"08/31/2021","4.52","4.50","4.52","4.47","26.94M","0.44%"
"08/30/2021","4.50","4.48","4.53","4.48","17.19M","0.00%"
"08/29/2021","4.50","4.50","4.53","4.48","14.00M","0.22%"
"08/26/2021","4.49","4.54","4.54","4.47","16.76M","-1.10%"
"08/25/2021","4.54","4.58","4.58","4.49","14.29M","-0.66%"
"08/24/2021","4.57","4.58","4.61","4.55","13.85M","0.00%"
"08/23/2021","4.57","4.57","4.63","4.57","18.19M","0.22%"
"08/22/2021","4.56","4.47","4.58","4.47","11.12M","1.79%"
"08/19/2021","4.48","4.52","4.55","4.45","10.97M","-1.54%"
"08/18/2021","4.55","4.50","4.57","4.50","11.09M","1.34%"
"08/17/2021","4.49","4.38","4.49","4.36","17.88M","2.51%"
"08/16/2021","4.38","4.35","4.38","4.35","8.54M","0.23%"
"08/15/2021","4.37","4.37","4.37","4.35","2.36M","-0.23%"
"08/11/2021","4.38","4.39","4.40","4.37","8.41M","-0.23%"
"08/10/2021","4.39","4.38","4.43","4.37","13.29M","0.23%"
"08/09/2021","4.38","4.36","4.38","4.34","5.40M","0.69%"
"08/08/2021","4.35","4.38","4.38","4.35","4.82M","-0.68%"
"08/05/2021","4.38","4.38","4.38","4.35","5.04M","0.00%"
"08/04/2021","4.38","4.38","4.39","4.35","5.92M","0.00%"
"08/03/2021","4.38","4.36","4.38","4.35","7.02M","0.69%"
"08/02/2021","4.35","4.36","4.37","4.34","6.80M","-0.23%"
"08/01/2021","4.36","4.37","4.38","4.35","5.28M","0.00%"
"07/29/2021","4.36","4.37","4.37","4.32","7.25M","0.69%"
"07/28/2021","4.33","4.33","4.36","4.32","5.20M","-0.46%"
"07/27/2021","4.35","4.35","4.39","4.33","8.40M","-0.46%"
"07/26/2021","4.37","4.33","4.37","4.32","6.63M","0.92%"
"07/25/2021","4.33","4.36","4.36","4.30","4.10M","0.46%"
"07/18/2021","4.31","4.35","4.35","4.31","4.62M","-0.23%"
"07/15/2021","4.32","4.38","4.38","4.31","9.05M","-0.23%"
"07/14/2021","4.33","4.40","4.40","4.33","7.70M","-1.59%"
"07/13/2021","4.40","4.36","4.40","4.35","7.51M","0.46%"
"07/12/2021","4.38","4.33","4.38","4.33","6.68M","0.92%"
"07/11/2021","4.34","4.37","4.37","4.34","3.83M","-0.91%"
"07/08/2021","4.38","4.39","4.39","4.35","9.70M","-0.23%"
"07/07/2021","4.39","4.38","4.39","4.34","5.80M","0.23%"
"07/06/2021","4.38","4.39","4.39","4.36","5.32M","-0.23%"
"07/05/2021","4.39","4.37","4.40","4.22","16.20M","0.00%"
"07/04/2021","4.39","4.34","4.41","4.34","17.63M","1.15%"
"07/01/2021","4.34","4.33","4.37","4.31","9.90M","0.23%"
"06/30/2021","4.33","4.27","4.33","4.27","12.79M","0.70%"
"06/29/2021","4.30","4.25","4.30","4.22","6.51M","0.70%"
"06/28/2021","4.27","4.28","4.30","4.25","6.70M","-0.47%"
"06/27/2021","4.29","4.25","4.30","4.25","8.85M","1.42%"
"06/24/2021","4.23","4.28","4.28","4.22","6.44M","-1.40%"
"06/23/2021","4.29","4.33","4.33","4.28","9.53M","-0.92%"
"06/22/2021","4.33","4.33","4.33","4.31","7.21M","0.23%"
"06/21/2021","4.32","4.36","4.37","4.32","6.16M","-0.92%"
"06/20/2021","4.36","4.39","4.39","4.36","5.93M","-0.68%"
"06/17/2021","4.39","4.33","4.39","4.32","16.12M","0.92%"
"06/16/2021","4.35","4.39","4.39","4.32","19.59M","-0.91%"
"06/15/2021","4.39","4.40","4.41","4.38","12.43M","-0.23%"
"06/14/2021","4.40","4.42","4.44","4.38","12.78M","0.23%"
"06/13/2021","4.39","4.41","4.41","4.37","5.48M","-0.23%"
"06/10/2021","4.40","4.44","4.44","4.38","6.90M","-0.45%"
"06/09/2021","4.42","4.37","4.44","4.37","19.22M","1.38%"
"06/08/2021","4.36","4.37","4.37","4.35","12.44M","0.00%"
"06/07/2021","4.36","4.36","4.37","4.34","9.14M","0.23%"
"06/06/2021","4.35","4.33","4.38","4.30","12.40M","0.69%"
"06/03/2021","4.32","4.35","4.35","4.29","12.10M","-0.23%"
"06/02/2021","4.33","4.41","4.41","4.24","23.23M","-1.37%"
"06/01/2021","4.39","4.10","4.40","4.08","55.30M","10.03%"
"05/31/2021","3.99","4.17","4.17","3.90","64.48M","-2.44%"
"05/30/2021","4.09","4.46","4.50","4.08","54.75M","-8.09%"
"05/27/2021","4.45","4.65","4.70","4.40","631.80M","-8.25%"
"05/26/2021","4.85","4.90","4.90","4.82","16.25M","-1.02%"
"05/25/2021","4.90","4.93","4.94","4.89","28.18M","-0.61%"
"05/24/2021","4.93","4.92","4.95","4.90","29.67M","0.00%"
"05/23/2021","4.93","4.86","4.94","4.85","29.85M","1.86%"
"05/20/2021","4.84","4.81","4.87","4.80","38.89M","0.62%"
"05/19/2021","4.81","4.81","4.82","4.78","40.04M","-0.21%"
"05/18/2021","4.82","4.80","4.84","4.79","39.68M","-0.21%"
"05/17/2021","4.83","4.91","4.93","4.80","52.77M","-1.43%"
"05/16/2021","4.90","5.00","5.01","4.89","57.46M","0.41%"
"05/10/2021","4.88","4.76","5.01","4.74","36.61M","2.74%"
"05/09/2021","4.75","4.75","4.82","4.72","25.47M","0.21%"
"05/06/2021","4.74","4.64","4.74","4.63","30.27M","2.38%"
"05/05/2021","4.63","4.65","4.65","4.57","22.71M","0.65%"
"05/04/2021","4.60","4.55","4.62","4.55","41.36M","1.10%"
"05/03/2021","4.55","4.55","4.58","4.54","22.80M","-0.44%"
"05/02/2021","4.57","4.54","4.57","4.54","18.44M","0.88%"
"04/29/2021","4.53","4.53","4.57","4.51","22.19M","0.22%"
"04/28/2021","4.52","4.54","4.55","4.52","14.62M","-0.66%"
"04/27/2021","4.55","4.57","4.60","4.54","18.62M","-0.22%"
"04/26/2021","4.56","4.57","4.57","4.55","17.78M","-0.44%"
"04/25/2021","4.58","4.57","4.60","4.57","18.07M","0.44%"
"04/22/2021","4.56","4.47","4.56","4.47","21.20M","1.33%"
"04/21/2021","4.50","4.44","4.50","4.44","20.38M","1.12%"
"04/20/2021","4.45","4.43","4.45","4.43","19.04M","0.00%"
"04/19/2021","4.45","4.46","4.46","4.41","16.45M","0.00%"
"04/18/2021","4.45","4.46","4.49","4.42","28.13M","-0.22%"
"04/15/2021","4.46","4.44","4.46","4.41","27.24M","0.45%"
"04/14/2021","4.44","4.41","4.44","4.40","27.79M","0.45%"
"04/13/2021","4.42","4.39","4.44","4.39","29.94M","0.45%"
"04/12/2021","4.40","4.39","4.43","4.39","15.07M","0.23%"
"04/11/2021","4.39","4.45","4.45","4.39","15.26M","-0.23%"
"04/08/2021","4.40","4.42","4.57","4.37","17.66M","-1.12%"
"04/07/2021","4.45","4.45","4.45","4.41","15.20M","0.00%"
"04/06/2021","4.45","4.47","4.48","4.44","14.75M","-0.22%"
"04/05/2021","4.46","4.48","4.49","4.46","15.31M","-0.45%"
"04/04/2021","4.48","4.48","4.53","4.48","16.93M","-0.22%"
"04/01/2021","4.49","4.42","4.51","4.42","17.16M","0.00%"
"03/31/2021","4.49","4.60","4.60","4.40","22.18M","-0.88%"
"03/30/2021","4.53","4.60","4.60","4.49","19.11M","-0.22%"
"03/29/2021","4.54","4.38","4.55","4.31","20.69M","3.65%"
"03/28/2021","4.38","4.30","4.38","4.30","14.99M","1.86%"
"03/25/2021","4.30","4.30","4.35","4.24","41.17M","-1.15%"
"03/24/2021","4.35","4.39","4.40","4.35","20.57M","-0.91%"
"03/23/2021","4.39","4.37","4.40","4.34","17.12M","0.92%"
"03/22/2021","4.35","4.35","4.37","4.34","20.57M","0.00%"
"03/21/2021","4.35","4.35","4.36","4.34","14.55M","0.46%"
"03/18/2021","4.33","4.32","4.36","4.32","15.81M","0.46%"
"03/17/2021","4.31","4.38","4.38","4.31","17.68M","-0.23%"
"03/16/2021","4.32","4.29","4.32","4.28","15.64M","0.47%"
"03/15/2021","4.30","4.30","4.31","4.28","18.44M","0.00%"
"03/14/2021","4.30","4.23","4.30","4.23","13.56M","1.90%"
"03/11/2021","4.22","4.18","4.25","4.17","10.39M","0.96%"
"03/10/2021","4.18","4.18","4.18","4.11","9.54M","-0.48%"
"03/09/2021","4.20","4.23","4.25","4.16","9.90M","-0.94%"
"03/08/2021","4.24","4.23","4.24","4.20","11.41M","0.24%"
"03/07/2021","4.23","4.30","4.31","4.23","11.10M","-1.40%"
"03/04/2021","4.29","4.35","4.35","4.27","15.61M","-1.83%"
"03/03/2021","4.37","4.37","4.40","4.33","13.90M","-0.23%"
"03/02/2021","4.38","4.29","4.43","4.29","17.66M","2.10%"
"03/01/2021","4.29","4.15","4.34","4.15","19.88M","4.38%"
"02/28/2021","4.11","4.05","4.11","4.05","11.44M","0.24%"
"02/25/2021","4.10","4.02","4.10","4.02","62.10M","1.74%"
"02/24/2021","4.03","4.01","4.06","4.01","20.30M","0.50%"
"02/23/2021","4.01","3.97","4.02","3.96","16.31M","1.01%"
"02/22/2021","3.97","3.96","3.99","3.96","13.96M","0.25%"
"02/21/2021","3.96","3.99","4.00","3.95","12.54M","-0.75%"
"02/18/2021","3.99","3.95","3.99","3.94","17.14M","1.01%"
"02/17/2021","3.95","3.95","3.96","3.93","34.28M","0.00%"
"02/16/2021","3.95","3.93","3.99","3.93","17.53M","0.51%"
"02/15/2021","3.93","3.89","3.93","3.89","15.19M","1.29%"
"02/14/2021","3.88","3.91","3.91","3.88","13.32M","-0.77%"
"02/11/2021","3.91","3.90","3.92","3.90","14.54M","0.00%"
"02/10/2021","3.91","3.90","3.91","3.88","23.08M","0.26%"
"02/09/2021","3.90","3.89","3.91","3.88","18.32M","0.00%"
"02/08/2021","3.90","3.90","3.93","3.87","22.89M","0.00%"
"02/07/2021","3.90","3.85","3.90","3.85","17.48M","1.04%"
"02/04/2021","3.86","3.88","3.88","3.85","5.53M","-0.52%"
"02/03/2021","3.88","3.90","3.90","3.87","3.63M","-0.51%"
"02/02/2021","3.90","3.88","3.91","3.88","6.95M","0.52%"
"02/01/2021","3.88","3.88","3.91","3.88","5.40M","0.26%"
"01/31/2021","3.87","3.86","3.88","3.86","6.32M","0.00%"
"01/28/2021","3.87","3.89","3.90","3.86","4.05M","-0.77%"
"01/27/2021","3.90","3.89","3.91","3.89","4.51M","-0.26%"
"01/26/2021","3.91","3.92","3.92","3.88","6.57M","-0.26%"
"01/25/2021","3.92","3.91","3.94","3.91","4.68M","0.51%"
"01/24/2021","3.90","3.91","3.91","3.89","5.33M","-0.51%"
"01/21/2021","3.92","3.94","3.96","3.90","6.77M","-0.25%"
"01/20/2021","3.93","3.92","3.94","3.89","10.94M","0.51%"
"01/19/2021","3.91","3.94","3.94","3.88","8.85M","0.77%"
"01/18/2021","3.88","3.87","3.90","3.86","12.27M","0.26%"
"01/17/2021","3.87","3.90","3.90","3.84","5.35M","0.00%"
"01/14/2021","3.87","3.89","3.89","3.87","7.05M","-0.77%"
"01/13/2021","3.90","3.89","3.90","3.89","7.31M","0.26%"
"01/12/2021","3.89","3.90","3.91","3.89","7.24M","0.00%"
"01/11/2021","3.89","3.89","3.92","3.89","6.92M","0.00%"
"01/10/2021","3.89","3.90","3.93","3.89","10.90M","0.52%"
"01/07/2021","3.87","3.90","3.90","3.87","6.56M","-1.02%"
"01/06/2021","3.91","3.95","3.95","3.89","4.57M","-1.01%"
"01/05/2021","3.95","3.92","3.95","3.91","8.69M","0.51%"
"01/04/2021","3.93","3.81","3.93","3.81","13.27M","3.42%"
"01/03/2021","3.80","3.77","3.81","3.77","4.38M","1.33%"
"12/31/2020","3.75","3.80","3.81","3.75","8.83M","-1.57%"
"12/30/2020","3.81","3.78","3.83","3.78","5.58M","0.53%"
"12/29/2020","3.79","3.83","3.83","3.79","6.91M","0.00%"
"12/28/2020","3.79","3.84","3.86","3.78","8.23M","0.00%"
"12/27/2020","3.79","3.83","3.85","3.79","10.64M","-0.79%"
"12/24/2020","3.82","3.90","3.90","3.82","12.19M","-2.05%"
"12/23/2020","3.90","3.82","3.95","3.82","10.13M","2.63%"
"12/22/2020","3.80","3.78","3.82","3.78","10.09M","-0.26%"
"12/21/2020","3.81","3.86","3.86","3.70","8.84M","-1.30%"
"12/20/2020","3.86","3.79","3.91","3.79","6.47M","2.39%"
"12/17/2020","3.77","3.73","3.80","3.72","14.18M","0.53%"
"12/16/2020","3.75","3.72","3.76","3.72","11.04M","1.08%"
"12/15/2020","3.71","3.67","3.71","3.64","7.73M","1.64%"
"12/14/2020","3.65","3.57","3.71","3.57","9.48M","2.53%"
"12/13/2020","3.56","3.56","3.58","3.54","3.57M","-0.28%"
"12/10/2020","3.57","3.55","3.58","3.52","3.75M","0.85%"
"12/09/2020","3.54","3.51","3.55","3.51","5.92M","0.85%"
"12/08/2020","3.51","3.51","3.53","3.48","6.57M","0.00%"
"12/07/2020","3.51","3.55","3.57","3.51","5.57M","-1.40%"
"12/06/2020","3.56","3.50","3.56","3.50","4.50M","2.89%"
"11/30/2020","3.46","3.51","3.52","3.46","6.83M","-1.70%"
"11/29/2020","3.52","3.53","3.56","3.51","4.29M","0.28%"
"11/26/2020","3.51","3.55","3.55","3.51","2.62M","-0.85%"
"11/25/2020","3.54","3.53","3.55","3.53","2.61M","0.00%"
"11/24/2020","3.54","3.54","3.55","3.51","6.36M","0.00%"
"11/23/2020","3.54","3.52","3.55","3.51","8.94M","1.72%"
"11/22/2020","3.48","3.46","3.48","3.44","2.72M","0.87%"
"11/19/2020","3.45","3.41","3.45","3.41","3.48M","1.47%"
"11/18/2020","3.40","3.45","3.48","3.40","5.17M","-1.45%"
"11/17/2020","3.45","3.42","3.46","3.42","5.28M","0.88%"
"11/16/2020","3.42","3.42","3.43","3.40","3.00M","-0.29%"
"11/15/2020","3.43","3.36","3.44","3.36","4.73M","1.78%"
"11/12/2020","3.37","3.33","3.40","3.33","7.78M","0.90%"
"11/11/2020","3.34","3.35","3.35","3.33","6.29M","-0.30%"
"11/10/2020","3.35","3.32","3.38","3.32","8.09M","1.21%"
"11/09/2020","3.31","3.30","3.33","3.29","6.38M","0.30%"
"11/08/2020","3.30","3.31","3.31","3.29","4.73M","0.30%"
"11/05/2020","3.29","3.32","3.32","3.28","7.81M","-0.90%"
"11/04/2020","3.32","3.34","3.34","3.31","6.44M","-0.30%"
"11/03/2020","3.33","3.35","3.35","3.32","4.77M","-0.60%"
"11/02/2020","3.35","3.35","3.35","3.33","6.93M","0.00%"
"11/01/2020","3.35","3.35","3.35","3.34","8.96M","0.00%"
"10/28/2020","3.35","3.37","3.37","3.34","7.54M","0.00%"
"10/27/2020","3.35","3.36","3.38","3.34","10.43M","-0.89%"
"10/26/2020","3.38","3.34","3.41","3.34","8.21M","0.60%"
"10/25/2020","3.36","3.35","3.37","3.33","18.34M","0.30%"
"10/22/2020","3.35","3.35","3.35","3.33","12.41M","0.00%"
"10/21/2020","3.35","3.35","3.36","3.33","15.13M","0.00%"
"10/20/2020","3.35","3.36","3.36","3.33","11.45M","-0.30%"
"10/19/2020","3.36","3.35","3.37","3.35","13.54M","0.30%"
"10/18/2020","3.35","3.35","3.37","3.35","11.59M","0.00%"
"10/15/2020","3.35","3.37","3.39","3.35","5.25M","-0.59%"
"10/14/2020","3.37","3.40","3.40","3.37","20.00M","-0.30%"
"10/13/2020","3.38","3.37","3.39","3.35","8.26M","-0.29%"
"10/12/2020","3.39","3.39","3.39","3.37","11.63M","-0.29%"
"10/11/2020","3.40","3.40","3.42","3.39","12.17M","0.29%"
"10/08/2020","3.39","3.40","3.40","3.38","9.13M","-2.87%"
"10/07/2020","3.49","3.49","3.50","3.48","10.93M","-0.29%"
"10/06/2020","3.50","3.50","3.50","3.49","2.97M","0.29%"
"10/05/2020","3.49","3.52","3.53","3.49","4.49M","-0.57%"
"10/04/2020","3.51","3.49","3.52","3.49","4.65M","-0.28%"
"10/01/2020","3.52","3.53","3.55","3.50","9.02M","0.00%"
"09/30/2020","3.52","3.47","3.53","3.46","10.81M","2.03%"
"09/29/2020","3.45","3.47","3.47","3.45","7.71M","-0.58%"
"09/28/2020","3.47","3.50","3.51","3.46","4.98M","-0.57%"
"09/27/2020","3.49","3.39","3.50","3.39","6.67M","2.05%"
"09/24/2020","3.42","3.41","3.43","3.38","9.16M","-1.44%"
"09/23/2020","3.47","3.43","3.48","3.39","8.51M","2.66%"
"09/22/2020","3.38","3.40","3.41","3.38","4.42M","-0.88%"
"09/21/2020","3.41","3.47","3.47","3.41","2.35M","-1.16%"
"09/20/2020","3.45","3.50","3.57","3.42","9.91M","-0.58%"
"09/17/2020","3.47","3.36","3.51","3.36","52.00M","3.27%"
"09/16/2020","3.36","3.42","3.43","3.33","4.85M","-1.18%"
"09/15/2020","3.40","3.45","3.46","3.35","17.07M","-0.87%"
"09/14/2020","3.43","3.24","3.50","3.22","1.26B","5.54%"
"09/13/2020","3.25","3.25","3.25","3.23","949.20K","0.00%"
"09/10/2020","3.25","3.22","3.25","3.18","5.32M","2.52%"
"09/09/2020","3.17","3.19","3.22","3.17","5.76M","-0.31%"
"09/08/2020","3.18","3.24","3.24","3.18","4.75M","-0.62%"
"09/07/2020","3.20","3.20","3.27","3.17","8.34M","0.00%"
"09/06/2020","3.20","3.15","3.20","3.10","3.75M","6.31%"
"09/03/2020","3.01","3.24","3.24","3.01","5.98M","-1.31%"
"09/02/2020","3.05","3.20","3.27","3.05","4.39M","-4.39%"
"09/01/2020","3.19","3.20","3.20","3.19","222.20K","-0.31%"
"08/31/2020","3.20","3.18","3.21","3.18","547.60K","1.27%"
"08/30/2020","3.16","3.22","3.22","3.16","235.20K","-1.25%"
"08/27/2020","3.20","3.23","3.23","3.18","75.00K","-0.62%"
"08/26/2020","3.22","3.20","3.22","3.15","1.05M","0.62%"
"08/25/2020","3.20","3.22","3.22","3.16","734.70K","-1.23%"
"08/24/2020","3.24","3.19","3.24","3.15","1.04M","2.21%"
"08/20/2020","3.17","3.19","3.19","3.15","4.27M","-0.63%"
"08/19/2020","3.19","3.13","3.19","3.12","9.49M","1.59%"
"08/18/2020","3.14","3.13","3.19","3.13","8.76M","-0.32%"
"08/17/2020","3.15","3.20","3.20","3.14","9.58M","1.29%"
"08/16/2020","3.11","3.15","3.15","3.10","14.08M","-2.20%"
"08/13/2020","3.18","3.20","3.20","3.14","2.17M","0.00%"
"08/12/2020","3.18","3.11","3.20","3.10","1.10M","2.58%"
"08/11/2020","3.10","3.14","3.18","3.10","1.54M","-1.59%"
"08/10/2020","3.15","3.10","3.17","3.10","3.15M","0.00%"
"08/09/2020","3.15","3.14","3.15","3.14","1.45M","0.00%"
"08/06/2020","3.15","3.12","3.15","3.12","2.40M","1.61%"
"08/05/2020","3.10","3.10","3.13","3.10","1.29M","-1.27%"
"08/04/2020","3.14","3.08","3.15","3.08","806.70K","0.00%"
"08/03/2020","3.14","3.14","3.15","3.07","753.30K","0.00%"
"07/29/2020","3.14","3.14","3.15","3.10","2.34M","0.00%"
"07/28/2020","3.14","3.13","3.14","3.10","918.50K","0.32%"
"07/27/2020","3.13","3.09","3.14","3.09","866.40K","1.62%"
"07/26/2020","3.08","3.08","3.10","3.08","312.70K","0.00%"
"07/23/2020","3.08","3.10","3.10","3.08","231.50K","-0.65%"
"07/22/2020","3.10","3.14","3.14","3.10","3.28M","-0.96%"
"07/21/2020","3.13","3.08","3.13","3.08","778.60K","1.62%"
"07/20/2020","3.08","3.12","3.13","3.08","964.20K","-1.28%"
"07/19/2020","3.12","3.14","3.14","3.12","86.10K","1.96%"
"07/16/2020","3.06","3.04","3.06","3.04","2.12M","0.99%"
"07/15/2020","3.03","3.00","3.03","3.00","704.60K","0.66%"
"07/14/2020","3.01","2.98","3.01","2.97","1.10M","1.01%"
"07/13/2020","2.98","3.00","3.03","2.97","1.11M","0.00%"
"07/12/2020","2.98","3.00","3.00","2.98","1.30M","-0.67%"
"07/09/2020","3.00","2.99","3.00","2.98","2.99M","0.33%"
"07/08/2020","2.99","2.99","3.00","2.98","3.15M","0.00%"
"07/07/2020","2.99","2.97","3.00","2.97","2.60M","0.67%"
"07/06/2020","2.97","2.97","2.97","2.96","514.30K","0.34%"
"07/05/2020","2.96","2.97","2.97","2.95","882.10K","-0.34%"
"07/02/2020","2.97","2.97","2.97","2.96","1.05M","0.00%"
"07/01/2020","2.97","2.97","2.97","2.96","693.60K","0.00%"
"06/30/2020","2.97","3.00","3.00","2.97","2.20M","0.34%"
"06/29/2020","2.96","3.00","3.00","2.96","1.86M","-2.31%"
"06/28/2020","3.03","2.98","3.03","2.98","6.41M","1.68%"
"06/25/2020","2.98","2.95","2.98","2.95","1.07M","1.02%"
"06/24/2020","2.95","2.95","2.96","2.95","2.17M","0.00%"
"06/23/2020","2.95","2.96","2.96","2.95","529.70K","0.00%"
"06/22/2020","2.95","2.93","2.96","2.93","260.20K","-0.34%"
"06/21/2020","2.96","2.93","2.96","2.93","17.30K","0.34%"
"06/18/2020","2.95","2.94","2.95","2.94","328.10K","1.72%"
"06/17/2020","2.90","2.97","2.97","2.90","1.82M","-2.68%"
"06/16/2020","2.98","2.95","2.98","2.95","2.40M","1.36%"
"06/15/2020","2.94","2.90","2.94","2.90","55.50K","0.00%"
"06/14/2020","2.94","2.95","2.95","2.91","249.10K","-1.01%"
"06/11/2020","2.97","2.95","2.97","2.91","862.50K","0.68%"
"06/10/2020","2.95","2.97","2.97","2.94","544.30K","-0.34%"
"06/09/2020","2.96","2.98","2.98","2.92","1.49M","-0.67%"
"06/08/2020","2.98","2.99","2.99","2.95","2.90M","1.02%"
"06/07/2020","2.95","2.93","2.99","2.93","2.44M","0.68%"
"06/04/2020","2.93","2.91","2.96","2.91","1.74M","0.34%"
"06/03/2020","2.92","2.93","2.94","2.89","1.03M","0.69%"
"06/02/2020","2.90","2.90","2.90","2.84","263.00K","-0.68%"
"06/01/2020","2.92","2.83","2.92","2.83","13.07M","0.69%"
"05/31/2020","2.90","2.89","2.91","2.88","2.09M","0.35%"
"05/28/2020","2.89","2.84","2.94","2.84","4.35M","3.21%"
"05/27/2020","2.80","2.80","2.82","2.79","5.11M","0.00%"
"05/21/2020","2.80","2.79","2.80","2.79","5.68M","0.36%"
"05/20/2020","2.79","2.79","2.80","2.78","3.05M","0.00%"
"05/19/2020","2.79","2.80","2.80","2.79","5.81M","-1.41%"
"05/18/2020","2.83","2.79","2.83","2.79","10.73M","1.07%"
"05/17/2020","2.80","2.80","2.81","2.80","2.41M","0.72%"
"05/14/2020","2.78","2.79","2.80","2.78","1.54M","-0.71%"
"05/13/2020","2.80","2.76","2.80","2.76","1.81M","1.08%"
"05/12/2020","2.77","2.79","2.79","2.75","1.70M","-1.07%"
"05/11/2020","2.80","2.80","2.80","2.79","2.48M","0.00%"
"05/10/2020","2.80","2.79","2.81","2.76","1.09M","0.36%"
"05/07/2020","2.79","2.79","2.80","2.77","717.10K","-0.36%"
"05/06/2020","2.80","2.80","2.80","2.77","4.44M","0.72%"
"05/05/2020","2.78","2.78","2.80","2.78","551.60K","0.36%"
"05/04/2020","2.77","2.75","2.79","2.75","12.50K","-0.36%"
"05/03/2020","2.78","2.80","2.81","2.77","863.50K","-0.71%"
"04/30/2020","2.80","2.80","2.81","2.79","10.93M","-0.36%"
"04/29/2020","2.81","2.83","2.83","2.80","2.34M","0.00%"
"04/28/2020","2.81","2.81","2.82","2.80","1.66M","0.36%"
"04/27/2020","2.80","2.76","2.82","2.75","6.91M","1.82%"
"04/26/2020","2.75","2.77","2.79","2.62","2.27M","0.00%"
"04/23/2020","2.75","2.77","2.77","2.72","21.45M","0.00%"
"04/22/2020","2.75","2.72","2.76","2.70","2.03M","0.00%"
"04/21/2020","2.75","2.71","2.75","2.63","5.70M","0.00%"
"04/20/2020","2.75","2.80","2.80","2.72","227.20K","0.00%"
"04/19/2020","2.75","2.75","2.79","2.74","2.18M","0.00%"
"04/16/2020","2.75","2.77","2.77","2.72","4.47M","-1.79%"
"04/15/2020","2.80","2.80","2.80","2.76","418.30K","0.00%"
"04/14/2020","2.80","2.80","2.80","2.77","891.20K","0.00%"
"04/13/2020","2.80","2.80","2.83","2.77","11.83M","0.00%"
"04/12/2020","2.80","2.80","2.82","2.78","1.57M","0.36%"
"04/09/2020","2.79","2.73","2.80","2.73","3.63M","-2.79%"
"04/08/2020","2.87","2.90","2.90","2.83","2.69M","-1.03%"
"04/07/2020","2.90","3.00","3.00","2.90","5.02M","-3.33%"
"04/06/2020","3.00","2.85","3.00","2.85","3.62M","5.26%"
"04/05/2020","2.85","2.84","2.85","2.80","2.41M","0.71%"
"04/02/2020","2.83","2.78","2.83","2.75","6.81M","2.91%"
"04/01/2020","2.75","2.74","2.78","2.71","1.04M","1.85%"
"03/31/2020","2.70","2.69","2.90","2.64","4.17M","-0.37%"
"03/30/2020","2.71","2.70","2.73","2.62","829.10K","0.37%"
"03/29/2020","2.70","2.62","2.75","2.60","20.23M","0.00%"
"03/26/2020","2.70","2.58","2.94","2.56","4.63M","5.47%"
"03/25/2020","2.56","2.44","2.60","2.44","2.80M","4.92%"
"03/24/2020","2.44","2.41","2.59","2.41","1.51M","1.67%"
"03/23/2020","2.40","2.51","2.51","2.40","1.54M","-4.76%"
"03/22/2020","2.52","2.52","2.60","2.52","179.30K","-1.18%"
"03/19/2020","2.55","2.61","2.61","2.54","5.79M","-1.92%"
"03/18/2020","2.60","2.52","2.64","2.52","196.50K","1.96%"
"03/17/2020","2.55","2.60","2.68","2.52","662.10K","-1.92%"
"03/16/2020","2.60","2.61","2.70","2.60","1.48M","-2.99%"
"03/15/2020","2.68","2.77","2.77","2.60","1.80M","-0.74%"
"03/12/2020","2.70","2.75","2.80","2.68","3.97M","-6.25%"
"03/11/2020","2.88","2.85","2.90","2.81","427.00K","0.00%"
"03/10/2020","2.88","2.72","2.89","2.72","1.52M","10.34%"
"03/09/2020","2.61","2.79","2.79","2.61","4.80M","-10.00%"
"03/08/2020","2.90","2.90","2.94","2.84","5.29M","-3.33%"
"03/05/2020","3.00","3.00","3.00","2.97","2.95M","0.00%"
"03/04/2020","3.00","2.96","3.00","2.96","2.25M","1.35%"
"03/03/2020","2.96","2.98","2.98","2.95","1.32M","0.34%"
"03/02/2020","2.95","2.97","2.97","2.95","868.70K","0.00%"
"03/01/2020","2.95","2.95","2.95","2.80","3.18M","-1.34%"
"02/27/2020","2.99","3.00","3.00","2.98","985.50K","-0.33%"
"02/26/2020","3.00","3.02","3.02","2.98","2.07M","-0.99%"
"02/25/2020","3.03","3.06","3.06","3.01","77.50K","-0.33%"
"02/24/2020","3.04","3.05","3.05","3.02","6.15M","-0.65%"
"02/23/2020","3.06","3.05","3.06","3.04","944.00K","0.00%"
"02/20/2020","3.06","3.06","3.06","3.05","4.56M","0.33%"
"02/19/2020","3.05","3.08","3.08","3.05","17.00M","-0.33%"
"02/18/2020","3.06","3.07","3.07","3.06","816.10K","0.00%"
"02/17/2020","3.06","3.04","3.10","3.04","2.15M","0.99%"
"02/16/2020","3.03","3.04","3.10","3.00","3.98M","1.00%"
"02/13/2020","3.00","2.97","3.05","2.93","842.70K","1.01%"
"02/12/2020","2.97","2.97","3.00","2.96","1.25M","0.34%"
"02/11/2020","2.96","2.94","3.00","2.90","3.72M","-0.67%"
"02/10/2020","2.98","3.06","3.06","2.98","2.29M","-2.61%"
"02/09/2020","3.06","3.05","3.10","3.05","842.90K","-0.33%"
"02/06/2020","3.07","3.10","3.10","3.07","660.80K","-0.97%"
"02/05/2020","3.10","3.06","3.10","3.05","516.70K","1.31%"
"02/04/2020","3.06","3.11","3.15","3.06","1.44M","-1.92%"
"02/03/2020","3.12","3.12","3.13","3.12","414.10K","0.00%"
"02/02/2020","3.12","3.14","3.14","3.10","9.70K","-0.64%"
"01/30/2020","3.14","3.17","3.19","3.14","1.86M","0.32%"
"01/29/2020","3.13","3.01","3.20","3.01","7.36M","0.00%"
"01/28/2020","3.13","3.13","3.13","3.13","134.90K","0.32%"
"01/27/2020","3.12","3.15","3.17","3.12","724.40K","-0.95%"
"01/26/2020","3.15","3.14","3.15","3.13","845.00K","0.32%"
"01/23/2020","3.14","3.14","3.14","3.14","32.00K","-0.32%"
"01/22/2020","3.15","3.15","3.15","3.12","2.34M","0.00%"
"01/21/2020","3.15","3.14","3.17","3.12","2.46M","0.96%"
"01/20/2020","3.12","3.12","3.15","3.12","788.00K","0.00%"
"01/19/2020","3.12","3.11","3.15","3.11","979.10K","-0.64%"
"01/16/2020","3.14","3.11","3.15","3.11","2.19M","1.29%"
"01/15/2020","3.10","3.05","3.10","3.04","5.57M","1.64%"
"01/14/2020","3.05","3.00","3.07","2.98","1.92M","1.67%"
"01/13/2020","3.00","3.05","3.06","2.99","1.88M","-1.32%"
"01/12/2020","3.04","2.97","3.07","2.97","1.46M","1.67%"
"01/09/2020","2.99","2.95","3.07","2.95","5.97M","2.05%"
"01/08/2020","2.93","2.94","2.95","2.91","1.08M","-1.68%"
"01/07/2020","2.98","2.95","2.98","2.93","825.10K","2.05%"
"01/06/2020","2.92","3.00","3.00","2.91","903.10K","-0.68%"
"01/05/2020","2.94","2.95","2.98","2.92","545.20K","-2.00%"
"01/02/2020","3.00","2.95","3.00","2.95","243.70K","1.35%"
"12/31/2019","2.96","3.05","3.07","2.96","20.04M","-2.95%"
"12/30/2019","3.05","2.99","3.15","2.93","3.67M","2.01%"
"12/29/2019","2.99","2.96","2.99","2.94","665.00K","2.75%"
"12/26/2019","2.91","2.98","2.99","2.90","628.10K","-2.68%"
"12/25/2019","2.99","2.97","2.99","2.97","868.30K","1.01%"
"12/24/2019","2.96","2.89","2.96","2.89","115.90K","1.02%"
"12/23/2019","2.93","2.90","2.96","2.90","672.10K","-0.34%"
"12/22/2019","2.94","2.84","2.94","2.84","781.50K","0.68%"
"12/19/2019","2.92","2.91","2.92","2.90","5.17M","0.69%"
"12/18/2019","2.90","2.96","2.96","2.90","5.25M","-2.03%"
"12/17/2019","2.96","2.90","3.00","2.90","6.03M","3.50%"
"12/16/2019","2.86","2.82","2.90","2.82","986.60K","-1.38%"
"12/15/2019","2.90","2.80","2.92","2.80","4.80M","3.57%"
"12/12/2019","2.80","2.77","2.80","2.77","1.80M","1.45%"
"12/11/2019","2.76","2.77","2.77","2.76","2.79M","0.73%"
"12/10/2019","2.74","2.80","2.80","2.74","909.70K","-2.14%"
"12/09/2019","2.80","2.80","2.80","2.76","2.16M","0.00%"
"12/08/2019","2.80","2.74","2.81","2.74","2.43M","2.19%"
"12/05/2019","2.74","2.71","2.74","2.71","163.70K","1.11%"
"12/04/2019","2.71","2.74","2.74","2.71","198.20K","0.00%"
"11/28/2019","2.71","2.70","2.73","2.70","1.39M","-0.37%"
"11/27/2019","2.72","2.70","2.72","2.70","2.17M","0.74%"
"11/26/2019","2.70","2.70","2.71","2.69","1.32M","0.37%"
"11/25/2019","2.69","2.65","2.70","2.65","1.81M","0.37%"
"11/24/2019","2.68","2.66","2.68","2.66","330.70K","0.75%"
"11/21/2019","2.66","2.64","2.66","2.64","2.74M","1.14%"
"11/20/2019","2.63","2.63","2.65","2.63","44.00K","-0.75%"
"11/19/2019","2.65","2.65","2.66","2.64","1.26M","0.00%"
"11/18/2019","2.65","2.65","2.65","2.64","4.53M","0.00%"
"11/17/2019","2.65","2.65","2.65","2.65","242.00K","0.00%"
"11/14/2019","2.65","2.66","2.66","2.65","119.20K","0.00%"
"11/13/2019","2.65","2.62","2.67","2.62","574.90K","0.00%"
"11/12/2019","2.65","2.65","2.66","2.65","2.99M","0.00%"
"11/11/2019","2.65","2.65","2.66","2.65","331.20K","0.00%"
"11/10/2019","2.65","2.62","2.65","2.62","1.57M","1.15%"
"11/07/2019","2.62","2.63","2.65","2.62","462.70K","-0.76%"
"11/06/2019","2.64","2.64","2.64","2.63","662.50K","0.38%"
"11/05/2019","2.63","2.65","2.65","2.61","980.00K","0.00%"
"11/04/2019","2.63","2.62","2.65","2.62","113.10K","0.38%"
"11/03/2019","2.62","2.67","2.67","2.61","6.04M","0.00%"
"10/31/2019","2.62","2.63","2.64","2.62","3.25M","-0.38%"
"10/30/2019","2.63","2.62","2.64","2.62","108.70K","0.38%"
"10/29/2019","2.62","2.65","2.66","2.62","656.30K","-1.13%"
"10/28/2019","2.65","2.62","2.65","2.62","923.50K","0.38%"
"10/27/2019","2.64","2.63","2.65","2.63","2.54M","1.15%"
"10/24/2019","2.61","2.62","2.64","2.61","592.20K","0.00%"
"10/23/2019","2.61","2.64","2.64","2.61","129.20K","0.00%"
"10/22/2019","2.61","2.62","2.64","2.61","1.07M","-0.38%"
"10/21/2019","2.62","2.63","2.63","2.62","1.08M","0.38%"
"10/20/2019","2.61","2.61","2.61","2.61","237.60K","0.00%"
"10/17/2019","2.61","2.64","2.64","2.59","1.53M","0.77%"
"10/16/2019","2.59","2.60","2.61","2.59","847.60K","-0.38%"
"10/15/2019","2.60","2.65","2.65","2.60","1.69M","-1.14%"
"10/14/2019","2.63","2.65","2.65","2.63","216.90K","0.00%"
"10/13/2019","2.63","2.66","2.66","2.63","492.10K","-1.13%"
"10/10/2019","2.66","2.63","2.67","2.63","207.90K","0.76%"
"10/09/2019","2.64","2.63","2.66","2.63","336.30K","0.38%"
"10/08/2019","2.63","2.63","2.64","2.62","168.30K","-2.59%"
"10/07/2019","2.70","2.73","2.73","2.70","2.13M","-1.10%"
"10/06/2019","2.73","2.69","2.73","2.68","2.11M","1.87%"
"10/03/2019","2.68","2.66","2.68","2.66","1.21M","-0.37%"
"10/02/2019","2.69","2.69","2.69","2.66","6.30M","0.00%"
"10/01/2019","2.69","2.67","2.69","2.67","2.56M","0.75%"
"09/30/2019","2.67","2.69","2.69","2.66","3.38M","0.75%"
"09/29/2019","2.65","2.65","2.68","2.65","435.50K","-1.12%"
"09/26/2019","2.68","2.65","2.69","2.65","2.81M","1.13%"
"09/25/2019","2.65","2.65","2.68","2.65","3.03M","0.00%"
"09/24/2019","2.65","2.65","2.68","2.65","427.50K","0.38%"
"09/23/2019","2.64","2.66","2.70","2.64","2.79M","-1.12%"
"09/22/2019","2.67","2.62","2.69","2.62","616.00K","1.91%"
"09/19/2019","2.62","2.67","2.67","2.62","41.44M","-2.24%"
"09/18/2019","2.68","2.69","2.70","2.68","1.23M","0.75%"
"09/17/2019","2.66","2.69","2.69","2.66","3.84M","-0.37%"
"09/16/2019","2.67","2.69","2.69","2.67","1.08M","0.38%"
"09/15/2019","2.66","2.65","2.69","2.64","476.20K","0.38%"
"09/12/2019","2.65","2.69","2.70","2.65","5.56M","-1.85%"
"09/11/2019","2.70","2.69","2.70","2.69","2.61M","0.00%"
"09/10/2019","2.70","2.71","2.71","2.69","4.91M","0.75%"
"09/09/2019","2.68","2.69","2.70","2.67","3.27M","0.00%"
"09/08/2019","2.68","2.68","2.68","2.68","83.70K","-0.74%"
"09/05/2019","2.70","2.70","2.70","2.69","767.40K","0.00%"
"09/04/2019","2.70","2.67","2.70","2.67","8.59M","1.89%"
"09/03/2019","2.65","2.67","2.67","2.65","836.20K","-0.75%"
"09/02/2019","2.67","2.67","2.70","2.66","11.91M","1.14%"
"09/01/2019","2.64","2.63","2.66","2.63","16.60K","0.38%"
"08/29/2019","2.63","2.66","2.67","2.63","1.19M","-1.50%"
"08/28/2019","2.67","2.67","2.67","2.67","21.28M","-0.37%"
"08/27/2019","2.68","2.67","2.68","2.65","1.30M","0.75%"
"08/26/2019","2.66","2.67","2.67","2.66","2.79M","0.76%"
"08/25/2019","2.64","2.67","2.69","2.64","1.81M","-1.49%"
"08/22/2019","2.68","2.70","2.70","2.68","2.73M","0.00%"
"08/21/2019","2.68","2.70","2.70","2.68","2.27M","-0.37%"
"08/20/2019","2.69","2.69","2.71","2.69","70.60K","0.00%"
"08/19/2019","2.69","2.68","2.72","2.68","454.40K","0.37%"
"08/15/2019","2.68","2.70","2.70","2.68","320.90K","-1.47%"
"08/14/2019","2.72","2.69","2.72","2.69","377.20K","0.74%"
"08/08/2019","2.70","2.71","2.71","2.70","424.30K","-1.10%"
"08/07/2019","2.73","2.70","2.73","2.69","3.07M","1.49%"
"08/06/2019","2.69","2.70","2.70","2.69","83.10K","-1.10%"
"08/05/2019","2.72","2.68","2.72","2.68","184.70K","1.12%"
"08/04/2019","2.69","2.72","2.72","2.69","355.20K","-1.10%"
"08/01/2019","2.72","2.70","2.73","2.70","102.80K","0.37%"
"07/31/2019","2.71","2.72","2.72","2.71","3.19M","0.37%"
"07/30/2019","2.70","2.71","2.71","2.70","545.40K","-0.74%"
"07/29/2019","2.72","2.71","2.72","2.71","3.62M","0.00%"
"07/28/2019","2.72","2.74","2.75","2.72","900.40K","-1.09%"
"07/25/2019","2.75","2.75","2.75","2.73","904.40K","1.10%"
"07/24/2019","2.72","2.73","2.74","2.71","2.72M","-0.37%"
"07/23/2019","2.73","2.70","2.73","2.70","1.12M","0.74%"
"07/22/2019","2.71","2.72","2.72","2.70","2.34M","-0.73%"
"07/21/2019","2.73","2.72","2.73","2.72","166.40K","-0.73%"
"07/18/2019","2.75","2.73","2.75","2.72","1.92M","0.73%"
"07/17/2019","2.73","2.73","2.75","2.73","544.40K","0.00%"
"07/16/2019","2.73","2.73","2.73","2.72","636.10K","0.37%"
"07/15/2019","2.72","2.75","2.75","2.71","1.02M","-0.37%"
"07/14/2019","2.73","2.75","2.75","2.72","299.30K","0.37%"
"07/11/2019","2.72","2.72","2.75","2.71","275.60K","0.00%"
"07/10/2019","2.72","2.75","2.75","2.72","653.90K","-0.73%"
"07/09/2019","2.74","2.72","2.74","2.72","507.80K","-0.36%"
"07/08/2019","2.75","2.69","2.79","2.69","2.80M","1.85%"
"07/07/2019","2.70","2.66","2.73","2.66","2.16M","2.27%"
"07/04/2019","2.64","2.64","2.64","2.64","14.30K","0.00%"
"07/03/2019","2.64","2.63","2.64","2.62","2.76M","0.00%"
"07/02/2019","2.64","2.63","2.64","2.63","1.32M","0.38%"
"07/01/2019","2.63","2.65","2.67","2.63","1.97M","-0.75%"
"06/30/2019","2.65","2.67","2.68","2.65","511.50K","-0.38%"
"06/27/2019","2.66","2.66","2.66","2.66","1.14M","-0.75%"
"06/26/2019","2.68","2.67","2.68","2.67","463.20K","-0.37%"
"06/25/2019","2.69","2.66","2.69","2.66","91.90K","1.13%"
"06/24/2019","2.66","2.67","2.70","2.66","1.33M","-0.37%"
"06/23/2019","2.67","2.70","2.70","2.67","146.40K","-1.11%"
"06/20/2019","2.70","2.69","2.70","2.68","4.25M","0.75%"
"06/19/2019","2.68","2.69","2.70","2.68","832.30K","0.00%"
"06/18/2019","2.68","2.68","2.68","2.68","11.80K","0.00%"
"06/17/2019","2.68","2.69","2.69","2.68","863.10K","-0.37%"
"06/16/2019","2.69","2.71","2.71","2.68","326.50K","-0.37%"
"06/13/2019","2.70","2.68","2.71","2.68","3.66M","1.12%"
"06/12/2019","2.67","2.70","2.70","2.67","893.00K","-1.11%"
"06/11/2019","2.70","2.70","2.70","2.70","133.10K","-0.37%"
"06/10/2019","2.71","2.71","2.72","2.70","3.03M","0.00%"
"06/09/2019","2.71","2.69","2.72","2.69","511.30K","0.74%"
"05/30/2019","2.69","2.67","2.71","2.67","664.40K","0.75%"
"05/29/2019","2.67","2.66","2.69","2.66","177.50K","0.00%"
"05/28/2019","2.67","2.70","2.70","2.67","1.19M","-1.11%"
"05/27/2019","2.70","2.66","2.70","2.66","916.20K","1.50%"
"05/26/2019","2.66","2.67","2.67","2.65","309.00K","0.00%"
"05/23/2019","2.66","2.68","2.68","2.66","27.40K","-0.75%"
"05/22/2019","2.68","2.66","2.68","2.66","83.60K","0.75%"
"05/21/2019","2.66","2.69","2.70","2.66","262.20K","-1.12%"
"05/20/2019","2.69","2.66","2.70","2.66","856.70K","0.75%"
"05/19/2019","2.67","2.68","2.68","2.65","286.00K","0.38%"
"05/16/2019","2.66","2.67","2.67","2.66","351.50K","-0.37%"
"05/15/2019","2.67","2.68","2.68","2.67","376.10K","-1.11%"
"05/14/2019","2.70","2.67","2.71","2.67","1.67M","1.12%"
"05/13/2019","2.67","2.68","2.68","2.67","891.20K","-1.11%"
"05/12/2019","2.70","2.69","2.70","2.69","2.11M","0.00%"
"05/09/2019","2.70","2.66","2.74","2.66","1.94M","1.89%"
"05/08/2019","2.65","2.64","2.65","2.64","1.28M","0.76%"
"05/07/2019","2.63","2.65","2.65","2.63","321.45K","-0.75%"
"05/06/2019","2.65","2.63","2.65","2.63","1.06M","0.76%"
"05/05/2019","2.63","2.63","2.64","2.62","510.38K","0.00%"
"05/02/2019","2.63","2.61","2.65","2.61","237.74K","0.00%"
"05/01/2019","2.63","2.59","2.63","2.59","483.61K","1.15%"
"04/30/2019","2.60","2.62","2.62","2.60","359.15K","-1.14%"
"04/29/2019","2.63","2.64","2.64","2.63","56.79K","-0.38%"
"04/28/2019","2.64","2.65","2.65","2.63","11.06K","-0.38%"
"04/25/2019","2.65","2.61","2.65","2.59","1.39M","1.53%"
"04/24/2019","2.61","2.59","2.62","2.59","7.45M","0.77%"
"04/23/2019","2.59","2.59","2.60","2.58","619.62K","0.00%"
"04/22/2019","2.59","2.65","2.66","2.59","1.17M","-3.00%"
"04/21/2019","2.67","2.65","2.67","2.64","256.43K","2.30%"
"04/18/2019","2.61","2.67","2.67","2.61","2.62M","-2.25%"
"04/17/2019","2.67","2.68","2.68","2.67","1.16M","-0.74%"
"04/16/2019","2.69","2.68","2.70","2.67","593.53K","0.37%"
"04/15/2019","2.68","2.67","2.72","2.66","5.86M","-0.37%"
"04/14/2019","2.69","2.71","2.73","2.69","1.55M","-0.74%"
"04/11/2019","2.71","2.78","2.78","2.69","2.58M","-3.21%"
"04/10/2019","2.80","2.80","2.83","2.79","2.69M","0.00%"
"04/09/2019","2.80","2.81","2.86","2.75","3.11M","-0.36%"
"04/08/2019","2.81","2.71","2.82","2.71","3.59M","4.07%"
"04/07/2019","2.70","2.54","2.80","2.54","5.59M","8.00%"
"04/04/2019","2.50","2.45","2.51","2.40","5.27M","2.04%"
"04/03/2019","2.45","2.31","2.51","2.27","10.53M","6.06%"
"04/02/2019","2.31","2.22","2.35","2.22","4.11M","4.05%"
"04/01/2019","2.22","2.25","2.25","2.22","310.67K","0.00%"
"03/31/2019","2.22","2.22","2.22","2.19","41.20K","-1.33%"
"03/28/2019","2.25","2.25","2.25","2.25","93.85K","0.00%"
"03/27/2019","2.25","2.22","2.25","2.22","452.25K","1.81%"
"03/26/2019","2.21","2.00","2.23","2.00","16.19M","2.31%"
"03/25/2019","2.16","2.19","2.20","2.16","147.74K","-0.92%"
"03/24/2019","2.18","2.18","2.18","2.15","525.00K","-0.46%"
"03/21/2019","2.19","2.21","2.21","2.19","188.67K","-1.35%"
"03/20/2019","2.22","2.20","2.23","2.20","9.09M","0.91%"
"03/19/2019","2.20","2.19","2.20","2.19","2.51M","0.00%"
"03/18/2019","2.20","2.24","2.24","2.20","186.42K","1.85%"
"03/17/2019","2.16","2.23","2.23","2.16","100.80K","-1.82%"
"03/14/2019","2.20","2.15","2.22","2.15","1.90M","1.85%"
"03/13/2019","2.16","2.19","2.19","2.16","109.07K","-1.37%"
"03/12/2019","2.19","2.20","2.21","2.19","4.53M","0.00%"
"03/11/2019","2.19","2.19","2.20","2.19","2.94M","0.00%"
"03/10/2019","2.19","2.19","2.19","2.18","365.63K","0.00%"
"03/07/2019","2.19","2.20","2.21","2.19","519.85K","-0.90%"
"03/06/2019","2.21","2.19","2.21","2.18","837.19K","0.91%"
"03/05/2019","2.19","2.22","2.22","2.19","2.42M","-1.35%"
"03/04/2019","2.22","2.23","2.23","2.22","4.01M","0.45%"
"03/03/2019","2.21","2.19","2.23","2.19","57.70K","-0.90%"
"02/28/2019","2.23","2.23","2.23","2.21","461.32K","-0.45%"
"02/27/2019","2.24","2.24","2.24","2.24","230.28K","0.00%"
"02/26/2019","2.24","2.23","2.25","2.23","1.31M","0.90%"
"02/25/2019","2.22","2.23","2.25","2.22","466.23K","-0.89%"
"02/24/2019","2.24","2.21","2.24","2.21","304.70K","-0.44%"
"02/21/2019","2.25","2.22","2.25","2.20","1.38M","1.81%"
"02/20/2019","2.21","2.18","2.21","2.18","1.65M","0.45%"
"02/19/2019","2.20","2.22","2.22","2.19","5.89M","-1.35%"
"02/18/2019","2.23","2.24","2.24","2.22","187.99K","0.00%"
"02/17/2019","2.23","2.24","2.24","2.21","367.74K","0.90%"
"02/14/2019","2.21","2.26","2.26","2.21","396.03K","-1.34%"
"02/13/2019","2.24","2.24","2.25","2.24","5.81M","-0.88%"
"02/12/2019","2.26","2.25","2.26","2.25","110.98K","0.00%"
"02/11/2019","2.26","2.23","2.26","2.22","19.56K","1.80%"
"02/10/2019","2.22","2.23","2.27","2.22","79.42K","-0.45%"
"02/07/2019","2.23","2.22","2.27","2.22","73.72K","-0.45%"
"02/06/2019","2.24","2.24","2.24","2.23","127.88K","0.00%"
"02/05/2019","2.24","2.25","2.26","2.24","246.85K","-1.75%"
"02/04/2019","2.28","2.26","2.28","2.25","3.61M","0.88%"
"02/03/2019","2.26","2.28","2.28","2.26","486.87K","-2.16%"
"01/31/2019","2.31","2.28","2.31","2.28","267.87K","-0.43%"
"01/30/2019","2.32","2.29","2.32","2.28","1.30M","1.31%"
"01/29/2019","2.29","2.23","2.29","2.23","65.69K","1.33%"
"01/28/2019","2.26","2.22","2.26","2.20","88.56K","0.00%"
"01/27/2019","2.26","2.22","2.26","2.22","47.31K","-1.31%"
"01/24/2019","2.29","2.22","2.29","2.21","106.10K","3.15%"
"01/23/2019","2.22","2.22","2.22","2.22","30.09K","0.00%"
"01/22/2019","2.22","2.19","2.22","2.19","56.54K","0.00%"
"01/21/2019","2.22","2.22","2.22","2.20","861.33K","-0.89%"
"01/20/2019","2.24","2.25","2.25","2.24","111.79K","0.00%"
"01/17/2019","2.24","2.30","2.30","2.24","264.13K","-2.61%"
"01/16/2019","2.30","2.29","2.31","2.29","712.07K","0.00%"
"01/15/2019","2.30","2.30","2.30","2.29","805.62K","-0.43%"
"01/14/2019","2.31","2.31","2.31","2.30","2.17M","0.00%"
"01/13/2019","2.31","2.31","2.31","2.31","175.82K","-0.43%"
"01/10/2019","2.32","2.31","2.32","2.31","40.49K","-0.43%"
"01/09/2019","2.33","2.34","2.34","2.31","300.97K","-0.43%"
"01/08/2019","2.34","2.31","2.34","2.29","874.85K","1.74%"
"01/07/2019","2.30","2.31","2.31","2.30","1.45M","-0.43%"
"01/06/2019","2.31","2.34","2.34","2.31","129.00K","-0.43%"
"01/03/2019","2.32","2.32","2.32","2.30","906.30K","-0.85%"
"01/02/2019","2.34","2.32","2.34","2.31","344.17K","0.86%"
"12/31/2018","2.32","2.31","2.32","2.29","1.08M","1.31%"
"12/30/2018","2.29","2.29","2.31","2.29","344.94K","-0.43%"
"12/27/2018","2.30","2.30","2.31","2.30","2.74M","0.44%"
"12/26/2018","2.29","2.29","2.30","2.29","671.75K","0.00%"
"12/25/2018","2.29","2.30","2.31","2.29","302.16K","-1.29%"
"12/24/2018","2.32","2.30","2.32","2.29","1.42M","0.87%"
"12/23/2018","2.30","2.30","2.30","2.29","2.29M","-0.43%"
"12/20/2018","2.31","2.30","2.31","2.29","904.59K","0.43%"
"12/19/2018","2.30","2.28","2.30","2.28","114.60K","0.88%"
"12/18/2018","2.28","2.28","2.29","2.28","3.41M","-0.87%"
"12/17/2018","2.30","2.28","2.30","2.28","466.58K","0.88%"
"12/16/2018","2.28","2.29","2.30","2.28","121.11K","-0.44%"
"12/13/2018","2.29","2.29","2.30","2.29","71.98K","-0.43%"
"12/12/2018","2.30","2.27","2.30","2.27","503.00K","0.00%"
"12/11/2018","2.30","2.28","2.30","2.28","275.29K","1.32%"
"12/10/2018","2.27","2.25","2.28","2.25","668.18K","0.89%"
"12/09/2018","2.25","2.26","2.26","2.25","8.37K","-2.17%"
"12/06/2018","2.30","2.25","2.30","2.25","603.61K","2.22%"
"12/05/2018","2.25","2.30","2.33","2.25","4.06M","-3.43%"
"12/04/2018","2.33","2.32","2.34","2.32","853.59K","0.43%"
"11/29/2018","2.32","2.29","2.32","2.29","603.73K","2.20%"
"11/28/2018","2.27","2.30","2.30","2.25","2.10M","-2.58%"
"11/27/2018","2.33","2.30","2.33","2.30","142.93K","0.00%"
"11/26/2018","2.33","2.30","2.33","2.30","87.08K","1.75%"
"11/25/2018","2.29","2.30","2.32","2.27","869.60K","-0.87%"
"11/22/2018","2.31","2.34","2.34","2.31","1.51M","-0.86%"
"11/21/2018","2.33","2.34","2.35","2.28","1.73M","-0.85%"
"11/20/2018","2.35","2.39","2.39","2.35","215.67K","-1.26%"
"11/19/2018","2.38","2.43","2.43","2.36","1.10M","-2.06%"
"11/15/2018","2.43","2.37","2.43","2.37","1.15M","2.10%"
"11/14/2018","2.38","2.37","2.38","2.35","2.05M","0.00%"
"11/13/2018","2.38","2.37","2.38","2.36","3.74M","0.00%"
"11/12/2018","2.38","2.38","2.38","2.35","1.20M","0.00%"
"11/11/2018","2.38","2.37","2.39","2.35","282.70K","0.42%"
"11/08/2018","2.37","2.39","2.39","2.34","206.53K","-0.42%"
"11/07/2018","2.38","2.35","2.38","2.35","337.60K","0.42%"
"11/06/2018","2.37","2.36","2.37","2.30","2.65M","0.85%"
"11/05/2018","2.35","2.31","2.35","2.30","882.95K","0.86%"
"11/04/2018","2.33","2.30","2.34","2.28","56.06K","0.43%"
"11/01/2018","2.32","2.23","2.32","2.23","2.69M","4.50%"
"10/31/2018","2.22","2.22","2.23","2.21","607.01K","0.91%"
"10/30/2018","2.20","2.18","2.20","2.13","6.56M","0.92%"
"10/29/2018","2.18","2.16","2.18","2.16","118.00K","0.46%"
"10/28/2018","2.17","2.18","2.18","2.17","740.00K","-0.91%"
"10/25/2018","2.19","2.13","2.20","2.13","430.85K","-0.45%"
"10/24/2018","2.20","2.18","2.20","2.15","2.02M","0.00%"
"10/23/2018","2.20","2.23","2.23","2.20","1.94M","-2.22%"
"10/22/2018","2.25","2.26","2.27","2.25","2.29M","1.81%"
"10/21/2018","2.21","2.26","2.26","2.20","145.52K","-1.78%"
"10/18/2018","2.25","2.18","2.25","2.18","1.20M","3.21%"
"10/17/2018","2.18","2.15","2.20","2.15","1.61M","-0.46%"
"10/16/2018","2.19","2.25","2.25","2.19","1.76M","-3.52%"
"10/15/2018","2.27","2.25","2.30","2.24","374.42K","2.25%"
"10/14/2018","2.22","2.30","2.34","2.22","356.49K","-3.48%"
"10/11/2018","2.30","2.32","2.32","2.29","300.53K","-1.29%"
"10/10/2018","2.33","2.35","2.37","2.33","3.02M","-0.85%"
"10/09/2018","2.35","2.34","2.39","2.34","1.72M","0.43%"
"10/08/2018","2.34","2.36","2.36","2.32","574.53K","0.00%"
"10/07/2018","2.34","2.38","2.38","2.34","327.34K","-0.43%"
"10/04/2018","2.35","2.38","2.38","2.35","5.56M","-1.26%"
"10/03/2018","2.38","2.39","2.39","2.38","11.62M","-1.24%"
"10/02/2018","2.41","2.39","2.41","2.36","771.55K","0.84%"
"10/01/2018","2.39","2.40","2.40","2.39","1.06M","-0.83%"
"09/30/2018","2.41","2.41","2.41","2.41","56.00K","0.84%"
"09/27/2018","2.39","2.42","2.42","2.39","502.28K","-1.24%"
"09/26/2018","2.42","2.39","2.42","2.39","475.41K","1.26%"
"09/25/2018","2.39","2.40","2.40","2.39","205.61K","-0.42%"
"09/24/2018","2.40","2.41","2.44","2.40","323.55K","-0.41%"
"09/23/2018","2.41","2.40","2.41","2.40","198.48K","1.26%"
"09/20/2018","2.38","2.38","2.41","2.38","200.51K","0.00%"
"09/19/2018","2.38","2.38","2.38","2.38","134.81K","-0.42%"
"09/18/2018","2.39","2.39","2.40","2.38","1.36M","-0.83%"
"09/17/2018","2.41","2.44","2.44","2.40","923.94K","-0.82%"
"09/16/2018","2.43","2.44","2.45","2.40","386.59K","-0.41%"
"09/12/2018","2.44","2.44","2.44","2.44","4.33K","-0.41%"
"09/11/2018","2.45","2.44","2.45","2.43","661.50K","0.00%"
"09/10/2018","2.45","2.45","2.46","2.44","414.14K","0.00%"
"09/09/2018","2.45","2.46","2.46","2.45","890.97K","0.00%"
"09/06/2018","2.45","2.41","2.45","2.41","1.41M","0.00%"
"09/05/2018","2.45","2.36","2.45","2.36","1.46M","2.51%"
"09/04/2018","2.39","2.39","2.41","2.39","468.41K","-0.42%"
"09/03/2018","2.40","2.43","2.43","2.37","1.33M","-1.23%"
"09/02/2018","2.43","2.48","2.48","2.43","60.18K","-0.82%"
"08/30/2018","2.45","2.41","2.45","2.41","189.76K","-0.81%"
"08/29/2018","2.47","2.47","2.47","2.41","567.69K","0.82%"
"08/28/2018","2.45","2.38","2.46","2.38","1.74M","2.94%"
"08/27/2018","2.38","2.36","2.38","2.36","174.56K","0.85%"
"08/26/2018","2.36","2.39","2.39","2.36","24.30K","0.43%"
"08/16/2018","2.35","2.36","2.40","2.35","665.84K","-0.42%"
"08/15/2018","2.36","2.36","2.36","2.36","1.42M","0.00%"
"08/14/2018","2.36","2.36","2.39","2.36","20.45M","0.00%"
"08/13/2018","2.36","2.40","2.40","2.36","264.11K","-1.67%"
"08/12/2018","2.40","2.37","2.40","2.36","365.47K","-1.64%"
"08/09/2018","2.44","2.36","2.44","2.36","6.51K","3.39%"
"08/08/2018","2.36","2.46","2.46","2.36","1.33M","-4.07%"
"08/07/2018","2.46","2.47","2.48","2.44","1.13M","-0.40%"
"08/06/2018","2.47","2.47","2.48","2.47","233.64K","0.00%"
"08/05/2018","2.47","2.47","2.47","2.47","215.00K","-1.20%"
"08/02/2018","2.50","2.50","2.50","2.50","1.00K","0.00%"
"08/01/2018","2.50","2.50","2.50","2.50","66.84K","1.21%"
"07/31/2018","2.47","2.50","2.51","2.47","8.08M","-1.98%"
"07/30/2018","2.52","2.50","2.52","2.50","337.84K","0.80%"
"07/29/2018","2.50","2.47","2.50","2.47","18.32K","1.21%"
"07/26/2018","2.47","2.47","2.50","2.47","224.08K","0.41%"
"07/25/2018","2.46","2.46","2.52","2.46","985.98K","-0.40%"
"07/24/2018","2.47","2.51","2.52","2.47","165.39K","-1.20%"
"07/23/2018","2.50","2.47","2.54","2.47","33.07M","1.63%"
"07/22/2018","2.46","2.47","2.47","2.46","785.97K","0.00%"
"07/19/2018","2.46","2.46","2.47","2.46","181.09K","0.00%"
"07/18/2018","2.46","2.46","2.47","2.46","408.72K","0.00%"
"07/17/2018","2.46","2.47","2.47","2.45","1.18M","-0.40%"
"07/16/2018","2.47","2.46","2.48","2.46","418.69K","0.41%"
"07/15/2018","2.46","2.44","2.48","2.44","274.47K","-0.40%"
"07/12/2018","2.47","2.43","2.47","2.43","1.07M","1.65%"
"07/11/2018","2.43","2.42","2.44","2.42","124.18K","0.41%"
"07/10/2018","2.42","2.42","2.43","2.42","207.62K","0.00%"
"07/09/2018","2.42","2.42","2.45","2.42","476.83K","0.00%"
"07/08/2018","2.42","2.42","2.42","2.42","0.79K","-0.82%"
"07/05/2018","2.44","2.40","2.44","2.40","105.31K","1.67%"
"07/04/2018","2.40","2.41","2.42","2.40","178.89K","0.00%"
"07/03/2018","2.40","2.40","2.40","2.40","169.35K","0.00%"
"07/02/2018","2.40","2.40","2.40","2.40","1.06M","-0.41%"
"07/01/2018","2.41","2.40","2.41","2.36","503.99K","1.69%"
"06/28/2018","2.37","2.35","2.38","2.35","2.53M","0.85%"
"06/27/2018","2.35","2.32","2.36","2.32","2.15M","-1.26%"
"06/26/2018","2.38","2.34","2.38","2.34","234.63K","1.71%"
"06/25/2018","2.34","2.40","2.40","2.34","435.61K","-2.50%"
"06/24/2018","2.40","2.32","2.41","2.32","254.90K","0.42%"
"06/21/2018","2.39","2.34","2.39","2.34","269.00K","2.58%"
"06/20/2018","2.33","2.37","2.38","2.25","448.34K","-0.85%"
"06/19/2018","2.35","2.37","2.39","2.35","290.00K","-2.08%"
"06/18/2018","2.40","2.37","2.40","2.37","92.49K","-0.83%"
"06/14/2018","2.42","2.42","2.42","2.42","320.22K","-0.41%"
"06/13/2018","2.43","2.38","2.43","2.38","1.04M","3.40%"
"06/12/2018","2.35","2.37","2.38","2.35","931.70K","-1.26%"
"06/11/2018","2.38","2.39","2.39","2.38","808.79K","-0.42%"
"06/10/2018","2.39","2.40","2.40","2.36","589.43K","0.00%"
"06/07/2018","2.39","2.43","2.43","2.39","1.38M","-1.24%"
"06/06/2018","2.42","2.48","2.48","2.42","1.59M","-2.42%"
"06/05/2018","2.48","2.46","2.48","2.46","886.54K","0.81%"
"06/04/2018","2.46","2.48","2.50","2.46","1.40M","-0.40%"
"06/03/2018","2.47","2.48","2.48","2.47","188.40K","-0.40%"
"05/31/2018","2.48","2.48","2.50","2.48","1.43M","-0.80%"
"05/30/2018","2.50","2.46","2.50","2.45","1.27M","1.63%"
"05/29/2018","2.46","2.49","2.49","2.46","78.91K","-0.81%"
"05/28/2018","2.48","2.50","2.50","2.47","367.43K","0.81%"
"05/27/2018","2.46","2.46","2.46","2.45","204.68K","0.00%"
"05/24/2018","2.46","2.48","2.48","2.46","548.96K","-0.40%"
"05/23/2018","2.47","2.47","2.50","2.47","346.37K","0.00%"
"05/22/2018","2.47","2.46","2.50","2.46","65.47K","-0.80%"
"05/21/2018","2.49","2.48","2.49","2.48","400.95K","-0.40%"
"05/20/2018","2.50","2.50","2.51","2.48","716.14K","0.00%"
"05/17/2018","2.50","2.50","2.51","2.48","622.03K","0.00%"
"05/16/2018","2.50","2.48","2.50","2.45","563.44K","1.21%"
"05/15/2018","2.47","2.45","2.49","2.45","11.37K","1.23%"
"05/14/2018","2.44","2.47","2.50","2.44","375.83K","-0.81%"
"05/13/2018","2.46","2.51","2.51","2.46","136.53K","-1.99%"
"05/10/2018","2.51","2.48","2.51","2.48","219.07K","0.40%"
"05/09/2018","2.50","2.52","2.52","2.48","2.76M","0.00%"
"05/08/2018","2.50","2.50","2.50","2.50","199.12K","0.00%"
"05/07/2018","2.50","2.54","2.54","2.50","666.31K","0.00%"
"05/06/2018","2.50","2.48","2.51","2.43","1.09M","1.21%"
"05/03/2018","2.47","2.44","2.48","2.43","348.20K","1.23%"
"05/02/2018","2.44","2.43","2.48","2.43","210.93K","0.41%"
"05/01/2018","2.43","2.45","2.45","2.43","282.87K","-0.82%"
"04/30/2018","2.45","2.44","2.45","2.42","693.93K","0.82%"
"04/29/2018","2.43","2.46","2.46","2.42","58.31K","-0.41%"
"04/26/2018","2.44","2.44","2.45","2.42","53.78K","0.00%"
"04/25/2018","2.44","2.49","2.49","2.44","973.88K","-0.41%"
"04/24/2018","2.45","2.45","2.45","2.44","1.49M","0.00%"
"04/23/2018","2.45","2.50","2.50","2.45","769.11K","-2.00%"
"04/22/2018","2.50","2.45","2.50","2.45","644.87K","1.63%"
"04/19/2018","2.46","2.47","2.49","2.44","473.15K","-0.81%"
"04/18/2018","2.48","2.49","2.49","2.47","185.14K","-0.40%"
"04/17/2018","2.49","2.53","2.53","2.49","1.65M","-1.58%"
"04/16/2018","2.53","2.54","2.54","2.50","2.00M","1.20%"
"04/15/2018","2.50","2.56","2.60","2.50","3.96M","-1.96%"
"04/12/2018","2.55","2.57","2.57","2.55","703.28K","-1.16%"
"04/11/2018","2.58","2.58","2.60","2.58","882.06K","-0.39%"
"04/10/2018","2.59","2.62","2.62","2.59","471.13K","-0.77%"
"04/09/2018","2.61","2.62","2.64","2.58","229.05K","-1.14%"
"04/08/2018","2.64","2.61","2.65","2.61","629.61K","0.38%"
"04/05/2018","2.63","2.63","2.64","2.60","584.11K","-0.38%"
"04/04/2018","2.64","2.62","2.64","2.62","590.19K","2.72%"
"04/03/2018","2.57","2.60","2.60","2.57","611.04K","-1.91%"
"04/02/2018","2.62","2.67","2.67","2.58","2.24M","-1.87%"
"04/01/2018","2.67","2.70","2.70","2.64","23.90K","1.14%"
"03/29/2018","2.64","2.68","2.68","2.64","1.99M","-1.12%"
"03/28/2018","2.67","2.67","2.70","2.65","3.63M","-0.37%"
"03/27/2018","2.68","2.67","2.69","2.67","2.51M","0.75%"
"03/26/2018","2.66","2.61","2.66","2.60","3.55M","2.31%"
"03/25/2018","2.60","2.56","2.65","2.56","12.29K","-1.14%"
"03/22/2018","2.63","2.62","2.64","2.62","143.80K","-0.75%"
"03/21/2018","2.65","2.61","2.65","2.61","887.36K","1.53%"
"03/20/2018","2.61","2.61","2.63","2.60","2.08M","-0.38%"
"03/19/2018","2.62","2.63","2.63","2.61","717.06K","-0.38%"
"03/18/2018","2.63","2.57","2.63","2.57","833.39K","3.14%"
"03/15/2018","2.55","2.63","2.63","2.55","4.01M","-2.67%"
"03/14/2018","2.62","2.63","2.64","2.62","325.37K","-0.76%"
"03/13/2018","2.64","2.63","2.64","2.63","423.16K","0.38%"
"03/12/2018","2.63","2.62","2.64","2.62","508.84K","0.00%"
"03/11/2018","2.63","2.63","2.66","2.63","111.72K","-1.13%"
"03/08/2018","2.66","2.64","2.67","2.64","300.62K","0.76%"
"03/07/2018","2.64","2.64","2.64","2.64","18.58K","-0.38%"
"03/06/2018","2.65","2.63","2.65","2.62","3.36M","0.76%"
"03/05/2018","2.63","2.64","2.65","2.63","557.95K","-1.50%"
"03/04/2018","2.67","2.65","2.67","2.64","287.85K","0.38%"
"03/01/2018","2.66","2.64","2.66","2.64","77.61K","-1.12%"
"02/28/2018","2.69","2.65","2.69","2.62","2.37M","1.51%"
"02/27/2018","2.65","2.66","2.66","2.60","790.19K","-0.75%"
"02/26/2018","2.67","2.68","2.69","2.67","867.82K","-0.74%"
"02/25/2018","2.69","2.69","2.69","2.67","17.01K","0.75%"
"02/22/2018","2.67","2.68","2.69","2.66","188.38K","0.00%"
"02/21/2018","2.67","2.66","2.68","2.66","238.09K","0.75%"
"02/20/2018","2.65","2.66","2.66","2.64","1.78M","-0.38%"
"02/19/2018","2.66","2.67","2.70","2.64","414.45K","0.38%"
"02/18/2018","2.65","2.64","2.65","2.64","75.36K","0.38%"
"02/15/2018","2.64","2.66","2.67","2.64","1.83M","-0.75%"
"02/14/2018","2.66","2.69","2.70","2.66","284.35K","0.00%"
"02/13/2018","2.66","2.68","2.75","2.66","3.29M","-1.48%"
"02/12/2018","2.70","2.64","2.71","2.64","3.05M","2.27%"
"02/11/2018","2.64","2.62","2.68","2.60","1.14M","-0.38%"
"02/08/2018","2.65","2.65","2.67","2.63","1.23M","-0.75%"
"02/07/2018","2.67","2.60","2.69","2.60","9.21M","3.09%"
"02/06/2018","2.59","2.60","2.65","2.54","1.10M","-2.26%"
"02/05/2018","2.65","2.65","2.66","2.63","1.45M","-0.38%"
"02/04/2018","2.66","2.66","2.69","2.66","78.27K","-1.48%"
"02/01/2018","2.70","2.67","2.70","2.67","54.32K","0.37%"
"01/31/2018","2.69","2.70","2.70","2.68","134.33K","0.37%"
"01/30/2018","2.68","2.71","2.71","2.67","3.90M","-1.11%"
"01/29/2018","2.71","2.71","2.71","2.69","496.71K","0.00%"
"01/28/2018","2.71","2.72","2.72","2.71","955.59K","0.37%"
"01/25/2018","2.70","2.68","2.74","2.68","4.49M","0.37%"
"01/24/2018","2.69","2.72","2.73","2.69","1.71M","-1.10%"
"01/23/2018","2.72","2.73","2.74","2.70","1.84M","0.37%"
"01/22/2018","2.71","2.70","2.74","2.69","4.85M","-0.73%"
"01/21/2018","2.73","2.67","2.75","2.67","8.25M","3.02%"
"01/18/2018","2.65","2.62","2.67","2.62","4.55M","0.38%"
"01/17/2018","2.64","2.62","2.64","2.61","275.34K","0.00%"
"01/16/2018","2.64","2.64","2.64","2.63","2.37M","0.00%"
"01/15/2018","2.64","2.62","2.64","2.60","7.78M","0.38%"
"01/14/2018","2.63","2.64","2.64","2.63","115.63K","0.38%"
"01/11/2018","2.62","2.61","2.63","2.61","9.28M","0.00%"
"01/10/2018","2.62","2.62","2.62","2.60","12.53M","0.00%"
"01/09/2018","2.62","2.62","2.63","2.62","3.76M","0.00%"
"01/08/2018","2.62","2.65","2.66","2.61","599.43K","-0.76%"
"01/07/2018","2.64","2.62","2.65","2.62","905.26K","0.76%"
"01/04/2018","2.62","2.62","2.64","2.61","438.00K","-0.76%"
"01/03/2018","2.64","2.60","2.64","2.60","1.16M","0.38%"
"01/02/2018","2.63","2.60","2.65","2.60","488.74K","-0.75%"
"12/28/2017","2.65","2.62","2.65","2.57","2.83M","1.53%"
"12/27/2017","2.61","2.55","2.61","2.53","7.45M","2.35%"
"12/26/2017","2.55","2.56","2.57","2.53","1.67M","-0.78%"
"12/25/2017","2.57","2.57","2.59","2.50","2.21M","-0.77%"
"12/24/2017","2.59","2.59","2.62","2.55","1.31M","0.00%"
"12/21/2017","2.59","2.64","2.67","2.59","9.45M","-1.89%"
"12/20/2017","2.64","2.73","2.73","2.64","13.19M","-3.30%"
"12/19/2017","2.73","2.75","2.75","2.72","9.37M","-0.36%"
"12/18/2017","2.74","2.68","2.76","2.68","15.97M","2.62%"
"12/17/2017","2.67","2.65","2.68","2.64","3.89M","1.14%"
"12/14/2017","2.64","2.68","2.70","2.61","8.27M","-0.38%"
"12/13/2017","2.65","2.90","2.90","2.61","45.58M","15.72%"