"Date","Price","Open","High","Low","Vol.","Change %"
"07/28/2026","142.00","140.00","142.55","139.71","3.92M","1.43%"
"07/27/2026","140.00","139.00","141.40","138.50","2.70M","0.94%"
"07/26/2026","138.70","139.00","140.30","138.50","613.57K","-0.93%"
"07/22/2026","140.00","139.90","140.30","138.70","3.97M","0.02%"
"07/21/2026","139.97","137.00","140.40","136.70","7.84M","2.47%"
"07/20/2026","136.60","134.17","136.95","133.81","5.39M","1.94%"
"07/19/2026","134.00","135.01","135.50","132.81","1.42M","-1.33%"
"07/16/2026","135.80","135.04","135.85","134.80","1.68M","0.73%"
"07/15/2026","134.81","135.70","136.44","134.55","1.84M","-0.12%"
"07/14/2026","134.97","135.04","137.20","134.01","2.82M","-1.41%"
"07/13/2026","136.90","134.55","136.98","134.50","2.43M","1.77%"
"07/12/2026","134.52","134.52","135.70","134.00","954.22K","0.01%"
"07/09/2026","134.50","133.00","135.00","133.00","1.88M","1.13%"
"07/08/2026","133.00","136.90","136.90","133.00","3.47M","-3.05%"
"07/07/2026","137.18","134.70","137.98","133.52","4.06M","1.99%"
"07/06/2026","134.50","130.00","134.50","129.72","5.28M","3.69%"
"07/05/2026","129.71","129.51","130.00","128.41","1.24M","1.89%"
"07/01/2026","127.30","128.02","128.45","127.25","2.46M","-0.16%"
"06/30/2026","127.50","127.01","129.94","126.89","4.16M","0.48%"
"06/29/2026","126.89","130.11","130.30","126.21","5.23M","-2.26%"
"06/28/2026","129.82","132.50","133.00","129.80","1.93M","-2.02%"
"06/25/2026","132.50","132.20","133.00","131.95","2.28M","0.30%"
"06/24/2026","132.10","133.60","133.60","132.00","3.04M","-1.05%"
"06/23/2026","133.50","136.00","136.20","133.50","3.70M","-1.69%"
"06/22/2026","135.80","136.98","136.99","135.75","3.87M","-0.66%"
"06/21/2026","136.70","136.90","137.07","136.02","956.67K","-0.22%"
"06/17/2026","137.00","134.00","137.00","133.54","9.83M","2.70%"
"06/16/2026","133.40","134.00","134.20","133.03","3.58M","-1.00%"
"06/15/2026","134.75","135.00","136.10","134.60","6.19M","-0.01%"
"06/14/2026","134.76","134.50","135.70","134.50","4.25M","2.33%"
"06/11/2026","131.69","130.50","132.16","130.00","3.64M","0.49%"
"06/10/2026","131.05","132.95","133.50","131.00","4.18M","-1.44%"
"06/09/2026","132.97","130.70","132.98","130.70","3.60M","2.21%"
"06/08/2026","130.10","131.80","132.20","129.80","5.54M","-1.73%"
"06/07/2026","132.39","131.90","132.45","131.30","1.37M","-0.08%"
"06/04/2026","132.50","132.05","132.60","131.30","2.74M","0.49%"
"06/03/2026","131.85","133.01","133.69","131.80","2.55M","-0.53%"
"06/02/2026","132.55","132.05","133.80","132.05","5.26M","0.61%"
"06/01/2026","131.75","135.00","135.50","131.67","9.83M","-0.94%"
"05/25/2026","133.00","136.25","136.80","133.00","15.55M","-2.21%"
"05/24/2026","136.00","132.50","136.49","132.50","3.58M","3.42%"
"05/21/2026","131.50","132.23","132.96","131.50","1.73M","-0.17%"
"05/20/2026","131.72","133.60","134.00","131.54","4.26M","-1.34%"
"05/19/2026","133.51","132.00","133.69","132.00","3.76M","1.52%"
"05/18/2026","131.51","133.05","133.60","131.51","3.09M","-1.12%"
"05/17/2026","133.00","134.19","134.40","133.00","2.26M","-1.12%"
"05/14/2026","134.51","136.27","136.40","134.35","4.85M","-1.43%"
"05/13/2026","136.46","139.99","139.99","135.35","7.48M","-2.54%"
"05/12/2026","140.01","143.32","144.00","139.25","9.33M","-2.09%"
"05/11/2026","143.00","143.55","144.93","142.70","5.22M","-0.36%"
"05/10/2026","143.51","142.00","143.51","141.75","1.47M","1.35%"
"05/06/2026","141.60","139.10","143.00","139.05","6.70M","2.46%"
"05/05/2026","138.20","135.11","138.30","133.60","3.88M","2.29%"
"05/04/2026","135.11","137.00","137.74","135.10","1.31M","-0.65%"
"05/03/2026","136.00","135.26","136.90","134.90","1.42M","0.74%"
"04/30/2026","135.00","138.00","138.00","135.00","3.21M","-2.17%"
"04/29/2026","138.00","137.45","138.00","136.70","2.05M","0.65%"
"04/28/2026","137.11","140.00","140.00","137.11","3.27M","-1.36%"
"04/27/2026","139.00","137.70","140.70","137.70","3.22M","1.02%"
"04/26/2026","137.60","138.10","138.25","137.10","733.37K","-0.29%"
"04/23/2026","138.00","136.34","139.10","136.00","2.95M","1.26%"
"04/22/2026","136.28","139.10","139.50","136.28","2.74M","-1.96%"
"04/21/2026","139.00","139.75","139.98","138.43","2.61M","-0.50%"
"04/20/2026","139.70","141.28","141.28","137.50","4.31M","-1.62%"
"04/19/2026","142.00","142.05","144.00","142.00","2.20M","1.43%"
"04/16/2026","140.00","138.00","140.00","138.00","12.29M","1.82%"
"04/15/2026","137.50","134.50","137.50","134.20","8.96M","2.62%"
"04/14/2026","133.99","130.12","134.00","130.12","4.80M","3.55%"
"04/12/2026","129.40","127.75","129.40","129.40","5.91M","0.00%"
"04/09/2026","129.40","127.45","130.98","126.40","5.91M","1.29%"
"04/08/2026","127.75","126.01","128.17","125.43","6.67M","4.71%"
"04/07/2026","122.00","122.50","123.50","122.00","4.58M","-4.51%"
"04/06/2026","127.76","127.00","128.50","126.40","3.13M","0.68%"
"04/05/2026","126.90","124.94","127.00","124.35","1.78M","2.34%"
"04/02/2026","124.00","123.46","125.00","122.10","2.44M","-0.63%"
"04/01/2026","124.79","125.00","126.30","123.21","7.53M","3.13%"
"03/31/2026","121.00","119.80","123.55","119.70","6.24M","1.01%"
"03/30/2026","119.79","123.80","124.70","119.50","5.40M","-3.08%"
"03/29/2026","123.60","124.21","124.68","123.15","1.42M","-1.12%"
"03/26/2026","125.00","126.29","126.40","125.00","3.35M","-0.79%"
"03/25/2026","126.00","124.50","127.58","124.30","6.41M","1.53%"
"03/24/2026","124.10","127.50","127.99","124.10","9.11M","-4.32%"
"03/18/2026","129.70","121.50","129.70","121.30","10.02M","8.53%"
"03/17/2026","119.51","117.70","121.00","117.70","3.92M","1.97%"
"03/16/2026","117.20","120.70","121.28","116.50","5.37M","-1.35%"
"03/15/2026","118.80","122.02","122.85","118.30","2.27M","-2.62%"
"03/12/2026","122.00","125.98","126.50","122.00","3.47M","-2.63%"
"03/11/2026","125.30","129.55","129.99","124.98","5.66M","-3.24%"
"03/10/2026","129.50","125.00","129.50","123.60","3.24M","5.28%"
"03/09/2026","123.00","122.00","123.20","118.04","3.50M","0.89%"
"03/08/2026","121.91","124.99","125.20","121.50","2.13M","-3.25%"
"03/05/2026","126.00","123.50","127.02","122.50","6.55M","3.70%"
"03/04/2026","121.50","123.90","124.00","111.00","6.59M","-1.94%"
"03/03/2026","123.90","127.90","127.98","123.56","9.89M","-3.39%"
"03/02/2026","128.25","130.01","131.00","127.95","4.63M","-1.35%"
"03/01/2026","130.00","127.10","130.59","127.05","4.04M","-2.62%"
"02/26/2026","133.50","132.06","133.50","130.01","8.84M","1.10%"
"02/25/2026","132.05","137.66","138.36","130.02","4.57M","-4.00%"
"02/24/2026","137.55","139.40","140.78","137.55","3.97M","-1.32%"
"02/23/2026","139.39","135.02","139.39","134.85","3.79M","3.25%"
"02/22/2026","135.00","138.13","139.89","134.50","1.82M","-2.17%"
"02/19/2026","138.00","140.75","141.94","137.11","2.95M","-1.95%"
"02/18/2026","140.74","141.69","141.99","139.49","3.32M","-0.67%"
"02/17/2026","141.69","141.06","143.00","140.70","2.23M","0.81%"
"02/16/2026","140.55","143.20","145.01","140.25","3.05M","-1.71%"
"02/15/2026","142.99","137.88","143.95","137.12","2.72M","3.71%"
"02/12/2026","137.87","134.39","137.87","134.00","4.76M","2.89%"
"02/11/2026","134.00","137.31","137.87","134.00","4.15M","-1.90%"
"02/10/2026","136.60","137.75","140.20","136.60","6.74M","0.44%"
"02/09/2026","136.00","137.10","137.99","134.95","9.38M","0.00%"
"02/08/2026","136.00","138.50","138.97","136.00","1.03M","-0.91%"
"02/05/2026","137.25","137.00","138.99","136.60","10.15M","0.55%"
"02/04/2026","136.50","133.49","136.92","133.10","7.91M","2.63%"
"02/03/2026","133.00","129.30","134.00","129.03","13.40M","2.86%"
"02/02/2026","129.30","132.00","132.30","127.11","4.42M","-1.67%"
"02/01/2026","131.50","133.00","134.05","130.51","3.10M","-1.87%"
"01/28/2026","134.00","133.05","135.00","132.90","5.65M","0.87%"
"01/27/2026","132.85","131.30","133.74","131.30","4.37M","1.43%"
"01/26/2026","130.98","129.00","132.69","128.92","3.60M","1.61%"
"01/25/2026","128.90","128.02","129.80","127.80","1.29M","0.91%"
"01/22/2026","127.74","127.51","129.30","127.00","4.64M","0.58%"
"01/21/2026","127.00","126.70","127.50","125.00","3.06M","0.24%"
"01/20/2026","126.70","125.03","127.00","124.80","3.93M","1.44%"
"01/19/2026","124.90","124.00","125.40","123.40","2.14M","1.50%"
"01/18/2026","123.05","123.00","124.99","122.22","1.53M","1.10%"
"01/15/2026","121.71","118.00","125.80","117.80","9.09M","3.36%"
"01/14/2026","117.75","120.00","120.50","115.10","3.45M","-2.14%"
"01/13/2026","120.33","118.00","122.80","117.80","7.08M","4.54%"
"01/12/2026","115.10","109.45","115.10","108.00","5.89M","6.11%"
"01/11/2026","108.47","108.00","110.25","107.65","4.40M","4.00%"
"01/08/2026","104.30","103.41","105.58","103.40","3.73M","1.25%"
"01/06/2026","103.01","101.02","103.01","100.31","2.41M","1.99%"
"01/05/2026","101.00","101.45","101.89","98.30","2.96M","0.48%"
"01/04/2026","100.52","103.98","103.98","100.52","915.46K","-2.41%"
"12/31/2025","103.00","103.00","104.10","103.00","1.15M","0.00%"
"12/30/2025","103.00","103.91","104.00","102.70","975.94K","-0.89%"
"12/29/2025","103.92","103.75","103.99","102.50","1.36M","0.41%"
"12/28/2025","103.50","103.80","104.30","103.01","371.57K","0.49%"
"12/25/2025","103.00","104.88","104.90","102.31","900.61K","-1.79%"
"12/24/2025","104.88","103.94","104.98","103.01","1.45M","0.89%"
"12/23/2025","103.95","102.01","103.95","101.27","2.04M","2.11%"
"12/22/2025","101.80","104.27","105.49","101.80","3.11M","-2.35%"
"12/21/2025","104.25","101.94","104.25","101.70","13.46M","3.19%"
"12/18/2025","101.03","103.80","104.98","101.03","7.34M","-2.67%"
"12/17/2025","103.80","107.91","109.00","103.80","4.04M","-2.83%"
"12/16/2025","106.82","109.00","109.00","106.36","2.68M","-0.51%"
"12/15/2025","107.36","106.36","109.09","106.00","12.17M","1.37%"
"12/14/2025","105.91","106.35","106.58","105.45","1.12M","-0.25%"
"12/11/2025","106.17","106.18","106.64","104.64","2.31M","0.15%"
"12/10/2025","106.02","106.68","107.09","105.84","1.41M","-0.64%"
"12/09/2025","106.70","107.27","107.71","106.20","1.99M","-0.37%"
"12/08/2025","107.09","105.65","107.14","105.65","2.51M","1.38%"
"12/07/2025","105.64","106.59","107.18","105.36","970.69K","-0.51%"
"12/04/2025","106.18","104.57","107.48","104.57","3.53M","1.57%"
"12/03/2025","104.54","99.64","105.91","99.27","5.28M","4.77%"
"12/02/2025","99.77","98.18","99.97","98.18","2.56M","1.82%"
"12/01/2025","97.99","97.97","98.18","97.27","1.87M","0.08%"
"11/30/2025","97.91","97.81","98.17","97.27","1.36M","0.17%"
"11/27/2025","97.75","96.36","97.95","96.25","1.33M","1.63%"
"11/26/2025","96.18","98.10","98.18","95.45","1.51M","-1.89%"
"11/25/2025","98.04","95.46","98.18","95.45","2.94M","3.19%"
"11/24/2025","95.01","96.87","97.64","95.01","8.58M","-1.91%"
"11/23/2025","96.86","96.45","97.95","96.39","1.53M","0.50%"
"11/20/2025","96.38","97.26","97.26","96.38","2.58M","-0.45%"
"11/19/2025","96.82","97.35","98.05","96.75","2.59M","-0.47%"
"11/18/2025","97.27","98.64","99.55","97.03","2.28M","-1.34%"
"11/17/2025","98.59","100.00","100.00","97.82","4.10M","-1.39%"
"11/16/2025","99.98","98.79","100.00","98.79","1.17M","1.36%"
"11/13/2025","98.64","100.45","100.45","98.64","1.76M","-1.71%"
"11/12/2025","100.35","100.18","101.18","99.84","3.48M","0.17%"
"11/11/2025","100.18","100.10","101.45","99.64","4.42M","0.08%"
"11/10/2025","100.10","101.37","101.55","99.32","3.60M","-1.25%"
"11/09/2025","101.36","100.00","101.55","99.37","1.62M","2.28%"
"11/06/2025","99.10","97.14","100.00","96.82","6.03M","1.97%"
"11/05/2025","97.18","97.27","97.73","95.91","1.71M","-0.09%"
"11/04/2025","97.27","97.28","98.45","96.36","5.51M","0.95%"
"11/03/2025","96.35","94.65","96.35","94.15","2.22M","1.91%"
"11/02/2025","94.55","95.45","96.08","94.55","1.14M","-1.41%"
"10/30/2025","95.90","95.45","95.90","94.55","1.81M","0.89%"
"10/29/2025","95.05","95.95","96.36","94.55","1.47M","-0.80%"
"10/28/2025","95.82","95.30","96.18","95.01","1.87M","0.61%"
"10/27/2025","95.24","95.45","96.55","94.59","2.33M","-0.23%"
"10/26/2025","95.45","94.55","95.60","94.41","1.41M","1.09%"
"10/23/2025","94.43","95.45","95.45","93.64","1.23M","-0.28%"
"10/22/2025","94.69","94.77","95.47","94.64","2.16M","0.09%"
"10/21/2025","94.61","96.36","96.53","94.55","1.72M","-1.18%"
"10/20/2025","95.74","95.70","97.41","95.52","10.61M","0.25%"
"10/19/2025","95.50","95.75","96.36","95.05","374.57K","-0.19%"
"10/16/2025","95.68","96.32","96.82","95.68","2.91M","-0.71%"
"10/15/2025","96.36","95.45","96.36","95.06","1.15M","1.39%"
"10/14/2025","95.05","94.73","95.82","94.73","952.96K","0.42%"
"10/13/2025","94.65","94.77","96.09","94.65","4.35M","0.06%"
"10/12/2025","94.59","96.27","96.27","94.59","1.55M","-1.75%"
"10/08/2025","96.27","95.00","96.27","94.55","870.16K","0.86%"
"10/07/2025","95.45","95.05","95.91","94.55","737.71K","0.43%"
"10/06/2025","95.05","95.50","96.00","94.36","2.48M","-0.48%"
"10/05/2025","95.50","93.90","96.27","93.65","1.77M","1.70%"
"10/02/2025","93.90","92.87","94.00","92.73","1.30M","1.25%"
"10/01/2025","92.74","91.77","93.82","91.18","2.53M","1.00%"
"09/30/2025","91.82","90.19","91.82","90.05","4.49M","1.25%"
"09/29/2025","90.68","90.45","90.82","89.64","2.85M","0.35%"
"09/28/2025","90.36","89.04","90.91","88.64","1.90M","1.95%"
"09/25/2025","88.64","89.55","90.00","88.64","1.48M","-1.27%"
"09/24/2025","89.77","87.26","90.00","87.01","2.00M","3.18%"
"09/23/2025","87.01","87.72","87.77","86.70","1.31M","-0.30%"
"09/22/2025","87.27","88.27","88.77","86.35","4.38M","-1.03%"
"09/21/2025","88.18","90.00","90.00","88.18","717.15K","-2.00%"
"09/18/2025","89.98","89.36","90.09","88.91","3.82M","0.59%"
"09/17/2025","89.45","88.81","89.73","88.19","2.43M","1.43%"
"09/16/2025","88.19","89.09","89.73","88.19","3.53M","-0.95%"
"09/15/2025","89.04","87.74","89.08","87.73","2.62M","1.49%"
"09/14/2025","87.73","87.25","88.18","87.25","1.26M","0.53%"
"09/11/2025","87.26","86.36","87.27","85.51","1.30M","1.17%"
"09/10/2025","86.25","85.45","86.55","84.64","1.00M","0.94%"
"09/09/2025","85.45","87.18","87.45","84.82","2.99M","-1.96%"
"09/08/2025","87.16","86.00","87.25","85.60","5.12M","1.89%"
"09/07/2025","85.55","87.27","87.49","85.55","441.94K","-1.98%"
"09/03/2025","87.27","87.27","87.27","86.64","1.85M","0.00%"
"09/02/2025","87.27","86.82","87.27","86.00","1.62M","1.04%"
"09/01/2025","86.37","87.77","88.18","85.73","7.14M","-1.55%"
"08/31/2025","87.74","88.32","88.75","87.26","753.63K","-0.64%"
"08/28/2025","88.30","89.08","89.98","88.18","1.57M","-0.88%"
"08/27/2025","89.08","88.38","89.18","87.82","1.48M","1.02%"
"08/26/2025","88.18","90.08","90.91","88.18","14.11M","-2.04%"
"08/25/2025","90.02","89.56","90.36","89.56","763.98K","0.52%"
"08/24/2025","89.55","90.00","90.45","89.30","709.29K","-0.49%"
"08/21/2025","90.00","90.45","91.09","90.00","1.98M","-0.51%"
"08/20/2025","90.46","91.80","91.92","90.09","2.00M","-1.46%"
"08/19/2025","91.80","90.92","91.83","90.74","5.46M","1.39%"
"08/18/2025","90.55","90.90","92.27","90.55","5.62M","-0.40%"
"08/17/2025","90.91","89.43","90.91","89.27","458.21K","1.73%"
"08/14/2025","89.36","90.75","90.75","89.36","1.32M","-1.55%"
"08/13/2025","90.77","90.45","90.82","89.82","1.71M","0.35%"
"08/12/2025","90.45","90.73","90.73","89.19","1.55M","0.51%"
"08/11/2025","90.00","90.98","91.72","89.83","5.01M","-1.01%"
"08/10/2025","90.92","90.91","92.73","90.50","1.21M","-0.09%"
"08/07/2025","91.00","90.45","91.73","90.30","2.74M","0.60%"
"08/06/2025","90.45","89.00","90.73","89.00","2.34M","1.63%"
"08/05/2025","89.00","86.92","89.00","86.92","6.89M","2.41%"
"08/04/2025","86.91","85.00","87.18","84.95","2.13M","2.25%"
"08/03/2025","85.00","85.45","85.64","84.33","552.05K","-0.64%"
"07/31/2025","85.55","85.45","86.55","85.45","2.03M","-0.21%"
"07/30/2025","85.73","85.17","86.35","85.17","3.19M","0.64%"
"07/29/2025","85.18","86.27","86.64","85.18","5.31M","-1.26%"
"07/28/2025","86.27","86.35","86.36","85.86","5.89M","-0.09%"
"07/27/2025","86.35","83.64","86.35","83.18","2.72M","3.25%"
"07/23/2025","83.64","82.36","83.64","81.36","1.31M","1.55%"
"07/22/2025","82.36","83.16","83.18","82.28","1.95M","-0.98%"
"07/21/2025","83.18","81.82","83.18","81.82","4.06M","1.67%"
"07/20/2025","81.82","81.36","82.58","80.91","1.26M","0.02%"
"07/17/2025","81.80","79.96","81.82","79.59","3.02M","2.27%"
"07/16/2025","79.98","80.80","81.80","79.64","2.04M","-1.15%"
"07/15/2025","80.91","79.07","80.91","78.31","3.33M","2.30%"
"07/14/2025","79.09","76.46","79.14","76.18","4.87M","3.42%"
"07/13/2025","76.47","77.18","77.21","76.37","525.77K","-0.97%"
"07/10/2025","77.22","76.36","77.22","76.00","2.23M","1.12%"
"07/09/2025","76.36","75.95","77.00","75.95","1.96M","0.57%"
"07/07/2025","75.93","75.75","76.36","75.55","1.21M","0.26%"
"07/06/2025","75.73","76.72","76.72","75.73","976.20K","-1.35%"
"07/02/2025","76.76","77.24","77.27","75.91","2.03M","-0.61%"
"07/01/2025","77.24","76.68","77.24","76.44","986.77K","0.78%"
"06/30/2025","76.64","77.09","77.68","76.36","5.54M","-0.75%"
"06/29/2025","77.22","76.37","77.55","76.37","3.02M","1.24%"
"06/25/2025","76.27","75.00","76.27","74.55","2.45M","1.33%"
"06/24/2025","75.27","73.18","75.27","73.18","4.40M","4.65%"
"06/23/2025","71.93","72.55","72.80","71.85","1.30M","-0.85%"
"06/22/2025","72.55","70.91","72.64","70.29","1.77M","1.50%"
"06/19/2025","71.47","72.73","72.73","71.47","9.23M","-1.74%"
"06/18/2025","72.74","72.00","72.86","71.26","1.51M","0.26%"
"06/17/2025","72.55","71.91","72.64","71.36","3.09M","0.88%"
"06/16/2025","71.91","70.91","72.73","70.91","4.27M","1.41%"
"06/15/2025","70.91","71.15","71.36","70.03","3.58M","-4.29%"
"06/12/2025","74.09","74.91","75.00","73.86","1.98M","-1.27%"
"06/11/2025","75.05","73.64","75.05","73.64","3.36M","2.04%"
"06/10/2025","73.55","73.65","74.35","73.55","13.38M","-1.21%"
"06/04/2025","74.45","73.55","74.45","73.19","2.47M","1.10%"
"06/03/2025","73.64","73.05","73.75","73.05","2.03M","0.80%"
"06/02/2025","73.05","73.27","73.43","72.92","2.97M","-0.36%"
"06/01/2025","73.32","74.27","74.45","73.18","3.88M","-2.66%"
"05/29/2025","75.32","74.00","75.32","73.73","8.60M","1.78%"
"05/28/2025","74.00","73.85","74.18","73.50","1.32M","0.18%"
"05/27/2025","73.86","72.64","73.86","72.57","826.62K","1.69%"
"05/26/2025","72.64","72.74","73.07","72.64","1.51M","0.00%"
"05/25/2025","72.64","72.64","73.00","72.64","1.87M","0.00%"
"05/22/2025","72.64","72.83","73.18","72.57","1.18M","-0.26%"
"05/21/2025","72.83","73.54","73.54","72.46","2.14M","0.43%"
"05/20/2025","72.52","72.09","73.17","72.09","4.52M","0.59%"
"05/19/2025","72.09","73.35","73.64","72.01","2.99M","-1.71%"
"05/18/2025","73.35","73.82","74.08","72.91","1.14M","-0.64%"
"05/15/2025","73.82","73.99","74.10","73.41","3.40M","-0.23%"
"05/14/2025","73.99","72.74","73.99","72.73","2.50M","1.74%"
"05/13/2025","72.73","72.29","73.27","72.29","2.63M","0.69%"
"05/12/2025","72.23","72.00","73.64","72.00","5.30M","1.08%"
"05/11/2025","71.45","72.74","73.18","71.45","1.94M","-1.57%"
"05/08/2025","72.59","72.75","73.64","72.55","892.63K","-0.19%"
"05/07/2025","72.73","74.36","74.73","72.73","1.90M","-2.31%"
"05/06/2025","74.45","73.49","74.76","73.00","2.55M","1.26%"
"05/05/2025","73.52","73.41","74.08","73.27","2.71M","0.21%"
"05/04/2025","73.36","73.61","73.86","73.18","861.47K","-0.33%"
"04/30/2025","73.61","72.73","73.61","72.55","2.09M","1.26%"
"04/29/2025","72.69","72.78","73.46","72.69","865.51K","-0.67%"
"04/28/2025","73.18","72.65","73.27","72.41","5.35M","0.73%"
"04/27/2025","72.65","72.23","72.90","72.18","1.78M","0.54%"
"04/23/2025","72.26","70.24","72.26","70.06","2.84M","2.89%"
"04/22/2025","70.24","70.81","70.86","69.83","1.24M","-0.57%"
"04/17/2025","70.64","70.18","70.84","70.00","2.29M","0.91%"
"04/16/2025","70.00","69.78","70.25","69.31","1.23M","0.26%"
"04/15/2025","69.82","70.27","70.62","69.82","2.04M","-0.52%"
"04/14/2025","70.18","71.37","71.82","70.18","1.01M","-1.66%"
"04/13/2025","71.36","71.63","71.64","70.64","785.93K","-0.62%"
"04/10/2025","71.81","69.94","71.81","69.11","2.01M","3.93%"
"04/09/2025","69.09","69.64","69.95","68.45","1.24M","-0.55%"
"04/08/2025","69.47","69.84","70.51","69.45","2.29M","-2.21%"
"04/07/2025","71.05","71.18","72.27","70.32","2.76M","-0.57%"
"04/06/2025","71.45","70.73","72.45","70.27","1.28M","-1.38%"
"04/03/2025","72.45","74.55","74.89","72.45","1.99M","-3.34%"
"03/27/2025","74.95","74.55","74.95","74.12","1.99M","0.67%"
"03/26/2025","74.45","74.28","74.82","73.45","2.15M","0.23%"
"03/25/2025","74.28","74.27","75.00","74.10","1.58M","-0.23%"
"03/24/2025","74.45","74.36","75.14","74.09","1.96M","0.13%"
"03/23/2025","74.35","72.35","74.55","71.91","2.38M","3.66%"
"03/20/2025","71.73","71.00","72.73","70.91","6.10M","1.02%"
"03/19/2025","71.00","70.91","71.00","70.60","969.92K","0.13%"
"03/18/2025","70.91","70.77","70.91","70.46","1.38M","0.09%"
"03/17/2025","70.85","69.77","70.99","69.47","1.98M","1.59%"
"03/16/2025","69.74","70.18","70.36","69.55","1.02M","-0.44%"
"03/13/2025","70.05","70.02","70.36","69.93","3.41M","0.06%"
"03/12/2025","70.00","70.19","70.22","69.90","2.26M","-0.25%"
"03/11/2025","70.17","70.45","70.82","69.84","654.51K","-0.91%"
"03/10/2025","70.82","70.74","70.96","70.46","3.30M","0.12%"
"03/09/2025","70.74","70.45","70.91","70.27","1.69M","0.40%"
"03/06/2025","70.45","70.45","70.70","70.01","1.01M","0.00%"
"03/05/2025","70.45","69.41","70.64","69.37","2.10M","1.64%"
"03/04/2025","69.32","70.14","70.50","69.32","1.47M","-1.12%"
"03/03/2025","70.10","69.64","70.64","69.45","3.55M","0.80%"
"03/02/2025","69.55","68.89","69.63","68.89","1.15M","1.06%"
"02/27/2025","68.82","70.00","70.17","68.82","5.77M","-1.06%"
"02/26/2025","69.55","70.55","71.05","69.55","3.00M","-1.40%"
"02/25/2025","70.55","72.40","72.40","70.48","2.74M","-2.56%"
"02/24/2025","72.40","72.55","72.55","71.70","2.09M","-0.13%"
"02/23/2025","72.49","72.00","72.54","71.64","785.94K","0.94%"
"02/20/2025","71.82","72.73","72.86","71.45","2.08M","-1.21%"
"02/19/2025","72.70","72.72","73.09","72.38","2.60M","0.91%"
"02/18/2025","72.05","72.46","72.73","71.82","1.77M","-0.56%"
"02/17/2025","72.45","71.65","72.73","71.42","2.92M","1.52%"
"02/16/2025","71.37","70.89","72.00","70.45","743.18K","0.67%"
"02/13/2025","70.90","70.45","70.91","70.02","1.27M","0.50%"
"02/12/2025","70.55","70.00","70.63","69.36","3.71M","0.51%"
"02/11/2025","70.19","70.05","70.68","69.95","1.89M","0.21%"
"02/10/2025","70.05","70.36","71.45","70.02","1.01M","-0.50%"
"02/09/2025","70.40","70.91","71.00","69.73","328.05K","-0.72%"
"02/06/2025","70.91","70.45","70.91","70.00","934.07K","0.65%"
"02/05/2025","70.45","69.64","70.45","69.36","2.05M","1.23%"
"02/04/2025","69.60","69.72","70.45","69.55","1.44M","-0.17%"
"02/03/2025","69.72","69.41","69.96","69.41","2.05M","0.45%"
"02/02/2025","69.41","69.89","70.17","69.37","621.82K","0.20%"
"01/30/2025","69.27","69.46","70.45","69.22","2.20M","0.12%"
"01/29/2025","69.19","69.41","70.00","69.09","1.64M","-0.31%"
"01/28/2025","69.41","69.77","70.06","69.00","2.37M","-0.20%"
"01/27/2025","69.55","70.38","70.59","69.41","1.19M","-0.80%"
"01/26/2025","70.11","69.91","70.91","69.54","1.38M","0.82%"
"01/23/2025","69.54","69.28","70.12","69.01","1.22M","0.45%"
"01/22/2025","69.23","69.55","70.45","69.23","1.91M","-0.33%"
"01/21/2025","69.45","69.00","69.72","69.00","758.13K","0.78%"
"01/20/2025","68.92","69.56","70.00","68.87","2.02M","-0.88%"
"01/19/2025","69.53","69.82","69.98","69.09","515.54K","0.24%"
"01/16/2025","69.36","68.73","69.91","68.64","2.35M","1.06%"
"01/15/2025","68.64","68.22","69.17","67.73","2.35M","0.67%"
"01/14/2025","68.18","66.36","69.03","66.36","2.39M","1.76%"
"01/13/2025","67.00","69.55","70.25","67.00","5.78M","-3.36%"
"01/12/2025","69.33","70.45","70.63","69.12","2.07M","-1.60%"
"01/09/2025","70.45","72.01","72.50","70.45","633.27K","-2.02%"
"01/08/2025","71.91","71.72","72.54","71.27","2.98M","0.32%"
"01/06/2025","71.68","71.82","72.18","71.42","1.09M","-0.23%"
"01/05/2025","71.85","71.95","72.27","71.82","856.27K","-0.10%"
"01/02/2025","71.92","71.55","72.26","71.46","923.46K","0.78%"
"12/31/2024","71.36","71.75","72.35","71.28","2.84M","-0.14%"
"12/30/2024","71.46","72.18","72.73","71.36","2.93M","-0.56%"
"12/29/2024","71.86","73.54","74.08","71.86","1.26M","-2.27%"
"12/26/2024","73.54","74.22","74.55","73.51","1.66M","-0.87%"
"12/25/2024","74.18","74.10","74.64","73.83","531.92K","0.18%"
"12/24/2024","74.05","75.13","75.64","73.82","3.46M","-1.39%"
"12/23/2024","75.09","76.07","76.07","75.09","3.56M","-1.11%"
"12/22/2024","75.94","76.27","76.36","75.50","1.36M","-0.55%"
"12/19/2024","76.35","75.55","76.35","74.56","9.74M","1.07%"
"12/18/2024","75.55","74.82","76.36","74.82","2.83M","1.30%"
"12/17/2024","74.57","76.09","76.09","74.57","1.38M","-2.00%"
"12/16/2024","76.09","75.91","76.19","75.73","4.35M","0.25%"
"12/15/2024","75.90","75.45","76.09","75.09","1.38M","0.60%"
"12/12/2024","75.45","74.55","75.65","74.45","4.17M","1.22%"
"12/11/2024","74.54","73.64","74.97","73.64","2.26M","1.47%"
"12/10/2024","73.45","74.58","74.99","73.45","1.05M","-1.46%"
"12/09/2024","74.55","75.00","75.09","74.55","2.52M","-0.24%"
"12/08/2024","74.73","74.55","75.36","74.55","783.73K","0.24%"
"12/05/2024","74.55","74.97","75.40","74.55","3.87M","-0.36%"
"12/04/2024","74.82","74.85","75.09","74.55","1.83M","-0.06%"
"12/03/2024","74.86","74.09","75.00","73.65","7.78M","1.06%"
"12/02/2024","74.08","73.85","74.55","73.45","4.83M","0.31%"
"12/01/2024","73.85","73.63","73.98","73.10","1.75M","-0.20%"
"11/28/2024","74.00","71.45","74.00","71.25","2.60M","3.56%"
"11/27/2024","71.45","72.73","72.73","71.45","2.42M","-1.75%"
"11/26/2024","72.73","72.23","72.73","72.08","1.35M","0.95%"
"11/25/2024","72.05","72.63","73.18","72.05","7.64M","-0.75%"
"11/24/2024","72.59","72.64","72.95","72.55","1.85M","0.05%"
"11/21/2024","72.55","72.82","73.18","72.55","2.40M","-0.24%"
"11/20/2024","72.73","73.17","73.17","72.28","3.03M","-0.25%"
"11/19/2024","72.91","73.91","74.09","72.91","1.06M","-1.01%"
"11/18/2024","73.65","74.33","74.65","73.65","1.19M","-0.86%"
"11/17/2024","74.29","75.15","75.40","74.28","759.56K","-1.09%"
"11/14/2024","75.11","75.04","75.73","75.00","2.89M","0.15%"
"11/13/2024","75.00","74.63","75.44","74.63","2.83M","0.55%"
"11/12/2024","74.59","75.00","75.25","74.51","1.90M","-0.50%"
"11/11/2024","74.96","74.68","75.45","74.55","4.65M","0.43%"
"11/10/2024","74.65","73.68","74.77","73.68","2.03M","1.36%"
"11/07/2024","73.65","73.73","74.10","73.50","4.15M","0.01%"
"11/06/2024","73.64","73.55","74.18","73.37","1.65M","0.37%"
"11/05/2024","73.36","73.53","73.73","73.09","3.19M","0.62%"
"11/04/2024","72.91","74.54","74.55","72.82","6.09M","-1.00%"
"11/03/2024","73.65","73.03","73.95","73.03","1.43M","1.26%"
"10/31/2024","72.73","72.49","73.73","72.49","5.82M","0.33%"
"10/30/2024","72.49","72.73","73.32","72.27","3.85M","-0.30%"
"10/29/2024","72.71","73.64","73.82","72.45","3.00M","-1.12%"
"10/28/2024","73.54","73.55","74.27","72.73","11.47M","-0.01%"
"10/27/2024","73.55","71.76","73.82","71.76","2.48M","2.53%"
"10/24/2024","71.73","71.51","72.27","71.27","2.36M","0.31%"
"10/23/2024","71.51","72.27","72.72","71.45","1.84M","-0.81%"
"10/22/2024","72.09","72.23","72.73","71.36","3.91M","-0.25%"
"10/21/2024","72.27","69.75","72.27","69.09","2.55M","3.91%"
"10/20/2024","69.55","72.05","72.06","69.55","1.50M","-3.15%"
"10/17/2024","71.82","72.45","72.86","71.82","1.83M","-0.77%"
"10/16/2024","72.37","72.74","73.64","72.32","4.07M","-0.43%"
"10/15/2024","72.68","73.65","73.73","72.11","5.79M","-1.03%"
"10/14/2024","73.44","73.09","73.55","72.06","2.33M","0.98%"
"10/13/2024","72.73","73.75","74.53","71.83","2.98M","-1.25%"
"10/10/2024","73.65","75.05","75.41","73.65","5.19M","-1.81%"
"10/09/2024","75.00","76.00","76.36","74.19","3.05M","-1.20%"
"10/08/2024","75.91","77.09","77.54","74.80","5.68M","-1.76%"
"10/07/2024","77.27","77.30","78.07","76.95","4.29M","0.00%"
"10/03/2024","77.27","77.82","78.11","77.27","1.94M","-0.69%"
"10/02/2024","77.81","78.15","78.41","77.20","2.27M","-0.88%"
"10/01/2024","78.50","77.27","78.58","70.29","9.99M","2.19%"
"09/30/2024","76.82","77.57","78.18","76.82","5.41M","-0.59%"
"09/29/2024","77.27","77.67","77.86","77.27","1.42M","-0.47%"
"09/26/2024","77.64","77.73","78.14","77.33","2.59M","0.05%"
"09/25/2024","77.60","77.36","77.61","76.82","4.09M","0.42%"
"09/24/2024","77.27","77.86","78.18","77.27","2.78M","-0.64%"
"09/23/2024","77.77","77.99","78.64","77.73","3.90M","0.11%"
"09/22/2024","77.69","78.82","79.15","77.43","4.01M","-1.54%"
"09/19/2024","78.91","77.64","78.91","77.28","5.65M","1.82%"
"09/18/2024","77.50","77.71","77.91","77.27","2.34M","0.29%"
"09/17/2024","77.27","77.64","78.09","77.27","3.79M","-0.54%"
"09/16/2024","77.69","78.32","79.15","77.59","2.10M","-0.97%"
"09/12/2024","78.45","77.68","78.64","77.10","3.55M","1.05%"
"09/11/2024","77.64","77.73","78.09","77.00","2.20M","-0.12%"
"09/10/2024","77.73","77.73","78.13","77.27","2.98M","0.00%"
"09/09/2024","77.73","77.68","78.06","77.09","4.28M","0.46%"
"09/08/2024","77.37","79.45","79.55","77.27","2.49M","-2.62%"
"09/05/2024","79.45","79.09","79.55","78.82","2.67M","0.46%"
"09/04/2024","79.09","79.05","79.52","78.18","2.42M","0.08%"
"09/03/2024","79.03","78.87","79.03","77.64","3.71M","0.92%"
"09/02/2024","78.31","78.82","79.72","78.22","2.86M","-0.46%"
"09/01/2024","78.67","79.20","79.95","78.38","1.30M","-0.62%"
"08/29/2024","79.16","80.10","80.80","79.16","8.91M","-1.60%"
"08/28/2024","80.45","80.14","80.90","80.09","2.03M","0.40%"
"08/27/2024","80.14","79.73","81.55","79.45","4.70M","0.18%"
"08/26/2024","79.99","79.84","80.34","79.18","3.65M","0.19%"
"08/25/2024","79.84","80.72","80.72","79.73","1.07M","-1.09%"
"08/22/2024","80.72","79.09","80.72","78.20","5.72M","2.06%"
"08/21/2024","79.09","78.54","79.09","78.28","3.29M","0.71%"
"08/20/2024","78.54","76.36","78.63","76.28","3.80M","2.82%"
"08/19/2024","76.38","76.82","77.00","76.38","2.48M","-0.92%"
"08/18/2024","77.09","77.27","77.27","76.40","532.71K","-0.24%"
"08/15/2024","77.27","76.36","77.27","76.36","4.58M","1.19%"
"08/14/2024","76.36","75.45","76.45","75.45","5.08M","1.17%"
"08/13/2024","75.48","76.73","76.73","75.19","4.65M","-1.66%"
"08/12/2024","76.75","75.68","77.09","75.55","4.09M","1.65%"
"08/11/2024","75.51","74.82","75.73","74.55","692.99K","0.92%"
"08/08/2024","74.82","75.00","75.73","74.55","1.47M","-0.11%"
"08/07/2024","74.90","75.00","75.18","74.45","4.35M","0.21%"
"08/06/2024","74.75","74.53","75.18","74.09","2.95M","0.27%"
"08/05/2024","74.55","74.55","75.45","72.89","5.61M","-1.20%"
"08/04/2024","75.45","74.55","75.45","73.94","2.06M","-0.60%"
"08/01/2024","75.91","75.75","76.45","75.75","6.69M","0.25%"
"07/31/2024","75.72","74.73","75.88","74.64","5.46M","1.31%"
"07/30/2024","74.74","74.55","74.99","74.22","4.76M","0.26%"
"07/29/2024","74.55","74.55","75.27","74.18","3.00M","0.00%"
"07/28/2024","74.55","74.06","74.55","73.64","1.51M","0.80%"
"07/24/2024","73.95","73.82","74.82","73.82","3.93M","0.18%"
"07/23/2024","73.82","73.18","74.31","72.82","6.29M","0.74%"
"07/22/2024","73.27","71.84","73.64","71.84","4.48M","2.68%"
"07/21/2024","71.36","70.71","72.05","70.57","2.08M","1.00%"
"07/18/2024","70.65","71.45","71.45","70.64","2.98M","-0.37%"
"07/17/2024","70.92","70.55","71.55","70.50","3.12M","0.52%"
"07/16/2024","70.55","71.36","71.55","70.53","4.04M","-1.13%"
"07/15/2024","71.36","71.61","71.81","70.82","2.51M","-0.36%"
"07/14/2024","71.62","71.82","72.27","71.13","705.47K","-0.28%"
"07/10/2024","71.82","71.64","72.73","71.36","3.52M","0.38%"
"07/09/2024","71.55","72.64","73.00","71.36","3.48M","-1.50%"
"07/08/2024","72.64","73.63","74.44","72.27","3.09M","-1.35%"
"07/07/2024","73.63","72.73","74.35","72.27","2.20M","1.24%"
"07/04/2024","72.73","70.45","72.73","70.23","5.57M","2.89%"
"07/03/2024","70.68","70.12","70.91","70.12","4.44M","0.80%"
"07/02/2024","70.12","71.00","71.64","70.02","3.39M","-1.14%"
"07/01/2024","70.93","70.35","71.68","70.00","4.12M","0.80%"
"06/27/2024","70.36","69.09","70.45","68.87","6.49M","1.91%"
"06/26/2024","69.05","68.18","69.09","67.91","4.66M","1.61%"
"06/25/2024","67.95","67.75","68.71","67.64","4.73M","0.31%"
"06/24/2024","67.75","67.88","68.76","67.57","3.58M","-0.20%"
"06/23/2024","67.88","68.18","68.45","67.55","1.99M","0.91%"
"06/13/2024","67.27","67.27","68.55","67.27","5.87M","0.00%"
"06/12/2024","67.27","66.91","68.63","66.91","2.12M","0.67%"
"06/11/2024","66.83","67.63","68.08","66.65","2.68M","-0.26%"
"06/10/2024","67.00","66.37","67.72","66.36","2.85M","0.93%"
"06/09/2024","66.38","68.30","68.60","66.38","2.43M","-2.81%"
"06/06/2024","68.30","68.09","69.09","67.75","3.47M","-0.70%"
"06/05/2024","68.78","69.20","70.22","68.66","2.85M","-0.58%"
"06/04/2024","69.18","69.99","70.91","69.14","5.02M","-0.55%"
"06/03/2024","69.56","70.91","70.91","69.09","3.61M","-1.48%"
"06/02/2024","70.61","70.91","71.09","70.20","2.51M","-0.68%"
"05/30/2024","71.09","69.60","71.09","66.37","18.98M","2.16%"
"05/29/2024","69.59","69.82","70.44","69.37","1.92M","-0.21%"
"05/28/2024","69.74","69.55","71.09","68.27","3.68M","0.27%"
"05/27/2024","69.55","70.00","70.45","69.41","312.82K","-0.65%"
"05/26/2024","70.00","69.10","70.45","69.10","469.08K","1.32%"
"05/23/2024","69.09","69.59","70.23","69.09","3.84M","-0.64%"
"05/22/2024","69.54","69.46","69.95","68.23","3.40M","0.10%"
"05/21/2024","69.46","69.73","70.27","69.27","2.40M","0.17%"
"05/20/2024","69.35","69.10","70.54","69.06","3.63M","0.41%"
"05/19/2024","69.06","68.45","69.45","68.00","2.59M","1.14%"
"05/16/2024","68.28","68.13","69.32","67.73","4.27M","0.82%"
"05/15/2024","67.73","68.18","68.61","66.73","2.68M","-0.67%"
"05/14/2024","68.18","67.73","68.77","67.54","2.47M","1.04%"
"05/13/2024","67.48","66.55","68.18","66.55","4.59M","1.96%"
"05/12/2024","66.18","67.23","67.64","66.09","1.41M","-0.71%"
"05/09/2024","66.65","66.36","68.01","66.35","3.19M","0.29%"
"05/08/2024","66.46","70.00","70.00","66.14","6.00M","-5.01%"
"05/07/2024","69.97","66.60","69.97","66.18","3.16M","5.12%"
"05/02/2024","66.56","66.65","68.18","66.31","2.80M","0.29%"
"05/01/2024","66.37","65.36","67.73","65.09","3.62M","1.54%"
"04/30/2024","65.36","68.18","68.91","65.00","5.20M","-4.13%"
"04/29/2024","68.18","64.55","68.18","64.36","4.69M","6.13%"
"04/28/2024","64.25","67.50","68.64","64.09","2.30M","-4.76%"
"04/24/2024","67.45","70.48","71.27","67.18","3.70M","-4.30%"
"04/23/2024","70.48","73.77","74.09","70.36","6.92M","-4.46%"
"04/22/2024","73.77","73.77","75.00","73.77","8.12M","0.00%"
"04/21/2024","73.77","72.73","74.64","73.45","1.08M","1.44%"
"04/18/2024","72.73","74.64","76.55","72.73","5.70M","-2.56%"
"04/17/2024","74.64","74.55","75.45","74.30","2.16M","0.12%"
"04/16/2024","74.55","75.02","75.90","74.55","2.55M","-0.63%"
"04/15/2024","75.02","72.78","76.36","73.00","7.02M","3.07%"
"04/08/2024","72.78","72.73","74.18","72.74","2.89M","0.07%"
"04/07/2024","72.73","73.86","74.82","72.66","1.73M","-1.54%"
"04/04/2024","73.86","72.90","74.55","72.91","4.91M","1.32%"
"04/03/2024","72.90","72.73","73.63","72.05","4.50M","0.24%"
"04/02/2024","72.73","74.55","75.00","72.73","5.77M","-2.44%"
"04/01/2024","74.55","69.98","74.55","70.15","2.01M","6.52%"
"03/31/2024","69.98","72.73","73.40","68.18","2.25M","-3.77%"
"03/28/2024","72.73","75.02","75.36","72.73","3.19M","-3.05%"
"03/27/2024","75.02","76.27","76.26","73.59","5.75M","-1.64%"
"03/26/2024","76.27","77.27","78.26","76.27","3.04M","-1.29%"
"03/25/2024","77.27","77.09","77.53","76.38","3.10M","0.24%"
"03/24/2024","77.09","77.09","77.86","77.03","1.30M","0.00%"
"03/21/2024","77.09","77.45","78.18","77.05","4.37M","-0.46%"
"03/20/2024","77.45","77.55","78.91","77.00","3.63M","-0.13%"
"03/19/2024","77.55","80.45","80.41","77.27","6.16M","-3.62%"
"03/18/2024","80.45","83.32","83.64","80.30","7.93M","-3.44%"
"03/17/2024","83.32","81.82","84.73","82.73","2.09M","1.83%"
"03/14/2024","81.82","79.64","83.45","77.31","9.09M","2.74%"
"03/13/2024","79.64","85.46","85.45","78.20","7.08M","-6.82%"
"03/12/2024","85.46","87.73","86.36","82.28","17.30M","-2.58%"
"03/11/2024","87.73","80.59","88.64","80.68","19.46M","8.86%"
"03/10/2024","80.59","75.45","81.27","77.27","6.02M","6.81%"
"03/07/2024","75.45","68.91","75.68","69.27","21.54M","9.50%"
"03/06/2024","68.91","69.09","75.91","68.36","22.41M","-0.26%"
"03/05/2024","69.09","67.74","69.09","66.74","20.01M","2.00%"
"03/04/2024","67.74","64.78","69.00","64.78","8.43M","4.56%"
"03/03/2024","64.78","66.45","65.91","63.64","2.90M","-2.52%"
"02/29/2024","66.45","67.26","68.17","66.14","5.75M","-1.20%"
"02/28/2024","67.26","67.99","69.09","67.01","5.12M","-1.07%"
"02/27/2024","67.99","67.73","68.27","66.55","8.67M","0.39%"
"02/26/2024","67.73","66.36","70.00","66.01","12.00M","2.05%"
"02/25/2024","66.36","73.59","69.09","64.55","9.39M","-9.82%"
"02/22/2024","73.59","73.20","73.90","73.00","5.16M","0.53%"
"02/21/2024","73.20","73.64","74.36","72.79","3.77M","-0.59%"
"02/20/2024","73.64","75.00","75.00","73.41","13.25M","-1.82%"
"02/19/2024","75.00","73.94","75.82","73.91","8.15M","1.44%"
"02/18/2024","73.94","73.64","74.43","73.56","1.78M","0.41%"
"02/15/2024","73.64","74.54","74.77","73.45","4.39M","-1.21%"
"02/14/2024","74.54","73.69","74.91","73.21","3.64M","1.15%"
"02/13/2024","73.69","75.56","75.45","72.75","22.50M","-2.48%"
"02/12/2024","75.56","72.32","76.82","71.59","8.96M","4.49%"
"02/11/2024","72.32","73.17","73.18","70.93","1.79M","-1.17%"
"02/08/2024","73.17","70.55","73.86","70.55","5.90M","3.72%"
"02/07/2024","70.55","67.29","72.72","67.82","12.03M","4.84%"
"02/06/2024","67.29","70.82","71.35","66.85","16.11M","-4.98%"
"02/05/2024","70.82","73.76","74.08","70.09","7.69M","-3.99%"
"02/04/2024","73.76","77.27","77.72","72.73","4.35M","-4.54%"
"02/01/2024","77.27","80.09","79.95","75.00","6.44M","-3.52%"
"01/31/2024","80.09","80.91","86.80","78.18","18.11M","-1.01%"
"01/30/2024","80.91","76.36","81.36","75.09","14.75M","5.95%"
"01/29/2024","76.36","70.46","76.36","70.45","18.66M","8.53%"
"01/28/2024","70.36","69.05","70.36","68.96","5.27M","2.39%"
"01/24/2024","68.72","70.00","70.23","68.69","10.68M","-1.83%"
"01/23/2024","70.00","70.00","70.81","69.08","15.72M","0.00%"
"01/22/2024","70.00","68.18","70.06","68.18","13.08M","2.80%"
"01/21/2024","68.09","68.54","68.61","67.82","2.68M","-0.58%"
"01/18/2024","68.49","68.30","69.08","68.30","5.97M","0.33%"
"01/17/2024","68.26","69.59","69.73","68.26","9.25M","-1.83%"
"01/16/2024","69.54","69.09","69.55","68.37","13.93M","1.18%"
"01/15/2024","68.73","67.77","69.14","67.77","12.92M","1.94%"
"01/14/2024","67.42","67.27","67.64","66.92","2.82M","0.47%"
"01/11/2024","67.10","66.83","67.26","66.69","4.74M","0.63%"
"01/10/2024","66.68","67.91","68.00","66.68","4.68M","-1.77%"
"01/09/2024","67.88","67.99","68.35","67.43","7.99M","-0.11%"
"01/08/2024","67.95","68.18","68.64","67.27","5.01M","-0.33%"
"01/04/2024","68.18","67.27","68.35","67.09","9.45M","1.49%"
"01/03/2024","67.18","68.17","68.27","66.93","4.06M","-1.32%"
"01/02/2024","68.08","66.05","68.09","65.86","8.61M","3.08%"
"12/31/2023","66.05","66.36","66.36","65.47","2.06M","-0.40%"
"12/28/2023","66.31","65.41","66.36","65.41","4.72M","1.45%"
"12/27/2023","65.36","64.90","66.36","64.55","9.76M","0.71%"
"12/26/2023","64.90","65.89","65.99","64.17","7.20M","-1.52%"
"12/25/2023","65.90","64.27","66.11","63.64","3.48M","3.56%"
"12/24/2023","63.64","66.36","66.81","63.48","5.17M","-3.17%"
"12/21/2023","65.72","67.73","68.18","65.27","7.28M","-2.31%"
"12/20/2023","67.27","69.00","69.00","67.27","5.70M","-1.73%"
"12/19/2023","68.45","70.18","70.45","68.41","16.53M","-2.46%"
"12/18/2023","70.18","68.64","70.45","68.41","9.60M","2.46%"
"12/17/2023","68.50","69.07","69.25","68.27","1.41M","0.07%"
"12/14/2023","68.45","69.10","70.21","68.45","7.12M","-0.66%"
"12/13/2023","68.91","69.27","69.36","68.24","10.83M","-0.08%"
"12/12/2023","68.96","70.00","70.32","68.23","11.69M","-1.34%"
"12/11/2023","69.90","68.32","70.18","67.55","9.09M","2.49%"
"12/10/2023","68.20","70.00","70.00","68.20","2.01M","-2.32%"
"12/07/2023","69.82","69.59","69.86","68.45","6.14M","0.33%"
"12/06/2023","69.59","70.32","71.55","69.56","12.59M","-1.03%"
"12/05/2023","70.32","70.91","70.91","68.28","10.82M","-0.46%"
"12/04/2023","70.65","69.09","71.62","68.37","8.15M","2.76%"
"12/03/2023","68.75","70.19","70.45","68.55","1.26M","-2.05%"
"11/30/2023","70.18","71.73","71.73","68.22","9.62M","-1.03%"
"11/29/2023","70.91","72.73","73.36","69.55","13.07M","-2.50%"
"11/28/2023","72.73","76.42","76.42","72.73","12.56M","-4.83%"
"11/27/2023","76.42","70.92","76.42","70.91","8.00M","8.14%"
"11/26/2023","70.66","72.27","73.18","70.45","1.95M","-1.98%"
"11/23/2023","72.09","68.64","72.36","68.64","9.42M","5.10%"
"11/22/2023","68.59","67.73","69.08","67.73","8.35M","1.29%"
"11/21/2023","67.72","68.19","68.35","66.85","11.71M","-1.14%"
"11/20/2023","68.50","68.26","70.55","68.12","11.43M","0.79%"
"11/19/2023","67.96","65.45","68.41","65.45","3.24M","3.83%"
"11/16/2023","65.45","64.87","65.63","64.57","3.01M","1.12%"
"11/15/2023","64.73","63.64","64.77","63.09","3.71M","2.45%"
"11/14/2023","63.18","64.55","64.64","63.18","8.51M","-1.84%"
"11/13/2023","64.36","65.00","65.09","63.55","8.09M","-0.51%"
"11/12/2023","64.69","66.36","66.36","64.55","1.72M","-2.52%"
"11/09/2023","66.36","63.73","66.55","62.51","5.22M","4.14%"
"11/08/2023","63.73","59.95","64.55","59.65","7.72M","6.86%"
"11/07/2023","59.64","57.64","59.71","57.52","11.61M","3.47%"
"11/06/2023","57.64","57.26","57.87","56.82","19.68M","0.65%"
"11/05/2023","57.26","56.91","57.45","56.65","2.23M","2.11%"
"11/02/2023","56.08","55.55","56.36","55.55","3.72M","0.97%"
"11/01/2023","55.55","54.86","56.09","54.86","8.01M","1.24%"
"10/31/2023","54.86","55.36","55.64","54.64","5.29M","-0.90%"
"10/30/2023","55.36","54.55","56.00","54.52","12.48M","1.91%"
"10/29/2023","54.33","54.36","54.88","54.09","3.34M","0.61%"
"10/26/2023","54.00","52.91","54.73","51.93","10.00M","2.38%"
"10/25/2023","52.75","52.55","53.48","52.51","4.02M","0.55%"
"10/24/2023","52.45","52.77","52.91","51.56","7.66M","-0.60%"
"10/23/2023","52.77","53.97","53.97","52.32","12.56M","-1.61%"
"10/22/2023","53.64","53.88","54.55","53.62","2.57M","0.00%"
"10/19/2023","53.64","54.36","55.00","53.64","3.50M","-1.29%"
"10/18/2023","54.34","54.51","55.00","53.73","5.99M","0.12%"
"10/17/2023","54.27","53.89","54.55","52.97","15.02M","1.17%"
"10/16/2023","53.65","54.10","55.45","53.65","10.52M","-0.84%"
"10/15/2023","54.10","54.41","54.55","54.09","2.02M","-0.65%"
"10/12/2023","54.45","54.23","54.81","54.09","1.21M","0.49%"
"10/11/2023","54.19","55.09","55.59","54.19","5.24M","-1.68%"
"10/10/2023","55.12","55.41","55.64","53.73","15.30M","-0.62%"
"10/09/2023","55.46","54.55","55.82","54.09","3.11M","1.68%"
"10/08/2023","54.55","55.45","55.45","51.73","2.94M","-2.69%"
"10/04/2023","56.05","55.47","56.41","55.47","2.35M","0.24%"
"10/03/2023","55.92","55.45","55.95","55.05","3.99M","0.75%"
"10/02/2023","55.50","54.91","55.76","54.55","22.66M","0.93%"
"10/01/2023","54.99","54.55","55.09","54.20","4.84M","0.82%"
"09/27/2023","54.55","54.91","54.96","54.32","2.10M","-0.66%"
"09/26/2023","54.91","54.55","55.08","54.09","11.51M","0.67%"
"09/25/2023","54.55","54.65","56.00","54.09","9.41M","-0.18%"
"09/24/2023","54.65","54.41","54.82","53.64","1.62M","0.43%"
"09/21/2023","54.41","53.64","54.52","53.51","1.72M","1.42%"
"09/20/2023","53.65","54.36","54.55","53.46","5.00M","-1.04%"
"09/19/2023","54.21","53.64","54.55","52.91","16.75M","1.03%"
"09/18/2023","53.65","53.41","53.85","52.27","10.76M","0.55%"
"09/17/2023","53.36","53.45","53.68","52.73","737.30K","-0.09%"
"09/14/2023","53.41","52.73","53.86","52.73","5.64M","1.47%"
"09/13/2023","52.64","52.26","53.17","51.91","4.66M","1.19%"
"09/12/2023","52.02","52.72","52.72","51.64","3.94M","-1.16%"
"09/11/2023","52.63","53.45","53.45","52.27","20.07M","-1.55%"
"09/10/2023","53.45","54.09","54.44","53.28","1.02M","-0.54%"
"09/07/2023","53.75","53.64","54.45","53.00","1.89M","0.20%"
"09/06/2023","53.64","51.88","53.64","51.88","6.95M","3.42%"
"09/05/2023","51.86","51.09","52.30","51.09","5.05M","1.51%"
"09/04/2023","51.09","50.91","51.45","50.58","8.93M","-0.09%"
"09/03/2023","51.14","51.77","51.86","51.14","1.81M","-1.32%"
"08/31/2023","51.82","50.46","51.82","50.36","5.21M","1.97%"
"08/30/2023","50.82","49.18","50.91","49.09","6.82M","3.33%"
"08/29/2023","49.18","50.00","50.25","49.05","11.86M","-1.19%"
"08/28/2023","49.77","49.09","50.40","49.09","4.74M","1.39%"
"08/27/2023","49.09","47.83","49.09","47.73","5.30M","2.86%"
"08/24/2023","47.73","47.73","48.09","47.65","5.31M","-0.19%"
"08/23/2023","47.82","47.77","48.00","47.66","5.55M","0.00%"
"08/22/2023","47.82","47.34","47.96","47.27","5.21M","1.06%"
"08/21/2023","47.32","48.19","48.41","47.27","14.42M","-1.90%"
"08/20/2023","48.24","47.98","48.45","47.73","3.14M","0.49%"
"08/17/2023","48.00","48.06","48.55","48.00","3.77M","-0.13%"
"08/16/2023","48.06","47.26","48.45","47.05","8.29M","1.69%"
"08/15/2023","47.26","46.93","47.30","46.91","4.88M","0.76%"
"08/14/2023","46.91","46.27","47.27","46.27","16.73M","1.32%"
"08/13/2023","46.30","46.35","46.36","46.00","1.91M","0.08%"
"08/10/2023","46.26","46.09","46.30","45.96","1.85M","0.47%"
"08/09/2023","46.05","46.35","46.36","46.05","2.81M","-0.04%"
"08/08/2023","46.06","46.05","46.59","46.00","11.69M","0.06%"
"08/07/2023","46.04","46.34","46.36","46.00","7.60M","-0.22%"
"08/06/2023","46.14","46.45","46.45","46.01","2.12M","-0.29%"
"08/03/2023","46.27","46.20","46.55","46.00","2.17M","-0.53%"
"08/02/2023","46.52","46.00","46.55","45.91","5.06M","0.73%"
"08/01/2023","46.18","45.91","46.18","45.91","11.41M","0.59%"
"07/31/2023","45.91","46.36","46.48","45.89","12.62M","-0.49%"
"07/30/2023","46.14","46.51","46.64","46.11","1.76M","-0.84%"
"07/27/2023","46.53","46.26","46.59","46.02","3.80M","0.69%"
"07/26/2023","46.21","46.36","46.96","46.21","4.69M","-0.82%"
"07/25/2023","46.59","46.47","47.27","46.09","10.71M","0.49%"
"07/24/2023","46.36","46.00","46.72","45.99","5.67M","1.29%"
"07/19/2023","45.77","45.55","45.80","45.36","6.24M","0.50%"
"07/18/2023","45.55","45.54","46.08","45.20","4.69M","0.20%"
"07/17/2023","45.45","45.00","46.41","44.82","7.77M","1.01%"
"07/16/2023","45.00","45.45","45.45","45.00","499.20K","-0.20%"
"07/13/2023","45.09","44.73","45.75","44.64","3.33M","0.81%"
"07/12/2023","44.73","44.45","45.08","43.94","4.78M","0.63%"
"07/11/2023","44.45","44.14","44.73","43.55","7.32M","1.01%"
"07/10/2023","44.00","43.32","44.14","42.96","8.41M","1.57%"
"07/09/2023","43.32","43.89","44.32","43.27","2.07M","-1.24%"
"07/06/2023","43.86","45.00","45.00","43.65","8.39M","-2.51%"
"07/05/2023","44.99","45.45","45.73","44.84","4.73M","-1.00%"
"07/04/2023","45.45","46.36","46.73","45.10","6.39M","-1.98%"
"06/26/2023","46.36","44.73","46.59","44.73","5.10M","4.08%"
"06/25/2023","44.55","46.64","46.64","44.48","6.71M","-4.50%"
"06/22/2023","46.65","46.90","46.94","46.46","2.83M","-0.56%"
"06/21/2023","46.91","47.09","47.27","46.60","4.00M","-0.69%"
"06/20/2023","47.24","47.59","47.73","46.82","4.02M","-0.67%"
"06/19/2023","47.55","48.18","48.38","47.31","8.47M","-1.12%"
"06/18/2023","48.09","48.18","48.37","47.87","2.30M","-0.19%"
"06/15/2023","48.18","47.91","48.18","47.47","2.85M","0.55%"
"06/14/2023","47.92","47.41","48.15","47.37","5.68M","1.15%"
"06/13/2023","47.37","47.59","47.86","47.27","13.91M","-0.08%"
"06/12/2023","47.41","48.43","48.63","47.38","2.51M","-2.03%"
"06/11/2023","48.39","48.09","48.81","48.09","2.66M","0.43%"
"06/08/2023","48.18","47.27","48.18","47.27","5.92M","0.95%"
"06/07/2023","47.73","47.68","48.07","47.28","6.11M","0.19%"
"06/06/2023","47.64","47.37","48.18","47.36","3.54M","0.67%"
"06/05/2023","47.32","47.82","48.17","47.27","8.31M","-0.36%"
"06/04/2023","47.49","47.82","48.35","47.46","3.05M","-0.68%"
"06/01/2023","47.82","47.60","48.08","47.37","2.42M","0.57%"
"05/31/2023","47.55","47.63","48.18","47.52","6.51M","-0.38%"
"05/30/2023","47.73","47.05","47.82","47.02","5.11M","1.51%"
"05/29/2023","47.02","47.53","47.53","46.85","4.28M","-0.60%"
"05/28/2023","47.30","47.64","48.00","47.29","1.22M","-0.52%"
"05/25/2023","47.55","47.73","48.35","47.55","3.67M","-0.38%"
"05/24/2023","47.73","47.36","47.86","47.28","2.62M","0.86%"
"05/23/2023","47.32","47.05","47.45","47.05","2.77M","0.10%"
"05/22/2023","47.27","47.09","47.73","47.02","5.39M","0.58%"
"05/21/2023","47.00","47.08","47.21","46.59","2.95M","1.17%"
"05/18/2023","46.45","47.73","47.94","46.45","10.80M","-2.67%"
"05/17/2023","47.73","47.27","48.08","47.05","6.32M","0.96%"
"05/16/2023","47.27","47.36","47.45","46.82","4.74M","0.00%"
"05/15/2023","47.27","47.64","48.18","47.10","7.77M","-0.29%"
"05/14/2023","47.41","47.26","47.53","46.09","3.78M","0.66%"
"05/11/2023","47.10","47.72","47.82","46.55","7.62M","-1.13%"
"05/10/2023","47.64","47.38","47.97","47.27","4.19M","0.58%"
"05/09/2023","47.36","48.55","49.14","46.82","8.99M","-2.07%"
"05/08/2023","48.36","48.18","48.37","48.00","2.11M","0.36%"
"05/07/2023","48.19","48.28","48.41","47.96","2.65M","-0.19%"
"05/03/2023","48.28","48.07","48.41","47.82","4.86M","0.68%"
"05/02/2023","47.95","48.09","48.32","47.78","4.04M","-0.47%"
"05/01/2023","48.18","48.82","48.86","47.82","5.18M","-1.51%"
"04/30/2023","48.92","49.05","50.24","48.32","5.20M","0.77%"
"04/27/2023","48.55","47.65","49.16","47.64","4.47M","1.91%"
"04/26/2023","47.64","48.83","49.00","47.41","9.56M","-2.24%"
"04/19/2023","48.73","49.64","49.82","48.46","3.51M","-1.83%"
"04/18/2023","49.64","48.84","50.00","48.68","5.67M","-6.67%"
"04/13/2023","53.18","46.91","53.18","46.45","6.20M","14.48%"
"04/12/2023","46.45","46.73","46.93","45.32","3.60M","-1.14%"
"04/11/2023","46.99","46.86","47.09","46.36","5.13M","0.37%"
"04/10/2023","46.82","47.26","47.26","46.59","3.22M","-0.39%"
"04/09/2023","47.00","46.86","47.27","46.55","803.85K","0.19%"
"04/06/2023","46.91","48.18","48.44","46.91","5.66M","-3.17%"
"04/05/2023","48.45","47.73","48.55","47.55","3.76M","1.50%"
"04/04/2023","47.73","47.73","48.15","47.37","5.09M","0.00%"
"04/03/2023","47.73","46.88","48.36","46.88","5.24M","1.94%"
"04/02/2023","46.82","46.72","47.14","46.27","1.37M","0.96%"
"03/30/2023","46.37","45.91","47.27","45.65","4.86M","2.22%"
"03/29/2023","45.36","44.88","45.61","44.64","4.81M","1.84%"
"03/28/2023","44.55","46.26","46.26","44.55","3.31M","-3.92%"
"03/27/2023","46.36","46.54","46.74","45.95","2.98M","-0.39%"
"03/26/2023","46.55","46.36","46.79","45.96","2.94M","0.41%"
"03/23/2023","46.35","45.25","46.35","44.65","3.29M","2.29%"
"03/22/2023","45.32","45.65","45.91","44.44","4.23M","0.71%"
"03/21/2023","45.00","45.27","46.27","44.78","7.38M","2.06%"
"03/20/2023","44.09","43.99","45.50","43.45","4.55M","1.04%"
"03/19/2023","43.64","44.51","44.51","43.02","5.02M","0.00%"
"03/16/2023","43.64","44.14","46.36","43.64","8.11M","-1.03%"
"03/15/2023","44.09","45.41","46.58","43.63","10.34M","-1.02%"
"03/14/2023","44.55","45.50","46.00","44.55","5.41M","-2.00%"
"03/13/2023","45.45","47.73","48.00","45.45","11.04M","-3.94%"
"03/12/2023","47.32","48.25","48.61","47.20","9.84M","-1.83%"
"03/09/2023","48.20","48.16","49.23","47.74","9.56M","0.06%"
"03/08/2023","48.17","47.32","48.41","47.27","6.82M","1.90%"
"03/07/2023","47.27","48.37","48.77","47.20","8.66M","-2.26%"
"03/06/2023","48.36","48.00","49.55","47.91","5.76M","1.03%"
"03/05/2023","47.87","48.20","48.73","47.29","3.11M","-0.32%"
"03/02/2023","48.03","49.24","49.72","47.99","11.60M","-2.44%"
"03/01/2023","49.23","48.82","49.27","48.23","5.33M","1.96%"
"02/28/2023","48.28","49.55","49.91","48.28","8.75M","-2.35%"
"02/27/2023","49.45","50.86","50.90","49.44","5.16M","-2.00%"
"02/26/2023","50.45","49.53","51.13","49.36","2.70M","1.30%"
"02/23/2023","49.81","48.27","49.81","48.10","4.77M","2.89%"
"02/22/2023","48.41","49.15","49.52","47.91","3.31M","-1.28%"
"02/21/2023","49.04","49.02","49.25","47.73","5.74M","1.39%"
"02/20/2023","48.36","50.18","50.73","47.86","6.85M","-3.59%"
"02/19/2023","50.16","50.45","50.86","50.01","1.39M","0.22%"
"02/16/2023","50.05","51.52","51.78","50.05","6.32M","-1.50%"
"02/15/2023","50.82","51.13","52.09","50.45","7.72M","-0.69%"
"02/14/2023","51.17","50.92","51.75","50.68","2.73M","0.50%"
"02/13/2023","50.92","51.72","52.27","50.00","14.20M","-0.34%"
"02/12/2023","51.09","50.90","52.54","49.91","5.70M","-4.73%"
"02/09/2023","53.63","50.68","53.64","50.68","9.39M","6.19%"
"02/08/2023","50.50","49.57","50.91","48.36","6.13M","1.91%"
"02/07/2023","49.55","49.09","50.05","48.65","6.98M","3.08%"
"02/06/2023","48.07","46.74","48.07","46.74","5.02M","3.06%"
"02/05/2023","46.65","46.05","47.45","44.18","3.81M","1.40%"
"02/02/2023","46.00","46.35","46.50","45.45","4.26M","1.00%"
"02/01/2023","45.55","45.27","46.82","45.23","5.79M","1.19%"
"01/31/2023","45.01","47.73","48.00","45.01","5.91M","-5.70%"
"01/30/2023","47.73","49.32","52.40","46.59","10.14M","-2.78%"
"01/29/2023","49.09","46.82","49.09","46.82","5.94M","6.09%"
"01/25/2023","46.27","44.64","46.45","44.64","10.43M","4.52%"
"01/24/2023","44.27","42.27","44.27","42.27","8.28M","4.89%"
"01/23/2023","42.21","41.23","42.26","41.15","7.31M","2.38%"
"01/22/2023","41.23","41.56","41.82","40.86","2.69M","-0.66%"
"01/19/2023","41.50","40.45","41.82","40.45","8.90M","2.63%"
"01/18/2023","40.44","39.55","40.44","39.36","17.61M","3.20%"
"01/17/2023","39.18","38.64","39.39","38.24","16.79M","2.62%"
"01/16/2023","38.18","38.22","39.27","38.18","14.64M","0.60%"
"01/15/2023","37.95","38.19","38.55","37.55","6.51M","0.12%"
"01/12/2023","37.91","39.36","40.00","37.91","14.75M","-0.71%"
"01/11/2023","38.18","39.08","41.95","38.00","33.86M","-3.89%"
"01/10/2023","39.73","41.93","42.27","39.73","7.26M","-6.22%"
"01/09/2023","42.36","41.55","42.36","41.50","4.81M","2.19%"
"01/05/2023","41.45","40.91","41.82","40.55","6.83M","2.45%"
"01/04/2023","40.46","38.88","41.35","37.65","10.79M","4.12%"
"01/03/2023","38.86","38.91","39.68","38.82","1.98M","0.00%"
"01/02/2023","38.86","37.65","38.99","37.50","2.98M","3.06%"
"12/29/2022","37.71","37.48","38.18","37.34","3.48M","0.68%"
"12/28/2022","37.45","37.51","37.91","37.41","5.13M","-0.15%"
"12/27/2022","37.51","38.32","38.41","37.47","2.71M","-1.79%"
"12/26/2022","38.19","38.41","38.98","38.18","1.56M","-0.71%"
"12/25/2022","38.46","36.91","38.73","36.84","4.21M","0.74%"
"12/22/2022","38.18","38.10","39.08","36.33","5.45M","0.48%"
"12/21/2022","38.00","37.26","38.18","35.91","7.15M","1.95%"
"12/20/2022","37.27","38.77","39.00","37.09","9.84M","-3.76%"
"12/19/2022","38.73","40.23","40.64","38.64","10.06M","-3.66%"
"12/18/2022","40.20","41.40","42.14","40.18","3.20M","-2.81%"
"12/15/2022","41.36","43.05","43.36","41.36","10.05M","-3.50%"
"12/14/2022","42.86","41.55","42.86","40.95","9.94M","4.43%"
"12/13/2022","41.05","41.18","41.82","40.73","8.89M","-0.59%"
"12/12/2022","41.29","40.18","41.82","39.09","11.25M","1.84%"
"12/11/2022","40.55","41.65","42.23","40.55","2.24M","-2.62%"
"12/08/2022","41.64","41.81","43.64","40.50","6.28M","-0.20%"
"12/07/2022","41.72","40.95","42.36","40.92","5.94M","2.18%"
"12/06/2022","40.83","40.25","41.17","40.25","5.70M","2.07%"
"12/05/2022","40.00","38.82","40.58","38.59","10.08M","3.90%"
"12/04/2022","38.50","37.73","38.91","37.67","2.99M","2.29%"
"12/01/2022","37.64","36.43","37.68","36.35","25.41M","3.37%"
"11/30/2022","36.41","36.28","37.05","35.81","32.04M","0.53%"
"11/29/2022","36.22","34.82","36.25","34.77","5.72M","3.99%"
"11/28/2022","34.83","35.10","35.26","34.58","7.55M","-0.75%"
"11/27/2022","35.09","34.37","35.17","34.18","5.60M","1.98%"
"11/24/2022","34.41","33.79","34.55","33.79","15.55M","1.99%"
"11/23/2022","33.74","34.59","35.08","33.74","5.32M","-2.47%"
"11/22/2022","34.59","34.27","34.77","34.27","10.87M","1.47%"
"11/21/2022","34.09","34.00","34.34","33.64","8.32M","0.27%"
"11/20/2022","34.00","33.95","34.36","33.95","4.15M","0.16%"
"11/17/2022","33.95","32.73","34.09","32.68","18.77M","3.32%"
"11/16/2022","32.85","32.59","32.86","32.19","12.62M","0.67%"
"11/15/2022","32.64","32.64","32.64","32.00","7.02M","0.00%"
"11/14/2022","32.64","31.73","32.69","31.73","52.11M","2.34%"
"11/13/2022","31.89","31.76","31.95","31.59","3.97M","1.62%"
"11/10/2022","31.38","31.82","32.24","31.04","8.06M","-4.67%"
"11/09/2022","32.92","29.55","32.92","29.12","10.68M","11.42%"
"11/08/2022","29.55","30.23","30.73","29.41","9.36M","-2.11%"
"11/07/2022","30.18","29.09","30.20","28.93","9.28M","3.75%"
"11/06/2022","29.09","29.45","29.45","28.82","1.70M","-0.31%"
"11/03/2022","29.18","28.82","29.18","28.56","3.14M","1.20%"
"11/02/2022","28.84","29.64","29.64","28.65","6.74M","-2.40%"
"11/01/2022","29.55","29.45","29.73","29.19","6.61M","0.31%"
"10/31/2022","29.45","29.00","29.45","28.27","8.59M","1.89%"
"10/30/2022","28.91","29.08","29.99","28.82","5.80M","-0.62%"
"10/27/2022","29.09","27.84","29.09","27.50","14.62M","9.22%"
"10/26/2022","26.64","26.63","27.00","26.45","10.29M","0.00%"
"10/25/2022","26.64","25.36","26.64","25.32","7.76M","5.13%"
"10/24/2022","25.34","24.73","25.57","24.73","7.29M","2.46%"
"10/23/2022","24.73","24.90","24.97","24.69","1.85M","0.00%"
"10/20/2022","24.73","24.48","24.79","24.48","3.58M","1.00%"
"10/19/2022","24.48","24.35","24.55","24.18","8.36M","0.64%"
"10/18/2022","24.33","24.36","24.50","24.09","5.86M","0.49%"
"10/17/2022","24.21","24.45","24.60","24.04","11.46M","-1.04%"
"10/16/2022","24.46","23.64","24.50","23.55","3.45M","3.50%"
"10/13/2022","23.64","23.27","23.65","23.15","12.94M","0.78%"
"10/12/2022","23.45","23.35","23.51","23.01","8.53M","0.04%"
"10/11/2022","23.45","23.62","23.62","23.29","4.28M","-0.04%"
"10/10/2022","23.45","23.46","23.70","23.36","9.37M","0.00%"
"10/09/2022","23.45","23.68","23.69","23.41","2.16M","-1.26%"
"10/05/2022","23.75","23.31","23.84","23.14","7.22M","2.47%"
"10/04/2022","23.18","22.55","23.18","22.55","8.87M","3.57%"
"10/03/2022","22.38","22.60","22.79","22.32","4.88M","-1.12%"
"10/02/2022","22.64","22.97","22.97","22.50","1.41M","-0.92%"
"09/29/2022","22.85","22.58","23.04","22.45","9.35M","2.15%"
"09/28/2022","22.36","22.52","22.64","22.32","3.92M","-0.49%"
"09/27/2022","22.47","22.98","23.06","22.47","4.19M","-1.59%"
"09/26/2022","22.84","23.41","23.41","22.84","3.37M","-2.03%"
"09/25/2022","23.31","23.45","23.49","22.80","4.12M","-2.14%"
"09/22/2022","23.82","24.05","24.05","23.27","4.80M","-0.21%"
"09/21/2022","23.87","23.69","24.14","23.60","6.05M","1.23%"
"09/20/2022","23.58","23.19","23.77","23.07","3.59M","2.20%"
"09/19/2022","23.07","22.84","23.08","22.33","2.82M","1.81%"
"09/18/2022","22.66","23.39","23.39","22.51","3.13M","-3.35%"
"09/15/2022","23.45","23.75","23.75","23.07","7.95M","-0.79%"
"09/14/2022","23.63","23.71","23.79","23.33","10.72M","-1.16%"
"09/13/2022","23.91","23.87","23.99","23.78","7.55M","-0.10%"
"09/12/2022","23.94","23.78","24.08","23.72","7.70M","0.99%"
"09/11/2022","23.70","23.51","23.75","23.39","2.91M","1.53%"
"09/08/2022","23.34","23.51","23.54","23.23","3.40M","0.47%"
"09/07/2022","23.23","23.39","23.51","23.23","4.89M","-0.54%"
"09/06/2022","23.36","23.57","23.79","23.33","10.33M","0.94%"
"09/05/2022","23.14","22.97","23.30","22.96","6.23M","0.79%"
"09/04/2022","22.96","23.20","23.20","22.90","3.25M","-0.39%"
"09/01/2022","23.05","23.14","23.32","22.84","6.11M","0.00%"
"08/31/2022","23.05","23.78","23.98","23.05","14.02M","-3.05%"
"08/30/2022","23.78","23.92","23.97","23.63","13.86M","-0.76%"
"08/29/2022","23.96","24.16","24.23","23.96","3.03M","-0.33%"
"08/28/2022","24.04","24.47","24.47","23.99","1.55M","-1.29%"
"08/25/2022","24.35","24.33","24.53","24.27","9.00M","0.98%"
"08/24/2022","24.12","24.17","24.38","24.02","9.06M","0.43%"
"08/23/2022","24.01","24.17","24.47","23.97","10.85M","-0.40%"
"08/22/2022","24.11","24.78","24.78","24.11","6.46M","-2.13%"
"08/21/2022","24.64","23.45","24.76","23.45","3.75M","5.05%"
"08/18/2022","23.45","23.45","23.56","23.27","5.34M","0.28%"
"08/17/2022","23.39","22.65","23.48","22.51","8.67M","3.23%"
"08/16/2022","22.65","22.94","23.02","22.42","5.83M","-1.32%"
"08/15/2022","22.96","23.26","23.26","22.51","4.00M","-0.31%"
"08/14/2022","23.03","23.33","23.50","23.03","2.10M","-1.27%"
"08/11/2022","23.33","23.51","23.55","23.25","3.04M","-0.77%"
"08/10/2022","23.51","23.26","23.62","23.26","2.60M","1.33%"
"08/09/2022","23.20","23.51","23.63","23.14","12.52M","-1.31%"
"08/08/2022","23.51","23.51","23.81","23.42","9.09M","-0.05%"
"08/07/2022","23.52","23.08","23.57","23.08","12.12M","2.42%"
"08/04/2022","22.96","22.84","23.08","22.71","12.70M","0.80%"
"08/03/2022","22.78","22.75","22.78","22.54","2.35M","1.32%"
"08/02/2022","22.49","22.93","22.96","22.49","18.29M","-2.05%"
"08/01/2022","22.96","23.20","23.39","22.67","6.12M","-0.99%"
"07/31/2022","23.19","23.36","23.57","23.03","2.77M","1.24%"
"07/28/2022","22.90","22.75","22.93","22.42","9.41M","1.26%"
"07/27/2022","22.62","22.70","23.02","22.60","7.02M","-0.05%"
"07/26/2022","22.63","22.14","22.96","22.14","4.96M","1.49%"
"07/25/2022","22.30","22.39","22.60","22.30","11.90M","-0.27%"
"07/24/2022","22.36","22.78","22.78","22.36","2.31M","-1.86%"
"07/21/2022","22.78","22.37","22.78","22.37","3.52M","1.89%"
"07/20/2022","22.36","22.39","22.92","22.30","6.33M","0.27%"
"07/19/2022","22.30","21.75","22.58","21.72","17.44M","2.50%"
"07/18/2022","21.75","21.76","22.24","21.65","13.13M","0.00%"
"07/17/2022","21.75","21.70","22.28","21.52","2.93M","1.12%"
"07/07/2022","21.51","21.33","21.60","21.07","3.36M","2.30%"
"07/06/2022","21.03","20.85","21.42","20.67","3.02M","0.61%"
"07/05/2022","20.90","21.15","21.21","20.44","14.29M","-0.46%"
"07/04/2022","21.00","22.03","22.05","20.62","6.35M","-4.66%"
"07/03/2022","22.03","22.48","22.48","21.25","5.74M","-2.23%"
"06/29/2022","22.53","22.66","22.66","22.38","5.01M","-0.27%"
"06/28/2022","22.59","22.35","23.57","21.75","9.92M","-0.03%"
"06/27/2022","22.59","22.90","22.90","22.36","10.88M","-0.82%"
"06/26/2022","22.78","22.87","22.87","22.55","2.15M","1.18%"
"06/23/2022","22.52","23.20","23.20","22.52","2.37M","-2.97%"
"06/22/2022","23.20","23.55","23.55","23.20","2.09M","-1.16%"
"06/21/2022","23.48","23.31","23.55","23.15","5.55M","0.91%"
"06/20/2022","23.26","23.20","23.39","23.18","1.78M","0.00%"
"06/19/2022","23.26","23.57","23.57","23.21","2.55M","-1.28%"
"06/16/2022","23.57","23.81","23.87","23.57","17.82M","-1.76%"
"06/15/2022","23.99","24.04","24.04","23.75","2.20M","-0.25%"
"06/14/2022","24.05","23.87","24.05","23.57","3.96M","0.00%"
"06/13/2022","24.05","23.99","24.05","23.78","5.02M","0.00%"
"06/12/2022","24.05","24.29","24.35","23.89","1.60M","-2.19%"
"06/09/2022","24.59","24.76","24.76","24.30","2.54M","0.00%"
"06/08/2022","24.59","24.17","24.78","24.17","2.81M","1.85%"
"06/07/2022","24.14","23.99","24.17","23.83","2.01M","0.63%"
"06/06/2022","23.99","24.00","24.14","23.61","5.78M","-0.03%"
"06/05/2022","24.00","24.35","24.35","23.93","1.06M","-0.73%"
"06/02/2022","24.17","24.78","24.78","24.17","3.26M","-2.44%"
"06/01/2022","24.78","25.02","25.02","24.49","4.66M","-0.49%"
"05/31/2022","24.90","24.78","25.38","24.65","9.30M","0.88%"
"05/30/2022","24.68","24.78","24.84","24.41","5.19M","0.02%"
"05/29/2022","24.67","24.84","25.26","24.61","472.83K","-1.90%"
"05/26/2022","25.15","25.02","25.38","24.78","2.18M","0.53%"
"05/25/2022","25.02","25.17","25.49","25.02","2.84M","-2.01%"
"05/24/2022","25.53","25.50","25.68","25.08","2.58M","0.00%"
"05/23/2022","25.53","25.23","25.77","25.05","3.94M","1.12%"
"05/22/2022","25.25","25.44","25.60","25.20","740.41K","-0.76%"
"05/19/2022","25.44","24.52","25.44","24.41","2.24M","2.91%"
"05/18/2022","24.72","24.52","24.78","24.41","3.64M","1.51%"
"05/17/2022","24.35","24.93","24.93","24.29","3.00M","-1.47%"
"05/16/2022","24.72","25.08","25.08","24.24","6.41M","-1.45%"
"05/15/2022","25.08","25.71","25.71","25.08","1.39M","-1.43%"
"05/12/2022","25.44","25.81","25.84","25.38","3.60M","-1.54%"
"05/11/2022","25.84","26.08","26.27","25.84","3.65M","-1.04%"
"05/10/2022","26.11","26.29","26.41","25.99","3.22M","0.21%"
"05/09/2022","26.06","27.18","27.37","26.06","5.68M","-4.18%"
"05/08/2022","27.19","26.59","27.34","26.59","3.30M","0.45%"
"04/28/2022","27.07","26.23","27.07","26.03","6.60M","4.14%"
"04/27/2022","26.00","26.12","26.45","25.99","5.06M","0.05%"
"04/26/2022","25.98","25.38","25.98","25.25","4.70M","2.38%"
"04/21/2022","25.38","25.56","25.60","25.38","4.55M","0.33%"
"04/20/2022","25.30","25.26","25.80","25.15","5.60M","-3.99%"
"04/19/2022","26.35","27.07","27.19","26.09","10.36M","-2.72%"
"04/18/2022","27.08","26.97","27.25","26.29","4.41M","0.43%"
"04/17/2022","26.97","26.47","27.80","26.20","5.09M","1.89%"
"04/14/2022","26.47","26.29","26.63","25.74","4.78M","0.67%"
"04/13/2022","26.29","26.59","26.65","26.29","5.71M","-1.11%"
"04/12/2022","26.59","26.04","26.89","25.98","8.29M","1.95%"
"04/11/2022","26.08","26.58","26.59","25.98","6.93M","-2.38%"
"04/10/2022","26.72","27.19","27.19","26.59","3.43M","-2.08%"
"04/07/2022","27.28","27.98","28.01","27.19","8.41M","-2.48%"
"04/06/2022","27.98","28.11","28.26","27.81","3.35M","-0.47%"
"04/05/2022","28.11","28.75","28.75","28.11","6.24M","-2.96%"
"04/04/2022","28.97","29.01","29.12","28.56","9.30M","-0.29%"
"04/03/2022","29.05","28.10","29.28","27.80","1.86M","4.09%"
"03/31/2022","27.91","27.92","28.32","27.43","6.46M","-0.02%"
"03/30/2022","27.92","28.70","28.79","27.92","3.23M","-2.53%"
"03/29/2022","28.64","28.40","28.75","27.65","5.27M","0.47%"
"03/28/2022","28.51","29.01","29.49","28.47","3.72M","-1.71%"
"03/27/2022","29.01","29.71","29.73","28.41","4.60M","-2.18%"
"03/24/2022","29.65","30.03","30.03","29.64","5.23M","-0.87%"
"03/23/2022","29.91","29.73","30.03","29.31","3.76M","0.00%"
"03/22/2022","29.91","29.62","30.82","29.62","10.18M","3.12%"
"03/21/2022","29.01","27.25","29.01","27.25","8.37M","6.90%"
"03/20/2022","27.13","26.14","27.13","26.14","2.43M","3.94%"
"03/17/2022","26.11","25.95","26.20","25.87","11.60M","1.53%"
"03/16/2022","25.71","24.97","25.98","24.97","16.76M","2.28%"
"03/15/2022","25.14","25.19","25.19","24.84","6.25M","-0.24%"
"03/14/2022","25.20","25.37","25.37","24.73","12.58M","-0.71%"
"03/13/2022","25.38","24.78","25.38","24.77","2.56M","2.44%"
"03/10/2022","24.78","24.29","24.78","23.80","9.00M","0.00%"
"03/09/2022","24.78","24.72","25.08","24.30","9.91M","0.74%"
"03/08/2022","24.59","25.32","25.32","24.23","19.71M","-4.91%"
"03/07/2022","25.86","27.86","27.86","25.86","18.77M","-7.16%"
"03/06/2022","27.86","27.80","28.08","27.71","3.65M","-2.95%"
"03/03/2022","28.70","28.55","28.70","28.31","5.24M","1.06%"
"03/02/2022","28.40","28.95","28.95","28.40","6.19M","-1.47%"
"03/01/2022","28.82","29.01","29.19","28.82","5.31M","-0.23%"
"02/28/2022","28.89","29.25","29.55","28.72","5.46M","-1.22%"
"02/27/2022","29.25","29.01","29.37","29.01","2.30M","2.98%"
"02/24/2022","28.40","29.75","29.94","28.01","6.12M","-5.45%"
"02/23/2022","30.04","30.21","30.34","29.97","2.89M","-0.58%"
"02/22/2022","30.21","31.09","31.09","30.21","3.99M","-2.78%"
"02/21/2022","31.08","30.82","31.21","30.37","1.75M","1.64%"
"02/20/2022","30.58","30.52","30.92","30.52","646.43K","-0.78%"
"02/17/2022","30.82","31.12","31.12","30.64","2.01M","-0.97%"
"02/16/2022","31.12","30.82","31.33","30.82","4.83M","0.00%"
"02/15/2022","31.12","30.37","31.12","30.37","1.12M","2.41%"
"02/14/2022","30.39","30.52","30.52","29.92","3.37M","-0.63%"
"02/13/2022","30.58","30.82","30.82","30.40","940.00K","-0.71%"
"02/10/2022","30.80","30.82","30.82","30.62","2.44M","0.14%"
"02/09/2022","30.76","30.70","31.06","30.69","3.51M","0.20%"
"02/08/2022","30.70","31.12","31.12","30.61","2.96M","-0.39%"
"02/07/2022","30.82","31.42","31.60","30.52","4.30M","-1.83%"
"02/06/2022","31.39","31.16","31.42","31.16","536.70K","0.68%"
"02/03/2022","31.18","31.18","31.34","31.04","1.66M","-0.52%"
"02/02/2022","31.34","31.42","31.48","31.24","3.07M","-0.06%"
"02/01/2022","31.36","31.12","31.36","31.12","2.86M","1.09%"
"01/31/2022","31.02","31.31","31.31","31.02","2.33M","-1.02%"
"01/30/2022","31.34","31.42","31.42","31.18","1.35M","0.04%"
"01/26/2022","31.33","31.36","31.54","31.13","1.03M","-0.29%"
"01/25/2022","31.42","31.60","31.72","31.12","1.85M","-1.33%"
"01/24/2022","31.85","31.25","31.97","31.25","11.33M","-0.38%"
"01/23/2022","31.97","31.72","31.97","31.19","407.50K","0.76%"
"01/20/2022","31.72","31.42","31.72","30.88","1.74M","0.96%"
"01/19/2022","31.42","32.03","32.03","31.42","3.09M","-1.89%"
"01/18/2022","32.03","32.03","32.03","31.79","2.43M","-0.38%"
"01/17/2022","32.15","32.06","32.20","32.03","4.31M","0.38%"
"01/16/2022","32.03","32.33","32.51","32.03","1.21M","-1.30%"
"01/13/2022","32.45","32.45","32.63","32.27","4.98M","0.13%"
"01/12/2022","32.41","31.94","32.41","31.94","5.02M","1.48%"
"01/11/2022","31.94","31.92","32.00","31.82","3.70M","0.09%"
"01/10/2022","31.91","31.82","31.98","31.82","2.67M","0.27%"
"01/09/2022","31.82","31.94","31.94","31.72","1.00M","-0.36%"
"01/05/2022","31.94","31.91","31.97","31.76","1.73M","0.09%"
"01/04/2022","31.91","32.03","32.03","31.76","1.82M","-0.28%"
"01/03/2022","32.00","32.03","32.32","31.85","2.02M","-0.64%"
"01/02/2022","32.20","32.33","32.33","32.03","600.24K","0.57%"
"12/30/2021","32.02","31.81","32.03","31.66","4.15M","0.26%"
"12/29/2021","31.94","32.01","32.03","31.91","3.17M","-0.09%"
"12/28/2021","31.97","31.77","32.03","31.72","3.48M","0.28%"
"12/27/2021","31.88","31.57","32.03","31.57","256.55K","0.48%"
"12/26/2021","31.72","31.29","32.21","31.29","3.12M","1.74%"
"12/23/2021","31.18","30.82","31.25","30.73","2.19M","1.47%"
"12/22/2021","30.73","30.53","30.96","30.53","2.62M","0.69%"
"12/21/2021","30.52","30.67","31.11","30.52","13.58M","0.00%"
"12/20/2021","30.52","30.70","30.70","30.49","7.47M","-0.67%"
"12/19/2021","30.72","31.18","31.18","30.52","1.75M","-0.70%"
"12/16/2021","30.94","31.42","31.48","30.94","7.19M","-1.54%"
"12/15/2021","31.42","31.72","31.91","31.36","4.53M","-0.95%"
"12/14/2021","31.72","31.91","32.03","31.49","3.36M","-0.57%"
"12/13/2021","31.91","31.85","32.08","31.85","4.21M","-0.19%"
"12/12/2021","31.97","31.20","31.97","31.07","1.68M","2.74%"
"12/09/2021","31.11","31.36","31.39","31.07","3.14M","-0.79%"
"12/08/2021","31.36","31.24","31.58","30.97","3.99M","-0.19%"
"12/07/2021","31.42","30.96","31.42","30.88","6.48M","1.42%"
"12/06/2021","30.98","30.83","31.24","30.82","2.06M","0.14%"
"12/05/2021","30.94","31.04","31.04","30.70","1.68M","0.51%"
"12/02/2021","30.78","31.06","31.12","30.58","5.09M","-1.11%"
"12/01/2021","31.13","31.23","31.30","30.66","3.81M","0.21%"
"11/30/2021","31.06","30.82","31.06","30.34","16.91M","0.98%"
"11/29/2021","30.76","30.88","31.11","30.58","3.44M","-0.43%"
"11/28/2021","30.89","30.82","31.00","30.73","1.14M","-0.76%"
"11/25/2021","31.13","31.42","31.42","30.87","2.88M","-0.69%"
"11/24/2021","31.34","31.54","31.54","31.12","2.48M","-0.63%"
"11/23/2021","31.54","31.73","31.98","31.42","4.93M","-0.63%"
"11/22/2021","31.74","31.13","31.97","31.12","2.51M","1.00%"
"11/21/2021","31.43","31.47","31.66","31.14","704.05K","0.06%"
"11/18/2021","31.41","32.15","32.26","31.11","6.27M","-1.92%"
"11/17/2021","32.03","32.03","32.33","31.85","2.15M","0.00%"
"11/16/2021","32.03","31.89","32.18","31.82","5.57M","0.49%"
"11/15/2021","31.87","32.33","32.33","31.72","3.32M","-1.38%"
"11/14/2021","32.32","32.03","32.44","31.54","2.57M","1.13%"
"11/11/2021","31.95","32.01","32.32","31.88","2.08M","-0.23%"
"11/10/2021","32.03","32.45","32.56","31.72","3.79M","-1.40%"
"11/09/2021","32.48","31.44","32.61","31.44","5.65M","2.67%"
"11/08/2021","31.63","31.88","31.88","31.32","2.01M","-0.83%"
"11/07/2021","31.90","32.32","32.32","31.55","455.21K","-1.33%"
"11/04/2021","32.33","32.63","32.63","31.73","14.97M","-0.93%"
"11/03/2021","32.63","32.31","32.72","32.03","8.69M","1.22%"
"11/02/2021","32.24","31.60","32.31","31.42","4.66M","1.83%"
"11/01/2021","31.66","31.12","31.73","30.82","6.01M","2.22%"
"10/31/2021","30.97","30.75","31.12","30.23","2.34M","0.47%"
"10/28/2021","30.82","30.27","31.12","30.21","5.07M","2.02%"
"10/27/2021","30.21","29.61","30.82","29.31","7.60M","3.05%"
"10/26/2021","29.32","29.31","30.15","29.31","5.34M","0.25%"
"10/25/2021","29.25","28.40","29.49","28.40","5.93M","2.05%"
"10/24/2021","28.66","28.55","28.79","28.40","1.19M","0.38%"
"10/20/2021","28.55","28.99","28.99","28.49","6.62M","-0.53%"
"10/19/2021","28.70","29.00","29.24","28.46","3.05M","-1.04%"
"10/18/2021","29.01","28.40","29.22","28.40","8.25M","1.87%"
"10/17/2021","28.47","27.80","28.55","27.80","7.95M","2.43%"
"10/14/2021","27.80","27.37","28.04","26.76","2.58M","1.55%"
"10/13/2021","27.37","27.19","27.37","26.74","4.46M","1.12%"
"10/12/2021","27.07","26.92","27.31","26.69","2.80M","0.67%"
"10/11/2021","26.89","26.58","26.95","26.58","8.25M","1.57%"
"10/10/2021","26.47","25.98","26.49","25.98","5.76M","1.88%"
"10/06/2021","25.98","25.68","26.11","25.39","7.82M","2.38%"
"10/05/2021","25.38","25.62","25.89","25.14","1.75M","-0.94%"
"10/04/2021","25.62","25.20","25.69","25.20","4.12M","1.44%"
"10/03/2021","25.26","25.80","26.17","25.14","1.31M","-2.02%"
"09/30/2021","25.78","24.78","25.98","24.78","2.78M","0.99%"
"09/29/2021","25.52","25.96","25.96","25.38","1.82M","-1.26%"
"09/28/2021","25.85","26.17","26.17","25.77","3.04M","-0.53%"
"09/27/2021","25.99","26.01","26.04","25.68","4.67M","-0.07%"
"09/26/2021","26.01","26.59","26.59","25.98","1.41M","-0.81%"
"09/23/2021","26.22","26.29","26.59","26.00","2.03M","0.09%"
"09/22/2021","26.20","25.92","26.41","25.92","1.84M","-0.12%"
"09/21/2021","26.23","26.47","26.58","25.98","1.60M","-1.34%"
"09/20/2021","26.58","26.45","26.76","26.45","1.33M","-0.70%"
"09/19/2021","26.77","26.89","27.40","26.41","365.16K","0.00%"
"09/16/2021","26.77","27.56","27.78","26.77","5.01M","-2.12%"
"09/15/2021","27.35","27.86","27.91","27.24","1.57M","-1.18%"
"09/14/2021","27.68","27.80","27.86","27.66","6.71M","-0.37%"
"09/13/2021","27.78","27.95","27.95","27.49","2.96M","0.37%"
"09/12/2021","27.68","27.80","27.80","27.56","150.49K","-0.39%"
"09/09/2021","27.78","28.34","28.34","27.78","1.13M","-1.65%"
"09/08/2021","28.25","28.34","28.40","28.10","1.28M","-0.06%"
"09/07/2021","28.27","28.52","28.52","27.86","1.21M","-0.04%"
"09/06/2021","28.28","28.40","28.52","28.20","1.32M","-0.26%"
"09/05/2021","28.35","28.67","28.67","28.11","278.53K","-1.18%"
"09/02/2021","28.69","28.41","28.79","28.41","2.25M","0.02%"
"09/01/2021","28.69","28.12","28.79","28.12","2.25M","1.43%"
"08/31/2021","28.28","28.69","28.69","27.79","5.63M","-0.89%"
"08/30/2021","28.53","28.22","28.66","28.22","783.59K","0.77%"
"08/29/2021","28.32","28.40","28.49","28.16","895.51K","-0.68%"
"08/26/2021","28.51","28.67","28.67","28.40","1.23M","-0.04%"
"08/25/2021","28.52","28.41","28.70","28.38","3.04M","0.96%"
"08/24/2021","28.25","28.34","28.40","27.82","2.14M","0.75%"
"08/23/2021","28.04","27.42","28.34","27.42","2.85M","3.36%"
"08/22/2021","27.13","27.34","27.34","26.89","441.86K","-1.10%"
"08/19/2021","27.43","27.79","27.79","26.92","1.38M","-0.92%"
"08/18/2021","27.68","27.49","27.98","27.19","1.07M","0.70%"
"08/17/2021","27.49","28.01","28.01","27.33","1.46M","-2.57%"
"08/16/2021","28.21","28.88","28.88","27.19","3.19M","0.54%"
"08/15/2021","28.06","27.65","28.19","27.65","4.20M","2.98%"
"08/11/2021","27.25","27.09","27.64","27.06","2.84M","0.70%"
"08/10/2021","27.06","26.74","27.19","26.74","3.41M","1.67%"
"08/09/2021","26.62","26.29","26.74","26.22","2.72M","1.43%"
"08/08/2021","26.24","26.29","26.29","26.11","776.50K","0.17%"
"08/05/2021","26.20","26.13","26.29","26.13","2.02M","0.19%"
"08/04/2021","26.15","26.20","26.23","26.06","942.48K","-0.09%"
"08/03/2021","26.17","26.36","26.36","25.97","2.96M","-0.12%"
"08/02/2021","26.20","26.41","26.41","26.06","3.28M","-0.55%"
"08/01/2021","26.35","26.06","26.51","26.06","2.21M","1.80%"
"07/29/2021","25.88","25.84","26.06","25.62","2.45M","0.48%"
"07/28/2021","25.76","25.83","26.03","25.52","1.58M","-0.54%"
"07/27/2021","25.90","25.83","26.20","25.65","4.39M","-0.23%"
"07/26/2021","25.96","26.20","26.24","25.70","2.65M","-0.68%"
"07/25/2021","26.13","26.06","26.29","25.89","1.73M","0.38%"
"07/18/2021","26.03","25.74","26.20","25.61","2.31M","1.65%"
"07/15/2021","25.61","25.47","25.74","25.27","2.09M","-0.05%"
"07/14/2021","25.62","25.43","25.74","25.38","10.80M","1.56%"
"07/13/2021","25.23","24.57","25.43","24.57","3.89M","2.47%"
"07/12/2021","24.62","24.65","24.75","24.47","10.11M","0.57%"
"07/11/2021","24.48","24.60","24.69","24.35","855.03K","-0.30%"
"07/08/2021","24.56","24.48","24.75","24.43","3.77M","0.30%"
"07/07/2021","24.48","24.24","24.92","23.89","3.64M","2.45%"
"07/06/2021","23.90","24.11","24.25","23.57","4.03M","-0.73%"
"07/05/2021","24.07","24.01","24.23","23.70","5.06M","1.16%"
"07/04/2021","23.80","23.79","24.02","23.64","506.31K","0.65%"
"06/30/2021","23.64","22.89","23.79","22.89","5.40M","2.66%"
"06/29/2021","23.03","23.34","23.45","22.71","2.72M","-1.80%"
"06/28/2021","23.45","23.58","23.79","23.12","1.29M","-0.73%"
"06/27/2021","23.63","23.48","23.79","23.48","1.42M","0.62%"
"06/24/2021","23.48","23.20","23.68","23.20","3.29M","0.27%"
"06/23/2021","23.42","23.42","23.56","23.11","6.05M","0.80%"
"06/22/2021","23.23","23.20","23.43","23.11","4.27M","1.04%"
"06/21/2021","22.99","22.21","23.23","22.21","5.76M","3.49%"
"06/20/2021","22.22","22.21","22.38","22.12","371.97K","-0.39%"
"06/17/2021","22.30","22.56","22.56","22.07","8.73M","-0.71%"
"06/16/2021","22.46","22.57","22.66","22.22","2.07M","-0.72%"
"06/15/2021","22.62","22.84","22.84","22.48","2.20M","-0.36%"
"06/14/2021","22.71","22.43","22.96","22.34","5.71M","1.46%"
"06/13/2021","22.38","22.57","22.65","22.32","1.56M","-0.64%"
"06/10/2021","22.52","23.07","23.07","22.41","4.98M","-1.55%"
"06/09/2021","22.88","23.01","23.11","22.71","5.80M","0.56%"
"06/08/2021","22.75","23.30","23.30","22.62","6.56M","-2.37%"
"06/07/2021","23.30","23.58","23.58","23.01","5.38M","-1.80%"
"06/06/2021","23.73","23.97","24.02","23.57","1.20M","0.17%"
"06/03/2021","23.69","23.84","24.02","23.56","4.36M","-1.00%"
"06/02/2021","23.93","24.25","24.25","23.44","6.98M","-1.68%"
"06/01/2021","24.34","24.46","24.56","24.02","4.29M","-0.20%"
"05/31/2021","24.39","24.88","24.88","24.19","3.52M","-0.72%"
"05/30/2021","24.56","24.22","24.77","24.04","4.40M","1.48%"
"05/27/2021","24.21","25.15","25.15","23.97","53.07M","-3.49%"
"05/26/2021","25.08","26.03","26.03","24.81","9.82M","-3.23%"
"05/25/2021","25.92","26.29","26.29","25.82","1.63M","-1.74%"
"05/24/2021","26.38","26.65","26.65","25.83","3.30M","0.31%"
"05/23/2021","26.30","26.06","26.69","25.96","879.14K","1.83%"
"05/20/2021","25.82","25.83","25.97","25.61","6.96M","-0.21%"
"05/19/2021","25.88","26.24","26.24","25.47","5.93M","-0.51%"
"05/18/2021","26.01","26.15","26.29","25.83","3.95M","-0.54%"
"05/17/2021","26.15","26.70","26.74","25.88","5.48M","-3.90%"
"05/11/2021","27.21","26.97","27.41","26.97","1.96M","-0.23%"
"05/10/2021","27.27","27.19","27.42","27.06","1.74M","0.47%"
"05/09/2021","27.15","27.08","27.19","26.74","901.87K","0.81%"
"05/06/2021","26.93","26.74","27.10","26.74","1.17M","0.73%"
"05/05/2021","26.74","26.56","26.99","26.06","803.84K","1.20%"
"05/04/2021","26.42","26.44","26.76","25.84","1.68M","0.05%"
"04/28/2021","26.40","26.78","26.92","25.83","4.03M","-1.99%"
"04/27/2021","26.94","26.74","27.19","26.43","5.36M","1.42%"
"04/26/2021","26.56","26.66","26.81","26.29","2.28M","0.17%"
"04/25/2021","26.52","26.29","26.64","26.29","232.26K","0.09%"
"04/22/2021","26.49","26.50","26.83","26.30","632.65K","-1.20%"
"04/21/2021","26.82","26.64","26.94","26.51","1.99M","0.94%"
"04/20/2021","26.57","26.06","27.08","25.86","4.79M","2.75%"
"04/19/2021","25.86","25.39","26.06","25.03","2.47M","1.55%"
"04/18/2021","25.46","24.93","25.65","24.93","1.82M","3.37%"
"04/15/2021","24.63","24.47","24.93","24.08","4.38M","1.66%"
"04/14/2021","24.23","24.88","24.88","23.88","2.55M","-1.02%"
"04/13/2021","24.48","24.92","24.92","24.36","12.67M","-2.19%"
"04/12/2021","25.03","25.15","25.28","24.79","7.22M","0.33%"
"04/11/2021","24.94","24.97","25.15","24.88","567.54K","-0.07%"
"04/08/2021","24.96","25.02","25.08","24.75","1.51M","0.29%"
"04/07/2021","24.89","24.81","24.97","24.59","3.03M","0.49%"
"04/06/2021","24.77","24.93","24.97","24.59","4.64M","0.16%"
"04/05/2021","24.73","25.47","25.47","24.47","2.92M","-3.13%"
"04/04/2021","25.52","26.29","26.29","24.94","709.49K","-1.50%"
"04/01/2021","25.91","26.29","26.29","25.77","6.72M","-1.04%"
"03/31/2021","26.19","26.74","26.74","26.09","12.11M","-2.02%"
"03/30/2021","26.73","26.78","26.90","26.58","2.29M","-0.12%"
"03/29/2021","26.76","27.44","27.44","26.54","3.90M","-2.48%"
"03/28/2021","27.44","27.51","27.65","27.19","1.43M","-0.59%"
"03/25/2021","27.60","27.51","27.65","27.42","2.85M","1.72%"
"03/24/2021","27.13","26.74","27.39","26.74","2.71M","1.80%"
"03/23/2021","26.65","26.79","26.85","26.34","2.53M","-0.52%"
"03/22/2021","26.79","27.19","27.19","26.56","3.21M","-1.78%"
"03/21/2021","27.28","27.47","27.65","26.97","224.36K","-0.69%"
"03/18/2021","27.47","27.19","27.65","27.19","3.12M","0.10%"
"03/17/2021","27.44","28.05","28.05","27.12","3.86M","-1.34%"
"03/16/2021","27.81","27.65","28.05","27.56","4.54M","0.16%"
"03/15/2021","27.77","27.60","27.98","27.51","3.79M","0.67%"
"03/14/2021","27.58","27.65","28.05","27.25","213.88K","-0.23%"
"03/11/2021","27.65","27.65","27.78","27.56","3.35M","-0.11%"
"03/10/2021","27.68","27.56","28.05","27.33","1.38M","-1.39%"
"03/09/2021","28.07","28.21","28.33","27.64","2.79M","-0.50%"
"03/08/2021","28.21","28.33","28.55","28.01","2.23M","-0.58%"
"03/07/2021","28.37","28.55","28.55","28.19","1.04M","2.74%"
"03/04/2021","27.61","27.80","27.87","27.31","1.94M","-1.47%"
"03/03/2021","28.03","27.76","28.27","27.76","3.33M","0.45%"
"03/02/2021","27.90","28.24","28.24","27.74","1.64M","-0.50%"
"03/01/2021","28.04","28.00","28.33","27.87","1.85M","0.75%"
"02/28/2021","27.83","28.28","28.28","27.66","537.55K","-1.52%"
"02/25/2021","28.26","27.83","28.42","27.83","3.58M","1.65%"
"02/24/2021","27.80","27.56","27.87","27.24","3.17M","0.92%"
"02/23/2021","27.55","27.99","27.99","27.16","5.20M","-1.03%"
"02/22/2021","27.84","27.51","27.92","27.51","1.17M","1.62%"
"02/21/2021","27.39","27.57","27.65","27.20","371.32K","0.65%"
"02/18/2021","27.22","27.22","27.42","27.13","1.73M","-0.60%"
"02/17/2021","27.38","27.59","27.59","27.24","2.36M","-1.23%"
"02/16/2021","27.72","27.47","28.01","27.47","1.04M","0.36%"
"02/15/2021","27.62","27.43","27.69","27.43","699.39K","0.00%"
"02/14/2021","27.61","27.65","27.83","27.42","1.72M","0.12%"
"02/11/2021","27.58","27.65","27.85","27.51","865.13K","-0.29%"
"02/10/2021","27.66","27.60","27.87","27.52","3.87M","0.15%"
"02/09/2021","27.62","28.03","28.03","27.47","1.99M","-1.44%"
"02/08/2021","28.03","28.55","28.55","27.65","1.71M","-1.43%"
"02/07/2021","28.43","28.55","28.56","28.39","533.86K","-0.76%"
"02/04/2021","28.65","28.60","28.73","28.44","1.91M","-0.16%"
"02/03/2021","28.70","28.73","28.77","28.55","3.23M","0.32%"
"02/02/2021","28.61","28.10","28.73","28.10","2.48M","0.83%"
"02/01/2021","28.37","28.62","28.73","27.70","3.58M","-1.17%"
"01/31/2021","28.71","28.55","28.78","28.55","1.71M","0.57%"
"01/27/2021","28.54","28.60","28.62","28.47","1.95M","0.16%"
"01/26/2021","28.50","28.39","28.60","28.33","1.83M","0.08%"
"01/25/2021","28.48","28.55","28.61","28.33","1.17M","-0.41%"
"01/24/2021","28.59","29.01","29.19","28.55","694.49K","-1.85%"
"01/21/2021","29.13","28.86","29.32","28.60","2.88M","0.67%"
"01/20/2021","28.94","28.91","29.01","28.69","1.71M","0.85%"
"01/19/2021","28.69","28.55","29.00","28.55","1.72M","0.40%"
"01/18/2021","28.58","28.45","28.71","28.45","921.54K","0.13%"
"01/17/2021","28.54","28.55","28.73","28.43","346.52K","-0.87%"
"01/14/2021","28.79","28.66","28.91","28.46","4.03M","0.63%"
"01/13/2021","28.61","28.55","28.73","28.19","5.77M","0.14%"
"01/12/2021","28.57","28.27","28.78","28.10","7.80M","1.79%"
"01/11/2021","28.07","27.87","28.28","27.74","6.70M","1.09%"
"01/10/2021","27.76","27.17","27.98","27.17","2.95M","3.46%"
"01/06/2021","26.83","26.53","27.08","26.53","2.75M","0.71%"
"01/05/2021","26.64","26.74","26.80","26.51","3.40M","-0.08%"
"01/04/2021","26.67","26.95","26.96","26.55","3.35M","-0.49%"
"01/03/2021","26.80","26.92","26.97","26.54","287.98K","-0.10%"
"12/31/2020","26.83","26.97","26.97","26.74","2.53M","0.07%"
"12/30/2020","26.81","26.78","26.95","26.74","1.55M","0.24%"
"12/29/2020","26.74","26.74","26.97","26.53","2.55M","-0.17%"
"12/28/2020","26.79","26.74","26.98","26.74","1.06M","0.12%"
"12/27/2020","26.76","27.13","27.13","26.74","379.45K","-1.37%"
"12/24/2020","27.13","27.02","27.42","26.88","1.86M","-0.03%"
"12/23/2020","27.14","27.19","27.37","26.99","1.35M","0.00%"
"12/22/2020","27.14","27.24","27.28","26.94","1.72M","-0.38%"
"12/21/2020","27.24","27.42","27.42","26.78","7.93M","-0.74%"
"12/20/2020","27.45","27.45","27.65","27.25","4.54M","-0.75%"
"12/17/2020","27.66","28.14","28.33","27.42","9.05M","-2.15%"
"12/16/2020","28.26","28.28","28.50","28.11","3.53M","-0.29%"
"12/15/2020","28.34","28.32","28.39","28.29","3.30M","0.05%"
"12/14/2020","28.33","28.46","28.46","28.26","3.72M","-0.26%"
"12/13/2020","28.40","28.33","28.44","28.33","880.21K","0.11%"
"12/10/2020","28.37","28.50","28.55","28.24","1.64M","0.18%"
"12/09/2020","28.32","28.29","28.55","28.19","2.02M","-0.19%"
"12/08/2020","28.38","28.28","28.46","28.28","902.95K","0.05%"
"12/07/2020","28.36","28.26","28.42","28.22","3.36M","-0.11%"
"12/06/2020","28.39","28.17","28.52","28.17","828.26K","0.00%"
"12/03/2020","28.40","28.30","28.53","28.21","4.60M","-0.44%"
"12/02/2020","28.53","28.55","28.71","28.19","5.68M","-0.33%"
"12/01/2020","28.62","28.58","28.77","28.44","2.12M","1.49%"
"11/30/2020","28.20","28.54","28.55","28.10","11.96M","-0.72%"
"11/29/2020","28.40","28.46","28.55","28.33","884.36K","0.00%"
"11/26/2020","28.41","28.55","28.73","28.33","3.94M","-1.00%"
"11/25/2020","28.69","28.55","28.99","28.51","3.16M","1.25%"
"11/24/2020","28.34","28.20","28.60","28.04","2.49M","0.69%"
"11/23/2020","28.14","28.37","28.51","28.01","3.12M","-0.38%"
"11/22/2020","28.25","28.33","28.33","28.11","1.46M","-0.49%"
"11/19/2020","28.39","28.59","28.59","28.30","2.66M","-1.12%"
"11/18/2020","28.72","28.69","28.88","28.55","2.65M","-0.41%"
"11/17/2020","28.83","28.82","28.98","28.73","3.10M","-0.33%"
"11/16/2020","28.93","29.01","29.18","28.78","1.88M","-0.31%"
"11/15/2020","29.02","29.44","29.44","28.82","4.57M","-1.19%"
"11/12/2020","29.37","29.32","29.45","29.03","8.53M","-0.20%"
"11/11/2020","29.43","29.41","29.46","29.34","2.69M","0.08%"
"11/10/2020","29.40","29.21","29.87","29.17","9.00M","1.87%"
"11/09/2020","28.87","28.93","29.01","28.69","3.12M","0.36%"
"11/08/2020","28.76","28.60","28.96","28.55","1.79M","0.33%"
"11/05/2020","28.67","28.37","28.82","28.10","5.29M","0.99%"
"11/04/2020","28.38","28.43","28.51","28.19","1.79M","0.24%"
"11/03/2020","28.32","28.32","28.54","28.05","2.11M","1.66%"
"11/02/2020","27.85","27.65","28.33","27.65","6.25M","0.72%"
"11/01/2020","27.66","27.63","27.76","27.42","4.04M","-0.05%"
"10/28/2020","27.67","27.54","27.87","27.37","7.11M","0.56%"
"10/27/2020","27.51","27.46","27.92","27.39","15.88M","0.43%"
"10/26/2020","27.40","28.09","28.09","27.19","11.53M","-2.23%"
"10/25/2020","28.02","27.24","28.55","27.17","7.70M","-7.16%"
"10/21/2020","30.18","30.24","30.35","30.13","1.75M","-0.30%"
"10/20/2020","30.27","30.08","30.37","30.08","1.98M","0.18%"
"10/19/2020","30.22","30.17","30.37","30.10","1.17M","-0.55%"
"10/18/2020","30.39","30.64","30.64","30.17","767.22K","-0.99%"
"10/15/2020","30.69","30.58","30.77","30.46","3.12M","0.15%"
"10/14/2020","30.65","30.59","30.73","30.58","4.04M","0.03%"
"10/13/2020","30.64","30.81","30.82","30.46","1.82M","-0.53%"
"10/12/2020","30.80","30.82","30.82","30.59","2.10M","-0.03%"
"10/11/2020","30.81","31.00","31.05","30.61","1.47M","-0.56%"
"10/07/2020","30.98","30.62","31.11","30.62","3.27M","1.97%"
"10/06/2020","30.38","30.14","30.71","30.14","2.52M","0.93%"
"10/05/2020","30.10","30.37","30.50","29.91","1.01M","-0.18%"
"10/04/2020","30.16","30.12","30.27","30.09","419.30K","-0.17%"
"10/01/2020","30.21","30.15","30.37","30.14","853.61K","0.14%"
"09/30/2020","30.17","30.14","30.30","30.10","3.28M","0.00%"
"09/29/2020","30.17","30.27","30.27","30.12","5.14M","-0.33%"
"09/28/2020","30.27","30.23","30.37","30.23","1.81M","-0.15%"
"09/27/2020","30.32","30.49","30.59","30.16","1.04M","-0.13%"
"09/24/2020","30.36","30.37","30.42","30.14","1.99M","-0.07%"
"09/23/2020","30.38","30.60","30.61","30.27","1.88M","-0.16%"
"09/22/2020","30.43","30.18","30.81","30.03","1.08M","0.54%"
"09/21/2020","30.27","30.09","30.55","30.08","2.03M","0.39%"
"09/20/2020","30.15","30.04","30.53","29.91","2.22M","-1.25%"
"09/17/2020","30.53","30.86","30.86","30.37","6.58M","-1.09%"
"09/16/2020","30.86","30.62","31.03","30.62","2.72M","0.61%"
"09/15/2020","30.68","30.59","30.80","30.38","515.93K","0.52%"
"09/14/2020","30.52","30.64","30.82","30.37","1.93M","-0.87%"
"09/13/2020","30.79","30.64","30.95","30.37","1.97M","0.44%"
"09/10/2020","30.65","30.37","30.80","30.37","1.44M","0.96%"
"09/09/2020","30.36","30.36","30.45","30.07","2.34M","0.48%"
"09/08/2020","30.22","30.21","30.37","30.00","1.62M","-0.40%"
"09/07/2020","30.34","30.21","30.54","30.21","1.40M","0.97%"
"09/06/2020","30.05","29.92","30.37","29.84","1.59M","-0.53%"
"09/03/2020","30.21","30.14","30.59","29.97","1.60M","-0.03%"
"09/02/2020","30.22","30.08","30.32","30.05","1.85M","-0.28%"
"09/01/2020","30.30","30.37","30.59","30.05","2.70M","-1.05%"
"08/31/2020","30.62","30.82","30.98","30.37","3.30M","-1.14%"
"08/30/2020","30.98","31.13","31.13","30.86","258.73K","-0.47%"
"08/27/2020","31.12","31.14","31.27","30.82","4.35M","0.13%"
"08/26/2020","31.08","31.00","31.09","30.84","8.43M","0.00%"
"08/25/2020","31.09","30.82","31.27","30.81","10.82M","0.93%"
"08/24/2020","30.80","30.82","30.88","30.61","7.94M","0.28%"
"08/23/2020","30.71","30.24","30.93","30.22","3.23M","2.11%"
"08/19/2020","30.08","29.91","30.23","29.69","5.11M","0.58%"
"08/18/2020","29.91","30.02","30.02","29.69","5.01M","-0.51%"
"08/17/2020","30.06","29.62","30.27","29.47","6.59M","1.31%"
"08/16/2020","29.67","29.23","29.91","29.23","5.20M","1.52%"
"08/13/2020","29.23","29.18","29.40","29.01","4.52M","1.03%"
"08/12/2020","28.93","29.01","29.18","28.63","2.42M","0.19%"
"08/11/2020","28.87","29.45","29.45","28.61","1.78M","-1.27%"
"08/10/2020","29.25","29.55","29.87","28.91","2.99M","-0.97%"
"08/09/2020","29.53","29.21","29.75","28.94","3.14M","1.73%"
"08/06/2020","29.03","28.55","29.21","28.42","4.31M","1.83%"
"08/05/2020","28.51","28.33","28.64","28.33","5.27M","0.88%"
"08/04/2020","28.26","28.55","28.55","28.10","5.86M","-1.00%"
"07/29/2020","28.54","28.55","28.78","28.38","4.53M","-0.22%"
"07/28/2020","28.61","28.78","28.91","28.37","5.68M","-0.44%"
"07/27/2020","28.73","28.48","28.98","28.42","3.63M","1.31%"
"07/26/2020","28.36","28.55","28.64","28.10","1.27M","-0.75%"
"07/22/2020","28.58","29.16","29.16","28.09","4.39M","-1.79%"
"07/21/2020","29.10","28.55","29.45","28.53","11.91M","2.69%"
"07/20/2020","28.33","27.85","28.55","27.85","4.09M","1.81%"
"07/19/2020","27.83","28.38","28.55","27.33","1.89M","-2.45%"
"07/16/2020","28.53","28.78","28.79","28.12","3.22M","-2.37%"
"07/15/2020","29.22","29.73","30.14","28.10","4.65M","-1.87%"
"07/14/2020","29.78","29.74","30.00","29.44","1.87M","-0.48%"
"07/13/2020","29.93","30.11","30.37","29.69","2.34M","-0.96%"
"07/12/2020","30.22","30.13","30.37","29.91","883.53K","0.54%"
"07/09/2020","30.05","30.19","30.25","29.91","3.36M","-1.15%"
"07/08/2020","30.40","30.15","30.57","30.15","7.12M","1.01%"
"07/07/2020","30.10","30.50","30.50","29.91","22.74M","-0.49%"
"07/06/2020","30.25","30.02","30.59","29.92","12.34M","1.44%"
"07/05/2020","29.82","29.90","30.12","29.45","2.77M","1.94%"
"06/30/2020","29.25","29.45","29.46","29.03","6.95M","-0.74%"
"06/29/2020","29.47","29.82","29.82","29.28","2.95M","-1.41%"
"06/28/2020","29.89","30.14","30.14","29.69","2.61M","-1.08%"
"06/25/2020","30.22","30.77","30.77","30.14","2.24M","-1.90%"
"06/24/2020","30.80","30.59","30.95","30.59","3.18M","1.97%"
"06/23/2020","30.21","30.37","30.37","29.87","3.61M","-0.12%"
"06/22/2020","30.24","30.69","30.73","29.97","5.04M","-1.26%"
"06/21/2020","30.63","30.71","30.82","30.05","537.69K","-0.56%"
"06/18/2020","30.80","31.02","31.02","30.66","11.61M","-0.69%"
"06/17/2020","31.01","31.05","31.18","30.81","6.43M","-0.36%"
"06/16/2020","31.13","30.82","31.49","30.82","2.41M","3.45%"
"06/15/2020","30.09","30.59","30.82","29.83","21.86M","-1.45%"
"06/14/2020","30.53","30.41","30.82","30.14","1.90M","-0.18%"
"06/11/2020","30.59","30.60","30.75","30.50","2.86M","-0.49%"
"06/10/2020","30.74","31.09","31.09","30.64","7.11M","-1.75%"
"06/09/2020","31.29","31.29","31.63","31.05","2.44M","-0.95%"
"06/08/2020","31.58","31.72","31.72","31.05","3.17M","0.00%"
"06/07/2020","31.58","30.83","31.84","30.83","3.16M","5.61%"
"06/04/2020","29.90","29.03","30.81","29.03","11.58M","3.16%"
"06/03/2020","28.99","28.56","29.28","28.55","8.41M","1.22%"
"06/02/2020","28.64","28.55","28.77","28.51","3.14M","0.86%"
"06/01/2020","28.39","28.56","28.64","28.24","7.33M","-0.41%"
"05/31/2020","28.51","28.61","28.78","28.31","5.56M","0.64%"
"05/21/2020","28.33","29.04","29.04","28.19","11.11M","-2.71%"
"05/20/2020","29.12","29.46","29.46","29.02","4.11M","-1.08%"
"05/19/2020","29.44","29.44","29.68","29.30","4.04M","0.92%"
"05/18/2020","29.17","29.25","29.41","29.01","4.96M","-0.28%"
"05/17/2020","29.25","29.35","29.46","28.98","1.29M","0.69%"
"05/14/2020","29.05","29.06","29.19","28.94","3.56M","-0.47%"
"05/13/2020","29.19","29.80","29.80","28.91","2.86M","-1.66%"
"05/12/2020","29.68","29.31","30.14","29.16","6.34M","2.68%"
"05/11/2020","28.91","29.06","29.35","28.54","12.45M","-0.62%"
"05/10/2020","29.09","28.96","29.46","28.73","2.18M","1.57%"
"05/07/2020","28.64","28.64","28.78","28.37","8.50M","1.02%"
"05/06/2020","28.35","28.33","28.55","28.16","12.22M","0.81%"
"05/05/2020","28.12","28.19","28.31","27.87","4.79M","0.91%"
"05/04/2020","27.87","28.10","28.32","27.65","2.67M","-0.89%"
"05/03/2020","28.12","28.78","28.87","27.78","2.95M","-2.99%"
"04/30/2020","28.98","29.02","29.23","28.78","11.15M","0.53%"
"04/29/2020","28.83","28.10","29.46","28.06","8.61M","3.20%"
"04/28/2020","27.94","28.04","28.26","27.76","9.24M","-0.47%"
"04/27/2020","28.07","28.77","28.77","27.76","7.06M","-0.75%"
"04/26/2020","28.28","27.92","28.96","27.87","5.41M","2.26%"
"04/23/2020","27.66","26.98","27.87","26.98","10.78M","3.83%"
"04/22/2020","26.64","27.15","27.15","26.51","37.15M","-1.18%"
"04/21/2020","26.95","27.76","27.76","26.74","10.47M","-3.77%"
"04/16/2020","28.01","29.01","29.01","27.83","12.00M","-3.75%"
"04/15/2020","29.10","29.68","29.69","28.94","10.04M","-1.44%"
"04/14/2020","29.53","29.33","29.69","29.33","23.49M","0.00%"
"04/13/2020","29.53","29.78","29.78","29.23","2.59M","0.52%"
"04/12/2020","29.37","29.75","29.91","29.12","2.18M","-1.07%"
"04/09/2020","29.69","29.22","29.91","29.01","6.98M","5.00%"
"04/08/2020","28.28","27.41","29.21","27.24","6.91M","4.00%"
"04/07/2020","27.19","25.92","27.86","25.84","9.50M","5.25%"
"04/06/2020","25.83","25.83","26.06","25.65","10.63M","1.68%"
"04/05/2020","25.41","25.73","26.06","25.27","3.37M","-2.16%"
"04/02/2020","25.97","25.92","26.23","25.83","11.62M","-0.73%"
"04/01/2020","26.16","26.40","26.40","26.00","4.13M","-1.79%"
"03/31/2020","26.64","26.82","26.93","26.40","8.46M","-0.61%"
"03/30/2020","26.80","27.86","27.86","26.65","6.63M","-3.14%"
"03/29/2020","27.67","28.03","28.03","27.57","2.49M","-2.38%"
"03/26/2020","28.34","28.34","28.66","27.96","6.59M","-0.11%"
"03/25/2020","28.38","28.89","29.01","28.05","4.74M","-0.25%"
"03/24/2020","28.45","29.01","29.01","27.65","7.56M","-3.43%"
"03/23/2020","29.46","30.82","31.72","28.67","13.16M","0.40%"
"03/22/2020","29.34","28.64","30.42","28.55","8.33M","6.08%"
"03/19/2020","27.66","23.20","28.33","23.20","14.39M","7.37%"
"03/18/2020","25.76","27.64","27.65","24.95","6.86M","-4.39%"
"03/17/2020","26.94","26.29","27.87","26.06","5.09M","0.93%"
"03/16/2020","26.69","26.86","28.42","25.77","5.66M","-6.70%"
"03/15/2020","28.61","31.04","31.04","28.59","19.43M","-9.92%"
"03/11/2020","31.76","32.50","32.85","31.45","7.32M","-0.19%"
"03/10/2020","31.82","31.36","32.40","31.34","3.73M","3.14%"
"03/09/2020","30.85","32.56","32.56","29.98","8.14M","-7.32%"
"03/08/2020","33.29","34.64","34.64","32.97","1.74M","-4.64%"
"03/05/2020","34.91","34.90","35.33","34.73","2.76M","1.29%"
"03/04/2020","34.46","35.80","35.99","33.99","2.30M","-2.99%"
"03/03/2020","35.52","35.80","35.80","35.35","4.25M","0.20%"
"03/02/2020","35.45","35.40","36.16","34.33","8.11M","0.05%"
"03/01/2020","35.43","35.80","35.80","35.13","2.73M","-5.31%"
"02/27/2020","37.42","37.93","37.93","37.05","5.09M","-1.01%"
"02/26/2020","37.80","37.62","38.07","37.54","2.68M","-0.71%"
"02/25/2020","38.07","38.43","38.43","37.63","3.34M","-1.39%"
"02/24/2020","38.60","38.75","38.93","38.50","2.76M","-0.92%"
"02/23/2020","38.96","38.66","39.02","38.66","1.59M","-0.06%"
"02/20/2020","38.99","38.75","39.20","38.75","4.53M","0.06%"
"02/19/2020","38.96","38.60","39.13","38.60","4.52M","0.75%"
"02/18/2020","38.67","38.84","38.98","38.52","1.60M","-0.78%"
"02/17/2020","38.98","38.69","39.02","38.69","5.00M","0.61%"
"02/16/2020","38.74","38.88","38.93","38.59","477.92K","0.02%"
"02/13/2020","38.73","38.66","38.90","38.59","1.48M","0.38%"
"02/12/2020","38.59","38.80","39.18","38.52","1.56M","-1.31%"
"02/11/2020","39.10","39.11","39.29","38.84","2.80M","0.05%"
"02/10/2020","39.08","39.03","39.25","38.75","3.71M","-0.61%"
"02/09/2020","39.32","39.38","39.43","38.98","751.92K","-0.17%"
"02/06/2020","39.39","39.14","39.42","39.14","2.62M","0.58%"
"02/05/2020","39.16","38.98","39.20","38.98","2.73M","0.28%"
"02/04/2020","39.05","38.98","39.38","38.66","2.89M","0.45%"
"02/03/2020","38.88","38.53","38.98","38.53","3.33M","0.80%"
"02/02/2020","38.57","38.52","38.64","38.52","774.43K","0.02%"
"01/30/2020","38.56","38.52","38.66","38.52","2.85M","0.28%"
"01/29/2020","38.45","38.30","38.65","38.30","2.36M","0.13%"
"01/28/2020","38.40","38.47","38.53","38.14","1.52M","-0.21%"
"01/27/2020","38.48","38.80","38.80","38.30","2.16M","-0.14%"
"01/26/2020","38.54","38.52","38.93","38.37","682.32K","-0.12%"
"01/23/2020","38.58","38.75","38.91","38.44","1.06M","-0.82%"
"01/22/2020","38.90","38.75","38.99","38.70","2.08M","1.06%"
"01/21/2020","38.49","38.52","38.75","38.28","1.46M","-0.89%"
"01/20/2020","38.84","39.32","39.39","38.44","1.97M","-0.97%"
"01/19/2020","39.22","38.30","39.47","38.10","2.15M","2.38%"
"01/16/2020","38.31","38.07","38.52","38.07","5.26M","0.61%"
"01/15/2020","38.07","37.66","38.38","37.66","2.22M","0.53%"
"01/14/2020","37.87","37.40","38.05","37.40","4.28M","0.70%"
"01/13/2020","37.61","38.07","38.07","37.32","9.72M","-1.24%"
"01/12/2020","38.08","38.05","38.18","37.84","800.17K","0.41%"
"01/09/2020","37.93","37.62","38.12","37.62","6.17M","0.83%"
"01/08/2020","37.62","36.66","37.93","36.32","4.56M","2.53%"
"01/06/2020","36.69","36.48","36.94","36.30","2.05M","0.11%"
"01/05/2020","36.65","37.16","37.16","36.48","1.85M","-2.70%"
"01/02/2020","37.66","37.39","37.78","37.39","628.06K","0.10%"
"12/31/2019","37.63","37.62","37.85","37.48","3.47M","0.22%"
"12/30/2019","37.54","37.07","37.64","37.07","1.80M","1.01%"
"12/29/2019","37.17","37.18","37.59","36.97","473.25K","-1.13%"
"12/26/2019","37.59","36.76","37.66","36.76","3.45M","1.77%"
"12/25/2019","36.94","37.17","37.45","36.58","783.24K","-0.92%"
"12/24/2019","37.29","37.65","37.65","37.08","1.67M","-0.64%"
"12/23/2019","37.53","37.07","37.68","37.07","2.29M","0.85%"
"12/22/2019","37.21","36.94","37.41","36.71","1.77M","0.60%"
"12/19/2019","36.99","36.46","37.17","36.31","10.06M","1.50%"
"12/18/2019","36.44","35.67","36.71","35.67","3.21M","1.66%"
"12/17/2019","35.84","35.02","36.25","35.02","6.20M","1.48%"
"12/16/2019","35.32","35.49","35.58","35.00","2.46M","-0.54%"
"12/15/2019","35.51","35.12","35.60","35.12","1.42M","0.69%"
"12/12/2019","35.27","35.35","35.44","35.17","3.05M","-0.19%"
"12/11/2019","35.34","35.31","35.48","35.08","7.28M","0.05%"
"12/10/2019","35.32","35.12","35.42","34.99","5.62M","0.67%"
"12/09/2019","35.08","35.35","35.35","34.97","5.41M","-0.14%"
"12/08/2019","35.13","35.35","35.35","35.01","886.42K","-1.21%"
"12/05/2019","35.56","35.58","35.69","35.40","2.24M","-0.04%"
"12/04/2019","35.58","35.36","35.62","35.36","4.08M","0.53%"
"12/03/2019","35.39","35.35","35.63","35.04","3.82M","-0.66%"
"12/02/2019","35.63","35.42","35.96","35.14","2.84M","-0.25%"
"12/01/2019","35.72","35.44","35.92","35.35","975.88K","0.00%"
"11/28/2019","35.71","35.35","35.96","35.13","1.78M","1.38%"
"11/27/2019","35.23","35.21","35.35","34.99","2.36M","0.22%"
"11/26/2019","35.15","35.57","35.57","34.90","14.90M","-1.07%"
"11/25/2019","35.53","35.69","35.74","35.34","3.89M","-0.66%"
"11/24/2019","35.77","35.80","35.92","35.67","1.54M","-0.64%"
"11/21/2019","36.00","36.03","36.26","35.74","4.95M","-2.12%"
"11/20/2019","36.78","36.94","36.94","36.57","1.60M","-1.02%"
"11/19/2019","37.16","37.28","37.39","37.05","1.56M","-0.32%"
"11/18/2019","37.28","37.39","37.62","37.16","2.11M","-0.99%"
"11/17/2019","37.65","37.62","37.80","37.21","1.22M","0.81%"
"11/14/2019","37.34","37.53","37.61","37.14","2.06M","-0.63%"
"11/13/2019","37.58","37.75","37.75","37.44","2.01M","-0.66%"
"11/12/2019","37.83","37.87","38.02","37.63","2.14M","-0.41%"
"11/11/2019","37.98","38.30","38.30","37.84","4.57M","-0.42%"
"11/07/2019","38.14","37.85","38.30","37.85","896.94K","0.21%"
"11/06/2019","38.06","38.22","38.22","37.85","1.64M","-0.13%"
"11/05/2019","38.11","37.16","38.52","37.16","6.42M","2.72%"
"11/04/2019","37.10","36.71","37.34","36.71","2.70M","1.14%"
"11/03/2019","36.68","36.71","36.80","36.46","256.26K","-0.07%"
"10/31/2019","36.71","36.31","36.81","36.31","3.00M","0.63%"
"10/30/2019","36.48","36.48","36.71","36.27","2.80M","-0.35%"
"10/29/2019","36.61","36.03","36.93","36.03","2.48M","1.42%"
"10/28/2019","36.09","36.00","36.26","35.89","1.29M","0.58%"
"10/27/2019","35.89","36.03","36.03","35.58","449.89K","-0.10%"
"10/24/2019","35.92","36.03","36.25","35.80","690.05K","-0.21%"
"10/23/2019","36.00","35.81","36.26","35.80","883.27K","-0.33%"
"10/22/2019","36.12","35.81","36.26","35.71","1.05M","0.52%"
"10/21/2019","35.93","36.08","36.21","35.76","1.10M","-0.60%"
"10/20/2019","36.15","36.01","36.30","35.63","612.77K","1.10%"
"10/17/2019","35.75","35.99","36.03","35.58","1.76M","-0.80%"
"10/16/2019","36.04","35.91","36.17","35.91","1.35M","0.81%"
"10/15/2019","35.75","35.90","36.03","35.58","779.63K","-0.42%"
"10/14/2019","35.90","35.80","36.03","35.80","1.32M","0.00%"
"10/13/2019","35.90","36.26","36.26","35.80","208.53K","-0.86%"
"10/10/2019","36.21","35.80","36.28","35.80","3.20M","1.11%"
"10/09/2019","35.81","35.70","35.94","35.70","524.97K","-1.03%"
"10/08/2019","36.18","35.88","36.48","35.80","1.98M","-0.22%"
"10/07/2019","36.27","36.10","36.46","35.82","1.81M","1.38%"
"10/03/2019","35.77","35.80","36.26","35.57","2.55M","-1.19%"
"10/02/2019","36.20","36.36","36.36","36.08","4.40M","0.24%"
"10/01/2019","36.12","35.35","36.28","35.35","4.89M","2.75%"
"09/30/2019","35.15","35.79","35.79","34.89","3.81M","-1.54%"
"09/29/2019","35.70","35.35","36.26","35.12","1.38M","2.54%"
"09/26/2019","34.82","34.39","35.12","34.22","5.45M","3.34%"
"09/25/2019","33.69","32.56","34.22","32.18","6.31M","3.45%"
"09/24/2019","32.57","33.83","33.83","31.95","11.49M","-5.20%"
"09/23/2019","34.35","35.21","35.35","33.54","8.71M","-2.46%"
"09/22/2019","35.22","36.48","36.48","34.85","2.11M","-3.35%"
"09/19/2019","36.44","36.71","36.71","36.31","5.46M","-1.31%"
"09/18/2019","36.92","36.71","37.10","36.71","2.60M","0.48%"
"09/17/2019","36.75","36.87","37.11","36.26","2.82M","-0.81%"
"09/16/2019","37.05","36.94","37.25","36.71","19.15M","-0.21%"
"09/15/2019","37.12","36.95","37.30","36.95","1.24M","-0.33%"
"09/12/2019","37.25","37.07","37.44","36.94","3.16M","1.12%"
"09/11/2019","36.83","36.62","37.16","36.62","2.85M","0.38%"
"09/10/2019","36.69","36.87","36.87","36.60","3.55M","-0.49%"
"09/09/2019","36.87","36.94","37.08","36.67","5.42M","-0.09%"
"09/08/2019","36.91","36.88","37.00","36.33","1.69M","0.07%"
"09/05/2019","36.88","36.51","37.17","36.51","3.27M","1.31%"
"09/04/2019","36.40","36.76","36.94","36.26","2.27M","-1.48%"
"09/03/2019","36.95","37.58","37.61","36.71","2.00M","-0.90%"
"09/02/2019","37.29","36.71","37.66","36.28","4.06M","1.54%"
"09/01/2019","36.72","36.28","36.93","36.26","1.86M","1.05%"
"08/29/2019","36.34","35.80","36.71","35.80","3.34M","2.57%"
"08/28/2019","35.43","34.47","35.80","34.47","3.48M","3.37%"
"08/27/2019","34.27","34.09","34.85","33.95","9.90M","-0.40%"
"08/26/2019","34.41","34.06","34.53","34.06","2.62M","-0.28%"
"08/25/2019","34.50","34.44","34.67","34.44","2.42M","1.13%"
"08/22/2019","34.12","34.21","34.24","33.99","1.30M","-0.23%"
"08/21/2019","34.19","34.27","34.42","33.99","2.57M","-0.58%"
"08/20/2019","34.39","34.44","34.44","34.24","2.73M","0.15%"
"08/19/2019","34.34","34.44","34.47","34.22","2.09M","-0.28%"
"08/18/2019","34.44","34.00","34.63","33.99","1.10M","0.69%"
"08/15/2019","34.20","34.44","34.49","33.92","2.56M","-1.72%"
"08/14/2019","34.80","33.99","35.17","33.88","7.19M","2.47%"
"08/08/2019","33.96","33.20","34.21","33.20","3.98M","1.17%"
"08/07/2019","33.57","33.09","33.65","33.09","804.36K","0.68%"
"08/06/2019","33.34","33.18","33.56","33.18","2.37M","-0.03%"
"08/05/2019","33.35","33.09","33.76","33.08","2.56M","-0.53%"
"08/04/2019","33.53","33.08","33.76","33.08","986.53K","1.30%"
"08/01/2019","33.10","32.79","33.54","32.79","1.00M","0.94%"
"07/31/2019","32.79","32.06","33.31","31.95","2.01M","1.59%"
"07/30/2019","32.28","32.06","32.63","32.06","1.35M","0.21%"
"07/29/2019","32.21","32.36","32.36","32.00","1.67M","0.30%"
"07/28/2019","32.11","32.50","32.58","31.84","543.70K","-1.45%"
"07/25/2019","32.59","32.63","32.74","32.40","927.94K","-0.55%"
"07/24/2019","32.77","32.85","33.08","32.36","1.44M","-0.26%"
"07/22/2019","32.85","32.61","33.03","32.41","672.73K","1.00%"
"07/21/2019","32.53","32.59","32.63","32.18","334.58K","-0.50%"
"07/18/2019","32.69","32.54","32.97","32.54","3.92M","0.07%"
"07/17/2019","32.67","32.86","32.86","32.50","1.25M","-0.62%"
"07/16/2019","32.87","32.40","33.08","32.40","1.75M","1.33%"
"07/15/2019","32.44","32.86","32.86","32.02","2.35M","-1.13%"
"07/14/2019","32.81","33.08","33.54","32.45","545.92K","-0.70%"
"07/11/2019","33.04","33.56","33.56","32.82","1.50M","-1.62%"
"07/10/2019","33.59","33.49","33.83","33.32","1.41M","0.14%"
"07/09/2019","33.54","33.52","33.63","33.32","1.21M","0.73%"
"07/08/2019","33.30","32.77","33.49","32.77","766.51K","-0.43%"
"07/07/2019","33.44","33.28","33.54","32.74","779.99K","0.75%"
"07/04/2019","33.19","33.08","33.49","32.99","570.04K","-0.18%"
"07/03/2019","33.25","33.31","33.32","33.09","951.12K","-0.05%"
"07/02/2019","33.27","33.45","33.58","33.08","1.09M","-0.51%"
"06/27/2019","33.44","33.54","33.59","33.08","1.72M","-0.32%"
"06/26/2019","33.55","33.54","33.76","33.34","4.60M","0.35%"
"06/25/2019","33.43","33.54","33.62","33.32","2.46M","0.15%"
"06/24/2019","33.38","33.57","33.57","33.12","951.05K","-1.23%"
"06/23/2019","33.80","33.76","33.99","33.65","619.63K","0.32%"
"06/20/2019","33.69","33.95","34.00","33.43","3.93M","-0.65%"
"06/19/2019","33.91","34.07","34.07","33.76","1.40M","-0.47%"
"06/18/2019","34.07","33.76","34.13","33.76","7.08M","0.52%"
"06/17/2019","33.90","33.55","34.08","33.55","2.62M","0.55%"
"06/16/2019","33.71","33.27","33.81","33.27","624.38K","0.53%"
"06/13/2019","33.53","33.53","33.58","33.45","3.28M","0.00%"
"06/12/2019","33.53","33.36","33.58","33.31","2.84M","0.28%"
"06/11/2019","33.43","33.08","33.65","33.08","1.82M","1.93%"
"06/10/2019","32.80","32.25","33.09","32.25","3.72M","1.05%"
"06/09/2019","32.46","32.68","32.68","32.19","415.72K","-0.31%"
"06/03/2019","32.56","32.40","32.59","32.06","1.82M","0.34%"
"06/02/2019","32.45","32.19","32.61","32.19","625.61K","-0.13%"
"05/30/2019","32.49","32.18","32.63","32.18","2.48M","0.04%"
"05/29/2019","32.48","32.02","32.68","32.00","2.75M","0.55%"
"05/28/2019","32.30","32.62","32.74","31.97","6.46M","0.28%"
"05/27/2019","32.21","32.29","32.62","32.09","1.05M","0.44%"
"05/26/2019","32.07","31.66","32.18","31.66","1.19M","1.32%"
"05/23/2019","31.65","31.63","31.73","31.50","1.38M","0.23%"
"05/22/2019","31.58","31.75","32.05","31.39","2.64M","-1.16%"
"05/21/2019","31.95","31.72","32.20","31.72","2.26M","1.44%"
"05/20/2019","31.50","31.53","31.72","31.23","1.28M","-1.00%"
"05/19/2019","31.82","32.62","32.62","31.50","617.95K","-0.54%"
"05/16/2019","31.99","32.18","32.87","31.72","2.42M","-1.36%"
"05/15/2019","32.43","32.63","33.08","31.95","1.30M","-0.98%"
"05/14/2019","32.75","32.63","33.09","32.27","1.70M","1.15%"
"05/13/2019","32.38","32.91","32.99","31.76","3.28M","-2.67%"
"05/12/2019","33.27","33.48","33.48","33.08","419.06K","-0.08%"
"05/09/2019","33.29","33.54","33.54","33.20","812.38K","-1.83%"
"05/08/2019","33.91","33.76","34.10","33.42","3.87M","-0.90%"
"05/07/2019","34.22","33.40","34.45","33.27","1.27M","3.25%"
"05/06/2019","33.14","33.31","33.48","32.66","1.44M","-0.68%"
"05/05/2019","33.37","33.99","34.04","33.22","1.74M","-2.89%"
"05/02/2019","34.36","34.85","34.85","34.17","1.41M","-0.72%"
"04/30/2019","34.61","33.97","34.85","33.97","8.59M","2.44%"
"04/24/2019","33.79","33.10","34.04","33.10","3.27M","1.37%"
"04/23/2019","33.33","33.08","33.53","33.08","1.31M","0.07%"
"04/22/2019","33.31","33.31","33.45","33.08","494.44K","0.41%"
"04/21/2019","33.17","33.08","33.50","33.08","249.01K","0.38%"
"04/18/2019","33.04","33.08","33.32","32.86","1.84M","-0.60%"
"04/17/2019","33.24","33.54","33.54","33.08","618.27K","-0.88%"
"04/16/2019","33.54","33.36","33.67","33.36","2.49M","-0.12%"
"04/15/2019","33.58","33.38","33.72","33.31","2.95M","-0.16%"
"04/14/2019","33.63","33.84","33.90","33.38","599.79K","-0.15%"
"04/11/2019","33.68","33.49","33.79","33.49","2.78M","0.68%"
"04/10/2019","33.46","33.52","33.54","33.13","3.21M","0.26%"
"04/09/2019","33.37","33.08","33.54","32.93","1.70M","0.41%"
"04/08/2019","33.23","33.08","33.51","33.08","6.38M","0.22%"
"04/07/2019","33.16","33.76","33.76","32.86","206.90K","-1.16%"
"04/04/2019","33.55","33.51","33.88","33.27","2.63M","0.07%"
"04/03/2019","33.53","33.38","33.71","33.18","4.53M","0.94%"
"04/02/2019","33.22","32.63","33.54","32.62","3.86M","3.37%"
"04/01/2019","32.13","31.25","33.08","31.25","6.42M","3.72%"
"03/31/2019","30.98","31.05","31.27","30.76","1.24M","0.31%"
"03/28/2019","30.89","30.09","31.16","30.09","3.60M","1.25%"
"03/27/2019","30.51","30.82","30.83","29.98","4.89M","-0.85%"
"03/26/2019","30.77","30.82","30.84","30.64","3.05M","-0.38%"
"03/25/2019","30.89","31.01","31.16","30.68","3.37M","-0.41%"
"03/24/2019","31.01","31.26","31.27","30.93","779.91K","0.25%"
"03/21/2019","30.94","31.05","31.27","30.50","3.65M","-0.74%"
"03/20/2019","31.17","31.00","31.25","30.73","1.51M","1.79%"
"03/19/2019","30.62","31.38","31.48","30.43","2.25M","-1.76%"
"03/18/2019","31.17","31.72","31.72","30.82","2.70M","-1.64%"
"03/17/2019","31.69","31.55","31.84","31.48","654.42K","0.56%"
"03/14/2019","31.51","32.00","32.08","31.27","7.68M","-1.78%"
"03/13/2019","32.08","32.24","32.40","31.95","923.92K","-0.41%"
"03/12/2019","32.21","32.20","32.27","32.12","2.55M","0.10%"
"03/11/2019","32.18","32.35","32.35","32.09","8.86M","0.17%"
"03/10/2019","32.13","32.00","32.18","31.95","269.85K","0.65%"
"03/07/2019","31.92","31.41","32.39","31.41","4.11M","2.43%"
"03/06/2019","31.16","31.50","31.50","30.89","2.48M","-0.84%"
"03/05/2019","31.43","32.04","32.04","31.26","2.86M","-1.97%"
"03/04/2019","32.06","32.17","32.63","31.38","2.43M","-0.44%"
"03/03/2019","32.20","31.92","32.47","31.81","568.52K","1.23%"
"02/28/2019","31.81","31.38","31.95","31.38","8.50M","0.27%"
"02/27/2019","31.72","31.72","31.94","31.50","972.76K","-1.17%"
"02/26/2019","32.10","32.85","32.85","31.50","4.78M","-1.23%"
"02/25/2019","32.50","32.86","32.86","32.18","5.03M","-1.48%"
"02/24/2019","32.98","33.46","33.54","32.74","600.82K","-1.83%"
"02/21/2019","33.60","33.79","33.81","33.27","2.73M","-0.66%"
"02/20/2019","33.82","33.76","33.95","33.76","6.97M","0.38%"
"02/19/2019","33.70","33.98","33.98","33.54","993.95K","-0.81%"
"02/18/2019","33.97","34.44","34.44","33.65","1.88M","0.27%"
"02/17/2019","33.88","33.56","34.62","33.54","2.04M","1.18%"
"02/14/2019","33.49","32.86","33.72","32.86","3.63M","1.60%"
"02/13/2019","32.96","32.88","33.04","32.76","5.86M","0.54%"
"02/12/2019","32.78","32.61","32.92","32.61","2.41M","1.22%"
"02/11/2019","32.39","31.99","32.81","31.99","3.87M","0.92%"
"02/10/2019","32.09","32.39","32.39","31.92","247.78K","-0.44%"
"02/07/2019","32.24","32.43","32.45","32.13","1.40M","-0.45%"
"02/06/2019","32.38","32.44","32.60","32.09","3.57M","0.69%"
"02/05/2019","32.16","31.62","32.52","31.62","2.96M","3.03%"
"02/04/2019","31.21","30.53","31.54","30.46","2.54M","2.66%"
"02/03/2019","30.41","30.44","30.55","30.27","474.18K","1.00%"
"01/31/2019","30.10","30.18","30.38","29.91","3.13M","-0.20%"
"01/30/2019","30.17","30.46","30.56","29.77","3.07M","-0.60%"
"01/29/2019","30.35","30.46","30.82","30.09","3.17M","-0.70%"
"01/28/2019","30.56","30.64","30.89","30.17","3.49M","-0.18%"
"01/27/2019","30.62","30.18","30.78","30.18","971.70K","2.35%"
"01/23/2019","29.91","29.55","30.46","28.68","3.66M","2.37%"
"01/22/2019","29.22","29.37","29.55","28.83","1.84M","-1.02%"
"01/21/2019","29.52","28.64","30.09","28.64","3.64M","2.12%"
"01/20/2019","28.91","28.91","29.04","28.65","711.71K","0.18%"
"01/17/2019","28.86","28.64","29.01","28.64","2.03M","1.38%"
"01/16/2019","28.47","27.92","28.82","27.92","3.11M","2.45%"
"01/15/2019","27.78","27.37","28.06","27.37","2.61M","1.71%"
"01/14/2019","27.32","27.29","27.61","26.94","1.63M","-1.02%"
"01/13/2019","27.60","27.20","27.74","27.20","1.89M","2.74%"
"01/10/2019","26.86","27.14","27.28","26.56","3.54M","-0.54%"
"01/09/2019","27.01","27.46","27.73","26.82","3.21M","-1.42%"
"01/08/2019","27.40","27.88","27.88","27.12","3.41M","-1.23%"
"01/06/2019","27.74","27.91","27.97","27.55","1.19M","0.28%"
"01/03/2019","27.66","27.52","27.85","27.52","1.96M","0.50%"
"01/02/2019","27.52","27.01","27.81","27.01","1.80M","2.47%"
"12/31/2018","26.86","26.79","27.19","26.65","1.96M","0.91%"
"12/30/2018","26.62","26.61","26.83","26.47","385.10K","0.18%"
"12/27/2018","26.57","26.65","26.83","26.47","1.66M","0.88%"
"12/26/2018","26.34","26.29","26.47","26.25","570.30K","0.78%"
"12/25/2018","26.13","26.36","26.36","25.95","568.96K","-1.57%"
"12/24/2018","26.55","26.65","26.79","26.29","1.08M","-1.81%"
"12/23/2018","27.04","27.61","27.61","26.54","871.63K","-1.96%"
"12/20/2018","27.58","26.94","27.83","26.94","5.90M","2.12%"
"12/19/2018","27.01","26.99","27.21","26.83","3.20M","0.27%"
"12/18/2018","26.94","26.87","27.01","26.79","2.13M","-0.51%"
"12/17/2018","27.07","26.47","27.19","26.47","3.54M","3.02%"
"12/16/2018","26.28","26.54","26.54","25.95","599.44K","-1.11%"
"12/13/2018","26.57","26.56","26.79","26.47","4.29M","0.04%"
"12/12/2018","26.56","26.11","26.83","26.11","5.36M","2.33%"
"12/11/2018","25.96","25.89","26.27","25.74","7.49M","1.83%"
"12/10/2018","25.49","24.84","25.91","24.66","7.77M","3.22%"
"12/09/2018","24.69","24.84","25.27","24.29","1.61M","-1.89%"
"12/06/2018","25.17","25.92","25.92","24.54","3.02M","-2.72%"
"12/05/2018","25.87","25.56","26.09","25.47","2.77M","1.21%"
"12/04/2018","25.56","25.74","25.91","25.29","3.95M","-2.73%"
"12/03/2018","26.28","26.49","26.93","25.38","10.28M","-1.32%"
"12/02/2018","26.63","27.19","27.19","26.47","702.91K","-1.54%"
"11/29/2018","27.05","26.87","27.19","26.84","7.50M","0.57%"
"11/28/2018","26.90","26.98","27.05","26.74","11.24M","0.56%"
"11/27/2018","26.75","26.82","26.94","26.28","7.29M","1.01%"
"11/26/2018","26.48","26.57","26.90","26.20","6.56M","-1.72%"
"11/25/2018","26.95","28.19","28.19","26.29","6.21M","-6.48%"
"11/22/2018","28.81","29.04","29.32","28.64","1.61M","-1.45%"
"11/21/2018","29.24","29.73","29.73","28.99","4.02M","-2.36%"
"11/19/2018","29.94","29.80","30.13","29.68","4.19M","-0.51%"
"11/18/2018","30.10","29.73","30.27","29.73","1.16M","2.00%"
"11/15/2018","29.51","29.14","29.59","29.14","2.68M","1.08%"
"11/14/2018","29.19","29.19","29.26","29.01","3.73M","0.37%"
"11/13/2018","29.08","29.37","29.37","28.97","2.35M","-1.00%"
"11/12/2018","29.38","29.02","29.46","29.02","8.41M","0.72%"
"11/11/2018","29.17","29.55","29.55","29.04","875.81K","-1.85%"
"11/08/2018","29.72","29.54","29.89","29.37","1.67M","1.73%"
"11/07/2018","29.21","29.19","29.55","28.98","1.17M","0.14%"
"11/06/2018","29.17","29.01","29.37","29.01","3.91M","-0.04%"
"11/05/2018","29.18","28.64","29.33","28.64","1.82M","1.12%"
"11/04/2018","28.86","29.01","29.19","28.64","475.47K","-0.52%"
"11/01/2018","29.01","29.17","29.19","28.93","2.17M","-0.34%"
"10/31/2018","29.11","28.70","29.54","28.70","8.20M","1.40%"
"10/30/2018","28.71","29.00","29.00","28.57","1.38M","0.39%"
"10/29/2018","28.60","28.64","28.82","28.19","1.22M","0.18%"
"10/28/2018","28.55","29.01","29.01","28.26","1.06M","-1.59%"
"10/25/2018","29.01","28.90","29.19","28.90","1.39M","-1.17%"
"10/24/2018","29.35","29.57","29.73","28.86","2.04M","-2.16%"
"10/23/2018","30.00","29.39","30.20","29.39","2.78M","0.83%"
"10/22/2018","29.75","29.37","30.09","29.37","1.13M","1.96%"
"10/21/2018","29.18","29.19","29.73","29.01","1.23M","-1.23%"
"10/18/2018","29.54","29.79","30.09","29.37","2.06M","-1.77%"
"10/17/2018","30.08","29.74","30.22","29.74","1.67M","0.68%"
"10/16/2018","29.87","29.38","30.09","29.38","5.68M","1.30%"
"10/15/2018","29.49","29.01","29.73","29.01","2.39M","1.59%"
"10/14/2018","29.03","29.19","29.55","28.83","1.04M","0.73%"
"10/11/2018","28.82","28.97","29.19","28.50","5.23M","-1.67%"
"10/10/2018","29.31","29.01","29.46","29.01","1.16M","0.79%"
"10/09/2018","29.08","29.01","29.28","28.84","3.93M","0.21%"
"10/08/2018","29.02","29.37","29.38","28.83","3.44M","-1.76%"
"10/04/2018","29.53","29.46","29.73","29.33","1.29M","-0.48%"
"10/03/2018","29.68","29.83","29.91","29.39","1.13M","-0.72%"
"10/02/2018","29.89","30.15","30.15","29.68","3.14M","-0.88%"
"10/01/2018","30.15","30.41","30.46","29.93","4.56M","0.10%"
"09/30/2018","30.13","30.46","30.46","29.86","782.89K","-0.17%"
"09/27/2018","30.18","29.91","30.46","29.91","3.00M","0.70%"
"09/26/2018","29.97","29.55","30.09","29.55","1.40M","1.86%"
"09/25/2018","29.42","29.01","29.79","29.01","1.71M","1.03%"
"09/24/2018","29.12","29.37","29.54","28.82","1.84M","-1.10%"
"09/23/2018","29.44","29.73","29.89","29.08","812.73K","0.26%"
"09/20/2018","29.36","29.09","29.73","28.82","2.95M","0.60%"
"09/19/2018","29.19","29.88","29.91","28.73","3.55M","-2.29%"
"09/18/2018","29.88","29.86","30.10","29.39","2.45M","0.04%"
"09/17/2018","29.86","29.74","30.09","29.73","1.49M","-0.59%"
"09/16/2018","30.04","30.46","30.46","29.73","957.67K","-2.07%"
"09/13/2018","30.68","30.82","30.89","30.49","2.08M","-0.68%"
"09/12/2018","30.89","31.11","31.28","30.63","4.81M","-0.95%"
"09/10/2018","31.18","31.00","31.25","31.00","1.47M","0.41%"
"09/09/2018","31.06","31.01","31.18","31.00","462.95K","-0.28%"
"09/06/2018","31.14","31.00","31.25","31.00","887.62K","0.29%"
"09/05/2018","31.05","31.21","31.43","30.67","4.86M","-0.99%"
"09/04/2018","31.37","31.36","31.54","31.23","2.53M","-0.02%"
"09/03/2018","31.37","31.51","31.54","31.19","1.40M","-0.41%"
"09/02/2018","31.50","31.91","31.91","31.11","925.11K","-0.89%"
"08/30/2018","31.79","31.26","32.09","31.19","2.40M","1.85%"
"08/29/2018","31.21","30.82","31.38","30.82","793.87K","1.39%"
"08/28/2018","30.78","30.43","31.07","30.09","1.87M","3.87%"
"08/27/2018","29.64","30.09","30.46","29.05","3.68M","-1.02%"
"08/26/2018","29.94","30.35","30.35","29.69","1.16M","-1.64%"
"08/19/2018","30.44","30.50","30.60","30.35","346.98K","-0.56%"
"08/16/2018","30.61","30.59","30.82","30.53","2.02M","-0.60%"
"08/15/2018","30.80","30.75","30.95","30.64","829.70K","0.18%"
"08/14/2018","30.74","30.82","30.82","30.64","1.50M","-0.43%"
"08/13/2018","30.88","30.91","31.00","30.82","1.07M","0.02%"
"08/12/2018","30.87","30.53","31.17","30.53","673.51K","-0.48%"
"08/09/2018","31.02","30.82","31.16","30.82","1.31M","0.11%"
"08/08/2018","30.99","30.81","31.19","30.49","983.15K","1.11%"
"08/07/2018","30.64","30.64","30.82","30.49","1.37M","0.13%"
"08/06/2018","30.60","30.59","30.82","30.49","1.15M","-0.53%"
"08/05/2018","30.77","30.58","30.96","30.30","992.42K","-1.20%"
"08/02/2018","31.14","30.46","31.37","30.46","1.89M","2.24%"
"08/01/2018","30.46","30.82","30.82","30.28","5.79M","0.04%"
"07/31/2018","30.45","29.82","30.82","29.82","5.52M","2.14%"
"07/30/2018","29.81","29.57","29.97","29.55","1.16M","0.74%"
"07/29/2018","29.59","29.39","29.69","29.39","26.64K","0.74%"
"07/26/2018","29.38","29.05","29.73","29.05","4.91M","-0.47%"
"07/25/2018","29.51","29.41","29.77","29.02","323.91K","-1.29%"
"07/24/2018","29.90","29.02","30.42","29.01","1.39M","2.83%"
"07/22/2018","29.07","29.19","29.36","29.01","65.23K","-0.24%"
"07/19/2018","29.14","29.37","29.37","28.93","1.24M","-1.16%"
"07/18/2018","29.48","29.05","29.55","29.04","1.13M","0.72%"
"07/17/2018","29.27","29.91","30.43","28.93","3.74M","-3.08%"
"07/16/2018","30.21","30.28","30.28","29.41","10.04M","-0.66%"
"07/15/2018","30.41","30.09","30.53","30.09","300.82K","0.42%"
"07/12/2018","30.28","30.55","30.55","29.92","866.68K","-1.27%"
"07/11/2018","30.67","30.64","30.78","30.55","342.91K","0.14%"
"07/10/2018","30.62","30.60","30.82","30.38","1.37M","-0.22%"
"07/09/2018","30.69","30.10","31.13","30.10","2.80M","0.49%"
"07/08/2018","30.54","30.98","30.98","30.27","843.62K","-0.67%"
"07/05/2018","30.75","31.00","31.00","30.64","2.06M","-1.25%"
"07/04/2018","31.14","31.18","31.19","30.91","311.81K","-0.15%"
"07/03/2018","31.18","30.82","31.36","30.73","359.61K","0.63%"
"07/02/2018","30.99","30.82","31.10","30.82","1.97M","0.22%"
"06/28/2018","30.92","30.91","31.18","30.64","1.93M","0.32%"
"06/27/2018","30.82","30.91","31.18","30.60","3.56M","-0.86%"
"06/26/2018","31.09","31.18","31.36","30.87","1.42M","-0.80%"
"06/25/2018","31.34","31.18","31.53","31.18","3.35M","0.52%"
"06/24/2018","31.18","31.29","31.29","30.72","1.36M","0.30%"
"06/21/2018","31.08","31.11","31.18","30.84","1.74M","1.66%"
"06/20/2018","30.58","30.64","30.82","30.46","1.84M","-0.17%"
"06/19/2018","30.63","31.18","31.18","30.45","3.16M","-2.81%"
"06/14/2018","31.51","31.18","31.85","31.18","3.77M","1.20%"
"06/13/2018","31.14","30.64","31.19","30.64","1.40M","1.20%"
"06/12/2018","30.77","30.31","31.14","30.31","1.26M","0.92%"
"06/11/2018","30.49","31.14","31.14","30.46","11.55M","-1.67%"
"06/10/2018","31.01","31.18","31.18","30.82","199.10K","-0.09%"
"06/07/2018","31.04","30.64","31.18","30.46","1.63M","1.18%"
"06/06/2018","30.67","30.66","31.17","30.18","2.02M","1.21%"
"06/05/2018","30.31","30.82","31.22","29.01","2.73M","-2.59%"
"06/04/2018","31.11","31.34","31.65","30.82","6.20M","-0.73%"
"06/03/2018","31.34","31.36","31.69","31.18","1.41M","2.61%"
"05/31/2018","30.54","31.36","31.36","29.01","14.25M","-2.95%"
"05/30/2018","31.47","31.54","31.72","31.18","4.05M","-0.85%"
"05/29/2018","31.74","31.25","32.09","31.25","2.52M","2.45%"
"05/28/2018","30.98","30.64","31.37","30.47","1.19M","0.95%"
"05/27/2018","30.69","30.96","30.96","30.49","1.11M","-0.63%"
"05/24/2018","30.89","30.82","31.11","30.69","1.35M","0.88%"
"05/23/2018","30.62","30.84","30.84","30.46","1.26M","0.07%"
"05/22/2018","30.60","30.66","30.93","30.45","1.36M","-0.35%"
"05/21/2018","30.71","30.93","31.00","30.46","2.90M","-0.61%"
"05/20/2018","30.89","31.91","31.91","30.46","1.62M","-2.15%"
"05/17/2018","31.57","31.91","31.91","31.51","2.02M","-1.31%"
"05/16/2018","31.99","31.62","32.45","31.54","1.21M","1.18%"
"05/15/2018","31.62","31.63","31.91","31.38","2.12M","-0.85%"
"05/14/2018","31.89","32.09","32.13","31.61","563.37K","-0.32%"
"05/13/2018","31.99","32.12","32.45","31.58","957.10K","0.52%"
"05/10/2018","31.83","32.31","32.54","31.36","3.21M","-2.79%"
"05/09/2018","32.74","33.45","33.54","31.91","1.19M","-1.43%"
"05/08/2018","33.22","32.45","33.68","32.45","1.77M","2.05%"
"05/07/2018","32.55","32.99","33.14","32.20","1.30M","-1.08%"
"05/06/2018","32.90","33.37","34.40","32.60","972.56K","-2.50%"
"05/03/2018","33.75","34.26","34.44","33.54","3.19M","-1.66%"
"05/02/2018","34.32","33.80","34.63","33.80","3.60M","0.85%"
"04/30/2018","34.03","34.08","34.17","33.84","772.11K","0.05%"
"04/29/2018","34.01","34.44","34.53","33.74","423.87K","-1.25%"
"04/26/2018","34.44","33.36","34.99","33.36","3.37M","2.81%"
"04/24/2018","33.50","32.81","33.90","32.64","3.58M","1.99%"
"04/23/2018","32.85","32.31","33.18","32.27","1.60M","1.01%"
"04/22/2018","32.52","32.27","32.67","32.18","533.38K","0.36%"
"04/19/2018","32.40","31.63","32.63","31.63","1.34M","1.11%"
"04/18/2018","32.04","32.05","32.31","31.62","2.00M","0.58%"
"04/17/2018","31.86","31.54","32.01","31.54","1.28M","1.07%"
"04/16/2018","31.52","31.55","31.63","31.41","1.77M","-0.02%"
"04/15/2018","31.53","31.22","31.87","31.22","2.04M","0.09%"
"04/12/2018","31.50","31.84","32.17","31.18","2.96M","-2.35%"
"04/11/2018","32.26","32.09","32.74","31.91","1.31M","-0.73%"
"04/10/2018","32.49","31.91","32.67","31.91","3.29M","2.03%"
"04/05/2018","31.85","31.72","32.26","31.72","16.15M","0.43%"
"04/04/2018","31.71","31.91","32.09","31.38","2.69M","-0.09%"
"04/03/2018","31.74","31.90","31.98","31.55","1.04M","-0.40%"
"04/02/2018","31.87","31.94","32.23","31.54","2.90M","-0.60%"
"04/01/2018","32.06","32.58","32.58","31.82","495.20K","-0.66%"
"03/29/2018","32.27","32.13","32.45","32.13","1.67M","0.33%"
"03/28/2018","32.17","31.92","32.63","31.90","2.00M","0.69%"
"03/27/2018","31.95","31.90","32.12","31.72","3.16M","0.39%"
"03/26/2018","31.82","31.89","32.08","31.65","2.06M","0.64%"
"03/25/2018","31.62","31.67","31.91","31.47","823.54K","-0.16%"
"03/22/2018","31.67","31.80","32.27","31.43","1.64M","-0.25%"
"03/21/2018","31.75","32.33","32.63","31.41","3.01M","-1.67%"
"03/20/2018","32.29","32.27","32.65","31.90","4.49M","-0.75%"
"03/19/2018","32.53","32.90","33.14","32.28","2.88M","-1.18%"
"03/18/2018","32.92","32.64","33.39","32.63","3.21M","2.19%"
"03/15/2018","32.21","31.54","33.18","31.40","28.25M","1.93%"
"03/14/2018","31.61","31.90","31.91","31.29","5.73M","-0.75%"
"03/13/2018","31.84","31.37","32.23","31.21","4.09M","1.11%"
"03/12/2018","31.50","30.46","31.91","30.46","5.02M","3.42%"
"03/11/2018","30.46","30.64","30.77","30.11","2.22M","-1.39%"
"03/08/2018","30.88","30.63","31.13","30.63","4.39M","1.63%"
"03/07/2018","30.39","29.55","30.67","29.55","8.77M","3.56%"
"03/06/2018","29.34","29.30","29.67","29.03","7.26M","3.21%"
"03/05/2018","28.43","28.27","28.86","27.99","4.16M","1.49%"
"03/04/2018","28.01","28.10","28.14","27.95","1.67M","0.34%"
"03/01/2018","27.92","27.89","28.14","27.89","6.93M","-0.26%"
"02/28/2018","27.99","28.31","28.31","27.87","10.17M","-1.11%"
"02/27/2018","28.31","28.08","28.55","27.92","1.14M","-0.33%"
"02/26/2018","28.40","28.61","28.64","28.10","4.59M","-1.15%"
"02/25/2018","28.73","28.72","28.82","28.28","1.44M","0.19%"
"02/22/2018","28.68","28.62","28.83","28.50","4.04M","1.19%"
"02/21/2018","28.34","28.07","28.62","28.07","4.59M","2.26%"
"02/20/2018","27.71","27.55","28.07","27.54","6.23M","0.65%"
"02/19/2018","27.53","26.90","27.68","26.90","3.23M","1.15%"
"02/18/2018","27.22","27.37","27.85","26.83","2.83M","0.19%"
"02/15/2018","27.17","27.05","27.28","26.94","3.29M","0.92%"
"02/14/2018","26.92","26.65","27.12","26.47","1.44M","0.61%"
"02/13/2018","26.76","27.56","27.56","26.40","5.17M","-2.30%"
"02/12/2018","27.39","27.82","27.92","27.09","1.59M","-0.59%"
"02/11/2018","27.56","27.56","27.82","27.47","625.51K","-0.28%"
"02/08/2018","27.63","28.19","28.20","27.48","2.86M","-0.95%"
"02/07/2018","27.90","27.92","28.20","27.58","2.80M","1.75%"
"02/06/2018","27.42","27.19","27.86","26.65","1.81M","-1.95%"
"02/05/2018","27.96","28.10","28.10","27.85","1.21M","-0.19%"
"02/04/2018","28.02","28.35","28.35","27.78","1.25M","-2.10%"
"02/01/2018","28.62","28.64","28.99","28.28","1.79M","0.75%"
"01/31/2018","28.40","28.65","29.36","28.14","4.46M","-2.63%"
"01/30/2018","29.17","29.55","29.55","28.77","1.88M","-0.64%"
"01/29/2018","29.36","29.02","29.62","26.29","8.02M","1.12%"
"01/28/2018","29.03","28.82","29.19","28.82","2.49M","2.05%"
"01/24/2018","28.45","28.11","28.82","28.11","3.13M","0.91%"
"01/23/2018","28.19","28.08","28.45","27.74","3.47M","-0.41%"
"01/22/2018","28.31","28.53","28.65","28.04","3.19M","-1.25%"
"01/21/2018","28.67","28.69","28.97","28.51","1.00M","-0.06%"
"01/18/2018","28.69","28.28","28.93","28.28","2.22M","1.47%"
"01/17/2018","28.27","28.28","28.37","28.17","2.57M","0.21%"
"01/16/2018","28.21","28.17","28.39","28.04","1.22M","-0.47%"
"01/15/2018","28.35","28.47","28.53","28.12","3.64M","-1.01%"
"01/14/2018","28.64","28.82","28.83","28.50","588.71K","-1.20%"
"01/11/2018","28.98","29.01","29.07","28.77","1.25M","-0.21%"
"01/10/2018","29.05","29.44","29.44","28.90","2.58M","-0.43%"
"01/09/2018","29.17","28.82","29.44","28.73","6.19M","3.03%"
"01/08/2018","28.31","27.56","28.93","27.56","6.99M","3.24%"
"01/04/2018","27.42","27.37","27.70","27.23","3.68M","0.38%"
"01/03/2018","27.32","27.81","27.81","27.19","1.23M","-2.12%"
"01/02/2018","27.91","28.03","28.21","27.81","997.30K","-0.48%"
"12/31/2017","28.04","28.01","28.17","27.92","1.05M","-0.15%"
"12/28/2017","28.09","27.77","28.28","27.73","3.07M","1.67%"
"12/27/2017","27.63","27.25","27.86","27.25","1.18M","-0.09%"
"12/26/2017","27.65","27.03","27.91","27.03","3.02M","1.68%"
"12/25/2017","27.20","27.31","27.37","26.92","370.29K","-0.31%"
"12/24/2017","27.28","26.98","27.55","26.83","1.10M","1.65%"
"12/21/2017","26.84","26.79","26.94","26.66","2.33M","0.52%"
"12/20/2017","26.70","26.46","26.83","26.29","2.99M","1.59%"
"12/19/2017","26.28","26.47","26.47","26.11","2.73M","-0.71%"
"12/18/2017","26.47","26.54","26.56","26.42","2.60M","-0.95%"
"12/17/2017","26.73","26.69","26.90","26.50","620.27K","-0.65%"
"12/14/2017","26.90","26.76","26.98","26.69","18.61M","0.31%"
"12/13/2017","26.82","26.83","26.98","26.65","1.31M","0.61%"
"12/12/2017","26.65","26.47","26.83","26.29","3.45M","1.35%"
"12/11/2017","26.30","26.46","26.50","26.15","2.43M","-0.98%"
"12/10/2017","26.56","26.47","26.65","26.36","580.77K","0.73%"
"12/07/2017","26.37","26.40","26.58","26.29","2.28M","-0.52%"
"12/06/2017","26.50","26.99","26.99","26.29","4.55M","-1.76%"
"12/05/2017","26.98","27.19","27.19","26.83","5.79M","-1.29%"
"12/04/2017","27.33","27.74","27.74","27.12","5.05M","-1.32%"
"12/03/2017","27.70","27.56","27.92","27.37","1.48M","1.39%"
"11/29/2017","27.32","27.37","27.55","27.07","4.89M","1.22%"
"11/28/2017","26.99","26.18","27.23","26.18","5.03M","2.78%"
"11/27/2017","26.26","26.56","26.63","26.11","7.46M","-1.42%"
"11/26/2017","26.63","26.59","26.72","26.56","956.97K","-0.20%"
"11/23/2017","26.69","26.65","26.83","26.56","2.60M","0.42%"
"11/22/2017","26.58","26.65","26.72","26.48","2.11M","0.00%"
"11/21/2017","26.58","26.83","26.98","26.41","3.89M","-0.31%"
"11/20/2017","26.66","26.51","26.91","26.49","1.83M","0.46%"
"11/19/2017","26.54","26.54","26.83","26.47","729.57K","-0.37%"
"11/16/2017","26.63","26.83","27.02","26.40","4.71M","-1.61%"
"11/15/2017","27.07","27.41","27.56","26.70","3.50M","-1.62%"
"11/14/2017","27.52","27.63","27.70","27.38","2.44M","-0.41%"
"11/13/2017","27.63","27.85","27.91","27.55","2.38M","-1.46%"
"11/12/2017","28.04","28.44","28.44","27.85","685.65K","-0.73%"
"11/09/2017","28.24","28.09","28.41","27.92","3.20M","1.98%"
"11/08/2017","27.70","28.26","28.26","27.52","4.16M","-0.99%"
"11/07/2017","27.97","27.95","28.11","27.81","1.94M","0.16%"
"11/06/2017","27.93","28.10","28.10","27.81","3.46M","-0.81%"
"11/05/2017","28.16","28.28","28.28","27.74","403.11K","-0.61%"
"11/02/2017","28.33","28.57","28.68","28.14","3.19M","-0.71%"
"11/01/2017","28.53","28.64","28.64","28.43","3.21M","-0.16%"
"10/31/2017","28.58","28.35","28.82","28.31","4.21M","2.06%"
"10/30/2017","28.00","27.74","28.35","27.50","3.76M","1.46%"
"10/29/2017","27.60","27.56","27.83","27.48","621.61K","-0.28%"
"10/26/2017","27.68","27.92","27.92","27.46","2.02M","-1.10%"
"10/25/2017","27.99","27.96","28.15","27.89","813.91K","-0.67%"
"10/24/2017","28.18","28.19","28.47","27.92","2.29M","0.14%"
"10/23/2017","28.14","27.93","28.32","27.75","3.58M","0.70%"
"10/22/2017","27.94","27.66","28.15","27.56","2.73M","1.10%"
"10/19/2017","27.64","27.20","27.86","27.20","2.42M","1.13%"
"10/18/2017","27.33","27.45","27.63","27.17","2.60M","-0.23%"
"10/17/2017","27.39","27.56","27.74","27.16","5.02M","-1.28%"
"10/16/2017","27.74","28.22","28.53","27.37","7.88M","-1.86%"
"10/15/2017","28.27","28.28","28.46","28.11","749.55K","0.14%"
"10/12/2017","28.23","28.10","28.50","28.10","2.81M","0.95%"
"10/11/2017","27.97","28.01","28.26","27.81","3.44M","0.00%"
"10/10/2017","27.97","28.28","28.28","27.81","2.66M","-2.01%"
"10/09/2017","28.54","29.11","29.11","28.28","6.70M","-1.02%"
"10/08/2017","28.84","28.73","29.08","28.65","1.33M","0.08%"
"10/04/2017","28.81","29.44","29.44","28.39","4.52M","-2.11%"
"10/03/2017","29.43","29.73","29.73","29.30","3.33M","-1.12%"
"10/02/2017","29.77","29.71","29.95","29.55","5.19M","0.51%"
"10/01/2017","29.61","29.56","29.80","29.51","691.85K","0.07%"
"09/28/2017","29.59","29.38","29.75","29.37","3.09M","0.46%"
"09/27/2017","29.46","29.55","29.61","29.30","4.13M","-0.37%"
"09/26/2017","29.57","29.53","29.72","29.48","3.40M","-0.10%"
"09/25/2017","29.60","29.60","29.73","29.41","2.94M","-0.07%"
"09/24/2017","29.62","29.62","29.81","29.55","790.65K","-0.66%"
"09/20/2017","29.81","29.61","30.02","29.61","3.13M","0.57%"
"09/19/2017","29.64","29.58","29.91","29.55","4.77M","0.28%"
"09/18/2017","29.56","29.73","29.73","29.48","5.45M","-0.52%"
"09/17/2017","29.72","29.91","29.92","29.55","2.81M","-0.18%"
"09/14/2017","29.77","29.44","29.91","29.44","3.02M","1.21%"
"09/13/2017","29.42","29.55","29.55","29.36","2.51M","-1.07%"
"09/12/2017","29.73","29.88","29.91","29.55","3.18M","-0.45%"
"09/11/2017","29.87","29.75","30.06","29.75","3.08M","0.26%"
"09/10/2017","29.79","29.93","30.13","29.73","1.09M","-0.81%"
"09/07/2017","30.04","29.75","30.10","29.75","1.30M","0.47%"
"09/06/2017","29.89","30.27","30.27","29.73","4.32M","-1.78%"
"09/05/2017","30.43","30.53","30.81","30.28","2.93M","-0.37%"
"08/30/2017","30.55","30.09","30.71","30.09","3.08M","1.74%"
"08/29/2017","30.02","29.77","30.13","29.77","2.56M","1.38%"
"08/28/2017","29.61","29.28","29.91","29.28","1.04M","0.94%"
"08/27/2017","29.34","29.39","29.50","29.19","443.32K","-0.50%"
"08/24/2017","29.49","29.46","29.55","29.43","2.23M","0.00%"
"08/23/2017","29.49","29.51","29.56","29.37","584.94K","-0.45%"
"08/22/2017","29.63","29.55","29.73","29.44","444.31K","0.33%"
"08/21/2017","29.53","29.08","29.73","29.08","3.68M","1.00%"
"08/20/2017","29.23","29.39","29.44","29.02","491.33K","-0.58%"
"08/17/2017","29.40","29.55","29.73","29.31","4.32M","-0.39%"
"08/16/2017","29.52","29.73","29.73","29.40","2.21M","0.00%"
"08/15/2017","29.52","29.59","29.73","29.37","1.77M","-0.17%"
"08/14/2017","29.57","29.93","30.16","29.30","2.40M","-1.31%"
"08/13/2017","29.96","30.27","30.27","29.91","455.80K","-1.37%"
"08/10/2017","30.38","30.82","30.91","29.98","1.90M","-1.42%"
"08/09/2017","30.81","31.00","31.11","30.48","635.92K","-0.78%"
"08/08/2017","31.06","31.00","31.13","30.82","1.51M","0.19%"
"08/07/2017","31.00","30.46","31.18","30.42","3.09M","1.68%"
"08/06/2017","30.49","30.27","30.78","30.20","560.73K","1.06%"
"08/03/2017","30.17","30.31","30.31","29.95","2.81M","-0.74%"
"08/02/2017","30.39","30.46","30.49","30.28","3.07M","0.02%"
"08/01/2017","30.39","30.09","30.46","30.06","2.67M","-0.11%"
"07/31/2017","30.42","30.82","30.84","29.95","4.29M","-0.87%"
"07/30/2017","30.69","30.93","31.00","30.47","695.95K","-0.65%"
"07/27/2017","30.89","31.47","31.47","30.78","1.87M","-2.05%"
"07/26/2017","31.53","31.54","31.54","31.24","3.27M","0.10%"
"07/25/2017","31.50","31.54","31.72","31.38","1.68M","-0.11%"
"07/24/2017","31.54","31.54","31.65","31.38","3.23M","0.05%"
"07/20/2017","31.52","31.45","31.55","31.36","2.99M","0.57%"
"07/19/2017","31.34","31.33","31.51","31.04","2.27M","-0.15%"
"07/18/2017","31.39","32.09","32.12","30.81","5.26M","-2.04%"
"07/17/2017","32.04","31.55","32.20","31.54","3.92M","1.18%"
"07/16/2017","31.67","31.54","31.76","31.54","424.37K","0.26%"
"07/13/2017","31.59","31.33","31.83","31.18","2.44M","1.84%"
"07/12/2017","31.02","31.18","31.27","30.81","1.97M","0.25%"
"07/11/2017","30.94","30.14","31.40","30.14","4.70M","2.29%"
"07/10/2017","30.25","30.06","30.42","29.77","4.00M","1.74%"
"07/09/2017","29.73","29.37","30.06","29.01","2.55M","1.20%"
"07/06/2017","29.38","29.55","29.62","29.36","6.82M","-0.02%"
"07/05/2017","29.39","29.40","29.55","29.23","2.83M","-0.05%"
"07/04/2017","29.40","29.69","29.71","29.26","704.28K","-0.59%"
"07/03/2017","29.57","29.51","29.72","29.39","1.71M","0.22%"
"07/02/2017","29.51","29.01","29.73","28.97","1.35M","1.79%"
"06/28/2017","28.99","29.37","29.37","28.47","5.27M","-1.26%"
"06/22/2017","29.36","29.38","29.54","29.19","3.33M","-0.05%"
"06/21/2017","29.38","29.63","29.63","29.30","6.53M","-1.06%"
"06/20/2017","29.69","29.80","29.80","29.55","1.89M","-0.02%"
"06/19/2017","29.70","29.69","29.73","29.63","2.35M","0.12%"
"06/18/2017","29.66","29.55","29.79","29.55","747.79K","0.18%"
"06/15/2017","29.61","29.73","29.73","29.55","4.24M","-0.87%"
"06/14/2017","29.87","29.91","30.06","29.68","4.85M","-0.16%"
"06/13/2017","29.92","29.91","30.13","29.75","4.28M","-0.46%"
"06/12/2017","30.05","30.46","30.46","29.91","2.92M","-1.17%"
"06/11/2017","30.41","30.53","30.54","30.33","2.38M","-0.79%"
"06/08/2017","30.65","30.42","30.81","30.39","3.28M","0.57%"
"06/07/2017","30.48","30.64","30.82","30.33","2.70M","-0.99%"
"06/06/2017","30.78","30.46","31.00","30.37","6.43M","1.37%"
"06/05/2017","30.37","30.31","30.46","30.11","3.33M","-0.24%"
"06/04/2017","30.44","30.28","30.54","30.28","794.51K","0.14%"
"06/01/2017","30.39","30.12","30.60","30.12","3.15M","1.31%"
"05/31/2017","30.00","29.19","30.64","29.19","16.91M","2.96%"
"05/30/2017","29.14","28.88","29.37","28.88","2.63M","-0.05%"
"05/29/2017","29.15","29.16","29.39","28.86","1.78M","-0.02%"
"05/28/2017","29.16","28.64","29.31","28.64","3.41M","1.54%"
"05/25/2017","28.72","28.28","29.01","28.18","4.89M","2.63%"
"05/24/2017","27.98","27.66","28.27","27.60","2.51M","0.84%"
"05/23/2017","27.75","27.58","27.85","27.58","2.92M","0.50%"
"05/22/2017","27.61","27.81","27.81","27.47","6.07M","-1.14%"
"05/21/2017","27.93","28.10","28.10","27.85","977.25K","0.00%"
"05/18/2017","27.93","28.10","28.23","27.91","1.53M","-0.98%"
"05/17/2017","28.20","27.92","28.30","27.92","1.40M","0.95%"
"05/16/2017","27.94","27.66","28.10","27.66","3.98M","0.72%"
"05/15/2017","27.74","27.85","27.85","27.62","1.81M","-0.38%"
"05/14/2017","27.85","27.92","27.92","27.74","754.47K","-0.16%"
"05/11/2017","27.89","28.04","28.26","27.54","4.71M","-0.29%"
"05/10/2017","27.97","27.82","28.26","27.75","2.91M","0.78%"
"05/09/2017","27.75","27.61","27.81","27.56","2.18M","0.79%"
"05/08/2017","27.53","27.36","27.59","27.36","3.48M","1.33%"
"05/07/2017","27.17","27.08","27.54","27.08","242.16K","-0.70%"
"05/04/2017","27.36","26.87","27.50","26.87","1.14M","0.72%"
"05/03/2017","27.17","26.83","27.28","26.83","2.55M","0.78%"
"05/02/2017","26.96","26.83","27.02","26.83","2.57M","0.99%"
"04/30/2017","26.69","26.56","27.07","26.29","1.74M","-0.38%"
"04/27/2017","26.79","27.48","27.48","26.45","2.23M","-1.85%"
"04/26/2017","27.30","27.50","27.74","27.09","3.18M","-0.44%"
"04/24/2017","27.42","27.37","27.56","27.05","2.07M","0.99%"
"04/23/2017","27.15","27.56","27.56","26.83","2.13M","-2.46%"
"04/20/2017","27.83","27.65","28.02","27.62","2.01M","0.72%"
"04/19/2017","27.64","27.63","27.74","27.56","841.49K","-1.04%"
"04/18/2017","27.93","28.03","28.20","27.58","1.42M","0.09%"
"04/13/2017","27.90","27.83","28.10","27.78","823.46K","-0.47%"
"04/12/2017","28.03","28.10","28.43","27.81","2.66M","-0.26%"
"04/11/2017","28.10","27.92","28.19","27.92","1.34M","1.29%"
"04/10/2017","27.74","27.85","28.06","27.56","1.04M","0.09%"
"04/09/2017","27.72","27.96","27.96","27.48","819.63K","-1.97%"
"04/06/2017","28.28","28.64","28.64","27.97","1.24M","-1.58%"
"04/05/2017","28.73","28.61","29.00","28.46","4.49M","1.55%"
"04/04/2017","28.29","27.92","28.64","27.92","3.18M","2.12%"
"04/03/2017","27.70","27.35","28.10","27.35","4.37M","2.13%"
"04/02/2017","27.13","27.25","27.38","26.98","2.23M","-0.94%"
"03/30/2017","27.38","27.63","27.74","27.19","4.69M","-0.76%"
"03/29/2017","27.60","27.77","27.77","27.45","1.96M","-0.63%"
"03/28/2017","27.77","27.59","27.85","27.52","793.44K","0.25%"
"03/27/2017","27.70","27.92","28.03","27.50","2.40M","-0.84%"
"03/26/2017","27.94","27.59","28.16","27.59","1.06M","0.03%"
"03/23/2017","27.93","27.56","28.11","27.56","3.16M","1.02%"
"03/22/2017","27.65","27.59","27.92","27.49","2.00M","0.07%"
"03/21/2017","27.63","27.98","27.98","27.38","4.63M","-1.70%"
"03/20/2017","28.11","28.26","28.29","27.92","2.42M","-0.86%"
"03/19/2017","28.35","28.82","28.97","28.01","1.90M","-0.28%"
"03/16/2017","28.43","27.68","28.93","27.68","3.55M","2.63%"
"03/15/2017","27.70","28.08","28.19","27.37","3.05M","-0.78%"
"03/14/2017","27.92","28.28","28.44","27.74","1.96M","-1.29%"
"03/13/2017","28.28","28.46","28.64","27.93","2.15M","-0.05%"
"03/12/2017","28.30","27.91","28.64","27.88","2.79M","2.01%"
"03/09/2017","27.74","27.19","27.99","27.19","3.06M","2.22%"
"03/08/2017","27.14","27.01","27.25","26.84","1.49M","-0.11%"
"03/07/2017","27.17","27.25","27.48","26.51","4.41M","-0.13%"
"03/06/2017","27.20","27.19","27.45","26.92","2.99M","0.47%"
"03/05/2017","27.08","27.01","27.33","26.94","834.60K","1.10%"
"03/02/2017","26.78","26.27","27.05","26.27","2.82M","2.67%"
"03/01/2017","26.09","25.94","26.37","25.94","1.52M","0.15%"
"02/28/2017","26.05","26.03","26.54","25.79","9.95M","-0.26%"
"02/27/2017","26.12","26.65","26.65","25.85","3.07M","-2.17%"
"02/26/2017","26.70","26.83","27.01","26.51","574.34K","-0.08%"
"02/23/2017","26.72","26.88","27.19","26.43","2.54M","-0.89%"
"02/22/2017","26.96","27.56","27.56","26.83","5.32M","-2.20%"
"02/21/2017","27.56","27.03","27.92","27.00","5.94M","1.70%"
"02/20/2017","27.10","27.41","27.56","26.84","3.29M","-1.76%"
"02/19/2017","27.59","27.88","27.92","27.43","1.04M","-1.37%"
"02/16/2017","27.97","27.74","28.14","27.74","3.31M","1.81%"
"02/15/2017","27.48","27.20","27.72","27.19","2.87M","-0.80%"
"02/14/2017","27.70","28.28","28.28","27.16","5.04M","-2.03%"
"02/13/2017","28.27","28.20","28.56","27.94","2.54M","-0.32%"
"02/12/2017","28.36","29.09","29.09","28.10","2.51M","-2.49%"
"02/09/2017","29.09","29.04","29.37","28.68","4.02M","-0.78%"
"02/08/2017","29.31","29.08","29.84","28.93","4.51M","2.13%"
"02/07/2017","28.70","27.99","29.19","27.93","2.01M","2.58%"
"02/06/2017","27.98","28.10","28.10","27.86","2.24M","-0.32%"
"02/05/2017","28.07","27.91","28.24","27.91","1.10M","0.52%"
"02/02/2017","27.93","27.65","28.07","27.65","2.33M","1.12%"
"02/01/2017","27.62","27.92","28.10","27.38","2.03M","-0.35%"
"01/31/2017","27.71","28.10","28.10","27.45","4.34M","-1.80%"
"01/30/2017","28.22","28.28","28.55","27.67","7.13M","-0.57%"
"01/29/2017","28.39","27.94","28.61","27.94","987.32K","1.24%"
"01/26/2017","28.04","28.46","28.50","27.92","4.62M","0.21%"
"01/24/2017","27.98","28.53","28.53","27.74","3.97M","-1.09%"
"01/23/2017","28.29","27.74","28.59","27.74","3.76M","3.47%"
"01/22/2017","27.34","27.28","27.81","26.84","1.86M","-0.55%"
"01/19/2017","27.49","27.95","28.06","27.23","3.28M","-2.82%"
"01/18/2017","28.29","28.29","28.73","27.92","1.59M","-0.67%"
"01/17/2017","28.48","28.28","28.64","28.28","2.35M","1.46%"
"01/16/2017","28.07","27.45","28.43","27.19","3.27M","1.67%"
"01/15/2017","27.61","27.50","27.92","27.42","991.34K","-0.12%"
"01/12/2017","27.64","27.92","28.12","27.41","3.53M","-0.94%"
"01/11/2017","27.90","27.56","28.20","27.56","2.15M","1.38%"
"01/10/2017","27.52","26.76","28.14","26.76","6.41M","2.80%"
"01/09/2017","26.77","26.83","26.98","26.46","2.54M","-0.53%"
"01/08/2017","26.91","26.92","27.16","26.71","2.02M","0.56%"
"01/05/2017","26.76","26.41","26.98","26.41","3.41M","0.67%"
"01/04/2017","26.59","26.46","26.83","26.41","2.70M","0.87%"
"01/03/2017","26.36","26.29","26.47","26.02","1.25M","1.03%"
"01/02/2017","26.09","26.45","26.46","25.87","1.35M","-1.53%"
"12/29/2016","26.50","26.25","26.67","25.98","4.63M","1.94%"
"12/28/2016","25.99","25.52","26.23","25.52","3.14M","1.64%"
"12/27/2016","25.57","25.56","25.72","25.45","1.74M","-0.23%"
"12/26/2016","25.63","25.76","26.00","25.52","850.80K","-0.76%"
"12/25/2016","25.83","26.01","26.07","25.75","636.88K","-0.86%"
"12/22/2016","26.05","26.27","26.28","25.83","4.96M","0.00%"
"12/21/2016","26.05","25.66","26.25","25.66","4.70M","1.20%"
"12/20/2016","25.74","25.29","26.01","25.29","7.39M","2.90%"
"12/19/2016","25.02","24.30","25.42","24.20","6.54M","2.94%"
"12/18/2016","24.30","24.38","24.46","24.25","2.30M","-0.04%"
"12/15/2016","24.31","24.47","24.64","24.11","3.99M","-0.86%"
"12/14/2016","24.52","24.44","24.69","24.33","1.70M","0.25%"
"12/13/2016","24.46","24.76","24.84","24.29","2.30M","-1.20%"
"12/12/2016","24.76","24.55","25.05","24.29","4.77M","0.29%"
"12/08/2016","24.69","24.65","24.91","24.58","2.67M","-0.77%"
"12/07/2016","24.88","25.23","25.23","24.57","6.33M","-1.56%"
"12/06/2016","25.27","24.75","25.38","24.75","2.67M","1.51%"
"12/05/2016","24.90","25.34","25.34","24.47","6.41M","-1.68%"
"12/04/2016","25.32","25.20","25.45","25.03","1.95M","0.47%"
"12/01/2016","25.20","25.20","25.49","24.94","2.76M","1.00%"
"11/30/2016","24.95","24.30","25.13","24.29","7.10M","3.68%"
"11/29/2016","24.07","24.35","24.36","23.89","2.49M","-1.34%"
"11/28/2016","24.39","24.22","24.65","24.13","4.65M","1.07%"
"11/27/2016","24.14","24.42","24.64","24.00","2.56M","-1.29%"
"11/24/2016","24.45","25.02","25.02","24.28","2.87M","-2.18%"
"11/23/2016","25.00","25.12","25.31","24.84","2.50M","-0.40%"
"11/22/2016","25.10","25.47","25.49","24.73","3.84M","-1.21%"
"11/21/2016","25.41","25.19","25.56","25.12","5.23M","1.14%"
"11/20/2016","25.12","24.65","25.34","24.65","3.88M","0.64%"
"11/17/2016","24.96","24.85","25.31","24.59","6.61M","1.92%"
"11/16/2016","24.49","24.11","24.80","24.11","5.98M","2.01%"
"11/15/2016","24.01","24.29","24.47","23.84","6.58M","-1.79%"
"11/14/2016","24.44","25.02","25.02","23.98","3.81M","-2.75%"
"11/13/2016","25.14","24.84","25.38","24.84","6.54M","3.14%"
"11/10/2016","24.37","23.57","24.78","23.57","8.07M","3.27%"
"11/09/2016","23.60","23.48","23.82","23.02","5.35M","-0.34%"
"11/08/2016","23.68","23.20","23.93","23.20","12.13M","2.37%"
"11/07/2016","23.13","23.20","23.59","22.49","19.01M","7.84%"
"11/06/2016","21.45","20.31","22.00","20.31","8.10M","7.25%"
"11/03/2016","20.00","20.81","20.81","19.22","11.43M","5.71%"
"11/02/2016","18.92","19.07","19.22","18.68","4.51M","0.50%"
"11/01/2016","18.82","18.74","18.86","18.69","1.92M","0.44%"
"10/31/2016","18.74","18.83","18.86","18.56","2.96M","-0.40%"
"10/30/2016","18.82","18.86","18.94","18.78","446.78K","0.08%"
"10/27/2016","18.80","18.57","18.86","18.56","2.91M","0.70%"
"10/26/2016","18.67","18.85","18.85","18.56","1.57M","-0.41%"
"10/25/2016","18.75","18.74","18.85","18.64","1.12M","-0.21%"
"10/24/2016","18.79","18.76","18.94","18.67","4.65M","-0.37%"
"10/23/2016","18.86","18.93","18.98","18.74","1.06M","-0.08%"
"10/20/2016","18.87","18.85","18.98","18.82","3.81M","0.48%"
"10/19/2016","18.78","18.82","18.85","18.60","882.88K","-0.40%"
"10/18/2016","18.86","18.85","19.09","18.65","4.51M","0.72%"
"10/17/2016","18.72","18.85","18.89","18.45","8.82M","-1.79%"
"10/16/2016","19.06","19.40","19.71","18.71","4.42M","-1.31%"
"10/13/2016","19.32","18.67","19.58","18.67","10.24M","3.90%"
"10/12/2016","18.59","18.94","19.06","18.44","6.68M","-1.84%"
"10/11/2016","18.94","18.93","19.03","18.73","3.59M","-1.30%"
"10/10/2016","19.19","19.18","19.47","18.93","3.86M","0.00%"
"10/09/2016","19.19","18.87","19.43","18.87","2.99M","1.94%"
"10/05/2016","18.83","18.27","19.18","18.17","7.91M","3.26%"
"10/04/2016","18.23","18.04","18.45","17.95","3.78M","1.55%"
"10/03/2016","17.95","17.41","18.10","17.41","6.19M","2.95%"
"09/29/2016","17.44","17.68","17.68","17.31","5.92M","-0.93%"
"09/28/2016","17.60","17.73","17.78","17.48","1.07M","-0.92%"
"09/27/2016","17.77","17.95","18.11","17.65","1.86M","-0.06%"
"09/26/2016","17.78","17.43","18.06","17.43","9.18M","1.62%"
"09/25/2016","17.49","17.39","17.57","17.39","363.22K","0.44%"
"09/22/2016","17.42","17.40","17.58","17.28","2.46M","-0.60%"
"09/21/2016","17.52","17.58","17.69","17.34","4.08M","-0.84%"
"09/20/2016","17.67","17.60","17.75","17.58","1.65M","0.85%"
"09/19/2016","17.52","17.42","17.75","17.38","1.03M","0.81%"
"09/18/2016","17.38","17.44","17.58","17.29","1.42M","-0.35%"
"09/15/2016","17.44","17.91","17.92","17.33","3.88M","-2.28%"
"09/14/2016","17.85","17.95","17.95","17.78","906.08K","-0.85%"
"09/08/2016","18.00","17.87","18.09","17.84","1.20M","0.75%"
"09/07/2016","17.87","17.89","18.00","17.73","2.55M","-0.14%"
"09/06/2016","17.89","17.95","17.95","17.77","2.59M","-0.36%"
"09/05/2016","17.96","18.06","18.06","17.86","1.01M","0.47%"
"09/04/2016","17.87","17.58","18.06","17.58","2.13M","1.52%"
"09/01/2016","17.61","17.64","17.75","17.51","1.44M","-0.67%"
"08/31/2016","17.73","17.49","17.78","17.49","4.04M","1.10%"
"08/30/2016","17.53","17.44","17.66","17.40","2.95M","0.00%"
"08/29/2016","17.53","17.80","17.80","17.40","5.37M","-0.90%"
"08/28/2016","17.69","17.77","17.78","17.61","778.17K","-0.33%"
"08/25/2016","17.75","17.90","17.91","17.66","2.29M","-1.13%"
"08/24/2016","17.95","17.77","18.06","17.77","1.21M","0.98%"
"08/23/2016","17.78","17.81","17.94","17.67","4.83M","-1.31%"
"08/22/2016","18.02","18.38","18.49","17.78","5.02M","-1.68%"
"08/21/2016","18.32","18.31","18.49","18.13","1.12M","0.08%"
"08/18/2016","18.31","18.67","18.85","18.04","7.35M","-1.19%"
"08/17/2016","18.53","18.67","18.69","18.27","3.60M","-1.47%"
"08/16/2016","18.81","18.80","19.03","18.53","7.70M","0.10%"
"08/15/2016","18.79","18.48","19.18","18.48","10.39M","3.08%"
"08/14/2016","18.23","18.31","18.47","17.58","1.91M","-1.08%"
"08/11/2016","18.43","18.06","18.67","18.04","5.44M","2.69%"
"08/10/2016","17.94","17.58","18.17","17.58","7.85M","1.37%"
"08/09/2016","17.70","17.77","17.77","17.57","3.81M","-0.89%"
"08/08/2016","17.86","17.94","18.02","17.73","2.86M","0.33%"
"08/07/2016","17.80","17.91","17.94","17.66","1.37M","-0.18%"
"08/04/2016","17.83","17.47","17.97","17.44","7.06M","2.69%"
"08/03/2016","17.37","17.04","17.51","17.04","4.62M","1.98%"
"08/02/2016","17.03","17.13","17.13","16.98","3.83M","-0.19%"
"08/01/2016","17.06","17.13","17.26","16.95","4.83M","-0.65%"
"07/31/2016","17.17","17.15","17.32","17.08","2.32M","-0.38%"
"07/28/2016","17.24","16.42","17.60","16.42","8.88M","4.41%"
"07/27/2016","16.51","15.95","16.68","15.95","12.09M","5.76%"
"07/26/2016","15.61","15.67","15.77","15.53","4.03M","0.30%"
"07/25/2016","15.57","15.39","15.66","15.37","4.01M","1.18%"
"07/24/2016","15.38","15.41","15.46","15.32","151.86K","0.28%"
"07/21/2016","15.34","15.41","15.48","15.28","4.19M","-1.08%"
"07/20/2016","15.51","15.59","15.59","15.37","2.42M","-0.60%"
"07/19/2016","15.60","15.61","15.68","15.48","4.33M","-0.16%"
"07/18/2016","15.63","15.57","15.76","15.52","3.84M","1.03%"
"07/17/2016","15.47","15.41","15.57","15.32","1.10M","-0.12%"
"07/14/2016","15.49","15.41","15.58","15.37","3.84M","-0.07%"
"07/13/2016","15.50","15.59","15.66","15.39","3.87M","0.99%"
"07/12/2016","15.34","15.52","15.59","15.16","5.11M","-1.42%"
"07/11/2016","15.57","15.71","15.84","15.29","8.25M","0.59%"
"07/10/2016","15.47","15.05","15.77","15.05","7.70M","5.25%"
"07/04/2016","14.70","14.44","14.94","14.44","11.08M","1.96%"
"07/03/2016","14.42","14.50","14.50","14.27","2.20M","-0.15%"
"06/29/2016","14.44","14.52","14.61","14.32","4.25M","-0.40%"
"06/28/2016","14.50","14.41","14.59","14.41","4.21M","-0.10%"
"06/27/2016","14.51","14.64","14.76","14.36","2.50M","0.55%"
"06/26/2016","14.43","14.50","14.77","14.25","5.93M","-4.28%"
"06/23/2016","15.08","14.87","15.23","14.87","3.22M","1.69%"
"06/22/2016","14.83","14.72","15.04","14.67","3.33M","-1.45%"
"06/21/2016","15.05","15.21","15.26","14.72","5.23M","0.68%"
"06/20/2016","14.95","15.08","15.23","14.61","4.30M","-1.39%"
"06/19/2016","15.16","15.24","15.34","15.05","1.65M","-0.45%"
"06/16/2016","15.22","15.20","15.38","15.08","8.08M","0.05%"
"06/15/2016","15.22","15.52","15.59","15.05","6.38M","-3.61%"
"06/14/2016","15.79","15.77","15.95","15.45","7.29M","0.23%"
"06/13/2016","15.75","15.63","15.92","15.63","9.75M","0.86%"
"06/12/2016","15.62","15.89","15.89","15.52","3.63M","-2.38%"
"06/09/2016","16.00","15.95","16.11","15.87","6.96M","0.16%"
"06/08/2016","15.97","16.03","16.12","15.78","3.20M","0.11%"
"06/07/2016","15.95","15.81","16.06","15.81","5.47M","0.71%"
"06/06/2016","15.84","15.46","15.95","15.46","16.09M","2.17%"
"06/05/2016","15.50","15.56","15.68","15.45","641.37K","-0.58%"
"06/02/2016","15.59","15.61","15.76","15.52","4.15M","-0.21%"
"06/01/2016","15.63","15.45","15.77","15.45","9.32M","1.22%"
"05/31/2016","15.44","15.23","15.59","15.15","12.56M","1.24%"
"05/30/2016","15.25","15.41","15.48","15.08","4.14M","-1.27%"
"05/29/2016","15.45","15.41","15.55","15.41","821.80K","-0.33%"
"05/26/2016","15.50","15.44","15.59","15.34","9.30M","0.00%"
"05/25/2016","15.50","15.41","15.59","15.37","6.18M","0.64%"
"05/24/2016","15.40","15.32","15.59","15.21","7.74M","0.52%"
"05/23/2016","15.32","15.64","15.70","15.16","10.54M","-2.40%"
"05/22/2016","15.70","15.78","15.88","15.59","4.58M","-0.85%"
"05/19/2016","15.83","16.10","16.10","15.66","7.01M","-2.46%"
"05/18/2016","16.23","16.17","16.32","16.06","10.74M","1.29%"
"05/17/2016","16.03","15.88","16.17","15.81","10.70M","0.91%"
"05/16/2016","15.88","15.59","15.99","15.48","8.10M","1.37%"
"05/15/2016","15.67","15.95","16.04","15.52","1.40M","-1.75%"
"05/12/2016","15.95","15.82","16.10","15.70","11.43M","0.18%"
"05/11/2016","15.92","16.12","16.22","15.59","6.70M","-1.90%"
"05/10/2016","16.23","16.13","16.36","15.95","5.81M","0.65%"
"05/09/2016","16.12","16.12","16.24","15.99","7.01M","1.30%"
"05/08/2016","15.91","15.84","16.04","15.74","2.72M","0.32%"
"05/05/2016","15.86","15.95","15.95","15.71","7.33M","0.44%"
"05/04/2016","15.79","15.79","15.95","15.59","10.12M","-1.29%"
"05/03/2016","16.00","16.50","16.52","15.72","10.10M","-2.32%"
"04/28/2016","16.38","16.04","16.71","16.02","11.64M","-0.94%"
"04/27/2016","16.54","16.63","16.93","16.01","11.51M","1.13%"
"04/26/2016","16.35","15.64","16.68","15.64","13.77M","5.03%"
"04/24/2016","15.57","15.41","15.63","15.41","1.22M","0.00%"
"04/21/2016","15.57","15.41","15.70","15.41","7.90M","1.11%"
"04/20/2016","15.40","15.41","15.68","15.10","9.83M","0.40%"
"04/19/2016","15.34","15.01","15.63","14.91","14.12M","4.37%"
"04/18/2016","14.69","14.36","15.03","14.36","9.99M","2.53%"
"04/17/2016","14.33","14.31","14.45","14.25","2.50M","-0.53%"
"04/14/2016","14.41","14.52","14.59","14.25","11.67M","0.00%"
"04/13/2016","14.40","14.32","14.52","14.28","5.13M","0.61%"
"04/12/2016","14.32","14.41","14.41","14.18","2.50M","-0.55%"
"04/11/2016","14.40","14.19","14.50","14.17","10.39M","1.35%"
"04/10/2016","14.21","14.50","14.59","14.03","2.38M","-1.28%"
"04/07/2016","14.39","14.14","14.47","14.14","3.40M","0.53%"
"04/06/2016","14.31","14.32","14.72","14.00","6.63M","-0.63%"
"04/05/2016","14.40","14.19","14.50","14.14","11.90M","2.08%"
"04/04/2016","14.11","13.92","14.25","13.92","11.24M","1.17%"
"04/03/2016","13.95","14.01","14.10","13.85","1.27M","0.23%"
"03/31/2016","13.92","13.85","14.08","13.75","5.61M","-0.29%"
"03/30/2016","13.96","14.14","14.14","13.71","9.96M","-2.21%"
"03/29/2016","14.27","14.15","14.50","13.92","10.70M","0.56%"
"03/28/2016","14.19","14.10","14.36","14.03","1.87M","-0.63%"
"03/27/2016","14.28","14.54","14.58","13.96","4.92M","-2.38%"
"03/24/2016","14.63","14.87","14.93","14.54","6.32M","-1.32%"
"03/23/2016","14.83","14.68","15.01","14.50","6.69M","0.34%"
"03/22/2016","14.77","14.83","15.16","14.52","9.25M","-0.39%"
"03/21/2016","14.83","14.52","15.04","14.50","4.19M","0.99%"
"03/20/2016","14.69","14.58","15.15","14.47","4.32M","0.67%"
"03/17/2016","14.59","14.29","14.87","14.23","12.22M","1.95%"
"03/16/2016","14.31","14.47","14.50","14.11","5.41M","-0.30%"
"03/15/2016","14.35","14.54","14.58","14.14","7.17M","-0.85%"
"03/14/2016","14.48","13.60","14.91","13.60","13.91M","6.82%"
"03/13/2016","13.55","13.60","13.86","13.36","4.95M","1.03%"
"03/10/2016","13.42","13.06","13.60","13.05","14.20M","4.23%"
"03/09/2016","12.87","12.69","13.06","12.58","7.32M","1.34%"
"03/08/2016","12.70","12.51","12.83","12.49","6.72M","1.68%"
"03/07/2016","12.49","12.33","12.60","12.33","5.17M","1.20%"
"03/06/2016","12.34","12.24","12.42","12.24","1.59M","2.41%"
"03/03/2016","12.05","11.96","12.27","11.82","2.95M","1.00%"
"03/02/2016","11.93","12.04","12.09","11.80","5.65M","-0.66%"
"03/01/2016","12.01","12.09","12.12","11.89","3.85M","-0.99%"
"02/29/2016","12.13","12.15","12.22","11.96","7.20M","0.00%"
"02/28/2016","12.13","11.97","12.18","11.97","1.19M","1.42%"
"02/25/2016","11.96","11.96","12.07","11.89","3.26M","-0.12%"
"02/24/2016","11.98","11.96","12.11","11.85","1.57M","-1.11%"
"02/23/2016","12.11","12.28","12.28","11.97","2.20M","-0.60%"
"02/22/2016","12.18","12.06","12.28","12.00","5.74M","1.60%"
"02/21/2016","11.99","11.84","12.12","11.79","2.44M","1.79%"
"02/18/2016","11.78","11.78","11.85","11.68","1.97M","-0.58%"
"02/17/2016","11.85","11.72","11.93","11.62","8.10M","1.46%"
"02/16/2016","11.68","11.54","11.78","11.48","4.70M","1.87%"
"02/15/2016","11.46","11.52","11.59","11.36","2.64M","0.99%"
"02/14/2016","11.35","11.62","11.66","11.20","2.15M","-2.00%"
"02/11/2016","11.58","12.10","12.10","11.24","6.50M","-5.00%"
"02/10/2016","12.19","11.97","12.25","11.93","2.62M","1.94%"
"02/09/2016","11.96","12.31","12.32","11.78","5.27M","-4.29%"
"02/08/2016","12.50","12.33","12.69","12.16","3.42M","1.98%"
"02/07/2016","12.25","12.30","12.40","12.18","2.14M","-0.38%"
"02/04/2016","12.30","11.86","12.54","11.82","5.75M","4.66%"
"02/03/2016","11.75","11.67","11.89","11.48","4.37M","0.81%"
"02/02/2016","11.66","11.34","11.77","11.34","7.87M","2.29%"
"02/01/2016","11.40","11.25","11.42","11.24","4.10M","-1.01%"
"01/31/2016","11.52","11.82","11.89","11.17","6.92M","0.95%"
"01/28/2016","11.41","11.39","11.46","11.37","5.97M","0.00%"
"01/27/2016","11.40","11.50","11.53","11.23","9.08M","0.87%"
"01/26/2016","11.30","11.16","11.47","11.02","7.57M","-0.57%"
"01/24/2016","11.37","11.47","11.61","11.15","4.65M","3.60%"
"01/21/2016","10.98","10.93","11.09","10.71","6.99M","-1.30%"
"01/20/2016","11.12","11.78","11.78","10.84","12.15M","-7.12%"
"01/19/2016","11.97","11.87","12.15","11.79","5.88M","2.29%"
"01/18/2016","11.70","11.67","11.85","11.49","4.30M","3.89%"
"01/17/2016","11.27","10.73","11.78","10.48","5.05M","-1.46%"
"01/14/2016","11.43","11.96","11.96","11.19","4.38M","-6.41%"
"01/13/2016","12.21","12.54","12.73","11.89","5.86M","-3.13%"
"01/12/2016","12.61","12.96","13.05","12.35","8.61M","-4.11%"
"01/11/2016","13.15","13.42","13.57","12.92","5.37M","-2.45%"
"01/10/2016","13.48","13.42","13.59","13.34","1.85M","-2.24%"
"01/06/2016","13.79","14.09","14.09","13.53","6.17M","-2.36%"
"01/05/2016","14.12","13.83","14.32","13.80","10.07M","0.59%"
"01/04/2016","14.04","14.32","14.33","13.78","8.15M","-0.79%"
"01/03/2016","14.15","13.78","14.87","13.78","3.87M","2.47%"
"12/31/2015","13.81","13.77","13.92","13.69","5.36M","1.09%"
"12/30/2015","13.66","13.37","13.80","13.35","6.21M","4.15%"
"12/29/2015","13.12","12.91","13.38","12.83","3.10M","0.72%"
"12/28/2015","13.02","13.05","13.19","12.88","2.00M","0.25%"
"12/27/2015","12.99","13.16","13.16","12.87","1.61M","-1.51%"
"12/24/2015","13.19","13.19","13.30","13.09","5.81M","-0.41%"
"12/22/2015","13.24","13.50","13.50","13.10","3.31M","-0.84%"
"12/21/2015","13.36","13.07","13.43","13.05","4.89M","2.13%"
"12/20/2015","13.08","12.87","13.22","12.78","2.74M","1.98%"
"12/17/2015","12.82","12.42","13.05","12.42","13.03M","4.31%"
"12/16/2015","12.29","12.24","12.39","12.21","2.37M","0.00%"
"12/15/2015","12.30","12.36","12.38","12.16","5.03M","-1.11%"
"12/14/2015","12.44","12.51","12.55","12.32","2.77M","0.32%"
"12/13/2015","12.40","12.69","12.69","12.25","2.40M","-4.31%"
"12/10/2015","12.95","13.05","13.14","12.69","5.49M","1.51%"
"12/09/2015","12.76","12.98","12.98","12.60","6.15M","-0.05%"
"12/08/2015","12.77","13.05","13.05","12.55","4.06M","-3.04%"
"12/07/2015","13.17","13.52","13.59","12.94","4.73M","-1.77%"
"12/06/2015","13.41","13.34","13.52","13.14","1.03M","0.00%"
"12/03/2015","13.41","13.57","13.57","13.23","5.45M","1.49%"
"12/02/2015","13.21","12.91","13.51","12.86","9.89M","3.90%"
"12/01/2015","12.71","12.51","12.82","12.38","4.20M","1.84%"
"11/30/2015","12.48","12.83","12.83","12.25","10.37M","-2.43%"
"11/29/2015","12.79","12.48","12.88","12.47","3.07M","2.68%"
"11/26/2015","12.46","12.46","12.57","12.32","5.15M","1.18%"
"11/25/2015","12.32","12.18","12.49","12.11","6.77M","2.68%"
"11/24/2015","11.99","12.18","12.30","11.78","4.55M","-2.41%"
"11/23/2015","12.29","12.91","12.92","11.89","10.13M","-4.08%"
"11/22/2015","12.81","12.69","12.94","12.69","2.11M","1.24%"
"11/19/2015","12.66","12.47","12.85","12.47","11.16M","3.39%"
"11/18/2015","12.24","11.99","12.47","11.89","8.27M","-1.47%"
"11/17/2015","12.42","12.77","12.96","11.83","20.32M","-2.61%"
"11/16/2015","12.76","13.05","13.10","12.22","15.63M","-2.40%"
"11/15/2015","13.07","13.42","13.42","12.99","3.17M","-3.76%"
"11/12/2015","13.58","13.63","13.77","13.50","9.57M","0.19%"
"11/11/2015","13.55","13.77","13.86","13.31","14.60M","-0.13%"
"11/10/2015","13.57","14.21","14.21","13.43","6.25M","-5.99%"
"11/09/2015","14.44","15.08","15.09","13.92","14.77M","-4.69%"
"11/08/2015","15.15","15.37","15.38","14.95","2.76M","-2.26%"
"11/05/2015","15.50","15.53","15.56","15.40","2.47M","0.24%"
"11/04/2015","15.46","15.37","15.52","15.37","2.21M","0.26%"
"11/03/2015","15.42","15.55","15.57","15.34","2.09M","0.11%"
"11/02/2015","15.40","15.23","15.52","15.18","4.98M","0.84%"
"11/01/2015","15.27","15.36","15.40","15.11","1.08M","-0.27%"
"10/29/2015","15.31","15.34","15.40","15.24","6.62M","0.80%"
"10/28/2015","15.19","15.23","15.34","15.08","12.62M","-0.44%"
"10/27/2015","15.26","15.30","15.41","15.11","6.88M","-0.70%"
"10/26/2015","15.37","15.58","15.58","15.23","6.05M","-1.19%"
"10/25/2015","15.55","15.49","15.66","15.46","952.95K","-0.26%"
"10/22/2015","15.59","15.67","15.75","15.34","7.81M","-0.32%"
"10/21/2015","15.64","15.52","15.79","15.52","4.60M","-0.31%"
"10/20/2015","15.69","15.85","15.85","15.52","7.82M","-0.15%"
"10/19/2015","15.72","15.66","15.88","15.52","5.08M","0.24%"
"10/18/2015","15.68","15.56","15.84","15.53","1.44M","-1.33%"
"10/15/2015","15.89","16.03","16.13","15.53","4.94M","-1.05%"
"10/13/2015","16.06","16.00","16.16","15.96","3.57M","0.54%"
"10/12/2015","15.97","15.93","16.10","15.90","5.93M","0.38%"
"10/11/2015","15.91","15.93","15.98","15.83","2.32M","0.29%"
"10/08/2015","15.86","15.58","15.96","15.58","5.15M","2.26%"
"10/07/2015","15.51","15.29","15.66","15.29","5.09M","1.81%"
"10/05/2015","15.24","15.23","15.34","15.14","9.70M","-0.62%"
"10/04/2015","15.33","15.37","15.43","15.18","1.34M","-0.19%"
"10/01/2015","15.36","15.37","15.46","15.31","3.98M","-0.21%"
"09/30/2015","15.39","15.52","15.57","15.24","4.81M","-0.58%"
"09/29/2015","15.48","15.52","15.66","15.43","5.30M","-1.15%"
"09/28/2015","15.66","15.17","15.77","15.17","8.25M","1.98%"
"09/22/2015","15.36","15.34","15.52","15.29","2.63M","1.61%"
"09/21/2015","15.11","15.08","15.37","15.01","2.88M","1.13%"
"09/20/2015","14.95","14.94","15.08","14.79","2.21M","-0.19%"
"09/17/2015","14.98","14.87","15.02","14.87","7.83M","0.21%"
"09/16/2015","14.94","14.90","15.02","14.83","2.56M","1.12%"
"09/15/2015","14.78","14.79","14.87","14.67","3.27M","0.85%"
"09/14/2015","14.65","14.53","14.87","14.47","6.98M","1.38%"
"09/13/2015","14.45","14.16","14.56","14.15","1.53M","0.71%"
"09/10/2015","14.35","14.28","14.43","14.24","3.29M","0.24%"
"09/09/2015","14.32","14.44","14.46","14.11","3.32M","2.45%"
"09/08/2015","13.97","14.30","14.50","13.72","4.13M","-3.00%"
"09/07/2015","14.41","14.50","14.72","14.08","3.59M","-0.72%"
"09/06/2015","14.51","14.36","14.73","14.36","5.42M","0.36%"
"09/03/2015","14.46","14.28","14.65","14.21","5.07M","2.85%"
"09/02/2015","14.06","14.00","14.15","13.92","3.19M","-1.02%"
"09/01/2015","14.20","14.36","14.40","13.96","5.52M","-2.29%"
"08/31/2015","14.54","13.92","14.79","13.92","5.93M","3.51%"
"08/30/2015","14.04","14.21","14.21","13.81","2.08M","-1.00%"
"08/27/2015","14.19","14.23","14.27","14.01","3.14M","2.02%"
"08/26/2015","13.91","13.95","14.11","13.64","3.02M","1.27%"
"08/25/2015","13.73","13.34","13.98","13.34","2.77M","3.86%"
"08/24/2015","13.22","13.05","13.49","12.94","5.35M","0.84%"
"08/23/2015","13.11","13.63","13.63","12.91","3.62M","-5.20%"
"08/20/2015","13.83","13.86","13.93","13.63","5.63M","-1.41%"
"08/19/2015","14.03","14.53","14.53","13.81","5.74M","-3.16%"
"08/18/2015","14.49","14.97","14.97","14.24","5.38M","-3.59%"
"08/17/2015","15.02","15.08","15.18","14.84","2.86M","-0.84%"
"08/16/2015","15.15","15.52","15.62","14.94","1.61M","-3.03%"
"08/13/2015","15.63","15.66","15.72","15.52","5.84M","0.09%"
"08/12/2015","15.61","15.70","15.70","15.53","1.56M","-2.22%"
"08/11/2015","15.96","15.94","16.09","15.71","4.14M","0.79%"
"08/10/2015","15.84","15.88","15.95","15.67","4.34M","0.04%"
"08/09/2015","15.83","15.87","15.95","15.69","799.78K","-0.51%"
"08/05/2015","15.92","16.19","16.24","15.81","3.77M","-2.02%"
"08/04/2015","16.24","16.07","16.39","16.07","4.11M","1.32%"
"08/03/2015","16.03","16.18","16.18","15.95","2.38M","-0.97%"
"08/02/2015","16.19","16.19","16.30","15.97","1.68M","-1.06%"
"07/30/2015","16.36","16.28","16.45","16.14","2.31M","0.27%"
"07/29/2015","16.32","16.14","16.48","16.10","3.64M","1.61%"
"07/28/2015","16.06","15.96","16.17","15.92","2.88M","0.65%"
"07/27/2015","15.96","15.98","16.03","15.83","2.93M","-0.15%"
"07/26/2015","15.98","15.98","16.24","15.83","1.19M","-1.55%"
"07/22/2015","16.23","16.08","16.30","16.08","3.15M","1.05%"
"07/21/2015","16.06","15.96","16.30","15.90","5.69M","0.78%"
"07/16/2015","15.94","15.74","16.03","15.74","4.72M","0.68%"
"07/15/2015","15.83","15.52","15.94","15.52","3.32M","2.25%"
"07/14/2015","15.48","15.23","15.55","15.23","5.05M","1.35%"
"07/13/2015","15.28","15.34","15.38","14.94","5.87M","-0.81%"
"07/12/2015","15.40","15.23","15.53","15.23","2.92M","2.77%"
"07/09/2015","14.99","14.65","15.34","14.65","7.42M","1.45%"
"07/08/2015","14.77","15.37","15.37","14.25","4.30M","-3.87%"
"07/07/2015","15.37","15.38","15.62","15.16","1.81M","-0.41%"
"07/06/2015","15.43","15.95","15.95","15.24","5.69M","-4.13%"
"07/05/2015","16.10","16.36","16.53","15.95","1.29M","-1.47%"
"07/02/2015","16.34","16.35","16.48","16.25","14.96M","-0.23%"
"06/29/2015","16.37","16.68","16.68","16.21","10.72M","-2.01%"
"06/28/2015","16.71","16.82","16.90","16.65","1.62M","0.44%"
"06/25/2015","16.64","16.81","16.82","16.54","4.11M","-1.07%"
"06/24/2015","16.82","16.87","16.92","16.77","4.84M","-0.60%"
"06/23/2015","16.92","16.82","16.97","16.82","2.70M","0.66%"
"06/22/2015","16.81","16.74","16.91","16.72","5.21M","0.38%"
"06/21/2015","16.74","16.72","16.82","16.69","836.60K","0.21%"
"06/18/2015","16.71","16.81","16.81","16.68","3.42M","-0.59%"
"06/17/2015","16.81","16.91","16.94","16.71","5.07M","-0.55%"
"06/16/2015","16.90","16.92","16.95","16.86","526.49K","-0.63%"
"06/15/2015","17.01","16.83","17.11","16.83","2.31M","0.74%"
"06/14/2015","16.88","17.01","17.01","16.82","649.91K","-0.50%"
"06/11/2015","16.97","16.94","17.06","16.82","2.51M","0.97%"
"06/10/2015","16.81","16.82","16.95","16.65","6.08M","0.36%"
"06/09/2015","16.74","16.53","16.88","16.53","5.24M","0.35%"
"06/08/2015","16.69","16.53","16.75","16.53","3.44M","1.04%"
"06/07/2015","16.52","16.42","16.59","16.39","814.47K","0.41%"
"06/04/2015","16.45","16.63","16.72","16.32","2.37M","-1.70%"
"06/03/2015","16.73","16.53","16.83","16.53","2.80M","1.00%"
"06/02/2015","16.57","16.24","16.74","16.24","4.68M","1.84%"
"06/01/2015","16.27","16.53","16.53","16.19","4.45M","-0.36%"
"05/31/2015","16.33","16.31","16.50","16.25","1.84M","-0.85%"
"05/28/2015","16.47","16.30","16.68","16.27","8.88M","0.73%"
"05/27/2015","16.35","16.39","16.49","16.26","5.39M","-0.48%"
"05/26/2015","16.43","16.62","16.75","16.31","5.31M","-1.70%"
"05/25/2015","16.71","16.82","16.88","16.59","2.13M","-1.06%"
"05/24/2015","16.89","16.71","17.00","16.71","2.58M","0.76%"
"05/21/2015","16.76","16.66","16.87","16.66","3.17M","0.33%"
"05/20/2015","16.71","16.71","16.77","16.61","1.46M","-0.33%"
"05/19/2015","16.76","16.94","17.09","16.55","6.15M","-0.69%"
"05/18/2015","16.88","16.13","17.12","16.13","8.33M","4.85%"
"05/17/2015","16.10","15.97","16.21","15.97","2.21M","-0.59%"
"05/14/2015","16.19","16.24","16.43","15.95","6.72M","-0.55%"
"05/13/2015","16.28","16.36","16.45","16.13","4.17M","-0.32%"
"05/12/2015","16.34","16.18","16.42","16.18","3.95M","0.11%"
"05/11/2015","16.32","16.22","16.52","16.21","5.36M","0.90%"
"05/10/2015","16.17","16.24","16.24","16.11","1.04M","0.07%"
"05/07/2015","16.16","16.01","16.24","16.01","2.15M","0.43%"
"05/06/2015","16.09","16.26","16.36","16.01","3.00M","-1.51%"
"05/05/2015","16.34","16.20","16.39","16.13","3.14M","0.86%"
"05/04/2015","16.20","15.90","16.25","15.90","3.91M","2.12%"
"05/03/2015","15.86","15.68","16.09","15.68","982.65K","-1.14%"
"04/30/2015","16.05","15.87","16.21","15.74","5.54M","2.16%"
"04/29/2015","15.71","15.66","16.00","15.43","6.75M","1.40%"
"04/28/2015","15.49","15.80","15.81","15.30","3.96M","-1.42%"
"04/27/2015","15.71","15.80","15.95","15.59","5.66M","0.06%"
"04/26/2015","15.70","15.87","15.87","15.64","1.36M","-1.01%"
"04/23/2015","15.86","15.81","15.95","15.75","4.71M","1.84%"
"04/22/2015","15.58","15.23","15.87","15.23","4.40M","1.61%"
"04/21/2015","15.33","15.23","15.50","15.23","2.69M","-0.32%"
"04/20/2015","15.38","15.53","15.66","15.23","3.39M","-2.39%"
"04/19/2015","15.76","15.94","16.04","15.42","2.39M","-2.67%"
"04/16/2015","16.19","16.10","16.30","16.04","4.20M","-0.16%"
"04/15/2015","16.21","16.36","16.36","16.12","3.30M","0.36%"
"04/14/2015","16.16","16.09","16.39","16.01","10.05M","1.25%"
"04/09/2015","15.96","15.74","16.11","15.74","3.48M","1.64%"
"04/08/2015","15.70","15.63","15.87","15.40","5.01M","0.82%"
"04/07/2015","15.57","15.51","15.78","15.37","3.88M","2.23%"
"04/06/2015","15.23","15.23","15.49","15.07","7.55M","-1.59%"
"04/05/2015","15.48","16.04","16.10","15.17","5.34M","-3.53%"
"04/02/2015","16.04","16.52","16.52","15.81","3.62M","-2.85%"
"04/01/2015","16.51","16.34","16.61","16.26","3.09M","1.14%"
"03/31/2015","16.33","16.39","16.49","16.24","5.66M","-1.23%"
"03/30/2015","16.53","16.53","16.60","16.45","3.62M","-0.12%"
"03/29/2015","16.55","16.62","16.68","16.48","858.16K","0.18%"
"03/26/2015","16.52","16.53","16.63","16.32","4.96M","-0.73%"
"03/25/2015","16.64","16.72","16.77","16.53","4.73M","-1.02%"
"03/24/2015","16.81","16.82","16.88","16.74","3.50M","0.28%"
"03/23/2015","16.77","16.59","16.82","16.58","6.16M","0.40%"
"03/22/2015","16.70","16.77","16.77","16.64","1.72M","-0.43%"
"03/19/2015","16.77","16.79","16.82","16.72","8.77M","0.07%"
"03/18/2015","16.76","16.79","16.82","16.68","7.01M","0.54%"
"03/17/2015","16.67","16.54","16.82","16.40","6.57M","0.54%"
"03/16/2015","16.58","16.85","16.85","16.46","4.46M","-2.07%"
"03/15/2015","16.93","16.83","17.17","16.82","3.91M","1.04%"
"03/12/2015","16.76","16.46","17.00","16.46","10.35M","2.28%"
"03/11/2015","16.39","16.39","16.50","16.30","4.21M","0.00%"
"03/10/2015","16.39","16.40","16.48","16.33","2.96M","0.34%"
"03/09/2015","16.33","16.13","16.44","16.13","6.37M","0.93%"
"03/08/2015","16.18","16.19","16.30","16.11","1.59M","0.27%"
"03/05/2015","16.14","15.95","16.30","15.95","4.91M","1.04%"
"03/04/2015","15.97","16.01","16.07","15.95","2.71M","-0.43%"
"03/03/2015","16.04","16.07","16.16","15.95","4.94M","-0.22%"
"03/02/2015","16.07","16.04","16.16","15.92","5.43M","1.63%"
"03/01/2015","15.82","15.94","16.01","15.72","3.01M","-1.29%"
"02/26/2015","16.02","16.10","16.21","15.87","7.78M","-1.15%"
"02/25/2015","16.21","16.40","16.44","16.07","4.27M","-1.39%"
"02/24/2015","16.44","16.24","16.52","16.19","3.77M","1.03%"
"02/23/2015","16.27","15.98","16.49","15.98","7.00M","1.98%"
"02/22/2015","15.95","16.01","16.01","15.91","626.16K","0.16%"
"02/19/2015","15.93","15.95","15.99","15.87","5.81M","0.51%"
"02/18/2015","15.85","16.03","16.03","15.72","5.70M","0.29%"
"02/17/2015","15.80","15.77","16.10","15.66","5.49M","-0.51%"
"02/16/2015","15.88","16.00","16.19","15.69","2.58M","-1.65%"
"02/15/2015","16.15","16.24","16.24","15.96","638.96K","-0.29%"
"02/12/2015","16.19","16.03","16.39","15.91","5.73M","0.11%"
"02/11/2015","16.18","16.37","16.39","15.95","5.03M","-0.43%"
"02/10/2015","16.25","16.25","16.39","16.11","3.93M","-0.05%"
"02/09/2015","16.25","16.25","16.36","16.19","6.27M","-0.57%"
"02/08/2015","16.35","16.39","16.66","16.21","1.81M","-0.46%"
"02/05/2015","16.42","16.39","16.53","16.36","3.40M","-0.54%"
"02/04/2015","16.51","16.38","16.59","16.33","6.76M","1.61%"
"02/03/2015","16.25","16.19","16.38","16.19","8.88M","0.92%"
"02/02/2015","16.10","15.95","16.24","15.92","3.63M","1.68%"
"02/01/2015","15.84","16.08","16.08","15.70","3.26M","-1.09%"
"01/29/2015","16.01","16.02","16.11","15.92","3.91M","-0.23%"
"01/28/2015","16.05","16.16","16.16","15.96","12.24M","-0.91%"
"01/27/2015","16.20","16.08","16.34","15.95","9.02M","1.66%"
"01/26/2015","15.93","15.74","16.16","15.67","13.27M","0.20%"
"01/22/2015","15.90","15.81","16.01","15.78","5.08M","0.86%"
"01/21/2015","15.76","15.52","15.94","15.50","4.96M","1.08%"
"01/20/2015","15.60","15.40","15.72","15.40","4.93M","2.63%"
"01/19/2015","15.20","15.08","15.47","14.88","5.04M","0.19%"
"01/18/2015","15.17","15.16","15.37","14.99","2.17M","-0.38%"
"01/15/2015","15.23","15.59","15.66","14.94","12.77M","-0.91%"
"01/14/2015","15.36","14.93","15.81","14.87","11.95M","3.44%"
"01/13/2015","14.85","14.65","14.94","14.59","7.52M","1.15%"
"01/12/2015","14.69","14.35","14.82","14.34","6.47M","2.30%"
"01/11/2015","14.35","14.39","14.49","14.27","663.72K","-0.22%"
"01/08/2015","14.39","14.18","14.51","14.18","10.05M","2.02%"
"01/06/2015","14.10","14.20","14.21","13.92","1.79M","-2.25%"
"01/05/2015","14.43","14.31","14.49","14.31","5.52M","0.61%"
"01/04/2015","14.34","14.21","14.56","14.08","845.76K","0.51%"
"12/31/2014","14.27","14.25","14.46","14.16","8.35M","-1.17%"
"12/30/2014","14.44","14.37","14.49","14.22","2.71M","0.93%"
"12/29/2014","14.30","13.88","14.50","13.86","6.25M","3.27%"
"12/28/2014","13.85","13.87","13.89","13.81","619.34K","-0.08%"
"12/25/2014","13.86","13.92","13.92","13.84","948.75K","-0.27%"
"12/24/2014","13.90","13.81","13.92","13.81","1.52M","0.88%"
"12/23/2014","13.78","13.80","13.86","13.69","2.72M","0.08%"
"12/22/2014","13.77","13.78","13.84","13.63","5.37M","-1.13%"
"12/21/2014","13.92","13.81","14.04","13.58","43.03M","3.11%"
"12/18/2014","13.50","13.26","13.63","13.26","9.13M","2.62%"
"12/17/2014","13.16","13.50","13.76","12.76","9.44M","-2.83%"
"12/16/2014","13.54","13.77","13.78","13.34","9.38M","-3.21%"
"12/15/2014","13.99","13.50","14.18","13.50","6.06M","2.42%"
"12/14/2014","13.66","14.09","14.09","13.49","3.74M","-4.15%"
"12/11/2014","14.25","14.50","14.50","14.13","4.72M","-1.96%"
"12/10/2014","14.53","14.66","14.79","14.36","3.14M","-1.71%"
"12/09/2014","14.79","14.82","14.92","14.56","4.66M","-0.64%"
"12/08/2014","14.88","14.79","14.97","14.65","3.86M","0.21%"
"12/07/2014","14.85","14.68","15.00","14.68","2.16M","0.63%"
"12/04/2014","14.76","14.58","14.82","14.55","2.36M","1.31%"
"12/03/2014","14.57","14.34","14.79","14.30","5.73M","1.99%"
"12/02/2014","14.28","14.21","14.36","14.16","3.21M","0.51%"
"12/01/2014","14.21","14.30","14.36","14.10","1.79M","-1.01%"
"11/30/2014","14.35","14.49","14.49","14.23","1.70M","-0.12%"
"11/27/2014","14.37","14.22","14.44","14.22","2.34M","1.47%"
"11/26/2014","14.16","14.04","14.42","14.01","3.94M","1.41%"
"11/25/2014","13.97","14.10","14.10","13.89","7.28M","-1.61%"
"11/24/2014","14.20","14.22","14.34","14.10","2.50M","-1.11%"
"11/23/2014","14.35","14.41","14.47","14.13","2.60M","-0.30%"
"11/20/2014","14.40","14.47","14.47","14.30","1.41M","-0.20%"
"11/19/2014","14.43","14.50","14.50","14.39","2.36M","-0.16%"
"11/18/2014","14.45","14.22","14.50","14.22","3.67M","1.30%"
"11/17/2014","14.26","14.24","14.36","14.15","2.70M","0.14%"
"11/16/2014","14.24","14.39","14.42","14.16","1.60M","-0.83%"
"11/13/2014","14.36","14.50","14.50","14.21","3.13M","-1.00%"
"11/12/2014","14.51","14.79","14.79","14.24","3.69M","-1.69%"
"11/11/2014","14.76","14.79","15.05","14.62","3.72M","0.06%"
"11/10/2014","14.75","14.78","14.94","14.56","4.21M","1.50%"
"11/09/2014","14.53","14.79","14.79","14.50","672.33K","-0.46%"
"11/06/2014","14.60","14.79","15.01","14.52","3.02M","-1.02%"
"11/05/2014","14.75","14.51","14.88","14.50","3.18M","-0.35%"
"11/04/2014","14.80","14.77","14.94","14.60","4.23M","1.23%"
"11/03/2014","14.62","14.33","14.79","14.22","6.39M","2.25%"
"11/02/2014","14.30","14.21","14.34","14.14","993.36K","2.11%"
"10/30/2014","14.00","13.76","14.22","13.69","4.31M","2.16%"
"10/29/2014","13.71","13.57","13.78","13.57","2.92M","2.38%"
"10/28/2014","13.39","13.31","13.49","13.31","2.87M","-0.75%"
"10/27/2014","13.49","13.49","13.66","13.20","4.12M","-0.15%"
"10/26/2014","13.51","13.49","13.60","13.43","1.01M","-0.45%"
"10/23/2014","13.57","13.60","13.76","13.46","2.15M","-0.40%"
"10/22/2014","13.63","13.34","13.78","13.34","3.63M","3.71%"
"10/21/2014","13.14","13.05","13.33","12.89","2.78M","0.80%"
"10/20/2014","13.04","13.05","13.25","12.79","4.91M","-0.62%"
"10/19/2014","13.12","13.34","13.42","12.72","3.30M","-0.57%"
"10/16/2014","13.19","13.34","13.44","12.65","9.86M","-1.98%"
"10/15/2014","13.46","13.36","13.60","13.34","3.34M","0.80%"
"10/14/2014","13.35","13.63","13.63","13.21","8.12M","-2.04%"
"10/13/2014","13.63","13.56","13.78","13.38","5.14M","0.38%"
"10/12/2014","13.58","14.04","14.04","13.38","3.48M","-2.92%"
"10/09/2014","13.99","14.07","14.12","13.82","6.71M","-1.27%"
"10/08/2014","14.17","14.44","14.58","13.81","6.57M","-1.77%"
"10/02/2014","14.42","14.61","14.62","14.22","4.50M","-1.62%"
"10/01/2014","14.66","14.58","14.73","14.56","4.88M","-0.65%"
"09/30/2014","14.76","14.72","14.87","14.51","5.97M","0.41%"
"09/29/2014","14.69","14.36","14.76","14.36","4.65M","2.63%"
"09/28/2014","14.32","14.36","14.43","14.26","721.70K","-0.74%"
"09/25/2014","14.42","14.36","14.50","14.23","3.42M","0.10%"
"09/24/2014","14.41","14.50","14.62","14.33","2.01M","-1.19%"
"09/23/2014","14.58","14.43","14.76","14.38","3.52M","0.76%"
"09/22/2014","14.47","14.22","14.53","14.22","3.95M","1.26%"
"09/21/2014","14.29","14.49","14.50","14.21","1.46M","-0.28%"
"09/18/2014","14.33","14.21","14.50","14.10","5.81M","1.79%"
"09/17/2014","14.08","13.99","14.21","13.93","4.46M","1.17%"
"09/16/2014","13.92","13.84","14.00","13.79","2.98M","1.20%"
"09/15/2014","13.75","13.57","13.92","13.52","2.66M","0.59%"
"09/14/2014","13.67","13.78","13.91","13.52","2.40M","-1.61%"
"09/11/2014","13.90","13.88","13.98","13.81","5.52M","0.21%"
"09/10/2014","13.87","13.81","13.95","13.81","4.56M","0.38%"
"09/09/2014","13.82","13.89","13.92","13.78","5.59M","-0.54%"
"09/08/2014","13.89","13.88","13.98","13.79","4.54M","0.00%"
"09/07/2014","13.89","13.85","13.92","13.81","357.95K","0.67%"
"09/04/2014","13.80","13.66","13.93","13.64","3.53M","-0.61%"
"09/03/2014","13.88","13.92","13.96","13.75","2.85M","0.29%"
"09/02/2014","13.84","13.69","14.06","13.56","4.77M","2.21%"
"09/01/2014","13.55","13.48","13.71","13.40","3.83M","0.58%"
"08/31/2014","13.47","13.63","13.63","13.36","1.11M","0.48%"
"08/28/2014","13.40","13.17","13.63","13.11","4.30M","1.14%"
"08/27/2014","13.25","13.26","13.40","13.08","2.52M","-0.09%"
"08/26/2014","13.26","13.27","13.44","13.23","1.92M","-0.80%"
"08/25/2014","13.37","13.42","13.46","13.27","2.04M","-0.35%"
"08/24/2014","13.42","13.49","13.49","13.34","541.64K","0.63%"
"08/21/2014","13.33","13.22","13.47","13.13","3.02M","-0.28%"
"08/20/2014","13.37","13.55","13.56","13.06","4.32M","-0.63%"
"08/19/2014","13.46","13.23","13.60","13.20","2.49M","0.61%"
"08/18/2014","13.37","13.52","13.61","13.13","8.05M","-2.45%"
"08/17/2014","13.71","13.59","13.82","13.43","2.79M","1.44%"
"08/14/2014","13.52","13.19","13.63","13.18","4.74M","2.89%"
"08/13/2014","13.14","13.01","13.21","12.99","4.43M","0.13%"
"08/12/2014","13.12","13.04","13.28","13.00","2.87M","0.73%"
"08/11/2014","13.02","12.69","13.15","12.69","5.36M","2.72%"
"08/10/2014","12.68","12.58","12.75","12.53","1.50M","-0.52%"
"08/07/2014","12.75","12.61","12.78","12.61","4.41M","2.40%"
"08/06/2014","12.45","12.51","12.61","12.33","3.00M","-0.19%"
"08/05/2014","12.47","12.59","12.62","12.33","2.83M","-0.76%"
"08/04/2014","12.57","12.05","12.68","12.05","6.15M","3.44%"
"08/03/2014","12.15","12.18","12.20","12.08","1.60M","-0.57%"
"07/31/2014","12.22","11.60","12.43","11.60","11.68M","4.21%"
"07/27/2014","11.72","11.60","11.81","11.60","1.57M","-0.79%"
"07/24/2014","11.82","11.39","11.94","11.39","8.57M","4.19%"
"07/22/2014","11.34","11.03","11.49","11.02","5.65M","2.87%"
"07/21/2014","11.03","11.03","11.07","10.99","3.05M","-1.60%"
"07/20/2014","11.20","11.15","11.31","11.11","1.50M","0.52%"
"07/17/2014","11.15","11.02","11.28","11.01","5.05M","1.13%"
"07/16/2014","11.02","11.02","11.08","10.96","2.94M","-0.29%"
"07/15/2014","11.05","10.99","11.11","10.99","7.04M","1.11%"
"07/14/2014","10.93","10.67","11.02","10.67","5.15M","1.78%"
"07/13/2014","10.74","10.78","10.88","10.67","720.42K","-0.91%"
"07/10/2014","10.84","10.62","11.05","10.56","7.76M","1.66%"
"07/09/2014","10.66","10.49","10.73","10.49","4.03M","1.66%"
"07/08/2014","10.49","10.44","10.53","10.44","3.62M","0.70%"
"07/07/2014","10.42","10.41","10.48","10.33","2.21M","0.67%"
"07/06/2014","10.35","10.16","10.43","10.15","2.12M","0.99%"
"07/03/2014","10.24","10.32","10.33","10.15","2.82M","-0.14%"
"07/02/2014","10.26","10.41","10.41","10.15","2.47M","-0.65%"
"06/30/2014","10.33","10.21","10.44","10.21","3.95M","1.19%"
"06/29/2014","10.20","10.15","10.27","10.13","497.53K","-0.06%"
"06/26/2014","10.21","10.33","10.33","10.09","4.41M","-0.23%"
"06/25/2014","10.23","10.30","10.30","10.19","2.12M","-1.04%"
"06/24/2014","10.34","10.44","10.44","10.24","2.14M","-1.71%"
"06/23/2014","10.52","10.51","10.59","10.38","3.05M","0.64%"
"06/22/2014","10.45","10.58","10.58","10.33","1.94M","-0.91%"
"06/19/2014","10.55","10.62","10.66","10.49","4.17M","-1.17%"
"06/18/2014","10.67","10.65","10.70","10.64","3.42M","0.11%"
"06/17/2014","10.66","10.73","10.79","10.60","2.86M","-1.34%"
"06/16/2014","10.81","10.85","10.88","10.73","5.01M","-0.48%"
"06/15/2014","10.86","10.98","10.98","10.82","1.10M","-1.00%"
"06/12/2014","10.97","10.91","11.02","10.88","3.27M","1.04%"
"06/11/2014","10.86","10.68","11.02","10.62","9.76M","2.49%"
"06/10/2014","10.59","10.59","10.65","10.55","3.77M","-0.87%"
"06/09/2014","10.69","10.65","10.76","10.56","3.56M","1.01%"
"06/05/2014","10.58","10.44","10.65","10.38","6.45M","2.59%"
"06/04/2014","10.31","10.29","10.44","10.22","5.15M","-0.48%"
"06/03/2014","10.36","10.47","10.43","10.15","7.30M","-0.72%"
"06/02/2014","10.44","10.44","10.56","10.30","6.64M","2.51%"
"06/01/2014","10.18","10.15","10.47","9.57","3.12M","-2.74%"
"05/29/2014","10.47","11.14","11.14","10.12","8.71M","-4.45%"
"05/28/2014","10.96","11.07","11.11","10.86","4.56M","-1.74%"
"05/26/2014","11.15","11.12","11.20","11.07","2.31M","-0.08%"
"05/25/2014","11.16","11.09","11.21","11.06","1.05M","-0.34%"
"05/22/2014","11.20","11.12","11.29","11.12","2.35M","0.89%"
"05/21/2014","11.10","11.05","11.18","11.02","1.60M","-0.98%"
"05/20/2014","11.21","11.09","11.34","11.02","9.84M","2.14%"
"05/19/2014","10.97","10.93","11.09","10.90","2.13M","0.11%"
"05/18/2014","10.96","11.02","11.02","10.91","997.41K","0.11%"
"05/15/2014","10.95","10.98","11.02","10.91","3.95M","0.13%"
"05/14/2014","10.94","10.77","11.02","10.77","5.33M","2.22%"
"05/13/2014","10.70","10.71","10.80","10.67","8.95M","-0.05%"
"05/12/2014","10.70","10.70","10.73","10.65","1.63M","-0.27%"
"05/11/2014","10.73","10.73","10.73","10.71","824.04K","-0.08%"
"05/08/2014","10.74","10.73","10.80","10.69","2.09M","-1.36%"
"05/07/2014","10.89","10.88","10.95","10.80","3.64M","0.43%"
"05/06/2014","10.84","10.80","10.95","10.80","3.48M","0.46%"
"05/05/2014","10.79","10.78","10.83","10.78","2.72M","-0.43%"
"05/04/2014","10.84","10.88","10.94","10.73","2.55M","-0.32%"
"04/30/2014","10.87","10.81","11.02","10.80","2.94M","1.19%"
"04/29/2014","10.75","10.71","10.87","10.71","7.08M","0.32%"
"04/28/2014","10.71","10.67","10.79","10.66","5.14M","0.00%"
"04/27/2014","10.71","10.75","10.76","10.67","2.47M","-0.22%"
"04/23/2014","10.73","10.75","10.77","10.73","2.94M","-0.24%"
"04/22/2014","10.76","10.91","10.94","10.66","2.67M","-0.51%"
"04/17/2014","10.82","10.78","10.91","10.75","3.77M","-0.29%"
"04/16/2014","10.85","10.73","10.88","10.73","2.14M","0.05%"
"04/15/2014","10.84","10.83","10.88","10.76","3.56M","-0.05%"
"04/14/2014","10.85","10.84","10.90","10.74","1.36M","-0.27%"
"04/13/2014","10.88","10.80","10.95","10.80","1.96M","0.78%"
"04/10/2014","10.79","10.71","10.91","10.62","5.78M","1.31%"
"04/09/2014","10.65","10.60","10.73","10.50","5.50M","0.38%"
"04/08/2014","10.61","10.56","10.70","10.46","3.19M","2.32%"
"04/07/2014","10.37","10.40","10.53","10.21","2.92M","-1.60%"
"04/06/2014","10.54","10.59","10.73","10.33","1.76M","0.17%"
"04/03/2014","10.52","10.63","10.70","10.39","3.83M","-2.24%"
"04/02/2014","10.76","10.79","10.88","10.65","3.92M","0.24%"
"04/01/2014","10.74","10.59","10.85","10.59","3.40M","4.11%"
"03/31/2014","10.31","10.88","10.88","10.15","85.13M","-4.23%"
"03/30/2014","10.77","10.79","10.88","10.59","1.37M","-1.43%"
"03/27/2014","10.93","11.15","11.34","10.53","9.97M","-1.95%"
"03/26/2014","11.14","11.11","11.23","11.05","2.51M","0.81%"
"03/25/2014","11.05","10.92","11.14","10.92","5.01M","1.38%"
"03/24/2014","10.90","10.91","10.99","10.88","2.02M","-1.44%"
"03/23/2014","11.06","11.23","11.28","10.94","2.35M","-0.55%"
"03/20/2014","11.12","10.53","11.43","10.53","11.93M","3.23%"
"03/19/2014","10.78","10.88","10.88","10.75","1.31M","0.24%"
"03/18/2014","10.75","9.79","10.88","9.79","4.48M","-1.15%"
"03/17/2014","10.87","10.73","10.95","10.73","8.09M","1.08%"
"03/16/2014","10.76","10.78","10.82","10.73","2.86M","0.30%"
"03/13/2014","10.73","10.72","10.77","10.63","4.96M","1.04%"
"03/12/2014","10.62","10.77","10.82","10.56","6.45M","-1.19%"
"03/11/2014","10.74","10.70","10.80","10.67","4.58M","1.04%"
"03/10/2014","10.63","10.65","10.70","10.57","3.00M","-0.30%"
"03/09/2014","10.67","10.67","10.71","10.59","594.67K","-0.08%"
"03/06/2014","10.67","10.67","10.78","10.59","4.35M","0.16%"
"03/05/2014","10.66","10.65","10.73","10.58","4.13M","1.41%"
"03/04/2014","10.51","10.33","10.62","10.33","3.59M","0.81%"
"03/03/2014","10.42","10.57","10.65","10.27","2.55M","-2.34%"
"03/02/2014","10.67","10.62","10.73","10.59","919.63K","0.52%"
"02/27/2014","10.62","10.59","10.71","10.57","6.89M","0.63%"
"02/26/2014","10.55","10.53","10.59","10.47","3.22M","-0.33%"
"02/25/2014","10.59","10.66","10.66","10.53","3.22M","-1.03%"
"02/24/2014","10.70","10.73","10.78","10.59","3.63M","0.05%"
"02/23/2014","10.69","10.44","10.86","10.44","3.88M","1.91%"
"02/20/2014","10.49","10.67","10.67","10.43","7.55M","-1.55%"
"02/19/2014","10.66","10.33","10.73","10.33","11.07M","3.49%"
"02/18/2014","10.30","10.15","10.40","10.15","3.58M","2.28%"
"02/17/2014","10.07","10.01","10.20","9.94","2.73M","0.14%"
"02/16/2014","10.05","10.11","10.15","9.98","1.72M","0.41%"
"02/13/2014","10.01","10.04","10.09","9.89","4.97M","1.68%"
"02/12/2014","9.85","10.68","10.68","9.74","12.86M","1.43%"
"02/11/2014","9.71","9.69","9.76","9.64","3.51M","0.21%"
"02/10/2014","9.69","9.55","9.75","9.54","4.99M","1.18%"
"02/09/2014","9.57","9.57","9.62","9.56","2.37M","-0.09%"
"02/06/2014","9.58","9.63","9.68","9.54","5.22M","0.09%"
"02/05/2014","9.57","9.46","9.66","9.46","3.13M","0.58%"
"02/04/2014","9.52","9.69","9.71","9.44","6.50M","-2.15%"
"02/03/2014","9.73","9.71","9.80","9.60","3.93M","-0.24%"
"02/02/2014","9.75","9.80","9.82","9.71","2.11M","0.00%"
"01/30/2014","9.75","9.76","9.82","9.70","4.57M","0.18%"
"01/29/2014","9.73","9.69","9.80","9.66","3.40M","0.42%"
"01/28/2014","9.69","9.57","9.77","9.57","7.34M","1.33%"
"01/27/2014","9.57","9.57","9.60","9.50","2.77M","0.37%"
"01/26/2014","9.53","8.99","9.62","8.99","2.41M","-0.12%"
"01/23/2014","9.54","9.62","9.62","9.49","1.67M","-0.72%"
"01/22/2014","9.61","9.49","9.73","9.49","4.73M","1.63%"
"01/21/2014","9.46","9.45","9.54","9.37","2.49M","-0.12%"
"01/20/2014","9.47","9.46","9.56","9.37","1.57M","0.12%"
"01/19/2014","9.46","9.63","9.63","9.40","879.85K","-1.33%"
"01/16/2014","9.59","9.71","9.71","9.52","2.83M","-1.05%"
"01/15/2014","9.69","9.71","9.75","9.58","3.65M","-0.51%"
"01/14/2014","9.74","9.50","9.84","9.50","4.21M","0.27%"
"01/12/2014","9.71","9.61","9.77","9.57","3.80M","1.18%"
"01/09/2014","9.60","9.57","9.65","9.54","2.76M","1.13%"
"01/08/2014","9.49","9.57","9.57","9.43","3.70M","0.18%"
"01/06/2014","9.47","9.63","9.66","9.43","2.81M","-1.03%"
"01/05/2014","9.57","9.46","9.66","9.43","1.61M","1.13%"
"01/02/2014","9.46","9.46","9.53","9.43","413.28K","0.15%"
"12/31/2013","9.45","9.44","9.54","9.41","1.96M","0.09%"
"12/30/2013","9.44","9.45","9.50","9.40","1.66M","-0.40%"
"12/29/2013","9.48","9.53","9.57","9.43","753.36K","-0.52%"
"12/26/2013","9.53","9.66","9.68","9.47","1.23M","-0.88%"
"12/25/2013","9.61","9.64","9.67","9.55","693.28K","0.79%"
"12/24/2013","9.54","9.28","9.63","9.28","3.86M","0.70%"
"12/23/2013","9.47","9.48","9.52","9.40","1.39M","0.15%"
"12/22/2013","9.46","9.43","9.54","9.37","1.98M","0.28%"
"12/19/2013","9.43","9.57","9.60","9.30","5.99M","0.00%"
"12/18/2013","9.43","9.39","9.59","9.28","6.22M","0.68%"
"12/17/2013","9.37","9.28","9.42","9.28","7.30M","0.81%"
"12/16/2013","9.29","9.36","9.42","9.16","4.45M","-1.32%"
"12/15/2013","9.42","9.39","9.50","9.37","1.53M","0.71%"
"12/12/2013","9.35","9.28","9.40","9.28","5.29M","1.16%"
"12/11/2013","9.24","9.25","9.32","9.19","2.03M","0.16%"
"12/10/2013","9.23","9.35","9.35","9.16","5.19M","-0.69%"
"12/09/2013","9.29","9.35","9.43","9.19","6.19M","-0.16%"
"12/08/2013","9.31","8.88","9.56","8.88","7.95M","5.08%"
"12/05/2013","8.86","8.73","8.95","8.70","4.03M","2.75%"
"12/04/2013","8.62","8.66","8.69","8.57","2.17M","0.36%"
"12/03/2013","8.59","8.51","8.68","8.46","3.25M","0.89%"
"12/02/2013","8.51","8.53","8.60","8.45","1.68M","0.62%"
"12/01/2013","8.46","8.48","8.51","8.43","2.12M","1.37%"
"11/28/2013","8.35","8.28","8.46","8.28","2.17M","-1.10%"
"11/27/2013","8.44","8.39","8.58","8.29","4.31M","0.48%"
"11/26/2013","8.40","8.77","8.77","8.24","15.72M","-4.25%"
"11/25/2013","8.77","8.82","8.97","8.61","5.30M","0.67%"
"11/24/2013","8.71","8.71","8.77","8.70","1.07M","0.11%"
"11/21/2013","8.70","8.69","8.79","8.65","2.24M","-0.71%"
"11/20/2013","8.77","8.49","8.84","8.49","3.52M","0.96%"
"11/19/2013","8.68","8.68","8.74","8.62","1.92M","0.29%"
"11/18/2013","8.66","8.59","8.70","8.59","2.15M","0.65%"
"11/17/2013","8.60","8.63","8.66","8.56","843.37K","0.75%"
"11/14/2013","8.54","8.66","8.66","8.49","1.93M","-0.34%"
"11/13/2013","8.57","8.67","8.67","8.47","5.03M","-1.18%"
"11/12/2013","8.67","8.80","8.80","8.59","6.48M","-0.33%"
"11/11/2013","8.70","8.65","8.79","8.61","7.29M","0.72%"
"11/10/2013","8.64","8.62","8.68","8.59","2.00M","0.00%"
"11/07/2013","8.63","8.61","8.66","8.55","5.12M","1.41%"
"11/06/2013","8.51","8.30","8.61","8.30","5.91M","2.97%"
"11/04/2013","8.27","8.31","8.31","8.23","1.98M","0.42%"
"11/03/2013","8.23","8.22","8.35","8.19","875.62K","-0.19%"
"10/31/2013","8.25","8.12","8.36","8.12","5.02M","1.45%"
"10/30/2013","8.13","8.11","8.18","8.06","3.67M","1.33%"
"10/29/2013","8.02","8.02","8.12","7.95","3.33M","-0.17%"
"10/28/2013","8.04","8.12","8.17","7.96","2.37M","-1.07%"
"10/27/2013","8.12","8.01","8.16","7.99","2.56M","1.45%"
"10/24/2013","8.01","7.97","8.06","7.96","1.76M","0.61%"
"10/23/2013","7.96","7.98","8.00","7.94","3.86M","-0.80%"
"10/22/2013","8.02","7.95","8.07","7.94","3.17M","1.37%"
"10/21/2013","7.91","7.81","8.00","7.76","6.73M","1.14%"
"10/20/2013","7.83","7.74","7.84","7.74","2.69M","1.00%"
"10/13/2013","7.75","7.72","7.80","7.71","2.90M","1.08%"
"10/10/2013","7.67","7.54","7.73","7.53","6.32M","1.75%"
"10/09/2013","7.53","7.50","7.57","7.50","2.83M","0.39%"
"10/08/2013","7.50","7.52","7.54","7.48","2.12M","-0.26%"
"10/07/2013","7.52","7.51","7.54","7.50","3.37M","0.13%"
"10/03/2013","7.51","7.47","7.54","7.46","2.08M","0.54%"
"10/02/2013","7.47","7.41","7.50","7.41","4.03M","0.47%"
"10/01/2013","7.44","7.35","7.49","7.35","2.86M","1.64%"
"09/30/2013","7.32","7.35","7.40","7.28","3.37M","-0.45%"
"09/29/2013","7.35","7.42","7.42","7.32","2.43M","-0.47%"
"09/26/2013","7.39","7.38","7.41","7.36","5.23M","0.00%"
"09/25/2013","7.38","7.41","7.44","7.35","2.03M","-0.24%"
"09/24/2013","7.40","7.35","7.44","7.35","3.71M","1.08%"
"09/23/2013","7.32","7.29","7.37","7.25","3.57M","0.24%"
"09/22/2013","7.31","7.20","7.35","7.20","2.29M","1.02%"
"09/19/2013","7.23","7.25","7.29","7.15","5.38M","-0.61%"
"09/18/2013","7.28","7.28","7.36","7.19","2.58M","0.00%"
"09/17/2013","7.28","7.20","7.33","7.19","3.84M","0.51%"
"09/16/2013","7.24","7.19","7.28","7.19","1.77M","1.08%"
"09/15/2013","7.16","7.23","7.24","7.09","3.70M","-0.51%"
"09/12/2013","7.20","7.15","7.24","7.15","3.40M","1.20%"
"09/11/2013","7.12","7.10","7.17","7.04","3.75M","0.00%"
"09/10/2013","7.12","7.02","7.17","7.02","7.08M","3.14%"
"09/09/2013","6.90","6.77","7.02","6.77","5.32M","1.74%"
"09/08/2013","6.79","6.74","6.83","6.71","898.92K","0.52%"
"09/05/2013","6.75","6.70","6.84","6.68","1.19M","0.00%"
"09/04/2013","6.75","6.65","6.82","6.65","2.15M","-0.23%"
"09/03/2013","6.77","6.83","6.84","6.74","1.00M","-0.82%"
"09/02/2013","6.82","6.86","6.86","6.77","1.71M","-1.04%"
"09/01/2013","6.90","6.88","6.95","6.85","1.21M","0.99%"
"08/29/2013","6.83","6.79","6.85","6.79","4.75M","0.14%"
"08/28/2013","6.82","6.95","6.95","6.75","3.81M","-2.14%"
"08/27/2013","6.97","7.06","7.06","6.92","3.95M","-1.34%"
"08/26/2013","7.06","7.07","7.12","7.02","3.25M","-0.11%"
"08/25/2013","7.07","7.04","7.13","7.04","2.12M","1.02%"
"08/22/2013","7.00","6.96","7.03","6.96","3.59M","0.28%"
"08/21/2013","6.98","7.00","7.03","6.94","1.46M","0.25%"
"08/20/2013","6.96","6.96","7.00","6.92","9.01M","1.10%"
"08/19/2013","6.89","6.90","6.96","6.80","7.84M","0.00%"
"08/18/2013","6.89","7.21","7.21","6.77","8.85M","-5.42%"
"08/14/2013","7.28","7.25","7.38","7.18","3.49M","-1.15%"
"08/13/2013","7.37","7.54","7.54","7.34","4.54M","-2.11%"
"08/12/2013","7.53","7.44","7.55","7.44","6.96M","1.62%"
"08/07/2013","7.41","7.35","7.49","7.28","4.93M","0.79%"
"08/06/2013","7.35","7.38","7.42","7.31","5.66M","-1.30%"
"08/05/2013","7.45","7.33","7.54","7.31","5.28M","3.05%"
"08/04/2013","7.23","7.06","7.34","7.06","3.03M","3.37%"
"08/01/2013","6.99","6.85","7.10","6.82","3.34M","3.14%"
"07/31/2013","6.78","6.69","6.86","6.69","3.29M","0.92%"
"07/30/2013","6.72","6.70","6.76","6.68","4.25M","0.12%"
"07/29/2013","6.71","6.69","6.76","6.65","1.93M","0.14%"
"07/28/2013","6.70","6.76","6.82","6.68","574.22K","0.38%"
"07/25/2013","6.67","6.65","6.74","6.61","2.66M","-1.12%"
"07/24/2013","6.75","6.83","6.85","6.60","6.34M","-0.80%"
"07/22/2013","6.80","6.73","6.84","6.73","9.92M","1.24%"
"07/21/2013","6.72","6.65","6.74","6.65","2.41M","1.88%"
"07/18/2013","6.60","6.56","6.63","6.56","3.43M","0.00%"
"07/17/2013","6.59","6.67","6.67","6.56","2.62M","-0.90%"
"07/16/2013","6.65","6.64","6.69","6.59","4.21M","-0.32%"
"07/15/2013","6.68","6.67","6.72","6.62","2.50M","0.44%"
"07/14/2013","6.65","6.57","6.71","6.48","1.91M","1.45%"
"07/11/2013","6.55","6.77","6.77","6.45","3.76M","-2.00%"
"07/10/2013","6.68","6.76","6.76","6.58","8.62M","-0.43%"
"07/09/2013","6.71","6.56","6.81","6.56","6.92M","4.39%"
"07/08/2013","6.43","6.69","6.69","6.32","9.63M","-3.71%"
"07/07/2013","6.68","6.90","6.90","6.49","7.28M","-1.06%"
"07/04/2013","6.75","6.35","6.75","6.35","10.70M","9.99%"
"07/03/2013","6.14","6.21","6.25","6.07","9.27M","-2.31%"
"07/02/2013","6.28","5.80","6.35","5.80","16.16M","8.77%"
"06/30/2013","5.78","5.60","5.89","5.54","2.50M","3.82%"
"06/27/2013","5.56","5.52","5.64","5.51","4.78M","0.70%"
"06/26/2013","5.52","5.65","5.65","5.48","3.43M","-0.56%"
"06/25/2013","5.56","5.61","5.67","5.49","5.41M","-1.54%"
"06/24/2013","5.64","5.76","5.76","5.59","2.81M","-2.34%"
"06/23/2013","5.78","5.89","5.89","5.71","1.24M","-3.43%"
"06/20/2013","5.98","6.00","6.00","5.88","11.43M","-0.99%"
"06/19/2013","6.04","6.03","6.11","5.99","2.86M","-1.85%"
"06/18/2013","6.16","6.07","6.23","6.02","2.21M","1.69%"
"06/17/2013","6.05","5.97","6.09","5.97","2.47M","0.58%"
"06/16/2013","6.02","6.16","6.16","5.97","629.97K","-0.67%"
"06/13/2013","6.06","5.88","6.15","5.88","4.75M","1.36%"
"06/12/2013","5.98","6.38","6.38","5.84","7.76M","-4.86%"
"06/11/2013","6.28","5.99","6.38","5.97","6.76M","4.77%"
"06/10/2013","6.00","6.01","6.21","5.86","5.05M","-4.05%"
"06/09/2013","6.25","6.58","6.58","6.02","3.40M","-5.02%"
"06/06/2013","6.58","6.71","6.71","6.53","5.86M","-1.28%"
"06/05/2013","6.67","6.75","6.75","6.58","4.57M","-1.12%"
"06/04/2013","6.74","6.90","6.90","6.67","4.35M","-3.91%"
"06/03/2013","7.02","7.06","7.17","6.87","4.36M","-0.71%"
"06/02/2013","7.07","7.06","7.17","7.02","3.73M","-0.33%"
"05/30/2013","7.09","6.96","7.16","6.96","12.63M","2.34%"
"05/29/2013","6.93","6.86","6.96","6.86","5.51M","0.00%"
"05/28/2013","6.93","6.83","6.97","6.83","3.54M","1.67%"
"05/27/2013","6.81","6.70","6.92","6.70","2.95M","1.38%"
"05/26/2013","6.72","6.66","6.74","6.66","1.82M","0.46%"
"05/23/2013","6.69","6.77","6.77","6.66","927.67K","-1.37%"
"05/22/2013","6.78","6.75","6.89","6.67","6.22M","1.39%"
"05/21/2013","6.69","6.65","6.73","6.65","4.57M","-0.20%"
"05/20/2013","6.70","6.71","6.74","6.63","4.41M","0.00%"
"05/19/2013","6.70","6.67","6.72","6.67","2.37M","0.87%"
"05/16/2013","6.64","6.63","6.68","6.57","5.23M","0.91%"
"05/15/2013","6.58","6.47","6.66","6.47","5.89M","1.83%"
"05/14/2013","6.46","6.42","6.51","6.41","1.88M","-0.45%"
"05/13/2013","6.49","6.50","6.54","6.41","7.13M","-0.42%"
"05/12/2013","6.52","6.45","6.55","6.44","3.35M","1.14%"
"05/09/2013","6.45","6.42","6.50","6.41","6.03M","0.36%"
"05/08/2013","6.42","6.29","6.48","6.28","5.67M","2.37%"
"05/07/2013","6.27","5.92","6.40","5.92","8.37M","4.17%"
"05/02/2013","6.02","5.90","6.07","5.89","7.82M","1.80%"
"04/30/2013","5.92","5.91","5.92","5.91","5.25M","0.00%"
"04/29/2013","5.91","5.87","5.93","5.87","4.95M","-0.16%"
"04/28/2013","5.92","5.90","5.97","5.90","6.31M","0.39%"
"04/24/2013","5.90","5.87","5.96","5.86","4.66M","0.16%"
"04/23/2013","5.89","5.90","5.93","5.86","3.31M","-0.33%"
"04/22/2013","5.91","5.88","5.94","5.88","6.41M","0.73%"
"04/21/2013","5.87","5.90","5.95","5.84","1.65M","-0.52%"
"04/18/2013","5.90","5.90","5.94","5.87","3.69M","0.00%"
"04/17/2013","5.90","5.94","5.94","5.85","14.37M","-0.65%"
"04/16/2013","5.94","5.99","6.00","5.91","6.07M","-0.84%"
"04/15/2013","5.99","6.00","6.05","5.92","18.98M","0.58%"
"04/14/2013","5.96","5.80","6.03","5.76","10.74M","3.22%"
"04/11/2013","5.77","5.74","5.80","5.73","10.28M","1.50%"
"04/10/2013","5.69","5.69","5.72","5.65","10.15M","-0.37%"
"04/09/2013","5.71","5.78","5.79","5.62","9.07M","0.85%"
"04/08/2013","5.66","5.47","5.78","5.47","7.86M","3.28%"
"04/07/2013","5.48","5.48","5.58","5.41","1.39M","0.85%"
"04/04/2013","5.43","5.32","5.49","5.32","5.75M","2.71%"
"04/03/2013","5.29","5.49","5.49","5.16","6.95M","-4.80%"
"04/02/2013","5.56","5.61","5.64","5.47","5.24M","-3.75%"
"04/01/2013","5.77","5.83","5.84","5.72","2.96M","-0.40%"
"03/31/2013","5.80","5.89","5.95","5.73","4.02M","-2.12%"
"03/28/2013","5.92","5.93","5.96","5.82","12.76M","-0.16%"
"03/27/2013","5.93","6.00","6.00","5.84","10.65M","-0.71%"
"03/26/2013","5.97","6.00","6.04","5.94","4.42M","-0.96%"
"03/25/2013","6.03","6.06","6.10","5.98","4.80M","-0.61%"
"03/24/2013","6.07","6.05","6.09","6.02","1.59M","0.00%"
"03/21/2013","6.06","6.09","6.09","6.03","2.35M","-0.41%"
"03/20/2013","6.09","6.10","6.13","6.03","4.72M","-0.88%"
"03/19/2013","6.14","6.01","6.17","6.01","6.89M","2.25%"
"03/18/2013","6.01","6.12","6.12","5.98","3.89M","-1.18%"
"03/17/2013","6.08","6.18","6.19","6.00","1.60M","-1.13%"
"03/14/2013","6.15","6.32","6.32","6.10","8.20M","-2.09%"
"03/13/2013","6.28","6.34","6.40","6.14","5.05M","-1.55%"
"03/12/2013","6.38","6.37","6.41","6.31","3.74M","0.43%"
"03/11/2013","6.35","6.37","6.38","6.35","10.51M","0.12%"
"03/10/2013","6.34","6.25","6.38","6.23","2.05M","0.77%"
"03/07/2013","6.30","6.16","6.43","6.15","7.86M","2.78%"
"03/06/2013","6.13","6.11","6.18","6.07","6.17M","1.44%"
"03/05/2013","6.04","6.28","6.28","5.98","9.08M","-4.61%"
"03/04/2013","6.33","6.57","6.57","6.10","6.32M","-2.76%"
"03/03/2013","6.51","6.57","6.57","6.48","958.77K","-0.82%"
"02/28/2013","6.56","6.59","6.66","6.48","4.92M","-0.67%"
"02/27/2013","6.61","6.63","6.65","6.57","3.09M","0.00%"
"02/26/2013","6.61","6.67","6.67","6.57","2.00M","-0.09%"
"02/25/2013","6.61","6.63","6.67","6.59","2.61M","-0.23%"
"02/24/2013","6.63","6.66","6.67","6.58","2.83M","-0.32%"
"02/21/2013","6.65","6.63","6.67","6.62","4.96M","0.00%"
"02/20/2013","6.65","6.57","6.73","6.57","7.13M","0.91%"
"02/19/2013","6.59","6.77","6.77","6.50","3.59M","-2.41%"
"02/18/2013","6.75","6.75","6.83","6.73","3.68M","0.00%"
"02/17/2013","6.75","6.74","6.77","6.74","1.55M","-0.17%"
"02/14/2013","6.76","6.78","6.81","6.74","2.41M","-0.37%"
"02/13/2013","6.79","6.90","6.90","6.71","6.68M","-1.68%"
"02/12/2013","6.90","6.87","6.94","6.86","5.15M","0.56%"
"02/11/2013","6.86","6.87","6.91","6.79","5.59M","-0.95%"
"02/10/2013","6.93","6.95","6.98","6.87","2.12M","0.56%"
"02/07/2013","6.89","6.81","6.92","6.80","3.46M","0.82%"
"02/06/2013","6.84","7.06","7.06","6.75","9.86M","-3.73%"
"02/05/2013","7.10","7.00","7.14","7.00","2.53M","0.85%"
"02/04/2013","7.04","6.96","7.10","6.96","3.23M","1.14%"
"02/03/2013","6.96","6.94","7.01","6.92","1.65M","1.64%"
"01/31/2013","6.85","6.80","6.93","6.79","5.71M","-0.73%"
"01/30/2013","6.90","6.90","6.96","6.79","3.82M","1.91%"
"01/29/2013","6.77","7.08","7.08","6.67","13.73M","-5.30%"
"01/28/2013","7.15","7.39","7.39","6.99","3.95M","-2.74%"
"01/27/2013","7.35","7.20","7.44","7.15","2.02M","1.31%"
"01/23/2013","7.26","7.21","7.32","7.19","2.43M","0.35%"
"01/22/2013","7.23","7.25","7.25","7.21","1.23M","-0.32%"
"01/21/2013","7.25","7.32","7.33","7.20","5.45M","-0.56%"
"01/20/2013","7.29","7.15","7.35","7.15","5.93M","2.00%"
"01/17/2013","7.15","7.07","7.22","7.07","6.61M","0.00%"
"01/16/2013","7.15","7.09","7.21","7.07","6.33M","1.04%"
"01/15/2013","7.08","6.96","7.13","6.96","5.74M","-0.60%"
"01/14/2013","7.12","7.14","7.15","7.05","4.83M","0.57%"
"01/13/2013","7.08","7.31","7.35","6.96","11.20M","-3.73%"
"01/10/2013","7.36","7.54","7.54","7.27","6.19M","-2.46%"
"01/09/2013","7.54","7.38","7.60","7.35","12.36M","2.79%"
"01/08/2013","7.34","7.13","7.45","7.13","9.22M","2.85%"
"01/06/2013","7.13","7.10","7.17","7.08","2.09M","0.90%"
"01/03/2013","7.07","6.96","7.14","6.91","4.05M","2.18%"
"01/02/2013","6.92","6.82","6.95","6.77","1.56M","3.50%"
"12/31/2012","6.68","6.75","6.76","6.65","3.02M","-1.00%"
"12/30/2012","6.75","6.38","6.83","6.38","1.23M","-0.20%"
"12/27/2012","6.77","6.64","6.86","6.64","3.42M","2.04%"
"12/26/2012","6.63","6.62","6.75","6.57","919.01K","-0.38%"
"12/25/2012","6.66","6.57","6.75","6.57","9.12M","-1.52%"
"12/24/2012","6.76","6.65","6.79","6.62","2.17M","0.00%"
"12/23/2012","6.76","7.00","7.00","6.64","1.98M","-1.30%"
"12/20/2012","6.85","6.84","6.96","6.69","6.08M","1.55%"
"12/19/2012","6.74","6.57","6.79","6.57","8.77M","2.56%"
"12/18/2012","6.57","6.51","6.59","6.51","5.02M","0.32%"
"12/17/2012","6.55","6.58","6.59","6.50","5.60M","-0.59%"
"12/16/2012","6.59","6.48","6.67","6.46","5.48M","3.65%"
"12/13/2012","6.36","6.67","6.67","6.28","16.55M","-3.69%"
"12/12/2012","6.60","6.57","6.67","6.49","9.35M","1.64%"
"12/11/2012","6.50","6.48","6.57","6.44","3.11M","0.21%"
"12/10/2012","6.48","6.59","6.59","6.39","8.72M","-2.70%"
"12/09/2012","6.66","6.53","6.76","6.53","6.16M","5.87%"
"12/06/2012","6.29","6.57","6.57","6.17","8.03M","-6.39%"
"12/05/2012","6.72","6.58","6.81","6.57","2.40M","1.82%"
"12/04/2012","6.60","6.36","6.73","6.36","5.62M","4.63%"
"12/03/2012","6.31","6.33","6.38","6.23","4.54M","-1.03%"
"12/02/2012","6.38","6.36","6.48","6.30","1.76M","1.32%"
"11/29/2012","6.29","6.19","6.38","6.09","9.15M","-1.90%"
"11/28/2012","6.41","6.75","6.75","6.16","5.32M","-5.04%"
"11/27/2012","6.75","6.77","6.84","6.59","3.77M","0.32%"
"11/26/2012","6.73","5.88","6.85","5.88","5.28M","3.05%"
"11/25/2012","6.53","7.06","7.06","6.52","3.68M","-9.75%"
"11/22/2012","7.24","7.25","7.35","7.15","1.86M","-1.21%"
"11/21/2012","7.33","7.22","7.45","7.17","3.80M","2.71%"
"11/20/2012","7.14","6.98","7.42","6.90","3.28M","0.00%"
"11/19/2012","7.14","6.96","7.24","6.96","4.42M","-0.49%"
"11/18/2012","7.17","7.35","7.35","7.10","2.24M","-4.23%"
"11/14/2012","7.49","7.44","7.54","7.41","7.66M","0.36%"
"11/13/2012","7.46","7.52","7.52","7.43","3.26M","-0.44%"
"11/12/2012","7.50","7.44","7.54","7.42","4.50M","0.65%"
"11/11/2012","7.45","7.35","7.47","7.35","596.29K","-0.21%"
"11/08/2012","7.46","7.39","7.52","7.35","4.04M","0.97%"
"11/07/2012","7.39","7.34","7.46","7.29","6.19M","0.92%"
"11/06/2012","7.32","7.16","7.37","7.16","4.61M","2.91%"
"11/05/2012","7.12","6.96","7.29","6.96","5.54M","0.77%"
"11/04/2012","7.06","7.10","7.21","6.95","2.19M","-0.41%"
"11/01/2012","7.09","7.35","7.41","7.02","5.27M","-3.22%"
"10/31/2012","7.33","7.31","7.38","7.29","3.70M","-0.39%"
"10/30/2012","7.36","7.54","7.59","7.29","3.80M","-3.43%"
"10/29/2012","7.62","7.54","7.66","7.54","3.86M","1.26%"
"10/24/2012","7.52","7.43","7.59","7.39","8.58M","2.02%"
"10/23/2012","7.38","7.33","7.44","7.31","2.47M","-0.08%"
"10/22/2012","7.38","7.30","7.50","7.30","1.85M","0.77%"
"10/21/2012","7.32","7.43","7.43","7.25","3.60M","-2.60%"
"10/18/2012","7.52","7.54","7.63","7.43","6.92M","0.18%"
"10/17/2012","7.51","7.43","7.64","7.35","7.58M","2.70%"
"10/16/2012","7.31","7.19","7.43","7.19","8.76M","0.59%"
"10/15/2012","7.27","7.15","7.34","7.12","5.22M","1.51%"
"10/14/2012","7.16","7.12","7.20","7.11","3.66M","-0.62%"
"10/11/2012","7.20","7.13","7.25","7.13","4.80M","0.98%"
"10/10/2012","7.13","6.86","7.28","6.85","7.98M","4.89%"
"10/09/2012","6.80","6.86","6.90","6.75","3.09M","-0.82%"
"10/08/2012","6.86","6.77","6.92","6.77","8.23M","0.74%"
"10/04/2012","6.81","6.73","6.94","6.65","6.66M","1.62%"
"10/03/2012","6.70","6.68","6.77","6.61","3.15M","0.96%"
"10/02/2012","6.63","6.46","6.77","6.46","4.46M","0.94%"
"10/01/2012","6.57","6.75","6.76","6.43","8.73M","-1.90%"
"09/30/2012","6.70","6.77","6.79","6.68","2.57M","-1.39%"
"09/27/2012","6.80","6.86","7.00","6.67","5.06M","-2.31%"
"09/26/2012","6.96","6.96","7.06","6.82","2.39M","0.78%"
"09/25/2012","6.90","6.71","7.06","6.71","10.39M","3.45%"
"09/24/2012","6.67","6.57","6.74","6.57","7.15M","1.47%"
"09/23/2012","6.57","6.59","6.60","6.54","2.41M","-0.18%"
"09/20/2012","6.59","6.61","6.63","6.54","8.86M","-1.02%"
"09/19/2012","6.65","6.72","6.75","6.58","3.96M","0.00%"
"09/18/2012","6.65","6.60","6.71","6.58","3.37M","-0.38%"
"09/17/2012","6.68","6.77","6.77","6.59","3.57M","0.00%"
"09/16/2012","6.68","6.48","6.78","6.48","6.65M","4.16%"
"09/13/2012","6.41","6.48","6.48","6.35","5.37M","-1.34%"
"09/12/2012","6.50","6.39","6.57","6.38","11.63M","2.19%"
"09/11/2012","6.36","6.34","6.40","6.29","8.17M","1.29%"
"09/10/2012","6.28","6.14","6.38","6.13","10.50M","2.08%"
"09/09/2012","6.15","6.13","6.19","6.09","8.80M","1.31%"
"09/06/2012","6.07","6.09","6.11","6.01","5.16M","-0.10%"
"09/05/2012","6.08","6.09","6.13","6.00","6.34M","-0.79%"
"09/04/2012","6.12","6.19","6.19","6.07","6.93M","0.00%"
"09/03/2012","6.13","6.72","6.72","6.07","5.09M","0.25%"
"09/02/2012","6.11","5.84","6.19","5.84","12.77M","5.02%"
"08/30/2012","5.82","5.80","5.84","5.79","5.82M","-0.13%"
"08/29/2012","5.83","5.86","5.87","5.78","16.88M","0.17%"
"08/28/2012","5.82","5.70","5.90","5.70","22.54M","1.90%"
"08/27/2012","5.71","5.63","5.75","5.62","11.47M","1.55%"
"08/26/2012","5.62","5.66","5.66","5.60","3.54M","0.73%"
"08/23/2012","5.58","5.54","5.61","5.53","5.86M","0.73%"
"08/22/2012","5.54","5.51","5.57","5.47","3.42M","-0.56%"
"08/21/2012","5.57","5.55","5.60","5.51","5.28M","0.42%"
"08/16/2012","5.55","5.55","5.57","5.53","9.77M","0.31%"
"08/15/2012","5.53","5.51","5.55","5.51","40.99M","0.60%"
"08/14/2012","5.50","5.41","5.53","5.41","10.82M","1.32%"
"08/13/2012","5.43","5.32","5.49","5.32","12.57M","1.08%"
"08/12/2012","5.37","5.34","5.40","5.32","653.24K","1.28%"
"08/09/2012","5.30","5.23","5.32","5.23","11.23M","-1.40%"
"08/08/2012","5.38","5.36","5.41","5.33","31.22M","-0.22%"
"08/07/2012","5.39","5.40","5.42","5.35","4.97M","-0.39%"
"08/06/2012","5.41","5.34","5.44","5.34","4.17M","-1.20%"
"08/05/2012","5.47","5.47","5.51","5.42","2.04M","1.25%"
"08/02/2012","5.41","5.80","5.80","5.32","17.37M","0.50%"
"08/01/2012","5.38","5.34","5.41","5.34","4.56M","1.61%"
"07/31/2012","5.29","5.23","5.36","5.23","8.67M","1.41%"
"07/30/2012","5.22","5.27","5.27","5.20","7.00M","-1.03%"
"07/29/2012","5.28","5.32","5.34","5.24","725.47K","0.66%"
"07/26/2012","5.24","5.30","5.32","5.20","6.73M","-1.42%"
"07/25/2012","5.32","5.34","5.40","5.24","5.55M","-2.72%"
"07/24/2012","5.46","5.64","5.64","5.32","7.54M","-2.79%"
"07/22/2012","5.62","5.63","5.65","5.61","1.88M","-0.51%"
"07/19/2012","5.65","5.61","5.70","5.61","2.60M","0.90%"
"07/18/2012","5.60","5.56","5.63","5.56","6.43M","-0.17%"
"07/17/2012","5.61","5.53","5.63","5.53","10.18M","1.90%"
"07/16/2012","5.51","5.41","5.53","5.41","2.82M","1.28%"
"07/15/2012","5.44","5.51","5.51","5.42","667.29K","-2.53%"
"07/12/2012","5.58","5.60","5.64","5.49","3.39M","1.05%"
"07/11/2012","5.52","5.32","5.61","5.32","2.80M","4.35%"
"07/10/2012","5.29","5.30","5.41","5.22","5.72M","-0.73%"
"07/09/2012","5.33","5.53","5.53","5.20","5.72M","-5.10%"
"07/08/2012","5.61","5.54","5.69","5.54","945.87K","0.21%"
"07/05/2012","5.60","5.51","5.70","5.51","4.01M","-0.14%"
"07/04/2012","5.61","5.77","5.77","5.51","3.54M","-1.29%"
"07/03/2012","5.68","5.52","5.83","5.35","9.62M","5.68%"
"07/02/2012","5.38","5.05","5.52","5.05","8.76M","7.13%"
"06/28/2012","5.02","4.98","5.06","4.97","5.92M","0.66%"
"06/27/2012","4.99","4.93","5.03","4.93","6.21M","1.42%"
"06/26/2012","4.92","4.82","5.03","4.80","10.09M","4.09%"
"06/25/2012","4.72","4.45","4.74","4.45","4.41M","9.65%"
"06/24/2012","4.31","4.17","4.47","4.16","2.05M","3.24%"
"06/21/2012","4.17","4.30","4.30","4.09","6.00M","-3.79%"
"06/20/2012","4.34","4.40","4.42","4.25","4.97M","1.49%"
"06/19/2012","4.27","4.44","4.45","4.08","5.48M","-5.35%"
"06/18/2012","4.52","4.83","4.83","4.27","3.61M","-3.35%"
"06/14/2012","4.67","4.64","4.74","4.64","4.24M","-0.62%"
"06/13/2012","4.70","4.72","4.73","4.64","2.77M","0.79%"
"06/12/2012","4.66","4.64","4.72","4.59","1.62M","0.42%"
"06/11/2012","4.64","4.66","4.73","4.58","1.90M","-0.83%"
"06/10/2012","4.68","4.75","4.75","4.64","352.59K","-0.29%"
"06/07/2012","4.70","4.73","4.74","4.65","3.33M","-0.61%"
"06/06/2012","4.73","4.75","4.76","4.65","3.94M","0.91%"
"06/05/2012","4.68","4.75","4.76","4.63","3.92M","-2.14%"
"06/04/2012","4.79","4.74","4.81","4.74","3.67M","1.48%"
"06/03/2012","4.72","4.78","4.79","4.66","2.26M","-0.57%"
"05/31/2012","4.74","4.72","4.89","4.66","6.30M","-0.24%"
"05/30/2012","4.75","4.74","4.80","4.74","2.51M","1.24%"
"05/29/2012","4.70","4.64","4.80","4.60","7.09M","-1.14%"
"05/28/2012","4.75","4.86","4.86","4.69","4.15M","-2.19%"
"05/27/2012","4.86","5.04","5.04","4.74","6.09M","-4.01%"
"05/24/2012","5.06","4.99","5.11","4.99","7.28M","2.31%"
"05/23/2012","4.95","4.96","5.01","4.89","4.60M","-0.31%"
"05/22/2012","4.96","5.00","5.03","4.82","4.61M","-0.70%"
"05/21/2012","5.00","4.89","5.03","4.89","5.04M","3.15%"
"05/20/2012","4.84","4.91","4.91","4.81","3.16M","-1.92%"
"05/17/2012","4.94","4.91","4.97","4.90","4.44M","-1.35%"
"05/16/2012","5.01","4.98","5.03","4.90","2.80M","-0.46%"
"05/15/2012","5.03","5.07","5.07","5.01","4.88M","-0.80%"
"05/14/2012","5.07","5.05","5.10","5.04","3.03M","-0.15%"
"05/13/2012","5.08","5.08","5.10","5.07","544.53K","0.77%"
"05/10/2012","5.04","5.07","5.08","5.02","3.90M","0.27%"
"05/09/2012","5.03","5.05","5.05","5.00","2.83M","-0.46%"
"05/08/2012","5.05","5.03","5.10","4.99","4.78M","0.54%"
"05/07/2012","5.02","4.88","5.10","4.88","5.63M","1.72%"
"05/06/2012","4.94","4.93","4.98","4.87","1.30M","0.55%"
"05/03/2012","4.91","4.83","4.91","4.83","1.33M","-0.74%"
"05/02/2012","4.95","4.97","5.01","4.89","3.81M","0.00%"
"04/30/2012","4.95","4.98","5.01","4.90","2.19M","0.39%"
"04/29/2012","4.93","4.90","4.95","4.85","423.98K","-0.39%"
"04/26/2012","4.95","4.93","5.01","4.90","2.80M","0.00%"
"04/24/2012","4.95","4.93","5.02","4.88","2.91M","-0.81%"
"04/23/2012","4.99","4.82","5.06","4.82","8.07M","4.58%"
"04/22/2012","4.77","4.70","4.85","4.70","2.86M","1.23%"
"04/19/2012","4.71","4.70","4.74","4.69","1.30M","0.21%"
"04/18/2012","4.70","4.64","4.77","4.64","3.12M","0.00%"
"04/17/2012","4.70","4.70","4.78","4.67","2.05M","-1.74%"
"04/12/2012","4.78","4.72","4.81","4.68","3.39M","2.61%"
"04/11/2012","4.66","4.58","4.73","4.58","1.95M","1.47%"
"04/10/2012","4.59","4.47","4.62","4.47","3.97M","1.71%"
"04/09/2012","4.52","4.62","4.75","4.41","1.82M","-2.18%"
"04/08/2012","4.62","4.62","4.81","4.54","2.19M","-3.40%"
"04/05/2012","4.78","4.74","4.81","4.68","7.05M","1.23%"
"04/04/2012","4.72","4.77","4.78","4.69","4.43M","-1.33%"
"04/03/2012","4.78","4.74","4.83","4.74","11.31M","-4.11%"
"04/02/2012","4.99","4.88","5.05","4.88","13.39M","1.82%"
"04/01/2012","4.90","4.77","4.99","4.77","7.43M","1.48%"
"03/29/2012","4.83","4.88","4.88","4.80","7.33M","0.00%"
"03/28/2012","4.83","4.72","4.98","4.70","5.96M","2.50%"
"03/27/2012","4.71","4.71","4.79","4.64","10.62M","0.45%"
"03/26/2012","4.69","4.67","4.80","4.60","4.59M","-2.41%"
"03/25/2012","4.81","4.90","4.93","4.69","1.49M","-3.19%"
"03/22/2012","4.97","5.01","5.01","4.93","2.76M","-0.46%"
"03/21/2012","4.99","4.96","5.06","4.91","4.87M","2.99%"
"03/20/2012","4.85","4.76","4.97","4.74","2.80M","1.25%"
"03/19/2012","4.79","4.74","4.81","4.74","2.71M","-0.52%"
"03/18/2012","4.81","4.86","4.86","4.79","2.10M","-1.27%"
"03/15/2012","4.87","4.81","4.91","4.81","5.53M","2.73%"
"03/14/2012","4.74","4.64","4.83","4.61","8.19M","1.78%"
"03/13/2012","4.66","4.83","4.84","4.61","8.58M","-3.29%"
"03/12/2012","4.82","4.81","4.89","4.74","8.10M","-1.23%"
"03/11/2012","4.88","4.98","4.98","4.81","4.67M","-3.00%"
"03/08/2012","5.03","5.08","5.08","4.98","8.02M","-0.80%"
"03/07/2012","5.07","5.10","5.12","5.04","10.08M","0.96%"
"03/06/2012","5.02","4.93","5.20","4.93","18.16M","2.69%"
"03/05/2012","4.89","4.76","4.96","4.76","10.63M","2.02%"
"03/04/2012","4.79","4.88","4.90","4.76","5.77M","-1.00%"
"03/01/2012","4.84","4.85","4.87","4.81","3.95M","0.00%"
"02/29/2012","4.84","4.64","4.90","4.64","11.33M","1.17%"
"02/28/2012","4.79","4.76","4.83","4.75","5.19M","-0.20%"
"02/27/2012","4.80","4.88","4.89","4.74","9.29M","-2.67%"
"02/26/2012","4.93","4.99","4.99","4.89","8.81M","1.96%"
"02/23/2012","4.83","4.67","4.98","4.67","17.82M","4.91%"
"02/22/2012","4.61","4.54","4.68","4.53","4.35M","0.29%"
"02/21/2012","4.59","4.64","4.66","4.50","5.46M","-2.62%"
"02/20/2012","4.72","4.71","4.76","4.64","9.73M","1.84%"
"02/19/2012","4.63","4.64","4.72","4.52","6.53M","2.66%"
"02/16/2012","4.51","4.52","4.56","4.45","5.78M","-1.06%"
"02/15/2012","4.56","4.64","4.64","4.52","6.53M","-1.63%"
"02/14/2012","4.64","4.71","4.72","4.56","9.24M","-1.48%"
"02/13/2012","4.71","4.62","4.78","4.62","10.71M","4.46%"
"02/12/2012","4.51","4.35","4.64","4.35","6.03M","3.10%"
"02/09/2012","4.37","4.35","4.43","4.33","14.86M","0.00%"
"02/08/2012","4.37","4.28","4.39","4.28","8.64M","2.08%"
"02/07/2012","4.28","4.31","4.36","4.24","9.70M","-1.95%"
"02/06/2012","4.36","4.29","4.43","4.25","5.97M","-1.18%"
"02/02/2012","4.41","5.03","5.03","4.27","6.63M","-3.51%"
"02/01/2012","4.58","4.60","4.64","4.52","2.30M","0.25%"
"01/31/2012","4.56","4.46","4.64","4.46","9.14M","2.43%"
"01/30/2012","4.46","4.52","4.54","4.36","7.74M","-0.86%"
"01/29/2012","4.49","4.32","4.59","4.32","15.65M","4.08%"
"01/26/2012","4.32","4.00","4.34","4.00","20.44M","9.41%"
"01/24/2012","3.95","3.86","4.01","3.86","13.08M","2.20%"
"01/23/2012","3.86","3.84","3.89","3.80","3.56M","1.22%"
"01/22/2012","3.82","3.85","3.86","3.78","3.79M","-1.15%"
"01/19/2012","3.86","3.91","3.93","3.81","5.32M","-1.38%"
"01/18/2012","3.91","3.93","3.95","3.87","8.33M","-0.98%"
"01/17/2012","3.95","3.92","3.97","3.92","6.44M","0.79%"
"01/16/2012","3.92","3.92","3.96","3.87","6.61M","-0.44%"
"01/15/2012","3.94","3.87","3.97","3.85","3.92M","1.55%"
"01/12/2012","3.88","3.88","3.91","3.83","5.40M","0.20%"
"01/11/2012","3.87","3.90","3.92","3.83","6.13M","-0.60%"
"01/10/2012","3.89","3.87","3.93","3.85","8.13M","2.55%"
"01/09/2012","3.80","3.71","3.89","3.71","5.59M","2.34%"
"01/05/2012","3.71","3.68","3.74","3.66","2.58M","0.00%"
"01/04/2012","3.71","3.67","3.72","3.67","3.35M","1.59%"
"01/03/2012","3.65","3.68","3.68","3.62","3.40M","-0.74%"
"01/02/2012","3.68","3.66","3.71","3.63","1.07M","1.66%"
"12/29/2011","3.62","3.62","3.66","3.59","4.93M","-0.32%"
"12/28/2011","3.63","3.71","3.71","3.58","4.79M","-2.24%"
"12/27/2011","3.71","3.83","3.83","3.67","3.27M","-0.31%"
"12/26/2011","3.72","3.81","3.81","3.69","1.72M","-1.84%"
"12/25/2011","3.79","3.68","3.88","3.68","1.72M","1.66%"
"12/22/2011","3.73","3.77","3.80","3.68","7.07M","-3.31%"
"12/21/2011","3.86","3.87","3.91","3.80","4.24M","0.50%"
"12/20/2011","3.84","3.98","3.98","3.78","7.00M","-4.15%"
"12/19/2011","4.00","3.98","4.10","3.96","4.02M","0.58%"
"12/18/2011","3.98","4.11","4.11","3.95","3.54M","-4.90%"
"12/15/2011","4.19","4.19","4.23","4.14","7.47M","0.23%"
"12/14/2011","4.18","4.18","4.21","4.14","2.54M","0.14%"
"12/13/2011","4.17","4.12","4.20","4.08","4.98M","0.94%"
"12/12/2011","4.13","4.26","4.26","4.06","7.27M","-4.43%"
"12/11/2011","4.32","4.40","4.52","4.26","2.51M","-0.71%"
"12/08/2011","4.35","4.40","4.41","4.33","5.83M","-1.01%"
"12/07/2011","4.40","4.58","4.60","4.35","14.06M","-1.52%"
"12/06/2011","4.47","4.41","4.53","4.39","6.84M","-0.86%"
"12/05/2011","4.51","4.52","4.53","4.40","13.17M","-2.84%"
"12/04/2011","4.64","4.71","4.74","4.50","7.26M","-0.58%"
"12/01/2011","4.66","4.64","4.71","4.54","9.09M","3.74%"
"11/30/2011","4.50","4.56","4.58","4.46","4.46M","0.78%"
"11/29/2011","4.46","4.23","4.56","4.23","16.83M","7.50%"
"11/24/2011","4.15","4.08","4.21","4.08","10.84M","3.92%"
"11/23/2011","3.99","3.96","4.15","3.85","10.70M","-0.86%"
"11/22/2011","4.03","4.12","4.18","3.95","6.28M","-5.06%"
"11/21/2011","4.24","4.43","4.43","4.11","15.14M","-5.10%"
"11/20/2011","4.47","4.53","4.53","4.45","12.27M","-2.61%"
"11/17/2011","4.59","4.66","4.66","4.56","10.72M","-2.67%"
"11/16/2011","4.72","4.81","4.82","4.63","5.76M","-2.21%"
"11/15/2011","4.82","4.81","4.88","4.74","3.40M","-1.07%"
"11/14/2011","4.87","4.97","4.97","4.77","4.23M","-2.93%"
"11/13/2011","5.02","5.14","5.15","4.97","766.76K","-2.41%"
"11/10/2011","5.15","5.11","5.17","5.10","1.95M","-1.04%"
"11/09/2011","5.20","5.10","5.25","5.10","5.04M","0.79%"
"11/03/2011","5.16","5.14","5.19","5.13","1.89M","0.19%"
"11/02/2011","5.15","5.14","5.18","5.12","2.53M","-0.45%"
"11/01/2011","5.17","5.13","5.21","5.12","4.41M","0.34%"
"10/31/2011","5.16","5.19","5.19","5.13","6.78M","-0.37%"
"10/30/2011","5.17","5.03","5.22","5.03","6.55M","4.25%"
"10/27/2011","4.96","4.95","5.03","4.95","10.41M","-0.43%"
"10/26/2011","4.99","5.03","5.03","4.93","4.71M","-1.04%"
"10/25/2011","5.04","4.97","5.08","4.97","7.02M","2.44%"
"10/24/2011","4.92","4.82","5.01","4.82","5.05M","1.56%"
"10/23/2011","4.84","4.81","4.91","4.81","2.73M","2.37%"
"10/20/2011","4.73","4.71","4.80","4.68","6.67M","0.41%"
"10/19/2011","4.71","4.68","4.77","4.64","5.73M","1.54%"
"10/18/2011","4.64","4.61","4.71","4.61","3.36M","-1.44%"
"10/17/2011","4.71","4.64","4.76","4.64","5.24M","2.10%"
"10/16/2011","4.61","4.61","4.66","4.57","3.04M","0.72%"
"10/13/2011","4.58","4.45","4.61","4.45","8.16M","2.82%"
"10/12/2011","4.45","4.46","4.49","4.44","11.40M","-0.17%"
"10/11/2011","4.46","4.38","4.51","4.38","9.41M","1.10%"
"10/10/2011","4.41","4.26","4.46","4.18","9.31M","-0.57%"
"10/09/2011","4.44","4.40","4.49","4.32","7.29M","2.46%"
"10/05/2011","4.33","4.33","4.43","4.29","6.25M","0.77%"
"10/04/2011","4.30","4.35","4.38","4.25","4.56M","-2.03%"
"10/03/2011","4.39","4.45","4.45","4.35","3.36M","-2.03%"
"10/02/2011","4.48","4.45","4.60","4.42","2.09M","1.00%"
"09/29/2011","4.43","4.43","4.45","4.41","4.33M","0.84%"
"09/28/2011","4.40","4.52","4.52","4.33","3.40M","-4.13%"
"09/27/2011","4.58","4.68","4.68","4.47","6.76M","-0.75%"
"09/26/2011","4.62","4.51","4.68","4.51","3.71M","2.44%"
"09/25/2011","4.51","4.69","4.69","4.41","3.11M","-3.40%"
"09/22/2011","4.67","4.76","4.76","4.64","6.04M","-1.71%"
"09/21/2011","4.75","4.83","4.83","4.72","2.97M","-1.64%"
"09/20/2011","4.83","5.22","5.22","4.77","3.36M","-0.48%"
"09/19/2011","4.85","4.64","4.93","4.64","3.85M","1.17%"
"09/18/2011","4.80","4.83","4.86","4.71","4.14M","1.47%"
"09/15/2011","4.73","4.90","4.98","4.50","12.22M","-5.05%"
"09/14/2011","4.98","5.03","5.06","4.87","4.40M","-1.00%"
"09/13/2011","5.03","5.14","5.14","4.96","6.13M","-2.66%"
"09/12/2011","5.16","5.26","5.27","5.09","3.24M","-2.52%"
"09/11/2011","5.30","5.32","5.35","5.25","1.26M","-1.30%"
"09/08/2011","5.37","5.40","5.41","5.32","2.52M","-0.93%"
"09/07/2011","5.42","5.41","5.48","5.34","1.89M","-1.09%"
"09/06/2011","5.48","5.32","5.53","5.32","5.63M","1.72%"
"09/05/2011","5.39","5.22","5.45","5.22","4.49M","1.83%"
"09/04/2011","5.29","5.36","5.40","5.22","1.98M","-0.40%"
"08/29/2011","5.31","5.35","5.37","5.27","1.19M","-0.65%"
"08/28/2011","5.34","5.43","5.43","5.28","417.91K","-1.50%"
"08/25/2011","5.43","5.36","5.46","5.32","5.74M","1.85%"
"08/24/2011","5.33","5.16","5.39","5.16","6.17M","2.30%"
"08/23/2011","5.21","5.22","5.27","5.15","2.79M","0.00%"
"08/22/2011","5.20","5.05","5.27","5.05","4.66M","3.46%"
"08/21/2011","5.03","5.00","5.08","4.91","1.91M","-2.66%"
"08/18/2011","5.17","5.14","5.22","5.10","7.24M","2.14%"
"08/17/2011","5.06","4.89","5.16","4.88","5.09M","3.69%"
"08/16/2011","4.88","4.83","4.93","4.82","2.30M","0.72%"
"08/15/2011","4.84","4.84","4.86","4.80","3.99M","-0.63%"
"08/14/2011","4.87","4.86","4.91","4.84","902.96K","0.68%"
"08/11/2011","4.84","4.82","4.88","4.81","8.95M","-0.40%"
"08/10/2011","4.86","4.85","4.94","4.81","12.98M","1.70%"
"08/09/2011","4.78","4.94","4.94","4.65","7.31M","-4.19%"
"08/08/2011","4.99","4.99","5.09","4.94","3.04M","-0.42%"
"08/07/2011","5.01","5.19","5.19","4.96","2.38M","-4.21%"
"08/04/2011","5.23","5.03","5.30","5.03","4.44M","0.86%"
"08/03/2011","5.19","5.16","5.22","5.12","2.65M","0.22%"
"08/02/2011","5.17","5.24","5.24","5.15","1.65M","-1.51%"
"08/01/2011","5.25","5.26","5.30","5.22","2.10M","0.56%"
"07/31/2011","5.22","5.22","5.26","5.22","806.72K","-0.55%"
"07/28/2011","5.25","5.41","5.41","5.22","1.59M","0.41%"
"07/27/2011","5.23","5.24","5.28","5.20","2.57M","-0.55%"
"07/26/2011","5.26","5.32","5.32","5.24","2.78M","0.15%"
"07/25/2011","5.25","5.16","5.32","5.16","7.89M","0.26%"
"07/21/2011","5.24","5.22","5.27","5.22","2.74M","0.30%"
"07/20/2011","5.22","5.23","5.24","5.22","12.85M","0.00%"
"07/19/2011","5.22","5.23","5.24","5.20","6.53M","-0.41%"
"07/18/2011","5.25","5.34","5.35","5.22","3.19M","-2.27%"
"07/17/2011","5.37","5.27","5.43","5.27","2.45M","3.70%"
"07/14/2011","5.18","5.22","5.27","5.12","9.79M","-0.82%"
"07/13/2011","5.22","5.26","5.31","5.11","19.05M","1.01%"
"07/12/2011","5.17","5.40","5.40","4.93","25.01M","-4.94%"
"07/11/2011","5.44","5.63","5.63","5.34","5.15M","-4.00%"
"07/10/2011","5.66","5.78","5.78","5.62","2.72M","-1.58%"
"07/07/2011","5.75","5.61","5.80","5.61","1.44M","1.43%"
"07/06/2011","5.67","5.73","5.73","5.61","3.39M","-2.14%"
"07/05/2011","5.80","5.77","5.99","5.72","4.77M","0.00%"
"07/04/2011","5.79","5.78","5.80","5.75","2.40M","0.00%"
"07/03/2011","5.79","5.80","5.80","5.73","1.77M","0.64%"
"06/30/2011","5.75","5.51","5.84","5.47","18.55M","5.01%"
"06/29/2011","5.48","5.53","5.58","5.42","3.58M","-1.84%"
"06/28/2011","5.58","5.54","5.63","5.52","11.70M","0.00%"
"06/27/2011","5.58","5.51","5.76","5.51","11.91M","-2.83%"
"06/26/2011","5.75","5.81","5.88","5.71","2.16M","-1.00%"
"06/23/2011","5.80","5.89","5.89","5.79","8.27M","-0.53%"
"06/22/2011","5.84","5.90","5.96","5.80","6.47M","-1.50%"
"06/21/2011","5.92","5.99","6.03","5.85","5.16M","-1.48%"
"06/20/2011","6.01","6.07","6.13","5.97","4.45M","-0.54%"
"06/19/2011","6.05","5.97","6.09","5.97","3.51M","1.39%"
"06/16/2011","5.96","5.94","5.99","5.91","2.75M","-0.48%"
"06/15/2011","5.99","6.04","6.04","5.97","3.96M","-0.10%"
"06/14/2011","6.00","5.90","6.06","5.90","8.03M","2.11%"
"06/13/2011","5.87","5.88","5.89","5.84","3.74M","0.36%"
"06/12/2011","5.85","5.87","5.89","5.80","2.07M","0.17%"
"06/09/2011","5.84","5.89","5.90","5.80","8.05M","-0.13%"
"06/08/2011","5.85","5.86","5.94","5.80","10.86M","-0.66%"
"06/07/2011","5.89","5.85","5.93","5.85","26.14M","1.33%"
"06/06/2011","5.81","5.86","5.86","5.80","8.70M","-1.09%"
"06/05/2011","5.88","5.92","5.94","5.83","2.10M","1.37%"
"06/02/2011","5.80","5.96","5.96","5.73","18.59M","-3.66%"
"06/01/2011","6.02","6.09","6.10","5.99","11.44M","-1.86%"
"05/31/2011","6.13","6.16","6.19","6.08","15.60M","-0.53%"
"05/30/2011","6.16","6.19","6.25","6.09","9.09M","0.16%"
"05/29/2011","6.15","6.04","6.25","6.04","13.25M","1.76%"
"05/26/2011","6.05","6.02","6.19","5.97","21.15M","0.81%"
"05/25/2011","6.00","5.82","6.11","5.82","23.88M","1.67%"
"05/24/2011","5.90","5.87","5.91","5.82","10.97M","0.26%"
"05/23/2011","5.89","5.96","5.98","5.85","7.21M","-0.69%"
"05/22/2011","5.93","5.76","6.02","5.76","8.75M","3.79%"
"05/19/2011","5.71","5.67","5.77","5.67","6.34M","0.78%"
"05/18/2011","5.67","5.72","5.79","5.61","18.34M","-0.95%"
"05/17/2011","5.72","5.69","5.80","5.68","6.98M","1.54%"
"05/16/2011","5.63","5.64","5.70","5.60","29.51M","-0.14%"
"05/15/2011","5.64","5.63","5.72","5.61","2.65M","1.00%"
"05/12/2011","5.58","5.51","5.71","5.41","13.51M","1.16%"
"05/11/2011","5.52","5.51","5.54","5.49","13.20M","0.14%"
"05/10/2011","5.51","5.45","5.56","5.45","18.60M","0.99%"
"05/09/2011","5.46","5.34","5.55","5.34","18.54M","2.10%"
"05/08/2011","5.35","5.38","5.39","5.26","3.63M","-0.65%"
"05/05/2011","5.38","5.33","5.41","5.32","12.50M","0.58%"
"05/04/2011","5.35","5.51","5.51","5.32","18.29M","-0.22%"
"05/03/2011","5.36","5.41","5.42","5.34","12.83M","-0.47%"
"05/02/2011","5.39","5.35","5.43","5.34","9.11M","1.60%"
"04/28/2011","5.30","5.34","5.41","5.25","32.57M","0.22%"
"04/27/2011","5.29","5.34","5.37","5.23","11.34M","-0.91%"
"04/26/2011","5.34","5.35","5.39","5.30","6.59M","0.15%"
"04/21/2011","5.33","5.37","5.45","5.24","11.67M","0.73%"
"04/20/2011","5.29","5.49","5.49","5.23","9.88M","-4.40%"
"04/19/2011","5.54","5.42","5.59","5.41","4.71M","2.21%"
"04/18/2011","5.42","5.51","5.57","5.38","14.62M","-3.38%"
"04/17/2011","5.61","5.77","5.78","5.49","8.34M","-2.29%"
"04/14/2011","5.74","5.82","5.82","5.61","14.95M","-0.67%"
"04/13/2011","5.78","5.71","5.80","5.71","19.56M","0.95%"
"04/12/2011","5.72","5.99","5.99","5.65","9.66M","-1.82%"
"04/11/2011","5.83","5.96","5.99","5.73","15.91M","-2.30%"
"04/10/2011","5.97","6.11","6.11","5.89","5.54M","-2.31%"
"04/07/2011","6.11","6.21","6.21","6.09","10.79M","-1.53%"
"04/06/2011","6.20","6.57","6.57","6.11","16.47M","-1.02%"
"04/05/2011","6.27","6.38","6.38","6.24","7.09M","-2.96%"
"04/04/2011","6.46","6.52","6.54","6.34","11.68M","0.30%"
"04/03/2011","6.44","6.28","6.56","6.28","3.54M","1.96%"
"03/31/2011","6.31","7.04","7.04","5.79","26.52M","-1.33%"
"03/30/2011","6.40","5.62","6.67","5.62","15.17M","2.41%"
"03/29/2011","6.25","6.58","6.58","5.99","18.31M","4.36%"
"03/28/2011","5.99","6.80","6.80","5.85","45.57M","-3.19%"
"03/27/2011","6.18","6.09","6.33","6.09","9.75M","7.42%"
"03/24/2011","5.76","5.72","6.28","5.72","132.28M","-9.40%"
"03/23/2011","6.35","6.35","7.06","6.35","1.31M","-9.95%"
"01/27/2011","7.06","7.54","7.54","6.77","24.11M","-8.93%"
"01/26/2011","7.75","7.73","7.90","7.58","27.93M","-3.31%"
"01/24/2011","8.01","8.06","8.06","7.99","12.06M","0.22%"
"01/23/2011","8.00","7.93","8.06","7.93","5.45M","0.56%"
"01/20/2011","7.95","7.93","8.04","7.90","14.98M","1.21%"
"01/19/2011","7.86","7.71","8.02","7.54","26.84M","0.79%"
"01/18/2011","7.79","8.01","8.06","7.62","27.77M","-3.59%"
"01/17/2011","8.08","8.41","8.45","7.93","19.67M","-3.55%"
"01/16/2011","8.38","8.53","8.55","8.31","4.86M","-1.72%"
"01/13/2011","8.53","8.51","8.60","8.50","5.39M","1.01%"
"01/12/2011","8.44","8.69","8.70","8.38","35.77M","-2.04%"
"01/11/2011","8.62","8.72","8.72","8.60","5.57M","-1.26%"
"01/10/2011","8.73","8.89","8.90","8.63","10.93M","-1.31%"
"01/06/2011","8.85","8.88","8.90","8.81","10.43M","-0.28%"
"01/05/2011","8.87","9.01","9.03","8.73","11.29M","-0.80%"
"01/04/2011","8.94","8.97","9.05","8.85","5.60M","0.72%"
"01/03/2011","8.88","9.05","9.09","8.83","5.36M","-1.01%"
"01/02/2011","8.97","9.09","9.16","8.90","2.87M","-2.13%"
