"Date","Price","Open","High","Low","Vol.","Change %"
"07/22/2026","301.12","303.00","303.99","301.05","87.93K","0.03%"
"07/21/2026","301.04","304.34","306.00","300.01","120.27K","-0.99%"
"07/20/2026","304.04","310.01","312.00","304.02","208.09K","-1.89%"
"07/19/2026","309.90","302.02","312.25","302.02","283.97K","2.65%"
"07/16/2026","301.90","304.50","305.96","301.00","111.97K","-0.69%"
"07/15/2026","304.00","299.98","306.99","299.03","341.67K","1.67%"
"07/14/2026","299.00","292.00","299.10","291.56","218.06K","2.61%"
"07/13/2026","291.40","293.99","293.99","290.00","80.84K","-0.55%"
"07/12/2026","293.00","294.10","296.95","292.74","66.09K","0.00%"
"07/09/2026","293.01","294.10","295.00","291.32","74.92K","-0.34%"
"07/08/2026","294.00","299.15","301.00","290.10","147.97K","-1.67%"
"07/07/2026","298.99","298.88","302.70","296.04","195.80K","0.50%"
"07/06/2026","297.50","294.99","299.00","293.99","158.16K","1.18%"
"07/05/2026","294.02","286.00","294.02","286.00","96.02K","2.85%"
"07/01/2026","285.88","287.21","289.55","283.03","104.53K","-0.36%"
"06/30/2026","286.90","275.00","286.90","275.00","132.63K","4.33%"
"06/29/2026","275.00","276.90","278.00","272.28","77.50K","-0.72%"
"06/28/2026","277.00","282.49","283.00","273.10","108.52K","-1.71%"
"06/25/2026","281.82","283.00","284.30","280.00","134.34K","-0.37%"
"06/24/2026","282.87","287.10","287.45","282.50","158.00K","-1.55%"
"06/23/2026","287.33","295.89","295.89","286.11","307.57K","-2.91%"
"06/22/2026","295.95","299.20","302.00","295.00","190.14K","-0.49%"
"06/21/2026","297.40","299.01","299.99","294.99","203.79K","-0.36%"
"06/17/2026","298.46","300.06","300.85","298.12","113.77K","-0.18%"
"06/16/2026","299.00","299.00","303.00","298.10","118.40K","0.00%"
"06/15/2026","299.00","314.00","314.99","297.10","463.02K","-4.54%"
"06/14/2026","313.21","311.00","314.89","311.00","124.77K","1.84%"
"06/11/2026","307.55","311.00","312.95","305.01","182.14K","-1.11%"
"06/10/2026","311.00","317.00","318.05","308.87","260.92K","-1.75%"
"06/09/2026","316.55","320.00","323.00","316.50","182.51K","-0.92%"
"06/08/2026","319.50","325.95","325.95","318.00","151.65K","-1.99%"
"06/07/2026","325.98","326.00","327.00","323.00","77.39K","-0.22%"
"06/04/2026","326.70","327.00","329.00","326.00","89.22K","0.02%"
"06/03/2026","326.65","331.50","332.50","326.00","167.69K","-0.44%"
"06/02/2026","328.11","331.00","334.90","328.00","429.06K","0.02%"
"06/01/2026","328.06","325.01","331.79","323.01","211.35K","1.66%"
"05/25/2026","322.70","330.01","332.00","320.91","346.13K","-2.21%"
"05/24/2026","329.98","331.16","334.29","328.00","280.23K","-0.65%"
"05/21/2026","332.14","325.98","334.00","324.00","263.32K","2.67%"
"05/20/2026","323.51","326.00","335.00","323.50","615.20K","-0.46%"
"05/19/2026","325.00","320.00","325.50","318.00","215.03K","1.56%"
"05/18/2026","320.00","323.05","326.50","315.21","190.09K","-0.93%"
"05/17/2026","323.00","331.51","333.00","323.00","182.11K","-2.71%"
"05/14/2026","332.01","344.98","344.99","329.00","407.90K","-1.77%"
"05/13/2026","338.00","320.31","338.00","319.50","1.04M","6.62%"
"05/12/2026","317.00","304.98","319.00","304.00","847.78K","4.60%"
"05/11/2026","303.05","306.99","306.99","303.05","189.67K","-0.64%"
"05/10/2026","305.00","306.00","310.00","303.25","389.65K","2.14%"
"05/06/2026","298.60","304.15","306.50","295.00","588.74K","-2.04%"
"05/05/2026","304.81","296.10","305.00","296.01","172.72K","3.33%"
"05/04/2026","295.00","304.00","305.00","294.50","314.76K","-2.64%"
"05/03/2026","303.00","307.00","308.50","301.00","199.54K","-1.10%"
"04/30/2026","306.36","308.63","313.98","306.36","492.28K","-0.53%"
"04/29/2026","307.99","305.02","308.38","302.00","412.81K","1.15%"
"04/28/2026","304.50","303.99","308.80","302.00","241.95K","0.83%"
"04/27/2026","302.00","304.90","304.90","297.66","272.20K","-0.33%"
"04/26/2026","303.00","304.20","311.00","302.90","280.93K","0.00%"
"04/23/2026","303.00","294.99","304.10","294.99","474.76K","3.41%"
"04/22/2026","293.00","293.94","298.80","293.00","477.70K","0.00%"
"04/21/2026","293.00","301.00","301.00","290.01","726.74K","-2.33%"
"04/20/2026","299.99","301.40","303.70","295.50","247.88K","0.03%"
"04/19/2026","299.90","305.00","305.00","298.00","441.67K","-2.31%"
"04/16/2026","307.00","312.21","315.00","306.89","346.39K","-0.97%"
"04/15/2026","310.00","315.00","315.90","306.12","283.26K","-1.56%"
"04/14/2026","314.90","310.49","314.99","308.13","748.82K","6.56%"
"04/12/2026","295.51","295.50","295.51","295.51","385.11K","0.00%"
"04/09/2026","295.51","298.00","302.80","295.51","385.11K","0.00%"
"04/08/2026","295.50","317.22","318.19","295.00","1.08M","-4.98%"
"04/07/2026","311.00","316.50","324.90","311.00","292.80K","-1.74%"
"04/06/2026","316.50","324.01","327.40","315.00","321.23K","-2.25%"
"04/05/2026","323.80","306.80","324.60","304.77","926.41K","7.40%"
"04/02/2026","301.50","300.00","309.95","297.05","609.64K","0.67%"
"04/01/2026","299.50","303.98","304.75","292.00","471.87K","-0.83%"
"03/31/2026","302.00","297.20","303.85","294.30","417.20K","1.98%"
"03/30/2026","296.14","304.00","311.99","295.00","841.06K","-0.96%"
"03/29/2026","299.00","285.05","299.00","285.05","881.05K","6.17%"
"03/26/2026","281.62","284.85","288.00","281.51","428.39K","-0.66%"
"03/25/2026","283.50","296.00","297.50","281.13","851.35K","-3.93%"
"03/24/2026","295.10","304.00","304.95","295.00","524.39K","-3.28%"
"03/18/2026","305.10","310.00","311.89","304.00","290.35K","-1.17%"
"03/17/2026","308.70","301.00","312.02","300.35","498.71K","3.07%"
"03/16/2026","299.50","305.03","309.83","296.00","217.02K","-1.48%"
"03/15/2026","304.00","310.00","321.00","303.00","649.20K","-1.62%"
"03/12/2026","309.00","301.00","314.88","300.01","717.14K","4.75%"
"03/11/2026","295.00","280.00","298.50","279.00","442.61K","6.50%"
"03/10/2026","277.00","278.00","279.00","270.00","683.41K","-2.81%"
"03/09/2026","285.00","305.26","310.46","282.10","606.28K","-5.89%"
"03/08/2026","302.85","295.00","321.00","267.50","1.52M","13.21%"
"03/05/2026","267.50","272.50","278.75","266.00","500.58K","-1.30%"
"03/04/2026","271.03","255.20","288.00","255.20","1.67M","7.55%"
"03/03/2026","252.00","238.50","253.00","237.26","783.18K","6.23%"
"03/02/2026","237.22","224.80","238.86","224.07","485.83K","5.87%"
"03/01/2026","224.07","221.25","226.90","212.00","185.94K","-2.15%"
"02/26/2026","229.00","219.72","229.90","215.01","503.77K","4.22%"
"02/25/2026","219.72","225.00","226.89","219.70","136.36K","-2.35%"
"02/24/2026","225.00","229.00","229.30","225.00","196.82K","-1.23%"
"02/23/2026","227.80","222.80","227.86","221.50","174.73K","2.36%"
"02/22/2026","222.54","225.90","227.00","219.02","127.73K","-1.36%"
"02/19/2026","225.60","227.80","229.40","225.00","133.02K","-0.62%"
"02/18/2026","227.00","227.96","228.38","225.52","210.87K","0.27%"
"02/17/2026","226.39","226.00","228.79","224.75","508.56K","0.73%"
"02/16/2026","224.75","241.95","243.50","219.00","1.35M","-5.96%"
"02/15/2026","239.00","243.98","244.00","239.00","276.71K","-1.93%"
"02/12/2026","243.70","242.00","243.70","241.28","59.23K","0.81%"
"02/11/2026","241.74","243.30","244.90","241.28","165.17K","-0.11%"
"02/10/2026","242.00","245.00","248.69","241.41","463.55K","-1.22%"
"02/09/2026","245.00","246.00","248.99","242.99","133.01K","-0.41%"
"02/08/2026","246.00","242.99","247.20","242.00","204.76K","1.86%"
"02/05/2026","241.50","247.00","248.49","240.00","198.60K","-1.82%"
"02/04/2026","245.98","240.00","246.85","239.89","392.14K","2.54%"
"02/03/2026","239.89","239.00","242.97","237.77","292.71K","0.75%"
"02/02/2026","238.10","246.00","248.00","237.10","290.38K","-3.21%"
"02/01/2026","246.00","236.01","246.00","233.33","169.22K","4.24%"
"01/28/2026","236.00","245.00","246.99","233.00","416.56K","-3.67%"
"01/27/2026","245.00","251.00","252.80","245.00","345.05K","-2.39%"
"01/26/2026","250.99","253.00","254.98","249.00","142.54K","-0.40%"
"01/25/2026","252.00","254.90","260.00","251.01","332.62K","-0.32%"
"01/22/2026","252.81","255.00","256.00","246.12","424.59K","-0.27%"
"01/21/2026","253.50","260.01","261.99","252.80","322.99K","-2.12%"
"01/20/2026","258.99","266.00","267.90","256.00","424.27K","-2.60%"
"01/19/2026","265.91","260.00","266.60","260.00","354.40K","3.07%"
"01/18/2026","258.00","245.00","258.00","242.00","278.69K","6.61%"
"01/15/2026","242.00","250.00","252.99","240.14","400.53K","-3.32%"
"01/14/2026","250.31","257.00","257.00","244.08","223.49K","-2.60%"
"01/13/2026","257.00","260.00","264.00","255.50","279.81K","-0.39%"
"01/12/2026","258.00","269.23","269.99","257.05","351.36K","-3.73%"
"01/11/2026","268.00","261.00","272.90","260.00","473.64K","5.09%"
"01/08/2026","255.01","272.88","272.88","255.01","395.12K","-5.90%"
"01/06/2026","271.01","262.20","276.00","262.20","614.49K","3.84%"
"01/05/2026","261.00","253.51","261.00","245.01","375.76K","3.16%"
"01/04/2026","253.00","240.10","264.00","240.10","486.02K","7.43%"
"12/31/2025","235.50","226.95","237.98","226.95","239.98K","3.77%"
"12/30/2025","226.95","226.00","230.00","223.67","183.46K","0.22%"
"12/29/2025","226.46","226.99","227.24","226.00","39.61K","0.20%"
"12/28/2025","226.00","222.50","226.00","222.10","82.91K","1.59%"
"12/25/2025","222.46","225.00","225.99","221.00","191.41K","-0.96%"
"12/24/2025","224.61","227.92","229.50","224.40","84.25K","-1.45%"
"12/23/2025","227.92","225.25","228.50","223.02","193.74K","1.30%"
"12/22/2025","225.00","226.11","229.84","222.30","343.04K","0.00%"
"12/21/2025","225.00","213.95","225.00","213.95","696.54K","5.58%"
"12/18/2025","213.11","207.49","216.23","206.60","569.19K","3.20%"
"12/17/2025","206.51","204.25","209.50","203.00","244.61K","1.12%"
"12/16/2025","204.23","208.20","209.80","202.60","194.61K","-1.88%"
"12/15/2025","208.15","206.00","209.90","206.00","189.96K","1.04%"
"12/14/2025","206.00","209.39","209.99","205.80","211.42K","-0.96%"
"12/11/2025","208.00","206.00","209.00","205.00","274.11K","1.47%"
"12/10/2025","204.98","203.14","207.60","202.90","199.89K","0.93%"
"12/09/2025","203.10","205.00","205.50","202.12","146.97K","-0.93%"
"12/08/2025","205.00","206.00","206.99","205.00","121.35K","-0.11%"
"12/07/2025","205.22","207.58","209.30","204.80","382.80K","-0.86%"
"12/04/2025","207.00","210.00","211.99","204.00","463.93K","0.02%"
"12/03/2025","206.95","196.00","208.95","195.01","653.59K","6.13%"
"12/02/2025","195.00","200.50","202.86","194.25","371.85K","-2.55%"
"12/01/2025","200.11","199.98","204.00","198.51","338.37K","0.56%"
"11/30/2025","199.00","196.01","204.48","196.01","684.45K","3.65%"
"11/27/2025","192.00","183.00","196.00","182.95","490.65K","4.92%"
"11/26/2025","183.00","187.90","189.30","182.05","369.61K","-2.14%"
"11/25/2025","187.01","192.01","192.39","186.75","216.66K","-2.35%"
"11/24/2025","191.51","193.00","195.35","191.50","185.54K","0.11%"
"11/23/2025","191.30","191.80","196.44","189.05","322.91K","0.10%"
"11/20/2025","191.10","197.50","197.98","191.00","255.91K","-2.83%"
"11/19/2025","196.66","199.99","200.99","196.66","126.33K","-1.18%"
"11/18/2025","199.00","202.70","204.00","197.00","635.90K","-1.73%"
"11/17/2025","202.50","214.09","215.90","202.00","452.67K","-5.41%"
"11/16/2025","214.09","212.00","220.94","211.01","355.23K","0.99%"
"11/13/2025","212.00","211.97","212.87","208.21","385.57K","0.66%"
"11/12/2025","210.61","210.50","213.94","210.07","134.76K","0.10%"
"11/11/2025","210.40","214.21","218.00","210.37","185.72K","-1.69%"
"11/10/2025","214.01","218.17","221.00","213.05","503.16K","-1.76%"
"11/09/2025","217.85","211.00","219.00","211.00","598.94K","4.33%"
"11/06/2025","208.80","201.03","209.90","200.00","400.56K","3.87%"
"11/05/2025","201.03","203.10","205.00","201.00","422.12K","-1.07%"
"11/04/2025","203.20","206.01","208.35","202.00","169.90K","-1.12%"
"11/03/2025","205.51","200.22","208.40","198.00","301.03K","2.73%"
"11/02/2025","200.05","206.00","208.20","200.01","194.07K","-2.89%"
"10/30/2025","206.00","205.00","209.00","201.80","460.57K","0.54%"
"10/29/2025","204.89","195.00","206.00","193.13","764.77K","5.61%"
"10/28/2025","194.00","191.71","195.89","187.05","533.58K","1.25%"
"10/27/2025","191.60","203.50","204.00","191.60","638.72K","-5.85%"
"10/26/2025","203.50","209.00","210.00","202.00","377.09K","-0.73%"
"10/23/2025","205.00","195.02","212.00","192.55","1.01M","4.54%"
"10/22/2025","196.10","184.10","205.00","182.55","846.91K","6.52%"
"10/21/2025","184.10","184.61","188.50","181.00","390.33K","-0.27%"
"10/20/2025","184.60","181.99","189.00","180.27","513.89K","1.43%"
"10/19/2025","182.00","174.00","183.60","173.25","459.43K","5.05%"
"10/16/2025","173.25","171.00","178.90","168.50","659.28K","1.32%"
"10/15/2025","171.00","173.89","174.99","170.25","170.69K","-1.72%"
"10/14/2025","174.00","170.90","174.99","168.00","460.02K","-0.68%"
"10/13/2025","175.20","166.00","176.47","166.00","1.09M","6.06%"
"10/12/2025","165.19","165.00","166.50","163.82","226.23K","-0.06%"
"10/09/2025","165.29","165.91","165.29","165.29","100.43K","0.00%"
"10/08/2025","165.29","166.06","166.99","163.66","100.43K","-0.37%"
"10/07/2025","165.91","161.01","168.25","161.01","593.96K","3.25%"
"10/06/2025","160.69","160.80","161.48","159.80","159.52K","0.43%"
"10/05/2025","160.00","157.90","160.84","157.50","296.83K","2.24%"
"10/02/2025","156.50","153.75","157.00","153.02","253.39K","2.29%"
"10/01/2025","153.00","152.51","155.75","151.99","352.86K","0.47%"
"09/30/2025","152.29","152.90","152.99","151.86","149.35K","0.07%"
"09/29/2025","152.19","152.74","153.25","151.00","125.93K","0.12%"
"09/28/2025","152.01","154.70","154.70","152.00","142.22K","-0.83%"
"09/25/2025","153.28","154.90","155.00","152.65","158.96K","-0.55%"
"09/24/2025","154.13","154.50","155.00","153.33","88.41K","0.36%"
"09/23/2025","153.58","155.85","156.10","153.10","115.53K","-1.46%"
"09/22/2025","155.85","158.12","159.67","155.21","62.01K","-1.44%"
"09/21/2025","158.12","159.01","159.80","157.01","126.57K","-1.11%"
"09/18/2025","159.90","160.10","162.00","159.00","236.28K","-0.04%"
"09/17/2025","159.97","156.00","159.99","156.00","216.73K","2.54%"
"09/16/2025","156.00","155.01","158.30","155.00","173.98K","1.17%"
"09/15/2025","154.20","155.30","156.96","154.20","123.17K","-0.52%"
"09/14/2025","155.00","157.00","158.00","154.60","114.38K","-1.11%"
"09/11/2025","156.74","153.03","157.00","153.00","150.76K","2.67%"
"09/10/2025","152.66","152.23","153.70","152.00","56.42K","0.28%"
"09/09/2025","152.23","156.88","156.90","151.26","243.06K","-2.17%"
"09/08/2025","155.60","158.99","159.58","155.60","132.24K","-1.52%"
"09/07/2025","158.00","159.89","162.90","155.51","273.39K","1.77%"
"09/03/2025","155.25","157.90","158.74","155.10","107.48K","-1.27%"
"09/02/2025","157.25","158.30","158.58","157.00","52.48K","-0.16%"
"09/01/2025","157.50","158.39","158.99","156.51","58.93K","0.32%"
"08/31/2025","157.00","160.00","160.40","157.00","77.53K","-1.63%"
"08/28/2025","159.60","158.87","159.90","158.09","45.74K","0.96%"
"08/27/2025","158.09","159.76","159.76","158.06","77.16K","-0.72%"
"08/26/2025","159.24","159.30","160.74","159.10","64.70K","0.09%"
"08/25/2025","159.10","160.31","161.00","158.55","99.84K","0.00%"
"08/24/2025","159.10","160.01","161.48","158.50","144.76K","0.03%"
"08/21/2025","159.05","160.00","161.00","159.05","61.43K","0.00%"
"08/20/2025","159.05","163.00","164.47","159.00","272.37K","-2.41%"
"08/19/2025","162.97","163.05","165.60","162.90","82.64K","0.14%"
"08/18/2025","162.74","165.50","165.65","162.21","60.42K","-0.77%"
"08/17/2025","164.00","163.77","164.90","162.19","62.52K","0.37%"
"08/14/2025","163.39","164.49","166.25","159.52","289.04K","-0.37%"
"08/13/2025","164.00","168.03","169.50","162.60","226.59K","-2.48%"
"08/12/2025","168.17","170.95","170.95","168.01","41.39K","-0.50%"
"08/11/2025","169.02","171.50","173.00","169.01","58.09K","-1.35%"
"08/10/2025","171.34","171.12","171.99","169.10","81.49K","1.38%"
"08/07/2025","169.00","168.30","169.90","167.60","47.23K","0.45%"
"08/06/2025","168.25","170.01","171.99","167.61","66.64K","-0.97%"
"08/05/2025","169.90","168.00","172.00","168.00","124.85K","1.43%"
"08/04/2025","167.50","165.51","167.99","165.51","63.11K","1.21%"
"08/03/2025","165.50","166.03","167.48","165.13","71.18K","-1.77%"
"07/31/2025","168.48","166.50","169.80","165.02","94.66K","1.48%"
"07/30/2025","166.02","169.65","169.89","166.02","87.10K","-1.54%"
"07/29/2025","168.61","170.03","172.95","167.00","78.70K","-0.82%"
"07/28/2025","170.00","175.00","176.00","170.00","83.78K","-2.86%"
"07/27/2025","175.00","173.02","175.00","173.02","70.14K","1.14%"
"07/23/2025","173.02","175.10","176.98","173.00","84.39K","-1.13%"
"07/22/2025","175.00","175.00","175.26","172.50","78.93K","-0.15%"
"07/21/2025","175.26","178.02","179.90","174.25","79.68K","-1.54%"
"07/20/2025","178.00","177.43","180.99","176.01","250.47K","0.56%"
"07/17/2025","177.00","175.85","178.95","175.85","163.13K","0.65%"
"07/16/2025","175.85","174.00","176.39","172.10","214.67K","1.24%"
"07/15/2025","173.69","166.73","173.98","166.73","228.40K","4.19%"
"07/14/2025","166.70","170.40","170.40","165.07","119.43K","-1.94%"
"07/13/2025","170.00","171.32","173.50","167.25","149.60K","-0.58%"
"07/10/2025","171.00","172.12","174.50","170.50","334.42K","-0.58%"
"07/09/2025","172.00","167.98","174.00","167.00","506.85K","3.01%"
"07/07/2025","166.98","163.80","168.75","163.50","659.60K","2.44%"
"07/06/2025","163.00","159.00","163.00","158.70","241.56K","3.10%"
"07/02/2025","158.10","159.00","159.60","157.80","88.91K","0.05%"
"07/01/2025","158.02","160.00","160.97","158.00","96.25K","-0.20%"
"06/30/2025","158.34","160.00","162.49","158.30","202.65K","-0.42%"
"06/29/2025","159.00","158.00","163.90","157.50","560.42K","1.27%"
"06/25/2025","157.00","161.00","161.87","156.00","405.87K","-1.94%"
"06/24/2025","160.11","160.80","162.40","159.50","313.45K","0.55%"
"06/23/2025","159.23","158.80","160.99","158.40","126.86K","0.55%"
"06/22/2025","158.36","152.52","160.00","151.07","90.39K","1.83%"
"06/19/2025","155.51","157.50","159.99","153.50","175.09K","-0.89%"
"06/18/2025","156.91","159.00","159.00","153.71","133.06K","-0.06%"
"06/17/2025","157.00","158.00","164.00","156.55","345.80K","-1.26%"
"06/16/2025","159.00","158.30","161.00","156.00","218.02K","1.24%"
"06/15/2025","157.05","159.03","159.77","150.01","217.69K","-6.27%"
"06/12/2025","167.55","165.65","170.00","164.00","455.49K","0.93%"
"06/11/2025","166.00","163.00","167.70","163.00","330.47K","1.88%"
"06/10/2025","162.94","161.99","163.50","160.10","86.98K","2.41%"
"06/04/2025","159.11","163.50","164.50","159.11","201.57K","-2.51%"
"06/03/2025","163.21","162.51","165.75","162.51","143.90K","0.75%"
"06/02/2025","162.00","158.70","164.40","157.60","339.27K","2.98%"
"06/01/2025","157.31","156.50","161.60","156.01","271.46K","0.84%"
"05/29/2025","156.00","154.61","156.00","153.71","92.25K","0.97%"
"05/28/2025","154.50","157.91","157.91","154.01","201.72K","-1.32%"
"05/27/2025","156.56","159.25","159.89","156.11","256.08K","-1.53%"
"05/26/2025","159.00","152.25","159.69","152.25","902.00K","4.95%"
"05/25/2025","151.50","152.49","152.50","150.00","741.73K","1.00%"
"05/22/2025","150.00","148.00","150.00","143.11","595.56K","1.35%"
"05/21/2025","148.00","150.20","151.50","148.00","131.92K","-1.33%"
"05/20/2025","150.00","151.01","153.00","150.00","217.91K","-0.62%"
"05/19/2025","150.94","154.45","154.69","150.05","402.62K","-2.25%"
"05/18/2025","154.41","158.26","158.99","154.00","219.58K","-1.76%"
"05/15/2025","157.17","158.18","159.50","156.56","132.62K","0.52%"
"05/14/2025","156.36","157.90","159.46","155.85","126.15K","-0.89%"
"05/13/2025","157.76","158.01","161.49","157.50","126.46K","-0.15%"
"05/12/2025","157.99","156.01","160.00","156.01","216.32K","1.37%"
"05/11/2025","155.85","161.50","162.90","155.51","275.71K","-3.20%"
"05/08/2025","161.00","165.00","165.90","160.80","163.72K","-2.05%"
"05/07/2025","164.37","167.11","168.00","164.00","151.68K","-1.93%"
"05/06/2025","167.60","169.05","170.28","167.00","313.93K","-0.39%"
"05/05/2025","168.26","174.00","174.00","168.05","226.49K","-3.42%"
"05/04/2025","174.21","172.01","174.60","172.00","116.07K","1.82%"
"04/30/2025","171.10","174.97","177.33","171.05","151.11K","-2.21%"
"04/29/2025","174.97","170.00","175.70","170.00","413.37K","3.50%"
"04/28/2025","169.05","170.77","171.89","168.51","97.00K","-0.93%"
"04/27/2025","170.63","168.90","172.00","167.50","278.36K","2.17%"
"04/23/2025","167.00","161.00","169.00","160.56","377.28K","4.04%"
"04/22/2025","160.51","159.01","161.44","158.13","119.98K","0.94%"
"04/17/2025","159.01","159.45","159.80","157.11","240.03K","-0.03%"
"04/16/2025","159.06","161.00","161.88","158.81","99.84K","-1.20%"
"04/15/2025","161.00","161.11","161.93","160.25","73.46K","0.47%"
"04/14/2025","160.25","160.10","164.00","159.80","293.30K","0.16%"
"04/13/2025","160.00","160.26","161.49","159.00","71.05K","0.00%"
"04/10/2025","160.00","164.60","164.60","160.00","173.80K","0.92%"
"04/09/2025","158.54","161.70","161.95","157.95","170.08K","-1.59%"
"04/08/2025","161.10","162.75","164.89","160.50","150.60K","0.66%"
"04/07/2025","160.05","162.00","162.70","156.50","355.01K","-1.63%"
"04/06/2025","162.70","167.06","169.80","162.00","269.11K","-5.13%"
"04/03/2025","171.50","174.00","174.50","171.00","142.35K","-1.72%"
"03/27/2025","174.50","172.12","175.70","170.00","249.76K","1.92%"
"03/26/2025","171.21","175.00","177.00","171.12","212.99K","-1.60%"
"03/25/2025","174.00","183.00","185.00","174.00","404.45K","-4.39%"
"03/24/2025","181.99","185.00","185.00","179.50","132.98K","-0.80%"
"03/23/2025","183.45","179.00","183.45","175.00","133.04K","2.69%"
"03/20/2025","178.65","186.51","189.50","178.50","281.64K","-3.95%"
"03/19/2025","186.00","191.00","195.00","185.01","218.44K","-1.59%"
"03/18/2025","189.01","175.00","189.87","174.75","569.60K","7.39%"
"03/17/2025","176.00","173.80","180.99","170.20","281.33K","1.68%"
"03/16/2025","173.09","175.00","184.00","172.25","271.84K","-0.52%"
"03/13/2025","174.00","165.00","174.99","165.00","467.33K","6.25%"
"03/12/2025","163.77","158.30","165.49","157.00","814.21K","3.32%"
"03/11/2025","158.50","159.06","160.00","155.60","236.19K","-0.53%"
"03/10/2025","159.34","160.10","161.10","158.64","206.02K","-0.47%"
"03/09/2025","160.10","161.75","162.99","158.10","196.58K","-0.56%"
"03/06/2025","161.00","161.15","164.00","160.75","466.40K","0.00%"
"03/05/2025","161.00","159.00","161.80","157.73","353.99K","1.26%"
"03/04/2025","159.00","157.10","161.00","155.12","399.42K","1.20%"
"03/03/2025","157.11","158.71","159.90","155.10","279.27K","-0.76%"
"03/02/2025","158.32","157.98","160.50","157.50","217.57K","0.22%"
"02/27/2025","157.98","157.80","161.00","156.50","661.52K","1.01%"
"02/26/2025","156.40","153.00","158.44","152.03","987.26K","2.89%"
"02/25/2025","152.00","151.20","155.50","150.80","403.99K","0.85%"
"02/24/2025","150.72","152.25","156.49","150.50","557.76K","-0.84%"
"02/23/2025","152.00","147.97","156.00","147.50","1.34M","3.35%"
"02/20/2025","147.08","139.90","148.90","139.40","975.26K","5.51%"
"02/19/2025","139.40","143.00","143.70","139.40","192.94K","-2.13%"
"02/18/2025","142.43","146.00","147.00","142.33","295.93K","-2.09%"
"02/17/2025","145.47","148.99","149.00","145.25","111.51K","-1.28%"
"02/16/2025","147.35","143.00","150.79","143.00","251.68K","3.08%"
"02/13/2025","142.95","145.00","147.75","142.70","221.12K","-1.14%"
"02/12/2025","144.60","144.10","145.98","141.00","152.54K","0.42%"
"02/11/2025","144.00","146.85","149.85","140.10","538.63K","-1.81%"
"02/10/2025","146.65","155.00","156.49","146.65","359.61K","-4.91%"
"02/09/2025","154.22","157.00","160.00","154.22","143.56K","1.07%"
"02/06/2025","152.58","153.10","155.00","152.00","74.32K","-0.27%"
"02/05/2025","153.00","153.99","155.89","151.82","176.26K","-0.65%"
"02/04/2025","154.00","158.70","161.00","153.20","170.57K","-2.54%"
"02/03/2025","158.02","158.01","164.50","157.50","394.65K","0.28%"
"02/02/2025","157.58","153.00","159.20","150.50","202.91K","3.06%"
"01/30/2025","152.90","155.19","157.50","148.00","267.30K","-1.52%"
"01/29/2025","155.26","157.50","158.49","154.00","126.48K","-1.27%"
"01/28/2025","157.25","160.16","162.00","156.50","336.34K","-1.78%"
"01/27/2025","160.10","166.65","168.35","159.50","488.38K","-3.06%"
"01/26/2025","165.15","157.00","165.15","154.01","588.28K","5.51%"
"01/23/2025","156.53","159.99","162.00","155.40","451.79K","-1.59%"
"01/22/2025","159.06","159.06","163.00","158.27","389.16K","0.00%"
"01/21/2025","159.06","149.00","161.90","147.02","1.16M","6.76%"
"01/20/2025","148.99","155.99","157.99","148.01","657.24K","-3.91%"
"01/19/2025","155.05","150.98","158.00","149.50","885.25K","3.85%"
"01/16/2025","149.30","146.90","152.90","141.06","1.36M","3.04%"
"01/15/2025","144.90","126.10","147.01","126.10","1.74M","15.04%"
"01/14/2025","125.96","122.00","126.70","121.01","524.49K","3.25%"
"01/13/2025","122.00","121.78","126.85","121.30","490.79K","0.18%"
"01/12/2025","121.78","121.88","123.48","117.20","328.83K","-0.24%"
"01/09/2025","122.07","120.27","124.48","120.27","472.71K","1.72%"
"01/08/2025","120.01","116.99","120.96","116.05","335.43K","2.57%"
"01/06/2025","117.00","117.80","117.89","116.25","74.74K","-0.65%"
"01/05/2025","117.76","117.02","118.20","117.02","51.13K","0.65%"
"01/02/2025","117.00","115.50","117.44","115.46","90.24K","1.33%"
"12/31/2024","115.46","114.50","115.89","113.21","119.67K","1.09%"
"12/30/2024","114.22","116.25","116.65","114.02","157.14K","-1.59%"
"12/29/2024","116.06","116.60","117.49","115.62","64.30K","-0.42%"
"12/26/2024","116.55","116.48","117.00","115.39","80.84K","0.67%"
"12/25/2024","115.77","115.98","116.80","115.10","59.65K","0.67%"
"12/24/2024","115.00","117.30","117.74","114.60","197.00K","-2.01%"
"12/23/2024","117.36","116.50","118.49","115.50","287.30K","0.74%"
"12/22/2024","116.50","116.15","117.00","115.00","40.58K","0.42%"
"12/19/2024","116.01","115.00","116.60","113.01","177.45K","0.80%"
"12/18/2024","115.09","116.60","117.00","115.00","70.80K","-1.30%"
"12/17/2024","116.60","118.79","118.90","116.50","78.17K","-1.84%"
"12/16/2024","118.78","119.26","119.48","117.31","179.37K","-0.39%"
"12/15/2024","119.24","116.78","119.50","115.50","277.71K","2.47%"
"12/12/2024","116.37","115.40","117.00","115.25","77.99K","0.88%"
"12/11/2024","115.36","117.05","117.48","115.25","49.48K","-1.48%"
"12/10/2024","117.09","116.00","117.50","114.25","137.40K","0.94%"
"12/09/2024","116.00","119.25","119.43","115.55","131.76K","-2.67%"
"12/08/2024","119.18","118.00","119.40","118.00","289.40K","1.33%"
"12/05/2024","117.62","117.02","118.35","117.02","231.51K","0.74%"
"12/04/2024","116.76","112.50","118.77","112.40","914.90K","3.87%"
"12/03/2024","112.41","112.00","112.70","111.93","203.57K","0.37%"
"12/02/2024","112.00","112.00","113.80","111.50","170.31K","0.00%"
"12/01/2024","112.00","112.00","114.00","111.20","249.83K","0.40%"
"11/28/2024","111.55","112.75","113.35","111.00","193.34K","-1.02%"
"11/27/2024","112.70","111.83","114.80","111.11","454.59K","0.92%"
"11/26/2024","111.67","107.69","111.69","107.59","400.39K","3.79%"
"11/25/2024","107.59","106.50","107.60","106.24","184.12K","1.11%"
"11/24/2024","106.41","107.80","107.80","106.01","104.06K","-0.43%"
"11/21/2024","106.87","107.35","108.99","106.82","222.16K","-0.12%"
"11/20/2024","107.00","106.89","108.75","106.40","162.95K","0.10%"
"11/19/2024","106.89","105.50","106.98","104.31","266.76K","-5.41%"
"11/18/2024","113.00","113.70","114.25","112.05","309.48K","-0.53%"
"11/17/2024","113.60","115.50","115.50","113.02","184.64K","-1.17%"
"11/14/2024","114.95","112.98","115.69","112.75","577.62K","1.94%"
"11/13/2024","112.76","112.30","113.01","111.52","158.78K","1.40%"
"11/12/2024","111.20","112.20","112.60","110.90","173.77K","-0.71%"
"11/11/2024","112.00","114.16","114.69","111.66","213.27K","-1.37%"
"11/10/2024","113.55","111.98","114.90","111.80","298.42K","1.84%"
"11/07/2024","111.50","111.84","112.00","111.22","98.17K","0.15%"
"11/06/2024","111.33","112.60","113.30","110.13","319.83K","-0.85%"
"11/05/2024","112.29","112.00","113.75","111.63","137.88K","1.01%"
"11/04/2024","111.17","112.09","112.09","111.01","69.68K","-0.59%"
"11/03/2024","111.83","111.55","112.17","111.50","91.92K","0.66%"
"10/31/2024","111.10","110.80","111.60","110.41","105.57K","0.53%"
"10/30/2024","110.51","111.10","111.80","110.40","71.51K","-0.80%"
"10/29/2024","111.40","111.98","111.98","110.02","167.31K","0.07%"
"10/28/2024","111.32","112.44","112.78","111.00","140.49K","-0.62%"
"10/27/2024","112.01","110.99","113.60","110.99","251.47K","1.22%"
"10/24/2024","110.66","113.01","113.45","110.11","308.38K","-1.21%"
"10/23/2024","112.01","113.10","113.63","112.00","457.04K","-0.88%"
"10/22/2024","113.00","122.54","122.54","112.75","1.19M","-5.91%"
"10/21/2024","120.10","121.97","122.00","119.05","333.89K","0.08%"
"10/20/2024","120.00","116.98","122.00","115.56","654.62K","2.84%"
"10/17/2024","116.69","113.50","117.10","112.11","217.79K","3.17%"
"10/16/2024","113.10","114.00","114.00","112.25","137.73K","-0.10%"
"10/15/2024","113.21","113.94","115.40","112.99","223.48K","0.19%"
"10/14/2024","113.00","114.59","116.00","109.99","337.39K","-1.34%"
"10/13/2024","114.53","116.30","116.70","114.00","204.34K","-0.87%"
"10/10/2024","115.54","118.18","119.68","113.91","430.52K","-2.08%"
"10/09/2024","118.00","119.00","119.94","117.50","177.12K","-0.05%"
"10/08/2024","118.06","119.80","120.80","115.00","363.71K","-1.31%"
"10/07/2024","119.63","120.09","123.48","119.50","327.51K","0.51%"
"10/03/2024","119.02","119.00","119.59","117.96","171.38K","0.78%"
"10/02/2024","118.10","118.80","121.50","117.06","420.39K","-0.92%"
"10/01/2024","119.20","122.25","122.25","119.00","584.03K","-2.30%"
"09/30/2024","122.00","125.00","126.40","121.50","586.45K","-2.39%"
"09/29/2024","124.99","118.68","124.99","117.30","1.32M","6.60%"
"09/26/2024","117.25","116.36","118.48","116.02","317.01K","0.90%"
"09/25/2024","116.20","116.00","116.94","114.51","190.01K","0.12%"
"09/24/2024","116.06","116.47","117.45","115.08","155.46K","-0.16%"
"09/23/2024","116.25","115.50","116.46","114.10","209.95K","0.73%"
"09/22/2024","115.41","117.36","117.90","115.15","381.15K","-0.59%"
"09/19/2024","116.10","112.02","117.48","112.00","691.69K","3.85%"
"09/18/2024","111.80","112.03","113.00","110.90","345.58K","0.72%"
"09/17/2024","111.00","111.50","111.96","109.50","151.07K","0.14%"
"09/16/2024","110.84","116.00","116.00","110.40","265.10K","-1.03%"
"09/12/2024","111.99","111.00","113.75","111.00","172.59K","1.05%"
"09/11/2024","110.83","112.55","112.55","110.11","305.15K","-1.23%"
"09/10/2024","112.21","114.11","114.96","111.06","187.71K","-1.52%"
"09/09/2024","113.94","114.40","115.40","113.20","200.91K","-0.25%"
"09/08/2024","114.23","117.00","117.99","113.60","376.17K","-2.55%"
"09/05/2024","117.22","115.25","119.68","115.25","913.82K","1.95%"
"09/04/2024","114.98","113.25","115.00","112.00","554.83K","1.30%"
"09/03/2024","113.50","110.15","114.09","110.01","566.96K","3.17%"
"09/02/2024","110.01","109.40","110.50","108.25","177.95K","0.63%"
"09/01/2024","109.32","110.42","111.43","109.00","187.82K","-1.00%"
"08/29/2024","110.42","112.00","112.67","109.85","239.50K","-0.43%"
"08/28/2024","110.90","111.26","112.70","109.51","483.97K","0.11%"
"08/27/2024","110.78","107.00","112.45","106.40","828.29K","4.49%"
"08/26/2024","106.02","106.52","108.70","105.53","357.06K","-0.09%"
"08/25/2024","106.12","110.00","110.01","106.06","440.37K","-2.73%"
"08/22/2024","109.10","112.20","112.55","108.00","570.30K","-2.61%"
"08/21/2024","112.02","113.99","114.00","112.01","393.87K","-1.10%"
"08/20/2024","113.27","114.10","114.98","113.14","350.22K","-1.07%"
"08/19/2024","114.50","116.00","116.50","113.73","596.92K","-0.53%"
"08/18/2024","115.11","114.19","116.89","113.65","512.30K","1.87%"
"08/15/2024","113.00","112.11","114.73","112.01","404.52K","1.14%"
"08/14/2024","111.73","112.12","113.25","111.51","343.56K","1.07%"
"08/13/2024","110.55","112.01","113.99","110.52","310.44K","-1.12%"
"08/12/2024","111.80","113.02","115.50","110.50","811.95K","-0.40%"
"08/11/2024","112.25","111.00","113.80","111.00","545.38K","2.03%"
"08/08/2024","110.02","108.99","111.99","106.10","965.74K","1.02%"
"08/07/2024","108.91","104.99","108.96","103.11","532.36K","4.53%"
"08/06/2024","104.19","102.60","105.19","101.02","284.16K","1.99%"
"08/05/2024","102.16","105.01","105.01","98.00","655.48K","-3.62%"
"08/04/2024","106.00","106.20","109.40","105.25","452.22K","-4.03%"
"08/01/2024","110.45","114.05","116.00","110.10","970.24K","-2.26%"
"07/31/2024","113.00","109.00","113.00","108.60","1.64M","5.71%"
"07/30/2024","106.90","105.38","107.90","104.71","761.99K","2.79%"
"07/29/2024","104.00","104.10","106.75","103.50","486.67K","0.48%"
"07/28/2024","103.50","102.50","105.90","102.30","270.01K","0.58%"
"07/24/2024","102.90","104.05","104.45","102.10","208.80K","-0.15%"
"07/23/2024","103.05","104.50","104.86","102.03","192.91K","-0.82%"
"07/22/2024","103.90","105.00","106.99","103.76","270.68K","-1.03%"
"07/21/2024","104.98","104.60","105.90","103.60","217.68K","0.93%"
"07/18/2024","104.01","105.60","106.99","103.50","308.30K","-0.82%"
"07/17/2024","104.87","101.00","105.70","99.10","312.33K","4.14%"
"07/16/2024","100.70","103.10","103.83","100.12","282.83K","-2.23%"
"07/15/2024","103.00","104.90","105.99","102.80","209.82K","-0.96%"
"07/14/2024","104.00","107.50","109.00","104.00","559.78K","-1.70%"
"07/10/2024","105.80","103.10","107.99","103.10","555.85K","3.02%"
"07/09/2024","102.70","105.00","105.80","102.50","253.99K","-2.21%"
"07/08/2024","105.02","105.35","109.00","102.50","1.09M","0.95%"
"07/07/2024","104.03","95.79","104.50","94.00","1.09M","9.33%"
"07/04/2024","95.15","96.00","96.50","94.51","135.00K","-0.72%"
"07/03/2024","95.84","96.40","97.49","95.40","312.53K","-0.68%"
"07/02/2024","96.50","98.00","98.20","95.01","206.21K","-1.04%"
"07/01/2024","97.51","97.14","98.96","97.00","200.51K","0.53%"
"06/27/2024","97.00","98.00","98.50","97.00","181.35K","-0.97%"
"06/26/2024","97.95","97.88","99.90","97.10","412.29K","0.93%"
"06/25/2024","97.05","96.97","97.87","95.11","328.05K","0.77%"
"06/24/2024","96.31","93.39","98.69","92.57","896.98K","3.89%"
"06/23/2024","92.70","92.50","93.40","91.80","309.88K","1.48%"
"06/13/2024","91.35","88.00","91.75","88.00","252.31K","3.51%"
"06/12/2024","88.25","88.52","89.80","87.20","115.10K","-0.26%"
"06/11/2024","88.48","90.00","91.90","88.00","185.41K","-1.27%"
"06/10/2024","89.62","84.00","93.00","82.11","238.35K","6.63%"
"06/09/2024","84.05","88.25","89.00","84.01","187.24K","-4.53%"
"06/06/2024","88.04","88.51","89.70","87.51","87.11K","-0.23%"
"06/05/2024","88.24","91.50","91.50","85.10","298.47K","-3.42%"
"06/04/2024","91.36","91.30","92.90","91.24","146.74K","0.07%"
"06/03/2024","91.30","93.05","93.60","90.90","135.16K","-1.82%"
"06/02/2024","92.99","93.35","94.98","92.26","154.29K","0.19%"
"05/30/2024","92.81","92.00","96.00","92.00","388.03K","0.94%"
"05/29/2024","91.95","93.25","94.10","91.95","204.31K","-1.32%"
"05/28/2024","93.18","92.75","93.62","90.00","281.87K","0.38%"
"05/27/2024","92.83","95.50","95.95","92.50","343.40K","-2.53%"
"05/26/2024","95.24","96.13","96.39","94.50","234.79K","0.36%"
"05/23/2024","94.90","99.00","99.00","93.71","285.52K","1.17%"
"05/22/2024","93.80","94.10","97.00","92.51","603.55K","0.32%"
"05/21/2024","93.50","95.60","99.39","93.00","787.80K","-2.09%"
"05/20/2024","95.50","90.00","101.00","89.26","1.70M","6.74%"
"05/19/2024","89.47","84.50","89.90","84.48","659.12K","7.59%"
"05/16/2024","83.16","79.50","83.16","79.31","485.04K","5.27%"
"05/15/2024","79.00","81.30","81.90","79.00","288.02K","-2.84%"
"05/14/2024","81.31","84.01","84.90","80.15","414.59K","-3.20%"
"05/13/2024","84.00","85.00","86.03","80.00","366.52K","-1.06%"
"05/12/2024","84.90","89.22","90.85","84.10","233.25K","-3.30%"
"05/09/2024","87.80","87.35","89.95","86.70","304.45K","2.02%"
"05/08/2024","86.06","90.89","91.97","86.00","247.07K","-4.72%"
"05/07/2024","90.32","90.00","91.89","86.07","351.35K","0.36%"
"05/02/2024","90.00","89.50","90.65","87.20","415.51K","1.57%"
"05/01/2024","88.61","85.00","89.60","83.00","400.39K","5.49%"
"04/30/2024","84.00","93.38","95.98","83.00","487.92K","-9.68%"
"04/29/2024","93.00","89.90","93.89","88.83","422.34K","3.45%"
"04/28/2024","89.90","95.99","96.50","89.90","391.41K","-5.49%"
"04/24/2024","95.12","99.00","99.40","92.01","523.99K","-3.92%"
"04/23/2024","99.00","104.11","104.90","98.77","458.83K","-4.91%"
"04/22/2024","104.11","108.03","109.97","101.00","384.48K","-3.63%"
"04/21/2024","108.03","104.04","111.00","106.00","571.21K","3.84%"
"04/18/2024","104.04","111.03","114.59","98.00","1.15M","-6.30%"
"04/17/2024","111.03","111.08","114.80","110.59","639.52K","-0.05%"
"04/16/2024","111.08","114.00","114.99","110.10","584.28K","-2.56%"
"04/15/2024","114.00","108.00","117.95","113.01","1.82M","5.56%"
"04/08/2024","108.00","109.09","110.80","106.00","973.01K","-1.00%"
"04/07/2024","109.09","93.00","109.70","93.51","1.93M","17.30%"
"04/04/2024","93.00","92.30","94.50","92.50","217.10K","0.76%"
"04/03/2024","92.30","92.26","93.97","90.60","198.17K","0.04%"
"04/02/2024","92.26","94.11","96.90","92.02","393.20K","-1.97%"
"04/01/2024","94.11","91.03","94.48","91.60","279.00K","3.38%"
"03/31/2024","91.03","93.36","95.00","90.01","345.93K","-2.50%"
"03/28/2024","93.36","96.00","97.00","92.10","299.02K","-2.75%"
"03/27/2024","96.00","94.50","99.00","93.55","668.86K","1.59%"
"03/26/2024","94.50","92.00","97.80","92.25","776.83K","2.72%"
"03/25/2024","92.00","90.98","92.70","90.11","313.34K","1.12%"
"03/24/2024","90.98","89.00","92.88","89.89","494.41K","2.22%"
"03/21/2024","89.00","83.99","89.90","84.15","651.31K","5.96%"
"03/20/2024","83.99","78.16","86.70","80.00","712.65K","7.46%"
"03/19/2024","78.16","77.11","78.50","72.55","363.08K","1.36%"
"03/18/2024","77.11","88.15","88.99","77.00","572.79K","-12.52%"
"03/17/2024","88.15","91.42","93.00","88.11","286.44K","-3.58%"
"03/14/2024","91.42","92.44","93.44","86.01","357.71K","-1.10%"
"03/13/2024","92.44","96.80","99.49","88.00","432.96K","-4.50%"
"03/12/2024","96.80","101.71","102.50","96.01","391.86K","-4.83%"
"03/11/2024","101.71","104.00","105.70","101.50","313.81K","-2.20%"
"03/10/2024","104.00","104.50","107.30","104.00","408.87K","-0.48%"
"03/07/2024","104.50","101.98","107.99","101.01","483.34K","2.47%"
"03/06/2024","101.98","106.30","116.99","101.98","1.36M","-4.06%"
"03/05/2024","106.30","107.79","111.97","105.20","1.05M","-1.38%"
"03/04/2024","107.79","107.30","108.68","104.70","411.28K","0.46%"
"03/03/2024","107.30","107.99","112.80","105.52","677.45K","-0.64%"
"02/29/2024","107.99","105.00","111.00","104.10","1.00M","2.85%"
"02/28/2024","105.00","102.99","110.90","101.50","966.27K","1.95%"
"02/27/2024","102.99","104.00","108.80","99.50","656.77K","-0.97%"
"02/26/2024","104.00","104.11","109.99","102.00","781.54K","-0.11%"
"02/25/2024","104.11","123.55","120.00","104.00","1.50M","-15.73%"
"02/22/2024","123.55","118.69","130.00","117.62","2.87M","4.09%"
"02/21/2024","118.69","117.98","125.00","117.80","597.92K","0.60%"
"02/20/2024","117.98","119.06","120.50","117.55","534.92K","-0.91%"
"02/19/2024","119.06","119.92","122.40","118.60","710.95K","-0.72%"
"02/18/2024","119.92","122.70","124.11","119.02","653.66K","-2.27%"
"02/15/2024","122.70","120.50","125.48","120.70","1.17M","1.83%"
"02/14/2024","120.50","118.42","124.00","119.10","995.69K","1.76%"
"02/13/2024","118.42","121.12","123.00","117.80","874.13K","-2.23%"
"02/12/2024","121.12","123.70","126.69","120.14","1.60M","-2.09%"
"02/11/2024","123.70","115.80","125.80","117.00","2.63M","6.82%"
"02/08/2024","115.80","118.05","121.35","114.00","1.13M","-1.91%"
"02/07/2024","118.05","122.01","126.50","118.05","1.23M","-3.25%"
"02/06/2024","122.01","123.99","130.90","118.01","1.91M","-1.60%"
"02/05/2024","123.99","129.70","136.00","123.53","2.26M","-4.40%"
"02/04/2024","129.70","114.50","134.00","108.01","3.48M","13.28%"
"02/01/2024","114.50","102.20","114.97","92.00","2.20M","12.04%"
"01/31/2024","102.20","117.99","118.88","95.00","1.76M","-12.39%"
"01/30/2024","116.65","115.10","120.86","115.10","1.40M","1.48%"
"01/29/2024","114.95","119.00","119.89","112.01","1.45M","-1.75%"
"01/28/2024","117.00","104.10","117.90","103.49","3.39M","15.91%"
"01/24/2024","100.94","106.10","107.75","99.16","1.13M","-1.06%"
"01/23/2024","102.02","100.00","108.15","97.00","2.79M","3.55%"
"01/22/2024","98.52","105.00","107.99","98.50","1.79M","-5.54%"
"01/21/2024","104.30","94.01","109.95","93.01","2.86M","12.63%"
"01/18/2024","92.60","81.50","94.89","80.32","4.15M","15.03%"
"01/17/2024","80.50","85.25","86.90","79.11","2.84M","-4.39%"
"01/16/2024","84.20","72.30","84.20","72.18","3.50M","19.99%"
"01/15/2024","70.17","67.50","70.50","66.75","927.02K","4.78%"
"01/14/2024","66.97","66.00","67.77","66.00","677.99K","3.03%"
"01/11/2024","65.00","63.50","65.90","63.15","689.04K","2.73%"
"01/10/2024","63.27","63.50","63.99","63.01","190.85K","-0.14%"
"01/09/2024","63.36","63.95","63.95","63.00","183.59K","0.24%"
"01/08/2024","63.21","64.99","64.99","62.90","175.31K","-1.39%"
"01/04/2024","64.10","65.25","65.65","63.90","262.32K","-1.70%"
"01/03/2024","65.21","66.60","66.80","65.00","271.45K","-1.39%"
"01/02/2024","66.13","65.25","66.32","65.01","150.06K","1.96%"
"12/31/2023","64.86","65.37","66.09","64.40","112.27K","0.71%"
"12/28/2023","64.40","62.72","66.00","62.71","251.40K","2.79%"
"12/27/2023","62.65","62.40","64.70","62.00","238.51K","1.41%"
"12/26/2023","61.78","62.00","62.85","61.50","81.42K","0.16%"
"12/25/2023","61.68","63.20","63.20","60.60","86.45K","-0.52%"
"12/24/2023","62.00","63.51","64.90","61.80","119.96K","-1.59%"
"12/21/2023","63.00","64.00","64.90","62.92","108.65K","-1.44%"
"12/20/2023","63.92","65.00","65.75","63.50","139.15K","-0.96%"
"12/19/2023","64.54","67.00","67.20","64.00","178.75K","-2.79%"
"12/18/2023","66.39","67.00","68.75","66.05","318.81K","0.59%"
"12/17/2023","66.00","64.00","67.25","64.00","354.65K","4.81%"
"12/14/2023","62.97","62.15","64.25","62.15","137.05K","1.88%"
"12/13/2023","61.81","60.20","62.25","60.00","231.98K","3.15%"
"12/12/2023","59.92","60.00","61.50","59.40","164.22K","0.55%"
"12/11/2023","59.59","62.84","63.00","59.45","261.06K","-4.73%"
"12/10/2023","62.55","63.89","65.15","62.50","218.25K","-0.59%"
"12/07/2023","62.92","65.00","65.75","61.51","213.32K","-3.13%"
"12/06/2023","64.95","66.30","67.35","64.00","573.33K","-0.84%"
"12/05/2023","65.50","67.70","67.70","64.90","202.85K","-2.05%"
"12/04/2023","66.87","67.00","67.74","66.80","168.54K","0.16%"
"12/03/2023","66.76","68.89","68.94","66.00","209.16K","-0.76%"
"11/30/2023","67.27","65.00","67.90","65.00","209.38K","3.32%"
"11/29/2023","65.11","68.01","68.44","65.00","182.14K","-3.54%"
"11/28/2023","67.50","69.05","69.50","67.50","193.85K","-2.00%"
"11/27/2023","68.88","68.68","70.65","68.50","231.30K","1.43%"
"11/26/2023","67.91","68.99","69.40","67.67","225.61K","-1.19%"
"11/23/2023","68.73","71.10","71.25","68.50","332.75K","-3.10%"
"11/22/2023","70.93","70.93","71.75","70.60","258.14K","0.47%"
"11/21/2023","70.60","71.45","72.45","70.25","364.87K","-8.08%"
"11/20/2023","76.81","78.00","79.49","75.80","773.56K","-0.35%"
"11/19/2023","77.08","75.52","77.49","75.50","293.42K","2.46%"
"11/16/2023","75.23","76.10","76.30","74.80","253.44K","-0.49%"
"11/15/2023","75.60","75.01","77.50","75.00","301.27K","1.07%"
"11/14/2023","74.80","75.97","76.69","74.69","174.76K","-0.76%"
"11/13/2023","75.37","74.99","76.76","74.60","208.92K","1.13%"
"11/12/2023","74.53","77.49","77.49","74.01","424.29K","-1.96%"
"11/09/2023","76.02","78.99","79.99","75.50","386.65K","-2.16%"
"11/08/2023","77.70","72.72","79.00","72.64","796.43K","7.02%"
"11/07/2023","72.60","76.01","76.01","71.90","406.74K","5.14%"
"11/06/2023","69.05","70.00","72.99","68.80","573.58K","0.80%"
"11/05/2023","68.50","68.01","70.25","68.01","198.91K","1.54%"
"11/02/2023","67.46","68.00","69.30","67.01","292.86K","2.49%"
"11/01/2023","65.82","67.10","68.60","64.27","476.39K","-1.76%"
"10/31/2023","67.00","72.00","74.50","67.00","554.64K","-6.37%"
"10/30/2023","71.56","71.01","73.97","69.15","939.00K","1.59%"
"10/29/2023","70.44","68.10","71.49","68.04","548.71K","4.98%"
"10/26/2023","67.10","69.70","70.00","64.50","667.21K","-1.03%"
"10/25/2023","67.80","64.51","71.97","64.50","1.23M","7.19%"
"10/24/2023","63.25","55.32","63.98","55.32","1.40M","17.15%"
"10/23/2023","53.99","46.48","54.49","46.48","1.76M","17.29%"
"10/22/2023","46.03","43.60","46.24","43.60","226.05K","6.40%"
"10/19/2023","43.26","45.01","45.50","43.20","317.83K","-3.78%"
"10/18/2023","44.96","46.49","46.98","44.85","393.39K","-2.26%"
"10/17/2023","46.00","46.12","47.60","45.07","684.26K","0.04%"
"10/16/2023","45.98","44.40","46.22","44.25","300.30K","4.22%"
"10/15/2023","44.12","43.60","45.00","43.60","74.24K","1.38%"
"10/12/2023","43.52","41.81","43.98","41.69","93.29K","4.39%"
"10/11/2023","41.69","41.50","43.00","41.35","110.98K","0.90%"
"10/10/2023","41.32","41.23","41.86","41.00","82.33K","0.24%"
"10/09/2023","41.22","42.01","42.94","41.00","78.34K","-2.94%"
"10/08/2023","42.47","44.00","44.00","39.00","194.49K","-3.52%"
"10/04/2023","44.02","45.00","45.00","43.90","30.39K","0.09%"
"10/03/2023","43.98","45.00","45.39","43.62","96.60K","-2.29%"
"10/02/2023","45.01","46.40","46.40","44.42","96.03K","-2.39%"
"10/01/2023","46.11","45.80","46.30","44.72","92.97K","2.47%"
"09/27/2023","45.00","45.90","46.00","44.78","156.24K","-1.77%"
"09/26/2023","45.81","46.98","46.99","45.80","124.47K","-1.76%"
"09/25/2023","46.63","46.19","46.96","45.80","143.44K","1.63%"
"09/24/2023","45.88","46.90","47.57","45.80","292.68K","0.15%"
"09/21/2023","45.81","46.99","46.99","45.81","104.03K","-1.48%"
"09/20/2023","46.50","47.10","47.40","46.06","144.81K","-1.38%"
"09/19/2023","47.15","47.42","47.50","46.81","32.64K","0.23%"
"09/18/2023","47.04","46.83","47.50","46.83","52.35K","-0.08%"
"09/17/2023","47.08","47.05","47.24","46.54","27.16K","0.71%"
"09/14/2023","46.75","46.98","47.47","46.51","13.98K","0.21%"
"09/13/2023","46.65","46.86","47.00","46.06","27.17K","0.39%"
"09/12/2023","46.47","46.15","46.80","46.15","50.03K","0.69%"
"09/11/2023","46.15","47.90","47.90","46.11","74.77K","-2.72%"
"09/10/2023","47.44","47.80","48.00","47.20","39.04K","-0.42%"
"09/07/2023","47.64","47.80","47.97","46.80","43.42K","1.43%"
"09/06/2023","46.97","48.45","48.50","46.56","121.25K","-3.11%"
"09/05/2023","48.48","47.79","48.50","47.20","232.22K","2.97%"
"09/04/2023","47.08","45.60","48.00","45.60","334.65K","3.25%"
"09/03/2023","45.60","46.30","46.59","45.50","85.64K","-0.87%"
"08/31/2023","46.00","46.50","46.99","46.00","58.91K","-1.25%"
"08/30/2023","46.58","47.00","47.25","46.46","78.72K","-0.85%"
"08/29/2023","46.98","46.13","47.10","46.13","233.05K","2.06%"
"08/28/2023","46.03","45.87","46.59","45.40","519.00K","0.48%"
"08/27/2023","45.81","45.44","46.00","45.30","36.83K","0.81%"
"08/24/2023","45.44","45.61","45.90","45.15","96.02K","-0.37%"
"08/23/2023","45.61","46.01","46.01","45.50","91.89K","-0.85%"
"08/22/2023","46.00","45.30","46.20","44.86","252.75K","2.22%"
"08/21/2023","45.00","45.00","45.51","45.00","80.28K","-0.38%"
"08/20/2023","45.17","45.50","45.65","45.10","62.20K","-0.18%"
"08/17/2023","45.25","44.75","45.59","44.75","166.17K","0.65%"
"08/16/2023","44.96","44.60","45.30","44.14","294.22K","1.77%"
"08/15/2023","44.18","44.90","44.90","44.00","66.83K","-0.81%"
"08/14/2023","44.54","44.00","45.44","43.99","268.35K","1.39%"
"08/13/2023","43.93","44.08","44.20","43.54","43.73K","0.07%"
"08/10/2023","43.90","43.37","44.00","43.36","33.27K","1.15%"
"08/09/2023","43.40","43.90","44.25","43.25","108.56K","-1.52%"
"08/08/2023","44.07","44.20","44.70","43.90","63.32K","-0.45%"
"08/07/2023","44.27","44.10","44.85","44.10","85.52K","0.25%"
"08/06/2023","44.16","43.80","44.50","43.60","67.88K","0.73%"
"08/03/2023","43.84","43.05","44.74","43.00","142.04K","1.60%"
"08/02/2023","43.15","43.93","43.99","43.00","38.51K","-0.58%"
"08/01/2023","43.40","43.01","44.09","43.01","83.66K","0.58%"
"07/31/2023","43.15","43.31","43.69","43.04","17.66K","-0.16%"
"07/30/2023","43.22","43.80","43.80","43.00","79.99K","0.26%"
"07/27/2023","43.11","43.01","43.76","43.01","16.15K","-0.87%"
"07/26/2023","43.49","42.30","43.50","42.00","135.41K","2.96%"
"07/25/2023","42.24","42.72","43.28","41.50","24.77K","-1.08%"
"07/24/2023","42.70","43.46","43.69","42.66","34.02K","-1.39%"
"07/19/2023","43.30","42.94","43.60","42.51","145.46K","1.83%"
"07/18/2023","42.52","42.00","42.95","42.00","37.28K","1.43%"
"07/17/2023","41.92","42.41","42.74","41.52","59.82K","-0.57%"
"07/16/2023","42.16","42.72","43.10","42.10","82.86K","-0.40%"
"07/13/2023","42.33","41.28","42.88","41.01","177.00K","2.47%"
"07/12/2023","41.31","41.35","41.48","40.75","31.21K","0.71%"
"07/11/2023","41.02","42.50","42.50","40.05","89.06K","-2.31%"
"07/10/2023","41.99","39.01","42.00","37.77","156.72K","7.67%"
"07/09/2023","39.00","41.70","41.70","38.00","229.23K","-6.47%"
"07/06/2023","41.70","42.10","42.75","41.50","72.40K","-0.88%"
"07/05/2023","42.07","42.50","42.50","42.03","38.14K","-0.07%"
"07/04/2023","42.10","42.80","42.90","42.01","41.70K","-1.57%"
"06/26/2023","42.77","42.60","43.25","42.50","39.43K","0.47%"
"06/25/2023","42.57","43.39","43.39","42.10","94.88K","-1.00%"
"06/22/2023","43.00","43.37","43.37","42.80","55.41K","0.05%"
"06/21/2023","42.98","44.41","44.69","42.73","79.80K","-2.63%"
"06/20/2023","44.14","43.60","44.89","43.50","261.41K","1.24%"
"06/19/2023","43.60","43.20","45.00","43.01","226.21K","1.16%"
"06/18/2023","43.10","43.01","43.50","43.00","40.24K","0.23%"
"06/15/2023","43.00","43.00","43.46","42.20","105.31K","-0.94%"
"06/14/2023","43.41","43.11","43.84","43.11","38.93K","0.25%"
"06/13/2023","43.30","43.60","43.99","43.10","64.20K","-1.14%"
"06/12/2023","43.80","43.50","44.00","43.42","42.83K","0.88%"
"06/11/2023","43.42","42.40","43.69","42.40","59.58K","3.38%"
"06/08/2023","42.00","41.97","42.20","41.07","68.80K","1.28%"
"06/07/2023","41.47","42.45","42.55","41.41","58.62K","-2.35%"
"06/06/2023","42.47","42.50","42.82","42.41","61.28K","-0.07%"
"06/05/2023","42.50","43.45","43.45","42.20","106.53K","-1.39%"
"06/04/2023","43.10","43.50","43.96","43.05","94.87K","-0.92%"
"06/01/2023","43.50","43.70","44.19","43.46","93.11K","-0.32%"
"05/31/2023","43.64","44.01","44.89","43.62","162.02K","-0.68%"
"05/30/2023","43.94","43.10","43.98","43.10","162.52K","2.04%"
"05/29/2023","43.06","43.25","43.34","42.86","75.78K","-0.23%"
"05/28/2023","43.16","43.00","43.80","42.82","87.13K","0.86%"
"05/25/2023","42.79","43.88","43.88","42.70","51.96K","-0.51%"
"05/24/2023","43.01","43.50","43.50","42.52","96.77K","-0.14%"
"05/23/2023","43.07","43.10","43.96","42.00","202.42K","-0.85%"
"05/22/2023","43.44","44.39","44.69","43.40","103.08K","-0.73%"
"05/21/2023","43.76","43.91","44.60","43.70","66.56K","-0.39%"
"05/18/2023","43.93","44.31","44.75","43.03","160.41K","-0.45%"
"05/17/2023","44.13","46.24","46.74","44.00","238.69K","-3.50%"
"05/16/2023","45.73","46.42","46.48","45.23","191.09K","-1.49%"
"05/15/2023","46.42","48.50","48.50","46.04","190.63K","-2.27%"
"05/14/2023","47.50","46.35","47.50","45.70","290.42K","4.28%"
"05/11/2023","45.55","46.40","46.89","45.42","165.61K","-1.70%"
"05/10/2023","46.34","45.15","46.98","44.61","312.64K","2.54%"
"05/09/2023","45.19","46.30","46.88","45.01","338.78K","-1.76%"
"05/08/2023","46.00","43.70","46.00","43.33","637.53K","5.31%"
"05/07/2023","43.68","43.05","43.80","42.50","232.21K","1.18%"
"05/03/2023","43.17","41.57","43.60","41.53","295.79K","3.85%"
"05/02/2023","41.57","42.89","42.93","41.06","179.29K","-3.03%"
"05/01/2023","42.87","43.70","43.90","42.00","228.04K","-2.46%"
"04/30/2023","43.95","42.50","44.50","42.50","487.76K","4.12%"
"04/27/2023","42.21","40.95","42.38","40.83","329.71K","3.41%"
"04/26/2023","40.82","41.50","41.50","40.51","80.67K","-1.04%"
"04/19/2023","41.25","41.80","42.19","40.90","250.69K","-0.60%"
"04/18/2023","41.50","39.44","41.88","39.30","346.40K","6.14%"
"04/13/2023","39.10","39.00","39.50","38.50","183.98K","1.11%"
"04/12/2023","38.67","39.09","39.29","38.50","162.78K","-0.62%"
"04/11/2023","38.91","39.49","39.49","38.70","153.08K","-0.08%"
"04/10/2023","38.94","39.69","39.69","38.75","131.59K","-0.28%"
"04/09/2023","39.05","39.48","39.97","38.81","175.69K","0.15%"
"04/06/2023","38.99","38.67","39.75","38.60","328.56K","1.30%"
"04/05/2023","38.49","39.30","39.39","38.11","165.30K","-1.89%"
"04/04/2023","39.23","39.25","40.32","38.94","290.41K","0.10%"
"04/03/2023","39.19","38.01","39.95","38.01","521.40K","3.84%"
"04/02/2023","37.74","37.19","38.38","36.00","376.75K","4.25%"
"03/30/2023","36.20","37.49","37.50","36.01","443.35K","-1.74%"
"03/29/2023","36.84","36.39","37.60","36.39","701.40K","1.35%"
"03/28/2023","36.35","36.80","37.24","35.94","182.32K","-1.38%"
"03/27/2023","36.86","37.50","37.90","36.52","374.70K","-0.75%"
"03/26/2023","37.14","36.50","37.93","36.01","485.85K","8.82%"
"03/23/2023","34.13","33.45","34.45","33.10","50.42K","1.13%"
"03/22/2023","33.75","33.99","34.96","33.60","213.70K","0.63%"
"03/21/2023","33.54","32.99","33.70","32.61","157.26K","3.52%"
"03/20/2023","32.40","31.48","32.70","31.10","138.12K","4.48%"
"03/19/2023","31.01","31.40","31.60","30.00","75.44K","-1.18%"
"03/16/2023","31.38","30.00","31.57","28.50","323.00K","0.51%"
"03/15/2023","31.22","33.97","34.49","28.50","285.52K","-6.41%"
"03/14/2023","33.36","32.00","33.69","31.65","170.27K","4.64%"
"03/13/2023","31.88","34.71","35.20","31.50","385.07K","-7.54%"
"03/12/2023","34.48","36.30","36.30","34.38","439.08K","-5.33%"
"03/09/2023","36.42","36.71","37.00","36.17","160.39K","-0.79%"
"03/08/2023","36.71","36.70","37.30","36.35","477.07K","1.13%"
"03/07/2023","36.30","34.99","37.48","34.99","1.30M","4.58%"
"03/06/2023","34.71","34.50","35.70","34.50","243.25K","0.67%"
"03/05/2023","34.48","34.79","34.79","31.60","89.06K","0.44%"
"03/02/2023","34.33","34.84","34.84","34.18","63.19K","-0.20%"
"03/01/2023","34.40","35.00","35.09","34.19","136.23K","-0.69%"
"02/28/2023","34.64","34.98","35.00","34.14","197.55K","0.35%"
"02/27/2023","34.52","35.08","35.80","34.32","222.47K","-1.51%"
"02/26/2023","35.05","33.71","35.90","33.71","531.31K","5.86%"
"02/23/2023","33.11","32.91","33.82","32.76","124.11K","0.24%"
"02/22/2023","33.03","34.01","34.29","32.70","178.15K","-2.60%"
"02/21/2023","33.91","33.50","34.48","33.00","138.17K","1.74%"
"02/20/2023","33.33","34.75","35.27","33.01","171.28K","-3.39%"
"02/19/2023","34.50","35.23","35.85","34.21","295.40K","-1.63%"
"02/16/2023","35.07","34.22","35.50","34.20","555.42K","3.24%"
"02/15/2023","33.97","33.17","34.60","33.17","240.26K","2.50%"
"02/14/2023","33.14","33.50","33.50","32.77","114.10K","0.27%"
"02/13/2023","33.05","33.60","34.25","32.81","97.95K","-1.81%"
"02/12/2023","33.66","33.97","34.50","33.50","145.77K","-0.65%"
"02/09/2023","33.88","33.70","34.00","33.30","160.60K","0.65%"
"02/08/2023","33.66","34.00","34.00","32.92","201.07K","0.45%"
"02/07/2023","33.51","32.30","34.18","32.29","278.02K","5.21%"
"02/06/2023","31.85","32.20","32.50","31.60","102.40K","-0.06%"
"02/05/2023","31.87","32.99","32.99","30.00","226.37K","-1.45%"
"02/02/2023","32.34","33.55","33.65","32.25","116.89K","-1.76%"
"02/01/2023","32.92","34.65","34.65","32.10","227.54K","-2.46%"
"01/31/2023","33.75","34.88","36.25","33.00","637.72K","-3.18%"
"01/30/2023","34.86","35.99","36.36","34.22","260.43K","-1.36%"
"01/29/2023","35.34","35.55","36.00","35.00","214.14K","0.48%"
"01/25/2023","35.17","34.64","35.44","34.64","232.15K","1.03%"
"01/24/2023","34.81","34.12","35.50","34.12","142.21K","1.52%"
"01/23/2023","34.29","35.85","36.00","34.00","275.55K","-4.32%"
"01/22/2023","35.84","36.10","36.80","35.62","156.08K","-0.28%"
"01/19/2023","35.94","36.39","36.49","35.50","246.46K","0.03%"
"01/18/2023","35.93","37.39","37.90","35.80","449.82K","-3.47%"
"01/17/2023","37.22","35.89","37.50","35.55","681.11K","4.96%"
"01/16/2023","35.46","35.70","36.90","35.35","569.66K","0.23%"
"01/15/2023","35.38","33.01","35.96","33.01","1.20M","7.34%"
"01/12/2023","32.96","33.00","33.58","32.26","231.84K","0.73%"
"01/11/2023","32.72","32.50","33.90","32.25","498.08K","0.37%"
"01/10/2023","32.60","33.00","33.65","32.13","778.69K","-0.94%"
"01/09/2023","32.91","31.63","33.97","31.63","1.27M","5.35%"
"01/05/2023","31.24","29.71","31.89","29.71","1.06M","5.90%"
"01/04/2023","29.50","29.40","29.65","27.75","513.97K","1.27%"
"01/03/2023","29.13","29.25","29.50","29.00","217.48K","0.34%"
"01/02/2023","29.03","28.90","29.29","28.80","160.62K","1.57%"
"12/29/2022","28.58","28.81","29.00","28.41","132.56K","-0.76%"
"12/28/2022","28.80","28.84","29.00","28.73","77.35K","-0.14%"
"12/27/2022","28.84","29.15","29.25","28.75","72.29K","-0.31%"
"12/26/2022","28.93","28.30","29.25","28.30","133.37K","2.52%"
"12/25/2022","28.22","28.58","28.74","27.88","104.04K","-1.26%"
"12/22/2022","28.58","28.38","29.14","28.38","117.31K","0.60%"
"12/21/2022","28.41","28.74","28.99","28.26","83.61K","-0.98%"
"12/20/2022","28.69","29.25","29.50","28.50","138.01K","-0.80%"
"12/19/2022","28.92","29.45","29.80","28.01","167.32K","-1.67%"
"12/18/2022","29.41","29.98","30.00","29.06","183.63K","-0.84%"
"12/15/2022","29.66","31.40","31.47","29.51","441.49K","-5.24%"
"12/14/2022","31.30","29.63","31.48","29.55","785.96K","5.99%"
"12/13/2022","29.53","28.80","29.75","28.80","329.97K","2.93%"
"12/12/2022","28.69","29.68","29.68","28.00","325.43K","-3.11%"
"12/11/2022","29.61","29.47","30.28","29.25","530.33K","0.95%"
"12/08/2022","29.33","29.47","29.75","29.10","142.05K","0.41%"
"12/07/2022","29.21","29.24","30.00","29.02","361.91K","0.86%"
"12/06/2022","28.96","29.42","29.85","28.85","389.93K","-1.90%"
"12/05/2022","29.52","30.39","30.50","29.30","288.11K","-1.93%"
"12/04/2022","30.10","29.26","30.57","29.26","693.65K","3.54%"
"12/01/2022","29.07","28.83","29.40","28.60","392.59K","1.71%"
"11/30/2022","28.58","29.25","29.70","28.50","371.14K","-1.99%"
"11/29/2022","29.16","28.70","29.28","28.50","430.24K","2.17%"
"11/28/2022","28.54","28.49","29.47","28.31","813.03K","1.39%"
"11/27/2022","28.15","26.25","28.40","26.01","668.01K","8.81%"
"11/24/2022","25.87","26.57","26.78","25.61","458.40K","-2.63%"
"11/23/2022","26.57","27.55","27.88","26.41","416.88K","-3.28%"
"11/22/2022","27.47","26.81","27.73","26.80","799.37K","-12.04%"
"11/21/2022","31.23","30.99","31.34","30.02","1.01M","0.42%"
"11/20/2022","31.10","31.46","31.56","30.61","833.42K","-0.38%"
"11/17/2022","31.22","30.75","31.42","30.75","479.95K","2.33%"
"11/16/2022","30.51","29.56","30.75","29.56","392.80K","3.18%"
"11/15/2022","29.57","29.90","29.90","29.42","204.71K","-0.61%"
"11/14/2022","29.75","29.89","30.10","29.35","421.03K","0.00%"
"11/13/2022","29.75","29.25","30.20","29.21","597.47K","3.12%"
"11/10/2022","28.85","28.41","29.30","28.20","447.69K","1.69%"
"11/09/2022","28.37","28.13","28.77","27.90","261.52K","0.85%"
"11/08/2022","28.13","28.99","29.00","27.90","283.71K","-2.33%"
"11/07/2022","28.80","29.58","29.80","28.35","740.13K","-1.91%"
"11/06/2022","29.36","27.90","29.60","27.80","1.27M","6.45%"
"11/03/2022","27.58","27.80","28.37","27.36","1.16M","2.53%"
"11/02/2022","26.90","25.70","27.45","25.40","1.42M","5.41%"
"11/01/2022","25.52","25.50","25.77","25.38","408.38K","0.59%"
"10/31/2022","25.37","25.10","25.74","25.00","432.83K","1.32%"
"10/30/2022","25.04","25.49","25.50","24.90","382.23K","-0.44%"
"10/27/2022","25.15","24.55","25.35","24.50","1.27M","4.57%"
"10/26/2022","24.05","24.50","24.80","24.01","670.49K","-1.43%"
"10/25/2022","24.40","23.79","24.78","23.14","1.19M","3.83%"
"10/24/2022","23.50","24.20","24.20","23.40","450.36K","-2.33%"
"10/23/2022","24.06","25.52","25.77","24.00","1.42M","-3.76%"
"10/20/2022","25.00","25.35","25.66","24.00","1.27M","-1.96%"
"10/19/2022","25.50","25.28","26.39","24.81","2.28M","5.81%"
"10/18/2022","24.10","22.05","24.10","21.75","2.27M","19.96%"
"10/17/2022","20.09","18.48","20.89","18.48","547.61K","10.08%"
"10/16/2022","18.25","18.00","18.48","17.60","96.25K","2.36%"
"10/13/2022","17.83","17.17","18.00","17.00","149.24K","4.88%"
"10/12/2022","17.00","17.60","17.84","16.90","134.93K","-3.79%"
"10/11/2022","17.67","18.69","18.69","17.60","102.12K","-3.55%"
"10/10/2022","18.32","18.75","18.75","18.26","75.18K","-1.03%"
"10/09/2022","18.51","19.00","19.00","18.46","63.47K","-1.02%"
"10/05/2022","18.70","18.80","19.12","18.57","70.58K","-0.48%"
"10/04/2022","18.79","18.82","19.14","18.70","43.42K","1.29%"
"10/03/2022","18.55","18.80","19.13","18.51","50.41K","-0.80%"
"10/02/2022","18.70","19.10","19.30","18.67","53.72K","-2.09%"
"09/29/2022","19.10","19.00","19.55","19.00","73.06K","1.27%"
"09/28/2022","18.86","19.10","19.39","18.80","61.53K","-2.33%"
"09/27/2022","19.31","19.63","19.85","19.20","86.35K","-0.31%"
"09/26/2022","19.37","19.01","19.73","19.01","134.84K","3.86%"
"09/25/2022","18.65","19.10","19.10","18.46","111.42K","-1.89%"
"09/22/2022","19.01","19.54","19.68","18.91","130.77K","-3.01%"
"09/21/2022","19.60","19.69","20.04","19.50","120.57K","0.20%"
"09/20/2022","19.56","19.40","20.21","19.36","205.58K","0.77%"
"09/19/2022","19.41","19.26","19.50","18.63","90.55K","0.78%"
"09/18/2022","19.26","20.40","20.80","19.18","182.99K","-5.31%"
"09/15/2022","20.34","19.70","20.75","19.50","428.23K","3.78%"
"09/14/2022","19.60","19.91","20.14","19.30","300.15K","-3.07%"
"09/13/2022","20.22","20.50","20.90","20.15","159.29K","-1.08%"
"09/12/2022","20.44","21.00","21.00","20.36","154.82K","-1.49%"
"09/11/2022","20.75","20.56","21.70","20.21","285.07K","2.62%"
"09/08/2022","20.22","20.88","21.00","20.10","395.33K","-1.08%"
"09/07/2022","20.44","19.40","21.23","19.04","1.27M","7.47%"
"09/06/2022","19.02","17.84","19.35","17.81","1.15M","8.50%"
"09/05/2022","17.53","17.47","17.59","17.30","93.30K","1.56%"
"09/04/2022","17.26","17.10","17.30","16.80","54.99K","1.29%"
"09/01/2022","17.04","17.35","17.50","16.60","77.34K","-1.62%"
"08/31/2022","17.32","17.42","17.98","17.31","72.38K","-0.97%"
"08/30/2022","17.49","17.30","17.65","17.23","124.37K","0.75%"
"08/29/2022","17.36","17.31","17.55","17.22","126.65K","0.46%"
"08/28/2022","17.28","17.43","17.62","17.25","114.99K","-0.63%"
"08/25/2022","17.39","17.25","17.66","17.20","127.72K","0.81%"
"08/24/2022","17.25","17.75","17.75","17.20","116.89K","-1.48%"
"08/23/2022","17.51","17.64","17.86","17.49","227.73K","0.29%"
"08/22/2022","17.46","17.84","17.86","17.40","223.87K","-1.08%"
"08/21/2022","17.65","17.80","17.90","17.55","190.92K","1.44%"
"08/18/2022","17.40","17.30","17.78","17.30","118.81K","-0.06%"
"08/17/2022","17.41","17.40","17.60","17.20","117.04K","0.69%"
"08/16/2022","17.29","17.52","17.70","17.25","180.27K","-1.54%"
"08/15/2022","17.56","18.15","18.20","17.33","276.87K","-1.73%"
"08/14/2022","17.87","17.34","18.46","17.21","763.12K","4.38%"
"08/11/2022","17.12","17.27","17.45","17.04","459.81K","0.35%"
"08/10/2022","17.06","17.50","17.70","16.94","682.34K","2.16%"
"08/09/2022","16.70","17.06","17.32","16.60","236.09K","-1.88%"
"08/08/2022","17.02","17.30","17.56","16.94","322.58K","0.06%"
"08/07/2022","17.01","16.75","17.24","16.75","281.34K","2.59%"
"08/04/2022","16.58","16.02","16.65","15.95","323.16K","3.75%"
"08/03/2022","15.98","15.94","16.16","15.87","36.18K","1.14%"
"08/02/2022","15.80","15.71","15.97","15.70","26.72K","0.25%"
"08/01/2022","15.76","16.29","16.36","15.62","97.22K","-2.17%"
"07/31/2022","16.11","16.19","16.35","16.00","229.95K","1.07%"
"07/28/2022","15.94","15.94","16.00","15.70","93.91K","1.01%"
"07/27/2022","15.78","16.10","16.37","15.60","232.80K","-1.74%"
"07/26/2022","16.06","16.02","16.38","16.00","121.30K","0.12%"
"07/25/2022","16.04","16.30","16.50","16.00","245.98K","-0.12%"
"07/24/2022","16.06","15.25","16.12","15.23","511.21K","5.17%"
"07/21/2022","15.27","14.75","15.59","14.62","415.79K","3.53%"
"07/20/2022","14.75","14.89","14.98","14.62","286.64K","0.75%"
"07/19/2022","14.64","14.08","14.80","14.06","399.80K","4.13%"
"07/18/2022","14.06","13.90","14.20","13.90","84.10K","1.52%"
"07/17/2022","13.85","14.40","14.40","13.76","56.23K","-1.21%"
"07/07/2022","14.02","14.18","14.40","13.95","126.92K","0.29%"
"07/06/2022","13.98","14.35","14.41","13.60","145.16K","-1.48%"
"07/05/2022","14.19","14.40","14.75","14.11","186.12K","-1.11%"
"07/04/2022","14.35","15.53","15.75","14.24","303.09K","-8.60%"
"07/03/2022","15.70","16.50","16.69","15.20","389.75K","-5.02%"
"06/29/2022","16.53","16.19","16.80","16.14","635.09K","3.70%"
"06/28/2022","15.94","15.85","16.36","15.66","401.05K","2.05%"
"06/27/2022","15.62","15.25","16.00","15.06","473.72K","3.38%"
"06/26/2022","15.11","15.68","15.75","15.04","192.66K","-2.07%"
"06/23/2022","15.43","16.00","16.00","15.30","212.19K","-3.44%"
"06/22/2022","15.98","16.20","16.20","15.90","202.10K","-0.75%"
"06/21/2022","16.10","16.59","16.70","16.03","312.51K","-1.77%"
"06/20/2022","16.39","16.53","16.71","16.37","80.61K","-1.68%"
"06/19/2022","16.67","17.10","17.15","16.57","129.53K","-2.57%"
"06/16/2022","17.11","17.03","17.46","17.02","142.27K","0.18%"
"06/15/2022","17.08","17.16","17.30","17.01","106.64K","-0.35%"
"06/14/2022","17.14","17.10","17.34","17.05","66.70K","-0.35%"
"06/13/2022","17.20","17.55","17.55","16.96","280.32K","-1.60%"
"06/12/2022","17.48","17.99","17.99","17.16","205.93K","-1.41%"
"06/09/2022","17.73","17.86","18.12","17.66","108.10K","-0.11%"
"06/08/2022","17.75","17.63","18.00","17.51","279.70K","2.31%"
"06/07/2022","17.35","17.17","17.69","17.00","148.45K","1.64%"
"06/06/2022","17.07","17.41","17.50","17.00","76.87K","-1.90%"
"06/05/2022","17.40","17.49","17.64","17.25","107.79K","0.52%"
"06/02/2022","17.31","17.20","17.50","17.11","113.72K","0.00%"
"06/01/2022","17.31","17.77","17.98","17.26","174.68K","-3.30%"
"05/31/2022","17.90","17.60","18.21","17.20","461.54K","0.96%"
"05/30/2022","17.73","18.79","19.40","17.51","1.19M","-2.64%"
"05/29/2022","18.21","17.65","18.68","17.02","398.97K","4.12%"
"05/26/2022","17.49","17.87","17.87","17.00","158.44K","-0.74%"
"05/25/2022","17.62","18.48","18.90","17.59","168.87K","-4.65%"
"05/24/2022","18.48","18.60","18.87","18.40","99.77K","-0.48%"
"05/23/2022","18.57","19.00","19.23","18.40","70.83K","-2.31%"
"05/22/2022","19.01","19.44","19.44","18.75","55.12K","0.05%"
"05/19/2022","19.00","19.39","19.39","18.75","88.48K","-2.46%"
"05/18/2022","19.48","19.70","19.75","19.36","48.30K","-0.87%"
"05/17/2022","19.65","19.60","20.08","19.60","42.58K","-0.10%"
"05/16/2022","19.67","19.70","20.10","19.50","43.53K","-0.71%"
"05/15/2022","19.81","20.27","20.36","19.70","131.45K","-1.00%"
"05/12/2022","20.01","20.30","20.36","19.73","147.04K","-0.94%"
"05/11/2022","20.20","20.10","20.40","19.66","250.87K","2.54%"
"05/10/2022","19.70","20.00","20.39","19.66","88.59K","-2.33%"
"05/09/2022","20.17","21.40","21.87","20.10","270.84K","-5.70%"
"05/08/2022","21.39","21.97","22.01","21.00","256.30K","-1.02%"
"04/28/2022","21.61","20.00","21.85","20.00","127.03K","8.05%"
"04/27/2022","20.00","20.14","20.45","19.30","29.64K","0.00%"
"04/26/2022","20.00","20.03","20.15","19.12","25.91K","-0.15%"
"04/21/2022","20.03","19.90","20.47","19.90","70.57K","2.40%"
"04/20/2022","19.56","17.84","20.30","17.84","82.08K","4.77%"
"04/19/2022","18.67","18.53","18.96","18.53","32.27K","0.81%"
"04/18/2022","18.52","17.51","18.91","16.26","229.94K","3.00%"
"04/17/2022","17.98","19.45","19.74","17.66","59.05K","-7.56%"
"04/14/2022","19.45","19.99","20.00","19.30","32.13K","-2.99%"
"04/13/2022","20.05","20.49","20.76","20.00","89.92K","-1.38%"
"04/12/2022","20.33","20.01","20.49","19.80","100.78K","2.73%"
"04/11/2022","19.79","20.90","20.90","19.60","176.08K","-0.65%"
"04/10/2022","19.92","21.16","21.16","19.40","240.88K","-5.73%"
"04/07/2022","21.13","21.82","22.59","21.06","93.27K","-3.87%"
"04/06/2022","21.98","22.11","22.40","21.72","109.16K","-0.59%"
"04/05/2022","22.11","22.50","22.58","22.06","100.82K","-1.51%"
"04/04/2022","22.45","22.52","23.25","22.40","258.88K","-0.36%"
"04/03/2022","22.53","22.26","23.00","22.20","200.85K","1.62%"
"03/31/2022","22.17","22.06","22.57","21.70","194.74K","-0.05%"
"03/30/2022","22.18","23.24","23.90","22.01","196.38K","-4.68%"
"03/29/2022","23.27","23.75","24.00","20.55","161.87K","-2.02%"
"03/28/2022","23.75","25.00","25.14","23.30","196.81K","-5.42%"
"03/27/2022","25.11","25.61","26.00","24.62","310.94K","-2.83%"
"03/24/2022","25.84","26.76","27.61","25.71","675.17K","-1.82%"
"03/23/2022","26.32","25.76","26.46","25.31","126.29K","2.17%"
"03/22/2022","25.76","26.05","26.45","25.60","232.76K","-0.12%"
"03/21/2022","25.79","25.00","26.99","25.00","852.58K","5.05%"
"03/20/2022","24.55","24.51","24.99","24.32","198.01K","1.40%"
"03/17/2022","24.21","25.98","26.00","24.12","298.49K","-4.95%"
"03/16/2022","25.47","25.26","25.85","25.10","170.94K","1.11%"
"03/15/2022","25.19","26.05","27.00","25.05","149.28K","-5.69%"
"03/14/2022","26.71","25.42","27.30","25.42","266.77K","4.70%"
"03/13/2022","25.51","25.29","26.38","25.29","106.85K","0.87%"
"03/10/2022","25.29","25.75","25.89","25.00","36.87K","-2.43%"
"03/09/2022","25.92","26.10","26.25","25.90","116.46K","-0.35%"
"03/08/2022","26.01","27.46","27.47","25.03","380.48K","-4.48%"
"03/07/2022","27.23","26.19","27.74","26.19","777.05K","5.34%"
"03/06/2022","25.85","25.99","26.65","25.80","163.20K","1.10%"
"03/03/2022","25.57","25.15","25.74","25.15","40.77K","0.71%"
"03/02/2022","25.39","25.44","25.70","25.20","75.84K","0.55%"
"03/01/2022","25.25","25.74","26.05","25.11","147.36K","0.16%"
"02/28/2022","25.21","25.50","26.01","24.88","103.75K","-0.90%"
"02/27/2022","25.44","24.90","25.96","24.90","97.63K","4.52%"
"02/24/2022","24.34","24.14","25.00","22.50","123.26K","-4.66%"
"02/23/2022","25.53","25.00","25.69","24.63","145.89K","2.24%"
"02/22/2022","24.97","22.29","25.00","22.01","433.39K","12.02%"
"02/21/2022","22.29","22.70","22.90","22.07","15.24K","-3.09%"
"02/20/2022","23.00","23.02","23.35","22.51","28.64K","0.17%"
"02/17/2022","22.96","23.05","23.50","23.02","7.93K","0.00%"
"02/16/2022","22.96","23.20","23.30","22.89","13.97K","0.39%"
"02/15/2022","22.87","22.93","23.89","22.35","49.01K","2.83%"
"02/14/2022","22.24","22.55","23.00","22.00","47.87K","-7.76%"
"02/13/2022","24.11","24.11","24.11","22.50","10.55K","0.00%"
"02/10/2022","24.11","24.20","24.49","23.60","21.79K","1.22%"
"02/09/2022","23.82","24.30","24.50","23.80","70.51K","-1.85%"
"02/08/2022","24.27","24.15","24.60","24.00","80.10K","2.45%"
"02/07/2022","23.69","24.03","24.19","23.43","27.28K","-1.41%"
"02/06/2022","24.03","23.55","24.46","23.55","16.60K","-1.27%"
"02/03/2022","24.34","24.10","24.10","23.53","9.48K","0.00%"
"02/02/2022","24.34","24.60","25.00","24.21","40.04K","-1.30%"
"02/01/2022","24.66","24.51","25.00","24.50","68.63K","2.24%"
"01/31/2022","24.12","23.47","24.50","22.81","73.49K","4.73%"
"01/30/2022","23.03","23.00","23.25","23.00","5.86K","0.00%"
"01/26/2022","23.03","23.00","23.30","23.00","43.72K","-1.83%"
"01/25/2022","23.46","22.70","23.00","22.03","12.08K","0.00%"
"01/24/2022","23.46","23.00","23.00","22.70","3.07K","0.00%"
"01/23/2022","23.46","22.80","23.60","22.78","2.50K","0.00%"
"01/20/2022","23.46","23.49","24.00","22.80","64.81K","2.00%"
"01/19/2022","23.00","22.85","23.40","22.60","12.18K","0.00%"
"01/18/2022","23.00","23.69","23.73","23.01","12.67K","0.00%"
"01/17/2022","23.00","23.00","23.60","22.75","15.94K","0.00%"
"01/16/2022","23.00","23.58","23.61","22.41","22.50K","-2.83%"
"01/13/2022","23.67","24.00","24.10","23.58","56.23K","-1.00%"
"01/12/2022","23.91","23.01","24.00","23.01","60.26K","2.27%"
"01/11/2022","23.38","23.80","23.90","23.30","18.60K","-1.76%"
"01/10/2022","23.80","23.99","24.00","23.55","92.63K","-0.13%"
"01/09/2022","23.83","24.01","24.40","23.50","90.07K","-0.71%"
"01/05/2022","24.00","23.50","24.34","22.90","231.50K","2.83%"
"01/04/2022","23.34","23.45","23.64","22.76","37.77K","1.04%"
"01/03/2022","23.10","22.80","23.59","22.50","41.54K","0.83%"
"01/02/2022","22.91","21.27","23.49","21.27","86.13K","6.66%"
"12/30/2021","21.48","21.06","21.93","21.06","34.21K","2.24%"
"12/29/2021","21.01","21.17","21.68","20.82","28.52K","-2.60%"
"12/28/2021","21.57","21.21","21.40","21.14","4.82K","0.00%"
"12/27/2021","21.57","21.78","21.78","21.14","11.48K","0.00%"
"12/26/2021","21.57","22.23","22.23","21.10","31.35K","-1.91%"
"12/23/2021","21.99","22.16","22.25","21.50","43.69K","0.83%"
"12/22/2021","21.81","21.47","22.25","21.10","104.40K","4.86%"
"12/21/2021","20.80","21.07","21.40","20.82","13.22K","0.00%"
"12/20/2021","20.80","20.75","21.09","20.59","9.08K","0.00%"
"12/19/2021","20.80","20.50","21.70","19.80","94.37K","3.07%"
"12/16/2021","20.18","20.00","20.79","19.98","18.22K","1.36%"
"12/15/2021","19.91","19.10","20.00","19.00","54.12K","4.30%"
"12/14/2021","19.09","19.70","20.00","19.00","42.56K","-2.90%"
"12/13/2021","19.66","20.39","20.40","19.60","20.83K","-2.24%"
"12/12/2021","20.11","19.31","20.80","19.31","23.64K","-0.05%"
"12/09/2021","20.12","20.20","20.78","20.00","13.31K","0.00%"
"12/08/2021","20.12","20.00","20.49","19.62","18.90K","0.00%"
"12/07/2021","20.12","21.00","21.34","20.00","55.81K","-3.36%"
"12/06/2021","20.82","21.70","22.10","20.62","85.85K","-1.47%"
"12/05/2021","21.13","21.10","21.50","20.80","45.03K","0.05%"
"12/02/2021","21.12","21.52","21.80","21.00","28.40K","-2.94%"
"12/01/2021","21.76","21.01","21.95","21.00","72.53K","3.52%"
"11/30/2021","21.02","20.75","21.49","20.75","95.35K","0.10%"
"11/29/2021","21.00","21.10","22.28","20.51","152.81K","0.00%"
"11/28/2021","21.00","21.60","21.60","20.00","92.79K","-7.89%"
"11/25/2021","22.80","22.40","22.80","21.60","42.38K","5.07%"
"11/24/2021","21.70","21.70","22.00","21.50","21.02K","0.00%"
"11/23/2021","21.70","22.10","22.50","21.50","27.97K","-1.94%"
"11/22/2021","22.13","20.21","22.25","20.20","33.94K","9.23%"
"11/21/2021","20.26","21.90","21.91","20.11","18.63K","-7.23%"
"11/18/2021","21.84","21.01","22.80","21.01","46.81K","3.31%"
"11/17/2021","21.14","21.20","21.99","21.00","35.40K","-0.61%"
"11/16/2021","21.27","23.38","23.38","21.23","59.50K","-7.68%"
"11/15/2021","23.04","23.99","23.99","23.01","24.83K","-1.87%"
"11/14/2021","23.48","24.00","24.73","23.07","66.82K","-4.63%"
"11/11/2021","24.62","23.75","24.99","23.75","50.09K","3.62%"
"11/10/2021","23.76","23.55","24.00","23.10","44.00K","0.93%"
"11/09/2021","23.54","23.97","25.23","23.30","45.53K","-0.38%"
"11/08/2021","23.63","24.95","24.95","23.10","77.52K","-1.95%"
"11/07/2021","24.10","25.25","25.25","23.60","45.64K","-3.52%"
"11/04/2021","24.98","25.50","25.50","24.64","32.50K","-1.81%"
"11/03/2021","25.44","25.89","26.94","25.00","159.59K","-0.74%"
"11/02/2021","25.63","25.85","26.35","25.60","37.74K","1.34%"
"11/01/2021","25.29","25.28","25.80","25.03","52.84K","1.44%"
"10/31/2021","24.93","24.99","25.90","24.57","93.29K","-4.34%"
"10/28/2021","26.06","25.70","26.45","25.21","39.19K","3.17%"
"10/27/2021","25.26","26.02","26.50","24.52","78.63K","-5.11%"
"10/26/2021","26.62","27.00","27.63","26.50","64.57K","-0.26%"
"10/25/2021","26.69","27.60","28.40","26.50","134.90K","-3.96%"
"10/24/2021","27.79","29.36","30.50","27.07","214.86K","-5.15%"
"10/20/2021","29.30","29.97","30.69","26.62","322.79K","-2.56%"
"10/19/2021","30.07","29.00","31.60","29.00","758.11K","4.41%"
"10/18/2021","28.80","28.20","29.50","27.50","248.07K","2.53%"
"10/17/2021","28.09","28.10","28.88","27.02","160.48K","0.75%"
"10/14/2021","27.88","28.50","28.50","27.34","164.99K","-1.87%"
"10/13/2021","28.41","26.25","28.75","26.20","733.87K","9.99%"
"10/12/2021","25.83","26.00","26.90","25.36","149.25K","1.33%"
"10/11/2021","25.49","24.25","25.74","24.25","182.91K","7.24%"
"10/10/2021","23.77","24.00","24.78","23.54","15.94K","-0.21%"
"10/06/2021","23.82","23.80","24.00","23.52","9.90K","0.00%"
"10/05/2021","23.82","24.99","25.25","23.56","65.93K","-0.87%"
"10/04/2021","24.03","24.21","24.25","24.00","40.15K","-1.19%"
"10/03/2021","24.32","25.50","25.90","24.05","24.08K","-0.25%"
"09/30/2021","24.38","24.49","25.23","24.00","107.79K","1.37%"
"09/29/2021","24.05","24.79","24.93","23.60","59.07K","0.80%"
"09/28/2021","23.86","24.00","24.75","23.32","41.81K","-0.42%"
"09/27/2021","23.96","25.51","26.00","23.61","102.47K","-6.33%"
"09/26/2021","25.58","26.50","27.00","25.45","48.42K","-2.22%"
"09/23/2021","26.16","25.68","26.74","25.20","234.02K","6.00%"
"09/22/2021","24.68","23.72","26.38","23.72","135.43K","1.82%"
"09/21/2021","24.24","25.40","25.40","23.02","245.19K","-3.81%"
"09/20/2021","25.20","25.80","26.79","24.50","57.52K","-3.08%"
"09/19/2021","26.00","26.03","26.90","25.60","77.16K","-3.06%"
"09/16/2021","26.82","27.44","27.44","26.55","50.22K","-0.63%"
"09/15/2021","26.99","27.66","27.90","26.55","55.80K","-3.12%"
"09/14/2021","27.86","28.60","28.90","27.60","115.37K","-0.89%"
"09/13/2021","28.11","28.91","29.39","28.00","168.08K","-1.75%"
"09/12/2021","28.61","27.38","29.70","27.38","587.61K","5.18%"
"09/09/2021","27.20","27.00","28.56","26.42","441.34K","2.45%"
"09/08/2021","26.55","27.49","27.85","26.50","218.13K","-2.28%"
"09/07/2021","27.17","25.10","27.90","25.10","406.92K","8.64%"
"09/06/2021","25.01","25.50","26.90","24.10","354.69K","-3.06%"
"09/05/2021","25.80","27.98","28.00","25.57","379.34K","-7.96%"
"09/02/2021","28.03","27.99","29.22","26.92","904.12K","3.32%"
"09/01/2021","27.13","25.90","27.75","25.03","857.30K","7.53%"
"08/31/2021","25.23","23.99","26.39","23.53","681.00K","4.86%"
"08/30/2021","24.06","24.13","24.13","23.50","1.08M","9.66%"
"08/29/2021","21.94","20.14","22.69","20.14","271.64K","6.35%"
"08/26/2021","20.63","21.14","21.14","20.06","72.38K","-1.62%"
"08/25/2021","20.97","20.61","21.39","20.61","56.63K","0.29%"
"08/24/2021","20.91","21.50","21.50","20.50","132.61K","-2.11%"
"08/23/2021","21.36","21.50","21.95","21.03","167.90K","1.71%"
"08/22/2021","21.00","19.99","21.60","19.55","336.78K","3.81%"
"08/19/2021","20.23","20.74","21.15","19.56","323.73K","-4.08%"
"08/18/2021","21.09","21.20","21.47","20.73","142.51K","-1.54%"
"08/17/2021","21.42","21.70","21.81","21.04","137.80K","-2.46%"
"08/16/2021","21.96","22.28","22.60","21.26","146.95K","-2.31%"
"08/15/2021","22.48","22.98","23.01","21.96","370.11K","-0.22%"
"08/11/2021","22.53","21.99","22.99","21.99","484.18K","5.77%"
"08/10/2021","21.30","20.64","21.80","20.64","192.68K","2.45%"
"08/09/2021","20.79","21.79","21.79","20.26","223.20K","-3.75%"
"08/08/2021","21.60","22.38","22.38","21.00","177.99K","-1.64%"
"08/05/2021","21.96","21.33","22.65","21.33","171.66K","2.19%"
"08/04/2021","21.49","21.01","22.21","20.77","205.85K","-1.06%"
"08/03/2021","21.72","22.30","23.40","21.07","381.38K","-7.22%"
"08/02/2021","23.41","23.50","24.09","22.28","671.59K","3.31%"
"08/01/2021","22.66","21.71","23.16","21.69","763.26K","2.95%"
"07/29/2021","22.01","21.80","22.79","21.00","989.38K","4.41%"
"07/28/2021","21.08","20.77","21.79","20.50","168.79K","2.08%"
"07/27/2021","20.65","20.24","20.97","20.12","157.38K","-1.15%"
"07/26/2021","20.89","21.80","22.48","19.83","424.40K","2.20%"
"07/25/2021","20.44","19.74","20.80","19.33","416.64K","8.09%"
"07/18/2021","18.91","17.42","19.22","17.35","1.19M","8.18%"
"07/15/2021","17.48","16.37","17.90","16.37","609.80K","5.05%"
"07/14/2021","16.64","16.53","16.94","16.42","167.55K","1.77%"
"07/13/2021","16.35","16.37","16.63","16.20","109.13K","-0.12%"
"07/12/2021","16.37","16.10","16.64","16.05","80.21K","1.24%"
"07/11/2021","16.17","16.20","16.67","15.95","190.67K","-2.71%"
"07/08/2021","16.62","16.93","16.94","16.19","113.85K","-1.83%"
"07/07/2021","16.93","17.01","17.06","16.82","171.62K","-0.29%"
"07/06/2021","16.98","17.02","17.30","16.80","266.26K","-4.18%"
"07/05/2021","17.72","17.40","18.30","17.26","858.26K","2.49%"
"07/04/2021","17.29","17.41","17.50","17.19","127.74K","-0.97%"
"06/30/2021","17.46","17.45","17.75","17.10","293.92K","1.33%"
"06/29/2021","17.23","17.05","17.50","16.91","176.33K","-0.69%"
"06/28/2021","17.35","17.50","17.84","17.02","273.39K","-1.64%"
"06/27/2021","17.64","17.73","17.96","17.43","281.82K","1.03%"
"06/24/2021","17.46","17.85","17.85","17.25","330.02K","-2.89%"
"06/23/2021","17.98","17.80","18.45","17.49","968.23K","6.96%"
"06/22/2021","16.81","17.00","17.17","16.60","262.94K","-1.58%"
"06/21/2021","17.08","17.11","17.50","16.51","221.90K","-1.16%"
"06/20/2021","17.28","16.81","17.70","16.80","352.80K","0.00%"
"06/17/2021","17.28","17.31","17.60","16.75","421.67K","1.83%"
"06/16/2021","16.97","16.14","17.46","15.82","1.02M","6.86%"
"06/15/2021","15.88","16.01","16.15","15.60","81.31K","-0.81%"
"06/14/2021","16.01","15.57","16.26","15.56","213.48K","0.57%"
"06/13/2021","15.92","16.17","16.30","15.70","108.92K","1.02%"
"06/10/2021","15.76","15.80","16.00","15.52","88.90K","1.09%"
"06/09/2021","15.59","15.35","15.80","15.35","157.46K","0.39%"
"06/08/2021","15.53","15.90","15.90","15.25","176.16K","-3.18%"
"06/07/2021","16.04","16.18","16.42","15.75","179.24K","0.69%"
"06/06/2021","15.93","15.98","16.10","15.65","80.43K","0.57%"
"06/03/2021","15.84","15.90","16.26","15.64","98.53K","-3.06%"
"06/02/2021","16.34","16.44","16.65","15.95","292.46K","0.93%"
"06/01/2021","16.19","15.62","16.70","15.52","519.79K","2.40%"
"05/31/2021","15.81","16.00","16.16","15.57","184.46K","-0.25%"
"05/30/2021","15.85","15.63","16.20","15.63","118.49K","-1.37%"
"05/27/2021","16.07","16.19","16.49","15.50","358.42K","-0.25%"
"05/26/2021","16.11","15.70","16.50","15.70","182.00K","3.07%"
"05/25/2021","15.63","15.90","16.18","15.05","265.59K","-1.76%"
"05/24/2021","15.91","16.25","16.64","15.45","415.65K","-4.16%"
"05/23/2021","16.60","16.88","17.18","16.22","463.35K","-1.37%"
"05/20/2021","16.83","16.70","17.35","16.35","328.26K","-2.49%"
"05/19/2021","17.26","17.49","17.95","16.54","836.37K","0.17%"
"05/18/2021","17.23","16.39","17.95","16.25","1.27M","5.51%"
"05/17/2021","16.33","16.93","17.17","15.81","712.04K","-1.63%"
"05/11/2021","16.60","16.39","17.36","16.00","1.48M","11.41%"
"05/10/2021","14.90","14.24","15.37","14.07","808.64K","6.58%"
"05/09/2021","13.98","13.68","14.20","13.50","642.79K","4.95%"
"05/06/2021","13.32","13.37","13.40","13.25","72.53K","-0.97%"
"05/05/2021","13.45","13.47","13.49","13.26","30.60K","0.00%"
"05/04/2021","13.45","13.80","13.80","13.26","27.33K","1.36%"
"04/28/2021","13.27","13.44","13.66","13.06","31.77K","-1.78%"
"04/27/2021","13.51","13.00","13.72","13.00","319.20K","4.81%"
"04/26/2021","12.89","12.53","13.14","12.30","211.12K","2.46%"
"04/25/2021","12.58","12.00","12.84","12.00","171.43K","4.92%"
"04/22/2021","11.99","12.15","12.15","11.90","50.92K","0.33%"
"04/21/2021","11.95","12.18","12.20","11.80","69.37K","-0.33%"
"04/20/2021","11.99","11.87","12.19","11.80","72.90K","2.30%"
"04/19/2021","11.72","11.70","11.85","11.70","6.89K","0.00%"
"04/18/2021","11.72","11.88","11.88","11.60","17.16K","-1.35%"
"04/15/2021","11.88","11.89","12.00","11.57","82.76K","0.93%"
"04/14/2021","11.77","11.28","12.20","11.22","202.21K","3.25%"
"04/13/2021","11.40","11.54","11.69","11.17","76.06K","-0.70%"
"04/12/2021","11.48","11.64","11.70","11.27","98.88K","1.41%"
"04/11/2021","11.32","11.12","11.64","11.10","22.37K","1.25%"
"04/08/2021","11.18","11.00","11.40","10.95","16.02K","2.19%"
"04/07/2021","10.94","10.65","11.28","10.65","29.83K","1.02%"
"04/06/2021","10.83","11.00","11.38","10.55","92.23K","-3.22%"
"04/05/2021","11.19","12.00","12.00","10.90","151.70K","-6.67%"
"04/04/2021","11.99","12.33","12.35","11.86","66.40K","0.00%"
"04/01/2021","11.99","11.66","12.10","11.61","36.96K","3.01%"
"03/31/2021","11.64","11.70","11.90","11.50","41.33K","-1.61%"
"03/30/2021","11.83","11.73","12.09","11.72","35.27K","0.08%"
"03/29/2021","11.82","12.20","12.20","11.60","59.92K","-0.17%"
"03/28/2021","11.84","12.00","12.01","11.55","38.83K","-0.17%"
"03/25/2021","11.86","11.78","12.24","11.45","77.83K","0.94%"
"03/24/2021","11.75","11.77","11.87","11.65","47.24K","6.72%"
"03/23/2021","11.01","11.25","11.50","10.56","90.69K","-1.96%"
"03/22/2021","11.23","11.70","11.80","11.00","107.95K","-8.10%"
"03/21/2021","12.22","12.70","12.94","11.60","119.73K","-2.86%"
"03/18/2021","12.58","12.61","12.77","12.50","19.87K","-1.18%"
"03/17/2021","12.73","12.80","12.81","12.62","37.48K","-0.31%"
"03/16/2021","12.77","12.79","12.92","12.62","33.79K","-1.16%"
"03/15/2021","12.92","13.45","13.50","12.60","103.46K","-2.56%"
"03/14/2021","13.26","13.10","13.45","13.09","43.47K","1.45%"
"03/11/2021","13.07","13.27","13.28","13.00","43.18K","0.00%"
"03/10/2021","13.07","13.08","13.43","12.95","107.45K","-0.76%"
"03/09/2021","13.17","13.20","13.38","13.00","41.07K","-0.68%"
"03/08/2021","13.26","13.58","13.69","13.05","61.99K","-2.57%"
"03/07/2021","13.61","13.60","14.00","13.23","103.86K","0.81%"
"03/04/2021","13.50","13.12","13.70","13.10","38.57K","2.51%"
"03/03/2021","13.17","13.69","13.69","12.83","27.78K","-3.94%"
"03/02/2021","13.71","13.66","13.90","13.56","113.32K","0.44%"
"03/01/2021","13.65","13.50","13.89","13.48","105.25K","-0.29%"
"02/28/2021","13.69","13.98","14.02","13.25","245.07K","-2.07%"
"02/25/2021","13.98","13.78","14.30","13.61","475.24K","3.17%"
"02/24/2021","13.55","13.62","13.78","13.41","213.76K","-0.88%"
"02/23/2021","13.67","13.81","13.89","13.60","58.74K","-2.15%"
"02/22/2021","13.97","14.20","14.20","13.80","206.86K","0.36%"
"02/21/2021","13.92","13.00","14.20","12.76","743.13K","7.82%"
"02/18/2021","12.91","13.00","13.18","12.81","58.22K","-1.15%"
"02/17/2021","13.06","13.47","13.47","12.82","73.36K","-0.68%"
"02/16/2021","13.15","13.06","13.30","13.05","49.82K","-0.23%"
"02/15/2021","13.18","13.59","13.59","13.01","41.75K","-3.16%"
"02/14/2021","13.61","13.38","13.82","13.15","264.66K","1.72%"
"02/11/2021","13.38","13.10","13.50","13.08","127.92K","1.06%"
"02/10/2021","13.24","13.18","13.43","13.01","89.21K","1.53%"
"02/09/2021","13.04","13.18","13.20","13.00","59.56K","-0.69%"
"02/08/2021","13.13","13.40","13.45","12.90","100.68K","-1.28%"
"02/07/2021","13.30","13.63","13.63","13.11","177.96K","0.08%"
"02/04/2021","13.29","13.41","13.65","13.05","321.26K","-3.06%"
"02/03/2021","13.71","13.93","13.93","13.50","180.79K","-0.72%"
"02/02/2021","13.81","13.91","13.94","13.75","137.25K","-1.22%"
"02/01/2021","13.98","14.15","14.20","13.71","226.66K","0.00%"
"01/31/2021","13.98","13.59","14.19","13.59","152.11K","-0.78%"
"01/27/2021","14.09","14.02","14.35","13.87","291.86K","1.08%"
"01/26/2021","13.94","13.78","14.20","13.70","379.01K","1.09%"
"01/25/2021","13.79","13.75","14.00","13.66","195.33K","-0.65%"
"01/24/2021","13.88","13.70","14.10","13.70","206.74K","0.51%"
"01/21/2021","13.81","14.19","14.19","13.60","154.53K","-1.57%"
"01/20/2021","14.03","14.14","14.22","13.85","185.81K","0.36%"
"01/19/2021","13.98","13.50","14.30","13.50","649.89K","2.64%"
"01/18/2021","13.62","13.80","14.15","13.32","283.56K","-3.13%"
"01/17/2021","14.06","14.00","14.60","13.60","563.75K","2.25%"
"01/14/2021","13.75","12.85","14.00","12.85","1.30M","7.25%"
"01/13/2021","12.82","13.00","13.10","12.52","939.37K","-2.88%"
"01/12/2021","13.20","12.84","13.47","12.59","1.04M","3.12%"
"01/11/2021","12.80","12.80","12.99","12.66","292.66K","1.27%"
"01/10/2021","12.64","12.02","12.97","11.90","1.05M","6.22%"
"01/06/2021","11.90","11.75","12.11","11.68","318.35K","2.76%"
"01/05/2021","11.58","11.35","11.69","11.30","180.58K","2.66%"
"01/04/2021","11.28","11.36","11.40","11.15","101.64K","-1.31%"
"01/03/2021","11.43","11.31","11.60","11.20","52.85K","0.88%"
"12/31/2020","11.33","11.40","11.40","11.26","46.10K","-0.44%"
"12/30/2020","11.38","11.35","11.49","11.25","156.35K","1.79%"
"12/29/2020","11.18","11.20","11.29","11.00","75.45K","0.99%"
"12/28/2020","11.07","11.38","11.38","11.00","96.79K","0.00%"
"12/27/2020","11.07","11.17","11.34","10.86","207.38K","-2.72%"
"12/24/2020","11.38","11.24","11.65","11.15","299.73K","1.88%"
"12/23/2020","11.17","10.97","11.33","10.97","59.74K","1.82%"
"12/22/2020","10.97","10.92","11.11","10.46","75.92K","-1.35%"
"12/21/2020","11.12","11.92","11.92","10.92","235.89K","-8.33%"
"12/20/2020","12.13","11.75","12.25","11.75","152.53K","2.19%"
"12/17/2020","11.87","11.99","12.02","11.73","82.21K","-0.42%"
"12/16/2020","11.92","12.30","12.30","11.66","111.12K","-2.13%"
"12/15/2020","12.18","12.17","12.40","12.00","189.20K","-0.25%"
"12/14/2020","12.21","12.15","12.49","11.95","213.63K","2.01%"
"12/13/2020","11.97","11.97","12.20","11.81","107.87K","0.76%"
"12/10/2020","11.88","12.01","12.10","11.79","238.55K","-3.10%"
"12/09/2020","12.26","12.47","12.53","11.96","408.24K","-2.70%"
"12/08/2020","12.60","12.75","12.87","12.36","626.56K","0.48%"
"12/07/2020","12.54","12.24","12.82","12.11","1.58M","4.33%"
"12/06/2020","12.02","11.79","12.30","11.62","652.69K","2.82%"
"12/03/2020","11.69","11.70","11.84","11.59","112.46K","-0.09%"
"12/02/2020","11.70","11.60","11.86","11.55","148.40K","0.00%"
"12/01/2020","11.70","11.69","11.90","11.53","186.26K","1.04%"
"11/30/2020","11.58","11.78","11.78","11.52","88.49K","-0.69%"
"11/29/2020","11.66","11.69","11.77","11.60","68.16K","1.39%"
"11/26/2020","11.50","11.55","11.67","11.25","99.82K","-0.61%"
"11/25/2020","11.57","11.80","11.80","11.40","111.32K","-0.77%"
"11/24/2020","11.66","11.70","11.89","11.60","107.85K","-1.02%"
"11/23/2020","11.78","11.71","11.95","11.62","206.20K","0.68%"
"11/22/2020","11.70","11.82","12.00","11.56","114.60K","-0.09%"
"11/19/2020","11.71","11.55","11.95","11.51","262.14K","0.95%"
"11/18/2020","11.60","11.67","11.75","11.50","151.95K","0.17%"
"11/17/2020","11.58","11.45","11.78","11.45","182.63K","1.58%"
"11/16/2020","11.40","11.45","11.60","11.30","189.97K","-0.96%"
"11/15/2020","11.51","11.60","11.69","11.45","121.45K","-1.54%"
"11/12/2020","11.69","11.67","11.90","11.39","223.73K","1.30%"
"11/11/2020","11.54","11.60","11.64","11.34","113.95K","-0.52%"
"11/10/2020","11.60","11.69","11.75","11.32","251.33K","2.38%"
"11/09/2020","11.33","10.98","11.65","10.98","337.08K","3.94%"
"11/08/2020","10.90","10.51","11.00","10.51","45.05K","1.77%"
"11/05/2020","10.71","10.96","10.97","10.53","83.77K","-0.74%"
"11/04/2020","10.79","10.67","11.00","10.60","56.07K","1.70%"
"11/03/2020","10.61","10.52","10.87","10.51","40.63K","-0.28%"
"11/02/2020","10.64","11.00","11.09","10.46","208.76K","-2.83%"
"11/01/2020","10.95","10.90","11.10","10.80","136.86K","-0.27%"
"10/28/2020","10.98","11.06","11.23","10.81","67.81K","-0.45%"
"10/27/2020","11.03","10.90","11.17","10.90","60.16K","2.99%"
"10/26/2020","10.71","10.70","11.09","10.53","99.53K","0.94%"
"10/25/2020","10.61","10.50","10.86","10.47","91.62K","-1.67%"
"10/22/2020","10.79","11.28","11.39","10.35","469.80K","-5.18%"
"10/21/2020","11.38","11.65","11.74","11.05","307.90K","-2.32%"
"10/20/2020","11.65","11.67","11.80","11.50","154.18K","-0.17%"
"10/19/2020","11.67","11.89","11.90","11.51","103.09K","-0.26%"
"10/18/2020","11.70","12.08","12.10","11.58","208.83K","-1.93%"
"10/15/2020","11.93","12.17","12.24","11.80","285.49K","-0.91%"
"10/14/2020","12.04","11.86","12.20","11.86","134.28K","0.75%"
"10/13/2020","11.95","12.36","12.36","11.81","276.15K","-2.53%"
"10/12/2020","12.26","12.24","12.65","11.95","507.43K","-1.13%"
"10/11/2020","12.40","13.00","13.00","12.20","484.81K","-5.13%"
"10/07/2020","13.07","13.17","13.40","12.80","448.14K","-1.43%"
"10/06/2020","13.26","13.01","13.47","13.00","786.71K","2.16%"
"10/05/2020","12.98","13.20","13.25","12.75","724.20K","0.00%"
"10/04/2020","12.98","12.58","13.37","12.45","1.50M","5.61%"
"10/01/2020","12.29","12.25","12.56","12.02","355.84K","2.16%"
"09/30/2020","12.03","11.99","12.19","11.86","192.49K","0.33%"
"09/29/2020","11.99","12.10","12.20","11.81","162.03K","-1.56%"
"09/28/2020","12.18","12.39","12.40","12.01","258.12K","-1.38%"
"09/27/2020","12.35","12.49","12.55","12.15","322.96K","0.32%"
"09/24/2020","12.31","12.38","12.68","12.02","462.50K","-0.89%"
"09/23/2020","12.42","12.27","12.85","12.05","1.06M","6.61%"
"09/22/2020","11.65","11.02","11.98","10.95","513.37K","3.46%"
"09/21/2020","11.26","11.58","11.84","10.98","447.69K","-4.09%"
"09/20/2020","11.74","11.88","11.99","11.56","201.25K","1.82%"
"09/17/2020","11.53","11.37","11.74","11.15","626.47K","2.76%"
"09/16/2020","11.22","11.24","11.36","11.11","124.35K","-0.27%"
"09/15/2020","11.25","11.05","11.41","11.05","257.14K","-1.06%"
"09/14/2020","11.37","11.31","11.57","11.16","167.51K","0.35%"
"09/13/2020","11.33","11.44","11.50","11.11","190.11K","-0.44%"
"09/10/2020","11.38","11.10","11.60","11.10","207.36K","3.27%"
"09/09/2020","11.02","10.90","11.31","10.85","229.10K","-1.69%"
"09/08/2020","11.21","11.85","11.86","11.00","251.39K","-6.35%"
"09/07/2020","11.97","12.12","12.29","11.80","148.21K","-0.50%"
"09/06/2020","12.03","12.11","12.12","11.95","255.10K","-2.35%"
"09/03/2020","12.32","12.40","12.46","12.15","196.24K","-0.65%"
"09/02/2020","12.40","12.30","12.65","12.06","290.76K","0.24%"
"09/01/2020","12.37","12.51","12.74","12.16","279.51K","-3.43%"
"08/31/2020","12.81","12.89","13.15","12.44","816.80K","1.34%"
"08/30/2020","12.64","12.40","12.89","12.27","811.63K","3.69%"
"08/27/2020","12.19","12.21","12.40","12.02","328.68K","-0.49%"
"08/26/2020","12.25","12.22","12.49","12.10","261.39K","-0.57%"
"08/25/2020","12.32","12.54","12.54","12.16","298.72K","-1.75%"
"08/24/2020","12.54","12.55","12.87","12.21","699.51K","1.37%"
"08/23/2020","12.37","12.33","12.45","12.26","261.93K","0.98%"
"08/19/2020","12.25","12.30","12.50","12.00","715.90K","0.99%"
"08/18/2020","12.13","12.19","12.25","11.92","277.65K","-1.30%"
"08/17/2020","12.29","12.36","12.60","11.90","364.91K","-2.92%"
"08/16/2020","12.66","12.91","12.96","12.38","545.55K","2.18%"
"08/13/2020","12.39","12.34","12.60","12.13","405.38K","0.32%"
"08/12/2020","12.35","12.14","12.90","11.91","1.15M","2.66%"
"08/11/2020","12.03","11.85","12.20","11.84","890.41K","4.07%"
"08/10/2020","11.56","11.57","11.76","11.30","308.09K","0.43%"
"08/09/2020","11.51","11.45","11.60","11.45","211.26K","-0.69%"
"08/06/2020","11.59","11.60","11.70","11.45","273.44K","-0.17%"
"08/05/2020","11.61","11.70","11.93","11.49","235.23K","-1.36%"
"08/04/2020","11.77","11.75","11.90","11.67","266.73K","2.71%"
"07/29/2020","11.46","11.38","11.61","11.30","270.17K","1.24%"
"07/28/2020","11.32","11.30","11.46","11.20","163.26K","0.18%"
"07/27/2020","11.30","11.47","11.49","11.12","246.27K","-1.22%"
"07/26/2020","11.44","11.52","11.74","11.24","383.93K","0.53%"
"07/22/2020","11.38","10.80","11.76","10.80","869.04K","2.34%"
"07/21/2020","11.12","11.25","11.50","10.71","566.94K","0.36%"
"07/20/2020","11.08","10.79","11.37","10.54","706.69K","2.97%"
"07/19/2020","10.76","10.98","11.23","10.27","608.33K","1.70%"
"07/16/2020","10.58","10.85","11.35","10.21","934.51K","-6.29%"
"07/15/2020","11.29","12.10","12.11","10.90","613.62K","-6.77%"
"07/14/2020","12.11","12.57","12.78","11.80","579.62K","-5.02%"
"07/13/2020","12.75","12.93","13.30","12.20","568.41K","-0.55%"
"07/12/2020","12.82","12.20","13.16","12.20","893.13K","9.29%"
"07/09/2020","11.73","12.18","12.41","11.06","796.72K","-3.69%"
"07/08/2020","12.18","11.35","12.41","11.01","1.64M","7.88%"
"07/07/2020","11.29","11.49","11.79","10.88","397.52K","-5.76%"
"07/06/2020","11.98","11.80","12.33","11.36","1.34M","6.02%"
"07/05/2020","11.30","11.30","11.30","11.30","26.73K","9.92%"
"06/30/2020","10.28","10.30","10.50","9.90","1.17M","7.64%"
"06/29/2020","9.55","8.95","9.77","8.95","1.30M","8.65%"
"06/28/2020","8.79","8.79","8.97","8.60","204.95K","0.92%"
"06/25/2020","8.71","8.80","8.92","8.61","265.24K","-2.90%"
"06/24/2020","8.97","9.01","9.15","8.80","422.85K","0.34%"
"06/23/2020","8.94","8.75","9.12","8.60","697.04K","1.25%"
"06/22/2020","8.83","8.96","9.06","8.56","387.42K","3.15%"
"06/21/2020","8.56","8.55","8.80","8.31","554.16K","0.12%"
"06/18/2020","8.55","8.56","8.65","8.51","94.36K","-1.16%"
"06/17/2020","8.65","8.89","8.89","8.55","197.68K","-1.82%"
"06/16/2020","8.81","8.70","8.96","8.56","299.17K","4.14%"
"06/15/2020","8.46","8.36","8.66","8.30","188.68K","-1.05%"
"06/14/2020","8.55","8.80","8.80","8.40","415.77K","-2.73%"
"06/11/2020","8.79","8.83","8.88","8.70","141.73K","-2.66%"
"06/10/2020","9.03","8.80","9.24","8.76","334.59K","-0.55%"
"06/09/2020","9.08","9.27","9.37","8.75","459.80K","-0.66%"
"06/08/2020","9.14","8.88","9.49","8.60","828.42K","2.24%"
"06/07/2020","8.94","8.59","9.30","8.56","450.87K","4.93%"
"06/04/2020","8.52","8.57","8.60","8.40","149.83K","1.19%"
"06/03/2020","8.42","8.37","8.57","8.31","84.78K","-1.98%"
"06/02/2020","8.59","8.29","8.71","8.29","268.28K","4.25%"
"06/01/2020","8.24","7.96","8.55","7.86","229.36K","3.52%"
"05/31/2020","7.96","7.98","8.00","7.80","25.45K","2.45%"
"05/21/2020","7.77","7.80","7.90","7.70","66.09K","0.13%"
"05/20/2020","7.76","7.71","7.82","7.70","21.13K","-1.77%"
"05/19/2020","7.90","7.93","7.96","7.81","23.23K","1.94%"
"05/18/2020","7.75","7.75","7.93","7.63","36.66K","-0.90%"
"05/17/2020","7.82","7.96","8.00","7.72","27.56K","0.90%"
"05/14/2020","7.75","7.90","7.90","7.64","61.21K","-1.52%"
"05/13/2020","7.87","8.13","8.13","7.70","157.65K","-2.11%"
"05/12/2020","8.04","7.95","8.29","7.93","115.50K","4.01%"
"05/11/2020","7.73","7.90","8.11","7.60","248.00K","-2.15%"
"05/10/2020","7.90","8.00","8.16","7.69","330.89K","-4.47%"
"05/07/2020","8.27","9.00","9.00","8.14","645.67K","-8.52%"
"05/06/2020","9.04","9.10","9.15","8.94","49.31K","-0.33%"
"05/05/2020","9.07","9.09","9.19","9.00","54.47K","2.25%"
"05/04/2020","8.87","8.99","9.15","8.72","119.51K","-2.31%"
"05/03/2020","9.08","9.57","9.57","8.74","248.94K","-6.30%"
"04/30/2020","9.69","9.83","9.90","9.58","110.30K","-2.22%"
"04/29/2020","9.91","9.90","10.07","9.65","208.27K","2.27%"
"04/28/2020","9.69","9.44","9.95","9.44","565.78K","3.19%"
"04/27/2020","9.39","9.80","9.80","9.30","262.90K","-2.80%"
"04/26/2020","9.66","9.55","9.87","9.45","213.22K","2.88%"
"04/23/2020","9.39","9.19","9.65","9.07","435.38K","4.45%"
"04/22/2020","8.99","8.82","9.12","8.71","59.33K","0.22%"
"04/21/2020","8.97","9.01","9.15","8.80","82.84K","-1.97%"
"04/16/2020","9.15","9.00","9.23","9.00","37.03K","0.33%"
"04/15/2020","9.12","9.68","9.68","9.00","315.40K","-2.04%"
"04/14/2020","9.31","9.25","9.50","9.23","200.65K","1.20%"
"04/13/2020","9.20","9.00","9.43","8.95","240.61K","1.77%"
"04/12/2020","9.04","9.00","9.22","8.94","9.46K","-0.11%"
"04/09/2020","9.05","9.27","9.29","8.95","58.31K","-2.16%"
"04/08/2020","9.25","9.50","9.70","9.02","71.51K","-0.96%"
"04/07/2020","9.34","9.18","9.50","9.15","137.23K","5.54%"
"04/06/2020","8.85","8.85","8.99","8.70","69.38K","1.84%"
"04/05/2020","8.69","8.90","8.91","8.64","51.60K","-4.92%"
"04/02/2020","9.14","8.83","9.38","8.83","54.39K","1.90%"
"04/01/2020","8.97","9.10","9.17","8.83","49.50K","-2.18%"
"03/31/2020","9.17","8.80","9.39","8.80","132.48K","4.44%"
"03/30/2020","8.78","8.90","8.98","8.65","32.60K","-0.90%"
"03/29/2020","8.86","8.34","9.10","8.05","185.65K","2.43%"
"03/26/2020","8.65","8.30","8.87","8.30","91.29K","3.10%"
"03/25/2020","8.39","8.28","8.50","8.28","50.34K","6.07%"
"03/24/2020","7.91","8.12","8.18","7.80","49.86K","-3.42%"
"03/23/2020","8.19","8.34","8.46","7.87","99.56K","6.36%"
"03/22/2020","7.70","7.60","7.75","7.58","146.56K","9.22%"
"03/19/2020","7.05","6.29","7.66","6.29","153.86K","1.00%"
"03/18/2020","6.98","7.97","8.02","6.80","166.61K","-7.55%"
"03/17/2020","7.55","7.41","8.00","7.41","158.36K","-8.26%"
"03/16/2020","8.23","8.41","8.45","8.22","168.71K","-9.86%"
"03/15/2020","9.13","10.00","10.00","9.00","201.97K","-11.10%"
"03/11/2020","10.27","10.22","10.79","10.05","81.77K","2.50%"
"03/10/2020","10.02","10.35","10.35","9.80","48.67K","-0.20%"
"03/09/2020","10.04","10.13","10.46","9.75","195.03K","-4.65%"
"03/08/2020","10.53","10.60","10.75","10.35","46.23K","-4.96%"
"03/05/2020","11.08","11.01","11.30","10.90","70.70K","3.55%"
"03/04/2020","10.70","10.85","10.87","10.40","43.79K","-1.56%"
"03/03/2020","10.87","10.87","11.01","10.70","86.12K","-0.09%"
"03/02/2020","10.88","11.46","11.47","10.11","87.25K","-1.27%"
"03/01/2020","11.02","11.22","11.80","10.83","138.00K","-8.40%"
"02/27/2020","12.03","12.32","12.32","11.81","224.19K","-2.27%"
"02/26/2020","12.31","12.40","12.65","12.21","79.94K","-0.73%"
"02/25/2020","12.40","12.42","12.60","12.20","277.27K","-1.43%"
"02/24/2020","12.58","13.13","13.13","12.27","156.75K","-5.34%"
"02/23/2020","13.29","13.44","13.53","13.11","139.72K","0.15%"
"02/20/2020","13.27","13.10","13.45","12.90","242.67K","2.71%"
"02/19/2020","12.92","12.94","13.15","12.61","98.47K","0.62%"
"02/18/2020","12.84","13.25","13.39","12.50","189.42K","0.00%"
"02/17/2020","12.84","12.70","13.06","12.65","118.85K","-1.38%"
"02/16/2020","13.02","13.27","13.30","12.60","117.95K","-1.66%"
"02/13/2020","13.24","13.43","13.70","12.90","325.99K","1.30%"
"02/12/2020","13.07","13.63","13.63","12.37","136.50K","-4.88%"
"02/11/2020","13.74","13.71","14.07","13.60","99.69K","-1.43%"
"02/10/2020","13.94","14.55","14.55","13.55","925.62K","-7.19%"
"02/09/2020","15.02","15.09","15.47","14.56","524.67K","-0.07%"
"02/06/2020","15.03","14.98","15.11","14.87","129.94K","1.08%"
"02/05/2020","14.87","14.64","15.00","14.61","43.28K","0.54%"
"02/04/2020","14.79","14.80","15.09","14.60","120.49K","-0.27%"
"02/03/2020","14.83","14.90","14.96","14.70","14.98K","-0.67%"
"02/02/2020","14.93","15.12","15.19","14.75","143.12K","-2.67%"
"01/30/2020","15.34","15.39","15.50","15.17","435.42K","0.07%"
"01/29/2020","15.33","14.60","15.79","14.60","1.30M","6.09%"
"01/28/2020","14.45","14.27","14.70","14.15","294.01K","0.91%"
"01/27/2020","14.32","14.40","14.50","14.25","137.91K","-1.45%"
"01/26/2020","14.53","14.71","14.80","14.42","167.16K","-1.16%"
"01/23/2020","14.70","14.39","14.95","14.27","582.66K","2.37%"
"01/22/2020","14.36","14.40","14.50","14.25","134.12K","0.21%"
"01/21/2020","14.33","14.34","14.68","14.03","194.89K","0.35%"
"01/20/2020","14.28","14.11","14.50","14.11","151.11K","0.00%"
"01/19/2020","14.28","14.60","14.60","14.10","125.12K","-1.38%"
"01/16/2020","14.48","14.65","14.79","14.35","102.55K","-0.82%"
"01/15/2020","14.60","14.53","14.88","14.10","491.23K","2.31%"
"01/14/2020","14.27","14.17","14.60","14.00","381.63K","3.71%"
"01/13/2020","13.76","13.29","14.20","13.27","243.65K","2.53%"
"01/12/2020","13.42","13.43","13.70","13.23","89.55K","-0.30%"
"01/09/2020","13.46","13.09","13.75","13.00","226.36K","4.42%"
"01/08/2020","12.89","12.60","13.00","12.60","99.73K","4.29%"
"01/06/2020","12.36","12.35","12.90","11.82","161.78K","-5.86%"
"01/05/2020","13.13","13.93","14.07","12.85","231.61K","-7.99%"
"01/02/2020","14.27","14.67","14.67","14.11","42.56K","-1.04%"
"12/31/2019","14.42","14.69","14.69","14.21","171.21K","-0.14%"
"12/30/2019","14.44","14.69","14.75","14.32","134.17K","-1.10%"
"12/29/2019","14.60","14.90","14.96","14.42","110.01K","-0.82%"
"12/26/2019","14.72","14.50","14.84","14.50","254.27K","1.87%"
"12/25/2019","14.45","14.18","14.68","14.15","227.53K","2.56%"
"12/24/2019","14.09","14.18","14.20","14.00","54.49K","-0.91%"
"12/23/2019","14.22","14.33","14.48","14.06","143.47K","-1.93%"
"12/22/2019","14.50","14.14","14.70","14.14","890.71K","3.72%"
"12/19/2019","13.98","13.60","14.17","13.50","608.47K","2.57%"
"12/18/2019","13.63","13.15","13.95","13.15","291.59K","3.65%"
"12/17/2019","13.15","13.01","13.30","13.00","110.78K","2.02%"
"12/16/2019","12.89","12.97","13.39","12.82","50.97K","-0.54%"
"12/15/2019","12.96","12.61","13.15","12.61","36.27K","-0.77%"
"12/12/2019","13.06","13.30","13.30","12.90","189.22K","-1.43%"
"12/11/2019","13.25","13.50","13.60","13.11","116.03K","-2.57%"
"12/10/2019","13.60","13.38","13.74","13.26","118.99K","2.80%"
"12/09/2019","13.23","13.27","13.40","13.12","49.84K","-1.49%"
"12/08/2019","13.43","13.27","13.87","13.19","166.27K","-0.59%"
"12/05/2019","13.51","13.90","13.95","13.23","173.58K","-2.60%"
"12/04/2019","13.87","13.18","14.17","13.18","884.13K","7.60%"
"12/03/2019","12.89","12.66","13.14","12.50","126.55K","-2.20%"
"12/02/2019","13.18","13.20","13.51","12.52","386.06K","0.76%"
"12/01/2019","13.08","12.30","13.38","12.30","518.85K","6.43%"
"11/28/2019","12.29","12.31","12.40","12.22","35.41K","0.82%"
"11/27/2019","12.19","12.13","12.30","12.11","84.81K","1.41%"
"11/26/2019","12.02","12.10","12.20","11.80","56.76K","-0.83%"
"11/25/2019","12.12","12.15","12.33","12.06","82.01K","-0.49%"
"11/24/2019","12.18","12.40","12.41","12.10","85.81K","-2.79%"
"11/21/2019","12.53","12.50","12.77","12.41","74.94K","-0.16%"
"11/20/2019","12.55","12.50","12.74","12.45","46.11K","0.08%"
"11/19/2019","12.54","12.65","12.75","12.41","44.39K","-2.03%"
"11/18/2019","12.80","12.90","12.90","12.60","55.60K","-2.14%"
"11/17/2019","13.08","13.25","13.30","13.00","102.26K","-0.46%"
"11/14/2019","13.14","13.33","13.33","13.00","140.95K","-0.38%"
"11/13/2019","13.19","13.10","13.38","13.10","102.86K","-0.75%"
"11/12/2019","13.29","13.48","13.48","13.12","166.57K","-4.94%"
"11/11/2019","13.98","14.10","14.29","13.83","443.45K","-1.13%"
"11/07/2019","14.14","14.12","14.45","13.92","764.04K","0.35%"
"11/06/2019","14.09","13.70","14.35","13.70","541.15K","2.03%"
"11/05/2019","13.81","13.75","13.94","13.66","372.52K","-0.72%"
"11/04/2019","13.91","13.21","14.20","13.21","797.38K","3.88%"
"11/03/2019","13.39","13.45","13.70","13.11","341.17K","-1.47%"
"10/31/2019","13.59","13.47","13.80","13.30","915.99K","2.57%"
"10/30/2019","13.25","12.43","13.62","12.40","1.53M","6.94%"
"10/29/2019","12.39","12.30","12.45","12.25","200.74K","0.49%"
"10/28/2019","12.33","12.35","12.40","12.18","80.30K","0.08%"
"10/27/2019","12.32","12.22","12.44","12.22","69.67K","0.98%"
"10/24/2019","12.20","12.30","12.30","12.10","176.87K","-0.08%"
"10/23/2019","12.21","12.31","12.35","12.05","92.54K","-1.45%"
"10/22/2019","12.39","12.15","12.53","12.06","136.80K","1.56%"
"10/21/2019","12.20","12.22","12.29","12.15","29.91K","-0.25%"
"10/20/2019","12.23","12.37","12.37","12.11","55.08K","-0.33%"
"10/17/2019","12.27","12.40","12.44","12.17","49.00K","0.33%"
"10/16/2019","12.23","12.13","12.35","12.08","53.81K","1.92%"
"10/15/2019","12.00","12.17","12.17","11.87","144.83K","-1.40%"
"10/14/2019","12.17","12.40","12.55","12.00","98.21K","-3.18%"
"10/13/2019","12.57","12.30","12.84","12.25","129.36K","1.62%"
"10/10/2019","12.37","12.45","12.59","12.22","53.85K","0.81%"
"10/09/2019","12.27","12.35","12.55","12.00","147.06K","-3.23%"
"10/08/2019","12.68","13.20","13.20","12.32","135.56K","-4.16%"
"10/07/2019","13.23","13.80","13.81","12.92","353.03K","2.88%"
"10/03/2019","12.86","11.80","13.22","11.61","584.65K","6.99%"
"10/02/2019","12.02","12.30","12.30","11.85","67.01K","-2.59%"
"10/01/2019","12.34","12.06","12.55","12.03","182.88K","3.09%"
"09/30/2019","11.97","12.11","12.36","11.90","94.58K","-0.42%"
"09/29/2019","12.02","11.90","12.30","11.77","228.75K","5.62%"
"09/26/2019","11.38","11.25","11.60","11.01","135.09K","1.52%"
"09/25/2019","11.21","11.30","11.42","11.00","85.81K","2.00%"
"09/24/2019","10.99","11.62","11.90","10.65","224.41K","-6.47%"
"09/23/2019","11.75","11.60","12.25","11.16","170.14K","-4.16%"
"09/22/2019","12.26","13.00","13.40","12.03","187.46K","-8.23%"
"09/19/2019","13.36","12.94","13.55","12.94","35.40K","2.06%"
"09/18/2019","13.09","13.08","13.30","12.85","54.53K","-1.87%"
"09/17/2019","13.34","14.00","14.00","12.60","147.25K","-4.71%"
"09/16/2019","14.00","14.28","14.39","13.79","160.18K","-3.11%"
"09/15/2019","14.45","14.68","14.69","14.26","44.96K","-0.41%"
"09/12/2019","14.51","14.50","14.70","14.43","44.84K","0.00%"
"09/11/2019","14.51","14.68","14.70","14.42","43.53K","-0.34%"
"09/10/2019","14.56","14.38","14.85","14.38","118.96K","0.62%"
"09/09/2019","14.47","14.73","14.90","14.31","77.48K","-3.21%"
"09/08/2019","14.95","14.97","15.28","14.70","291.74K","1.01%"
"09/05/2019","14.80","14.40","14.95","14.40","498.99K","4.15%"
"09/04/2019","14.21","13.70","14.49","13.66","292.47K","3.95%"
"09/03/2019","13.67","14.07","14.07","13.61","43.78K","-1.09%"
"09/02/2019","13.82","13.75","14.07","13.56","109.48K","-0.86%"
"09/01/2019","13.94","13.74","14.15","13.45","160.27K","1.98%"
"08/29/2019","13.67","13.70","13.80","13.35","71.74K","0.74%"
"08/28/2019","13.57","13.48","13.70","13.47","75.60K","1.65%"
"08/27/2019","13.35","13.50","13.55","13.22","47.53K","-0.67%"
"08/26/2019","13.44","13.34","13.60","13.33","84.43K","-1.10%"
"08/25/2019","13.59","14.00","14.00","13.36","56.84K","-0.95%"
"08/22/2019","13.72","13.55","13.88","13.55","66.31K","0.00%"
"08/21/2019","13.72","13.97","14.10","13.40","111.96K","-2.21%"
"08/20/2019","14.03","13.88","14.25","13.80","179.13K","2.33%"
"08/19/2019","13.71","13.79","14.00","13.58","115.12K","0.22%"
"08/18/2019","13.68","13.39","13.90","13.39","309.08K","3.40%"
"08/15/2019","13.23","13.25","13.50","13.10","170.99K","-0.15%"
"08/14/2019","13.25","12.73","13.68","12.73","406.73K","6.17%"
"08/08/2019","12.48","12.01","12.75","12.00","272.13K","4.44%"
"08/07/2019","11.95","11.61","12.09","11.61","106.84K","2.75%"
"08/06/2019","11.63","11.70","11.79","11.55","55.10K","-0.43%"
"08/05/2019","11.68","11.78","11.88","11.53","92.26K","-2.01%"
"08/04/2019","11.92","11.55","12.05","11.55","117.95K","2.85%"
"08/01/2019","11.59","11.65","11.79","11.30","116.23K","0.43%"
"07/31/2019","11.54","11.71","11.75","11.38","134.42K","-2.53%"
"07/30/2019","11.84","12.40","12.40","11.51","125.51K","-3.11%"
"07/29/2019","12.22","12.10","12.46","12.00","146.67K","0.66%"
"07/28/2019","12.14","12.47","12.47","11.92","53.98K","-2.41%"
"07/25/2019","12.44","12.79","12.79","12.20","108.60K","-3.12%"
"07/24/2019","12.84","12.86","13.06","12.55","118.86K","0.63%"
"07/22/2019","12.76","12.70","12.93","12.70","102.54K","1.67%"
"07/21/2019","12.55","12.80","12.80","12.49","76.92K","-1.80%"
"07/18/2019","12.78","12.72","12.99","12.64","31.73K","1.03%"
"07/17/2019","12.65","12.75","12.76","12.50","57.21K","-2.77%"
"07/16/2019","13.01","12.85","13.36","12.70","79.17K","1.80%"
"07/15/2019","12.78","12.72","13.02","12.34","85.95K","0.39%"
"07/14/2019","12.73","13.25","13.37","12.40","72.40K","-2.60%"
"07/11/2019","13.07","13.30","13.30","12.81","36.10K","-2.97%"
"07/10/2019","13.47","13.83","13.84","13.32","95.05K","-3.02%"
"07/09/2019","13.89","13.65","14.10","13.55","130.47K","2.97%"
"07/08/2019","13.49","13.38","13.68","13.38","92.78K","0.45%"
"07/07/2019","13.43","13.55","13.60","13.34","88.53K","-2.33%"
"07/04/2019","13.75","14.17","14.25","13.38","227.22K","-3.91%"
"07/03/2019","14.31","14.40","14.41","14.22","52.61K","-1.24%"
"07/02/2019","14.49","14.83","14.85","14.33","77.87K","-1.23%"
"06/27/2019","14.67","15.00","15.20","14.40","201.88K","-0.68%"
"06/26/2019","14.77","14.50","15.00","14.30","198.24K","5.88%"
"06/25/2019","13.95","13.91","14.33","13.71","128.32K","-1.55%"
"06/24/2019","14.17","14.31","14.38","13.90","99.64K","-2.88%"
"06/23/2019","14.59","14.94","14.94","14.32","48.69K","-0.41%"
"06/20/2019","14.65","14.60","15.10","14.50","156.93K","-1.94%"
"06/19/2019","14.94","15.11","15.45","14.61","154.33K","-2.03%"
"06/18/2019","15.25","15.30","15.35","15.15","86.72K","-1.93%"
"06/17/2019","15.55","15.50","15.79","15.30","176.65K","0.84%"
"06/16/2019","15.42","15.09","15.76","14.92","536.47K","1.51%"
"06/13/2019","15.19","15.41","15.63","14.92","151.09K","-2.06%"
"06/12/2019","15.51","15.50","15.86","15.30","209.46K","-1.40%"
"06/11/2019","15.73","15.99","16.08","15.35","511.97K","4.59%"
"06/10/2019","15.04","14.09","15.35","14.09","329.19K","7.74%"
"06/09/2019","13.96","13.61","14.10","13.61","94.56K","3.48%"
"06/03/2019","13.49","13.50","13.60","13.35","36.57K","-0.07%"
"06/02/2019","13.50","13.45","13.89","13.21","46.74K","-0.59%"
"05/30/2019","13.58","13.82","13.82","13.31","104.47K","-4.63%"
"05/29/2019","14.24","14.44","14.71","13.78","78.98K","-2.26%"
"05/28/2019","14.57","14.35","14.90","14.17","66.97K","0.55%"
"05/27/2019","14.49","14.85","14.98","14.31","64.44K","-0.55%"
"05/26/2019","14.57","14.54","14.84","14.31","81.86K","-0.27%"
"05/23/2019","14.61","14.55","14.98","14.10","233.80K","2.38%"
"05/22/2019","14.27","14.19","14.34","13.99","342.11K","9.43%"
"05/21/2019","13.04","12.24","13.51","12.24","490.10K","6.10%"
"05/20/2019","12.29","12.19","12.63","12.09","56.77K","0.33%"
"05/19/2019","12.25","13.05","13.05","11.85","93.84K","-6.84%"
"05/16/2019","13.15","14.00","14.00","12.83","136.81K","-5.05%"
"05/15/2019","13.85","14.22","14.75","13.54","42.97K","-5.07%"
"05/14/2019","14.59","14.82","14.99","14.40","36.63K","-1.15%"
"05/13/2019","14.76","15.00","15.00","14.61","21.87K","-1.40%"
"05/12/2019","14.97","15.50","15.50","14.83","27.97K","0.47%"
"05/09/2019","14.90","14.63","15.39","14.63","32.42K","0.74%"
"05/08/2019","14.79","14.36","15.21","14.36","57.67K","-7.27%"
"05/07/2019","15.95","16.00","16.08","15.65","37.00K","1.27%"
"05/06/2019","15.75","16.00","16.25","15.02","72.00K","-3.61%"
"05/05/2019","16.34","16.80","16.80","16.15","31.66K","-3.88%"
"05/02/2019","17.00","17.13","17.25","16.70","76.61K","-1.73%"
"04/30/2019","17.30","17.30","17.55","17.05","94.31K","0.46%"
"04/24/2019","17.22","17.20","17.45","17.11","25.00K","-1.03%"
"04/23/2019","17.40","17.14","17.70","17.14","88.38K","0.58%"
"04/22/2019","17.30","17.54","17.54","17.11","17.42K","-0.12%"
"04/21/2019","17.32","17.21","17.55","17.14","41.69K","-1.14%"
"04/18/2019","17.52","17.58","17.84","17.18","97.58K","-0.40%"
"04/17/2019","17.59","17.73","17.79","17.40","43.02K","-2.55%"
"04/16/2019","18.05","18.40","18.40","17.80","60.97K","-2.38%"
"04/15/2019","18.49","18.51","18.66","18.36","29.33K","-0.22%"
"04/14/2019","18.53","18.77","18.80","18.40","31.35K","-1.44%"
"04/11/2019","18.80","19.15","19.15","18.50","38.65K","-1.47%"
"04/10/2019","19.08","18.75","19.34","18.75","102.36K","2.64%"
"04/09/2019","18.59","18.51","18.78","18.34","43.61K","-0.38%"
"04/08/2019","18.66","18.41","18.98","18.21","77.86K","-2.10%"
"04/07/2019","19.06","19.49","19.50","18.40","122.61K","-2.36%"
"04/04/2019","19.52","19.50","19.82","19.20","45.59K","-1.61%"
"04/03/2019","19.84","19.70","20.10","19.54","189.07K","1.17%"
"04/02/2019","19.61","19.50","19.97","19.41","68.81K","0.26%"
"04/01/2019","19.56","19.63","20.18","19.40","127.95K","-2.54%"
"03/31/2019","20.07","20.45","20.45","19.80","162.75K","-2.15%"
"03/28/2019","20.51","20.50","20.70","20.21","95.77K","-2.01%"
"03/27/2019","20.93","21.70","21.75","20.24","104.92K","-3.99%"
"03/26/2019","21.80","21.63","22.00","21.63","41.27K","-0.46%"
"03/25/2019","21.90","22.12","22.40","21.62","65.76K","-1.62%"
"03/24/2019","22.26","22.30","22.54","22.11","34.46K","0.50%"
"03/21/2019","22.15","22.23","22.36","22.03","27.03K","-1.34%"
"03/20/2019","22.45","22.65","22.65","22.18","31.10K","-0.13%"
"03/19/2019","22.48","22.22","22.85","22.22","149.64K","1.67%"
"03/18/2019","22.11","22.28","22.35","22.00","95.09K","-1.21%"
"03/17/2019","22.38","22.36","23.00","22.00","166.28K","-0.27%"
"03/14/2019","22.44","22.46","22.69","22.33","61.06K","-0.84%"
"03/13/2019","22.63","22.77","22.94","22.46","58.86K","-0.61%"
"03/12/2019","22.77","22.81","22.90","22.70","41.33K","-0.26%"
"03/11/2019","22.83","22.77","23.00","22.72","52.32K","-0.74%"
"03/10/2019","23.00","23.20","23.20","22.75","23.15K","1.01%"
"03/07/2019","22.77","22.55","23.00","22.50","43.11K","0.71%"
"03/06/2019","22.61","22.83","22.83","22.43","36.02K","-0.88%"
"03/05/2019","22.81","22.96","23.00","22.71","16.77K","-0.65%"
"03/04/2019","22.96","22.98","23.49","22.61","78.57K","0.22%"
"03/03/2019","22.91","22.90","23.18","22.71","18.38K","-0.87%"
"02/28/2019","23.11","23.45","23.50","22.88","122.68K","-1.49%"
"02/27/2019","23.46","23.65","23.99","23.32","165.87K","-2.49%"
"02/26/2019","24.06","24.65","24.70","23.62","416.91K","-1.39%"
"02/25/2019","24.40","24.31","24.79","24.25","218.14K","-0.89%"
"02/24/2019","24.62","24.77","24.78","24.36","103.16K","-1.32%"
"02/21/2019","24.95","25.20","25.30","24.76","141.72K","-1.66%"
"02/20/2019","25.37","25.35","25.67","25.16","326.19K","0.83%"
"02/19/2019","25.16","25.00","25.35","24.90","166.74K","0.08%"
"02/18/2019","25.14","24.85","25.37","24.85","491.05K","0.76%"
"02/17/2019","24.95","24.60","25.25","24.60","266.53K","1.96%"
"02/14/2019","24.47","24.61","24.63","24.34","126.53K","-0.20%"
"02/13/2019","24.52","24.48","24.74","24.12","222.07K","1.36%"
"02/12/2019","24.19","24.12","24.60","23.99","251.90K","-0.21%"
"02/11/2019","24.24","24.50","24.50","24.06","91.93K","-1.10%"
"02/10/2019","24.51","24.36","24.78","24.25","237.66K","1.49%"
"02/07/2019","24.15","23.80","24.40","23.65","242.36K","1.86%"
"02/06/2019","23.71","23.85","23.90","23.65","295.06K","-1.08%"
"02/05/2019","23.97","24.17","24.18","23.81","131.84K","0.25%"
"02/04/2019","23.91","24.00","24.24","23.70","156.76K","-0.54%"
"02/03/2019","24.04","24.01","24.35","23.80","150.07K","-0.58%"
"01/31/2019","24.18","25.00","25.00","24.00","325.40K","-2.38%"
"01/30/2019","24.77","24.90","25.35","24.60","107.01K","-1.43%"
"01/29/2019","25.13","24.91","25.44","24.91","71.96K","-0.32%"
"01/28/2019","25.21","25.16","25.50","24.80","169.43K","1.04%"
"01/27/2019","24.95","24.20","25.28","24.20","466.90K","4.18%"
"01/23/2019","23.95","23.80","24.20","23.63","84.05K","-1.44%"
"01/22/2019","24.30","24.95","25.30","23.62","325.01K","-3.30%"
"01/21/2019","25.13","25.60","25.80","25.00","268.24K","-4.52%"
"01/20/2019","26.32","26.24","26.94","25.72","334.56K","2.21%"
"01/17/2019","25.75","25.40","26.06","25.00","333.55K","1.22%"
"01/16/2019","25.44","25.90","25.90","25.30","79.39K","-1.32%"
"01/15/2019","25.78","25.93","26.11","25.62","77.94K","-1.04%"
"01/14/2019","26.05","25.98","26.49","25.62","261.97K","1.09%"
"01/13/2019","25.77","25.44","26.10","25.10","359.46K","2.34%"
"01/10/2019","25.18","24.71","25.67","24.71","183.05K","-0.12%"
"01/09/2019","25.21","25.71","25.98","24.64","282.12K","-0.55%"
"01/08/2019","25.35","24.25","26.00","24.25","869.07K","5.71%"
"01/06/2019","23.98","23.21","24.42","23.06","401.43K","4.44%"
"01/03/2019","22.96","22.61","23.08","22.61","174.15K","2.23%"
"01/02/2019","22.46","22.20","22.65","22.20","50.69K","1.17%"
"12/31/2018","22.20","22.13","22.38","22.13","95.27K","-0.58%"
"12/30/2018","22.33","22.40","22.54","22.17","64.78K","-0.09%"
"12/27/2018","22.35","22.45","22.73","22.22","81.16K","0.22%"
"12/26/2018","22.30","22.43","22.45","22.21","58.22K","0.63%"
"12/25/2018","22.16","22.21","22.45","21.72","143.87K","-0.76%"
"12/24/2018","22.33","22.05","22.65","22.05","97.42K","-2.40%"
"12/23/2018","22.88","23.00","23.33","22.43","313.67K","-1.29%"
"12/20/2018","23.18","23.00","23.34","22.70","133.53K","-0.32%"
"12/19/2018","23.25","22.93","23.53","22.93","282.55K","2.20%"
"12/18/2018","22.75","22.80","22.99","22.60","52.78K","-1.04%"
"12/17/2018","22.99","22.97","23.23","22.86","109.17K","1.20%"
"12/16/2018","22.72","22.80","22.87","22.47","46.05K","0.83%"
"12/13/2018","22.53","23.07","23.20","22.05","322.06K","-1.52%"
"12/12/2018","22.88","22.55","23.00","22.55","71.73K","0.56%"
"12/11/2018","22.75","23.00","23.00","22.67","71.08K","0.23%"
"12/10/2018","22.70","22.53","22.87","22.53","117.27K","1.95%"
"12/09/2018","22.27","22.17","22.53","22.00","82.97K","-1.39%"
"12/06/2018","22.58","22.17","23.33","22.17","235.61K","2.17%"
"12/05/2018","22.10","22.00","22.44","21.60","191.12K","0.33%"
"12/04/2018","22.03","22.63","22.67","21.67","299.16K","-2.74%"
"12/03/2018","22.65","23.01","23.01","22.50","130.04K","-1.85%"
"12/02/2018","23.07","23.33","23.35","22.85","50.28K","-0.29%"
"11/29/2018","23.14","23.33","23.33","22.84","92.88K","-0.94%"
"11/28/2018","23.36","23.34","23.79","23.00","163.76K","0.06%"
"11/27/2018","23.35","23.33","23.60","23.25","170.56K","0.03%"
"11/26/2018","23.34","23.40","23.63","23.17","126.19K","-0.06%"
"11/25/2018","23.35","23.51","23.93","23.20","258.54K","-3.10%"
"11/22/2018","24.10","24.46","24.47","23.60","81.21K","0.33%"
"11/21/2018","24.02","23.44","24.50","23.33","304.45K","1.46%"
"11/19/2018","23.67","23.49","23.90","23.24","216.18K","2.04%"
"11/18/2018","23.20","23.00","23.42","23.00","372.10K","0.61%"
"11/15/2018","23.06","23.07","23.33","23.00","75.91K","-0.09%"
"11/14/2018","23.08","23.01","23.33","22.81","146.42K","0.20%"
"11/13/2018","23.03","23.40","23.40","22.71","162.72K","-1.40%"
"11/12/2018","23.36","23.29","23.57","23.23","142.70K","0.49%"
"11/11/2018","23.25","23.56","23.67","22.78","147.34K","1.48%"
"11/08/2018","22.91","22.40","23.67","22.33","494.75K","2.32%"
"11/07/2018","22.39","22.41","22.67","22.33","332.54K","0.15%"
"11/06/2018","22.35","22.01","22.67","21.67","397.09K","-6.78%"
"11/05/2018","23.98","24.44","24.44","23.77","360.46K","-1.67%"
"11/04/2018","24.39","24.47","24.67","24.20","158.55K","0.69%"
"11/01/2018","24.22","23.99","24.53","23.84","186.37K","1.11%"
"10/31/2018","23.95","24.41","24.42","23.57","250.12K","0.28%"
"10/30/2018","23.89","23.33","24.27","23.33","553.26K","2.69%"
"10/29/2018","23.26","23.37","23.55","22.94","494.79K","-0.37%"
"10/28/2018","23.35","23.05","23.85","23.00","229.05K","1.83%"
"10/25/2018","22.93","23.33","23.33","22.59","441.22K","-4.21%"
"10/24/2018","23.93","24.65","24.86","23.22","355.86K","-3.03%"
"10/23/2018","24.68","25.23","25.48","24.15","298.60K","-2.37%"
"10/22/2018","25.28","25.53","25.55","25.03","139.12K","0.42%"
"10/21/2018","25.17","24.67","25.65","24.47","246.37K","2.28%"
"10/18/2018","24.61","24.87","24.93","24.35","106.30K","-1.65%"
"10/17/2018","25.03","24.97","25.67","24.65","267.02K","-0.79%"
"10/16/2018","25.23","25.33","25.67","24.91","240.51K","-0.58%"
"10/15/2018","25.37","25.41","26.12","24.37","404.65K","0.58%"
"10/14/2018","25.23","24.35","25.53","24.35","458.22K","5.99%"
"10/11/2018","23.80","23.00","24.79","22.47","619.46K","3.36%"
"10/10/2018","23.03","22.67","23.73","22.43","338.77K","2.46%"
"10/09/2018","22.47","22.49","23.00","22.05","276.85K","0.45%"
"10/08/2018","22.37","22.78","23.13","21.90","190.97K","-2.75%"
"10/04/2018","23.01","23.33","23.33","22.82","150.54K","-0.55%"
"10/03/2018","23.13","23.27","23.51","22.67","171.21K","1.11%"
"10/02/2018","22.88","23.00","23.25","22.60","145.22K","0.32%"
"10/01/2018","22.81","23.20","23.47","22.53","161.53K","-2.84%"
"09/30/2018","23.47","23.49","23.87","23.17","139.21K","0.37%"
"09/27/2018","23.39","23.45","23.73","23.00","215.77K","-0.28%"
"09/26/2018","23.45","23.31","23.78","23.26","701.86K","3.38%"
"09/25/2018","22.69","22.00","23.18","21.87","742.17K","2.47%"
"09/24/2018","22.14","22.96","22.96","21.71","440.02K","-1.98%"
"09/23/2018","22.59","23.19","23.33","22.03","287.55K","-0.35%"
"09/20/2018","22.67","24.00","24.65","21.68","341.69K","-5.90%"
"09/19/2018","24.09","24.67","24.67","23.67","214.56K","-5.89%"
"09/18/2018","25.59","25.91","26.19","24.67","394.47K","1.32%"
"09/17/2018","25.26","24.70","26.00","24.00","278.74K","2.38%"
"09/16/2018","24.67","24.95","25.65","23.70","394.74K","-3.06%"
"09/13/2018","25.45","26.00","26.53","25.07","240.92K","-2.95%"
"09/12/2018","26.23","26.67","26.67","25.70","112.57K","-3.03%"
"09/10/2018","27.05","27.43","27.60","26.53","119.87K","-2.41%"
"09/09/2018","27.71","28.33","28.35","27.53","71.67K","-0.57%"
"09/06/2018","27.87","27.87","28.00","27.80","33.16K","0.22%"
"09/05/2018","27.81","27.85","28.00","27.67","35.52K","-0.83%"
"09/04/2018","28.05","28.37","28.67","27.67","179.43K","-0.19%"
"09/03/2018","28.10","28.67","28.67","27.99","166.01K","-2.90%"
"09/02/2018","28.94","29.33","29.33","28.53","58.38K","-1.23%"
"08/30/2018","29.30","29.34","29.53","29.01","62.33K","-0.16%"
"08/29/2018","29.35","29.40","29.65","29.13","72.84K","-0.16%"
"08/28/2018","29.39","28.66","30.00","28.66","140.35K","3.96%"
"08/27/2018","28.27","28.34","28.67","28.00","54.53K","-1.23%"
"08/26/2018","28.63","28.20","28.98","28.01","42.90K","1.97%"
"08/19/2018","28.07","28.27","28.38","28.00","22.73K","-0.59%"
"08/16/2018","28.24","28.63","28.81","28.00","94.96K","0.33%"
"08/15/2018","28.15","28.66","28.67","28.00","80.36K","-1.08%"
"08/14/2018","28.45","28.99","29.33","27.77","83.38K","-1.75%"
"08/13/2018","28.96","29.99","29.99","28.41","176.15K","-3.42%"
"08/12/2018","29.99","30.33","30.60","29.63","233.23K","-2.79%"
"08/09/2018","30.85","31.27","31.60","30.41","128.27K","-2.03%"
"08/08/2018","31.49","30.79","32.00","30.73","126.90K","1.64%"
"08/07/2018","30.98","30.00","31.67","30.00","115.71K","2.49%"
"08/06/2018","30.23","30.67","30.91","30.00","108.14K","-1.58%"
"08/05/2018","30.71","31.73","31.73","30.00","154.68K","-4.06%"
"08/02/2018","32.01","32.00","33.33","31.33","197.91K","-1.42%"
"08/01/2018","32.47","33.04","33.06","32.00","152.22K","-1.91%"
"07/31/2018","33.11","32.00","33.46","32.00","498.27K","3.50%"
"07/30/2018","31.99","30.20","33.33","29.67","403.50K","5.54%"
"07/29/2018","30.31","30.67","30.73","29.93","88.28K","-0.33%"
"07/26/2018","30.41","30.07","30.79","29.33","182.82K","-0.93%"
"07/25/2018","30.69","32.09","32.40","30.00","121.20K","-6.02%"
"07/24/2018","32.66","33.53","33.67","32.01","88.73K","-1.82%"
"07/22/2018","33.27","33.13","33.53","33.00","37.74K","-0.10%"
"07/19/2018","33.30","33.37","33.65","33.07","62.03K","-1.44%"
"07/18/2018","33.79","33.43","34.33","33.35","58.67K","0.00%"
"07/17/2018","33.79","34.11","34.85","33.00","213.96K","-2.31%"
"07/16/2018","34.59","35.33","35.33","34.10","120.25K","-3.37%"
"07/15/2018","35.79","35.67","36.33","35.00","265.73K","1.05%"
"07/12/2018","35.42","35.01","36.00","34.69","352.55K","0.85%"
"07/11/2018","35.12","35.00","35.33","34.77","67.22K","0.52%"
"07/10/2018","34.94","35.59","35.59","34.67","46.96K","0.85%"
"07/09/2018","34.65","34.71","35.63","33.99","130.28K","-2.24%"
"07/08/2018","35.44","36.00","36.27","34.52","194.70K","-1.57%"
"07/05/2018","36.01","36.00","36.37","35.75","79.08K","-0.22%"
"07/04/2018","36.09","36.66","36.66","35.95","96.81K","-1.26%"
"07/03/2018","36.55","36.61","36.99","36.27","105.40K","0.86%"
"07/02/2018","36.23","37.15","37.15","36.00","84.18K","-1.72%"
"06/28/2018","36.87","36.57","37.33","36.44","137.51K","1.28%"
"06/27/2018","36.40","36.40","36.87","36.01","96.95K","0.94%"
"06/26/2018","36.06","36.11","36.67","35.80","98.90K","-2.08%"
"06/25/2018","36.83","37.57","37.57","36.20","82.26K","-1.85%"
"06/24/2018","37.52","37.33","37.99","37.20","111.45K","1.10%"
"06/21/2018","37.11","36.67","37.95","36.08","150.29K","2.13%"
"06/20/2018","36.34","37.33","37.33","35.75","197.28K","-2.26%"
"06/19/2018","37.18","38.07","38.07","36.67","132.29K","-2.12%"
"06/14/2018","37.99","38.67","38.93","37.54","111.73K","-2.21%"
"06/13/2018","38.85","39.67","40.33","38.41","262.91K","-3.73%"
"06/12/2018","40.35","40.08","40.93","39.93","41.03K","1.99%"
"06/11/2018","39.57","39.33","40.67","38.67","200.23K","0.85%"
"06/10/2018","39.23","39.00","39.99","38.41","64.41K","2.58%"
"06/07/2018","38.25","38.53","39.31","37.33","87.91K","-2.96%"
"06/06/2018","39.41","40.67","40.67","37.67","105.41K","-0.40%"
"06/05/2018","39.57","40.08","40.11","38.73","78.65K","-2.93%"
"06/04/2018","40.77","42.53","42.53","40.01","96.00K","-3.58%"
"06/03/2018","42.28","42.13","42.67","41.69","55.58K","1.18%"
"05/31/2018","41.79","42.13","42.59","40.67","104.43K","-2.31%"
"05/30/2018","42.77","43.36","43.38","42.19","128.00K","-1.81%"
"05/29/2018","43.56","43.64","44.13","43.03","224.40K","0.51%"
"05/28/2018","43.34","44.00","44.00","42.87","177.49K","-10.71%"
"05/27/2018","48.54","49.00","49.32","48.14","420.31K","-0.67%"
"05/24/2018","48.87","48.66","49.53","48.23","254.67K","0.80%"
"05/23/2018","48.48","49.27","49.27","48.05","122.02K","-0.85%"
"05/22/2018","48.89","49.00","49.66","48.33","266.86K","0.77%"
"05/21/2018","48.52","47.28","49.09","47.28","417.53K","3.54%"
"05/20/2018","46.86","47.32","47.33","46.55","82.97K","-0.28%"
"05/17/2018","46.99","47.33","47.57","46.77","273.95K","-0.41%"
"05/16/2018","47.19","46.69","47.68","46.07","248.08K","1.26%"
"05/15/2018","46.60","46.00","47.30","45.67","246.43K","2.49%"
"05/14/2018","45.47","45.99","46.43","44.84","192.22K","-2.08%"
"05/13/2018","46.43","47.10","47.66","45.87","167.64K","-0.41%"
"05/10/2018","46.63","46.18","47.60","45.90","299.12K","-0.71%"
"05/09/2018","46.96","48.17","48.17","46.07","237.86K","-2.52%"
"05/08/2018","48.17","48.00","48.83","47.80","174.56K","-0.74%"
"05/07/2018","48.53","49.80","49.80","47.75","308.92K","-2.29%"
"05/06/2018","49.67","49.33","50.39","48.75","454.78K","0.12%"
"05/03/2018","49.61","50.67","51.00","49.01","477.74K","0.64%"
"05/02/2018","49.30","47.33","50.67","47.33","1.49M","4.69%"
"04/30/2018","47.09","46.13","47.67","46.13","436.22K","1.93%"
"04/29/2018","46.20","46.65","46.67","46.00","245.36K","0.51%"
"04/26/2018","45.97","45.67","46.60","45.41","239.00K","0.04%"
"04/24/2018","45.95","46.63","46.66","45.43","625.19K","-1.67%"
"04/23/2018","46.73","46.46","47.49","46.23","510.62K","-0.45%"
"04/22/2018","46.94","48.99","48.99","46.14","621.58K","0.16%"
"04/19/2018","46.87","46.43","47.93","45.67","2.50M","5.78%"
"04/18/2018","44.31","43.95","44.80","43.87","1.36M","1.56%"
"04/17/2018","43.63","42.97","44.00","42.67","750.84K","2.57%"
"04/16/2018","42.53","42.34","43.23","42.13","100.06K","0.79%"
"04/15/2018","42.20","42.65","42.96","42.00","97.83K","-0.44%"
"04/12/2018","42.39","42.43","42.67","42.01","267.29K","-1.17%"
"04/11/2018","42.89","43.26","43.33","42.02","468.58K","-0.85%"
"04/10/2018","43.25","43.33","43.92","42.50","735.98K","1.87%"
"04/05/2018","42.46","41.80","43.00","41.49","630.00K","3.06%"
"04/04/2018","41.20","41.59","42.00","40.21","408.00K","-0.21%"
"04/03/2018","41.29","41.62","42.10","40.34","426.01K","0.49%"
"04/02/2018","41.09","40.83","41.87","40.33","338.56K","1.33%"
"04/01/2018","40.55","41.66","41.74","40.11","195.80K","-0.99%"
"03/29/2018","40.95","40.99","41.53","40.54","164.97K","0.84%"
"03/28/2018","40.61","40.68","41.33","40.20","147.94K","-1.31%"
"03/27/2018","41.15","41.00","41.53","40.50","166.33K","1.93%"
"03/26/2018","40.37","41.67","42.20","39.67","294.44K","-1.34%"
"03/25/2018","40.92","41.00","41.67","40.00","191.43K","-1.81%"
"03/22/2018","41.67","42.53","42.53","41.00","176.67K","-2.80%"
"03/21/2018","42.87","43.99","44.00","42.18","148.72K","-2.38%"
"03/20/2018","43.92","42.63","44.83","42.63","531.07K","2.19%"
"03/19/2018","42.98","41.29","44.00","40.67","819.02K","7.47%"
"03/18/2018","39.99","41.20","41.22","39.50","112.69K","-0.15%"
"03/15/2018","40.05","39.87","40.67","39.77","105.69K","-0.81%"
"03/14/2018","40.38","41.33","41.49","39.67","96.24K","-2.01%"
"03/13/2018","41.21","42.33","42.33","40.51","116.33K","-2.31%"
"03/12/2018","42.18","42.07","42.77","41.57","160.56K","-0.28%"
"03/11/2018","42.30","42.67","42.80","42.07","185.37K","1.34%"
"03/08/2018","41.74","40.23","42.67","40.23","647.00K","5.55%"
"03/07/2018","39.55","40.40","40.40","39.23","163.06K","-1.26%"
"03/06/2018","40.05","39.99","40.70","39.33","333.83K","2.07%"
"03/05/2018","39.24","38.68","39.75","38.67","182.48K","-1.27%"
"03/04/2018","39.75","40.60","41.00","38.67","231.94K","-3.15%"
"03/01/2018","41.04","41.33","41.63","40.40","287.58K","-0.74%"
"02/28/2018","41.35","41.87","42.00","40.84","121.96K","-1.21%"
"02/27/2018","41.85","41.63","42.33","41.34","194.10K","0.69%"
"02/26/2018","41.57","41.33","41.91","41.15","176.22K","0.84%"
"02/25/2018","41.22","41.30","41.65","40.80","97.22K","0.60%"
"02/22/2018","40.97","41.69","42.00","40.40","355.30K","-2.34%"
"02/21/2018","41.95","42.15","42.67","41.33","161.65K","-0.38%"
"02/20/2018","42.11","42.53","42.67","41.87","140.24K","-1.33%"
"02/19/2018","42.68","42.24","43.27","42.10","287.93K","-0.16%"
"02/18/2018","42.75","43.57","43.57","42.07","200.71K","-1.91%"
"02/15/2018","43.58","43.89","44.33","42.67","181.09K","1.29%"
"02/14/2018","43.03","42.60","43.67","42.20","91.11K","0.31%"
"02/13/2018","42.89","43.50","44.00","42.07","162.25K","-0.71%"
"02/12/2018","43.20","43.17","43.87","42.90","112.48K","-0.25%"
"02/11/2018","43.31","45.30","45.30","42.70","97.91K","-2.56%"
"02/08/2018","44.45","45.33","45.53","44.00","167.69K","-2.49%"
"02/07/2018","45.58","46.53","46.99","44.67","172.89K","1.82%"
"02/06/2018","44.77","44.64","45.63","43.33","264.17K","-3.85%"
"02/05/2018","46.56","46.60","47.40","46.02","246.69K","-0.46%"
"02/04/2018","46.77","47.00","47.60","45.93","382.46K","-1.36%"
"02/01/2018","47.42","46.67","48.60","46.00","1.15M","2.33%"
"01/31/2018","46.34","47.67","47.87","45.37","498.01K","-2.20%"
"01/30/2018","47.38","46.26","48.97","45.99","1.43M","3.65%"
"01/29/2018","45.71","43.99","46.53","43.73","1.24M","4.96%"
"01/28/2018","43.55","42.66","44.07","42.66","570.87K","3.04%"
"01/24/2018","42.27","42.77","43.00","41.89","217.85K","-1.63%"
"01/23/2018","42.97","42.65","43.67","42.65","136.56K","1.62%"
"01/22/2018","42.28","42.33","42.67","42.01","151.14K","-0.50%"
"01/21/2018","42.49","43.33","43.33","42.00","164.05K","-2.92%"
"01/18/2018","43.77","44.20","44.63","43.11","178.47K","0.57%"
"01/17/2018","43.53","43.33","44.17","42.33","455.38K","1.12%"
"01/16/2018","43.05","41.77","43.53","41.77","434.22K","0.89%"
"01/15/2018","42.67","44.00","44.00","41.75","434.63K","-3.79%"
"01/14/2018","44.35","44.93","45.33","43.68","270.72K","-1.92%"
"01/11/2018","45.21","45.25","46.07","44.00","437.51K","2.49%"
"01/10/2018","44.11","43.67","44.65","43.53","357.77K","-0.99%"
"01/09/2018","44.56","44.75","45.56","43.67","334.10K","-2.30%"
"01/08/2018","45.61","46.32","46.67","44.42","323.80K","-1.47%"
"01/04/2018","46.29","46.16","47.17","45.69","719.03K","2.64%"
"01/03/2018","45.10","42.70","46.66","42.70","913.27K","4.63%"
"01/02/2018","43.10","43.42","44.00","42.67","224.46K","-0.80%"
"12/31/2017","43.45","44.00","44.33","43.04","275.01K","-1.36%"
"12/28/2017","44.05","44.66","44.88","43.34","445.34K","-0.60%"
"12/27/2017","44.31","43.04","45.00","43.04","1.05M","4.33%"
"12/26/2017","42.47","43.33","43.43","41.37","286.51K","-2.26%"
"12/25/2017","43.46","42.49","44.33","42.49","514.33K","3.76%"
"12/24/2017","41.88","41.33","42.67","40.67","215.40K","1.48%"
"12/21/2017","41.27","42.00","42.30","40.80","172.19K","-3.43%"
"12/20/2017","42.74","44.00","44.07","41.70","339.55K","-2.75%"
"12/19/2017","43.95","43.25","45.00","43.17","473.50K","2.65%"
"12/18/2017","42.82","41.33","43.97","41.33","704.49K","3.51%"
"12/17/2017","41.37","40.62","41.83","40.62","320.07K","2.38%"
"12/14/2017","40.41","40.00","41.00","39.67","200.58K","0.97%"
"12/13/2017","40.02","40.00","40.66","39.50","205.33K","-1.57%"
"12/12/2017","40.65","40.56","41.62","39.78","370.81K","1.17%"
"12/11/2017","40.18","39.13","40.87","39.06","414.66K","2.68%"
"12/10/2017","39.13","37.97","39.98","37.85","149.73K","3.28%"
"12/07/2017","37.89","38.03","38.56","37.37","104.36K","-1.10%"
"12/06/2017","38.31","39.33","39.33","38.00","205.29K","-3.05%"
"12/05/2017","39.51","40.41","40.41","38.83","464.42K","-3.27%"
"12/04/2017","40.85","42.33","42.33","40.18","236.49K","-2.98%"
"12/03/2017","42.10","41.67","42.66","41.54","151.36K","0.63%"
"11/29/2017","41.84","41.66","42.53","41.34","306.17K","0.22%"
"11/28/2017","41.75","41.40","42.55","40.99","610.95K","7.88%"
"11/27/2017","38.70","36.65","40.12","36.65","943.06K","6.10%"
"11/26/2017","36.47","36.48","37.03","36.00","197.08K","0.26%"
"11/23/2017","36.38","36.65","36.79","36.00","239.87K","2.21%"
"11/22/2017","35.59","34.89","36.33","34.42","320.62K","2.89%"
"11/21/2017","34.59","34.66","35.17","34.24","293.62K","1.30%"
"11/20/2017","34.15","34.23","34.92","33.50","412.54K","-1.46%"
"11/19/2017","34.66","36.17","36.17","33.70","260.82K","-4.19%"
"11/16/2017","36.17","36.08","37.05","35.67","214.34K","-2.48%"
"11/15/2017","37.09","37.42","38.00","36.40","360.17K","-2.11%"
"11/14/2017","37.89","38.58","39.00","37.05","552.68K","0.12%"
"11/13/2017","37.85","36.99","38.50","36.67","516.73K","1.61%"
"11/12/2017","37.25","38.67","39.50","36.17","825.91K","-5.57%"
"11/09/2017","39.44","40.95","41.33","38.00","581.47K","-3.56%"
"11/08/2017","40.90","40.40","41.82","40.34","339.37K","-0.16%"
"11/07/2017","40.97","41.67","41.99","40.10","350.80K","-2.80%"
"11/06/2017","42.15","42.98","43.00","41.04","194.14K","-2.86%"
"11/05/2017","43.39","42.70","44.33","42.33","374.65K","0.42%"
"11/02/2017","43.20","42.00","43.96","41.67","715.90K","3.09%"
"11/01/2017","41.91","42.37","42.96","41.40","211.01K","-1.82%"
"10/31/2017","42.68","43.13","43.83","41.85","465.93K","-1.85%"
"10/30/2017","43.49","43.32","44.10","42.54","701.38K","0.83%"
"10/29/2017","43.13","42.25","44.00","42.17","659.47K","2.38%"
"10/26/2017","42.13","43.33","43.66","41.20","490.86K","1.27%"
"10/25/2017","41.60","40.73","43.50","40.00","1.47M","-1.17%"
"10/24/2017","42.09","44.37","44.98","40.57","692.71K","-6.54%"
"10/23/2017","45.04","45.58","45.96","44.33","652.64K","3.30%"
"10/22/2017","43.60","40.33","45.16","40.33","1.36M","6.19%"
"10/19/2017","41.06","42.67","43.33","40.44","1.12M","-8.63%"
"10/18/2017","44.94","47.00","48.00","42.37","623.19K","-3.74%"
"10/17/2017","46.68","46.84","48.00","46.04","294.07K","-2.59%"
"10/16/2017","47.93","49.67","50.22","46.84","404.78K","-3.98%"
"10/15/2017","49.91","48.66","51.33","48.66","551.44K","2.79%"
"10/12/2017","48.56","49.00","49.50","47.67","242.75K","-2.64%"
"10/11/2017","49.87","49.66","51.00","48.68","317.79K","1.19%"
"10/10/2017","49.29","49.33","50.23","48.70","205.06K","-2.48%"
"10/09/2017","50.54","52.00","52.63","49.00","398.31K","-2.88%"
"10/08/2017","52.04","53.33","54.15","50.67","563.87K","2.52%"
"10/04/2017","50.76","49.33","53.33","48.17","902.17K","8.76%"
"10/03/2017","46.67","45.99","48.60","44.87","716.20K","2.93%"
"10/02/2017","45.34","44.35","46.67","44.35","654.68K","4.36%"
"10/01/2017","43.45","42.50","44.33","42.30","329.65K","4.25%"
"09/28/2017","41.68","42.30","43.00","40.70","414.61K","-4.00%"
"09/27/2017","43.41","45.92","45.92","41.71","595.07K","-5.87%"
"09/26/2017","46.12","46.33","48.00","45.00","285.02K","2.34%"
"09/25/2017","45.06","46.33","46.33","44.30","350.02K","-2.75%"
"09/24/2017","46.34","45.48","48.67","44.87","593.99K","7.45%"
"09/20/2017","43.12","40.37","44.17","40.37","524.04K","7.40%"
"09/19/2017","40.15","38.67","41.50","38.65","521.52K","4.05%"
"09/18/2017","38.59","39.25","39.33","38.04","284.53K","0.47%"
"09/17/2017","38.41","37.96","40.00","36.98","356.99K","1.70%"
"09/14/2017","37.77","37.34","38.98","37.00","294.64K","-1.72%"
"09/13/2017","38.43","39.20","39.21","36.83","780.57K","7.80%"
"09/12/2017","35.65","34.00","36.36","33.67","389.61K","7.84%"
"09/11/2017","33.06","32.67","33.67","32.02","266.83K","2.32%"
"09/10/2017","32.31","32.00","33.10","31.52","148.41K","1.12%"
"09/07/2017","31.95","31.78","32.67","31.54","162.11K","-1.11%"
"09/06/2017","32.31","33.17","33.17","31.70","211.34K","-2.71%"
"09/05/2017","33.21","32.97","34.00","32.70","215.63K","1.02%"
"08/30/2017","32.87","32.67","33.33","32.05","288.45K","3.99%"
"08/29/2017","31.61","32.00","32.50","30.70","354.10K","-4.96%"
"08/28/2017","33.26","36.00","36.00","32.06","519.69K","-6.62%"
"08/27/2017","35.62","36.20","38.33","34.01","721.51K","7.32%"
"08/24/2017","33.19","32.17","33.24","32.17","238.12K","9.84%"
"08/23/2017","30.22","28.33","30.75","28.33","552.25K","8.10%"
"08/22/2017","27.96","27.67","28.60","26.68","196.66K","0.23%"
"08/21/2017","27.89","27.90","28.59","27.33","215.82K","-2.58%"
"08/20/2017","28.63","30.00","30.00","27.67","139.62K","-3.12%"
"08/17/2017","29.56","30.00","30.58","29.00","260.70K","-1.47%"
"08/16/2017","30.00","31.03","31.63","29.00","282.51K","-3.91%"
"08/15/2017","31.22","33.00","33.80","30.00","415.18K","-5.99%"
"08/14/2017","33.21","33.67","34.62","31.88","287.51K","0.83%"
"08/13/2017","32.93","31.83","34.40","31.00","402.09K","2.87%"
"08/10/2017","32.01","32.40","33.00","31.59","259.78K","4.24%"
"08/09/2017","30.71","28.69","32.31","28.69","371.59K","4.09%"
"08/08/2017","29.50","29.67","30.33","28.83","88.33K","1.21%"
"08/07/2017","29.15","28.67","30.33","27.67","99.40K","-0.61%"
"08/06/2017","29.33","30.01","30.01","28.67","112.90K","-3.84%"
"08/03/2017","30.50","29.00","31.87","28.42","272.19K","10.77%"
"08/02/2017","27.53","26.66","28.02","26.66","183.95K","8.07%"
"08/01/2017","25.48","24.88","26.16","24.17","286.66K","7.13%"
"07/31/2017","23.78","24.67","24.67","22.74","362.05K","-0.50%"
"07/30/2017","23.90","23.33","24.67","23.00","202.42K","3.25%"
"07/27/2017","23.15","24.16","24.33","22.22","206.11K","2.30%"
"07/26/2017","22.63","21.65","23.32","21.53","328.89K","6.71%"
"07/25/2017","21.20","21.00","21.66","20.67","102.43K","-1.62%"
"07/24/2017","21.55","21.67","21.93","21.17","89.35K","0.28%"
"07/20/2017","21.49","22.00","22.48","20.67","172.97K","4.91%"
"07/19/2017","20.49","19.49","21.11","19.33","251.10K","6.74%"
"07/18/2017","19.19","19.83","20.03","18.67","122.49K","-2.75%"
"07/17/2017","19.74","20.50","20.67","19.33","73.99K","-2.31%"
"07/16/2017","20.20","20.66","20.67","19.70","57.44K","-0.20%"
"07/13/2017","20.24","21.17","21.33","19.84","241.12K","-6.76%"
"07/12/2017","21.71","21.04","22.67","20.84","176.52K","0.71%"
"07/11/2017","21.56","22.63","23.00","20.67","118.51K","-1.91%"
"07/10/2017","21.98","22.12","22.12","20.50","263.62K","9.26%"
"07/09/2017","20.11","18.97","20.86","18.97","148.61K","7.77%"
"07/06/2017","18.66","18.00","18.96","17.99","223.57K","8.30%"
"07/05/2017","17.23","16.08","17.69","16.00","728.82K","17.85%"
"07/04/2017","14.62","14.62","14.62","14.62","83.85K","9.98%"
"07/03/2017","13.30","12.30","13.54","12.30","421.33K","7.99%"
"07/02/2017","12.31","12.33","12.42","12.17","84.94K","0.52%"
"06/28/2017","12.25","12.27","12.38","12.09","37.51K","0.80%"
"06/22/2017","12.15","12.04","12.43","12.03","69.58K","0.16%"
"06/21/2017","12.13","12.22","12.33","12.04","56.43K","-2.31%"
"06/20/2017","12.42","12.37","12.73","12.20","47.99K","-1.17%"
"06/19/2017","12.57","12.73","12.96","12.33","139.68K","0.13%"
"06/18/2017","12.55","11.73","12.74","11.73","494.62K","8.38%"
"06/15/2017","11.58","11.83","11.83","11.49","41.61K","-0.26%"
"06/14/2017","11.61","11.58","11.67","11.51","30.07K","-0.74%"
"06/13/2017","11.70","11.87","11.87","11.57","75.40K","-2.20%"
"06/12/2017","11.96","12.00","12.17","11.83","59.38K","-0.11%"
"06/11/2017","11.97","11.88","12.15","11.83","106.64K","2.45%"
"06/08/2017","11.69","11.70","11.90","11.67","59.23K","-0.68%"
"06/07/2017","11.77","11.69","11.98","11.69","42.75K","0.48%"
"06/06/2017","11.71","11.74","11.92","11.67","29.40K","-1.35%"
"06/05/2017","11.87","12.00","12.15","11.73","33.31K","-1.14%"
"06/04/2017","12.01","11.67","12.33","11.58","81.45K","3.51%"
"06/01/2017","11.60","11.65","11.75","11.42","59.85K","0.78%"
"05/31/2017","11.51","11.53","11.67","11.34","45.04K","-0.17%"
"05/30/2017","11.53","11.67","11.82","11.33","31.63K","-1.57%"
"05/29/2017","11.71","11.96","11.96","11.67","32.50K","-0.62%"
"05/28/2017","11.79","11.69","11.97","11.67","86.62K","-0.62%"
"05/25/2017","11.86","11.96","12.08","11.67","70.92K","0.85%"
"05/24/2017","11.76","12.26","12.29","11.50","145.69K","-3.47%"
"05/23/2017","12.18","12.10","12.40","11.95","119.25K","1.25%"
"05/22/2017","12.03","12.65","12.65","11.60","290.79K","-2.62%"
"05/21/2017","12.36","12.00","12.36","11.51","288.32K","9.97%"
"05/18/2017","11.24","11.45","11.50","11.04","136.49K","-2.09%"
"05/17/2017","11.48","11.68","11.98","11.33","81.98K","-0.72%"
"05/16/2017","11.56","11.67","11.70","11.42","98.53K","-3.67%"
"05/15/2017","12.00","11.67","12.33","11.53","197.98K","3.51%"
"05/14/2017","11.59","11.63","11.67","11.42","52.47K","-1.17%"
"05/11/2017","11.73","11.76","11.91","11.59","130.21K","-0.28%"
"05/10/2017","11.76","12.11","12.11","11.52","147.68K","-4.85%"
"05/09/2017","12.36","12.17","12.60","12.02","82.15K","-1.36%"
"05/08/2017","12.53","12.83","13.50","12.03","120.25K","-0.90%"
"05/07/2017","12.65","12.33","12.68","12.33","334.32K","9.72%"
"05/04/2017","11.53","10.83","11.83","10.83","427.90K","7.16%"
"05/03/2017","10.76","11.25","11.33","10.57","191.52K","-5.70%"
"05/02/2017","11.41","11.23","11.80","11.07","228.88K","4.58%"
"04/30/2017","10.91","11.00","11.31","10.34","43.85K","-0.06%"
"04/27/2017","10.91","11.00","11.01","10.80","43.86K","-0.61%"
"04/26/2017","10.98","11.00","11.14","10.80","86.12K","0.30%"
"04/24/2017","10.95","11.30","11.33","10.63","164.32K","-2.38%"
"04/23/2017","11.21","11.46","11.50","11.03","50.95K","-3.11%"
"04/20/2017","11.57","11.67","11.93","11.17","237.30K","-1.70%"
"04/19/2017","11.77","12.07","12.07","11.59","20.96K","-2.30%"
"04/18/2017","12.05","12.11","12.24","11.77","25.90K","1.57%"
"04/13/2017","11.86","11.67","12.04","11.54","49.60K","0.59%"
"04/12/2017","11.79","11.92","12.00","11.34","124.15K","-1.53%"
"04/11/2017","11.98","12.33","12.33","11.68","86.71K","-1.45%"
"04/10/2017","12.15","12.00","12.33","11.90","118.43K","-0.74%"
"04/09/2017","12.24","12.33","12.60","11.90","178.17K","-1.45%"
"04/06/2017","12.42","11.99","12.98","11.99","263.34K","3.85%"
"04/05/2017","11.96","11.75","12.33","11.44","242.76K","3.64%"
"04/04/2017","11.54","11.99","12.00","11.35","130.27K","-0.80%"
"04/03/2017","11.64","11.26","12.00","11.22","150.49K","0.26%"
"04/02/2017","11.61","11.80","12.00","11.33","79.00K","-3.47%"
"03/30/2017","12.02","12.65","12.67","11.67","247.17K","-3.61%"
"03/29/2017","12.47","12.33","12.95","12.17","125.72K","2.52%"
"03/28/2017","12.17","11.33","12.49","10.90","506.36K","7.16%"
"03/27/2017","11.35","11.32","12.06","11.03","145.25K","3.31%"
"03/26/2017","10.99","10.13","11.14","10.13","216.02K","8.53%"
"03/23/2017","10.13","11.10","11.10","9.56","163.84K","-1.13%"
"03/22/2017","10.24","9.59","10.76","9.59","168.95K","-0.97%"
"03/21/2017","10.34","10.32","11.20","10.12","173.00K","-8.01%"
"03/20/2017","11.24","11.64","11.64","10.30","401.01K","6.27%"
"03/19/2017","10.58","10.58","10.58","10.58","75.92K","9.99%"
"03/16/2017","9.62","9.39","9.68","9.15","159.77K","9.34%"
"03/15/2017","8.80","8.18","9.00","8.18","316.87K","18.25%"
"03/14/2017","7.44","6.93","7.62","6.91","399.06K","17.86%"
"03/13/2017","6.31","6.09","6.41","6.06","178.08K","8.38%"
"03/12/2017","5.82","5.85","5.85","5.82","9.84K","-2.83%"
"03/09/2017","5.99","6.03","6.06","5.82","20.10K","1.75%"
"03/08/2017","5.89","5.91","5.94","5.76","13.28K","-3.19%"
"03/07/2017","6.08","6.27","6.28","5.95","23.71K","-0.15%"
"03/06/2017","6.09","6.06","6.27","5.94","68.20K","-2.85%"
"03/05/2017","6.27","5.94","6.37","5.94","74.66K","5.13%"
"03/02/2017","5.97","5.76","6.04","5.76","152.69K","8.66%"
"03/01/2017","5.49","5.18","5.62","5.15","143.13K","7.47%"
"02/28/2017","5.11","5.21","5.30","4.92","28.05K","-0.24%"
"02/27/2017","5.12","4.95","5.29","4.95","35.33K","6.36%"
"02/26/2017","4.82","4.92","4.92","4.77","33.33K","-0.19%"
"02/23/2017","4.82","4.85","4.85","4.70","14.52K","-1.97%"
"02/22/2017","4.92","4.69","5.08","4.69","3.72K","-2.99%"
"02/21/2017","5.07","4.73","4.80","4.73","0.74K","0.00%"
"02/20/2017","5.07","4.91","5.25","4.91","5.79K","-2.50%"
"02/19/2017","5.20","5.15","5.30","5.06","13.23K","7.25%"
"02/16/2017","4.85","4.85","4.86","4.84","32.28K","9.81%"
"02/15/2017","4.42","4.44","4.48","4.36","64.00K","-4.64%"
"02/14/2017","4.63","4.91","4.91","4.35","44.95K","-3.78%"
"02/13/2017","4.82","4.73","5.00","4.55","27.94K","-2.69%"
"02/12/2017","4.95","5.00","5.00","4.71","7.64K","-1.63%"
"02/09/2017","5.03","5.14","5.14","5.00","8.44K","-1.01%"
"02/08/2017","5.08","5.15","5.61","4.98","69.77K","-1.99%"
"02/07/2017","5.18","5.34","5.35","5.00","36.46K","-2.73%"
"02/06/2017","5.33","5.45","5.45","5.30","13.15K","0.00%"
"02/05/2017","5.33","5.65","5.65","5.29","63.25K","-8.20%"
"02/02/2017","5.80","5.67","5.97","5.67","1.77K","0.31%"
"02/01/2017","5.78","5.75","5.82","5.61","112.91K","9.40%"
"01/31/2017","5.29","5.29","5.29","5.29","150.09K","9.96%"
"01/30/2017","4.81","4.65","4.82","4.65","149.78K","9.75%"
"01/29/2017","4.38","4.33","4.39","4.33","11.55K","3.51%"
"01/26/2017","4.23","4.16","4.37","4.16","14.54K","3.48%"
"01/24/2017","4.09","4.23","4.23","4.23","0.82K","0.00%"
"01/23/2017","4.09","4.09","4.09","4.09","9.90K","0.30%"
"01/22/2017","4.08","4.03","4.14","3.91","14.02K","0.90%"
"01/19/2017","4.04","4.09","4.09","4.03","12.54K","-4.44%"
"01/18/2017","4.23","4.18","4.27","4.16","18.56K","0.22%"
"01/17/2017","4.22","4.22","4.23","4.21","5.73K","4.66%"
"01/16/2017","4.03","4.03","4.04","4.03","6.78K","-0.30%"
"01/15/2017","4.05","4.09","4.09","4.02","17.39K","-0.60%"
"01/12/2017","4.07","4.21","4.24","4.02","17.95K","0.98%"
"01/11/2017","4.03","4.03","4.03","4.03","4.33K","-5.00%"
"01/10/2017","4.24","4.12","4.12","4.12","1.15K","0.00%"
"01/09/2017","4.24","4.15","4.24","4.15","2.31K","0.00%"
"01/08/2017","4.24","4.21","4.21","4.21","1.48K","0.00%"
"01/05/2017","4.24","4.24","4.24","4.24","4.62K","1.97%"
"01/03/2017","4.16","4.09","4.09","4.09","1.65K","0.00%"
"12/29/2016","4.16","4.18","4.24","4.12","17.06K","-0.15%"
"12/28/2016","4.17","4.18","4.22","4.05","2.47K","2.46%"
"12/26/2016","4.07","4.04","4.04","3.95","1.48K","0.00%"
"12/25/2016","4.07","3.92","3.92","3.92","2.34K","0.00%"
"12/22/2016","4.07","4.09","4.09","4.03","8.17K","-1.61%"
"12/21/2016","4.13","4.17","4.20","4.03","10.90K","-0.29%"
"12/20/2016","4.15","4.15","4.15","4.14","2.97K","3.87%"
"12/19/2016","3.99","3.88","4.15","3.88","6.03K","2.81%"
"12/18/2016","3.88","3.94","3.94","3.87","6.44K","0.39%"
"12/15/2016","3.87","3.95","3.95","3.67","11.46K","-2.97%"
"12/14/2016","3.98","4.00","4.00","3.97","3.30K","-1.94%"
"12/13/2016","4.06","4.00","4.18","4.00","5.21K","0.83%"
"12/12/2016","4.03","4.03","4.04","4.02","14.85K","-0.37%"
"12/08/2016","4.05","4.00","4.15","4.00","36.83K","0.38%"
"12/07/2016","4.03","3.98","4.18","3.98","9.84K","-1.48%"
"12/06/2016","4.09","4.09","4.09","4.09","10.72K","-1.24%"
"12/05/2016","4.14","4.18","4.19","4.12","35.40K","-1.80%"
"12/04/2016","4.22","4.18","4.24","4.18","5.41K","0.00%"
"12/01/2016","4.22","4.21","4.24","4.19","8.96K","-0.14%"
"11/30/2016","4.22","4.10","4.24","4.10","19.12K","3.87%"
"11/29/2016","4.07","4.03","4.09","3.96","55.39K","0.30%"
"11/28/2016","4.05","3.98","4.09","3.98","6.69K","-1.18%"
"11/27/2016","4.10","4.12","4.12","4.08","17.11K","-3.84%"
"11/24/2016","4.27","4.28","4.39","4.25","30.66K","-1.12%"
"11/23/2016","4.32","4.24","4.42","4.24","52.55K","3.87%"
"11/22/2016","4.15","4.04","4.22","4.02","18.48K","3.79%"
"11/21/2016","4.00","4.08","4.12","3.94","21.61K","1.69%"
"11/20/2016","3.94","3.85","4.08","3.83","41.60K","3.75%"
"11/17/2016","3.79","3.80","3.85","3.73","22.52K","2.12%"
"11/16/2016","3.72","3.65","3.78","3.65","8.18K","0.25%"
"11/15/2016","3.71","3.64","3.82","3.62","48.24K","2.86%"
"11/14/2016","3.60","3.56","3.61","3.56","3.62K","-3.80%"
"11/13/2016","3.75","3.79","3.82","3.64","11.88K","1.98%"
"11/10/2016","3.67","3.58","3.79","3.58","44.90K","3.95%"
"11/09/2016","3.53","3.48","3.55","3.48","19.14K","3.00%"
"11/08/2016","3.43","3.38","3.47","3.38","4.46K","1.80%"
"11/07/2016","3.37","3.43","3.43","3.33","20.09K","-2.88%"
"11/06/2016","3.47","3.47","3.60","3.34","11.45K","-4.82%"
"11/03/2016","3.65","3.66","3.67","3.34","5.48K","8.97%"
"11/01/2016","3.35","3.48","3.48","3.33","14.72K","-8.99%"
"10/31/2016","3.68","3.55","3.76","3.55","17.07K","-1.22%"
"10/30/2016","3.72","3.71","3.79","3.70","29.66K","2.42%"
"10/27/2016","3.63","3.63","3.71","3.42","21.14K","2.04%"
"10/26/2016","3.56","3.48","3.58","3.48","13.36K","4.63%"
"10/25/2016","3.40","3.39","3.57","3.39","2.47K","0.00%"
"10/24/2016","3.40","3.51","3.51","3.51","1.37K","0.00%"
"10/23/2016","3.40","3.48","3.48","3.39","1.28K","0.00%"
"10/20/2016","3.40","3.18","3.45","3.18","5.62K","1.08%"
"10/19/2016","3.37","3.34","3.35","3.10","2.74K","0.00%"
"10/18/2016","3.37","3.60","3.60","3.35","3.30K","-3.05%"
"10/17/2016","3.47","3.64","3.64","3.40","19.34K","-2.30%"
"10/16/2016","3.55","3.48","3.58","3.48","7.51K","1.73%"
"10/13/2016","3.49","3.60","3.61","3.60","1.89K","0.00%"
"10/12/2016","3.49","3.38","3.52","3.38","12.41K","0.00%"
"10/11/2016","3.49","3.41","3.41","3.33","2.31K","0.00%"
"10/10/2016","3.49","3.51","3.52","3.42","20.69K","0.35%"
"10/09/2016","3.48","3.33","3.48","3.33","29.44K","0.70%"
"10/05/2016","3.46","3.35","3.48","3.35","19.96K","4.30%"
"10/04/2016","3.32","3.35","3.35","3.31","6.80K","-3.36%"
"10/03/2016","3.43","3.44","3.44","3.38","10.56K","-0.79%"
"09/29/2016","3.46","3.44","3.48","3.44","17.82K","3.73%"
"09/27/2016","3.33","3.33","3.33","3.33","3.30K","-0.18%"
"09/26/2016","3.34","3.34","3.34","3.33","3.30K","0.18%"
"09/25/2016","3.33","3.33","3.33","3.33","7.44K","3.09%"
"09/21/2016","3.23","3.24","3.24","3.22","4.62K","-5.58%"
"09/15/2016","3.42","3.18","3.18","3.18","0.25K","0.00%"
"09/08/2016","3.42","3.42","3.42","3.42","7.92K","-0.62%"
"09/07/2016","3.45","3.48","3.48","3.42","9.73K","-0.35%"
"09/06/2016","3.46","3.44","3.48","3.44","46.76K","2.42%"
"09/05/2016","3.38","3.36","3.39","3.36","29.70K","0.72%"
"09/04/2016","3.35","3.36","3.36","3.34","6.60K","-0.36%"
"08/30/2016","3.36","3.36","3.36","3.36","25.31K","0.18%"
"08/29/2016","3.36","3.36","3.36","3.33","33.00K","0.36%"
"08/28/2016","3.35","3.41","3.45","3.33","34.87K","-4.83%"
"08/24/2016","3.52","3.52","3.52","3.52","5.77K","1.13%"
"08/23/2016","3.48","3.42","3.52","3.36","6.01K","-1.12%"
"08/22/2016","3.52","3.56","3.56","3.56","1.32K","0.00%"
"08/21/2016","3.52","3.48","3.52","3.48","3.32K","0.78%"
"08/18/2016","3.49","3.52","3.52","3.45","3.91K","0.00%"
"08/16/2016","3.49","3.48","3.53","3.48","16.67K","4.07%"
"08/15/2016","3.35","3.42","3.42","3.42","2.68K","0.00%"
"08/14/2016","3.35","3.27","3.39","3.18","4.17K","-0.54%"
"08/11/2016","3.37","3.33","3.52","3.33","20.14K","0.54%"
"08/09/2016","3.35","3.50","3.55","3.50","2.69K","0.00%"
"08/08/2016","3.35","3.34","3.48","3.34","3.64K","0.55%"
"08/04/2016","3.33","3.33","3.33","3.33","5.11K","0.00%"
"08/03/2016","3.33","3.33","3.33","3.33","1.65K","0.00%"
"08/02/2016","3.33","3.33","3.33","3.33","4.12K","0.00%"
"08/01/2016","3.33","3.33","3.33","3.33","3.30K","0.00%"
"07/31/2016","3.33","3.33","3.34","3.33","8.58K","-0.27%"
"07/28/2016","3.34","3.33","3.33","3.33","0.16K","0.00%"
"07/27/2016","3.34","3.34","3.36","3.33","22.08K","0.27%"
"07/26/2016","3.33","3.33","3.33","3.33","6.60K","0.00%"
"07/25/2016","3.33","3.33","3.35","3.33","11.37K","0.00%"
"07/19/2016","3.33","3.33","3.33","3.33","6.60K","6.80%"
"07/13/2016","3.12","3.33","3.33","3.33","1.65K","0.00%"
"07/12/2016","3.12","3.09","3.09","3.09","1.65K","0.00%"
"07/11/2016","3.12","3.03","3.42","2.87","3.37K","0.00%"
"07/10/2016","3.12","3.33","3.40","3.33","0.66K","0.00%"
"07/03/2016","3.12","3.09","3.09","3.03","1.19K","0.00%"
"06/29/2016","3.12","3.18","3.26","3.03","7.64K","-1.53%"
"06/27/2016","3.17","3.06","3.06","3.06","2.97K","0.00%"
"06/26/2016","3.17","3.03","3.03","3.03","1.65K","0.00%"
"06/22/2016","3.17","3.01","3.01","3.01","3.12K","0.00%"
"06/12/2016","3.17","3.18","3.25","3.18","1.98K","0.00%"
"06/08/2016","3.17","3.09","3.09","3.09","0.99K","0.00%"
"06/06/2016","3.17","3.11","3.18","3.11","8.12K","0.29%"
"06/01/2016","3.16","3.09","3.17","3.09","3.96K","-0.38%"
"05/31/2016","3.17","3.11","3.11","3.11","0.33K","0.00%"
"05/30/2016","3.17","3.09","3.09","3.09","0.33K","0.00%"
"05/29/2016","3.17","3.12","3.12","3.12","0.10K","0.00%"
"05/26/2016","3.17","3.19","3.19","3.16","4.95K","-0.38%"
"05/25/2016","3.18","3.18","3.20","3.18","9.31K","-1.13%"
"05/24/2016","3.22","3.18","3.32","3.18","3.30K","-0.93%"
"05/23/2016","3.25","3.20","3.23","3.20","1.81K","0.00%"
"05/22/2016","3.25","3.20","3.32","3.20","2.97K","0.00%"
"05/19/2016","3.25","3.23","3.23","3.10","2.62K","0.00%"
"05/18/2016","3.25","3.35","3.35","3.23","5.31K","-0.46%"
"05/17/2016","3.26","3.18","3.32","3.18","9.23K","1.60%"
"05/16/2016","3.21","3.12","3.32","3.12","3.70K","0.00%"
"05/12/2016","3.21","3.16","3.16","3.16","2.28K","0.00%"
"05/11/2016","3.21","3.16","3.33","3.16","1.58K","0.00%"
"05/10/2016","3.21","3.21","3.21","3.21","3.30K","0.86%"
"05/08/2016","3.18","3.18","3.19","3.18","9.99K","0.48%"
"05/05/2016","3.17","3.36","3.21","3.15","13.46K","-5.60%"
"05/04/2016","3.36","3.27","3.27","3.27","0.99K","0.00%"
"04/27/2016","3.36","3.39","3.39","3.27","6.86K","-0.63%"
"04/26/2016","3.38","3.36","3.36","3.36","0.49K","0.00%"
"04/21/2016","3.38","3.51","3.51","3.35","1.83K","0.00%"
"04/20/2016","3.38","3.39","3.56","3.27","14.99K","-5.11%"
"04/19/2016","3.56","3.45","3.62","3.45","9.95K","4.91%"
"04/18/2016","3.39","3.52","3.52","3.25","12.33K","2.66%"
"04/14/2016","3.31","3.23","3.45","3.23","4.62K","-3.19%"
"04/13/2016","3.42","3.48","3.49","3.48","2.01K","0.00%"
"04/12/2016","3.42","3.45","3.45","3.15","5.35K","-1.05%"
"04/11/2016","3.45","3.45","3.45","3.45","2.27K","0.00%"
"04/10/2016","3.45","3.45","3.47","3.45","5.28K","-5.24%"
"04/07/2016","3.64","3.48","3.76","3.48","18.26K","5.16%"
"04/06/2016","3.46","3.48","3.48","3.40","5.11K","-4.35%"
"04/05/2016","3.62","3.75","3.86","3.57","1.44K","0.00%"
"04/04/2016","3.62","3.62","3.71","3.55","19.69K","2.40%"
"04/03/2016","3.54","3.40","3.63","3.40","6.93K","2.55%"
"03/29/2016","3.45","3.40","3.52","3.40","3.96K","-5.01%"
"03/28/2016","3.63","3.40","3.74","3.39","6.10K","0.59%"
"03/24/2016","3.61","3.58","3.64","3.52","11.59K","0.00%"
"03/21/2016","3.61","3.62","3.62","3.59","6.52K","4.29%"
"03/20/2016","3.46","3.48","3.48","3.42","11.02K","-1.72%"
"03/17/2016","3.52","3.41","3.62","3.41","2.52K","0.00%"
"03/16/2016","3.52","3.41","3.41","3.41","0.20K","0.00%"
"03/15/2016","3.52","3.37","3.64","3.36","9.17K","-0.85%"
"03/14/2016","3.55","3.45","3.59","3.38","15.73K","4.27%"
"03/13/2016","3.40","3.33","3.33","3.32","0.91K","0.00%"
"03/10/2016","3.40","3.33","3.50","3.33","21.60K","5.35%"
"03/09/2016","3.23","3.23","3.24","3.23","4.14K","1.52%"
"03/06/2016","3.18","3.18","3.18","3.18","1.65K","0.00%"
"03/03/2016","3.18","3.03","3.18","3.03","1.69K","0.00%"
"02/29/2016","3.18","3.18","3.18","3.18","6.60K","0.00%"
"02/28/2016","3.18","3.18","3.18","3.18","4.95K","0.00%"
"02/25/2016","3.18","3.18","3.18","3.14","3.40K","0.00%"
"02/23/2016","3.18","3.18","3.18","3.18","2.31K","0.00%"
"02/22/2016","3.18","3.18","3.20","3.16","7.77K","0.00%"
"02/21/2016","3.18","3.15","3.33","3.15","3.84K","0.00%"
"02/16/2016","3.17","3.14","3.33","3.14","8.05K","0.00%"
"02/14/2016","3.18","3.17","3.30","3.17","8.74K","-1.23%"
"02/11/2016","3.22","3.29","3.29","3.17","12.31K","-6.93%"
"02/04/2016","3.45","3.53","3.53","3.42","4.62K","-2.23%"
"02/02/2016","3.53","3.53","3.53","3.53","3.63K","0.00%"
"01/31/2016","3.54","3.35","3.35","3.35","0.41K","0.00%"
"01/28/2016","3.54","3.45","3.53","3.44","1.55K","0.00%"
"01/27/2016","3.54","3.54","3.54","3.54","0.16K","0.00%"
"01/26/2016","3.54","3.48","3.57","3.41","1.65K","0.00%"
"01/24/2016","3.54","3.48","3.48","3.48","0.50K","0.00%"
"01/21/2016","3.54","3.29","3.29","3.29","1.65K","0.00%"
"01/20/2016","3.54","3.61","3.61","3.39","1.47K","0.00%"
"01/19/2016","3.54","3.48","3.58","3.48","3.93K","2.64%"
"01/14/2016","3.45","3.45","3.45","3.41","4.29K","-8.97%"
"01/13/2016","3.78","3.52","3.52","3.52","0.09K","0.00%"
"01/12/2016","3.78","3.58","3.58","3.52","1.70K","0.00%"
"01/06/2016","3.78","3.94","3.94","3.94","0.33K","0.00%"
"01/05/2016","3.78","3.61","3.98","3.61","18.57K","4.17%"
"01/04/2016","3.63","3.52","3.52","3.52","1.15K","0.00%"
"01/03/2016","3.63","3.61","3.64","3.61","23.33K","2.92%"
"12/30/2015","3.53","3.48","3.72","3.48","4.58K","1.30%"
"12/29/2015","3.48","3.48","3.48","3.48","7.01K","0.35%"
"12/27/2015","3.47","3.64","3.64","3.64","0.49K","0.00%"
"12/21/2015","3.47","3.34","3.34","3.34","0.10K","0.00%"
"12/20/2015","3.47","3.48","3.48","3.47","8.25K","-3.70%"
"12/17/2015","3.61","3.47","3.47","3.47","1.18K","0.00%"
"12/15/2015","3.61","3.48","3.48","3.48","0.33K","0.00%"
"12/09/2015","3.61","3.41","3.41","3.39","2.31K","0.00%"
"12/08/2015","3.61","3.61","3.61","3.61","7.42K","0.17%"
"12/07/2015","3.60","3.41","3.61","3.41","5.97K","3.13%"
"12/03/2015","3.49","3.63","3.63","3.39","4.39K","-3.52%"
"12/02/2015","3.62","3.48","3.63","3.48","6.72K","-0.50%"
"11/29/2015","3.64","3.64","3.64","3.64","7.59K","1.10%"
"11/25/2015","3.60","3.70","3.71","3.64","2.48K","0.00%"
"11/24/2015","3.60","3.59","3.61","3.59","3.30K","0.85%"
"11/22/2015","3.57","3.64","3.64","3.64","1.25K","0.00%"
"11/19/2015","3.57","3.64","3.64","3.55","9.78K","-1.75%"
"11/17/2015","3.63","3.64","3.64","3.62","7.26K","0.67%"
"11/16/2015","3.61","3.72","3.72","3.50","19.35K","-2.54%"
"11/15/2015","3.70","3.61","3.61","3.61","0.33K","0.00%"
"11/11/2015","3.70","3.61","3.61","3.61","0.78K","0.00%"
"11/10/2015","3.70","3.61","3.61","3.61","2.62K","0.00%"
"11/09/2015","3.70","3.61","3.61","3.61","0.06K","0.00%"
"11/08/2015","3.70","3.79","3.79","3.61","7.66K","-6.37%"
"11/05/2015","3.95","3.79","3.79","3.76","1.24K","0.00%"
"11/04/2015","3.95","3.70","3.70","3.70","0.82K","0.00%"
"11/02/2015","3.95","3.94","3.94","3.94","1.04K","0.00%"
"11/01/2015","3.95","3.79","3.79","3.65","0.73K","0.00%"
"10/29/2015","3.95","3.97","3.97","3.94","4.55K","-1.73%"
"10/28/2015","4.02","4.03","4.03","3.94","4.71K","-3.07%"
"10/27/2015","4.15","4.03","4.03","4.03","1.65K","0.00%"
"10/26/2015","4.15","4.30","4.30","4.02","5.87K","-7.12%"
"10/25/2015","4.47","4.44","4.51","4.40","8.15K","2.08%"
"10/22/2015","4.38","4.39","4.42","4.39","2.11K","0.00%"
"10/21/2015","4.38","4.35","4.35","4.35","2.24K","0.00%"
"10/20/2015","4.38","4.38","4.39","4.30","6.27K","0.00%"
"10/19/2015","4.37","4.36","4.38","4.36","2.51K","0.56%"
"10/18/2015","4.35","4.38","4.39","4.20","5.61K","1.34%"
"10/15/2015","4.29","4.35","4.35","4.27","17.86K","0.35%"
"10/13/2015","4.28","4.30","4.30","4.27","8.25K","-0.63%"
"10/12/2015","4.30","4.30","4.30","4.30","2.90K","0.71%"
"10/11/2015","4.27","4.24","4.29","4.24","3.83K","0.93%"
"10/08/2015","4.23","4.20","4.24","4.20","8.20K","2.27%"
"10/07/2015","4.14","4.12","4.14","4.12","3.71K","1.79%"
"10/05/2015","4.07","4.09","4.09","3.97","2.47K","3.23%"
"10/04/2015","3.94","3.94","3.94","3.94","3.04K","-2.91%"
"10/01/2015","4.06","3.82","3.87","3.79","1.15K","0.00%"
"09/22/2015","4.06","4.09","4.09","4.00","2.78K","-3.32%"
"09/20/2015","4.20","4.03","4.03","3.92","2.40K","0.00%"
"09/17/2015","4.20","4.20","4.20","4.20","33.00K","0.22%"
"09/14/2015","4.19","4.17","4.23","3.94","2.52K","7.97%"
"09/13/2015","3.88","4.17","4.17","4.17","0.08K","0.00%"
"09/08/2015","3.88","3.94","3.94","3.86","3.00K","-1.92%"
"09/07/2015","3.95","3.94","3.94","3.94","1.37K","0.00%"
"09/03/2015","3.95","4.02","4.02","3.94","6.27K","1.32%"
"09/02/2015","3.90","3.82","4.09","3.79","5.37K","-2.65%"
"08/31/2015","4.01","4.11","4.12","4.11","0.49K","0.00%"
"08/30/2015","4.01","3.82","3.82","3.82","0.45K","0.00%"
"08/27/2015","4.01","3.97","3.97","3.97","1.88K","0.00%"
"08/25/2015","4.01","3.64","3.64","3.61","1.57K","0.00%"
"08/24/2015","4.01","4.18","4.18","3.75","5.85K","-3.57%"
"08/23/2015","4.16","3.97","4.21","3.97","4.38K","0.44%"
"08/19/2015","4.14","4.09","4.15","3.97","2.38K","0.00%"
"08/18/2015","4.14","4.12","4.15","4.12","2.64K","0.15%"
"08/17/2015","4.13","4.19","4.35","4.12","4.75K","-1.73%"
"08/16/2015","4.21","4.20","4.20","4.20","1.65K","0.00%"
"08/13/2015","4.21","3.98","3.98","3.98","0.30K","0.00%"
"08/12/2015","4.21","4.18","4.18","3.97","0.82K","0.00%"
"08/10/2015","4.21","3.97","3.97","3.97","0.33K","0.00%"
"08/09/2015","4.21","4.21","4.21","3.97","1.90K","0.00%"
"08/05/2015","4.21","4.23","4.34","4.23","0.91K","0.00%"
"08/04/2015","4.21","4.24","4.24","4.09","27.72K","6.12%"
"08/03/2015","3.96","3.98","3.98","3.95","3.30K","-7.10%"
"08/02/2015","4.27","4.12","4.12","3.96","0.82K","0.00%"
"07/30/2015","4.27","4.24","4.28","4.24","3.89K","4.30%"
"07/29/2015","4.09","4.09","4.09","4.09","13.57K","0.60%"
"07/28/2015","4.07","4.09","4.09","4.03","7.88K","0.00%"
"07/27/2015","4.07","4.03","4.09","4.02","10.84K","2.91%"
"07/22/2015","3.95","4.06","4.06","4.06","0.82K","0.00%"
"07/21/2015","3.95","3.97","3.97","3.92","6.88K","-9.06%"
"07/16/2015","4.35","4.35","4.35","4.35","2.38K","2.79%"
"07/14/2015","4.23","4.32","4.36","4.32","1.65K","0.00%"
"07/08/2015","4.23","3.95","4.32","3.94","21.45K","-2.99%"
"07/07/2015","4.36","4.36","4.36","4.36","0.86K","0.00%"
"07/06/2015","4.36","4.21","4.44","4.21","3.13K","7.79%"
"07/05/2015","4.05","3.99","3.99","3.99","0.49K","0.00%"
"06/29/2015","4.05","3.96","3.96","3.96","1.40K","0.00%"
"06/28/2015","4.05","3.94","4.24","3.94","14.16K","2.77%"
"06/25/2015","3.94","3.94","3.94","3.93","2.79K","-5.11%"
"06/23/2015","4.15","4.21","4.21","4.02","3.17K","2.16%"
"06/22/2015","4.06","4.06","4.06","4.06","2.64K","3.08%"
"06/21/2015","3.94","3.94","3.94","3.94","10.80K","-8.45%"
"06/18/2015","4.30","3.95","4.41","3.95","9.14K","-1.05%"
"06/16/2015","4.35","4.36","4.36","4.24","29.70K","-0.28%"
"06/15/2015","4.36","4.39","4.39","4.14","2.46K","-1.84%"
"06/14/2015","4.44","4.44","4.45","4.44","2.51K","8.51%"
"06/11/2015","4.09","4.09","4.10","4.09","8.25K","-9.93%"
"06/10/2015","4.55","4.15","4.15","4.15","1.32K","0.00%"
"06/09/2015","4.55","4.10","4.13","4.09","1.64K","0.00%"
"06/07/2015","4.55","4.25","4.39","4.25","1.25K","0.00%"
"06/01/2015","4.55","4.55","4.55","4.55","0.82K","0.00%"
"05/31/2015","4.55","4.39","4.39","4.39","0.46K","0.00%"
"05/27/2015","4.55","4.32","4.62","4.32","0.99K","0.00%"
"05/24/2015","4.55","4.55","4.55","4.55","5.79K","-0.60%"
"05/21/2015","4.57","4.55","4.55","4.55","1.65K","0.00%"
"05/20/2015","4.57","4.62","4.62","4.55","2.59K","-0.66%"
"05/18/2015","4.60","4.39","4.68","4.39","16.29K","1.27%"
"05/17/2015","4.55","4.28","4.28","4.10","1.90K","0.00%"
"05/12/2015","4.55","4.30","4.30","4.30","0.03K","0.00%"
"05/11/2015","4.55","4.55","4.55","4.55","0.49K","0.00%"
"05/10/2015","4.55","4.55","4.55","4.55","12.40K","-2.60%"
"05/07/2015","4.67","4.67","4.67","4.67","6.60K","5.84%"
"05/03/2015","4.41","4.72","4.72","4.72","0.03K","0.00%"
"04/30/2015","4.41","4.18","4.65","4.18","0.04K","0.00%"
"04/29/2015","4.41","4.54","4.54","4.11","3.96K","0.48%"
"04/28/2015","4.39","4.27","4.27","4.06","1.33K","0.00%"
"04/27/2015","4.39","4.27","4.27","4.27","1.15K","0.00%"
"04/26/2015","4.39","4.25","4.48","4.25","2.93K","-2.49%"
"04/23/2015","4.50","4.42","4.55","4.42","5.36K","3.56%"
"04/22/2015","4.35","4.39","4.39","4.28","24.02K","-8.66%"
"04/16/2015","4.76","4.67","4.67","4.67","1.65K","0.00%"
"04/06/2015","4.76","4.70","4.70","4.62","1.98K","0.00%"
"04/02/2015","4.76","4.76","4.76","4.76","0.99K","0.00%"
"04/01/2015","4.76","4.84","4.84","4.84","0.03K","0.00%"
"03/31/2015","4.76","4.76","4.76","4.76","2.19K","3.49%"
"03/30/2015","4.60","4.70","4.70","4.70","0.46K","0.00%"
"03/26/2015","4.60","4.56","4.65","4.56","8.25K","-0.91%"
"03/25/2015","4.64","4.65","4.65","4.64","26.61K","-1.48%"
"03/24/2015","4.71","4.95","4.95","4.67","3.99K","-3.78%"
"03/22/2015","4.89","4.98","4.98","4.98","0.06K","0.00%"
"03/17/2015","4.89","4.85","4.94","4.85","3.30K","-1.82%"
"03/12/2015","4.98","4.98","4.98","4.70","0.96K","0.00%"
"03/11/2015","4.98","4.92","5.00","4.92","16.50K","5.25%"
"03/10/2015","4.74","4.94","4.94","4.67","4.21K","-3.93%"
"03/09/2015","4.93","4.92","5.00","4.92","16.62K","1.12%"
"03/08/2015","4.88","4.74","4.92","4.72","8.25K","0.00%"
"03/05/2015","4.87","4.85","4.92","4.85","3.05K","0.50%"
"03/03/2015","4.85","4.85","4.85","4.85","1.79K","0.00%"
"02/26/2015","4.85","4.85","4.85","4.85","11.61K","5.75%"
"02/25/2015","4.58","4.59","4.59","4.58","3.30K","-5.67%"
"02/24/2015","4.86","4.85","4.85","4.85","1.65K","0.00%"
"02/23/2015","4.86","4.96","4.97","4.85","3.30K","1.07%"
"02/22/2015","4.81","4.85","4.85","4.58","9.57K","-0.81%"
"02/19/2015","4.85","4.85","4.85","4.85","1.65K","0.00%"
"02/17/2015","4.85","4.85","4.85","4.85","2.56K","0.00%"
"02/16/2015","4.85","4.85","4.85","4.85","5.59K","-1.96%"
"02/15/2015","4.95","5.24","5.24","4.85","6.68K","-3.37%"
"02/11/2015","5.12","4.88","4.88","4.88","1.29K","0.00%"
"02/10/2015","5.12","5.04","5.36","5.03","20.47K","3.18%"
"02/09/2015","4.96","4.88","5.05","4.86","6.96K","0.61%"
"02/08/2015","4.93","5.00","5.00","4.89","7.34K","0.18%"
"02/05/2015","4.92","4.89","4.92","4.89","7.01K","-1.64%"
"02/04/2015","5.00","4.88","5.06","4.88","0.40K","0.00%"
"02/03/2015","5.00","5.00","5.06","5.00","14.02K","0.43%"
"02/02/2015","4.98","5.00","5.00","5.00","0.38K","0.00%"
"02/01/2015","4.98","4.91","5.00","4.91","17.16K","0.74%"
"01/29/2015","4.95","4.76","4.95","4.76","1.50K","0.00%"
"01/28/2015","4.95","4.85","4.85","4.85","0.33K","0.00%"
"01/27/2015","4.95","4.92","5.00","4.81","26.42K","0.18%"
"01/22/2015","4.94","4.94","4.94","4.91","3.21K","0.43%"
"01/21/2015","4.92","4.98","4.98","4.85","15.82K","-1.04%"
"01/20/2015","4.97","5.00","5.00","4.94","10.72K","-0.61%"
"01/19/2015","5.00","5.00","5.01","4.88","14.85K","-0.12%"
"01/18/2015","5.00","5.00","5.01","5.00","34.81K","0.18%"
"01/15/2015","4.99","5.00","5.00","4.92","11.19K","-0.12%"
"01/14/2015","5.00","5.00","5.00","5.00","35.44K","0.00%"
"01/13/2015","5.00","5.00","5.00","5.00","7.42K","2.10%"
"01/12/2015","4.90","4.97","4.97","4.85","6.11K","2.86%"
"01/06/2015","4.76","4.86","4.86","4.50","2.23K","-4.27%"
"01/05/2015","4.97","4.97","4.97","4.97","11.83K","0.00%"
"01/04/2015","4.97","4.92","4.92","4.92","1.67K","0.00%"
"12/31/2014","4.97","4.78","5.00","4.76","17.98K","-1.62%"
"12/30/2014","5.05","5.10","5.11","5.00","8.88K","1.83%"
"12/29/2014","4.96","4.89","4.92","4.88","1.52K","0.00%"
"12/28/2014","4.96","5.30","5.30","4.85","0.27K","0.00%"
"12/25/2014","4.96","4.97","4.97","4.97","1.65K","0.00%"
"12/24/2014","4.96","5.06","5.06","4.85","10.90K","2.31%"
"12/23/2014","4.85","4.77","4.80","4.77","1.45K","0.00%"
"12/22/2014","4.85","4.85","4.85","4.85","9.22K","-2.02%"
"12/21/2014","4.95","4.95","4.95","4.95","8.78K","6.52%"
"12/18/2014","4.65","4.56","4.83","4.56","11.19K","2.75%"
"12/17/2014","4.52","4.85","4.85","4.43","18.47K","-7.04%"
"12/16/2014","4.86","4.88","4.89","4.85","10.56K","-5.42%"
"12/15/2014","5.14","5.12","5.15","5.12","6.60K","4.82%"
"12/14/2014","4.91","5.09","5.09","4.87","37.33K","-3.69%"
"12/11/2014","5.09","5.10","5.10","5.09","14.44K","-1.52%"
"12/09/2014","5.17","5.15","5.15","5.15","0.31K","0.00%"
"12/08/2014","5.17","5.18","5.30","5.08","13.53K","-1.33%"
"12/07/2014","5.24","5.24","5.24","5.24","3.30K","-1.54%"
"12/04/2014","5.32","5.27","5.36","5.27","14.25K","5.08%"
"12/03/2014","5.07","5.12","5.12","5.03","14.19K","-1.42%"
"12/02/2014","5.14","5.15","5.15","5.11","4.74K","-0.99%"
"12/01/2014","5.19","5.20","5.20","5.18","4.29K","-1.32%"
"11/30/2014","5.26","5.17","5.30","5.17","4.97K","0.58%"
"11/27/2014","5.23","5.30","5.33","5.16","12.06K","-0.52%"
"11/26/2014","5.26","5.15","5.35","5.09","22.93K","1.94%"
"11/25/2014","5.16","5.11","5.11","5.11","0.99K","0.00%"
"11/24/2014","5.16","5.35","5.35","5.06","33.95K","-4.33%"
"11/23/2014","5.39","5.33","5.45","5.33","21.65K","-3.10%"
"11/20/2014","5.56","5.42","5.72","5.32","107.07K","5.76%"
"11/19/2014","5.26","5.26","5.27","5.26","3.96K","-0.46%"
"11/18/2014","5.28","5.21","5.39","5.21","40.70K","0.52%"
"11/17/2014","5.26","5.22","5.35","5.15","33.64K","3.34%"
"11/16/2014","5.09","5.08","5.24","5.03","10.06K","0.00%"
"11/13/2014","5.08","5.07","5.29","5.07","15.41K","-1.41%"
"11/12/2014","5.16","5.15","5.18","5.09","19.53K","-0.99%"
"11/11/2014","5.21","5.21","5.28","5.15","38.44K","-7.23%"
"11/10/2014","5.62","5.61","5.73","5.48","35.29K","0.82%"
"11/09/2014","5.57","5.53","5.61","5.53","23.09K","0.00%"
"11/06/2014","5.57","5.72","5.72","5.45","33.41K","-0.38%"
"11/05/2014","5.59","5.52","5.67","5.52","19.24K","1.37%"
"11/04/2014","5.52","5.53","5.53","5.49","33.56K","-1.25%"
"11/03/2014","5.59","5.55","5.64","5.55","10.26K","0.60%"
"11/02/2014","5.55","5.57","5.57","5.46","2.29K","1.66%"
"10/30/2014","5.46","5.52","5.57","5.36","12.37K","1.01%"
"10/29/2014","5.41","5.45","5.45","5.35","13.43K","-0.67%"
"10/28/2014","5.45","5.45","5.45","5.42","12.04K","5.58%"
"10/27/2014","5.16","5.23","5.30","4.88","48.48K","-1.73%"
"10/26/2014","5.25","5.30","5.30","5.17","16.11K","-2.75%"
"10/23/2014","5.40","5.63","5.63","5.27","17.25K","-2.36%"
"10/22/2014","5.53","5.58","5.69","5.45","22.72K","2.64%"
"10/21/2014","5.38","5.38","5.55","5.33","16.50K","1.14%"
"10/20/2014","5.32","5.45","5.45","5.15","12.54K","5.72%"
"10/19/2014","5.04","5.60","5.60","4.98","40.59K","-8.88%"
"10/16/2014","5.53","5.70","5.75","5.34","25.95K","-6.80%"
"10/15/2014","5.93","6.21","6.35","5.76","14.02K","-2.30%"
"10/14/2014","6.07","6.42","6.42","5.67","48.01K","-2.34%"
"10/13/2014","6.22","6.18","6.36","6.07","37.06K","0.00%"
"10/12/2014","6.22","6.82","6.82","6.06","41.21K","-6.90%"
"10/09/2014","6.68","6.82","6.97","6.57","89.01K","2.13%"
"10/08/2014","6.54","6.48","6.55","6.22","132.03K","9.83%"
"10/02/2014","5.95","5.52","6.01","5.52","114.60K","8.93%"
"10/01/2014","5.46","5.30","5.54","5.30","30.36K","5.93%"
"09/29/2014","5.16","5.15","5.18","5.15","1.95K","-1.16%"
"09/28/2014","5.22","5.09","5.09","5.09","1.65K","0.00%"
"09/25/2014","5.22","5.16","5.33","5.16","2.57K","1.12%"
"09/24/2014","5.16","5.17","5.17","5.16","4.16K","-2.69%"
"09/23/2014","5.30","5.15","5.36","5.08","18.26K","1.86%"
"09/22/2014","5.21","5.23","5.23","5.05","5.75K","0.59%"
"09/21/2014","5.18","5.23","5.23","5.23","1.04K","0.00%"
"09/18/2014","5.18","5.15","5.22","5.15","2.67K","1.91%"
"09/16/2014","5.08","4.90","5.33","4.90","4.54K","-2.50%"
"09/14/2014","5.21","5.27","5.29","5.15","3.20K","1.12%"
"09/11/2014","5.15","5.02","5.02","5.02","1.65K","0.00%"
"09/10/2014","5.15","5.19","5.19","4.95","9.90K","-3.90%"
"09/09/2014","5.36","5.31","5.45","5.27","14.68K","0.45%"
"09/08/2014","5.34","5.33","5.35","5.30","17.06K","-1.89%"
"09/07/2014","5.44","5.33","5.53","5.33","10.70K","0.79%"
"09/04/2014","5.40","5.40","5.48","5.32","17.60K","0.17%"
"09/03/2014","5.39","5.36","5.56","5.36","9.42K","0.28%"
"09/01/2014","5.37","5.48","5.48","5.29","11.22K","-2.48%"
"08/31/2014","5.51","5.58","5.58","5.48","16.68K","-1.84%"
"08/28/2014","5.61","5.61","5.75","5.46","35.77K","-0.22%"
"08/27/2014","5.62","5.42","5.70","5.42","15.20K","4.09%"
"08/26/2014","5.40","5.61","5.61","5.32","29.89K","-2.99%"
"08/25/2014","5.57","5.53","5.61","5.53","16.56K","1.21%"
"08/24/2014","5.50","5.64","5.64","5.26","40.85K","4.73%"
"08/21/2014","5.25","5.15","5.38","5.15","6.68K","-0.34%"
"08/20/2014","5.27","5.30","5.36","5.21","23.75K","0.29%"
"08/19/2014","5.26","5.26","5.26","5.25","6.10K","-0.40%"
"08/18/2014","5.28","5.30","5.38","5.15","5.11K","0.29%"
"08/17/2014","5.26","5.30","5.36","5.16","11.58K","1.16%"
"08/14/2014","5.20","5.11","5.30","5.11","10.91K","1.72%"
"08/12/2014","5.12","5.13","5.13","5.11","3.30K","-1.52%"
"08/11/2014","5.19","5.02","5.02","5.02","1.39K","0.00%"
"08/07/2014","5.19","5.03","5.24","5.02","6.23K","0.71%"
"08/06/2014","5.16","5.15","5.21","5.15","4.44K","-1.22%"
"08/05/2014","5.22","5.30","5.30","5.15","16.71K","0.29%"
"08/03/2014","5.21","5.15","5.30","5.15","19.70K","1.12%"
"07/31/2014","5.15","5.23","5.26","5.23","1.29K","0.00%"
"07/27/2014","5.15","5.29","5.29","5.28","0.36K","0.00%"
"07/24/2014","5.15","5.15","5.15","5.14","5.28K","-1.68%"
"07/22/2014","5.24","5.30","5.30","5.17","1.90K","0.00%"
"07/21/2014","5.24","5.20","5.30","5.15","34.53K","1.05%"
"07/20/2014","5.18","5.21","5.21","5.06","30.90K","4.84%"
"07/17/2014","4.94","4.88","4.88","4.88","0.74K","0.00%"
"07/16/2014","4.94","4.91","5.02","4.79","18.23K","-1.57%"
"07/15/2014","5.02","4.94","5.05","4.94","3.99K","0.00%"
"07/10/2014","5.02","5.15","5.15","5.15","0.08K","0.00%"
"07/08/2014","5.02","5.05","5.15","5.00","16.50K","-2.87%"
"07/07/2014","5.17","5.21","5.23","5.15","6.48K","0.12%"
"07/03/2014","5.17","4.94","5.30","4.94","3.21K","1.85%"
"07/02/2014","5.07","5.00","5.35","4.88","4.10K","1.89%"
"06/30/2014","4.98","4.92","5.00","4.92","2.09K","1.11%"
"06/29/2014","4.92","4.92","4.92","4.85","1.62K","0.00%"
"06/26/2014","4.92","4.67","4.67","4.67","1.32K","0.00%"
"06/25/2014","4.92","4.67","4.67","4.65","1.92K","0.00%"
"06/24/2014","4.92","4.92","5.03","4.70","8.66K","0.18%"
"06/23/2014","4.92","4.92","4.92","4.91","7.33K","-2.23%"
"06/22/2014","5.03","5.03","5.03","5.03","1.55K","0.00%"
"06/19/2014","5.03","5.05","5.05","5.00","4.95K","-1.07%"
"06/17/2014","5.08","5.17","5.17","5.05","4.62K","-1.76%"
"06/16/2014","5.17","5.17","5.17","5.17","3.30K","-5.11%"
"06/12/2014","5.45","5.45","5.58","5.24","37.48K","0.33%"
"06/11/2014","5.43","5.30","5.58","5.30","36.20K","5.04%"
"06/10/2014","5.17","5.18","5.18","5.18","0.33K","0.00%"
"06/09/2014","5.17","5.17","5.17","5.17","1.08K","0.00%"
"06/05/2014","5.17","5.15","5.18","5.15","11.63K","9.49%"
"06/04/2014","4.72","4.64","5.13","4.64","1.13K","0.00%"
"06/03/2014","4.72","4.86","4.86","4.55","15.34K","-3.82%"
"06/02/2014","4.91","4.90","5.00","4.76","4.74K","-1.46%"
"06/01/2014","4.98","4.98","4.98","4.98","2.14K","-2.08%"
"05/29/2014","5.09","5.17","5.17","4.98","10.39K","-2.67%"
"05/28/2014","5.23","5.15","5.39","5.15","7.92K","1.11%"
"05/26/2014","5.17","5.17","5.18","5.17","3.26K","-1.04%"
"05/25/2014","5.23","5.30","5.30","5.30","0.69K","0.00%"
"05/22/2014","5.23","5.39","5.39","5.21","3.46K","0.00%"
"05/21/2014","5.23","5.19","5.19","5.18","1.32K","0.00%"
"05/20/2014","5.23","5.15","5.24","5.15","49.48K","0.88%"
"05/19/2014","5.18","5.15","5.40","5.12","16.57K","0.00%"
"05/18/2014","5.18","5.30","5.30","5.12","21.59K","-1.89%"
"05/15/2014","5.28","5.40","5.40","5.17","4.72K","1.34%"
"05/14/2014","5.21","5.16","5.23","5.16","7.66K","0.76%"
"05/13/2014","5.17","5.18","5.18","5.15","8.78K","0.24%"
"05/12/2014","5.16","5.29","5.29","5.29","1.65K","0.00%"
"05/11/2014","5.16","5.16","5.17","5.15","13.13K","0.00%"
"05/08/2014","5.15","5.15","5.17","5.15","21.35K","-1.79%"
"05/07/2014","5.25","5.45","5.45","5.15","72.70K","-3.78%"
"05/06/2014","5.45","5.31","5.52","5.31","33.12K","1.98%"
"05/05/2014","5.35","5.44","5.47","5.24","59.63K","-0.84%"
"04/30/2014","5.39","5.38","5.53","5.15","14.35K","-1.71%"
"04/28/2014","5.49","5.53","5.55","5.38","9.34K","-3.77%"
"04/27/2014","5.70","5.68","5.68","5.68","0.32K","0.00%"
"04/23/2014","5.70","5.69","5.76","5.65","16.93K","-2.39%"
"04/22/2014","5.84","5.88","6.04","5.55","5.61K","5.53%"
"04/17/2014","5.54","5.51","5.88","5.51","9.39K","2.35%"
"04/16/2014","5.41","5.39","5.45","5.39","7.33K","4.63%"
"04/15/2014","5.17","5.22","5.22","5.03","3.75K","-2.07%"
"04/14/2014","5.28","5.30","5.30","5.16","2.31K","-0.74%"
"04/10/2014","5.32","5.24","5.38","5.24","4.74K","1.56%"
"04/09/2014","5.24","5.38","5.38","5.15","2.34K","4.35%"
"04/08/2014","5.02","5.12","5.12","4.92","16.66K","0.91%"
"04/07/2014","4.97","5.07","5.29","4.70","7.38K","-4.31%"
"04/06/2014","5.20","5.18","5.30","5.07","15.72K","-0.17%"
"04/03/2014","5.21","5.16","5.30","5.09","26.81K","-0.64%"
"04/02/2014","5.24","5.24","5.40","5.15","17.99K","-0.23%"
"04/01/2014","5.25","5.21","5.42","5.21","15.01K","-1.59%"
"03/31/2014","5.34","5.61","5.61","5.22","19.24K","-4.60%"
"03/30/2014","5.59","5.53","5.67","5.52","8.91K","-3.50%"
"03/27/2014","5.80","6.06","6.15","5.49","19.75K","-3.72%"
"03/26/2014","6.02","5.92","6.11","5.91","19.26K","2.00%"
"03/25/2014","5.90","5.52","6.06","5.52","17.52K","4.96%"
"03/24/2014","5.62","5.62","5.73","5.50","29.57K","-0.91%"
"03/23/2014","5.68","5.70","5.70","5.61","7.25K","-0.85%"
"03/20/2014","5.72","5.61","5.76","5.61","14.02K","-0.11%"
"03/19/2014","5.73","5.76","5.76","5.68","7.30K","0.27%"
"03/18/2014","5.72","5.58","5.76","5.58","7.37K","2.28%"
"03/17/2014","5.59","5.59","5.59","5.58","2.31K","-0.32%"
"03/16/2014","5.61","5.60","5.64","5.59","17.98K","-1.07%"
"03/13/2014","5.67","5.82","5.82","5.61","4.78K","1.30%"
"03/12/2014","5.59","5.61","5.61","5.59","5.25K","-1.02%"
"03/11/2014","5.65","5.66","5.66","5.65","2.80K","-1.53%"
"03/10/2014","5.74","5.75","5.76","5.65","9.24K","-0.16%"
"03/09/2014","5.75","5.74","5.75","5.74","14.85K","3.38%"
"03/06/2014","5.56","5.76","5.76","5.55","20.21K","-3.67%"
"03/05/2014","5.77","5.82","5.89","5.68","12.19K","3.31%"
"03/04/2014","5.59","5.57","5.92","5.52","17.34K","-1.34%"
"03/03/2014","5.66","5.74","5.75","5.58","11.45K","-5.13%"
"03/02/2014","5.97","6.06","6.06","5.88","7.99K","-1.30%"
"02/27/2014","6.05","5.83","6.14","5.82","25.15K","2.25%"
"02/26/2014","5.92","5.94","5.94","5.84","34.80K","-0.51%"
"02/25/2014","5.95","5.95","5.95","5.94","9.56K","-0.66%"
"02/24/2014","5.98","6.00","6.06","5.93","22.95K","-1.89%"
"02/23/2014","6.10","6.12","6.18","5.94","28.59K","1.82%"
"02/20/2014","5.99","5.84","6.06","5.84","13.51K","-0.60%"
"02/19/2014","6.03","6.03","6.21","5.91","20.09K","-2.79%"
"02/18/2014","6.20","6.21","6.30","6.05","42.64K","2.20%"
"02/17/2014","6.07","6.04","6.16","6.01","41.65K","0.91%"
"02/16/2014","6.01","6.02","6.05","5.92","37.06K","2.80%"
"02/13/2014","5.85","5.94","5.94","5.76","25.69K","-1.58%"
"02/12/2014","5.94","5.91","6.04","5.90","27.41K","1.82%"
"02/11/2014","5.84","5.83","5.88","5.77","17.37K","-0.26%"
"02/10/2014","5.85","5.85","5.97","5.77","50.34K","-0.57%"
"02/09/2014","5.88","5.90","6.02","5.82","20.79K","-0.26%"
"02/06/2014","5.90","5.92","6.02","5.76","47.14K","-1.27%"
"02/05/2014","5.98","5.80","6.06","5.80","28.50K","0.10%"
"02/04/2014","5.97","6.30","6.36","5.89","32.86K","-0.10%"
"02/03/2014","5.98","5.58","6.15","5.58","136.16K","6.77%"
"02/02/2014","5.60","5.53","5.70","5.52","44.61K","0.16%"
"01/30/2014","5.59","5.58","5.64","5.52","15.64K","-0.11%"
"01/29/2014","5.59","5.50","5.61","5.50","6.95K","1.04%"
"01/28/2014","5.54","5.55","5.55","5.52","5.28K","-0.71%"
"01/27/2014","5.58","5.58","5.62","5.48","9.44K","1.38%"
"01/26/2014","5.50","5.45","5.57","5.42","10.36K","0.95%"
"01/23/2014","5.45","5.45","5.46","5.32","7.71K","0.28%"
"01/22/2014","5.43","5.39","5.51","5.39","8.14K","0.22%"
"01/21/2014","5.42","5.30","5.50","5.30","11.71K","1.47%"
"01/20/2014","5.34","5.34","5.34","5.34","1.98K","-3.50%"
"01/19/2014","5.54","5.44","5.44","5.44","1.65K","0.00%"
"01/16/2014","5.54","5.76","5.76","5.53","12.30K","-2.87%"
"01/15/2014","5.70","5.63","5.63","5.63","1.07K","0.00%"
"01/14/2014","5.70","5.75","5.76","5.46","38.54K","-0.32%"
"01/12/2014","5.72","5.67","5.76","5.61","23.66K","3.34%"
"01/09/2014","5.53","5.53","5.54","5.53","2.97K","-0.92%"
"01/08/2014","5.58","5.72","5.72","5.53","2.31K","0.00%"
"01/06/2014","5.58","5.64","5.70","5.52","6.93K","0.93%"
"01/05/2014","5.53","5.52","5.61","5.48","2.06K","1.33%"
"01/02/2014","5.46","5.46","5.46","5.46","0.99K","0.00%"
"12/31/2013","5.46","5.64","5.64","5.39","14.05K","-4.20%"
"12/30/2013","5.70","5.73","5.73","5.73","1.15K","0.00%"
"12/29/2013","5.70","5.86","5.86","5.58","6.88K","-0.32%"
"12/26/2013","5.72","5.63","5.82","5.63","47.58K","1.67%"
"12/25/2013","5.62","5.64","5.68","5.52","3.81K","3.86%"
"12/24/2013","5.41","5.65","5.65","5.65","0.66K","0.00%"
"12/23/2013","5.41","5.64","5.64","5.39","7.92K","-1.11%"
"12/22/2013","5.47","5.75","5.75","5.45","6.64K","-1.74%"
"12/19/2013","5.57","5.64","5.64","5.50","4.19K","0.00%"
"12/18/2013","5.57","5.72","5.72","5.55","2.26K","-1.76%"
"12/17/2013","5.67","5.66","5.69","5.55","19.52K","5.17%"
"12/16/2013","5.39","5.36","5.41","5.32","4.11K","-3.21%"
"12/12/2013","5.57","5.56","5.69","5.55","6.16K","2.22%"
"12/11/2013","5.45","5.36","5.47","5.36","6.87K","0.73%"
"12/10/2013","5.41","5.39","5.45","5.36","14.85K","0.00%"
"12/09/2013","5.41","5.36","5.45","5.32","11.52K","-0.72%"
"12/08/2013","5.45","5.45","5.45","5.41","8.56K","-0.17%"
"12/05/2013","5.46","5.48","5.48","5.45","5.47K","1.46%"
"12/04/2013","5.38","5.52","5.52","5.23","15.05K","-1.28%"
"12/03/2013","5.45","5.30","5.45","5.30","28.90K","1.70%"
"12/02/2013","5.36","5.36","5.36","5.23","6.27K","-1.61%"
"12/01/2013","5.45","5.69","5.69","5.41","4.45K","2.10%"
"11/28/2013","5.33","5.23","5.52","5.23","2.44K","-0.40%"
"11/27/2013","5.35","5.50","5.54","5.15","28.17K","-1.72%"
"11/26/2013","5.45","5.36","5.46","5.36","11.25K","-0.33%"
"11/25/2013","5.47","5.33","5.48","5.33","10.85K","-1.64%"
"11/24/2013","5.56","5.76","5.91","5.46","23.75K","-2.34%"
"11/21/2013","5.69","5.76","5.85","5.64","18.05K","-3.84%"
"11/20/2013","5.92","6.00","6.11","5.70","23.37K","-2.50%"
"11/19/2013","6.07","6.20","6.21","5.93","60.09K","4.81%"
"11/18/2013","5.79","5.45","5.91","5.45","108.93K","7.78%"
"11/17/2013","5.37","5.32","5.45","5.28","7.85K","-0.28%"
"11/14/2013","5.39","5.29","5.44","5.29","26.45K","2.07%"
"11/13/2013","5.28","5.21","5.40","5.20","10.23K","0.81%"
"11/12/2013","5.24","5.30","5.30","5.21","6.93K","-1.54%"
"11/11/2013","5.32","5.33","5.33","5.30","14.75K","-2.28%"
"11/10/2013","5.44","5.45","5.45","5.36","6.50K","-0.33%"
"11/07/2013","5.46","5.46","5.61","5.44","33.75K","-1.21%"
"11/06/2013","5.53","5.48","5.63","5.45","104.41K","2.88%"
"11/04/2013","5.37","5.37","5.49","5.21","38.25K","-2.58%"
"11/03/2013","5.52","5.73","5.73","5.40","95.38K","-1.78%"
"10/31/2013","5.62","5.45","5.72","5.20","108.23K","7.92%"
"10/30/2013","5.20","4.88","5.24","4.88","164.97K","9.22%"
"10/29/2013","4.76","4.75","4.79","4.75","2.64K","1.22%"
"10/28/2013","4.71","4.81","4.81","4.69","18.85K","-3.12%"
"10/27/2013","4.86","4.88","4.88","4.82","4.29K","-0.62%"
"10/24/2013","4.89","4.78","4.93","4.77","13.90K","0.81%"
"10/23/2013","4.85","4.82","4.91","4.73","13.03K","-0.56%"
"10/22/2013","4.88","4.85","4.94","4.75","51.26K","2.81%"
"10/21/2013","4.74","4.97","4.97","4.56","19.83K","-1.88%"
"10/20/2013","4.83","5.12","5.12","4.68","27.01K","-3.04%"
"10/13/2013","4.98","4.92","5.12","4.92","11.68K","-0.12%"
"10/10/2013","4.99","5.12","5.12","4.81","19.99K","2.94%"
"10/09/2013","4.85","4.67","5.13","4.64","30.36K","1.33%"
"10/08/2013","4.78","4.84","4.88","4.73","15.00K","-1.99%"
"10/07/2013","4.88","4.92","4.94","4.79","13.68K","3.01%"
"10/03/2013","4.74","4.73","4.85","4.72","26.23K","-1.01%"
"10/02/2013","4.79","4.61","4.94","4.61","10.31K","2.40%"
"10/01/2013","4.68","4.69","4.70","4.59","4.95K","1.45%"
"09/29/2013","4.61","4.60","4.62","4.60","4.87K","1.00%"
"09/26/2013","4.56","4.43","4.85","4.39","26.40K","2.24%"
"09/25/2013","4.46","4.43","4.50","4.43","10.62K","0.34%"
"09/24/2013","4.45","4.43","4.48","4.43","18.15K","0.89%"
"09/23/2013","4.41","4.31","4.44","4.31","11.60K","2.54%"
"09/22/2013","4.30","4.41","4.42","4.24","5.03K","2.53%"
"09/18/2013","4.19","4.32","4.32","4.09","11.32K","-4.62%"
"09/17/2013","4.40","4.36","4.45","4.36","10.36K","3.64%"
"09/15/2013","4.24","4.38","4.38","4.38","1.65K","0.00%"
"09/12/2013","4.24","4.24","4.24","4.24","3.55K","-2.37%"
"09/11/2013","4.35","4.39","4.48","4.24","10.69K","0.35%"
"09/10/2013","4.33","4.21","4.37","4.21","11.22K","9.00%"
"09/08/2013","3.97","4.21","4.26","4.21","1.65K","0.00%"
"09/05/2013","3.97","3.97","4.09","3.94","7.58K","-2.16%"
"09/03/2013","4.06","4.23","4.23","4.23","0.34K","0.00%"
"09/02/2013","4.06","4.09","4.09","3.95","9.90K","-5.90%"
"08/28/2013","4.32","4.10","4.10","4.10","1.15K","0.00%"
"08/27/2013","4.32","4.15","4.15","4.15","2.31K","0.00%"
"08/26/2013","4.32","4.25","4.39","4.25","4.66K","1.06%"
"08/25/2013","4.27","4.44","4.44","4.44","0.46K","0.00%"
"08/22/2013","4.27","4.18","4.35","4.18","40.96K","1.15%"
"08/21/2013","4.22","4.24","4.24","4.14","12.87K","5.85%"
"08/20/2013","3.99","3.94","4.20","3.94","9.08K","-5.80%"
"08/19/2013","4.23","4.23","4.23","4.23","5.99K","0.00%"
"08/18/2013","4.23","4.18","4.18","4.18","0.12K","0.00%"
"08/13/2013","4.23","4.13","4.25","4.13","23.12K","-0.57%"
"08/12/2013","4.26","4.27","4.27","4.22","27.84K","0.00%"
"08/07/2013","4.26","4.42","4.42","4.24","3.38K","0.00%"
"08/06/2013","4.26","4.39","4.47","4.39","1.52K","0.00%"
"08/05/2013","4.26","4.24","4.36","4.24","19.06K","0.57%"
"08/04/2013","4.24","4.17","4.21","4.17","0.39K","0.00%"
"08/01/2013","4.24","4.18","4.30","4.18","3.01K","1.45%"
"07/30/2013","4.18","4.37","4.37","4.37","1.32K","0.00%"
"07/28/2013","4.18","4.20","4.20","4.15","3.30K","2.84%"
"07/25/2013","4.06","4.30","4.30","4.30","0.66K","0.00%"
"07/22/2013","4.06","4.37","4.37","4.37","0.66K","0.00%"
"07/17/2013","4.06","4.08","4.08","4.07","0.99K","0.00%"
"07/16/2013","4.06","3.97","4.13","3.97","5.36K","3.00%"
"07/15/2013","3.94","3.95","3.95","3.94","2.68K","-0.15%"
"07/14/2013","3.95","3.96","3.96","3.94","9.73K","-4.47%"
"07/11/2013","4.13","4.15","4.15","4.12","6.27K","-4.68%"
"07/10/2013","4.34","4.41","4.41","4.17","2.38K","5.84%"
"07/09/2013","4.10","4.32","4.41","4.20","1.81K","0.00%"
"07/08/2013","4.10","4.04","4.20","4.03","18.15K","-8.28%"
"07/04/2013","4.47","4.45","4.47","4.45","45.92K","9.92%"
"07/03/2013","4.06","4.06","4.06","4.06","3.63K","2.52%"
"07/02/2013","3.96","3.83","4.08","3.78","17.17K","6.26%"
"06/30/2013","3.73","3.72","3.74","3.71","3.16K","5.57%"
"06/27/2013","3.53","3.70","3.70","3.48","4.29K","0.00%"
"06/26/2013","3.53","3.52","3.55","3.48","22.63K","0.60%"
"06/24/2013","3.51","3.52","3.63","3.47","8.23K","-3.90%"
"06/23/2013","3.65","4.00","4.00","3.47","9.74K","-5.12%"
"06/20/2013","3.85","3.61","3.93","3.61","6.40K","5.22%"
"06/18/2013","3.66","3.64","3.71","3.64","1.63K","0.00%"
"06/17/2013","3.66","3.64","3.82","3.64","2.97K","3.96%"
"06/13/2013","3.52","3.63","3.63","3.63","0.33K","0.00%"
"06/12/2013","3.52","3.61","3.61","3.36","7.18K","-5.22%"
"06/11/2013","3.71","3.71","3.71","3.71","3.30K","0.33%"
"06/10/2013","3.70","3.77","4.21","3.66","21.85K","-8.95%"
"06/09/2013","4.06","4.20","4.20","3.95","19.02K","-7.52%"
"06/05/2013","4.39","4.39","4.55","4.24","6.17K","-2.68%"
"06/04/2013","4.52","4.55","4.55","4.48","6.24K","-2.04%"
"06/03/2013","4.61","4.64","4.64","4.59","15.73K","-4.82%"
"06/02/2013","4.84","4.76","4.76","4.61","1.57K","0.00%"
"05/30/2013","4.84","4.85","4.85","4.85","0.02K","0.00%"
"05/29/2013","4.84","4.75","4.77","4.75","1.53K","0.00%"
"05/28/2013","4.84","4.84","4.84","4.84","2.68K","-1.36%"
"05/27/2013","4.91","4.91","4.92","4.91","4.29K","1.57%"
"05/26/2013","4.83","4.82","4.82","4.82","1.49K","0.00%"
"05/23/2013","4.83","4.82","4.82","4.82","0.33K","0.00%"
"05/22/2013","4.83","4.82","4.95","4.82","6.06K","-2.15%"
"05/21/2013","4.94","4.92","4.96","4.92","5.77K","1.49%"
"05/20/2013","4.87","4.99","5.00","4.82","26.09K","-1.41%"
"05/19/2013","4.94","5.00","5.00","4.89","6.10K","1.24%"
"05/16/2013","4.88","4.95","4.95","4.85","11.38K","-2.25%"
"05/15/2013","4.99","5.05","5.08","4.94","19.15K","-0.54%"
"05/14/2013","5.02","5.00","5.05","5.00","12.72K","2.99%"
"05/13/2013","4.87","4.87","4.99","4.85","37.64K","-1.95%"
"05/12/2013","4.97","5.03","5.05","4.93","14.79K","0.86%"
"05/09/2013","4.92","5.03","5.05","4.88","11.61K","0.68%"
"05/08/2013","4.89","4.98","5.00","4.85","39.35K","-2.18%"
"05/07/2013","5.00","5.00","5.00","4.97","7.81K","-0.18%"
"05/02/2013","5.01","4.97","5.05","4.97","11.34K","1.16%"
"04/29/2013","4.95","4.98","4.98","4.88","12.71K","0.25%"
"04/28/2013","4.94","4.94","4.95","4.91","14.26K","-0.31%"
"04/24/2013","4.95","5.00","5.01","4.90","17.51K","-1.80%"
"04/23/2013","5.05","5.00","5.15","4.93","51.02K","2.90%"
"04/22/2013","4.90","4.92","4.99","4.85","54.22K","-1.76%"
"04/21/2013","4.99","4.87","5.03","4.85","72.62K","2.94%"
"04/17/2013","4.85","4.85","4.85","4.85","7.50K","-1.54%"
"04/16/2013","4.92","4.92","4.92","4.92","1.32K","0.00%"
"04/15/2013","4.92","4.92","5.00","4.85","8.09K","-1.63%"
"04/14/2013","5.01","5.12","5.14","4.97","36.61K","3.19%"
"04/11/2013","4.85","4.85","4.86","4.85","3.26K","-0.93%"
"04/10/2013","4.90","4.80","5.00","4.76","8.74K","-2.00%"
"04/08/2013","5.00","4.98","5.00","4.98","4.06K","3.13%"
"04/07/2013","4.85","4.84","4.85","4.84","8.20K","3.36%"
"04/04/2013","4.69","4.70","4.70","4.67","4.98K","-3.31%"
"04/03/2013","4.85","4.70","4.70","4.70","1.82K","0.00%"
"04/02/2013","4.85","4.85","4.85","4.85","7.47K","0.00%"
"03/31/2013","4.85","4.88","4.88","4.85","3.30K","-0.87%"
"03/28/2013","4.89","4.90","4.92","4.88","6.70K","-0.31%"
"03/27/2013","4.91","4.91","4.91","4.91","3.30K","-1.58%"
"03/26/2013","4.99","4.99","5.00","4.98","4.47K","-1.02%"
"03/25/2013","5.04","5.08","5.08","5.00","11.88K","-1.13%"
"03/24/2013","5.10","5.10","5.20","5.08","17.18K","0.00%"
"03/21/2013","5.09","5.11","5.11","5.09","3.30K","0.54%"
"03/20/2013","5.07","5.07","5.07","5.07","3.30K","-3.85%"
"03/19/2013","5.27","5.26","5.27","5.26","4.62K","0.52%"
"03/18/2013","5.24","5.26","5.30","5.15","9.73K","3.72%"
"03/17/2013","5.05","5.07","5.09","5.03","8.25K","-2.63%"
"03/14/2013","5.19","5.23","5.45","5.15","44.71K","-4.73%"
"03/13/2013","5.45","5.61","5.76","5.33","16.99K","-2.23%"
"03/12/2013","5.57","5.15","5.62","5.15","75.44K","9.01%"
"03/10/2013","5.11","5.06","5.15","5.06","0.99K","0.00%"
"03/06/2013","5.11","4.88","5.15","4.85","5.04K","1.87%"
"03/05/2013","5.02","4.79","4.79","4.79","0.66K","0.00%"
"03/04/2013","5.02","5.17","5.17","4.75","6.43K","-3.83%"
"02/28/2013","5.22","5.16","5.30","5.16","10.90K","0.23%"
"02/27/2013","5.21","5.20","5.23","5.16","21.16K","-1.04%"
"02/26/2013","5.26","5.28","5.36","5.18","11.88K","-0.86%"
"02/25/2013","5.31","5.22","5.39","5.20","23.95K","1.21%"
"02/24/2013","5.24","5.22","5.30","5.20","7.33K","-1.87%"
"02/21/2013","5.34","5.30","5.40","5.28","38.80K","-1.95%"
"02/20/2013","5.45","5.30","5.48","5.30","44.21K","4.78%"
"02/19/2013","5.20","5.32","5.42","5.16","154.34K","-4.61%"
"02/18/2013","5.45","5.48","5.48","5.34","13.86K","-2.70%"
"02/17/2013","5.60","5.60","5.61","5.60","3.28K","0.00%"
"02/14/2013","5.60","5.45","5.82","5.45","56.00K","3.30%"
"02/13/2013","5.42","5.31","5.45","5.31","6.73K","0.00%"
"02/12/2013","5.42","5.42","5.42","5.42","3.58K","0.45%"
"02/11/2013","5.39","5.42","5.42","5.42","0.26K","0.00%"
"02/10/2013","5.39","5.44","5.44","5.18","15.34K","3.31%"
"02/07/2013","5.22","5.31","5.31","5.15","20.62K","-1.54%"
"02/06/2013","5.30","5.31","5.31","5.30","2.28K","-2.07%"
"02/05/2013","5.42","5.41","5.42","5.41","9.40K","2.06%"
"02/04/2013","5.31","5.31","5.31","5.30","15.01K","0.00%"
"02/03/2013","5.30","5.31","5.31","5.29","6.93K","1.51%"
"01/30/2013","5.22","5.26","5.26","5.26","0.84K","0.00%"
"01/29/2013","5.22","5.24","5.27","5.15","4.62K","-1.49%"
"01/28/2013","5.30","5.30","5.30","5.30","3.30K","-1.57%"
"01/27/2013","5.39","5.45","5.45","5.45","0.33K","0.00%"
"01/23/2013","5.39","5.25","5.45","5.24","9.92K","-0.95%"
"01/21/2013","5.44","5.45","5.45","5.42","13.33K","1.93%"
"01/20/2013","5.34","5.30","5.45","5.30","4.62K","-4.14%"
"01/17/2013","5.57","5.45","5.45","5.45","0.63K","0.00%"
"01/15/2013","5.57","5.40","5.40","5.40","0.33K","0.00%"
"01/14/2013","5.57","5.57","5.61","5.46","27.33K","2.00%"
"01/10/2013","5.46","5.46","5.47","5.44","15.03K","-0.99%"
"01/09/2013","5.51","5.50","5.54","5.50","3.63K","-1.78%"
"01/08/2013","5.61","5.48","5.48","5.48","0.66K","0.00%"
"01/03/2013","5.61","5.64","5.65","5.60","82.02K","3.41%"
"12/31/2012","5.43","5.38","5.46","5.38","9.32K","-0.89%"
"12/30/2012","5.48","5.45","5.70","5.45","18.15K","-0.17%"
"12/27/2012","5.48","5.45","5.68","5.45","5.89K","0.44%"
"12/25/2012","5.46","5.46","5.48","5.45","6.60K","-1.58%"
"12/24/2012","5.55","5.55","5.55","5.45","2.97K","-3.12%"
"12/23/2012","5.73","5.81","5.81","5.81","0.66K","0.00%"
"12/20/2012","5.73","5.65","5.75","5.61","18.35K","0.53%"
"12/17/2012","5.70","5.76","5.76","5.47","6.68K","-1.62%"
"12/16/2012","5.79","5.75","5.83","5.75","15.94K","0.63%"
"12/13/2012","5.75","5.68","5.76","5.68","8.58K","2.32%"
"12/12/2012","5.62","5.45","5.72","5.45","21.50K","8.10%"
"12/11/2012","5.20","5.20","5.20","5.20","0.99K","0.00%"
"12/09/2012","5.20","5.34","5.45","5.15","20.81K","-0.46%"
"12/04/2012","5.23","5.60","5.60","5.60","0.99K","0.00%"
"12/03/2012","5.23","5.15","5.15","5.15","0.33K","0.00%"
"11/28/2012","5.23","5.45","5.45","5.11","6.99K","-3.74%"
"11/27/2012","5.43","5.45","5.46","5.45","1.44K","0.00%"
"11/26/2012","5.43","5.11","5.76","5.11","22.37K","0.00%"
"11/25/2012","5.43","5.61","5.61","5.40","19.55K","-9.44%"
"11/22/2012","6.00","5.81","6.36","5.81","11.22K","3.34%"
"11/21/2012","5.81","5.81","5.81","5.81","1.89K","-3.57%"
"11/19/2012","6.02","6.03","6.03","6.00","4.90K","-1.00%"
"11/18/2012","6.08","6.14","6.23","5.98","8.81K","-3.23%"
"11/14/2012","6.28","6.14","6.14","6.14","0.66K","0.00%"
"11/13/2012","6.28","6.52","6.52","6.52","0.33K","0.00%"
"11/12/2012","6.28","6.21","6.36","6.21","8.02K","-2.86%"
"11/11/2012","6.47","6.52","6.52","6.41","4.81K","-2.11%"
"11/08/2012","6.61","6.48","6.48","6.48","0.73K","0.00%"
"11/07/2012","6.61","6.52","6.88","6.52","8.25K","0.28%"
"11/05/2012","6.59","6.36","6.87","6.36","6.72K","1.54%"
"11/04/2012","6.49","6.49","6.49","6.48","4.09K","-0.51%"
"11/01/2012","6.52","6.59","6.59","6.49","6.39K","-2.89%"
"10/30/2012","6.72","7.05","7.05","6.67","22.27K","-4.48%"
"10/29/2012","7.03","6.98","7.10","6.98","1.48K","3.80%"
"10/24/2012","6.78","6.82","6.82","6.73","11.16K","-2.70%"
"10/23/2012","6.96","6.70","7.07","6.70","0.83K","0.00%"
"10/22/2012","6.96","6.82","6.97","6.82","15.04K","0.09%"
"10/18/2012","6.96","6.54","6.97","6.54","5.26K","6.00%"
"10/17/2012","6.56","6.58","6.58","6.55","1.65K","-3.73%"
"10/16/2012","6.82","6.67","6.88","6.52","1.39K","-0.27%"
"10/11/2012","6.84","6.82","6.82","6.82","0.33K","0.00%"
"10/10/2012","6.84","6.85","6.85","6.82","6.60K","-4.00%"
"10/09/2012","7.12","7.05","7.26","6.82","29.20K","-0.09%"
"10/08/2012","7.13","7.21","7.26","6.97","8.98K","0.73%"
"10/04/2012","7.08","7.05","7.12","7.05","7.01K","0.78%"
"10/03/2012","7.02","7.04","7.05","6.97","1.51K","2.03%"
"10/02/2012","6.88","6.92","6.92","6.82","5.94K","-3.03%"
"10/01/2012","7.10","7.42","7.42","6.93","22.48K","-2.13%"
"09/30/2012","7.25","7.21","7.73","6.97","29.70K","2.79%"
"09/27/2012","7.05","6.94","7.24","6.94","17.64K","0.39%"
"09/26/2012","7.03","7.15","7.36","6.97","9.14K","-1.74%"
"09/25/2012","7.15","7.08","7.18","7.07","31.46K","4.61%"
"09/24/2012","6.84","6.83","6.85","6.82","7.59K","-1.66%"
"09/23/2012","6.95","6.97","6.97","6.84","2.72K","-1.55%"
"09/20/2012","7.06","7.07","7.20","6.97","40.90K","-1.94%"
"09/19/2012","7.20","7.30","7.30","7.07","13.25K","-1.70%"
"09/18/2012","7.32","7.18","7.49","7.12","17.49K","0.00%"
"09/17/2012","7.32","7.27","7.43","7.24","36.70K","-0.17%"
"09/16/2012","7.33","7.14","7.51","7.14","22.64K","2.76%"
"09/13/2012","7.14","7.06","7.27","7.04","30.36K","-1.01%"
"09/12/2012","7.21","7.27","7.28","7.03","26.72K","-0.54%"
"09/11/2012","7.25","7.03","7.42","7.03","52.73K","3.15%"
"09/10/2012","7.03","7.03","7.08","6.95","9.88K","2.16%"
"09/09/2012","6.88","6.97","6.97","6.82","11.90K","0.75%"
"09/06/2012","6.83","6.79","6.97","6.74","46.08K","-0.88%"
"09/05/2012","6.89","6.67","7.01","6.67","29.35K","3.51%"
"09/04/2012","6.65","6.52","6.83","6.52","35.14K","3.00%"
"09/03/2012","6.46","6.38","6.51","6.38","2.53K","0.00%"
"09/02/2012","6.46","6.45","6.51","6.44","7.79K","0.19%"
"08/30/2012","6.45","6.45","6.45","6.45","0.82K","0.00%"
"08/29/2012","6.45","6.52","6.56","6.36","11.55K","-0.19%"
"08/28/2012","6.46","6.49","6.57","6.41","27.59K","-0.33%"
"08/27/2012","6.48","6.43","6.56","6.31","15.38K","1.76%"
"08/26/2012","6.37","6.39","6.41","6.29","11.72K","2.54%"
"08/23/2012","6.21","6.12","6.28","6.12","8.83K","2.24%"
"08/22/2012","6.08","6.06","6.12","6.06","7.74K","-2.20%"
"08/21/2012","6.21","6.21","6.21","6.21","4.62K","4.75%"
"08/16/2012","5.93","6.02","6.06","5.68","15.02K","-4.12%"
"08/15/2012","6.18","6.21","6.21","6.02","4.79K","-0.83%"
"08/13/2012","6.24","6.24","6.24","6.24","0.66K","4.52%"
"08/12/2012","5.97","6.06","6.06","5.91","23.05K","-4.56%"
"08/07/2012","6.25","6.18","6.32","6.18","7.00K","2.59%"
"08/06/2012","6.09","6.14","6.14","6.08","1.81K","-2.38%"
"08/02/2012","6.24","6.18","6.35","6.16","3.63K","0.00%"
"08/01/2012","6.25","6.25","6.25","6.25","0.33K","-0.24%"
"07/31/2012","6.26","6.10","6.33","6.10","7.08K","-0.29%"
"07/30/2012","6.28","6.10","6.30","6.10","1.94K","0.93%"
"07/24/2012","6.22","6.23","6.23","6.21","3.96K","0.00%"
"07/22/2012","6.22","6.17","6.44","6.09","6.24K","0.98%"
"07/19/2012","6.16","6.22","6.22","6.12","3.30K","0.54%"
"07/17/2012","6.12","6.16","6.16","6.10","4.42K","-3.35%"
"07/15/2012","6.34","6.67","6.67","6.23","6.96K","-2.92%"
"07/12/2012","6.53","6.55","6.55","6.52","1.39K","-2.97%"
"07/11/2012","6.73","6.73","6.74","6.71","7.59K","1.51%"
"07/10/2012","6.63","6.88","6.88","6.44","4.11K","5.70%"
"07/09/2012","6.27","6.24","6.28","6.24","0.96K","-7.43%"
"07/05/2012","6.77","6.76","6.79","6.76","3.19K","-0.89%"
"07/03/2012","6.83","6.85","6.86","6.80","16.50K","-0.44%"
"07/02/2012","6.86","7.14","7.14","6.82","11.15K","-2.16%"
"06/28/2012","7.02","6.96","7.12","6.96","15.69K","-0.34%"
"06/27/2012","7.04","7.12","7.20","6.85","15.67K","1.40%"
"06/26/2012","6.94","7.24","7.26","6.85","5.44K","3.67%"
"06/25/2012","6.70","6.67","6.79","6.67","10.72K","8.44%"
"06/24/2012","6.18","6.36","6.36","6.06","2.14K","6.42%"
"06/21/2012","5.80","5.80","5.80","5.80","0.33K","-8.81%"
"06/20/2012","6.36","6.36","6.36","6.36","0.33K","7.69%"
"06/14/2012","5.91","6.06","6.06","5.76","0.66K","-7.10%"
"06/13/2012","6.36","6.36","6.36","6.36","0.33K","-1.87%"
"06/11/2012","6.48","6.48","6.48","6.48","0.33K","9.97%"
"06/10/2012","5.89","6.48","6.48","6.48","0.16K","0.00%"
"06/07/2012","5.89","5.98","5.98","5.76","0.66K","-2.36%"
"06/06/2012","6.04","6.06","6.06","6.03","4.29K","-0.70%"
"06/05/2012","6.08","6.61","6.61","6.06","3.88K","0.80%"
"05/31/2012","6.03","6.03","6.03","6.03","0.84K","-5.24%"
"05/29/2012","6.36","6.36","6.36","6.36","1.65K","-3.00%"
"05/28/2012","6.56","6.56","6.56","6.56","0.33K","-0.46%"
"05/27/2012","6.59","6.59","6.59","6.59","2.28K","0.18%"
"05/24/2012","6.58","6.55","6.59","6.55","1.15K","2.89%"
"05/23/2012","6.39","6.52","6.52","6.52","0.25K","0.00%"
"05/21/2012","6.39","6.36","6.40","6.36","1.98K","-4.13%"
"05/17/2012","6.67","6.67","6.81","6.67","14.19K","-1.03%"
"05/16/2012","6.74","6.74","6.74","6.67","8.91K","0.45%"
"05/15/2012","6.71","6.67","6.88","6.67","7.27K","-2.08%"
"05/14/2012","6.85","6.67","6.88","6.67","2.63K","0.00%"
"05/13/2012","6.85","6.67","6.90","6.67","4.95K","4.63%"
"05/09/2012","6.55","6.58","6.58","6.53","1.81K","-1.68%"
"05/08/2012","6.66","6.65","6.66","6.65","2.18K","2.19%"
"05/06/2012","6.52","6.93","6.93","6.93","0.01K","0.00%"
"05/02/2012","6.52","6.52","6.52","6.52","0.82K","-0.74%"
"04/30/2012","6.57","6.65","6.65","6.52","4.78K","-2.91%"
"04/26/2012","6.76","6.82","6.91","6.67","1.98K","-1.76%"
"04/24/2012","6.88","6.82","6.97","6.82","1.78K","2.71%"
"04/23/2012","6.70","6.52","6.82","6.52","2.37K","-4.98%"
"04/22/2012","7.05","7.12","7.12","7.12","0.13K","0.00%"
"04/19/2012","7.05","7.04","7.07","7.04","1.65K","1.26%"
"04/17/2012","6.97","6.44","6.44","6.44","0.16K","0.00%"
"04/12/2012","6.97","6.92","7.04","6.92","1.65K","8.91%"
"04/11/2012","6.40","6.38","6.43","6.36","2.11K","-2.72%"
"04/10/2012","6.58","6.58","6.58","6.58","0.86K","0.00%"
"04/09/2012","6.58","6.58","6.58","6.58","0.82K","-0.87%"
"04/08/2012","6.64","6.58","6.67","6.58","6.02K","-1.57%"
"04/05/2012","6.74","6.74","6.74","6.74","0.66K","1.04%"
"04/04/2012","6.67","6.67","6.67","6.67","0.40K","-3.63%"
"04/03/2012","6.92","6.67","6.97","6.67","7.72K","1.87%"
"04/01/2012","6.80","6.83","6.83","6.67","0.99K","-0.13%"
"03/29/2012","6.81","6.79","6.82","6.79","1.21K","-1.79%"
"03/28/2012","6.93","6.95","6.97","6.70","2.10K","2.10%"
"03/27/2012","6.79","6.79","6.80","6.79","3.33K","-1.75%"
"03/26/2012","6.91","6.91","6.91","6.91","0.33K","0.44%"
"03/25/2012","6.88","6.91","6.91","6.68","1.98K","-1.39%"
"03/22/2012","6.98","6.98","6.98","6.98","0.33K","-1.03%"
"03/21/2012","7.05","7.05","7.05","7.05","0.46K","-2.23%"
"03/20/2012","7.21","7.21","7.21","7.21","0.41K","0.68%"
"03/15/2012","7.16","7.24","7.26","7.06","9.79K","-0.30%"
"03/14/2012","7.18","7.24","7.24","7.12","3.40K","1.59%"
"03/13/2012","7.07","7.27","7.28","6.83","24.69K","-2.59%"
"03/12/2012","7.26","7.19","7.54","7.19","9.01K","-0.79%"
"03/11/2012","7.32","7.28","7.39","7.18","5.11K","-0.54%"
"03/08/2012","7.35","7.46","7.48","7.27","19.90K","-1.70%"
"03/07/2012","7.48","7.55","7.55","7.46","19.77K","-1.12%"
"03/06/2012","7.57","7.62","7.62","7.55","24.49K","-0.44%"
"03/05/2012","7.60","7.73","7.77","7.58","20.13K","-0.75%"
"03/04/2012","7.66","8.00","8.00","7.61","40.75K","-1.90%"
"03/01/2012","7.81","7.65","8.03","7.61","70.53K","2.22%"
"02/29/2012","7.64","7.64","7.70","7.50","84.69K","1.08%"
"02/28/2012","7.55","7.64","7.64","7.46","28.05K","-0.24%"
"02/27/2012","7.57","7.47","7.71","7.46","41.17K","0.12%"
"02/26/2012","7.56","7.57","7.64","7.49","62.70K","0.77%"
"02/23/2012","7.51","7.41","7.73","7.36","58.08K","3.55%"
"02/22/2012","7.25","7.13","7.35","7.13","17.43K","0.00%"
"02/21/2012","7.25","7.23","7.38","7.22","37.51K","-0.17%"
"02/20/2012","7.26","7.27","7.36","7.21","52.63K","-0.33%"
"02/19/2012","7.28","7.27","7.39","7.21","38.10K","0.88%"
"02/16/2012","7.22","7.18","7.27","7.00","27.84K","-0.21%"
"02/15/2012","7.23","7.28","7.45","7.13","67.94K","-1.73%"
"02/14/2012","7.36","7.27","7.51","7.21","55.92K","0.91%"
"02/13/2012","7.29","7.30","7.39","7.17","25.20K","0.12%"
"02/12/2012","7.28","7.25","7.42","7.25","25.41K","1.31%"
"02/09/2012","7.19","7.15","7.26","7.15","24.91K","-0.54%"
"02/08/2012","7.23","7.12","7.26","7.12","20.58K","0.51%"
"02/07/2012","7.19","7.18","7.21","7.18","10.99K","-0.54%"
"02/06/2012","7.23","7.23","7.23","7.23","0.95K","2.98%"
"02/02/2012","7.02","6.97","7.12","6.94","10.08K","-2.73%"
"02/01/2012","7.22","7.25","7.26","7.17","21.66K","-0.67%"
"01/31/2012","7.27","7.27","7.27","7.22","6.48K","1.10%"
"01/30/2012","7.19","7.18","7.27","7.12","32.90K","-0.88%"
"01/29/2012","7.25","7.31","7.57","7.16","48.29K","-1.80%"
"01/26/2012","7.39","7.42","7.58","7.12","29.62K","2.05%"
"01/24/2012","7.24","7.00","7.27","7.00","28.28K","2.40%"
"01/23/2012","7.07","6.95","7.26","6.95","8.96K","2.37%"
"01/22/2012","6.91","6.87","6.96","6.71","5.44K","2.15%"
"01/19/2012","6.76","6.80","6.97","6.67","7.01K","-4.49%"
"01/18/2012","7.08","7.12","7.12","7.05","0.75K","3.23%"
"01/17/2012","6.86","7.03","7.03","6.46","35.66K","-2.16%"
"01/16/2012","7.01","7.14","7.14","6.97","1.22K","-2.41%"
"01/15/2012","7.18","7.27","7.27","7.27","0.30K","0.00%"
"01/12/2012","7.18","7.26","7.27","7.04","10.11K","-1.00%"
"01/11/2012","7.25","7.27","7.27","7.24","1.75K","1.79%"
"01/10/2012","7.13","6.90","7.32","6.90","3.96K","1.86%"
"01/09/2012","7.00","7.08","7.08","6.88","6.85K","-5.21%"
"01/05/2012","7.38","7.38","7.38","7.38","1.65K","1.75%"
"01/04/2012","7.25","7.27","7.27","7.27","0.07K","0.00%"
"01/03/2012","7.25","7.27","7.27","7.23","4.03K","1.27%"
"01/02/2012","7.16","7.01","7.01","7.01","0.00K","0.00%"
"12/29/2011","7.16","7.13","7.18","7.13","4.90K","-0.59%"
"12/28/2011","7.21","7.26","7.28","7.15","8.03K","-1.65%"
"12/27/2011","7.33","7.48","7.48","7.19","4.26K","-0.37%"
"12/26/2011","7.35","7.66","7.66","7.19","6.90K","0.71%"
"12/25/2011","7.30","7.65","7.65","7.27","1.06K","0.00%"
"12/22/2011","7.31","7.13","7.42","7.13","7.18K","0.50%"
"12/21/2011","7.27","7.42","7.42","7.22","8.36K","-0.58%"
"12/20/2011","7.31","7.38","7.38","7.27","1.98K","-1.83%"
"12/19/2011","7.45","7.63","7.63","7.43","6.20K","0.33%"
"12/18/2011","7.42","7.59","7.59","7.38","2.71K","-1.17%"
"12/15/2011","7.51","7.97","7.97","7.46","2.95K","-1.67%"
"12/14/2011","7.64","7.98","7.98","7.58","1.48K","0.52%"
"12/13/2011","7.60","7.80","7.80","7.58","3.84K","1.33%"
"12/12/2011","7.50","7.93","7.93","7.33","0.49K","-2.14%"
"12/11/2011","7.66","7.66","7.85","7.65","3.23K","-1.10%"
"12/08/2011","7.75","7.79","7.81","7.69","2.97K","0.31%"
"12/07/2011","7.72","8.02","8.02","7.59","14.17K","-0.93%"
"12/06/2011","7.80","8.02","8.02","7.75","5.96K","-0.85%"
"12/05/2011","7.86","7.79","8.00","7.79","5.46K","1.01%"
"12/04/2011","7.78","7.88","7.88","7.73","7.19K","-1.61%"
"12/01/2011","7.91","7.84","8.08","7.84","13.85K","0.15%"
"11/30/2011","7.90","7.95","7.95","7.65","7.75K","-0.46%"
"11/29/2011","7.94","7.58","8.06","7.58","12.54K","7.91%"
"11/24/2011","7.35","7.32","7.45","7.27","11.22K","0.71%"
"11/23/2011","7.30","6.97","7.41","6.97","35.11K","2.86%"
"11/22/2011","7.10","6.97","7.12","6.97","3.28K","-2.54%"
"11/21/2011","7.28","7.35","7.35","7.15","3.13K","-2.91%"
"11/20/2011","7.50","7.65","7.65","7.44","3.11K","-2.86%"
"11/17/2011","7.72","7.70","7.85","7.65","15.38K","-1.51%"
"11/16/2011","7.84","7.88","7.89","7.79","7.64K","0.00%"
"11/15/2011","7.84","7.69","7.88","7.69","5.82K","1.09%"
"11/14/2011","7.75","7.73","7.88","7.70","20.19K","-2.33%"
"11/13/2011","7.94","7.95","7.97","7.88","23.83K","-4.13%"
"11/10/2011","8.28","8.29","8.30","8.18","13.86K","1.56%"
"11/09/2011","8.15","8.33","8.33","8.08","1.65K","-1.18%"
"11/03/2011","8.25","8.32","8.33","8.09","27.33K","1.79%"
"11/02/2011","8.11","8.05","8.18","7.88","23.33K","3.44%"
"11/01/2011","7.84","7.80","8.18","7.65","21.71K","-7.18%"
"10/31/2011","8.44","8.83","8.83","8.44","16.59K","-9.93%"
"10/30/2011","9.37","9.45","9.45","9.28","73.28K","0.59%"
"10/27/2011","9.32","9.42","9.45","9.19","39.68K","0.39%"
"10/26/2011","9.28","9.29","9.38","8.80","44.57K","-1.26%"
"10/25/2011","9.40","9.47","9.47","9.28","37.01K","-0.23%"
"10/24/2011","9.42","9.42","9.52","9.33","12.43K","-2.08%"
"10/23/2011","9.62","9.41","9.69","9.41","16.15K","2.42%"
"10/20/2011","9.39","9.39","9.40","9.32","26.22K","0.85%"
"10/19/2011","9.32","9.09","9.39","9.09","31.07K","2.50%"
"10/18/2011","9.09","9.06","9.12","9.02","24.30K","1.11%"
"10/17/2011","8.99","8.99","9.00","8.91","4.59K","0.78%"
"10/16/2011","8.92","9.00","9.00","8.84","3.53K","-0.88%"
"10/13/2011","9.00","9.00","9.00","9.00","0.82K","0.13%"
"10/12/2011","8.98","8.97","9.02","8.94","4.93K","-0.10%"
"10/11/2011","8.99","8.94","9.02","8.94","2.74K","1.30%"
"10/10/2011","8.88","8.46","8.94","8.46","21.64K","-0.10%"
"10/09/2011","8.89","8.94","8.94","8.79","12.41K","5.01%"
"10/05/2011","8.46","8.49","8.50","8.37","11.38K","-2.34%"
"10/04/2011","8.67","8.79","8.79","8.61","5.80K","-2.56%"
"10/02/2011","8.89","8.64","9.09","8.61","10.28K","3.16%"
"09/29/2011","8.62","8.58","8.78","8.58","10.35K","2.93%"
"09/28/2011","8.38","8.37","8.38","8.36","2.64K","-1.57%"
"09/27/2011","8.51","8.59","8.59","8.48","22.59K","-0.11%"
"09/26/2011","8.52","8.44","8.63","8.44","2.44K","0.14%"
"09/25/2011","8.51","8.49","8.68","8.49","3.05K","-2.02%"
"09/22/2011","8.68","8.79","8.79","8.61","6.27K","-1.98%"
"09/21/2011","8.86","8.89","8.89","8.80","18.10K","-1.68%"
"09/20/2011","9.01","9.09","9.16","8.88","12.87K","0.17%"
"09/19/2011","8.99","8.26","9.09","8.26","14.87K","6.15%"
"09/18/2011","8.47","8.64","8.64","8.33","9.49K","-3.92%"
"09/15/2011","8.82","8.82","8.84","8.82","7.31K","-2.71%"
"09/14/2011","9.06","9.09","9.18","8.97","18.94K","-1.42%"
"09/13/2011","9.19","9.09","9.24","9.06","11.22K","1.37%"
"09/12/2011","9.07","8.94","9.23","8.94","5.31K","0.10%"
"09/11/2011","9.06","8.88","9.24","8.88","18.52K","-0.07%"
"09/08/2011","9.07","9.09","9.09","9.02","6.44K","-2.06%"
"09/07/2011","9.26","9.10","9.39","9.09","10.71K","0.99%"
"09/06/2011","9.17","9.17","9.17","9.17","0.33K","-0.13%"
"09/05/2011","9.18","9.39","9.39","8.95","4.27K","-1.17%"
"09/04/2011","9.29","9.25","9.30","9.24","3.96K","-1.92%"
"08/29/2011","9.47","9.39","9.67","9.39","14.22K","0.61%"
"08/28/2011","9.41","9.39","9.67","9.39","9.69K","2.51%"
"08/25/2011","9.18","9.17","9.19","9.17","0.94K","0.00%"
"08/24/2011","9.18","9.18","9.18","9.18","0.10K","-0.62%"
"08/22/2011","9.24","9.39","9.39","9.11","6.74K","-0.75%"
"08/21/2011","9.31","9.11","9.39","9.11","3.24K","-2.48%"
"08/18/2011","9.55","9.57","9.58","9.47","15.18K","-2.54%"
"08/17/2011","9.79","9.41","9.94","9.41","8.12K","4.19%"
"08/16/2011","9.40","9.41","9.41","9.28","5.49K","-1.74%"
"08/15/2011","9.57","9.62","9.62","9.40","3.63K","-0.79%"
"08/14/2011","9.64","9.27","9.88","9.27","15.43K","0.60%"
"08/11/2011","9.58","9.08","9.98","8.94","27.78K","5.61%"
"08/10/2011","9.08","9.24","9.24","9.02","12.21K","4.87%"
"08/09/2011","8.65","8.79","8.79","8.54","10.21K","-4.80%"
"08/08/2011","9.09","9.36","9.36","8.91","20.60K","-2.82%"
"08/07/2011","9.35","9.31","9.52","9.31","5.54K","-3.08%"
"08/04/2011","9.65","9.44","9.85","9.40","40.25K","5.08%"
"08/03/2011","9.18","9.24","9.24","9.14","10.98K","-1.21%"
"08/02/2011","9.30","9.36","9.36","9.24","2.44K","-0.42%"
"08/01/2011","9.34","9.39","9.39","9.12","1.81K","0.49%"
"07/31/2011","9.29","9.17","9.38","9.09","4.16K","1.73%"
"07/28/2011","9.13","9.08","9.21","9.08","6.85K","1.34%"
"07/27/2011","9.01","8.95","9.17","8.95","3.83K","-0.87%"
"07/26/2011","9.09","9.04","9.20","9.04","4.88K","-0.10%"
"07/25/2011","9.10","9.08","9.27","9.06","9.66K","-1.57%"
"07/21/2011","9.25","9.23","9.53","9.09","31.50K","2.01%"
"07/20/2011","9.06","8.82","9.09","8.82","9.35K","1.01%"
"07/19/2011","8.97","8.94","9.00","8.94","8.25K","-0.20%"
"07/18/2011","8.99","8.97","9.09","8.94","4.45K","-1.56%"
"07/17/2011","9.13","9.13","9.13","9.13","0.33K","0.90%"
"07/14/2011","9.05","8.77","9.21","8.77","17.47K","2.36%"
"07/13/2011","8.84","8.79","9.07","8.79","9.24K","4.48%"
"07/12/2011","8.46","8.97","9.08","8.30","99.17K","-8.25%"
"07/11/2011","9.22","9.17","9.26","9.17","2.85K","-2.03%"
"07/10/2011","9.42","9.52","9.52","9.27","18.33K","-0.92%"
"07/07/2011","9.50","9.55","9.55","9.47","2.14K","1.79%"
"07/06/2011","9.34","9.49","9.49","9.15","15.34K","-4.05%"
"07/05/2011","9.73","9.79","9.79","9.64","7.57K","-0.50%"
"07/04/2011","9.78","9.88","9.88","9.70","9.72K","-1.65%"
"07/03/2011","9.94","9.70","10.00","9.70","1.98K","2.40%"
"06/30/2011","9.71","9.95","10.30","9.61","27.03K","-0.37%"
"06/29/2011","9.75","9.85","9.99","9.62","19.04K","-1.68%"
"06/28/2011","9.91","10.24","10.24","9.83","0.46K","0.58%"
"06/27/2011","9.85","9.85","9.85","9.85","0.15K","-0.43%"
"06/26/2011","9.90","9.90","9.90","9.89","2.31K","-1.03%"
"06/23/2011","10.00","9.73","10.00","9.73","2.65M","-0.12%"
"06/22/2011","10.01","10.00","10.06","9.89","34.63K","-1.67%"
"06/21/2011","10.18","10.08","10.30","10.08","29.91K","-1.09%"
"06/20/2011","10.29","10.31","10.33","10.00","187.27K","-0.32%"
"06/19/2011","10.33","10.33","10.45","10.30","133.06K","-0.06%"
"06/16/2011","10.33","10.03","10.54","10.03","151.63K","2.25%"
"06/15/2011","10.11","9.94","10.28","9.85","95.97K","1.46%"
"06/14/2011","9.96","9.96","10.00","9.86","65.63K","0.52%"
"06/13/2011","9.91","9.77","10.04","9.75","161.57K","0.80%"
"06/12/2011","9.83","9.75","9.92","9.64","19.14K","1.22%"
"06/09/2011","9.71","9.62","9.88","9.55","72.20K","2.66%"
"06/08/2011","9.46","9.45","9.58","9.39","28.54K","0.58%"
"06/07/2011","9.41","9.38","9.53","9.38","18.68K","0.94%"
"06/06/2011","9.32","9.31","9.38","9.24","25.82K","-1.06%"
"06/05/2011","9.42","9.45","9.45","9.40","4.92K","-0.42%"
"06/02/2011","9.46","9.39","9.58","9.39","50.27K","-2.25%"
"06/01/2011","9.68","9.43","9.75","9.43","36.96K","1.69%"
"05/31/2011","9.52","9.61","9.68","9.40","16.29K","-1.81%"
"05/30/2011","9.69","9.68","9.77","9.58","120.90K","2.43%"
"05/29/2011","9.46","9.18","9.69","9.18","104.12K","2.43%"
"05/26/2011","9.24","9.39","9.39","9.09","74.43K","-0.10%"
"05/25/2011","9.25","9.54","9.54","9.20","34.54K","-1.42%"
"05/24/2011","9.38","9.47","9.54","9.26","39.30K","-1.81%"
"05/23/2011","9.55","9.70","9.73","9.40","96.77K","-2.45%"
"05/22/2011","9.79","9.50","9.91","9.40","123.23K","4.09%"
"05/19/2011","9.41","9.39","9.54","9.26","49.47K","0.13%"
"05/18/2011","9.39","9.39","9.46","9.27","90.59K","0.52%"
"05/17/2011","9.35","9.17","9.39","9.17","145.84K","2.25%"
"05/16/2011","9.14","8.98","9.27","8.98","36.23K","0.94%"
"05/15/2011","9.05","9.08","9.24","8.94","53.03K","2.29%"
"05/12/2011","8.85","8.75","9.07","8.73","68.51K","0.59%"
"05/11/2011","8.80","8.88","8.97","8.73","28.64K","-0.85%"
"05/10/2011","8.88","8.88","9.00","8.84","8.90K","0.24%"
"05/09/2011","8.85","8.85","9.03","8.75","28.30K","0.59%"
"05/08/2011","8.80","8.73","8.86","8.65","29.10K","0.00%"
"05/05/2011","8.80","8.80","8.98","8.75","12.87K","-1.39%"
"05/04/2011","8.92","8.94","9.08","8.84","6.58K","-1.31%"
"05/03/2011","9.04","9.08","9.09","8.92","22.27K","2.05%"
"05/02/2011","8.86","9.00","9.06","8.73","35.80K","-0.17%"
"04/28/2011","8.88","8.82","9.06","8.73","39.10K","0.58%"
"04/27/2011","8.82","8.94","8.94","8.79","26.39K","-1.15%"
"04/26/2011","8.93","9.08","9.09","8.85","16.93K","0.72%"
"04/21/2011","8.86","8.76","9.05","8.76","38.12K","4.28%"
"04/20/2011","8.50","8.48","8.62","8.43","19.89K","0.54%"
"04/19/2011","8.45","8.50","8.61","8.38","26.35K","1.38%"
"04/18/2011","8.34","8.19","8.54","7.90","41.79K","-0.54%"
"04/17/2011","8.38","8.69","8.79","8.18","27.36K","0.00%"
"04/14/2011","8.38","7.91","8.48","7.88","61.83K","3.13%"
"04/13/2011","8.13","8.17","8.23","7.82","32.53K","4.85%"
"04/12/2011","7.75","7.92","7.95","7.30","32.63K","-3.25%"
"04/11/2011","8.01","8.03","8.18","7.91","11.95K","-0.79%"
"04/10/2011","8.08","8.03","8.17","7.81","12.54K","2.34%"
"04/07/2011","7.89","7.86","8.03","7.85","64.37K","-0.65%"
"04/06/2011","7.94","7.95","8.09","7.88","60.19K","-0.23%"
"04/05/2011","7.96","7.88","8.00","7.80","11.65K","0.57%"
"04/04/2011","7.92","7.95","8.03","7.67","37.92K","-0.23%"
"04/03/2011","7.93","7.86","8.15","7.73","48.69K","3.27%"
"03/31/2011","7.68","7.76","7.77","7.60","19.99K","-1.13%"
"03/30/2011","7.77","7.81","7.98","7.73","22.08K","1.87%"
"03/29/2011","7.63","7.32","7.80","7.32","37.23K","1.82%"
"03/28/2011","7.49","7.64","7.88","7.12","46.77K","2.02%"
"03/27/2011","7.34","7.52","7.60","7.05","47.87K","6.27%"
"03/24/2011","6.91","6.67","7.00","6.63","36.50K","8.52%"
"03/23/2011","6.37","6.33","6.94","6.33","35.24K","-9.48%"
"01/27/2011","7.03","7.88","7.88","6.65","150.16K","-15.38%"
"01/26/2011","8.31","8.76","8.76","7.88","48.39K","-6.57%"
"01/24/2011","8.90","8.70","9.06","8.70","35.79K","0.51%"
"01/23/2011","8.85","8.94","8.98","8.69","40.84K","-2.14%"
"01/20/2011","9.05","9.09","9.11","8.79","57.42K","2.44%"
"01/19/2011","8.83","8.78","9.08","8.64","39.09K","1.15%"
"01/18/2011","8.73","9.09","9.19","8.55","108.84K","-4.32%"
"01/17/2011","9.12","9.32","9.32","8.72","103.43K","-3.62%"
"01/16/2011","9.47","9.70","9.70","9.24","94.36K","-2.53%"
"01/13/2011","9.71","9.53","9.91","9.45","171.89K","0.82%"
"01/12/2011","9.63","9.70","9.80","9.49","89.99K","0.13%"
"01/11/2011","9.62","9.56","9.79","9.42","167.17K","-0.81%"
"01/10/2011","9.70","9.42","9.88","9.42","259.25K","4.54%"
"01/06/2011","9.28","9.04","9.55","9.04","303.12K","2.41%"
"01/05/2011","9.06","8.73","9.39","8.73","390.37K","4.88%"
"01/04/2011","8.64","8.44","8.75","8.44","47.55K","2.26%"
"01/03/2011","8.45","8.36","8.58","8.34","1.53K","0.90%"
"01/02/2011","8.37","8.15","8.79","8.15","1.09K","2.11%"