"Date","Price","Open","High","Low","Vol.","Change %"
"08/23/2026","7.75","7.78","7.90","7.74","9.25M","0.78%"
"08/20/2026","7.69","7.60","7.86","7.55","23.74M","1.18%"
"08/19/2026","7.60","7.60","7.65","7.50","18.00M","0.53%"
"08/18/2026","7.56","7.66","7.74","7.50","19.55M","-1.05%"
"08/17/2026","7.64","7.74","7.93","7.56","16.17M","-0.52%"
"08/16/2026","7.68","7.88","7.96","7.66","15.50M","-2.17%"
"08/13/2026","7.85","8.17","8.28","7.80","32.80M","-3.68%"
"08/12/2026","8.15","8.37","8.37","8.10","9.69M","-2.28%"
"08/11/2026","8.34","8.48","8.48","8.26","13.62M","-1.30%"
"08/10/2026","8.45","8.35","8.60","8.21","20.57M","1.81%"
"08/09/2026","8.30","8.10","8.48","8.10","6.20M","1.10%"
"08/06/2026","8.21","8.35","8.35","8.17","12.13M","-0.85%"
"08/05/2026","8.28","8.28","8.40","8.25","15.46M","0.12%"
"08/04/2026","8.27","8.50","8.53","8.19","12.08M","-1.55%"
"08/03/2026","8.40","8.45","8.65","8.32","25.15M","-0.24%"
"08/02/2026","8.42","8.22","8.53","8.20","21.91M","2.68%"
"07/30/2026","8.20","8.38","8.60","8.19","28.69M","-2.50%"
"07/29/2026","8.41","8.18","8.50","7.86","36.20M","3.06%"
"07/28/2026","8.16","8.32","8.46","8.16","29.81M","-1.69%"
"07/27/2026","8.30","8.37","8.42","8.16","17.88M","0.00%"
"07/26/2026","8.30","8.29","8.47","8.27","11.16M","0.36%"
"07/22/2026","8.27","8.33","8.39","8.21","18.93M","-0.48%"
"07/21/2026","8.31","8.14","8.40","8.10","20.02M","2.34%"
"07/20/2026","8.12","7.97","8.14","7.86","23.39M","2.14%"
"07/19/2026","7.95","7.80","8.00","7.73","14.69M","2.19%"
"07/16/2026","7.78","7.79","7.96","7.71","40.61M","0.52%"
"07/15/2026","7.74","7.40","7.77","7.40","30.18M","5.31%"
"07/14/2026","7.35","7.39","7.47","7.32","17.13M","0.00%"
"07/13/2026","7.35","7.46","7.46","7.28","15.82M","-1.47%"
"07/12/2026","7.46","7.35","7.62","7.24","26.75M","1.77%"
"07/09/2026","7.33","6.84","7.45","6.83","86.61M","7.32%"
"07/08/2026","6.83","6.72","6.91","6.69","41.53M","1.79%"
"07/07/2026","6.71","6.82","6.84","6.66","26.55M","-0.89%"
"07/06/2026","6.77","6.68","6.83","6.68","47.21M","1.96%"
"07/05/2026","6.64","6.48","6.64","6.45","18.28M","3.27%"
"07/01/2026","6.43","6.44","6.50","6.41","10.01M","0.47%"
"06/30/2026","6.40","6.40","6.51","6.40","10.35M","0.47%"
"06/29/2026","6.37","6.41","6.47","6.36","7.00M","-0.62%"
"06/28/2026","6.41","6.56","6.56","6.37","8.17M","-1.84%"
"06/25/2026","6.53","6.60","6.64","6.47","15.72M","-0.46%"
"06/24/2026","6.56","6.42","6.60","6.40","17.96M","2.50%"
"06/23/2026","6.40","6.60","6.63","6.37","13.23M","-2.88%"
"06/22/2026","6.59","6.59","6.64","6.45","9.79M","0.30%"
"06/21/2026","6.57","6.54","6.65","6.54","11.95M","0.92%"
"06/17/2026","6.51","6.42","6.62","6.42","33.39M","1.72%"
"06/16/2026","6.40","6.50","6.50","6.34","19.37M","-0.47%"
"06/15/2026","6.43","6.61","6.67","6.41","20.57M","-2.28%"
"06/14/2026","6.58","6.59","6.60","6.46","14.94M","2.81%"
"06/11/2026","6.40","6.40","6.50","6.28","10.81M","-0.93%"
"06/10/2026","6.46","6.70","6.80","6.40","28.39M","-3.73%"
"06/09/2026","6.71","6.42","6.76","6.42","28.28M","5.01%"
"06/08/2026","6.39","6.39","6.47","6.36","9.79M","-0.93%"
"06/07/2026","6.45","6.53","6.53","6.39","8.59M","-1.53%"
"06/04/2026","6.55","6.61","6.62","6.54","8.45M","-0.46%"
"06/03/2026","6.58","6.78","6.83","6.58","19.84M","-3.09%"
"06/02/2026","6.79","6.74","6.87","6.72","29.80M","1.34%"
"06/01/2026","6.70","6.43","6.70","6.43","39.39M","5.18%"
"05/25/2026","6.37","6.43","6.47","6.34","16.11M","-0.47%"
"05/24/2026","6.40","6.39","6.52","6.38","25.95M","1.27%"
"05/21/2026","6.32","6.45","6.51","6.32","25.43M","-1.40%"
"05/20/2026","6.41","6.55","6.70","6.39","41.60M","-1.69%"
"05/19/2026","6.52","6.45","6.61","6.43","30.66M","1.56%"
"05/18/2026","6.42","6.40","6.57","6.37","20.68M","-4.75%"
"05/17/2026","6.74","6.91","6.98","6.72","26.89M","-2.32%"
"05/14/2026","6.90","7.00","7.02","6.82","33.14M","-1.43%"
"05/13/2026","7.00","7.11","7.15","6.98","24.35M","-0.85%"
"05/12/2026","7.06","7.13","7.20","7.00","25.50M","-0.28%"
"05/11/2026","7.08","6.88","7.18","6.87","49.98M","3.06%"
"05/10/2026","6.87","6.99","6.99","6.81","21.96M","-1.58%"
"05/06/2026","6.98","6.93","7.08","6.81","25.09M","1.16%"
"05/05/2026","6.90","6.70","6.95","6.61","30.18M","3.76%"
"05/04/2026","6.65","6.86","6.95","6.65","25.42M","-3.06%"
"05/03/2026","6.86","6.29","6.87","6.28","63.84M","10.65%"
"04/30/2026","6.20","6.31","6.45","6.20","35.90M","-1.12%"
"04/29/2026","6.27","6.01","6.39","5.98","83.93M","4.85%"
"04/28/2026","5.98","5.95","6.02","5.92","16.66M","1.36%"
"04/27/2026","5.90","5.87","5.97","5.85","20.93M","1.20%"
"04/26/2026","5.83","6.11","6.16","5.81","31.29M","-2.35%"
"04/23/2026","5.97","6.20","6.22","5.97","33.45M","-2.93%"
"04/22/2026","6.15","5.79","6.20","5.70","80.68M","6.77%"
"04/21/2026","5.76","5.65","5.85","5.65","19.88M","1.95%"
"04/20/2026","5.65","5.78","5.79","5.63","11.17M","-2.08%"
"04/19/2026","5.77","5.83","5.86","5.76","11.92M","0.00%"
"04/16/2026","5.77","5.77","5.86","5.75","17.12M","0.70%"
"04/15/2026","5.73","5.56","5.80","5.56","49.40M","3.43%"
"04/14/2026","5.54","5.50","5.62","5.46","16.67M","0.73%"
"04/12/2026","5.50","5.56","5.50","5.50","15.38M","0.00%"
"04/09/2026","5.50","5.57","5.58","5.42","15.38M","-1.08%"
"04/08/2026","5.56","5.53","5.58","5.48","35.27M","2.39%"
"04/07/2026","5.43","5.58","5.59","5.37","35.01M","-2.51%"
"04/06/2026","5.57","5.61","5.68","5.55","30.75M","-0.36%"
"04/05/2026","5.59","5.70","5.74","5.59","27.75M","-1.24%"
"04/02/2026","5.66","5.67","5.74","5.62","19.43M","0.00%"
"04/01/2026","5.66","5.63","5.69","5.60","16.71M","1.25%"
"03/31/2026","5.59","5.61","5.76","5.57","37.77M","-0.18%"
"03/30/2026","5.60","5.78","5.80","5.57","26.78M","-2.61%"
"03/29/2026","5.75","5.90","5.94","5.73","25.40M","-2.54%"
"03/26/2026","5.90","5.76","6.05","5.74","53.84M","2.43%"
"03/25/2026","5.76","5.89","5.95","5.72","23.52M","-2.37%"
"03/24/2026","5.90","5.72","5.96","5.70","37.96M","3.87%"
"03/18/2026","5.68","5.55","5.68","5.52","35.52M","3.27%"
"03/17/2026","5.50","5.33","5.53","5.33","27.29M","3.97%"
"03/16/2026","5.29","5.48","5.52","5.29","20.64M","-3.64%"
"03/15/2026","5.49","5.50","5.57","5.34","27.22M","-1.08%"
"03/12/2026","5.55","5.61","5.71","5.53","17.13M","-1.07%"
"03/11/2026","5.61","5.67","5.73","5.57","27.34M","-0.53%"
"03/10/2026","5.64","5.55","5.80","5.52","44.28M","2.92%"
"03/09/2026","5.48","5.26","5.49","5.21","48.71M","5.38%"
"03/08/2026","5.20","5.08","5.28","4.99","35.22M","2.56%"
"03/05/2026","5.07","5.19","5.22","5.06","18.05M","-1.55%"
"03/04/2026","5.15","5.13","5.25","4.98","49.99M","0.19%"
"03/03/2026","5.14","5.10","5.32","5.07","52.29M","-0.58%"
"03/02/2026","5.17","4.91","5.21","4.86","87.60M","5.73%"
"03/01/2026","4.89","4.52","4.90","4.44","67.39M","1.45%"
"02/26/2026","4.82","4.73","4.86","4.69","63.80M","2.99%"
"02/25/2026","4.68","4.79","4.82","4.59","68.21M","-2.09%"
"02/24/2026","4.78","4.62","4.97","4.55","162.78M","3.46%"
"02/23/2026","4.62","4.20","4.63","4.19","121.35M","9.48%"
"02/22/2026","4.22","4.25","4.26","4.09","28.06M","-0.47%"
"02/19/2026","4.24","4.35","4.37","4.15","27.44M","-2.08%"
"02/18/2026","4.33","4.44","4.46","4.31","78.71M","-0.69%"
"02/17/2026","4.36","4.22","4.40","4.21","74.78M","2.83%"
"02/16/2026","4.24","4.31","4.44","4.22","87.65M","-1.17%"
"02/15/2026","4.29","4.09","4.33","4.09","121.11M","6.98%"
"02/12/2026","4.01","3.92","4.01","3.89","62.80M","2.30%"
"02/11/2026","3.92","4.02","4.06","3.90","67.73M","-1.75%"
"02/10/2026","3.99","3.85","4.01","3.85","170.02M","3.91%"
"02/09/2026","3.84","3.87","3.90","3.82","40.94M","-0.78%"
"02/08/2026","3.87","3.60","3.95","3.60","136.10M","8.40%"
"02/05/2026","3.57","3.56","3.63","3.54","20.12M","0.28%"
"02/04/2026","3.56","3.64","3.66","3.56","32.19M","-1.39%"
"02/03/2026","3.61","3.66","3.68","3.60","26.24M","-0.55%"
"02/02/2026","3.63","3.53","3.65","3.49","36.34M","3.42%"
"02/01/2026","3.51","3.55","3.55","3.48","16.78M","-0.57%"
"01/28/2026","3.53","3.57","3.59","3.46","28.19M","-0.28%"
"01/27/2026","3.54","3.63","3.66","3.52","44.51M","-0.56%"
"01/26/2026","3.56","3.40","3.60","3.40","60.81M","5.01%"
"01/25/2026","3.39","3.42","3.45","3.38","12.28M","-0.59%"
"01/22/2026","3.41","3.46","3.50","3.41","10.93M","-0.87%"
"01/21/2026","3.44","3.46","3.47","3.41","12.73M","-0.58%"
"01/20/2026","3.46","3.45","3.53","3.43","24.85M","0.29%"
"01/19/2026","3.45","3.33","3.45","3.32","31.75M","4.23%"
"01/18/2026","3.31","3.31","3.33","3.30","4.61M","0.91%"
"01/15/2026","3.28","3.31","3.33","3.25","8.31M","-0.61%"
"01/14/2026","3.30","3.36","3.37","3.25","16.08M","-1.49%"
"01/13/2026","3.35","3.46","3.47","3.34","17.77M","-2.33%"
"01/12/2026","3.43","3.52","3.56","3.41","36.55M","-2.28%"
"01/11/2026","3.51","3.48","3.55","3.47","20.50M","1.15%"
"01/08/2026","3.47","3.50","3.52","3.47","8.33M","-0.29%"
"01/06/2026","3.48","3.50","3.53","3.48","13.90M","0.29%"
"01/05/2026","3.47","3.54","3.54","3.47","15.50M","-1.98%"
"01/04/2026","3.54","3.59","3.62","3.53","5.34M","-1.67%"
"12/31/2025","3.60","3.62","3.64","3.57","15.93M","-0.55%"
"12/30/2025","3.62","3.65","3.70","3.62","22.03M","-0.82%"
"12/29/2025","3.65","3.65","3.66","3.63","17.63M","0.27%"
"12/28/2025","3.64","3.57","3.64","3.56","17.49M","2.54%"
"12/25/2025","3.55","3.58","3.60","3.52","15.78M","-0.28%"
"12/24/2025","3.56","3.54","3.58","3.53","7.84M","0.85%"
"12/23/2025","3.53","3.56","3.60","3.49","16.93M","-0.84%"
"12/22/2025","3.56","3.60","3.60","3.55","19.42M","-0.28%"
"12/21/2025","3.57","3.58","3.60","3.53","21.40M","0.00%"
"12/18/2025","3.57","3.60","3.64","3.55","43.13M","-0.56%"
"12/17/2025","3.59","3.65","3.69","3.55","30.87M","-0.83%"
"12/16/2025","3.62","3.75","3.75","3.61","24.74M","-3.21%"
"12/15/2025","3.74","3.81","3.91","3.69","99.14M","-1.32%"
"12/14/2025","3.79","3.83","3.85","3.74","22.31M","-1.04%"
"12/11/2025","3.83","3.80","3.86","3.77","31.75M","0.79%"
"12/10/2025","3.80","3.77","3.85","3.73","40.22M","1.06%"
"12/09/2025","3.76","3.74","3.77","3.70","23.24M","1.08%"
"12/08/2025","3.72","3.67","3.77","3.62","68.65M","1.92%"
"12/07/2025","3.65","3.58","3.71","3.57","36.40M","2.53%"
"12/04/2025","3.56","3.55","3.59","3.51","19.78M","0.85%"
"12/03/2025","3.53","3.44","3.54","3.39","27.34M","2.92%"
"12/02/2025","3.43","3.48","3.51","3.41","16.68M","-1.15%"
"12/01/2025","3.47","3.54","3.57","3.43","22.24M","-1.70%"
"11/30/2025","3.53","3.56","3.59","3.51","18.10M","-0.56%"
"11/27/2025","3.55","3.57","3.59","3.53","19.23M","-0.28%"
"11/26/2025","3.56","3.53","3.67","3.53","35.51M","0.85%"
"11/25/2025","3.53","3.65","3.68","3.52","25.98M","-3.55%"
"11/24/2025","3.66","3.81","3.83","3.66","39.65M","-3.94%"
"11/23/2025","3.81","3.69","3.83","3.65","85.11M","4.10%"
"11/20/2025","3.66","3.55","3.74","3.55","85.19M","3.39%"
"11/19/2025","3.54","3.55","3.61","3.50","44.93M","-0.28%"
"11/18/2025","3.55","3.59","3.63","3.50","49.62M","-0.84%"
"11/17/2025","3.58","3.45","3.60","3.45","111.76M","5.92%"
"11/16/2025","3.38","3.40","3.44","3.38","14.78M","-0.29%"
"11/13/2025","3.39","3.40","3.43","3.36","19.20M","0.00%"
"11/12/2025","3.39","3.43","3.46","3.38","25.23M","-0.88%"
"11/11/2025","3.42","3.32","3.43","3.29","53.77M","3.32%"
"11/10/2025","3.31","3.29","3.32","3.25","17.76M","1.22%"
"11/09/2025","3.27","3.32","3.35","3.27","8.37M","-1.21%"
"11/06/2025","3.31","3.28","3.32","3.26","12.64M","0.91%"
"11/05/2025","3.28","3.34","3.35","3.27","10.10M","-1.50%"
"11/04/2025","3.33","3.27","3.36","3.27","23.50M","1.83%"
"11/03/2025","3.27","3.26","3.29","3.22","8.12M","0.62%"
"11/02/2025","3.25","3.29","3.31","3.24","11.95M","-1.22%"
"10/30/2025","3.29","3.34","3.34","3.29","12.57M","-1.20%"
"10/29/2025","3.33","3.28","3.34","3.25","18.02M","1.52%"
"10/28/2025","3.28","3.32","3.33","3.27","9.66M","-0.91%"
"10/27/2025","3.31","3.30","3.32","3.25","36.69M","1.22%"
"10/26/2025","3.27","3.25","3.30","3.24","15.22M","0.93%"
"10/23/2025","3.24","3.21","3.26","3.20","17.53M","1.25%"
"10/22/2025","3.20","3.20","3.22","3.19","8.06M","0.31%"
"10/21/2025","3.19","3.22","3.23","3.18","7.07M","-0.93%"
"10/20/2025","3.22","3.26","3.28","3.19","10.47M","-0.92%"
"10/19/2025","3.25","3.21","3.26","3.20","9.91M","1.88%"
"10/16/2025","3.19","3.20","3.21","3.18","9.80M","0.00%"
"10/15/2025","3.19","3.16","3.19","3.15","9.98M","0.95%"
"10/14/2025","3.16","3.20","3.24","3.15","17.24M","-0.94%"
"10/13/2025","3.19","3.14","3.21","3.12","18.54M","1.59%"
"10/12/2025","3.14","3.18","3.19","3.11","13.02M","-1.26%"
"10/08/2025","3.18","3.21","3.23","3.16","12.06M","-0.62%"
"10/07/2025","3.20","3.25","3.26","3.20","12.20M","-1.23%"
"10/06/2025","3.24","3.27","3.28","3.23","9.70M","-0.61%"
"10/05/2025","3.26","3.28","3.29","3.25","8.59M","-0.31%"
"10/02/2025","3.27","3.30","3.30","3.25","10.46M","-0.61%"
"10/01/2025","3.29","3.29","3.31","3.28","10.33M","0.00%"
"09/30/2025","3.29","3.31","3.34","3.28","27.11M","0.00%"
"09/29/2025","3.29","3.29","3.33","3.26","28.26M","0.30%"
"09/28/2025","3.28","3.29","3.30","3.27","11.27M","0.00%"
"09/25/2025","3.28","3.37","3.40","3.26","18.85M","-2.19%"
"09/24/2025","3.35","3.36","3.37","3.34","17.57M","0.20%"
"09/23/2025","3.35","3.32","3.37","3.32","11.01M","1.01%"
"09/22/2025","3.31","3.32","3.32","3.29","3.90M","0.20%"
"09/21/2025","3.31","3.33","3.34","3.31","8.89M","-0.30%"
"09/18/2025","3.32","3.38","3.38","3.31","17.58M","-1.19%"
"09/17/2025","3.36","3.36","3.39","3.35","8.66M","0.00%"
"09/16/2025","3.36","3.44","3.46","3.35","16.11M","-2.61%"
"09/15/2025","3.45","3.48","3.49","3.42","12.90M","-0.58%"
"09/14/2025","3.47","3.37","3.49","3.36","41.64M","3.07%"
"09/11/2025","3.36","3.33","3.37","3.32","9.07M","1.41%"
"09/10/2025","3.32","3.32","3.34","3.30","12.87M","0.00%"
"09/09/2025","3.31","3.39","3.39","3.30","22.40M","0.61%"
"09/08/2025","3.29","3.32","3.32","3.29","8.04M","-0.20%"
"09/07/2025","3.30","3.34","3.36","3.30","10.57M","-0.90%"
"09/03/2025","3.33","3.35","3.37","3.33","16.23M","-0.60%"
"09/02/2025","3.35","3.35","3.37","3.30","19.39M","1.82%"
"09/01/2025","3.29","3.26","3.30","3.24","6.65M","1.02%"
"08/31/2025","3.26","3.33","3.35","3.25","9.15M","-1.91%"
"08/28/2025","3.32","3.31","3.32","3.30","3.94M","0.61%"
"08/27/2025","3.30","3.31","3.32","3.29","5.32M","0.00%"
"08/26/2025","3.30","3.33","3.35","3.29","9.58M","-0.60%"
"08/25/2025","3.32","3.28","3.35","3.28","14.48M","1.73%"
"08/24/2025","3.27","3.25","3.28","3.23","4.51M","0.93%"
"08/21/2025","3.24","3.25","3.25","3.23","3.58M","0.00%"
"08/20/2025","3.24","3.27","3.28","3.24","4.52M","-0.92%"
"08/19/2025","3.27","3.27","3.28","3.26","5.86M","0.00%"
"08/18/2025","3.27","3.25","3.29","3.24","8.08M","0.93%"
"08/17/2025","3.24","3.25","3.28","3.21","5.51M","-0.21%"
"08/14/2025","3.24","3.27","3.28","3.23","5.44M","-0.41%"
"08/13/2025","3.26","3.30","3.30","3.24","5.14M","-0.91%"
"08/12/2025","3.29","3.31","3.32","3.27","7.42M","-0.30%"
"08/11/2025","3.30","3.37","3.38","3.29","16.16M","-1.98%"
"08/10/2025","3.36","3.31","3.37","3.30","14.55M","2.13%"
"08/07/2025","3.29","3.31","3.32","3.29","8.23M","0.00%"
"08/06/2025","3.30","3.34","3.36","3.29","9.44M","-0.70%"
"08/05/2025","3.32","3.32","3.40","3.30","24.43M","1.12%"
"08/04/2025","3.28","3.27","3.30","3.26","8.45M","0.82%"
"08/03/2025","3.26","3.24","3.26","3.22","4.89M","0.83%"
"07/31/2025","3.23","3.19","3.23","3.18","4.95M","2.00%"
"07/30/2025","3.17","3.22","3.25","3.15","9.11M","-1.04%"
"07/29/2025","3.20","3.23","3.23","3.19","7.32M","-0.93%"
"07/28/2025","3.23","3.31","3.31","3.21","13.48M","-2.02%"
"07/27/2025","3.30","3.30","3.32","3.27","7.24M","0.41%"
"07/23/2025","3.28","3.30","3.32","3.27","5.74M","-0.30%"
"07/22/2025","3.29","3.32","3.34","3.28","7.65M","-0.90%"
"07/21/2025","3.32","3.38","3.40","3.32","12.20M","-1.68%"
"07/20/2025","3.38","3.34","3.39","3.34","11.25M","1.50%"
"07/17/2025","3.33","3.31","3.36","3.31","12.50M","0.81%"
"07/16/2025","3.30","3.36","3.38","3.30","12.95M","-1.59%"
"07/15/2025","3.36","3.23","3.38","3.22","48.90M","4.35%"
"07/14/2025","3.22","3.22","3.23","3.21","6.33M","0.21%"
"07/13/2025","3.21","3.26","3.26","3.21","10.77M","-0.82%"
"07/10/2025","3.24","3.20","3.25","3.20","13.13M","1.46%"
"07/09/2025","3.19","3.18","3.23","3.17","5.27M","0.00%"
"07/07/2025","3.19","3.24","3.25","3.19","10.10M","-1.24%"
"07/06/2025","3.23","3.21","3.24","3.20","14.49M","1.36%"
"07/02/2025","3.19","3.17","3.23","3.17","8.79M","1.06%"
"07/01/2025","3.16","3.21","3.23","3.15","8.07M","-1.76%"
"06/30/2025","3.21","3.27","3.27","3.21","8.86M","-1.43%"
"06/29/2025","3.26","3.24","3.29","3.23","21.91M","0.82%"
"06/25/2025","3.23","3.22","3.23","3.18","9.40M","0.83%"
"06/24/2025","3.21","3.13","3.22","3.13","17.12M","3.44%"
"06/23/2025","3.10","3.07","3.11","3.03","15.71M","1.20%"
"06/22/2025","3.06","2.96","3.07","2.91","11.15M","2.00%"
"06/19/2025","3.00","3.05","3.08","2.99","13.85M","-1.21%"
"06/18/2025","3.04","3.06","3.08","3.00","9.87M","-0.22%"
"06/17/2025","3.05","3.17","3.19","3.03","16.97M","-4.99%"
"06/16/2025","3.21","3.20","3.27","3.18","10.53M","0.31%"
"06/15/2025","3.20","3.13","3.20","3.09","17.46M","-5.33%"
"06/12/2025","3.38","3.46","3.48","3.36","15.58M","-2.69%"
"06/11/2025","3.47","3.51","3.51","3.47","16.32M","-0.86%"
"06/10/2025","3.50","3.45","3.51","3.44","17.68M","1.94%"
"06/04/2025","3.43","3.46","3.46","3.42","13.24M","-0.48%"
"06/03/2025","3.45","3.50","3.50","3.44","13.34M","-1.24%"
"06/02/2025","3.49","3.51","3.53","3.49","25.54M","-10.66%"
"06/01/2025","3.91","3.97","3.98","3.89","38.25M","-1.26%"
"05/29/2025","3.96","3.90","3.96","3.90","29.58M","1.71%"
"05/28/2025","3.89","3.94","3.97","3.89","22.42M","-0.85%"
"05/27/2025","3.93","3.92","3.96","3.89","24.72M","0.51%"
"05/26/2025","3.91","3.83","3.92","3.81","38.65M","2.63%"
"05/25/2025","3.81","3.82","3.88","3.80","25.46M","0.00%"
"05/22/2025","3.80","3.71","3.82","3.70","28.35M","2.79%"
"05/21/2025","3.70","3.69","3.72","3.69","10.81M","0.36%"
"05/20/2025","3.69","3.70","3.72","3.68","8.29M","-0.18%"
"05/19/2025","3.69","3.66","3.70","3.64","14.54M","0.91%"
"05/18/2025","3.66","3.74","3.75","3.66","10.13M","-1.52%"
"05/15/2025","3.72","3.75","3.76","3.71","11.99M","0.27%"
"05/14/2025","3.71","3.71","3.72","3.69","8.94M","0.18%"
"05/13/2025","3.70","3.72","3.73","3.69","11.78M","0.00%"
"05/12/2025","3.70","3.71","3.73","3.68","11.54M","0.00%"
"05/11/2025","3.70","3.79","3.80","3.69","12.67M","-1.86%"
"05/08/2025","3.77","3.77","3.78","3.72","7.94M","0.00%"
"05/07/2025","3.77","3.78","3.84","3.75","17.15M","-0.26%"
"05/06/2025","3.78","3.79","3.79","3.75","9.15M","0.00%"
"05/05/2025","3.78","3.83","3.84","3.77","12.85M","-1.31%"
"05/04/2025","3.83","3.73","3.83","3.72","37.10M","2.96%"
"04/30/2025","3.72","3.71","3.73","3.70","9.19M","0.18%"
"04/29/2025","3.71","3.76","3.77","3.71","15.87M","-0.80%"
"04/28/2025","3.74","3.72","3.75","3.69","13.62M","0.72%"
"04/27/2025","3.71","3.71","3.75","3.70","10.08M","0.27%"
"04/23/2025","3.70","3.70","3.70","3.68","13.45M","0.91%"
"04/22/2025","3.67","3.71","3.73","3.67","19.48M","-0.36%"
"04/17/2025","3.68","3.68","3.70","3.66","12.19M","0.18%"
"04/16/2025","3.68","3.74","3.75","3.66","17.44M","-1.34%"
"04/15/2025","3.73","3.75","3.82","3.72","23.89M","0.00%"
"04/14/2025","3.73","3.72","3.77","3.70","16.72M","0.45%"
"04/13/2025","3.71","3.68","3.71","3.66","12.88M","1.64%"
"04/10/2025","3.65","3.73","3.74","3.64","24.56M","1.86%"
"04/09/2025","3.58","3.80","3.81","3.58","33.50M","-5.70%"
"04/08/2025","3.80","3.82","3.87","3.79","33.61M","0.18%"
"04/07/2025","3.79","3.77","3.82","3.71","46.39M","-0.87%"
"04/06/2025","3.83","3.60","3.85","3.60","74.59M","2.50%"
"04/03/2025","3.73","3.65","3.75","3.62","15.83M","2.47%"
"03/27/2025","3.64","3.66","3.68","3.62","19.38M","0.00%"
"03/26/2025","3.65","3.64","3.65","3.60","10.13M","0.64%"
"03/25/2025","3.62","3.66","3.68","3.61","13.06M","-0.82%"
"03/24/2025","3.65","3.73","3.73","3.65","12.07M","-1.62%"
"03/23/2025","3.71","3.72","3.75","3.68","15.66M","0.00%"
"03/20/2025","3.71","3.74","3.77","3.70","15.42M","-0.62%"
"03/19/2025","3.74","3.80","3.83","3.73","27.99M","-1.23%"
"03/18/2025","3.78","3.63","3.78","3.61","45.36M","4.13%"
"03/17/2025","3.63","3.71","3.73","3.62","18.91M","-1.80%"
"03/16/2025","3.70","3.60","3.70","3.60","25.31M","2.97%"
"03/13/2025","3.59","3.61","3.62","3.58","11.01M","-0.19%"
"03/12/2025","3.60","3.66","3.68","3.59","17.23M","-0.92%"
"03/11/2025","3.63","3.61","3.67","3.59","24.90M","0.00%"
"03/10/2025","3.63","3.59","3.64","3.56","20.39M","1.77%"
"03/09/2025","3.57","3.54","3.58","3.54","11.96M","1.04%"
"03/06/2025","3.53","3.53","3.54","3.50","7.09M","0.00%"
"03/05/2025","3.53","3.57","3.57","3.51","7.39M","-1.21%"
"03/04/2025","3.57","3.73","3.73","3.52","14.89M","-0.56%"
"03/03/2025","3.59","3.47","3.75","3.47","70.30M","3.65%"
"03/02/2025","3.47","3.45","3.51","3.45","9.75M","0.97%"
"02/27/2025","3.43","3.41","3.47","3.41","11.98M","0.88%"
"02/26/2025","3.40","3.45","3.47","3.40","13.08M","-1.45%"
"02/25/2025","3.45","3.53","3.54","3.44","17.21M","-1.99%"
"02/24/2025","3.52","3.56","3.57","3.52","9.27M","-0.75%"
"02/23/2025","3.55","3.55","3.61","3.52","20.11M","-0.19%"
"02/20/2025","3.56","3.56","3.58","3.53","23.77M","1.04%"
"02/19/2025","3.52","3.46","3.54","3.46","26.10M","1.83%"
"02/18/2025","3.46","3.47","3.48","3.43","9.20M","0.00%"
"02/17/2025","3.45","3.48","3.51","3.44","14.12M","0.00%"
"02/16/2025","3.45","3.44","3.48","3.42","13.34M","1.17%"
"02/13/2025","3.41","3.40","3.41","3.35","17.60M","1.39%"
"02/12/2025","3.37","3.34","3.37","3.29","24.54M","0.40%"
"02/11/2025","3.35","3.55","3.55","3.33","20.12M","-5.09%"
"02/10/2025","3.53","3.50","3.57","3.48","26.37M","1.44%"
"02/09/2025","3.48","3.56","3.58","3.48","21.06M","-1.42%"
"02/06/2025","3.53","3.55","3.59","3.53","13.46M","0.00%"
"02/05/2025","3.54","3.55","3.57","3.47","22.91M","0.00%"
"02/04/2025","3.53","3.66","3.66","3.53","31.34M","-1.67%"
"02/03/2025","3.59","3.61","3.67","3.55","41.82M","0.19%"
"02/02/2025","3.59","3.70","3.72","3.57","36.71M","-2.54%"
"01/30/2025","3.68","3.61","3.80","3.57","98.18M","3.47%"
"01/29/2025","3.56","3.35","3.59","3.34","93.54M","6.70%"
"01/28/2025","3.33","3.26","3.35","3.26","14.82M","2.56%"
"01/27/2025","3.25","3.32","3.33","3.25","14.76M","-1.91%"
"01/26/2025","3.31","3.37","3.39","3.31","8.40M","-1.58%"
"01/23/2025","3.37","3.39","3.42","3.36","17.53M","0.00%"
"01/22/2025","3.37","3.29","3.39","3.29","21.86M","2.54%"
"01/21/2025","3.28","3.35","3.35","3.28","13.66M","-1.40%"
"01/20/2025","3.33","3.40","3.40","3.32","27.71M","-0.79%"
"01/19/2025","3.36","3.26","3.38","3.24","32.42M","3.60%"
"01/16/2025","3.24","3.28","3.29","3.23","15.33M","-0.82%"
"01/15/2025","3.27","3.30","3.58","3.01","57.42M","9.38%"
"01/14/2025","2.99","3.01","3.04","2.94","10.81M","-0.78%"
"01/13/2025","3.01","3.02","3.07","3.01","11.10M","0.00%"
"01/12/2025","3.01","3.00","3.02","2.96","6.94M","-0.22%"
"01/09/2025","3.01","3.02","3.04","3.01","4.43M","-0.22%"
"01/08/2025","3.02","3.05","3.05","3.01","5.53M","-0.88%"
"01/06/2025","3.05","3.10","3.10","3.04","13.28M","-1.40%"
"01/05/2025","3.09","3.10","3.10","3.08","6.69M","0.32%"
"01/02/2025","3.08","3.03","3.08","3.03","8.73M","2.21%"
"12/31/2024","3.01","2.99","3.04","2.98","7.23M","0.89%"
"12/30/2024","2.99","3.03","3.05","2.98","5.55M","-1.54%"
"12/29/2024","3.03","3.07","3.08","3.03","4.26M","-1.09%"
"12/26/2024","3.07","3.08","3.09","3.06","4.59M","-0.22%"
"12/25/2024","3.07","3.08","3.10","3.07","8.54M","0.00%"
"12/24/2024","3.07","3.07","3.08","3.05","5.72M","0.00%"
"12/23/2024","3.07","3.15","3.15","3.07","7.22M","-2.23%"
"12/22/2024","3.14","3.15","3.15","3.13","5.97M","0.21%"
"12/19/2024","3.13","3.12","3.14","3.09","7.90M","0.00%"
"12/18/2024","3.13","3.18","3.19","3.13","7.78M","-1.05%"
"12/17/2024","3.17","3.19","3.23","3.17","8.83M","-0.84%"
"12/16/2024","3.19","3.22","3.24","3.19","7.50M","-0.52%"
"12/15/2024","3.21","3.24","3.25","3.19","6.34M","0.00%"
"12/12/2024","3.21","3.22","3.25","3.21","6.81M","0.21%"
"12/11/2024","3.20","3.23","3.26","3.20","12.83M","-0.31%"
"12/10/2024","3.21","3.25","3.27","3.21","18.88M","-0.92%"
"12/09/2024","3.24","3.22","3.25","3.21","22.49M","1.04%"
"12/08/2024","3.21","3.21","3.27","3.20","29.58M","0.00%"
"12/05/2024","3.21","3.22","3.24","3.21","8.67M","0.31%"
"12/04/2024","3.20","3.19","3.22","3.19","10.87M","0.73%"
"12/03/2024","3.18","3.22","3.23","3.17","16.86M","-1.24%"
"12/02/2024","3.22","3.28","3.28","3.19","20.61M","-1.23%"
"12/01/2024","3.26","3.20","3.26","3.17","24.50M","1.77%"
"11/28/2024","3.20","3.19","3.22","3.16","12.33M","0.42%"
"11/27/2024","3.19","3.22","3.23","3.16","8.79M","-0.52%"
"11/26/2024","3.20","3.21","3.22","3.19","6.57M","0.73%"
"11/25/2024","3.18","3.20","3.23","3.17","11.25M","-0.42%"
"11/24/2024","3.19","3.27","3.27","3.19","19.58M","-1.74%"
"11/21/2024","3.25","3.27","3.30","3.24","13.82M","-0.31%"
"11/20/2024","3.26","3.26","3.29","3.25","9.33M","0.00%"
"11/19/2024","3.26","3.32","3.33","3.26","14.46M","-1.91%"
"11/18/2024","3.32","3.39","3.40","3.32","18.47M","-2.16%"
"11/17/2024","3.39","3.45","3.45","3.38","14.38M","-1.26%"
"11/14/2024","3.44","3.48","3.50","3.42","21.65M","-0.96%"
"11/13/2024","3.47","3.56","3.57","3.47","22.58M","-2.44%"
"11/12/2024","3.56","3.51","3.56","3.48","34.11M","1.91%"
"11/11/2024","3.49","3.46","3.52","3.46","23.96M","1.26%"
"11/10/2024","3.45","3.42","3.45","3.41","11.07M","1.27%"
"11/07/2024","3.40","3.43","3.44","3.40","14.71M","-0.29%"
"11/06/2024","3.41","3.45","3.45","3.41","7.79M","-0.49%"
"11/05/2024","3.43","3.41","3.46","3.40","31.66M","1.08%"
"11/04/2024","3.39","3.39","3.41","3.38","19.64M","0.39%"
"11/03/2024","3.38","3.40","3.42","3.37","7.40M","0.20%"
"10/31/2024","3.37","3.40","3.42","3.37","16.46M","-0.30%"
"10/30/2024","3.38","3.33","3.38","3.31","25.66M","2.84%"
"10/29/2024","3.29","3.26","3.32","3.26","17.07M","1.23%"
"10/28/2024","3.25","3.28","3.29","3.25","10.27M","-0.20%"
"10/27/2024","3.26","3.28","3.28","3.24","10.58M","0.00%"
"10/24/2024","3.25","3.28","3.30","3.25","23.33M","-0.20%"
"10/23/2024","3.26","3.21","3.32","3.21","32.74M","1.45%"
"10/22/2024","3.21","3.23","3.24","3.20","15.74M","0.00%"
"10/21/2024","3.22","3.27","3.29","3.20","40.55M","4.78%"
"10/20/2024","3.07","3.13","3.14","3.05","15.11M","-1.71%"
"10/17/2024","3.12","3.17","3.20","3.11","9.97M","-1.06%"
"10/16/2024","3.16","3.21","3.21","3.16","10.89M","-0.42%"
"10/15/2024","3.17","3.17","3.20","3.14","9.23M","1.17%"
"10/14/2024","3.13","3.17","3.20","3.11","9.78M","-0.74%"
"10/13/2024","3.16","3.25","3.25","3.16","10.14M","-1.97%"
"10/10/2024","3.22","3.30","3.32","3.22","17.50M","-1.73%"
"10/09/2024","3.28","3.30","3.34","3.26","14.58M","-0.20%"
"10/08/2024","3.28","3.46","3.47","3.22","23.26M","-4.65%"
"10/07/2024","3.44","3.54","3.55","3.44","14.26M","-1.81%"
"10/03/2024","3.51","3.50","3.56","3.49","17.43M","0.77%"
"10/02/2024","3.48","3.49","3.55","3.47","21.31M","-1.04%"
"10/01/2024","3.52","3.55","3.57","3.50","14.78M","0.00%"
"09/30/2024","3.52","3.58","3.59","3.51","23.91M","-1.40%"
"09/29/2024","3.57","3.53","3.63","3.51","36.50M","1.04%"
"09/26/2024","3.53","3.57","3.59","3.51","25.43M","-1.03%"
"09/25/2024","3.57","3.46","3.59","3.44","68.14M","3.28%"
"09/24/2024","3.46","3.51","3.53","3.44","39.98M","-1.24%"
"09/23/2024","3.50","3.40","3.51","3.39","121.21M","3.55%"
"09/22/2024","3.38","3.34","3.42","3.33","56.60M","2.22%"
"09/19/2024","3.31","3.36","3.40","3.29","60.18M","-0.50%"
"09/18/2024","3.32","3.32","3.36","3.30","27.40M","0.71%"
"09/17/2024","3.30","3.32","3.37","3.30","26.95M","0.00%"
"09/16/2024","3.30","3.24","3.37","3.24","36.10M","2.48%"
"09/12/2024","3.22","3.27","3.28","3.22","11.39M","-0.82%"
"09/11/2024","3.25","3.24","3.26","3.21","12.61M","0.41%"
"09/10/2024","3.24","3.29","3.31","3.23","8.71M","-1.32%"
"09/09/2024","3.28","3.28","3.32","3.26","6.45M","0.51%"
"09/08/2024","3.26","3.32","3.33","3.26","10.85M","-1.51%"
"09/05/2024","3.31","3.33","3.37","3.31","14.83M","-0.20%"
"09/04/2024","3.32","3.34","3.35","3.30","14.46M","-0.40%"
"09/03/2024","3.33","3.36","3.39","3.33","23.78M","0.00%"
"09/02/2024","3.33","3.39","3.45","3.33","50.13M","-1.19%"
"09/01/2024","3.37","3.36","3.38","3.33","21.93M","1.40%"
"08/29/2024","3.33","3.36","3.39","3.32","18.51M","-0.40%"
"08/28/2024","3.34","3.40","3.41","3.33","16.94M","-1.76%"
"08/27/2024","3.40","3.32","3.40","3.28","38.84M","2.93%"
"08/26/2024","3.30","3.30","3.37","3.27","25.96M","0.51%"
"08/25/2024","3.29","3.21","3.33","3.21","48.54M","3.79%"
"08/22/2024","3.17","3.16","3.22","3.15","40.55M","1.71%"
"08/21/2024","3.11","3.15","3.17","3.11","16.53M","-0.85%"
"08/20/2024","3.14","3.12","3.16","3.12","15.00M","0.96%"
"08/19/2024","3.11","3.15","3.18","3.09","21.50M","-0.96%"
"08/18/2024","3.14","3.12","3.18","3.12","18.60M","1.40%"
"08/15/2024","3.10","3.11","3.11","3.07","16.70M","0.54%"
"08/14/2024","3.08","3.09","3.13","3.05","9.34M","0.98%"
"08/13/2024","3.05","3.08","3.12","3.04","6.55M","-0.87%"
"08/12/2024","3.08","3.13","3.14","3.07","11.92M","-0.54%"
"08/11/2024","3.09","3.04","3.11","3.04","9.47M","1.87%"
"08/08/2024","3.04","3.09","3.10","3.03","10.92M","-2.15%"
"08/07/2024","3.10","3.11","3.12","3.07","9.81M","0.32%"
"08/06/2024","3.09","3.06","3.11","3.04","6.54M","1.20%"
"08/05/2024","3.06","3.08","3.10","2.90","18.16M","-2.13%"
"08/04/2024","3.12","3.17","3.21","3.12","15.81M","-4.97%"
"08/01/2024","3.29","3.36","3.38","3.29","11.64M","-1.79%"
"07/31/2024","3.35","3.36","3.38","3.34","9.78M","0.00%"
"07/30/2024","3.35","3.36","3.38","3.34","7.64M","-0.40%"
"07/29/2024","3.36","3.41","3.44","3.36","13.62M","-1.18%"
"07/28/2024","3.40","3.43","3.44","3.38","12.33M","-0.58%"
"07/24/2024","3.42","3.46","3.50","3.42","25.10M","-0.39%"
"07/23/2024","3.43","3.36","3.47","3.34","46.05M","2.79%"
"07/22/2024","3.34","3.37","3.39","3.32","25.89M","-0.20%"
"07/21/2024","3.35","3.30","3.35","3.28","15.41M","1.83%"
"07/18/2024","3.29","3.32","3.34","3.27","14.85M","-0.20%"
"07/17/2024","3.29","3.22","3.34","3.22","25.77M","2.49%"
"07/16/2024","3.21","3.22","3.24","3.19","6.58M","0.00%"
"07/15/2024","3.21","3.25","3.26","3.21","4.43M","-1.13%"
"07/14/2024","3.25","3.25","3.27","3.21","12.98M","2.20%"
"07/10/2024","3.18","3.20","3.23","3.16","15.36M","-0.21%"
"07/09/2024","3.19","3.23","3.23","3.18","9.28M","-0.73%"
"07/08/2024","3.21","3.27","3.28","3.19","12.19M","-1.33%"
"07/07/2024","3.25","3.25","3.29","3.24","15.54M","0.31%"
"07/04/2024","3.24","3.25","3.29","3.24","13.23M","0.00%"
"07/03/2024","3.24","3.28","3.30","3.23","20.43M","-1.02%"
"07/02/2024","3.28","3.32","3.34","3.27","18.87M","-0.71%"
"07/01/2024","3.30","3.33","3.35","3.30","8.19M","-0.30%"
"06/27/2024","3.31","3.39","3.40","3.31","25.40M","-1.49%"
"06/26/2024","3.36","3.31","3.40","3.30","33.35M","1.51%"
"06/25/2024","3.31","3.30","3.31","3.27","9.91M","0.51%"
"06/24/2024","3.29","3.35","3.36","3.29","15.47M","-0.80%"
"06/23/2024","3.32","3.27","3.36","3.25","22.06M","2.68%"
"06/13/2024","3.23","3.24","3.26","3.20","16.24M","0.00%"
"06/12/2024","3.23","3.25","3.29","3.21","10.30M","-0.51%"
"06/11/2024","3.25","3.23","3.30","3.23","24.90M","-11.04%"
"06/10/2024","3.65","3.66","3.68","3.61","18.40M","0.00%"
"06/09/2024","3.65","3.78","3.78","3.65","20.42M","-3.10%"
"06/06/2024","3.77","3.83","3.84","3.76","16.20M","-0.88%"
"06/05/2024","3.80","3.81","3.88","3.73","33.24M","0.00%"
"06/04/2024","3.80","3.72","3.88","3.72","32.64M","2.33%"
"06/03/2024","3.72","3.70","3.79","3.64","38.99M","0.63%"
"06/02/2024","3.69","3.53","3.71","3.53","41.12M","5.02%"
"05/30/2024","3.52","3.54","3.60","3.50","31.05M","-0.75%"
"05/29/2024","3.54","3.47","3.56","3.45","22.69M","2.61%"
"05/28/2024","3.45","3.40","3.46","3.36","14.05M","1.07%"
"05/27/2024","3.42","3.53","3.53","3.38","19.44M","-1.73%"
"05/26/2024","3.48","3.43","3.49","3.42","21.37M","1.86%"
"05/23/2024","3.41","3.43","3.49","3.41","30.13M","0.29%"
"05/22/2024","3.40","3.27","3.42","3.25","30.93M","4.18%"
"05/21/2024","3.27","3.28","3.31","3.26","12.53M","-0.51%"
"05/20/2024","3.28","3.33","3.34","3.27","23.12M","-1.10%"
"05/19/2024","3.32","3.26","3.32","3.22","24.74M","2.68%"
"05/16/2024","3.23","3.12","3.23","3.11","24.87M","3.97%"
"05/15/2024","3.11","3.10","3.15","3.06","18.47M","0.65%"
"05/14/2024","3.09","3.17","3.18","3.07","16.70M","-1.38%"
"05/13/2024","3.13","3.13","3.15","3.03","18.45M","0.64%"
"05/12/2024","3.11","3.39","3.44","3.10","45.76M","-6.97%"
"05/09/2024","3.35","3.28","3.36","3.23","10.83M","1.93%"
"05/08/2024","3.28","3.35","3.40","3.25","17.85M","-1.50%"
"05/07/2024","3.33","3.24","3.35","3.21","26.46M","2.99%"
"05/02/2024","3.24","3.13","3.25","3.10","23.62M","3.30%"
"05/01/2024","3.13","2.96","3.14","2.88","23.81M","7.92%"
"04/30/2024","2.90","3.13","3.21","2.87","26.77M","-6.44%"
"04/29/2024","3.10","2.95","3.10","2.92","12.24M","6.04%"
"04/28/2024","2.93","3.13","3.17","2.90","19.31M","-5.59%"
"04/24/2024","3.10","3.16","3.21","3.03","15.35M","-2.00%"
"04/23/2024","3.16","3.42","3.45","3.14","22.01M","-7.41%"
"04/22/2024","3.42","3.50","3.57","3.40","15.93M","-2.38%"
"04/21/2024","3.50","3.48","3.58","3.49","12.86M","0.57%"
"04/18/2024","3.48","3.73","3.76","3.38","24.88M","-6.70%"
"04/17/2024","3.73","3.65","3.75","3.64","18.78M","2.10%"
"04/16/2024","3.65","3.63","3.72","3.62","18.10M","0.74%"
"04/15/2024","3.63","3.52","3.65","3.51","12.54M","2.93%"
"04/08/2024","3.52","3.50","3.55","3.48","8.59M","0.67%"
"04/07/2024","3.50","3.57","3.59","3.44","10.25M","-1.87%"
"04/04/2024","3.57","3.45","3.57","3.46","16.79M","3.28%"
"04/03/2024","3.45","3.39","3.48","3.35","15.94M","1.77%"
"04/02/2024","3.39","3.38","3.47","3.35","22.98M","0.30%"
"04/01/2024","3.38","3.03","3.40","3.11","23.26M","11.66%"
"03/31/2024","3.03","3.21","3.27","2.97","9.73M","-5.71%"
"03/28/2024","3.21","3.27","3.30","3.21","8.66M","-1.63%"
"03/27/2024","3.27","3.35","3.38","3.27","16.04M","-2.49%"
"03/26/2024","3.35","3.43","3.49","3.34","17.51M","-2.43%"
"03/25/2024","3.43","3.38","3.43","3.32","26.32M","1.68%"
"03/24/2024","3.38","3.36","3.44","3.35","11.04M","0.50%"
"03/21/2024","3.36","3.27","3.37","3.26","10.13M","2.75%"
"03/20/2024","3.27","3.28","3.37","3.25","8.13M","-0.41%"
"03/19/2024","3.28","3.20","3.31","3.18","12.23M","2.50%"
"03/18/2024","3.20","3.53","3.54","3.20","17.03M","-9.17%"
"03/17/2024","3.53","3.55","3.66","3.51","9.44M","-0.66%"
"03/14/2024","3.55","3.52","3.58","3.41","12.52M","0.85%"
"03/13/2024","3.52","3.80","3.83","3.48","23.84M","-7.45%"
"03/12/2024","3.80","3.99","4.03","3.68","25.68M","-4.76%"
"03/11/2024","3.99","4.20","4.25","3.97","29.05M","-5.00%"
"03/10/2024","4.20","4.03","4.35","4.08","36.61M","4.30%"
"03/07/2024","4.03","4.10","4.16","3.98","20.88M","-1.63%"
"03/06/2024","4.10","4.45","4.43","4.10","47.07M","-7.87%"
"03/05/2024","4.45","4.46","4.63","4.40","57.59M","-0.30%"
"03/04/2024","4.46","4.07","4.65","4.14","144.62M","9.58%"
"03/03/2024","4.07","4.02","4.08","4.00","18.10M","1.16%"
"02/29/2024","4.02","4.03","4.16","3.98","22.89M","-0.25%"
"02/28/2024","4.03","4.09","4.20","3.97","47.73M","-1.31%"
"02/27/2024","4.09","3.95","4.22","3.98","62.04M","3.46%"
"02/26/2024","3.95","3.95","4.07","3.94","39.21M","0.00%"
"02/25/2024","3.95","4.11","4.19","3.90","92.49M","-3.81%"
"02/22/2024","4.11","4.23","4.27","4.10","34.37M","-2.99%"
"02/21/2024","4.23","4.19","4.30","4.09","48.28M","0.95%"
"02/20/2024","4.19","4.18","4.25","4.15","54.43M","0.32%"
"02/19/2024","4.18","4.08","4.19","3.96","70.29M","2.37%"
"02/18/2024","4.08","3.98","4.13","4.02","85.87M","2.68%"
"02/15/2024","3.98","3.82","3.98","3.82","84.75M","4.19%"
"02/14/2024","3.82","3.75","3.84","3.74","21.45M","1.78%"
"02/13/2024","3.75","3.71","3.79","3.72","10.87M","0.99%"
"02/12/2024","3.71","3.76","3.78","3.70","14.49M","-1.15%"
"02/11/2024","3.76","3.77","3.91","3.73","53.19M","-0.27%"
"02/08/2024","3.77","3.69","3.77","3.68","17.31M","2.08%"
"02/07/2024","3.69","3.65","3.79","3.62","41.67M","1.10%"
"02/06/2024","3.65","3.72","3.78","3.58","25.76M","-1.88%"
"02/05/2024","3.72","3.53","3.76","3.58","27.44M","5.28%"
"02/04/2024","3.53","3.43","3.58","3.37","20.86M","3.11%"
"02/01/2024","3.43","3.40","3.46","3.25","19.59M","0.78%"
"01/31/2024","3.40","3.63","3.72","3.34","38.14M","-6.16%"
"01/30/2024","3.62","3.60","3.64","3.57","12.95M","1.59%"
"01/29/2024","3.57","3.64","3.69","3.56","19.11M","-1.38%"
"01/28/2024","3.62","3.63","3.68","3.60","17.27M","0.00%"
"01/24/2024","3.62","3.69","3.69","3.61","18.49M","-1.45%"
"01/23/2024","3.67","3.79","3.81","3.67","29.79M","-2.74%"
"01/22/2024","3.77","3.86","3.90","3.77","38.58M","-1.48%"
"01/21/2024","3.83","3.73","3.83","3.72","24.34M","3.61%"
"01/18/2024","3.70","3.73","3.74","3.67","10.36M","-0.54%"
"01/17/2024","3.72","3.77","3.80","3.70","22.37M","-0.71%"
"01/16/2024","3.74","3.72","3.76","3.68","12.26M","0.99%"
"01/15/2024","3.71","3.80","3.83","3.69","20.29M","-2.46%"
"01/14/2024","3.80","3.70","3.80","3.67","26.55M","3.64%"
"01/11/2024","3.67","3.70","3.72","3.65","9.30M","-0.81%"
"01/10/2024","3.70","3.74","3.77","3.70","9.99M","-1.07%"
"01/09/2024","3.74","3.67","3.76","3.66","19.80M","2.47%"
"01/08/2024","3.65","3.67","3.69","3.63","7.58M","0.00%"
"01/04/2024","3.64","3.61","3.73","3.60","28.07M","1.20%"
"01/03/2024","3.60","3.60","3.60","3.54","11.03M","0.75%"
"01/02/2024","3.57","3.48","3.57","3.48","6.69M","3.08%"
"12/31/2023","3.47","3.47","3.50","3.45","5.69M","0.68%"
"12/28/2023","3.44","3.47","3.49","3.43","7.55M","-0.58%"
"12/27/2023","3.46","3.40","3.47","3.38","9.94M","2.36%"
"12/26/2023","3.38","3.47","3.49","3.37","13.07M","-1.93%"
"12/25/2023","3.45","3.44","3.58","3.38","19.23M","0.68%"
"12/24/2023","3.43","3.65","3.66","3.34","16.04M","-5.43%"
"12/21/2023","3.62","3.77","3.80","3.61","20.13M","-3.81%"
"12/20/2023","3.77","3.83","3.86","3.74","8.98M","-1.65%"
"12/19/2023","3.83","3.93","3.94","3.82","20.82M","-1.79%"
"12/18/2023","3.90","3.82","4.10","3.82","45.46M","2.63%"
"12/17/2023","3.80","3.80","3.80","3.77","12.02M","0.62%"
"12/14/2023","3.78","3.80","3.86","3.77","22.70M","-0.18%"
"12/13/2023","3.78","3.75","3.80","3.73","13.84M","1.52%"
"12/12/2023","3.73","3.78","3.83","3.71","17.53M","-0.62%"
"12/11/2023","3.75","3.64","3.80","3.62","61.17M","3.02%"
"12/10/2023","3.64","3.65","3.77","3.63","24.44M","0.18%"
"12/07/2023","3.63","3.68","3.70","3.58","16.98M","-1.36%"
"12/06/2023","3.68","3.81","3.85","3.68","33.87M","-2.73%"
"12/05/2023","3.79","3.72","3.82","3.72","56.63M","3.09%"
"12/04/2023","3.67","3.57","3.69","3.55","32.86M","4.16%"
"12/03/2023","3.53","3.57","3.60","3.50","17.11M","-0.19%"
"11/30/2023","3.53","3.54","3.60","3.51","11.61M","0.38%"
"11/29/2023","3.52","3.62","3.65","3.50","23.62M","-2.31%"
"11/28/2023","3.60","3.71","3.74","3.60","20.20M","-2.44%"
"11/27/2023","3.69","3.64","3.70","3.62","16.06M","1.84%"
"11/26/2023","3.63","3.72","3.74","3.60","17.07M","-1.98%"
"11/23/2023","3.70","3.72","3.77","3.69","28.89M","0.00%"
"11/22/2023","3.70","3.60","3.70","3.60","28.18M","3.74%"
"11/21/2023","3.57","3.59","3.60","3.55","13.95M","0.00%"
"11/20/2023","3.57","3.64","3.67","3.57","17.79M","-1.83%"
"11/19/2023","3.64","3.68","3.70","3.62","12.20M","0.00%"
"11/16/2023","3.63","3.57","3.70","3.56","24.15M","2.44%"
"11/15/2023","3.55","3.56","3.60","3.50","19.05M","0.19%"
"11/14/2023","3.54","3.60","3.62","3.52","26.82M","-1.48%"
"11/13/2023","3.59","3.71","3.72","3.58","21.21M","-2.88%"
"11/12/2023","3.70","3.87","3.90","3.08","44.34M","-3.90%"
"11/09/2023","3.85","3.94","3.96","3.82","36.10M","-1.62%"
"11/08/2023","3.91","4.00","4.10","3.90","60.45M","-0.93%"
"11/07/2023","3.95","3.92","4.01","3.89","40.82M","1.54%"
"11/06/2023","3.89","3.95","3.97","3.88","31.42M","-0.68%"
"11/05/2023","3.92","3.97","4.02","3.89","24.47M","-0.42%"
"11/02/2023","3.93","3.88","3.97","3.87","17.96M","1.37%"
"11/01/2023","3.88","3.93","4.02","3.75","35.73M","-0.94%"
"10/31/2023","3.92","4.05","4.09","3.92","43.68M","-3.13%"
"10/30/2023","4.04","4.24","4.24","4.04","63.73M","-4.11%"
"10/29/2023","4.22","4.00","4.23","3.97","72.46M","6.48%"
"10/26/2023","3.96","3.77","4.03","3.77","104.06M","6.07%"
"10/25/2023","3.73","3.56","3.77","3.56","55.21M","5.36%"
"10/24/2023","3.54","3.61","3.62","3.52","20.10M","-0.75%"
"10/23/2023","3.57","3.67","3.69","3.56","41.52M","-1.38%"
"10/22/2023","3.62","3.53","3.66","3.47","45.64M","2.84%"
"10/19/2023","3.52","3.58","3.62","3.51","26.56M","-1.22%"
"10/18/2023","3.56","3.67","3.69","3.54","28.22M","-1.75%"
"10/17/2023","3.63","3.60","3.70","3.56","36.91M","1.78%"
"10/16/2023","3.56","3.57","3.65","3.53","19.88M","0.19%"
"10/15/2023","3.56","3.64","3.65","3.56","24.66M","-1.30%"
"10/12/2023","3.60","3.70","3.73","3.60","20.60M","-1.73%"
"10/11/2023","3.67","3.70","3.77","3.67","17.00M","-0.18%"
"10/10/2023","3.67","3.69","3.72","3.65","9.51M","0.00%"
"10/09/2023","3.67","3.74","3.75","3.63","7.15M","-0.81%"
"10/08/2023","3.70","3.77","3.87","3.47","34.77M","-0.89%"
"10/04/2023","3.74","3.72","3.75","3.60","22.52M","0.72%"
"10/03/2023","3.71","3.77","3.82","3.68","18.97M","-1.15%"
"10/02/2023","3.75","3.65","3.77","3.61","14.26M","2.83%"
"10/01/2023","3.65","3.78","3.80","3.62","11.11M","-2.67%"
"09/27/2023","3.75","3.83","3.88","3.75","12.81M","-1.49%"
"09/26/2023","3.81","3.96","3.96","3.81","18.11M","-2.89%"
"09/25/2023","3.92","3.93","3.98","3.91","13.73M","0.00%"
"09/24/2023","3.92","3.97","4.02","3.92","14.78M","-1.76%"
"09/21/2023","3.99","3.99","4.04","3.96","15.53M","0.00%"
"09/20/2023","3.99","4.09","4.11","3.97","20.95M","-1.81%"
"09/19/2023","4.06","4.05","4.13","4.03","20.14M","0.91%"
"09/18/2023","4.02","4.07","4.09","4.01","10.97M","-0.66%"
"09/17/2023","4.05","4.13","4.16","4.04","16.59M","-1.38%"
"09/14/2023","4.11","4.10","4.17","4.06","23.11M","0.65%"
"09/13/2023","4.08","4.06","4.11","3.99","24.84M","0.91%"
"09/12/2023","4.04","4.16","4.18","4.03","29.33M","-2.02%"
"09/11/2023","4.13","4.21","4.26","4.10","62.99M","1.06%"
"09/10/2023","4.08","4.00","4.13","4.00","29.55M","2.85%"
"09/07/2023","3.97","3.95","3.99","3.93","6.07M","0.51%"
"09/06/2023","3.95","4.00","4.05","3.94","10.31M","-0.92%"
"09/05/2023","3.99","4.03","4.08","3.97","11.83M","-0.91%"
"09/04/2023","4.02","3.95","4.07","3.91","13.55M","2.29%"
"09/03/2023","3.93","4.03","4.03","3.91","12.47M","-2.32%"
"08/31/2023","4.03","4.10","4.13","4.01","18.85M","-1.79%"
"08/30/2023","4.10","4.02","4.12","3.97","29.41M","2.50%"
"08/29/2023","4.00","4.01","4.09","3.97","28.84M","0.33%"
"08/28/2023","3.99","4.17","4.25","3.95","51.81M","-2.05%"
"08/27/2023","4.07","4.11","4.22","4.05","30.23M","-0.73%"
"08/24/2023","4.10","4.19","4.20","4.08","28.92M","-1.84%"
"08/23/2023","4.18","4.33","4.36","4.12","41.62M","-2.79%"
"08/22/2023","4.30","4.32","4.41","4.29","39.43M","0.39%"
"08/21/2023","4.28","4.19","4.36","4.10","51.11M","2.72%"
"08/20/2023","4.17","4.20","4.24","4.14","44.44M","1.21%"
"08/17/2023","4.12","4.11","4.12","4.03","19.89M","1.31%"
"08/16/2023","4.06","4.05","4.15","3.99","27.46M","0.99%"
"08/15/2023","4.02","4.14","4.16","4.00","22.90M","-2.11%"
"08/14/2023","4.11","4.12","4.26","4.11","50.83M","0.24%"
"08/13/2023","4.10","4.05","4.14","4.03","26.80M","1.99%"
"08/10/2023","4.02","4.11","4.17","4.02","27.89M","-1.63%"
"08/09/2023","4.09","3.93","4.23","3.93","55.71M","3.90%"
"08/08/2023","3.93","4.08","4.11","3.90","39.04M","-3.28%"
"08/07/2023","4.07","4.06","4.15","3.89","63.31M","0.66%"
"08/06/2023","4.04","3.63","4.05","3.60","71.49M","11.29%"
"08/03/2023","3.63","3.58","3.65","3.57","9.49M","1.59%"
"08/02/2023","3.57","3.57","3.67","3.57","11.25M","-0.74%"
"08/01/2023","3.60","3.69","3.71","3.55","12.52M","-2.61%"
"07/31/2023","3.70","3.58","3.70","3.54","13.39M","4.43%"
"07/30/2023","3.54","3.49","3.59","3.47","8.95M","1.53%"
"07/27/2023","3.49","3.51","3.53","3.48","5.69M","-0.66%"
"07/26/2023","3.51","3.50","3.54","3.45","8.74M","0.29%"
"07/25/2023","3.50","3.62","3.66","3.48","11.33M","-2.51%"
"07/24/2023","3.59","3.69","3.73","3.58","8.45M","-2.45%"
"07/19/2023","3.68","3.78","3.78","3.66","9.19M","-1.87%"
"07/18/2023","3.75","3.61","3.80","3.61","12.56M","5.53%"
"07/17/2023","3.55","3.59","3.64","3.55","6.58M","-0.84%"
"07/16/2023","3.58","3.49","3.58","3.42","6.62M","4.57%"
"07/13/2023","3.43","3.43","3.50","3.43","4.79M","0.39%"
"07/12/2023","3.41","3.58","3.58","3.40","5.54M","-3.12%"
"07/11/2023","3.52","3.42","3.52","3.31","7.36M","4.14%"
"07/10/2023","3.38","3.33","3.40","3.28","5.50M","3.57%"
"07/09/2023","3.27","3.63","3.64","3.25","4.34M","-9.59%"
"07/06/2023","3.61","3.75","3.77","3.61","4.38M","-2.52%"
"07/05/2023","3.71","3.73","3.77","3.69","4.19M","-0.27%"
"07/04/2023","3.72","3.77","3.84","3.70","4.64M","-2.62%"
"06/26/2023","3.82","3.73","3.83","3.70","7.54M","2.23%"
"06/25/2023","3.73","3.81","3.85","3.73","6.89M","-2.01%"
"06/22/2023","3.81","3.72","3.83","3.68","9.76M","2.51%"
"06/21/2023","3.72","3.82","3.85","3.70","6.40M","-2.53%"
"06/20/2023","3.81","3.79","3.88","3.76","11.29M","0.35%"
"06/19/2023","3.80","3.84","3.85","3.73","12.79M","-0.44%"
"06/18/2023","3.82","3.77","3.92","3.75","20.52M","1.51%"
"06/15/2023","3.76","3.65","3.76","3.62","14.72M","3.30%"
"06/14/2023","3.64","3.66","3.75","3.63","10.81M","-0.36%"
"06/13/2023","3.65","3.71","3.75","3.61","12.63M","-1.17%"
"06/12/2023","3.70","3.75","3.78","3.67","3.92M","-1.16%"
"06/11/2023","3.74","3.76","3.83","3.72","15.42M","0.36%"
"06/08/2023","3.73","3.63","3.83","3.62","25.19M","2.95%"
"06/07/2023","3.62","3.73","3.81","3.62","28.39M","-2.78%"
"06/06/2023","3.72","3.67","3.83","3.66","58.92M","6.79%"
"06/05/2023","3.49","3.53","3.59","3.46","12.13M","-0.38%"
"06/04/2023","3.50","3.55","3.60","3.47","18.41M","-0.85%"
"06/01/2023","3.53","3.37","3.55","3.33","28.70M","4.85%"
"05/31/2023","3.37","3.34","3.51","3.32","43.47M","1.00%"
"05/30/2023","3.33","3.24","3.38","3.22","29.65M","3.09%"
"05/29/2023","3.23","2.89","3.25","2.87","29.97M","11.75%"
"05/28/2023","2.89","2.88","2.91","2.85","4.81M","0.93%"
"05/25/2023","2.87","2.91","2.94","2.86","5.81M","-1.15%"
"05/24/2023","2.90","2.87","2.92","2.84","7.41M","3.20%"
"05/23/2023","2.81","2.83","2.85","2.73","6.04M","-0.59%"
"05/22/2023","2.83","2.88","2.95","2.82","8.16M","-1.40%"
"05/21/2023","2.87","2.89","2.91","2.86","3.97M","-0.35%"
"05/18/2023","2.88","2.88","2.90","2.77","8.24M","-0.46%"
"05/17/2023","2.89","2.97","2.98","2.87","6.93M","-1.92%"
"05/16/2023","2.95","3.04","3.05","2.90","13.49M","-3.91%"
"05/15/2023","3.07","3.14","3.18","3.02","6.44M","-2.23%"
"05/14/2023","3.14","3.15","3.17","3.10","6.25M","0.00%"
"05/11/2023","3.14","3.23","3.24","3.13","8.96M","-2.38%"
"05/10/2023","3.22","3.22","3.22","3.15","12.61M","0.00%"
"05/09/2023","3.22","3.25","3.33","3.21","25.80M","0.21%"
"05/08/2023","3.21","3.15","3.23","3.13","12.34M","2.56%"
"05/07/2023","3.13","3.17","3.17","3.08","5.05M","-1.16%"
"05/03/2023","3.17","3.20","3.23","3.10","9.37M","-0.31%"
"05/02/2023","3.18","3.21","3.25","3.15","5.31M","-0.73%"
"05/01/2023","3.20","3.32","3.37","3.18","10.31M","-3.71%"
"04/30/2023","3.32","3.43","3.50","3.30","12.13M","-2.64%"
"04/27/2023","3.41","3.44","3.47","3.39","15.37M","1.39%"
"04/26/2023","3.37","3.36","3.40","3.27","12.34M","1.51%"
"04/19/2023","3.32","3.45","3.45","3.30","13.74M","-3.21%"
"04/18/2023","3.43","3.27","3.44","3.27","17.71M","4.26%"
"04/13/2023","3.29","3.18","3.34","3.18","26.14M","3.03%"
"04/12/2023","3.19","3.23","3.25","3.15","22.87M","-1.34%"
"04/11/2023","3.23","3.11","3.23","3.11","18.71M","5.21%"
"04/10/2023","3.07","3.00","3.10","3.00","7.37M","1.77%"
"04/09/2023","3.02","3.10","3.10","2.98","6.95M","-0.88%"
"04/06/2023","3.05","3.12","3.17","3.00","8.01M","-2.56%"
"04/05/2023","3.13","3.19","3.21","3.11","8.01M","-2.09%"
"04/04/2023","3.19","3.24","3.25","3.16","16.91M","-1.24%"
"04/03/2023","3.23","3.14","3.23","3.11","23.61M","2.65%"
"04/02/2023","3.15","2.98","3.15","2.94","32.53M","6.06%"
"03/30/2023","2.97","3.12","3.13","2.93","24.69M","-2.62%"
"03/29/2023","3.05","2.91","3.05","2.91","19.04M","4.69%"
"03/28/2023","2.91","2.92","2.96","2.82","7.17M","-0.68%"
"03/27/2023","2.93","2.99","3.06","2.86","18.76M","-1.57%"
"03/26/2023","2.98","2.65","3.00","2.65","25.54M","13.16%"
"03/23/2023","2.63","2.57","2.64","2.54","5.46M","2.46%"
"03/22/2023","2.57","2.68","2.70","2.56","10.23M","-3.02%"
"03/21/2023","2.65","2.61","2.69","2.60","13.28M","3.11%"
"03/20/2023","2.57","2.51","2.65","2.49","18.41M","3.35%"
"03/19/2023","2.49","2.50","2.53","2.38","9.47M","-0.40%"
"03/16/2023","2.50","2.34","2.54","2.19","14.77M","5.79%"
"03/15/2023","2.36","2.75","2.75","2.17","15.31M","-13.13%"
"03/14/2023","2.72","2.63","2.74","2.58","8.14M","3.56%"
"03/13/2023","2.62","2.85","2.88","2.57","12.91M","-6.86%"
"03/12/2023","2.82","3.00","3.00","2.82","10.16M","-6.63%"
"03/09/2023","3.02","2.94","3.03","2.94","9.24M","2.61%"
"03/08/2023","2.94","2.98","3.02","2.92","11.72M","-1.45%"
"03/07/2023","2.98","3.13","3.15","2.98","15.60M","-3.87%"
"03/06/2023","3.10","3.07","3.18","3.07","23.16M","1.20%"
"03/05/2023","3.07","3.13","3.15","3.02","23.96M","-1.71%"
"03/02/2023","3.12","3.23","3.25","3.12","18.02M","-2.50%"
"03/01/2023","3.20","3.29","3.29","3.17","15.37M","-1.54%"
"02/28/2023","3.25","3.31","3.35","3.24","32.46M","-1.52%"
"02/27/2023","3.30","3.29","3.37","3.27","24.06M","0.92%"
"02/26/2023","3.27","3.29","3.29","3.23","9.12M","0.62%"
"02/23/2023","3.25","3.24","3.27","3.15","11.06M","1.04%"
"02/22/2023","3.22","3.38","3.40","3.19","15.86M","-4.74%"
"02/21/2023","3.38","3.25","3.38","3.20","17.94M","4.33%"
"02/20/2023","3.24","3.41","3.45","3.20","22.00M","-5.08%"
"02/19/2023","3.41","3.54","3.55","3.37","14.47M","-2.85%"
"02/16/2023","3.51","3.55","3.61","3.50","23.88M","-0.66%"
"02/15/2023","3.53","3.53","3.60","3.45","48.32M","0.76%"
"02/14/2023","3.51","3.28","3.51","3.26","50.02M","8.01%"
"02/13/2023","3.25","3.33","3.37","3.22","23.24M","-2.11%"
"02/12/2023","3.32","3.28","3.44","3.28","46.33M","1.95%"
"02/09/2023","3.25","3.12","3.30","3.08","26.09M","5.74%"
"02/08/2023","3.08","3.19","3.19","3.07","11.98M","-2.33%"
"02/07/2023","3.15","3.20","3.22","3.13","21.98M","0.00%"
"02/06/2023","3.15","3.15","3.26","3.07","29.60M","1.18%"
"02/05/2023","3.11","3.16","3.16","2.75","80.02M","-0.21%"
"02/02/2023","3.12","3.36","3.40","3.09","29.61M","-5.45%"
"02/01/2023","3.30","3.38","3.43","3.29","32.93M","-1.98%"
"01/31/2023","3.37","3.47","3.64","3.36","37.81M","-2.88%"
"01/30/2023","3.47","3.76","3.78","3.44","35.22M","-6.98%"
"01/29/2023","3.73","3.83","3.85","3.70","25.31M","-1.67%"
"01/25/2023","3.79","3.81","3.83","3.65","30.69M","0.62%"
"01/24/2023","3.77","3.87","3.89","3.73","30.21M","-1.74%"
"01/23/2023","3.83","3.75","3.99","3.73","42.37M","2.68%"
"01/22/2023","3.73","3.87","3.91","3.73","23.92M","-1.67%"
"01/19/2023","3.80","3.62","3.80","3.54","25.99M","6.65%"
"01/18/2023","3.56","3.70","3.77","3.51","28.59M","-2.11%"
"01/17/2023","3.64","3.52","3.83","3.50","68.20M","4.40%"
"01/16/2023","3.48","3.58","3.58","3.46","28.77M","-1.51%"
"01/15/2023","3.54","3.49","3.71","3.49","73.26M","3.01%"
"01/12/2023","3.43","3.14","3.45","3.07","60.60M","10.63%"
"01/11/2023","3.10","3.05","3.37","3.03","91.68M","2.53%"
"01/10/2023","3.03","3.00","3.03","2.89","37.37M","2.37%"
"01/09/2023","2.96","2.98","3.09","2.94","34.21M","-0.67%"
"01/05/2023","2.98","3.09","3.10","2.96","26.94M","-2.83%"
"01/04/2023","3.06","3.06","3.11","2.83","46.41M","0.99%"
"01/03/2023","3.03","2.90","3.10","2.90","28.08M","4.60%"
"01/02/2023","2.90","2.67","2.93","2.64","26.01M","9.30%"
"12/29/2022","2.65","2.69","2.71","2.64","8.38M","-1.00%"
"12/28/2022","2.68","2.67","2.69","2.65","3.73M","1.26%"
"12/27/2022","2.65","2.66","2.70","2.62","8.94M","0.00%"
"12/26/2022","2.65","2.63","2.66","2.56","7.48M","4.20%"
"12/25/2022","2.54","2.60","2.63","2.51","6.62M","-2.68%"
"12/22/2022","2.61","2.74","2.76","2.60","10.98M","-4.51%"
"12/21/2022","2.73","2.71","2.80","2.67","14.07M","0.61%"
"12/20/2022","2.72","2.76","2.86","2.69","21.71M","0.00%"
"12/19/2022","2.72","2.67","2.74","2.65","14.42M","2.26%"
"12/18/2022","2.66","2.66","2.70","2.60","15.41M","1.01%"
"12/15/2022","2.63","2.74","2.83","2.62","16.50M","-3.66%"
"12/14/2022","2.73","2.70","2.82","2.60","37.81M","2.76%"
"12/13/2022","2.66","2.43","2.67","2.43","36.86M","10.08%"
"12/12/2022","2.41","2.40","2.43","2.30","13.85M","1.83%"
"12/11/2022","2.37","2.47","2.50","2.36","21.70M","-3.92%"
"12/08/2022","2.47","2.53","2.53","2.46","17.47M","-1.60%"
"12/07/2022","2.51","2.50","2.59","2.48","39.11M","1.62%"
"12/06/2022","2.47","2.36","2.52","2.34","66.11M","4.23%"
"12/05/2022","2.37","2.36","2.44","2.32","89.85M","0.71%"
"12/04/2022","2.35","2.19","2.36","2.17","55.62M","8.13%"
"12/01/2022","2.17","2.08","2.17","2.08","32.93M","4.49%"
"11/30/2022","2.08","2.05","2.09","2.03","25.94M","2.46%"
"11/29/2022","2.03","2.03","2.07","2.00","11.22M","1.00%"
"11/28/2022","2.01","2.06","2.08","2.00","9.38M","-2.58%"
"11/27/2022","2.06","2.08","2.09","2.05","14.18M","0.00%"
"11/24/2022","2.06","2.01","2.08","2.01","20.77M","2.31%"
"11/23/2022","2.02","2.06","2.07","2.01","22.74M","-1.47%"
"11/22/2022","2.05","1.94","2.06","1.94","49.63M","5.68%"
"11/21/2022","1.94","1.96","1.97","1.92","6.98M","-0.51%"
"11/20/2022","1.95","1.97","1.98","1.94","11.26M","-0.68%"
"11/17/2022","1.96","1.98","1.98","1.95","15.52M","0.34%"
"11/16/2022","1.95","1.95","1.98","1.93","24.86M","0.86%"
"11/15/2022","1.94","1.97","1.98","1.93","13.36M","-1.02%"
"11/14/2022","1.96","1.97","1.97","1.92","16.91M","0.00%"
"11/13/2022","1.96","1.93","2.00","1.93","33.72M","2.62%"
"11/10/2022","1.91","1.87","1.92","1.85","22.06M","3.24%"
"11/09/2022","1.85","1.85","1.88","1.83","9.65M","0.00%"
"11/08/2022","1.85","1.92","1.93","1.84","9.92M","-2.46%"
"11/07/2022","1.90","1.92","1.94","1.89","7.39M","0.00%"
"11/06/2022","1.90","1.91","1.94","1.89","2.47M","0.00%"
"11/03/2022","1.90","1.90","1.93","1.88","4.68M","0.00%"
"11/02/2022","1.90","1.97","1.97","1.90","6.63M","-2.89%"
"11/01/2022","1.96","1.98","2.00","1.95","14.56M","0.34%"
"10/31/2022","1.95","1.93","1.95","1.90","10.26M","1.03%"
"10/30/2022","1.93","2.00","2.00","1.91","15.81M","-2.03%"
"10/27/2022","1.97","2.03","2.08","1.97","31.02M","-1.33%"
"10/26/2022","2.00","1.92","2.00","1.88","27.04M","3.99%"
"10/25/2022","1.92","1.90","1.93","1.87","6.07M","1.41%"
"10/24/2022","1.90","1.91","1.93","1.89","4.25M","0.00%"
"10/23/2022","1.90","1.92","1.93","1.90","4.44M","0.00%"
"10/20/2022","1.90","1.88","1.92","1.87","6.54M","1.61%"
"10/19/2022","1.87","1.90","1.90","1.84","5.88M","-1.93%"
"10/18/2022","1.90","1.95","1.95","1.90","5.50M","-0.70%"
"10/17/2022","1.92","1.91","1.95","1.89","8.54M","1.77%"
"10/16/2022","1.88","1.85","1.91","1.83","4.96M","3.29%"
"10/13/2022","1.82","1.84","1.84","1.81","1.85M","1.30%"
"10/12/2022","1.80","1.87","1.87","1.79","2.78M","-2.17%"
"10/11/2022","1.84","1.87","1.89","1.82","4.41M","-2.13%"
"10/10/2022","1.88","1.90","1.92","1.87","4.16M","-1.05%"
"10/09/2022","1.90","1.95","1.95","1.89","2.57M","-2.40%"
"10/05/2022","1.95","1.96","1.99","1.94","5.93M","-0.34%"
"10/04/2022","1.95","1.93","1.97","1.90","7.97M","3.90%"
"10/03/2022","1.88","1.87","1.89","1.84","1.52M","0.53%"
"10/02/2022","1.87","1.93","1.93","1.86","1.77M","-2.43%"
"09/29/2022","1.92","1.90","1.95","1.90","2.75M","0.00%"
"09/28/2022","1.92","1.94","1.95","1.91","2.82M","-1.03%"
"09/27/2022","1.94","1.92","1.95","1.91","4.79M","1.93%"
"09/26/2022","1.90","1.89","1.92","1.88","2.26M","1.60%"
"09/25/2022","1.87","1.93","1.93","1.86","3.16M","-2.09%"
"09/22/2022","1.91","1.88","1.94","1.88","2.27M","-0.35%"
"09/21/2022","1.92","1.97","2.00","1.87","9.41M","-1.20%"
"09/20/2022","1.94","1.93","1.97","1.88","4.47M","1.57%"
"09/19/2022","1.91","1.87","1.92","1.83","2.84M","1.60%"
"09/18/2022","1.88","2.02","2.02","1.85","3.51M","-8.44%"
"09/15/2022","2.05","2.07","2.08","1.98","3.80M","-0.32%"
"09/14/2022","2.06","2.13","2.13","2.05","3.54M","-4.19%"
"09/13/2022","2.15","2.18","2.20","2.14","4.20M","-1.23%"
"09/12/2022","2.18","2.20","2.21","2.16","8.12M","0.00%"
"09/11/2022","2.18","2.16","2.21","2.15","11.04M","2.51%"
"09/08/2022","2.13","2.10","2.16","2.09","2.24M","1.11%"
"09/07/2022","2.10","2.16","2.17","2.08","5.12M","-2.17%"
"09/06/2022","2.15","2.07","2.18","2.06","15.28M","4.03%"
"09/05/2022","2.07","2.02","2.07","2.00","6.98M","2.65%"
"09/04/2022","2.01","1.99","2.02","1.97","1.80M","2.20%"
"09/01/2022","1.97","2.01","2.02","1.97","4.49M","-0.51%"
"08/31/2022","1.98","2.02","2.04","1.97","3.22M","-1.49%"
"08/30/2022","2.01","2.05","2.06","2.00","8.59M","-1.31%"
"08/29/2022","2.04","2.09","2.09","2.02","6.96M","-1.61%"
"08/28/2022","2.07","2.10","2.10","2.05","10.30M","-0.96%"
"08/25/2022","2.09","1.98","2.13","1.98","26.02M","5.56%"
"08/24/2022","1.98","2.02","2.06","1.96","9.49M","-1.98%"
"08/23/2022","2.02","2.08","2.10","2.01","29.28M","-2.26%"
"08/22/2022","2.07","2.02","2.09","1.95","20.64M","2.65%"
"08/21/2022","2.01","1.98","2.02","1.94","11.24M","3.60%"
"08/18/2022","1.94","1.99","2.00","1.94","7.26M","-0.68%"
"08/17/2022","1.96","1.88","1.99","1.86","15.39M","5.20%"
"08/16/2022","1.86","1.91","1.92","1.84","7.60M","-1.76%"
"08/15/2022","1.89","1.93","1.93","1.87","7.42M","-1.22%"
"08/14/2022","1.92","1.90","1.95","1.90","6.23M","0.88%"
"08/11/2022","1.90","1.92","1.93","1.89","2.79M","-0.87%"
"08/10/2022","1.92","1.93","1.95","1.91","5.59M","0.00%"
"08/09/2022","1.92","1.97","2.00","1.90","10.84M","-2.70%"
"08/08/2022","1.97","1.99","2.03","1.96","7.78M","-1.00%"
"08/07/2022","1.99","1.92","2.00","1.91","19.84M","4.91%"
"08/04/2022","1.90","1.80","1.93","1.80","18.95M","6.15%"
"08/03/2022","1.79","1.79","1.81","1.79","2.50M","0.00%"
"08/02/2022","1.79","1.78","1.81","1.78","3.69M","0.00%"
"08/01/2022","1.78","1.86","1.89","1.78","13.73M","-3.78%"
"07/31/2022","1.85","1.80","1.86","1.80","12.94M","3.35%"
"07/28/2022","1.79","1.78","1.81","1.77","3.47M","1.51%"
"07/27/2022","1.77","1.81","1.83","1.77","2.41M","-1.67%"
"07/26/2022","1.80","1.77","1.83","1.77","2.48M","1.13%"
"07/25/2022","1.78","1.81","1.82","1.77","4.34M","-1.66%"
"07/24/2022","1.81","1.80","1.85","1.80","6.94M","0.56%"
"07/21/2022","1.80","1.80","1.82","1.79","8.29M","0.37%"
"07/20/2022","1.79","1.77","1.79","1.75","17.61M","2.29%"
"07/19/2022","1.75","1.72","1.78","1.67","31.64M","3.14%"
"07/18/2022","1.70","1.65","1.72","1.65","10.83M","3.67%"
"07/17/2022","1.64","1.65","1.65","1.59","2.99M","0.41%"
"07/07/2022","1.63","1.66","1.69","1.61","6.88M","-1.01%"
"07/06/2022","1.65","1.61","1.65","1.59","3.52M","2.28%"
"07/05/2022","1.61","1.67","1.70","1.60","15.42M","2.11%"
"07/04/2022","1.58","1.65","1.65","1.54","9.31M","-3.27%"
"07/03/2022","1.63","1.64","1.66","1.61","4.83M","-0.61%"
"06/29/2022","1.64","1.64","1.67","1.62","7.76M","-1.20%"
"06/28/2022","1.66","1.63","1.66","1.57","7.81M","2.26%"
"06/27/2022","1.62","1.69","1.69","1.61","4.22M","-3.37%"
"06/26/2022","1.68","1.68","1.72","1.66","11.92M","2.65%"
"06/23/2022","1.64","1.64","1.66","1.63","3.15M","-1.21%"
"06/22/2022","1.66","1.69","1.73","1.65","10.44M","-2.36%"
"06/21/2022","1.70","1.65","1.73","1.65","13.12M","4.73%"
"06/20/2022","1.62","1.61","1.64","1.57","5.08M","0.00%"
"06/19/2022","1.62","1.67","1.67","1.62","4.97M","-3.76%"
"06/16/2022","1.68","1.69","1.70","1.68","8.63M","0.00%"
"06/15/2022","1.69","1.67","1.71","1.66","19.96M","3.48%"
"06/14/2022","1.63","1.62","1.66","1.60","14.50M","0.82%"
"06/13/2022","1.62","1.66","1.69","1.61","17.49M","-2.61%"
"06/12/2022","1.66","1.55","1.66","1.54","26.69M","5.51%"
"06/09/2022","1.57","1.59","1.61","1.56","12.99M","0.00%"
"06/08/2022","1.58","1.51","1.60","1.51","42.69M","5.35%"
"06/07/2022","1.50","1.52","1.52","1.49","19.36M","-0.66%"
"06/06/2022","1.51","1.50","1.51","1.48","9.69M","1.12%"
"06/05/2022","1.49","1.48","1.51","1.46","11.18M","1.82%"
"06/02/2022","1.46","1.46","1.47","1.41","29.30M","0.69%"
"06/01/2022","1.45","1.52","1.55","1.44","20.47M","-2.02%"
"05/31/2022","1.48","1.56","1.59","1.48","29.68M","-4.30%"
"05/30/2022","1.55","1.53","1.58","1.51","33.18M","1.97%"
"05/29/2022","1.52","1.60","1.60","1.52","13.77M","-4.60%"
"05/26/2022","1.59","1.63","1.66","1.57","10.78M","-3.04%"
"05/25/2022","1.64","1.68","1.70","1.63","7.32M","-3.14%"
"05/24/2022","1.70","1.77","1.78","1.67","5.43M","-3.60%"
"05/23/2022","1.76","1.77","1.78","1.75","5.33M","0.38%"
"05/22/2022","1.75","1.76","1.78","1.75","1.53M","-0.75%"
"05/19/2022","1.77","1.74","1.77","1.72","5.52M","-0.93%"
"05/18/2022","1.78","1.82","1.83","1.77","2.90M","-0.93%"
"05/17/2022","1.80","1.80","1.85","1.80","3.73M","0.56%"
"05/16/2022","1.79","1.80","1.81","1.76","3.18M","-1.10%"
"05/15/2022","1.81","1.85","1.88","1.79","4.61M","-1.63%"
"05/12/2022","1.84","1.90","1.90","1.82","9.26M","-3.66%"
"05/11/2022","1.91","1.90","1.93","1.88","8.16M","1.42%"
"05/10/2022","1.88","1.88","1.91","1.86","6.45M","-0.88%"
"05/09/2022","1.90","1.93","1.97","1.87","14.04M","-1.72%"
"05/08/2022","1.93","1.88","1.96","1.86","14.26M","0.87%"
"04/28/2022","1.92","1.76","1.96","1.76","18.87M","9.32%"
"04/27/2022","1.75","1.77","1.81","1.75","6.77M","-0.57%"
"04/26/2022","1.76","1.81","1.83","1.75","7.19M","-2.22%"
"04/21/2022","1.80","1.72","1.82","1.72","21.74M","3.84%"
"04/20/2022","1.74","1.70","1.76","1.68","14.81M","1.56%"
"04/19/2022","1.71","1.67","1.73","1.65","13.80M","3.85%"
"04/18/2022","1.65","1.62","1.67","1.58","11.10M","2.70%"
"04/17/2022","1.60","1.68","1.73","1.58","14.07M","-4.56%"
"04/14/2022","1.68","1.75","1.77","1.64","13.53M","-5.26%"
"04/13/2022","1.77","1.84","1.86","1.75","11.17M","-3.62%"
"04/12/2022","1.84","1.83","1.88","1.82","12.11M","0.55%"
"04/11/2022","1.83","1.90","1.94","1.80","11.88M","-5.34%"
"04/10/2022","1.93","1.98","1.98","1.89","14.24M","-2.85%"
"04/07/2022","1.99","2.03","2.05","1.97","17.02M","-1.81%"
"04/06/2022","2.03","2.05","2.09","2.01","19.02M","-1.30%"
"04/05/2022","2.05","2.06","2.10","2.04","24.87M","0.00%"
"04/04/2022","2.05","2.00","2.07","2.00","26.12M","3.54%"
"04/03/2022","1.98","1.94","1.99","1.94","10.37M","1.89%"
"03/31/2022","1.94","1.94","1.96","1.90","13.80M","0.52%"
"03/30/2022","1.93","1.98","2.02","1.92","20.73M","-1.36%"
"03/29/2022","1.96","1.91","1.98","1.88","18.23M","2.26%"
"03/28/2022","1.92","2.06","2.06","1.88","22.63M","-5.27%"
"03/27/2022","2.02","1.98","2.07","1.94","25.79M","1.85%"
"03/24/2022","1.99","2.06","2.10","1.99","34.52M","-0.33%"
"03/23/2022","1.99","1.88","2.04","1.83","34.51M","7.17%"
"03/22/2022","1.86","1.90","2.02","1.86","48.19M","0.00%"
"03/21/2022","1.86","1.69","1.87","1.69","50.50M","9.65%"
"03/20/2022","1.69","1.66","1.70","1.66","17.53M","2.01%"
"03/17/2022","1.66","1.67","1.72","1.64","26.48M","0.00%"
"03/16/2022","1.66","1.54","1.67","1.54","27.20M","9.21%"
"03/15/2022","1.52","1.55","1.57","1.48","12.18M","-1.72%"
"03/14/2022","1.55","1.53","1.57","1.51","11.34M","1.09%"
"03/13/2022","1.53","1.60","1.62","1.52","15.03M","-3.77%"
"03/10/2022","1.59","1.53","1.60","1.53","15.16M","4.15%"
"03/09/2022","1.53","1.55","1.57","1.51","9.99M","-1.08%"
"03/08/2022","1.54","1.60","1.63","1.53","15.03M","-5.51%"
"03/07/2022","1.63","1.70","1.70","1.62","8.39M","-4.48%"
"03/06/2022","1.71","1.71","1.74","1.70","6.63M","-1.35%"
"03/03/2022","1.73","1.74","1.78","1.72","16.69M","0.00%"
"03/02/2022","1.73","1.74","1.78","1.73","18.62M","-1.14%"
"03/01/2022","1.75","1.68","1.75","1.67","13.77M","5.85%"
"02/28/2022","1.65","1.71","1.72","1.65","13.28M","-4.43%"
"02/27/2022","1.73","1.70","1.76","1.67","11.22M","4.85%"
"02/24/2022","1.65","1.74","1.74","1.59","21.38M","-9.34%"
"02/23/2022","1.82","1.86","1.88","1.81","9.12M","-1.62%"
"02/22/2022","1.85","1.86","1.90","1.79","16.72M","-1.60%"
"02/21/2022","1.88","1.89","1.91","1.83","15.38M","0.36%"
"02/20/2022","1.87","1.98","1.98","1.86","16.02M","-5.23%"
"02/17/2022","1.98","2.01","2.03","1.97","6.09M","-1.50%"
"02/16/2022","2.01","2.00","2.06","1.99","16.75M","1.52%"
"02/15/2022","1.98","1.97","2.02","1.95","11.61M","0.34%"
"02/14/2022","1.97","2.00","2.03","1.95","10.87M","-1.50%"
"02/13/2022","2.00","2.07","2.09","1.99","10.87M","-4.46%"
"02/10/2022","2.09","2.18","2.18","2.07","17.29M","-3.53%"
"02/09/2022","2.17","2.13","2.19","2.13","22.49M","2.04%"
"02/08/2022","2.13","2.17","2.17","2.12","6.58M","-1.54%"
"02/07/2022","2.16","2.24","2.25","2.13","23.49M","-3.14%"
"02/06/2022","2.23","2.15","2.23","2.14","24.45M","3.40%"
"02/03/2022","2.16","2.20","2.21","2.15","11.94M","-1.37%"
"02/02/2022","2.19","2.15","2.21","2.15","23.57M","2.34%"
"02/01/2022","2.14","2.10","2.15","2.10","7.10M","2.07%"
"01/31/2022","2.09","2.07","2.11","2.03","13.74M","1.62%"
"01/30/2022","2.06","2.10","2.10","2.05","4.47M","-0.80%"
"01/26/2022","2.08","2.09","2.14","2.07","10.77M","-0.32%"
"01/25/2022","2.08","2.06","2.10","2.05","9.64M","1.63%"
"01/24/2022","2.05","2.02","2.07","1.99","8.92M","0.49%"
"01/23/2022","2.04","2.12","2.12","2.02","15.09M","-4.38%"
"01/20/2022","2.13","2.16","2.16","2.12","13.55M","-0.78%"
"01/19/2022","2.15","2.18","2.21","2.14","13.41M","-1.07%"
"01/18/2022","2.17","2.13","2.19","2.09","15.76M","2.52%"
"01/17/2022","2.12","2.06","2.13","2.05","10.75M","2.91%"
"01/16/2022","2.06","2.08","2.10","2.02","9.66M","-1.90%"
"01/13/2022","2.10","2.14","2.15","2.07","12.68M","-1.72%"
"01/12/2022","2.14","2.20","2.21","2.11","15.28M","-2.73%"
"01/11/2022","2.20","2.22","2.24","2.16","28.86M","-0.60%"
"01/10/2022","2.21","2.26","2.26","2.20","15.91M","-2.21%"
"01/09/2022","2.26","2.28","2.30","2.23","13.21M","-0.29%"
"01/05/2022","2.27","2.28","2.32","2.26","23.72M","0.00%"
"01/04/2022","2.27","2.22","2.27","2.21","23.38M","2.72%"
"01/03/2022","2.21","2.25","2.26","2.20","21.77M","-1.78%"
"01/02/2022","2.25","2.24","2.30","2.23","30.18M","0.45%"
"12/30/2021","2.24","2.20","2.25","2.17","52.07M","1.98%"
"12/29/2021","2.19","2.28","2.29","2.19","64.52M","-3.38%"
"12/28/2021","2.27","2.44","2.45","2.25","128.12M","-4.22%"
"12/27/2021","2.37","2.40","2.47","2.36","52.52M","-0.97%"
"12/26/2021","2.39","2.39","2.46","2.38","40.50M","0.42%"
"12/23/2021","2.38","2.42","2.46","2.38","38.90M","-0.83%"
"12/22/2021","2.40","2.29","2.41","2.25","63.98M","5.72%"
"12/21/2021","2.27","2.30","2.35","2.26","42.12M","0.59%"
"12/20/2021","2.26","2.25","2.28","2.13","66.95M","0.00%"
"12/19/2021","2.26","2.29","2.35","2.25","52.77M","-1.02%"
"12/16/2021","2.28","2.20","2.31","2.19","58.52M","4.75%"
"12/15/2021","2.18","2.25","2.27","2.16","27.78M","-2.54%"
"12/14/2021","2.23","2.11","2.28","2.10","81.34M","5.85%"
"12/13/2021","2.11","2.12","2.16","2.10","21.65M","-0.31%"
"12/12/2021","2.12","2.15","2.21","2.10","33.08M","0.79%"
"12/09/2021","2.10","1.98","2.13","1.95","55.44M","7.51%"
"12/08/2021","1.95","2.10","2.17","1.94","70.35M","-6.98%"
"12/07/2021","2.10","2.23","2.36","2.07","74.81M","-5.55%"
"12/06/2021","2.22","1.89","2.25","1.87","120.35M","18.68%"
"12/05/2021","1.87","1.70","1.97","1.67","49.86M","10.41%"
"12/02/2021","1.70","1.72","1.76","1.69","21.22M","0.00%"
"12/01/2021","1.70","1.63","1.73","1.63","21.75M","2.62%"
"11/30/2021","1.66","1.55","1.66","1.52","16.47M","6.65%"
"11/29/2021","1.55","1.53","1.58","1.53","10.08M","1.08%"
"11/28/2021","1.54","1.47","1.56","1.45","13.06M","0.88%"
"11/25/2021","1.52","1.42","1.52","1.42","19.77M","8.81%"
"11/24/2021","1.40","1.40","1.42","1.38","3.38M","0.00%"
"11/23/2021","1.40","1.36","1.41","1.36","7.29M","2.44%"
"11/22/2021","1.36","1.36","1.37","1.33","7.22M","0.00%"
"11/21/2021","1.37","1.38","1.39","1.36","3.03M","-1.20%"
"11/18/2021","1.38","1.40","1.42","1.37","2.55M","-1.89%"
"11/17/2021","1.41","1.35","1.44","1.35","7.22M","3.68%"
"11/16/2021","1.36","1.40","1.41","1.35","2.56M","-3.55%"
"11/15/2021","1.41","1.45","1.45","1.40","1.82M","-1.40%"
"11/14/2021","1.43","1.45","1.47","1.43","2.83M","-1.15%"
"11/11/2021","1.45","1.38","1.46","1.37","9.82M","5.60%"
"11/10/2021","1.37","1.37","1.39","1.32","3.66M","0.49%"
"11/09/2021","1.36","1.42","1.42","1.36","4.28M","-3.08%"
"11/08/2021","1.41","1.40","1.42","1.39","2.20M","1.44%"
"11/07/2021","1.39","1.40","1.42","1.38","732.29K","-0.72%"
"11/04/2021","1.40","1.40","1.42","1.35","3.48M","0.96%"
"11/03/2021","1.38","1.49","1.49","1.37","10.41M","-6.11%"
"11/02/2021","1.47","1.48","1.50","1.47","4.98M","-0.45%"
"11/01/2021","1.48","1.48","1.50","1.46","7.34M","0.45%"
"10/31/2021","1.47","1.50","1.50","1.46","6.62M","-0.67%"
"10/28/2021","1.48","1.48","1.51","1.47","7.88M","1.14%"
"10/27/2021","1.47","1.46","1.50","1.45","2.71M","0.00%"
"10/26/2021","1.46","1.51","1.56","1.45","3.80M","-4.36%"
"10/25/2021","1.53","1.57","1.57","1.48","2.94M","-2.34%"
"10/24/2021","1.57","1.59","1.59","1.53","1.96M","1.29%"
"10/20/2021","1.55","1.58","1.60","1.53","3.00M","-3.33%"
"10/19/2021","1.60","1.64","1.67","1.59","7.48M","-1.64%"
"10/18/2021","1.63","1.63","1.65","1.61","4.08M","1.46%"
"10/17/2021","1.60","1.60","1.63","1.59","1.58M","0.42%"
"10/14/2021","1.60","1.60","1.63","1.59","1.35M","-0.42%"
"10/13/2021","1.60","1.61","1.63","1.60","1.79M","-1.43%"
"10/12/2021","1.63","1.62","1.64","1.62","1.78M","-0.41%"
"10/11/2021","1.63","1.63","1.66","1.62","875.94K","0.00%"
"10/10/2021","1.63","1.62","1.64","1.62","1.17M","0.82%"
"10/06/2021","1.62","1.64","1.64","1.60","1.83M","-0.82%"
"10/05/2021","1.63","1.62","1.65","1.62","1.56M","0.82%"
"10/04/2021","1.62","1.62","1.65","1.62","1.07M","-0.61%"
"10/03/2021","1.63","1.72","1.72","1.62","2.38M","-1.81%"
"09/30/2021","1.66","1.62","1.68","1.62","1.73M","1.84%"
"09/29/2021","1.63","1.63","1.65","1.62","1.21M","-0.81%"
"09/28/2021","1.64","1.67","1.67","1.63","2.06M","-1.99%"
"09/27/2021","1.68","1.73","1.73","1.66","1.80M","-1.95%"
"09/26/2021","1.71","1.75","1.75","1.70","1.75M","-1.54%"
"09/23/2021","1.74","1.72","1.75","1.69","2.64M","1.76%"
"09/22/2021","1.71","1.70","1.72","1.67","6.35M","1.79%"
"09/21/2021","1.68","1.74","1.75","1.63","9.54M","-4.19%"
"09/20/2021","1.75","1.84","1.85","1.73","5.65M","-5.58%"
"09/19/2021","1.85","1.86","1.90","1.84","8.55M","-0.71%"
"09/16/2021","1.87","1.87","1.92","1.87","26.17M","-0.36%"
"09/15/2021","1.87","1.90","1.94","1.87","6.59M","-1.40%"
"09/14/2021","1.90","1.91","1.97","1.89","10.20M","0.53%"
"09/13/2021","1.89","1.90","1.91","1.87","3.66M","0.00%"
"09/12/2021","1.89","1.89","1.90","1.86","1.77M","0.89%"
"09/09/2021","1.87","1.90","1.93","1.87","3.34M","-2.09%"
"09/08/2021","1.91","1.91","1.95","1.89","9.75M","1.06%"
"09/07/2021","1.89","1.84","1.89","1.80","11.82M","3.46%"
"09/06/2021","1.83","1.88","1.88","1.77","7.67M","-1.61%"
"09/05/2021","1.86","1.95","1.96","1.83","5.47M","-4.45%"
"09/02/2021","1.95","1.91","1.97","1.91","12.99M","2.10%"
"09/01/2021","1.91","1.93","1.93","1.89","5.70M","-0.87%"
"08/31/2021","1.92","1.93","1.95","1.89","12.96M","-2.04%"
"08/30/2021","1.96","1.93","2.00","1.92","43.23M","5.56%"
"08/29/2021","1.86","1.79","1.92","1.78","37.12M","4.89%"
"08/26/2021","1.77","1.70","1.83","1.70","31.10M","4.31%"
"08/25/2021","1.70","1.67","1.72","1.67","10.16M","2.82%"
"08/24/2021","1.65","1.62","1.67","1.62","4.16M","2.27%"
"08/23/2021","1.62","1.61","1.63","1.61","1.60M","0.00%"
"08/22/2021","1.62","1.63","1.63","1.61","1.67M","-0.61%"
"08/19/2021","1.63","1.67","1.67","1.62","2.00M","-2.20%"
"08/18/2021","1.67","1.67","1.68","1.65","3.59M","0.00%"
"08/17/2021","1.67","1.66","1.69","1.65","7.33M","0.60%"
"08/16/2021","1.66","1.67","1.68","1.65","3.36M","-1.97%"
"08/15/2021","1.69","1.73","1.74","1.65","10.48M","-1.55%"
"08/11/2021","1.72","1.71","1.75","1.69","31.04M","3.00%"
"08/10/2021","1.67","1.61","1.70","1.58","24.01M","2.67%"
"08/09/2021","1.62","1.61","1.64","1.60","7.47M","1.46%"
"08/08/2021","1.60","1.59","1.61","1.59","1.61M","1.27%"
"08/05/2021","1.58","1.57","1.59","1.57","3.13M","-0.42%"
"08/04/2021","1.59","1.58","1.60","1.57","4.26M","-0.63%"
"08/03/2021","1.60","1.63","1.63","1.57","3.51M","-2.24%"
"08/02/2021","1.63","1.63","1.66","1.60","5.56M","0.00%"
"08/01/2021","1.63","1.62","1.65","1.61","2.70M","0.41%"
"07/29/2021","1.62","1.64","1.65","1.61","6.21M","0.00%"
"07/28/2021","1.62","1.61","1.65","1.57","6.08M","2.53%"
"07/27/2021","1.58","1.58","1.62","1.55","6.66M","1.28%"
"07/26/2021","1.56","1.58","1.59","1.55","5.08M","-1.47%"
"07/25/2021","1.58","1.61","1.61","1.57","2.35M","-0.63%"
"07/18/2021","1.59","1.60","1.61","1.56","4.94M","1.92%"
"07/15/2021","1.56","1.56","1.60","1.54","4.00M","-1.26%"
"07/14/2021","1.58","1.56","1.62","1.55","5.48M","2.59%"
"07/13/2021","1.54","1.50","1.57","1.50","2.77M","1.76%"
"07/12/2021","1.52","1.52","1.53","1.51","2.32M","1.79%"
"07/11/2021","1.49","1.50","1.50","1.48","1.11M","-1.11%"
"07/08/2021","1.51","1.51","1.52","1.50","2.13M","0.00%"
"07/07/2021","1.51","1.52","1.52","1.50","3.84M","0.44%"
"07/06/2021","1.50","1.53","1.53","1.49","4.60M","-4.04%"
"07/05/2021","1.57","1.58","1.58","1.54","2.51M","-0.42%"
"07/04/2021","1.57","1.57","1.58","1.57","1.05M","1.07%"
"06/30/2021","1.56","1.54","1.58","1.54","1.16M","0.65%"
"06/29/2021","1.55","1.57","1.59","1.52","3.08M","-2.11%"
"06/28/2021","1.58","1.61","1.61","1.57","3.67M","-1.46%"
"06/27/2021","1.60","1.58","1.62","1.58","1.85M","0.63%"
"06/24/2021","1.59","1.58","1.60","1.58","1.06M","0.00%"
"06/23/2021","1.60","1.62","1.63","1.58","4.64M","0.63%"
"06/22/2021","1.59","1.55","1.62","1.53","13.06M","3.70%"
"06/21/2021","1.53","1.51","1.55","1.51","2.31M","2.23%"
"06/20/2021","1.50","1.48","1.51","1.47","1.32M","-0.88%"
"06/17/2021","1.51","1.53","1.54","1.49","5.03M","-1.74%"
"06/16/2021","1.54","1.57","1.57","1.53","2.66M","-0.86%"
"06/15/2021","1.55","1.60","1.60","1.53","1.57M","-1.48%"
"06/14/2021","1.57","1.58","1.58","1.56","1.46M","-0.63%"
"06/13/2021","1.58","1.61","1.62","1.56","2.13M","-1.45%"
"06/10/2021","1.61","1.63","1.63","1.60","2.28M","-1.43%"
"06/09/2021","1.63","1.63","1.64","1.62","3.10M","1.03%"
"06/08/2021","1.61","1.61","1.63","1.58","3.64M","1.04%"
"06/07/2021","1.60","1.58","1.62","1.57","6.07M","1.48%"
"06/06/2021","1.57","1.61","1.61","1.57","2.57M","0.00%"
"06/03/2021","1.57","1.57","1.59","1.56","5.70M","-1.67%"
"06/02/2021","1.60","1.61","1.63","1.57","4.56M","-1.44%"
"06/01/2021","1.62","1.60","1.63","1.59","3.86M","0.00%"
"05/31/2021","1.62","1.63","1.65","1.61","2.25M","-0.82%"
"05/30/2021","1.63","1.63","1.65","1.62","2.47M","0.41%"
"05/27/2021","1.63","1.62","1.65","1.60","2.01M","0.83%"
"05/26/2021","1.61","1.64","1.64","1.60","3.03M","0.00%"
"05/25/2021","1.62","1.63","1.65","1.58","7.75M","-2.41%"
"05/24/2021","1.66","1.66","1.68","1.62","10.97M","0.00%"
"05/23/2021","1.66","1.62","1.68","1.60","14.92M","3.32%"
"05/20/2021","1.61","1.59","1.62","1.58","2.17M","0.00%"
"05/19/2021","1.61","1.64","1.64","1.59","5.52M","-1.63%"
"05/18/2021","1.63","1.60","1.65","1.60","6.66M","3.59%"
"05/17/2021","1.58","1.54","1.61","1.53","8.25M","2.38%"
"05/11/2021","1.54","1.53","1.54","1.53","1.29M","0.65%"
"05/10/2021","1.53","1.53","1.54","1.52","1.18M","-0.43%"
"05/09/2021","1.54","1.56","1.57","1.52","1.07M","0.00%"
"05/06/2021","1.54","1.54","1.55","1.53","1.68M","0.66%"
"05/05/2021","1.53","1.53","1.55","1.50","2.47M","0.00%"
"05/04/2021","1.52","1.52","1.54","1.50","1.29M","-0.87%"
"04/28/2021","1.54","1.56","1.57","1.52","2.30M","-1.50%"
"04/27/2021","1.56","1.59","1.59","1.55","2.82M","0.00%"
"04/26/2021","1.56","1.58","1.58","1.54","2.86M","-0.85%"
"04/25/2021","1.57","1.58","1.59","1.56","1.98M","0.00%"
"04/22/2021","1.57","1.59","1.60","1.56","1.18M","0.00%"
"04/21/2021","1.57","1.59","1.60","1.56","2.49M","0.00%"
"04/20/2021","1.57","1.54","1.60","1.53","6.99M","3.28%"
"04/19/2021","1.52","1.49","1.54","1.49","3.17M","2.01%"
"04/18/2021","1.49","1.50","1.51","1.48","1.68M","0.90%"
"04/15/2021","1.48","1.45","1.52","1.45","1.89M","0.00%"
"04/14/2021","1.48","1.51","1.51","1.43","4.19M","-3.90%"
"04/13/2021","1.54","1.60","1.60","1.50","6.69M","-4.36%"
"04/12/2021","1.61","1.60","1.62","1.59","3.89M","1.05%"
"04/11/2021","1.59","1.59","1.60","1.57","3.76M","0.42%"
"04/08/2021","1.58","1.57","1.60","1.57","5.39M","0.85%"
"04/07/2021","1.57","1.57","1.59","1.55","2.23M","-1.26%"
"04/06/2021","1.59","1.63","1.63","1.56","4.32M","-0.83%"
"04/05/2021","1.60","1.67","1.67","1.57","6.88M","-4.75%"
"04/04/2021","1.68","1.73","1.74","1.65","10.17M","-2.13%"
"04/01/2021","1.72","1.75","1.75","1.68","18.53M","7.72%"
"03/31/2021","1.60","1.59","1.65","1.55","8.63M","0.63%"
"03/30/2021","1.59","1.57","1.61","1.57","5.73M","2.37%"
"03/29/2021","1.55","1.55","1.56","1.53","3.87M","-2.31%"
"03/28/2021","1.59","1.61","1.62","1.55","4.66M","1.49%"
"03/25/2021","1.56","1.54","1.63","1.49","8.48M","2.63%"
"03/24/2021","1.52","1.53","1.55","1.50","4.86M","2.01%"
"03/23/2021","1.49","1.50","1.53","1.43","10.01M","-1.75%"
"03/22/2021","1.52","1.55","1.57","1.48","11.66M","-4.60%"
"03/21/2021","1.59","1.68","1.69","1.55","5.77M","-4.21%"
"03/18/2021","1.66","1.66","1.68","1.64","3.74M","0.40%"
"03/17/2021","1.66","1.70","1.70","1.63","4.87M","-1.00%"
"03/16/2021","1.67","1.66","1.70","1.62","3.25M","0.60%"
"03/15/2021","1.66","1.71","1.72","1.62","5.64M","-3.29%"
"03/14/2021","1.72","1.73","1.74","1.70","3.08M","0.98%"
"03/11/2021","1.70","1.74","1.74","1.68","3.51M","-0.39%"
"03/10/2021","1.71","1.72","1.74","1.70","2.32M","-2.10%"
"03/09/2021","1.75","1.73","1.78","1.72","6.56M","1.55%"
"03/08/2021","1.72","1.73","1.75","1.70","3.44M","-0.77%"
"03/07/2021","1.73","1.74","1.76","1.72","3.54M","0.00%"
"03/04/2021","1.73","1.73","1.75","1.69","5.42M","1.96%"
"03/03/2021","1.70","1.72","1.74","1.66","12.06M","-2.68%"
"03/02/2021","1.74","1.79","1.79","1.69","17.46M","-2.61%"
"03/01/2021","1.79","1.84","1.87","1.76","30.78M","-3.07%"
"02/28/2021","1.85","1.88","1.88","1.82","9.53M","-1.42%"
"02/25/2021","1.87","1.88","1.89","1.86","5.81M","1.44%"
"02/24/2021","1.85","1.85","1.87","1.82","7.94M","-0.72%"
"02/23/2021","1.86","1.91","1.91","1.84","9.74M","-2.62%"
"02/22/2021","1.91","1.93","1.93","1.89","7.43M","-0.87%"
"02/21/2021","1.93","1.92","1.96","1.90","8.91M","1.58%"
"02/18/2021","1.90","1.91","1.92","1.88","3.18M","-0.87%"
"02/17/2021","1.91","1.94","1.95","1.89","5.21M","-0.35%"
"02/16/2021","1.92","1.87","1.95","1.85","22.80M","2.49%"
"02/15/2021","1.87","1.86","1.89","1.85","10.42M","-0.35%"
"02/14/2021","1.88","1.95","1.96","1.84","20.90M","-2.76%"
"02/11/2021","1.93","1.94","1.95","1.92","5.50M","0.00%"
"02/10/2021","1.94","1.94","1.96","1.92","9.18M","0.52%"
"02/09/2021","1.93","1.92","1.94","1.90","7.16M","-0.34%"
"02/08/2021","1.93","1.97","1.99","1.89","19.74M","-1.02%"
"02/07/2021","1.95","1.98","1.99","1.94","11.74M","-1.01%"
"02/04/2021","1.97","1.99","2.00","1.96","8.55M","-1.33%"
"02/03/2021","2.00","2.03","2.05","1.98","15.00M","-1.32%"
"02/02/2021","2.03","2.02","2.06","2.01","15.35M","1.00%"
"02/01/2021","2.01","2.02","2.03","1.99","13.44M","0.00%"
"01/31/2021","2.01","2.02","2.04","1.99","12.16M","-1.31%"
"01/27/2021","2.04","2.06","2.06","2.01","15.26M","-1.13%"
"01/26/2021","2.06","2.07","2.09","2.04","27.49M","-0.32%"
"01/25/2021","2.07","2.04","2.09","2.04","21.62M","0.81%"
"01/24/2021","2.05","2.07","2.09","2.03","7.04M","-1.13%"
"01/21/2021","2.07","2.05","2.10","2.04","18.72M","1.80%"
"01/20/2021","2.04","2.05","2.06","2.02","8.35M","0.83%"
"01/19/2021","2.02","1.98","2.04","1.98","4.27M","0.66%"
"01/18/2021","2.01","2.03","2.04","1.98","3.69M","-1.47%"
"01/17/2021","2.04","2.04","2.05","2.02","5.38M","-0.81%"
"01/14/2021","2.05","2.08","2.08","2.02","10.79M","-0.65%"
"01/13/2021","2.07","2.06","2.09","2.03","15.71M","1.14%"
"01/12/2021","2.04","2.04","2.06","2.03","3.32M","-0.81%"
"01/11/2021","2.06","2.06","2.08","2.03","2.69M","-0.48%"
"01/10/2021","2.07","2.08","2.09","2.05","7.25M","0.00%"
"01/06/2021","2.07","2.06","2.10","2.04","8.88M","1.64%"
"01/05/2021","2.04","2.02","2.07","2.01","4.31M","0.00%"
"01/04/2021","2.04","2.04","2.07","2.00","7.05M","-0.65%"
"01/03/2021","2.05","2.06","2.08","2.00","7.00M","0.82%"
"12/31/2020","2.03","2.03","2.06","2.01","9.94M","1.50%"
"12/30/2020","2.00","1.96","2.03","1.96","11.51M","3.09%"
"12/29/2020","1.94","1.97","1.97","1.92","7.79M","0.52%"
"12/28/2020","1.93","1.90","1.97","1.87","5.13M","2.65%"
"12/27/2020","1.88","1.91","1.94","1.87","2.24M","-2.25%"
"12/24/2020","1.93","1.95","1.97","1.90","4.58M","-0.69%"
"12/23/2020","1.94","1.97","1.97","1.92","2.91M","0.52%"
"12/22/2020","1.93","1.85","1.97","1.83","3.78M","0.35%"
"12/21/2020","1.92","2.03","2.03","1.87","7.67M","-5.72%"
"12/20/2020","2.04","2.04","2.07","2.02","6.98M","0.00%"
"12/17/2020","2.04","2.02","2.06","2.00","5.63M","0.66%"
"12/16/2020","2.03","2.05","2.07","2.00","5.01M","-1.93%"
"12/15/2020","2.07","2.12","2.12","2.03","7.26M","-0.96%"
"12/14/2020","2.09","2.08","2.12","2.05","8.78M","1.95%"
"12/13/2020","2.05","2.07","2.09","2.03","8.09M","-0.97%"
"12/10/2020","2.07","2.13","2.13","2.00","17.83M","-4.75%"
"12/09/2020","2.17","2.19","2.25","2.10","11.08M","-0.31%"
"12/08/2020","2.18","2.22","2.22","2.16","3.34M","-1.06%"
"12/07/2020","2.20","2.22","2.25","2.17","2.74M","-0.45%"
"12/06/2020","2.21","2.22","2.23","2.20","509.87K","-0.30%"
"12/03/2020","2.22","2.23","2.25","2.18","2.18M","-0.89%"
"12/02/2020","2.24","2.28","2.30","2.19","3.11M","-0.59%"
"12/01/2020","2.25","2.27","2.29","2.23","1.42M","-1.60%"
"11/30/2020","2.29","2.27","2.30","2.26","2.34M","1.03%"
"11/29/2020","2.27","2.28","2.30","2.25","871.01K","0.59%"
"11/26/2020","2.25","2.27","2.28","2.22","1.30M","-1.46%"
"11/25/2020","2.29","2.35","2.37","2.25","4.66M","-3.65%"
"11/24/2020","2.37","2.36","2.40","2.33","6.47M","0.71%"
"11/23/2020","2.36","2.32","2.38","2.32","8.96M","3.21%"
"11/22/2020","2.28","2.25","2.32","2.24","2.75M","-0.29%"
"11/19/2020","2.29","2.19","2.33","2.17","18.69M","4.09%"
"11/18/2020","2.20","2.23","2.24","2.17","4.76M","-1.05%"
"11/17/2020","2.22","2.20","2.25","2.19","10.14M","2.62%"
"11/16/2020","2.17","2.13","2.20","2.13","9.32M","2.20%"
"11/15/2020","2.12","2.13","2.14","2.09","3.18M","0.63%"
"11/12/2020","2.11","2.09","2.13","2.08","2.39M","0.32%"
"11/11/2020","2.10","2.11","2.12","2.07","2.65M","-0.63%"
"11/10/2020","2.11","2.13","2.15","2.08","5.21M","2.42%"
"11/09/2020","2.06","2.00","2.12","2.00","5.27M","2.82%"
"11/08/2020","2.01","2.00","2.02","1.99","544.43K","-0.50%"
"11/05/2020","2.02","2.03","2.05","1.99","2.53M","-0.33%"
"11/04/2020","2.02","2.02","2.05","2.00","3.60M","1.68%"
"11/03/2020","1.99","2.00","2.03","1.96","12.13M","-0.33%"
"11/02/2020","2.00","2.01","2.04","1.97","3.16M","-1.96%"
"11/01/2020","2.04","2.10","2.10","1.99","3.99M","-3.78%"
"10/28/2020","2.12","2.16","2.17","2.09","6.11M","-3.20%"
"10/27/2020","2.19","2.19","2.22","2.15","10.62M","1.23%"
"10/26/2020","2.16","2.15","2.18","2.11","6.60M","1.89%"
"10/25/2020","2.12","2.14","2.15","2.07","3.79M","-0.93%"
"10/22/2020","2.14","2.13","2.17","2.11","9.58M","-0.31%"
"10/21/2020","2.15","2.17","2.20","2.10","5.14M","0.00%"
"10/20/2020","2.15","2.17","2.18","2.13","3.23M","-1.83%"
"10/19/2020","2.19","2.18","2.23","2.15","4.66M","0.00%"
"10/18/2020","2.19","2.23","2.23","2.17","4.57M","-2.08%"
"10/15/2020","2.24","2.27","2.28","2.21","6.47M","-1.47%"
"10/14/2020","2.27","2.29","2.30","2.25","3.86M","-1.02%"
"10/13/2020","2.30","2.33","2.38","2.25","17.86M","-4.31%"
"10/12/2020","2.40","2.39","2.53","2.30","61.41M","3.60%"
"10/11/2020","2.32","2.33","2.39","2.25","29.99M","4.83%"
"10/07/2020","2.21","2.19","2.29","2.15","43.17M","6.08%"
"10/06/2020","2.08","2.03","2.12","2.03","22.18M","3.82%"
"10/05/2020","2.01","1.99","2.04","1.95","7.28M","0.33%"
"10/04/2020","2.00","2.00","2.04","1.97","6.27M","0.84%"
"10/01/2020","1.98","1.96","2.01","1.94","6.09M","1.36%"
"09/30/2020","1.96","1.98","1.99","1.93","7.46M","-1.51%"
"09/29/2020","1.99","2.00","2.02","1.95","5.40M","0.34%"
"09/28/2020","1.98","1.96","2.02","1.96","8.40M","1.37%"
"09/27/2020","1.95","1.95","1.97","1.92","7.47M","3.35%"
"09/24/2020","1.89","1.88","1.93","1.86","4.29M","-0.87%"
"09/23/2020","1.91","1.97","1.98","1.88","7.91M","-1.04%"
"09/22/2020","1.93","1.90","1.98","1.90","5.68M","0.70%"
"09/21/2020","1.91","1.96","1.99","1.87","5.41M","-1.71%"
"09/20/2020","1.95","1.96","1.97","1.93","3.85M","-1.52%"
"09/17/2020","1.98","2.00","2.00","1.95","2.35M","-1.00%"
"09/16/2020","2.00","1.98","2.00","1.97","1.99M","1.53%"
"09/15/2020","1.97","2.00","2.00","1.95","1.58M","-1.83%"
"09/14/2020","2.00","2.02","2.03","1.99","2.77M","-1.15%"
"09/13/2020","2.03","2.00","2.06","1.99","3.54M","1.16%"
"09/10/2020","2.00","2.00","2.03","1.97","4.21M","2.04%"
"09/09/2020","1.96","1.96","2.00","1.92","2.86M","0.00%"
"09/08/2020","1.96","2.01","2.02","1.91","10.35M","-2.81%"
"09/07/2020","2.02","2.05","2.06","1.99","6.49M","-0.49%"
"09/06/2020","2.03","2.03","2.07","1.99","6.49M","-0.98%"
"09/03/2020","2.05","2.07","2.08","2.02","7.16M","-0.32%"
"09/02/2020","2.06","2.10","2.13","2.02","7.20M","-2.68%"
"09/01/2020","2.11","2.12","2.16","2.08","3.81M","-3.06%"
"08/31/2020","2.18","2.18","2.23","2.13","5.12M","0.00%"
"08/30/2020","2.18","2.20","2.23","2.17","2.60M","-0.76%"
"08/27/2020","2.20","2.16","2.23","2.15","4.48M","1.70%"
"08/26/2020","2.16","2.16","2.18","2.15","1.72M","-0.46%"
"08/25/2020","2.17","2.19","2.19","2.15","2.64M","-1.06%"
"08/24/2020","2.19","2.20","2.23","2.17","6.29M","-0.30%"
"08/23/2020","2.20","2.17","2.22","2.17","6.67M","2.48%"
"08/19/2020","2.15","2.15","2.17","2.11","3.27M","1.42%"
"08/18/2020","2.12","2.12","2.14","2.10","1.52M","-1.09%"
"08/17/2020","2.14","2.15","2.17","2.09","6.66M","-0.47%"
"08/16/2020","2.15","2.15","2.18","2.12","5.01M","2.22%"
"08/13/2020","2.10","2.12","2.13","2.09","2.36M","0.32%"
"08/12/2020","2.10","2.13","2.13","2.08","3.92M","0.00%"
"08/11/2020","2.09","2.14","2.15","2.07","17.28M","-2.48%"
"08/10/2020","2.15","2.18","2.21","2.11","7.58M","0.00%"
"08/09/2020","2.15","2.11","2.18","2.08","12.81M","3.37%"
"08/06/2020","2.08","2.10","2.12","2.06","3.43M","0.65%"
"08/05/2020","2.07","2.00","2.11","1.98","10.56M","2.99%"
"08/04/2020","2.01","2.00","2.04","1.99","2.52M","1.35%"
"07/29/2020","1.98","1.96","1.99","1.95","2.16M","0.68%"
"07/28/2020","1.97","1.99","2.01","1.94","3.26M","0.00%"
"07/27/2020","1.96","2.00","2.00","1.93","2.72M","-1.01%"
"07/26/2020","1.98","2.01","2.01","1.97","2.54M","-0.67%"
"07/22/2020","2.00","2.01","2.02","1.98","1.25M","-0.83%"
"07/21/2020","2.01","2.00","2.04","1.96","4.53M","2.55%"
"07/20/2020","1.96","1.88","2.00","1.87","7.22M","3.88%"
"07/19/2020","1.89","1.96","1.96","1.85","3.23M","-2.58%"
"07/16/2020","1.94","1.93","1.99","1.88","3.97M","-0.85%"
"07/15/2020","1.96","2.04","2.07","1.84","11.68M","-4.24%"
"07/14/2020","2.04","2.04","2.09","2.01","3.92M","-2.54%"
"07/13/2020","2.10","2.07","2.13","2.03","21.55M","0.64%"
"07/12/2020","2.08","2.04","2.13","2.02","11.54M","3.65%"
"07/09/2020","2.01","2.00","2.05","1.96","4.94M","-2.58%"
"07/08/2020","2.06","2.07","2.11","1.97","9.01M","0.49%"
"07/07/2020","2.05","2.05","2.07","2.02","7.11M","0.65%"
"07/06/2020","2.04","2.00","2.07","2.00","10.47M","2.86%"
"07/05/2020","1.98","1.96","2.01","1.93","7.81M","2.41%"
"06/30/2020","1.94","1.93","1.98","1.91","12.55M","1.40%"
"06/29/2020","1.91","1.91","1.95","1.89","4.50M","-1.04%"
"06/28/2020","1.93","1.90","1.97","1.87","6.57M","1.22%"
"06/25/2020","1.91","1.93","1.96","1.87","6.43M","-2.56%"
"06/24/2020","1.96","1.98","2.00","1.92","10.77M","5.58%"
"06/23/2020","1.85","1.74","1.94","1.73","19.17M","5.10%"
"06/22/2020","1.76","1.80","1.82","1.72","5.32M","0.00%"
"06/21/2020","1.76","1.78","1.80","1.70","6.46M","-0.56%"
"06/18/2020","1.77","1.80","1.80","1.74","11.54M","-1.85%"
"06/17/2020","1.81","1.82","1.83","1.78","6.16M","-0.73%"
"06/16/2020","1.82","1.79","1.87","1.79","6.55M","4.00%"
"06/15/2020","1.75","1.70","1.79","1.67","11.17M","3.14%"
"06/14/2020","1.70","1.70","1.72","1.65","4.54M","-0.59%"
"06/11/2020","1.71","1.72","1.73","1.68","1.86M","-1.35%"
"06/10/2020","1.73","1.70","1.75","1.70","3.83M","0.00%"
"06/09/2020","1.73","1.73","1.77","1.69","9.88M","0.00%"
"06/08/2020","1.73","1.75","1.77","1.68","16.26M","2.97%"
"06/07/2020","1.68","1.63","1.74","1.63","30.67M","5.21%"
"06/04/2020","1.60","1.57","1.62","1.55","13.82M","2.56%"
"06/03/2020","1.56","1.58","1.58","1.54","4.38M","-1.47%"
"06/02/2020","1.58","1.58","1.62","1.55","10.80M","1.28%"
"06/01/2020","1.56","1.57","1.58","1.53","6.63M","0.00%"
"05/31/2020","1.56","1.56","1.58","1.53","6.72M","2.18%"
"05/21/2020","1.53","1.52","1.56","1.48","7.34M","1.55%"
"05/20/2020","1.50","1.53","1.53","1.48","4.50M","-3.63%"
"05/19/2020","1.56","1.57","1.59","1.53","6.67M","1.96%"
"05/18/2020","1.53","1.51","1.57","1.47","14.86M","1.55%"
"05/17/2020","1.51","1.51","1.53","1.48","4.11M","-0.66%"
"05/14/2020","1.52","1.55","1.56","1.50","9.85M","-3.19%"
"05/13/2020","1.57","1.60","1.61","1.51","10.50M","0.64%"
"05/12/2020","1.56","1.52","1.59","1.52","16.17M","7.36%"
"05/11/2020","1.45","1.40","1.50","1.37","11.10M","2.11%"
"05/10/2020","1.42","1.40","1.47","1.36","9.93M","1.19%"
"05/07/2020","1.40","1.46","1.46","1.33","8.08M","-4.10%"
"05/06/2020","1.46","1.48","1.48","1.44","7.12M","0.00%"
"05/05/2020","1.47","1.47","1.50","1.44","10.28M","0.92%"
"05/04/2020","1.45","1.46","1.50","1.41","12.53M","-1.36%"
"05/03/2020","1.47","1.57","1.57","1.43","12.82M","-7.14%"
"04/30/2020","1.59","1.59","1.61","1.57","6.22M","-1.24%"
"04/29/2020","1.61","1.59","1.64","1.56","20.27M","1.47%"
"04/28/2020","1.58","1.55","1.60","1.53","14.44M","2.59%"
"04/27/2020","1.54","1.57","1.59","1.51","15.22M","-1.70%"
"04/26/2020","1.57","1.58","1.60","1.55","12.08M","-0.42%"
"04/23/2020","1.58","1.59","1.60","1.55","12.53M","1.72%"
"04/22/2020","1.55","1.55","1.59","1.49","17.58M","3.10%"
"04/21/2020","1.50","1.40","1.55","1.40","18.75M","2.97%"
"04/16/2020","1.46","1.45","1.49","1.43","13.87M","-0.68%"
"04/15/2020","1.47","1.50","1.52","1.44","14.92M","-3.71%"
"04/14/2020","1.53","1.49","1.57","1.48","30.73M","6.76%"
"04/13/2020","1.43","1.39","1.46","1.38","26.46M","7.52%"
"04/12/2020","1.33","1.31","1.38","1.26","19.93M","1.53%"
"04/09/2020","1.31","1.30","1.37","1.28","14.90M","0.00%"
"04/08/2020","1.31","1.30","1.35","1.28","17.58M","3.97%"
"04/07/2020","1.26","1.21","1.27","1.21","18.45M","8.62%"
"04/06/2020","1.16","1.11","1.19","1.10","14.76M","6.75%"
"04/05/2020","1.09","1.10","1.10","1.08","4.26M","-2.98%"
"04/02/2020","1.12","1.12","1.14","1.11","5.17M","1.20%"
"04/01/2020","1.11","1.12","1.12","1.10","4.32M","-2.06%"
"03/31/2020","1.13","1.12","1.14","1.11","7.13M","2.73%"
"03/30/2020","1.10","1.12","1.12","1.09","6.36M","-3.23%"
"03/29/2020","1.14","1.15","1.16","1.12","6.06M","-2.01%"
"03/26/2020","1.16","1.15","1.17","1.13","7.35M","1.16%"
"03/25/2020","1.15","1.17","1.18","1.12","8.42M","2.99%"
"03/24/2020","1.11","1.13","1.17","1.08","10.90M","-2.62%"
"03/23/2020","1.14","1.13","1.21","1.08","17.27M","9.24%"
"03/22/2020","1.05","1.00","1.09","1.00","11.37M","4.67%"
"03/19/2020","1.00","0.87","1.06","0.87","28.16M","3.45%"
"03/18/2020","0.97","1.07","1.07","0.96","8.71M","-9.38%"
"03/17/2020","1.07","1.05","1.13","1.04","8.78M","-7.78%"
"03/16/2020","1.16","1.18","1.20","1.15","16.86M","-9.40%"
"03/15/2020","1.28","1.33","1.34","1.27","8.35M","-9.67%"
"03/11/2020","1.41","1.45","1.47","1.37","8.94M","0.00%"
"03/10/2020","1.42","1.43","1.44","1.38","10.81M","2.91%"
"03/09/2020","1.38","1.39","1.41","1.35","16.32M","-8.02%"
"03/08/2020","1.50","1.50","1.53","1.45","13.76M","-5.87%"
"03/05/2020","1.59","1.58","1.62","1.56","15.60M","4.15%"
"03/04/2020","1.53","1.50","1.56","1.49","20.01M","0.66%"
"03/03/2020","1.52","1.52","1.56","1.48","32.90M","0.00%"
"03/02/2020","1.52","1.63","1.66","1.44","27.44M","-5.00%"
"03/01/2020","1.60","1.68","1.75","1.52","24.14M","-13.82%"
"02/27/2020","1.86","1.94","1.94","1.79","24.27M","-2.74%"
"02/26/2020","1.91","1.93","1.93","1.88","14.89M","2.02%"
"02/25/2020","1.87","1.84","1.94","1.80","36.04M","-1.23%"
"02/24/2020","1.89","2.03","2.03","1.89","41.73M","-9.74%"
"02/23/2020","2.10","2.14","2.14","2.00","16.19M","-1.00%"
"02/20/2020","2.12","2.12","2.14","2.10","8.10M","-0.31%"
"02/19/2020","2.13","2.13","2.15","2.09","12.84M","-0.73%"
"02/18/2020","2.14","2.26","2.28","2.06","35.48M","-5.86%"
"02/17/2020","2.28","2.30","2.31","2.26","7.45M","-0.68%"
"02/16/2020","2.29","2.35","2.36","2.27","11.28M","-2.04%"
"02/13/2020","2.34","2.31","2.37","2.31","20.74M","0.38%"
"02/12/2020","2.33","2.40","2.40","2.30","17.22M","-2.65%"
"02/11/2020","2.39","2.39","2.43","2.37","26.12M","2.62%"
"02/10/2020","2.33","2.36","2.36","2.29","8.34M","-1.13%"
"02/09/2020","2.36","2.36","2.39","2.33","9.07M","1.53%"
"02/06/2020","2.32","2.27","2.37","2.27","16.74M","2.70%"
"02/05/2020","2.26","2.29","2.29","2.24","5.68M","-0.73%"
"02/04/2020","2.28","2.31","2.31","2.26","4.11M","0.59%"
"02/03/2020","2.27","2.27","2.29","2.24","11.48M","-1.78%"
"02/02/2020","2.31","2.34","2.37","2.26","8.02M","-2.63%"
"01/30/2020","2.37","2.39","2.40","2.35","6.79M","0.66%"
"01/29/2020","2.35","2.31","2.39","2.29","10.53M","3.77%"
"01/28/2020","2.27","2.27","2.31","2.24","7.17M","-3.64%"
"01/27/2020","2.35","2.34","2.40","2.28","8.27M","-0.28%"
"01/26/2020","2.36","2.40","2.42","2.34","3.77M","-0.38%"
"01/23/2020","2.37","2.41","2.41","2.34","5.97M","-0.98%"
"01/22/2020","2.39","2.39","2.42","2.37","1.84M","0.33%"
"01/21/2020","2.38","2.44","2.44","2.34","2.07M","-0.88%"
"01/20/2020","2.41","2.43","2.50","2.37","9.27M","-1.86%"
"01/19/2020","2.45","2.52","2.52","2.42","2.54M","-1.87%"
"01/16/2020","2.50","2.49","2.53","2.47","1.81M","-0.27%"
"01/15/2020","2.50","2.51","2.53","2.49","1.42M","-1.40%"
"01/14/2020","2.54","2.55","2.56","2.51","1.41M","-0.48%"
"01/13/2020","2.55","2.59","2.59","2.51","4.14M","-0.30%"
"01/12/2020","2.56","2.54","2.59","2.50","4.94M","2.35%"
"01/09/2020","2.50","2.53","2.55","2.45","3.12M","2.64%"
"01/08/2020","2.44","2.31","2.50","2.24","5.38M","1.57%"
"01/06/2020","2.40","2.53","2.53","2.26","9.03M","-0.74%"
"01/05/2020","2.42","2.54","2.56","2.35","7.38M","-7.60%"
"01/02/2020","2.62","2.62","2.64","2.59","2.70M","-0.34%"
"12/31/2019","2.62","2.67","2.70","2.59","3.55M","-1.38%"
"12/30/2019","2.66","2.67","2.68","2.65","2.34M","-0.29%"
"12/29/2019","2.67","2.71","2.71","2.65","1.14M","-0.78%"
"12/26/2019","2.69","2.69","2.70","2.67","814.73K","1.09%"
"12/25/2019","2.66","2.67","2.69","2.65","2.26M","-0.33%"
"12/24/2019","2.67","2.68","2.70","2.66","2.82M","-0.83%"
"12/23/2019","2.69","2.72","2.72","2.67","3.24M","-1.18%"
"12/22/2019","2.72","2.70","2.74","2.68","3.79M","1.07%"
"12/19/2019","2.70","2.72","2.72","2.68","2.31M","-1.38%"
"12/18/2019","2.73","2.72","2.76","2.71","4.00M","1.82%"
"12/17/2019","2.68","2.66","2.72","2.64","6.74M","2.33%"
"12/16/2019","2.62","2.61","2.64","2.57","3.14M","1.37%"
"12/15/2019","2.59","2.56","2.60","2.56","977.31K","0.26%"
"12/12/2019","2.58","2.58","2.63","2.56","1.64M","-0.68%"
"12/11/2019","2.60","2.62","2.63","2.58","2.46M","-0.81%"
"12/10/2019","2.62","2.62","2.66","2.59","2.47M","-0.59%"
"12/09/2019","2.64","2.64","2.71","2.58","4.22M","-0.25%"
"12/08/2019","2.64","2.67","2.67","2.62","938.92K","-1.37%"
"12/05/2019","2.68","2.71","2.73","2.64","3.78M","-1.03%"
"12/04/2019","2.71","2.73","2.74","2.67","4.08M","0.29%"
"12/03/2019","2.70","2.67","2.73","2.61","8.65M","1.34%"
"12/02/2019","2.66","2.73","2.73","2.59","5.54M","-2.52%"
"12/01/2019","2.73","2.71","2.76","2.70","2.25M","1.61%"
"11/28/2019","2.69","2.66","2.72","2.66","3.31M","1.26%"
"11/27/2019","2.66","2.71","2.71","2.61","4.07M","-1.52%"
"11/26/2019","2.70","2.78","2.78","2.67","8.03M","-2.69%"
"11/25/2019","2.77","2.78","2.82","2.74","4.72M","-0.72%"
"11/24/2019","2.79","2.81","2.81","2.77","3.20M","-0.71%"
"11/21/2019","2.81","2.80","2.84","2.78","3.70M","-0.94%"
"11/20/2019","2.84","2.88","2.88","2.80","9.28M","-1.84%"
"11/19/2019","2.89","2.92","2.93","2.86","8.08M","-0.99%"
"11/18/2019","2.92","2.91","2.95","2.90","3.66M","-0.72%"
"11/17/2019","2.94","2.94","2.98","2.90","4.57M","0.72%"
"11/14/2019","2.92","2.91","2.94","2.89","5.06M","0.34%"
"11/13/2019","2.91","2.94","2.95","2.89","4.66M","-0.91%"
"11/12/2019","2.94","2.94","2.96","2.92","4.28M","-0.49%"
"11/11/2019","2.95","2.96","3.03","2.93","2.88M","-0.75%"
"11/07/2019","2.97","3.00","3.01","2.96","4.43M","-0.89%"
"11/06/2019","3.00","2.97","3.03","2.96","10.82M","0.82%"
"11/05/2019","2.98","2.96","2.99","2.96","2.46M","0.34%"
"11/04/2019","2.97","3.02","3.02","2.94","7.20M","-1.84%"
"11/03/2019","3.02","3.03","3.06","2.98","15.46M","1.15%"
"10/31/2019","2.99","3.03","3.04","2.96","7.65M","-1.21%"
"10/30/2019","3.02","3.08","3.09","2.99","12.87M","-1.41%"
"10/29/2019","3.07","3.04","3.10","3.03","10.60M","0.55%"
"10/28/2019","3.05","3.05","3.07","3.03","4.64M","0.22%"
"10/27/2019","3.04","3.03","3.06","3.03","4.91M","0.40%"
"10/24/2019","3.03","3.01","3.05","3.01","3.28M","0.74%"
"10/23/2019","3.01","3.02","3.04","2.98","3.01M","-1.35%"
"10/22/2019","3.05","3.06","3.09","3.02","38.47M","0.00%"
"10/21/2019","3.05","3.07","3.09","3.02","3.27M","0.00%"
"10/20/2019","3.05","3.09","3.09","3.00","3.87M","-1.19%"
"10/17/2019","3.09","3.09","3.12","3.05","27.62M","1.68%"
"10/16/2019","3.03","3.00","3.08","2.99","11.12M","2.63%"
"10/15/2019","2.96","2.97","3.00","2.91","8.90M","-1.77%"
"10/14/2019","3.01","3.08","3.08","2.97","6.04M","-0.95%"
"10/13/2019","3.04","3.04","3.06","3.00","6.14M","0.00%"
"10/10/2019","3.04","3.03","3.08","3.00","10.57M","2.62%"
"10/09/2019","2.96","2.96","3.02","2.87","11.90M","-1.62%"
"10/08/2019","3.01","3.00","3.06","2.95","8.40M","0.93%"
"10/07/2019","2.99","2.97","3.03","2.95","9.13M","2.28%"
"10/03/2019","2.92","2.94","2.94","2.88","6.62M","-0.27%"
"10/02/2019","2.93","2.91","2.98","2.87","15.81M","2.73%"
"10/01/2019","2.85","2.73","2.91","2.73","9.70M","2.60%"
"09/30/2019","2.78","2.82","2.83","2.75","6.11M","0.24%"
"09/29/2019","2.77","2.76","2.81","2.71","8.35M","5.59%"
"09/26/2019","2.62","2.61","2.67","2.56","6.97M","0.98%"
"09/25/2019","2.60","2.53","2.63","2.52","9.07M","3.63%"
"09/24/2019","2.51","2.61","2.63","2.42","6.62M","-5.21%"
"09/23/2019","2.64","2.62","2.73","2.51","23.81M","-1.12%"
"09/22/2019","2.67","2.85","2.85","2.63","12.84M","-8.55%"
"09/19/2019","2.92","2.87","2.96","2.87","7.55M","3.54%"
"09/18/2019","2.82","2.83","2.89","2.77","2.54M","-1.17%"
"09/17/2019","2.86","2.94","2.94","2.78","10.87M","-3.05%"
"09/16/2019","2.95","2.94","2.97","2.89","4.25M","-0.67%"
"09/15/2019","2.97","3.04","3.04","2.93","2.71M","-1.80%"
"09/12/2019","3.02","3.00","3.06","2.99","5.79M","0.37%"
"09/11/2019","3.01","3.05","3.06","2.99","2.35M","-0.81%"
"09/10/2019","3.04","3.00","3.06","3.00","3.08M","0.52%"
"09/09/2019","3.02","3.12","3.12","2.98","6.97M","-2.02%"
"09/08/2019","3.08","3.08","3.10","3.06","647.78K","-0.79%"
"09/05/2019","3.11","3.07","3.11","3.07","1.70M","-0.75%"
"09/04/2019","3.13","3.12","3.17","3.06","2.81M","-0.98%"
"09/03/2019","3.16","3.19","3.21","3.12","3.15M","-1.35%"
"09/02/2019","3.20","3.22","3.24","3.17","1.65M","0.00%"
"09/01/2019","3.21","3.22","3.24","3.15","5.03M","0.87%"
"08/29/2019","3.18","3.19","3.24","3.14","7.18M","0.32%"
"08/28/2019","3.17","3.06","3.22","3.06","15.27M","3.56%"
"08/27/2019","3.06","3.09","3.10","3.03","5.39M","0.40%"
"08/26/2019","3.05","3.00","3.11","2.97","7.02M","2.39%"
"08/25/2019","2.98","3.06","3.06","2.94","4.95M","-0.45%"
"08/22/2019","2.99","2.96","3.03","2.96","4.48M","0.86%"
"08/21/2019","2.97","2.99","3.01","2.92","4.75M","0.00%"
"08/20/2019","2.97","2.94","2.98","2.94","2.95M","1.87%"
"08/19/2019","2.92","2.92","2.95","2.86","9.13M","2.42%"
"08/18/2019","2.85","2.81","2.93","2.77","13.48M","3.01%"
"08/15/2019","2.76","2.78","2.83","2.74","6.46M","-2.55%"
"08/14/2019","2.84","2.73","2.87","2.73","11.40M","5.19%"
"08/08/2019","2.70","2.66","2.73","2.66","6.58M","2.58%"
"08/07/2019","2.63","2.61","2.65","2.61","6.26M","1.15%"
"08/06/2019","2.60","2.56","2.61","2.56","3.94M","0.52%"
"08/05/2019","2.59","2.57","2.61","2.56","3.77M","0.78%"
"08/04/2019","2.57","2.56","2.59","2.54","2.24M","0.35%"
"08/01/2019","2.56","2.53","2.58","2.52","1.29M","1.10%"
"07/31/2019","2.53","2.48","2.56","2.43","10.63M","3.08%"
"07/30/2019","2.45","2.50","2.53","2.42","9.32M","0.23%"
"07/29/2019","2.45","2.40","2.49","2.40","5.34M","-0.41%"
"07/28/2019","2.46","2.36","2.53","2.33","18.07M","5.53%"
"07/25/2019","2.33","2.32","2.37","2.29","3.40M","1.45%"
"07/24/2019","2.30","2.34","2.34","2.27","7.07M","-2.41%"
"07/22/2019","2.35","2.34","2.38","2.32","5.55M","0.95%"
"07/21/2019","2.33","2.34","2.35","2.32","2.17M","-1.18%"
"07/18/2019","2.36","2.34","2.42","2.33","2.31M","0.38%"
"07/17/2019","2.35","2.41","2.41","2.31","1.34M","-2.89%"
"07/16/2019","2.42","2.47","2.47","2.39","2.82M","0.23%"
"07/15/2019","2.41","2.34","2.44","2.30","4.89M","2.50%"
"07/14/2019","2.35","2.45","2.45","2.31","5.39M","-3.90%"
"07/11/2019","2.45","2.49","2.49","2.43","3.11M","-1.83%"
"07/10/2019","2.50","2.51","2.54","2.48","1.78M","-1.14%"
"07/09/2019","2.52","2.55","2.56","2.50","1.78M","-0.44%"
"07/08/2019","2.54","2.50","2.56","2.50","1.93M","1.56%"
"07/07/2019","2.50","2.51","2.51","2.47","963.15K","-1.36%"
"07/04/2019","2.53","2.55","2.59","2.48","6.51M","-2.48%"
"07/03/2019","2.60","2.62","2.65","2.55","7.36M","-0.81%"
"07/02/2019","2.62","2.61","2.64","2.59","4.31M","1.33%"
"06/27/2019","2.58","2.56","2.63","2.54","13.22M","4.59%"
"06/26/2019","2.47","2.38","2.59","2.38","13.00M","4.96%"
"06/25/2019","2.35","2.37","2.39","2.32","4.31M","-1.03%"
"06/24/2019","2.38","2.44","2.45","2.34","4.69M","-2.28%"
"06/23/2019","2.43","2.47","2.49","2.41","1.14M","-1.49%"
"06/20/2019","2.47","2.47","2.53","2.44","5.88M","-1.99%"
"06/19/2019","2.52","2.55","2.57","2.48","3.96M","-1.56%"
"06/18/2019","2.56","2.58","2.59","2.53","4.09M","-1.16%"
"06/17/2019","2.59","2.59","2.61","2.55","9.39M","1.13%"
"06/16/2019","2.56","2.55","2.61","2.51","9.75M","0.61%"
"06/13/2019","2.54","2.54","2.57","2.51","7.05M","1.64%"
"06/12/2019","2.50","2.44","2.55","2.41","15.31M","3.11%"
"06/11/2019","2.43","2.43","2.49","2.39","11.43M","1.53%"
"06/10/2019","2.39","2.33","2.43","2.33","10.97M","2.82%"
"06/09/2019","2.33","2.29","2.37","2.29","3.63M","3.61%"
"06/03/2019","2.24","2.24","2.29","2.22","1.36M","1.00%"
"06/02/2019","2.22","2.26","2.26","2.18","1.48M","-2.44%"
"05/30/2019","2.28","2.32","2.33","2.21","4.42M","-3.76%"
"05/29/2019","2.37","2.44","2.44","2.31","7.44M","-1.98%"
"05/28/2019","2.41","2.44","2.44","2.39","7.52M","0.00%"
"05/27/2019","2.42","2.44","2.45","2.39","3.60M","0.00%"
"05/26/2019","2.41","2.38","2.44","2.34","3.00M","2.89%"
"05/23/2019","2.35","2.34","2.39","2.30","2.03M","0.48%"
"05/22/2019","2.33","2.34","2.37","2.31","4.70M","2.74%"
"05/21/2019","2.27","2.20","2.33","2.15","7.84M","3.70%"
"05/20/2019","2.19","2.33","2.33","2.13","9.75M","-6.27%"
"05/19/2019","2.34","2.45","2.46","2.28","3.93M","-3.97%"
"05/16/2019","2.43","2.49","2.49","2.40","1.96M","-3.35%"
"05/15/2019","2.52","2.50","2.59","2.45","6.03M","0.76%"
"05/14/2019","2.50","2.52","2.53","2.47","2.83M","1.12%"
"05/13/2019","2.47","2.55","2.55","2.43","6.75M","-2.41%"
"05/12/2019","2.53","2.54","2.58","2.51","3.62M","2.70%"
"05/09/2019","2.47","2.47","2.54","2.39","7.42M","-0.40%"
"05/08/2019","2.48","2.51","2.54","2.40","6.59M","-3.76%"
"05/07/2019","2.57","2.54","2.63","2.54","1.74M","0.00%"
"05/06/2019","2.57","2.70","2.70","2.53","3.34M","-4.18%"
"05/05/2019","2.68","2.78","2.81","2.61","12.12M","-4.05%"
"05/02/2019","2.80","2.88","2.91","2.75","6.18M","-2.33%"
"04/30/2019","2.86","2.88","2.90","2.85","1.80M","-0.46%"
"04/24/2019","2.88","2.87","2.90","2.86","4.20M","-0.92%"
"04/23/2019","2.90","2.98","2.98","2.85","4.90M","-2.61%"
"04/22/2019","2.98","2.95","3.02","2.95","8.61M","1.28%"
"04/21/2019","2.94","2.96","3.00","2.92","4.67M","0.68%"
"04/18/2019","2.92","2.97","2.98","2.90","7.97M","0.23%"
"04/17/2019","2.92","2.97","2.97","2.87","7.89M","-2.12%"
"04/16/2019","2.98","3.02","3.03","2.92","8.84M","-2.08%"
"04/15/2019","3.04","3.13","3.14","2.98","19.09M","0.00%"
"04/14/2019","3.04","2.92","3.11","2.92","27.31M","4.98%"
"04/11/2019","2.90","2.87","2.92","2.87","6.34M","0.23%"
"04/10/2019","2.89","2.90","2.95","2.84","9.74M","-2.03%"
"04/09/2019","2.95","2.99","3.01","2.90","7.68M","-1.78%"
"04/08/2019","3.00","2.96","3.07","2.95","10.95M","1.05%"
"04/07/2019","2.97","3.04","3.04","2.94","6.74M","-1.00%"
"04/04/2019","3.00","2.89","3.12","2.84","31.05M","5.18%"
"04/03/2019","2.86","2.74","2.90","2.74","31.20M","4.68%"
"04/02/2019","2.73","2.74","2.75","2.70","6.08M","-0.28%"
"04/01/2019","2.74","2.74","2.76","2.71","9.34M","-0.53%"
"03/31/2019","2.75","2.75","2.79","2.69","7.40M","2.70%"
"03/28/2019","2.68","2.57","2.75","2.56","12.70M","5.06%"
"03/27/2019","2.55","2.58","2.59","2.51","3.41M","0.70%"
"03/26/2019","2.53","2.59","2.59","2.50","3.23M","-1.68%"
"03/25/2019","2.57","2.63","2.63","2.53","6.50M","-3.01%"
"03/24/2019","2.65","2.69","2.70","2.62","4.11M","-0.42%"
"03/21/2019","2.67","2.66","2.72","2.62","7.63M","-0.62%"
"03/20/2019","2.68","2.69","2.74","2.65","9.28M","-0.25%"
"03/19/2019","2.69","2.72","2.76","2.64","9.72M","-2.85%"
"03/18/2019","2.77","2.80","2.84","2.72","14.34M","0.48%"
"03/17/2019","2.75","2.68","2.81","2.68","10.65M","1.06%"
"03/14/2019","2.73","2.79","2.86","2.67","21.90M","4.74%"
"03/13/2019","2.60","2.48","2.64","2.48","22.86M","8.48%"
"03/11/2019","2.40","2.29","2.46","2.29","19.46M","5.11%"
"03/10/2019","2.28","2.33","2.33","2.26","4.65M","-0.68%"
"03/07/2019","2.30","2.31","2.32","2.28","4.41M","0.98%"
"03/06/2019","2.28","2.33","2.34","2.25","1.71M","-1.87%"
"03/05/2019","2.32","2.31","2.34","2.30","1.74M","-0.57%"
"03/04/2019","2.33","2.28","2.37","2.28","4.46M","2.44%"
"03/03/2019","2.28","2.32","2.35","2.25","2.58M","-0.92%"
"02/28/2019","2.30","2.30","2.38","2.26","4.27M","-1.10%"
"02/27/2019","2.32","2.33","2.36","2.30","1.53M","-1.78%"
"02/26/2019","2.37","2.41","2.41","2.33","1.93M","-0.56%"
"02/25/2019","2.38","2.33","2.41","2.33","1.18M","1.66%"
"02/24/2019","2.34","2.36","2.36","2.33","427.66K","-1.59%"
"02/21/2019","2.38","2.40","2.41","2.36","3.21M","-1.29%"
"02/20/2019","2.41","2.44","2.44","2.39","2.98M","-0.28%"
"02/19/2019","2.42","2.43","2.43","2.39","1.50M","-1.41%"
"02/18/2019","2.45","2.48","2.51","2.39","9.13M","0.00%"
"02/17/2019","2.45","2.43","2.49","2.42","5.64M","2.65%"
"02/14/2019","2.39","2.39","2.42","2.36","2.16M","0.00%"
"02/13/2019","2.39","2.41","2.42","2.36","4.53M","-2.10%"
"02/12/2019","2.44","2.44","2.46","2.41","4.93M","0.69%"
"02/11/2019","2.42","2.39","2.44","2.37","9.90M","1.77%"
"02/10/2019","2.38","2.39","2.41","2.34","2.96M","0.52%"
"02/07/2019","2.37","2.33","2.39","2.31","11.37M","1.38%"
"02/06/2019","2.33","2.34","2.36","2.30","11.53M","0.00%"
"02/05/2019","2.34","2.27","2.38","2.27","20.96M","4.31%"
"02/04/2019","2.24","2.19","2.27","2.19","19.75M","4.08%"
"02/03/2019","2.15","2.09","2.19","2.06","17.19M","3.80%"
"01/31/2019","2.07","2.09","2.09","2.06","6.25M","0.00%"
"01/30/2019","2.08","2.03","2.11","2.03","18.05M","5.06%"
"01/29/2019","1.98","1.94","2.03","1.92","22.93M","2.54%"
"01/28/2019","1.93","1.96","1.97","1.91","11.65M","-1.31%"
"01/27/2019","1.95","1.94","1.98","1.94","4.65M","2.81%"
"01/23/2019","1.90","1.95","1.95","1.89","6.81M","-3.34%"
"01/22/2019","1.97","2.02","2.02","1.94","1.66M","-1.89%"
"01/21/2019","2.00","2.01","2.03","1.99","2.83M","-0.66%"
"01/20/2019","2.02","2.04","2.05","2.00","2.70M","-1.36%"
"01/17/2019","2.04","2.07","2.08","2.02","4.12M","-1.87%"
"01/16/2019","2.08","2.11","2.11","2.06","4.45M","-1.00%"
"01/15/2019","2.10","2.11","2.13","2.09","2.25M","0.00%"
"01/14/2019","2.11","2.13","2.13","2.09","3.81M","-1.10%"
"01/13/2019","2.13","2.13","2.15","2.10","7.03M","1.00%"
"01/10/2019","2.11","2.08","2.14","2.06","11.39M","1.28%"
"01/09/2019","2.08","2.06","2.11","2.05","10.55M","1.13%"
"01/08/2019","2.06","2.06","2.08","2.03","5.47M","0.71%"
"01/06/2019","2.04","2.04","2.06","2.02","5.08M","0.77%"
"01/03/2019","2.03","2.02","2.04","2.01","4.49M","0.38%"
"01/02/2019","2.02","2.02","2.05","2.00","2.62M","0.28%"
"12/31/2018","2.02","2.01","2.03","1.99","3.82M","1.00%"
"12/30/2018","2.00","2.01","2.03","1.98","1.97M","-1.16%"
"12/27/2018","2.02","2.04","2.05","2.00","2.53M","0.00%"
"12/26/2018","2.02","2.03","2.04","1.99","3.05M","1.85%"
"12/25/2018","1.98","1.96","2.03","1.93","7.16M","0.00%"
"12/24/2018","1.98","1.99","2.00","1.95","2.73M","-1.71%"
"12/23/2018","2.02","2.03","2.08","1.98","6.97M","-1.20%"
"12/20/2018","2.04","1.98","2.08","1.94","12.54M","1.21%"
"12/19/2018","2.02","2.00","2.06","1.98","8.76M","1.06%"
"12/18/2018","2.00","2.00","2.02","1.98","7.45M","-2.39%"
"12/17/2018","2.05","2.03","2.08","2.02","11.79M","1.15%"
"12/16/2018","2.02","2.00","2.07","1.97","18.81M","5.63%"
"12/13/2018","1.91","1.84","2.00","1.81","26.96M","5.45%"
"12/12/2018","1.82","1.79","1.84","1.78","8.76M","0.93%"
"12/11/2018","1.80","1.76","1.82","1.76","9.79M","2.60%"
"12/10/2018","1.75","1.71","1.78","1.71","7.62M","5.06%"
"12/09/2018","1.67","1.68","1.72","1.63","5.47M","-3.84%"
"12/06/2018","1.74","1.79","1.81","1.68","7.96M","-2.31%"
"12/05/2018","1.78","1.78","1.80","1.74","6.86M","-3.27%"
"12/04/2018","1.84","1.86","1.88","1.81","4.98M","-1.96%"
"12/03/2018","1.87","1.92","1.92","1.86","4.47M","-1.29%"
"12/02/2018","1.90","1.90","1.93","1.85","8.82M","0.29%"
"11/29/2018","1.89","1.92","1.93","1.85","22.52M","-1.39%"
"11/28/2018","1.92","1.99","1.99","1.89","7.59M","-2.59%"
"11/27/2018","1.97","1.94","1.99","1.94","4.55M","1.31%"
"11/26/2018","1.94","1.98","1.98","1.93","4.29M","-0.57%"
"11/25/2018","1.96","2.00","2.00","1.93","2.99M","-2.60%"
"11/22/2018","2.01","2.03","2.04","1.98","8.32M","-0.33%"
"11/21/2018","2.01","2.06","2.06","1.99","12.34M","-3.97%"
"11/19/2018","2.10","2.14","2.14","2.08","4.31M","-0.63%"
"11/18/2018","2.11","2.06","2.14","2.06","7.46M","2.32%"
"11/15/2018","2.06","2.09","2.09","2.04","5.28M","0.27%"
"11/14/2018","2.06","2.11","2.11","2.05","2.44M","-2.78%"
"11/13/2018","2.12","2.15","2.17","2.08","5.53M","-1.14%"
"11/12/2018","2.14","2.12","2.17","2.12","6.59M","0.26%"
"11/11/2018","2.14","2.15","2.17","2.12","4.22M","0.26%"
"11/08/2018","2.13","2.13","2.16","2.10","5.71M","0.00%"
"11/07/2018","2.13","2.13","2.16","2.10","10.06M","2.08%"
"11/06/2018","2.09","2.02","2.14","2.02","14.75M","3.70%"
"11/05/2018","2.01","1.99","2.02","1.99","6.61M","1.57%"
"11/04/2018","1.98","1.97","2.00","1.96","3.78M","0.91%"
"11/01/2018","1.96","1.96","1.99","1.93","9.83M","-1.56%"
"10/31/2018","1.99","2.03","2.06","1.94","15.80M","-1.97%"
"10/30/2018","2.03","2.02","2.06","2.00","4.27M","0.00%"
"10/29/2018","2.03","2.06","2.06","1.99","3.97M","0.00%"
"10/28/2018","2.03","2.08","2.08","2.01","3.41M","0.00%"
"10/25/2018","2.03","2.01","2.08","1.99","8.52M","-3.54%"
"10/24/2018","2.10","2.15","2.17","2.03","7.44M","-5.07%"
"10/23/2018","2.21","2.30","2.30","2.12","12.89M","-3.39%"
"10/22/2018","2.29","2.33","2.33","2.28","8.76M","0.00%"
"10/21/2018","2.29","2.28","2.33","2.26","4.06M","-1.48%"
"10/18/2018","2.33","2.39","2.39","2.29","3.38M","-2.19%"
"10/17/2018","2.38","2.40","2.40","2.35","1.31M","-0.93%"
"10/16/2018","2.40","2.38","2.44","2.37","4.99M","1.55%"
"10/15/2018","2.37","2.38","2.42","2.31","8.52M","-0.88%"
"10/14/2018","2.39","2.34","2.43","2.34","17.87M","6.28%"
"10/11/2018","2.25","2.22","2.28","2.21","7.12M","-3.58%"
"10/10/2018","2.33","2.33","2.37","2.28","6.18M","0.00%"
"10/09/2018","2.33","2.30","2.38","2.26","13.69M","2.75%"
"10/08/2018","2.26","2.36","2.36","2.21","7.77M","-1.50%"
"10/04/2018","2.30","2.29","2.37","2.21","18.12M","-1.19%"
"10/03/2018","2.33","2.41","2.42","2.28","17.99M","-2.88%"
"10/02/2018","2.39","2.37","2.42","2.36","10.86M","0.33%"
"10/01/2018","2.39","2.43","2.47","2.34","14.11M","-3.63%"
"09/30/2018","2.48","2.55","2.58","2.44","20.45M","-2.41%"
"09/27/2018","2.54","2.56","2.56","2.51","7.67M","-1.93%"
"09/26/2018","2.59","2.56","2.62","2.55","11.59M","2.55%"
"09/25/2018","2.52","2.50","2.56","2.47","11.01M","1.34%"
"09/24/2018","2.49","2.52","2.56","2.42","5.49M","-1.23%"
"09/23/2018","2.52","2.55","2.57","2.49","4.99M","1.25%"
"09/20/2018","2.49","2.52","2.61","2.33","9.95M","-2.73%"
"09/19/2018","2.56","2.66","2.68","2.51","12.69M","-8.02%"
"09/18/2018","2.78","2.89","2.92","2.65","7.71M","-3.80%"
"09/17/2018","2.89","2.84","2.95","2.84","4.71M","-1.70%"
"09/16/2018","2.94","3.09","3.09","2.84","10.04M","-5.66%"
"09/13/2018","3.12","3.13","3.20","3.09","3.65M","-1.68%"
"09/12/2018","3.17","3.20","3.22","3.12","2.56M","-1.89%"
"09/10/2018","3.23","3.29","3.29","3.19","3.65M","-2.84%"
"09/09/2018","3.33","3.36","3.37","3.29","1.80M","-0.63%"
"09/06/2018","3.35","3.39","3.39","3.33","2.76M","0.00%"
"09/05/2018","3.35","3.44","3.44","3.29","15.82M","-3.37%"
"09/04/2018","3.47","3.47","3.50","3.42","11.68M","2.53%"
"09/03/2018","3.38","3.37","3.48","3.31","17.81M","1.23%"
"09/02/2018","3.34","3.27","3.38","3.27","18.28M","3.12%"
"08/30/2018","3.24","3.17","3.30","3.15","17.41M","2.21%"
"08/29/2018","3.17","3.16","3.19","3.16","12.99M","1.21%"
"08/28/2018","3.13","3.11","3.15","3.11","10.60M","1.99%"
"08/27/2018","3.07","3.02","3.14","2.98","5.56M","0.84%"
"08/26/2018","3.04","3.08","3.10","3.02","2.55M","-0.40%"
"08/19/2018","3.06","3.07","3.08","3.03","5.33M","0.95%"
"08/16/2018","3.03","3.07","3.07","3.00","7.23M","0.00%"
"08/15/2018","3.03","3.00","3.08","2.92","10.80M","2.10%"
"08/14/2018","2.96","2.99","3.02","2.94","5.58M","-1.48%"
"08/13/2018","3.01","3.14","3.14","2.93","9.27M","-4.75%"
"08/12/2018","3.16","3.21","3.22","3.11","3.43M","-1.29%"
"08/09/2018","3.20","3.17","3.25","3.14","12.23M","1.05%"
"08/08/2018","3.17","3.20","3.20","3.14","4.20M","-0.63%"
"08/07/2018","3.19","3.19","3.21","3.17","3.52M","0.81%"
"08/06/2018","3.16","3.17","3.18","3.13","1.81M","-1.04%"
"08/05/2018","3.19","3.17","3.22","3.13","3.78M","0.31%"
"08/02/2018","3.18","3.22","3.23","3.16","4.49M","-1.38%"
"08/01/2018","3.23","3.28","3.30","3.18","7.74M","0.59%"
"07/31/2018","3.21","3.19","3.27","3.16","10.78M","0.49%"
"07/30/2018","3.19","3.24","3.25","3.15","10.95M","-1.78%"
"07/29/2018","3.25","3.27","3.30","3.21","10.60M","2.88%"
"07/26/2018","3.16","3.06","3.25","3.06","23.58M","1.86%"
"07/25/2018","3.10","3.22","3.22","3.02","8.49M","-1.83%"
"07/24/2018","3.16","3.07","3.22","3.07","16.15M","4.14%"
"07/22/2018","3.03","2.99","3.08","2.92","9.38M","1.90%"
"07/19/2018","2.98","3.03","3.03","2.94","6.99M","-0.70%"
"07/18/2018","3.00","2.94","3.04","2.93","20.73M","4.65%"
"07/17/2018","2.87","2.83","2.91","2.83","15.10M","2.87%"
"07/16/2018","2.79","2.77","2.82","2.76","5.53M","0.24%"
"07/15/2018","2.78","2.83","2.83","2.74","1.55M","0.00%"
"07/12/2018","2.78","2.82","2.82","2.77","2.59M","-0.48%"
"07/11/2018","2.79","2.86","2.86","2.76","8.18M","-2.71%"
"07/10/2018","2.87","2.92","2.92","2.85","2.61M","0.98%"
"07/09/2018","2.84","2.77","2.89","2.73","5.18M","0.47%"
"07/08/2018","2.83","2.98","3.00","2.74","7.15M","-4.75%"
"07/05/2018","2.97","3.04","3.06","2.92","11.18M","-4.54%"
"07/04/2018","3.11","3.15","3.20","3.02","10.00M","-1.82%"
"07/03/2018","3.17","3.20","3.21","3.14","3.42M","-1.31%"
"07/02/2018","3.21","3.29","3.29","3.14","7.86M","-2.40%"
"06/28/2018","3.29","3.27","3.32","3.26","4.80M","1.47%"
"06/27/2018","3.24","3.32","3.32","3.22","7.63M","-2.28%"
"06/26/2018","3.32","3.33","3.37","3.28","3.85M","-1.94%"
"06/25/2018","3.38","3.46","3.47","3.33","5.14M","-2.84%"
"06/24/2018","3.48","3.46","3.52","3.44","4.30M","0.74%"
"06/21/2018","3.46","3.49","3.51","3.42","1.49M","1.50%"
"06/20/2018","3.41","3.33","3.47","3.31","9.29M","2.37%"
"06/19/2018","3.33","3.33","3.36","3.27","1.37M","0.00%"
"06/14/2018","3.33","3.36","3.36","3.30","1.57M","-0.50%"
"06/13/2018","3.34","3.33","3.39","3.30","3.99M","0.91%"
"06/12/2018","3.31","3.24","3.34","3.24","1.04M","0.78%"
"06/11/2018","3.29","3.37","3.37","3.24","3.21M","-3.43%"
"06/10/2018","3.40","3.36","3.44","3.33","1.53M","2.13%"
"06/07/2018","3.33","3.33","3.39","3.29","2.48M","-0.43%"
"06/06/2018","3.35","3.44","3.44","3.31","3.86M","-0.76%"
"06/05/2018","3.37","3.28","3.43","3.26","2.12M","0.50%"
"06/04/2018","3.36","3.50","3.51","3.28","1.81M","-3.70%"
"06/03/2018","3.49","3.53","3.56","3.45","662.42K","1.92%"
"05/31/2018","3.42","3.47","3.50","3.33","3.10M","-1.97%"
"05/30/2018","3.49","3.54","3.56","3.46","2.01M","-2.51%"
"05/29/2018","3.58","3.64","3.64","3.56","1.56M","0.00%"
"05/28/2018","3.58","3.48","3.64","3.48","4.64M","2.97%"
"05/27/2018","3.48","3.46","3.51","3.46","410.14K","0.42%"
"05/24/2018","3.46","3.53","3.53","3.44","1.22M","-0.57%"
"05/23/2018","3.48","3.47","3.52","3.46","775.26K","0.22%"
"05/22/2018","3.47","3.55","3.56","3.41","3.06M","-1.51%"
"05/21/2018","3.53","3.53","3.56","3.50","2.15M","1.28%"
"05/20/2018","3.48","3.51","3.51","3.44","738.15K","-2.25%"
"05/17/2018","3.56","3.59","3.59","3.51","1.37M","0.31%"
"05/16/2018","3.55","3.51","3.61","3.50","3.57M","0.22%"
"05/15/2018","3.54","3.53","3.58","3.50","2.64M","2.08%"
"05/14/2018","3.47","3.61","3.61","3.43","1.39M","-3.28%"
"05/13/2018","3.59","3.62","3.65","3.56","3.18M","1.41%"
"05/10/2018","3.54","3.54","3.60","3.47","3.23M","-1.18%"
"05/09/2018","3.58","3.71","3.71","3.52","2.80M","-3.13%"
"05/08/2018","3.70","3.72","3.75","3.66","4.66M","0.48%"
"05/07/2018","3.68","3.67","3.78","3.66","4.36M","1.10%"
"05/06/2018","3.64","3.72","3.72","3.56","4.81M","-1.71%"
"05/03/2018","3.70","3.78","3.80","3.63","9.21M","-1.19%"
"05/02/2018","3.75","3.89","3.89","3.71","4.85M","-4.04%"
"04/30/2018","3.90","3.97","3.99","3.86","3.37M","-1.21%"
"04/29/2018","3.95","4.00","4.00","3.91","1.81M","-0.70%"
"04/26/2018","3.98","4.00","4.02","3.96","3.30M","-0.31%"
"04/24/2018","3.99","4.06","4.06","3.95","4.58M","-2.47%"
"04/23/2018","4.09","4.11","4.11","4.03","3.53M","-0.32%"
"04/22/2018","4.11","4.16","4.16","4.08","2.74M","-0.30%"
"04/19/2018","4.12","4.11","4.16","4.08","3.20M","1.23%"
"04/18/2018","4.07","4.19","4.19","4.01","4.60M","-0.95%"
"04/17/2018","4.11","4.09","4.19","4.06","3.93M","0.33%"
"04/16/2018","4.09","4.07","4.14","4.07","1.58M","0.52%"
"04/15/2018","4.07","4.15","4.16","4.06","1.03M","-1.58%"
"04/12/2018","4.14","4.17","4.26","4.09","2.70M","-3.87%"
"04/11/2018","4.31","4.28","4.41","4.17","16.93M","5.07%"
"04/10/2018","4.10","4.00","4.16","4.00","2.47M","1.91%"
"04/05/2018","4.02","4.07","4.07","3.97","2.26M","-1.07%"
"04/04/2018","4.06","4.21","4.22","3.93","8.22M","-3.12%"
"04/03/2018","4.20","4.24","4.29","4.11","7.41M","-1.74%"
"04/02/2018","4.27","4.21","4.34","4.15","13.63M","2.10%"
"04/01/2018","4.18","4.17","4.22","4.11","4.80M","1.37%"
"03/29/2018","4.13","4.11","4.18","4.06","3.60M","0.00%"
"03/28/2018","4.13","4.14","4.21","4.04","6.21M","2.60%"
"03/27/2018","4.02","4.02","4.11","3.99","12.07M","0.00%"
"03/26/2018","4.03","4.07","4.09","3.99","17.43M","0.39%"
"03/25/2018","4.01","4.01","4.06","3.98","1.19M","-1.47%"
"03/22/2018","4.07","4.09","4.14","4.03","2.40M","-2.01%"
"03/21/2018","4.15","4.05","4.24","4.05","3.43M","1.83%"
"03/20/2018","4.08","4.17","4.21","4.06","2.19M","-3.29%"
"03/19/2018","4.22","4.06","4.33","4.06","7.64M","4.00%"
"03/18/2018","4.06","4.08","4.13","3.97","5.31M","0.00%"
"03/15/2018","4.05","4.11","4.11","4.01","2.53M","-1.00%"
"03/14/2018","4.10","4.22","4.22","4.02","3.64M","-3.73%"
"03/13/2018","4.25","4.31","4.31","4.19","3.38M","-0.65%"
"03/12/2018","4.28","4.27","4.33","4.24","3.98M","0.36%"
"03/11/2018","4.27","4.28","4.29","4.23","2.10M","0.37%"
"03/08/2018","4.25","4.33","4.33","4.23","1.81M","-1.42%"
"03/07/2018","4.31","4.33","4.33","4.24","3.46M","-1.77%"
"03/06/2018","4.39","4.38","4.44","4.31","5.13M","2.38%"
"03/05/2018","4.29","4.13","4.34","4.13","18.75M","4.35%"
"03/04/2018","4.11","4.06","4.11","4.06","13.81M","0.96%"
"03/01/2018","4.07","4.08","4.10","4.02","3.65M","-1.05%"
"02/28/2018","4.11","4.09","4.16","4.07","2.61M","-0.91%"
"02/27/2018","4.15","4.17","4.22","4.11","7.81M","-0.13%"
"02/26/2018","4.16","4.17","4.17","4.11","6.90M","0.00%"
"02/25/2018","4.15","4.09","4.17","4.09","919.50K","1.52%"
"02/22/2018","4.09","4.11","4.11","4.07","463.48K","-0.78%"
"02/21/2018","4.12","4.18","4.20","4.07","878.99K","-1.15%"
"02/20/2018","4.17","4.20","4.21","4.13","1.13M","-0.58%"
"02/19/2018","4.20","4.14","4.27","4.11","7.97M","2.39%"
"02/18/2018","4.10","4.00","4.15","4.00","11.41M","3.94%"
"02/15/2018","3.94","3.88","3.99","3.88","3.07M","1.43%"
"02/14/2018","3.89","3.88","3.94","3.83","1.79M","1.16%"
"02/13/2018","3.84","3.93","3.93","3.78","1.23M","-2.26%"
"02/12/2018","3.93","3.83","3.97","3.83","1.81M","1.20%"
"02/11/2018","3.89","3.90","3.92","3.83","737.61K","-1.41%"
"02/08/2018","3.94","3.96","4.00","3.89","1.56M","-0.56%"
"02/07/2018","3.96","3.98","4.00","3.91","2.12M","1.42%"
"02/06/2018","3.91","3.89","3.96","3.78","4.19M","-2.20%"
"02/05/2018","4.00","3.99","4.05","3.91","2.25M","2.71%"
"02/04/2018","3.89","3.89","3.98","3.80","2.27M","-1.02%"
"02/01/2018","3.93","3.89","3.98","3.89","4.47M","0.43%"
"01/31/2018","3.91","4.07","4.07","3.85","5.51M","-3.32%"
"01/30/2018","4.05","4.08","4.08","4.01","1.85M","-2.49%"
"01/29/2018","4.15","4.12","4.19","4.07","6.20M","1.83%"
"01/28/2018","4.08","4.00","4.14","3.96","7.28M","2.74%"
"01/24/2018","3.97","4.01","4.02","3.93","2.91M","-0.50%"
"01/23/2018","3.99","4.01","4.06","3.96","1.83M","-0.42%"
"01/22/2018","4.00","4.06","4.06","3.98","1.83M","-1.34%"
"01/21/2018","4.06","4.11","4.11","4.03","1.63M","-1.06%"
"01/18/2018","4.10","4.13","4.13","4.07","12.58M","0.33%"
"01/17/2018","4.09","4.01","4.13","4.00","9.97M","1.97%"
"01/16/2018","4.01","4.04","4.07","3.98","4.31M","0.00%"
"01/15/2018","4.01","4.10","4.10","4.00","7.62M","-1.58%"
"01/14/2018","4.07","4.04","4.09","4.04","8.81M","1.89%"
"01/11/2018","4.00","3.94","4.05","3.93","16.24M","1.24%"
"01/10/2018","3.95","3.94","3.99","3.89","10.25M","1.77%"
"01/09/2018","3.88","3.89","3.91","3.81","11.59M","2.61%"
"01/08/2018","3.78","3.73","3.91","3.71","13.14M","0.24%"
"01/04/2018","3.77","3.76","3.86","3.71","5.45M","0.15%"
"01/03/2018","3.77","3.83","3.83","3.73","4.22M","-2.22%"
"01/02/2018","3.85","3.89","3.92","3.80","5.18M","-1.45%"
"12/31/2017","3.91","3.89","4.00","3.85","7.05M","-0.17%"
"12/28/2017","3.92","3.98","4.00","3.84","2.28M","-1.56%"
"12/27/2017","3.98","3.87","4.03","3.87","7.46M","2.96%"
"12/26/2017","3.86","3.83","3.93","3.79","3.54M","-0.54%"
"12/25/2017","3.89","3.86","3.97","3.78","7.79M","0.66%"
"12/24/2017","3.86","3.81","3.90","3.80","3.24M","1.22%"
"12/21/2017","3.81","3.89","3.94","3.73","5.48M","-0.67%"
"12/20/2017","3.84","3.63","4.00","3.61","8.52M","3.29%"
"12/19/2017","3.72","3.66","3.81","3.66","5.82M","1.86%"
"12/18/2017","3.65","3.67","3.72","3.61","2.29M","-3.04%"
"12/17/2017","3.76","3.78","3.85","3.67","3.97M","0.56%"
"12/14/2017","3.74","3.67","3.79","3.67","5.44M","1.14%"
"12/13/2017","3.70","3.67","3.75","3.63","6.55M","3.90%"
"12/12/2017","3.56","3.39","3.67","3.39","21.80M","5.74%"
"12/11/2017","3.37","3.35","3.41","3.33","3.43M","0.60%"
"12/10/2017","3.35","3.32","3.39","3.32","6.91M","2.20%"
"12/07/2017","3.28","3.28","3.30","3.26","2.58M","0.00%"
"12/06/2017","3.28","3.29","3.30","3.23","3.78M","-0.37%"
"12/05/2017","3.29","3.28","3.33","3.27","2.56M","-0.37%"
"12/04/2017","3.30","3.35","3.35","3.28","6.74M","0.00%"
"12/03/2017","3.30","3.23","3.35","3.22","4.54M","2.27%"
"11/29/2017","3.23","3.16","3.27","3.16","18.23M","2.72%"
"11/28/2017","3.14","3.13","3.18","3.12","6.39M","1.58%"
"11/27/2017","3.09","3.08","3.13","3.06","2.06M","-0.32%"
"11/26/2017","3.10","3.04","3.16","3.04","7.61M","0.72%"
"11/23/2017","3.08","3.09","3.13","3.03","9.15M","0.84%"
"11/22/2017","3.06","3.06","3.09","3.04","1.41M","0.55%"
"11/21/2017","3.04","3.00","3.09","3.00","7.11M","3.28%"
"11/20/2017","2.94","2.91","3.00","2.89","5.67M","-1.67%"
"11/19/2017","2.99","3.06","3.09","2.93","2.29M","-2.32%"
"11/16/2017","3.06","3.08","3.14","3.02","4.18M","-1.89%"
"11/15/2017","3.12","3.22","3.22","3.06","2.82M","-1.75%"
"11/14/2017","3.18","3.21","3.22","3.16","2.79M","-0.80%"
"11/13/2017","3.20","3.22","3.23","3.17","3.51M","-0.65%"
"11/12/2017","3.23","3.26","3.28","3.19","3.94M","-0.96%"
"11/09/2017","3.26","3.32","3.32","3.22","7.71M","-0.91%"
"11/08/2017","3.29","3.29","3.32","3.24","6.11M","0.00%"
"11/07/2017","3.29","3.29","3.34","3.24","7.14M","-2.66%"
"11/06/2017","3.38","3.41","3.49","3.28","11.52M","-1.23%"
"11/05/2017","3.42","3.44","3.51","3.33","7.47M","-0.29%"
"11/02/2017","3.43","3.39","3.48","3.37","9.88M","1.34%"
"11/01/2017","3.39","3.33","3.44","3.33","6.70M","0.00%"
"10/31/2017","3.39","3.39","3.46","3.32","13.59M","-0.52%"
"10/30/2017","3.40","3.36","3.44","3.33","21.78M","3.06%"
"10/29/2017","3.30","3.23","3.36","3.21","15.94M","2.45%"
"10/26/2017","3.22","3.25","3.26","3.19","5.58M","0.00%"
"10/25/2017","3.22","3.17","3.26","3.15","12.44M","1.15%"
"10/24/2017","3.19","3.17","3.22","3.14","9.94M","2.25%"
"10/23/2017","3.12","3.11","3.17","3.07","8.00M","0.32%"
"10/22/2017","3.11","3.18","3.18","3.06","2.61M","-2.48%"
"10/19/2017","3.19","3.16","3.25","3.12","4.90M","0.81%"
"10/18/2017","3.16","3.16","3.19","3.12","2.76M","2.08%"
"10/17/2017","3.10","3.07","3.15","3.05","2.13M","0.22%"
"10/16/2017","3.09","3.17","3.17","3.04","4.43M","-2.93%"
"10/15/2017","3.18","3.24","3.26","3.14","3.17M","-2.39%"
"10/12/2017","3.26","3.25","3.29","3.23","6.55M","0.69%"
"10/11/2017","3.24","3.23","3.26","3.20","5.03M","0.00%"
"10/10/2017","3.24","3.19","3.27","3.18","7.81M","1.32%"
"10/09/2017","3.20","3.20","3.25","3.14","8.05M","1.48%"
"10/08/2017","3.15","3.12","3.20","3.10","3.86M","0.78%"
"10/04/2017","3.13","3.16","3.18","3.10","5.24M","-0.57%"
"10/03/2017","3.14","3.11","3.17","3.06","5.27M","-0.32%"
"10/02/2017","3.15","3.17","3.22","3.10","8.32M","-0.77%"
"10/01/2017","3.18","3.11","3.22","3.11","10.83M","2.29%"
"09/28/2017","3.11","3.04","3.15","3.04","11.18M","3.52%"
"09/27/2017","3.00","2.97","3.03","2.97","5.30M","-0.74%"
"09/26/2017","3.02","3.05","3.09","2.95","3.10M","-1.45%"
"09/25/2017","3.07","3.06","3.11","3.05","5.04M","0.40%"
"09/24/2017","3.06","3.11","3.11","3.05","1.50M","-0.94%"
"09/20/2017","3.08","3.11","3.11","3.06","2.36M","-1.17%"
"09/19/2017","3.12","3.04","3.16","3.04","10.41M","4.19%"
"09/18/2017","3.00","3.03","3.03","2.97","3.26M","0.00%"
"09/17/2017","3.00","3.05","3.05","2.97","1.65M","-1.42%"
"09/14/2017","3.04","2.99","3.07","2.99","6.62M","2.16%"
"09/13/2017","2.98","2.97","3.00","2.96","3.21M","-0.37%"
"09/12/2017","2.99","2.96","3.02","2.94","6.32M","0.45%"
"09/11/2017","2.98","2.97","3.02","2.94","3.61M","0.87%"
"09/10/2017","2.95","2.95","2.98","2.93","1.83M","1.76%"
"09/07/2017","2.90","2.85","2.97","2.83","11.42M","2.92%"
"09/06/2017","2.82","2.79","2.86","2.78","5.79M","1.08%"
"09/05/2017","2.79","2.76","2.80","2.75","1.10M","1.29%"
"08/30/2017","2.75","2.71","2.78","2.70","5.40M","1.73%"
"08/29/2017","2.70","2.68","2.72","2.67","3.26M","1.76%"
"08/28/2017","2.66","2.66","2.69","2.63","3.89M","-0.71%"
"08/27/2017","2.68","2.68","2.73","2.63","1.69M","0.38%"
"08/24/2017","2.67","2.74","2.74","2.63","3.71M","-3.65%"
"08/23/2017","2.77","2.85","2.86","2.68","2.99M","-2.50%"
"08/22/2017","2.84","2.84","2.86","2.81","1.50M","0.00%"
"08/21/2017","2.84","2.84","2.87","2.83","1.60M","0.35%"
"08/20/2017","2.83","2.86","2.86","2.82","1.32M","-1.09%"
"08/17/2017","2.86","2.90","2.94","2.84","1.50M","-0.35%"
"08/16/2017","2.87","2.86","2.90","2.85","1.28M","0.51%"
"08/15/2017","2.86","2.92","2.92","2.83","2.65M","-1.23%"
"08/14/2017","2.90","2.97","2.97","2.88","3.39M","-3.12%"
"08/13/2017","2.99","3.04","3.04","2.96","1.35M","-3.27%"
"08/10/2017","3.09","3.08","3.11","3.03","3.12M","-0.25%"
"08/09/2017","3.10","3.11","3.11","3.07","2.00M","0.00%"
"08/08/2017","3.10","3.10","3.12","3.07","5.32M","-0.21%"
"08/07/2017","3.11","3.12","3.16","3.06","6.09M","0.00%"
"08/06/2017","3.11","3.04","3.13","3.04","13.00M","3.29%"
"08/03/2017","3.01","2.89","3.08","2.89","16.30M","4.68%"
"08/02/2017","2.87","2.85","2.89","2.83","3.80M","1.69%"
"08/01/2017","2.83","2.86","2.86","2.81","1.82M","-1.32%"
"07/31/2017","2.86","2.89","2.89","2.83","1.45M","-0.35%"
"07/30/2017","2.87","2.89","2.92","2.85","2.31M","-2.52%"
"07/27/2017","2.95","2.99","3.00","2.90","5.91M","0.00%"
"07/26/2017","2.95","2.91","2.99","2.90","3.46M","1.10%"
"07/25/2017","2.92","2.91","2.93","2.91","3.04M","0.88%"
"07/24/2017","2.89","2.92","2.92","2.88","1.97M","0.19%"
"07/20/2017","2.89","2.92","2.92","2.87","2.72M","0.00%"
"07/19/2017","2.89","2.90","2.91","2.87","3.26M","-0.34%"
"07/18/2017","2.90","2.96","2.97","2.84","4.14M","-2.46%"
"07/17/2017","2.98","3.00","3.00","2.95","3.24M","-0.37%"
"07/16/2017","2.99","3.00","3.00","2.98","1.19M","-1.21%"
"07/13/2017","3.02","2.97","3.05","2.97","9.48M","1.76%"
"07/12/2017","2.97","3.00","3.01","2.95","2.76M","-0.82%"
"07/11/2017","3.00","3.00","3.04","2.97","5.67M","1.35%"
"07/10/2017","2.96","2.99","3.00","2.93","5.86M","-0.37%"
"07/09/2017","2.97","3.03","3.03","2.93","4.30M","-2.91%"
"07/06/2017","3.06","3.06","3.09","3.04","2.86M","-0.33%"
"07/05/2017","3.07","3.09","3.11","3.06","2.82M","-1.25%"
"07/04/2017","3.10","3.15","3.16","3.08","3.24M","-1.06%"
"07/03/2017","3.14","3.18","3.18","3.12","1.23M","-1.84%"
"07/02/2017","3.20","3.21","3.24","3.17","2.07M","-0.93%"
"06/28/2017","3.23","3.12","3.28","3.11","15.05M","2.65%"
"06/22/2017","3.14","3.13","3.16","3.12","5.49M","1.29%"
"06/21/2017","3.10","3.03","3.12","3.02","9.15M","1.34%"
"06/20/2017","3.06","3.05","3.10","3.02","3.80M","0.00%"
"06/19/2017","3.06","3.07","3.09","3.04","3.14M","-0.36%"
"06/18/2017","3.07","3.14","3.14","3.06","2.19M","-0.50%"
"06/15/2017","3.09","3.09","3.10","3.06","4.02M","-0.75%"
"06/14/2017","3.11","3.15","3.16","3.06","5.76M","-0.39%"
"06/13/2017","3.12","3.09","3.17","3.09","9.37M","0.68%"
"06/12/2017","3.10","3.14","3.14","3.06","8.80M","-1.69%"
"06/11/2017","3.15","3.16","3.19","3.13","6.29M","-1.29%"
"06/08/2017","3.20","3.19","3.22","3.16","10.11M","0.00%"
"06/07/2017","3.19","3.18","3.23","3.16","15.47M","0.70%"
"06/06/2017","3.17","3.16","3.20","3.14","10.57M","0.56%"
"06/05/2017","3.15","3.17","3.20","3.13","6.80M","-0.42%"
"06/04/2017","3.17","3.21","3.22","3.12","13.09M","0.42%"
"06/01/2017","3.15","3.07","3.22","3.07","33.97M","5.03%"
"05/31/2017","3.00","2.95","3.08","2.90","23.83M","1.35%"
"05/30/2017","2.96","2.91","3.00","2.91","14.44M","2.11%"
"05/29/2017","2.90","2.93","2.93","2.88","10.10M","0.69%"
"05/28/2017","2.88","2.89","2.92","2.83","6.29M","0.00%"
"05/25/2017","2.88","2.91","2.93","2.86","6.78M","-1.52%"
"05/24/2017","2.93","2.90","2.96","2.90","6.16M","1.23%"
"05/23/2017","2.89","2.84","2.94","2.81","6.64M","1.32%"
"05/22/2017","2.86","2.92","2.92","2.75","9.27M","-4.10%"
"05/21/2017","2.98","2.95","3.00","2.94","5.32M","-0.45%"
"05/18/2017","2.99","2.95","3.03","2.94","13.26M","2.05%"
"05/17/2017","2.93","2.89","2.98","2.87","12.20M","2.81%"
"05/16/2017","2.85","2.81","2.89","2.80","9.19M","1.14%"
"05/15/2017","2.82","2.84","2.87","2.79","4.61M","-1.36%"
"05/14/2017","2.86","2.90","2.92","2.83","5.01M","-1.68%"
"05/11/2017","2.91","2.95","2.96","2.87","9.95M","-2.50%"
"05/10/2017","2.98","3.03","3.04","2.93","10.03M","-0.63%"
"05/09/2017","3.00","2.95","3.06","2.94","14.21M","0.67%"
"05/08/2017","2.98","3.00","3.04","2.94","8.92M","-0.56%"
"05/07/2017","3.00","2.95","3.03","2.95","7.14M","1.01%"
"05/04/2017","2.97","2.93","2.99","2.93","12.73M","2.61%"
"05/03/2017","2.89","2.85","2.93","2.83","6.59M","1.21%"
"05/02/2017","2.86","2.88","2.90","2.83","2.61M","0.98%"
"04/30/2017","2.83","2.82","2.86","2.79","3.92M","-1.74%"
"04/27/2017","2.88","2.92","2.96","2.82","7.22M","-0.58%"
"04/26/2017","2.90","2.83","2.94","2.81","15.52M","3.25%"
"04/24/2017","2.80","2.81","2.87","2.77","9.55M","-1.14%"
"04/23/2017","2.84","2.91","2.93","2.76","10.39M","-4.13%"
"04/20/2017","2.96","3.00","3.01","2.91","6.22M","-1.08%"
"04/19/2017","2.99","3.08","3.09","2.95","7.63M","-2.89%"
"04/18/2017","3.08","3.12","3.13","3.04","6.69M","-0.32%"
"04/13/2017","3.09","3.07","3.10","3.07","2.88M","-0.57%"
"04/12/2017","3.11","3.10","3.16","3.06","9.41M","0.00%"
"04/11/2017","3.11","3.14","3.14","3.07","5.31M","-0.25%"
"04/10/2017","3.11","3.11","3.14","3.10","4.79M","0.36%"
"04/09/2017","3.10","3.16","3.20","3.03","5.26M","-2.51%"
"04/06/2017","3.18","3.22","3.22","3.16","4.04M","-1.72%"
"04/05/2017","3.24","3.32","3.32","3.19","9.46M","-1.92%"
"04/04/2017","3.30","3.28","3.35","3.23","9.93M","1.61%"
"04/03/2017","3.25","3.17","3.28","3.17","5.91M","1.35%"
"04/02/2017","3.21","3.28","3.28","3.16","4.06M","-1.90%"
"03/30/2017","3.27","3.24","3.31","3.22","7.41M","1.13%"
"03/29/2017","3.23","3.27","3.27","3.20","4.61M","-1.39%"
"03/28/2017","3.28","3.28","3.33","3.23","6.73M","-0.81%"
"03/27/2017","3.30","3.36","3.36","3.26","3.99M","-1.36%"
"03/26/2017","3.35","3.33","3.39","3.32","5.07M","0.80%"
"03/23/2017","3.32","3.34","3.37","3.28","4.07M","-0.17%"
"03/22/2017","3.33","3.36","3.37","3.31","6.15M","-0.53%"
"03/21/2017","3.35","3.38","3.40","3.31","7.59M","-0.89%"
"03/20/2017","3.38","3.44","3.44","3.33","7.21M","-2.13%"
"03/19/2017","3.45","3.42","3.51","3.39","14.16M","2.99%"
"03/16/2017","3.35","3.27","3.42","3.27","27.52M","2.41%"
"03/15/2017","3.27","3.28","3.29","3.23","9.69M","0.65%"
"03/14/2017","3.25","3.27","3.30","3.21","14.62M","0.24%"
"03/13/2017","3.24","3.20","3.29","3.20","16.84M","1.39%"
"03/12/2017","3.20","3.21","3.24","3.16","9.44M","0.17%"
"03/09/2017","3.19","3.22","3.26","3.14","6.89M","-1.07%"
"03/08/2017","3.23","3.17","3.28","3.16","11.78M","0.69%"
"03/07/2017","3.20","3.30","3.30","3.13","18.71M","1.16%"
"03/06/2017","3.17","2.97","3.30","2.93","26.53M","5.44%"
"03/05/2017","3.00","3.03","3.05","2.96","6.79M","1.20%"
"03/02/2017","2.97","2.89","3.03","2.89","10.78M","3.61%"
"03/01/2017","2.87","2.89","2.91","2.83","3.96M","0.51%"
"02/28/2017","2.85","2.86","2.89","2.81","5.97M","-1.95%"
"02/27/2017","2.91","2.96","2.97","2.86","5.33M","-2.10%"
"02/26/2017","2.97","3.02","3.03","2.95","5.50M","-0.96%"
"02/23/2017","3.00","2.98","3.08","2.89","15.56M","0.41%"
"02/22/2017","2.99","3.06","3.06","2.94","5.75M","-1.93%"
"02/21/2017","3.05","3.04","3.08","3.02","5.40M","2.01%"
"02/20/2017","2.99","2.96","3.04","2.91","7.87M","-0.63%"
"02/19/2017","3.00","3.08","3.10","2.94","4.97M","-2.06%"
"02/16/2017","3.07","3.05","3.10","3.03","6.58M","2.64%"
"02/15/2017","2.99","2.93","3.04","2.91","6.75M","-0.85%"
"02/14/2017","3.01","3.11","3.13","2.90","6.13M","-2.37%"
"02/13/2017","3.09","3.15","3.16","3.03","8.66M","-2.53%"
"02/12/2017","3.17","3.14","3.20","3.13","5.29M","0.35%"
"02/09/2017","3.16","3.18","3.20","3.14","4.11M","-1.39%"
"02/08/2017","3.20","3.25","3.27","3.14","11.00M","-0.28%"
"02/07/2017","3.21","3.16","3.25","3.14","14.07M","2.01%"
"02/06/2017","3.15","3.21","3.23","3.11","14.51M","-2.85%"
"02/05/2017","3.24","3.29","3.33","3.16","12.84M","-0.31%"
"02/02/2017","3.25","3.21","3.29","3.20","11.68M","1.28%"
"02/01/2017","3.21","3.24","3.30","3.16","11.16M","-1.37%"
"01/31/2017","3.25","3.29","3.32","3.18","14.56M","-3.75%"
"01/30/2017","3.38","3.39","3.48","3.24","16.12M","-1.04%"
"01/29/2017","3.41","3.41","3.46","3.37","13.95M","0.69%"
"01/26/2017","3.39","3.36","3.44","3.36","13.97M","3.60%"
"01/24/2017","3.27","3.22","3.36","3.15","19.63M","0.96%"
"01/23/2017","3.24","3.24","3.30","3.18","14.25M","2.06%"
"01/22/2017","3.18","3.12","3.23","3.07","13.53M","1.31%"
"01/19/2017","3.14","3.22","3.25","3.00","22.50M","-4.95%"
"01/18/2017","3.30","3.38","3.42","3.11","27.18M","0.00%"
"01/17/2017","3.30","3.22","3.38","3.21","27.52M","3.66%"
"01/16/2017","3.18","3.21","3.23","3.12","8.17M","-1.82%"
"01/15/2017","3.24","3.20","3.29","3.19","11.15M","0.62%"
"01/12/2017","3.22","3.18","3.26","3.17","19.37M","1.97%"
"01/11/2017","3.16","3.22","3.22","3.11","28.86M","-1.90%"
"01/10/2017","3.22","3.17","3.31","3.15","28.89M","6.78%"
"01/09/2017","3.02","2.96","3.15","2.91","29.80M","1.76%"
"01/08/2017","2.96","3.00","3.03","2.89","11.65M","0.72%"
"01/05/2017","2.94","2.91","3.03","2.87","26.34M","2.67%"
"01/04/2017","2.87","2.78","2.93","2.76","28.09M","5.22%"
"01/03/2017","2.72","2.74","2.77","2.67","10.79M","-0.28%"
"01/02/2017","2.73","2.76","2.78","2.68","7.46M","-0.89%"
"12/29/2016","2.76","2.79","2.82","2.70","10.90M","-1.66%"
"12/28/2016","2.80","2.78","2.86","2.76","17.98M","2.35%"
"12/27/2016","2.74","2.71","2.78","2.69","12.35M","0.98%"
"12/26/2016","2.71","2.72","2.76","2.68","9.56M","-0.81%"
"12/25/2016","2.73","2.76","2.79","2.68","14.39M","-2.15%"
"12/22/2016","2.79","2.81","2.87","2.70","24.47M","-0.44%"
"12/21/2016","2.81","2.77","2.86","2.76","23.34M","0.52%"
"12/20/2016","2.79","2.84","2.88","2.73","22.96M","2.49%"
"12/19/2016","2.72","2.66","2.86","2.60","46.89M","2.81%"
"12/18/2016","2.65","2.67","2.69","2.61","28.87M","2.62%"
"12/15/2016","2.58","2.57","2.63","2.53","31.64M","-1.19%"
"12/14/2016","2.61","2.66","2.70","2.53","32.27M","-2.61%"
"12/13/2016","2.68","2.77","2.80","2.62","25.79M","-3.05%"
"12/12/2016","2.77","2.71","2.82","2.71","21.45M","7.70%"
"12/08/2016","2.57","2.44","2.71","2.42","47.29M","4.47%"
"12/07/2016","2.46","2.47","2.53","2.41","39.70M","3.85%"
"12/06/2016","2.37","2.31","2.47","2.30","44.17M","3.85%"
"12/05/2016","2.28","2.26","2.32","2.25","22.00M","1.13%"
"12/04/2016","2.26","2.28","2.29","2.23","9.74M","-1.98%"
"12/01/2016","2.30","2.37","2.37","2.26","21.18M","-3.36%"
"11/30/2016","2.38","2.41","2.44","2.34","15.09M","0.48%"
"11/29/2016","2.37","2.33","2.43","2.31","20.84M","2.08%"
"11/28/2016","2.32","2.27","2.39","2.25","24.43M","1.63%"
"11/27/2016","2.28","2.29","2.33","2.22","17.27M","-1.07%"
"11/24/2016","2.31","2.45","2.48","2.20","28.83M","2.44%"
"11/23/2016","2.25","2.26","2.26","2.22","28.20M","9.90%"
"11/22/2016","2.05","1.92","2.11","1.92","28.51M","6.78%"
"11/21/2016","1.92","1.89","1.97","1.86","18.57M","3.52%"
"11/20/2016","1.86","1.81","1.90","1.77","15.88M","2.22%"
"11/17/2016","1.81","1.84","1.89","1.76","17.89M","-1.57%"
"11/16/2016","1.84","1.81","1.88","1.81","14.41M","3.11%"
"11/15/2016","1.79","1.77","1.81","1.75","9.10M","0.00%"
"11/14/2016","1.79","1.75","1.84","1.74","25.87M","0.64%"
"11/13/2016","1.78","1.83","1.84","1.74","21.46M","1.04%"
"11/10/2016","1.76","1.70","1.82","1.69","29.20M","4.33%"
"11/09/2016","1.69","1.63","1.72","1.63","10.40M","-1.17%"
"11/08/2016","1.71","1.72","1.74","1.65","20.90M","1.62%"
"11/07/2016","1.68","1.66","1.72","1.61","25.47M","2.01%"
"11/06/2016","1.65","1.58","1.68","1.58","15.44M","0.00%"
"11/03/2016","1.64","1.67","1.72","1.57","32.01M","1.84%"
"11/02/2016","1.61","1.65","1.67","1.58","8.24M","-0.84%"
"11/01/2016","1.63","1.62","1.65","1.60","6.63M","0.00%"
"10/31/2016","1.62","1.61","1.64","1.61","9.47M","-0.56%"
"10/30/2016","1.63","1.65","1.67","1.60","5.83M","1.07%"
"10/27/2016","1.61","1.58","1.64","1.58","9.11M","1.82%"
"10/26/2016","1.59","1.57","1.60","1.57","5.89M","-0.73%"
"10/25/2016","1.60","1.60","1.62","1.57","10.62M","0.54%"
"10/24/2016","1.59","1.61","1.61","1.58","6.38M","0.00%"
"10/23/2016","1.59","1.56","1.62","1.55","10.35M","4.88%"
"10/20/2016","1.52","1.45","1.57","1.45","13.69M","5.39%"
"10/19/2016","1.44","1.45","1.47","1.42","4.32M","-1.14%"
"10/18/2016","1.46","1.46","1.47","1.44","7.33M","0.00%"
"10/17/2016","1.46","1.46","1.47","1.43","5.44M","-1.11%"
"10/16/2016","1.47","1.50","1.51","1.43","7.92M","1.24%"
"10/13/2016","1.45","1.39","1.50","1.39","17.32M","5.63%"
"10/12/2016","1.38","1.40","1.41","1.36","2.89M","-1.02%"
"10/11/2016","1.39","1.39","1.41","1.37","3.28M","-0.99%"
"10/10/2016","1.40","1.44","1.44","1.37","2.52M","-3.55%"
"10/09/2016","1.46","1.45","1.47","1.44","4.20M","-0.83%"
"10/05/2016","1.47","1.44","1.49","1.43","6.28M","0.97%"
"10/04/2016","1.45","1.47","1.47","1.44","1.14M","0.00%"
"10/03/2016","1.46","1.44","1.47","1.44","3.13M","3.20%"
"09/29/2016","1.41","1.42","1.42","1.41","1.66M","0.57%"
"09/28/2016","1.41","1.41","1.42","1.39","2.44M","-0.67%"
"09/27/2016","1.41","1.42","1.42","1.40","1.46M","0.00%"
"09/26/2016","1.42","1.42","1.43","1.40","2.04M","0.97%"
"09/25/2016","1.40","1.40","1.42","1.39","691.31K","-0.96%"
"09/22/2016","1.42","1.41","1.42","1.41","616.21K","0.00%"
"09/21/2016","1.42","1.42","1.44","1.39","2.25M","-2.16%"
"09/20/2016","1.45","1.47","1.47","1.43","691.09K","0.95%"
"09/19/2016","1.44","1.46","1.46","1.40","1.71M","0.00%"
"09/18/2016","1.44","1.45","1.45","1.43","1.94M","-2.28%"
"09/15/2016","1.47","1.47","1.47","1.46","2.02M","-1.19%"
"09/14/2016","1.49","1.49","1.49","1.48","146.52K","-0.89%"
"09/08/2016","1.50","1.53","1.53","1.50","1.70M","-0.95%"
"09/07/2016","1.52","1.51","1.53","1.51","1.37M","-1.62%"
"09/06/2016","1.54","1.53","1.56","1.52","4.16M","-0.95%"
"09/05/2016","1.56","1.56","1.58","1.54","2.05M","0.88%"
"09/04/2016","1.54","1.51","1.56","1.51","2.52M","1.52%"
"09/01/2016","1.52","1.55","1.55","1.51","1.87M","-1.10%"
"08/31/2016","1.54","1.53","1.55","1.53","2.36M","1.34%"
"08/30/2016","1.52","1.50","1.53","1.50","2.60M","0.00%"
"08/29/2016","1.51","1.51","1.53","1.50","1.32M","0.78%"
"08/28/2016","1.50","1.50","1.51","1.49","1.15M","-1.55%"
"08/25/2016","1.52","1.53","1.54","1.51","2.98M","-1.01%"
"08/24/2016","1.54","1.55","1.57","1.53","1.88M","-0.73%"
"08/23/2016","1.55","1.54","1.58","1.54","2.55M","-1.88%"
"08/22/2016","1.58","1.60","1.61","1.54","9.04M","-1.42%"
"08/21/2016","1.60","1.57","1.62","1.57","7.85M","0.56%"
"08/18/2016","1.59","1.62","1.62","1.58","6.92M","0.54%"
"08/17/2016","1.59","1.53","1.61","1.53","14.83M","3.59%"
"08/16/2016","1.53","1.52","1.54","1.52","3.38M","0.00%"
"08/15/2016","1.53","1.56","1.57","1.52","3.50M","-0.61%"
"08/14/2016","1.54","1.54","1.55","1.53","1.35M","-1.62%"
"08/11/2016","1.56","1.55","1.58","1.53","10.65M","1.40%"
"08/10/2016","1.54","1.53","1.55","1.50","5.34M","1.46%"
"08/09/2016","1.52","1.54","1.54","1.50","3.11M","-1.10%"
"08/08/2016","1.54","1.53","1.56","1.52","8.12M","0.55%"
"08/07/2016","1.53","1.53","1.54","1.52","3.10M","-1.47%"
"08/04/2016","1.55","1.56","1.57","1.53","7.61M","0.00%"
"08/03/2016","1.55","1.54","1.57","1.53","8.44M","1.40%"
"08/02/2016","1.53","1.50","1.54","1.50","10.60M","2.56%"
"08/01/2016","1.49","1.49","1.51","1.47","6.77M","0.00%"
"07/31/2016","1.48","1.50","1.51","1.47","2.41M","-0.85%"
"07/28/2016","1.50","1.47","1.51","1.47","10.34M","0.43%"
"07/27/2016","1.49","1.48","1.51","1.47","26.16M","3.79%"
"07/26/2016","1.44","1.44","1.46","1.42","7.34M","0.90%"
"07/25/2016","1.42","1.42","1.44","1.39","9.10M","-0.41%"
"07/24/2016","1.43","1.42","1.45","1.39","5.64M","3.29%"
"07/21/2016","1.38","1.36","1.41","1.36","1.80M","1.57%"
"07/20/2016","1.36","1.37","1.38","1.36","1.38M","-1.68%"
"07/19/2016","1.39","1.39","1.40","1.37","1.53M","-0.87%"
"07/18/2016","1.40","1.43","1.43","1.37","2.28M","-0.87%"
"07/17/2016","1.41","1.39","1.42","1.39","3.18M","0.00%"
"07/14/2016","1.41","1.40","1.43","1.38","7.36M","1.37%"
"07/13/2016","1.39","1.38","1.41","1.37","8.20M","3.38%"
"07/12/2016","1.35","1.31","1.39","1.31","3.75M","0.00%"
"07/11/2016","1.35","1.42","1.42","1.31","5.16M","-3.48%"
"07/10/2016","1.40","1.36","1.43","1.36","6.11M","5.07%"
"07/04/2016","1.33","1.26","1.36","1.26","5.81M","4.79%"
"07/03/2016","1.27","1.28","1.28","1.24","890.71K","1.26%"
"06/29/2016","1.25","1.22","1.27","1.21","2.40M","3.18%"
"06/28/2016","1.22","1.19","1.25","1.19","1.22M","4.17%"
"06/27/2016","1.17","1.22","1.22","1.16","1.81M","0.00%"
"06/26/2016","1.16","1.17","1.21","1.14","5.92M","-7.61%"
"06/23/2016","1.26","1.24","1.28","1.24","1.46M","2.00%"
"06/22/2016","1.24","1.25","1.25","1.22","933.99K","-1.83%"
"06/21/2016","1.26","1.28","1.29","1.23","3.24M","0.00%"
"06/20/2016","1.26","1.28","1.30","1.22","1.68M","-2.71%"
"06/19/2016","1.29","1.32","1.32","1.27","824.37K","-2.06%"
"06/16/2016","1.32","1.33","1.33","1.31","2.83M","0.00%"
"06/15/2016","1.32","1.35","1.35","1.32","2.32M","-1.22%"
"06/14/2016","1.34","1.35","1.36","1.33","1.73M","-1.57%"
"06/13/2016","1.36","1.36","1.39","1.35","1.76M","-0.57%"
"06/12/2016","1.37","1.39","1.39","1.36","537.73K","-1.64%"
"06/09/2016","1.39","1.40","1.40","1.39","1.15M","-0.73%"
"06/08/2016","1.40","1.39","1.42","1.39","5.00M","1.59%"
"06/07/2016","1.38","1.36","1.39","1.36","2.97M","1.55%"
"06/06/2016","1.36","1.34","1.36","1.34","2.85M","1.64%"
"06/05/2016","1.34","1.34","1.34","1.33","669.78K","-0.50%"
"06/02/2016","1.34","1.34","1.36","1.33","3.49M","2.00%"
"06/01/2016","1.32","1.28","1.33","1.28","5.22M","1.91%"
"05/31/2016","1.29","1.30","1.31","1.29","2.48M","0.00%"
"05/30/2016","1.29","1.31","1.31","1.28","1.49M","-1.02%"
"05/29/2016","1.31","1.32","1.32","1.30","740.20K","-0.80%"
"05/26/2016","1.32","1.31","1.33","1.31","1.09M","-0.42%"
"05/25/2016","1.32","1.33","1.35","1.32","2.11M","0.00%"
"05/24/2016","1.33","1.31","1.35","1.31","5.10M","0.84%"
"05/23/2016","1.32","1.30","1.32","1.30","1.04M","0.00%"
"05/22/2016","1.31","1.33","1.33","1.31","608.40K","-1.11%"
"05/19/2016","1.33","1.32","1.33","1.31","1.61M","-1.91%"
"05/18/2016","1.35","1.38","1.39","1.33","2.64M","0.00%"
"05/17/2016","1.36","1.32","1.38","1.32","7.87M","3.45%"
"05/16/2016","1.31","1.31","1.33","1.30","2.84M","0.51%"
"05/15/2016","1.30","1.31","1.31","1.28","3.27M","-1.90%"
"05/12/2016","1.33","1.33","1.33","1.31","4.65M","0.46%"
"05/11/2016","1.32","1.33","1.34","1.31","1.24M","0.00%"
"05/10/2016","1.33","1.37","1.37","1.31","4.20M","-3.34%"
"05/09/2016","1.37","1.37","1.39","1.36","1.97M","0.00%"
"05/08/2016","1.37","1.36","1.38","1.36","978.27K","-0.84%"
"05/05/2016","1.38","1.37","1.39","1.36","2.83M","2.33%"
"05/04/2016","1.35","1.36","1.38","1.33","2.02M","-2.06%"
"05/03/2016","1.38","1.41","1.41","1.35","6.11M","-2.74%"
"04/28/2016","1.42","1.41","1.43","1.40","1.45M","0.00%"
"04/27/2016","1.42","1.44","1.44","1.41","2.55M","0.00%"
"04/26/2016","1.42","1.45","1.45","1.42","1.69M","0.00%"
"04/24/2016","1.42","1.42","1.43","1.41","1.53M","-0.76%"
"04/21/2016","1.43","1.44","1.46","1.42","4.77M","-1.04%"
"04/20/2016","1.45","1.50","1.50","1.43","6.69M","-3.16%"
"04/19/2016","1.49","1.49","1.51","1.47","6.38M","1.55%"
"04/18/2016","1.47","1.44","1.48","1.44","12.08M","2.24%"
"04/17/2016","1.44","1.43","1.44","1.42","2.08M","0.98%"
"04/14/2016","1.42","1.40","1.44","1.39","2.87M","0.96%"
"04/13/2016","1.41","1.44","1.44","1.39","2.79M","0.00%"
"04/12/2016","1.41","1.39","1.44","1.37","5.76M","-0.51%"
"04/11/2016","1.42","1.42","1.43","1.37","6.12M","-1.12%"
"04/10/2016","1.43","1.47","1.47","1.41","4.30M","-2.77%"
"04/07/2016","1.47","1.47","1.49","1.45","3.32M","0.00%"
"04/06/2016","1.47","1.53","1.54","1.43","11.40M","-4.02%"
"04/05/2016","1.54","1.55","1.56","1.50","11.18M","3.35%"
"04/04/2016","1.49","1.44","1.55","1.43","27.51M","3.36%"
"04/03/2016","1.44","1.44","1.45","1.42","3.55M","0.00%"
"03/31/2016","1.44","1.41","1.45","1.41","8.72M","1.21%"
"03/30/2016","1.42","1.43","1.46","1.39","5.76M","-1.85%"
"03/29/2016","1.44","1.43","1.47","1.40","8.32M","0.72%"
"03/28/2016","1.43","1.40","1.44","1.40","3.63M","-0.54%"
"03/27/2016","1.44","1.47","1.50","1.40","4.31M","-1.33%"
"03/24/2016","1.46","1.44","1.47","1.44","9.56M","1.00%"
"03/23/2016","1.45","1.42","1.47","1.42","7.07M","1.24%"
"03/22/2016","1.43","1.45","1.45","1.42","5.54M","-2.07%"
"03/21/2016","1.46","1.42","1.48","1.42","9.09M","0.54%"
"03/20/2016","1.45","1.43","1.49","1.42","20.76M","3.50%"
"03/17/2016","1.40","1.35","1.45","1.34","22.56M","4.84%"
"03/16/2016","1.34","1.33","1.36","1.32","12.47M","1.93%"
"03/15/2016","1.31","1.34","1.34","1.28","5.08M","1.70%"
"03/14/2016","1.29","1.21","1.32","1.21","19.94M","7.69%"
"03/13/2016","1.20","1.21","1.22","1.19","1.65M","-2.35%"
"03/10/2016","1.23","1.24","1.25","1.20","4.12M","0.00%"
"03/09/2016","1.23","1.19","1.25","1.19","4.85M","1.33%"
"03/08/2016","1.21","1.19","1.24","1.17","15.97M","3.87%"
"03/07/2016","1.17","1.15","1.19","1.14","6.19M","1.40%"
"03/06/2016","1.15","1.14","1.17","1.13","5.14M","3.44%"
"03/03/2016","1.11","1.11","1.12","1.11","403.42K","-0.52%"
"03/02/2016","1.12","1.14","1.14","1.11","1.87M","-0.74%"
"03/01/2016","1.13","1.12","1.14","1.11","813.93K","0.47%"
"02/29/2016","1.12","1.13","1.15","1.11","1.54M","-2.08%"
"02/28/2016","1.15","1.12","1.17","1.12","1.59M","1.37%"
"02/25/2016","1.13","1.13","1.15","1.12","1.08M","1.44%"
"02/24/2016","1.12","1.12","1.13","1.11","974.67K","-2.19%"
"02/23/2016","1.14","1.14","1.15","1.13","1.43M","0.83%"
"02/22/2016","1.13","1.12","1.15","1.12","2.58M","1.37%"
"02/21/2016","1.12","1.12","1.13","1.11","2.69M","0.00%"
"02/18/2016","1.11","1.11","1.12","1.11","1.30M","0.00%"
"02/17/2016","1.11","1.13","1.13","1.10","2.17M","-1.72%"
"02/16/2016","1.13","1.14","1.15","1.11","1.45M","0.87%"
"02/15/2016","1.12","1.10","1.15","1.10","549.36K","1.89%"
"02/14/2016","1.10","1.12","1.12","1.08","956.41K","-0.65%"
"02/11/2016","1.11","1.13","1.14","1.10","3.40M","-2.89%"
"02/10/2016","1.14","1.14","1.16","1.12","4.55M","0.73%"
"02/09/2016","1.13","1.12","1.16","1.11","3.87M","-1.99%"
"02/08/2016","1.16","1.19","1.19","1.12","3.05M","-0.88%"
"02/07/2016","1.17","1.17","1.17","1.16","623.23K","-2.80%"
"02/04/2016","1.20","1.19","1.22","1.18","2.47M","0.84%"
"02/03/2016","1.19","1.20","1.21","1.16","1.30M","-0.69%"
"02/02/2016","1.20","1.19","1.22","1.18","1.89M","2.86%"
"02/01/2016","1.17","1.17","1.17","1.16","516.67K","-1.27%"
"01/31/2016","1.18","1.21","1.21","1.17","665.17K","-2.34%"
"01/28/2016","1.21","1.22","1.22","1.18","1.67M","-0.77%"
"01/27/2016","1.22","1.24","1.25","1.19","958.79K","-1.10%"
"01/26/2016","1.23","1.23","1.25","1.20","1.17M","1.09%"
"01/24/2016","1.22","1.22","1.24","1.21","2.34M","3.98%"
"01/21/2016","1.17","1.14","1.21","1.11","2.19M","-0.75%"
"01/20/2016","1.18","1.19","1.20","1.16","2.53M","-4.15%"
"01/19/2016","1.23","1.24","1.25","1.21","3.09M","3.86%"
"01/18/2016","1.19","1.15","1.22","1.15","2.50M","4.22%"
"01/17/2016","1.14","1.11","1.18","1.04","1.66M","0.79%"
"01/14/2016","1.13","1.15","1.20","1.10","2.15M","-6.40%"
"01/13/2016","1.21","1.29","1.29","1.17","6.52M","-5.83%"
"01/12/2016","1.28","1.28","1.31","1.27","1.06M","-1.85%"
"01/11/2016","1.31","1.31","1.33","1.28","4.28M","0.00%"
"01/10/2016","1.31","1.33","1.34","1.31","2.54M","-2.89%"
"01/06/2016","1.35","1.34","1.37","1.33","964.98K","-1.02%"
"01/05/2016","1.36","1.36","1.37","1.34","1.25M","0.76%"
"01/04/2016","1.35","1.36","1.37","1.33","3.04M","-2.07%"
"01/03/2016","1.38","1.38","1.40","1.36","4.45M","-0.38%"
"12/31/2015","1.39","1.39","1.40","1.36","9.32M","1.09%"
"12/30/2015","1.37","1.33","1.39","1.33","4.88M","6.87%"
"12/29/2015","1.28","1.22","1.34","1.21","8.91M","4.91%"
"12/28/2015","1.22","1.24","1.24","1.22","1.88M","0.00%"
"12/27/2015","1.22","1.22","1.23","1.22","1.93M","-0.77%"
"12/24/2015","1.23","1.23","1.24","1.22","6.37M","1.56%"
"12/22/2015","1.21","1.21","1.22","1.20","9.68M","0.00%"
"12/21/2015","1.21","1.19","1.21","1.19","2.35M","0.00%"
"12/20/2015","1.21","1.22","1.22","1.19","2.57M","0.00%"
"12/17/2015","1.21","1.21","1.22","1.20","2.82M","1.47%"
"12/16/2015","1.19","1.19","1.20","1.18","2.21M","2.24%"
"12/15/2015","1.17","1.14","1.18","1.14","491.04K","1.45%"
"12/14/2015","1.15","1.17","1.17","1.14","1.80M","1.12%"
"12/13/2015","1.14","1.13","1.15","1.13","902.92K","-2.59%"
"12/10/2015","1.17","1.17","1.18","1.16","2.82M","-1.06%"
"12/09/2015","1.18","1.14","1.19","1.14","2.34M","2.48%"
"12/08/2015","1.15","1.17","1.18","1.12","1.61M","-3.40%"
"12/07/2015","1.19","1.21","1.21","1.17","7.91M","0.54%"
"12/06/2015","1.19","1.14","1.21","1.13","5.42M","2.35%"
"12/03/2015","1.16","1.14","1.19","1.13","11.68M","4.85%"
"12/02/2015","1.11","1.07","1.16","1.07","6.02M","4.71%"
"12/01/2015","1.06","1.03","1.07","1.03","1.84M","1.25%"
"11/30/2015","1.04","1.06","1.06","1.03","834.34K","-1.29%"
"11/29/2015","1.06","1.06","1.06","1.06","598.61K","-1.55%"
"11/26/2015","1.07","1.07","1.09","1.06","2.64M","0.00%"
"11/25/2015","1.07","1.06","1.08","1.06","1.60M","2.12%"
"11/24/2015","1.05","1.06","1.07","1.03","3.24M","-1.02%"
"11/23/2015","1.06","1.08","1.09","1.04","13.42M","-3.22%"
"11/22/2015","1.10","1.09","1.11","1.08","3.45M","0.56%"
"11/19/2015","1.09","1.11","1.11","1.07","10.02M","1.11%"
"11/18/2015","1.08","1.03","1.10","1.03","7.24M","4.56%"
"11/17/2015","1.03","1.04","1.05","1.01","4.80M","0.00%"
"11/16/2015","1.03","1.00","1.04","1.00","2.58M","1.81%"
"11/15/2015","1.01","1.06","1.06","1.00","3.45M","-6.08%"
"11/12/2015","1.08","1.06","1.10","1.06","3.45M","1.70%"
"11/11/2015","1.06","1.06","1.07","1.04","1.45M","0.00%"
"11/10/2015","1.06","1.11","1.11","1.03","6.47M","-4.99%"
"11/09/2015","1.11","1.15","1.15","1.09","4.25M","-4.29%"
"11/08/2015","1.16","1.19","1.19","1.14","3.12M","-3.37%"
"11/05/2015","1.20","1.19","1.22","1.17","3.47M","3.16%"
"11/04/2015","1.17","1.17","1.18","1.16","984.42K","-1.18%"
"11/03/2015","1.18","1.17","1.20","1.16","2.19M","0.57%"
"11/02/2015","1.18","1.17","1.19","1.16","1.81M","0.59%"
"11/01/2015","1.17","1.18","1.18","1.16","1.80M","-2.73%"
"10/29/2015","1.20","1.21","1.22","1.18","2.90M","0.63%"
"10/28/2015","1.19","1.20","1.21","1.18","2.16M","-3.02%"
"10/27/2015","1.23","1.22","1.25","1.21","2.95M","0.00%"
"10/26/2015","1.23","1.24","1.25","1.22","7.40M","-1.65%"
"10/25/2015","1.25","1.23","1.27","1.22","8.19M","2.74%"
"10/22/2015","1.22","1.20","1.23","1.19","5.25M","-0.55%"
"10/21/2015","1.22","1.21","1.23","1.20","9.39M","2.40%"
"10/20/2015","1.19","1.20","1.22","1.18","8.53M","0.73%"
"10/19/2015","1.18","1.17","1.22","1.16","9.85M","1.67%"
"10/18/2015","1.17","1.16","1.19","1.16","2.39M","-1.11%"
"10/15/2015","1.18","1.19","1.20","1.16","5.23M","0.62%"
"10/13/2015","1.17","1.15","1.20","1.14","12.54M","1.25%"
"10/12/2015","1.16","1.14","1.17","1.13","16.36M","3.09%"
"10/11/2015","1.12","1.12","1.15","1.11","6.78M","0.47%"
"10/08/2015","1.12","1.11","1.13","1.10","6.77M","1.64%"
"10/07/2015","1.10","1.09","1.11","1.09","1.53M","1.44%"
"10/05/2015","1.08","1.08","1.10","1.07","852.41K","-0.66%"
"10/04/2015","1.09","1.11","1.11","1.07","1.55M","-2.27%"
"10/01/2015","1.12","1.11","1.15","1.11","2.24M","0.00%"
"09/30/2015","1.12","1.12","1.13","1.11","2.39M","0.00%"
"09/29/2015","1.12","1.13","1.13","1.11","2.65M","-1.63%"
"09/28/2015","1.14","1.13","1.14","1.13","1.91M","0.00%"
"09/22/2015","1.14","1.14","1.16","1.12","4.46M","0.93%"
"09/21/2015","1.13","1.12","1.14","1.12","5.88M","1.83%"
"09/20/2015","1.11","1.08","1.11","1.08","4.99M","0.00%"
"09/17/2015","1.11","1.11","1.12","1.08","18.02M","1.32%"
"09/16/2015","1.09","1.09","1.11","1.08","5.71M","1.84%"
"09/15/2015","1.07","1.08","1.08","1.06","1.79M","0.00%"
"09/14/2015","1.08","1.06","1.08","1.05","6.07M","2.13%"
"09/13/2015","1.05","1.03","1.08","1.03","3.96M","1.96%"
"09/10/2015","1.03","1.05","1.06","1.02","7.01M","-2.03%"
"09/09/2015","1.06","1.07","1.07","1.04","7.16M","2.18%"
"09/08/2015","1.03","1.08","1.08","1.00","12.13M","-6.61%"
"09/07/2015","1.11","1.14","1.15","1.07","4.20M","-2.90%"
"09/06/2015","1.14","1.16","1.17","1.12","2.08M","-0.85%"
"09/03/2015","1.15","1.15","1.16","1.14","8.20M","1.03%"
"09/02/2015","1.14","1.14","1.15","1.11","15.00M","-3.10%"
"09/01/2015","1.17","1.18","1.21","1.14","4.02M","-0.49%"
"08/31/2015","1.18","1.10","1.22","1.10","14.91M","4.87%"
"08/30/2015","1.12","1.15","1.16","1.10","6.00M","0.00%"
"08/27/2015","1.13","1.11","1.14","1.09","5.69M","4.54%"
"08/26/2015","1.08","1.07","1.09","1.06","1.07M","-0.62%"
"08/25/2015","1.08","1.06","1.11","1.06","3.37M","2.36%"
"08/24/2015","1.06","1.08","1.10","1.02","10.58M","-2.38%"
"08/23/2015","1.08","1.16","1.16","1.07","12.35M","-8.34%"
"08/20/2015","1.18","1.17","1.20","1.16","3.70M","0.97%"
"08/19/2015","1.17","1.15","1.19","1.13","2.89M","1.79%"
"08/18/2015","1.15","1.18","1.18","1.13","6.25M","-2.79%"
"08/17/2015","1.18","1.14","1.21","1.13","7.74M","2.60%"
"08/16/2015","1.15","1.19","1.19","1.13","5.36M","-4.46%"
"08/13/2015","1.21","1.22","1.24","1.18","9.19M","-2.47%"
"08/12/2015","1.24","1.27","1.27","1.22","14.44M","-4.07%"
"08/11/2015","1.29","1.33","1.33","1.27","8.83M","-1.13%"
"08/10/2015","1.31","1.30","1.32","1.28","3.42M","0.41%"
"08/09/2015","1.30","1.33","1.33","1.28","4.14M","-2.56%"
"08/05/2015","1.33","1.38","1.38","1.32","10.07M","-3.38%"
"08/04/2015","1.38","1.35","1.39","1.35","4.02M","2.68%"
"08/03/2015","1.34","1.36","1.38","1.33","5.99M","-2.18%"
"08/02/2015","1.37","1.40","1.42","1.34","4.38M","-1.63%"
"07/30/2015","1.40","1.40","1.41","1.39","5.50M","1.94%"
"07/29/2015","1.37","1.35","1.40","1.35","9.26M","2.85%"
"07/28/2015","1.33","1.31","1.35","1.31","5.97M","0.63%"
"07/27/2015","1.32","1.36","1.37","1.29","5.43M","-4.75%"
"07/26/2015","1.39","1.42","1.42","1.36","3.40M","-0.56%"
"07/22/2015","1.40","1.40","1.41","1.39","4.62M","-0.83%"
"07/21/2015","1.41","1.39","1.43","1.39","6.97M","0.81%"
"07/16/2015","1.40","1.39","1.41","1.39","3.87M","2.09%"
"07/15/2015","1.37","1.36","1.40","1.35","9.37M","1.46%"
"07/14/2015","1.35","1.33","1.37","1.33","3.76M","2.47%"
"07/13/2015","1.32","1.33","1.37","1.28","8.48M","-3.65%"
"07/12/2015","1.37","1.42","1.42","1.32","3.76M","-1.24%"
"07/09/2015","1.39","1.37","1.40","1.37","5.41M","0.73%"
"07/08/2015","1.38","1.41","1.43","1.34","4.80M","-1.77%"
"07/07/2015","1.40","1.47","1.48","1.39","6.65M","-4.40%"
"07/06/2015","1.46","1.50","1.53","1.43","2.10M","-5.30%"
"07/05/2015","1.55","1.58","1.58","1.50","1.49M","-1.54%"
"07/02/2015","1.57","1.60","1.60","1.56","21.49M","-2.04%"
"06/29/2015","1.60","1.61","1.61","1.59","1.78M","-1.48%"
"06/28/2015","1.63","1.64","1.64","1.60","3.47M","0.86%"
"06/25/2015","1.61","1.56","1.64","1.56","3.41M","1.93%"
"06/24/2015","1.58","1.60","1.61","1.57","2.02M","0.00%"
"06/23/2015","1.59","1.60","1.60","1.57","1.94M","-1.04%"
"06/22/2015","1.60","1.61","1.61","1.60","3.21M","-0.60%"
"06/21/2015","1.61","1.63","1.63","1.61","1.27M","-2.21%"
"06/18/2015","1.65","1.64","1.66","1.64","401.40K","1.23%"
"06/17/2015","1.63","1.61","1.65","1.61","2.17M","0.86%"
"06/16/2015","1.62","1.60","1.63","1.60","2.85M","1.08%"
"06/15/2015","1.60","1.63","1.63","1.59","4.41M","-0.86%"
"06/14/2015","1.61","1.62","1.62","1.60","5.59M","-0.75%"
"06/11/2015","1.62","1.63","1.67","1.61","6.14M","-1.52%"
"06/10/2015","1.65","1.68","1.68","1.64","5.57M","-1.36%"
"06/09/2015","1.67","1.67","1.69","1.64","1.97M","-0.45%"
"06/08/2015","1.68","1.67","1.69","1.65","14.49M","-0.51%"
"06/07/2015","1.69","1.67","1.69","1.67","1.51M","0.00%"
"06/04/2015","1.69","1.71","1.72","1.67","1.75M","-1.40%"
"06/03/2015","1.71","1.70","1.72","1.68","3.65M","0.00%"
"06/02/2015","1.71","1.69","1.72","1.69","4.72M","1.49%"
"06/01/2015","1.68","1.69","1.71","1.67","6.24M","0.40%"
"05/31/2015","1.68","1.73","1.73","1.66","6.95M","-3.33%"
"05/28/2015","1.73","1.75","1.76","1.72","5.91M","-0.97%"
"05/27/2015","1.75","1.74","1.77","1.73","9.00M","0.64%"
"05/26/2015","1.74","1.72","1.76","1.71","7.93M","0.80%"
"05/25/2015","1.73","1.74","1.74","1.71","4.47M","-1.93%"
"05/24/2015","1.76","1.78","1.78","1.74","9.33M","0.00%"
"05/21/2015","1.76","1.72","1.78","1.72","12.50M","2.65%"
"05/20/2015","1.71","1.70","1.73","1.69","8.56M","-1.72%"
"05/19/2015","1.74","1.76","1.77","1.71","10.40M","2.55%"
"05/18/2015","1.70","1.60","1.73","1.60","15.77M","7.87%"
"05/17/2015","1.57","1.60","1.63","1.53","7.43M","-0.46%"
"05/14/2015","1.58","1.65","1.65","1.54","21.31M","-3.88%"
"05/13/2015","1.64","1.69","1.69","1.62","6.97M","-1.74%"
"05/12/2015","1.67","1.68","1.69","1.66","2.69M","-0.56%"
"05/11/2015","1.68","1.70","1.72","1.65","3.26M","-1.85%"
"05/10/2015","1.72","1.74","1.74","1.70","3.16M","0.00%"
"05/07/2015","1.71","1.72","1.74","1.69","4.78M","-0.88%"
"05/06/2015","1.73","1.74","1.76","1.72","4.46M","-1.17%"
"05/05/2015","1.75","1.74","1.76","1.73","7.90M","2.54%"
"05/04/2015","1.71","1.69","1.74","1.67","9.77M","1.92%"
"05/03/2015","1.67","1.68","1.69","1.66","4.81M","-1.55%"
"04/30/2015","1.70","1.67","1.72","1.67","12.17M","3.20%"
"04/29/2015","1.65","1.62","1.70","1.61","14.22M","3.53%"
"04/28/2015","1.59","1.59","1.62","1.57","6.61M","-0.90%"
"04/27/2015","1.61","1.66","1.66","1.58","10.42M","-2.18%"
"04/26/2015","1.64","1.65","1.65","1.63","3.28M","-1.43%"
"04/23/2015","1.67","1.67","1.68","1.65","8.46M","1.08%"
"04/22/2015","1.65","1.63","1.68","1.60","6.27M","0.58%"
"04/21/2015","1.64","1.65","1.68","1.61","10.32M","-0.81%"
"04/20/2015","1.65","1.67","1.68","1.64","8.88M","-2.76%"
"04/19/2015","1.70","1.70","1.74","1.65","11.05M","0.00%"
"04/16/2015","1.69","1.68","1.70","1.68","3.95M","-0.41%"
"04/15/2015","1.70","1.73","1.74","1.68","7.24M","-0.97%"
"04/14/2015","1.72","1.70","1.74","1.70","7.09M","0.90%"
"04/09/2015","1.70","1.70","1.72","1.68","7.18M","1.17%"
"04/08/2015","1.68","1.66","1.71","1.61","10.31M","0.38%"
"04/07/2015","1.68","1.69","1.69","1.66","7.91M","2.03%"
"04/06/2015","1.64","1.66","1.72","1.59","18.31M","-2.09%"
"04/05/2015","1.68","1.71","1.73","1.65","10.00M","-4.50%"
"04/02/2015","1.76","1.80","1.81","1.68","15.63M","-2.29%"
"04/01/2015","1.80","1.83","1.83","1.78","9.08M","-1.34%"
"03/31/2015","1.82","1.79","1.84","1.79","23.13M","4.01%"
"03/30/2015","1.75","1.69","1.79","1.69","29.73M","3.80%"
"03/29/2015","1.69","1.69","1.70","1.66","6.36M","0.88%"
"03/26/2015","1.67","1.67","1.70","1.63","11.20M","-2.88%"
"03/25/2015","1.72","1.78","1.78","1.69","26.90M","-3.63%"
"03/24/2015","1.79","1.82","1.83","1.77","7.65M","-0.74%"
"03/23/2015","1.80","1.77","1.83","1.77","3.85M","1.41%"
"03/22/2015","1.78","1.82","1.82","1.76","4.81M","-2.10%"
"03/19/2015","1.82","1.82","1.85","1.79","4.97M","0.00%"
"03/18/2015","1.82","1.84","1.85","1.80","8.38M","-1.86%"
"03/17/2015","1.85","1.86","1.88","1.83","7.20M","-0.42%"
"03/16/2015","1.86","1.87","1.89","1.84","8.90M","-2.26%"
"03/15/2015","1.90","1.92","1.93","1.86","18.30M","1.06%"
"03/12/2015","1.88","1.90","1.92","1.86","14.10M","0.00%"
"03/11/2015","1.89","1.89","1.92","1.87","9.80M","-1.96%"
"03/10/2015","1.92","1.95","1.97","1.88","16.77M","-0.59%"
"03/09/2015","1.94","1.89","1.96","1.89","17.33M","1.80%"
"03/08/2015","1.90","1.88","1.92","1.87","8.11M","1.41%"
"03/05/2015","1.87","1.85","1.89","1.85","3.40M","1.87%"
"03/04/2015","1.84","1.84","1.86","1.82","7.21M","0.00%"
"03/03/2015","1.84","1.82","1.86","1.82","9.41M","1.63%"
"03/02/2015","1.81","1.79","1.83","1.79","4.30M","2.17%"
"03/01/2015","1.77","1.76","1.79","1.75","3.82M","0.00%"
"02/26/2015","1.77","1.78","1.79","1.76","5.43M","0.00%"
"02/25/2015","1.78","1.80","1.80","1.76","3.51M","-1.17%"
"02/24/2015","1.80","1.81","1.82","1.79","3.43M","-0.87%"
"02/23/2015","1.81","1.80","1.85","1.79","15.31M","1.95%"
"02/22/2015","1.78","1.79","1.79","1.76","3.25M","0.00%"
"02/19/2015","1.78","1.81","1.81","1.75","6.24M","-0.68%"
"02/18/2015","1.79","1.82","1.82","1.78","12.97M","0.00%"
"02/17/2015","1.80","1.81","1.83","1.75","13.53M","-1.49%"
"02/16/2015","1.82","1.86","1.89","1.78","10.70M","-3.72%"
"02/15/2015","1.89","1.92","1.92","1.87","3.14M","0.77%"
"02/12/2015","1.88","1.86","1.90","1.85","13.83M","0.00%"
"02/11/2015","1.88","1.89","1.92","1.86","9.09M","-1.90%"
"02/10/2015","1.92","1.96","1.97","1.87","12.02M","-1.30%"
"02/09/2015","1.94","1.94","1.97","1.93","10.01M","-1.27%"
"02/08/2015","1.97","1.99","2.00","1.95","7.23M","-0.31%"
"02/05/2015","1.97","2.00","2.01","1.94","12.34M","-0.55%"
"02/04/2015","1.98","1.94","2.01","1.94","16.61M","2.51%"
"02/03/2015","1.94","1.89","1.95","1.89","9.35M","2.35%"
"02/02/2015","1.89","1.89","1.92","1.88","9.38M","0.50%"
"02/01/2015","1.88","1.89","1.93","1.87","5.86M","-1.64%"
"01/29/2015","1.91","1.90","1.93","1.89","7.60M","-0.61%"
"01/28/2015","1.92","1.95","1.96","1.90","11.97M","-0.67%"
"01/27/2015","1.94","1.89","1.97","1.89","21.75M","3.56%"
"01/26/2015","1.87","1.89","1.90","1.85","5.93M","0.36%"
"01/22/2015","1.86","1.92","1.92","1.84","6.58M","-1.67%"
"01/21/2015","1.90","1.89","1.92","1.85","10.15M","0.00%"
"01/20/2015","1.90","1.88","1.92","1.86","10.69M","3.42%"
"01/19/2015","1.83","1.78","1.89","1.78","14.54M","2.66%"
"01/18/2015","1.79","1.77","1.81","1.76","8.74M","1.32%"
"01/15/2015","1.76","1.74","1.79","1.71","11.20M","1.70%"
"01/14/2015","1.73","1.70","1.76","1.70","18.97M","3.50%"
"01/13/2015","1.68","1.64","1.71","1.62","13.93M","3.34%"
"01/12/2015","1.62","1.56","1.65","1.56","11.65M","2.89%"
"01/11/2015","1.58","1.58","1.60","1.56","3.14M","-0.87%"
"01/08/2015","1.59","1.60","1.61","1.57","2.98M","1.36%"
"01/06/2015","1.57","1.58","1.59","1.56","5.24M","-2.18%"
"01/05/2015","1.60","1.61","1.62","1.59","2.83M","0.56%"
"01/04/2015","1.59","1.58","1.62","1.58","2.22M","-1.03%"
"12/31/2014","1.61","1.62","1.64","1.58","11.58M","-0.89%"
"12/30/2014","1.63","1.63","1.65","1.61","7.96M","0.00%"
"12/29/2014","1.63","1.58","1.66","1.58","9.46M","2.36%"
"12/28/2014","1.59","1.59","1.60","1.58","6.14M","-1.58%"
"12/25/2014","1.62","1.62","1.64","1.59","8.62M","0.00%"
"12/24/2014","1.62","1.61","1.63","1.60","4.46M","0.73%"
"12/23/2014","1.61","1.61","1.63","1.58","9.93M","0.00%"
"12/22/2014","1.61","1.56","1.64","1.56","11.47M","2.44%"
"12/21/2014","1.57","1.58","1.59","1.54","19.42M","4.97%"
"12/18/2014","1.50","1.42","1.53","1.42","13.14M","6.57%"
"12/17/2014","1.40","1.52","1.54","1.35","21.26M","-6.13%"
"12/16/2014","1.50","1.57","1.57","1.47","13.95M","-3.86%"
"12/15/2014","1.56","1.53","1.58","1.52","11.67M","1.36%"
"12/14/2014","1.54","1.61","1.61","1.49","10.43M","-5.02%"
"12/11/2014","1.62","1.62","1.65","1.59","14.69M","-2.12%"
"12/10/2014","1.65","1.65","1.68","1.63","20.24M","-0.67%"
"12/09/2014","1.66","1.67","1.69","1.63","20.45M","2.98%"
"12/08/2014","1.61","1.57","1.67","1.54","36.97M","1.66%"
"12/07/2014","1.59","1.59","1.60","1.57","5.55M","0.00%"
"12/04/2014","1.59","1.56","1.61","1.54","31.26M","5.63%"
"12/03/2014","1.51","1.44","1.56","1.44","20.55M","3.32%"
"12/02/2014","1.46","1.45","1.48","1.44","6.87M","0.77%"
"12/01/2014","1.45","1.46","1.47","1.43","4.62M","-0.93%"
"11/30/2014","1.46","1.47","1.49","1.44","9.85M","-1.54%"
"11/27/2014","1.48","1.46","1.50","1.45","15.51M","2.18%"
"11/26/2014","1.45","1.47","1.47","1.43","6.27M","1.75%"
"11/25/2014","1.43","1.41","1.44","1.40","7.49M","-0.43%"
"11/24/2014","1.43","1.48","1.48","1.41","9.09M","-3.08%"
"11/23/2014","1.48","1.45","1.50","1.44","7.14M","-0.41%"
"11/20/2014","1.48","1.50","1.51","1.45","5.19M","0.95%"
"11/19/2014","1.47","1.44","1.50","1.43","15.81M","1.59%"
"11/18/2014","1.45","1.44","1.46","1.43","8.04M","0.00%"
"11/17/2014","1.44","1.44","1.47","1.43","5.46M","-1.56%"
"11/16/2014","1.46","1.50","1.50","1.45","5.96M","-1.09%"
"11/13/2014","1.48","1.48","1.50","1.46","9.76M","-2.31%"
"11/12/2014","1.52","1.55","1.56","1.47","10.69M","-2.40%"
"11/11/2014","1.55","1.55","1.58","1.53","11.49M","1.73%"
"11/10/2014","1.53","1.52","1.55","1.49","13.70M","1.10%"
"11/09/2014","1.51","1.53","1.53","1.49","7.87M","-1.25%"
"11/06/2014","1.53","1.58","1.58","1.50","15.46M","-1.84%"
"11/05/2014","1.56","1.53","1.57","1.53","13.33M","-1.60%"
"11/04/2014","1.58","1.60","1.63","1.52","24.83M","0.00%"
"11/03/2014","1.58","1.56","1.60","1.56","14.76M","0.00%"
"11/02/2014","1.58","1.58","1.61","1.56","18.12M","2.99%"
"10/30/2014","1.53","1.50","1.57","1.49","31.02M","6.64%"
"10/29/2014","1.44","1.40","1.50","1.39","51.95M","4.50%"
"10/28/2014","1.38","1.35","1.39","1.34","10.51M","2.37%"
"10/27/2014","1.35","1.39","1.39","1.32","15.18M","-4.44%"
"10/26/2014","1.41","1.43","1.46","1.36","22.05M","-2.82%"
"10/23/2014","1.45","1.44","1.47","1.42","15.75M","1.88%"
"10/22/2014","1.42","1.38","1.46","1.37","29.84M","4.41%"
"10/21/2014","1.36","1.36","1.38","1.34","14.13M","0.57%"
"10/20/2014","1.35","1.32","1.38","1.31","19.12M","0.00%"
"10/19/2014","1.36","1.39","1.42","1.28","16.20M","0.00%"
"10/16/2014","1.35","1.40","1.44","1.32","30.61M","-7.38%"
"10/15/2014","1.46","1.52","1.54","1.42","18.42M","-3.59%"
"10/14/2014","1.52","1.60","1.60","1.46","41.47M","-5.23%"
"10/13/2014","1.60","1.61","1.62","1.56","12.42M","-1.44%"
"10/12/2014","1.62","1.72","1.72","1.56","24.24M","-6.32%"
"10/09/2014","1.73","1.72","1.75","1.71","6.20M","0.00%"
"10/08/2014","1.73","1.76","1.77","1.69","7.45M","-2.42%"
"10/02/2014","1.78","1.78","1.80","1.75","14.30M","1.65%"
"10/01/2014","1.75","1.73","1.78","1.72","15.75M","0.85%"
"09/30/2014","1.73","1.73","1.76","1.72","17.02M","-1.12%"
"09/29/2014","1.75","1.77","1.79","1.73","15.84M","2.47%"
"09/28/2014","1.71","1.70","1.75","1.66","14.88M","0.51%"
"09/25/2014","1.70","1.72","1.76","1.65","16.66M","-1.29%"
"09/24/2014","1.73","1.75","1.76","1.71","18.37M","-0.75%"
"09/23/2014","1.74","1.75","1.77","1.72","12.95M","-1.00%"
"09/22/2014","1.76","1.74","1.80","1.73","25.64M","-1.34%"
"09/21/2014","1.78","1.82","1.83","1.71","34.20M","-0.40%"
"09/18/2014","1.79","1.75","1.83","1.75","38.11M","4.70%"
"09/17/2014","1.71","1.67","1.75","1.67","24.89M","1.29%"
"09/16/2014","1.68","1.66","1.72","1.65","27.96M","5.68%"
"09/15/2014","1.59","1.56","1.65","1.54","25.82M","1.74%"
"09/14/2014","1.57","1.62","1.63","1.53","24.68M","-2.39%"
"09/11/2014","1.61","1.64","1.64","1.56","17.57M","-3.70%"
"09/10/2014","1.67","1.71","1.73","1.60","17.27M","-1.85%"
"09/09/2014","1.70","1.70","1.74","1.66","23.16M","-1.69%"
"09/08/2014","1.73","1.74","1.76","1.67","27.79M","0.00%"
"09/07/2014","1.73","1.74","1.75","1.71","26.57M","-1.13%"
"09/04/2014","1.75","1.81","1.82","1.71","48.47M","-2.72%"
"09/03/2014","1.80","1.79","1.82","1.78","9.31M","-1.33%"
"09/02/2014","1.82","1.82","1.85","1.79","11.21M","2.29%"
"09/01/2014","1.78","1.78","1.82","1.75","17.62M","-1.47%"
"08/31/2014","1.81","1.86","1.86","1.76","11.47M","-0.97%"
"08/28/2014","1.83","1.83","1.86","1.80","17.71M","-0.53%"
"08/27/2014","1.84","1.87","1.89","1.79","14.84M","-1.93%"
"08/26/2014","1.87","1.86","1.90","1.84","15.88M","-0.46%"
"08/25/2014","1.88","1.92","1.95","1.83","27.11M","-2.36%"
"08/24/2014","1.93","1.87","1.97","1.85","21.12M","3.91%"
"08/21/2014","1.85","1.85","1.88","1.82","19.17M","-2.67%"
"08/20/2014","1.90","1.90","1.95","1.81","28.00M","4.62%"
"08/19/2014","1.82","1.78","1.92","1.74","31.66M","4.16%"
"08/18/2014","1.75","1.72","1.80","1.71","27.09M","0.00%"
"08/17/2014","1.75","1.72","1.79","1.71","15.63M","6.17%"
"08/14/2014","1.65","1.55","1.72","1.55","14.26M","3.75%"
"08/13/2014","1.59","1.58","1.61","1.57","9.02M","1.08%"
"08/12/2014","1.57","1.53","1.60","1.53","15.33M","3.38%"
"08/11/2014","1.52","1.47","1.55","1.47","15.47M","4.53%"
"08/10/2014","1.45","1.45","1.47","1.45","5.05M","-1.65%"
"08/07/2014","1.48","1.50","1.50","1.46","7.90M","-0.45%"
"08/06/2014","1.48","1.48","1.50","1.47","11.35M","1.48%"
"08/05/2014","1.46","1.43","1.49","1.42","20.12M","4.24%"
"08/04/2014","1.40","1.37","1.43","1.37","15.92M","2.54%"
"08/03/2014","1.37","1.36","1.40","1.34","17.59M","1.27%"
"07/31/2014","1.35","1.32","1.38","1.31","15.86M","3.40%"
"07/27/2014","1.31","1.30","1.32","1.30","1.39M","-0.57%"
"07/24/2014","1.31","1.32","1.33","1.30","10.25M","0.00%"
"07/22/2014","1.31","1.31","1.32","1.30","9.32M","0.00%"
"07/21/2014","1.31","1.33","1.33","1.29","10.08M","-0.84%"
"07/20/2014","1.32","1.34","1.35","1.31","8.99M","-2.53%"
"07/17/2014","1.35","1.36","1.37","1.34","9.82M","0.00%"
"07/16/2014","1.35","1.35","1.38","1.33","17.89M","0.00%"
"07/15/2014","1.35","1.35","1.36","1.34","10.40M","3.95%"
"07/14/2014","1.30","1.28","1.35","1.27","11.33M","2.18%"
"07/13/2014","1.27","1.28","1.29","1.26","8.06M","-1.38%"
"07/10/2014","1.29","1.27","1.32","1.27","18.01M","1.02%"
"07/09/2014","1.28","1.28","1.30","1.26","13.23M","2.09%"
"07/08/2014","1.25","1.23","1.28","1.22","23.16M","2.36%"
"07/07/2014","1.22","1.21","1.24","1.19","27.29M","2.25%"
"07/06/2014","1.20","1.16","1.22","1.16","19.44M","1.89%"
"07/03/2014","1.17","1.18","1.19","1.17","9.36M","2.70%"
"07/02/2014","1.14","1.13","1.18","1.10","17.51M","1.16%"
"06/30/2014","1.13","1.11","1.14","1.11","12.98M","1.93%"
"06/29/2014","1.11","1.10","1.12","1.09","1.10M","-0.52%"
"06/26/2014","1.11","1.12","1.14","1.10","11.40M","0.60%"
"06/25/2014","1.11","1.09","1.13","1.07","5.71M","-1.70%"
"06/24/2014","1.13","1.15","1.16","1.09","10.89M","-2.59%"
"06/23/2014","1.16","1.14","1.17","1.14","8.03M","0.92%"
"06/22/2014","1.15","1.14","1.16","1.13","8.25M","0.00%"
"06/19/2014","1.14","1.16","1.16","1.13","15.23M","-0.91%"
"06/18/2014","1.15","1.17","1.19","1.14","20.31M","-1.05%"
"06/17/2014","1.17","1.18","1.21","1.13","31.35M","-0.45%"
"06/16/2014","1.17","1.17","1.21","1.13","40.16M","0.00%"
"06/15/2014","1.17","1.12","1.19","1.12","30.41M","3.18%"
"06/12/2014","1.14","1.12","1.17","1.12","17.86M","4.23%"
"06/11/2014","1.09","1.04","1.14","1.04","40.73M","5.43%"
"06/10/2014","1.03","1.03","1.04","1.03","19.80M","-0.61%"
"06/09/2014","1.04","1.07","1.07","1.03","24.30M","-1.53%"
"06/05/2014","1.06","1.02","1.07","1.02","15.53M","8.32%"
"06/04/2014","0.97","0.96","1.01","0.95","27.58M","1.50%"
"06/03/2014","0.96","1.00","0.98","0.94","22.31M","-2.57%"
"06/02/2014","0.99","1.00","1.01","0.96","9.84M","1.98%"
"06/01/2014","0.97","0.93","1.00","0.93","8.48M","-5.13%"
"05/29/2014","1.02","1.06","1.07","0.95","18.57M","-1.56%"
"05/28/2014","1.03","1.03","1.06","1.00","11.91M","-1.40%"
"05/26/2014","1.05","1.04","1.08","1.03","10.62M","-0.55%"
"05/25/2014","1.05","1.06","1.06","1.05","4.02M","-1.30%"
"05/22/2014","1.07","1.06","1.08","1.06","12.70M","2.31%"
"05/21/2014","1.04","1.06","1.07","1.03","8.09M","0.00%"
"05/20/2014","1.05","1.03","1.08","1.03","26.94M","3.63%"
"05/19/2014","1.01","0.95","1.03","0.95","15.92M","6.12%"
"05/18/2014","0.95","0.94","0.97","0.94","11.04M","0.85%"
"05/15/2014","0.94","0.94","0.95","0.93","13.36M","0.95%"
"05/14/2014","0.94","0.90","0.95","0.90","16.68M","3.09%"
"05/13/2014","0.91","0.91","0.92","0.90","1.65M","0.00%"
"05/12/2014","0.90","0.89","0.91","0.89","3.20M","1.65%"
"05/11/2014","0.89","0.90","0.90","0.89","6.12M","0.00%"
"05/08/2014","0.89","0.89","0.90","0.89","8.94M","-1.35%"
"05/07/2014","0.91","0.92","0.92","0.89","6.27M","-1.12%"
"05/06/2014","0.92","0.91","0.92","0.89","8.38M","1.01%"
"05/05/2014","0.91","0.90","0.92","0.89","3.58M","0.00%"
"05/04/2014","0.91","0.91","0.92","0.89","5.31M","1.96%"
"04/30/2014","0.89","0.87","0.91","0.87","10.67M","3.08%"
"04/29/2014","0.87","0.86","0.88","0.86","8.25M","0.00%"
"04/28/2014","0.86","0.87","0.89","0.84","7.06M","-2.85%"
"04/27/2014","0.89","0.91","0.91","0.86","3.56M","0.00%"
"04/23/2014","0.89","0.87","0.91","0.86","16.80M","1.01%"
"04/22/2014","0.88","0.89","0.91","0.86","8.91M","1.90%"
"04/17/2014","0.86","0.83","0.88","0.82","19.68M","1.94%"
"04/16/2014","0.85","0.83","0.86","0.83","11.45M","1.53%"
"04/15/2014","0.83","0.81","0.84","0.81","9.37M","3.70%"
"04/14/2014","0.80","0.79","0.81","0.79","2.12M","0.00%"
"04/13/2014","0.81","0.82","0.82","0.79","7.75M","-3.68%"
"04/10/2014","0.84","0.85","0.85","0.81","7.97M","3.32%"
"04/09/2014","0.81","0.77","0.85","0.76","13.71M","3.65%"
"04/08/2014","0.78","0.77","0.80","0.76","8.89M","3.71%"
"04/07/2014","0.76","0.75","0.78","0.72","9.10M","2.10%"
"04/06/2014","0.74","0.81","0.81","0.70","5.04M","-5.03%"
"04/03/2014","0.78","0.83","0.83","0.75","7.53M","-4.92%"
"04/02/2014","0.82","0.84","0.85","0.79","7.30M","-3.09%"
"04/01/2014","0.85","0.86","0.86","0.82","10.87M","2.42%"
"03/31/2014","0.83","0.86","0.87","0.79","10.85M","-4.25%"
"03/30/2014","0.86","0.84","0.89","0.82","10.19M","-1.12%"
"03/27/2014","0.87","0.93","0.94","0.83","22.13M","-5.05%"
"03/26/2014","0.92","0.94","0.96","0.90","19.90M","-3.45%"
"03/25/2014","0.95","0.92","0.97","0.92","25.00M","4.74%"
"03/24/2014","0.91","0.86","0.92","0.85","35.04M","8.07%"
"03/23/2014","0.84","0.79","0.85","0.77","55.07M","8.86%"
"03/20/2014","0.77","0.73","0.79","0.73","31.17M","7.42%"
"03/19/2014","0.72","0.70","0.73","0.70","11.63M","3.73%"
"03/18/2014","0.69","0.68","0.70","0.68","3.77M","1.88%"
"03/17/2014","0.68","0.68","0.69","0.67","1.96M","0.00%"
"03/16/2014","0.68","0.69","0.69","0.67","3.94M","-1.29%"
"03/13/2014","0.69","0.68","0.70","0.68","8.96M","0.00%"
"03/12/2014","0.69","0.68","0.69","0.68","1.73M","0.00%"
"03/11/2014","0.68","0.68","0.69","0.68","855.11K","1.07%"
"03/10/2014","0.68","0.67","0.68","0.67","3.45M","0.00%"
"03/09/2014","0.67","0.67","0.69","0.67","2.36M","-0.94%"
"03/06/2014","0.68","0.67","0.68","0.67","1.53M","0.99%"
"03/05/2014","0.67","0.68","0.68","0.66","3.09M","1.38%"
"03/04/2014","0.66","0.67","0.67","0.65","5.79M","-1.57%"
"03/03/2014","0.67","0.69","0.71","0.64","3.89M","-2.73%"
"03/02/2014","0.69","0.70","0.71","0.68","3.53M","-1.58%"
"02/27/2014","0.70","0.71","0.71","0.70","5.49M","0.00%"
"02/26/2014","0.70","0.70","0.72","0.70","3.41M","-1.09%"
"02/25/2014","0.71","0.72","0.72","0.70","4.67M","0.00%"
"02/24/2014","0.71","0.71","0.72","0.70","2.28M","-0.97%"
"02/23/2014","0.71","0.72","0.72","0.70","4.73M","0.00%"
"02/20/2014","0.72","0.72","0.72","0.71","4.33M","0.00%"
"02/19/2014","0.72","0.72","0.72","0.71","6.12M","1.13%"
"02/18/2014","0.71","0.72","0.72","0.71","647.10K","0.00%"
"02/17/2014","0.71","0.71","0.72","0.71","1.01M","0.00%"
"02/16/2014","0.72","0.72","0.72","0.71","2.56M","0.00%"
"02/13/2014","0.72","0.72","0.73","0.71","2.06M","0.00%"
"02/12/2014","0.72","0.73","0.74","0.71","2.31M","0.77%"
"02/11/2014","0.72","0.72","0.72","0.71","1.78M","0.00%"
"02/10/2014","0.72","0.72","0.73","0.72","1.52M","-0.76%"
"02/09/2014","0.73","0.70","0.74","0.70","10.82M","2.75%"
"02/06/2014","0.71","0.71","0.71","0.69","6.82M","0.91%"
"02/05/2014","0.70","0.70","0.71","0.69","2.94M","1.20%"
"02/04/2014","0.69","0.70","0.70","0.69","3.67M","-0.95%"
"02/03/2014","0.70","0.70","0.71","0.70","1.03M","-2.06%"
"02/02/2014","0.71","0.70","0.72","0.69","9.50M","2.84%"
"01/30/2014","0.70","0.69","0.70","0.69","4.30M","0.00%"
"01/29/2014","0.69","0.69","0.70","0.68","2.79M","1.26%"
"01/28/2014","0.69","0.68","0.70","0.68","8.06M","1.07%"
"01/27/2014","0.68","0.67","0.68","0.67","518.80K","0.83%"
"01/26/2014","0.67","0.66","0.68","0.66","240.98K","0.00%"
"01/23/2014","0.67","0.67","0.68","0.67","1.12M","0.87%"
"01/22/2014","0.67","0.67","0.67","0.67","699.30K","0.00%"
"01/21/2014","0.67","0.67","0.68","0.66","252.47K","0.00%"
"01/20/2014","0.67","0.68","0.68","0.66","1.58M","0.00%"
"01/19/2014","0.67","0.68","0.68","0.67","2.19M","-1.87%"
"01/16/2014","0.68","0.68","0.69","0.67","684.33K","-1.76%"
"01/15/2014","0.69","0.69","0.70","0.68","4.54M","0.00%"
"01/14/2014","0.70","0.68","0.71","0.68","5.90M","3.00%"
"01/12/2014","0.67","0.68","0.69","0.67","10.93M","0.87%"
"01/09/2014","0.67","0.67","0.68","0.67","6.14M","0.00%"
"01/08/2014","0.67","0.67","0.68","0.66","4.97M","0.00%"
"01/06/2014","0.67","0.68","0.68","0.66","2.67M","-3.53%"
"01/05/2014","0.69","0.69","0.70","0.68","500.40K","0.00%"
"01/02/2014","0.69","0.69","0.70","0.69","4.74M","1.18%"
"12/31/2013","0.68","0.69","0.69","0.68","161.39K","-1.01%"
"12/30/2013","0.69","0.69","0.69","0.69","549.00K","1.22%"
"12/29/2013","0.68","0.67","0.69","0.67","990.29K","0.00%"
"12/26/2013","0.68","0.68","0.68","0.68","1.73M","-1.01%"
"12/25/2013","0.69","0.69","0.69","0.68","1.65M","0.94%"
"12/24/2013","0.68","0.68","0.68","0.68","857.20K","0.00%"
"12/23/2013","0.68","0.68","0.69","0.68","96.34K","0.00%"
"12/22/2013","0.68","0.69","0.69","0.68","693.00K","-1.96%"
"12/19/2013","0.70","0.70","0.70","0.69","979.42K","0.00%"
"12/18/2013","0.69","0.69","0.70","0.69","208.80K","0.00%"
"12/17/2013","0.69","0.69","0.70","0.69","5.73M","0.00%"
"12/16/2013","0.69","0.69","0.69","0.69","315.00K","-0.92%"
"12/15/2013","0.70","0.69","0.70","0.69","606.39K","0.80%"
"12/12/2013","0.69","0.68","0.70","0.67","3.58M","1.76%"
"12/11/2013","0.68","0.67","0.68","0.67","1.56M","0.00%"
"12/10/2013","0.68","0.67","0.68","0.67","2.26M","1.79%"
"12/09/2013","0.67","0.67","0.67","0.66","508.54K","-0.99%"
"12/08/2013","0.67","0.67","0.67","0.67","713.13K","0.83%"
"12/05/2013","0.67","0.67","0.67","0.67","255.64K","2.13%"
"12/04/2013","0.65","0.65","0.66","0.65","378.18K","0.00%"
"12/03/2013","0.65","0.65","0.66","0.65","400.18K","0.00%"
"12/02/2013","0.65","0.65","0.65","0.65","2.73M","0.00%"
"12/01/2013","0.65","0.65","0.67","0.65","1.46M","-1.34%"
"11/28/2013","0.66","0.67","0.67","0.65","3.53M","0.00%"
"11/27/2013","0.67","0.68","0.68","0.66","3.55M","-2.16%"
"11/26/2013","0.68","0.68","0.68","0.68","2.11M","0.00%"
"11/25/2013","0.68","0.69","0.69","0.68","2.34M","-3.37%"
"11/24/2013","0.71","0.72","0.72","0.70","3.85M","-2.07%"
"11/21/2013","0.72","0.73","0.73","0.72","5.82M","0.00%"
"11/20/2013","0.72","0.71","0.73","0.70","13.28M","1.96%"
"11/19/2013","0.71","0.70","0.71","0.70","906.23K","0.00%"
"11/18/2013","0.71","0.70","0.71","0.70","9.29M","1.63%"
"11/17/2013","0.70","0.68","0.70","0.68","1.53M","1.25%"
"11/14/2013","0.69","0.69","0.71","0.68","2.35M","0.00%"
"11/13/2013","0.69","0.69","0.70","0.68","1.10M","0.00%"
"11/12/2013","0.69","0.69","0.70","0.69","4.67M","1.92%"
"11/11/2013","0.68","0.68","0.69","0.68","1.60M","-0.93%"
"11/10/2013","0.69","0.69","0.69","0.68","3.60M","-1.36%"
"11/07/2013","0.70","0.71","0.71","0.69","6.10M","-1.68%"
"11/06/2013","0.71","0.71","0.71","0.70","6.74M","1.79%"
"11/04/2013","0.70","0.68","0.71","0.68","5.18M","3.08%"
"11/03/2013","0.68","0.65","0.68","0.65","4.49M","3.09%"
"10/31/2013","0.66","0.66","0.66","0.65","2.72M","0.00%"
"10/30/2013","0.66","0.66","0.67","0.66","6.64M","0.00%"
"10/29/2013","0.66","0.65","0.66","0.65","1.56M","0.98%"
"10/28/2013","0.65","0.67","0.67","0.64","4.89M","-4.18%"
"10/27/2013","0.68","0.68","0.69","0.66","5.42M","-1.89%"
"10/24/2013","0.69","0.69","0.69","0.69","2.25M","0.00%"
"10/23/2013","0.69","0.69","0.70","0.69","9.33M","0.00%"
"10/22/2013","0.70","0.69","0.71","0.69","3.66M","0.00%"
"10/21/2013","0.70","0.70","0.70","0.69","2.26M","0.00%"
"10/20/2013","0.70","0.70","0.72","0.69","2.34M","-1.29%"
"10/13/2013","0.71","0.69","0.71","0.69","4.27M","2.08%"
"10/10/2013","0.69","0.68","0.71","0.67","12.05M","3.57%"
"10/09/2013","0.67","0.65","0.68","0.65","14.40M","4.51%"
"10/08/2013","0.64","0.64","0.65","0.63","4.42M","0.00%"
"10/07/2013","0.64","0.63","0.64","0.63","1.71M","0.00%"
"10/03/2013","0.63","0.63","0.64","0.62","918.83K","2.19%"
"10/02/2013","0.62","0.62","0.63","0.61","732.46K","0.00%"
"10/01/2013","0.62","0.63","0.63","0.62","446.08K","0.94%"
"09/30/2013","0.62","0.62","0.63","0.61","1.02M","0.00%"
"09/29/2013","0.62","0.63","0.63","0.61","521.97K","-2.40%"
"09/26/2013","0.64","0.63","0.64","0.63","2.69M","1.15%"
"09/25/2013","0.63","0.63","0.64","0.63","1.02M","-1.56%"
"09/24/2013","0.64","0.63","0.65","0.63","4.77M","2.40%"
"09/23/2013","0.62","0.62","0.64","0.62","26.05M","0.00%"
"09/22/2013","0.62","0.62","0.62","0.62","835.92K","0.00%"
"09/19/2013","0.62","0.62","0.62","0.61","2.29M","0.00%"
"09/18/2013","0.62","0.62","0.62","0.61","864.22K","-1.24%"
"09/17/2013","0.62","0.62","0.63","0.62","3.96M","0.00%"
"09/16/2013","0.62","0.63","0.63","0.62","2.55M","0.00%"
"09/15/2013","0.63","0.63","0.63","0.62","2.84M","0.00%"
"09/12/2013","0.63","0.62","0.63","0.62","6.43M","0.00%"
"09/11/2013","0.62","0.61","0.62","0.61","700.20K","0.00%"
"09/10/2013","0.62","0.61","0.62","0.61","3.80M","1.69%"
"09/09/2013","0.61","0.60","0.61","0.60","194.40K","0.00%"
"09/08/2013","0.61","0.61","0.61","0.60","143.57K","1.77%"
"09/05/2013","0.60","0.60","0.60","0.60","205.20K","0.00%"
"09/04/2013","0.60","0.61","0.61","0.60","840.78K","-1.64%"
"09/03/2013","0.61","0.61","0.62","0.61","5.76M","0.00%"
"09/02/2013","0.61","0.60","0.61","0.60","22.72K","-3.53%"
"09/01/2013","0.63","0.63","0.64","0.62","371.66K","-0.83%"
"08/29/2013","0.63","0.63","0.64","0.63","532.80K","2.15%"
"08/28/2013","0.62","0.62","0.62","0.62","530.89K","-1.76%"
"08/27/2013","0.63","0.64","0.64","0.62","2.41M","-3.11%"
"08/26/2013","0.65","0.65","0.66","0.64","2.19M","0.00%"
"08/25/2013","0.65","0.64","0.67","0.64","510.19K","0.00%"
"08/22/2013","0.65","0.63","0.66","0.63","1.93M","2.00%"
"08/21/2013","0.64","0.63","0.65","0.63","199.01K","0.00%"
"08/20/2013","0.64","0.64","0.64","0.64","277.20K","0.00%"
"08/19/2013","0.64","0.63","0.64","0.63","114.48K","1.42%"
"08/18/2013","0.63","0.63","0.63","0.62","692.89K","-3.92%"
"08/14/2013","0.65","0.64","0.66","0.64","1.81M","-1.67%"
"08/13/2013","0.66","0.64","0.67","0.64","14.77M","0.00%"
"08/12/2013","0.66","0.64","0.67","0.64","755.32K","1.66%"
"08/07/2013","0.65","0.65","0.66","0.65","9.14M","1.21%"
"08/06/2013","0.64","0.62","0.65","0.62","4.64M","0.91%"
"08/05/2013","0.64","0.64","0.65","0.64","1.84M","0.00%"
"08/04/2013","0.64","0.63","0.64","0.63","3.10M","1.82%"
"08/01/2013","0.63","0.61","0.64","0.61","3.74M","2.59%"
"07/31/2013","0.61","0.60","0.61","0.60","759.60K","0.00%"
"07/30/2013","0.61","0.59","0.61","0.59","449.68K","0.00%"
"07/29/2013","0.61","0.61","0.61","0.60","458.78K","0.00%"
"07/28/2013","0.61","0.61","0.61","0.61","75.60K","0.00%"
"07/25/2013","0.61","0.61","0.61","0.59","473.51K","0.00%"
"07/24/2013","0.61","0.62","0.62","0.59","868.14K","-3.33%"
"07/22/2013","0.63","0.63","0.64","0.62","178.63K","-0.87%"
"07/21/2013","0.64","0.64","0.64","0.63","2.15M","1.14%"
"07/18/2013","0.63","0.63","0.64","0.62","117.68K","-1.09%"
"07/17/2013","0.64","0.64","0.64","0.63","1.31M","0.00%"
"07/16/2013","0.64","0.64","0.65","0.63","1.89M","1.98%"
"07/15/2013","0.63","0.63","0.64","0.62","1.17M","-0.92%"
"07/14/2013","0.64","0.64","0.64","0.62","1.98M","-2.09%"
"07/11/2013","0.65","0.65","0.65","0.65","36.00K","1.34%"
"07/10/2013","0.64","0.65","0.65","0.63","5.52M","0.00%"
"07/09/2013","0.64","0.64","0.66","0.63","2.59M","3.21%"
"07/08/2013","0.62","0.63","0.64","0.61","3.44M","-4.55%"
"07/07/2013","0.65","0.66","0.69","0.64","2.20M","-2.04%"
"07/04/2013","0.67","0.63","0.67","0.63","15.29M","9.84%"
"07/03/2013","0.61","0.59","0.61","0.59","2.40M","-2.19%"
"07/02/2013","0.62","0.62","0.63","0.57","11.83M","3.23%"
"06/30/2013","0.60","0.57","0.61","0.57","7.75M","4.64%"
"06/27/2013","0.57","0.56","0.58","0.55","3.71M","3.40%"
"06/26/2013","0.56","0.56","0.57","0.55","2.37M","0.00%"
"06/25/2013","0.56","0.54","0.58","0.54","3.99M","3.01%"
"06/24/2013","0.54","0.54","0.55","0.54","103.82K","0.00%"
"06/23/2013","0.54","0.53","0.55","0.52","4.07M","1.76%"
"06/20/2013","0.54","0.51","0.55","0.51","4.25M","1.64%"
"06/19/2013","0.53","0.52","0.53","0.52","4.21M","0.00%"
"06/18/2013","0.53","0.51","0.53","0.51","1.35M","1.12%"
"06/17/2013","0.52","0.50","0.53","0.50","1.81M","2.34%"
"06/16/2013","0.51","0.50","0.51","0.49","1.98M","0.00%"
"06/13/2013","0.51","0.52","0.52","0.50","2.38M","1.10%"
"06/12/2013","0.51","0.52","0.52","0.49","1.51M","-7.22%"
"06/11/2013","0.55","0.54","0.56","0.54","2.19M","1.76%"
"06/10/2013","0.54","0.53","0.55","0.52","6.18M","-4.12%"
"06/09/2013","0.56","0.59","0.60","0.54","3.14M","-4.41%"
"06/06/2013","0.59","0.57","0.60","0.56","4.57M","1.20%"
"06/05/2013","0.58","0.60","0.60","0.56","5.91M","-4.36%"
"06/04/2013","0.61","0.61","0.61","0.60","1.97M","-1.31%"
"06/03/2013","0.61","0.61","0.62","0.60","8.45M","0.00%"
"06/02/2013","0.61","0.60","0.61","0.60","2.02M","0.00%"
"05/30/2013","0.61","0.60","0.61","0.60","10.64M","2.10%"
"05/29/2013","0.60","0.60","0.60","0.59","1.35M","-2.10%"
"05/28/2013","0.61","0.61","0.61","0.60","1.83M","0.00%"
"05/27/2013","0.60","0.60","0.61","0.59","2.98M","-1.04%"
"05/26/2013","0.61","0.61","0.61","0.61","2.46M","0.00%"
"05/23/2013","0.62","0.61","0.62","0.61","7.45M","-0.85%"
"05/22/2013","0.62","0.62","0.62","0.61","3.09M","1.41%"
"05/21/2013","0.61","0.61","0.62","0.61","2.26M","0.00%"
"05/20/2013","0.62","0.61","0.62","0.61","5.72M","0.00%"
"05/19/2013","0.61","0.60","0.62","0.60","4.41M","0.92%"
"05/16/2013","0.61","0.60","0.61","0.60","3.57M","0.00%"
"05/15/2013","0.61","0.61","0.61","0.60","2.85M","2.00%"
"05/14/2013","0.60","0.62","0.62","0.59","1.86M","1.51%"
"05/13/2013","0.59","0.59","0.59","0.58","1.27M","-2.62%"
"05/12/2013","0.60","0.60","0.61","0.60","2.03M","0.00%"
"05/09/2013","0.60","0.59","0.60","0.59","7.61M","2.08%"
"05/08/2013","0.59","0.58","0.59","0.58","3.61M","1.05%"
"05/07/2013","0.58","0.57","0.59","0.57","3.84M","2.10%"
"05/02/2013","0.57","0.56","0.57","0.56","830.16K","0.00%"
"04/30/2013","0.57","0.57","0.58","0.56","2.02M","0.00%"
"04/29/2013","0.57","0.58","0.58","0.56","1.42M","0.00%"
"04/28/2013","0.57","0.57","0.58","0.56","2.13M","1.33%"
"04/24/2013","0.56","0.56","0.57","0.56","1.22M","-0.98%"
"04/23/2013","0.57","0.56","0.58","0.56","2.69M","1.44%"
"04/22/2013","0.56","0.55","0.57","0.55","914.22K","0.00%"
"04/21/2013","0.56","0.57","0.57","0.56","537.77K","0.00%"
"04/18/2013","0.56","0.56","0.57","0.56","1.30M","1.00%"
"04/17/2013","0.56","0.57","0.57","0.55","2.45M","-2.48%"
"04/16/2013","0.57","0.57","0.58","0.56","2.01M","0.00%"
"04/15/2013","0.57","0.56","0.57","0.56","3.58M","0.00%"
"04/14/2013","0.57","0.56","0.58","0.56","4.16M","2.10%"
"04/11/2013","0.56","0.54","0.57","0.54","4.50M","4.70%"
"04/10/2013","0.53","0.50","0.54","0.50","4.07M","4.59%"
"04/09/2013","0.51","0.50","0.52","0.50","1.30M","2.52%"
"04/08/2013","0.50","0.48","0.52","0.48","2.42M","3.72%"
"04/07/2013","0.48","0.48","0.48","0.48","612.36K","0.00%"
"04/04/2013","0.48","0.47","0.49","0.47","757.26K","0.00%"
"04/03/2013","0.48","0.49","0.49","0.47","962.61K","-2.89%"
"04/02/2013","0.49","0.49","0.49","0.49","863.10K","0.00%"
"04/01/2013","0.49","0.48","0.49","0.48","1.01M","0.00%"
"03/31/2013","0.49","0.50","0.50","0.49","872.25K","-1.89%"
"03/28/2013","0.50","0.49","0.50","0.49","4.46M","0.00%"
"03/27/2013","0.50","0.49","0.50","0.49","3.00M","0.00%"
"03/26/2013","0.50","0.51","0.51","0.50","716.65K","-1.64%"
"03/25/2013","0.51","0.52","0.52","0.50","1.26M","-1.66%"
"03/24/2013","0.52","0.51","0.53","0.51","1.13M","0.00%"
"03/21/2013","0.52","0.52","0.53","0.51","1.80M","1.03%"
"03/20/2013","0.51","0.52","0.52","0.50","3.74M","-3.36%"
"03/19/2013","0.53","0.53","0.54","0.52","1.34M","0.00%"
"03/18/2013","0.53","0.53","0.54","0.53","2.41M","-2.61%"
"03/17/2013","0.54","0.55","0.55","0.53","735.84K","1.14%"
"03/14/2013","0.54","0.53","0.54","0.53","632.13K","0.00%"
"03/13/2013","0.53","0.54","0.54","0.53","1.11M","-2.98%"
"03/12/2013","0.55","0.56","0.56","0.54","693.00K","0.00%"
"03/11/2013","0.55","0.55","0.56","0.54","734.65K","0.00%"
"03/10/2013","0.55","0.54","0.56","0.54","1.29M","1.28%"
"03/07/2013","0.54","0.54","0.55","0.54","2.20M","1.61%"
"03/06/2013","0.53","0.53","0.54","0.53","1.43M","1.26%"
"03/05/2013","0.53","0.55","0.55","0.52","2.07M","-3.21%"
"03/04/2013","0.55","0.56","0.56","0.53","2.58M","-3.53%"
"03/03/2013","0.57","0.56","0.57","0.56","692.89K","-1.55%"
"02/28/2013","0.57","0.58","0.58","0.57","2.28M","-0.96%"
"02/27/2013","0.58","0.58","0.58","0.58","887.04K","0.00%"
"02/26/2013","0.58","0.58","0.59","0.57","3.12M","2.44%"
"02/25/2013","0.57","0.58","0.58","0.57","1.63M","0.00%"
"02/24/2013","0.57","0.57","0.58","0.56","1.68M","-2.43%"
"02/21/2013","0.58","0.58","0.59","0.58","3.21M","0.00%"
"02/20/2013","0.58","0.59","0.59","0.58","3.21M","-2.46%"
"02/19/2013","0.60","0.60","0.61","0.59","3.11M","0.00%"
"02/18/2013","0.60","0.61","0.61","0.60","1.35M","-1.50%"
"02/17/2013","0.61","0.61","0.62","0.61","2.68M","0.87%"
"02/14/2013","0.61","0.61","0.61","0.60","662.40K","-0.86%"
"02/13/2013","0.61","0.62","0.62","0.60","3.60M","0.00%"
"02/12/2013","0.62","0.61","0.62","0.61","4.58M","1.74%"
"02/11/2013","0.61","0.62","0.62","0.60","888.52K","0.00%"
"02/10/2013","0.61","0.60","0.61","0.60","1.35M","0.00%"
"02/07/2013","0.60","0.60","0.61","0.60","2.52M","0.00%"
"02/06/2013","0.60","0.61","0.61","0.59","3.04M","0.00%"
"02/05/2013","0.61","0.60","0.62","0.60","5.14M","0.87%"
"02/04/2013","0.60","0.61","0.61","0.60","4.62M","0.00%"
"02/03/2013","0.60","0.59","0.61","0.59","3.78M","4.60%"
"01/31/2013","0.57","0.57","0.58","0.56","6.57M","1.82%"
"01/30/2013","0.56","0.58","0.58","0.56","1.18M","1.05%"
"01/29/2013","0.56","0.56","0.57","0.55","5.62M","-3.56%"
"01/28/2013","0.58","0.59","0.59","0.56","1.91M","-1.33%"
"01/27/2013","0.59","0.56","0.60","0.56","1.02M","0.00%"
"01/23/2013","0.59","0.58","0.60","0.58","4.87M","0.00%"
"01/22/2013","0.59","0.58","0.60","0.56","2.83M","3.21%"
"01/21/2013","0.57","0.56","0.58","0.56","2.25M","-0.91%"
"01/20/2013","0.58","0.58","0.58","0.57","2.36M","-2.26%"
"01/17/2013","0.59","0.61","0.61","0.58","2.89M","-3.50%"
"01/16/2013","0.61","0.61","0.62","0.61","5.18M","0.00%"
"01/15/2013","0.61","0.63","0.63","0.61","3.94M","-3.87%"
"01/14/2013","0.64","0.65","0.65","0.63","4.46M","0.00%"
"01/13/2013","0.64","0.64","0.65","0.62","4.61M","-2.01%"
"01/10/2013","0.65","0.67","0.67","0.64","3.43M","-3.23%"
"01/09/2013","0.67","0.67","0.68","0.66","6.37M","0.00%"
"01/08/2013","0.67","0.66","0.68","0.66","3.02M","0.00%"
"01/06/2013","0.67","0.67","0.68","0.66","6.94M","0.00%"
"01/03/2013","0.67","0.67","0.69","0.66","9.27M","0.92%"
"01/02/2013","0.67","0.66","0.67","0.66","10.03M","4.43%"
"12/31/2012","0.64","0.65","0.65","0.64","9.34M","-1.03%"
"12/30/2012","0.65","0.65","0.66","0.64","5.08M","0.00%"
"12/27/2012","0.65","0.64","0.66","0.63","9.68M","3.91%"
"12/26/2012","0.63","0.62","0.64","0.62","3.05M","0.00%"
"12/25/2012","0.63","0.61","0.63","0.61","30.39M","1.12%"
"12/24/2012","0.62","0.61","0.63","0.60","3.84M","0.00%"
"12/23/2012","0.62","0.65","0.65","0.60","7.69M","-1.72%"
"12/20/2012","0.63","0.61","0.65","0.60","8.68M","3.36%"
"12/19/2012","0.61","0.61","0.62","0.60","5.43M","2.09%"
"12/18/2012","0.60","0.59","0.61","0.59","2.98M","0.00%"
"12/17/2012","0.60","0.61","0.61","0.59","4.17M","-1.01%"
"12/16/2012","0.61","0.60","0.61","0.59","3.14M","2.68%"
"12/13/2012","0.59","0.59","0.60","0.58","2.17M","1.63%"
"12/12/2012","0.58","0.56","0.60","0.56","3.59M","4.97%"
"12/11/2012","0.55","0.56","0.56","0.54","952.20K","0.00%"
"12/10/2012","0.55","0.55","0.56","0.54","1.42M","0.00%"
"12/09/2012","0.56","0.58","0.58","0.54","2.24M","3.04%"
"12/06/2012","0.54","0.56","0.56","0.53","4.78M","-7.44%"
"12/05/2012","0.58","0.56","0.59","0.56","3.81M","1.70%"
"12/04/2012","0.57","0.55","0.58","0.55","4.27M","4.67%"
"12/03/2012","0.55","0.53","0.55","0.53","522.18K","0.00%"
"12/02/2012","0.55","0.57","0.57","0.54","1.77M","2.40%"
"11/29/2012","0.53","0.50","0.54","0.50","1.25M","0.00%"
"11/28/2012","0.53","0.56","0.57","0.52","3.02M","-5.61%"
"11/27/2012","0.56","0.56","0.57","0.55","3.38M","0.99%"
"11/26/2012","0.56","0.53","0.58","0.53","5.66M","-2.71%"
"11/25/2012","0.57","0.57","0.58","0.57","7.76M","-9.93%"
"11/22/2012","0.64","0.64","0.65","0.62","3.34M","0.00%"
"11/21/2012","0.63","0.64","0.65","0.62","3.72M","0.00%"
"11/20/2012","0.63","0.63","0.65","0.61","8.17M","-4.74%"
"11/19/2012","0.66","0.67","0.69","0.64","6.37M","-1.49%"
"11/18/2012","0.67","0.69","0.69","0.66","2.50M","-4.62%"
"11/14/2012","0.70","0.71","0.72","0.69","3.72M","-2.42%"
"11/13/2012","0.72","0.72","0.73","0.71","5.15M","1.92%"
"11/12/2012","0.71","0.69","0.72","0.69","3.51M","0.00%"
"11/11/2012","0.71","0.72","0.72","0.69","3.77M","-2.67%"
"11/08/2012","0.73","0.73","0.74","0.72","2.41M","0.00%"
"11/07/2012","0.73","0.71","0.74","0.71","4.32M","2.34%"
"11/06/2012","0.71","0.71","0.73","0.68","8.16M","4.70%"
"11/05/2012","0.68","0.69","0.71","0.65","6.60M","-1.17%"
"11/04/2012","0.69","0.71","0.72","0.66","5.07M","-4.99%"
"11/01/2012","0.72","0.75","0.76","0.71","11.27M","-3.37%"
"10/31/2012","0.75","0.74","0.77","0.74","4.69M","-1.28%"
"10/30/2012","0.76","0.76","0.77","0.75","12.57M","1.37%"
"10/29/2012","0.75","0.73","0.76","0.73","15.34M","3.49%"
"10/24/2012","0.72","0.72","0.73","0.71","10.03M","2.16%"
"10/23/2012","0.71","0.69","0.72","0.69","5.01M","0.00%"
"10/22/2012","0.70","0.68","0.71","0.68","5.69M","3.14%"
"10/21/2012","0.68","0.69","0.69","0.67","4.38M","-2.50%"
"10/18/2012","0.70","0.71","0.71","0.69","5.41M","-1.95%"
"10/17/2012","0.71","0.72","0.73","0.70","10.96M","2.68%"
"10/16/2012","0.69","0.68","0.72","0.67","12.40M","1.21%"
"10/15/2012","0.69","0.69","0.70","0.67","7.52M","-0.84%"
"10/14/2012","0.69","0.65","0.70","0.65","19.51M","8.34%"
"10/11/2012","0.64","0.59","0.65","0.58","18.72M","7.62%"
"10/10/2012","0.59","0.60","0.61","0.58","2.57M","3.69%"
"10/09/2012","0.57","0.56","0.60","0.54","3.82M","2.08%"
"10/08/2012","0.56","0.57","0.58","0.55","1.69M","-2.27%"
"10/04/2012","0.57","0.58","0.58","0.57","5.68M","0.00%"
"10/03/2012","0.58","0.57","0.59","0.57","1.70M","0.00%"
"10/02/2012","0.58","0.60","0.60","0.56","3.46M","-1.93%"
"10/01/2012","0.59","0.68","0.68","0.57","9.57M","-5.19%"
"09/30/2012","0.62","0.64","0.64","0.61","9.33M","-1.32%"
"09/27/2012","0.63","0.63","0.64","0.62","3.30M","-2.41%"
"09/26/2012","0.65","0.64","0.66","0.63","5.29M","0.00%"
"09/25/2012","0.65","0.64","0.66","0.63","7.73M","3.82%"
"09/24/2012","0.63","0.60","0.64","0.60","4.64M","0.00%"
"09/23/2012","0.62","0.62","0.63","0.61","3.21M","0.00%"
"09/20/2012","0.62","0.62","0.64","0.60","5.45M","0.00%"
"09/19/2012","0.63","0.65","0.65","0.61","5.78M","0.00%"
"09/18/2012","0.62","0.62","0.64","0.59","6.46M","0.00%"
"09/17/2012","0.62","0.62","0.64","0.60","9.39M","3.61%"
"09/16/2012","0.60","0.58","0.62","0.58","10.56M","6.19%"
"09/13/2012","0.57","0.55","0.59","0.54","10.87M","1.49%"
"09/12/2012","0.56","0.56","0.57","0.55","4.02M","0.00%"
"09/11/2012","0.56","0.55","0.57","0.54","9.39M","2.08%"
"09/10/2012","0.55","0.53","0.56","0.53","2.65M","1.86%"
"09/09/2012","0.54","0.55","0.55","0.53","2.30M","0.00%"
"09/06/2012","0.54","0.55","0.55","0.53","2.24M","-1.61%"
"09/05/2012","0.55","0.55","0.56","0.54","1.17M","0.00%"
"09/04/2012","0.55","0.56","0.58","0.54","3.48M","0.00%"
"09/03/2012","0.56","0.54","0.57","0.54","5.26M","1.36%"
"09/02/2012","0.55","0.53","0.57","0.53","8.25M","4.30%"
"08/30/2012","0.53","0.52","0.54","0.52","4.67M","2.86%"
"08/29/2012","0.51","0.52","0.52","0.50","2.99M","0.00%"
"08/28/2012","0.52","0.53","0.53","0.51","8.27M","0.00%"
"08/27/2012","0.52","0.49","0.54","0.49","6.26M","3.74%"
"08/26/2012","0.50","0.48","0.52","0.48","13.95M","7.27%"
"08/23/2012","0.47","0.44","0.48","0.44","8.78M","7.42%"
"08/22/2012","0.44","0.43","0.44","0.42","3.23M","0.00%"
"08/21/2012","0.44","0.44","0.44","0.43","1.17M","0.00%"
"08/16/2012","0.43","0.42","0.44","0.42","2.49M","2.23%"
"08/15/2012","0.42","0.43","0.43","0.42","356.62K","0.00%"
"08/14/2012","0.43","0.42","0.43","0.42","2.18M","3.35%"
"08/13/2012","0.41","0.41","0.42","0.41","289.48K","0.00%"
"08/12/2012","0.41","0.42","0.42","0.41","1.05M","0.00%"
"08/09/2012","0.42","0.43","0.43","0.41","677.20K","0.00%"
"08/08/2012","0.42","0.42","0.43","0.42","695.20K","0.00%"
"08/07/2012","0.43","0.42","0.44","0.42","1.98M","0.00%"
"08/06/2012","0.43","0.42","0.43","0.42","844.74K","0.00%"
"08/05/2012","0.43","0.43","0.43","0.42","1.13M","2.72%"
"08/02/2012","0.42","0.42","0.42","0.42","1.04M","-2.33%"
"08/01/2012","0.43","0.43","0.43","0.42","2.01M","0.00%"
"07/31/2012","0.42","0.42","0.43","0.41","1.73M","4.51%"
"07/30/2012","0.41","0.41","0.41","0.41","470.88K","0.00%"
"07/29/2012","0.41","0.41","0.41","0.41","9.00K","0.00%"
"07/26/2012","0.41","0.41","0.42","0.41","118.30K","1.37%"
"07/25/2012","0.41","0.41","0.41","0.40","125.82K","0.00%"
"07/24/2012","0.41","0.40","0.41","0.40","438.12K","-2.06%"
"07/22/2012","0.42","0.42","0.42","0.41","52.38K","0.00%"
"07/19/2012","0.42","0.42","0.42","0.41","832.07K","0.00%"
"07/18/2012","0.41","0.42","0.42","0.40","565.78K","0.00%"
"07/17/2012","0.41","0.40","0.42","0.40","759.53K","3.63%"
"07/16/2012","0.40","0.40","0.40","0.40","325.84K","-1.98%"
"07/15/2012","0.41","0.41","0.42","0.40","374.94K","-2.60%"
"07/12/2012","0.42","0.43","0.43","0.41","909.47K","0.00%"
"07/11/2012","0.42","0.43","0.43","0.41","578.38K","0.00%"
"07/10/2012","0.42","0.42","0.42","0.41","1.12M","0.00%"
"07/09/2012","0.42","0.41","0.42","0.41","1.63M","-4.25%"
"07/08/2012","0.44","0.44","0.44","0.42","1.74M","-1.87%"
"07/05/2012","0.45","0.45","0.45","0.44","340.27K","1.39%"
"07/04/2012","0.44","0.44","0.45","0.43","2.59M","-1.31%"
"07/03/2012","0.45","0.44","0.45","0.44","1.31M","0.00%"
"07/02/2012","0.45","0.44","0.46","0.44","2.92M","4.24%"
"06/28/2012","0.43","0.43","0.44","0.42","2.49M","0.00%"
"06/27/2012","0.43","0.43","0.44","0.43","1.36M","0.00%"
"06/26/2012","0.43","0.42","0.44","0.42","2.87M","1.98%"
"06/25/2012","0.42","0.41","0.43","0.41","3.59M","8.67%"
"06/24/2012","0.39","0.39","0.39","0.38","952.09K","2.50%"
"06/21/2012","0.38","0.37","0.38","0.37","642.71K","0.00%"
"06/20/2012","0.38","0.38","0.39","0.37","521.61K","0.00%"
"06/19/2012","0.38","0.38","0.38","0.37","687.42K","-2.36%"
"06/18/2012","0.39","0.38","0.39","0.38","960.88K","0.00%"
"06/14/2012","0.39","0.39","0.39","0.38","570.82K","0.00%"
"06/13/2012","0.39","0.39","0.39","0.38","942.45K","0.00%"
"06/12/2012","0.39","0.39","0.39","0.39","1.38M","1.45%"
"06/11/2012","0.38","0.39","0.39","0.38","394.92K","-1.49%"
"06/10/2012","0.39","0.39","0.39","0.39","143.82K","0.00%"
"06/07/2012","0.39","0.39","0.39","0.39","147.60K","0.00%"
"06/06/2012","0.39","0.39","0.39","0.38","336.96K","0.00%"
"06/05/2012","0.39","0.39","0.40","0.38","598.11K","-2.32%"
"06/04/2012","0.40","0.39","0.40","0.39","117.00K","0.00%"
"06/03/2012","0.39","0.39","0.40","0.39","649.98K","-1.74%"
"05/31/2012","0.40","0.40","0.41","0.39","631.19K","0.00%"
"05/30/2012","0.40","0.40","0.40","0.39","541.84K","0.00%"
"05/29/2012","0.40","0.40","0.41","0.40","311.08K","-2.17%"
"05/28/2012","0.41","0.41","0.41","0.40","1.19M","0.00%"
"05/27/2012","0.41","0.42","0.44","0.40","1.18M","-4.44%"
"05/24/2012","0.43","0.43","0.44","0.43","407.63K","0.00%"
"05/23/2012","0.43","0.42","0.44","0.42","824.40K","1.44%"
"05/22/2012","0.42","0.42","0.43","0.42","726.95K","0.00%"
"05/21/2012","0.42","0.42","0.43","0.42","2.01M","0.00%"
"05/20/2012","0.42","0.42","0.42","0.42","693.22K","-1.82%"
"05/17/2012","0.43","0.43","0.43","0.42","831.24K","-2.10%"
"05/16/2012","0.44","0.44","0.44","0.43","531.69K","0.00%"
"05/15/2012","0.44","0.44","0.44","0.44","2.26M","-1.74%"
"05/14/2012","0.45","0.45","0.46","0.44","1.29M","-1.83%"
"05/13/2012","0.46","0.44","0.46","0.44","1.18M","2.50%"
"05/10/2012","0.44","0.44","0.45","0.44","1.29M","-1.96%"
"05/09/2012","0.45","0.45","0.46","0.45","1.10M","0.00%"
"05/08/2012","0.45","0.44","0.46","0.43","4.33M","3.04%"
"05/07/2012","0.44","0.44","0.45","0.43","896.04K","-1.92%"
"05/06/2012","0.45","0.44","0.45","0.44","1.87M","4.88%"
"05/03/2012","0.43","0.43","0.44","0.42","1.42M","0.00%"
"05/02/2012","0.43","0.43","0.44","0.42","1.17M","-2.15%"
"04/30/2012","0.44","0.44","0.44","0.44","1.18M","0.00%"
"04/29/2012","0.44","0.44","0.44","0.43","947.70K","-1.74%"
"04/26/2012","0.45","0.44","0.45","0.44","1.10M","0.00%"
"04/24/2012","0.45","0.44","0.46","0.44","1.06M","0.00%"
"04/23/2012","0.45","0.46","0.46","0.44","2.68M","0.00%"
"04/22/2012","0.45","0.42","0.46","0.42","3.65M","6.33%"
"04/19/2012","0.42","0.42","0.43","0.42","1.87M","1.47%"
"04/18/2012","0.41","0.42","0.42","0.41","1.01M","0.00%"
"04/17/2012","0.42","0.42","0.43","0.41","2.18M","-1.50%"
"04/12/2012","0.43","0.41","0.44","0.41","7.08M","5.79%"
"04/11/2012","0.40","0.38","0.41","0.38","1.52M","4.01%"
"04/10/2012","0.39","0.41","0.41","0.38","589.39K","0.00%"
"04/09/2012","0.39","0.40","0.40","0.39","1.56M","-3.35%"
"04/08/2012","0.41","0.41","0.42","0.40","946.73K","-1.88%"
"04/05/2012","0.41","0.41","0.42","0.41","467.71K","0.00%"
"04/04/2012","0.41","0.42","0.42","0.40","1.49M","0.00%"
"04/03/2012","0.41","0.41","0.42","0.41","189.58K","-1.85%"
"04/02/2012","0.42","0.43","0.43","0.41","2.90M","-2.01%"
"04/01/2012","0.43","0.43","0.43","0.42","1.05M","0.00%"
"03/29/2012","0.43","0.43","0.44","0.43","1.83M","0.00%"
"03/28/2012","0.44","0.44","0.45","0.43","3.17M","0.00%"
"03/27/2012","0.44","0.44","0.45","0.43","1.34M","1.92%"
"03/26/2012","0.43","0.43","0.44","0.42","2.77M","0.00%"
"03/25/2012","0.43","0.45","0.45","0.43","5.53M","-4.72%"
"03/22/2012","0.45","0.45","0.47","0.45","2.37M","-2.34%"
"03/21/2012","0.46","0.47","0.48","0.45","3.54M","4.31%"
"03/20/2012","0.44","0.43","0.47","0.43","4.59M","2.96%"
"03/19/2012","0.43","0.45","0.45","0.42","3.39M","0.00%"
"03/18/2012","0.44","0.44","0.44","0.43","1.06M","-3.79%"
"03/15/2012","0.45","0.46","0.46","0.44","2.45M","2.06%"
"03/14/2012","0.44","0.43","0.46","0.43","4.27M","3.29%"
"03/13/2012","0.43","0.44","0.45","0.42","9.21M","-3.25%"
"03/12/2012","0.44","0.46","0.46","0.43","9.46M","-4.70%"
"03/11/2012","0.47","0.48","0.48","0.46","2.54M","0.00%"
"03/08/2012","0.47","0.49","0.49","0.46","11.18M","-5.98%"
"03/07/2012","0.50","0.49","0.51","0.48","19.12M","2.27%"
"03/06/2012","0.49","0.50","0.50","0.47","11.92M","2.74%"
"03/05/2012","0.48","0.46","0.49","0.46","7.16M","2.75%"
"03/04/2012","0.46","0.48","0.48","0.46","3.10M","0.00%"
"03/01/2012","0.47","0.48","0.48","0.46","6.36M","0.00%"
"02/29/2012","0.47","0.46","0.48","0.46","7.07M","4.54%"
"02/28/2012","0.45","0.46","0.47","0.43","14.30M","1.24%"
"02/27/2012","0.45","0.44","0.46","0.43","9.08M","0.00%"
"02/26/2012","0.45","0.45","0.45","0.44","8.26M","2.94%"
"02/23/2012","0.44","0.43","0.45","0.42","5.84M","3.09%"
"02/22/2012","0.42","0.41","0.43","0.41","4.32M","0.00%"
"02/21/2012","0.42","0.42","0.44","0.41","9.21M","-3.45%"
"02/20/2012","0.43","0.46","0.46","0.41","9.44M","-3.33%"
"02/19/2012","0.45","0.42","0.46","0.42","7.10M","3.38%"
"02/16/2012","0.44","0.41","0.46","0.41","15.11M","4.19%"
"02/15/2012","0.42","0.39","0.42","0.39","18.63M","8.28%"
"02/14/2012","0.39","0.36","0.40","0.36","16.92M","6.36%"
"02/13/2012","0.36","0.35","0.37","0.35","11.15M","5.32%"
"02/12/2012","0.34","0.34","0.35","0.34","5.71M","3.33%"
"02/09/2012","0.33","0.33","0.34","0.33","4.76M","0.00%"
"02/08/2012","0.34","0.33","0.34","0.33","3.58M","-97.20%"
"02/07/2012","12.08","12.03","12.32","12.03","","3,545.27%"
"02/06/2012","0.33","0.33","0.34","0.33","2.44M","0.00%"
"02/02/2012","0.34","0.34","0.34","0.33","8.02M","-3.28%"
"02/01/2012","0.35","0.35","0.36","0.34","7.17M","0.00%"
"01/31/2012","0.34","0.34","0.35","0.33","5.91M","2.66%"
"01/30/2012","0.33","0.33","0.34","0.32","6.19M","0.00%"
"01/29/2012","0.33","0.33","0.34","0.32","6.38M","0.00%"
"01/26/2012","0.33","0.32","0.34","0.32","11.93M","4.64%"
"01/24/2012","0.32","0.31","0.32","0.30","4.85M","3.63%"
"01/23/2012","0.31","0.31","0.31","0.31","8.87M","0.00%"
"01/22/2012","0.30","0.31","0.31","0.30","1.54M","0.00%"
"01/19/2012","0.31","0.32","0.32","0.31","7.94M","-4.00%"
"01/18/2012","0.32","0.32","0.33","0.31","6.52M","0.00%"
"01/17/2012","0.32","0.31","0.33","0.31","7.52M","4.14%"
"01/16/2012","0.31","0.31","0.32","0.31","2.69M","-1.86%"
"01/15/2012","0.31","0.31","0.32","0.31","834.91K","0.00%"
"01/12/2012","0.31","0.31","0.31","0.31","1.75M","0.00%"
"01/11/2012","0.31","0.31","0.31","0.30","756.33K","0.00%"
"01/10/2012","0.31","0.30","0.31","0.30","1.61M","3.47%"
"01/09/2012","0.30","0.31","0.31","0.29","3.34M","-2.20%"
"01/05/2012","0.30","0.31","0.31","0.30","1.47M","0.00%"
"01/04/2012","0.31","0.32","0.32","0.31","7.32M","0.00%"
"01/03/2012","0.31","0.31","0.32","0.30","14.29M","1.72%"
"01/02/2012","0.31","0.31","0.31","0.31","3.04M","0.00%"
"12/29/2011","0.31","0.30","0.31","0.30","433.62K","0.00%"
"12/28/2011","0.30","0.31","0.31","0.30","591.63K","0.00%"
"12/27/2011","0.31","0.31","0.31","0.30","276.66K","0.00%"
"12/26/2011","0.31","0.31","0.31","0.31","1.97M","-3.75%"
"12/25/2011","0.32","0.31","0.32","0.31","359.64K","3.42%"
"12/22/2011","0.31","0.31","0.31","0.31","1.24M","-2.03%"
"12/21/2011","0.31","0.32","0.32","0.31","861.66K","0.00%"
"12/20/2011","0.32","0.33","0.33","0.32","1.00M","-2.79%"
"12/19/2011","0.33","0.33","0.33","0.33","771.12K","0.00%"
"12/18/2011","0.33","0.32","0.33","0.32","587.99K","-2.73%"
"12/15/2011","0.34","0.33","0.34","0.33","175.46K","0.00%"
"12/14/2011","0.33","0.34","0.34","0.33","2.01M","0.00%"
"12/13/2011","0.33","0.34","0.34","0.33","581.40K","0.00%"
"12/12/2011","0.33","0.34","0.34","0.33","1.10M","-1.56%"
"12/11/2011","0.34","0.34","0.34","0.34","466.52K","0.00%"
"12/08/2011","0.34","0.34","0.35","0.34","383.40K","0.00%"
"12/07/2011","0.34","0.35","0.35","0.34","1.07M","0.00%"
"12/06/2011","0.35","0.34","0.35","0.34","2.45M","0.00%"
"12/05/2011","0.34","0.34","0.35","0.34","484.42K","0.00%"
"12/04/2011","0.35","0.35","0.35","0.34","1.05M","0.00%"
"12/01/2011","0.35","0.34","0.36","0.33","4.55M","3.06%"
"11/30/2011","0.34","0.34","0.35","0.33","1.69M","0.00%"
"11/29/2011","0.34","0.33","0.35","0.32","3.54M","6.60%"
"11/24/2011","0.32","0.31","0.32","0.31","2.68M","0.00%"
"11/23/2011","0.31","0.30","0.32","0.30","2.48M","3.71%"
"11/22/2011","0.30","0.35","0.35","0.29","1.94M","-5.27%"
"11/21/2011","0.32","0.32","0.32","0.31","1.22M","-6.64%"
"11/20/2011","0.34","0.37","0.37","0.34","2.68M","-9.09%"
"11/17/2011","0.37","0.38","0.38","0.37","1.40M","0.00%"
"11/16/2011","0.37","0.37","0.38","0.37","1.09M","1.59%"
"11/15/2011","0.37","0.37","0.38","0.36","891.90K","0.00%"
"11/14/2011","0.37","0.38","0.38","0.36","1.51M","-4.29%"
"11/13/2011","0.38","0.39","0.39","0.38","801.65K","-1.79%"
"11/10/2011","0.39","0.39","0.39","0.39","709.02K","0.00%"
"11/09/2011","0.39","0.39","0.39","0.38","1.53M","1.89%"
"11/03/2011","0.38","0.38","0.39","0.37","1.05M","0.00%"
"11/02/2011","0.38","0.38","0.38","0.38","354.42K","0.00%"
"11/01/2011","0.38","0.37","0.38","0.37","206.10K","0.00%"
"10/31/2011","0.38","0.38","0.38","0.37","1.21M","0.00%"
"10/30/2011","0.38","0.38","0.38","0.38","623.88K","0.00%"
"10/27/2011","0.38","0.38","0.38","0.38","196.20K","0.00%"
"10/26/2011","0.38","0.38","0.38","0.37","685.73K","-1.60%"
"10/25/2011","0.38","0.38","0.39","0.38","829.19K","0.00%"
"10/24/2011","0.38","0.39","0.39","0.38","2.03M","-2.28%"
"10/23/2011","0.39","0.39","0.40","0.38","1.31M","2.11%"
"10/20/2011","0.38","0.38","0.39","0.38","419.29K","0.00%"
"10/19/2011","0.39","0.38","0.39","0.38","825.66K","2.14%"
"10/18/2011","0.38","0.37","0.39","0.37","2.17M","0.00%"
"10/17/2011","0.37","0.37","0.38","0.37","1.05M","0.00%"
"10/16/2011","0.38","0.38","0.39","0.37","1.89M","2.64%"
"10/13/2011","0.37","0.36","0.37","0.36","1.83M","2.55%"
"10/12/2011","0.36","0.36","0.37","0.36","970.31K","0.00%"
"10/11/2011","0.36","0.35","0.36","0.35","1.26M","4.05%"
"10/10/2011","0.34","0.34","0.35","0.33","1.10M","-1.51%"
"10/09/2011","0.35","0.34","0.36","0.34","545.40K","0.00%"
"10/05/2011","0.35","0.36","0.36","0.35","1.03M","-2.08%"
"10/04/2011","0.36","0.36","0.37","0.36","2.01M","-2.19%"
"10/03/2011","0.37","0.38","0.38","0.36","868.65K","-1.78%"
"10/02/2011","0.37","0.37","0.38","0.37","1.23M","2.90%"
"09/29/2011","0.36","0.36","0.37","0.36","1.36M","0.00%"
"09/28/2011","0.36","0.37","0.37","0.36","3.18M","-3.98%"
"09/27/2011","0.38","0.39","0.39","0.37","1.19M","0.00%"
"09/26/2011","0.38","0.37","0.39","0.37","2.94M","0.00%"
"09/25/2011","0.38","0.39","0.39","0.36","1.05M","-4.22%"
"09/22/2011","0.39","0.41","0.41","0.39","1.50M","-4.37%"
"09/21/2011","0.41","0.42","0.42","0.41","559.62K","0.00%"
"09/20/2011","0.41","0.42","0.42","0.41","835.60K","-1.39%"
"09/19/2011","0.42","0.42","0.42","0.41","874.98K","1.62%"
"09/18/2011","0.41","0.42","0.42","0.41","619.20K","-1.33%"
"09/15/2011","0.42","0.42","0.42","0.41","1.11M","0.00%"
"09/14/2011","0.42","0.43","0.43","0.42","2.44M","-1.62%"
"09/13/2011","0.43","0.43","0.44","0.42","1.36M","-1.66%"
"09/12/2011","0.43","0.44","0.44","0.43","960.55K","-1.51%"
"09/11/2011","0.44","0.43","0.45","0.43","226.87K","0.00%"
"09/08/2011","0.44","0.44","0.45","0.44","654.05K","0.00%"
"09/07/2011","0.44","0.44","0.45","0.44","559.62K","0.00%"
"09/06/2011","0.44","0.45","0.45","0.44","412.63K","0.00%"
"09/05/2011","0.45","0.45","0.46","0.44","1.59M","0.00%"
"09/04/2011","0.45","0.43","0.46","0.43","3.10M","2.82%"
"08/29/2011","0.43","0.43","0.43","0.43","264.24K","0.00%"
"08/28/2011","0.43","0.43","0.44","0.43","1.83M","0.00%"
"08/25/2011","0.43","0.43","0.44","0.43","1.21M","0.00%"
"08/24/2011","0.43","0.43","0.43","0.43","687.24K","0.00%"
"08/23/2011","0.43","0.43","0.43","0.43","1.00M","0.00%"
"08/22/2011","0.43","0.44","0.44","0.43","1.57M","0.00%"
"08/21/2011","0.43","0.44","0.44","0.42","2.66M","-3.44%"
"08/18/2011","0.44","0.44","0.45","0.44","784.30K","0.00%"
"08/17/2011","0.45","0.45","0.45","0.44","318.60K","0.00%"
"08/16/2011","0.44","0.45","0.45","0.44","1.21M","-1.30%"
"08/15/2011","0.45","0.44","0.45","0.44","1.54M","1.44%"
"08/14/2011","0.44","0.45","0.45","0.44","1.27M","0.00%"
"08/11/2011","0.45","0.46","0.46","0.44","1.30M","-1.65%"
"08/10/2011","0.45","0.45","0.46","0.45","1.20M","2.89%"
"08/09/2011","0.44","0.45","0.45","0.43","1.89M","-3.17%"
"08/08/2011","0.46","0.46","0.47","0.45","3.22M","-2.78%"
"08/07/2011","0.47","0.47","0.47","0.46","2.58M","-3.38%"
"08/04/2011","0.49","0.48","0.49","0.48","1.81M","0.00%"
"08/03/2011","0.48","0.47","0.49","0.47","626.83K","0.00%"
"08/02/2011","0.48","0.49","0.49","0.47","2.56M","-2.10%"
"08/01/2011","0.49","0.49","0.49","0.49","182.56K","0.00%"
"07/31/2011","0.49","0.49","0.49","0.48","1.11M","0.00%"
"07/28/2011","0.49","0.48","0.49","0.48","1.85M","0.00%"
"07/27/2011","0.49","0.49","0.49","0.48","867.64K","0.00%"
"07/26/2011","0.49","0.49","0.50","0.48","845.43K","0.00%"
"07/25/2011","0.49","0.50","0.50","0.48","1.38M","-1.73%"
"07/21/2011","0.50","0.50","0.51","0.49","1.89M","0.00%"
"07/20/2011","0.50","0.50","0.50","0.49","867.42K","0.00%"
"07/19/2011","0.50","0.50","0.50","0.49","1.71M","-1.26%"
"07/18/2011","0.51","0.51","0.52","0.50","1.98M","0.00%"
"07/17/2011","0.51","0.51","0.52","0.50","1.75M","1.89%"
"07/14/2011","0.50","0.49","0.51","0.48","2.63M","2.51%"
"07/13/2011","0.49","0.49","0.49","0.48","850.14K","2.93%"
"07/12/2011","0.47","0.48","0.48","0.47","2.52M","-2.96%"
"07/11/2011","0.49","0.51","0.51","0.48","4.24M","-3.78%"
"07/10/2011","0.51","0.51","0.52","0.50","836.53K","-1.08%"
"07/07/2011","0.51","0.50","0.51","0.50","2.73M","0.00%"
"07/06/2011","0.51","0.52","0.52","0.50","3.28M","-1.96%"
"07/05/2011","0.52","0.53","0.53","0.52","1.83M","-1.05%"
"07/04/2011","0.53","0.53","0.53","0.52","1.57M","-1.81%"
"07/03/2011","0.54","0.53","0.55","0.53","4.16M","2.70%"
"06/30/2011","0.52","0.52","0.53","0.52","3.87M","0.00%"
"06/29/2011","0.52","0.53","0.54","0.52","6.98M","-2.07%"
"06/28/2011","0.54","0.54","0.54","0.53","2.02M","0.00%"
"06/27/2011","0.54","0.54","0.54","0.53","1.72M","0.00%"
"06/26/2011","0.54","0.54","0.54","0.53","4.65M","0.00%"
"06/23/2011","0.54","0.54","0.55","0.54","4.89M","0.00%"
"06/22/2011","0.54","0.55","0.55","0.54","4.83M","0.00%"
"06/21/2011","0.55","0.55","0.56","0.54","7.62M","-2.90%"
"06/20/2011","0.56","0.57","0.58","0.55","9.80M","0.00%"
"06/19/2011","0.56","0.54","0.57","0.53","23.71M","5.05%"
"06/16/2011","0.53","0.54","0.54","0.53","7.21M","-1.79%"
"06/15/2011","0.54","0.55","0.55","0.54","3.60M","-1.16%"
"06/14/2011","0.55","0.55","0.56","0.55","2.24M","-1.83%"
"06/13/2011","0.56","0.55","0.57","0.55","3.16M","1.87%"
"06/12/2011","0.55","0.54","0.56","0.54","2.08M","1.28%"
"06/09/2011","0.54","0.54","0.55","0.54","997.38K","0.00%"
"06/08/2011","0.54","0.54","0.55","0.54","544.47K","0.00%"
"06/07/2011","0.54","0.54","0.55","0.54","907.74K","0.00%"
"06/06/2011","0.55","0.55","0.56","0.54","823.18K","0.00%"
"06/05/2011","0.55","0.55","0.56","0.55","1.12M","0.00%"
"06/02/2011","0.55","0.56","0.56","0.53","1.57M","-1.49%"
"06/01/2011","0.56","0.55","0.57","0.55","3.52M","2.33%"
"05/31/2011","0.55","0.55","0.55","0.55","916.31K","-1.84%"
"05/30/2011","0.56","0.57","0.57","0.55","1.18M","0.00%"
"05/29/2011","0.56","0.55","0.57","0.55","4.63M","4.12%"
"05/26/2011","0.54","0.53","0.55","0.53","1.22M","0.00%"
"05/25/2011","0.54","0.54","0.55","0.53","1.25M","-1.08%"
"05/24/2011","0.54","0.54","0.55","0.53","1.47M","-1.86%"
"05/23/2011","0.55","0.56","0.56","0.55","1.04M","0.00%"
"05/22/2011","0.55","0.55","0.56","0.54","2.72M","1.16%"
"05/19/2011","0.55","0.55","0.55","0.54","850.54K","0.00%"
"05/18/2011","0.55","0.54","0.55","0.54","1.87M","0.97%"
"05/17/2011","0.55","0.54","0.55","0.54","1.74M","0.00%"
"05/16/2011","0.54","0.54","0.54","0.53","1.23M","1.93%"
"05/15/2011","0.53","0.52","0.54","0.52","1.30M","3.57%"
"05/12/2011","0.51","0.50","0.52","0.50","618.91K","0.00%"
"05/11/2011","0.51","0.51","0.52","0.50","648.79K","-2.02%"
"05/10/2011","0.52","0.53","0.53","0.52","1.64M","0.00%"
"05/09/2011","0.52","0.51","0.53","0.51","1.22M","0.00%"
"05/08/2011","0.52","0.51","0.52","0.51","888.99K","-2.10%"
"05/05/2011","0.53","0.54","0.54","0.53","978.34K","-1.95%"
"05/04/2011","0.54","0.54","0.54","0.54","486.83K","0.00%"
"05/03/2011","0.54","0.54","0.55","0.54","661.00K","0.00%"
"05/02/2011","0.54","0.54","0.55","0.53","1.09M","0.00%"
"04/28/2011","0.54","0.54","0.55","0.53","1.32M","0.00%"
"04/27/2011","0.54","0.54","0.55","0.53","1.11M","0.00%"
"04/26/2011","0.54","0.53","0.55","0.53","1.08M","0.00%"
"04/21/2011","0.53","0.53","0.54","0.52","1.11M","0.00%"
"04/20/2011","0.53","0.54","0.54","0.53","1.15M","-2.50%"
"04/19/2011","0.54","0.53","0.56","0.53","1.40M","2.14%"
"04/18/2011","0.53","0.55","0.55","0.53","2.81M","-4.87%"
"04/17/2011","0.56","0.58","0.58","0.55","1.96M","-3.87%"
"04/14/2011","0.58","0.60","0.60","0.57","746.35K","-1.32%"
"04/13/2011","0.59","0.58","0.60","0.57","1.49M","5.05%"
"04/12/2011","0.56","0.57","0.58","0.56","1.24M","-2.93%"
"04/11/2011","0.58","0.58","0.59","0.57","2.55M","-1.61%"
"04/10/2011","0.59","0.60","0.61","0.58","1.78M","-2.08%"
"04/07/2011","0.60","0.61","0.61","0.59","1.10M","-1.77%"
"04/06/2011","0.61","0.61","0.62","0.60","7.49M","2.23%"
"04/05/2011","0.60","0.57","0.61","0.57","7.21M","2.67%"
"04/04/2011","0.58","0.58","0.59","0.57","9.78M","0.00%"
"04/03/2011","0.58","0.58","0.59","0.57","6.09M","2.44%"
"03/31/2011","0.57","0.56","0.58","0.56","9.62M","0.00%"
"03/30/2011","0.57","0.58","0.58","0.56","3.92M","-2.99%"
"03/29/2011","0.58","0.57","0.61","0.56","6.74M","3.44%"
"03/28/2011","0.57","0.57","0.57","0.56","6.35M","9.40%"
"03/27/2011","0.52","0.46","0.56","0.46","9.39M","1.47%"
"01/27/2011","0.51","0.57","0.57","0.49","10.21M","-16.60%"
"01/26/2011","0.61","0.65","0.65","0.58","7.60M","-10.06%"
"01/24/2011","0.68","0.67","0.68","0.67","2.17M","1.58%"
"01/23/2011","0.67","0.69","0.69","0.66","3.24M","-1.88%"
"01/20/2011","0.68","0.69","0.69","0.67","2.33M","-0.77%"
"01/19/2011","0.69","0.67","0.69","0.66","7.51M","2.19%"
"01/18/2011","0.67","0.68","0.69","0.65","8.71M","-2.97%"
"01/17/2011","0.69","0.71","0.72","0.67","10.20M","-1.38%"
"01/16/2011","0.70","0.72","0.72","0.69","7.89M","-3.44%"
"01/13/2011","0.73","0.72","0.73","0.71","7.54M","1.08%"
"01/12/2011","0.72","0.72","0.73","0.71","5.04M","0.97%"
"01/11/2011","0.71","0.71","0.72","0.71","2.84M","0.00%"
"01/10/2011","0.72","0.72","0.72","0.71","5.18M","0.00%"
"01/06/2011","0.72","0.72","0.72","0.71","2.75M","0.00%"
"01/05/2011","0.72","0.73","0.74","0.71","7.71M","-1.29%"
"01/04/2011","0.73","0.73","0.74","0.72","9.70M","1.23%"
"01/03/2011","0.72","0.72","0.73","0.72","8.18M","0.00%"
"01/02/2011","0.72","0.70","0.73","0.69","15.75M","3.57%"