"Date","Price","Open","High","Low","Vol.","Change %"
"08/23/2026","34.660","34.200","35.120","34.000","1.14M","1.35%"
"08/20/2026","34.200","33.500","34.290","32.850","521.45K","1.79%"
"08/19/2026","33.600","34.390","34.500","33.020","905.10K","-2.30%"
"08/18/2026","34.390","32.910","34.400","32.830","1.38M","4.85%"
"08/17/2026","32.800","33.380","33.490","32.610","632.08K","-1.74%"
"08/16/2026","33.380","33.480","34.200","32.400","994.66K","-0.30%"
"08/13/2026","33.480","34.500","34.500","32.120","1.28M","-2.82%"
"08/12/2026","34.450","35.300","36.500","33.800","1.40M","-1.57%"
"08/11/2026","35.000","33.800","35.250","33.800","1.09M","3.98%"
"08/10/2026","33.660","35.420","35.490","33.220","1.29M","-4.97%"
"08/09/2026","35.420","34.000","35.480","34.000","428.47K","4.18%"
"08/06/2026","34.000","34.700","35.400","33.770","695.45K","-1.93%"
"08/05/2026","34.670","36.120","36.480","34.670","606.69K","-3.77%"
"08/04/2026","36.030","36.990","37.500","36.000","889.99K","-2.15%"
"08/03/2026","36.820","35.190","37.790","34.800","1.45M","4.63%"
"08/02/2026","35.190","34.200","35.200","33.410","691.78K","2.62%"
"07/30/2026","34.290","34.560","34.560","32.160","979.27K","-1.32%"
"07/29/2026","34.750","35.400","36.440","30.200","951.02K","-2.00%"
"07/28/2026","35.460","36.500","36.500","34.800","437.51K","-2.04%"
"07/27/2026","36.200","35.270","36.490","34.120","1.43M","2.64%"
"07/26/2026","35.270","36.500","37.000","34.110","3.09M","4.26%"
"07/22/2026","33.830","34.210","33.830","33.830","","0.00%"
"07/21/2026","33.830","34.210","35.000","33.500","2.06M","-3.34%"
"07/20/2026","35.000","32.230","35.430","32.150","4.16M","8.70%"
"07/19/2026","32.200","32.130","32.480","31.910","562.72K","0.03%"
"07/16/2026","32.190","32.520","32.780","31.800","775.83K","-0.74%"
"07/15/2026","32.430","31.360","33.400","30.890","2.98M","3.84%"
"07/14/2026","31.230","31.400","31.600","30.410","1.08M","-0.57%"
"07/13/2026","31.410","32.340","32.490","31.410","570.48K","-1.47%"
"07/12/2026","31.880","31.890","32.300","31.500","1.95M","1.08%"
"07/09/2026","31.540","31.400","31.600","30.930","1.92M","0.93%"
"07/08/2026","31.250","30.140","31.880","29.650","4.04M","3.48%"
"07/07/2026","30.200","30.130","30.390","29.350","2.03M","0.33%"
"07/06/2026","30.100","28.660","30.400","28.600","6.10M","5.95%"
"07/05/2026","28.410","28.770","28.930","28.380","1.45M","-0.14%"
"07/01/2026","28.450","27.910","28.740","27.640","3.82M","1.90%"
"06/30/2026","27.920","28.380","28.580","27.430","1.39M","0.07%"
"06/29/2026","27.900","27.530","27.900","27.010","1.71M","2.76%"
"06/28/2026","27.150","30.100","31.100","27.150","5.72M","-8.65%"
"06/25/2026","29.720","27.340","31.330","27.340","6.39M","8.74%"
"06/24/2026","27.330","27.950","28.000","27.030","331.83K","-1.69%"
"06/23/2026","27.800","27.940","28.300","27.540","393.21K","0.76%"
"06/22/2026","27.590","28.250","28.700","27.520","591.94K","-2.09%"
"06/21/2026","28.180","28.010","28.580","28.010","1.17M","1.00%"
"06/17/2026","27.900","27.490","27.950","27.310","626.67K","2.57%"
"06/16/2026","27.200","26.660","27.390","26.660","239.61K","2.26%"
"06/15/2026","26.600","26.810","27.160","26.600","207.53K","-0.26%"
"06/14/2026","26.670","26.600","27.000","26.410","197.15K","1.52%"
"06/11/2026","26.270","26.300","26.750","26.000","302.52K","-2.27%"
"06/10/2026","26.880","27.400","27.500","26.210","270.38K","-1.54%"
"06/09/2026","27.300","27.320","27.890","27.050","232.40K","1.26%"
"06/08/2026","26.960","26.920","27.690","26.720","445.69K","0.19%"
"06/07/2026","26.910","27.040","27.380","26.900","222.53K","-2.04%"
"06/04/2026","27.470","27.500","27.820","27.060","455.38K","0.15%"
"06/03/2026","27.430","27.900","27.970","27.000","386.91K","-1.68%"
"06/02/2026","27.900","27.930","28.300","27.530","394.46K","0.00%"
"06/01/2026","27.900","27.980","27.980","27.110","346.15K","0.58%"
"05/25/2026","27.740","27.080","28.180","26.780","765.46K","1.13%"
"05/24/2026","27.430","26.400","28.000","26.400","474.90K","4.30%"
"05/21/2026","26.300","26.900","26.900","26.160","142.56K","-1.68%"
"05/20/2026","26.750","27.040","27.380","26.300","219.98K","-1.07%"
"05/19/2026","27.040","27.310","27.470","26.810","271.04K","-0.92%"
"05/18/2026","27.290","28.150","28.190","27.010","275.63K","-3.09%"
"05/17/2026","28.160","28.340","28.440","27.590","299.24K","-0.81%"
"05/14/2026","28.390","28.400","28.550","28.020","260.08K","-0.18%"
"05/13/2026","28.440","28.470","29.290","28.130","1.21M","0.14%"
"05/12/2026","28.400","28.330","28.470","27.830","1.13M","0.11%"
"05/11/2026","28.370","26.860","28.370","26.860","2.82M","5.86%"
"05/10/2026","26.800","26.690","26.970","26.600","578.90K","0.79%"
"05/06/2026","26.590","26.620","26.850","26.350","356.29K","0.61%"
"05/05/2026","26.430","26.110","26.650","26.110","484.26K","-0.86%"
"05/04/2026","26.660","26.490","27.200","26.010","1.48M","1.45%"
"05/03/2026","26.280","26.010","26.320","26.010","385.97K","1.08%"
"04/30/2026","26.000","26.220","26.500","25.930","346.03K","-0.19%"
"04/29/2026","26.050","25.800","26.500","25.720","374.29K","1.20%"
"04/28/2026","25.740","25.940","25.940","25.700","261.99K","-0.58%"
"04/27/2026","25.890","25.990","26.000","25.700","262.11K","0.54%"
"04/26/2026","25.750","26.200","26.300","25.520","393.53K","-0.58%"
"04/23/2026","25.900","26.030","26.400","25.700","886.97K","-0.19%"
"04/22/2026","25.950","26.090","26.370","25.500","503.07K","-0.46%"
"04/21/2026","26.070","26.300","27.000","25.990","792.27K","-0.87%"
"04/20/2026","26.300","26.800","27.150","26.300","1.42M","-1.87%"
"04/19/2026","26.800","26.520","26.800","25.910","926.26K","1.90%"
"04/16/2026","26.300","25.110","26.390","25.030","2.04M","4.74%"
"04/15/2026","25.110","25.280","25.350","24.890","401.15K","-0.67%"
"04/14/2026","25.280","24.770","25.400","24.640","678.33K","1.40%"
"04/12/2026","24.930","24.880","24.930","24.930","633.82K","0.00%"
"04/09/2026","24.930","24.750","25.470","24.700","633.82K","0.20%"
"04/08/2026","24.880","24.720","25.040","24.610","276.31K","1.84%"
"04/07/2026","24.430","24.970","25.020","24.410","340.78K","-2.28%"
"04/06/2026","25.000","24.910","25.200","24.740","908.40K","0.60%"
"04/05/2026","24.850","24.510","24.900","24.420","996.40K","1.84%"
"04/02/2026","24.400","23.870","24.500","23.800","844.82K","2.01%"
"04/01/2026","23.920","23.830","24.100","23.710","333.62K","1.36%"
"03/31/2026","23.600","23.510","23.800","23.400","185.07K","0.13%"
"03/30/2026","23.570","23.930","24.130","23.260","629.46K","-1.50%"
"03/29/2026","23.930","24.400","24.540","23.910","486.05K","-2.33%"
"03/26/2026","24.500","24.290","24.660","24.280","720.00K","1.03%"
"03/25/2026","24.250","23.830","24.390","23.730","591.78K","2.15%"
"03/24/2026","23.740","23.910","23.970","23.730","471.05K","-0.34%"
"03/18/2026","23.820","23.890","23.930","23.740","192.64K","0.63%"
"03/17/2026","23.670","23.880","24.000","23.600","316.29K","-0.84%"
"03/16/2026","23.870","23.970","24.370","23.600","248.29K","-0.54%"
"03/15/2026","24.000","24.380","24.400","23.710","488.38K","-0.62%"
"03/12/2026","24.150","24.430","24.500","23.850","536.47K","-0.86%"
"03/11/2026","24.360","24.290","24.390","24.220","182.97K","0.66%"
"03/10/2026","24.200","24.940","24.950","24.040","982.85K","-2.42%"
"03/09/2026","24.800","24.910","24.980","24.510","219.58K","-0.28%"
"03/08/2026","24.870","24.800","25.190","24.400","262.89K","0.61%"
"03/05/2026","24.720","24.800","25.210","24.720","469.98K","-0.84%"
"03/04/2026","24.930","24.970","25.250","24.500","323.96K","-0.24%"
"03/03/2026","24.990","24.740","24.990","24.000","406.69K","1.01%"
"03/02/2026","24.740","25.000","25.400","24.280","229.98K","-1.59%"
"03/01/2026","25.140","23.510","25.480","23.350","298.40K","-2.97%"
"02/26/2026","25.910","26.500","26.550","25.650","333.67K","-2.45%"
"02/25/2026","26.560","26.910","27.020","25.600","261.56K","-1.63%"
"02/24/2026","27.000","27.400","27.690","26.550","441.66K","-2.74%"
"02/23/2026","27.760","26.750","27.790","26.500","538.41K","3.58%"
"02/22/2026","26.800","27.090","27.200","26.030","256.73K","-0.81%"
"02/19/2026","27.020","27.990","28.000","26.700","483.58K","-2.49%"
"02/18/2026","27.710","27.600","28.100","27.420","1.33M","0.84%"
"02/17/2026","27.480","27.550","28.000","27.300","662.90K","-1.33%"
"02/16/2026","27.850","28.000","28.000","27.220","1.02M","-0.54%"
"02/15/2026","28.000","27.890","29.500","27.620","4.11M","0.83%"
"02/12/2026","27.770","27.390","28.250","26.980","2.11M","1.17%"
"02/11/2026","27.450","27.500","27.550","26.900","532.88K","-0.22%"
"02/10/2026","27.510","27.560","27.990","27.310","1.03M","-1.04%"
"02/09/2026","27.800","27.480","27.900","26.910","2.01M","1.46%"
"02/08/2026","27.400","25.940","27.490","25.940","3.81M","5.79%"
"02/05/2026","25.900","25.380","26.000","24.810","1.27M","2.05%"
"02/04/2026","25.380","25.680","25.890","25.130","1.01M","-1.13%"
"02/03/2026","25.670","23.900","25.700","23.540","1.80M","7.95%"
"02/02/2026","23.780","23.510","23.860","23.200","197.43K","1.15%"
"02/01/2026","23.510","23.710","23.710","22.820","345.83K","-0.89%"
"01/28/2026","23.720","23.960","24.090","23.320","246.14K","-0.84%"
"01/27/2026","23.920","23.850","24.000","23.600","110.70K","0.63%"
"01/26/2026","23.770","24.040","24.290","23.720","226.44K","-1.04%"
"01/25/2026","24.020","24.000","24.700","23.950","462.74K","0.08%"
"01/22/2026","24.000","24.020","24.370","23.950","260.00K","-0.08%"
"01/21/2026","24.020","23.990","24.080","23.720","207.70K","0.25%"
"01/20/2026","23.960","24.000","24.150","23.830","283.29K","0.59%"
"01/19/2026","23.820","23.440","23.960","23.320","338.09K","1.62%"
"01/18/2026","23.440","23.710","23.880","23.170","434.31K","-0.26%"
"01/15/2026","23.500","23.610","23.990","23.300","210.35K","-0.42%"
"01/14/2026","23.600","24.290","24.400","23.440","345.83K","-2.84%"
"01/13/2026","24.290","24.850","24.850","24.110","313.54K","-2.37%"
"01/12/2026","24.880","25.150","25.190","24.810","243.01K","-0.99%"
"01/11/2026","25.130","25.000","25.180","25.000","245.44K","0.00%"
"01/08/2026","25.130","25.030","25.250","24.810","302.61K","-0.16%"
"01/06/2026","25.170","25.170","25.180","24.900","280.91K","-0.08%"
"01/05/2026","25.190","25.430","25.600","24.700","395.37K","-1.06%"
"01/04/2026","25.460","25.560","25.650","25.300","326.13K","-0.47%"
"12/31/2025","25.580","25.550","25.600","25.060","258.07K","0.12%"
"12/30/2025","25.550","25.450","25.570","25.260","221.62K","0.71%"
"12/29/2025","25.370","25.310","25.500","25.160","322.04K","0.63%"
"12/28/2025","25.210","25.400","25.650","25.000","611.95K","-0.47%"
"12/25/2025","25.330","25.600","25.690","25.300","403.89K","-0.98%"
"12/24/2025","25.580","26.030","26.130","25.500","493.26K","-1.24%"
"12/23/2025","25.900","25.850","25.970","25.560","221.95K","0.19%"
"12/22/2025","25.850","25.830","26.420","25.800","715.18K","-0.19%"
"12/21/2025","25.900","25.780","26.200","25.510","197.58K","0.47%"
"12/18/2025","25.780","25.820","25.820","25.470","230.56K","0.12%"
"12/17/2025","25.750","25.570","25.800","25.270","314.33K","0.86%"
"12/16/2025","25.530","25.840","25.870","25.510","161.86K","-1.39%"
"12/15/2025","25.890","25.890","25.900","25.560","293.40K","0.04%"
"12/14/2025","25.880","26.050","26.090","25.830","159.93K","-0.19%"
"12/11/2025","25.930","26.500","26.840","25.910","458.84K","-1.71%"
"12/10/2025","26.380","26.380","26.650","26.380","466.75K","0.23%"
"12/09/2025","26.320","25.750","26.400","25.710","1.48M","2.25%"
"12/08/2025","25.740","25.980","26.000","25.670","575.12K","-0.66%"
"12/07/2025","25.910","25.510","25.960","25.300","642.67K","1.69%"
"12/04/2025","25.480","25.330","25.760","25.330","720.06K","0.71%"
"12/03/2025","25.300","25.470","25.640","25.220","307.98K","-0.63%"
"12/02/2025","25.460","25.200","25.690","25.120","293.70K","-0.04%"
"12/01/2025","25.470","25.800","25.800","25.010","631.14K","-1.24%"
"11/30/2025","25.790","25.290","25.800","25.000","442.44K","2.02%"
"11/27/2025","25.280","25.260","25.430","24.700","545.01K","0.08%"
"11/26/2025","25.260","25.650","25.780","25.200","157.49K","-1.33%"
"11/25/2025","25.600","26.030","26.170","25.410","404.94K","-1.50%"
"11/24/2025","25.990","25.730","26.000","25.440","519.13K","1.52%"
"11/23/2025","25.600","25.650","25.900","25.410","420.18K","-0.12%"
"11/20/2025","25.630","25.940","26.100","25.510","651.34K","-1.16%"
"11/19/2025","25.930","25.770","26.000","25.280","411.94K","0.31%"
"11/18/2025","25.850","26.800","26.800","25.850","779.72K","-3.22%"
"11/17/2025","26.710","27.000","27.050","26.520","705.21K","-1.22%"
"11/16/2025","27.040","27.730","27.900","26.920","935.24K","-2.38%"
"11/13/2025","27.700","27.580","28.380","27.500","1.47M","0.76%"
"11/12/2025","27.490","27.500","27.760","27.360","750.49K","0.33%"
"11/11/2025","27.400","27.540","27.830","27.200","1.23M","0.81%"
"11/10/2025","27.180","27.000","27.440","26.800","938.11K","1.08%"
"11/09/2025","26.890","27.140","27.240","26.870","337.60K","-0.96%"
"11/06/2025","27.150","26.970","27.240","26.500","1.04M","1.53%"
"11/05/2025","26.740","27.480","27.720","26.620","1.09M","-1.84%"
"11/04/2025","27.240","27.000","27.400","26.820","842.59K","1.30%"
"11/03/2025","26.890","27.090","27.140","26.620","593.10K","-0.70%"
"11/02/2025","27.080","27.650","27.940","26.800","691.10K","-1.85%"
"10/30/2025","27.590","27.650","27.860","27.320","754.57K","0.29%"
"10/29/2025","27.510","27.900","28.300","27.400","1.49M","-0.97%"
"10/28/2025","27.780","28.400","28.770","27.780","3.77M","-0.29%"
"10/27/2025","27.860","27.250","27.860","27.210","1.03M","2.43%"
"10/26/2025","27.200","27.090","27.250","26.960","751.14K","0.74%"
"10/23/2025","27.000","27.560","27.700","26.900","1.25M","-0.92%"
"10/22/2025","27.250","26.740","27.340","26.720","1.41M","2.44%"
"10/21/2025","26.600","26.800","27.090","26.500","605.24K","-0.45%"
"10/20/2025","26.720","27.390","27.670","26.700","1.21M","-2.48%"
"10/19/2025","27.400","27.380","27.750","27.340","615.09K","0.22%"
"10/16/2025","27.340","27.310","27.960","27.250","864.53K","0.15%"
"10/15/2025","27.300","26.960","27.940","26.960","2.54M","2.17%"
"10/14/2025","26.720","25.970","27.150","25.960","2.77M","3.25%"
"10/13/2025","25.880","26.050","26.470","25.880","789.97K","-0.46%"
"10/12/2025","26.000","26.250","26.250","25.910","687.85K","-0.08%"
"10/08/2025","26.020","25.810","26.780","25.810","2.04M","1.09%"
"10/07/2025","25.740","25.730","25.840","25.560","622.99K","0.55%"
"10/06/2025","25.600","25.910","26.000","25.580","566.72K","-0.66%"
"10/05/2025","25.770","25.510","26.100","25.510","1.60M","1.38%"
"10/02/2025","25.420","24.800","25.630","24.750","1.17M","2.54%"
"10/01/2025","24.790","24.810","25.100","24.620","567.07K","-0.04%"
"09/30/2025","24.800","25.070","25.250","24.800","470.18K","-1.04%"
"09/29/2025","25.060","25.000","25.350","24.930","596.14K","0.36%"
"09/28/2025","24.970","24.680","25.200","24.640","370.15K","1.38%"
"09/25/2025","24.630","24.790","24.900","24.570","263.72K","0.24%"
"09/24/2025","24.570","24.600","24.870","24.350","152.26K","0.53%"
"09/23/2025","24.440","24.410","25.140","24.300","817.09K","0.91%"
"09/22/2025","24.220","24.540","24.780","24.120","474.21K","-1.34%"
"09/21/2025","24.550","25.500","25.600","24.500","572.04K","-3.61%"
"09/18/2025","25.470","25.650","25.870","25.460","180.68K","-0.66%"
"09/17/2025","25.640","26.170","26.170","25.260","262.54K","-2.14%"
"09/16/2025","26.200","26.290","26.650","25.600","445.66K","-0.23%"
"09/15/2025","26.260","26.700","27.220","26.160","1.24M","-0.94%"
"09/14/2025","26.510","26.300","27.250","26.300","721.72K","0.99%"
"09/11/2025","26.250","26.640","26.820","26.250","840.91K","-1.46%"
"09/10/2025","26.640","26.650","26.870","26.200","313.02K","0.53%"
"09/09/2025","26.500","26.970","27.270","26.310","422.42K","-1.34%"
"09/08/2025","26.860","26.830","27.520","26.600","1.35M","2.72%"
"09/07/2025","26.150","26.210","26.630","25.810","308.72K","-0.19%"
"09/03/2025","26.200","26.400","26.800","26.020","326.33K","-1.13%"
"09/02/2025","26.500","26.690","27.280","26.300","786.93K","0.00%"
"09/01/2025","26.500","25.920","26.760","25.920","858.79K","2.47%"
"08/31/2025","25.860","26.300","27.360","25.860","2.45M","-0.77%"
"08/28/2025","26.060","25.590","26.300","25.570","428.88K","1.92%"
"08/27/2025","25.570","25.980","26.000","25.400","489.27K","-0.89%"
"08/26/2025","25.800","26.470","26.500","25.400","867.42K","-2.57%"
"08/25/2025","26.480","26.140","26.680","26.030","1.38M","1.85%"
"08/24/2025","26.000","24.390","26.100","24.260","1.69M","6.47%"
"08/21/2025","24.420","24.380","24.500","24.220","213.07K","0.66%"
"08/20/2025","24.260","24.800","24.970","24.210","318.44K","-2.06%"
"08/19/2025","24.770","24.400","24.940","24.330","441.00K","2.10%"
"08/18/2025","24.260","24.300","24.650","24.160","675.03K","-0.33%"
"08/17/2025","24.340","24.800","24.850","23.900","612.73K","-1.85%"
"08/14/2025","24.800","25.200","25.300","24.700","469.17K","-1.70%"
"08/13/2025","25.230","25.480","25.590","25.200","264.53K","-0.86%"
"08/12/2025","25.450","25.510","25.690","25.430","228.35K","0.04%"
"08/11/2025","25.440","25.800","25.880","25.410","502.32K","-0.97%"
"08/10/2025","25.690","25.460","25.790","25.400","345.09K","0.75%"
"08/07/2025","25.500","25.400","25.850","25.370","450.63K","0.51%"
"08/06/2025","25.370","25.520","25.710","25.300","356.04K","-0.12%"
"08/05/2025","25.400","25.960","25.970","25.240","910.04K","-1.63%"
"08/04/2025","25.820","25.900","26.100","25.690","543.75K","0.31%"
"08/03/2025","25.740","25.760","26.120","25.690","485.20K","0.98%"
"07/31/2025","25.490","24.850","25.490","24.850","188.94K","2.82%"
"07/30/2025","24.790","25.690","25.690","24.700","302.91K","-2.59%"
"07/29/2025","25.450","25.750","26.050","25.000","482.56K","-1.13%"
"07/28/2025","25.740","26.170","26.640","25.710","487.72K","-1.61%"
"07/27/2025","26.160","26.220","26.500","26.100","568.35K","-0.11%"
"07/23/2025","26.190","26.340","26.700","26.140","830.89K","-0.15%"
"07/22/2025","26.230","26.410","26.800","26.100","593.89K","-0.57%"
"07/21/2025","26.380","26.180","27.140","26.000","1.28M","1.46%"
"07/20/2025","26.000","26.200","26.400","25.950","779.71K","-0.12%"
"07/17/2025","26.030","26.500","26.700","25.960","665.11K","-0.95%"
"07/16/2025","26.280","26.500","26.850","25.710","675.44K","-0.68%"
"07/15/2025","26.460","27.490","27.490","26.300","628.04K","-2.61%"
"07/14/2025","27.170","26.810","27.170","26.700","328.75K","1.38%"
"07/13/2025","26.800","27.410","27.770","26.730","542.14K","-2.51%"
"07/10/2025","27.490","27.420","28.100","27.200","1.95M","-0.04%"
"07/09/2025","27.500","27.400","28.000","27.130","534.11K","-0.51%"
"07/07/2025","27.640","27.640","28.560","27.640","3.57M","0.44%"
"07/06/2025","27.520","26.300","27.750","26.300","3.40M","5.32%"
"07/02/2025","26.130","25.200","26.750","25.100","4.06M","4.48%"
"07/01/2025","25.010","25.220","25.590","24.840","494.76K","-0.75%"
"06/30/2025","25.200","25.310","25.950","24.860","1.28M","-0.36%"
"06/29/2025","25.290","24.700","25.360","24.700","1.04M","2.93%"
"06/25/2025","24.570","23.690","24.570","23.430","984.77K","4.46%"
"06/24/2025","23.520","23.500","23.650","23.200","928.41K","3.16%"
"06/23/2025","22.800","22.800","22.900","22.500","387.40K","1.79%"
"06/22/2025","22.400","21.700","22.790","21.000","301.11K","1.82%"
"06/19/2025","22.000","22.860","23.100","22.000","454.47K","-3.59%"
"06/18/2025","22.820","22.800","23.150","22.500","307.50K","0.18%"
"06/17/2025","22.780","23.450","23.700","22.620","449.58K","-1.98%"
"06/16/2025","23.240","23.670","23.790","23.140","259.62K","0.35%"
"06/15/2025","23.160","23.010","23.800","22.500","456.09K","-5.47%"
"06/12/2025","24.500","25.850","25.860","24.470","1.25M","-5.26%"
"06/11/2025","25.860","26.520","26.800","25.860","950.79K","-2.23%"
"06/10/2025","26.450","26.640","27.050","26.450","701.37K","-0.53%"
"06/04/2025","26.590","26.980","27.300","26.410","1.04M","-0.75%"
"06/03/2025","26.790","26.000","27.430","26.000","2.89M","3.04%"
"06/02/2025","26.000","26.300","26.600","25.810","663.43K","-1.14%"
"06/01/2025","26.300","24.890","26.450","24.700","1.90M","6.18%"
"05/29/2025","24.770","24.800","25.060","24.550","283.48K","-0.08%"
"05/28/2025","24.790","25.230","25.510","24.770","304.39K","-1.74%"
"05/27/2025","25.230","25.300","25.600","25.030","519.55K","-0.28%"
"05/26/2025","25.300","24.700","25.870","24.610","2.03M","2.60%"
"05/25/2025","24.660","23.300","24.680","23.300","1.66M","6.34%"
"05/22/2025","23.190","22.690","23.280","22.580","538.30K","2.20%"
"05/21/2025","22.690","22.900","22.910","22.510","487.89K","-0.70%"
"05/20/2025","22.850","23.430","23.620","22.730","678.71K","-2.43%"
"05/19/2025","23.420","23.680","23.880","23.380","273.72K","-1.60%"
"05/18/2025","23.800","23.880","24.200","23.700","702.88K","-0.25%"
"05/15/2025","23.860","24.150","24.570","23.600","1.11M","-4.75%"
"05/14/2025","25.050","25.150","25.200","24.790","249.27K","0.32%"
"05/13/2025","24.970","25.240","25.520","24.920","416.05K","-0.44%"
"05/12/2025","25.080","24.790","25.250","24.770","564.03K","1.29%"
"05/11/2025","24.760","24.980","25.250","24.720","293.76K","-0.16%"
"05/08/2025","24.800","25.290","25.350","24.600","356.60K","-1.51%"
"05/07/2025","25.180","25.370","25.650","25.150","334.75K","-0.87%"
"05/06/2025","25.400","25.510","25.680","25.360","182.22K","-0.31%"
"05/05/2025","25.480","25.860","25.860","25.400","287.15K","-0.62%"
"05/04/2025","25.640","26.000","26.000","25.600","331.39K","-0.23%"
"04/30/2025","25.700","25.860","26.090","25.500","262.14K","0.39%"
"04/29/2025","25.600","26.000","26.140","25.550","270.83K","-1.54%"
"04/28/2025","26.000","26.110","26.340","25.880","392.25K","-0.08%"
"04/27/2025","26.020","25.770","26.190","25.700","583.88K","1.84%"
"04/23/2025","25.550","25.000","25.750","24.900","915.28K","2.28%"
"04/22/2025","24.980","25.100","25.230","24.920","282.13K","0.32%"
"04/17/2025","24.900","24.560","25.100","24.310","770.64K","1.47%"
"04/16/2025","24.540","24.900","25.050","24.420","375.37K","-1.45%"
"04/15/2025","24.900","25.300","25.390","24.800","533.57K","-1.78%"
"04/14/2025","25.350","25.590","25.610","25.280","412.97K","-0.12%"
"04/13/2025","25.380","25.100","25.740","25.000","799.76K","1.68%"
"04/10/2025","24.960","24.500","25.160","24.020","985.49K","6.12%"
"04/09/2025","23.520","24.400","25.090","23.330","645.59K","-3.65%"
"04/08/2025","24.410","24.550","24.650","24.200","291.74K","1.29%"
"04/07/2025","24.100","23.810","24.290","23.220","568.91K","1.22%"
"04/06/2025","23.810","24.100","24.510","23.500","533.24K","-5.52%"
"04/03/2025","25.200","25.670","25.680","25.000","593.12K","-1.83%"
"03/27/2025","25.670","25.990","26.090","25.660","274.47K","-0.27%"
"03/26/2025","25.740","25.910","26.250","25.470","333.86K","-0.46%"
"03/25/2025","25.860","26.450","26.650","25.850","550.48K","-2.01%"
"03/24/2025","26.390","26.890","27.080","26.320","515.60K","-1.79%"
"03/23/2025","26.870","27.200","27.600","26.870","422.75K","-1.10%"
"03/20/2025","27.170","27.400","27.400","27.170","339.75K","-0.48%"
"03/19/2025","27.300","27.870","27.870","27.200","448.42K","-1.44%"
"03/18/2025","27.700","27.960","28.250","27.600","510.53K","-0.93%"
"03/17/2025","27.960","27.700","28.350","27.410","873.96K","1.23%"
"03/16/2025","27.620","27.850","28.280","27.500","649.71K","-0.14%"
"03/13/2025","27.660","28.100","28.400","27.610","707.11K","-1.21%"
"03/12/2025","28.000","28.700","29.180","27.800","786.56K","-2.10%"
"03/11/2025","28.600","27.300","29.240","27.120","1.58M","4.76%"
"03/10/2025","27.300","27.830","28.080","27.220","764.84K","-1.41%"
"03/09/2025","27.690","28.870","29.100","27.600","957.36K","-3.11%"
"03/06/2025","28.580","28.520","29.000","28.520","448.62K","0.49%"
"03/05/2025","28.440","29.140","29.300","28.360","766.52K","-2.34%"
"03/04/2025","29.120","29.820","29.820","29.010","1.09M","-2.35%"
"03/03/2025","29.820","32.300","32.300","29.650","3.79M","-7.88%"
"03/02/2025","32.370","31.970","32.700","31.850","892.14K","2.37%"
"02/27/2025","31.620","32.180","32.390","31.550","432.32K","-1.56%"
"02/26/2025","32.120","31.090","32.300","30.720","1.73M","4.22%"
"02/25/2025","30.820","31.130","31.290","30.660","335.71K","-0.80%"
"02/24/2025","31.070","30.920","31.590","30.890","530.02K","0.71%"
"02/23/2025","30.850","30.200","31.280","30.000","562.19K","2.73%"
"02/20/2025","30.030","30.400","30.470","29.900","188.50K","0.23%"
"02/19/2025","29.960","29.460","30.500","29.460","527.54K","1.22%"
"02/18/2025","29.600","29.880","29.900","29.330","320.38K","-0.13%"
"02/17/2025","29.640","29.740","30.200","29.620","286.09K","-0.27%"
"02/16/2025","29.720","29.890","29.890","29.320","330.85K","2.10%"
"02/13/2025","29.110","29.430","29.600","29.000","150.77K","-0.95%"
"02/12/2025","29.390","29.250","29.750","28.700","239.66K","0.44%"
"02/11/2025","29.260","30.550","30.780","29.240","409.79K","-4.16%"
"02/10/2025","30.530","30.530","31.600","30.400","601.92K","0.76%"
"02/09/2025","30.300","30.510","30.860","30.300","310.98K","0.30%"
"02/06/2025","30.210","29.590","30.500","29.550","303.29K","2.55%"
"02/05/2025","29.460","29.820","30.000","29.370","231.39K","-1.14%"
"02/04/2025","29.800","30.400","30.550","29.790","276.17K","-1.16%"
"02/03/2025","30.150","31.200","31.220","30.150","221.18K","-2.93%"
"02/02/2025","31.060","31.250","31.800","31.020","468.90K","0.00%"
"01/30/2025","31.060","31.060","31.500","30.630","510.82K","0.19%"
"01/29/2025","31.000","31.250","31.930","30.840","720.58K","0.10%"
"01/28/2025","30.970","29.300","31.440","29.010","1.80M","5.70%"
"01/27/2025","29.300","29.750","29.900","29.020","407.67K","-1.45%"
"01/26/2025","29.730","30.050","30.380","29.550","241.50K","-0.90%"
"01/23/2025","30.000","31.000","31.320","29.800","725.66K","-2.66%"
"01/22/2025","30.820","29.990","31.250","29.990","1.24M","3.74%"
"01/21/2025","29.710","29.830","30.200","29.560","327.59K","-0.40%"
"01/20/2025","29.830","29.860","30.300","29.310","758.31K","0.67%"
"01/19/2025","29.630","28.840","29.710","28.600","1.09M","3.86%"
"01/16/2025","28.530","28.960","29.440","28.390","1.14M","-1.48%"
"01/15/2025","28.960","28.950","29.120","28.350","993.12K","0.21%"
"01/14/2025","28.900","27.990","28.980","27.070","1.10M","3.21%"
"01/13/2025","28.000","28.280","29.880","27.960","1.99M","-0.18%"
"01/12/2025","28.050","29.190","29.190","27.950","1.32M","-4.59%"
"01/09/2025","29.400","30.000","30.290","29.000","1.05M","-1.90%"
"01/08/2025","29.970","30.330","30.700","29.440","711.70K","-1.15%"
"01/06/2025","30.320","31.800","31.890","29.940","1.45M","-4.29%"
"01/05/2025","31.680","32.300","32.500","31.430","296.57K","-1.37%"
"01/02/2025","32.120","31.410","32.500","31.400","740.30K","3.61%"
"12/31/2024","31.000","30.860","31.390","30.500","1.13M","2.85%"
"12/30/2024","30.140","31.510","32.000","29.600","757.65K","-4.44%"
"12/29/2024","31.540","33.100","33.100","31.540","681.43K","-3.67%"
"12/26/2024","32.740","32.870","33.450","32.250","330.76K","-0.79%"
"12/25/2024","33.000","33.700","34.840","32.750","1.33M","-1.49%"
"12/24/2024","33.500","32.700","33.830","32.050","1.14M","3.40%"
"12/23/2024","32.400","33.400","34.000","31.860","1.82M","-2.82%"
"12/22/2024","33.340","32.500","34.200","32.110","2.09M","4.15%"
"12/19/2024","32.010","30.350","33.020","29.310","4.42M","5.99%"
"12/18/2024","30.200","29.450","30.590","29.160","2.22M","2.55%"
"12/17/2024","29.450","29.400","29.820","28.900","1.12M","0.55%"
"12/16/2024","29.290","28.000","29.460","27.870","2.00M","5.25%"
"12/15/2024","27.830","29.000","29.400","27.500","1.54M","-4.46%"
"12/12/2024","29.130","29.250","29.510","28.770","898.72K","-0.58%"
"12/11/2024","29.300","29.310","29.970","28.280","1.03M","-0.03%"
"12/10/2024","29.310","30.410","30.430","29.150","550.18K","-2.37%"
"12/09/2024","30.020","30.800","31.390","30.000","838.46K","-1.61%"
"12/08/2024","30.510","31.500","31.740","30.320","1.01M","-2.21%"
"12/05/2024","31.200","29.980","31.580","29.700","2.24M","4.70%"
"12/04/2024","29.800","30.300","30.770","29.670","1.18M","-1.10%"
"12/03/2024","30.130","29.000","30.700","28.500","2.95M","4.22%"
"12/02/2024","28.910","29.200","29.500","28.400","1.14M","-0.99%"
"12/01/2024","29.200","29.500","30.500","28.810","1.88M","-0.68%"
"11/28/2024","29.400","28.200","29.690","27.510","1.69M","3.96%"
"11/27/2024","28.280","28.960","29.800","28.050","1.42M","-1.36%"
"11/26/2024","28.670","26.890","29.480","26.710","3.87M","7.42%"
"11/25/2024","26.690","27.290","27.500","26.610","724.75K","-1.66%"
"11/24/2024","27.140","26.740","28.230","26.610","1.95M","1.80%"
"11/21/2024","26.660","25.350","27.810","25.350","4.14M","5.67%"
"11/20/2024","25.230","25.330","25.730","25.000","659.67K","-0.28%"
"11/19/2024","25.300","25.580","25.980","25.240","951.42K","-1.06%"
"11/18/2024","25.570","26.550","26.740","25.560","1.10M","-3.65%"
"11/17/2024","26.540","27.040","27.390","26.510","827.23K","-0.41%"
"11/14/2024","26.650","26.100","27.400","26.070","3.21M","2.90%"
"11/13/2024","25.900","25.240","26.390","25.100","5.42M","6.98%"
"11/12/2024","24.210","24.020","24.600","24.020","1.38M","1.25%"
"11/11/2024","23.910","23.650","24.100","23.650","976.63K","1.10%"
"11/10/2024","23.650","23.730","23.880","23.500","619.09K","0.68%"
"11/07/2024","23.490","23.610","23.880","23.470","659.10K","-0.04%"
"11/06/2024","23.500","23.190","23.550","23.190","656.96K","1.34%"
"11/05/2024","23.190","23.410","23.490","23.110","490.69K","-0.73%"
"11/04/2024","23.360","23.960","24.000","23.300","771.44K","-1.64%"
"11/03/2024","23.750","24.000","24.110","23.480","781.97K","-0.42%"
"10/31/2024","23.850","23.800","24.460","23.550","717.62K","0.29%"
"10/30/2024","23.780","23.850","23.990","23.400","397.52K","0.72%"
"10/29/2024","23.610","24.100","24.560","23.600","807.06K","-1.21%"
"10/28/2024","23.900","23.230","24.560","23.050","1.96M","3.55%"
"10/27/2024","23.080","23.280","23.610","23.050","413.67K","-0.86%"
"10/24/2024","23.280","23.350","23.780","23.250","281.72K","0.30%"
"10/23/2024","23.210","23.840","24.280","23.160","914.30K","-1.82%"
"10/22/2024","23.640","23.950","24.200","23.360","559.79K","0.38%"
"10/21/2024","23.550","22.750","24.090","22.270","1.10M","3.06%"
"10/20/2024","22.850","24.250","24.560","22.850","1.72M","-4.15%"
"10/17/2024","23.840","23.590","24.250","23.420","975.54K","2.45%"
"10/16/2024","23.270","23.520","24.130","23.270","1.01M","0.00%"
"10/15/2024","23.270","22.250","23.550","22.110","1.30M","5.53%"
"10/14/2024","22.050","21.820","22.350","21.500","292.22K","1.05%"
"10/13/2024","21.820","22.250","22.480","21.800","253.33K","-1.45%"
"10/10/2024","22.140","21.940","22.700","21.940","277.72K","1.05%"
"10/09/2024","21.910","21.840","22.230","21.650","218.07K","0.32%"
"10/08/2024","21.840","22.630","22.900","21.030","370.72K","-3.45%"
"10/07/2024","22.620","22.710","23.180","22.500","312.11K","0.31%"
"10/03/2024","22.550","22.500","22.850","22.500","341.59K","0.31%"
"10/02/2024","22.480","23.200","23.370","22.150","596.87K","-3.89%"
"10/01/2024","23.390","23.570","23.850","23.200","758.02K","-0.47%"
"09/30/2024","23.500","23.790","23.880","23.440","418.97K","-0.63%"
"09/29/2024","23.650","23.980","24.020","23.570","513.08K","-1.38%"
"09/26/2024","23.980","24.700","24.700","23.880","752.50K","-2.12%"
"09/25/2024","24.500","24.600","25.250","24.500","2.11M","0.04%"
"09/24/2024","24.490","23.830","24.650","23.800","2.35M","3.73%"
"09/23/2024","23.610","23.560","24.010","23.440","787.89K","0.25%"
"09/22/2024","23.550","23.650","23.970","23.500","338.18K","-0.38%"
"09/19/2024","23.640","23.860","23.990","23.400","434.66K","0.34%"
"09/18/2024","23.560","22.950","24.240","22.800","1.77M","3.51%"
"09/17/2024","22.760","23.150","23.300","22.720","307.25K","-1.30%"
"09/16/2024","23.060","23.880","23.890","23.050","431.10K","-2.00%"
"09/12/2024","23.530","23.290","24.200","23.120","1.76M","1.95%"
"09/11/2024","23.080","23.010","23.290","22.800","448.71K","-0.04%"
"09/10/2024","23.090","23.550","23.600","22.870","391.41K","-1.11%"
"09/09/2024","23.350","23.390","23.700","23.200","407.41K","-0.17%"
"09/08/2024","23.390","23.700","23.990","23.130","645.94K","-1.56%"
"09/05/2024","23.760","24.050","24.330","23.650","1.26M","-0.96%"
"09/04/2024","23.990","24.340","24.390","23.800","1.06M","-1.44%"
"09/03/2024","24.340","23.900","24.670","23.500","2.19M","3.40%"
"09/02/2024","23.540","23.900","24.200","23.340","908.92K","-1.47%"
"09/01/2024","23.890","24.130","24.190","23.660","1.13M","-0.54%"
"08/29/2024","24.020","24.280","24.560","24.020","1.22M","-0.08%"
"08/28/2024","24.040","24.300","24.480","23.990","1.03M","-0.87%"
"08/27/2024","24.250","24.690","25.000","23.900","1.68M","-1.30%"
"08/26/2024","24.570","24.620","24.990","23.750","1.04M","2.37%"
"08/25/2024","24.000","25.270","27.310","24.000","1.51M","5.45%"
"08/22/2024","22.760","26.140","26.520","22.010","1.51M","-12.80%"
"08/21/2024","26.100","26.800","27.170","26.100","1.32M","-2.25%"
"08/20/2024","26.700","27.110","27.380","26.530","1.04M","-1.44%"
"08/19/2024","27.090","27.560","28.490","26.740","1.58M","-2.20%"
"08/18/2024","27.700","26.100","28.000","26.100","3.54M","6.58%"
"08/15/2024","25.990","27.000","27.650","25.950","4.30M","-1.92%"
"08/14/2024","26.500","25.440","26.500","25.150","1.36M","5.79%"
"08/13/2024","25.050","25.820","25.900","24.900","1.36M","-2.98%"
"08/12/2024","25.820","26.400","26.500","25.800","958.23K","-1.53%"
"08/11/2024","26.220","25.270","26.500","25.000","2.06M","5.05%"
"08/08/2024","24.960","25.000","25.680","24.500","1.86M","-0.04%"
"08/07/2024","24.970","23.510","25.290","23.300","2.46M","7.17%"
"08/06/2024","23.300","22.900","23.300","22.550","646.65K","3.37%"
"08/05/2024","22.540","23.030","23.030","21.050","1.03M","-4.77%"
"08/04/2024","23.670","24.600","24.700","23.650","897.57K","-5.47%"
"08/01/2024","25.040","24.800","25.700","24.650","1.79M","1.58%"
"07/31/2024","24.650","24.960","25.150","24.640","583.40K","-0.44%"
"07/30/2024","24.760","24.900","25.200","24.410","1.15M","0.24%"
"07/29/2024","24.700","24.800","25.600","24.620","2.86M","2.40%"
"07/28/2024","24.120","24.000","24.500","23.720","797.54K","0.50%"
"07/24/2024","24.000","24.440","24.840","23.910","866.35K","-1.28%"
"07/23/2024","24.310","24.830","25.100","24.250","1.12M","-1.22%"
"07/22/2024","24.610","23.980","25.600","23.850","4.02M","3.01%"
"07/21/2024","23.890","23.850","24.190","23.560","539.30K","0.80%"
"07/18/2024","23.700","24.290","24.390","23.690","601.36K","-1.29%"
"07/17/2024","24.010","24.100","24.300","23.810","421.51K","0.38%"
"07/16/2024","23.920","24.350","24.700","23.900","947.63K","-1.60%"
"07/15/2024","24.310","24.100","24.500","23.530","1.75M","3.05%"
"07/14/2024","23.590","23.750","24.290","23.500","287.63K","-0.13%"
"07/10/2024","23.620","24.440","24.440","23.600","502.89K","-1.99%"
"07/09/2024","24.100","24.320","24.740","23.650","1.61M","1.01%"
"07/08/2024","23.860","22.970","23.860","22.650","1.04M","4.70%"
"07/07/2024","22.790","23.400","23.650","22.750","823.45K","-1.89%"
"07/04/2024","23.230","25.000","25.000","22.910","2.12M","-7.12%"
"07/03/2024","25.010","25.400","25.900","24.890","550.32K","-0.64%"
"07/02/2024","25.170","25.120","25.720","25.120","579.99K","0.68%"
"07/01/2024","25.000","25.000","25.790","24.810","831.15K","0.28%"
"06/27/2024","24.930","25.800","25.990","24.820","537.97K","-3.18%"
"06/26/2024","25.750","26.200","26.890","25.700","488.04K","-1.72%"
"06/25/2024","26.200","26.160","26.680","25.800","571.86K","0.23%"
"06/24/2024","26.140","26.800","27.490","25.950","1.23M","-1.36%"
"06/23/2024","26.500","25.200","27.090","25.120","1.22M","6.38%"
"06/13/2024","24.910","24.800","25.400","24.500","540.98K","0.40%"
"06/12/2024","24.810","25.200","25.770","24.620","638.82K","-1.04%"
"06/11/2024","25.070","26.460","26.770","24.820","1.16M","-5.25%"
"06/10/2024","26.460","24.890","26.510","24.020","2.34M","8.22%"
"06/09/2024","24.450","23.110","24.960","23.110","1.88M","7.28%"
"06/06/2024","22.790","22.060","23.480","22.020","552.60K","2.66%"
"06/05/2024","22.200","22.810","22.980","21.500","377.35K","-2.67%"
"06/04/2024","22.810","22.610","23.250","22.500","264.10K","1.38%"
"06/03/2024","22.500","22.710","23.650","22.420","568.67K","-0.92%"
"06/02/2024","22.710","23.500","23.900","22.620","370.82K","-2.20%"
"05/30/2024","23.220","24.550","24.800","23.000","1.76M","-4.52%"
"05/29/2024","24.320","22.530","25.790","22.500","3.65M","9.06%"
"05/28/2024","22.300","22.000","23.200","21.520","636.33K","0.18%"
"05/27/2024","22.260","22.500","23.300","21.500","2.09M","14.62%"
"05/26/2024","19.420","18.450","19.420","16.860","935.92K","19.95%"
"05/23/2024","16.190","16.620","16.620","16.000","156.40K","-0.49%"
"05/22/2024","16.270","16.900","16.900","16.030","121.57K","-0.91%"
"05/21/2024","16.420","16.580","17.150","16.370","255.15K","0.18%"
"05/20/2024","16.390","16.690","17.200","16.300","382.68K","-1.80%"
"05/19/2024","16.690","15.950","16.760","15.900","606.61K","5.70%"
"05/16/2024","15.790","15.350","16.100","15.320","226.81K","3.20%"
"05/15/2024","15.300","15.610","15.800","15.000","243.74K","-1.29%"
"05/14/2024","15.500","15.500","15.800","15.110","330.81K","2.92%"
"05/13/2024","15.060","16.010","16.200","15.000","238.47K","-5.99%"
"05/12/2024","16.020","17.480","17.700","16.000","405.32K","-7.35%"
"05/09/2024","17.290","16.600","17.400","16.500","330.29K","3.97%"
"05/08/2024","16.630","17.400","18.000","16.500","224.82K","-3.48%"
"05/07/2024","17.230","17.310","17.430","16.530","179.62K","-0.17%"
"05/02/2024","17.260","17.450","17.800","17.000","284.83K","1.53%"
"05/01/2024","17.000","16.950","17.190","16.400","241.79K","1.98%"
"04/30/2024","16.670","17.150","17.650","16.350","411.74K","-2.23%"
"04/29/2024","17.050","16.150","17.240","16.150","199.31K","3.21%"
"04/28/2024","16.520","18.400","18.630","16.350","175.70K","-10.07%"
"04/24/2024","18.370","18.900","19.000","17.700","151.12K","-2.80%"
"04/23/2024","18.900","20.160","20.480","18.520","307.80K","-6.25%"
"04/22/2024","20.160","20.710","21.290","19.500","274.18K","-2.66%"
"04/21/2024","20.710","20.000","20.850","20.000","354.08K","3.55%"
"04/18/2024","20.000","21.510","21.800","19.550","618.82K","-7.02%"
"04/17/2024","21.510","21.680","21.900","21.380","461.46K","-0.78%"
"04/16/2024","21.680","21.620","22.070","21.430","869.26K","0.28%"
"04/15/2024","21.620","21.320","22.000","21.200","706.22K","1.41%"
"04/08/2024","21.320","20.140","21.800","20.020","1.22M","5.86%"
"04/07/2024","20.140","19.690","20.800","19.940","511.47K","2.29%"
"04/04/2024","19.690","18.070","20.290","18.200","760.94K","8.97%"
"04/03/2024","18.070","18.430","18.440","17.300","121.88K","-1.95%"
"04/02/2024","18.430","18.380","18.970","18.200","197.33K","0.27%"
"04/01/2024","18.380","17.790","18.500","17.600","192.33K","3.32%"
"03/31/2024","17.790","18.910","18.990","17.650","236.05K","-5.92%"
"03/28/2024","18.910","18.960","19.280","18.590","174.12K","-0.26%"
"03/27/2024","18.960","19.680","19.700","18.830","587.52K","-3.66%"
"03/26/2024","19.680","20.370","20.920","19.500","417.19K","-3.39%"
"03/25/2024","20.370","19.040","20.900","19.070","1.07M","6.99%"
"03/24/2024","19.040","19.000","19.500","18.760","360.14K","0.21%"
"03/21/2024","19.000","18.710","19.690","18.860","442.44K","1.55%"
"03/20/2024","18.710","18.810","20.250","18.280","328.23K","-0.53%"
"03/19/2024","18.810","19.670","19.800","16.320","778.64K","-4.37%"
"03/18/2024","19.670","22.950","22.900","19.020","291.20K","-14.29%"
"03/17/2024","22.950","23.000","23.490","21.610","239.78K","-0.22%"
"03/14/2024","23.000","24.650","24.640","22.810","583.21K","-6.69%"
"03/13/2024","24.650","23.820","24.990","21.710","251.98K","3.48%"
"03/12/2024","23.820","23.230","25.480","23.250","447.16K","2.54%"
"03/11/2024","23.230","24.750","25.350","23.070","178.42K","-6.14%"
"03/10/2024","24.750","25.030","25.970","24.300","269.38K","-1.12%"
"03/07/2024","25.030","25.570","26.900","24.790","242.07K","-2.11%"
"03/06/2024","25.570","27.260","27.860","25.010","212.09K","-6.20%"
"03/05/2024","27.260","27.760","28.240","27.000","290.55K","-1.80%"
"03/04/2024","27.760","26.040","28.600","26.600","589.22K","6.61%"
"03/03/2024","26.040","25.120","27.240","24.510","716.71K","3.66%"
"02/29/2024","25.120","24.010","25.490","23.920","349.74K","4.62%"
"02/28/2024","24.010","25.030","26.000","24.000","787.66K","-4.08%"
"02/27/2024","25.030","26.430","27.260","24.520","534.01K","-5.30%"
"02/26/2024","26.430","25.600","27.400","25.650","628.03K","3.24%"
"02/25/2024","25.600","30.010","29.990","25.150","605.92K","-14.70%"
"02/22/2024","30.010","30.760","32.500","30.000","1.10M","-2.44%"
"02/21/2024","30.760","28.130","30.900","28.250","1.19M","9.35%"
"02/20/2024","28.130","27.760","29.300","27.000","492.00K","1.33%"
"02/19/2024","27.760","28.110","28.630","27.700","244.31K","-1.25%"
"02/18/2024","28.110","28.140","28.740","28.040","242.57K","-0.11%"
"02/15/2024","28.140","28.930","29.300","28.110","875.49K","-2.73%"
"02/14/2024","28.930","29.510","29.760","28.700","417.97K","-1.97%"
"02/13/2024","29.510","30.050","31.000","29.500","1.16M","-1.80%"
"02/12/2024","30.050","28.740","30.300","27.500","1.53M","4.56%"
"02/11/2024","28.740","29.170","29.950","28.120","563.56K","-1.47%"
"02/08/2024","29.170","28.640","29.680","27.700","1.40M","1.85%"
"02/07/2024","28.640","26.000","28.750","26.050","2.11M","10.15%"
"02/06/2024","26.000","24.860","27.460","24.700","3.32M","4.59%"
"02/05/2024","24.860","25.500","26.300","24.200","2.03M","-2.51%"
"02/04/2024","25.500","23.240","26.400","21.660","3.91M","9.72%"
"02/01/2024","23.240","19.950","23.240","18.110","2.61M","16.49%"
"01/31/2024","19.950","21.500","23.250","18.010","3.72M","-5.00%"
"01/30/2024","21.000","19.500","21.450","19.500","2.54M","9.09%"
"01/29/2024","19.250","19.010","19.950","18.960","1.29M","0.84%"
"01/28/2024","19.090","19.040","19.180","18.850","406.93K","1.11%"
"01/24/2024","18.880","18.910","19.200","18.800","297.86K","0.16%"
"01/23/2024","18.850","19.190","19.480","18.830","573.73K","-1.10%"
"01/22/2024","19.060","19.240","19.400","18.970","495.78K","0.00%"
"01/21/2024","19.060","18.990","19.290","18.860","765.23K","1.11%"
"01/18/2024","18.850","18.930","19.170","18.750","472.96K","-0.16%"
"01/17/2024","18.880","19.100","19.660","18.810","1.75M","-0.21%"
"01/16/2024","18.920","18.910","18.990","18.660","777.84K","0.64%"
"01/15/2024","18.800","18.940","19.350","18.710","994.27K","-0.27%"
"01/14/2024","18.850","18.950","19.240","18.740","720.68K","0.00%"
"01/11/2024","18.850","19.690","19.770","18.830","1.17M","-0.02%"
"01/10/2024","18.854","18.403","19.478","17.866","1.75M","3.37%"
"01/09/2024","18.240","18.240","18.518","17.760","553.06K","0.53%"
"01/08/2024","18.144","18.595","18.624","18.115","288.52K","-0.42%"
"01/04/2024","18.221","18.662","18.768","18.125","441.43K","-1.56%"
"01/03/2024","18.509","19.008","19.008","18.422","781.43K","-1.08%"
"01/02/2024","18.710","18.250","19.104","18.250","2.88M","6.91%"
"12/31/2023","17.501","17.251","18.048","17.040","1.68M","2.65%"
"12/28/2023","17.050","16.608","17.846","16.598","1.07M","3.02%"
"12/27/2023","16.550","16.224","16.656","15.936","309.68K","4.11%"
"12/26/2023","15.898","15.984","16.426","15.859","222.44K","-1.02%"
"12/25/2023","16.061","15.936","16.320","15.600","212.43K","0.97%"
"12/24/2023","15.907","16.838","17.078","13.930","548.22K","-5.21%"
"12/21/2023","16.781","16.454","17.040","16.454","215.60K","1.98%"
"12/20/2023","16.454","16.800","17.021","16.416","212.67K","-1.78%"
"12/19/2023","16.752","17.088","17.376","16.704","388.13K","-1.69%"
"12/18/2023","17.040","17.136","17.472","16.915","367.11K","-0.22%"
"12/17/2023","17.078","17.184","17.616","16.906","417.14K","1.19%"
"12/14/2023","16.877","17.376","17.760","16.608","763.21K","-2.22%"
"12/13/2023","17.261","16.320","17.568","16.013","967.44K","7.79%"
"12/12/2023","16.013","16.330","16.800","15.552","622.13K","-0.89%"
"12/11/2023","16.157","16.829","17.242","16.128","554.09K","-2.83%"
"12/10/2023","16.627","18.144","18.182","16.618","623.43K","-8.31%"
"12/07/2023","18.134","17.578","18.182","16.714","681.56K","3.17%"
"12/06/2023","17.578","18.634","18.634","17.395","627.66K","-5.13%"
"12/05/2023","18.528","18.941","19.008","18.192","1.14M","0.21%"
"12/04/2023","18.490","19.690","20.064","18.269","821.75K","-5.12%"
"12/03/2023","19.488","17.837","20.544","17.664","2.78M","11.60%"
"11/30/2023","17.462","16.694","18.000","16.637","1.42M","4.96%"
"11/29/2023","16.637","16.714","16.982","16.560","282.14K","-0.12%"
"11/28/2023","16.656","17.069","17.184","16.627","373.99K","-1.31%"
"11/27/2023","16.877","17.280","17.376","16.800","356.00K","-1.73%"
"11/26/2023","17.174","17.414","17.606","17.117","463.50K","0.06%"
"11/23/2023","17.165","17.606","17.616","17.088","462.95K","-1.97%"
"11/22/2023","17.510","17.309","17.866","17.280","879.64K","2.01%"
"11/21/2023","17.165","16.896","17.462","16.608","528.95K","1.76%"
"11/20/2023","16.867","17.222","17.462","16.762","625.07K","-0.73%"
"11/19/2023","16.992","18.144","18.144","16.896","1.15M","-2.32%"
"11/16/2023","17.395","17.136","18.413","17.040","2.18M","3.19%"
"11/15/2023","16.858","17.952","18.240","16.646","3.07M","-4.51%"
"11/14/2023","17.654","19.018","19.296","17.520","1.81M","-6.13%"
"11/13/2023","18.806","18.586","18.912","17.165","2.65M","3.27%"
"11/12/2023","18.211","15.523","18.211","15.523","3.70M","19.68%"
"11/09/2023","15.216","14.400","16.032","14.400","2.50M","6.38%"
"11/08/2023","14.304","14.390","14.880","14.112","747.66K","1.36%"
"11/07/2023","14.112","14.381","14.381","13.978","573.52K","-0.54%"
"11/06/2023","14.189","14.976","15.331","14.160","1.58M","-4.65%"
"11/05/2023","14.880","15.168","15.360","14.803","845.70K","3.26%"
"11/02/2023","14.410","13.738","14.755","13.690","1.24M","6.15%"
"11/01/2023","13.574","14.160","14.410","13.344","675.72K","-4.78%"
"10/31/2023","14.256","14.160","14.851","13.968","1.66M","0.68%"
"10/30/2023","14.160","13.978","14.784","13.690","1.25M","1.37%"
"10/29/2023","13.968","13.622","14.611","13.440","1.85M","2.68%"
"10/26/2023","13.603","14.054","14.064","13.536","773.40K","-1.87%"
"10/25/2023","13.862","13.622","14.246","13.622","1.71M","4.34%"
"10/24/2023","13.286","13.670","13.968","13.066","1.38M","-1.49%"
"10/23/2023","13.488","14.208","14.275","13.277","2.53M","-4.42%"
"10/22/2023","14.112","12.384","14.294","12.134","3.53M","16.30%"
"10/19/2023","12.134","11.040","12.845","10.906","3.60M","11.96%"
"10/18/2023","10.838","11.491","11.520","10.752","1.98M","-3.50%"
"10/17/2023","11.232","10.320","11.232","10.032","2.92M","10.27%"
"10/16/2023","10.186","10.176","10.406","9.984","1.50M","-0.47%"
"10/15/2023","10.234","9.792","10.272","9.792","1.40M","4.72%"
"10/12/2023","9.773","9.600","10.080","9.600","1.49M","2.83%"
"10/11/2023","9.504","9.706","9.830","9.504","1.12M","-1.79%"
"10/10/2023","9.677","8.928","9.706","8.928","1.81M","9.57%"
"10/09/2023","8.832","8.621","8.899","8.544","295.95K","2.56%"
"10/08/2023","8.611","9.014","9.216","8.352","559.07K","-4.27%"
"10/04/2023","8.995","8.803","9.062","8.554","859.55K","2.63%"
"10/03/2023","8.765","9.130","9.398","8.688","478.62K","-4.99%"
"10/02/2023","9.226","9.523","9.581","8.928","582.80K","-3.12%"
"10/01/2023","9.523","9.802","9.936","9.427","901.84K","-2.46%"
"09/27/2023","9.763","10.080","10.080","9.696","473.95K","-2.12%"
"09/26/2023","9.974","9.907","10.358","9.888","476.70K","0.87%"
"09/25/2023","9.888","10.032","10.176","9.869","294.85K","-0.87%"
"09/24/2023","9.974","10.042","10.368","9.917","476.95K","0.39%"
"09/21/2023","9.936","9.984","10.128","9.802","389.53K","-0.19%"
"09/20/2023","9.955","10.426","10.752","9.898","698.79K","-4.34%"
"09/19/2023","10.406","10.742","10.915","10.368","1.44M","-1.81%"
"09/18/2023","10.598","9.802","10.752","9.782","3.46M","8.02%"
"09/17/2023","9.811","9.859","10.128","9.706","797.39K","-0.29%"
"09/14/2023","9.840","10.090","10.224","9.792","1.28M","-2.38%"
"09/13/2023","10.080","9.456","10.080","9.379","1.39M","7.47%"
"09/12/2023","9.379","9.245","9.686","9.226","1.90M","1.77%"
"09/11/2023","9.216","9.446","9.571","9.197","1.05M","-2.24%"
"09/10/2023","9.427","9.590","9.782","9.418","836.26K","-0.71%"
"09/07/2023","9.494","9.427","9.696","9.216","1.01M","1.02%"
"09/06/2023","9.398","9.859","9.984","9.379","866.40K","-5.04%"
"09/05/2023","9.898","10.253","10.349","9.821","921.04K","-2.00%"
"09/04/2023","10.099","9.859","10.339","9.830","1.58M","2.83%"
"09/03/2023","9.821","10.406","10.522","9.792","1.05M","-5.01%"
"08/31/2023","10.339","10.733","10.896","10.320","1.63M","-2.89%"
"08/30/2023","10.646","10.694","10.800","10.426","1.59M","0.54%"
"08/29/2023","10.589","10.752","10.982","10.570","2.10M","-1.25%"
"08/28/2023","10.723","10.944","11.280","10.666","3.81M","0.27%"
"08/27/2023","10.694","10.464","10.896","10.243","4.19M","3.63%"
"08/24/2023","10.320","9.898","10.550","9.725","4.53M","4.98%"
"08/23/2023","9.830","10.483","10.483","9.686","3.22M","-5.01%"
"08/22/2023","10.349","10.099","10.771","10.080","5.12M","3.45%"
"08/21/2023","10.003","10.435","10.502","9.821","3.67M","-3.16%"
"08/20/2023","10.330","10.224","10.848","9.821","7.75M","3.07%"
"08/17/2023","10.022","8.544","10.022","8.448","7.62M","19.31%"
"08/16/2023","8.400","8.832","8.832","8.304","2.82M","-2.78%"
"08/15/2023","8.640","8.602","9.792","8.554","7.77M","2.04%"
"08/14/2023","8.467","7.171","8.554","7.171","5.13M","18.71%"
"08/13/2023","7.133","7.037","7.171","7.008","233.43K","0.95%"
"08/10/2023","7.066","7.056","7.296","6.970","238.72K","-0.54%"
"08/09/2023","7.104","7.104","7.248","7.075","305.43K","-0.13%"
"08/08/2023","7.114","7.162","7.248","7.066","336.09K","-1.20%"
"08/07/2023","7.200","7.334","7.334","7.190","371.70K","0.13%"
"08/06/2023","7.190","7.018","7.344","6.960","550.89K","1.22%"
"08/03/2023","7.104","7.123","7.200","6.960","322.05K","-0.27%"
"08/02/2023","7.123","6.749","7.344","6.720","2.35M","7.07%"
"08/01/2023","6.653","6.672","6.691","6.634","104.04K","0.29%"
"07/31/2023","6.634","6.672","6.768","6.557","165.97K","0.29%"
"07/30/2023","6.614","6.758","6.864","6.547","222.86K","-2.13%"
"07/27/2023","6.758","6.864","6.902","6.720","224.02K","-1.40%"
"07/26/2023","6.854","6.854","6.912","6.730","369.33K","0.14%"
"07/25/2023","6.845","7.094","7.094","6.835","377.23K","-2.86%"
"07/24/2023","7.046","6.902","7.334","6.902","1.22M","3.53%"
"07/19/2023","6.806","6.614","6.931","6.528","998.18K","4.42%"
"07/18/2023","6.518","6.413","6.614","6.413","234.77K","1.49%"
"07/17/2023","6.422","6.480","6.509","6.394","256.51K","0.15%"
"07/16/2023","6.413","6.490","6.595","6.394","183.67K","-0.15%"
"07/13/2023","6.422","6.432","6.432","6.317","175.68K","1.36%"
"07/12/2023","6.336","6.422","6.499","6.326","226.32K","0.15%"
"07/11/2023","6.326","6.307","6.413","6.250","197.58K","1.07%"
"07/10/2023","6.259","6.048","6.346","6.000","191.42K","0.46%"
"07/09/2023","6.230","6.547","6.710","6.048","170.98K","-6.08%"
"07/06/2023","6.634","6.816","6.854","6.624","216.33K","-1.71%"
"07/05/2023","6.749","6.730","6.854","6.720","264.11K","0.72%"
"07/04/2023","6.701","6.528","6.864","6.528","490.76K","2.80%"
"06/26/2023","6.518","6.518","6.557","6.480","129.09K","0.15%"
"06/25/2023","6.509","6.701","6.701","6.480","150.19K","-0.29%"
"06/22/2023","6.528","6.538","6.624","6.442","173.60K","-0.15%"
"06/21/2023","6.538","6.816","6.816","6.499","322.72K","-2.99%"
"06/20/2023","6.739","6.845","6.893","6.720","308.54K","-1.27%"
"06/19/2023","6.826","6.893","6.960","6.806","339.38K","-0.56%"
"06/18/2023","6.864","6.950","6.989","6.826","261.09K","0.28%"
"06/15/2023","6.845","6.912","6.950","6.816","205.18K","0.42%"
"06/14/2023","6.816","6.989","7.008","6.778","314.42K","-0.84%"
"06/13/2023","6.874","6.950","7.018","6.845","388.88K","-1.92%"
"06/12/2023","7.008","6.826","7.190","6.768","469.07K","3.84%"
"06/11/2023","6.749","6.970","7.123","6.720","450.18K","-3.70%"
"06/08/2023","7.008","7.085","7.210","6.960","509.15K","-1.08%"
"06/07/2023","7.085","7.104","7.354","7.056","612.52K","-0.94%"
"06/06/2023","7.152","7.200","7.248","7.008","476.42K","-0.80%"
"06/05/2023","7.210","7.450","7.498","7.094","864.38K","-2.09%"
"06/04/2023","7.363","7.296","7.632","7.238","1.36M","3.37%"
"06/01/2023","7.123","7.018","7.344","6.998","1.23M","1.78%"
"05/31/2023","6.998","7.181","7.296","6.979","661.20K","-2.15%"
"05/30/2023","7.152","7.296","7.440","6.979","1.65M","-0.93%"
"05/29/2023","7.219","6.432","7.392","6.432","3.30M","12.74%"
"05/28/2023","6.403","6.230","6.422","6.230","480.64K","2.77%"
"05/25/2023","6.230","6.240","6.384","6.202","300.98K","-0.15%"
"05/24/2023","6.240","6.240","6.336","6.192","196.52K","0.78%"
"05/23/2023","6.192","6.144","6.250","6.096","240.97K","1.42%"
"05/22/2023","6.106","6.106","6.269","6.048","278.87K","1.27%"
"05/21/2023","6.029","6.067","6.432","5.971","560.24K","0.16%"
"05/18/2023","6.019","6.144","6.259","5.952","257.40K","-2.64%"
"05/17/2023","6.182","6.451","6.518","6.144","490.98K","-3.01%"
"05/16/2023","6.374","5.952","6.566","5.952","1.23M","8.50%"
"05/15/2023","5.875","5.923","6.077","5.818","138.19K","-2.39%"
"05/14/2023","6.019","6.096","6.096","5.933","124.47K","-0.48%"
"05/11/2023","6.048","6.067","6.096","6.000","153.16K","0.48%"
"05/10/2023","6.019","6.077","6.115","5.952","237.23K","-0.95%"
"05/09/2023","6.077","6.202","6.288","6.067","219.15K","-1.40%"
"05/08/2023","6.163","6.096","6.192","6.086","146.73K","2.23%"
"05/07/2023","6.029","6.048","6.106","5.962","65.57K","-0.48%"
"05/03/2023","6.058","6.173","6.278","6.048","124.97K","-1.87%"
"05/02/2023","6.173","6.048","6.278","6.000","79.70K","0.47%"
"05/01/2023","6.144","6.336","6.365","6.096","334.14K","-3.03%"
"04/30/2023","6.336","6.442","6.557","6.336","375.79K","-1.05%"
"04/27/2023","6.403","6.346","6.451","6.336","418.03K","0.91%"
"04/26/2023","6.346","6.403","6.470","6.288","229.87K","0.15%"
"04/19/2023","6.336","6.355","6.432","6.326","296.48K","-0.15%"
"04/18/2023","6.346","6.365","6.422","6.317","211.94K","-0.15%"
"04/13/2023","6.355","6.394","6.432","6.336","266.25K","-0.90%"
"04/12/2023","6.413","6.518","6.538","6.384","250.53K","-1.62%"
"04/11/2023","6.518","6.518","6.576","6.470","374.07K","0.15%"
"04/10/2023","6.509","6.672","6.672","6.490","61.01K","-0.73%"
"04/09/2023","6.557","6.778","6.778","6.490","258.13K","-2.01%"
"04/06/2023","6.691","6.816","6.883","6.624","467.12K","-0.43%"
"04/05/2023","6.720","6.624","7.008","6.576","893.77K","2.64%"
"04/04/2023","6.547","6.490","6.576","6.461","351.72K","1.04%"
"04/03/2023","6.480","6.480","6.576","6.432","216.03K","0.45%"
"04/02/2023","6.451","6.701","6.701","6.355","274.08K","-1.61%"
"03/30/2023","6.557","6.509","6.874","6.509","862.35K","0.74%"
"03/29/2023","6.509","6.298","6.557","6.269","172.30K","3.35%"
"03/28/2023","6.298","6.374","6.528","6.250","174.56K","-0.46%"
"03/27/2023","6.326","6.653","6.653","6.250","188.53K","-3.37%"
"03/26/2023","6.547","6.528","6.653","6.480","476.69K","1.79%"
"03/23/2023","6.432","6.336","6.432","6.077","379.64K","2.45%"
"03/22/2023","6.278","6.576","6.586","6.240","815.70K","-2.53%"
"03/21/2023","6.442","6.624","6.720","6.413","939.68K","-1.47%"
"03/20/2023","6.538","6.221","6.538","6.173","1.57M","19.89%"
"03/19/2023","5.453","5.443","5.453","5.443","408.59K","19.83%"
"03/16/2023","4.550","4.512","4.973","4.042","440.20K","-2.67%"
"03/15/2023","4.675","5.558","5.664","4.445","555.35K","-14.56%"
"03/14/2023","5.472","5.366","5.530","5.194","483.21K","1.97%"
"03/13/2023","5.366","6.269","6.298","5.280","648.26K","-14.26%"
"03/12/2023","6.259","6.470","6.576","6.211","523.80K","-3.26%"
"03/09/2023","6.470","6.451","6.576","6.422","320.85K","0.75%"
"03/08/2023","6.422","6.461","6.566","6.384","285.49K","-1.04%"
"03/07/2023","6.490","6.624","6.787","6.451","884.39K","-1.31%"
"03/06/2023","6.576","6.538","6.797","6.528","623.91K","0.59%"
"03/05/2023","6.538","6.653","6.730","6.470","272.17K","-1.30%"
"03/02/2023","6.624","6.720","6.874","6.586","792.04K","-0.58%"
"03/01/2023","6.662","6.470","6.787","6.442","1.11M","3.12%"
"02/28/2023","6.461","6.509","6.595","6.413","562.02K","0.15%"
"02/27/2023","6.451","6.470","6.566","6.413","324.86K","0.00%"
"02/26/2023","6.451","6.509","6.576","6.432","276.77K","-0.30%"
"02/23/2023","6.470","6.586","6.624","6.346","309.49K","-0.44%"
"02/22/2023","6.499","6.768","6.864","6.374","575.49K","-2.87%"
"02/21/2023","6.691","6.538","6.758","6.461","625.00K","2.65%"
"02/20/2023","6.518","6.768","6.922","6.442","784.87K","-3.55%"
"02/19/2023","6.758","6.998","7.018","6.710","668.18K","-2.90%"
"02/16/2023","6.960","7.162","7.248","6.931","890.47K","-2.42%"
"02/15/2023","7.133","7.267","7.382","7.085","1.21M","-0.27%"
"02/14/2023","7.152","6.854","7.248","6.854","1.74M","5.97%"
"02/13/2023","6.749","6.662","6.960","6.634","1.63M","3.23%"
"02/12/2023","6.538","6.461","6.710","6.384","814.19K","1.19%"
"02/09/2023","6.461","6.288","6.614","6.211","954.85K","3.54%"
"02/08/2023","6.240","6.432","6.518","6.192","546.77K","-2.11%"
"02/07/2023","6.374","6.432","6.576","6.307","396.88K","0.30%"
"02/06/2023","6.355","6.144","6.614","6.048","1.21M","4.91%"
"02/05/2023","6.058","6.413","6.413","5.904","409.88K","-4.97%"
"02/02/2023","6.374","6.701","6.758","6.259","321.98K","-3.07%"
"02/01/2023","6.576","6.720","6.826","6.499","373.94K","-2.14%"
"01/31/2023","6.720","6.998","7.066","6.701","472.18K","-3.85%"
"01/30/2023","6.989","7.430","7.450","6.941","801.89K","-4.96%"
"01/29/2023","7.354","7.430","7.526","7.315","433.27K","-1.03%"
"01/25/2023","7.430","7.315","7.450","7.258","539.71K","1.98%"
"01/24/2023","7.286","7.382","7.517","7.248","828.00K","-0.39%"
"01/23/2023","7.315","7.555","7.642","7.248","812.01K","-2.18%"
"01/22/2023","7.478","7.680","7.738","7.440","825.14K","-0.51%"
"01/19/2023","7.517","7.670","7.786","7.488","1.42M","-0.25%"
"01/18/2023","7.536","7.862","8.035","7.488","4.86M","-1.51%"
"01/17/2023","7.651","7.565","7.872","7.565","2.60M","1.79%"
"01/16/2023","7.517","7.766","7.872","7.469","1.65M","-2.61%"
"01/15/2023","7.718","8.141","8.208","7.642","1.33M","-3.13%"
"01/12/2023","7.968","8.381","8.640","7.824","812.49K","-4.38%"
"01/11/2023","8.333","7.814","9.168","7.507","4.05M","8.64%"
"01/10/2023","7.670","8.083","8.160","7.526","346.65K","-4.99%"
"01/09/2023","8.074","8.160","8.275","7.862","878.23K","-1.06%"
"01/05/2023","8.160","8.179","8.438","8.093","848.88K","-1.05%"
"01/04/2023","8.246","8.448","8.573","8.016","872.18K","-1.60%"
"01/03/2023","8.381","8.448","8.717","8.314","1.18M","0.11%"
"01/02/2023","8.371","7.987","8.544","7.987","2.48M","6.47%"
"12/29/2022","7.862","8.016","8.122","7.776","272.34K","-1.56%"
"12/28/2022","7.987","8.074","8.227","7.968","569.80K","-0.60%"
"12/27/2022","8.035","8.064","8.189","7.968","521.88K","1.21%"
"12/26/2022","7.939","7.776","8.083","7.776","508.72K","3.38%"
"12/25/2022","7.680","7.958","8.630","7.574","2.39M","-4.19%"
"12/22/2022","8.016","8.630","8.726","7.776","434.08K","-5.86%"
"12/21/2022","8.515","8.736","8.774","8.371","211.25K","-1.88%"
"12/20/2022","8.678","9.072","9.254","8.515","1.69M","-2.90%"
"12/19/2022","8.938","9.206","9.341","8.842","493.76K","-1.79%"
"12/18/2022","9.101","9.072","9.504","9.014","1.72M","1.17%"
"12/15/2022","8.995","9.331","9.437","8.928","707.03K","-2.90%"
"12/14/2022","9.264","9.187","9.475","9.130","1.06M","1.26%"
"12/13/2022","9.149","9.312","9.408","9.024","670.38K","-0.94%"
"12/12/2022","9.235","9.408","9.475","9.024","362.45K","-1.74%"
"12/11/2022","9.398","9.504","9.600","9.216","1.56M","-0.61%"
"12/08/2022","9.456","9.360","9.533","9.149","1.80M","2.07%"
"12/07/2022","9.264","9.552","10.080","9.168","3.14M","-2.43%"
"12/06/2022","9.494","9.110","9.754","9.053","3.29M","5.32%"
"12/05/2022","9.014","8.842","9.235","8.765","1.40M","2.18%"
"12/04/2022","8.822","9.130","9.168","8.736","1.27M","-3.26%"
"12/01/2022","9.120","9.187","9.418","8.976","2.68M","-0.52%"
"11/30/2022","9.168","9.581","9.648","9.120","1.32M","-3.14%"
"11/29/2022","9.466","9.667","9.888","9.408","1.38M","-2.09%"
"11/28/2022","9.667","9.418","10.070","9.235","3.48M","2.65%"
"11/27/2022","9.418","10.013","10.013","9.360","1.74M","-4.48%"
"11/24/2022","9.859","9.648","10.157","9.523","2.88M","2.70%"
"11/23/2022","9.600","9.216","9.782","9.034","2.62M","3.95%"
"11/22/2022","9.235","9.610","9.792","9.168","1.48M","-4.66%"
"11/21/2022","9.686","9.264","9.850","8.976","3.75M","4.89%"
"11/20/2022","9.235","8.352","9.878","8.208","5.68M","12.12%"
"11/17/2022","8.237","7.085","8.304","7.008","4.75M","19.00%"
"11/16/2022","6.922","6.768","7.142","6.730","1.34M","2.85%"
"11/15/2022","6.730","6.912","7.037","6.682","1.66M","-2.37%"
"11/14/2022","6.893","7.478","7.478","6.720","1.41M","-7.71%"
"11/13/2022","7.469","7.094","7.469","7.008","1.72M","8.96%"
"11/10/2022","6.854","7.296","7.296","6.768","1.40M","-6.05%"
"11/09/2022","7.296","8.141","8.352","7.152","1.76M","-11.01%"
"11/08/2022","8.198","8.822","8.870","8.026","1.42M","-5.53%"
"11/07/2022","8.678","8.698","9.091","8.621","2.68M","0.11%"
"11/06/2022","8.669","8.678","9.398","8.563","3.43M","-0.11%"
"11/03/2022","8.678","9.024","9.293","8.554","1.65M","-3.52%"
"11/02/2022","8.995","9.494","9.504","8.880","998.27K","-3.70%"
"11/01/2022","9.341","9.504","9.542","9.274","741.62K","-1.02%"
"10/31/2022","9.437","9.389","9.792","9.168","2.58M","1.03%"
"10/30/2022","9.341","9.696","9.869","9.216","4.49M","-2.01%"
"10/27/2022","9.533","10.109","10.464","9.418","2.29M","-5.07%"
"10/26/2022","10.042","9.408","10.368","9.360","4.88M","7.61%"
"10/25/2022","9.331","9.955","9.984","9.139","1.30M","-4.99%"
"10/24/2022","9.821","10.368","10.368","9.754","1.86M","-3.49%"
"10/23/2022","10.176","9.571","11.088","9.571","5.78M","6.96%"
"10/20/2022","9.514","9.341","9.792","8.966","2.71M","2.69%"
"10/19/2022","9.264","9.523","9.696","8.832","1.50M","-2.53%"
"10/18/2022","9.504","9.504","9.619","9.264","2.71M","0.81%"
"10/17/2022","9.427","9.533","9.677","9.370","2.62M","-0.41%"
"10/16/2022","9.466","9.302","9.619","9.120","2.97M","4.12%"
"10/13/2022","9.091","8.544","9.206","8.544","1.49M","5.34%"
"10/12/2022","8.630","8.669","9.024","8.160","1.73M","-0.22%"
"10/11/2022","8.650","9.072","9.120","8.448","1.75M","-2.17%"
"10/10/2022","8.842","8.832","9.216","8.736","1.08M","0.99%"
"10/09/2022","8.755","9.226","9.398","8.688","754.00K","-5.79%"
"10/05/2022","9.293","9.494","9.571","9.024","1.07M","-2.12%"
"10/04/2022","9.494","9.504","9.802","9.408","1.85M","2.27%"
"10/03/2022","9.283","9.379","9.888","9.216","1.97M","-1.02%"
"10/02/2022","9.379","10.157","10.157","9.226","1.38M","-6.15%"
"09/29/2022","9.994","10.752","10.963","9.792","3.71M","-6.89%"
"09/28/2022","10.733","11.126","11.136","10.637","1.42M","-1.93%"
"09/27/2022","10.944","10.579","11.328","10.579","3.87M","3.92%"
"09/26/2022","10.531","10.291","10.800","10.195","1.69M","2.33%"
"09/25/2022","10.291","10.560","10.656","10.195","1.47M","-1.29%"
"09/22/2022","10.426","10.627","10.915","10.358","2.80M","-2.51%"
"09/21/2022","10.694","11.059","11.232","10.618","1.33M","-3.13%"
"09/20/2022","11.040","10.368","11.424","10.282","5.88M","7.37%"
"09/19/2022","10.282","9.984","10.320","9.658","4.00M","3.28%"
"09/18/2022","9.955","10.483","11.088","9.600","4.19M","-4.86%"
"09/15/2022","10.464","10.848","10.848","10.282","4.11M","-2.51%"
"09/14/2022","10.733","9.360","10.848","9.341","5.55M","12.25%"
"09/13/2022","9.562","9.216","9.562","9.139","2.72M","4.08%"
"09/12/2022","9.187","9.206","9.437","8.928","2.77M","0.32%"
"09/11/2022","9.158","9.427","9.590","9.072","1.75M","-2.46%"
"09/08/2022","9.389","9.379","9.782","9.149","2.71M","-0.81%"
"09/07/2022","9.466","9.600","9.773","9.005","5.10M","0.72%"
"09/06/2022","9.398","8.784","9.533","8.640","4.80M","10.12%"
"09/05/2022","8.534","8.909","8.909","8.467","2.46M","0.67%"
"09/04/2022","8.477","8.957","9.216","8.477","4.37M","-6.66%"
"09/01/2022","9.082","9.389","9.408","8.554","2.90M","-1.25%"
"08/31/2022","9.197","9.600","9.994","9.043","3.82M","-4.49%"
"08/30/2022","9.629","10.080","10.128","9.418","2.80M","-2.90%"
"08/29/2022","9.917","9.302","10.272","9.120","6.35M","9.90%"
"08/28/2022","9.024","8.333","9.024","8.102","5.03M","9.05%"
"08/25/2022","8.275","8.611","8.650","8.208","2.98M","-0.80%"
"08/24/2022","8.342","8.304","8.880","8.016","4.52M","0.69%"
"08/23/2022","8.285","8.726","9.072","8.227","5.61M","-3.14%"
"08/22/2022","8.554","7.939","8.554","7.939","4.81M","6.84%"
"08/21/2022","8.006","8.064","8.352","7.930","3.07M","0.84%"
"08/18/2022","7.939","7.805","8.390","7.680","5.59M","1.72%"
"08/17/2022","7.805","8.438","8.438","7.690","1.53M","-5.35%"
"08/16/2022","8.246","8.755","8.918","8.160","997.80K","-3.06%"
"08/15/2022","8.506","7.699","8.774","7.651","2.88M","5.86%"
"08/14/2022","8.035","8.534","8.918","7.882","2.31M","-0.24%"
"08/11/2022","8.054","7.315","8.189","7.219","1.80M","14.14%"
"08/10/2022","7.056","6.720","7.181","6.614","1.82M","6.83%"
"08/09/2022","6.605","6.624","7.094","6.547","2.75M","0.29%"
"08/08/2022","6.586","6.019","7.008","6.019","992.20K","12.47%"
"08/07/2022","5.856","4.954","5.856","4.954","2.20M","19.85%"
"08/04/2022","4.886","4.742","4.963","4.704","830.84K","3.45%"
"08/03/2022","4.723","4.579","4.906","4.560","1.21M","4.24%"
"08/02/2022","4.531","4.570","4.646","4.416","611.57K","-1.05%"
"08/01/2022","4.579","4.704","4.781","4.454","417.25K","-1.65%"
"07/31/2022","4.656","4.704","4.790","4.637","236.47K","0.00%"
"07/28/2022","4.656","4.771","4.790","4.608","602.41K","0.41%"
"07/27/2022","4.637","4.426","4.800","4.339","1.21M","4.11%"
"07/26/2022","4.454","4.512","4.598","4.416","235.38K","-0.22%"
"07/25/2022","4.464","4.416","4.675","4.378","374.69K","-0.42%"
"07/24/2022","4.483","4.541","4.704","4.445","328.43K","-3.92%"
"07/21/2022","4.666","4.704","4.781","4.608","925.44K","-1.21%"
"07/20/2022","4.723","4.723","4.848","4.627","964.71K","1.22%"
"07/19/2022","4.666","4.474","4.733","4.426","1.07M","5.21%"
"07/18/2022","4.435","4.301","4.522","4.262","815.09K","3.36%"
"07/17/2022","4.291","4.128","4.406","4.128","1.19M","-3.66%"
"07/07/2022","4.454","4.195","4.512","4.176","1.18M","7.90%"
"07/06/2022","4.128","4.128","4.195","4.051","238.93K","0.71%"
"07/05/2022","4.099","4.128","4.253","3.974","704.18K","1.41%"
"07/04/2022","4.042","3.763","4.090","3.763","2.01M","8.80%"
"07/03/2022","3.715","3.792","3.821","3.696","342.11K","-1.54%"
"06/29/2022","3.773","3.840","3.907","3.725","625.12K","-1.26%"
"06/28/2022","3.821","3.850","3.917","3.706","585.65K","0.26%"
"06/27/2022","3.811","3.782","3.859","3.696","1.31M","2.58%"
"06/26/2022","3.715","3.744","3.878","3.696","1.46M","1.03%"
"06/23/2022","3.677","3.744","3.802","3.658","1.42M","-2.05%"
"06/22/2022","3.754","3.869","3.878","3.734","927.39K","-2.24%"
"06/21/2022","3.840","3.878","3.984","3.821","949.93K","0.26%"
"06/20/2022","3.830","3.965","4.003","3.782","916.64K","-2.22%"
"06/19/2022","3.917","3.936","4.003","3.782","2.28M","-0.48%"
"06/16/2022","3.936","3.946","4.080","3.734","3.78M","-1.67%"
"06/15/2022","4.003","4.051","4.138","3.840","1.86M","0.23%"
"06/14/2022","3.994","3.696","4.042","3.667","1.98M","8.06%"
"06/13/2022","3.696","3.648","3.907","3.648","1.42M","0.52%"
"06/12/2022","3.677","3.571","3.725","3.562","1.18M","0.52%"
"06/09/2022","3.658","3.686","3.792","3.581","1.18M","0.55%"
"06/08/2022","3.638","3.360","3.744","3.341","2.81M","9.22%"
"06/07/2022","3.331","3.245","3.418","3.187","1.63M","4.52%"
"06/06/2022","3.187","3.120","3.226","3.091","375.46K","3.11%"
"06/05/2022","3.091","3.187","3.197","3.062","190.99K","0.62%"
"06/02/2022","3.072","3.082","3.120","3.043","449.74K","1.25%"
"06/01/2022","3.034","3.072","3.197","3.024","404.68K","-2.16%"
"05/31/2022","3.101","3.139","3.206","3.082","115.95K","-2.70%"
"05/30/2022","3.187","3.254","3.293","3.168","559.18K","0.28%"
"05/29/2022","3.178","3.101","3.322","3.091","886.70K","3.11%"
"05/26/2022","3.082","2.976","3.168","2.976","670.76K","5.95%"
"05/25/2022","2.909","3.091","3.091","2.880","186.51K","-6.46%"
"05/24/2022","3.110","3.139","3.187","3.072","409.09K","-0.92%"
"05/23/2022","3.139","3.226","3.283","3.110","472.33K","-2.09%"
"05/22/2022","3.206","3.264","3.350","3.149","757.55K","1.52%"
"05/19/2022","3.158","3.139","3.350","3.101","1.29M","-0.63%"
"05/18/2022","3.178","2.976","3.216","2.880","1.19M","8.91%"
"05/17/2022","2.918","2.976","3.005","2.899","173.29K","0.66%"
"05/16/2022","2.899","2.794","2.966","2.746","221.05K","3.76%"
"05/15/2022","2.794","2.842","2.880","2.784","120.81K","-2.34%"
"05/12/2022","2.861","2.938","2.966","2.832","140.79K","-4.19%"
"05/11/2022","2.986","2.976","2.995","2.928","163.82K","0.34%"
"05/10/2022","2.976","3.072","3.091","2.957","170.26K","-1.59%"
"05/09/2022","3.024","3.082","3.168","3.014","770.11K","-1.24%"
"05/08/2022","3.062","2.890","3.101","2.880","1.35M","3.90%"
"04/28/2022","2.947","2.880","2.986","2.832","401.48K","2.33%"
"04/27/2022","2.880","2.640","2.966","2.592","606.02K","9.51%"
"04/26/2022","2.630","2.688","2.717","2.582","133.92K","0.00%"
"04/21/2022","2.630","2.573","2.678","2.506","178.44K","6.18%"
"04/20/2022","2.477","2.448","2.582","2.448","43.69K","0.00%"
"04/19/2022","2.477","2.496","2.506","2.218","279.08K","-0.76%"
"04/18/2022","2.496","2.486","2.563","2.429","121.90K","-14.46%"
"04/17/2022","2.918","2.918","2.659","2.496","116.22K","0.00%"
"04/14/2022","2.918","2.582","2.688","2.582","50.90K","0.00%"
"04/13/2022","2.918","2.688","2.746","2.630","6.84K","0.00%"
"04/12/2022","2.918","2.611","2.698","2.602","17.88K","0.00%"
"04/11/2022","2.918","2.736","2.736","2.544","97.61K","0.00%"
"04/10/2022","2.918","2.621","2.784","2.592","68.43K","0.00%"
"04/07/2022","2.918","2.822","2.832","2.496","87.89K","0.00%"
"04/06/2022","2.918","2.880","2.880","2.832","75.74K","0.00%"
"04/05/2022","2.918","2.880","2.909","2.851","42.10K","0.00%"
"04/04/2022","2.918","2.803","2.976","2.803","43.21K","0.00%"
"04/03/2022","2.918","2.880","2.880","2.774","48.10K","0.00%"
"03/31/2022","2.918","2.765","2.880","2.755","64.41K","0.00%"
"03/30/2022","2.918","2.870","2.880","2.746","25.70K","0.00%"
"03/29/2022","2.918","2.726","2.832","2.726","26.76K","0.00%"
"03/28/2022","2.918","2.832","2.832","2.736","79.32K","0.00%"
"03/27/2022","2.918","2.890","2.899","2.861","82.33K","0.00%"
"03/24/2022","2.918","2.976","2.976","2.890","185.13K","-1.95%"
"03/23/2022","2.976","2.976","2.995","2.832","349.98K","3.33%"
"03/22/2022","2.880","2.966","2.976","2.842","294.22K","1.02%"
"03/21/2022","2.851","2.803","2.957","2.784","312.81K","4.93%"
"03/20/2022","2.717","2.755","2.822","2.746","72.98K","0.00%"
"03/17/2022","2.717","2.832","2.880","2.717","82.31K","0.00%"
"03/16/2022","2.717","2.688","2.832","2.688","33.84K","0.00%"
"03/15/2022","2.717","2.784","2.784","2.698","51.96K","0.00%"
"03/14/2022","2.717","2.736","2.813","2.717","21.48K","0.00%"
"03/13/2022","2.717","2.794","2.851","2.736","93.40K","0.00%"
"03/10/2022","2.717","2.746","2.794","2.650","79.66K","0.00%"
"03/09/2022","2.717","2.717","2.832","2.717","75.47K","0.00%"
"03/08/2022","2.717","2.678","2.755","2.678","16.24K","0.00%"
"03/07/2022","2.717","2.707","2.813","2.678","20.81K","0.00%"
"03/06/2022","2.717","2.698","2.774","2.698","14.69K","0.00%"
"03/03/2022","2.717","2.755","2.813","2.698","163.42K","-0.33%"
"03/02/2022","2.726","2.640","2.784","2.640","131.51K","1.04%"
"03/01/2022","2.698","2.640","2.698","2.640","166.17K","2.94%"
"02/28/2022","2.621","2.726","2.726","2.592","162.77K","0.73%"
"02/27/2022","2.602","2.669","2.717","2.650","87.15K","0.00%"
"02/24/2022","2.602","2.688","2.688","2.515","174.76K","-8.12%"
"02/23/2022","2.832","2.832","2.957","2.822","116.67K","-1.01%"
"02/22/2022","2.861","2.842","2.842","2.765","48.93K","0.00%"
"02/21/2022","2.861","2.880","2.909","2.842","29.61K","0.00%"
"02/20/2022","2.861","2.861","2.909","2.832","49.75K","0.00%"
"02/17/2022","2.861","2.861","2.870","2.784","80.24K","0.00%"
"02/16/2022","2.861","2.976","2.976","2.851","544.60K","-0.66%"
"02/15/2022","2.880","2.890","2.986","2.880","79.15K","0.00%"
"02/14/2022","2.880","2.851","2.957","2.803","123.97K","1.02%"
"02/13/2022","2.851","3.082","3.149","2.822","226.80K","-7.76%"
"02/10/2022","3.091","3.187","3.206","3.072","108.49K","-3.01%"
"02/09/2022","3.187","3.216","3.274","3.130","62.01K","0.00%"
"02/08/2022","3.187","3.168","3.235","3.168","51.01K","0.00%"
"02/07/2022","3.187","3.245","3.254","3.178","102.66K","2.15%"
"02/06/2022","3.120","3.206","3.264","3.178","59.74K","0.00%"
"02/03/2022","3.120","3.274","3.283","3.120","52.85K","0.00%"
"02/02/2022","3.120","3.235","3.283","3.178","38.53K","0.00%"
"02/01/2022","3.120","3.235","3.254","3.139","80.22K","0.00%"
"01/31/2022","3.120","3.053","3.197","3.043","59.01K","0.00%"
"01/30/2022","3.120","3.082","3.235","3.043","45.17K","0.00%"
"01/26/2022","3.120","3.072","3.168","3.034","95.31K","0.00%"
"01/25/2022","3.120","3.082","3.187","3.082","36.70K","0.00%"
"01/24/2022","3.120","3.216","3.216","3.043","189.03K","-3.55%"
"01/23/2022","3.235","3.312","3.312","3.197","117.32K","-2.62%"
"01/20/2022","3.322","3.341","3.427","3.283","143.94K","-2.24%"
"01/19/2022","3.398","3.446","3.475","3.360","89.02K","-1.39%"
"01/18/2022","3.446","3.350","3.456","3.312","180.86K","3.73%"
"01/17/2022","3.322","3.274","3.350","3.274","107.73K","1.47%"
"01/16/2022","3.274","3.456","3.456","3.187","140.26K","-3.39%"
"01/13/2022","3.389","3.427","3.504","3.389","127.83K","-1.94%"
"01/12/2022","3.456","3.552","3.610","3.446","187.05K","-1.90%"
"01/11/2022","3.523","3.552","3.610","3.494","320.17K","-0.28%"
"01/10/2022","3.533","3.523","3.610","3.504","372.76K","1.67%"
"01/09/2022","3.475","3.475","3.504","3.437","82.52K","0.00%"
"01/05/2022","3.475","3.523","3.542","3.456","280.00K","-0.83%"
"01/04/2022","3.504","3.466","3.542","3.446","448.50K","2.52%"
"01/03/2022","3.418","3.437","3.485","3.389","271.90K","1.15%"
"01/02/2022","3.379","3.389","3.456","3.360","657.34K","1.72%"
"12/30/2021","3.322","3.379","3.379","3.293","61.01K","0.00%"
"12/29/2021","3.322","3.350","3.398","3.302","150.04K","0.00%"
"12/28/2021","3.322","3.302","3.350","3.283","43.89K","0.00%"
"12/27/2021","3.322","3.322","3.360","3.293","151.84K","-0.57%"
"12/26/2021","3.341","3.398","3.446","3.331","294.63K","-0.27%"
"12/23/2021","3.350","3.427","3.427","3.341","181.52K","-0.59%"
"12/22/2021","3.370","3.341","3.427","3.341","315.83K","1.75%"
"12/21/2021","3.312","3.206","3.341","3.168","183.08K","1.78%"
"12/20/2021","3.254","3.245","3.274","3.168","141.70K","0.00%"
"12/19/2021","3.254","3.312","3.360","3.235","333.11K","-0.88%"
"12/16/2021","3.283","3.264","3.341","3.254","171.33K","0.58%"
"12/15/2021","3.264","3.254","3.389","3.254","183.80K","-1.45%"
"12/14/2021","3.312","3.312","3.322","3.226","62.60K","0.00%"
"12/13/2021","3.312","3.398","3.398","3.293","102.35K","-0.87%"
"12/12/2021","3.341","3.312","3.456","3.274","280.37K","0.88%"
"12/09/2021","3.312","3.360","3.360","3.264","217.20K","-0.57%"
"12/08/2021","3.331","3.264","3.389","3.197","338.60K","0.88%"
"12/07/2021","3.302","3.542","3.552","3.274","321.72K","-4.98%"
"12/06/2021","3.475","3.466","3.629","3.264","792.63K","2.54%"
"12/05/2021","3.389","3.398","3.427","3.312","302.96K","0.86%"
"12/02/2021","3.360","3.485","3.514","3.341","404.97K","-2.50%"
"12/01/2021","3.446","3.235","3.485","3.235","1.23M","7.79%"
"11/30/2021","3.197","3.187","3.264","3.139","466.58K","2.47%"
"11/29/2021","3.120","3.043","3.197","3.043","553.85K","2.53%"
"11/28/2021","3.043","2.957","3.091","2.899","247.13K","-1.87%"
"11/25/2021","3.101","2.976","3.110","2.976","316.03K","5.23%"
"11/24/2021","2.947","2.928","3.053","2.918","124.69K","0.65%"
"11/23/2021","2.928","3.014","3.014","2.890","175.58K","0.34%"
"11/22/2021","2.918","2.813","2.966","2.784","201.02K","2.67%"
"11/21/2021","2.842","2.928","2.947","2.803","316.96K","-4.50%"
"11/18/2021","2.976","3.072","3.139","2.938","255.32K","-1.59%"
"11/17/2021","3.024","3.043","3.110","2.909","233.94K","0.97%"
"11/16/2021","2.995","3.072","3.158","2.976","193.29K","-3.11%"
"11/15/2021","3.091","3.235","3.235","3.043","340.04K","-0.93%"
"11/14/2021","3.120","3.120","3.216","2.995","457.82K","0.32%"
"11/11/2021","3.110","3.110","3.139","3.024","241.79K","4.15%"
"11/10/2021","2.986","3.120","3.130","2.880","395.23K","-3.11%"
"11/09/2021","3.082","3.101","3.235","3.062","772.99K","0.95%"
"11/08/2021","3.053","2.947","3.091","2.918","336.46K","1.94%"
"11/07/2021","2.995","3.139","3.139","2.861","210.32K","1.29%"
"11/04/2021","2.957","2.880","2.995","2.784","262.47K","0.34%"
"11/03/2021","2.947","3.110","3.197","2.928","277.81K","-7.53%"
"11/02/2021","3.187","3.341","3.360","3.168","244.47K","-1.48%"
"11/01/2021","3.235","3.072","3.350","3.053","674.64K","7.65%"
"10/31/2021","3.005","3.120","3.120","2.803","175.50K","-3.99%"
"10/28/2021","3.130","3.072","3.158","2.947","186.30K","3.85%"
"10/27/2021","3.014","2.880","3.072","2.467","287.57K","4.65%"
"10/26/2021","2.880","3.379","3.418","2.842","622.94K","-12.78%"
"10/25/2021","3.302","3.533","3.533","3.178","237.31K","-8.53%"
"10/24/2021","3.610","3.648","3.706","3.504","283.40K","5.93%"
"10/20/2021","3.408","3.744","3.830","3.082","530.43K","-9.22%"
"10/19/2021","3.754","3.974","4.051","3.648","158.62K","-5.54%"
"10/18/2021","3.974","3.994","4.032","3.946","99.41K","0.23%"
"10/17/2021","3.965","4.032","4.070","3.955","194.10K","-0.95%"
"10/14/2021","4.003","4.099","4.099","3.994","119.49K","-0.72%"
"10/13/2021","4.032","4.109","4.109","4.022","134.34K","-0.25%"
"10/12/2021","4.042","4.147","4.157","4.042","78.10K","0.00%"
"10/11/2021","4.042","4.147","4.205","4.032","223.02K","-1.39%"
"10/10/2021","4.099","3.974","4.147","3.974","187.26K","3.15%"
"10/06/2021","3.974","4.061","4.061","3.936","127.17K","-1.90%"
"10/05/2021","4.051","4.042","4.099","3.994","55.80K","0.00%"
"10/04/2021","4.051","4.061","4.128","4.032","102.77K","-0.25%"
"10/03/2021","4.061","4.157","4.166","4.032","71.56K","0.00%"
"09/30/2021","4.061","4.051","4.224","4.032","221.35K","-0.93%"
"09/29/2021","4.099","4.032","4.186","4.003","286.57K","2.40%"
"09/28/2021","4.003","4.128","4.128","3.936","317.16K","-3.47%"
"09/27/2021","4.147","4.282","4.358","4.090","427.18K","-3.58%"
"09/26/2021","4.301","4.464","4.512","4.253","449.56K","-2.18%"
"09/23/2021","4.397","4.416","4.426","4.272","340.35K","2.02%"
"09/22/2021","4.310","4.368","4.368","4.224","121.79K","2.28%"
"09/21/2021","4.214","4.368","4.387","4.061","346.85K","-2.88%"
"09/20/2021","4.339","4.368","4.627","4.224","623.93K","-1.52%"
"09/19/2021","4.406","4.723","4.781","4.234","311.23K","-6.53%"
"09/16/2021","4.714","4.723","4.848","4.694","181.95K","0.21%"
"09/15/2021","4.704","4.800","4.934","4.685","438.33K","-2.20%"
"09/14/2021","4.810","5.021","5.098","4.733","430.54K","-2.14%"
"09/13/2021","4.915","4.944","5.059","4.848","776.16K","1.78%"
"09/12/2021","4.829","4.694","4.954","4.512","1.39M","5.23%"
"09/09/2021","4.589","4.618","4.819","4.560","346.61K","-1.04%"
"09/08/2021","4.637","4.666","4.781","4.618","287.32K","0.22%"
"09/07/2021","4.627","4.752","4.800","4.522","347.58K","0.83%"
"09/06/2021","4.589","4.973","4.982","4.512","557.94K","-7.89%"
"09/05/2021","4.982","5.280","5.357","4.944","577.71K","-4.78%"
"09/02/2021","5.232","5.242","5.280","5.155","678.50K","0.93%"
"09/01/2021","5.184","5.117","5.290","5.098","375.35K","1.31%"
"08/31/2021","5.117","5.155","5.213","5.040","410.86K","-0.93%"
"08/30/2021","5.165","5.318","5.328","5.069","1.03M","-2.18%"
"08/29/2021","5.280","5.357","5.405","5.126","442.12K","0.00%"
"08/26/2021","5.280","5.338","5.568","5.098","1.03M","0.36%"
"08/25/2021","5.261","5.386","5.462","5.107","1.50M","-3.52%"
"08/24/2021","5.453","5.664","5.664","5.203","2.05M","-2.57%"
"08/23/2021","5.597","5.357","5.741","5.357","4.07M","6.77%"
"08/22/2021","5.242","4.992","5.366","4.915","3.64M","5.01%"
"08/19/2021","4.992","5.107","5.136","4.906","1.18M","-1.69%"
"08/18/2021","5.078","4.944","5.184","4.877","3.28M","2.71%"
"08/17/2021","4.944","4.944","5.021","4.867","1.03M","1.58%"
"08/16/2021","4.867","4.877","4.925","4.771","692.26K","-0.59%"
"08/15/2021","4.896","4.800","4.982","4.790","923.85K","3.25%"
"08/11/2021","4.742","4.858","4.867","4.646","326.69K","-1.98%"
"08/10/2021","4.838","4.656","4.944","4.656","804.01K","2.63%"
"08/09/2021","4.714","4.810","4.877","4.618","332.62K","-1.40%"
"08/08/2021","4.781","4.762","4.896","4.675","486.02K","1.85%"
"08/05/2021","4.694","4.752","4.781","4.656","208.86K","0.00%"
"08/04/2021","4.694","4.512","4.848","4.474","615.52K","1.03%"
"08/03/2021","4.646","4.752","4.800","4.426","894.75K","-4.54%"
"08/02/2021","4.867","4.973","5.011","4.762","729.81K","-2.31%"
"08/01/2021","4.982","4.896","5.059","4.896","956.97K","0.00%"
"07/29/2021","4.982","4.992","5.117","4.886","2.01M","1.96%"
"07/28/2021","4.886","4.886","4.982","4.723","2.39M","-0.79%"
"07/27/2021","4.925","5.021","5.088","4.800","2.43M","-3.20%"
"07/26/2021","5.088","5.280","5.280","4.954","1.50M","-2.57%"
"07/25/2021","5.222","5.213","5.318","5.136","1.28M","-0.38%"
"07/18/2021","5.242","5.366","5.376","5.117","1.11M","-2.84%"
"07/15/2021","5.395","5.568","5.606","5.280","1.48M","-1.75%"
"07/14/2021","5.491","5.318","5.606","5.318","2.28M","3.25%"
"07/13/2021","5.318","5.261","5.386","5.242","1.18M","1.64%"
"07/12/2021","5.232","5.117","5.347","5.117","1.68M","1.12%"
"07/11/2021","5.174","5.424","5.424","5.050","1.26M","-3.58%"
"07/08/2021","5.366","5.491","5.597","5.242","1.46M","-4.13%"
"07/07/2021","5.597","5.558","5.741","5.434","1.52M","0.70%"
"07/06/2021","5.558","5.587","5.664","5.405","1.57M","-5.56%"
"07/05/2021","5.885","5.990","6.106","5.712","2.69M","1.15%"
"07/04/2021","5.818","5.654","6.000","5.606","2.28M","4.13%"
"06/30/2021","5.587","5.472","5.722","5.357","2.69M","4.66%"
"06/29/2021","5.338","5.338","5.510","5.107","1.57M","-3.12%"
"06/28/2021","5.510","5.664","5.693","5.318","2.53M","1.23%"
"06/27/2021","5.443","5.184","5.616","5.174","4.41M","6.58%"
"06/24/2021","5.107","5.107","5.203","4.992","1.01M","0.75%"
"06/23/2021","5.069","5.194","5.261","4.963","989.18K","-2.76%"
"06/22/2021","5.213","5.136","5.376","5.059","2.03M","1.88%"
"06/21/2021","5.117","5.184","5.280","4.992","1.65M","-1.84%"
"06/20/2021","5.213","5.290","5.443","5.088","2.31M","-3.03%"
"06/17/2021","5.376","5.443","5.654","5.184","2.56M","4.47%"
"06/16/2021","5.146","4.906","5.280","4.848","3.65M","7.21%"
"06/15/2021","4.800","4.579","4.944","4.579","2.86M","5.03%"
"06/14/2021","4.570","4.637","4.704","4.464","366.99K","-3.44%"
"06/13/2021","4.733","4.637","4.934","4.483","1.22M","0.83%"
"06/10/2021","4.694","4.858","4.867","4.560","1.13M","-2.80%"
"06/09/2021","4.829","4.810","4.963","4.704","1.33M","-1.17%"
"06/08/2021","4.886","5.078","5.088","4.781","1.10M","-6.09%"
"06/07/2021","5.203","5.366","5.424","4.973","1.94M","-0.19%"
"06/06/2021","5.213","5.040","5.347","4.934","3.11M","5.04%"
"06/03/2021","4.963","4.877","5.165","4.800","2.33M","-2.65%"
"06/02/2021","5.098","5.222","5.376","4.771","4.96M","1.92%"
"06/01/2021","5.002","4.790","5.155","4.771","4.98M","6.56%"
"05/31/2021","4.694","4.800","4.867","4.368","4.66M","6.06%"
"05/30/2021","4.426","4.128","4.502","4.128","1.20M","7.98%"
"05/27/2021","4.099","4.051","4.176","4.032","264.51K","-0.46%"
"05/26/2021","4.118","4.061","4.214","4.032","574.79K","1.65%"
"05/25/2021","4.051","4.128","4.195","3.898","772.89K","-5.59%"
"05/24/2021","4.291","4.454","4.493","4.042","1.26M","-1.33%"
"05/23/2021","4.349","4.051","4.406","4.051","1.84M","8.37%"
"05/20/2021","4.013","4.022","4.061","3.955","115.69K","-1.40%"
"05/19/2021","4.070","4.128","4.195","3.898","336.23K","0.47%"
"05/18/2021","4.051","4.061","4.128","3.984","330.36K","1.68%"
"05/17/2021","3.984","3.994","4.080","3.850","297.07K","-0.94%"
"05/11/2021","4.022","4.022","4.195","3.936","211.27K","1.44%"
"05/10/2021","3.965","3.907","4.032","3.907","193.38K","-1.42%"
"05/09/2021","4.022","4.070","4.147","3.955","111.38K","-1.18%"
"05/06/2021","4.070","4.061","4.128","3.994","264.72K","-2.30%"
"05/05/2021","4.166","4.176","4.253","4.109","834.00K","2.36%"
"05/04/2021","4.070","4.262","4.262","3.936","324.79K","0.69%"
"04/28/2021","4.042","3.994","4.128","3.936","182.08K","-3.21%"
"04/27/2021","4.176","4.224","4.301","4.061","190.48K","-1.58%"
"04/26/2021","4.243","4.406","4.416","4.032","601.34K","3.74%"
"04/25/2021","4.090","4.022","4.128","3.926","321.77K","8.95%"
"04/22/2021","3.754","3.456","3.850","3.456","405.02K","7.13%"
"04/21/2021","3.504","3.408","3.552","3.360","195.57K","1.95%"
"04/20/2021","3.437","3.408","3.485","3.370","96.46K","3.77%"
"04/19/2021","3.312","3.206","3.427","3.206","103.16K","5.18%"
"04/18/2021","3.149","3.168","3.254","3.168","12.50K","0.00%"
"04/15/2021","3.149","3.245","3.245","3.034","37.71K","0.93%"
"04/14/2021","3.120","3.274","3.350","3.034","85.55K","-6.87%"
"04/13/2021","3.350","3.475","3.475","3.274","79.60K","-3.60%"
"04/12/2021","3.475","3.446","3.552","3.331","135.78K","3.42%"
"04/11/2021","3.360","3.360","3.475","3.331","72.98K","2.03%"
"04/08/2021","3.293","3.264","3.360","3.178","95.65K","5.21%"
"04/07/2021","3.130","3.082","3.302","3.024","103.14K","-1.79%"
"04/06/2021","3.187","3.130","3.370","2.995","81.23K","-2.92%"
"04/05/2021","3.283","3.360","3.437","3.226","336.61K","-8.32%"
"04/04/2021","3.581","3.667","3.667","3.475","98.75K","-2.10%"
"04/01/2021","3.658","3.648","3.744","3.552","203.52K","5.54%"
"03/31/2021","3.466","3.312","3.648","3.168","357.17K","2.00%"
"03/30/2021","3.398","3.408","3.466","3.312","156.64K","3.19%"
"03/29/2021","3.293","3.187","3.408","3.139","224.99K","5.21%"
"03/28/2021","3.130","2.966","3.206","2.966","141.26K","5.85%"
"03/25/2021","2.957","2.736","3.130","2.688","410.68K","0.65%"
"03/24/2021","2.938","3.110","3.110","2.765","174.65K","-1.28%"
"03/23/2021","2.976","3.082","3.149","2.928","635.53K","-8.29%"
"03/22/2021","3.245","3.379","3.389","3.206","209.81K","-8.90%"
"03/21/2021","3.562","3.648","3.696","3.437","84.12K","-3.89%"
"03/18/2021","3.706","3.696","3.792","3.562","165.11K","-2.27%"
"03/17/2021","3.792","3.792","3.898","3.715","56.81K","1.28%"
"03/16/2021","3.744","3.744","3.878","3.686","149.67K","-6.02%"
"03/15/2021","3.984","3.936","4.166","3.677","615.63K","-1.65%"
"03/14/2021","4.051","4.042","4.128","3.955","237.47K","-1.87%"
"03/11/2021","4.128","4.128","4.243","4.051","301.58K","-0.91%"
"03/10/2021","4.166","4.166","4.224","4.099","250.40K","-1.61%"
"03/09/2021","4.234","4.339","4.378","4.147","268.54K","-3.07%"
"03/08/2021","4.368","4.291","4.541","4.272","419.52K","0.00%"
"03/07/2021","4.368","4.349","4.454","4.234","241.24K","2.70%"
"03/04/2021","4.253","4.205","4.397","4.195","396.31K","-1.32%"
"03/03/2021","4.310","4.493","4.598","4.166","623.44K","-6.85%"
"03/02/2021","4.627","4.608","4.742","4.464","1.04M","1.05%"
"03/01/2021","4.579","4.406","4.675","4.406","1.32M","4.83%"
"02/28/2021","4.368","4.224","4.483","4.224","850.02K","2.95%"
"02/25/2021","4.243","4.272","4.349","4.214","406.28K","0.21%"
"02/24/2021","4.234","4.243","4.358","4.138","487.10K","-3.07%"
"02/23/2021","4.368","4.474","4.512","4.253","462.41K","-3.81%"
"02/22/2021","4.541","4.560","4.618","4.474","477.01K","-1.24%"
"02/21/2021","4.598","4.704","4.704","4.531","372.31K","0.00%"
"02/18/2021","4.598","4.493","4.704","4.493","666.97K","0.41%"
"02/17/2021","4.579","4.646","4.704","4.474","730.02K","-3.64%"
"02/16/2021","4.752","4.886","4.934","4.579","1.17M","-3.51%"
"02/15/2021","4.925","5.030","5.069","4.752","1.42M","-1.72%"
"02/14/2021","5.011","4.800","5.184","4.800","3.35M","5.03%"
"02/11/2021","4.771","4.656","4.877","4.618","1.28M","3.76%"
"02/10/2021","4.598","4.560","4.704","4.522","255.82K","0.20%"
"02/09/2021","4.589","4.512","4.723","4.493","507.30K","0.22%"
"02/08/2021","4.579","4.781","4.781","4.416","644.29K","-5.18%"
"02/07/2021","4.829","4.906","4.944","4.618","885.57K","0.21%"
"02/04/2021","4.819","4.704","4.906","4.646","2.23M","4.58%"
"02/03/2021","4.608","4.426","4.733","4.406","1.59M","4.11%"
"02/02/2021","4.426","4.454","4.502","4.368","233.70K","0.66%"
"02/01/2021","4.397","4.416","4.445","4.320","316.18K","0.89%"
"01/31/2021","4.358","4.176","4.464","4.176","579.60K","3.17%"
"01/27/2021","4.224","4.224","4.301","4.176","199.41K","1.39%"
"01/26/2021","4.166","4.176","4.224","4.128","272.27K","-1.37%"
"01/25/2021","4.224","4.320","4.320","4.176","139.08K","-0.89%"
"01/24/2021","4.262","4.272","4.320","4.195","178.22K","-0.23%"
"01/21/2021","4.272","4.320","4.387","4.205","128.00K","-1.34%"
"01/20/2021","4.330","4.291","4.397","4.243","709.00K","2.75%"
"01/19/2021","4.214","4.301","4.301","4.176","106.68K","-0.68%"
"01/18/2021","4.243","4.195","4.310","4.147","449.11K","1.36%"
"01/17/2021","4.186","4.186","4.224","4.157","190.55K","-0.21%"
"01/14/2021","4.195","4.138","4.272","4.128","173.41K","0.45%"
"01/13/2021","4.176","4.243","4.243","4.128","203.71K","-2.68%"
"01/12/2021","4.291","4.214","4.368","4.176","478.13K","2.51%"
"01/11/2021","4.186","4.128","4.243","4.080","295.18K","1.16%"
"01/10/2021","4.138","4.138","4.214","4.032","158.40K","0.71%"
"01/06/2021","4.109","4.013","4.195","3.984","299.01K","3.40%"
"01/05/2021","3.974","3.850","4.032","3.840","122.30K","2.48%"
"01/04/2021","3.878","3.946","3.946","3.840","62.91K","-1.95%"
"01/03/2021","3.955","3.946","4.013","3.917","58.95K","0.74%"
"12/31/2020","3.926","3.936","4.003","3.840","153.24K","-1.70%"
"12/30/2020","3.994","4.032","4.080","3.907","181.19K","0.25%"
"12/29/2020","3.984","3.888","4.070","3.888","371.91K","2.47%"
"12/28/2020","3.888","3.936","3.936","3.821","63.58K","0.75%"
"12/27/2020","3.859","3.878","4.032","3.686","113.14K","-3.84%"
"12/24/2020","4.013","4.109","4.109","3.926","113.63K","0.00%"
"12/23/2020","4.013","3.878","4.099","3.878","256.33K","7.18%"
"12/22/2020","3.744","3.581","3.830","3.581","212.90K","-5.79%"
"12/21/2020","3.974","4.138","4.138","3.946","194.64K","-9.23%"
"12/20/2020","4.378","4.368","4.416","4.330","48.99K","-0.21%"
"12/17/2020","4.387","4.339","4.493","4.291","130.78K","-0.23%"
"12/16/2020","4.397","4.426","4.474","4.320","210.43K","-1.28%"
"12/15/2020","4.454","4.512","4.608","4.406","252.26K","-0.65%"
"12/14/2020","4.483","4.550","4.646","4.416","1.66M","0.85%"
"12/13/2020","4.445","4.512","4.570","4.368","320.76K","0.66%"
"12/10/2020","4.416","4.464","4.541","4.339","348.75K","-2.95%"
"12/09/2020","4.550","4.666","4.675","4.435","474.00K","-3.87%"
"12/08/2020","4.733","4.742","4.838","4.656","390.78K","-0.61%"
"12/07/2020","4.762","4.790","4.848","4.704","756.38K","0.83%"
"12/06/2020","4.723","4.733","4.800","4.656","424.54K","1.85%"
"12/03/2020","4.637","4.618","4.723","4.608","241.78K","-0.81%"
"12/02/2020","4.675","4.781","4.800","4.560","605.47K","-1.83%"
"12/01/2020","4.762","4.896","4.896","4.646","697.42K","-3.11%"
"11/30/2020","4.915","4.944","5.059","4.800","1.24M","0.39%"
"11/29/2020","4.896","4.781","5.011","4.704","2.10M","3.03%"
"11/26/2020","4.752","4.742","4.896","4.618","1.43M","1.84%"
"11/25/2020","4.666","4.704","4.771","4.589","734.57K","0.21%"
"11/24/2020","4.656","4.685","4.771","4.541","1.04M","0.82%"
"11/23/2020","4.618","4.589","4.742","4.550","801.96K","1.05%"
"11/22/2020","4.570","4.560","4.752","4.416","1.91M","-2.45%"
"11/19/2020","4.685","4.867","4.963","4.512","1.49M","-2.19%"
"11/18/2020","4.790","4.416","4.858","4.416","2.86M","9.66%"
"11/17/2020","4.368","4.368","4.474","4.272","245.51K","0.67%"
"11/16/2020","4.339","4.224","4.502","4.224","427.26K","1.81%"
"11/15/2020","4.262","4.339","4.560","4.128","222.26K","-5.94%"
"11/12/2020","4.531","4.454","4.656","4.416","441.21K","1.07%"
"11/11/2020","4.483","4.474","4.550","4.416","324.46K","-0.22%"
"11/10/2020","4.493","4.675","4.675","4.445","179.97K","-1.25%"
"11/09/2020","4.550","4.445","4.637","4.426","397.75K","1.07%"
"11/08/2020","4.502","4.666","4.666","4.416","211.14K","-2.30%"
"11/05/2020","4.608","4.426","4.762","4.416","1.53M","2.56%"
"11/04/2020","4.493","4.291","4.550","4.291","1.22M","8.58%"
"11/03/2020","4.138","3.946","4.320","3.888","191.69K","4.63%"
"11/02/2020","3.955","4.301","4.387","3.782","217.17K","-5.72%"
"11/01/2020","4.195","4.310","4.310","4.099","145.00K","-1.36%"
"10/28/2020","4.253","4.253","4.387","4.128","263.42K","-0.68%"
"10/27/2020","4.282","4.320","4.416","4.214","428.99K","1.37%"
"10/26/2020","4.224","4.013","4.339","3.850","247.83K","7.05%"
"10/25/2020","3.946","3.754","4.166","3.725","135.42K","-4.64%"
"10/22/2020","4.138","4.224","4.493","4.061","194.10K","-8.29%"
"10/21/2020","4.512","4.608","4.694","4.224","238.37K","-2.08%"
"10/20/2020","4.608","4.589","4.685","4.531","152.79K","-1.64%"
"10/19/2020","4.685","4.531","4.800","4.512","316.01K","2.52%"
"10/18/2020","4.570","4.618","4.694","4.512","271.66K","-4.41%"
"10/15/2020","4.781","4.906","4.973","4.627","1.22M","-4.03%"
"10/14/2020","4.982","4.858","5.126","4.838","1.11M","1.16%"
"10/13/2020","4.925","4.896","5.069","4.752","566.01K","-0.18%"
"10/12/2020","4.934","5.011","5.059","4.800","427.18K","1.38%"
"10/11/2020","4.867","4.752","4.992","4.752","473.32K","-0.98%"
"10/07/2020","4.915","5.098","5.184","4.723","338.83K","-1.92%"
"10/06/2020","5.011","5.050","5.117","4.877","791.19K","3.58%"
"10/05/2020","4.838","4.704","5.146","4.406","1.85M","1.19%"
"10/04/2020","4.781","4.954","5.021","4.618","1.07M","-5.50%"
"10/01/2020","5.059","5.280","5.472","4.752","1.46M","-3.84%"
"09/30/2020","5.261","5.280","5.654","5.021","1.43M","-1.07%"
"09/29/2020","5.318","5.098","5.395","5.098","918.00K","8.40%"
"09/28/2020","4.906","4.656","5.002","4.656","921.74K","7.82%"
"09/27/2020","4.550","4.598","4.771","4.320","1.02M","4.86%"
"09/24/2020","4.339","4.320","4.483","3.994","920.43K","6.35%"
"09/23/2020","4.080","4.061","4.464","3.744","2.04M","9.53%"
"09/22/2020","3.725","3.619","3.734","3.590","846.86K","9.62%"
"09/21/2020","3.398","3.187","3.590","3.187","1.57M","4.11%"
"09/20/2020","3.264","3.139","3.322","3.139","922.24K","7.94%"
"09/17/2020","3.024","2.995","3.120","2.947","283.05K","-0.62%"
"09/16/2020","3.043","3.053","3.072","2.986","67.34K","3.93%"
"09/15/2020","2.928","2.890","2.995","2.880","164.57K","-2.24%"
"09/14/2020","2.995","3.014","3.072","2.909","146.72K","1.29%"
"09/13/2020","2.957","2.938","3.014","2.909","93.49K","0.65%"
"09/10/2020","2.938","2.928","3.024","2.870","343.97K","2.37%"
"09/09/2020","2.870","2.794","2.918","2.794","71.25K","-2.31%"
"09/08/2020","2.938","3.062","3.101","2.803","196.76K","-4.67%"
"09/07/2020","3.082","2.938","3.139","2.938","613.52K","2.26%"
"09/06/2020","3.014","2.938","3.168","2.928","193.29K","-0.33%"
"09/03/2020","3.024","3.062","3.120","2.928","247.97K","-0.33%"
"09/02/2020","3.034","2.880","3.139","2.880","673.47K","4.30%"
"09/01/2020","2.909","2.947","3.024","2.832","191.25K","-2.58%"
"08/31/2020","2.986","3.072","3.101","2.909","321.90K","1.98%"
"08/30/2020","2.928","2.746","3.014","2.736","1.28M","6.63%"
"08/27/2020","2.746","2.669","2.784","2.669","108.44K","1.07%"
"08/26/2020","2.717","2.803","2.813","2.688","189.10K","-2.05%"
"08/25/2020","2.774","2.813","2.851","2.717","194.92K","-0.72%"
"08/24/2020","2.794","2.736","2.851","2.736","410.70K","2.12%"
"08/23/2020","2.736","2.726","2.774","2.707","109.27K","3.25%"
"08/19/2020","2.650","2.650","2.736","2.611","166.67K","-0.34%"
"08/18/2020","2.659","2.602","2.736","2.592","74.55K","-2.13%"
"08/17/2020","2.717","2.803","2.822","2.602","168.77K","-1.74%"
"08/16/2020","2.765","2.717","2.813","2.717","452.88K","3.99%"
"08/13/2020","2.659","2.640","2.698","2.611","220.88K","0.72%"
"08/12/2020","2.640","2.755","2.755","2.582","320.37K","-3.86%"
"08/11/2020","2.746","2.746","2.794","2.659","274.90K","0.00%"
"08/10/2020","2.746","2.688","2.870","2.640","497.98K","3.62%"
"08/09/2020","2.650","2.630","2.736","2.554","274.56K","3.76%"
"08/06/2020","2.554","2.525","2.640","2.438","290.21K","1.55%"
"08/05/2020","2.515","2.515","2.573","2.496","69.72K","0.36%"
"08/04/2020","2.506","2.496","2.563","2.448","74.81K","1.58%"
"07/29/2020","2.467","2.419","2.602","2.400","111.29K","3.22%"
"07/28/2020","2.390","2.390","2.438","2.304","120.77K","2.44%"
"07/27/2020","2.333","2.333","2.390","2.333","4.17K","0.00%"
"07/26/2020","2.333","2.285","2.371","2.285","14.97K","0.43%"
"07/22/2020","2.323","2.218","2.362","2.218","84.72K","3.84%"
"07/21/2020","2.237","2.208","2.294","2.208","61.38K","2.19%"
"07/20/2020","2.189","2.122","2.208","2.122","41.45K","1.34%"
"07/19/2020","2.160","2.237","2.285","2.064","38.23K","-3.44%"
"07/16/2020","2.237","2.496","2.496","2.112","37.09K","-2.10%"
"07/15/2020","2.285","2.477","2.477","2.266","86.28K","-9.15%"
"07/14/2020","2.515","2.506","2.573","2.496","16.56K","-1.53%"
"07/13/2020","2.554","2.544","2.669","2.496","30.68K","-1.84%"
"07/12/2020","2.602","2.659","2.678","2.554","136.93K","0.39%"
"07/09/2020","2.592","2.621","2.678","2.419","190.56K","-0.73%"
"07/08/2020","2.611","2.611","2.678","2.592","148.71K","2.63%"
"07/07/2020","2.544","2.534","2.630","2.506","181.54K","-2.23%"
"07/06/2020","2.602","2.602","2.678","2.554","276.48K","0.00%"
"07/05/2020","2.602","2.419","2.688","2.410","299.84K","5.86%"
"06/30/2020","2.458","2.410","2.554","2.400","160.19K","-0.77%"
"06/29/2020","2.477","2.486","2.563","2.400","178.87K","2.40%"
"06/28/2020","2.419","2.419","2.506","2.342","135.54K","-1.18%"
"06/25/2020","2.448","2.419","2.496","2.410","153.02K","-4.49%"
"06/24/2020","2.563","2.544","2.659","2.458","306.02K","-3.28%"
"06/23/2020","2.650","2.554","2.765","2.515","267.91K","2.63%"
"06/22/2020","2.582","2.688","2.688","2.496","547.37K","-2.20%"
"06/21/2020","2.640","2.746","2.746","2.496","627.04K","5.77%"
"06/18/2020","2.496","2.352","2.554","2.323","860.12K","7.45%"
"06/17/2020","2.323","2.294","2.371","2.285","306.78K","2.97%"
"06/16/2020","2.256","2.266","2.304","2.208","298.28K","1.30%"
"06/15/2020","2.227","2.218","2.275","2.208","33.53K","-0.85%"
"06/14/2020","2.246","2.237","2.285","2.218","53.13K","0.40%"
"06/11/2020","2.237","2.246","2.256","2.218","24.06K","-2.48%"
"06/10/2020","2.294","2.304","2.304","2.208","119.86K","-1.67%"
"06/09/2020","2.333","2.371","2.448","2.266","281.83K","0.82%"
"06/08/2020","2.314","2.294","2.390","2.285","45.34K","-0.39%"
"06/07/2020","2.323","2.342","2.371","2.294","75.95K","0.82%"
"06/04/2020","2.304","2.333","2.371","2.246","229.94K","3.00%"
"06/03/2020","2.237","2.285","2.285","2.208","6.41K","0.00%"
"06/02/2020","2.237","2.371","2.371","2.208","93.67K","-1.28%"
"06/01/2020","2.266","2.333","2.371","2.208","32.48K","1.30%"
"05/31/2020","2.237","2.227","2.333","2.208","14.90K","-2.91%"
"05/21/2020","2.304","2.170","2.304","2.170","9.54K","0.00%"
"05/20/2020","2.304","2.438","2.592","2.266","144.23K","-8.39%"
"05/19/2020","2.515","2.486","2.534","2.429","32.76K","-1.87%"
"05/18/2020","2.563","2.448","2.678","2.448","28.82K","5.13%"
"05/17/2020","2.438","2.438","2.448","2.438","20.88K","0.00%"
"05/14/2020","2.438","2.275","2.496","2.275","103.67K","4.50%"
"05/13/2020","2.333","2.304","2.400","2.275","51.98K","-3.95%"
"05/12/2020","2.429","2.323","2.534","2.323","147.31K","4.11%"
"05/11/2020","2.333","2.170","2.390","2.160","61.67K","0.43%"
"05/10/2020","2.323","2.438","2.438","2.237","81.27K","3.84%"
"05/07/2020","2.237","2.246","2.304","2.208","138.25K","-3.33%"
"05/06/2020","2.314","2.400","2.400","2.275","146.28K","-2.40%"
"05/05/2020","2.371","2.227","2.410","2.170","165.99K","7.87%"
"05/04/2020","2.198","2.227","2.227","2.102","85.75K","0.41%"
"05/03/2020","2.189","2.198","2.227","2.102","204.03K","-1.71%"
"04/30/2020","2.227","2.285","2.285","2.227","7.34K","0.00%"
"04/29/2020","2.227","2.227","2.323","2.189","64.93K","-1.29%"
"04/28/2020","2.256","2.218","2.304","2.218","71.40K","3.53%"
"04/27/2020","2.179","2.208","2.246","2.112","71.77K","-2.98%"
"04/26/2020","2.246","2.160","2.342","2.141","218.11K","4.90%"
"04/23/2020","2.141","2.160","2.208","2.064","128.16K","0.47%"
"04/22/2020","2.131","2.112","2.141","2.064","9.55K","0.00%"
"04/21/2020","2.131","2.150","2.150","2.150","0.10K","0.00%"
"04/16/2020","2.131","2.122","2.160","2.083","8.51K","0.00%"
"04/15/2020","2.131","2.122","2.160","2.064","2.76K","0.00%"
"04/14/2020","2.131","2.189","2.198","2.064","35.39K","0.90%"
"04/13/2020","2.112","2.160","2.227","2.054","59.57K","-0.89%"
"04/12/2020","2.131","2.131","2.131","2.016","13.66K","0.00%"
"04/09/2020","2.131","2.189","2.189","2.122","23.14K","-3.49%"
"04/08/2020","2.208","2.208","2.227","2.189","32.01K","-2.13%"
"04/07/2020","2.256","2.371","2.371","2.179","99.68K","-3.67%"
"04/06/2020","2.342","2.381","2.400","2.208","54.91K","5.16%"
"04/05/2020","2.227","2.227","2.227","2.227","171.43K","10.08%"
"04/02/2020","2.023","2.023","2.023","2.021","28.15K","10.01%"
"04/01/2020","1.839","1.882","1.882","1.824","23.96K","2.39%"
"03/31/2020","1.796","1.910","1.976","1.872","10.68K","0.00%"
"03/30/2020","1.796","1.805","1.805","1.805","1.04K","0.00%"
"03/29/2020","1.796","1.787","1.920","1.747","22.40K","-3.28%"
"03/24/2020","1.857","1.699","1.699","1.699","6.09K","0.00%"
"03/23/2020","1.857","1.920","1.920","1.728","36.61K","3.98%"
"03/22/2020","1.786","1.651","1.651","1.651","2.08K","0.00%"
"03/19/2020","1.786","1.613","1.613","1.613","0.00K","0.00%"
"03/18/2020","1.786","1.642","1.642","1.642","1.04K","0.00%"
"03/17/2020","1.786","1.843","1.853","1.776","50.00K","-9.25%"
"03/11/2020","1.968","1.968","1.997","1.930","18.82K","-4.65%"
"03/09/2020","2.064","1.978","2.016","1.882","13.86K","0.00%"
"03/08/2020","2.064","1.987","2.074","1.987","15.96K","2.38%"
"03/05/2020","2.016","2.131","2.170","2.131","10.42K","0.00%"
"03/04/2020","2.016","1.968","2.026","1.968","18.74K","-3.68%"
"03/03/2020","2.093","2.093","2.093","2.093","14.58K","1.90%"
"03/02/2020","2.054","2.045","2.045","1.968","7.16K","0.00%"
"03/01/2020","2.054","2.131","2.131","2.016","37.92K","-8.18%"
"02/27/2020","2.237","2.208","2.381","2.179","66.76K","-1.28%"
"02/25/2020","2.266","2.131","2.208","2.122","6.51K","0.00%"
"02/24/2020","2.266","2.083","2.150","2.074","13.23K","0.00%"
"02/23/2020","2.266","2.400","2.400","2.208","55.93K","-7.43%"
"02/20/2020","2.448","2.304","2.304","2.304","1.04K","0.00%"
"02/19/2020","2.448","2.314","2.314","2.314","1.04K","0.00%"
"02/18/2020","2.448","2.323","2.323","2.323","4.17K","0.00%"
"02/16/2020","2.448","2.496","2.506","2.352","9.11K","0.00%"
"02/13/2020","2.448","2.410","2.410","2.400","11.25K","0.00%"
"02/12/2020","2.448","2.410","2.410","2.400","4.04K","0.00%"
"02/11/2020","2.448","2.448","2.448","2.448","31.25K","-1.17%"
"02/10/2020","2.477","2.448","2.467","2.448","7.41K","0.00%"
"02/09/2020","2.477","2.410","2.573","2.400","25.52K","2.40%"
"02/06/2020","2.419","2.410","2.438","2.400","40.48K","-1.18%"
"02/05/2020","2.448","2.448","2.496","2.400","13.02K","-1.53%"
"02/04/2020","2.486","2.506","2.592","2.429","19.79K","-3.72%"
"02/03/2020","2.582","2.554","2.659","2.525","15.04K","-1.49%"
"02/02/2020","2.621","2.688","2.688","2.477","10.12K","0.00%"
"01/30/2020","2.621","2.630","2.640","2.573","36.99K","0.00%"
"01/29/2020","2.621","2.592","2.678","2.554","28.13K","-0.34%"
"01/28/2020","2.630","2.630","2.640","2.573","9.29K","0.00%"
"01/27/2020","2.630","2.688","2.688","2.563","20.22K","-4.54%"
"01/26/2020","2.755","2.736","2.870","2.678","72.28K","3.22%"
"01/23/2020","2.669","2.525","2.707","2.525","68.23K","3.73%"
"01/22/2020","2.573","2.467","2.678","2.458","47.01K","3.88%"
"01/21/2020","2.477","2.544","2.544","2.419","10.42K","0.00%"
"01/20/2020","2.477","2.515","2.544","2.419","21.20K","-0.76%"
"01/19/2020","2.496","2.534","2.534","2.448","32.25K","-6.13%"
"01/16/2020","2.659","2.640","2.688","2.554","66.13K","0.34%"
"01/15/2020","2.650","2.563","2.736","2.563","107.14K","4.95%"
"01/14/2020","2.525","2.592","2.592","2.458","26.08K","2.73%"
"01/13/2020","2.458","2.458","2.525","2.419","21.40K","-3.38%"
"01/12/2020","2.544","2.534","2.592","2.515","74.33K","1.52%"
"01/09/2020","2.506","2.419","2.592","2.419","56.54K","3.60%"
"01/08/2020","2.419","2.438","2.515","2.323","60.68K","3.69%"
"01/06/2020","2.333","2.304","2.390","2.304","86.14K","-8.65%"
"01/05/2020","2.554","2.602","2.640","2.486","89.33K","-7.30%"
"01/02/2020","2.755","2.640","2.774","2.640","89.16K","9.11%"
"12/31/2019","2.525","2.640","2.640","2.506","65.46K","-9.30%"
"12/30/2019","2.784","2.966","2.966","2.611","143.32K","3.19%"
"12/29/2019","2.698","2.678","2.698","2.678","66.38K","9.76%"
"12/26/2019","2.458","2.256","2.496","2.256","52.78K","8.04%"
"12/25/2019","2.275","2.266","2.266","2.237","12.60K","0.00%"
"12/24/2019","2.275","2.275","2.275","2.227","5.05K","0.00%"
"12/23/2019","2.275","2.275","2.314","2.246","14.13K","-4.05%"
"12/22/2019","2.371","2.400","2.400","2.275","4.08K","0.00%"
"12/19/2019","2.371","2.390","2.390","2.390","2.08K","0.00%"
"12/18/2019","2.371","2.314","2.496","2.314","88.71K","3.76%"
"12/17/2019","2.285","2.304","2.314","2.256","4.31K","0.00%"
"12/16/2019","2.285","2.400","2.400","2.333","0.45K","0.00%"
"12/12/2019","2.285","2.227","2.352","2.227","2.32K","0.00%"
"12/11/2019","2.285","2.400","2.400","2.218","14.80K","-4.79%"
"12/10/2019","2.400","2.352","2.496","2.352","53.60K","4.62%"
"12/09/2019","2.294","2.304","2.304","2.275","9.38K","0.00%"
"12/08/2019","2.294","2.208","2.381","2.208","9.54K","0.00%"
"12/05/2019","2.294","2.256","2.266","2.256","12.72K","0.00%"
"12/03/2019","2.294","2.246","2.381","2.246","14.61K","3.89%"
"12/02/2019","2.208","2.218","2.218","2.189","27.51K","-8.00%"
"11/28/2019","2.400","2.400","2.554","2.352","49.96K","0.00%"
"11/27/2019","2.400","2.381","2.381","2.381","1.04K","0.00%"
"11/26/2019","2.400","2.448","2.448","2.400","12.96K","-5.29%"
"11/25/2019","2.534","2.496","2.496","2.429","5.05K","0.00%"
"11/24/2019","2.534","2.467","2.496","2.410","7.32K","0.00%"
"11/21/2019","2.534","2.534","2.592","2.410","20.43K","1.52%"
"11/20/2019","2.496","2.400","2.448","2.400","10.82K","0.00%"
"11/19/2019","2.496","2.486","2.486","2.477","1.74K","0.00%"
"11/18/2019","2.496","2.477","2.496","2.371","6.50K","0.00%"
"11/17/2019","2.496","2.544","2.621","2.400","66.19K","-5.81%"
"11/14/2019","2.650","2.678","2.755","2.592","38.88K","-7.99%"
"11/13/2019","2.880","3.091","3.091","2.630","9.16K","0.00%"
"11/12/2019","2.880","2.784","2.784","2.784","0.63K","0.00%"
"11/06/2019","2.880","2.784","2.784","2.765","5.29K","0.00%"
"11/05/2019","2.880","2.832","2.832","2.765","5.14K","0.00%"
"11/03/2019","2.880","2.803","2.803","2.803","0.14K","0.00%"
"10/31/2019","2.880","2.832","2.832","2.832","0.46K","0.00%"
"10/30/2019","2.880","2.880","2.899","2.832","6.27K","0.00%"
"10/29/2019","2.880","3.005","3.005","3.005","0.02K","0.00%"
"10/28/2019","2.880","2.861","3.034","2.861","1.30K","0.00%"
"10/27/2019","2.880","2.832","3.005","2.832","4.74K","0.00%"
"10/24/2019","2.880","2.986","2.986","2.986","0.03K","0.00%"
"10/23/2019","2.880","3.053","3.053","2.765","8.11K","0.00%"
"10/22/2019","2.880","2.880","2.880","2.880","0.13K","0.00%"
"10/21/2019","2.880","2.880","2.880","2.880","1.04K","0.00%"
"10/20/2019","2.880","2.851","2.890","2.851","18.99K","-2.90%"
"10/17/2019","2.966","2.832","2.832","2.832","0.93K","0.00%"
"10/16/2019","2.966","2.880","3.053","2.851","12.92K","-1.59%"
"10/15/2019","3.014","2.813","3.120","2.803","7.01K","0.00%"
"10/14/2019","3.014","2.842","2.842","2.794","6.77K","0.00%"
"10/13/2019","3.014","2.966","2.966","2.966","2.60K","0.00%"
"10/10/2019","3.014","2.976","2.976","2.976","3.13K","0.00%"
"10/09/2019","3.014","2.986","3.062","2.986","3.65K","0.00%"
"10/08/2019","3.014","3.005","3.053","2.938","20.95K","-5.99%"
"10/07/2019","3.206","3.043","3.274","3.043","45.36K","7.73%"
"10/03/2019","2.976","2.659","3.043","2.640","43.85K","7.28%"
"10/02/2019","2.774","2.784","2.784","2.784","2.23K","0.00%"
"10/01/2019","2.774","2.640","2.784","2.640","1.56K","0.00%"
"09/25/2019","2.774","2.582","2.592","2.582","5.21K","0.00%"
"09/24/2019","2.774","2.688","2.688","2.506","10.89K","0.00%"
"09/22/2019","2.774","2.602","2.602","2.506","6.90K","0.00%"
"09/19/2019","2.774","2.640","2.640","2.640","0.02K","0.00%"
"09/18/2019","2.774","2.640","2.640","2.640","0.31K","0.00%"
"09/17/2019","2.774","2.880","2.880","2.669","8.11K","0.00%"
"09/16/2019","2.774","2.736","2.736","2.736","1.27K","0.00%"
"09/15/2019","2.774","2.784","2.784","2.784","0.08K","0.00%"
"09/12/2019","2.774","2.842","2.880","2.842","6.04K","0.00%"
"09/11/2019","2.774","2.717","2.717","2.698","1.16K","0.00%"
"09/09/2019","2.774","2.688","2.755","2.688","5.21K","0.00%"
"09/08/2019","2.774","2.698","2.726","2.698","2.08K","0.00%"
"09/05/2019","2.774","2.746","2.746","2.746","0.21K","0.00%"
"09/04/2019","2.774","2.659","2.794","2.659","4.99K","0.00%"
"09/03/2019","2.774","2.928","2.928","2.928","0.41K","0.00%"
"09/02/2019","2.774","2.880","2.880","2.880","0.39K","0.00%"
"09/01/2019","2.774","2.966","3.043","2.832","5.52K","0.00%"
"08/29/2019","2.774","2.861","2.880","2.861","8.28K","0.00%"
"08/27/2019","2.774","2.650","2.870","2.650","3.96K","0.00%"
"08/25/2019","2.774","2.861","2.861","2.746","4.79K","0.00%"
"08/22/2019","2.774","2.803","2.880","2.736","11.15K","-6.19%"
"08/21/2019","2.957","2.880","2.880","2.688","4.90K","0.00%"
"08/19/2019","2.957","2.976","2.986","2.851","7.61K","0.00%"
"08/18/2019","2.957","2.794","2.986","2.794","25.54K","8.83%"
"08/15/2019","2.717","2.851","2.851","2.688","17.12K","-5.66%"
"08/14/2019","2.880","2.851","2.880","2.851","5.25K","0.00%"
"08/07/2019","2.880","2.822","2.861","2.822","5.40K","0.00%"
"08/06/2019","2.880","2.688","2.717","2.602","2.60K","0.00%"
"08/05/2019","2.880","2.640","2.688","2.602","3.13K","0.00%"
"07/31/2019","2.880","2.611","2.611","2.611","0.10K","0.00%"
"07/30/2019","2.880","2.822","2.822","2.813","8.33K","0.00%"
"07/29/2019","2.880","2.784","3.101","2.784","8.70K","0.00%"
"07/28/2019","2.880","2.832","2.880","2.832","16.23K","-0.66%"
"07/24/2019","2.899","2.928","2.928","2.890","17.81K","2.01%"
"07/22/2019","2.842","2.928","2.928","2.794","14.06K","-6.02%"
"07/21/2019","3.024","3.024","3.350","3.024","10.39K","-10.00%"
"07/18/2019","3.360","3.264","3.264","3.264","0.05K","0.00%"
"07/16/2019","3.360","3.043","3.043","3.043","3.13K","0.00%"
"07/15/2019","3.360","3.024","3.331","3.024","2.86K","0.00%"
"07/11/2019","3.360","3.024","3.312","3.024","9.72K","0.00%"
"07/10/2019","3.360","3.072","3.072","3.024","1.46K","0.00%"
"07/08/2019","3.360","3.024","3.072","3.024","1.87K","0.00%"
"07/07/2019","3.360","3.043","3.043","3.034","0.99K","0.00%"
"07/04/2019","3.360","3.139","3.139","3.139","0.25K","0.00%"
"07/03/2019","3.360","3.082","3.370","3.072","3.07K","0.00%"
"07/02/2019","3.360","3.312","3.312","3.312","0.10K","0.00%"
"06/27/2019","3.360","3.034","3.360","3.024","3.25K","0.00%"
"06/25/2019","3.360","3.139","3.139","3.130","1.15K","0.00%"
"06/24/2019","3.360","3.360","3.360","3.360","0.14K","0.00%"
"06/23/2019","3.360","3.139","3.139","3.139","0.80K","0.00%"
"06/17/2019","3.360","3.264","3.360","3.264","619.33K","0.00%"
"06/16/2019","3.360","3.274","3.274","3.274","0.83K","0.00%"
"06/13/2019","3.360","3.360","3.360","3.360","0.57K","0.00%"
"06/12/2019","3.360","3.254","3.254","3.254","0.83K","0.00%"
"06/11/2019","3.360","3.350","3.350","3.264","5.91K","0.00%"
"06/09/2019","3.360","3.101","3.101","3.101","3.13K","0.00%"
"06/03/2019","3.360","3.226","3.274","3.226","3.13K","0.00%"
"06/02/2019","3.360","3.274","3.274","3.264","5.21K","0.00%"
"05/30/2019","3.360","3.264","3.264","3.264","5.21K","0.00%"
"05/29/2019","3.360","3.370","3.370","3.360","10.42K","-4.63%"
"05/28/2019","3.523","3.312","3.312","3.312","0.46K","0.00%"
"05/27/2019","3.523","3.542","3.542","3.542","5.79K","0.00%"
"05/26/2019","3.523","3.456","3.456","3.456","1.04K","0.00%"
"05/23/2019","3.523","3.533","3.542","3.533","6.94K","0.00%"
"05/21/2019","3.523","3.542","3.552","3.456","3.80K","0.00%"
"05/20/2019","3.523","3.370","3.370","3.370","0.09K","0.00%"
"05/19/2019","3.523","3.504","3.504","3.504","3.33K","0.00%"
"05/16/2019","3.523","3.456","3.552","3.456","29.86K","1.94%"
"05/15/2019","3.456","3.456","3.552","3.456","5.26K","0.00%"
"05/14/2019","3.456","3.456","3.456","3.235","56.54K","-0.55%"
"05/13/2019","3.475","3.360","3.552","3.360","32.94K","3.42%"
"05/12/2019","3.360","3.312","3.312","3.120","1.11K","0.00%"
"05/09/2019","3.360","3.370","3.370","3.350","38.94K","-9.56%"
"05/07/2019","3.715","3.370","3.370","3.360","2.71K","0.00%"
"05/06/2019","3.715","3.552","3.552","3.552","2.08K","0.00%"
"05/05/2019","3.715","3.658","3.658","3.648","0.98K","0.00%"
"05/02/2019","3.715","3.648","3.648","3.648","0.10K","0.00%"
"04/30/2019","3.715","3.658","3.658","3.658","0.35K","0.00%"
"04/24/2019","3.715","3.600","3.802","3.600","22.66K","6.91%"
"04/23/2019","3.475","3.552","3.552","3.456","9.51K","-8.12%"
"04/21/2019","3.782","3.610","3.610","3.446","4.13K","0.00%"
"04/18/2019","3.782","3.821","3.821","3.648","3.98K","0.00%"
"04/17/2019","3.782","3.869","3.878","3.869","1.04K","0.00%"
"04/16/2019","3.782","3.744","3.744","3.485","3.39K","0.00%"
"04/15/2019","3.782","3.696","3.696","3.648","0.22K","0.00%"
"04/14/2019","3.782","3.840","3.840","3.840","1.03K","0.00%"
"04/11/2019","3.782","3.706","3.840","3.696","10.72K","-0.53%"
"04/10/2019","3.802","3.744","3.744","3.744","2.08K","0.00%"
"04/09/2019","3.802","3.552","3.811","3.552","9.38K","3.94%"
"04/08/2019","3.658","3.840","3.840","3.744","1.25K","0.00%"
"04/07/2019","3.658","3.840","3.840","3.466","8.33K","-4.74%"
"04/04/2019","3.840","3.850","3.850","3.840","4.77K","0.00%"
"04/03/2019","3.840","3.744","3.840","3.744","15.98K","-0.49%"
"04/02/2019","3.859","3.936","3.936","3.802","1.56K","0.00%"
"04/01/2019","3.859","3.840","3.840","3.840","1.27K","0.00%"
"03/31/2019","3.859","3.840","3.840","3.840","2.60K","0.00%"
"03/28/2019","3.859","3.936","3.936","3.850","32.29K","0.49%"
"03/27/2019","3.840","3.984","4.032","3.840","1.59M","-0.26%"
"03/26/2019","3.850","3.821","3.821","3.821","0.18K","0.00%"
"03/25/2019","3.850","3.869","3.869","3.754","10.83K","-2.43%"
"03/24/2019","3.946","3.869","4.128","3.859","10.96K","1.23%"
"03/21/2019","3.898","3.840","3.840","3.840","2.08K","0.00%"
"03/20/2019","3.898","3.946","3.946","3.725","7.29K","0.00%"
"03/19/2019","3.898","3.955","4.013","3.696","20.57K","-3.08%"
"03/18/2019","4.022","4.032","4.070","3.984","18.42K","-0.49%"
"03/17/2019","4.042","4.138","4.138","4.022","5.42K","0.00%"
"03/14/2019","4.042","4.022","4.128","4.003","30.42K","-1.85%"
"03/13/2019","4.118","4.406","4.406","4.051","37.88K","-4.25%"
"03/12/2019","4.301","4.166","4.378","4.166","95.08K","3.71%"
"03/11/2019","4.147","4.032","4.205","4.032","54.66K","6.94%"
"03/10/2019","3.878","3.917","3.936","3.840","31.04K","1.76%"
"03/07/2019","3.811","3.706","3.888","3.706","16.02K","0.77%"
"03/06/2019","3.782","3.907","3.907","3.696","4.18K","0.00%"
"03/05/2019","3.782","3.859","3.859","3.744","20.55K","-1.51%"
"03/04/2019","3.840","3.869","3.869","3.763","37.40K","-1.97%"
"03/03/2019","3.917","3.946","4.224","3.840","31.61K","-0.48%"
"02/28/2019","3.936","3.955","4.022","3.888","46.91K","-1.45%"
"02/27/2019","3.994","3.984","4.061","3.984","31.44K","-1.87%"
"02/26/2019","4.070","4.234","4.234","3.946","91.63K","-6.00%"
"02/25/2019","4.330","4.387","4.426","4.234","45.93K","-0.21%"
"02/24/2019","4.339","4.387","4.387","4.186","338.75K","8.64%"
"02/21/2019","3.994","3.744","4.022","3.734","212.54K","9.19%"
"02/20/2019","3.658","3.763","3.763","3.629","31.41K","2.15%"
"02/19/2019","3.581","3.648","3.706","3.533","62.55K","0.00%"
"02/18/2019","3.581","3.341","3.715","3.312","180.00K","5.98%"
"02/17/2019","3.379","3.379","3.389","3.379","5.05K","0.00%"
"02/14/2019","3.379","3.350","3.552","3.322","52.27K","2.61%"
"02/13/2019","3.293","3.504","3.504","3.197","41.67K","-1.99%"
"02/12/2019","3.360","3.264","3.427","3.264","144.25K","0.00%"
"02/11/2019","3.360","3.283","3.360","3.283","3.13K","0.00%"
"02/10/2019","3.360","3.264","3.360","3.235","6.81K","0.00%"
"02/07/2019","3.360","3.264","3.360","3.235","7.29K","0.00%"
"02/06/2019","3.360","3.264","3.360","3.264","8.56K","0.00%"
"02/05/2019","3.360","3.360","3.360","3.360","19.03K","0.87%"
"02/04/2019","3.331","3.360","3.360","3.293","9.32K","-0.30%"
"01/31/2019","3.341","3.283","3.360","3.264","13.87K","-0.57%"
"01/30/2019","3.360","3.360","3.360","3.360","11.46K","-0.30%"
"01/29/2019","3.370","3.581","3.581","3.264","19.39K","0.00%"
"01/28/2019","3.370","3.370","3.379","3.360","15.93K","0.00%"
"01/27/2019","3.370","3.360","3.360","3.360","0.21K","0.00%"
"01/23/2019","3.370","3.360","3.360","3.283","2.20K","0.00%"
"01/22/2019","3.370","3.360","3.456","3.293","20.54K","0.30%"
"01/21/2019","3.360","3.245","3.245","3.245","0.08K","0.00%"
"01/20/2019","3.360","3.504","3.504","3.264","1.48K","0.00%"
"01/17/2019","3.360","3.216","3.456","3.216","2.48K","0.00%"
"01/16/2019","3.360","3.360","3.360","3.360","11.98K","0.00%"
"01/15/2019","3.360","3.360","3.360","3.360","270.89K","-5.14%"
"01/14/2019","3.542","3.341","3.494","3.341","1.08K","0.00%"
"01/13/2019","3.542","3.302","3.302","3.302","0.06K","0.00%"
"01/10/2019","3.542","3.533","3.552","3.408","12.23K","5.42%"
"01/08/2019","3.360","3.360","3.408","3.360","523.71K","0.00%"
"01/06/2019","3.360","3.504","3.504","3.466","1.15K","0.00%"
"01/02/2019","3.360","3.360","3.360","3.360","10.42K","2.03%"
"12/30/2018","3.293","3.187","3.187","3.187","0.58K","0.00%"
"12/27/2018","3.293","3.494","3.494","3.494","0.05K","0.00%"
"12/26/2018","3.293","3.168","3.168","3.168","0.19K","0.00%"
"12/25/2018","3.293","3.024","3.504","3.024","1.07K","0.00%"
"12/20/2018","3.293","3.523","3.523","3.264","1.23K","0.00%"
"12/19/2018","3.293","3.274","3.274","3.274","0.78K","0.00%"
"12/18/2018","3.293","3.053","3.264","3.053","1.68K","0.00%"
"12/17/2018","3.293","3.264","3.264","3.264","0.96K","0.00%"
"12/16/2018","3.293","3.120","3.120","3.120","0.93K","0.00%"
"12/13/2018","3.293","3.283","3.312","3.264","2.28K","0.00%"
"12/12/2018","3.293","3.024","3.552","3.005","9.44K","0.58%"
"12/10/2018","3.274","3.274","3.283","3.274","128.05K","0.00%"
"12/09/2018","3.274","3.485","3.485","2.986","0.63K","0.00%"
"12/05/2018","3.274","3.168","3.533","3.168","0.60K","0.00%"
"12/04/2018","3.274","3.187","3.187","3.187","0.52K","0.00%"
"12/03/2018","3.274","3.350","3.350","3.235","1.82K","0.00%"
"12/02/2018","3.274","3.178","3.552","3.178","1.09K","0.00%"
"11/29/2018","3.274","3.504","3.552","3.504","6.25K","0.00%"
"11/28/2018","3.274","3.533","3.542","3.533","1.75K","0.00%"
"11/27/2018","3.274","3.274","3.542","3.264","0.76K","0.00%"
"11/26/2018","3.274","3.264","3.293","3.264","33.10K","-5.54%"
"11/25/2018","3.466","3.456","3.456","3.389","7.08K","0.00%"
"11/22/2018","3.466","3.619","3.629","3.446","3.36K","0.00%"
"11/21/2018","3.466","3.600","3.638","3.600","2.96K","0.00%"
"11/19/2018","3.466","3.456","3.552","3.389","255.30K","-2.42%"
"11/18/2018","3.552","3.542","3.542","3.456","5.66K","0.00%"
"11/15/2018","3.552","3.552","3.571","3.552","12.86K","0.00%"
"11/14/2018","3.552","3.552","3.562","3.542","11.74K","-4.87%"
"11/13/2018","3.734","3.754","3.754","3.706","8.68K","-0.77%"
"11/12/2018","3.763","3.744","3.744","3.715","1.78K","0.00%"
"11/07/2018","3.763","3.763","3.773","3.734","2.47M","0.51%"
"10/30/2018","3.744","3.734","3.744","3.734","313.95K","-9.30%"
"10/29/2018","4.128","3.744","3.744","3.744","3.65K","0.00%"
"10/24/2018","4.128","3.725","3.725","3.725","3.13K","0.00%"
"10/23/2018","4.128","3.725","3.792","3.725","1.85K","0.00%"
"10/22/2018","4.128","3.888","3.888","3.840","1.15K","0.00%"
"10/21/2018","4.128","3.898","3.898","3.888","3.46K","0.00%"
"10/17/2018","4.128","4.109","4.109","3.840","4.28K","0.00%"
"10/15/2018","4.128","4.128","4.128","4.128","540.83K","-9.85%"
"10/10/2018","4.579","4.128","4.128","4.128","0.42K","0.00%"
"10/03/2018","4.579","4.176","4.176","4.176","2.71K","0.00%"
"10/01/2018","4.579","4.128","4.176","4.128","1.70K","0.00%"
"09/30/2018","4.579","4.166","4.166","4.128","4.59K","0.00%"
"09/27/2018","4.579","4.128","4.128","4.128","1.09K","0.00%"
"09/26/2018","4.579","4.138","4.138","4.128","2.08K","0.00%"
"09/20/2018","4.579","4.157","4.157","4.147","1.48K","0.00%"
"09/19/2018","4.579","4.138","4.502","4.138","2.52K","0.00%"
"09/16/2018","4.579","4.416","4.416","4.176","1.01K","0.00%"
"09/13/2018","4.579","4.416","4.416","4.416","1.56K","0.00%"
"09/09/2018","4.579","4.426","4.426","4.416","2.01K","0.00%"
"09/06/2018","4.579","4.435","4.608","4.426","27.45K","3.69%"
"09/05/2018","4.416","4.464","4.464","4.435","2.08K","0.00%"
"09/03/2018","4.416","4.474","4.474","4.454","0.51K","0.00%"
"09/02/2018","4.416","4.445","4.445","4.445","0.52K","0.00%"
"08/30/2018","4.416","4.474","4.474","4.474","0.09K","0.00%"
"08/29/2018","4.416","4.416","4.416","4.416","15.63K","-7.07%"
"08/28/2018","4.752","4.368","4.368","4.320","0.69K","0.00%"
"08/19/2018","4.752","4.474","4.474","4.474","0.17K","0.00%"
"08/16/2018","4.752","4.512","4.512","4.512","5.21K","0.00%"
"08/13/2018","4.752","4.397","4.397","4.397","0.23K","0.00%"
"08/12/2018","4.752","4.416","4.608","4.416","0.30K","0.00%"
"08/06/2018","4.752","4.570","4.570","4.560","0.72K","0.00%"
"08/05/2018","4.752","4.598","4.598","4.598","0.26K","0.00%"
"07/30/2018","4.752","4.752","4.752","4.704","171.82K","0.00%"
"07/26/2018","4.752","4.349","4.397","4.349","0.33K","0.00%"
"07/25/2018","4.752","4.752","4.752","4.752","6.49K","-9.83%"
"07/24/2018","5.270","4.762","4.762","4.752","3.13K","0.00%"
"07/18/2018","5.270","5.069","5.078","4.906","3.93K","0.00%"
"07/17/2018","5.270","4.800","4.944","4.800","1.30K","0.00%"
"07/16/2018","5.270","4.992","4.992","4.752","4.11K","0.00%"
"07/12/2018","5.270","5.472","5.472","5.472","0.52K","0.00%"
"07/09/2018","5.270","5.328","5.328","5.050","6.72K","8.35%"
"07/08/2018","4.864","4.864","5.089","4.856","9.38K","-0.71%"
"07/04/2018","4.899","4.925","4.925","4.856","18.71K","-0.53%"
"07/03/2018","4.925","4.899","5.098","4.899","8.26K","-3.39%"
"07/02/2018","5.098","4.959","4.959","4.890","4.12K","0.00%"
"06/28/2018","5.098","5.098","5.098","5.098","2.57K","0.00%"
"06/26/2018","5.098","4.985","4.985","4.985","0.31K","0.00%"
"06/25/2018","5.098","4.977","4.994","4.977","3.61K","0.00%"
"06/21/2018","5.098","5.020","5.020","5.020","0.51K","0.00%"
"06/20/2018","5.098","5.011","5.011","5.011","0.03K","0.00%"
"06/19/2018","5.098","5.098","5.288","5.080","28.40K","-1.66%"
"06/14/2018","5.184","5.080","5.106","5.080","1.03K","0.00%"
"06/12/2018","5.184","5.080","5.098","5.080","0.33K","0.00%"
"06/06/2018","5.184","5.184","5.184","5.184","4.98K","0.00%"
"06/05/2018","5.184","5.270","5.270","5.184","17.55K","-4.76%"
"05/31/2018","5.443","5.434","5.434","5.434","1.69K","0.00%"
"05/28/2018","5.443","5.279","5.279","5.279","1.05K","0.00%"
"05/23/2018","5.443","5.296","5.296","5.296","1.16K","0.00%"
"05/21/2018","5.443","5.288","5.288","5.288","0.60K","0.00%"
"05/17/2018","5.443","5.530","5.530","5.530","0.58K","0.00%"
"05/10/2018","5.443","5.409","5.409","5.409","1.16K","0.00%"
"05/09/2018","5.443","5.443","5.443","5.383","0.69K","0.00%"
"05/08/2018","5.443","5.443","5.443","5.443","0.44K","0.00%"
"05/07/2018","5.443","5.443","5.443","5.443","7.45K","-3.08%"
"05/06/2018","5.616","5.452","5.452","5.452","2.45K","0.00%"
"05/03/2018","5.616","5.391","5.443","5.391","3.47K","0.00%"
"05/02/2018","5.616","5.720","5.720","5.322","3.32K","0.00%"
"04/30/2018","5.616","5.616","5.780","5.616","3.58M","3.67%"
"04/29/2018","5.417","5.452","5.452","5.331","19.70K","-0.95%"
"04/26/2018","5.469","5.460","5.460","5.460","0.39K","0.00%"
"04/24/2018","5.469","5.452","5.452","5.443","1.32K","0.00%"
"04/23/2018","5.469","5.426","5.616","5.417","2.78K","0.00%"
"04/22/2018","5.469","5.616","5.616","5.443","12.22K","-3.20%"
"04/19/2018","5.650","5.702","5.702","5.702","1.74K","0.00%"
"04/18/2018","5.650","5.530","5.530","5.530","0.23K","0.61%"
"04/17/2018","5.616","5.616","5.616","5.616","4.90K","-0.60%"
"04/16/2018","5.650","5.469","5.555","5.469","0.41K","0.00%"
"04/12/2018","5.650","5.616","5.616","5.616","5.19K","0.00%"
"04/11/2018","5.650","5.668","5.676","5.616","27.20K","0.44%"
"04/10/2018","5.625","5.633","6.039","5.616","17.36K","-1.51%"
"04/05/2018","5.711","5.737","5.737","5.702","7.25K","-5.43%"
"04/04/2018","6.039","5.927","5.927","5.806","1.57K","0.00%"
"04/01/2018","6.039","5.918","6.048","5.918","11.44K","0.28%"
"03/29/2018","6.022","5.944","5.944","5.884","2.83K","0.00%"
"03/28/2018","6.022","5.962","6.048","5.944","9.19K","2.35%"
"03/22/2018","5.884","5.884","5.901","5.875","9.55K","-3.13%"
"03/21/2018","6.074","5.944","5.944","5.944","0.06K","0.00%"
"03/20/2018","6.074","6.091","6.091","5.918","6.88K","-3.03%"
"03/19/2018","6.264","5.875","6.091","5.875","3.26K","0.00%"
"03/18/2018","6.264","6.264","6.264","6.264","5.79K","1.39%"
"03/15/2018","6.178","5.884","6.048","5.875","4.11K","0.00%"
"03/12/2018","6.178","5.884","5.884","5.875","3.50K","0.00%"
"03/11/2018","6.178","5.815","5.815","5.806","2.14K","0.00%"
"03/07/2018","6.178","6.307","6.307","6.134","29.47K","-0.55%"
"03/06/2018","6.212","6.178","6.178","6.143","0.58K","0.00%"
"03/04/2018","6.212","6.203","6.618","5.711","21.08K","1.27%"
"03/01/2018","6.134","6.065","6.178","6.065","14.80K","1.42%"
"02/28/2018","6.048","6.057","6.057","6.048","6.85K","0.58%"
"02/27/2018","6.013","6.048","6.048","5.918","7.87K","-0.30%"
"02/26/2018","6.031","6.039","6.048","5.884","13.41K","5.77%"
"02/25/2018","5.702","5.875","5.987","5.797","3.13K","0.00%"
"02/22/2018","5.702","5.711","5.789","5.702","4.57K","0.00%"
"02/21/2018","5.702","5.616","5.789","5.616","58.60K","3.45%"
"02/20/2018","5.512","5.599","5.659","5.391","14.16K","-0.33%"
"02/19/2018","5.530","5.409","5.590","5.409","1.97K","0.00%"
"02/18/2018","5.530","5.270","5.409","5.270","2.66K","0.00%"
"02/15/2018","5.530","5.478","5.538","5.478","23.27K","4.58%"
"02/14/2018","5.288","5.357","5.443","5.184","10.71K","-2.24%"
"02/11/2018","5.409","5.184","5.218","5.184","2.39K","0.00%"
"02/08/2018","5.409","5.322","5.486","5.322","27.88K","4.34%"
"02/07/2018","5.184","5.193","5.193","5.184","0.78K","0.00%"
"02/06/2018","5.184","5.028","5.331","4.925","4.65K","0.00%"
"02/05/2018","5.184","5.270","5.331","5.270","0.62K","0.00%"
"02/04/2018","5.184","5.193","5.193","5.184","6.64K","-1.63%"
"02/01/2018","5.270","5.193","5.443","5.184","7.18M","1.00%"
"01/30/2018","5.218","5.288","5.288","5.106","9.78K","-1.81%"
"01/29/2018","5.314","5.357","5.400","5.244","18.25K","0.49%"
"01/28/2018","5.288","5.218","5.357","5.020","33.49K","4.98%"
"01/24/2018","5.037","5.054","5.054","5.054","1.11K","0.00%"
"01/23/2018","5.037","5.201","5.201","5.011","7.75K","-1.52%"
"01/22/2018","5.115","5.098","5.098","5.098","0.05K","0.00%"
"01/18/2018","5.115","5.236","5.236","5.236","1.24K","0.00%"
"01/17/2018","5.115","5.236","5.236","5.236","0.12K","0.00%"
"01/16/2018","5.115","5.149","5.305","5.054","26.39K","1.21%"
"01/15/2018","5.054","5.054","5.054","5.054","14.81K","0.00%"
"01/14/2018","5.054","5.054","5.054","5.054","5.42K","0.00%"
"01/11/2018","5.054","5.141","5.141","5.054","4.02K","0.00%"
"01/10/2018","5.054","5.098","5.184","5.054","2.66K","0.00%"
"01/09/2018","5.054","4.933","5.063","4.890","4.68K","0.00%"
"01/04/2018","5.054","5.011","5.011","5.011","1.16K","0.00%"
"01/03/2018","5.054","4.959","4.959","4.959","0.29K","0.00%"
"01/02/2018","5.054","4.933","4.933","4.933","0.35K","0.00%"
"12/28/2017","5.054","4.933","4.933","4.933","0.58K","0.00%"
"12/26/2017","5.054","5.028","5.028","5.028","0.31K","0.00%"
"12/25/2017","5.054","5.054","5.167","5.028","4.63K","-2.19%"
"12/24/2017","5.167","5.167","5.175","5.098","2.83K","4.01%"
"12/21/2017","4.968","5.054","5.098","5.054","0.54K","0.00%"
"12/19/2017","4.968","4.942","4.942","4.890","0.51K","0.00%"
"12/18/2017","4.968","4.899","4.899","4.899","1.27K","0.00%"
"12/14/2017","4.968","5.141","5.175","4.873","6.73K","-4.00%"
"12/13/2017","5.175","5.167","5.167","5.167","1.16K","0.00%"
"12/12/2017","5.175","5.175","5.184","5.158","2.08K","0.66%"
"12/11/2017","5.141","5.098","5.184","5.098","2.13K","-2.30%"
"12/10/2017","5.262","5.357","5.383","5.098","1.55K","0.00%"
"12/07/2017","5.262","5.357","5.357","5.106","1.33K","0.00%"
"12/06/2017","5.262","5.184","5.521","5.184","3.07K","-0.49%"
"12/05/2017","5.288","5.218","5.607","5.106","6.78K","3.56%"
"12/04/2017","5.106","5.184","5.184","5.184","0.80K","0.00%"
"12/03/2017","5.106","5.184","5.184","5.098","2.54K","-1.01%"
"11/29/2017","5.158","5.184","5.201","5.098","6.65K","-0.50%"
"11/28/2017","5.184","5.184","5.184","5.184","5.21K","0.00%"
"11/26/2017","5.184","5.175","5.184","5.175","2.00K","0.00%"
"11/23/2017","5.184","5.175","5.244","5.175","6.91K","0.17%"
"11/22/2017","5.175","5.054","5.184","5.054","8.04K","0.66%"
"11/21/2017","5.141","5.184","5.184","5.098","0.82K","0.00%"
"11/20/2017","5.141","5.167","5.279","5.098","12.15K","-2.13%"
"11/19/2017","5.253","5.443","5.443","5.201","14.38K","-6.46%"
"11/16/2017","5.616","5.383","5.616","5.383","1.53K","0.00%"
"11/15/2017","5.616","5.616","5.616","5.469","39.91K","0.77%"
"11/14/2017","5.573","5.357","5.633","5.270","18.22K","1.11%"
"11/13/2017","5.512","5.400","5.616","5.357","26.88K","0.79%"
"11/12/2017","5.469","5.357","5.616","5.357","19.79K","-2.16%"
"11/08/2017","5.590","5.633","5.633","5.270","8.80K","-0.76%"
"11/07/2017","5.633","5.616","5.625","5.616","1.30K","0.00%"
"11/06/2017","5.633","5.443","5.702","5.443","2.12K","5.15%"
"11/05/2017","5.357","5.616","5.979","5.210","12.62K","-4.61%"
"11/02/2017","5.616","5.616","5.616","5.616","7.29K","-2.11%"
"11/01/2017","5.737","5.530","5.754","5.530","9.61K","9.57%"
"10/31/2017","5.236","5.331","5.331","5.331","0.50K","0.00%"
"10/30/2017","5.236","5.400","5.400","5.149","8.74K","-5.32%"
"10/29/2017","5.530","5.443","5.443","5.443","1.26K","0.00%"
"10/26/2017","5.530","5.486","5.616","5.443","1.76K","0.00%"
"10/25/2017","5.530","5.702","5.702","5.512","2.66K","-1.07%"
"10/24/2017","5.590","5.806","5.806","5.443","1.24K","0.00%"
"10/23/2017","5.590","5.616","5.815","5.400","24.99K","3.85%"
"10/22/2017","5.383","5.357","5.357","5.322","0.58K","0.00%"
"10/19/2017","5.383","5.305","5.694","5.279","37.21K","3.50%"
"10/18/2017","5.201","5.175","5.331","5.158","34.76K","0.66%"
"10/17/2017","5.167","5.132","5.184","5.132","4.49K","0.51%"
"10/16/2017","5.141","5.184","5.184","5.184","0.58K","0.00%"
"10/15/2017","5.141","5.141","5.184","5.141","10.65K","-2.13%"
"10/12/2017","5.253","5.046","5.357","5.046","13.61K","4.83%"
"10/11/2017","5.011","5.141","5.141","5.141","0.37K","0.00%"
"10/10/2017","5.011","5.011","5.011","5.011","4.19K","0.00%"
"10/09/2017","5.011","4.951","5.184","4.942","10.51K","-3.02%"
"10/08/2017","5.167","5.184","5.184","5.184","0.52K","0.00%"
"10/04/2017","5.167","5.098","5.253","5.063","9.56K","1.87%"
"10/03/2017","5.072","5.063","5.098","5.063","2.35K","-1.99%"
"10/02/2017","5.175","5.184","5.184","5.141","6.71K","4.71%"
"09/28/2017","4.942","4.951","5.098","4.951","1.45K","0.00%"
"09/27/2017","4.942","4.925","4.925","4.925","1.62K","0.00%"
"09/26/2017","4.942","4.925","4.925","4.925","0.39K","0.00%"
"09/25/2017","4.942","4.925","4.951","4.925","6.85K","-3.06%"
"09/24/2017","5.098","5.098","5.098","5.098","9.26K","0.00%"
"09/19/2017","5.098","5.098","5.098","5.098","11.12K","5.37%"
"09/17/2017","4.838","4.977","4.977","4.977","1.60K","0.00%"
"09/14/2017","4.838","4.838","4.838","4.838","2.80K","0.35%"
"09/13/2017","4.821","4.795","4.838","4.795","20.72K","-3.13%"
"09/12/2017","4.977","4.847","5.011","4.838","19.40K","0.53%"
"09/11/2017","4.951","4.838","4.838","4.838","1.16K","0.00%"
"09/10/2017","4.951","4.838","5.020","4.752","3.76K","2.70%"
"09/07/2017","4.821","4.838","5.011","4.761","20.91K","-1.07%"
"09/06/2017","4.873","4.968","4.968","4.838","14.93K","0.72%"
"09/05/2017","4.838","4.838","4.847","4.838","3.47K","-3.28%"
"08/30/2017","5.002","4.968","5.175","4.830","2.10K","0.34%"
"08/27/2017","4.985","4.925","4.925","4.856","1.16K","0.00%"
"08/24/2017","4.985","4.925","4.925","4.925","0.29K","0.00%"
"08/23/2017","4.985","5.011","5.011","4.925","18.80K","-1.54%"
"08/22/2017","5.063","5.011","5.184","5.011","18.87K","-2.33%"
"08/21/2017","5.184","5.193","5.193","5.184","11.77K","-2.28%"
"08/20/2017","5.305","5.443","5.616","5.184","15.06K","2.33%"
"08/17/2017","5.184","4.864","5.184","4.864","174.29K","-0.99%"
"08/16/2017","5.236","5.486","5.486","5.158","25.52K","-8.17%"
"08/15/2017","5.702","5.962","5.970","5.478","32.44K","4.93%"
"08/14/2017","5.434","5.089","5.478","5.089","61.61K","9.01%"
"08/13/2017","4.985","5.011","5.011","4.882","14.57K","-0.52%"
"08/10/2017","5.011","4.847","5.011","4.847","22.60K","0.00%"
"08/09/2017","5.011","5.011","5.011","5.011","24.59K","0.00%"
"08/08/2017","5.011","5.011","5.020","5.011","19.97K","0.00%"
"08/07/2017","5.011","5.011","5.011","5.011","22.07K","0.18%"
"08/06/2017","5.002","4.925","5.011","4.925","4.66K","-1.03%"
"08/03/2017","5.054","5.080","5.098","5.011","13.59K","1.20%"
"08/02/2017","4.994","4.925","5.089","4.925","37.38K","1.59%"
"08/01/2017","4.916","4.795","5.002","4.795","23.29K","-1.05%"
"07/31/2017","4.968","4.968","5.011","4.752","35.61K","-0.52%"
"07/30/2017","4.994","5.011","5.020","4.683","58.73K","-0.16%"
"07/27/2017","5.002","4.838","5.046","4.838","66.53K","6.43%"
"07/26/2017","4.700","4.700","4.700","4.700","14.64K","9.89%"
"07/25/2017","4.277","4.277","4.277","4.277","5.15K","10.01%"
"07/20/2017","3.888","3.724","3.966","3.724","1.30K","0.00%"
"07/19/2017","3.888","3.732","3.732","3.732","0.09K","0.00%"
"07/18/2017","3.888","3.888","3.888","3.879","5.75K","0.00%"
"07/17/2017","3.888","3.888","3.897","3.888","4.05K","0.44%"
"07/13/2017","3.871","3.663","3.992","3.663","3.64K","2.06%"
"07/12/2017","3.793","3.802","3.845","3.637","24.99K","-1.56%"
"07/11/2017","3.853","3.931","3.931","3.802","3.72K","-3.04%"
"07/10/2017","3.974","3.940","3.974","3.940","7.41K","5.75%"
"07/09/2017","3.758","3.758","3.888","3.620","8.10K","-1.60%"
"07/06/2017","3.819","3.758","3.836","3.758","10.23K","2.80%"
"07/05/2017","3.715","3.715","3.724","3.715","3.08K","-0.93%"
"07/03/2017","3.750","3.689","3.784","3.681","6.57K","0.48%"
"07/02/2017","3.732","3.672","3.784","3.672","5.79K","1.88%"
"06/28/2017","3.663","3.620","3.758","3.611","1.51K","0.00%"
"06/22/2017","3.663","3.629","3.629","3.629","1.16K","0.00%"
"06/20/2017","3.663","3.586","3.827","3.586","4.51K","2.15%"
"06/19/2017","3.586","3.698","3.698","3.629","0.87K","0.00%"
"06/18/2017","3.586","3.629","3.629","3.629","1.04K","0.00%"
"06/15/2017","3.586","3.577","3.577","3.577","0.21K","0.00%"
"06/13/2017","3.586","3.560","3.560","3.560","0.10K","0.00%"
"06/12/2017","3.586","3.629","3.637","3.551","9.97K","-2.79%"
"06/11/2017","3.689","3.508","3.845","3.499","7.64K","5.43%"
"06/08/2017","3.499","3.542","3.542","3.456","4.76K","0.23%"
"06/07/2017","3.491","3.542","3.715","3.542","1.74K","0.00%"
"06/01/2017","3.491","3.516","3.516","3.516","2.31K","0.00%"
"05/31/2017","3.491","3.525","3.525","3.482","6.94K","-1.22%"
"05/30/2017","3.534","3.516","3.542","3.516","3.91K","-0.48%"
"05/29/2017","3.551","3.516","3.516","3.499","2.60K","0.00%"
"05/25/2017","3.551","3.681","3.681","3.681","1.86K","0.00%"
"05/24/2017","3.551","3.603","3.603","3.603","2.31K","0.00%"
"05/23/2017","3.551","3.542","3.542","3.542","0.02K","0.00%"
"05/22/2017","3.551","3.629","3.629","3.542","15.43K","-4.41%"
"05/21/2017","3.715","3.724","3.724","3.689","9.49K","0.92%"
"05/18/2017","3.681","3.707","3.707","3.663","6.39K","-3.61%"
"05/16/2017","3.819","3.819","3.845","3.750","6.37K","-1.11%"
"05/15/2017","3.862","3.974","3.974","3.810","4.26K","-2.82%"
"05/14/2017","3.974","3.931","4.208","3.810","30.64K","1.77%"
"05/11/2017","3.905","3.948","3.948","3.845","4.58K","-7.38%"
"05/10/2017","4.216","4.234","4.251","3.871","6.08K","0.19%"
"05/09/2017","4.208","4.061","4.320","4.061","30.60K","7.05%"
"05/08/2017","3.931","3.715","4.018","3.715","28.85K","6.30%"
"05/07/2017","3.698","3.715","3.715","3.672","6.37K","-3.82%"
"05/04/2017","3.845","3.802","3.888","3.715","24.10K","3.03%"
"05/03/2017","3.732","3.629","3.879","3.629","19.46K","3.58%"
"05/02/2017","3.603","3.611","3.655","3.586","9.33K","2.97%"
"04/30/2017","3.499","3.629","3.629","3.629","1.68K","0.00%"
"04/27/2017","3.499","3.586","3.663","3.421","5.21K","2.79%"
"04/26/2017","3.404","3.404","3.404","3.404","3.63K","0.00%"
"04/24/2017","3.404","3.387","3.404","3.387","2.15K","0.00%"
"04/23/2017","3.404","3.542","3.741","3.361","2.75K","0.00%"
"04/20/2017","3.404","3.395","3.456","3.352","9.26K","-2.49%"
"04/19/2017","3.491","3.508","3.508","3.473","8.29K","-1.94%"
"04/18/2017","3.560","3.586","3.586","3.525","11.83K","-0.73%"
"04/13/2017","3.586","3.629","3.629","3.568","33.87K","-2.10%"
"04/12/2017","3.663","3.827","3.845","3.586","10.61K","-1.64%"
"04/11/2017","3.724","3.456","3.827","3.456","36.80K","6.95%"
"04/10/2017","3.482","3.508","3.516","3.456","11.86K","0.75%"
"04/09/2017","3.456","3.378","3.542","3.370","4.20K","0.49%"
"04/06/2017","3.439","3.404","3.542","3.395","34.10K","-0.98%"
"04/05/2017","3.473","3.413","3.456","3.413","0.80K","0.00%"
"04/04/2017","3.473","3.542","3.603","3.456","5.32K","-1.22%"
"04/03/2017","3.516","3.542","3.560","3.456","18.16K","0.72%"
"04/02/2017","3.491","3.456","3.542","3.413","5.90K","-0.96%"
"03/30/2017","3.525","3.516","3.620","3.404","14.37K","1.50%"
"03/29/2017","3.473","3.473","3.508","3.456","10.37K","3.06%"
"03/28/2017","3.370","3.257","3.586","3.240","16.75K","-6.02%"
"03/27/2017","3.586","3.715","3.715","3.465","42.68K","-4.80%"
"03/26/2017","3.767","3.707","3.940","3.689","24.43K","5.05%"
"03/23/2017","3.586","3.456","3.724","3.456","40.64K","4.82%"
"03/22/2017","3.421","3.370","3.542","3.283","62.42K","6.14%"
"03/21/2017","3.223","3.179","3.266","3.171","47.43K","8.45%"
"03/20/2017","2.972","3.050","3.050","2.946","12.73K","-3.91%"
"03/19/2017","3.093","3.214","3.240","3.033","8.12K","-2.46%"
"03/16/2017","3.171","3.162","3.214","3.162","4.27K","0.54%"
"03/15/2017","3.154","3.162","3.179","3.024","10.99K","3.99%"
"03/14/2017","3.033","2.972","2.972","2.972","1.16K","0.00%"
"03/12/2017","3.033","3.084","3.084","2.981","32.89K","3.55%"
"03/09/2017","2.929","2.860","3.024","2.860","25.98K","2.74%"
"03/08/2017","2.851","2.860","2.903","2.851","1.77K","0.00%"
"03/07/2017","2.851","2.860","2.860","2.851","9.31K","-1.49%"
"03/06/2017","2.894","2.843","2.972","2.843","12.03K","1.19%"
"03/05/2017","2.860","2.851","2.972","2.834","13.91K","1.53%"
"03/02/2017","2.817","2.938","2.938","2.765","190.46K","-5.75%"
"03/01/2017","2.989","2.989","2.989","2.773","0.64K","0.00%"
"02/27/2017","2.989","3.033","3.033","2.981","4.32K","-3.36%"
"02/23/2017","3.093","3.110","3.110","3.033","10.92K","-2.18%"
"02/22/2017","3.162","3.326","3.326","3.154","7.80K","-3.18%"
"02/21/2017","3.266","3.266","3.300","3.257","15.00K","1.90%"
"02/20/2017","3.205","3.188","3.266","3.179","6.48K","1.07%"
"02/19/2017","3.171","3.119","3.275","3.119","6.59K","1.96%"
"02/16/2017","3.110","2.989","3.188","2.981","10.13K","2.84%"
"02/15/2017","3.024","3.110","3.110","2.981","7.77K","1.44%"
"02/14/2017","2.981","2.981","2.981","2.981","4.56K","-1.42%"
"02/13/2017","3.024","3.024","3.024","3.024","16.68K","1.75%"
"02/12/2017","2.972","3.050","3.275","2.920","55.56K","-2.56%"
"02/09/2017","3.050","3.033","3.110","3.033","1.39K","0.00%"
"02/08/2017","3.050","3.154","3.179","3.024","51.53K","-2.49%"
"02/07/2017","3.128","3.309","3.370","3.024","59.45K","-2.68%"
"02/06/2017","3.214","3.283","3.283","3.154","4.28K","-0.28%"
"02/05/2017","3.223","3.283","3.300","3.136","9.72K","-1.59%"
"02/02/2017","3.275","3.283","3.309","3.283","1.78K","0.00%"
"02/01/2017","3.275","3.240","3.240","3.240","0.29K","0.00%"
"01/31/2017","3.275","3.283","3.283","3.249","27.78K","-1.30%"
"01/30/2017","3.318","3.300","3.361","3.283","38.51K","0.55%"
"01/29/2017","3.300","3.309","3.326","3.214","8.99K","0.52%"
"01/26/2017","3.283","3.283","3.283","3.283","6.28K","5.56%"
"01/24/2017","3.110","3.197","3.240","3.197","2.73K","0.00%"
"01/23/2017","3.110","3.110","3.128","3.110","4.43K","-1.64%"
"01/19/2017","3.162","3.378","3.378","3.145","9.00K","-6.64%"
"01/18/2017","3.387","3.456","3.465","3.318","12.05K","-0.76%"
"01/17/2017","3.413","3.413","3.413","3.378","1.36K","0.00%"
"01/16/2017","3.413","3.395","3.482","3.395","6.94K","3.96%"
"01/15/2017","3.283","3.309","3.309","3.283","4.47K","0.80%"
"01/12/2017","3.257","3.223","3.275","3.162","17.52K","0.25%"
"01/11/2017","3.249","3.257","3.257","3.249","14.21K","-1.31%"
"01/10/2017","3.292","3.249","3.292","3.249","968.61K","0.00%"
"01/09/2017","3.292","3.240","3.352","3.231","1.44K","0.00%"
"01/08/2017","3.292","3.335","3.335","3.292","4.20K","0.80%"
"01/05/2017","3.266","3.283","3.300","3.205","4.77K","-1.03%"
"01/04/2017","3.300","3.370","3.370","3.283","19.44K","-2.08%"
"01/03/2017","3.370","3.370","3.370","3.370","57.87K","-0.50%"
"12/29/2016","3.387","3.387","3.387","3.370","6.37K","-1.51%"
"12/28/2016","3.439","3.413","3.456","3.162","39.46K","0.00%"
"12/27/2016","3.439","3.534","3.534","3.413","8.94K","-0.23%"
"12/26/2016","3.447","3.387","3.456","3.387","22.57K","0.23%"
"12/25/2016","3.439","3.413","3.447","3.413","60.38K","-0.23%"
"12/22/2016","3.447","3.534","3.542","3.370","38.78K","1.00%"
"12/21/2016","3.413","3.499","3.611","3.387","29.64K","-1.50%"
"12/20/2016","3.465","3.395","3.499","3.395","64.26K","5.54%"
"12/19/2016","3.283","3.318","3.387","3.162","94.39K","3.53%"
"12/18/2016","3.171","3.154","3.214","3.110","64.88K","2.82%"
"12/15/2016","3.084","3.007","3.145","3.007","62.67K","5.29%"
"12/14/2016","2.929","2.868","2.868","2.868","1.16K","0.00%"
"12/13/2016","2.929","2.938","2.938","2.894","17.25K","-1.15%"
"12/12/2016","2.963","2.981","3.093","2.860","25.30K","-1.17%"
"12/08/2016","2.998","3.033","3.102","2.903","3.44K","-1.70%"
"12/07/2016","3.050","3.154","3.179","2.894","31.05K","-3.02%"
"12/06/2016","3.145","2.972","3.223","2.877","26.74K","5.50%"
"12/05/2016","2.981","2.981","2.981","2.981","98.29K","0.00%"
"12/04/2016","2.981","3.050","3.110","2.920","57.82K","-3.34%"
"12/01/2016","3.084","3.076","3.179","3.041","20.88K","-4.04%"
"11/30/2016","3.214","3.119","3.335","3.119","31.88K","5.38%"
"11/29/2016","3.050","3.197","3.197","3.024","84.63K","-4.84%"
"11/28/2016","3.205","3.456","3.456","3.110","50.22K","-6.80%"
"11/27/2016","3.439","3.473","3.508","3.370","62.85K","3.40%"
"11/24/2016","3.326","3.491","3.551","3.188","397.81K","-5.89%"
"11/23/2016","3.534","3.534","3.534","3.534","396.33K","0.00%"
"11/22/2016","3.534","3.534","3.534","3.534","80.83K","9.96%"
"11/21/2016","3.214","3.214","3.214","3.214","70.51K","9.73%"
"11/20/2016","2.929","2.722","2.929","2.722","563.49K","9.70%"
"11/17/2016","2.670","2.575","2.670","2.575","271.19K","9.97%"
"11/16/2016","2.428","2.350","2.436","2.298","173.48K","9.37%"
"11/15/2016","2.220","2.160","2.290","2.160","63.92K","3.21%"
"11/14/2016","2.151","2.151","2.246","2.074","101.63K","2.04%"
"11/13/2016","2.108","2.048","2.143","2.039","154.94K","7.94%"
"11/10/2016","1.953","1.901","2.082","1.901","477.90K","0.93%"
"11/09/2016","1.935","1.875","1.875","1.875","1.09K","0.00%"
"11/08/2016","1.935","1.883","1.970","1.858","336.70K","0.42%"
"11/07/2016","1.927","1.918","2.030","1.918","357.59K","1.37%"
"11/06/2016","1.901","1.858","2.022","1.858","37.84K","2.81%"
"11/03/2016","1.849","1.780","1.875","1.780","159.78K","4.40%"
"11/02/2016","1.771","1.771","1.771","1.771","8.07K","0.00%"
"11/01/2016","1.771","1.780","1.780","1.754","21.78K","0.97%"
"10/30/2016","1.754","1.754","1.788","1.737","15.27K","1.50%"
"10/27/2016","1.728","1.728","1.771","1.728","105.76K","-0.52%"
"10/26/2016","1.737","1.728","1.840","1.719","101.47K","-0.97%"
"10/25/2016","1.754","1.771","1.797","1.728","98.37K","-2.39%"
"10/24/2016","1.797","1.823","1.823","1.771","44.72K","-2.81%"
"10/23/2016","1.849","1.814","1.892","1.814","26.62K","2.38%"
"10/20/2016","1.806","1.711","1.814","1.711","35.15K","0.50%"
"10/19/2016","1.797","1.711","1.711","1.702","2.73K","0.00%"
"10/18/2016","1.797","1.737","1.737","1.685","2.89K","0.00%"
"10/17/2016","1.797","1.814","1.832","1.685","173.20K","-2.34%"
"10/16/2016","1.840","1.909","1.909","1.737","158.47K","-2.75%"
"10/13/2016","1.892","1.858","1.961","1.858","29.11K","2.33%"
"10/12/2016","1.849","1.858","1.858","1.858","2.56K","0.00%"
"10/11/2016","1.849","1.858","1.858","1.814","34.84K","1.43%"
"10/10/2016","1.823","1.814","1.823","1.814","90.00K","-2.30%"
"10/09/2016","1.866","1.901","1.961","1.814","31.60K","1.41%"
"10/05/2016","1.840","1.771","1.883","1.771","25.98K","3.90%"
"10/04/2016","1.771","1.771","1.771","1.754","15.97K","-1.94%"
"10/03/2016","1.806","1.771","1.814","1.771","27.31K","4.51%"
"09/29/2016","1.728","1.728","1.728","1.728","12.44K","0.00%"
"09/28/2016","1.728","1.728","1.728","1.728","36.05K","0.00%"
"09/27/2016","1.728","1.711","1.728","1.711","62.62K","-0.52%"
"09/26/2016","1.737","1.728","1.771","1.711","51.88K","0.00%"
"09/25/2016","1.737","1.814","1.814","1.728","20.51K","-4.24%"
"09/22/2016","1.814","1.814","1.814","1.797","39.58K","0.00%"
"09/21/2016","1.814","1.840","1.840","1.797","27.78K","-2.79%"
"09/20/2016","1.866","1.866","1.892","1.849","46.36K","-0.48%"
"09/19/2016","1.875","1.875","1.901","1.849","55.28K","-1.37%"
"09/18/2016","1.901","1.918","1.918","1.875","14.88K","-0.89%"
"09/15/2016","1.918","2.039","2.039","1.901","29.18K","-0.88%"
"09/14/2016","1.935","1.935","1.979","1.901","14.25K","-3.44%"
"09/08/2016","2.004","2.056","2.074","1.944","85.37K","-5.34%"
"09/06/2016","2.117","2.074","2.074","2.039","2.03K","0.00%"
"09/05/2016","2.117","2.039","2.065","2.039","3.82K","0.00%"
"09/04/2016","2.117","2.117","2.117","2.117","4.51K","0.00%"
"09/01/2016","2.117","2.117","2.117","2.117","1.50K","0.00%"
"08/31/2016","2.117","2.160","2.160","2.074","19.57K","-2.76%"
"08/30/2016","2.177","2.186","2.203","2.143","33.02K","-1.18%"
"08/29/2016","2.203","2.220","2.220","2.195","61.92K","-3.04%"
"08/25/2016","2.272","2.255","2.264","2.229","2.43K","0.00%"
"08/23/2016","2.272","2.290","2.333","2.246","108.52K","-1.86%"
"08/22/2016","2.315","2.307","2.333","2.264","58.35K","3.07%"
"08/21/2016","2.246","2.238","2.238","2.238","1.16K","0.00%"
"08/18/2016","2.246","2.281","2.324","2.246","120.54K","-2.98%"
"08/17/2016","2.315","2.290","2.290","2.264","0.29K","0.00%"
"08/16/2016","2.315","2.324","2.333","2.290","17.52K","-0.77%"
"08/15/2016","2.333","2.324","2.324","2.324","2.25K","0.00%"
"08/14/2016","2.333","2.333","2.333","2.333","17.08K","0.00%"
"08/11/2016","2.333","2.333","2.350","2.324","21.22K","0.00%"
"08/10/2016","2.333","2.419","2.419","2.419","1.16K","0.00%"
"08/09/2016","2.333","2.376","2.376","2.333","49.93K","-2.18%"
"08/08/2016","2.385","2.428","2.428","2.376","8.73K","0.38%"
"08/07/2016","2.376","2.350","2.428","2.350","2.59K","0.00%"
"08/04/2016","2.376","2.385","2.385","2.350","12.29K","0.00%"
"08/03/2016","2.376","2.376","2.385","2.376","65.61K","-0.71%"
"08/01/2016","2.393","2.419","2.419","2.341","53.04K","-1.07%"
"07/31/2016","2.419","2.445","2.480","2.393","39.32K","0.00%"
"07/28/2016","2.419","2.445","2.462","2.402","23.17K","-1.43%"
"07/27/2016","2.454","2.523","2.575","2.445","100.92K","0.37%"
"07/25/2016","2.445","2.436","2.462","2.428","3.70K","0.00%"
"07/24/2016","2.445","2.445","2.454","2.436","9.04K","-0.37%"
"07/21/2016","2.454","2.436","2.462","2.436","4.51K","-3.39%"
"07/20/2016","2.540","2.488","2.488","2.488","0.25K","0.00%"
"07/19/2016","2.540","2.445","2.462","2.445","0.30K","0.00%"
"07/18/2016","2.540","2.445","2.445","2.445","0.21K","0.00%"
"07/14/2016","2.540","2.523","2.549","2.523","5.21K","1.03%"
"07/12/2016","2.514","2.471","2.471","2.445","3.53K","0.00%"
"07/11/2016","2.514","2.575","2.575","2.462","12.69K","-2.37%"
"07/10/2016","2.575","2.575","2.575","2.575","5.63K","-3.23%"
"07/04/2016","2.661","2.566","2.566","2.566","1.68K","0.00%"
"06/27/2016","2.661","2.488","2.488","2.488","3.47K","0.00%"
"06/26/2016","2.661","2.419","2.419","2.419","1.79K","0.00%"
"06/23/2016","2.661","2.428","2.445","2.428","0.87K","0.00%"
"06/22/2016","2.661","2.644","2.661","2.635","115.74K","0.00%"
"06/21/2016","2.661","2.592","2.722","2.514","101.39K","-0.97%"
"06/20/2016","2.687","2.592","2.765","2.592","70.60K","-2.18%"
"06/19/2016","2.747","2.696","2.773","2.557","84.65K","8.88%"
"06/14/2016","2.523","2.514","2.514","2.506","3.94K","0.00%"
"06/13/2016","2.523","2.531","2.531","2.514","6.37K","-1.02%"
"06/08/2016","2.549","2.592","2.592","2.506","26.21K","-2.30%"
"06/07/2016","2.609","2.592","2.592","2.575","3.14K","0.00%"
"06/01/2016","2.609","2.592","2.704","2.583","35.67K","0.66%"
"05/31/2016","2.592","2.592","2.592","2.531","26.62K","-0.65%"
"05/30/2016","2.609","2.713","2.713","2.592","124.42K","-5.33%"
"05/29/2016","2.756","2.713","2.713","2.713","1.11K","0.00%"
"05/26/2016","2.756","2.808","2.817","2.722","67.05K","-3.06%"
"05/25/2016","2.843","2.843","2.843","2.843","1.17K","0.00%"
"05/24/2016","2.843","2.851","2.920","2.782","9.30K","-0.28%"
"05/23/2016","2.851","2.851","2.851","2.851","8.03K","-0.90%"
"05/19/2016","2.877","2.877","2.877","2.851","34.72K","-0.31%"
"05/18/2016","2.886","2.938","2.938","2.868","58.44K","-1.47%"
"05/17/2016","2.929","2.843","2.938","2.843","1.48K","0.00%"
"05/16/2016","2.929","2.929","2.929","2.929","3.82K","1.49%"
"05/12/2016","2.886","2.894","2.894","2.851","14.07K","0.63%"
"05/11/2016","2.868","2.877","2.903","2.851","7.22K","-1.21%"
"05/10/2016","2.903","2.877","2.981","2.877","3.47K","0.00%"
"05/09/2016","2.903","2.938","2.938","2.938","2.31K","0.00%"
"05/04/2016","2.903","2.851","2.851","2.843","1.68K","0.00%"
"05/03/2016","2.903","2.920","2.920","2.894","27.54K","-2.62%"
"04/28/2016","2.981","2.981","2.981","2.903","31.40K","-0.57%"
"04/27/2016","2.998","2.998","3.007","2.989","4.05K","-1.15%"
"04/26/2016","3.033","3.007","3.084","2.981","2.46K","0.00%"
"04/24/2016","3.033","3.102","3.102","2.998","30.17K","-1.65%"
"04/21/2016","3.084","3.093","3.102","3.041","7.18K","0.00%"
"04/20/2016","3.084","3.093","3.154","3.024","97.49K","1.98%"
"04/19/2016","3.024","2.981","3.093","2.981","30.60K","1.75%"
"04/17/2016","2.972","2.963","2.989","2.963","2.37K","0.00%"
"04/14/2016","2.972","3.024","3.024","2.894","16.83K","0.00%"
"04/13/2016","2.972","2.955","2.955","2.955","0.58K","0.00%"
"04/11/2016","2.972","2.929","2.929","2.920","0.39K","0.00%"
"04/10/2016","2.972","3.007","3.007","2.938","20.19K","-2.27%"
"04/07/2016","3.041","3.179","3.179","3.007","2.49K","0.00%"
"04/06/2016","3.041","3.084","3.084","2.972","32.83K","-0.85%"
"04/05/2016","3.067","3.050","3.214","3.050","5.73K","0.26%"
"04/04/2016","3.059","3.076","3.076","3.033","8.10K","-1.64%"
"04/03/2016","3.110","3.110","3.110","3.076","50.75K","0.00%"
"03/31/2016","3.110","3.110","3.128","3.110","8.25K","0.00%"
"03/30/2016","3.110","3.110","3.110","3.102","22.80K","-0.29%"
"03/29/2016","3.119","3.171","3.171","3.110","77.13K","-3.23%"
"03/28/2016","3.223","3.231","3.326","3.119","27.78K","3.04%"
"03/27/2016","3.128","3.171","3.171","3.110","9.76K","-0.82%"
"03/24/2016","3.154","3.171","3.231","3.110","51.97K","1.41%"
"03/23/2016","3.110","3.119","3.154","3.067","36.69K","0.26%"
"03/22/2016","3.102","3.110","3.179","3.059","17.04K","0.58%"
"03/21/2016","3.084","3.059","3.110","3.050","44.42K","-0.84%"
"03/20/2016","3.110","3.179","3.188","3.050","10.52K","0.00%"
"03/17/2016","3.110","3.110","3.145","3.093","15.45K","0.55%"
"03/16/2016","3.093","3.067","3.154","3.050","59.76K","-0.29%"
"03/15/2016","3.102","3.102","3.110","3.067","14.69K","2.27%"
"03/14/2016","3.033","3.102","3.110","3.024","103.02K","-1.11%"
"03/13/2016","3.067","3.024","3.110","3.024","6.06K","1.12%"
"03/10/2016","3.033","3.067","3.067","2.981","49.15K","-0.85%"
"03/09/2016","3.059","3.110","3.110","3.024","11.07K","-1.92%"
"03/08/2016","3.119","3.154","3.154","3.059","16.03K","-3.23%"
"03/03/2016","3.223","3.084","3.275","3.084","8.28K","0.81%"
"03/02/2016","3.197","3.110","3.318","3.110","8.28K","5.13%"
"02/28/2016","3.041","3.084","3.084","3.033","5.49K","-0.30%"
"02/25/2016","3.050","3.076","3.179","3.059","2.74K","0.00%"
"02/24/2016","3.050","3.128","3.128","3.110","2.08K","0.00%"
"02/23/2016","3.050","3.067","3.067","3.024","12.37K","-1.68%"
"02/22/2016","3.102","3.162","3.275","3.067","15.00K","-2.42%"
"02/21/2016","3.179","3.154","3.370","3.119","6.31K","-2.66%"
"02/17/2016","3.266","3.110","3.326","3.110","2.44K","0.00%"
"02/14/2016","3.266","3.352","3.352","3.240","0.69K","0.00%"
"02/09/2016","3.266","3.300","3.300","3.240","4.35K","-1.03%"
"02/08/2016","3.300","3.283","3.326","3.283","3.79K","2.14%"
"02/07/2016","3.231","3.240","3.439","3.240","1.71K","0.00%"
"02/04/2016","3.231","3.456","3.456","3.205","26.02K","-2.86%"
"02/03/2016","3.326","3.335","3.335","3.283","18.24K","-4.48%"
"02/01/2016","3.482","3.456","3.456","3.456","1.04K","0.00%"
"01/31/2016","3.482","3.473","3.629","3.456","6.53K","-5.17%"
"01/28/2016","3.672","3.465","3.465","3.465","0.10K","0.00%"
"01/24/2016","3.672","3.335","3.335","3.335","0.56K","0.00%"
"01/20/2016","3.672","3.542","3.542","3.542","1.16K","0.00%"
"01/19/2016","3.672","3.534","3.542","3.534","1.12K","0.00%"
"01/18/2016","3.672","3.309","3.534","3.309","0.92K","0.00%"
"01/17/2016","3.672","3.378","3.378","3.370","1.16K","0.00%"
"01/13/2016","3.672","3.499","3.499","3.499","0.72K","0.00%"
"01/11/2016","3.672","3.672","3.672","3.672","7.82K","0.00%"
"01/10/2016","3.672","3.672","3.672","3.672","6.65K","0.71%"
"01/05/2016","3.646","3.672","3.923","3.672","2.23K","0.00%"
"01/04/2016","3.646","3.707","3.715","3.560","5.27K","3.17%"
"12/31/2015","3.534","3.776","3.776","3.750","1.50K","0.00%"
"12/29/2015","3.534","3.715","3.715","3.473","1.18K","0.00%"
"12/28/2015","3.534","3.473","3.473","3.473","0.71K","0.00%"
"12/27/2015","3.534","3.473","3.473","3.473","0.12K","0.00%"
"12/21/2015","3.534","3.473","3.560","3.473","3.04K","1.00%"
"12/20/2015","3.499","3.473","3.542","3.473","4.51K","-1.21%"
"12/17/2015","3.542","3.586","3.802","3.378","6.02K","-4.89%"
"12/15/2015","3.724","3.629","3.629","3.560","1.48K","0.00%"
"12/10/2015","3.724","3.802","3.802","3.715","1.74K","0.00%"
"12/09/2015","3.724","3.646","3.646","3.646","0.51K","0.00%"
"12/08/2015","3.724","3.629","3.637","3.629","0.85K","0.00%"
"12/07/2015","3.724","3.629","4.087","3.629","12.82K","-4.22%"
"12/03/2015","3.888","3.888","3.905","3.724","723.16K","0.00%"
"12/02/2015","3.888","3.888","3.888","3.888","5.16K","4.88%"
"12/01/2015","3.707","3.672","3.715","3.672","2.89K","0.00%"
"11/29/2015","3.707","3.715","3.715","3.689","3.39K","0.49%"
"11/26/2015","3.689","4.018","4.018","4.018","2.34K","0.00%"
"11/25/2015","3.689","3.974","4.052","3.974","1.05K","0.00%"
"11/22/2015","3.689","3.681","3.681","3.681","0.58K","0.00%"
"11/18/2015","3.689","3.715","3.715","3.663","9.78K","-6.77%"
"11/17/2015","3.957","4.035","4.035","3.802","5.52K","-2.56%"
"11/11/2015","4.061","4.035","4.035","4.035","1.10K","0.00%"
"11/10/2015","4.061","4.061","4.061","4.061","14.78K","-0.64%"
"11/09/2015","4.087","4.087","4.087","4.087","0.28K","0.00%"
"11/05/2015","4.087","4.087","4.113","4.061","10.07K","-3.65%"
"11/04/2015","4.242","4.320","4.320","4.277","1.39K","0.00%"
"11/03/2015","4.242","4.234","4.450","4.035","1.42K","0.00%"
"11/02/2015","4.242","4.527","4.527","4.527","0.12K","0.00%"
"11/01/2015","4.242","4.035","4.035","4.035","0.00K","0.00%"
"10/29/2015","4.242","4.320","4.320","4.164","15.35K","-0.82%"
"10/28/2015","4.277","4.329","4.329","4.234","8.40K","-7.46%"
"10/27/2015","4.622","4.666","4.666","4.622","0.80K","0.00%"
"10/20/2015","4.622","4.285","4.285","4.285","0.14K","0.00%"
"10/18/2015","4.622","4.182","4.536","4.182","0.18K","0.00%"
"10/12/2015","4.622","5.046","5.046","5.046","0.29K","0.00%"
"10/05/2015","4.622","4.501","4.501","4.501","0.08K","0.00%"
"10/04/2015","4.622","4.761","4.761","4.545","2.01K","0.00%"
"09/22/2015","4.622","4.622","5.046","4.622","0.23K","0.00%"
"09/14/2015","4.622","4.977","5.028","4.977","1.16K","0.00%"
"09/10/2015","4.622","4.933","4.933","4.622","166.55K","1.52%"
"09/08/2015","4.553","4.622","4.622","4.536","7.64K","1.16%"
"09/07/2015","4.501","4.666","4.666","4.666","0.23K","0.00%"
"09/02/2015","4.501","4.501","4.916","4.493","1.25K","0.00%"
"09/01/2015","4.501","4.501","4.501","4.493","2.31K","-4.05%"
"08/31/2015","4.691","4.355","5.002","4.355","17.47K","-3.04%"
"08/25/2015","4.838","4.571","4.571","4.571","0.23K","0.00%"
"08/24/2015","4.838","4.363","4.363","4.363","1.65K","0.00%"
"08/23/2015","4.838","4.355","4.355","4.355","0.46K","0.00%"
"08/16/2015","4.838","4.838","4.838","4.838","10.73K","1.07%"
"08/13/2015","4.787","4.856","4.856","4.752","28.94K","-2.62%"
"08/12/2015","4.916","4.968","4.968","4.838","13.95K","-1.72%"
"08/09/2015","5.002","4.968","5.141","4.968","4.63K","0.50%"
"08/05/2015","4.977","4.968","5.002","4.968","2.99K","-3.83%"
"08/04/2015","5.175","4.968","5.184","4.968","5.09K","0.00%"
"07/30/2015","5.175","5.080","5.314","5.080","28.94K","6.97%"
"07/26/2015","4.838","4.838","4.838","4.838","0.61K","0.00%"
"07/16/2015","4.838","4.847","4.847","4.838","7.58K","2.37%"
"07/15/2015","4.726","4.838","4.838","4.838","0.66K","0.00%"
"07/14/2015","4.726","4.838","4.838","4.838","1.28K","0.00%"
"07/12/2015","4.726","4.838","4.838","4.838","0.73K","0.00%"
"07/09/2015","4.726","4.838","4.838","4.838","0.58K","0.00%"
"07/08/2015","4.726","4.907","4.968","4.493","2.31K","-4.87%"
"07/07/2015","4.968","4.968","4.968","4.968","1.57K","0.00%"
"06/29/2015","4.968","4.977","4.977","4.968","5.79K","-3.85%"
"06/28/2015","5.167","4.968","5.011","4.968","0.13K","0.00%"
"06/24/2015","5.167","5.167","5.175","5.167","3.13K","3.65%"
"06/23/2015","4.985","4.977","5.123","4.968","11.12K","2.11%"
"06/22/2015","4.882","4.882","4.890","4.882","2.16K","-5.83%"
"06/21/2015","5.184","5.184","5.339","5.184","23.19K","-0.17%"
"06/18/2015","5.193","5.175","5.348","5.141","13.29K","0.68%"
"06/16/2015","5.158","5.184","5.184","5.011","7.96K","3.64%"
"06/14/2015","4.977","5.011","5.011","4.968","4.66K","-3.02%"
"06/11/2015","5.132","5.175","5.184","4.951","2.27K","-0.83%"
"06/10/2015","5.175","4.985","4.985","4.977","1.16K","0.00%"
"06/09/2015","5.175","5.184","5.184","5.167","3.53K","4.36%"
"06/08/2015","4.959","5.175","5.175","4.933","5.19K","-4.34%"
"06/07/2015","5.184","4.778","4.968","4.778","0.26K","0.00%"
"06/04/2015","5.184","5.184","5.184","5.184","11.22K","0.00%"
"06/03/2015","5.184","5.210","5.210","5.184","2.31K","-3.37%"
"06/02/2015","5.365","5.270","5.270","5.270","1.27K","0.00%"
"06/01/2015","5.365","5.530","5.530","5.184","8.65K","-2.98%"
"05/31/2015","5.530","5.538","5.538","5.530","10.65K","-2.43%"
"05/28/2015","5.668","5.495","5.547","5.495","0.69K","0.00%"
"05/27/2015","5.668","5.763","5.789","5.530","13.11K","1.87%"
"05/26/2015","5.564","5.573","5.616","5.530","9.24K","-1.68%"
"05/25/2015","5.659","5.659","5.659","5.659","1.16K","0.00%"
"05/24/2015","5.659","5.875","5.875","5.616","5.17K","-2.09%"
"05/20/2015","5.780","6.298","6.298","5.702","4.00K","-1.18%"
"05/18/2015","5.849","5.495","6.480","5.495","61.24K","-0.88%"
"05/17/2015","5.901","5.616","5.616","5.616","0.41K","-6.04%"
"05/14/2015","6.280","7.000","7.000","6.280","7.23K","4.74%"
"05/12/2015","5.996","6.394","6.394","6.394","0.51K","0.00%"
"05/11/2015","5.996","5.918","5.918","5.918","0.51K","0.00%"
"05/07/2015","5.996","6.048","6.048","5.918","4.74K","-2.12%"
"05/06/2015","6.126","6.048","6.307","6.048","2.06K","-5.46%"
"04/28/2015","6.480","6.057","6.057","5.918","0.73K","0.00%"
"04/27/2015","6.480","6.394","6.394","6.394","0.24K","0.00%"
"04/21/2015","6.480","6.480","6.480","6.437","34.74K","2.74%"
"04/20/2015","6.307","6.316","6.350","6.238","2.20K","-6.17%"
"04/15/2015","6.722","6.566","6.566","6.160","1.43K","0.00%"
"04/14/2015","6.722","6.653","6.653","6.653","1.16K","0.00%"
"04/09/2015","6.722","6.566","6.713","6.566","0.91K","0.00%"
"04/08/2015","6.722","6.696","6.739","6.696","2.49K","-1.64%"
"04/06/2015","6.834","7.249","7.258","6.592","1.39K","0.00%"
"04/05/2015","6.834","6.566","6.566","6.566","0.05K","0.00%"
"04/02/2015","6.834","7.024","7.024","6.575","5.71K","-5.95%"
"04/01/2015","7.266","7.387","7.387","7.007","1.85K","-4.55%"
"03/30/2015","7.612","7.430","7.776","7.430","2.36K","6.15%"
"03/29/2015","7.171","7.171","7.180","7.171","1.90K","0.24%"
"03/26/2015","7.154","7.344","7.344","7.093","3.45K","-5.37%"
"03/25/2015","7.560","7.690","7.690","7.517","2.44K","1.98%"
"03/23/2015","7.413","7.776","7.776","7.007","8.07K","-4.46%"
"03/22/2015","7.759","7.793","7.793","7.646","5.12K","-7.51%"
"03/19/2015","8.389","8.026","8.640","7.871","11.83K","3.62%"
"03/18/2015","8.096","8.026","8.026","7.802","0.85K","0.00%"
"03/17/2015","8.096","8.087","8.096","8.087","0.58K","0.00%"
"03/16/2015","8.096","8.096","8.096","8.096","4.40K","2.74%"
"03/15/2015","7.880","7.707","8.096","7.707","1.03K","0.00%"
"03/12/2015","7.880","8.052","8.052","7.698","3.40K","-7.78%"
"03/11/2015","8.545","8.510","8.553","8.510","19.11K","9.89%"
"03/10/2015","7.776","7.776","7.862","7.776","794.57K","-0.33%"
"03/09/2015","7.802","7.776","7.776","7.776","0.34K","0.00%"
"03/08/2015","7.802","7.862","7.862","7.862","0.46K","0.00%"
"03/05/2015","7.802","7.776","7.819","7.776","1.73K","0.33%"
"03/03/2015","7.776","7.776","7.776","7.776","127.32K","0.00%"
"02/26/2015","7.776","7.776","7.776","7.776","321.21K","3.21%"
"02/24/2015","7.534","7.603","7.603","7.603","0.68K","0.00%"
"02/22/2015","7.534","7.543","7.560","7.517","6.75K","-0.46%"
"02/19/2015","7.569","7.646","7.646","7.517","1.54K","-2.66%"
"02/16/2015","7.776","7.810","7.810","7.776","9.26K","-0.33%"
"02/15/2015","7.802","8.277","8.277","8.277","0.01K","0.00%"
"02/12/2015","7.802","7.802","7.802","7.793","1.39K","-1.53%"
"02/11/2015","7.923","7.949","7.949","7.906","4.63K","-1.28%"
"02/10/2015","8.026","8.035","8.035","8.009","2.31K","-2.01%"
"02/09/2015","8.191","8.234","8.234","8.122","2.31K","-1.15%"
"02/08/2015","8.286","8.294","8.294","8.251","14.70K","-0.10%"
"02/04/2015","8.294","8.294","8.294","8.225","154.57K","0.41%"
"02/03/2015","8.260","8.182","8.182","8.173","0.46K","0.00%"
"02/02/2015","8.260","8.122","8.122","8.026","1.16K","0.00%"
"02/01/2015","8.260","8.001","8.001","7.992","0.76K","0.00%"
"01/28/2015","8.260","8.372","8.381","7.949","2.59K","4.48%"
"01/26/2015","7.906","7.871","8.467","7.698","5.83K","1.67%"
"01/22/2015","7.776","7.690","7.776","7.690","301.70K","0.00%"
"01/21/2015","7.776","7.776","8.191","7.776","231.72K","1.81%"
"01/20/2015","7.638","7.612","7.664","7.603","2.31K","-6.94%"
"01/15/2015","8.208","7.517","7.517","7.517","0.12K","0.00%"
"01/13/2015","8.208","8.251","8.251","7.681","0.69K","0.00%"
"01/12/2015","8.208","8.545","8.545","8.545","0.18K","0.00%"
"12/31/2014","8.208","7.957","8.208","7.957","0.41K","0.00%"
"12/30/2014","8.208","7.854","7.854","7.845","0.66K","0.00%"
"12/28/2014","8.208","8.208","8.208","8.208","1.14K","0.00%"
"12/25/2014","8.208","8.208","8.208","8.208","2.70K","2.15%"
"12/24/2014","8.035","8.294","8.294","8.294","0.58K","0.00%"
"12/23/2014","8.035","8.035","8.035","8.035","0.05K","0.00%"
"12/18/2014","8.035","8.044","8.044","8.035","4.17K","-0.11%"
"12/17/2014","8.044","8.044","8.078","8.035","3.36K","-6.90%"
"12/16/2014","8.640","8.217","8.217","8.208","0.76K","0.00%"
"12/15/2014","8.640","8.640","8.683","8.631","9.15K","3.41%"
"12/14/2014","8.355","8.173","8.467","8.173","1.44K","-3.01%"
"12/11/2014","8.614","8.562","8.562","8.139","0.76K","0.00%"
"12/10/2014","8.614","8.346","8.778","8.346","3.96K","1.74%"
"12/09/2014","8.467","8.476","8.476","8.467","2.44K","-2.68%"
"12/04/2014","8.700","8.571","8.571","8.510","1.16K","0.00%"
"12/03/2014","8.700","8.726","8.726","8.484","3.36K","1.10%"
"12/02/2014","8.605","8.476","8.614","8.476","1.23K","-0.30%"
"11/30/2014","8.631","8.769","8.813","8.605","1.03K","0.00%"
"11/27/2014","8.631","8.649","8.649","8.476","4.04K","-0.10%"
"11/26/2014","8.640","8.640","8.640","8.553","1.74K","1.22%"
"11/25/2014","8.536","8.467","8.640","8.467","4.28K","-0.91%"
"11/24/2014","8.614","8.571","8.726","8.467","8.75K","0.00%"
"11/23/2014","8.614","8.571","8.683","8.571","3.21K","0.00%"
"11/20/2014","8.614","8.640","8.925","8.553","16.74K","0.81%"
"11/19/2014","8.545","8.571","8.571","8.510","5.94K","-1.10%"
"11/18/2014","8.640","8.571","8.571","8.562","1.06K","0.00%"
"11/17/2014","8.640","8.640","8.640","8.640","9.40K","0.71%"
"11/13/2014","8.579","8.528","8.847","8.510","4.17K","-1.39%"
"11/12/2014","8.700","8.873","8.960","8.562","9.14K","0.59%"
"11/11/2014","8.649","8.640","8.640","8.640","1.02K","0.00%"
"11/10/2014","8.649","8.649","8.649","8.640","1.01K","0.00%"
"11/09/2014","8.649","8.657","8.657","8.640","3.47K","0.00%"
"11/06/2014","8.649","8.640","8.666","8.640","4.04K","-3.47%"
"11/04/2014","8.960","9.046","9.193","8.865","9.26K","0.39%"
"11/03/2014","8.925","8.813","9.029","8.813","7.15K","2.28%"
"10/30/2014","8.726","8.735","9.037","8.571","2.87K","1.00%"
"10/29/2014","8.640","8.787","8.787","8.510","0.38K","0.00%"
"10/28/2014","8.640","8.476","8.476","8.476","0.05K","0.00%"
"10/27/2014","8.640","8.476","8.484","8.476","0.03K","0.00%"
"10/23/2014","8.640","8.942","8.942","8.571","0.17K","0.00%"
"10/22/2014","8.640","8.640","8.649","8.640","519.89K","0.00%"
"10/19/2014","8.640","9.020","9.020","9.020","0.58K","0.00%"
"10/16/2014","8.640","8.640","8.640","8.640","22.13K","-0.20%"
"10/15/2014","8.657","8.657","8.657","8.657","0.06K","0.00%"
"10/14/2014","8.657","8.778","8.778","8.476","3.13K","-3.00%"
"10/13/2014","8.925","8.510","9.193","8.510","1.68K","3.10%"
"10/12/2014","8.657","8.666","8.674","8.649","3.16K","-4.57%"
"10/09/2014","9.072","9.072","9.072","9.063","1.39K","0.19%"
"10/08/2014","9.055","8.752","9.176","8.649","35.79K","-1.32%"
"09/30/2014","9.176","9.081","9.098","9.081","0.34K","0.00%"
"09/29/2014","9.176","9.072","9.590","9.072","4.95K","1.15%"
"09/25/2014","9.072","9.115","9.115","9.072","13.04K","0.77%"
"09/24/2014","9.003","9.029","9.081","8.856","1.74K","-0.76%"
"09/23/2014","9.072","9.072","9.081","9.072","12.35K","-0.10%"
"09/22/2014","9.081","9.366","9.374","8.960","20.05K","0.00%"
"09/21/2014","9.081","9.072","9.115","9.072","1.36K","-1.40%"
"09/18/2014","9.210","8.890","9.227","8.890","9.88K","-0.18%"
"09/17/2014","9.227","9.409","9.409","8.908","1.37K","4.39%"
"09/16/2014","8.839","9.245","9.478","9.245","0.22K","0.00%"
"09/15/2014","8.839","8.744","8.856","8.744","2.30K","-3.85%"
"09/14/2014","9.193","9.236","9.236","8.735","2.66K","5.67%"
"09/11/2014","8.700","8.744","8.769","8.640","21.69K","-2.71%"
"09/10/2014","8.942","9.374","9.374","8.778","19.80K","-4.26%"
"09/09/2014","9.340","9.426","9.426","9.288","5.21K","-1.46%"
"09/08/2014","9.478","9.426","9.504","9.426","2.37K","0.46%"
"09/07/2014","9.435","9.573","9.573","9.288","7.57K","-1.08%"
"09/03/2014","9.538","9.504","9.633","9.504","5.38K","-3.59%"
"09/01/2014","9.893","10.186","10.186","9.245","5.48K","5.14%"
"08/31/2014","9.409","9.694","9.694","9.288","1.23K","-1.62%"
"08/28/2014","9.564","9.521","10.100","8.666","8.10K","-0.46%"
"08/27/2014","9.608","9.677","9.685","9.556","4.86K","-1.15%"
"08/26/2014","9.720","9.720","9.729","9.720","10.62K","-0.61%"
"08/24/2014","9.780","9.703","9.703","9.590","0.81K","0.00%"
"08/21/2014","9.780","9.703","9.806","9.703","2.43K","-0.27%"
"08/20/2014","9.806","9.815","9.936","9.599","306.20K","-5.27%"
"08/19/2014","10.351","10.351","10.368","10.351","2.89K","1.70%"
"08/18/2014","10.178","10.031","10.515","9.849","27.18K","-0.51%"
"08/17/2014","10.230","10.359","10.359","9.936","16.80K","3.41%"
"08/14/2014","9.893","9.409","10.074","9.409","86.26K","8.03%"
"08/13/2014","9.158","8.942","9.288","8.942","79.51K","4.53%"
"08/12/2014","8.761","8.674","9.331","8.640","22.38K","1.20%"
"08/11/2014","8.657","8.657","8.683","8.640","3.97K","0.20%"
"08/06/2014","8.640","8.683","8.709","8.683","0.48K","0.00%"
"08/05/2014","8.640","8.683","8.683","8.683","0.17K","0.00%"
"08/04/2014","8.640","8.640","9.003","8.640","42.96K","0.91%"
"08/03/2014","8.562","8.605","8.605","8.510","6.77K","0.00%"
"07/24/2014","8.562","8.450","8.493","8.450","0.64K","0.00%"
"07/22/2014","8.562","8.657","8.657","8.424","1.56K","-4.07%"
"07/17/2014","8.925","8.657","9.072","8.640","9.18K","-1.62%"
"07/16/2014","9.072","9.072","9.072","9.072","1.74K","4.37%"
"07/15/2014","8.692","8.683","8.700","8.683","1.58K","-1.85%"
"07/14/2014","8.856","8.821","8.821","8.821","0.49K","0.00%"
"07/10/2014","8.856","8.847","8.865","8.821","233.80K","0.00%"
"07/09/2014","8.856","8.821","8.821","8.821","0.43K","0.00%"
"07/07/2014","8.856","8.856","8.856","8.856","5.44K","0.19%"
"07/06/2014","8.839","8.839","8.865","8.813","2.31K","-2.01%"
"07/03/2014","9.020","9.020","9.115","8.985","2.84K","-2.34%"
"07/02/2014","9.236","9.098","9.098","9.098","0.02K","0.00%"
"06/30/2014","9.236","9.124","9.417","9.115","4.28K","-1.74%"
"06/29/2014","9.400","9.426","9.426","9.288","3.11K","-1.00%"
"06/26/2014","9.495","8.899","9.677","8.899","389.63K","7.85%"
"06/25/2014","8.804","8.640","8.890","8.640","23.10K","1.90%"
"06/24/2014","8.640","8.640","8.640","8.631","36.68K","-1.47%"
"06/23/2014","8.769","8.640","8.769","8.640","12.31K","1.49%"
"06/22/2014","8.640","8.640","8.640","8.640","3.41K","0.00%"
"06/19/2014","8.640","8.640","8.640","8.631","3.71K","0.00%"
"06/17/2014","8.640","8.381","8.666","8.381","88.91K","2.67%"
"06/16/2014","8.415","8.623","8.623","8.381","2.15K","-4.04%"
"06/12/2014","8.769","8.726","8.787","8.726","51.57K","0.19%"
"06/11/2014","8.752","8.761","8.787","8.726","5.21K","-2.51%"
"06/10/2014","8.977","9.072","9.072","8.692","4.18K","-2.35%"
"06/09/2014","9.193","9.055","9.322","9.055","36.27K","8.46%"
"06/05/2014","8.476","8.337","8.562","8.337","11.41K","8.88%"
"06/04/2014","7.785","7.802","7.802","7.802","0.25K","0.00%"
"06/02/2014","7.785","8.165","8.545","7.162","160.56K","-1.53%"
"06/01/2014","7.906","8.104","8.199","7.620","14.54K","-6.34%"
"05/29/2014","8.441","8.286","8.631","8.286","2.42K","-2.30%"
"05/28/2014","8.640","8.640","9.072","7.819","6.09K","-0.10%"
"05/26/2014","8.649","8.649","8.666","8.640","9.17K","-0.29%"
"05/25/2014","8.674","8.726","8.813","8.640","7.34K","0.39%"
"05/22/2014","8.640","8.640","8.640","8.640","2.28K","-0.79%"
"05/21/2014","8.709","8.640","8.769","8.640","9.70K","1.30%"
"05/20/2014","8.597","8.545","8.744","8.536","10.52K","0.81%"
"05/19/2014","8.528","8.519","8.553","8.510","3.83K","-0.80%"
"05/18/2014","8.597","8.597","8.718","8.510","11.13K","2.05%"
"05/15/2014","8.424","8.752","8.847","8.381","2.06M","-0.61%"
"05/14/2014","8.476","8.467","8.640","8.458","17.12K","0.21%"
"05/13/2014","8.458","8.381","8.528","8.381","12.58K","4.14%"
"05/12/2014","8.122","7.992","8.528","7.906","19.16K","4.68%"
"05/11/2014","7.759","7.776","7.776","7.620","1.87K","-2.17%"
"05/08/2014","7.931","7.992","7.992","7.776","1.15K","0.00%"
"05/07/2014","7.931","7.793","7.871","7.793","0.71K","0.00%"
"05/06/2014","7.931","7.862","7.862","7.793","0.94K","0.00%"
"05/05/2014","7.931","7.992","7.992","7.992","0.58K","0.00%"
"05/04/2014","7.931","7.992","8.035","7.871","10.11K","-3.37%"
"04/30/2014","8.208","8.052","8.208","8.052","231.48K","5.56%"
"04/29/2014","7.776","7.862","7.862","7.776","4.40K","-1.86%"
"04/28/2014","7.923","7.793","7.793","7.785","0.58K","0.00%"
"04/27/2014","7.923","7.880","8.035","7.880","4.50K","-1.39%"
"04/23/2014","8.035","7.931","8.122","7.923","6.71K","-2.21%"
"04/22/2014","8.217","7.923","7.923","7.923","0.58K","0.00%"
"04/17/2014","8.217","8.122","8.268","8.078","109.01K","-0.83%"
"04/16/2014","8.286","8.294","8.294","8.182","4.80K","2.35%"
"04/15/2014","8.096","7.931","8.415","7.931","1.74K","0.97%"
"04/10/2014","8.018","7.914","7.914","7.914","1.16K","0.00%"
"04/08/2014","8.018","7.836","7.836","7.819","0.94K","0.00%"
"04/07/2014","8.018","7.776","8.381","7.776","15.17K","2.99%"
"04/06/2014","7.785","7.793","7.793","7.776","19.60K","0.00%"
"04/03/2014","7.785","7.802","7.802","7.776","1.97K","-6.14%"
"04/02/2014","8.294","8.467","8.467","8.078","5.69K","-2.15%"
"04/01/2014","8.476","8.467","8.467","8.467","0.58K","0.00%"
"03/31/2014","8.476","8.640","9.029","8.381","17.36K","-0.81%"
"03/30/2014","8.545","8.640","9.003","8.217","8.60K","-4.26%"
"03/27/2014","8.925","9.081","9.245","8.649","24.89K","-2.92%"
"03/26/2014","9.193","9.245","9.417","8.994","18.72K","0.76%"
"03/25/2014","9.124","9.046","9.158","9.046","4.19K","0.76%"
"03/24/2014","9.055","9.072","9.072","8.908","1.99K","1.35%"
"03/23/2014","8.934","9.072","9.072","9.072","0.23K","0.00%"
"03/20/2014","8.934","9.115","9.288","8.769","13.37K","-1.62%"
"03/19/2014","9.081","9.098","9.098","9.098","0.24K","0.00%"
"03/18/2014","9.081","9.072","9.495","9.063","428.17K","0.20%"
"03/17/2014","9.063","8.718","9.081","8.718","8.92K","1.35%"
"03/16/2014","8.942","8.735","9.072","8.726","3.49K","0.68%"
"03/13/2014","8.882","8.649","9.158","8.640","19.11K","2.69%"
"03/12/2014","8.649","8.657","8.674","8.640","10.51K","0.10%"
"03/11/2014","8.640","8.657","8.683","8.640","53.41K","-0.50%"
"03/10/2014","8.683","8.640","8.804","8.553","148.76K","-0.70%"
"03/09/2014","8.744","8.769","8.769","8.761","1.10K","0.00%"
"03/06/2014","8.744","8.735","8.813","8.726","13.62K","-1.26%"
"03/05/2014","8.856","8.899","8.899","8.752","12.25K","1.28%"
"03/04/2014","8.744","8.735","8.813","8.735","3.36K","-0.29%"
"03/03/2014","8.769","8.744","8.899","8.726","56.82K","0.29%"
"03/02/2014","8.744","8.821","8.821","8.700","3.13K","-1.64%"
"02/27/2014","8.890","8.726","9.072","8.683","64.27K","2.38%"
"02/26/2014","8.683","8.683","8.683","8.683","2.89K","-0.49%"
"02/25/2014","8.726","8.683","8.744","8.683","348.00K","0.00%"
"02/24/2014","8.726","8.683","8.735","8.683","363.14K","0.00%"
"02/23/2014","8.726","8.726","8.726","8.692","14.15K","0.00%"
"02/20/2014","8.726","8.726","9.020","8.666","353.42K","0.50%"
"02/19/2014","8.683","8.683","8.683","8.640","352.47K","0.39%"
"02/18/2014","8.649","8.666","8.683","8.640","26.38K","-0.29%"
"02/17/2014","8.674","8.649","8.899","8.649","21.14K","-0.10%"
"02/16/2014","8.683","8.899","8.899","8.640","10.71K","-3.09%"
"02/13/2014","8.960","9.193","9.193","8.813","12.57K","0.69%"
"02/12/2014","8.899","9.055","9.201","8.813","357.12K","0.00%"
"02/11/2014","8.899","8.899","8.899","8.657","184.51K","0.10%"
"02/10/2014","8.890","8.899","8.899","8.519","173.46K","-0.39%"
"02/09/2014","8.925","8.795","9.046","8.640","18.60K","3.30%"
"02/06/2014","8.640","8.640","8.649","8.640","130.77K","1.02%"
"02/05/2014","8.553","8.450","8.640","8.441","6.51K","2.27%"
"02/04/2014","8.363","8.467","8.467","8.312","3.29K","-1.53%"
"02/03/2014","8.493","8.424","8.467","8.424","0.36K","0.00%"
"02/02/2014","8.493","8.467","8.588","8.346","24.19K","1.02%"
"01/30/2014","8.407","8.303","8.484","8.303","6.82K","-0.71%"
"01/29/2014","8.467","8.441","8.510","8.441","217.38K","0.11%"
"01/28/2014","8.458","8.346","8.502","8.346","3.38K","0.51%"
"01/27/2014","8.415","8.346","8.545","8.346","4.98K","2.20%"
"01/26/2014","8.234","8.251","8.294","8.208","251.97K","-0.52%"
"01/23/2014","8.277","8.294","8.294","8.234","108.20K","1.27%"
"01/22/2014","8.173","7.975","8.562","7.975","436.33K","2.48%"
"01/21/2014","7.975","8.026","8.035","7.828","8.45K","1.88%"
"01/20/2014","7.828","7.690","7.949","7.690","12.62K","1.01%"
"01/19/2014","7.750","7.776","7.776","7.690","32.47K","0.22%"
"01/16/2014","7.733","7.690","7.776","7.690","3.27K","0.23%"
"01/15/2014","7.715","7.690","7.776","7.690","24.66K","0.33%"
"01/14/2014","7.690","7.690","7.776","7.690","47.00K","0.00%"
"01/12/2014","7.690","7.690","8.078","7.690","355.56K","-0.10%"
"01/09/2014","7.698","7.715","7.724","7.586","3.29K","1.60%"
"01/08/2014","7.577","7.525","7.664","7.525","7.18K","1.15%"
"01/06/2014","7.491","7.439","7.439","7.439","1.04K","0.00%"
"01/05/2014","7.491","7.344","7.586","7.344","31.03K","-0.23%"
"01/02/2014","7.508","7.197","7.232","7.197","0.96K","0.00%"
"12/31/2013","7.508","7.197","7.266","7.197","0.68K","0.00%"
"12/30/2013","7.508","7.517","7.560","7.188","22.33K","2.96%"
"12/29/2013","7.292","7.137","7.137","7.137","0.69K","0.00%"
"12/26/2013","7.292","7.378","7.603","7.171","24.12K","-3.33%"
"12/25/2013","7.543","7.603","7.638","7.387","4.52K","0.35%"
"12/24/2013","7.517","7.517","7.586","7.517","7.25K","0.00%"
"12/23/2013","7.517","7.517","7.517","7.517","26.52K","0.00%"
"12/22/2013","7.517","7.439","7.560","7.439","7.44K","0.00%"
"12/19/2013","7.517","7.517","7.517","7.517","55.19K","0.00%"
"12/18/2013","7.517","7.517","7.525","7.456","244.67K","0.00%"
"12/17/2013","7.517","7.517","7.525","7.517","17.33K","0.00%"
"12/16/2013","7.517","7.517","7.517","7.508","24.57K","-0.45%"
"12/15/2013","7.551","7.517","7.603","7.517","4.63K","0.69%"
"12/12/2013","7.499","7.413","7.517","7.413","90.02K","0.68%"
"12/11/2013","7.448","7.404","7.517","7.370","6.37K","1.29%"
"12/10/2013","7.353","7.180","7.517","7.180","256.37K","2.78%"
"12/09/2013","7.154","7.059","7.309","7.042","8.50K","-0.96%"
"12/08/2013","7.223","7.180","7.422","7.128","6.08K","0.96%"
"12/05/2013","7.154","7.085","7.249","7.016","4.87K","1.23%"
"12/04/2013","7.067","7.050","7.085","7.050","5.10K","0.00%"
"12/03/2013","7.067","7.128","7.128","7.007","13.00K","-4.89%"
"12/02/2013","7.430","7.102","7.430","7.102","379.09K","-0.47%"
"12/01/2013","7.465","7.430","7.603","7.430","3.47K","0.47%"
"11/28/2013","7.430","7.430","7.543","7.430","99.66K","-0.92%"
"11/27/2013","7.499","7.594","7.594","7.430","163.62K","-0.24%"
"11/26/2013","7.517","7.482","7.638","7.474","23.73K","1.76%"
"11/25/2013","7.387","7.361","7.594","7.361","317.48K","0.71%"
"11/24/2013","7.335","7.258","7.370","7.232","46.68K","-0.35%"
"11/21/2013","7.361","7.344","7.733","7.344","816.66K","0.35%"
"11/20/2013","7.335","7.327","7.430","7.327","248.79K","0.00%"
"11/19/2013","7.335","7.128","7.344","7.128","8.17K","2.77%"
"11/18/2013","7.137","7.137","7.197","7.128","6.85K","-0.83%"
"11/17/2013","7.197","7.102","7.335","7.093","7.94K","0.49%"
"11/14/2013","7.162","7.301","7.301","7.128","3.23K","0.60%"
"11/13/2013","7.119","7.059","7.214","7.050","7.16K","0.48%"
"11/12/2013","7.085","7.111","7.111","7.059","7.25K","-0.73%"
"11/11/2013","7.137","7.042","7.232","7.042","3.03K","0.37%"
"11/10/2013","7.111","7.050","7.050","7.042","1.16K","0.00%"
"11/07/2013","7.111","7.137","7.318","7.076","40.15K","-1.32%"
"11/06/2013","7.206","7.258","7.258","7.258","0.58K","0.00%"
"11/04/2013","7.206","7.413","7.465","7.067","4.31K","1.22%"
"11/03/2013","7.119","7.007","7.033","6.998","1.18K","0.00%"
"10/31/2013","7.119","7.128","7.517","6.998","17.88K","-0.25%"
"10/30/2013","7.137","7.128","7.223","7.093","4.09K","-0.47%"
"10/29/2013","7.171","7.188","7.188","7.128","6.79K","-1.20%"
"10/28/2013","7.258","7.258","7.266","7.223","4.69K","-3.55%"
"10/27/2013","7.525","7.508","7.767","7.430","25.44K","0.23%"
"10/24/2013","7.508","7.474","7.517","7.474","8.71K","-3.23%"
"10/23/2013","7.759","7.733","7.776","7.560","40.10K","-1.64%"
"10/22/2013","7.888","8.035","8.044","7.776","7.69K","2.12%"
"10/21/2013","7.724","7.197","7.759","7.197","98.76K","9.42%"
"10/20/2013","7.059","7.171","7.171","7.171","1.16K","0.00%"
"10/13/2013","7.059","7.050","7.059","7.050","1.75K","0.87%"
"10/10/2013","6.998","7.050","7.050","7.050","1.08K","0.00%"
"10/09/2013","6.998","6.998","6.998","6.946","0.72K","0.00%"
"10/08/2013","6.998","6.981","6.981","6.981","1.16K","0.00%"
"10/02/2013","6.998","7.007","7.007","6.981","0.93K","0.00%"
"10/01/2013","6.998","7.007","7.007","6.981","4.55K","-1.23%"
"09/29/2013","7.085","7.042","7.042","7.024","0.69K","0.00%"
"09/26/2013","7.085","7.102","7.102","7.067","7.23K","-2.14%"
"09/25/2013","7.240","7.085","7.258","7.085","3.93K","-1.42%"
"09/23/2013","7.344","6.921","7.603","6.921","20.08K","4.29%"
"09/22/2013","7.042","7.042","7.042","7.042","0.13K","0.00%"
"09/19/2013","7.042","7.042","7.214","7.033","1.06M","1.88%"
"09/18/2013","6.912","6.834","6.834","6.834","0.13K","0.00%"
"09/15/2013","6.912","6.653","6.938","6.653","0.93K","0.00%"
"09/12/2013","6.912","6.912","6.912","6.912","1.91K","0.00%"
"09/11/2013","6.912","6.912","6.912","6.912","0.23K","0.00%"
"09/10/2013","6.912","6.912","6.912","6.912","25.82K","1.92%"
"09/09/2013","6.782","6.912","6.912","6.696","12.73K","1.03%"
"09/08/2013","6.713","6.739","6.739","6.592","2.78K","-3.24%"
"09/04/2013","6.938","6.912","6.990","6.912","3.47K","1.52%"
"09/03/2013","6.834","6.921","6.921","6.921","0.69K","0.00%"
"09/02/2013","6.834","6.912","6.912","6.912","1.30K","0.00%"
"08/29/2013","6.834","6.843","6.843","6.843","0.52K","0.00%"
"08/28/2013","6.834","6.869","6.877","6.782","5.96K","-1.87%"
"08/27/2013","6.964","6.964","6.998","6.912","362.84K","0.13%"
"08/26/2013","6.955","6.955","6.998","6.955","435.41K","2.41%"
"08/25/2013","6.791","6.912","6.912","6.748","3.13K","-1.75%"
"08/20/2013","6.912","6.869","6.869","6.869","0.19K","0.00%"
"08/19/2013","6.912","6.912","6.912","6.903","4.51K","0.00%"
"08/18/2013","6.912","6.808","6.921","6.808","2.47K","0.00%"
"08/14/2013","6.912","6.826","6.826","6.808","0.35K","0.00%"
"08/13/2013","6.912","6.826","6.826","6.826","1.16K","0.00%"
"08/12/2013","6.912","6.730","6.730","6.730","0.25K","0.00%"
"08/07/2013","6.912","6.912","6.912","6.912","0.51K","0.00%"
"08/06/2013","6.912","6.903","6.912","6.903","1.67K","-0.49%"
"08/05/2013","6.946","7.085","7.085","6.929","26.41K","0.49%"
"08/04/2013","6.912","6.912","6.921","6.912","198.18K","-0.13%"
"08/01/2013","6.921","6.912","6.912","6.912","0.12K","0.00%"
"07/30/2013","6.921","6.912","6.912","6.912","0.19K","0.00%"
"07/25/2013","6.921","6.921","6.921","6.921","1.50K","1.78%"
"07/24/2013","6.800","6.722","6.912","6.679","11.61K","-1.75%"
"07/22/2013","6.921","6.921","6.929","6.921","23.24K","0.13%"
"07/21/2013","6.912","6.912","6.946","6.912","29.61K","0.00%"
"07/18/2013","6.912","6.912","6.912","6.912","1.16K","0.00%"
"07/17/2013","6.912","6.998","6.998","6.998","0.46K","0.00%"
"07/16/2013","6.912","6.912","6.912","6.912","235.35K","4.85%"
"07/15/2013","6.592","6.705","6.705","6.532","2.55K","-5.57%"
"07/14/2013","6.981","6.955","6.955","6.955","0.46K","0.00%"
"07/11/2013","6.981","6.981","6.981","6.964","1.97K","0.50%"
"07/10/2013","6.946","6.998","6.998","6.946","0.58K","0.00%"
"07/09/2013","6.946","6.886","7.059","6.886","6.14K","-8.85%"
"07/04/2013","7.620","7.594","7.741","7.560","9.57K","8.21%"
"07/03/2013","7.042","6.566","6.566","6.566","0.41K","0.00%"
"07/02/2013","7.042","7.067","7.076","6.921","3.36K","1.88%"
"06/30/2013","6.912","6.523","6.523","6.523","0.76K","0.00%"
"06/27/2013","6.912","6.679","6.679","6.670","0.93K","0.00%"
"06/25/2013","6.912","6.903","6.912","6.903","83.94K","0.00%"
"06/20/2013","6.912","6.895","6.912","6.895","43.10K","3.89%"
"06/19/2013","6.653","6.264","6.316","6.264","1.27K","0.00%"
"06/17/2013","6.653","6.653","6.653","6.653","2.31K","-3.26%"
"06/16/2013","6.877","6.264","6.264","6.264","0.38K","0.00%"
"06/12/2013","6.877","6.661","6.912","6.653","85.61K","0.25%"
"06/11/2013","6.860","6.653","6.912","6.653","114.99K","3.11%"
"06/10/2013","6.653","6.644","6.687","6.610","28.32K","0.00%"
"06/09/2013","6.653","6.653","6.653","6.653","16.46K","1.33%"
"06/06/2013","6.566","6.756","6.782","6.748","1.38K","0.00%"
"06/05/2013","6.566","6.584","6.584","6.480","8.40K","-4.88%"
"06/04/2013","6.903","6.869","6.912","6.869","139.94K","0.76%"
"06/03/2013","6.851","6.739","6.869","6.739","15.51K","-0.64%"
"06/02/2013","6.895","6.912","6.912","6.739","14.73K","0.26%"
"05/29/2013","6.877","6.912","6.955","6.869","196.48K","0.38%"
"05/28/2013","6.851","6.946","6.946","6.946","0.93K","0.00%"
"05/27/2013","6.851","6.921","6.921","6.921","0.12K","0.00%"
"05/23/2013","6.851","6.739","6.955","6.739","178.79K","1.80%"
"05/22/2013","6.730","6.687","6.739","6.679","31.56K","0.76%"
"05/21/2013","6.679","6.497","6.705","6.497","25.28K","-0.12%"
"05/20/2013","6.687","6.696","6.696","6.653","11.84K","0.25%"
"05/16/2013","6.670","6.687","6.687","6.653","5.44K","-0.13%"
"05/15/2013","6.679","6.687","6.696","6.653","48.68K","0.39%"
"05/14/2013","6.653","6.653","6.661","6.653","4.67K","0.00%"
"05/13/2013","6.653","6.653","6.661","6.653","18.11K","2.40%"
"05/12/2013","6.497","6.497","6.506","6.480","5.58K","-3.72%"
"05/09/2013","6.748","6.739","6.756","6.739","7.80K","0.00%"
"05/07/2013","0.000","7.750","7.800","7.750","22.81K","-100.00%"
"05/02/2013","6.592","6.627","6.696","6.229","7.13K","-0.92%"
"04/30/2013","6.653","6.653","6.679","6.653","36.93K","-1.28%"
"04/29/2013","6.739","6.696","6.696","6.653","0.51K","0.00%"
"04/28/2013","6.739","6.679","6.679","6.679","0.06K","0.00%"
"04/24/2013","6.739","6.826","6.826","6.705","1.85K","-3.59%"
"04/23/2013","6.990","6.705","7.206","6.705","12.25K","4.39%"
"04/22/2013","6.696","6.739","6.739","6.679","3.38K","-5.49%"
"04/21/2013","7.085","7.085","7.111","7.085","151.92K","0.00%"
"04/18/2013","7.085","7.085","7.093","7.085","76.85K","-0.11%"
"04/17/2013","7.093","7.085","7.171","7.085","33.16K","0.11%"
"04/16/2013","7.085","7.085","7.128","7.085","65.01K","0.37%"
"04/15/2013","7.059","7.085","7.085","7.085","0.58K","0.00%"
"04/14/2013","7.059","6.990","7.171","6.990","19.91K","-0.61%"
"04/11/2013","7.102","6.981","7.258","6.981","21.32K","2.36%"
"04/10/2013","6.938","6.921","6.981","6.912","7.74K","0.38%"
"04/09/2013","6.912","6.955","6.955","6.912","44.10K","0.63%"
"04/08/2013","6.869","6.653","6.938","6.653","52.50K","3.25%"
"04/07/2013","6.653","6.653","6.670","6.653","12.07K","-0.64%"
"04/04/2013","6.696","6.670","6.670","6.670","0.31K","0.00%"
"04/03/2013","6.696","6.696","6.696","6.696","1.83K","-2.76%"
"04/02/2013","6.886","6.912","6.921","6.782","42.36K","0.13%"
"04/01/2013","6.877","6.912","6.912","6.748","4.52K","-0.75%"
"03/31/2013","6.929","7.042","7.042","6.912","18.02K","-3.37%"
"03/28/2013","7.171","7.102","7.188","7.102","3.53K","-2.36%"
"03/27/2013","7.344","7.258","7.387","7.258","7.99K","3.54%"
"03/26/2013","7.093","7.102","7.102","7.059","2.84K","-1.68%"
"03/25/2013","7.214","7.258","7.309","7.258","0.58K","0.00%"
"03/24/2013","7.214","7.180","7.258","7.180","4.36K","-0.12%"
"03/21/2013","7.223","7.214","7.249","7.214","3.90K","1.95%"
"03/20/2013","7.085","6.990","6.990","6.990","0.17K","0.00%"
"03/19/2013","7.085","7.085","7.085","7.085","0.17K","0.00%"
"03/18/2013","7.085","7.085","7.102","7.085","192.74K","-0.48%"
"03/17/2013","7.119","7.171","7.214","7.042","5.72K","-1.32%"
"03/14/2013","7.214","7.214","7.232","7.214","6.83K","0.47%"
"03/13/2013","7.180","7.188","7.188","7.171","2.53K","-1.54%"
"03/12/2013","7.292","7.206","7.206","7.206","0.69K","0.00%"
"03/11/2013","7.292","7.422","7.422","7.275","3.97K","-0.59%"
"03/10/2013","7.335","7.292","7.430","7.292","15.32K","4.68%"
"03/07/2013","7.007","6.921","7.111","6.912","24.50K","1.37%"
"03/06/2013","6.912","6.912","6.912","6.877","1.16K","0.00%"
"03/05/2013","6.912","6.912","6.912","6.912","9.74K","0.00%"
"03/04/2013","6.912","6.912","7.016","6.912","37.95K","-2.19%"
"02/28/2013","7.067","7.093","7.128","7.016","6.59K","-0.49%"
"02/27/2013","7.102","7.093","7.093","7.093","0.29K","0.00%"
"02/26/2013","7.102","7.085","7.171","7.085","7.36K","0.50%"
"02/25/2013","7.067","7.093","7.093","7.042","2.40K","-1.45%"
"02/24/2013","7.171","7.180","7.180","7.050","72.40K","-2.13%"
"02/21/2013","7.327","7.301","7.344","7.180","14.35K","2.18%"
"02/20/2013","7.171","7.171","7.180","7.162","6.87K","0.13%"
"02/19/2013","7.162","7.223","7.249","7.085","58.09K","-1.32%"
"02/18/2013","7.258","7.353","7.370","7.137","19.31K","0.36%"
"02/17/2013","7.232","7.275","7.275","7.171","5.12K","-0.47%"
"02/14/2013","7.266","7.085","7.309","6.981","24.66K","1.81%"
"02/13/2013","7.137","7.145","7.301","7.085","3.65K","-1.19%"
"02/12/2013","7.223","6.998","7.344","6.998","41.31K","3.85%"
"02/11/2013","6.955","6.912","7.171","6.912","88.43K","0.62%"
"02/10/2013","6.912","6.921","6.921","6.912","22.86K","-1.23%"
"02/07/2013","6.998","6.990","6.990","6.921","0.44K","0.00%"
"02/06/2013","6.998","6.998","7.085","6.964","5.86K","0.75%"
"02/05/2013","6.946","6.921","7.162","6.912","34.61K","1.12%"
"02/04/2013","6.869","6.800","6.946","6.739","26.41K","0.76%"
"02/03/2013","6.817","6.903","6.903","6.748","2.05K","0.90%"
"01/31/2013","6.756","6.756","6.800","6.653","3.41K","0.00%"
"01/30/2013","6.756","6.826","6.826","6.722","6.67K","-0.27%"
"01/29/2013","6.774","6.696","6.800","6.696","37.33K","0.39%"
"01/28/2013","6.748","6.739","6.782","6.739","21.01K","0.78%"
"01/27/2013","6.696","6.566","6.739","6.532","1.74K","0.13%"
"01/23/2013","6.687","6.696","6.739","6.653","17.36K","0.25%"
"01/21/2013","6.670","6.696","6.739","6.653","32.71K","0.91%"
"01/20/2013","6.610","6.610","6.610","6.610","2.11K","-1.67%"
"01/17/2013","6.722","6.653","6.774","6.653","84.69K","-0.12%"
"01/16/2013","6.730","6.722","6.739","6.722","2.31K","1.16%"
"01/15/2013","6.653","6.653","6.661","6.653","20.75K","-1.66%"
"01/14/2013","6.765","6.739","6.782","6.739","78.65K","1.68%"
"01/13/2013","6.653","6.739","6.739","6.627","23.34K","0.00%"
"01/10/2013","6.653","6.653","6.653","6.653","9.38K","-0.12%"
"01/09/2013","6.661","6.679","6.739","6.653","13.05K","-1.29%"
"01/08/2013","6.748","6.653","6.851","6.592","4.63K","-0.76%"
"01/06/2013","6.800","6.696","6.696","6.653","1.34K","0.00%"
"01/03/2013","6.800","6.566","6.886","6.566","15.92K","-0.12%"
"01/02/2013","6.808","6.713","6.886","6.506","2.70K","5.06%"
"12/31/2012","6.480","6.316","6.635","6.316","4.48K","-2.60%"
"12/30/2012","6.653","6.566","6.566","6.489","1.18K","0.00%"
"12/27/2012","6.653","6.696","6.696","6.610","4.84K","3.50%"
"12/25/2012","6.428","6.402","6.610","6.402","1.12K","0.00%"
"12/24/2012","6.428","6.437","6.437","6.411","1.78K","-1.98%"
"12/23/2012","6.558","6.782","6.782","6.394","19.72K","-1.29%"
"12/20/2012","6.644","6.566","6.696","6.566","5.01K","0.26%"
"12/19/2012","6.627","6.627","6.635","6.610","1.94K","-0.12%"
"12/18/2012","6.635","6.653","6.739","6.592","4.66K","0.65%"
"12/17/2012","6.592","6.653","6.653","6.575","5.67K","-1.55%"
"12/16/2012","6.696","6.480","6.739","6.480","1.66K","3.89%"
"12/13/2012","6.445","6.523","6.635","6.368","2.44K","-0.14%"
"12/12/2012","6.454","6.471","6.480","6.368","6.05K","3.61%"
"12/11/2012","6.229","6.238","6.238","6.238","0.05K","0.00%"
"12/09/2012","6.229","5.711","6.437","5.711","2.60K","0.13%"
"12/06/2012","6.221","6.221","6.221","6.221","9.85K","-0.27%"
"12/05/2012","6.238","6.264","6.264","6.221","11.11K","-3.21%"
"12/04/2012","6.445","6.221","6.471","6.221","2.54K","4.04%"
"12/03/2012","6.195","6.134","6.221","6.134","2.97K","0.99%"
"12/02/2012","6.134","6.134","6.134","6.091","2.43K","-0.15%"
"11/29/2012","6.143","6.152","6.152","6.152","0.24K","0.00%"
"11/28/2012","6.143","6.273","6.273","6.048","24.80K","-2.07%"
"11/27/2012","6.273","6.264","6.307","6.264","6.39K","1.54%"
"11/26/2012","6.178","6.117","6.489","6.117","11.23K","0.72%"
"11/25/2012","6.134","6.480","6.480","6.039","17.17K","-8.52%"
"11/22/2012","6.705","6.739","6.756","6.696","13.31K","-0.12%"
"11/21/2012","6.713","6.705","6.782","6.696","8.51K","0.25%"
"11/20/2012","6.696","6.696","6.705","6.696","42.25K","0.00%"
"11/19/2012","6.696","6.705","6.722","6.506","133.46K","-0.39%"
"11/18/2012","6.722","6.739","6.791","6.696","32.48K","-0.12%"
"11/14/2012","6.730","6.748","6.826","6.696","22.86K","-0.27%"
"11/13/2012","6.748","6.739","6.748","6.739","2.45K","0.52%"
"11/12/2012","6.713","6.869","6.869","6.696","12.15K","-0.25%"
"11/11/2012","6.730","6.739","6.739","6.705","2.22K","-0.77%"
"11/08/2012","6.782","6.739","6.869","6.696","6.41K","1.68%"
"11/07/2012","6.670","6.782","6.782","6.696","0.15K","0.00%"
"11/06/2012","6.670","6.696","6.705","6.653","11.14K","1.05%"
"11/05/2012","6.601","6.592","6.661","6.480","28.98K","1.87%"
"11/04/2012","6.480","6.618","6.618","6.480","27.52K","-3.36%"
"11/01/2012","6.705","6.696","6.774","6.696","64.50K","0.00%"
"10/31/2012","6.705","6.748","6.748","6.696","47.95K","-0.75%"
"10/30/2012","6.756","6.782","6.782","6.748","279.66K","-1.14%"
"10/29/2012","6.834","6.843","6.895","6.808","12.41K","0.12%"
"10/24/2012","6.826","6.826","6.826","6.782","21.18K","1.04%"
"10/23/2012","6.756","6.748","6.756","6.748","1.74K","0.12%"
"10/22/2012","6.748","6.748","6.912","6.661","230.69K","-0.12%"
"10/21/2012","6.756","6.826","6.834","6.722","134.67K","-1.03%"
"10/18/2012","6.826","6.912","6.912","6.730","35.30K","-1.24%"
"10/17/2012","6.912","6.955","6.955","6.869","36.05K","-0.13%"
"10/16/2012","6.921","6.929","6.929","6.912","8.10K","0.00%"
"10/15/2012","6.921","6.912","6.955","6.912","30.69K","0.51%"
"10/14/2012","6.886","6.912","6.921","6.782","10.00K","-0.62%"
"10/11/2012","6.929","6.955","7.007","6.877","9.66K","0.00%"
"10/10/2012","6.929","6.955","7.102","6.912","61.70K","0.12%"
"10/09/2012","6.921","6.912","7.016","6.912","529.37K","0.13%"
"10/08/2012","6.912","6.912","7.007","6.782","204.89K","-0.75%"
"10/04/2012","6.964","6.981","7.042","6.912","40.78K","-0.49%"
"10/03/2012","6.998","6.912","7.093","6.912","16.78K","1.38%"
"10/02/2012","6.903","6.869","6.981","6.679","124.05K","1.51%"
"10/01/2012","6.800","6.808","6.903","6.653","289.23K","-0.25%"
"09/30/2012","6.817","6.739","6.912","6.739","52.08K","-1.00%"
"09/27/2012","6.886","7.145","7.258","6.817","200.75K","-9.02%"
"09/26/2012","7.569","7.949","8.165","7.154","95.33K","1.16%"
"09/25/2012","7.482","6.826","7.517","6.826","199.95K","9.48%"
"09/24/2012","6.834","6.307","6.903","6.221","137.72K","8.80%"
"09/23/2012","6.281","6.229","6.350","6.134","52.29K","-0.41%"
"09/20/2012","6.307","6.143","6.445","6.108","90.33K","0.54%"
"09/19/2012","6.273","6.540","6.549","6.178","55.57K","-2.15%"
"09/18/2012","6.411","6.178","6.514","6.178","46.74K","2.77%"
"09/17/2012","6.238","6.212","6.394","6.134","33.28K","-0.83%"
"09/16/2012","6.290","6.342","6.376","6.074","40.30K","1.53%"
"09/13/2012","6.195","6.057","6.333","6.048","27.29K","0.85%"
"09/12/2012","6.143","6.298","6.307","6.057","20.36K","-1.25%"
"09/11/2012","6.221","5.927","6.368","5.927","27.52K","1.85%"
"09/10/2012","6.108","6.100","6.178","6.048","14.89K","0.84%"
"09/09/2012","6.057","6.082","6.212","6.048","15.73K","-0.56%"
"09/06/2012","6.091","6.048","6.221","6.013","23.15K","0.71%"
"09/05/2012","6.048","6.048","6.082","6.013","37.56K","0.15%"
"09/04/2012","6.039","6.048","6.091","6.031","45.28K","1.60%"
"09/03/2012","5.944","5.884","6.048","5.815","45.20K","-0.44%"
"09/02/2012","5.970","5.987","6.048","5.936","12.52K","-1.29%"
"08/30/2012","6.048","6.013","6.082","5.970","20.76K","3.54%"
"08/29/2012","5.841","5.685","5.970","5.659","114.66K","4.17%"
"08/28/2012","5.607","5.616","5.659","5.573","48.43K","-1.37%"
"08/27/2012","5.685","5.460","5.702","5.460","37.28K","2.34%"
"08/26/2012","5.555","5.530","5.616","5.443","53.54K","2.55%"
"08/23/2012","5.417","5.391","5.469","5.365","37.31K","0.80%"
"08/22/2012","5.374","5.391","5.400","5.314","32.34K","1.30%"
"08/21/2012","5.305","5.262","5.357","5.253","16.16K","0.99%"
"08/16/2012","5.253","5.270","5.314","5.227","19.94K","0.32%"
"08/14/2012","5.236","5.357","5.357","5.193","18.65K","-0.15%"
"08/13/2012","5.244","5.184","5.279","5.184","7.35K","0.50%"
"08/12/2012","5.218","5.236","5.244","5.167","16.41K","-0.67%"
"08/09/2012","5.253","5.288","5.296","5.193","5.02K","1.66%"
"08/08/2012","5.167","5.184","5.193","5.141","2.83K","-0.83%"
"08/07/2012","5.210","5.193","5.227","5.184","16.34K","0.50%"
"08/06/2012","5.184","5.141","5.391","5.141","54.83K","0.00%"
"08/05/2012","5.184","5.184","5.193","5.184","3.26K","0.17%"
"08/02/2012","5.175","5.123","5.193","5.123","44.24K","3.81%"
"08/01/2012","4.985","5.020","5.054","4.951","9.76K","-1.03%"
"07/31/2012","5.037","5.054","5.054","5.020","4.98K","-0.18%"
"07/30/2012","5.046","5.020","5.054","5.020","1.14K","0.52%"
"07/29/2012","5.020","5.011","5.141","5.011","33.97K","-0.85%"
"07/26/2012","5.063","5.063","5.098","5.011","21.69K","1.04%"
"07/25/2012","5.011","5.011","5.011","5.011","11.00K","0.52%"
"07/24/2012","4.985","5.011","5.037","4.925","27.27K","-0.34%"
"07/22/2012","5.002","5.080","5.080","4.977","8.69K","-1.20%"
"07/19/2012","5.063","5.046","5.098","4.968","18.29K","2.26%"
"07/18/2012","4.951","4.882","5.046","4.882","56.61K","0.71%"
"07/17/2012","4.916","4.916","4.925","4.899","35.03K","1.42%"
"07/16/2012","4.847","4.752","4.925","4.752","31.96K","2.56%"
"07/15/2012","4.726","4.666","4.752","4.666","12.14K","1.11%"
"07/12/2012","4.674","4.666","4.683","4.666","4.05K","-1.83%"
"07/11/2012","4.761","4.752","4.752","4.752","0.03K","0.00%"
"07/10/2012","4.761","4.787","4.795","4.752","32.64K","0.19%"
"07/09/2012","4.752","4.622","4.787","4.622","29.67K","-3.34%"
"07/08/2012","4.916","4.838","4.925","4.838","19.16K","0.35%"
"07/05/2012","4.899","4.942","4.959","4.864","10.42K","-0.53%"
"07/04/2012","4.925","4.985","4.985","4.838","39.32K","1.07%"
"07/03/2012","4.873","4.838","4.925","4.769","54.69K","-1.73%"
"07/02/2012","4.959","5.115","5.123","4.925","16.38K","3.79%"
"06/28/2012","4.778","4.709","5.011","4.622","66.85K","1.10%"
"06/27/2012","4.726","4.752","4.838","4.640","29.76K","-0.74%"
"06/26/2012","4.761","4.743","4.847","4.700","97.67K","1.30%"
"06/25/2012","4.700","4.406","4.769","4.406","64.54K","8.37%"
"06/24/2012","4.337","4.234","4.355","4.234","42.45K","2.43%"
"06/21/2012","4.234","4.208","4.242","4.208","21.18K","-0.40%"
"06/20/2012","4.251","4.234","4.355","4.234","23.39K","-1.21%"
"06/19/2012","4.303","4.251","4.337","4.234","61.60K","-0.19%"
"06/18/2012","4.311","4.380","4.389","4.242","14.24K","0.40%"
"06/14/2012","4.294","4.277","4.320","4.277","4.92K","0.61%"
"06/13/2012","4.268","4.277","4.355","4.251","75.16K","-1.00%"
"06/11/2012","4.311","4.320","4.320","4.285","15.28K","-0.42%"
"06/10/2012","4.329","4.346","4.389","4.320","8.10K","-0.18%"
"06/07/2012","4.337","4.337","4.363","4.320","21.29K","0.39%"
"06/06/2012","4.320","4.320","4.320","4.320","19.44K","0.21%"
"06/05/2012","4.311","4.372","4.372","4.277","23.14K","-0.60%"
"06/04/2012","4.337","4.303","4.398","4.303","11.00K","1.21%"
"06/03/2012","4.285","4.285","4.303","4.268","53.48K","0.00%"
"05/31/2012","4.285","4.277","4.320","4.251","16.67K","0.00%"
"05/30/2012","4.285","4.320","4.320","4.277","63.90K","0.00%"
"05/29/2012","4.285","4.294","4.303","4.277","52.84K","-0.60%"
"05/28/2012","4.311","4.320","4.320","4.285","42.28K","-0.42%"
"05/27/2012","4.329","4.380","4.380","4.303","102.66K","-2.15%"
"05/24/2012","4.424","4.450","4.484","4.380","28.77K","0.00%"
"05/23/2012","4.424","4.355","4.450","4.355","29.65K","1.58%"
"05/22/2012","4.355","4.346","4.372","4.329","39.47K","-0.39%"
"05/21/2012","4.372","4.441","4.441","4.337","43.44K","0.00%"
"05/20/2012","4.372","4.320","4.441","4.303","78.34K","1.20%"
"05/17/2012","4.320","4.320","4.406","4.303","135.64K","-0.99%"
"05/16/2012","4.363","4.389","4.441","4.320","68.23K","0.60%"
"05/15/2012","4.337","4.467","4.475","4.320","450.34K","-4.03%"
"05/14/2012","4.519","4.666","4.666","4.450","186.58K","-0.94%"
"05/13/2012","4.562","4.450","4.657","4.398","106.31K","5.19%"
"05/10/2012","4.337","4.337","4.424","4.259","188.12K","0.00%"
"05/09/2012","4.337","4.372","4.406","4.320","148.81K","1.40%"
"05/08/2012","4.277","4.285","4.406","4.199","400.16K","2.08%"
"05/07/2012","4.190","4.320","4.320","4.147","214.05K","-1.04%"
"05/06/2012","4.234","4.277","4.329","4.147","106.99K","-1.40%"
"05/03/2012","4.294","4.251","4.363","4.251","10.84K","1.01%"
"05/02/2012","4.251","4.337","4.337","4.156","161.24K","-2.39%"
"04/30/2012","4.355","4.424","4.432","4.320","77.88K","-0.77%"
"04/29/2012","4.389","4.441","4.441","4.337","11.92K","1.20%"
"04/26/2012","4.337","4.372","4.380","4.320","142.19K","-3.08%"
"04/24/2012","4.475","4.493","4.493","4.415","30.24K","-0.97%"
"04/23/2012","4.519","4.579","4.614","4.441","42.24K","0.98%"
"04/22/2012","4.475","4.363","4.510","4.363","24.55K","3.59%"
"04/19/2012","4.320","4.259","4.363","4.251","8.24K","0.21%"
"04/18/2012","4.311","4.320","4.363","4.190","54.56K","-0.21%"
"04/17/2012","4.320","4.372","4.372","4.320","429.00K","-1.95%"
"04/12/2012","4.406","4.355","4.458","4.355","254.37K","1.78%"
"04/11/2012","4.329","4.363","4.406","4.320","438.00K","0.21%"
"04/10/2012","4.320","4.320","4.355","4.251","68.81K","-0.21%"
"04/09/2012","4.329","4.346","4.380","4.216","74.23K","-1.16%"
"04/08/2012","4.380","4.406","4.406","4.337","84.91K","0.00%"
"04/05/2012","4.380","4.406","4.450","4.320","483.76K","-2.52%"
"04/04/2012","4.493","4.674","4.674","4.320","207.94K","-3.87%"
"04/03/2012","4.674","4.752","4.787","4.605","58.78K","-0.91%"
"04/02/2012","4.717","4.761","4.787","4.666","59.49K","-0.74%"
"04/01/2012","4.752","4.683","4.907","4.605","220.97K","-1.61%"
"03/29/2012","4.830","4.925","4.925","4.752","334.02K","1.28%"
"03/28/2012","4.769","5.011","5.167","4.545","298.47K","-5.15%"
"03/27/2012","5.028","5.193","5.279","4.968","310.82K","-0.87%"
"03/26/2012","5.072","5.080","5.184","5.011","27.48K","-4.70%"
"03/25/2012","5.322","5.400","5.400","5.115","284.08K","-0.32%"
"03/22/2012","5.339","5.322","5.443","5.322","334.77K","-1.75%"
"03/21/2012","5.434","5.443","5.443","5.357","16.97K","-0.17%"
"03/20/2012","5.443","5.357","5.512","5.357","68.89K","2.43%"
"03/19/2012","5.314","5.314","5.357","5.253","42.82K","0.00%"
"03/18/2012","5.314","5.357","5.357","5.270","41.26K","0.00%"
"03/15/2012","5.314","5.270","5.357","5.227","66.60K","2.17%"
"03/14/2012","5.201","5.054","5.391","5.011","59.30K","0.00%"
"03/13/2012","5.201","5.279","5.357","5.106","39.67K","-2.58%"
"03/12/2012","5.339","5.625","5.659","5.210","191.90K","-7.63%"
"03/11/2012","5.780","6.048","6.048","5.625","129.04K","-4.57%"
"03/08/2012","6.057","6.065","6.195","5.936","103.78K","-1.54%"
"03/07/2012","6.152","6.255","6.307","6.048","59.62K","0.85%"
"03/06/2012","6.100","6.091","6.298","6.048","177.09K","0.43%"
"03/05/2012","6.074","6.048","6.134","6.048","42.08K","0.71%"
"03/04/2012","6.031","6.048","6.091","5.892","39.17K","-0.28%"
"03/01/2012","6.048","6.126","6.126","5.979","30.10K","-0.85%"
"02/29/2012","6.100","6.022","6.169","6.005","33.02K","1.58%"
"02/28/2012","6.005","6.048","6.117","5.910","25.05K","-0.86%"
"02/27/2012","6.057","5.927","6.178","5.789","41.37K","0.00%"
"02/26/2012","6.057","6.134","6.186","5.962","23.60K","1.17%"
"02/23/2012","5.987","5.849","6.134","5.849","56.20K","4.83%"
"02/22/2012","5.711","5.668","5.832","5.633","9.62K","-1.48%"
"02/21/2012","5.797","5.841","5.875","5.711","25.26K","-0.75%"
"02/20/2012","5.841","5.910","5.910","5.728","20.45K","-1.17%"
"02/19/2012","5.910","5.910","5.944","5.789","23.96K","1.18%"
"02/16/2012","5.841","5.728","5.918","5.728","46.30K","1.97%"
"02/15/2012","5.728","5.832","5.910","5.616","29.77K","-0.75%"
"02/14/2012","5.771","5.754","5.875","5.538","29.98K","-0.60%"
"02/13/2012","5.806","5.944","5.962","5.746","40.94K","0.45%"
"02/12/2012","5.780","5.607","5.962","5.607","45.49K","4.05%"
"02/09/2012","5.555","5.607","5.607","5.452","14.23K","1.57%"
"02/08/2012","5.469","5.460","5.504","5.391","79.05K","0.48%"
"02/07/2012","5.443","5.452","5.512","5.365","83.47K","0.00%"
"02/06/2012","5.443","5.314","5.504","5.314","131.66K","-0.48%"
"02/02/2012","5.469","5.409","5.530","5.270","65.87K","-0.78%"
"02/01/2012","5.512","5.530","5.616","5.417","64.52K","-1.69%"
"01/31/2012","5.607","5.573","5.642","5.512","44.39K","2.04%"
"01/30/2012","5.495","5.374","5.555","5.374","58.67K","0.31%"
"01/29/2012","5.478","5.495","5.530","5.374","13.22K","-0.47%"
"01/26/2012","5.504","5.400","5.616","5.365","41.61K","4.60%"
"01/24/2012","5.262","5.193","5.348","5.184","14.75K","1.50%"
"01/23/2012","5.184","5.184","5.210","5.184","128.68K","0.00%"
"01/22/2012","5.184","5.184","5.184","5.141","2.37K","0.00%"
"01/19/2012","5.184","5.210","5.210","5.115","130.37K","-0.99%"
"01/18/2012","5.236","5.288","5.288","5.210","10.57K","-0.49%"
"01/17/2012","5.262","5.270","5.270","5.201","15.50K","-0.32%"
"01/16/2012","5.279","5.296","5.314","5.244","58.45K","0.00%"
"01/15/2012","5.279","5.193","5.339","5.193","54.03K","1.66%"
"01/12/2012","5.193","5.184","5.270","5.106","44.23K","0.35%"
"01/11/2012","5.175","5.149","5.193","5.149","10.80K","0.33%"
"01/10/2012","5.158","5.149","5.175","5.123","14.28K","1.02%"
"01/09/2012","5.106","5.305","5.305","5.080","20.78K","0.85%"
"01/05/2012","5.063","5.037","5.175","5.037","1.43K","-2.33%"
"01/04/2012","5.184","5.184","5.218","5.184","70.15K","0.50%"
"01/03/2012","5.158","5.011","5.193","5.011","68.14K","2.93%"
"01/02/2012","5.011","5.011","5.063","5.011","276.26K","0.00%"
"12/29/2011","5.011","4.951","5.063","4.925","8.13K","0.00%"
"12/28/2011","5.011","5.054","5.115","4.907","84.89K","-0.85%"
"12/27/2011","5.054","5.184","5.184","5.011","21.42K","-3.14%"
"12/26/2011","5.218","5.227","5.244","5.184","33.28K","-1.64%"
"12/25/2011","5.305","5.383","5.383","5.270","24.47K","0.66%"
"12/22/2011","5.270","5.236","5.305","5.227","65.38K","-1.29%"
"12/21/2011","5.339","5.400","5.400","5.270","22.90K","-1.91%"
"12/20/2011","5.443","5.486","5.486","5.357","147.73K","-0.48%"
"12/19/2011","5.469","5.434","5.486","5.374","101.40K","1.94%"
"12/18/2011","5.365","5.279","5.478","5.218","129.62K","-2.06%"
"12/15/2011","5.478","5.495","5.530","5.314","207.66K","-0.31%"
"12/14/2011","5.495","5.486","5.599","5.486","288.89K","0.00%"
"12/13/2011","5.495","5.443","5.555","5.426","144.76K","0.16%"
"12/12/2011","5.486","5.599","5.616","5.391","151.09K","-0.16%"
"12/11/2011","5.495","5.530","5.642","5.443","50.22K","-1.40%"
"12/08/2011","5.573","5.616","5.659","5.443","60.97K","-1.81%"
"12/07/2011","5.676","5.676","5.771","5.495","131.78K","0.76%"
"12/06/2011","5.633","5.504","5.737","5.504","103.73K","4.49%"
"12/05/2011","5.391","5.365","5.521","5.357","261.77K","-0.48%"
"12/04/2011","5.417","5.573","5.573","5.357","120.47K","-1.88%"
"12/01/2011","5.521","5.616","5.668","5.409","214.09K","-1.99%"
"11/30/2011","5.633","5.866","5.866","5.599","36.56K","2.51%"
"11/29/2011","5.495","5.616","5.789","5.357","259.66K","1.93%"
"11/24/2011","5.391","5.400","5.443","5.357","11.71K","0.63%"
"11/23/2011","5.357","5.184","5.443","5.184","28.83K","3.16%"
"11/22/2011","5.193","5.314","5.348","5.184","795.60K","-3.21%"
"11/21/2011","5.365","5.391","5.391","5.288","174.42K","-0.48%"
"11/20/2011","5.391","5.512","5.512","5.357","6.86K","-4.30%"
"11/17/2011","5.633","5.616","5.685","5.616","3.54K","2.34%"
"11/16/2011","5.504","5.478","5.737","5.365","119.00K","2.10%"
"11/15/2011","5.391","5.253","5.478","5.253","102.05K","1.30%"
"11/14/2011","5.322","5.357","5.365","5.184","54.86K","-0.65%"
"11/13/2011","5.357","5.400","5.400","5.357","34.82K","-0.96%"
"11/10/2011","5.409","5.383","5.521","5.357","27.88K","-0.93%"
"11/09/2011","5.460","5.530","5.530","5.443","3.15K","-0.16%"
"11/03/2011","5.469","5.521","5.521","5.434","3.90K","0.31%"
"11/02/2011","5.452","5.357","5.495","5.357","13.05K","1.77%"
"11/01/2011","5.357","5.374","5.374","5.322","23.51K","-0.80%"
"10/31/2011","5.400","5.434","5.573","5.357","102.46K","-2.65%"
"10/30/2011","5.547","5.581","5.581","5.512","6.46K","0.00%"
"10/27/2011","5.547","5.564","5.573","5.460","10.61K","1.11%"
"10/26/2011","5.486","5.702","5.702","5.400","38.06K","-0.94%"
"10/25/2011","5.538","5.538","5.573","5.512","14.26K","-2.88%"
"10/24/2011","5.702","5.789","5.789","5.607","15.98K","-1.06%"
"10/23/2011","5.763","5.668","5.875","5.668","12.90K","2.62%"
"10/20/2011","5.616","5.625","5.642","5.573","16.03K","-1.66%"
"10/19/2011","5.711","5.616","5.936","5.616","28.94K","1.69%"
"10/18/2011","5.616","5.573","5.668","5.573","22.95K","1.24%"
"10/17/2011","5.547","5.400","5.702","5.400","40.97K","0.16%"
"10/16/2011","5.538","5.530","5.642","5.400","22.69K","0.95%"
"10/13/2011","5.486","5.365","5.512","5.365","7.61K","1.76%"
"10/12/2011","5.391","5.253","5.495","5.253","28.16K","2.80%"
"10/11/2011","5.244","5.270","5.305","5.184","2.71K","3.05%"
"10/10/2011","5.089","5.141","5.141","5.011","19.91K","-3.29%"
"10/09/2011","5.262","5.383","5.383","5.184","72.90K","0.00%"
"10/05/2011","5.262","5.305","5.391","5.167","33.00K","1.33%"
"10/04/2011","5.193","5.357","5.357","5.158","124.66K","-4.89%"
"10/03/2011","5.460","5.400","5.512","5.357","15.46K","-0.94%"
"10/02/2011","5.512","5.452","5.616","5.400","101.32K","1.10%"
"09/29/2011","5.452","5.279","5.616","5.279","39.61K","-3.37%"
"09/28/2011","5.642","5.832","5.832","5.460","11.20K","-6.85%"
"09/27/2011","6.057","6.091","6.091","6.039","11.69K","-4.49%"
"09/26/2011","6.342","6.333","6.342","6.333","2.55K","2.95%"
"09/25/2011","6.160","6.307","6.307","6.048","12.14K","-4.42%"
"09/22/2011","6.445","6.549","6.549","6.350","13.35K","-2.50%"
"09/21/2011","6.610","6.566","6.696","6.514","4.09K","-1.78%"
"09/19/2011","6.730","6.774","6.782","6.696","3.68K","3.17%"
"09/18/2011","6.523","6.601","6.705","6.454","5.58K","-1.32%"
"09/15/2011","6.610","6.713","6.860","6.480","19.69K","-2.16%"
"09/14/2011","6.756","6.748","6.843","6.705","6.66K","-1.65%"
"09/13/2011","6.869","6.834","6.912","6.774","31.73K","-0.12%"
"09/12/2011","6.877","6.955","6.955","6.843","5.50K","-0.88%"
"09/11/2011","6.938","6.955","6.955","6.834","6.11K","0.38%"
"09/08/2011","6.912","6.955","6.955","6.877","16.69K","-0.49%"
"09/07/2011","6.946","6.912","7.085","6.826","16.51K","-1.71%"
"09/06/2011","7.067","7.128","7.128","7.007","6.54K","-1.22%"
"09/05/2011","7.154","6.929","7.223","6.929","20.33K","1.35%"
"09/04/2011","7.059","7.016","7.128","7.007","11.94K","0.74%"
"08/29/2011","7.007","6.998","7.162","6.964","2.87K","1.37%"
"08/28/2011","6.912","6.903","7.007","6.834","9.07K","1.92%"
"08/25/2011","6.782","6.782","6.912","6.748","3.49K","-0.76%"
"08/24/2011","6.834","6.869","6.912","6.739","15.48K","0.25%"
"08/23/2011","6.817","6.843","6.843","6.817","2.87K","2.87%"
"08/22/2011","6.627","6.558","6.834","6.540","3.50K","0.79%"
"08/21/2011","6.575","6.713","6.713","6.463","12.39K","-3.68%"
"08/18/2011","6.826","6.826","6.826","6.826","0.38K","0.26%"
"08/17/2011","6.808","6.739","6.860","6.739","6.62K","0.12%"
"08/16/2011","6.800","7.119","7.119","6.713","6.02K","-3.78%"
"08/15/2011","7.067","7.301","7.309","6.808","24.18K","-1.68%"
"08/14/2011","7.188","7.258","7.344","7.085","12.78K","-0.13%"
"08/11/2011","7.197","7.180","7.214","7.154","14.41K","-3.71%"
"08/10/2011","7.474","7.681","7.733","7.344","17.15K","2.26%"
"08/09/2011","7.309","7.482","7.672","7.050","14.93K","-6.32%"
"08/08/2011","7.802","8.122","8.122","7.603","33.32K","-4.23%"
"08/07/2011","8.147","8.165","8.208","7.906","11.51K","-3.88%"
"08/04/2011","8.476","8.493","8.545","8.381","18.59K","2.08%"
"08/03/2011","8.303","8.130","8.372","8.130","0.81K","0.74%"
"08/02/2011","8.242","8.381","8.381","8.208","6.54K","-2.46%"
"08/01/2011","8.450","8.476","8.588","8.294","8.58K","0.11%"
"07/31/2011","8.441","8.268","8.640","8.268","5.70K","1.14%"
"07/28/2011","8.346","8.303","8.467","8.303","5.93K","0.63%"
"07/27/2011","8.294","8.424","8.493","8.122","12.63K","-1.44%"
"07/26/2011","8.415","8.467","8.726","8.312","15.48K","-0.61%"
"07/25/2011","8.467","8.597","8.778","8.044","18.56K","-4.01%"
"07/21/2011","8.821","8.804","8.985","8.692","28.26K","0.68%"
"07/20/2011","8.761","8.726","8.899","8.674","8.17K","0.49%"
"07/19/2011","8.718","8.726","8.899","8.614","17.39K","-0.58%"
"07/18/2011","8.769","9.011","9.011","8.726","12.88K","-0.50%"
"07/17/2011","8.813","8.752","9.003","8.752","19.29K","1.00%"
"07/14/2011","8.726","8.856","8.977","8.640","9.89K","-0.78%"
"07/13/2011","8.795","8.752","8.925","8.735","10.60K","3.24%"
"07/12/2011","8.519","8.830","8.847","8.424","21.66K","-4.37%"
"07/11/2011","8.908","8.899","9.055","8.830","16.38K","-3.10%"
"07/10/2011","9.193","9.504","9.720","9.072","14.05K","-2.74%"
"07/07/2011","9.452","9.720","9.720","9.072","20.31K","-2.43%"
"07/06/2011","9.687","9.098","9.862","9.098","34.76K","-0.74%"
"07/05/2011","9.759","9.824","9.862","9.720","42.74K","-0.13%"
"07/04/2011","9.772","9.785","9.882","9.720","16.29K","-0.33%"
"07/03/2011","9.804","9.817","10.011","9.720","39.53K","0.33%"
"06/30/2011","9.772","9.720","9.843","9.668","18.68K","0.27%"
"06/29/2011","9.746","9.882","9.882","9.655","132.25K","-1.31%"
"06/28/2011","9.875","10.037","10.044","9.765","43.86K","0.13%"
"06/27/2011","9.862","9.901","9.966","9.817","41.54K","-1.94%"
"06/26/2011","10.057","10.122","10.297","9.888","78.39K","-2.08%"
"06/23/2011","10.271","10.297","10.368","10.225","59.01K","0.83%"
"06/22/2011","10.186","10.037","10.368","10.005","177.56K","3.42%"
"06/21/2011","9.849","10.024","10.102","9.739","239.41K","1.19%"
"06/20/2011","9.733","9.772","9.772","9.675","181.78K","-0.19%"
"06/19/2011","9.752","9.726","9.966","9.720","69.21K","-0.13%"
"06/16/2011","9.765","9.817","9.817","9.720","40.56K","-1.31%"
"06/15/2011","9.895","10.135","10.141","9.785","21.17K","1.26%"
"06/14/2011","9.772","9.966","10.044","9.720","121.15K","-0.33%"
"06/13/2011","9.804","9.921","9.921","9.746","9.31K","-1.82%"
"06/12/2011","9.986","9.960","10.037","9.856","5.41K","0.73%"
"06/09/2011","9.914","9.979","9.979","9.830","12.47K","1.66%"
"06/08/2011","9.752","9.668","10.005","9.383","18.99K","0.00%"
"06/07/2011","9.752","9.772","9.875","9.636","25.39K","0.87%"
"06/06/2011","9.668","9.687","9.720","9.623","9.50K","0.27%"
"06/05/2011","9.642","9.623","9.720","9.525","5.05K","-0.67%"
"06/02/2011","9.707","9.662","9.720","9.629","11.44K","-0.33%"
"06/01/2011","9.739","9.752","10.044","9.668","12.65K","-0.40%"
"05/31/2011","9.778","10.005","10.044","9.707","20.29K","-0.20%"
"05/30/2011","9.798","9.668","10.446","9.344","36.14K","-0.06%"
"05/29/2011","9.804","9.700","9.914","9.700","6.17K","2.99%"
"05/26/2011","9.519","9.668","9.713","9.169","5.83K","-1.48%"
"05/25/2011","9.662","9.713","9.713","9.461","2.95K","0.68%"
"05/24/2011","9.597","9.577","9.720","9.396","3.22K","-0.54%"
"05/22/2011","9.649","9.655","9.720","9.500","8.47K","0.41%"
"05/19/2011","9.610","9.610","9.849","9.590","4.78K","-2.75%"
"05/18/2011","9.882","9.785","10.232","9.694","24.19K","0.53%"
"05/17/2011","9.830","9.461","10.264","9.396","49.84K","4.47%"
"05/16/2011","9.409","9.344","9.513","9.344","46.37K","2.18%"
"05/15/2011","9.208","9.137","9.240","9.137","9.44K","0.35%"
"05/12/2011","9.176","9.363","9.363","9.117","17.82K","-0.27%"
"05/11/2011","9.201","9.091","9.312","9.091","37.76K","1.42%"
"05/10/2011","9.072","8.910","9.195","8.910","242.39K","0.58%"
"05/09/2011","9.020","9.014","9.221","8.592","6.20K","-1.00%"
"05/08/2011","9.111","9.396","9.396","9.007","32.06K","-6.95%"
"05/05/2011","9.791","10.076","10.076","9.610","12.64K","-2.64%"
"05/04/2011","10.057","10.070","10.070","10.044","5.55K","-0.45%"
"05/03/2011","10.102","10.206","10.206","10.057","6.56K","-0.95%"
"05/02/2011","10.199","10.057","10.355","10.050","6.90K","-1.01%"
"04/28/2011","10.303","10.044","10.316","9.921","119.62K","-0.07%"
"04/27/2011","10.310","10.368","10.368","9.739","31.48K","-0.81%"
"04/26/2011","10.394","10.562","10.653","10.368","10.20K","-7.01%"
"04/21/2011","11.178","11.320","11.320","11.016","20.82K","1.42%"
"04/20/2011","11.022","10.983","11.048","10.983","7.13K","-1.74%"
"04/19/2011","11.217","11.035","11.333","11.035","4.03K","1.89%"
"04/18/2011","11.009","11.016","11.016","11.003","3.83K","-1.56%"
"04/17/2011","11.184","11.372","11.534","10.757","16.00K","-1.38%"
"04/14/2011","11.340","11.340","11.528","11.178","30.72K","0.51%"
"04/13/2011","11.282","11.178","11.340","11.178","36.81K","0.99%"
"04/12/2011","11.171","11.307","11.307","11.016","4.10K","0.00%"
"04/11/2011","11.171","11.275","11.282","11.133","19.97K","-1.43%"
"04/10/2011","11.333","11.333","11.340","11.307","28.42K","0.34%"
"04/07/2011","11.295","11.295","11.333","11.243","19.01K","-0.40%"
"04/06/2011","11.340","11.340","11.346","11.295","36.76K","0.11%"
"04/05/2011","11.327","11.340","11.340","11.275","18.78K","1.45%"
"04/04/2011","11.165","11.100","11.333","11.081","13.76K","-0.40%"
"04/03/2011","11.210","11.178","11.340","11.016","53.59K","-0.81%"
"03/31/2011","11.301","11.353","11.599","11.016","75.32K","-0.51%"
"03/30/2011","11.359","11.269","11.567","11.100","40.97K","3.66%"
"03/29/2011","10.958","11.009","11.320","10.692","53.18K","6.42%"
"03/28/2011","10.297","9.525","10.407","9.525","2.47K","-2.69%"
"03/27/2011","10.582","10.834","10.834","9.947","4.00K","7.44%"
"03/24/2011","9.849","8.955","10.886","8.936","35.63K","-0.79%"
"03/23/2011","9.927","9.927","9.927","9.927","3.09K","-9.99%"
"01/27/2011","11.029","11.599","11.599","10.368","69.98K","-6.12%"
"01/26/2011","11.748","11.599","12.020","11.340","331.37K","-1.68%"
"01/24/2011","11.949","11.826","12.053","11.826","18.96K","0.60%"
"01/23/2011","11.878","11.670","12.053","11.670","55.42K","0.99%"
"01/20/2011","11.761","11.670","11.981","11.670","17.72K","1.23%"
"01/19/2011","11.618","11.664","11.664","11.476","11.48K","-0.17%"
"01/18/2011","11.638","11.606","11.793","11.599","100.15K","-0.27%"
"01/17/2011","11.670","11.793","11.839","11.599","64.94K","-2.02%"
"01/16/2011","11.910","11.988","12.260","11.664","69.89K","1.04%"
"01/13/2011","11.787","11.793","12.111","11.729","36.64K","-1.51%"
"01/12/2011","11.968","11.780","12.305","11.729","86.61K","1.31%"
"01/11/2011","11.813","11.742","12.169","11.729","58.57K","-4.36%"
"01/10/2011","12.351","12.312","12.778","11.988","135.98K","3.20%"
"01/06/2011","11.968","11.469","12.377","11.469","171.06K","5.36%"
"01/05/2011","11.359","11.327","11.469","11.275","84.28K","2.21%"
"01/04/2011","11.113","11.055","11.340","11.055","57.13K","-0.12%"
"01/03/2011","11.126","11.126","11.126","11.126","2.55K","-1.38%"
"01/02/2011","11.282","10.938","11.340","10.938","7.38K","2.90%"