"Date","Price","Open","High","Low","Vol.","Change %"
"07/27/2026","40.16","39.90","40.30","39.96","642.05K","0.65%"
"07/26/2026","39.90","40.80","40.80","39.85","3.87M","-1.24%"
"07/22/2026","40.40","39.26","40.78","39.26","8.50M","2.93%"
"07/21/2026","39.25","38.47","39.50","38.42","2.74M","2.21%"
"07/20/2026","38.40","38.53","39.08","38.40","2.71M","-0.26%"
"07/19/2026","38.50","39.19","39.39","38.50","2.09M","-1.79%"
"07/16/2026","39.20","39.77","40.20","39.20","8.41M","-0.76%"
"07/15/2026","39.50","38.85","39.75","38.85","5.37M","1.54%"
"07/14/2026","38.90","39.06","39.15","38.67","3.02M","-0.77%"
"07/13/2026","39.20","39.20","39.38","38.90","2.76M","-0.03%"
"07/12/2026","39.21","38.95","39.40","38.81","1.64M","0.26%"
"07/09/2026","39.11","38.68","39.50","38.53","2.71M","1.11%"
"07/08/2026","38.68","39.59","39.59","38.50","2.56M","-2.50%"
"07/07/2026","39.67","38.79","39.70","38.79","7.03M","2.64%"
"07/06/2026","38.65","38.11","39.45","38.11","6.29M","1.31%"
"07/05/2026","38.15","38.26","38.50","37.92","1.50M","-0.13%"
"07/01/2026","38.20","38.35","38.35","37.76","2.02M","-0.49%"
"06/30/2026","38.39","37.66","38.45","37.52","5.20M","1.97%"
"06/29/2026","37.65","37.70","38.49","37.20","2.90M","-0.92%"
"06/28/2026","38.00","38.82","39.10","37.00","6.11M","-2.11%"
"06/25/2026","38.82","39.40","39.57","38.70","1.87M","-1.22%"
"06/24/2026","39.30","38.80","39.67","38.71","3.21M","1.03%"
"06/23/2026","38.90","39.28","39.40","38.55","3.67M","-0.51%"
"06/22/2026","39.10","39.80","40.48","39.10","6.33M","-1.26%"
"06/21/2026","39.60","38.36","39.68","38.36","6.86M","3.42%"
"06/17/2026","38.29","37.38","38.47","37.15","3.87M","2.41%"
"06/16/2026","37.39","37.31","37.80","37.08","3.16M","0.65%"
"06/15/2026","37.15","38.40","38.69","37.15","4.41M","-2.24%"
"06/14/2026","38.00","37.25","38.90","36.92","7.72M","5.23%"
"06/11/2026","36.11","36.35","36.99","35.01","3.83M","-1.34%"
"06/10/2026","36.60","37.20","38.51","36.60","8.42M","-1.08%"
"06/09/2026","37.00","37.04","37.61","36.70","4.84M","1.23%"
"06/08/2026","36.55","36.97","37.74","36.11","4.59M","-1.22%"
"06/07/2026","37.00","37.70","37.89","36.62","2.88M","-2.81%"
"06/04/2026","38.07","38.18","38.83","38.02","2.85M","-0.16%"
"06/03/2026","38.13","38.03","38.29","37.42","3.51M","0.29%"
"06/02/2026","38.02","38.92","39.09","37.40","6.34M","-2.29%"
"06/01/2026","38.91","37.59","39.61","37.40","4.70M","3.90%"
"05/25/2026","37.45","36.65","37.88","36.00","4.66M","2.60%"
"05/24/2026","36.50","36.88","37.56","36.45","4.03M","-0.03%"
"05/21/2026","36.51","33.90","36.51","33.81","8.80M","8.27%"
"05/20/2026","33.72","34.80","35.10","33.71","3.64M","-2.82%"
"05/19/2026","34.70","33.80","35.50","33.51","9.77M","3.89%"
"05/18/2026","33.40","33.36","33.90","33.09","2.64M","0.12%"
"05/17/2026","33.36","34.09","34.43","33.25","3.10M","-1.88%"
"05/14/2026","34.00","33.23","34.40","33.00","6.30M","2.41%"
"05/13/2026","33.20","33.60","33.85","33.04","6.80M","-0.45%"
"05/12/2026","33.35","33.90","33.94","32.90","4.62M","-0.83%"
"05/11/2026","33.63","34.31","34.39","33.00","6.12M","-1.06%"
"05/10/2026","33.99","33.90","35.00","33.85","8.22M","1.46%"
"05/06/2026","33.50","30.60","33.50","30.56","18.20M","10.05%"
"05/05/2026","30.44","30.51","30.67","30.15","5.69M","-0.20%"
"05/04/2026","30.50","31.53","31.78","30.50","5.34M","-3.14%"
"05/03/2026","31.49","31.19","32.11","31.16","7.56M","1.74%"
"04/30/2026","30.95","31.25","31.80","30.95","7.52M","-0.48%"
"04/29/2026","31.10","30.54","31.15","30.21","5.11M","1.83%"
"04/28/2026","30.54","30.61","30.81","30.20","3.38M","0.13%"
"04/27/2026","30.50","29.80","31.10","29.77","5.70M","2.52%"
"04/26/2026","29.75","30.49","30.64","29.53","6.87M","-1.65%"
"04/23/2026","30.25","31.13","31.60","30.25","7.77M","-2.73%"
"04/22/2026","31.10","31.88","31.90","30.60","6.53M","-2.51%"
"04/21/2026","31.90","29.60","31.90","29.60","11.23M","8.14%"
"04/20/2026","29.50","30.00","30.05","28.97","3.74M","-1.17%"
"04/19/2026","29.85","29.09","29.89","28.82","6.21M","3.25%"
"04/16/2026","28.91","29.50","31.00","28.71","15.25M","0.03%"
"04/15/2026","28.90","27.20","29.19","27.20","13.78M","6.48%"
"04/14/2026","27.14","27.16","27.65","26.93","6.29M","-0.04%"
"04/12/2026","27.15","26.10","27.15","27.15","14.04M","0.00%"
"04/09/2026","27.15","26.07","27.36","25.73","14.04M","4.02%"
"04/08/2026","26.10","25.25","26.47","25.25","9.40M","5.88%"
"04/07/2026","24.65","25.21","25.29","24.63","1.91M","-2.07%"
"04/06/2026","25.17","24.96","25.41","24.85","4.75M","1.70%"
"04/05/2026","24.75","24.80","24.92","24.70","917.22K","0.20%"
"04/02/2026","24.70","24.80","24.98","24.55","1.71M","-1.20%"
"04/01/2026","25.00","24.48","25.08","24.33","4.32M","3.43%"
"03/31/2026","24.17","24.25","24.59","24.00","2.50M","-0.53%"
"03/30/2026","24.30","24.63","24.87","24.20","2.88M","-1.30%"
"03/29/2026","24.62","25.27","25.30","24.50","4.80M","-2.53%"
"03/26/2026","25.26","25.85","25.97","25.26","4.23M","-2.28%"
"03/25/2026","25.85","25.55","26.23","25.55","5.39M","1.57%"
"03/24/2026","25.45","25.50","26.07","25.20","4.72M","1.39%"
"03/18/2026","25.10","25.21","25.39","25.00","2.56M","0.40%"
"03/17/2026","25.00","24.69","25.29","24.55","3.35M","1.83%"
"03/16/2026","24.55","25.21","25.39","24.32","2.50M","-2.39%"
"03/15/2026","25.15","25.70","25.88","25.10","3.01M","-2.10%"
"03/12/2026","25.69","25.50","26.10","25.40","6.33M","1.02%"
"03/11/2026","25.43","25.54","25.69","25.03","1.71M","0.24%"
"03/10/2026","25.37","25.65","25.90","25.30","5.20M","1.40%"
"03/09/2026","25.02","24.25","25.06","23.83","8.87M","3.39%"
"03/08/2026","24.20","24.80","24.99","24.10","4.43M","-1.67%"
"03/05/2026","24.61","24.70","25.47","24.40","11.15M","4.28%"
"03/04/2026","23.60","23.89","24.09","23.00","6.45M","-1.38%"
"03/03/2026","23.93","24.80","24.97","23.60","4.26M","-3.47%"
"03/02/2026","24.79","24.93","25.10","24.00","1.77M","-0.56%"
"03/01/2026","24.93","24.80","25.10","24.01","2.33M","-3.75%"
"02/26/2026","25.90","25.84","25.90","25.17","1.22M","-0.38%"
"02/25/2026","26.00","26.50","26.69","25.00","3.04M","-1.78%"
"02/24/2026","26.47","26.90","27.04","26.40","3.20M","-1.19%"
"02/23/2026","26.79","26.39","27.15","26.06","3.21M","1.52%"
"02/22/2026","26.39","27.20","27.39","25.80","2.86M","-2.76%"
"02/19/2026","27.14","28.00","28.19","26.81","2.89M","-2.97%"
"02/18/2026","27.97","27.50","29.28","27.50","17.15M","2.38%"
"02/17/2026","27.32","25.97","27.32","25.45","12.85M","5.97%"
"02/16/2026","25.78","26.30","26.72","25.71","5.00M","-1.60%"
"02/15/2026","26.20","26.08","26.89","26.00","7.04M","1.12%"
"02/12/2026","25.91","26.09","26.09","25.75","2.27M","-0.65%"
"02/11/2026","26.08","25.10","26.40","25.01","14.97M","4.15%"
"02/10/2026","25.04","25.10","25.30","24.82","2.81M","0.44%"
"02/09/2026","24.93","24.69","25.55","24.65","8.72M","1.76%"
"02/08/2026","24.50","24.30","24.51","24.25","1.66M","1.24%"
"02/05/2026","24.20","24.36","24.39","23.96","3.28M","-0.62%"
"02/04/2026","24.35","24.50","24.60","24.20","2.56M","-0.45%"
"02/03/2026","24.46","24.44","24.68","24.33","2.21M","0.20%"
"02/02/2026","24.41","24.30","24.70","24.00","5.34M","0.95%"
"02/01/2026","24.18","24.13","24.38","23.90","1.90M","0.71%"
"01/28/2026","24.01","23.70","24.50","23.51","10.04M","1.31%"
"01/27/2026","23.70","23.61","23.78","23.40","2.85M","0.38%"
"01/26/2026","23.61","23.71","23.80","23.31","2.92M","-0.17%"
"01/25/2026","23.65","23.50","23.88","23.50","1.70M","0.77%"
"01/22/2026","23.47","23.51","23.79","23.41","1.09M","-0.09%"
"01/21/2026","23.49","23.82","23.90","23.27","2.78M","-1.30%"
"01/20/2026","23.80","23.35","23.90","23.31","3.59M","2.23%"
"01/19/2026","23.28","23.00","23.54","22.96","3.86M","1.66%"
"01/18/2026","22.90","23.10","23.34","22.73","2.25M","-0.39%"
"01/15/2026","22.99","23.00","23.15","22.20","1.72M","-0.04%"
"01/14/2026","23.00","23.10","23.30","22.70","2.23M","-0.43%"
"01/13/2026","23.10","23.91","24.09","23.00","3.25M","-2.98%"
"01/12/2026","23.81","23.83","24.35","23.80","5.39M","0.04%"
"01/11/2026","23.80","23.33","23.90","23.29","3.52M","2.15%"
"01/08/2026","23.30","23.73","23.98","23.28","3.03M","-2.06%"
"01/06/2026","23.79","23.20","23.92","23.18","1.58M","3.21%"
"01/05/2026","23.05","24.15","24.27","23.04","4.41M","-4.20%"
"01/04/2026","24.06","25.41","25.65","24.00","3.79M","-5.28%"
"12/31/2025","25.40","25.44","25.44","25.13","1.14M","0.40%"
"12/30/2025","25.30","25.34","25.38","25.15","1.05M","0.32%"
"12/29/2025","25.22","25.31","25.91","25.18","3.34M","-0.67%"
"12/28/2025","25.39","25.42","25.47","25.13","897.29K","-0.08%"
"12/25/2025","25.41","25.45","25.45","25.10","689.30K","0.40%"
"12/24/2025","25.31","25.40","25.49","25.15","720.68K","-0.04%"
"12/23/2025","25.32","25.40","25.40","25.00","1.37M","-0.31%"
"12/22/2025","25.40","25.48","25.54","25.10","662.24K","-0.31%"
"12/21/2025","25.48","25.30","25.48","25.00","1.51M","0.71%"
"12/18/2025","25.30","25.40","25.60","25.00","2.32M","0.00%"
"12/17/2025","25.30","26.37","26.38","25.25","1.58M","-3.40%"
"12/16/2025","26.19","26.00","26.50","25.90","3.12M","0.73%"
"12/15/2025","26.00","25.80","26.24","25.65","4.49M","0.70%"
"12/14/2025","25.82","25.67","26.00","25.46","1.33M","0.51%"
"12/11/2025","25.69","25.46","25.72","25.44","1.24M","0.90%"
"12/10/2025","25.46","25.67","25.73","25.41","842.19K","-0.59%"
"12/09/2025","25.61","25.50","25.69","25.11","1.79M","0.75%"
"12/08/2025","25.42","25.60","25.90","25.25","4.97M","0.79%"
"12/07/2025","25.22","25.00","25.45","24.95","2.39M","1.29%"
"12/04/2025","24.90","25.10","25.29","24.87","1.40M","-0.56%"
"12/03/2025","25.04","25.27","25.47","24.90","2.23M","-0.63%"
"12/02/2025","25.20","25.20","25.58","25.20","558.19K","0.00%"
"12/01/2025","25.20","25.20","25.98","25.03","3.98M","0.00%"
"11/30/2025","25.20","25.11","25.36","24.90","1.83M","0.76%"
"11/27/2025","25.01","25.20","25.40","24.95","801.00K","-0.20%"
"11/26/2025","25.06","25.95","26.00","25.06","1.57M","-3.24%"
"11/25/2025","25.90","24.95","26.00","24.82","6.18M","3.64%"
"11/24/2025","24.99","25.40","25.47","24.70","3.61M","-1.58%"
"11/23/2025","25.39","24.90","25.50","24.85","1.97M","1.97%"
"11/20/2025","24.90","25.50","25.70","24.90","1.48M","-1.97%"
"11/19/2025","25.40","25.18","25.40","24.93","1.55M","0.87%"
"11/18/2025","25.18","25.58","25.80","24.72","2.77M","-1.06%"
"11/17/2025","25.45","24.89","25.70","24.80","3.48M","2.75%"
"11/16/2025","24.77","25.06","25.50","24.70","1.97M","-1.00%"
"11/13/2025","25.02","25.80","26.00","24.77","2.37M","-2.30%"
"11/12/2025","25.61","25.76","26.29","25.50","1.73M","-0.19%"
"11/11/2025","25.66","26.80","26.89","25.64","4.19M","-4.25%"
"11/10/2025","26.80","26.66","27.14","26.51","7.25M","1.13%"
"11/09/2025","26.50","25.70","26.50","25.36","2.76M","2.91%"
"11/06/2025","25.75","26.00","26.60","25.63","3.10M","-0.96%"
"11/05/2025","26.00","26.37","26.79","25.71","4.91M","-1.52%"
"11/04/2025","26.40","25.28","26.49","25.25","10.36M","4.43%"
"11/03/2025","25.28","25.00","25.30","24.25","3.56M","1.08%"
"11/02/2025","25.01","24.80","25.85","24.80","7.14M","1.09%"
"10/30/2025","24.74","24.85","24.95","24.65","1.76M","-0.20%"
"10/29/2025","24.79","24.61","24.90","24.23","3.77M","0.98%"
"10/28/2025","24.55","24.70","24.90","24.11","4.89M","-0.12%"
"10/27/2025","24.58","24.05","24.73","23.95","7.33M","2.85%"
"10/26/2025","23.90","23.00","24.10","23.00","9.93M","3.96%"
"10/23/2025","22.99","22.50","23.00","22.45","2.58M","2.13%"
"10/22/2025","22.51","22.67","22.71","22.45","1.53M","-0.66%"
"10/21/2025","22.66","23.11","23.18","22.65","2.73M","-1.44%"
"10/20/2025","22.99","23.10","23.19","22.69","4.13M","0.13%"
"10/19/2025","22.96","22.88","23.19","22.80","3.03M","0.70%"
"10/16/2025","22.80","22.80","22.94","22.60","3.34M","-0.04%"
"10/15/2025","22.81","23.00","23.25","22.75","6.14M","-0.70%"
"10/14/2025","22.97","22.25","22.98","22.15","10.85M","3.42%"
"10/13/2025","22.21","21.94","22.30","21.73","5.68M","1.88%"
"10/12/2025","21.80","21.20","21.90","21.16","2.92M","1.87%"
"10/08/2025","21.40","21.38","21.49","21.12","2.56M","0.42%"
"10/07/2025","21.31","21.59","21.68","21.21","1.20M","-0.88%"
"10/06/2025","21.50","21.77","21.94","21.40","2.44M","-0.88%"
"10/05/2025","21.69","21.40","21.73","21.29","962.61K","1.88%"
"10/02/2025","21.29","21.35","21.67","21.20","1.33M","-0.28%"
"10/01/2025","21.35","21.60","21.70","21.25","2.77M","-0.70%"
"09/30/2025","21.50","21.52","22.00","21.38","9.78M","0.23%"
"09/29/2025","21.45","21.40","21.52","21.21","1.84M","0.33%"
"09/28/2025","21.38","21.00","21.40","21.00","1.05M","1.81%"
"09/25/2025","21.00","20.95","21.12","20.80","1.84M","0.48%"
"09/24/2025","20.90","20.60","21.40","20.60","3.00M","1.70%"
"09/23/2025","20.55","20.90","20.90","20.55","797.57K","-2.10%"
"09/22/2025","20.99","20.77","21.00","20.38","1.28M","1.16%"
"09/21/2025","20.75","20.71","21.00","20.56","1.63M","0.19%"
"09/18/2025","20.71","20.93","21.00","20.53","1.31M","-0.43%"
"09/17/2025","20.80","21.38","21.45","20.77","2.91M","-2.35%"
"09/16/2025","21.30","22.14","22.14","21.30","1.92M","-3.18%"
"09/15/2025","22.00","22.09","22.35","21.90","2.15M","-0.05%"
"09/14/2025","22.01","21.96","22.14","21.86","522.17K","0.27%"
"09/11/2025","21.95","21.90","22.10","21.85","486.61K","0.69%"
"09/10/2025","21.80","21.87","22.15","21.75","1.41M","-0.91%"
"09/09/2025","22.00","22.10","22.40","21.70","1.65M","-0.36%"
"09/08/2025","22.08","22.20","22.46","21.93","3.44M","-0.09%"
"09/07/2025","22.10","22.02","22.42","21.80","6.51M","1.42%"
"09/03/2025","21.79","22.35","22.45","21.67","4.49M","-2.29%"
"09/02/2025","22.30","22.65","22.80","22.16","1.23M","-1.76%"
"09/01/2025","22.70","22.31","22.75","22.29","1.38M","1.79%"
"08/31/2025","22.30","23.21","23.49","22.30","1.53M","-3.80%"
"08/28/2025","23.18","22.99","23.33","22.86","1.13M","1.44%"
"08/27/2025","22.85","23.18","23.30","22.80","1.76M","-1.51%"
"08/26/2025","23.20","23.15","23.38","22.81","1.93M","0.22%"
"08/25/2025","23.15","23.31","23.44","23.05","1.01M","-0.64%"
"08/24/2025","23.30","23.65","23.85","23.19","2.83M","-1.48%"
"08/21/2025","23.65","23.70","24.00","23.53","1.58M","-0.21%"
"08/20/2025","23.70","24.20","24.20","23.51","1.70M","-1.46%"
"08/19/2025","24.05","23.63","24.14","23.60","4.29M","1.56%"
"08/18/2025","23.68","23.26","23.94","23.26","3.54M","1.85%"
"08/17/2025","23.25","23.15","23.43","23.01","1.47M","0.56%"
"08/14/2025","23.12","22.89","23.23","22.72","1.98M","1.40%"
"08/13/2025","22.80","23.30","23.49","22.71","2.69M","-1.98%"
"08/12/2025","23.26","23.20","23.60","23.14","3.01M","0.69%"
"08/11/2025","23.10","23.50","23.79","22.94","3.70M","-1.28%"
"08/10/2025","23.40","22.31","23.44","22.31","7.93M","5.41%"
"08/07/2025","22.20","22.30","22.40","22.18","1.61M","-0.09%"
"08/06/2025","22.22","22.44","22.48","22.14","1.32M","-0.85%"
"08/05/2025","22.41","22.25","22.50","22.10","2.87M","1.08%"
"08/04/2025","22.17","22.16","22.44","22.05","1.98M","0.18%"
"08/03/2025","22.13","22.51","22.70","22.00","1.82M","-1.64%"
"07/31/2025","22.50","22.15","22.54","21.95","1.58M","1.86%"
"07/30/2025","22.09","22.42","22.84","21.83","3.53M","-1.82%"
"07/29/2025","22.50","22.06","22.70","21.71","3.97M","2.27%"
"07/28/2025","22.00","22.70","22.85","22.00","3.76M","-2.91%"
"07/27/2025","22.66","22.77","23.20","22.60","4.35M","0.27%"
"07/23/2025","22.60","21.99","22.76","21.77","4.43M","3.86%"
"07/22/2025","21.76","22.25","22.37","21.68","2.03M","-2.07%"
"07/21/2025","22.22","22.40","22.67","22.20","4.83M","-0.36%"
"07/20/2025","22.30","21.50","22.40","21.42","7.20M","4.50%"
"07/17/2025","21.34","21.11","21.40","20.99","2.71M","1.52%"
"07/16/2025","21.02","21.32","21.45","21.02","3.04M","-1.31%"
"07/15/2025","21.30","21.31","21.42","21.20","2.58M","0.33%"
"07/14/2025","21.23","21.25","21.53","21.11","1.70M","0.28%"
"07/13/2025","21.17","21.50","21.89","21.17","1.33M","-1.31%"
"07/10/2025","21.45","21.50","21.69","21.40","1.96M","0.00%"
"07/09/2025","21.45","21.52","21.70","21.25","2.29M","-0.69%"
"07/07/2025","21.60","22.00","22.10","21.51","3.20M","-0.96%"
"07/06/2025","21.81","21.90","22.29","21.70","5.54M","0.41%"
"07/02/2025","21.72","21.10","21.80","21.01","6.82M","2.99%"
"07/01/2025","21.09","21.35","21.47","20.93","2.92M","-1.77%"
"06/30/2025","21.47","21.50","21.54","20.75","4.90M","0.28%"
"06/29/2025","21.41","21.72","21.97","21.30","5.57M","0.05%"
"06/25/2025","21.40","21.40","21.80","21.05","3.77M","0.00%"
"06/24/2025","21.40","20.21","21.47","20.21","13.06M","8.91%"
"06/23/2025","19.65","19.40","20.00","19.40","4.17M","1.29%"
"06/22/2025","19.40","18.40","19.50","18.10","4.68M","2.11%"
"06/19/2025","19.00","19.49","19.50","18.70","2.91M","-2.01%"
"06/18/2025","19.39","18.87","19.39","18.37","2.50M","2.76%"
"06/17/2025","18.87","19.60","19.94","18.80","4.33M","-3.48%"
"06/16/2025","19.55","20.23","20.60","19.49","6.08M","-3.22%"
"06/15/2025","20.20","21.73","21.80","19.55","9.51M","-11.05%"
"06/12/2025","22.71","23.30","23.43","22.71","1.98M","-2.53%"
"06/11/2025","23.30","23.00","23.30","22.80","5.37M","1.53%"
"06/10/2025","22.95","22.80","23.05","22.68","2.23M","0.75%"
"06/04/2025","22.78","22.70","22.80","22.55","1.46M","0.53%"
"06/03/2025","22.66","22.98","23.00","22.53","5.46M","-0.61%"
"06/02/2025","22.80","23.55","23.70","22.67","3.85M","-3.18%"
"06/01/2025","23.55","23.90","24.00","23.30","1.85M","-1.05%"
"05/29/2025","23.80","23.79","24.05","23.65","6.01M","0.17%"
"05/28/2025","23.76","23.55","23.76","23.37","9.58M","1.19%"
"05/27/2025","23.48","23.21","23.54","23.21","4.47M","1.21%"
"05/26/2025","23.20","22.91","23.57","22.91","9.16M","1.44%"
"05/25/2025","22.87","22.67","22.96","22.52","1.65M","1.55%"
"05/22/2025","22.52","22.84","22.89","22.45","2.36M","-1.23%"
"05/21/2025","22.80","23.00","23.15","22.80","7.45M","-0.44%"
"05/20/2025","22.90","22.86","23.00","22.70","930.55K","1.10%"
"05/19/2025","22.65","22.85","23.00","22.51","1.84M","-0.88%"
"05/18/2025","22.85","23.37","23.50","22.75","2.47M","-1.08%"
"05/15/2025","23.10","23.30","23.44","23.00","1.21M","-0.73%"
"05/14/2025","23.27","23.53","23.80","23.13","3.19M","-0.56%"
"05/13/2025","23.40","22.65","23.40","22.65","4.12M","3.54%"
"05/12/2025","22.60","22.81","22.97","22.47","1.97M","-0.44%"
"05/11/2025","22.70","23.40","23.50","22.64","2.71M","-2.58%"
"05/08/2025","23.30","23.78","23.80","22.93","3.59M","-2.14%"
"05/07/2025","23.81","24.76","24.86","23.53","4.74M","-3.84%"
"05/06/2025","24.76","24.90","25.00","24.65","4.04M","0.36%"
"05/05/2025","24.67","24.98","25.25","24.65","3.82M","-0.52%"
"05/04/2025","24.80","24.11","25.10","24.11","5.98M","3.33%"
"04/30/2025","24.00","23.88","24.31","23.70","1.97M","0.84%"
"04/29/2025","23.80","24.26","24.50","23.80","2.13M","-1.69%"
"04/28/2025","24.21","24.20","24.33","23.95","5.06M","0.37%"
"04/27/2025","24.12","23.50","24.20","23.40","6.44M","3.52%"
"04/23/2025","23.30","22.95","23.48","22.86","3.43M","2.19%"
"04/22/2025","22.80","23.25","23.30","22.67","1.30M","-1.30%"
"04/17/2025","23.10","22.82","23.20","22.71","2.20M","1.32%"
"04/16/2025","22.80","23.19","23.36","22.63","3.41M","-1.21%"
"04/15/2025","23.08","22.35","23.49","22.35","7.51M","3.50%"
"04/14/2025","22.30","22.56","22.87","22.22","3.49M","-1.15%"
"04/13/2025","22.56","22.31","22.80","22.09","2.77M","1.17%"
"04/10/2025","22.30","22.95","23.00","22.30","5.24M","2.53%"
"04/09/2025","21.75","23.13","23.20","21.60","3.53M","-5.97%"
"04/08/2025","23.13","23.25","23.60","23.11","2.18M","0.17%"
"04/07/2025","23.09","22.89","23.39","21.50","6.75M","0.39%"
"04/06/2025","23.00","23.70","24.10","22.60","4.73M","-6.12%"
"04/03/2025","24.50","23.55","24.55","23.01","2.18M","4.26%"
"03/27/2025","23.50","23.95","24.30","23.45","3.21M","-1.67%"
"03/26/2025","23.90","23.90","24.32","23.75","1.72M","0.00%"
"03/25/2025","23.90","24.40","24.65","23.80","2.24M","-1.65%"
"03/24/2025","24.30","24.80","24.97","23.90","2.79M","-2.02%"
"03/23/2025","24.80","24.98","25.20","24.60","1.76M","-0.72%"
"03/20/2025","24.98","24.79","25.59","24.79","3.73M","0.81%"
"03/19/2025","24.78","25.71","25.95","24.78","3.92M","-3.35%"
"03/18/2025","25.64","25.56","27.50","25.55","6.29M","0.51%"
"03/17/2025","25.51","25.00","25.51","24.50","3.04M","2.04%"
"03/16/2025","25.00","25.30","25.70","24.34","3.49M","-1.19%"
"03/13/2025","25.30","25.22","25.80","24.95","4.08M","2.39%"
"03/12/2025","24.71","23.40","25.25","23.40","8.50M","6.05%"
"03/11/2025","23.30","23.25","23.68","23.00","3.19M","-0.47%"
"03/10/2025","23.41","23.95","24.18","23.25","3.30M","-1.64%"
"03/09/2025","23.80","23.20","24.70","22.80","7.10M","2.59%"
"03/06/2025","23.20","23.55","23.85","22.80","4.30M","-1.28%"
"03/05/2025","23.50","23.01","23.97","23.01","3.91M","2.62%"
"03/04/2025","22.90","22.45","23.49","22.20","3.43M","2.00%"
"03/03/2025","22.45","22.72","23.00","22.30","3.46M","-1.19%"
"03/02/2025","22.72","22.03","23.00","22.03","5.63M","3.23%"
"02/27/2025","22.01","20.91","22.17","20.91","6.47M","5.31%"
"02/26/2025","20.90","20.89","21.55","20.75","6.43M","0.67%"
"02/25/2025","20.76","21.70","22.77","20.70","13.45M","-2.03%"
"02/24/2025","21.19","20.08","22.05","20.08","13.54M","5.63%"
"02/23/2025","20.06","20.10","21.10","19.85","6.02M","-0.20%"
"02/20/2025","20.10","19.20","20.70","19.20","14.39M","4.69%"
"02/19/2025","19.20","18.20","19.36","18.20","10.34M","5.49%"
"02/18/2025","18.20","18.30","18.42","18.11","2.01M","-0.44%"
"02/17/2025","18.28","18.16","18.44","18.09","1.61M","1.22%"
"02/16/2025","18.06","17.51","18.15","17.51","2.54M","3.50%"
"02/13/2025","17.45","17.55","17.58","17.31","1.38M","0.00%"
"02/12/2025","17.45","17.06","17.50","16.50","1.71M","1.99%"
"02/11/2025","17.11","17.55","17.60","17.06","3.02M","-2.28%"
"02/10/2025","17.51","17.60","17.84","17.39","1.80M","-0.68%"
"02/09/2025","17.63","17.90","18.10","17.50","3.60M","-1.51%"
"02/06/2025","17.90","17.85","17.99","17.65","1.29M","0.45%"
"02/05/2025","17.82","17.70","18.16","17.70","2.28M","0.91%"
"02/04/2025","17.66","17.38","17.82","17.32","1.18M","1.85%"
"02/03/2025","17.34","17.87","17.88","17.25","2.53M","-2.64%"
"02/02/2025","17.81","18.00","18.16","17.64","2.02M","-0.50%"
"01/30/2025","17.90","18.25","18.37","17.90","1.35M","-1.92%"
"01/29/2025","18.25","18.40","18.60","18.16","3.81M","0.00%"
"01/28/2025","18.25","17.45","18.42","17.41","6.45M","4.70%"
"01/27/2025","17.43","17.41","17.80","17.37","2.78M","0.17%"
"01/26/2025","17.40","17.42","17.70","17.40","1.15M","-0.06%"
"01/23/2025","17.41","17.62","17.76","17.41","1.40M","-1.14%"
"01/22/2025","17.61","17.85","18.00","17.57","4.47M","-1.18%"
"01/21/2025","17.82","18.10","18.14","17.75","1.92M","-1.55%"
"01/20/2025","18.10","18.02","18.24","17.81","1.64M","0.56%"
"01/19/2025","18.00","18.37","18.60","17.85","4.96M","-2.01%"
"01/16/2025","18.37","17.78","18.40","17.78","4.90M","4.97%"
"01/15/2025","17.50","17.49","17.70","16.95","3.49M","0.06%"
"01/14/2025","17.49","17.41","17.78","16.70","4.58M","0.52%"
"01/13/2025","17.40","18.30","18.40","17.31","4.99M","-4.92%"
"01/12/2025","18.30","18.40","18.41","18.00","4.99M","-0.65%"
"01/09/2025","18.42","18.89","18.92","18.40","1.75M","-1.76%"
"01/08/2025","18.75","19.22","19.29","18.71","1.32M","-2.34%"
"01/06/2025","19.20","19.07","19.25","18.92","2.00M","0.79%"
"01/05/2025","19.05","18.75","19.40","18.75","4.74M","1.87%"
"01/02/2025","18.70","18.66","18.89","18.55","3.13M","1.08%"
"12/31/2024","18.50","18.17","18.60","18.17","1.63M","1.93%"
"12/30/2024","18.15","18.80","18.80","18.10","3.62M","-3.46%"
"12/29/2024","18.80","18.50","18.80","18.32","4.76M","2.17%"
"12/26/2024","18.40","18.75","18.90","18.33","4.44M","-1.87%"
"12/25/2024","18.75","18.90","19.00","18.70","2.61M","-0.27%"
"12/24/2024","18.80","18.72","18.90","18.22","2.59M","1.08%"
"12/23/2024","18.60","18.85","19.00","18.20","5.46M","-1.27%"
"12/22/2024","18.84","18.87","19.43","18.72","5.87M","0.43%"
"12/19/2024","18.76","18.36","19.10","18.26","11.52M","1.41%"
"12/18/2024","18.50","20.98","20.98","18.50","21.69M","-7.45%"
"12/17/2024","19.99","19.65","20.40","19.65","9.42M","2.51%"
"12/16/2024","19.50","19.00","19.98","18.79","4.44M","3.17%"
"12/15/2024","18.90","19.05","19.15","18.65","3.15M","0.00%"
"12/12/2024","18.90","19.00","19.34","18.73","2.78M","-0.53%"
"12/11/2024","19.00","18.49","19.99","18.40","18.48M","2.70%"
"12/10/2024","18.50","17.80","18.50","17.52","7.52M","3.93%"
"12/09/2024","17.80","18.24","18.24","17.06","3.20M","-1.66%"
"12/08/2024","18.10","17.66","18.39","17.66","6.38M","2.61%"
"12/05/2024","17.64","17.41","17.65","17.05","4.36M","1.67%"
"12/04/2024","17.35","16.10","18.00","16.10","21.03M","9.74%"
"12/03/2024","15.81","16.00","16.16","15.79","1.85M","-1.19%"
"12/02/2024","16.00","16.05","16.47","15.70","6.38M","1.27%"
"12/01/2024","15.80","15.51","16.00","15.38","11.64M","3.27%"
"11/28/2024","15.30","14.77","15.47","14.65","5.44M","3.59%"
"11/27/2024","14.77","14.91","15.06","14.70","3.50M","-0.47%"
"11/26/2024","14.84","14.81","15.12","14.81","1.78M","0.27%"
"11/25/2024","14.80","15.05","15.20","14.68","1.64M","-1.66%"
"11/24/2024","15.05","15.20","15.50","15.00","3.87M","-0.99%"
"11/21/2024","15.20","14.41","15.20","14.41","7.43M","5.56%"
"11/20/2024","14.40","14.60","14.70","14.17","2.22M","-0.89%"
"11/19/2024","14.53","14.80","14.99","14.35","1.68M","-1.82%"
"11/18/2024","14.80","15.04","15.18","14.65","2.63M","-1.33%"
"11/17/2024","15.00","14.88","15.20","14.75","2.25M","0.94%"
"11/14/2024","14.86","14.82","15.19","14.79","5.54M","0.54%"
"11/13/2024","14.78","15.40","15.49","14.78","6.71M","-4.03%"
"11/12/2024","15.40","15.55","15.74","15.29","10.81M","0.98%"
"11/11/2024","15.25","15.35","15.51","15.11","5.79M","-0.52%"
"11/10/2024","15.33","15.38","15.60","15.07","3.92M","-0.33%"
"11/07/2024","15.38","14.77","15.40","14.71","9.61M","5.13%"
"11/06/2024","14.63","14.20","15.09","14.20","9.39M","4.50%"
"11/05/2024","14.00","14.15","14.40","13.91","2.00M","-0.78%"
"11/04/2024","14.11","14.00","14.60","14.00","9.45M","1.58%"
"11/03/2024","13.89","13.25","13.90","13.25","6.96M","5.23%"
"10/31/2024","13.20","12.82","13.23","12.82","2.05M","3.12%"
"10/30/2024","12.80","13.00","13.04","12.75","674.66K","-0.78%"
"10/29/2024","12.90","13.30","13.32","12.83","2.58M","-2.20%"
"10/28/2024","13.19","13.14","13.40","13.11","3.23M","0.76%"
"10/27/2024","13.09","12.91","13.16","12.90","1.90M","1.87%"
"10/24/2024","12.85","12.87","13.12","12.75","3.31M","0.31%"
"10/23/2024","12.81","13.25","13.35","12.78","4.33M","-3.17%"
"10/22/2024","13.23","12.70","13.40","12.66","5.01M","5.00%"
"10/21/2024","12.60","12.50","12.70","12.16","2.88M","0.80%"
"10/20/2024","12.50","12.95","13.24","12.50","1.38M","-3.25%"
"10/17/2024","12.92","13.03","13.13","12.86","1.03M","-0.69%"
"10/16/2024","13.01","13.19","13.43","13.01","1.76M","-0.69%"
"10/15/2024","13.10","12.86","13.21","12.86","2.09M","3.15%"
"10/14/2024","12.70","13.00","13.15","12.58","5.48M","-1.17%"
"10/13/2024","12.85","13.90","13.90","12.80","3.01M","-7.55%"
"10/10/2024","13.90","14.04","14.25","13.60","2.48M","-0.71%"
"10/09/2024","14.00","13.80","14.26","13.80","1.75M","1.74%"
"10/08/2024","13.76","14.42","14.54","13.68","2.88M","-3.64%"
"10/07/2024","14.28","14.31","14.83","14.00","3.89M","1.64%"
"10/03/2024","14.05","14.00","14.23","13.98","2.27M","1.01%"
"10/02/2024","13.91","14.39","14.64","13.80","4.52M","-3.40%"
"10/01/2024","14.40","14.38","14.50","14.19","3.96M","0.98%"
"09/30/2024","14.26","14.39","14.62","14.24","2.44M","-0.77%"
"09/29/2024","14.37","14.60","14.80","14.31","5.72M","-1.71%"
"09/26/2024","14.62","14.90","14.98","14.60","1.02M","-1.81%"
"09/25/2024","14.89","14.57","15.10","14.46","3.06M","2.34%"
"09/24/2024","14.55","14.90","15.25","14.40","4.30M","-2.35%"
"09/23/2024","14.90","14.29","15.00","14.28","9.40M","4.56%"
"09/22/2024","14.25","14.10","14.47","14.10","2.56M","1.06%"
"09/19/2024","14.10","14.09","14.21","13.94","1.81M","0.71%"
"09/18/2024","14.00","13.34","14.20","13.34","5.19M","5.26%"
"09/17/2024","13.30","13.79","13.80","13.30","2.28M","-2.49%"
"09/16/2024","13.64","13.92","14.07","13.60","2.23M","-1.59%"
"09/12/2024","13.86","14.20","14.36","13.63","3.48M","-2.39%"
"09/11/2024","14.20","14.19","14.35","13.90","2.23M","-0.07%"
"09/10/2024","14.21","14.47","14.50","13.83","1.82M","-0.07%"
"09/09/2024","14.22","14.10","14.55","13.92","3.48M","0.99%"
"09/08/2024","14.08","14.86","15.00","14.07","4.48M","-5.19%"
"09/05/2024","14.85","14.80","15.40","14.80","4.58M","0.34%"
"09/04/2024","14.80","14.82","14.86","14.45","3.05M","-0.60%"
"09/03/2024","14.89","14.90","15.19","14.80","2.23M","-0.07%"
"09/02/2024","14.90","14.81","15.74","14.80","6.45M","1.36%"
"09/01/2024","14.70","13.87","15.15","13.80","5.11M","6.14%"
"08/29/2024","13.85","13.93","14.13","13.80","3.35M","-0.36%"
"08/28/2024","13.90","14.10","14.34","13.86","3.56M","-1.42%"
"08/27/2024","14.10","14.09","14.40","13.96","3.12M","1.44%"
"08/26/2024","13.90","14.09","14.39","13.90","6.24M","-1.35%"
"08/25/2024","14.09","13.80","14.50","13.74","13.51M","2.55%"
"08/22/2024","13.74","13.30","13.79","13.20","8.88M","3.15%"
"08/21/2024","13.32","13.24","13.65","13.16","6.27M","0.91%"
"08/20/2024","13.20","12.68","13.29","12.50","10.68M","4.85%"
"08/19/2024","12.59","12.45","12.69","12.45","1.50M","1.45%"
"08/18/2024","12.41","12.50","12.76","12.40","1.50M","-0.32%"
"08/15/2024","12.45","12.44","12.65","12.40","1.87M","0.40%"
"08/14/2024","12.40","12.46","12.71","12.35","2.68M","-0.48%"
"08/13/2024","12.46","12.60","12.73","12.40","1.59M","-0.72%"
"08/12/2024","12.55","12.75","12.97","12.55","4.13M","-1.03%"
"08/11/2024","12.68","12.20","13.00","12.08","3.99M","5.58%"
"08/08/2024","12.01","12.05","12.25","11.78","1.88M","-0.25%"
"08/07/2024","12.04","12.14","12.20","11.70","3.78M","-0.17%"
"08/06/2024","12.06","11.32","12.19","11.32","2.51M","6.73%"
"08/05/2024","11.30","11.91","11.99","10.61","3.67M","-5.99%"
"08/04/2024","12.02","12.11","12.35","11.91","3.29M","-4.22%"
"08/01/2024","12.55","12.90","12.99","12.55","3.67M","-1.95%"
"07/31/2024","12.80","13.07","13.08","12.66","4.14M","-0.78%"
"07/30/2024","12.90","12.75","13.00","12.28","11.21M","1.74%"
"07/29/2024","12.68","12.95","13.00","12.60","4.41M","-1.78%"
"07/28/2024","12.91","13.10","13.14","12.76","4.21M","-0.77%"
"07/24/2024","13.01","13.59","13.80","12.92","11.66M","-4.27%"
"07/23/2024","13.59","12.89","13.65","12.89","8.98M","5.68%"
"07/22/2024","12.86","13.42","13.60","12.86","9.10M","-3.45%"
"07/21/2024","13.32","13.68","13.68","13.28","3.41M","-2.77%"
"07/18/2024","13.70","13.28","13.70","13.15","12.58M","4.34%"
"07/17/2024","13.13","12.75","13.20","12.60","7.93M","3.39%"
"07/16/2024","12.70","12.40","12.70","12.30","1.12M","2.75%"
"07/15/2024","12.36","12.70","12.96","12.20","1.70M","-1.90%"
"07/14/2024","12.60","12.67","12.77","12.52","1.66M","-0.47%"
"07/10/2024","12.66","13.00","13.12","12.59","5.60M","-1.86%"
"07/09/2024","12.90","12.62","13.08","12.51","7.43M","2.30%"
"07/08/2024","12.61","12.54","12.90","12.47","4.09M","0.88%"
"07/07/2024","12.50","12.73","12.98","12.50","6.36M","-1.19%"
"07/04/2024","12.65","12.70","12.79","12.45","4.93M","1.04%"
"07/03/2024","12.52","11.91","12.80","11.81","10.21M","6.10%"
"07/02/2024","11.80","12.13","12.44","11.69","10.51M","1.55%"
"07/01/2024","11.62","11.70","11.87","11.59","1.38M","-0.09%"
"06/27/2024","11.63","11.92","11.95","11.53","3.21M","-2.10%"
"06/26/2024","11.88","11.47","12.04","11.47","6.40M","3.76%"
"06/25/2024","11.45","10.84","11.47","10.63","3.70M","5.63%"
"06/24/2024","10.84","10.99","11.15","10.80","1.70M","-1.28%"
"06/23/2024","10.98","10.60","10.99","10.60","1.23M","4.57%"
"06/13/2024","10.50","10.55","10.60","10.35","776.42K","0.10%"
"06/12/2024","10.49","10.26","10.58","10.25","1.01M","2.54%"
"06/11/2024","10.23","10.15","10.42","10.06","767.37K","1.29%"
"06/10/2024","10.10","10.00","10.30","9.63","927.20K","0.00%"
"06/09/2024","10.10","10.80","10.90","10.10","1.33M","-7.34%"
"06/06/2024","10.90","10.94","11.05","10.87","623.51K","-0.09%"
"06/05/2024","10.91","11.40","11.40","10.70","1.44M","-3.62%"
"06/04/2024","11.32","11.44","11.55","11.24","627.36K","-0.79%"
"06/03/2024","11.41","10.80","11.54","10.80","3.36M","5.36%"
"06/02/2024","10.83","11.10","11.17","10.55","1.13M","-1.46%"
"05/30/2024","10.99","11.25","11.25","10.92","730.68K","-2.31%"
"05/29/2024","11.25","11.11","11.30","11.00","713.68K","1.26%"
"05/28/2024","11.11","11.13","11.30","10.58","735.51K","-1.24%"
"05/27/2024","11.25","11.42","11.45","11.00","1.21M","-1.14%"
"05/26/2024","11.38","11.20","11.60","11.20","1.17M","2.25%"
"05/23/2024","11.13","11.40","11.65","11.10","2.53M","-2.37%"
"05/22/2024","11.40","10.70","11.46","10.67","6.14M","6.54%"
"05/21/2024","10.70","10.50","10.74","10.32","1.55M","2.10%"
"05/20/2024","10.48","10.85","10.94","10.42","1.06M","-3.85%"
"05/19/2024","10.90","10.34","10.91","10.22","1.99M","5.42%"
"05/16/2024","10.34","9.80","10.38","9.71","2.21M","5.51%"
"05/15/2024","9.80","9.52","9.83","9.31","1.84M","2.40%"
"05/14/2024","9.57","9.57","9.60","9.32","1.37M","0.00%"
"05/13/2024","9.57","9.46","9.58","8.72","3.12M","2.79%"
"05/12/2024","9.31","10.04","10.05","9.30","2.31M","-6.71%"
"05/09/2024","9.98","10.11","10.19","9.83","2.44M","-1.29%"
"05/08/2024","10.11","10.39","10.51","10.10","2.06M","-0.98%"
"05/07/2024","10.21","10.36","10.54","10.08","2.96M","-1.45%"
"05/02/2024","10.36","10.20","10.50","10.00","2.04M","1.77%"
"05/01/2024","10.18","9.85","10.20","9.60","2.11M","3.88%"
"04/30/2024","9.80","10.56","10.89","9.80","2.97M","-6.49%"
"04/29/2024","10.48","9.90","10.75","9.90","1.50M","5.97%"
"04/28/2024","9.89","10.50","10.74","9.85","1.48M","-4.72%"
"04/24/2024","10.38","10.94","11.15","10.19","3.40M","-5.12%"
"04/23/2024","10.94","11.97","11.99","10.60","3.45M","-8.60%"
"04/22/2024","11.97","11.94","12.46","11.82","1.65M","0.25%"
"04/21/2024","11.94","11.90","12.90","11.90","1.64M","0.34%"
"04/18/2024","11.90","12.40","12.73","11.33","2.66M","-4.03%"
"04/17/2024","12.40","11.73","12.55","11.72","3.64M","5.71%"
"04/16/2024","11.73","11.90","12.05","11.70","3.10M","-1.43%"
"04/15/2024","11.90","11.14","12.11","11.18","5.26M","6.82%"
"04/08/2024","11.14","11.13","11.28","11.01","818.29K","0.09%"
"04/07/2024","11.13","11.32","11.47","11.11","1.35M","-1.68%"
"04/04/2024","11.32","11.32","11.55","11.11","1.65M","0.00%"
"04/03/2024","11.32","10.92","11.34","10.82","1.33M","3.66%"
"04/02/2024","10.92","11.47","11.61","10.87","3.84M","-4.80%"
"04/01/2024","11.47","10.58","11.49","10.58","2.70M","8.41%"
"03/31/2024","10.58","11.03","11.23","10.05","3.75M","-4.08%"
"03/28/2024","11.03","11.80","11.98","11.00","6.10M","-6.53%"
"03/27/2024","11.80","12.30","12.52","11.50","2.32M","-4.07%"
"03/26/2024","12.30","12.71","12.89","12.20","2.62M","-3.23%"
"03/25/2024","12.71","12.20","12.91","12.10","2.97M","4.18%"
"03/24/2024","12.20","12.47","12.75","12.10","1.13M","-2.17%"
"03/21/2024","12.47","12.30","12.63","12.10","2.12M","1.38%"
"03/20/2024","12.30","12.80","13.20","12.06","2.40M","-3.91%"
"03/19/2024","12.80","12.05","12.88","12.05","2.14M","6.22%"
"03/18/2024","12.05","13.79","14.00","12.05","3.60M","-12.62%"
"03/17/2024","13.79","14.23","14.90","13.76","929.94K","-3.09%"
"03/14/2024","14.23","14.00","14.70","13.06","2.31M","1.64%"
"03/13/2024","14.00","14.62","14.99","13.81","1.08M","-4.24%"
"03/12/2024","14.62","15.05","15.48","14.39","1.64M","-2.86%"
"03/11/2024","15.05","15.00","16.97","14.82","6.65M","0.33%"
"03/10/2024","15.00","13.54","15.15","13.60","3.65M","10.78%"
"03/07/2024","13.54","13.85","14.18","13.22","2.50M","-2.24%"
"03/06/2024","13.85","14.64","15.25","13.76","3.88M","-5.40%"
"03/05/2024","14.64","15.00","15.44","14.44","1.12M","-2.40%"
"03/04/2024","15.00","14.19","15.59","14.29","4.79M","5.71%"
"03/03/2024","14.19","14.43","14.93","13.96","3.15M","-1.66%"
"02/29/2024","14.43","14.81","15.25","14.24","4.48M","-2.57%"
"02/28/2024","14.81","16.09","16.50","14.80","4.15M","-7.96%"
"02/27/2024","16.09","15.05","17.00","15.05","9.60M","6.91%"
"02/26/2024","15.05","15.00","15.60","14.81","5.54M","0.33%"
"02/25/2024","15.00","14.20","15.97","13.70","8.54M","5.63%"
"02/22/2024","14.20","14.61","14.79","14.18","1.40M","-2.81%"
"02/21/2024","14.61","14.90","14.95","14.50","2.29M","-1.95%"
"02/20/2024","14.90","14.61","14.95","14.40","5.14M","1.98%"
"02/19/2024","14.61","13.56","14.70","13.60","12.10M","7.74%"
"02/18/2024","13.56","13.62","13.93","13.55","1.98M","-0.44%"
"02/15/2024","13.62","13.22","13.80","13.33","3.84M","3.03%"
"02/14/2024","13.22","13.02","13.50","13.07","3.10M","1.54%"
"02/13/2024","13.02","13.20","13.44","12.98","2.15M","-1.36%"
"02/12/2024","13.20","13.39","13.62","13.12","2.36M","-1.42%"
"02/11/2024","13.39","13.80","14.18","13.32","6.59M","-2.97%"
"02/08/2024","13.80","13.41","13.81","13.30","3.50M","2.91%"
"02/07/2024","13.41","13.20","13.66","13.00","6.15M","1.59%"
"02/06/2024","13.20","13.60","13.75","12.82","5.56M","-2.94%"
"02/05/2024","13.60","12.70","13.91","12.51","6.60M","7.09%"
"02/04/2024","12.70","12.90","12.89","12.01","2.26M","-1.55%"
"02/01/2024","12.90","12.40","12.95","11.55","3.76M","4.03%"
"01/31/2024","12.40","13.57","13.75","12.21","11.53M","-8.82%"
"01/30/2024","13.60","12.50","13.80","12.42","8.52M","9.32%"
"01/29/2024","12.44","12.67","13.09","12.33","3.57M","-1.27%"
"01/28/2024","12.60","12.72","12.95","12.59","2.08M","0.00%"
"01/24/2024","12.60","12.49","12.70","12.34","3.17M","1.37%"
"01/23/2024","12.43","13.23","13.29","12.41","4.41M","-5.48%"
"01/22/2024","13.15","13.30","13.66","13.10","3.69M","-0.23%"
"01/21/2024","13.18","12.30","13.39","12.30","8.92M","7.24%"
"01/18/2024","12.29","12.38","12.46","12.26","1.50M","0.74%"
"01/17/2024","12.20","12.60","12.65","12.20","5.43M","-1.93%"
"01/16/2024","12.44","12.29","12.47","12.15","7.15M","2.39%"
"01/15/2024","12.15","11.90","12.27","11.90","4.09M","2.53%"
"01/14/2024","11.85","11.85","11.97","11.75","2.66M","0.94%"
"01/11/2024","11.74","11.75","11.80","11.58","2.49M","0.77%"
"01/10/2024","11.65","11.78","11.85","11.50","2.68M","-0.43%"
"01/09/2024","11.70","11.50","11.93","11.46","7.84M","1.83%"
"01/08/2024","11.49","11.64","11.64","11.26","1.88M","0.00%"
"01/04/2024","11.49","11.73","11.91","11.45","3.89M","-0.95%"
"01/03/2024","11.60","11.47","11.69","11.32","2.89M","1.58%"
"01/02/2024","11.42","11.22","11.42","11.05","3.97M","2.88%"
"12/31/2023","11.10","11.40","11.52","10.98","4.68M","-2.20%"
"12/28/2023","11.35","11.41","11.64","11.12","1.98M","0.53%"
"12/27/2023","11.29","10.99","11.41","10.91","5.66M","3.58%"
"12/26/2023","10.90","11.19","11.40","10.72","4.89M","-1.98%"
"12/25/2023","11.12","11.41","11.45","10.86","13.36M","-2.28%"
"12/24/2023","11.38","12.08","12.10","11.27","1.94M","-4.37%"
"12/21/2023","11.90","12.44","12.44","11.89","2.72M","-2.70%"
"12/20/2023","12.23","12.38","12.56","12.20","2.28M","-0.65%"
"12/19/2023","12.31","12.87","13.04","12.31","2.79M","-4.28%"
"12/18/2023","12.86","12.41","12.93","12.38","7.83M","3.71%"
"12/17/2023","12.40","12.05","12.47","11.93","4.00M","4.20%"
"12/14/2023","11.90","11.98","12.30","11.90","3.51M","0.42%"
"12/13/2023","11.85","11.69","11.95","11.54","2.40M","2.95%"
"12/12/2023","11.51","11.85","11.85","11.26","5.23M","-0.78%"
"12/11/2023","11.60","12.00","12.17","11.45","6.15M","-3.73%"
"12/10/2023","12.05","12.95","13.05","11.87","4.66M","-6.88%"
"12/07/2023","12.94","12.57","13.19","11.85","5.55M","3.44%"
"12/06/2023","12.51","13.00","13.19","12.50","2.47M","-2.65%"
"12/05/2023","12.85","13.50","13.74","12.80","3.93M","-3.75%"
"12/04/2023","13.35","12.90","13.85","12.72","9.81M","3.57%"
"12/03/2023","12.89","13.18","13.24","12.64","7.54M","-0.85%"
"11/30/2023","13.00","11.91","13.05","11.91","12.90M","9.89%"
"11/29/2023","11.83","12.18","12.55","11.53","8.06M","-1.42%"
"11/28/2023","12.00","12.11","13.25","11.90","12.16M","0.33%"
"11/27/2023","11.96","10.59","12.19","10.56","19.64M","13.58%"
"11/26/2023","10.53","10.56","10.75","10.48","3.18M","0.29%"
"11/23/2023","10.50","10.42","10.65","10.34","6.16M","1.06%"
"11/22/2023","10.39","10.23","10.44","10.15","2.46M","2.57%"
"11/21/2023","10.13","10.14","10.20","10.03","1.62M","0.20%"
"11/20/2023","10.11","10.23","10.33","10.01","4.04M","-1.17%"
"11/19/2023","10.23","10.30","10.44","10.16","3.17M","-0.20%"
"11/16/2023","10.25","9.81","10.35","9.77","8.01M","5.56%"
"11/15/2023","9.71","9.76","9.90","9.65","2.74M","0.31%"
"11/14/2023","9.68","9.59","9.84","9.51","5.19M","2.22%"
"11/13/2023","9.47","9.75","9.80","9.44","5.30M","-0.11%"
"11/12/2023","9.48","9.69","9.77","9.38","2.20M","-1.35%"
"11/09/2023","9.61","9.77","9.96","9.60","2.74M","-1.54%"
"11/08/2023","9.76","9.80","10.06","9.76","4.48M","0.00%"
"11/07/2023","9.76","9.78","9.92","9.55","6.99M","0.72%"
"11/06/2023","9.69","9.76","9.87","9.50","5.77M","0.62%"
"11/05/2023","9.63","9.52","9.85","9.51","4.01M","2.12%"
"11/02/2023","9.43","9.57","9.79","9.43","6.36M","-0.53%"
"11/01/2023","9.48","10.00","10.08","9.46","8.07M","-4.24%"
"10/31/2023","9.90","10.36","10.49","9.85","8.45M","-2.75%"
"10/30/2023","10.18","10.39","10.40","10.00","6.80M","-0.78%"
"10/29/2023","10.26","10.30","10.60","10.24","6.83M","-0.29%"
"10/26/2023","10.29","10.60","10.70","10.18","4.53M","-3.29%"
"10/25/2023","10.64","9.84","10.80","9.73","7.00M","9.92%"
"10/24/2023","9.68","9.72","10.01","9.51","6.87M","0.62%"
"10/23/2023","9.62","9.60","9.92","9.51","5.90M","0.52%"
"10/22/2023","9.57","9.12","9.64","9.09","7.49M","5.40%"
"10/19/2023","9.08","9.39","9.41","9.08","4.72M","-1.94%"
"10/18/2023","9.26","9.74","9.75","9.25","5.72M","-5.03%"
"10/17/2023","9.75","9.13","9.84","9.03","7.65M","8.09%"
"10/16/2023","9.02","9.20","9.29","9.01","6.00M","-1.53%"
"10/15/2023","9.16","9.13","9.46","9.12","3.85M","0.55%"
"10/12/2023","9.11","9.08","9.26","8.97","3.36M","0.55%"
"10/11/2023","9.06","9.39","9.52","9.02","2.76M","-2.48%"
"10/10/2023","9.29","9.30","9.53","9.20","2.95M","0.43%"
"10/09/2023","9.25","9.69","9.69","9.19","1.39M","-2.63%"
"10/08/2023","9.50","9.94","9.97","8.31","2.29M","-4.90%"
"10/04/2023","9.99","10.02","10.15","9.62","3.88M","-0.10%"
"10/03/2023","10.00","10.62","10.69","9.88","2.26M","-5.30%"
"10/02/2023","10.56","10.95","11.20","10.41","4.56M","-2.13%"
"10/01/2023","10.79","10.55","10.97","10.52","813.15K","2.66%"
"09/27/2023","10.51","10.74","10.80","10.40","1.07M","-1.78%"
"09/26/2023","10.70","10.95","11.20","10.62","2.38M","-1.47%"
"09/25/2023","10.86","10.63","11.47","10.52","7.18M","3.72%"
"09/24/2023","10.47","10.70","10.75","10.45","951.97K","-1.23%"
"09/21/2023","10.60","10.50","10.75","10.28","1.32M","2.12%"
"09/20/2023","10.38","10.62","10.74","10.25","1.61M","-2.08%"
"09/19/2023","10.60","10.90","11.25","10.50","6.48M","-2.66%"
"09/18/2023","10.89","10.80","10.95","10.58","2.47M","2.54%"
"09/17/2023","10.62","10.66","10.84","10.60","1.87M","0.09%"
"09/14/2023","10.61","10.33","10.75","10.30","3.30M","1.05%"
"09/13/2023","10.50","10.29","10.55","10.23","655.20K","1.94%"
"09/12/2023","10.30","10.38","10.66","10.26","2.08M","0.39%"
"09/11/2023","10.26","10.55","10.56","10.18","1.40M","-2.29%"
"09/10/2023","10.50","10.20","10.61","10.07","2.92M","3.96%"
"09/07/2023","10.10","10.24","10.30","10.00","415.57K","-1.37%"
"09/06/2023","10.24","9.94","10.40","9.84","1.79M","4.07%"
"09/05/2023","9.84","10.15","10.15","9.76","1.98M","-2.19%"
"09/04/2023","10.06","10.25","10.30","10.03","1.62M","-1.37%"
"09/03/2023","10.20","10.50","10.50","10.17","625.44K","-1.16%"
"08/31/2023","10.32","10.32","10.44","10.20","1.24M","1.08%"
"08/30/2023","10.21","10.59","10.60","10.13","1.38M","-1.26%"
"08/29/2023","10.34","10.55","10.69","10.28","541.52K","-1.52%"
"08/28/2023","10.50","10.70","10.79","10.46","735.00K","-1.78%"
"08/27/2023","10.69","10.51","10.80","10.51","167.12K","1.71%"
"08/24/2023","10.51","10.67","10.70","10.43","226.64K","-0.57%"
"08/23/2023","10.57","10.76","10.85","10.55","955.44K","-1.58%"
"08/22/2023","10.74","10.73","10.89","10.68","911.07K","0.47%"
"08/21/2023","10.69","10.77","10.88","10.68","170.73K","-0.28%"
"08/20/2023","10.72","10.75","10.90","10.71","223.53K","-0.74%"
"08/17/2023","10.80","11.04","11.04","10.73","520.64K","-0.55%"
"08/16/2023","10.86","11.01","11.30","10.82","1.75M","-1.36%"
"08/15/2023","11.01","10.63","11.11","10.63","1.62M","2.90%"
"08/14/2023","10.70","10.89","10.90","10.65","1.07M","-0.09%"
"08/13/2023","10.71","10.96","10.96","10.65","106.05K","-1.11%"
"08/10/2023","10.83","11.03","11.03","10.67","128.56K","-0.91%"
"08/09/2023","10.93","10.90","11.18","10.85","438.91K","0.00%"
"08/08/2023","10.93","10.90","11.29","10.90","1.67M","0.09%"
"08/07/2023","10.92","10.91","11.15","10.90","501.72K","0.09%"
"08/06/2023","10.91","10.66","11.20","10.46","1.63M","4.00%"
"08/03/2023","10.49","10.50","10.77","10.40","105.51K","-0.66%"
"08/02/2023","10.56","10.85","10.85","10.40","312.83K","-1.22%"
"08/01/2023","10.69","10.76","11.00","10.41","485.19K","-1.84%"
"07/31/2023","10.89","11.00","11.10","10.70","821.40K","-0.91%"
"07/30/2023","10.99","10.31","11.00","10.25","828.18K","5.17%"
"07/27/2023","10.45","10.30","10.50","10.24","43.77K","1.26%"
"07/26/2023","10.32","10.60","10.70","10.30","76.69K","-1.90%"
"07/25/2023","10.52","10.75","10.78","10.38","74.28K","-1.22%"
"07/24/2023","10.65","10.69","10.90","10.57","48.78K","-0.84%"
"07/19/2023","10.74","10.56","10.90","10.56","607.74K","-0.56%"
"07/18/2023","10.80","10.25","10.94","10.20","488.68K","4.65%"
"07/17/2023","10.32","10.34","10.35","10.20","240.54K","0.58%"
"07/16/2023","10.26","10.33","10.36","10.20","44.40K","-0.77%"
"07/13/2023","10.34","10.30","10.46","10.23","137.18K","0.19%"
"07/12/2023","10.32","10.32","10.47","10.13","165.42K","0.29%"
"07/11/2023","10.29","10.30","10.44","10.11","852.67K","1.28%"
"07/10/2023","10.16","9.75","10.25","9.60","1.24M","5.83%"
"07/09/2023","9.60","10.16","10.20","9.50","409.94K","-4.95%"
"07/06/2023","10.10","10.60","10.67","10.07","673.23K","-3.72%"
"07/05/2023","10.49","10.87","10.99","10.45","875.87K","-2.96%"
"07/04/2023","10.81","11.05","11.15","10.80","610.58K","-0.55%"
"06/26/2023","10.87","11.00","11.00","10.80","487.79K","-1.18%"
"06/25/2023","11.00","11.00","11.17","10.81","611.90K","0.00%"
"06/22/2023","11.00","10.85","11.09","10.85","541.69K","1.01%"
"06/21/2023","10.89","11.09","11.25","10.80","1.28M","-1.63%"
"06/20/2023","11.07","10.75","11.19","10.70","975.72K","2.69%"
"06/19/2023","10.78","10.80","10.98","10.62","559.95K","-0.19%"
"06/18/2023","10.80","10.74","10.93","10.68","737.13K","1.41%"
"06/15/2023","10.65","11.04","11.19","10.63","1.49M","-3.18%"
"06/14/2023","11.00","10.67","11.30","10.67","1.13M","3.09%"
"06/13/2023","10.67","11.02","11.10","10.61","861.87K","-3.09%"
"06/12/2023","11.01","10.83","11.10","10.83","306.13K","2.04%"
"06/11/2023","10.79","10.85","10.94","10.70","340.70K","1.03%"
"06/08/2023","10.68","10.70","10.89","10.51","240.79K","-0.19%"
"06/07/2023","10.70","11.30","11.30","10.63","1.44M","-2.90%"
"06/06/2023","11.02","10.70","11.50","10.70","1.52M","2.23%"
"06/05/2023","10.78","11.15","11.15","10.75","662.40K","-2.00%"
"06/04/2023","11.00","11.50","11.50","10.92","1.33M","-2.14%"
"06/01/2023","11.24","11.40","11.64","11.20","1.46M","-0.18%"
"05/31/2023","11.26","11.01","12.10","11.01","7.17M","2.36%"
"05/30/2023","11.00","10.65","11.00","10.57","4.17M","3.97%"
"05/29/2023","10.58","10.15","10.70","10.15","2.84M","4.24%"
"05/28/2023","10.15","10.20","10.35","10.07","1.17M","-0.10%"
"05/25/2023","10.16","10.45","10.45","10.00","1.30M","-1.55%"
"05/24/2023","10.32","10.15","10.50","10.12","2.80M","2.18%"
"05/23/2023","10.10","10.44","10.44","9.86","4.23M","-2.04%"
"05/22/2023","10.31","10.60","10.75","10.27","1.65M","-1.25%"
"05/21/2023","10.44","10.69","10.74","10.36","2.03M","-0.67%"
"05/18/2023","10.51","10.04","10.59","10.04","2.33M","3.96%"
"05/17/2023","10.11","10.70","10.76","10.06","2.04M","-4.62%"
"05/16/2023","10.60","10.90","11.08","10.36","3.86M","-2.30%"
"05/15/2023","10.85","11.10","11.60","10.78","5.02M","-2.08%"
"05/14/2023","11.08","11.10","11.44","10.78","4.65M","0.91%"
"05/11/2023","10.98","10.53","11.24","10.46","3.00M","4.57%"
"05/10/2023","10.50","10.25","10.70","10.07","3.16M","2.54%"
"05/09/2023","10.24","10.48","10.84","10.20","6.87M","-0.78%"
"05/08/2023","10.32","9.51","10.68","9.51","5.92M","6.72%"
"05/07/2023","9.67","9.30","9.72","8.92","2.46M","4.20%"
"05/03/2023","9.28","9.10","9.36","9.00","971.80K","3.00%"
"05/02/2023","9.01","8.91","9.10","8.62","1.17M","0.11%"
"05/01/2023","9.00","9.40","9.66","8.90","1.64M","-4.36%"
"04/30/2023","9.41","9.23","9.97","9.11","3.69M","4.67%"
"04/27/2023","8.99","8.90","9.20","8.90","2.81M","0.90%"
"04/26/2023","8.91","8.59","9.04","8.59","2.84M","4.82%"
"04/19/2023","8.50","8.40","8.63","8.38","1.60M","1.92%"
"04/18/2023","8.34","8.35","8.42","8.30","707.02K","0.12%"
"04/13/2023","8.33","8.42","8.50","8.30","393.64K","-2.12%"
"04/12/2023","8.51","8.65","8.65","8.41","861.25K","0.24%"
"04/11/2023","8.49","8.27","8.71","8.27","1.69M","2.78%"
"04/10/2023","8.26","8.20","8.35","8.10","1.77M","0.73%"
"04/09/2023","8.20","8.23","8.30","8.03","331.03K","0.00%"
"04/06/2023","8.20","8.50","8.50","8.16","1.63M","-2.61%"
"04/05/2023","8.42","8.35","8.67","8.35","2.04M","1.45%"
"04/04/2023","8.30","8.09","8.45","7.99","3.20M","3.88%"
"04/03/2023","7.99","7.80","8.15","7.79","1.36M","2.17%"
"04/02/2023","7.82","7.81","8.03","7.61","1.37M","-0.76%"
"03/30/2023","7.88","8.00","8.10","7.81","1.02M","-1.01%"
"03/29/2023","7.96","7.92","8.20","7.92","819.24K","0.63%"
"03/28/2023","7.91","8.30","8.39","7.80","2.35M","-4.00%"
"03/27/2023","8.24","8.00","8.95","7.93","2.61M","3.13%"
"03/26/2023","7.99","8.10","8.15","7.90","470.27K","0.00%"
"03/23/2023","7.99","7.99","8.07","7.87","249.90K","1.52%"
"03/22/2023","7.87","7.81","8.10","7.81","1.03M","0.77%"
"03/21/2023","7.81","7.79","7.98","7.64","875.25K","3.58%"
"03/20/2023","7.54","7.10","7.79","7.01","2.52M","6.65%"
"03/19/2023","7.07","7.40","7.40","6.90","1.22M","-2.48%"
"03/16/2023","7.25","7.12","7.36","6.71","656.69K","0.69%"
"03/15/2023","7.20","7.88","8.06","7.00","1.63M","-7.57%"
"03/14/2023","7.79","7.72","8.30","7.71","3.25M","0.00%"
"03/13/2023","7.79","8.40","8.49","7.56","2.60M","-5.92%"
"03/12/2023","8.28","9.16","9.16","8.22","2.39M","-8.20%"
"03/09/2023","9.02","9.10","9.20","8.94","2.05M","-0.44%"
"03/08/2023","9.06","9.20","9.38","9.04","635.06K","-1.52%"
"03/07/2023","9.20","9.39","9.50","9.20","819.89K","-1.08%"
"03/06/2023","9.30","9.08","9.44","9.03","1.99M","3.22%"
"03/05/2023","9.01","9.30","9.30","8.95","713.41K","-1.85%"
"03/02/2023","9.18","9.35","9.48","9.08","933.06K","-1.29%"
"03/01/2023","9.30","9.07","9.42","9.05","1.83M","2.09%"
"02/28/2023","9.11","9.19","9.28","9.04","442.13K","-0.55%"
"02/27/2023","9.16","9.30","9.40","9.10","632.59K","-0.54%"
"02/26/2023","9.21","9.11","9.30","9.05","918.24K","0.66%"
"02/23/2023","9.15","9.19","9.23","8.91","978.29K","0.66%"
"02/22/2023","9.09","9.55","9.55","8.70","4.30M","-3.71%"
"02/21/2023","9.44","9.10","9.55","8.98","3.74M","4.08%"
"02/20/2023","9.07","9.50","9.59","9.00","2.22M","-4.02%"
"02/19/2023","9.45","9.80","10.11","9.40","3.63M","-3.57%"
"02/16/2023","9.80","10.16","10.16","9.66","3.57M","-2.20%"
"02/15/2023","10.02","9.93","10.25","9.70","7.86M","4.38%"
"02/14/2023","9.60","9.01","9.77","8.96","4.54M","7.62%"
"02/13/2023","8.92","9.14","9.15","8.88","1.06M","-1.44%"
"02/12/2023","9.05","9.00","9.29","9.00","1.80M","-0.98%"
"02/09/2023","9.14","9.05","9.53","9.00","2.10M","1.33%"
"02/08/2023","9.02","9.21","9.35","8.95","1.24M","-1.85%"
"02/07/2023","9.19","9.70","9.88","9.04","2.09M","-4.27%"
"02/06/2023","9.60","9.50","10.00","9.22","3.67M","3.23%"
"02/05/2023","9.30","9.40","9.49","8.60","5.52M","2.65%"
"02/02/2023","9.06","8.49","9.60","8.46","5.40M","9.95%"
"02/01/2023","8.24","8.03","8.57","7.65","1.94M","3.39%"
"01/31/2023","7.97","9.00","9.10","7.90","1.75M","-11.15%"
"01/30/2023","8.97","9.00","9.10","8.54","1.41M","0.11%"
"01/29/2023","8.96","9.47","9.69","8.70","4.18M","-0.22%"
"01/25/2023","8.98","7.60","8.98","7.60","4.51M","19.89%"
"01/24/2023","7.49","7.51","7.70","7.40","1.89M","0.54%"
"01/23/2023","7.45","6.95","7.50","6.85","3.80M","8.76%"
"01/22/2023","6.85","6.86","6.95","6.75","220.71K","1.63%"
"01/19/2023","6.74","6.85","6.90","6.70","354.20K","-1.03%"
"01/18/2023","6.81","6.90","7.04","6.80","335.95K","-1.16%"
"01/17/2023","6.89","6.85","7.04","6.85","422.84K","0.58%"
"01/16/2023","6.85","7.05","7.05","6.80","645.63K","-2.14%"
"01/15/2023","7.00","6.80","7.04","6.77","919.33K","3.55%"
"01/12/2023","6.76","7.19","7.19","6.69","784.45K","-3.84%"
"01/11/2023","7.03","6.78","7.31","6.66","1.16M","3.69%"
"01/10/2023","6.78","7.25","7.25","6.70","500.77K","-5.17%"
"01/09/2023","7.15","7.30","7.45","7.13","203.52K","-1.52%"
"01/05/2023","7.26","7.40","7.50","7.13","501.01K","-1.63%"
"01/04/2023","7.38","7.39","7.47","7.06","897.90K","0.00%"
"01/03/2023","7.38","7.30","7.40","7.18","476.59K","2.22%"
"01/02/2023","7.22","7.10","7.32","7.02","577.24K","2.70%"
"12/29/2022","7.03","6.95","7.19","6.90","613.05K","0.72%"
"12/28/2022","6.98","6.98","7.00","6.83","299.90K","1.45%"
"12/27/2022","6.88","7.09","7.09","6.82","522.38K","-1.71%"
"12/26/2022","7.00","7.10","7.10","6.80","255.99K","0.57%"
"12/25/2022","6.96","7.20","7.25","6.90","314.11K","-3.33%"
"12/22/2022","7.20","7.20","7.24","7.02","328.95K","1.84%"
"12/21/2022","7.07","7.19","7.20","6.90","155.64K","0.57%"
"12/20/2022","7.03","7.12","7.24","6.92","587.56K","-0.14%"
"12/19/2022","7.04","7.34","7.35","7.00","491.71K","-1.54%"
"12/18/2022","7.15","7.30","7.49","7.02","124.11K","-2.72%"
"12/15/2022","7.35","7.50","7.55","7.25","936.34K","-0.68%"
"12/14/2022","7.40","7.45","7.55","7.20","1.72M","-0.40%"
"12/13/2022","7.43","7.25","7.50","7.11","1.93M","3.19%"
"12/12/2022","7.20","7.13","7.20","6.81","1.15M","2.71%"
"12/11/2022","7.01","7.17","7.17","6.92","719.06K","1.30%"
"12/08/2022","6.92","7.20","7.20","6.90","967.81K","-0.86%"
"12/07/2022","6.98","7.12","7.43","6.91","1.15M","-1.83%"
"12/06/2022","7.11","6.90","7.19","6.85","811.64K","2.60%"
"12/05/2022","6.93","7.25","7.25","6.90","543.88K","-2.53%"
"12/04/2022","7.11","6.90","7.24","6.81","3.71M","5.02%"
"12/01/2022","6.77","6.65","7.00","6.65","2.31M","3.04%"
"11/30/2022","6.57","6.48","6.70","6.40","1.77M","2.50%"
"11/29/2022","6.41","6.21","6.45","6.15","2.16M","3.22%"
"11/28/2022","6.21","6.20","6.28","6.19","1.78M","0.32%"
"11/27/2022","6.19","6.31","6.31","6.05","760.05K","-1.59%"
"11/24/2022","6.29","6.15","6.31","6.15","215.48K","2.28%"
"11/23/2022","6.15","6.35","6.35","6.10","381.80K","-1.13%"
"11/22/2022","6.22","6.10","6.31","6.10","444.79K","1.47%"
"11/21/2022","6.13","6.45","6.45","6.03","713.86K","-2.70%"
"11/20/2022","6.30","6.32","6.49","6.21","1.62M","-1.10%"
"11/17/2022","6.37","6.40","6.43","6.34","1.27M","-0.31%"
"11/16/2022","6.39","6.39","6.45","6.25","1.61M","1.27%"
"11/15/2022","6.31","6.40","6.40","6.25","643.15K","0.96%"
"11/14/2022","6.25","6.27","6.39","6.12","2.12M","-0.32%"
"11/13/2022","6.27","6.19","6.35","6.19","1.36M","2.79%"
"11/10/2022","6.10","6.10","6.15","5.94","1.06M","1.67%"
"11/09/2022","6.00","6.08","6.19","5.97","535.04K","-1.32%"
"11/08/2022","6.08","6.41","6.41","6.01","966.42K","-2.72%"
"11/07/2022","6.25","5.90","6.55","5.90","4.60M","4.34%"
"11/06/2022","5.99","6.00","6.03","5.90","574.06K","0.17%"
"11/03/2022","5.98","5.70","6.07","5.70","1.70M","4.73%"
"11/02/2022","5.71","5.93","5.95","5.60","443.52K","-3.55%"
"11/01/2022","5.92","6.16","6.16","5.86","1.43M","-1.00%"
"10/31/2022","5.98","5.88","6.10","5.88","940.31K","-0.33%"
"10/30/2022","6.00","6.20","6.24","5.81","730.55K","-2.44%"
"10/27/2022","6.15","6.50","6.54","6.12","2.33M","-4.21%"
"10/26/2022","6.42","5.99","6.58","5.99","5.10M","7.18%"
"10/25/2022","5.99","5.99","6.13","5.81","6.19M","5.27%"
"10/24/2022","5.69","5.90","5.95","5.62","1.19M","-3.40%"
"10/23/2022","5.89","5.79","5.90","5.71","2.15M","2.97%"
"10/20/2022","5.72","5.72","5.75","5.41","269.80K","0.00%"
"10/19/2022","5.72","5.70","5.74","5.42","156.08K","0.00%"
"10/18/2022","5.72","5.70","5.80","5.70","361.82K","0.18%"
"10/17/2022","5.71","5.62","5.87","5.60","1.07M","1.96%"
"10/16/2022","5.60","5.25","5.66","5.09","495.73K","7.49%"
"10/13/2022","5.21","5.21","5.40","5.10","162.26K","0.19%"
"10/12/2022","5.20","5.47","5.47","5.10","894.35K","-4.76%"
"10/11/2022","5.46","5.45","5.50","5.30","165.77K","1.68%"
"10/10/2022","5.37","5.30","5.75","5.22","1.17M","2.29%"
"10/09/2022","5.25","5.16","5.34","5.12","32.70K","0.00%"
"10/05/2022","5.25","5.27","5.27","5.09","44.89K","0.00%"
"10/04/2022","5.25","5.01","5.26","5.01","122.38K","2.94%"
"10/03/2022","5.10","5.10","5.13","4.85","36.38K","0.00%"
"10/02/2022","5.10","5.19","5.19","5.00","278.66K","0.00%"
"09/29/2022","5.10","5.15","5.20","5.03","74.53K","1.80%"
"09/28/2022","5.01","5.03","5.15","5.00","99.08K","-1.96%"
"09/27/2022","5.11","5.07","5.25","5.03","18.96K","0.00%"
"09/26/2022","5.11","4.91","5.26","4.90","868.20K","4.07%"
"09/25/2022","4.91","5.05","5.05","4.85","202.79K","-2.00%"
"09/22/2022","5.01","4.98","5.09","4.85","62.38K","-1.18%"
"09/21/2022","5.07","5.10","5.19","5.00","58.11K","0.00%"
"09/20/2022","5.07","4.96","5.19","4.96","247.75K","-0.59%"
"09/19/2022","5.10","5.00","5.16","4.82","1.31M","5.81%"
"09/18/2022","4.82","5.10","5.35","4.81","248.27K","-5.12%"
"09/15/2022","5.08","5.30","5.30","5.05","157.86K","-1.55%"
"09/14/2022","5.16","5.33","5.35","5.15","1.04M","-7.03%"
"09/13/2022","5.55","5.50","5.58","5.35","49.37K","0.00%"
"09/12/2022","5.55","5.50","5.64","5.50","612.62K","2.40%"
"09/11/2022","5.42","5.15","5.70","5.15","985.01K","4.03%"
"09/08/2022","5.21","5.25","5.30","5.11","324.22K","-0.38%"
"09/07/2022","5.23","5.30","5.34","5.11","163.47K","-1.32%"
"09/06/2022","5.30","5.19","5.35","5.19","782.86K","2.12%"
"09/05/2022","5.19","5.02","5.20","5.00","125.39K","3.80%"
"09/04/2022","5.00","4.99","5.04","4.87","109.22K","2.67%"
"09/01/2022","4.87","5.02","5.02","4.80","230.13K","-1.81%"
"08/31/2022","4.96","5.05","5.08","4.91","77.25K","-1.78%"
"08/30/2022","5.05","5.00","5.15","5.00","2.61M","0.20%"
"08/29/2022","5.04","5.10","5.24","5.00","1.30M","-1.18%"
"08/28/2022","5.10","5.25","5.25","5.00","2.16M","-3.04%"
"08/25/2022","5.26","4.90","5.30","4.80","4.13M","8.01%"
"08/24/2022","4.87","4.90","4.97","4.71","616.62K","-0.41%"
"08/23/2022","4.89","4.50","4.96","4.50","2.68M","5.62%"
"08/22/2022","4.63","4.55","4.87","4.50","2.03M","2.21%"
"08/21/2022","4.53","4.30","4.65","4.29","4.58M","5.84%"
"08/18/2022","4.28","4.30","4.35","4.21","366.18K","0.94%"
"08/17/2022","4.24","4.00","4.40","4.00","3.10M","3.92%"
"08/16/2022","4.08","4.08","4.15","3.99","58.95K","0.00%"
"08/15/2022","4.08","4.13","4.14","4.03","556.30K","0.49%"
"08/14/2022","4.06","4.15","4.20","4.01","448.68K","1.25%"
"08/11/2022","4.01","4.00","4.07","3.96","238.41K","1.52%"
"08/10/2022","3.95","4.14","4.14","3.90","841.93K","-1.99%"
"08/09/2022","4.03","4.08","4.16","4.02","305.18K","0.00%"
"08/08/2022","4.03","4.08","4.18","4.00","436.08K","-1.71%"
"08/07/2022","4.10","4.15","4.20","4.06","315.07K","-0.73%"
"08/04/2022","4.13","3.97","4.17","3.89","1.07M","5.36%"
"08/03/2022","3.92","3.75","3.97","3.70","2.58M","5.95%"
"08/02/2022","3.70","3.67","3.75","3.67","402.06K","-1.07%"
"08/01/2022","3.74","3.84","3.88","3.71","459.12K","-2.86%"
"07/31/2022","3.85","3.75","3.88","3.75","213.53K","1.32%"
"07/28/2022","3.80","3.80","3.82","3.75","118.07K","0.00%"
"07/27/2022","3.80","3.84","3.84","3.77","525.39K","0.26%"
"07/26/2022","3.79","3.75","3.83","3.75","286.53K","1.34%"
"07/25/2022","3.74","3.79","3.88","3.72","274.12K","-1.06%"
"07/24/2022","3.78","3.83","3.90","3.77","290.04K","-1.31%"
"07/21/2022","3.83","3.66","3.90","3.66","5.95M","4.93%"
"07/20/2022","3.65","3.63","3.80","3.60","4.16M","-1.08%"
"07/19/2022","3.69","3.57","3.72","3.50","364.66K","4.83%"
"07/18/2022","3.52","3.55","3.59","3.44","267.57K","2.62%"
"07/17/2022","3.43","3.74","3.74","3.41","159.15K","-2.00%"
"07/07/2022","3.50","3.55","3.65","3.45","437.08K","-0.85%"
"07/06/2022","3.53","3.50","3.55","3.38","281.99K","1.44%"
"07/05/2022","3.48","3.55","3.55","3.43","716.56K","1.46%"
"07/04/2022","3.43","3.60","3.60","3.35","510.71K","-3.38%"
"07/03/2022","3.55","3.63","3.63","3.50","471.28K","-4.05%"
"06/29/2022","3.70","3.72","3.75","3.55","1.23M","2.21%"
"06/28/2022","3.62","3.50","3.78","3.40","564.59K","3.43%"
"06/27/2022","3.50","3.75","3.82","3.49","1.11M","-7.16%"
"06/26/2022","3.77","3.82","3.90","3.74","469.47K","-1.05%"
"06/23/2022","3.81","3.90","3.90","3.76","160.58K","-2.81%"
"06/22/2022","3.92","3.97","4.01","3.89","442.82K","-1.26%"
"06/21/2022","3.97","4.00","4.07","3.96","198.24K","0.76%"
"06/20/2022","3.94","4.00","4.04","3.92","324.43K","-1.99%"
"06/19/2022","4.02","4.07","4.12","4.00","334.88K","-2.43%"
"06/16/2022","4.12","4.29","4.29","4.08","874.75K","2.23%"
"06/15/2022","4.03","4.09","4.09","4.01","506.30K","-0.49%"
"06/14/2022","4.05","4.09","4.09","4.00","625.38K","0.25%"
"06/13/2022","4.04","4.18","4.20","4.03","608.78K","-2.88%"
"06/12/2022","4.16","4.10","4.18","4.06","895.86K","0.97%"
"06/09/2022","4.12","4.14","4.33","4.10","3.33M","1.23%"
"06/08/2022","4.07","3.95","4.12","3.95","907.61K","1.75%"
"06/07/2022","4.00","3.99","4.04","3.92","294.85K","1.27%"
"06/06/2022","3.95","3.93","4.02","3.93","109.05K","0.51%"
"06/05/2022","3.93","4.00","4.05","3.93","85.52K","-2.24%"
"06/02/2022","4.02","4.09","4.09","3.95","34.38K","0.00%"
"06/01/2022","4.02","3.90","4.09","3.90","186.82K","0.50%"
"05/31/2022","4.00","4.00","4.02","3.99","766.46K","1.52%"
"05/30/2022","3.94","4.00","4.02","3.88","476.15K","-0.76%"
"05/29/2022","3.97","4.07","4.07","3.84","27.42K","0.00%"
"05/26/2022","3.97","4.00","4.09","3.95","255.10K","-1.49%"
"05/25/2022","4.03","4.18","4.18","4.01","75.57K","-2.18%"
"05/24/2022","4.12","4.14","4.18","4.10","151.79K","-1.20%"
"05/23/2022","4.17","4.19","4.20","4.10","230.41K","1.71%"
"05/22/2022","4.10","4.20","4.20","4.02","160.90K","-0.24%"
"05/19/2022","4.11","4.22","4.22","4.00","183.56K","-1.91%"
"05/18/2022","4.19","4.17","4.22","4.15","199.81K","1.95%"
"05/17/2022","4.11","4.19","4.20","4.11","15.40K","0.00%"
"05/16/2022","4.11","4.35","4.35","4.00","480.65K","-4.42%"
"05/15/2022","4.30","4.37","4.37","4.28","138.43K","0.47%"
"05/12/2022","4.28","4.45","4.45","4.22","294.28K","-2.06%"
"05/11/2022","4.37","4.45","4.52","4.33","215.03K","-0.46%"
"05/10/2022","4.39","4.50","4.50","4.36","478.29K","-2.66%"
"05/09/2022","4.51","4.39","4.55","4.34","3.30M","5.13%"
"05/08/2022","4.29","4.35","4.35","4.06","385.70K","-2.28%"
"04/28/2022","4.39","4.15","4.41","4.15","1.13M","7.33%"
"04/27/2022","4.09","4.15","4.20","4.07","306.26K","0.25%"
"04/26/2022","4.08","4.16","4.24","4.06","211.67K","-1.21%"
"04/21/2022","4.13","4.11","4.16","4.02","400.53K","2.74%"
"04/20/2022","4.02","4.04","4.09","3.98","231.48K","-1.47%"
"04/19/2022","4.08","4.00","4.14","4.00","298.88K","2.00%"
"04/18/2022","4.00","3.81","4.08","3.81","1.18M","0.25%"
"04/17/2022","3.99","4.00","4.05","3.92","1.01M","-0.25%"
"04/14/2022","4.00","4.05","4.10","3.95","624.57K","-2.44%"
"04/13/2022","4.10","4.07","4.16","4.06","91.66K","-0.24%"
"04/12/2022","4.11","4.10","4.15","4.00","320.10K","1.48%"
"04/11/2022","4.05","4.25","4.25","4.02","283.21K","-4.71%"
"04/10/2022","4.25","4.40","4.40","4.22","257.47K","-2.97%"
"04/07/2022","4.38","4.31","4.40","4.30","732.30K","0.69%"
"04/06/2022","4.35","4.45","4.47","4.31","479.18K","-1.14%"
"04/05/2022","4.40","4.38","4.48","4.30","2.65M","1.38%"
"04/04/2022","4.34","4.25","4.40","4.21","2.77M","3.33%"
"04/03/2022","4.20","4.24","4.27","4.20","320.71K","0.00%"
"03/31/2022","4.20","4.16","4.24","4.11","973.92K","-0.24%"
"03/30/2022","4.21","4.24","4.30","4.13","1.26M","-0.24%"
"03/29/2022","4.22","4.02","4.26","3.93","1.96M","4.46%"
"03/28/2022","4.04","4.17","4.24","3.97","1.61M","-3.12%"
"03/27/2022","4.17","4.26","4.33","4.14","2.06M","-2.11%"
"03/24/2022","4.26","4.21","4.36","4.18","4.60M","2.65%"
"03/23/2022","4.15","4.13","4.23","4.04","5.97M","1.22%"
"03/22/2022","4.10","4.50","4.70","4.07","5.31M","-7.45%"
"03/21/2022","4.43","4.15","4.50","4.15","4.12M","8.05%"
"03/20/2022","4.10","3.90","4.22","3.82","4.06M","8.75%"
"03/17/2022","3.77","3.98","3.99","3.71","1.53M","-3.58%"
"03/16/2022","3.91","4.00","4.08","3.84","2.96M","0.77%"
"03/15/2022","3.88","4.08","4.08","3.82","464.20K","-2.76%"
"03/14/2022","3.99","4.06","4.06","3.94","425.50K","-2.68%"
"03/13/2022","4.10","4.25","4.25","4.08","212.80K","-0.49%"
"03/10/2022","4.12","4.12","4.27","4.03","223.20K","0.49%"
"03/09/2022","4.10","4.15","4.15","4.03","146.35K","0.99%"
"03/08/2022","4.06","4.16","4.18","4.01","315.00K","-1.46%"
"03/07/2022","4.12","4.25","4.28","4.11","212.34K","-4.19%"
"03/06/2022","4.30","4.38","4.40","4.27","380.22K","-1.83%"
"03/03/2022","4.38","4.27","4.44","4.27","464.53K","1.62%"
"03/02/2022","4.31","4.40","4.44","4.23","741.67K","-2.05%"
"03/01/2022","4.40","4.45","4.53","4.35","1.51M","0.69%"
"02/28/2022","4.37","4.55","4.55","4.33","1.72M","-4.79%"
"02/27/2022","4.59","4.56","4.90","4.50","524.10K","0.66%"
"02/24/2022","4.56","4.96","4.96","4.40","817.38K","-10.59%"
"02/23/2022","5.10","5.10","5.10","5.01","7.77K","0.00%"
"02/22/2022","5.10","5.02","5.14","4.80","471.15K","0.00%"
"02/21/2022","5.10","5.07","5.16","4.93","234.99K","0.59%"
"02/20/2022","5.07","5.15","5.17","5.06","162.14K","-4.16%"
"02/17/2022","5.29","5.15","5.48","5.08","367.15K","1.73%"
"02/16/2022","5.20","5.22","5.30","5.15","110.33K","0.00%"
"02/15/2022","5.20","5.10","5.28","5.10","545.23K","0.19%"
"02/14/2022","5.19","5.35","5.40","5.15","408.09K","-4.07%"
"02/13/2022","5.41","5.50","5.50","5.40","63.07K","-1.81%"
"02/10/2022","5.51","5.69","5.69","5.51","543.63K","-1.61%"
"02/09/2022","5.60","5.46","5.70","5.46","673.50K","2.56%"
"02/08/2022","5.46","5.55","5.55","5.42","259.72K","-1.09%"
"02/07/2022","5.52","5.53","5.68","5.40","680.74K","-1.43%"
"02/06/2022","5.60","5.65","5.65","5.53","42.60K","0.00%"
"02/03/2022","5.60","5.63","5.63","5.50","496.21K","-0.88%"
"02/02/2022","5.65","5.67","5.70","5.58","266.98K","0.53%"
"02/01/2022","5.62","5.39","5.90","5.31","1.20M","5.84%"
"01/31/2022","5.31","5.36","5.36","5.30","569.78K","1.14%"
"01/30/2022","5.25","5.39","5.39","5.20","668.37K","0.77%"
"01/26/2022","5.21","5.43","5.43","5.16","1.96M","-4.75%"
"01/25/2022","5.47","5.50","5.54","5.43","1.32M","0.37%"
"01/24/2022","5.45","5.40","5.50","5.40","459.02K","-0.18%"
"01/23/2022","5.46","5.55","5.58","5.43","170.36K","-1.09%"
"01/20/2022","5.52","5.60","5.60","5.51","250.95K","-0.54%"
"01/19/2022","5.55","5.60","5.66","5.50","487.98K","0.36%"
"01/18/2022","5.53","5.60","5.60","5.43","263.17K","-0.18%"
"01/17/2022","5.54","5.70","5.70","5.51","125.79K","-1.07%"
"01/16/2022","5.60","5.60","5.68","5.55","1.05M","-0.18%"
"01/13/2022","5.61","5.76","5.77","5.60","567.35K","-2.60%"
"01/12/2022","5.76","5.75","5.83","5.70","479.82K","0.52%"
"01/11/2022","5.73","5.77","5.77","5.60","961.97K","-0.35%"
"01/10/2022","5.75","5.77","5.83","5.71","757.77K","0.00%"
"01/09/2022","5.75","5.80","5.85","5.71","1.32M","-1.88%"
"01/05/2022","5.86","5.70","5.90","5.66","5.01M","2.63%"
"01/04/2022","5.71","5.76","5.79","5.66","1.06M","-0.87%"
"01/03/2022","5.76","5.90","5.90","5.70","1.48M","-1.37%"
"01/02/2022","5.84","6.00","6.07","5.80","985.31K","-2.67%"
"12/30/2021","6.00","5.84","6.00","5.76","1.78M","1.18%"
"12/29/2021","5.93","5.98","5.98","5.76","553.74K","2.07%"
"12/28/2021","5.81","5.90","5.90","5.76","458.62K","-2.35%"
"12/27/2021","5.95","5.90","6.09","5.90","3.81M","-0.83%"
"12/26/2021","6.00","5.80","6.05","5.75","551.28K","3.45%"
"12/23/2021","5.80","5.79","5.80","5.55","1.54M","0.87%"
"12/22/2021","5.75","5.78","5.78","5.65","304.33K","1.41%"
"12/21/2021","5.67","5.67","5.70","5.53","259.74K","3.09%"
"12/20/2021","5.50","5.69","5.75","5.42","3.83M","-3.51%"
"12/19/2021","5.70","5.95","6.00","5.36","1.06M","-5.16%"
"12/16/2021","6.01","5.90","6.13","5.85","1.72M","1.86%"
"12/15/2021","5.90","5.82","5.89","5.80","28.06K","0.00%"
"12/14/2021","5.90","5.82","5.93","5.73","424.67K","1.72%"
"12/13/2021","5.80","5.76","5.93","5.76","186.33K","-0.34%"
"12/12/2021","5.82","5.80","5.90","5.70","791.96K","0.34%"
"12/09/2021","5.80","5.60","5.85","5.47","2.66M","5.07%"
"12/08/2021","5.52","5.70","5.74","5.50","457.37K","-4.99%"
"12/07/2021","5.81","5.80","5.92","5.75","1.30M","0.17%"
"12/06/2021","5.80","5.69","5.80","5.60","610.83K","0.52%"
"12/05/2021","5.77","5.68","5.68","5.55","23.27K","0.00%"
"12/02/2021","5.77","5.55","5.72","5.55","20.30K","0.00%"
"12/01/2021","5.77","5.66","5.73","5.57","41.53K","0.00%"
"11/30/2021","5.77","5.51","5.84","5.51","280.92K","2.12%"
"11/29/2021","5.65","5.49","5.69","5.49","1.31M","3.48%"
"11/28/2021","5.46","5.51","5.59","5.40","183.22K","-5.86%"
"11/25/2021","5.80","5.75","5.85","5.75","363.59K","3.02%"
"11/24/2021","5.63","5.50","5.75","5.48","1.50M","0.54%"
"11/23/2021","5.60","5.54","5.69","5.54","616.17K","2.19%"
"11/22/2021","5.48","5.41","5.50","5.40","128.20K","1.11%"
"11/21/2021","5.42","5.63","5.65","5.40","112.26K","-2.17%"
"11/18/2021","5.54","5.50","5.65","5.43","452.78K","0.73%"
"11/17/2021","5.50","5.54","5.54","5.42","144.93K","0.18%"
"11/16/2021","5.49","5.38","5.52","5.36","366.15K","1.86%"
"11/15/2021","5.39","5.51","5.55","5.36","390.49K","-1.82%"
"11/14/2021","5.49","5.58","5.58","5.45","298.08K","-1.96%"
"11/11/2021","5.60","5.36","5.60","5.33","130.22K","4.48%"
"11/10/2021","5.36","5.41","5.41","5.31","261.01K","-0.74%"
"11/09/2021","5.40","5.40","5.54","5.40","1.60M","0.19%"
"11/08/2021","5.39","5.50","5.50","5.35","518.30K","-1.82%"
"11/07/2021","5.49","5.56","5.56","5.40","205.25K","-1.96%"
"11/04/2021","5.60","5.36","5.60","5.27","429.06K","3.51%"
"11/03/2021","5.41","5.48","5.53","5.28","1.29M","-0.55%"
"11/02/2021","5.44","5.48","5.49","5.37","340.81K","0.18%"
"11/01/2021","5.43","5.40","5.47","5.36","472.99K","1.88%"
"10/31/2021","5.33","5.48","5.50","5.32","133.27K","-3.09%"
"10/28/2021","5.50","5.25","5.50","5.25","1.04M","3.58%"
"10/27/2021","5.31","5.42","5.42","5.20","930.04K","-0.93%"
"10/26/2021","5.36","5.45","5.60","5.30","1.32M","-1.11%"
"10/25/2021","5.42","5.50","5.50","5.23","1.96M","-1.45%"
"10/24/2021","5.50","5.05","5.53","5.05","9.01M","10.00%"
"10/20/2021","5.00","4.95","5.03","4.70","1.97M","1.21%"
"10/19/2021","4.94","4.90","5.14","4.90","3.13M","0.82%"
"10/18/2021","4.90","4.83","4.91","4.83","2.20M","2.30%"
"10/17/2021","4.79","4.72","4.84","4.69","247.78K","1.27%"
"10/14/2021","4.73","4.72","4.88","4.55","1.82M","1.07%"
"10/13/2021","4.68","4.89","4.90","4.63","1.30M","-3.31%"
"10/12/2021","4.84","4.78","4.90","4.73","733.91K","2.54%"
"10/11/2021","4.72","4.78","4.80","4.70","417.58K","-1.67%"
"10/10/2021","4.80","4.95","4.95","4.77","807.58K","-1.44%"
"10/06/2021","4.87","4.63","4.98","4.63","3.48M","2.74%"
"10/05/2021","4.74","4.71","4.80","4.70","369.44K","0.85%"
"10/04/2021","4.70","4.80","4.80","4.68","110.19K","-3.29%"
"10/03/2021","4.86","4.90","4.95","4.85","266.09K","-2.61%"
"09/30/2021","4.99","4.90","5.00","4.75","549.29K","4.83%"
"09/29/2021","4.76","4.52","4.80","4.52","172.96K","0.63%"
"09/28/2021","4.73","4.80","4.85","4.70","157.00K","-1.87%"
"09/27/2021","4.82","4.88","4.92","4.82","79.31K","-1.63%"
"09/26/2021","4.90","4.94","4.95","4.88","156.89K","0.20%"
"09/23/2021","4.89","4.78","4.94","4.75","214.80K","2.95%"
"09/22/2021","4.75","4.72","4.77","4.66","156.54K","2.81%"
"09/21/2021","4.62","4.83","4.84","4.50","462.14K","-1.91%"
"09/20/2021","4.71","4.77","4.80","4.66","481.93K","-1.26%"
"09/19/2021","4.77","4.80","4.95","4.77","242.01K","-2.65%"
"09/16/2021","4.90","4.85","5.01","4.85","1.31M","0.62%"
"09/15/2021","4.87","5.00","5.07","4.86","548.24K","-2.40%"
"09/14/2021","4.99","5.00","5.08","4.97","992.34K","0.40%"
"09/13/2021","4.97","4.92","5.00","4.90","455.57K","1.43%"
"09/12/2021","4.90","4.80","4.95","4.76","264.20K","1.45%"
"09/09/2021","4.83","4.87","4.87","4.75","179.64K","0.21%"
"09/08/2021","4.82","4.70","4.84","4.70","393.81K","2.55%"
"09/07/2021","4.70","4.80","4.80","4.64","394.26K","-0.84%"
"09/06/2021","4.74","4.94","4.94","4.65","1.94M","-1.25%"
"09/05/2021","4.80","5.10","5.10","4.76","968.84K","-5.70%"
"09/02/2021","5.09","5.12","5.18","5.05","460.85K","-0.97%"
"09/01/2021","5.14","5.09","5.19","5.07","347.30K","0.39%"
"08/31/2021","5.12","5.14","5.15","5.07","283.24K","-0.39%"
"08/30/2021","5.14","5.14","5.15","5.06","672.51K","0.19%"
"08/29/2021","5.13","5.16","5.16","5.09","369.01K","1.58%"
"08/26/2021","5.05","4.98","5.15","4.95","1.65M","2.02%"
"08/25/2021","4.95","4.99","5.05","4.88","1.86M","0.00%"
"08/24/2021","4.95","5.00","5.10","4.90","2.35M","-1.98%"
"08/23/2021","5.05","5.15","5.24","4.89","3.83M","-1.17%"
"08/22/2021","5.11","5.15","5.15","5.07","330.07K","-1.54%"
"08/19/2021","5.19","5.20","5.20","5.10","918.46K","-0.38%"
"08/18/2021","5.21","5.25","5.33","5.15","419.47K","-0.76%"
"08/17/2021","5.25","5.20","5.35","5.15","2.33M","0.96%"
"08/16/2021","5.20","5.17","5.25","5.14","2.04M","1.96%"
"08/15/2021","5.10","5.08","5.15","5.04","1.61M","0.00%"
"08/11/2021","5.10","5.10","5.20","5.05","1.31M","1.39%"
"08/10/2021","5.03","5.15","5.15","5.02","3.15M","-2.90%"
"08/09/2021","5.18","5.10","5.28","5.05","2.50M","1.37%"
"08/08/2021","5.11","5.19","5.21","5.03","385.06K","-0.20%"
"08/05/2021","5.12","5.03","5.23","5.03","1.44M","1.59%"
"08/04/2021","5.04","5.00","5.14","4.83","2.45M","-0.40%"
"08/03/2021","5.06","5.41","5.41","5.03","4.58M","-9.32%"
"08/02/2021","5.58","5.55","5.70","5.45","283.47K","0.72%"
"08/01/2021","5.54","5.35","5.61","5.35","937.08K","2.78%"
"07/29/2021","5.39","5.46","5.46","5.35","620.47K","-1.28%"
"07/28/2021","5.46","5.42","5.59","5.40","818.81K","0.92%"
"07/27/2021","5.41","5.52","5.52","5.40","412.30K","-1.64%"
"07/26/2021","5.50","5.60","5.60","5.44","148.61K","0.55%"
"07/25/2021","5.47","5.35","5.66","5.28","5.47M","2.24%"
"07/18/2021","5.35","5.54","5.54","5.31","280.66K","-1.47%"
"07/15/2021","5.43","5.45","5.53","5.40","357.12K","-0.55%"
"07/14/2021","5.46","5.47","5.55","5.39","1.66M","1.68%"
"07/13/2021","5.37","5.34","5.43","5.32","608.44K","0.56%"
"07/12/2021","5.34","5.36","5.36","5.28","46.26K","0.75%"
"07/11/2021","5.30","5.20","5.36","5.20","807.25K","0.57%"
"07/08/2021","5.27","5.30","5.35","5.25","559.37K","-0.38%"
"07/07/2021","5.29","5.40","5.40","5.25","765.44K","-0.94%"
"07/06/2021","5.34","5.32","5.42","5.25","487.39K","-1.48%"
"07/05/2021","5.42","5.61","5.61","5.35","1.21M","-2.34%"
"07/04/2021","5.55","5.59","5.60","5.45","347.98K","-0.36%"
"06/30/2021","5.57","5.50","5.77","5.45","6.68M","-1.07%"
"06/29/2021","5.63","5.66","5.70","5.47","938.46K","1.08%"
"06/28/2021","5.57","5.70","5.70","5.46","395.36K","-0.36%"
"06/27/2021","5.59","5.60","5.60","5.50","151.44K","-0.71%"
"06/24/2021","5.63","5.72","5.72","5.56","254.04K","-1.40%"
"06/23/2021","5.71","5.83","5.83","5.62","569.66K","-0.87%"
"06/22/2021","5.76","5.55","5.90","5.55","2.50M","1.23%"
"06/21/2021","5.69","5.63","5.75","5.60","428.30K","3.64%"
"06/20/2021","5.49","5.53","5.56","5.43","151.21K","-1.96%"
"06/17/2021","5.60","5.61","5.72","5.55","277.94K","-0.18%"
"06/16/2021","5.61","5.60","5.65","5.60","146.18K","-0.53%"
"06/15/2021","5.64","5.72","5.72","5.60","194.60K","-0.35%"
"06/14/2021","5.66","5.65","5.70","5.65","107.13K","-0.70%"
"06/13/2021","5.70","5.80","5.80","5.66","162.09K","0.71%"
"06/10/2021","5.66","5.83","5.83","5.60","164.21K","-1.22%"
"06/09/2021","5.73","5.58","5.84","5.58","112.15K","1.42%"
"06/08/2021","5.65","5.70","5.70","5.60","243.88K","-1.22%"
"06/07/2021","5.72","5.85","5.85","5.68","332.17K","-0.87%"
"06/06/2021","5.77","5.84","5.84","5.69","148.45K","2.49%"
"06/03/2021","5.63","5.47","5.85","5.45","950.03K","1.81%"
"06/02/2021","5.53","5.52","5.70","5.45","82.08K","-2.81%"
"06/01/2021","5.69","5.64","5.78","5.60","765.79K","0.00%"
"05/31/2021","5.69","5.82","5.82","5.40","1.22M","-0.87%"
"05/30/2021","5.74","5.71","5.80","5.70","494.34K","1.23%"
"05/27/2021","5.67","5.85","5.85","5.60","953.33K","-2.24%"
"05/26/2021","5.80","5.89","5.90","5.65","463.34K","0.17%"
"05/25/2021","5.79","5.87","5.87","5.73","112.60K","-0.34%"
"05/24/2021","5.81","5.86","5.92","5.76","96.58K","-0.34%"
"05/23/2021","5.83","5.90","5.94","5.75","102.54K","0.52%"
"05/20/2021","5.80","5.98","5.98","5.77","570.44K","-0.34%"
"05/19/2021","5.82","6.13","6.13","5.75","548.86K","-2.68%"
"05/18/2021","5.98","5.89","6.20","5.83","532.07K","2.40%"
"05/17/2021","5.84","5.87","5.93","5.78","954.06K","-2.18%"
"05/11/2021","5.97","6.10","6.10","5.90","28.83K","-0.50%"
"05/10/2021","6.00","6.03","6.13","5.88","709.69K","1.18%"
"05/09/2021","5.93","6.00","6.00","5.80","167.07K","-1.17%"
"05/06/2021","6.00","6.14","6.14","5.91","260.04K","-2.76%"
"05/05/2021","6.17","6.19","6.22","5.88","2.36M","2.49%"
"05/04/2021","6.02","5.79","6.16","5.79","3.29M","2.38%"
"04/28/2021","5.88","5.95","5.95","5.30","1.60M","0.34%"
"04/27/2021","5.86","5.75","5.99","5.74","1.01M","1.21%"
"04/26/2021","5.79","5.75","5.89","5.73","118.16K","-0.34%"
"04/25/2021","5.81","5.68","5.92","5.57","282.64K","4.12%"
"04/22/2021","5.58","5.45","5.73","5.45","1.09M","2.39%"
"04/21/2021","5.45","5.43","5.50","5.36","353.34K","2.44%"
"04/20/2021","5.32","5.26","5.36","5.22","29.00K","1.72%"
"04/19/2021","5.23","5.21","5.37","5.21","41.05K","0.58%"
"04/18/2021","5.20","5.41","5.41","5.41","5.61K","0.00%"
"04/15/2021","5.20","5.20","5.25","5.18","240.39K","-0.38%"
"04/14/2021","5.22","5.48","5.48","5.10","186.05K","-4.04%"
"04/13/2021","5.44","5.41","5.42","5.22","5.50K","0.00%"
"04/12/2021","5.44","5.42","5.48","5.37","89.09K","3.23%"
"04/11/2021","5.27","5.21","5.38","5.11","121.70K","1.35%"
"04/08/2021","5.20","5.20","5.31","5.20","461.42K","-0.38%"
"04/07/2021","5.22","5.22","5.35","5.20","126.57K","-0.57%"
"04/06/2021","5.25","5.15","5.40","5.15","25.10K","0.77%"
"04/05/2021","5.21","5.21","5.32","5.12","400.11K","-0.38%"
"04/04/2021","5.23","5.36","5.36","5.20","129.50K","-0.76%"
"04/01/2021","5.27","5.43","5.43","5.15","479.91K","-0.94%"
"03/31/2021","5.32","5.35","5.40","5.25","234.60K","-1.66%"
"03/30/2021","5.41","5.40","5.50","5.38","817.58K","-0.55%"
"03/29/2021","5.44","5.55","5.55","5.40","233.22K","1.30%"
"03/28/2021","5.37","5.34","5.45","5.21","162.62K","-0.74%"
"03/25/2021","5.41","5.40","5.55","5.35","1.09M","0.37%"
"03/24/2021","5.39","5.68","5.68","5.30","156.57K","-1.10%"
"03/23/2021","5.45","5.20","5.81","5.10","324.85K","3.02%"
"03/22/2021","5.29","5.60","5.60","5.03","470.47K","-4.51%"
"03/21/2021","5.54","5.97","5.97","5.32","304.74K","-4.15%"
"03/18/2021","5.78","5.80","5.85","5.70","188.53K","-1.87%"
"03/17/2021","5.89","5.95","6.05","5.81","666.33K","-1.67%"
"03/16/2021","5.99","5.84","6.01","5.80","1.21M","1.87%"
"03/15/2021","5.88","6.00","6.23","5.56","4.16M","-1.34%"
"03/14/2021","5.96","5.63","6.06","5.63","2.56M","6.05%"
"03/11/2021","5.62","5.62","5.72","5.62","493.04K","0.00%"
"03/10/2021","5.62","5.66","5.72","5.54","66.96K","0.18%"
"03/09/2021","5.61","5.60","5.72","5.55","748.40K","-1.06%"
"03/08/2021","5.67","5.71","5.73","5.55","287.93K","-1.90%"
"03/07/2021","5.78","5.75","5.84","5.72","151.79K","1.05%"
"03/04/2021","5.72","5.60","5.75","5.60","96.96K","2.14%"
"03/03/2021","5.60","5.70","5.70","5.50","610.65K","-3.28%"
"03/02/2021","5.79","5.51","5.92","5.51","4.41M","4.70%"
"03/01/2021","5.53","5.63","5.63","5.41","857.20K","-3.49%"
"02/28/2021","5.73","5.75","5.88","5.40","2.34M","0.70%"
"02/25/2021","5.69","5.28","5.75","5.28","5.33M","8.80%"
"02/24/2021","5.23","5.11","5.28","5.11","3.14M","2.55%"
"02/23/2021","5.10","4.94","5.22","4.90","3.11M","4.72%"
"02/22/2021","4.87","4.95","4.95","4.83","158.44K","-1.02%"
"02/21/2021","4.92","5.00","5.00","4.80","786.21K","0.82%"
"02/18/2021","4.88","4.96","5.00","4.77","319.59K","1.67%"
"02/17/2021","4.80","4.86","4.87","4.74","1.40M","-1.23%"
"02/16/2021","4.86","4.85","5.00","4.84","1.35M","-0.82%"
"02/15/2021","4.90","5.00","5.00","4.85","338.31K","-0.20%"
"02/14/2021","4.91","5.05","5.07","4.85","341.90K","-0.81%"
"02/11/2021","4.95","4.96","5.00","4.90","359.78K","-1.00%"
"02/10/2021","5.00","5.08","5.10","4.93","199.31K","0.20%"
"02/09/2021","4.99","4.90","5.04","4.90","212.84K","0.40%"
"02/08/2021","4.97","5.17","5.17","4.83","1.17M","-2.74%"
"02/07/2021","5.11","5.11","5.25","5.00","2.52M","0.20%"
"02/04/2021","5.10","5.21","5.29","5.01","1.71M","-3.41%"
"02/03/2021","5.28","5.22","5.40","5.20","1.96M","0.96%"
"02/02/2021","5.23","5.17","5.30","5.15","587.30K","0.97%"
"02/01/2021","5.18","5.20","5.25","5.13","457.91K","-0.19%"
"01/31/2021","5.19","5.25","5.35","5.10","1.65M","-2.26%"
"01/27/2021","5.31","5.35","5.42","5.20","1.20M","0.95%"
"01/26/2021","5.26","5.43","5.43","5.20","2.30M","-2.95%"
"01/25/2021","5.42","5.32","5.57","5.31","1.99M","2.65%"
"01/24/2021","5.28","5.20","5.50","5.00","4.95M","1.93%"
"01/21/2021","5.18","5.21","5.27","5.10","1.26M","1.17%"
"01/20/2021","5.12","4.91","5.26","4.91","4.60M","6.00%"
"01/19/2021","4.83","4.72","4.88","4.72","642.25K","0.62%"
"01/18/2021","4.80","4.85","4.85","4.72","958.09K","-1.23%"
"01/17/2021","4.86","4.87","4.91","4.81","673.96K","0.41%"
"01/14/2021","4.84","4.88","4.89","4.81","143.37K","-0.82%"
"01/13/2021","4.88","4.90","4.94","4.80","1.22M","1.24%"
"01/12/2021","4.82","4.88","4.90","4.77","380.46K","-1.63%"
"01/11/2021","4.90","4.83","5.00","4.78","1.80M","2.30%"
"01/10/2021","4.79","4.80","4.89","4.73","1.61M","1.27%"
"01/06/2021","4.73","4.80","4.84","4.70","1.16M","-0.42%"
"01/05/2021","4.75","4.70","4.87","4.68","2.63M","0.42%"
"01/04/2021","4.73","4.84","4.87","4.69","1.23M","-2.67%"
"01/03/2021","4.86","4.85","4.91","4.83","361.52K","-0.82%"
"12/31/2020","4.90","4.95","5.10","4.80","316.16K","-0.81%"
"12/30/2020","4.94","4.67","5.03","4.67","2.89M","7.86%"
"12/29/2020","4.58","4.50","4.72","4.48","1.96M","1.78%"
"12/28/2020","4.50","4.42","4.56","4.42","585.83K","1.58%"
"12/27/2020","4.43","4.52","4.52","4.30","347.80K","-1.77%"
"12/24/2020","4.51","4.50","4.57","4.46","433.13K","-0.22%"
"12/23/2020","4.52","4.64","4.66","4.43","1.58M","0.00%"
"12/22/2020","4.52","4.51","4.68","4.41","4.39M","-1.31%"
"12/21/2020","4.58","4.91","4.91","4.50","5.57M","-8.22%"
"12/20/2020","4.99","4.93","5.15","4.90","3.98M","2.67%"
"12/17/2020","4.86","4.89","4.93","4.83","232.17K","-0.61%"
"12/16/2020","4.89","4.90","4.95","4.81","1.31M","-1.21%"
"12/15/2020","4.95","5.17","5.17","4.72","1.24M","-2.94%"
"12/14/2020","5.10","5.16","5.23","5.00","860.00K","-0.78%"
"12/13/2020","5.14","5.03","5.25","4.97","2.37M","3.21%"
"12/10/2020","4.98","5.06","5.12","4.81","1.45M","-1.58%"
"12/09/2020","5.06","5.05","5.15","4.92","1.93M","1.81%"
"12/08/2020","4.97","4.93","5.05","4.84","4.13M","1.43%"
"12/07/2020","4.90","4.83","5.00","4.76","1.83M","2.30%"
"12/06/2020","4.79","4.80","4.90","4.70","830.39K","2.35%"
"12/03/2020","4.68","4.60","4.81","4.58","815.58K","0.65%"
"12/02/2020","4.65","4.70","4.80","4.54","521.35K","0.65%"
"12/01/2020","4.62","4.80","4.80","4.60","3.82M","-3.55%"
"11/30/2020","4.79","4.86","4.86","4.73","667.65K","-0.83%"
"11/29/2020","4.83","4.75","4.90","4.74","967.61K","2.11%"
"11/26/2020","4.73","4.73","4.89","4.67","1.57M","-1.25%"
"11/25/2020","4.79","4.79","4.86","4.72","1.64M","-0.42%"
"11/24/2020","4.81","4.68","4.96","4.62","3.15M","4.57%"
"11/23/2020","4.60","4.52","4.66","4.51","1.97M","3.60%"
"11/22/2020","4.44","4.52","4.52","4.35","739.17K","-1.99%"
"11/19/2020","4.53","4.48","4.63","4.42","873.61K","-0.22%"
"11/18/2020","4.54","4.67","4.70","4.45","1.66M","-2.58%"
"11/17/2020","4.66","4.41","4.74","4.40","8.55M","8.12%"
"11/16/2020","4.31","4.25","4.43","4.16","3.16M","0.47%"
"11/15/2020","4.29","4.18","4.43","4.16","4.58M","2.39%"
"11/12/2020","4.19","4.33","4.38","4.00","3.98M","-2.78%"
"11/11/2020","4.31","4.16","4.45","4.13","7.30M","3.36%"
"11/10/2020","4.17","3.92","4.31","3.92","16.71M","16.81%"
"11/09/2020","3.57","3.44","3.75","3.42","2.58M","4.69%"
"11/08/2020","3.41","3.48","3.48","3.36","363.33K","-0.29%"
"11/05/2020","3.42","3.44","3.50","3.37","1.33M","-0.58%"
"11/04/2020","3.44","3.46","3.47","3.39","467.90K","1.47%"
"11/03/2020","3.39","3.42","3.46","3.32","2.41M","-1.17%"
"11/02/2020","3.43","3.55","3.61","3.25","1.25M","-2.28%"
"11/01/2020","3.51","3.51","3.60","3.46","636.44K","-1.13%"
"10/28/2020","3.55","3.65","3.65","3.50","508.81K","-2.74%"
"10/27/2020","3.65","3.63","3.69","3.58","271.23K","1.67%"
"10/26/2020","3.59","3.70","3.70","3.50","288.06K","-0.28%"
"10/25/2020","3.60","3.56","3.66","3.44","545.05K","-0.55%"
"10/22/2020","3.62","3.60","3.74","3.54","1.18M","-4.23%"
"10/21/2020","3.78","3.84","3.90","3.66","1.02M","-0.79%"
"10/20/2020","3.81","3.86","3.88","3.79","1.05M","-1.80%"
"10/19/2020","3.88","3.92","3.96","3.85","914.30K","-1.02%"
"10/18/2020","3.92","4.00","4.00","3.90","491.34K","-2.97%"
"10/15/2020","4.04","4.00","4.10","3.95","2.03M","2.02%"
"10/14/2020","3.96","3.97","4.02","3.91","853.15K","0.76%"
"10/13/2020","3.93","4.03","4.03","3.87","691.93K","-2.48%"
"10/12/2020","4.03","4.13","4.13","3.97","1.68M","-1.23%"
"10/11/2020","4.08","4.07","4.13","4.04","1.73M","-0.49%"
"10/07/2020","4.10","4.12","4.18","4.00","3.16M","1.99%"
"10/06/2020","4.02","3.94","4.11","3.88","4.47M","4.15%"
"10/05/2020","3.86","3.90","3.91","3.82","651.99K","-1.78%"
"10/04/2020","3.93","3.97","3.99","3.87","1.65M","0.00%"
"10/01/2020","3.93","3.89","4.00","3.87","1.34M","0.51%"
"09/30/2020","3.91","3.90","3.98","3.85","841.40K","0.00%"
"09/29/2020","3.91","3.95","3.99","3.86","1.02M","-1.26%"
"09/28/2020","3.96","3.90","4.05","3.87","2.73M","1.80%"
"09/27/2020","3.89","3.95","4.00","3.83","894.83K","-1.02%"
"09/24/2020","3.93","3.95","3.99","3.86","1.60M","-2.48%"
"09/23/2020","4.03","4.08","4.13","3.90","2.51M","-0.25%"
"09/22/2020","4.04","4.03","4.10","3.95","2.24M","-2.42%"
"09/21/2020","4.14","4.15","4.26","4.01","1.47M","0.24%"
"09/20/2020","4.13","4.24","4.24","4.09","1.62M","-1.90%"
"09/17/2020","4.21","4.14","4.31","4.13","1.42M","0.72%"
"09/16/2020","4.18","4.27","4.30","4.13","863.00K","0.97%"
"09/15/2020","4.14","4.15","4.20","4.11","236.05K","-1.66%"
"09/14/2020","4.21","4.31","4.37","4.10","2.38M","-3.00%"
"09/13/2020","4.34","4.49","4.49","4.24","1.38M","-0.91%"
"09/10/2020","4.38","4.20","4.42","4.20","2.30M","3.55%"
"09/09/2020","4.23","4.23","4.30","4.15","570.78K","-0.47%"
"09/08/2020","4.25","4.51","4.51","4.07","2.19M","-5.76%"
"09/07/2020","4.51","4.60","4.60","4.45","3.08M","0.00%"
"09/06/2020","4.51","4.59","4.62","4.37","1.92M","-1.53%"
"09/03/2020","4.58","4.70","4.75","4.50","2.05M","-1.51%"
"09/02/2020","4.65","4.50","4.76","4.49","4.21M","4.73%"
"09/01/2020","4.44","4.58","4.59","4.40","556.17K","-1.33%"
"08/31/2020","4.50","4.55","4.60","4.43","597.81K","-1.32%"
"08/30/2020","4.56","4.65","4.65","4.53","465.81K","-0.44%"
"08/27/2020","4.58","4.58","4.60","4.55","773.64K","-2.55%"
"08/26/2020","4.70","4.67","4.76","4.62","1.09M","2.84%"
"08/25/2020","4.57","4.65","4.65","4.50","416.65K","-1.51%"
"08/24/2020","4.64","4.73","4.86","4.51","1.60M","-2.52%"
"08/23/2020","4.76","4.69","4.83","4.69","1.10M","3.70%"
"08/19/2020","4.59","4.44","4.68","4.43","1.61M","3.85%"
"08/18/2020","4.42","4.41","4.46","4.40","1.27M","-1.34%"
"08/17/2020","4.48","4.54","4.55","4.41","1.31M","-2.18%"
"08/16/2020","4.58","4.65","4.67","4.53","560.09K","0.44%"
"08/13/2020","4.56","4.59","4.64","4.51","663.18K","-1.51%"
"08/12/2020","4.63","4.74","4.74","4.52","586.44K","-0.86%"
"08/11/2020","4.67","4.74","4.74","4.60","469.20K","0.21%"
"08/10/2020","4.66","4.62","4.75","4.50","1.23M","-0.43%"
"08/09/2020","4.68","4.60","4.80","4.51","1.31M","2.41%"
"08/06/2020","4.57","4.59","4.62","4.45","1.37M","2.24%"
"08/05/2020","4.47","4.28","4.63","4.26","3.77M","5.42%"
"08/04/2020","4.24","4.15","4.30","4.15","745.91K","3.41%"
"07/29/2020","4.10","3.89","4.20","3.87","2.10M","5.40%"
"07/28/2020","3.89","3.88","3.94","3.86","580.20K","-1.02%"
"07/27/2020","3.93","3.96","4.04","3.86","690.35K","0.00%"
"07/26/2020","3.93","3.94","3.99","3.86","525.74K","0.00%"
"07/22/2020","3.93","3.98","4.04","3.87","2.01M","-1.26%"
"07/21/2020","3.98","4.00","4.10","3.90","410.39K","1.02%"
"07/20/2020","3.94","3.84","4.06","3.84","572.02K","3.14%"
"07/19/2020","3.82","3.95","3.96","3.71","571.28K","-3.29%"
"07/16/2020","3.95","4.02","4.07","3.83","324.63K","-3.42%"
"07/15/2020","4.09","4.17","4.36","3.73","2.79M","-1.21%"
"07/14/2020","4.14","4.10","4.22","4.09","488.26K","-2.36%"
"07/13/2020","4.24","4.33","4.35","4.09","1.53M","-0.70%"
"07/12/2020","4.27","4.25","4.31","4.19","1.70M","3.89%"
"07/09/2020","4.11","4.15","4.22","3.97","1.80M","-3.07%"
"07/08/2020","4.24","4.25","4.35","4.10","3.04M","0.95%"
"07/07/2020","4.20","4.08","4.35","4.03","4.06M","3.45%"
"07/06/2020","4.06","3.90","4.18","3.86","7.10M","4.91%"
"07/05/2020","3.87","3.84","3.91","3.82","1.71M","2.11%"
"06/30/2020","3.79","3.72","3.86","3.70","2.64M","2.71%"
"06/29/2020","3.69","3.73","3.75","3.63","1.34M","-1.86%"
"06/28/2020","3.76","3.73","3.85","3.67","1.43M","1.08%"
"06/25/2020","3.72","3.80","3.82","3.68","2.48M","-3.88%"
"06/24/2020","3.87","3.95","3.96","3.78","3.41M","1.31%"
"06/23/2020","3.82","3.67","3.92","3.64","6.21M","2.14%"
"06/22/2020","3.74","3.90","3.90","3.60","3.00M","-1.84%"
"06/21/2020","3.81","3.82","3.85","3.77","1.29M","-1.80%"
"06/18/2020","3.88","3.97","3.97","3.84","1.78M","-2.27%"
"06/17/2020","3.97","4.10","4.11","3.90","3.24M","-2.22%"
"06/16/2020","4.06","4.00","4.16","4.00","3.19M","3.57%"
"06/15/2020","3.92","3.90","4.10","3.76","7.47M","1.55%"
"06/14/2020","3.86","3.72","3.95","3.72","3.48M","3.49%"
"06/11/2020","3.73","3.72","3.80","3.69","2.93M","-0.80%"
"06/10/2020","3.76","3.70","3.85","3.65","3.03M","0.80%"
"06/09/2020","3.73","3.80","3.85","3.63","2.50M","-2.10%"
"06/08/2020","3.81","3.88","3.90","3.75","3.27M","-1.30%"
"06/07/2020","3.86","3.85","3.92","3.77","3.14M","5.75%"
"06/04/2020","3.65","3.44","3.75","3.43","8.82M","7.04%"
"06/03/2020","3.41","3.45","3.49","3.37","2.18M","0.00%"
"06/02/2020","3.41","3.39","3.50","3.32","4.35M","1.19%"
"06/01/2020","3.37","3.35","3.41","3.31","3.56M","0.30%"
"05/31/2020","3.36","3.37","3.41","3.31","2.14M","1.20%"
"05/21/2020","3.32","3.33","3.36","3.27","2.30M","-0.60%"
"05/20/2020","3.34","3.38","3.38","3.30","768.44K","-2.91%"
"05/19/2020","3.44","3.53","3.54","3.38","1.25M","-1.15%"
"05/18/2020","3.48","3.47","3.54","3.41","1.39M","-1.42%"
"05/17/2020","3.53","3.46","3.60","3.46","1.51M","1.15%"
"05/14/2020","3.49","3.51","3.56","3.43","1.89M","-0.57%"
"05/13/2020","3.51","3.60","3.65","3.41","4.15M","-2.50%"
"05/12/2020","3.60","3.51","3.68","3.50","4.17M","6.82%"
"05/11/2020","3.37","3.39","3.44","3.29","2.46M","-0.30%"
"05/10/2020","3.38","3.45","3.45","3.34","3.30M","-1.17%"
"05/07/2020","3.42","3.37","3.50","3.27","4.97M","0.88%"
"05/06/2020","3.39","3.36","3.44","3.35","2.71M","0.00%"
"05/05/2020","3.39","3.43","3.50","3.33","5.03M","1.50%"
"05/04/2020","3.34","3.36","3.50","3.19","4.59M","0.30%"
"05/03/2020","3.33","3.48","3.48","3.21","6.38M","-5.67%"
"04/30/2020","3.53","3.57","3.62","3.47","2.94M","-1.67%"
"04/29/2020","3.59","3.65","3.70","3.48","5.52M","-0.83%"
"04/28/2020","3.62","3.57","3.70","3.52","6.53M","6.47%"
"04/27/2020","3.40","3.45","3.55","3.25","8.61M","1.80%"
"04/26/2020","3.34","3.25","3.46","3.22","9.04M","7.74%"
"04/23/2020","3.10","3.01","3.19","2.98","8.59M","5.44%"
"04/22/2020","2.94","2.95","2.99","2.89","3.61M","0.00%"
"04/21/2020","2.94","3.00","3.03","2.87","6.78M","-2.33%"
"04/16/2020","3.01","2.97","3.06","2.93","3.75M","-1.31%"
"04/15/2020","3.05","3.08","3.29","2.95","9.72M","7.39%"
"04/14/2020","2.84","2.70","2.97","2.70","7.17M","5.19%"
"04/13/2020","2.70","2.67","2.76","2.65","3.45M","3.45%"
"04/12/2020","2.61","2.65","2.66","2.53","1.43M","0.00%"
"04/09/2020","2.61","2.67","2.73","2.54","2.77M","-1.88%"
"04/08/2020","2.66","2.63","2.75","2.60","3.32M","4.72%"
"04/07/2020","2.54","2.44","2.62","2.44","7.70M","6.28%"
"04/06/2020","2.39","2.33","2.43","2.30","3.29M","3.91%"
"04/05/2020","2.30","2.35","2.36","2.27","1.11M","-2.13%"
"04/02/2020","2.35","2.30","2.40","2.30","2.44M","2.17%"
"04/01/2020","2.30","2.32","2.35","2.26","1.59M","-2.13%"
"03/31/2020","2.35","2.35","2.41","2.29","5.89M","0.86%"
"03/30/2020","2.33","2.38","2.43","2.30","1.76M","-2.51%"
"03/29/2020","2.39","2.43","2.45","2.36","3.95M","-3.63%"
"03/26/2020","2.48","2.50","2.58","2.42","4.16M","0.81%"
"03/25/2020","2.46","2.42","2.56","2.33","1.62M","3.36%"
"03/24/2020","2.38","2.37","2.49","2.28","1.99M","-4.80%"
"03/23/2020","2.50","2.52","2.68","2.30","4.86M","2.46%"
"03/22/2020","2.44","2.43","2.51","2.27","1.98M","6.55%"
"03/19/2020","2.29","2.01","2.45","2.01","2.63M","2.69%"
"03/18/2020","2.23","2.32","2.33","2.23","519.08K","-9.72%"
"03/17/2020","2.47","2.46","2.54","2.46","1.29M","-9.52%"
"03/16/2020","2.73","2.98","2.98","2.72","1.22M","-9.60%"
"03/15/2020","3.02","3.27","3.27","3.01","947.48K","-9.58%"
"03/11/2020","3.34","3.38","3.40","3.27","1.78M","0.60%"
"03/10/2020","3.32","3.35","3.43","3.12","3.49M","-0.30%"
"03/09/2020","3.33","3.34","3.43","3.33","2.43M","-10.00%"
"03/08/2020","3.70","3.73","3.79","3.68","4.30M","-9.31%"
"03/05/2020","4.08","4.21","4.21","4.00","3.02M","-0.97%"
"03/04/2020","4.12","4.18","4.30","4.00","6.25M","3.52%"
"03/03/2020","3.98","3.73","4.16","3.70","2.99M","5.01%"
"03/02/2020","3.79","3.93","3.99","3.46","2.23M","-0.26%"
"03/01/2020","3.80","4.08","4.08","3.68","1.82M","-14.41%"
"02/27/2020","4.44","4.79","4.79","4.30","2.67M","-6.33%"
"02/26/2020","4.74","4.85","4.93","4.70","788.37K","-2.27%"
"02/25/2020","4.85","4.92","4.92","4.73","156.17K","1.46%"
"02/24/2020","4.78","5.17","5.17","4.62","2.58M","-6.82%"
"02/23/2020","5.13","5.19","5.20","5.05","562.23K","1.18%"
"02/20/2020","5.07","5.20","5.20","5.00","256.57K","-1.17%"
"02/19/2020","5.13","5.10","5.21","5.10","213.84K","0.59%"
"02/18/2020","5.10","5.32","5.32","5.00","1.20M","-2.86%"
"02/17/2020","5.25","5.23","5.32","5.20","430.66K","1.55%"
"02/16/2020","5.17","5.35","5.35","5.10","1.01M","-3.00%"
"02/13/2020","5.33","5.40","5.47","5.21","834.81K","0.38%"
"02/12/2020","5.31","5.44","5.44","5.22","1.06M","-2.57%"
"02/11/2020","5.45","5.60","5.62","5.36","1.45M","-1.98%"
"02/10/2020","5.56","5.66","5.70","5.46","1.01M","-1.94%"
"02/09/2020","5.67","5.66","5.72","5.61","674.40K","0.53%"
"02/06/2020","5.64","5.70","5.71","5.57","1.15M","-0.88%"
"02/05/2020","5.69","5.75","5.80","5.60","338.04K","-1.04%"
"02/04/2020","5.75","5.73","5.80","5.67","657.90K","0.70%"
"02/03/2020","5.71","5.68","5.76","5.65","417.17K","-0.70%"
"02/02/2020","5.75","5.79","5.88","5.65","1.92M","-4.17%"
"01/30/2020","6.00","6.01","6.10","5.90","1.94M","0.67%"
"01/29/2020","5.96","5.83","6.04","5.83","2.14M","4.93%"
"01/28/2020","5.68","5.75","5.78","5.56","385.23K","-1.22%"
"01/27/2020","5.75","5.90","5.90","5.70","839.62K","-3.36%"
"01/26/2020","5.95","6.04","6.04","5.88","385.14K","0.34%"
"01/23/2020","5.93","5.88","6.00","5.85","1.76M","0.85%"
"01/22/2020","5.88","6.00","6.09","5.80","3.01M","-1.84%"
"01/21/2020","5.99","5.99","6.05","5.85","920.09K","-0.66%"
"01/20/2020","6.03","6.17","6.27","5.89","1.72M","-3.21%"
"01/19/2020","6.23","6.26","6.30","6.12","684.88K","-1.42%"
"01/16/2020","6.32","6.39","6.44","6.25","351.93K","-0.47%"
"01/15/2020","6.35","6.34","6.40","6.33","499.74K","-0.63%"
"01/14/2020","6.39","6.39","6.45","6.30","1.09M","0.95%"
"01/13/2020","6.33","6.33","6.40","6.27","360.55K","0.48%"
"01/12/2020","6.30","6.31","6.40","6.25","973.04K","-0.32%"
"01/09/2020","6.32","6.38","6.40","6.25","251.26K","1.28%"
"01/08/2020","6.24","6.10","6.37","6.10","667.09K","2.30%"
"01/06/2020","6.10","6.07","6.24","5.90","735.59K","-0.97%"
"01/05/2020","6.16","6.59","6.59","6.06","1.59M","-8.47%"
"01/02/2020","6.73","6.70","6.77","6.69","963.60K","-1.32%"
"12/31/2019","6.82","6.84","7.10","6.60","5.14M","1.19%"
"12/30/2019","6.74","6.67","6.84","6.64","3.80M","1.05%"
"12/29/2019","6.67","6.69","6.80","6.60","1.24M","1.52%"
"12/26/2019","6.57","6.32","6.69","6.32","2.28M","3.79%"
"12/25/2019","6.33","6.33","6.40","6.27","595.18K","0.00%"
"12/24/2019","6.33","6.39","6.40","6.27","519.43K","-1.40%"
"12/23/2019","6.42","6.50","6.50","6.36","376.59K","-0.93%"
"12/22/2019","6.48","6.37","6.51","6.37","952.63K","1.73%"
"12/19/2019","6.37","6.35","6.40","6.29","733.22K","-0.62%"
"12/18/2019","6.41","6.49","6.50","6.31","420.01K","-1.54%"
"12/17/2019","6.51","6.47","6.70","6.36","2.84M","3.66%"
"12/16/2019","6.28","6.10","6.49","6.10","1.14M","2.95%"
"12/15/2019","6.10","6.05","6.20","6.05","79.32K","0.33%"
"12/12/2019","6.08","6.03","6.20","6.03","123.90K","-0.49%"
"12/11/2019","6.11","6.26","6.26","6.05","168.56K","-3.17%"
"12/10/2019","6.31","6.34","6.36","6.30","186.77K","0.80%"
"12/09/2019","6.26","6.24","6.39","6.20","687.44K","-1.11%"
"12/08/2019","6.33","6.21","6.50","6.19","863.28K","0.96%"
"12/05/2019","6.27","6.34","6.40","6.17","823.85K","-0.63%"
"12/04/2019","6.31","6.26","6.37","6.26","373.43K","2.60%"
"12/03/2019","6.15","6.12","6.30","6.10","788.66K","-1.91%"
"12/02/2019","6.27","6.48","6.50","6.10","349.53K","-3.09%"
"12/01/2019","6.47","6.70","6.78","6.39","729.70K","-2.71%"
"11/28/2019","6.65","6.55","6.75","6.54","504.54K","1.68%"
"11/27/2019","6.54","6.57","6.60","6.50","461.79K","1.24%"
"11/26/2019","6.46","6.60","6.60","6.43","373.40K","-0.46%"
"11/25/2019","6.49","6.53","6.64","6.41","362.55K","-0.76%"
"11/24/2019","6.54","6.56","6.60","6.47","115.64K","-1.06%"
"11/21/2019","6.61","6.67","6.77","6.52","827.50K","-1.20%"
"11/20/2019","6.69","6.69","6.78","6.62","275.59K","0.30%"
"11/19/2019","6.67","6.70","6.83","6.56","552.38K","-1.19%"
"11/18/2019","6.75","6.92","6.94","6.66","260.69K","-2.03%"
"11/17/2019","6.89","6.95","7.00","6.82","543.28K","-1.01%"
"11/14/2019","6.96","7.00","7.07","6.85","1.36M","0.14%"
"11/13/2019","6.95","7.03","7.10","6.85","2.51M","0.72%"
"11/12/2019","6.90","6.91","6.99","6.87","1.71M","1.17%"
"11/11/2019","6.82","7.03","7.03","6.80","2.45M","-1.45%"
"11/07/2019","6.92","6.98","7.00","6.89","436.45K","0.00%"
"11/06/2019","6.92","7.00","7.00","6.90","1.05M","-1.56%"
"11/05/2019","7.03","7.07","7.10","6.93","803.55K","0.00%"
"11/04/2019","7.03","7.05","7.11","7.00","1.26M","-0.28%"
"11/03/2019","7.05","7.07","7.12","6.90","1.35M","0.86%"
"10/31/2019","6.99","6.92","7.08","6.86","1.09M","-0.71%"
"10/30/2019","7.04","7.14","7.15","6.90","1.63M","0.43%"
"10/29/2019","7.01","6.95","7.10","6.87","1.99M","0.86%"
"10/28/2019","6.95","6.80","7.04","6.80","2.76M","2.21%"
"10/27/2019","6.80","6.70","6.81","6.70","811.12K","1.80%"
"10/24/2019","6.68","6.65","6.75","6.57","325.64K","1.37%"
"10/23/2019","6.59","6.71","6.71","6.51","580.68K","-2.51%"
"10/22/2019","6.76","6.65","6.89","6.65","311.87K","0.75%"
"10/21/2019","6.71","6.80","6.80","6.60","236.50K","-2.04%"
"10/20/2019","6.85","6.79","6.90","6.79","121.81K","0.74%"
"10/17/2019","6.80","6.65","6.86","6.65","396.79K","2.56%"
"10/16/2019","6.63","6.47","6.82","6.35","781.56K","5.07%"
"10/15/2019","6.31","6.36","6.37","6.23","421.08K","-2.47%"
"10/14/2019","6.47","6.64","6.70","6.30","593.46K","-0.77%"
"10/13/2019","6.52","6.56","6.56","6.46","44.20K","-1.36%"
"10/10/2019","6.61","6.68","6.74","6.50","221.14K","1.23%"
"10/09/2019","6.53","6.47","6.62","6.39","412.30K","-1.21%"
"10/08/2019","6.61","6.70","6.78","6.50","48.56K","-2.07%"
"10/07/2019","6.75","6.72","6.85","6.67","264.42K","0.90%"
"10/03/2019","6.69","6.51","6.80","6.45","1.08M","0.60%"
"10/02/2019","6.65","6.80","6.80","6.51","395.22K","-1.04%"
"10/01/2019","6.72","6.75","6.81","6.63","289.50K","0.15%"
"09/30/2019","6.71","6.73","6.81","6.63","298.70K","-0.15%"
"09/29/2019","6.72","6.70","6.88","6.66","2.00M","4.51%"
"09/26/2019","6.43","6.31","6.53","6.30","1.02M","2.23%"
"09/25/2019","6.29","6.10","6.46","6.10","1.02M","2.61%"
"09/24/2019","6.13","6.19","6.53","5.94","1.90M","-6.41%"
"09/23/2019","6.55","6.69","6.88","6.20","2.15M","-4.80%"
"09/22/2019","6.88","7.20","7.30","6.76","1.79M","-8.39%"
"09/19/2019","7.51","7.58","7.60","7.40","619.38K","-0.92%"
"09/18/2019","7.58","7.55","7.65","7.50","1.25M","0.93%"
"09/17/2019","7.51","7.61","7.68","7.30","2.08M","-1.70%"
"09/16/2019","7.64","7.70","7.71","7.50","3.45M","-2.30%"
"09/15/2019","7.82","7.80","7.92","7.70","1.47M","1.69%"
"09/12/2019","7.69","7.60","7.84","7.50","3.16M","0.26%"
"09/11/2019","7.67","7.61","7.73","7.60","1.50M","0.13%"
"09/10/2019","7.66","7.57","7.73","7.55","1.27M","0.00%"
"09/09/2019","7.66","7.69","7.75","7.55","4.24M","0.00%"
"09/08/2019","7.66","7.65","7.78","7.56","2.62M","1.86%"
"09/05/2019","7.52","7.30","7.67","7.20","8.08M","4.01%"
"09/04/2019","7.23","7.20","7.35","7.10","806.35K","0.42%"
"09/03/2019","7.20","7.37","7.37","7.12","705.32K","-1.77%"
"09/02/2019","7.33","7.28","7.47","7.10","1.94M","1.95%"
"09/01/2019","7.19","7.25","7.26","7.15","219.14K","-0.83%"
"08/29/2019","7.25","7.23","7.30","7.16","1.14M","1.54%"
"08/28/2019","7.14","7.00","7.20","6.96","1.66M","1.28%"
"08/27/2019","7.05","7.05","7.13","6.93","1.20M","2.47%"
"08/26/2019","6.88","6.74","7.00","6.71","742.98K","-0.29%"
"08/25/2019","6.90","7.26","7.27","6.75","1.24M","-2.54%"
"08/22/2019","7.08","7.20","7.20","7.04","906.14K","-1.12%"
"08/21/2019","7.16","7.29","7.30","7.06","881.10K","-0.97%"
"08/20/2019","7.23","7.20","7.30","7.17","2.25M","2.26%"
"08/19/2019","7.07","7.03","7.17","7.00","743.80K","0.71%"
"08/18/2019","7.02","7.10","7.10","7.00","601.17K","-0.14%"
"08/15/2019","7.03","7.11","7.20","6.97","2.14M","-3.17%"
"08/14/2019","7.26","7.04","7.33","7.04","3.36M","3.57%"
"08/08/2019","7.01","6.83","7.15","6.83","2.22M","3.55%"
"08/07/2019","6.77","6.78","6.85","6.70","379.66K","2.11%"
"08/06/2019","6.63","6.78","6.78","6.57","126.54K","-3.07%"
"08/05/2019","6.84","6.70","6.90","6.70","588.24K","1.48%"
"08/04/2019","6.74","6.48","6.95","6.48","1.04M","5.48%"
"08/01/2019","6.39","6.34","6.48","6.32","405.92K","0.47%"
"07/31/2019","6.36","6.33","6.46","6.20","589.91K","-1.55%"
"07/30/2019","6.46","6.65","6.65","6.35","588.30K","0.16%"
"07/29/2019","6.45","6.50","6.58","6.40","285.22K","-2.12%"
"07/28/2019","6.59","6.55","6.70","6.53","45.28K","-0.75%"
"07/25/2019","6.64","6.50","6.70","6.50","1.02M","2.15%"
"07/24/2019","6.50","6.51","6.51","6.43","317.70K","1.09%"
"07/22/2019","6.43","6.41","6.57","6.41","1.76M","0.47%"
"07/21/2019","6.40","6.45","6.53","6.37","176.51K","-2.88%"
"07/18/2019","6.59","6.49","6.64","6.49","304.90K","1.23%"
"07/17/2019","6.51","6.60","6.65","6.40","253.30K","-1.51%"
"07/16/2019","6.61","6.52","6.66","6.52","1.13M","2.32%"
"07/15/2019","6.46","6.34","6.65","6.33","1.42M","2.38%"
"07/14/2019","6.31","6.49","6.55","6.22","653.42K","-1.71%"
"07/11/2019","6.42","6.53","6.53","6.36","415.25K","-3.31%"
"07/10/2019","6.64","6.72","6.79","6.52","283.22K","-2.50%"
"07/09/2019","6.81","6.78","6.90","6.70","1.25M","2.56%"
"07/08/2019","6.64","6.65","6.78","6.53","714.68K","0.91%"
"07/07/2019","6.58","6.70","6.70","6.49","590.45K","-1.05%"
"07/04/2019","6.65","6.75","6.75","6.51","352.27K","-2.06%"
"07/03/2019","6.79","6.93","6.98","6.70","1.04M","-2.02%"
"07/02/2019","6.93","6.86","7.00","6.76","2.76M","1.61%"
"06/27/2019","6.82","6.79","7.00","6.70","3.11M","2.71%"
"06/26/2019","6.64","6.50","6.93","6.50","2.19M","4.57%"
"06/25/2019","6.35","6.18","6.50","6.16","832.06K","2.25%"
"06/24/2019","6.21","6.25","6.27","6.15","212.49K","-1.43%"
"06/23/2019","6.30","6.32","6.38","6.23","140.73K","-0.47%"
"06/20/2019","6.33","6.43","6.44","6.25","362.55K","-0.94%"
"06/19/2019","6.39","6.45","6.47","6.33","225.29K","-1.08%"
"06/18/2019","6.46","6.50","6.50","6.40","470.01K","-0.92%"
"06/17/2019","6.52","6.50","6.60","6.44","681.10K","0.15%"
"06/16/2019","6.51","6.50","6.56","6.45","431.00K","0.00%"
"06/13/2019","6.51","6.50","6.66","6.40","846.47K","1.24%"
"06/12/2019","6.43","6.50","6.58","6.36","448.99K","-2.43%"
"06/11/2019","6.59","6.68","6.75","6.45","665.44K","0.30%"
"06/10/2019","6.57","6.40","6.66","6.40","1.11M","2.50%"
"06/09/2019","6.41","6.41","6.47","6.36","162.91K","0.47%"
"06/03/2019","6.38","6.39","6.42","6.30","725.13K","1.92%"
"06/02/2019","6.26","6.31","6.40","6.20","262.31K","-3.25%"
"05/30/2019","6.47","6.31","6.55","6.30","534.39K","0.62%"
"05/29/2019","6.43","6.75","6.75","6.28","701.29K","-2.13%"
"05/28/2019","6.57","6.45","6.76","6.35","557.96K","2.82%"
"05/27/2019","6.39","6.40","6.46","6.30","224.57K","0.47%"
"05/26/2019","6.36","6.27","6.45","6.27","142.42K","1.92%"
"05/23/2019","6.24","6.24","6.26","6.20","733.55K","0.81%"
"05/22/2019","6.19","6.07","6.25","6.07","794.00K","2.48%"
"05/21/2019","6.04","5.96","6.15","5.88","1.10M","1.85%"
"05/20/2019","5.93","6.21","6.30","5.84","2.19M","-2.79%"
"05/19/2019","6.10","6.40","6.40","6.00","1.65M","-2.40%"
"05/16/2019","6.25","6.26","6.35","6.20","1.19M","-1.11%"
"05/15/2019","6.32","6.43","6.43","6.22","188.61K","-2.77%"
"05/14/2019","6.50","6.63","6.63","6.38","898.75K","1.72%"
"05/13/2019","6.39","6.40","6.62","6.20","978.34K","-1.08%"
"05/12/2019","6.46","6.68","6.68","6.35","559.02K","0.31%"
"05/09/2019","6.44","6.23","6.63","6.17","690.83K","3.70%"
"05/08/2019","6.21","6.32","6.40","6.09","1.50M","-3.87%"
"05/07/2019","6.46","6.38","6.51","6.35","712.95K","2.87%"
"05/06/2019","6.28","6.45","6.45","6.17","473.23K","-4.12%"
"05/05/2019","6.55","6.70","6.79","6.45","1.03M","-3.25%"
"05/02/2019","6.77","7.00","7.00","6.66","848.28K","-1.46%"
"04/30/2019","6.87","6.82","7.02","6.60","1.08M","3.93%"
"04/24/2019","6.61","6.59","6.70","6.52","1.21M","-1.49%"
"04/23/2019","6.71","6.98","6.99","6.50","1.57M","-2.75%"
"04/22/2019","6.90","7.00","7.04","6.85","1.47M","0.15%"
"04/21/2019","6.89","6.92","6.92","6.85","79.08K","-1.15%"
"04/18/2019","6.97","6.96","7.04","6.90","701.33K","-0.29%"
"04/17/2019","6.99","6.95","7.09","6.88","1.31M","-0.43%"
"04/16/2019","7.02","7.19","7.20","6.93","2.19M","-1.82%"
"04/15/2019","7.15","7.10","7.25","7.03","1.36M","-0.28%"
"04/14/2019","7.17","7.30","7.30","7.09","1.01M","-1.65%"
"04/11/2019","7.29","7.29","7.41","7.20","987.88K","0.41%"
"04/10/2019","7.26","7.26","7.30","7.21","388.78K","-0.41%"
"04/09/2019","7.29","7.30","7.35","7.25","463.66K","-1.22%"
"04/08/2019","7.38","7.32","7.50","7.26","470.62K","-0.40%"
"04/07/2019","7.41","7.50","7.54","7.33","274.00K","-0.13%"
"04/04/2019","7.42","7.30","7.55","7.30","1.22M","2.06%"
"04/03/2019","7.27","7.31","7.34","7.21","666.53K","-0.82%"
"04/02/2019","7.33","7.36","7.43","7.27","1.17M","0.14%"
"04/01/2019","7.32","7.39","7.46","7.24","1.48M","-1.48%"
"03/31/2019","7.43","7.60","7.60","7.28","841.85K","-2.24%"
"03/28/2019","7.60","7.68","7.68","7.50","2.33M","-0.78%"
"03/27/2019","7.66","7.71","7.76","7.52","2.37M","1.19%"
"03/26/2019","7.57","7.41","7.71","7.33","3.93M","3.56%"
"03/25/2019","7.31","7.32","7.45","7.13","969.97K","-1.35%"
"03/24/2019","7.41","7.46","7.50","7.35","628.80K","0.27%"
"03/21/2019","7.39","7.39","7.43","7.33","484.01K","0.27%"
"03/20/2019","7.37","7.31","7.47","7.30","582.00K","-0.81%"
"03/19/2019","7.43","7.45","7.52","7.30","2.04M","0.27%"
"03/18/2019","7.41","7.40","7.47","7.35","1.16M","0.00%"
"03/17/2019","7.41","7.40","7.47","7.40","370.58K","0.00%"
"03/14/2019","7.41","7.37","7.45","7.35","973.51K","-0.54%"
"03/13/2019","7.45","7.49","7.55","7.37","1.74M","-0.40%"
"03/12/2019","7.48","7.45","7.57","7.40","1.20M","-0.13%"
"03/11/2019","7.49","7.40","7.58","7.40","3.73M","2.18%"
"03/10/2019","7.33","7.35","7.40","7.28","1.34M","0.69%"
"03/07/2019","7.28","7.10","7.41","7.07","6.91M","3.70%"
"03/06/2019","7.02","7.10","7.10","6.98","2.60M","-0.71%"
"03/05/2019","7.07","7.01","7.15","6.98","3.13M","1.00%"
"03/04/2019","7.00","7.18","7.20","6.88","2.95M","-2.37%"
"03/03/2019","7.17","7.19","7.26","7.06","2.04M","0.42%"
"02/28/2019","7.14","7.16","7.21","7.05","3.64M","0.56%"
"02/27/2019","7.10","7.07","7.17","7.00","1.72M","-0.70%"
"02/26/2019","7.15","7.17","7.21","7.05","5.70M","2.44%"
"02/25/2019","6.98","6.84","7.17","6.79","7.63M","1.60%"
"02/24/2019","6.87","7.03","7.08","6.72","4.08M","-3.10%"
"02/21/2019","7.09","7.30","7.30","7.00","5.69M","-2.61%"
"02/20/2019","7.28","7.30","7.37","7.22","3.74M","0.55%"
"02/19/2019","7.24","7.30","7.30","7.19","2.14M","-1.09%"
"02/18/2019","7.32","7.42","7.44","7.23","3.86M","-1.61%"
"02/17/2019","7.44","7.45","7.52","7.35","5.28M","0.81%"
"02/14/2019","7.38","7.48","7.51","7.30","3.51M","0.00%"
"02/13/2019","7.38","7.38","7.46","7.28","3.87M","0.68%"
"02/12/2019","7.33","7.26","7.38","7.20","3.47M","0.96%"
"02/11/2019","7.26","7.28","7.34","7.20","2.74M","-0.68%"
"02/10/2019","7.31","7.44","7.52","7.21","5.86M","-1.75%"
"02/07/2019","7.44","7.45","7.58","7.34","3.37M","0.40%"
"02/06/2019","7.41","7.35","7.57","7.27","9.29M","-0.40%"
"02/05/2019","7.44","7.49","7.62","7.30","8.28M","-0.27%"
"02/04/2019","7.46","7.60","7.65","7.35","4.03M","-1.71%"
"02/03/2019","7.59","7.48","7.70","7.47","2.08M","0.13%"
"01/31/2019","7.58","7.70","7.75","7.48","3.05M","-2.19%"
"01/30/2019","7.75","7.88","7.90","7.61","3.58M","-0.64%"
"01/29/2019","7.80","7.60","7.94","7.60","5.40M","2.90%"
"01/28/2019","7.58","7.68","7.73","7.50","3.61M","0.13%"
"01/27/2019","7.57","7.36","7.71","7.30","5.10M","4.27%"
"01/23/2019","7.26","7.26","7.38","7.18","2.78M","-1.22%"
"01/22/2019","7.35","7.35","7.45","7.26","1.86M","1.10%"
"01/21/2019","7.27","7.18","7.34","7.16","1.37M","0.41%"
"01/20/2019","7.24","7.30","7.33","7.19","515.24K","-0.82%"
"01/17/2019","7.30","7.35","7.40","7.22","955.82K","0.14%"
"01/16/2019","7.29","7.33","7.38","7.23","2.43M","-0.27%"
"01/15/2019","7.31","7.24","7.38","7.23","2.07M","0.69%"
"01/14/2019","7.26","7.29","7.38","7.19","2.70M","-1.36%"
"01/13/2019","7.36","7.49","7.50","7.26","2.23M","-0.27%"
"01/10/2019","7.38","7.27","7.50","7.22","5.70M","0.41%"
"01/09/2019","7.35","7.53","7.57","7.18","6.51M","-0.41%"
"01/08/2019","7.38","7.29","7.55","7.17","10.60M","1.37%"
"01/06/2019","7.28","7.35","7.45","7.18","6.58M","-0.68%"
"01/03/2019","7.33","7.40","7.45","7.22","4.71M","0.96%"
"01/02/2019","7.26","7.00","7.43","7.00","5.60M","3.13%"
"12/31/2018","7.04","7.08","7.15","6.97","3.99M","0.14%"
"12/30/2018","7.03","6.95","7.11","6.94","3.63M","1.15%"
"12/27/2018","6.95","6.89","7.06","6.81","8.36M","2.51%"
"12/26/2018","6.78","6.71","6.90","6.63","2.81M","4.63%"
"12/25/2018","6.48","6.37","6.65","6.25","3.47M","0.93%"
"12/24/2018","6.42","6.30","6.50","6.30","2.25M","-0.47%"
"12/23/2018","6.45","6.43","6.61","6.27","2.96M","-1.23%"
"12/20/2018","6.53","6.52","6.64","6.38","3.82M","-1.51%"
"12/19/2018","6.63","6.74","6.79","6.50","3.03M","-1.04%"
"12/18/2018","6.70","6.89","6.89","6.60","4.07M","-2.62%"
"12/17/2018","6.88","6.80","6.98","6.75","3.46M","2.38%"
"12/16/2018","6.72","6.77","6.84","6.63","2.72M","-2.33%"
"12/13/2018","6.88","6.88","7.14","6.66","8.25M","6.83%"
"12/12/2018","6.44","6.10","6.71","6.10","10.23M","7.33%"
"12/11/2018","6.00","5.98","6.10","5.92","2.18M","1.52%"
"12/10/2018","5.91","5.88","5.96","5.85","888.73K","4.23%"
"12/09/2018","5.67","5.81","5.90","5.50","1.92M","-3.74%"
"12/06/2018","5.89","5.99","6.05","5.81","1.25M","-1.01%"
"12/05/2018","5.95","6.00","6.00","5.86","1.26M","0.00%"
"12/04/2018","5.95","5.91","6.05","5.80","2.11M","-1.00%"
"12/03/2018","6.01","6.24","6.28","5.86","2.25M","-3.06%"
"12/02/2018","6.20","6.12","6.32","6.10","2.88M","2.65%"
"11/29/2018","6.04","6.10","6.20","5.90","3.57M","-0.82%"
"11/28/2018","6.09","6.21","6.25","5.96","2.28M","-1.30%"
"11/27/2018","6.17","6.05","6.25","6.05","2.90M","3.35%"
"11/26/2018","5.97","5.93","6.06","5.85","2.23M","1.19%"
"11/25/2018","5.90","6.00","6.08","5.75","2.54M","-4.53%"
"11/22/2018","6.18","6.31","6.41","5.93","3.62M","-1.28%"
"11/21/2018","6.26","6.21","6.40","6.13","3.30M","-1.11%"
"11/19/2018","6.33","6.49","6.54","6.20","5.65M","1.12%"
"11/18/2018","6.26","5.90","6.45","5.90","4.62M","5.92%"
"11/15/2018","5.91","5.93","6.00","5.82","1.45M","-0.84%"
"11/14/2018","5.96","6.03","6.12","5.79","3.04M","-0.17%"
"11/13/2018","5.97","5.97","6.20","5.82","6.05M","5.66%"
"11/12/2018","5.65","5.36","5.90","5.28","8.17M","5.21%"
"11/11/2018","5.37","5.51","5.53","5.30","1.85M","-2.89%"
"11/08/2018","5.53","5.61","5.70","5.42","3.91M","2.22%"
"11/07/2018","5.41","5.40","5.49","5.32","2.32M","0.00%"
"11/06/2018","5.41","5.40","5.55","5.29","4.13M","-1.10%"
"11/05/2018","5.47","5.50","5.60","5.32","6.63M","1.30%"
"11/04/2018","5.40","5.29","5.50","5.25","5.10M","1.89%"
"11/01/2018","5.30","5.27","5.45","5.14","4.96M","1.34%"
"10/31/2018","5.23","5.10","5.37","5.05","9.40M","5.02%"
"10/30/2018","4.98","5.00","5.15","4.80","7.48M","5.73%"
"10/29/2018","4.71","4.52","4.91","4.42","8.24M","5.37%"
"10/28/2018","4.47","4.61","4.61","4.37","2.55M","-0.45%"
"10/25/2018","4.49","4.51","4.65","4.30","4.38M","-3.85%"
"10/24/2018","4.67","4.75","4.86","4.46","4.06M","-4.69%"
"10/23/2018","4.90","5.02","5.15","4.65","7.97M","2.51%"
"10/22/2018","4.78","4.55","4.81","4.50","1.88M","9.13%"
"10/21/2018","4.38","4.32","4.45","4.30","509.64K","-1.79%"
"10/18/2018","4.46","4.61","4.68","4.34","2.53M","-4.29%"
"10/17/2018","4.66","4.73","4.75","4.54","1.05M","2.87%"
"10/16/2018","4.53","4.20","4.70","4.20","2.54M","4.86%"
"10/15/2018","4.32","4.37","4.50","4.03","1.12M","2.86%"
"10/14/2018","4.20","4.09","4.23","4.09","1.05M","9.09%"
"10/11/2018","3.85","3.83","4.07","3.69","4.80M","-5.87%"
"10/10/2018","4.09","4.25","4.29","3.92","1.78M","-1.92%"
"10/09/2018","4.17","4.22","4.36","4.00","759.86K","-3.02%"
"10/08/2018","4.30","4.62","4.62","4.17","1.64M","-7.13%"
"10/04/2018","4.63","4.76","4.79","4.50","1.11M","-4.54%"
"10/03/2018","4.85","4.91","4.97","4.70","401.22K","-1.82%"
"10/02/2018","4.94","4.92","4.95","4.83","2.69M","-0.20%"
"10/01/2018","4.95","4.90","4.95","4.84","3.34M","0.00%"
"09/30/2018","4.95","5.09","5.17","4.83","508.03K","-1.59%"
"09/27/2018","5.03","4.90","5.10","4.90","251.03K","-0.20%"
"09/26/2018","5.04","4.90","5.16","4.88","1.07M","3.70%"
"09/25/2018","4.86","4.80","4.95","4.80","460.33K","0.62%"
"09/24/2018","4.83","4.85","5.00","4.62","705.34K","1.68%"
"09/23/2018","4.75","4.72","4.92","4.60","1.33M","2.15%"
"09/20/2018","4.65","4.63","5.08","4.49","1.27M","-6.63%"
"09/19/2018","4.98","5.14","5.15","4.95","749.68K","-9.29%"
"09/18/2018","5.49","5.53","5.62","5.06","1.56M","-0.90%"
"09/17/2018","5.54","5.50","5.65","5.45","469.21K","-0.36%"
"09/16/2018","5.56","5.83","5.83","5.45","412.50K","-5.44%"
"09/13/2018","5.88","5.90","5.96","5.80","420.96K","-0.34%"
"09/12/2018","5.90","6.05","6.05","5.80","278.06K","-1.67%"
"09/10/2018","6.00","5.98","6.06","5.90","1.79M","0.33%"
"09/09/2018","5.98","6.11","6.11","5.90","548.61K","-2.13%"
"09/06/2018","6.11","6.13","6.18","6.05","187.25K","0.16%"
"09/05/2018","6.10","6.14","6.22","6.03","485.62K","-2.24%"
"09/04/2018","6.24","6.20","6.31","6.16","347.32K","1.30%"
"09/03/2018","6.16","6.17","6.22","6.08","291.44K","-0.81%"
"09/02/2018","6.21","6.28","6.28","6.17","704.08K","-2.36%"
"08/30/2018","6.36","6.33","6.47","6.27","1.13M","2.25%"
"08/29/2018","6.22","6.21","6.34","6.18","1.15M","0.16%"
"08/28/2018","6.21","6.20","6.31","6.15","929.81K","0.00%"
"08/27/2018","6.21","6.20","6.27","6.14","1.01M","-0.64%"
"08/26/2018","6.25","6.34","6.35","6.15","537.55K","-0.32%"
"08/19/2018","6.27","6.20","6.36","6.17","239.90K","0.16%"
"08/16/2018","6.26","6.27","6.38","6.20","298.58K","0.32%"
"08/15/2018","6.24","6.16","6.32","6.05","694.02K","1.79%"
"08/14/2018","6.13","6.15","6.34","6.00","1.00M","0.66%"
"08/13/2018","6.09","6.23","6.25","5.96","733.57K","-3.33%"
"08/12/2018","6.30","6.37","6.42","6.21","229.42K","-2.63%"
"08/09/2018","6.47","6.48","6.58","6.40","852.30K","1.09%"
"08/08/2018","6.40","6.37","6.47","6.32","706.28K","1.75%"
"08/07/2018","6.29","6.39","6.45","6.24","203.11K","-0.32%"
"08/06/2018","6.31","6.47","6.48","6.20","886.76K","-1.25%"
"08/05/2018","6.39","6.20","6.47","6.15","5.40M","5.79%"
"08/02/2018","6.04","5.80","6.20","5.80","4.67M","4.50%"
"08/01/2018","5.78","5.87","5.95","5.70","718.21K","0.00%"
"07/31/2018","5.78","5.64","5.93","5.60","2.71M","2.85%"
"07/30/2018","5.62","5.77","5.80","5.60","974.76K","-4.91%"
"07/29/2018","5.91","5.95","6.06","5.75","822.81K","1.72%"
"07/26/2018","5.81","5.70","5.86","5.56","1.02M","1.40%"
"07/25/2018","5.73","5.90","5.90","5.63","452.45K","-3.54%"
"07/24/2018","5.94","5.99","6.05","5.82","1.16M","-0.34%"
"07/22/2018","5.96","5.99","6.07","5.82","1.23M","-1.81%"
"07/19/2018","6.07","6.11","6.18","5.97","495.40K","-0.65%"
"07/18/2018","6.11","6.28","6.28","6.05","311.03K","0.16%"
"07/17/2018","6.10","6.30","6.30","6.00","365.04K","-0.16%"
"07/16/2018","6.11","6.18","6.22","5.98","755.65K","-2.24%"
"07/15/2018","6.25","6.35","6.39","6.15","101.15K","-2.04%"
"07/12/2018","6.38","6.49","6.50","6.25","300.58K","-1.54%"
"07/11/2018","6.48","6.25","6.60","6.25","2.06M","2.53%"
"07/10/2018","6.32","6.29","6.40","6.24","1.97M","2.93%"
"07/09/2018","6.14","6.06","6.33","5.95","2.05M","-0.65%"
"07/08/2018","6.18","6.38","6.45","6.08","1.07M","-2.98%"
"07/05/2018","6.37","6.41","6.47","6.30","716.42K","-2.45%"
"07/04/2018","6.53","6.50","6.68","6.37","1.98M","-0.15%"
"07/03/2018","6.54","6.51","6.59","6.50","752.61K","-0.61%"
"07/02/2018","6.58","6.72","6.72","6.46","1.15M","-2.37%"
"06/28/2018","6.74","6.69","6.89","6.56","3.65M","1.05%"
"06/27/2018","6.67","6.60","6.80","6.55","2.82M","4.55%"
"06/26/2018","6.38","6.23","6.59","6.10","3.74M","-0.62%"
"06/25/2018","6.42","6.49","6.55","6.27","3.11M","1.58%"
"06/24/2018","6.32","6.12","6.44","6.12","3.68M","3.61%"
"06/21/2018","6.10","6.07","6.16","6.00","1.35M","1.50%"
"06/20/2018","6.01","6.02","6.13","5.90","1.15M","0.17%"
"06/19/2018","6.00","6.07","6.10","5.95","1.68M","-1.80%"
"06/14/2018","6.11","6.17","6.21","6.00","1.64M","0.99%"
"06/13/2018","6.05","5.92","6.19","5.81","1.80M","3.24%"
"06/12/2018","5.86","5.77","5.90","5.69","1.92M","1.38%"
"06/11/2018","5.78","6.00","6.00","5.69","1.31M","-3.34%"
"06/10/2018","5.98","6.09","6.10","5.90","1.92M","0.67%"
"06/07/2018","5.94","5.84","6.06","5.74","2.05M","0.68%"
"06/06/2018","5.90","6.16","6.17","5.64","1.85M","0.17%"
"06/05/2018","5.89","5.60","6.18","5.40","3.48M","-1.01%"
"06/04/2018","5.95","6.29","6.38","5.56","2.83M","-3.57%"
"06/03/2018","6.17","6.18","6.30","6.08","1.62M","0.16%"
"05/31/2018","6.16","6.31","6.38","6.00","1.74M","-5.23%"
"05/30/2018","6.50","6.75","6.79","6.36","2.94M","-3.99%"
"05/29/2018","6.77","6.94","7.06","6.66","1.57M","-1.17%"
"05/28/2018","6.85","6.92","6.93","6.80","742.87K","-1.30%"
"05/27/2018","6.94","7.14","7.15","6.80","2.28M","-1.98%"
"05/24/2018","7.08","6.96","7.18","6.96","4.42M","1.58%"
"05/23/2018","6.97","6.99","7.10","6.87","4.09M","1.90%"
"05/22/2018","6.84","6.75","7.00","6.70","5.42M","2.40%"
"05/21/2018","6.68","6.59","6.75","6.58","3.84M","1.83%"
"05/20/2018","6.56","6.38","6.70","6.32","2.44M","1.86%"
"05/17/2018","6.44","6.30","6.64","6.25","3.42M","2.55%"
"05/16/2018","6.28","6.25","6.42","6.15","1.08M","-0.79%"
"05/15/2018","6.33","6.31","6.50","6.10","1.04M","-0.16%"
"05/14/2018","6.34","6.31","6.65","6.20","1.55M","-2.46%"
"05/13/2018","6.50","6.84","6.85","6.27","1.69M","-2.11%"
"05/10/2018","6.64","6.65","6.77","6.51","1.30M","-2.50%"
"05/09/2018","6.81","7.27","7.27","6.57","2.26M","-6.58%"
"05/08/2018","7.29","7.25","7.47","7.12","1.08M","-0.68%"
"05/07/2018","7.34","7.70","7.70","7.04","2.25M","-1.08%"
"05/06/2018","7.42","7.21","7.64","7.18","3.89M","1.64%"
"05/03/2018","7.30","7.33","7.38","7.20","2.10M","-2.01%"
"05/02/2018","7.45","7.40","7.90","7.11","4.73M","4.78%"
"04/30/2018","7.11","6.70","7.31","6.64","6.14M","7.24%"
"04/29/2018","6.63","6.50","6.70","6.50","688.56K","1.53%"
"04/26/2018","6.53","6.52","6.60","6.46","170.01K","-0.15%"
"04/24/2018","6.54","6.52","6.60","6.46","775.50K","0.00%"
"04/23/2018","6.54","6.77","6.77","6.50","1.10M","-1.80%"
"04/22/2018","6.66","6.70","6.85","6.54","970.88K","-0.15%"
"04/19/2018","6.67","6.60","6.88","6.55","776.07K","1.21%"
"04/18/2018","6.59","6.60","6.77","6.49","1.96M","-0.15%"
"04/17/2018","6.60","6.60","6.80","6.52","566.33K","-2.22%"
"04/16/2018","6.75","6.88","6.90","6.64","576.51K","-0.88%"
"04/15/2018","6.81","7.00","7.00","6.71","606.55K","-1.30%"
"04/12/2018","6.90","7.00","7.00","6.78","826.57K","0.00%"
"04/11/2018","6.90","7.00","7.02","6.74","1.25M","-0.86%"
"04/10/2018","6.96","6.92","7.04","6.77","2.56M","2.20%"
"04/05/2018","6.81","6.60","6.91","6.60","1.67M","0.89%"
"04/04/2018","6.75","6.55","6.90","6.45","1.55M","6.13%"
"04/03/2018","6.36","6.59","6.59","6.30","483.78K","-0.78%"
"04/02/2018","6.41","6.60","6.60","6.24","790.59K","-4.04%"
"04/01/2018","6.68","6.80","6.80","6.50","248.85K","0.75%"
"03/29/2018","6.63","6.30","6.84","6.30","2.72M","3.59%"
"03/28/2018","6.40","6.53","6.60","6.10","1.26M","-1.54%"
"03/27/2018","6.50","6.32","6.60","6.32","1.27M","1.72%"
"03/26/2018","6.39","6.40","6.50","6.32","542.49K","-0.31%"
"03/25/2018","6.41","6.47","6.50","6.40","865.64K","-0.62%"
"03/22/2018","6.45","6.40","6.70","6.25","688.58K","0.62%"
"03/21/2018","6.41","6.48","6.59","6.24","964.70K","-4.47%"
"03/20/2018","6.71","6.55","6.90","6.47","1.41M","4.19%"
"03/19/2018","6.44","6.59","6.60","6.30","324.64K","0.78%"
"03/18/2018","6.39","6.60","6.60","6.23","456.03K","-0.31%"
"03/15/2018","6.41","6.41","6.54","6.34","1.31M","1.58%"
"03/14/2018","6.31","6.58","6.58","6.21","350.68K","-3.66%"
"03/13/2018","6.55","6.70","6.71","6.40","1.62M","-2.24%"
"03/12/2018","6.70","6.78","6.80","6.63","1.97M","0.90%"
"03/11/2018","6.64","6.72","6.72","6.62","216.12K","-1.19%"
"03/08/2018","6.72","6.65","6.88","6.60","1.06M","-2.33%"
"03/07/2018","6.88","6.99","7.02","6.66","1.66M","-0.58%"
"03/06/2018","6.92","6.70","7.03","6.70","3.07M","6.30%"
"03/05/2018","6.51","6.41","6.60","6.10","885.74K","-0.76%"
"03/04/2018","6.56","6.67","6.79","6.46","996.61K","-1.20%"
"03/01/2018","6.64","6.78","6.79","6.60","237.79K","-1.78%"
"02/28/2018","6.76","6.80","6.96","6.62","695.25K","-1.17%"
"02/27/2018","6.84","6.78","6.92","6.78","550.81K","2.40%"
"02/26/2018","6.68","6.78","6.78","6.60","823.04K","-1.47%"
"02/25/2018","6.78","7.20","7.38","6.62","1.51M","1.04%"
"02/22/2018","6.71","6.50","6.86","6.50","3.51M","7.53%"
"02/21/2018","6.24","6.26","6.31","6.20","204.41K","-0.95%"
"02/20/2018","6.30","6.40","6.48","6.25","452.08K","-2.48%"
"02/19/2018","6.46","6.50","6.60","6.34","390.10K","-0.62%"
"02/18/2018","6.50","6.52","6.58","6.42","652.20K","2.04%"
"02/15/2018","6.37","6.20","6.48","6.20","1.49M","2.74%"
"02/14/2018","6.20","6.10","6.36","6.10","1.02M","2.14%"
"02/13/2018","6.07","6.13","6.20","5.96","971.73K","-2.25%"
"02/12/2018","6.21","6.20","6.42","6.01","2.56M","3.50%"
"02/11/2018","6.00","6.20","6.20","5.90","654.93K","1.52%"
"02/08/2018","5.91","5.53","6.09","5.50","6.40M","6.68%"
"02/07/2018","5.54","5.53","5.60","5.50","469.37K","2.40%"
"02/06/2018","5.41","5.26","5.52","5.20","1.52M","-3.22%"
"02/05/2018","5.59","5.70","5.70","5.44","1.57M","-0.89%"
"02/04/2018","5.64","5.61","5.78","5.54","175.84K","-2.76%"
"02/01/2018","5.80","5.53","5.89","5.53","487.55K","4.69%"
"01/31/2018","5.54","5.57","5.66","5.50","597.07K","-2.12%"
"01/30/2018","5.66","5.70","5.78","5.55","289.91K","-1.57%"
"01/29/2018","5.75","5.78","5.80","5.61","1.20M","-0.17%"
"01/28/2018","5.76","5.80","5.82","5.70","960.32K","2.67%"
"01/24/2018","5.61","5.36","5.70","5.34","3.92M","4.28%"
"01/23/2018","5.38","5.40","5.45","5.32","883.85K","0.00%"
"01/22/2018","5.38","5.59","5.59","5.32","1.38M","0.19%"
"01/21/2018","5.37","5.31","5.50","5.14","1.65M","4.47%"
"01/18/2018","5.14","5.10","5.22","5.02","2.00M","1.98%"
"01/17/2018","5.04","4.99","5.17","4.97","1.91M","2.44%"
"01/16/2018","4.92","4.88","5.00","4.88","237.40K","-0.20%"
"01/15/2018","4.93","4.98","4.98","4.88","117.81K","-1.00%"
"01/14/2018","4.98","4.83","5.00","4.83","309.16K","1.84%"
"01/11/2018","4.89","4.76","4.98","4.76","2.11M","4.26%"
"01/10/2018","4.69","4.60","4.80","4.58","1.53M","1.74%"
"01/09/2018","4.61","4.70","4.70","4.53","944.75K","-3.96%"
"01/08/2018","4.80","4.82","4.82","4.70","940.24K","1.91%"
"01/04/2018","4.71","4.61","4.81","4.61","474.25K","-0.84%"
"01/03/2018","4.75","4.80","4.80","4.62","260.26K","0.21%"
"01/02/2018","4.74","4.80","4.82","4.62","343.12K","-0.21%"
"12/31/2017","4.75","4.60","4.89","4.60","825.05K","3.94%"
"12/28/2017","4.57","4.55","4.70","4.48","306.92K","-0.22%"
"12/27/2017","4.58","4.47","4.60","4.47","330.50K","0.66%"
"12/26/2017","4.55","4.40","4.64","4.40","1.28M","3.88%"
"12/25/2017","4.38","4.27","4.43","4.27","1.04M","4.04%"
"12/24/2017","4.21","4.29","4.30","4.18","280.98K","-1.17%"
"12/21/2017","4.26","4.36","4.36","4.15","568.15K","-2.52%"
"12/20/2017","4.37","4.35","4.50","4.26","1.90M","-0.23%"
"12/19/2017","4.38","4.41","4.50","4.22","789.69K","-1.79%"
"12/18/2017","4.46","4.48","4.58","4.36","346.93K","-1.76%"
"12/17/2017","4.54","4.50","4.60","4.42","1.29M","1.11%"
"12/14/2017","4.49","4.52","4.64","4.40","1.25M","1.35%"
"12/13/2017","4.43","4.38","4.54","4.30","3.14M","3.26%"
"12/12/2017","4.29","4.39","4.39","4.20","804.07K","0.23%"
"12/11/2017","4.28","4.14","4.39","4.10","4.17M","7.00%"
"12/10/2017","4.00","3.87","4.07","3.84","2.99M","4.99%"
"12/07/2017","3.81","3.90","3.90","3.80","903.35K","-1.80%"
"12/06/2017","3.88","3.80","4.00","3.76","2.35M","2.11%"
"12/05/2017","3.80","3.73","3.84","3.72","3.31M","1.88%"
"12/04/2017","3.73","3.75","3.76","3.71","324.71K","-1.84%"
"12/03/2017","3.80","3.72","3.84","3.72","2.05M","0.80%"
"11/29/2017","3.77","3.75","3.85","3.71","1.36M","-0.26%"
"11/28/2017","3.78","3.75","3.83","3.71","4.03M","0.80%"
"11/27/2017","3.75","3.91","3.91","3.70","2.29M","-3.35%"
"11/26/2017","3.88","3.90","3.98","3.82","344.68K","-1.77%"
"11/23/2017","3.95","3.91","3.98","3.90","382.50K","0.00%"
"11/22/2017","3.95","3.88","3.98","3.88","230.00K","1.54%"
"11/21/2017","3.89","3.85","3.96","3.80","229.50K","0.78%"
"11/20/2017","3.86","3.90","3.99","3.82","433.42K","-2.53%"
"11/19/2017","3.96","3.94","4.06","3.80","1.14M","2.06%"
"11/16/2017","3.88","3.80","3.95","3.80","759.41K","2.11%"
"11/15/2017","3.80","3.90","3.90","3.71","311.62K","-0.26%"
"11/14/2017","3.81","3.72","3.88","3.72","263.16K","1.60%"
"11/13/2017","3.75","3.76","3.80","3.72","387.22K","-1.57%"
"11/12/2017","3.81","3.82","3.89","3.74","266.27K","-3.30%"
"11/09/2017","3.94","4.00","4.06","3.78","1.40M","1.81%"
"11/08/2017","3.87","3.80","4.04","3.70","6.62M","3.75%"
"11/07/2017","3.73","3.80","3.80","3.60","2.87M","-2.86%"
"11/06/2017","3.84","3.93","3.93","3.80","534.28K","-3.27%"
"11/05/2017","3.97","4.01","4.16","3.88","735.40K","-3.64%"
"11/02/2017","4.12","4.20","4.22","3.98","797.20K","-1.44%"
"11/01/2017","4.18","4.08","4.20","4.08","605.66K","0.97%"
"10/31/2017","4.14","4.04","4.31","4.00","922.00K","5.61%"
"10/30/2017","3.92","4.00","4.00","3.80","421.04K","-2.00%"
"10/29/2017","4.00","3.96","4.07","3.95","718.63K","5.54%"
"10/26/2017","3.79","3.60","3.90","3.60","1.89M","5.28%"
"10/25/2017","3.60","3.66","3.66","3.60","307.18K","-1.91%"
"10/24/2017","3.67","3.71","3.75","3.56","611.48K","0.27%"
"10/23/2017","3.66","3.61","3.70","3.60","633.75K","0.55%"
"10/22/2017","3.64","3.60","3.70","3.60","583.75K","0.83%"
"10/19/2017","3.61","3.60","3.74","3.56","766.09K","-2.96%"
"10/18/2017","3.72","3.74","3.84","3.52","1.75M","6.29%"
"10/17/2017","3.50","3.24","3.60","3.12","1.81M","7.03%"
"10/16/2017","3.27","3.31","3.32","3.20","383.10K","-2.10%"
"10/15/2017","3.34","3.36","3.42","3.30","351.39K","-0.30%"
"10/12/2017","3.35","3.42","3.42","3.30","533.50K","-1.47%"
"10/11/2017","3.40","3.36","3.45","3.36","1.47M","1.19%"
"10/10/2017","3.36","3.32","3.45","3.21","2.29M","-3.45%"
"10/09/2017","3.48","3.60","3.60","3.32","1.66M","-3.33%"
"10/08/2017","3.60","3.63","3.68","3.51","794.95K","0.84%"
"10/04/2017","3.57","3.60","3.63","3.50","789.92K","1.71%"
"10/03/2017","3.51","3.50","3.58","3.46","638.26K","-0.85%"
"10/02/2017","3.54","3.60","3.60","3.46","976.17K","-0.56%"
"10/01/2017","3.56","3.47","3.70","3.45","1.23M","3.19%"
"09/28/2017","3.45","3.47","3.50","3.40","1.48M","0.88%"
"09/27/2017","3.42","3.40","3.48","3.40","1.07M","5.23%"
"09/26/2017","3.25","3.06","3.39","3.06","5.24M","5.52%"
"09/25/2017","3.08","3.14","3.14","3.01","2.32M","-2.84%"
"09/24/2017","3.17","3.30","3.31","3.05","973.77K","-0.31%"
"09/20/2017","3.18","3.16","3.22","3.10","8.21M","5.65%"
"09/19/2017","3.01","2.83","3.09","2.82","4.56M","7.12%"
"09/18/2017","2.81","2.81","2.85","2.75","2.98M","1.44%"
"09/17/2017","2.77","2.69","2.86","2.65","3.50M","4.53%"
"09/14/2017","2.65","2.65","2.68","2.62","1.70M","0.38%"
"09/13/2017","2.64","2.62","2.66","2.62","704.02K","-1.12%"
"09/12/2017","2.67","2.67","2.72","2.60","1.48M","-1.84%"
"09/11/2017","2.72","2.75","2.80","2.65","3.19M","1.87%"
"09/10/2017","2.67","2.60","2.75","2.54","5.63M","6.80%"
"09/07/2017","2.50","2.36","2.57","2.36","5.40M","6.84%"
"09/06/2017","2.34","2.31","2.36","2.31","1.14M","1.30%"
"09/05/2017","2.31","2.29","2.32","2.28","121.60K","0.87%"
"08/30/2017","2.29","2.31","2.32","2.26","466.91K","0.44%"
"08/29/2017","2.28","2.25","2.30","2.24","918.25K","0.88%"
"08/28/2017","2.26","2.25","2.26","2.25","304.90K","-1.31%"
"08/27/2017","2.29","2.28","2.34","2.25","50.00K","2.23%"
"08/24/2017","2.24","2.26","2.28","2.23","151.18K","-0.44%"
"08/23/2017","2.25","2.26","2.26","2.24","317.36K","-0.44%"
"08/22/2017","2.26","2.25","2.27","2.24","215.35K","0.00%"
"08/21/2017","2.26","2.25","2.29","2.24","394.39K","0.89%"
"08/20/2017","2.24","2.25","2.26","2.23","363.02K","-1.75%"
"08/17/2017","2.28","2.29","2.30","2.24","845.38K","-2.15%"
"08/16/2017","2.33","2.34","2.36","2.30","751.08K","1.75%"
"08/15/2017","2.29","2.23","2.34","2.20","4.26M","4.09%"
"08/14/2017","2.20","2.21","2.23","2.17","1.11M","-0.45%"
"08/13/2017","2.21","2.25","2.25","2.19","1.69M","-3.49%"
"08/10/2017","2.29","2.27","2.34","2.24","1.81M","1.78%"
"08/09/2017","2.25","2.27","2.27","2.21","1.15M","0.00%"
"08/08/2017","2.25","2.22","2.28","2.21","836.04K","0.45%"
"08/07/2017","2.24","2.29","2.29","2.21","495.35K","-1.75%"
"08/06/2017","2.28","2.26","2.30","2.25","1.51M","2.70%"
"08/03/2017","2.22","2.21","2.26","2.20","1.03M","0.45%"
"08/02/2017","2.21","2.25","2.26","2.16","643.00K","-1.78%"
"08/01/2017","2.25","2.24","2.28","2.23","728.09K","0.45%"
"07/31/2017","2.24","2.28","2.31","2.20","879.69K","-0.88%"
"07/30/2017","2.26","2.35","2.36","2.23","577.89K","-2.59%"
"07/27/2017","2.32","2.38","2.39","2.30","582.57K","-1.69%"
"07/26/2017","2.36","2.37","2.38","2.34","836.15K","1.29%"
"07/25/2017","2.33","2.28","2.39","2.28","2.02M","4.02%"
"07/24/2017","2.24","2.29","2.29","2.22","153.66K","-1.75%"
"07/20/2017","2.28","2.26","2.34","2.22","1.72M","1.79%"
"07/19/2017","2.24","2.15","2.30","2.15","1.51M","1.36%"
"07/18/2017","2.21","2.33","2.33","2.12","1.42M","-5.96%"
"07/17/2017","2.35","2.36","2.40","2.30","1.30M","-0.42%"
"07/16/2017","2.36","2.36","2.38","2.34","479.72K","-2.07%"
"07/13/2017","2.41","2.42","2.46","2.37","2.10M","1.26%"
"07/12/2017","2.38","2.34","2.43","2.33","1.94M","0.00%"
"07/11/2017","2.38","2.36","2.42","2.31","1.86M","-1.24%"
"07/10/2017","2.41","2.40","2.46","2.35","1.33M","1.26%"
"07/09/2017","2.38","2.37","2.41","2.36","850.55K","-1.65%"
"07/06/2017","2.42","2.41","2.45","2.38","783.45K","-0.41%"
"07/05/2017","2.43","2.43","2.49","2.39","1.94M","-2.02%"
"07/04/2017","2.48","2.50","2.53","2.42","1.04M","-1.59%"
"07/03/2017","2.52","2.50","2.56","2.48","3.82M","0.40%"
"07/02/2017","2.51","2.54","2.55","2.45","2.40M","2.03%"
"06/28/2017","2.46","2.34","2.54","2.34","4.13M","3.80%"
"06/22/2017","2.37","2.38","2.42","2.32","2.14M","1.72%"
"06/21/2017","2.33","2.30","2.38","2.26","4.58M","3.10%"
"06/20/2017","2.26","2.23","2.32","2.23","1.80M","0.89%"
"06/19/2017","2.24","2.26","2.28","2.22","1.31M","-0.88%"
"06/18/2017","2.26","2.32","2.32","2.24","1.26M","-3.00%"
"06/15/2017","2.33","2.35","2.37","2.29","1.27M","-1.27%"
"06/14/2017","2.36","2.35","2.39","2.32","3.30M","2.16%"
"06/13/2017","2.31","2.28","2.36","2.26","5.07M","2.21%"
"06/12/2017","2.26","2.28","2.30","2.22","2.27M","-0.88%"
"06/11/2017","2.28","2.32","2.32","2.26","2.09M","-2.56%"
"06/08/2017","2.34","2.42","2.43","2.30","5.55M","-2.09%"
"06/07/2017","2.39","2.39","2.44","2.35","7.23M","3.02%"
"06/06/2017","2.32","2.23","2.39","2.21","9.66M","4.50%"
"06/05/2017","2.22","2.24","2.28","2.18","3.46M","1.83%"
"06/04/2017","2.18","2.15","2.21","2.11","2.89M","3.32%"
"06/01/2017","2.11","2.12","2.15","2.08","2.45M","-0.94%"
"05/31/2017","2.13","2.21","2.22","2.06","4.83M","-3.62%"
"05/30/2017","2.21","2.23","2.26","2.17","2.06M","-1.78%"
"05/29/2017","2.25","2.23","2.29","2.21","3.94M","0.90%"
"05/28/2017","2.23","2.23","2.30","2.18","6.77M","-1.33%"
"05/25/2017","2.26","2.31","2.34","2.20","7.73M","3.20%"
"05/24/2017","2.19","2.06","2.27","2.06","9.63M","6.31%"
"05/23/2017","2.06","2.03","2.12","2.01","6.41M","1.48%"
"05/22/2017","2.03","2.02","2.14","1.90","6.52M","3.57%"
"05/21/2017","1.96","1.86","2.01","1.86","7.42M","7.69%"
"05/18/2017","1.82","1.80","1.89","1.77","8.64M","2.82%"
"05/17/2017","1.77","1.68","1.82","1.66","6.97M","6.63%"
"05/16/2017","1.66","1.64","1.69","1.64","5.25M","1.22%"
"05/15/2017","1.64","1.62","1.65","1.61","935.95K","0.61%"
"05/14/2017","1.63","1.64","1.64","1.62","626.86K","-1.21%"
"05/11/2017","1.65","1.67","1.69","1.62","2.39M","1.23%"
"05/10/2017","1.63","1.64","1.67","1.60","3.46M","1.24%"
"05/09/2017","1.61","1.57","1.66","1.54","1.54M","2.55%"
"05/08/2017","1.57","1.59","1.60","1.55","499.14K","0.64%"
"05/07/2017","1.56","1.52","1.60","1.50","1.63M","2.63%"
"05/04/2017","1.52","1.55","1.56","1.50","397.23K","-0.65%"
"05/03/2017","1.53","1.52","1.57","1.50","458.46K","-0.65%"
"05/02/2017","1.54","1.57","1.57","1.51","207.08K","1.32%"
"04/30/2017","1.52","1.52","1.56","1.50","412.88K","-4.40%"
"04/27/2017","1.59","1.63","1.63","1.53","477.74K","0.00%"
"04/26/2017","1.59","1.60","1.60","1.57","886.98K","3.25%"
"04/24/2017","1.54","1.59","1.59","1.51","441.59K","-0.65%"
"04/23/2017","1.55","1.64","1.64","1.50","1.37M","-4.91%"
"04/20/2017","1.63","1.63","1.67","1.57","2.97M","-2.98%"
"04/19/2017","1.68","1.68","1.72","1.65","1.68M","-2.89%"
"04/18/2017","1.73","1.63","1.77","1.63","9.48M","3.59%"
"04/13/2017","1.67","1.64","1.71","1.63","796.11K","0.00%"
"04/12/2017","1.67","1.73","1.73","1.64","1.33M","-3.47%"
"04/11/2017","1.73","1.69","1.78","1.68","9.77M","5.49%"
"04/10/2017","1.64","1.66","1.69","1.56","5.75M","0.61%"
"04/09/2017","1.63","1.58","1.69","1.57","6.44M","5.84%"
"04/06/2017","1.54","1.41","1.57","1.41","6.07M","7.69%"
"04/05/2017","1.43","1.39","1.48","1.38","2.34M","4.38%"
"04/04/2017","1.37","1.27","1.42","1.27","4.25M","6.20%"
"04/03/2017","1.29","1.26","1.30","1.26","298.78K","1.57%"
"04/02/2017","1.27","1.28","1.28","1.26","2.01M","-2.31%"
"03/30/2017","1.30","1.30","1.32","1.28","747.95K","0.78%"
"03/29/2017","1.29","1.30","1.31","1.27","308.79K","-1.53%"
"03/28/2017","1.31","1.28","1.33","1.28","785.35K","1.55%"
"03/27/2017","1.29","1.30","1.31","1.28","1.09M","0.78%"
"03/26/2017","1.28","1.27","1.30","1.26","1.07M","1.59%"
"03/23/2017","1.26","1.25","1.29","1.24","840.72K","1.61%"
"03/22/2017","1.24","1.25","1.26","1.23","904.68K","-1.59%"
"03/21/2017","1.26","1.22","1.28","1.22","996.94K","2.44%"
"03/20/2017","1.23","1.24","1.26","1.20","1.16M","0.00%"
"03/19/2017","1.23","1.24","1.25","1.22","662.11K","0.00%"
"03/16/2017","1.23","1.21","1.25","1.20","862.30K","2.50%"
"03/15/2017","1.20","1.23","1.23","1.18","430.87K","0.00%"
"03/14/2017","1.20","1.23","1.24","1.20","1.67M","-3.23%"
"03/13/2017","1.24","1.27","1.27","1.22","218.75K","-1.59%"
"03/12/2017","1.26","1.25","1.28","1.23","219.50K","-1.56%"
"03/09/2017","1.28","1.26","1.30","1.24","789.56K","3.23%"
"03/08/2017","1.24","1.24","1.27","1.23","426.83K","-0.80%"
"03/07/2017","1.25","1.25","1.28","1.22","978.84K","0.00%"
"03/06/2017","1.25","1.27","1.29","1.24","351.11K","0.00%"
"03/05/2017","1.25","1.25","1.28","1.24","360.50K","-0.79%"
"03/02/2017","1.26","1.26","1.28","1.23","886.21K","3.28%"
"03/01/2017","1.22","1.22","1.25","1.19","715.03K","0.83%"
"02/28/2017","1.21","1.20","1.23","1.18","728.55K","-1.63%"
"02/27/2017","1.23","1.24","1.24","1.18","685.75K","-1.60%"
"02/26/2017","1.25","1.28","1.30","1.24","930.72K","-1.57%"
"02/23/2017","1.27","1.31","1.33","1.23","1.04M","-5.22%"
"02/22/2017","1.34","1.38","1.42","1.28","2.07M","-1.47%"
"02/21/2017","1.36","1.29","1.38","1.29","2.36M","8.80%"
"02/20/2017","1.25","1.21","1.32","1.20","1.38M","0.81%"
"02/19/2017","1.24","1.26","1.26","1.22","386.22K","-0.80%"
"02/16/2017","1.25","1.25","1.28","1.24","632.04K","0.81%"
"02/15/2017","1.24","1.23","1.27","1.21","868.30K","-1.59%"
"02/14/2017","1.26","1.31","1.33","1.21","1.08M","-3.82%"
"02/13/2017","1.31","1.34","1.36","1.29","1.15M","-2.24%"
"02/12/2017","1.34","1.28","1.37","1.28","2.44M","8.06%"
"02/09/2017","1.24","1.25","1.28","1.22","908.15K","-3.12%"
"02/08/2017","1.28","1.34","1.34","1.24","841.13K","-0.78%"
"02/07/2017","1.29","1.30","1.33","1.27","772.00K","-0.77%"
"02/06/2017","1.30","1.28","1.35","1.25","1.99M","4.00%"
"02/05/2017","1.25","1.23","1.28","1.21","1.02M","3.31%"
"02/02/2017","1.21","1.20","1.23","1.20","430.25K","0.83%"
"02/01/2017","1.20","1.22","1.22","1.16","242.34K","0.84%"
"01/31/2017","1.19","1.19","1.22","1.17","236.89K","-3.25%"
"01/30/2017","1.23","1.26","1.26","1.20","733.13K","-3.91%"
"01/29/2017","1.28","1.30","1.31","1.26","1.41M","-0.78%"
"01/26/2017","1.29","1.33","1.34","1.27","645.21K","0.00%"
"01/24/2017","1.29","1.25","1.32","1.24","591.71K","0.78%"
"01/23/2017","1.28","1.32","1.36","1.26","606.50K","-1.54%"
"01/22/2017","1.30","1.24","1.40","1.20","1.34M","0.78%"
"01/19/2017","1.29","1.30","1.38","1.27","983.85K","-8.51%"
"01/18/2017","1.41","1.43","1.49","1.28","1.66M","1.44%"
"01/17/2017","1.39","1.32","1.42","1.30","4.55M","7.75%"
"01/16/2017","1.29","1.24","1.32","1.24","1.65M","2.38%"
"01/15/2017","1.26","1.26","1.27","1.23","860.45K","3.28%"
"01/12/2017","1.22","1.20","1.25","1.20","326.90K","0.83%"
"01/11/2017","1.21","1.22","1.23","1.20","562.83K","-1.63%"
"01/10/2017","1.23","1.25","1.26","1.21","586.78K","0.00%"
"01/09/2017","1.23","1.23","1.25","1.21","191.65K","-1.60%"
"01/08/2017","1.25","1.23","1.27","1.20","904.43K","4.17%"
"01/05/2017","1.20","1.20","1.22","1.18","489.54K","-0.83%"
"01/04/2017","1.21","1.21","1.24","1.19","939.45K","-0.82%"
"01/03/2017","1.22","1.24","1.25","1.20","1.16M","-2.40%"
"01/02/2017","1.25","1.26","1.30","1.22","788.51K","-0.79%"
"12/29/2016","1.26","1.30","1.32","1.23","1.03M","-3.08%"
"12/28/2016","1.30","1.28","1.33","1.27","2.10M","0.78%"
"12/27/2016","1.29","1.26","1.34","1.26","2.33M","4.88%"
"12/26/2016","1.23","1.20","1.26","1.18","2.02M","5.13%"
"12/25/2016","1.17","1.22","1.22","1.16","281.78K","-0.85%"
"12/22/2016","1.18","1.21","1.21","1.17","545.86K","-1.67%"
"12/21/2016","1.20","1.19","1.21","1.17","1.39M","0.84%"
"12/20/2016","1.19","1.19","1.21","1.16","974.44K","0.85%"
"12/19/2016","1.18","1.15","1.20","1.15","656.12K","1.72%"
"12/18/2016","1.16","1.10","1.18","1.10","348.63K","0.00%"
"12/15/2016","1.16","1.17","1.18","1.15","651.84K","1.75%"
"12/14/2016","1.14","1.13","1.17","1.12","2.14M","-0.87%"
"12/13/2016","1.15","1.12","1.18","1.12","1.29M","0.88%"
"12/12/2016","1.14","1.11","1.18","1.10","6.17M","-0.87%"
"12/08/2016","1.15","1.16","1.17","1.13","680.57K","0.88%"
"12/07/2016","1.14","1.20","1.21","1.09","692.64K","-3.39%"
"12/06/2016","1.18","1.17","1.20","1.15","595.43K","-0.84%"
"12/05/2016","1.19","1.22","1.22","1.15","1.75M","-3.25%"
"12/04/2016","1.23","1.20","1.26","1.20","1.74M","0.82%"
"12/01/2016","1.22","1.23","1.25","1.21","589.48K","-0.81%"
"11/30/2016","1.23","1.22","1.27","1.20","1.93M","4.24%"
"11/29/2016","1.18","1.19","1.20","1.15","1.04M","-1.67%"
"11/28/2016","1.20","1.20","1.24","1.18","769.07K","0.84%"
"11/27/2016","1.19","1.20","1.22","1.17","645.46K","0.85%"
"11/24/2016","1.18","1.21","1.25","1.15","1.68M","-4.07%"
"11/23/2016","1.23","1.23","1.27","1.18","1.60M","0.82%"
"11/22/2016","1.22","1.29","1.30","1.16","2.32M","-2.40%"
"11/21/2016","1.25","1.23","1.28","1.19","5.49M","7.76%"
"11/20/2016","1.16","1.03","1.19","1.03","6.24M","7.41%"
"11/17/2016","1.08","1.10","1.14","1.04","3.17M","-3.57%"
"11/16/2016","1.12","1.11","1.16","1.06","3.67M","-0.88%"
"11/15/2016","1.13","1.14","1.17","1.08","1.80M","2.73%"
"11/14/2016","1.10","1.04","1.14","1.00","5.06M","14.58%"
"11/13/2016","0.96","0.97","1.00","0.92","2.89M","6.67%"
"11/10/2016","0.90","0.83","0.92","0.83","795.71K","8.43%"
"11/09/2016","0.83","0.79","0.85","0.78","808.30K","2.47%"
"11/08/2016","0.81","0.84","0.85","0.80","1.40M","-3.57%"
"11/07/2016","0.84","0.83","0.85","0.80","606.99K","3.70%"
"11/06/2016","0.81","0.79","0.84","0.79","818.02K","-1.22%"
"11/03/2016","0.82","0.82","0.86","0.77","1.40M","2.50%"
"11/02/2016","0.80","0.79","0.82","0.78","1.05M","2.56%"
"11/01/2016","0.78","0.78","0.79","0.77","97.50K","1.30%"
"10/31/2016","0.77","0.76","0.79","0.76","276.10K","-1.28%"
"10/30/2016","0.78","0.80","0.80","0.77","323.08K","-1.27%"
"10/27/2016","0.79","0.76","0.80","0.76","587.25K","3.95%"
"10/26/2016","0.76","0.76","0.78","0.74","216.78K","1.33%"
"10/25/2016","0.75","0.75","0.76","0.74","288.38K","1.35%"
"10/24/2016","0.74","0.74","0.76","0.72","546.60K","0.00%"
"10/23/2016","0.74","0.77","0.77","0.74","209.09K","-2.63%"
"10/20/2016","0.76","0.76","0.78","0.74","401.29K","2.70%"
"10/19/2016","0.74","0.76","0.78","0.73","544.81K","-2.63%"
"10/18/2016","0.76","0.76","0.78","0.73","329.64K","-2.56%"
"10/17/2016","0.78","0.80","0.81","0.75","358.08K","-2.50%"
"10/16/2016","0.80","0.82","0.82","0.79","815.87K","-1.23%"
"10/13/2016","0.81","0.81","0.82","0.80","535.98K","1.25%"
"10/12/2016","0.80","0.81","0.81","0.78","2.01M","-1.23%"
"10/11/2016","0.81","0.83","0.83","0.80","293.41K","-3.57%"
"10/10/2016","0.84","0.86","0.86","0.80","394.37K","-2.33%"
"10/09/2016","0.86","0.86","0.87","0.85","198.85K","-1.15%"
"10/05/2016","0.87","0.86","0.89","0.86","1.48M","0.00%"
"10/04/2016","0.87","0.88","0.89","0.86","499.93K","-2.25%"
"10/03/2016","0.89","0.90","0.90","0.87","2.09M","1.14%"
"09/29/2016","0.88","0.89","0.89","0.88","341.20K","-2.22%"
"09/28/2016","0.90","0.90","0.90","0.89","1.18M","0.00%"
"09/27/2016","0.90","0.89","0.90","0.88","862.03K","0.00%"
"09/26/2016","0.90","0.89","0.92","0.87","1.02M","2.27%"
"09/25/2016","0.88","0.88","0.89","0.87","263.33K","0.00%"
"09/22/2016","0.88","0.87","0.89","0.87","703.03K","0.00%"
"09/21/2016","0.88","0.90","0.90","0.85","866.83K","-3.30%"
"09/20/2016","0.91","0.92","0.92","0.89","809.47K","-1.09%"
"09/19/2016","0.92","0.94","0.94","0.91","2.30M","-2.13%"
"09/18/2016","0.94","0.95","0.96","0.93","290.98K","-2.08%"
"09/15/2016","0.96","0.97","0.98","0.95","352.53K","-2.04%"
"09/14/2016","0.98","1.01","1.01","0.98","451.59K","-2.00%"
"09/08/2016","1.00","0.97","1.01","0.97","528.48K","1.01%"
"09/07/2016","0.99","0.98","1.00","0.97","539.55K","-1.00%"
"09/06/2016","1.00","1.00","1.01","0.99","534.66K","0.00%"
"09/05/2016","1.00","1.02","1.02","0.99","971.63K","-0.99%"
"09/04/2016","1.01","1.00","1.02","1.00","300.26K","0.00%"
"09/01/2016","1.01","1.00","1.03","1.00","412.22K","0.00%"
"08/31/2016","1.01","1.02","1.02","1.00","157.25K","0.00%"
"08/30/2016","1.01","1.00","1.04","0.99","426.93K","0.00%"
"08/29/2016","1.01","1.04","1.04","0.98","729.08K","-0.98%"
"08/28/2016","1.02","1.04","1.06","1.01","46.25K","-1.92%"
"08/25/2016","1.04","1.06","1.07","1.02","512.89K","-1.89%"
"08/24/2016","1.06","1.05","1.10","1.04","627.98K","0.95%"
"08/23/2016","1.05","1.09","1.09","1.04","209.61K","-0.94%"
"08/22/2016","1.06","1.10","1.10","1.05","457.57K","-3.64%"
"08/21/2016","1.10","1.10","1.12","1.08","932.61K","2.80%"
"08/18/2016","1.07","1.02","1.11","1.02","2.86M","4.90%"
"08/17/2016","1.02","1.01","1.05","1.00","1.19M","0.00%"
"08/16/2016","1.02","1.04","1.04","1.00","394.66K","-2.86%"
"08/15/2016","1.05","1.03","1.08","1.02","2.47M","0.00%"
"08/14/2016","1.05","1.00","1.09","1.00","2.99M","3.96%"
"08/11/2016","1.01","1.04","1.04","0.98","4.44M","2.02%"
"08/10/2016","0.99","0.95","1.03","0.93","5.33M","5.32%"
"08/09/2016","0.94","0.93","0.95","0.92","1.11M","1.08%"
"08/08/2016","0.93","0.95","0.95","0.93","531.50K","-1.06%"
"08/07/2016","0.94","0.91","0.95","0.91","2.91M","2.17%"
"08/04/2016","0.92","0.94","0.94","0.90","685.58K","-2.13%"
"08/03/2016","0.94","0.94","0.96","0.92","630.86K","0.00%"
"08/02/2016","0.94","0.92","0.94","0.92","5.16M","2.17%"
"08/01/2016","0.92","0.92","0.93","0.91","242.29K","-1.08%"
"07/31/2016","0.93","0.93","0.95","0.92","704.70K","-1.06%"
"07/28/2016","0.94","0.95","0.95","0.93","2.76M","-2.08%"
"07/27/2016","0.96","0.96","0.98","0.94","1.42M","1.05%"
"07/26/2016","0.95","0.96","0.97","0.93","2.42M","0.00%"
"07/25/2016","0.95","0.93","0.96","0.92","2.07M","2.15%"
"07/24/2016","0.93","0.90","0.95","0.90","3.64M","3.33%"
"07/21/2016","0.90","0.89","0.91","0.88","629.50K","-1.10%"
"07/20/2016","0.91","0.92","0.94","0.88","2.20M","1.11%"
"07/19/2016","0.90","0.87","0.96","0.85","4.29M","2.27%"
"07/18/2016","0.88","0.89","0.89","0.86","793.84K","0.00%"
"07/17/2016","0.88","0.89","0.89","0.87","974.64K","-1.12%"
"07/14/2016","0.89","0.89","0.90","0.87","332.85K","0.00%"
"07/13/2016","0.89","0.91","0.91","0.88","207.60K","-1.11%"
"07/12/2016","0.90","0.90","0.92","0.87","793.10K","0.00%"
"07/11/2016","0.90","0.94","0.94","0.89","848.45K","-4.26%"
"07/10/2016","0.94","0.93","0.97","0.92","1.22M","2.17%"
"07/04/2016","0.92","0.95","0.95","0.90","389.43K","-1.08%"
"07/03/2016","0.93","0.95","0.96","0.92","548.73K","1.09%"
"06/29/2016","0.92","0.95","0.95","0.90","407.26K","-1.08%"
"06/28/2016","0.93","0.89","0.96","0.89","615.18K","6.90%"
"06/27/2016","0.87","0.87","0.90","0.83","518.46K","1.16%"
"06/26/2016","0.86","0.85","0.88","0.85","357.62K","-9.47%"
"06/23/2016","0.95","0.93","0.96","0.92","320.60K","2.15%"
"06/22/2016","0.93","0.95","0.98","0.90","358.70K","-5.10%"
"06/21/2016","0.98","1.00","1.00","0.96","225.25K","-2.00%"
"06/20/2016","1.00","1.01","1.03","0.94","175.89K","-2.91%"
"06/19/2016","1.03","1.04","1.05","1.02","173.10K","-0.96%"
"06/16/2016","1.04","1.03","1.06","1.02","213.50K","0.00%"
"06/15/2016","1.04","1.05","1.05","1.03","386.32K","-1.89%"
"06/14/2016","1.06","1.08","1.08","1.04","405.13K","-2.75%"
"06/13/2016","1.09","1.07","1.12","1.07","507.90K","0.93%"
"06/12/2016","1.08","1.07","1.09","1.06","153.00K","-1.82%"
"06/09/2016","1.10","1.10","1.12","1.07","786.77K","-0.90%"
"06/08/2016","1.11","1.11","1.13","1.11","219.15K","0.91%"
"06/07/2016","1.10","1.14","1.14","1.09","1.20M","-3.51%"
"06/06/2016","1.14","1.16","1.16","1.12","254.50K","-2.56%"
"06/05/2016","1.17","1.16","1.19","1.16","797.59K","3.54%"
"06/02/2016","1.13","1.09","1.16","1.09","996.25K","4.63%"
"06/01/2016","1.08","1.06","1.10","1.05","307.85K","1.89%"
"05/31/2016","1.06","1.07","1.08","1.05","200.80K","-1.85%"
"05/30/2016","1.08","1.10","1.10","1.06","214.68K","0.00%"
"05/29/2016","1.08","1.09","1.10","1.08","152.35K","-2.70%"
"05/26/2016","1.11","1.11","1.13","1.10","205.70K","-1.77%"
"05/25/2016","1.13","1.15","1.15","1.12","332.38K","0.00%"
"05/24/2016","1.13","1.12","1.15","1.11","507.97K","2.73%"
"05/23/2016","1.10","1.11","1.13","1.09","572.10K","-2.65%"
"05/22/2016","1.13","1.14","1.14","1.11","173.89K","-0.88%"
"05/19/2016","1.14","1.12","1.16","1.11","174.92K","-1.72%"
"05/18/2016","1.16","1.18","1.18","1.14","428.29K","-0.85%"
"05/17/2016","1.17","1.16","1.20","1.15","740.35K","2.63%"
"05/16/2016","1.14","1.14","1.17","1.13","360.60K","-2.56%"
"05/15/2016","1.17","1.18","1.20","1.14","281.36K","-1.68%"
"05/12/2016","1.19","1.22","1.23","1.16","1.01M","0.00%"
"05/11/2016","1.19","1.21","1.22","1.17","593.70K","-3.25%"
"05/10/2016","1.23","1.25","1.27","1.20","783.57K","-2.38%"
"05/09/2016","1.26","1.30","1.30","1.24","733.59K","-0.79%"
"05/08/2016","1.27","1.30","1.34","1.25","454.75K","-3.05%"
"05/05/2016","1.31","1.25","1.35","1.25","708.55K","4.80%"
"05/04/2016","1.25","1.26","1.28","1.21","275.18K","-0.79%"
"05/03/2016","1.26","1.32","1.32","1.24","602.63K","-5.26%"
"04/28/2016","1.33","1.31","1.36","1.31","512.45K","-1.48%"
"04/27/2016","1.35","1.36","1.38","1.31","652.03K","-2.17%"
"04/26/2016","1.38","1.40","1.42","1.36","411.79K","-0.72%"
"04/24/2016","1.39","1.41","1.43","1.37","791.32K","-2.11%"
"04/21/2016","1.42","1.43","1.46","1.38","1.13M","-1.39%"
"04/20/2016","1.44","1.48","1.51","1.39","1.84M","-0.69%"
"04/19/2016","1.45","1.40","1.51","1.38","4.50M","2.11%"
"04/18/2016","1.42","1.50","1.52","1.40","8.39M","-8.97%"
"04/17/2016","1.56","1.74","1.81","1.49","5.35M","-6.02%"
"04/14/2016","1.66","1.64","1.80","1.55","8.52M","11.41%"
"04/13/2016","1.49","1.49","1.49","1.49","1.71M","9.56%"
"04/12/2016","1.36","1.33","1.37","1.29","1.39M","8.80%"
"04/11/2016","1.25","1.21","1.28","1.20","2.09M","6.84%"
"04/10/2016","1.17","1.10","1.21","1.10","1.88M","6.36%"
"04/07/2016","1.10","1.10","1.11","1.08","228.55K","1.85%"
"04/06/2016","1.08","1.10","1.10","1.06","1.22M","-1.82%"
"04/05/2016","1.10","1.10","1.12","1.09","977.03K","0.92%"
"04/04/2016","1.09","1.08","1.11","1.08","386.92K","-0.91%"
"04/03/2016","1.10","1.09","1.12","1.08","333.70K","0.92%"
"03/31/2016","1.09","1.10","1.13","1.08","2.45M","-1.80%"
"03/30/2016","1.11","1.16","1.16","1.10","660.70K","-1.77%"
"03/29/2016","1.13","1.11","1.20","1.10","430.79K","0.89%"
"03/28/2016","1.12","1.09","1.16","1.09","260.36K","4.67%"
"03/27/2016","1.07","1.07","1.09","1.06","88.25K","-1.83%"
"03/24/2016","1.09","1.06","1.10","1.06","217.73K","2.83%"
"03/23/2016","1.06","1.04","1.08","1.04","234.63K","0.95%"
"03/22/2016","1.05","1.07","1.08","1.04","537.84K","-3.67%"
"03/21/2016","1.09","1.10","1.10","1.08","173.00K","2.83%"
"03/20/2016","1.06","1.09","1.09","1.04","546.14K","-1.85%"
"03/17/2016","1.08","1.09","1.12","1.06","921.47K","-0.92%"
"03/16/2016","1.09","1.09","1.12","1.08","434.00K","3.81%"
"03/15/2016","1.05","1.03","1.09","1.03","805.98K","3.96%"
"03/14/2016","1.01","1.03","1.05","1.01","3.23M","2.02%"
"03/13/2016","0.99","1.00","1.00","0.98","89.29K","-2.94%"
"03/10/2016","1.02","1.02","1.02","1.02","79.70K","-1.92%"
"03/09/2016","1.04","1.01","1.06","1.00","364.87K","1.96%"
"03/08/2016","1.02","1.00","1.05","1.00","559.57K","3.03%"
"03/07/2016","0.99","1.00","1.00","1.00","8.80K","0.00%"
"03/06/2016","0.99","0.96","0.96","0.96","10.00K","0.00%"
"03/03/2016","0.99","1.00","1.00","1.00","5.00K","0.00%"
"03/02/2016","0.99","1.00","1.00","0.97","35.00K","-1.00%"
"02/29/2016","1.00","0.97","0.97","0.97","0.04K","0.00%"
"02/28/2016","1.00","0.95","1.03","0.95","108.64K","2.04%"
"02/25/2016","0.98","1.02","1.02","0.96","16.63K","-2.97%"
"02/24/2016","1.01","1.00","1.05","1.00","139.88K","1.00%"
"02/23/2016","1.00","1.00","1.00","0.97","34.25K","0.00%"
"02/22/2016","1.00","1.00","1.04","1.00","112.35K","0.00%"
"02/21/2016","1.00","1.00","1.00","1.00","9.00K","0.00%"
"02/18/2016","1.00","1.02","1.02","1.00","77.11K","-0.99%"
"02/17/2016","1.01","1.02","1.02","1.00","16.40K","-2.88%"
"02/16/2016","1.04","1.04","1.04","1.04","10.00K","4.00%"
"02/15/2016","1.00","1.00","1.01","1.00","69.83K","0.00%"
"02/11/2016","1.00","1.00","1.00","0.99","56.44K","-5.66%"
"02/10/2016","1.06","1.05","1.08","1.00","182.24K","1.92%"
"02/09/2016","1.04","1.02","1.05","1.00","4.06M","-5.45%"
"02/08/2016","1.10","1.10","1.10","1.05","573.75K","0.00%"
"02/04/2016","1.10","1.10","1.10","1.10","923.88K","0.00%"
"02/03/2016","1.10","1.10","1.10","1.00","2.40M","1.85%"
"02/01/2016","1.08","1.08","1.08","1.08","33.15K","-3.57%"
"01/31/2016","1.12","1.10","1.10","1.08","4.00K","0.00%"
"01/28/2016","1.12","1.08","1.08","1.08","1.75K","0.00%"
"01/27/2016","1.12","1.07","1.12","1.07","5.90K","0.00%"
"01/26/2016","1.12","1.14","1.20","1.03","160.92K","1.82%"
"01/24/2016","1.10","1.10","1.10","1.00","8.31K","0.00%"
"01/18/2016","1.10","1.10","1.11","1.10","57.15K","0.00%"
"01/17/2016","1.10","1.10","1.11","1.10","18.20K","-9.84%"
"01/11/2016","1.22","1.23","1.23","1.22","43.67K","0.00%"
"01/10/2016","1.22","1.30","1.30","1.21","16.65K","-3.17%"
"01/06/2016","1.26","1.26","1.26","1.26","12.00K","-1.56%"
"01/05/2016","1.28","1.26","1.26","1.26","1.00K","0.00%"
"01/04/2016","1.28","1.29","1.29","1.26","32.00K","-4.48%"
"01/03/2016","1.34","1.28","1.28","1.28","2.50K","0.00%"
"12/31/2015","1.34","1.29","1.35","1.29","32.19K","1.52%"
"12/30/2015","1.32","1.34","1.36","1.26","225.44K","4.76%"
"12/29/2015","1.26","1.26","1.27","1.26","12.59K","-1.56%"
"12/28/2015","1.28","1.28","1.28","1.28","52.00K","0.00%"
"12/27/2015","1.28","1.28","1.28","1.28","55.00K","-0.78%"
"12/24/2015","1.29","1.34","1.34","1.28","35.59K","0.78%"
"12/22/2015","1.28","1.29","1.29","1.28","35.14K","-0.78%"
"12/21/2015","1.29","1.27","1.36","1.27","15.26K","-5.15%"
"12/20/2015","1.36","1.30","1.30","1.30","2.50K","0.00%"
"12/17/2015","1.36","1.36","1.36","1.36","55.00K","0.00%"
"12/16/2015","1.36","1.32","1.36","1.32","6.84K","0.00%"
"12/13/2015","1.36","1.28","1.40","1.28","35.00K","0.74%"
"12/10/2015","1.35","1.29","1.39","1.29","13.35K","-2.17%"
"12/08/2015","1.38","1.28","1.28","1.28","2.50K","0.00%"
"12/07/2015","1.38","1.40","1.40","1.33","14.60K","-1.43%"
"12/03/2015","1.40","1.48","1.48","1.40","101.79K","0.00%"
"12/02/2015","1.40","1.40","1.40","1.40","12.73K","0.00%"
"11/26/2015","1.40","1.40","1.40","1.36","123.38K","2.19%"
"11/25/2015","1.37","1.34","1.40","1.34","124.65K","-8.05%"
"11/22/2015","1.49","1.50","1.50","1.46","14.00K","6.43%"
"11/19/2015","1.40","1.40","1.40","1.40","9.62K","-4.11%"
"11/10/2015","1.46","1.40","1.40","1.40","2.50K","0.00%"
"11/09/2015","1.46","1.42","1.42","1.40","5.13K","0.00%"
"11/08/2015","1.46","1.46","1.46","1.46","24.25K","-6.41%"
"11/04/2015","1.56","1.56","1.56","1.56","23.25K","0.00%"
"11/03/2015","1.56","1.55","1.56","1.55","42.50K","4.00%"
"11/02/2015","1.50","1.50","1.50","1.50","249.35K","3.45%"
"11/01/2015","1.45","1.47","1.47","1.41","13.50K","-3.33%"
"10/29/2015","1.50","1.50","1.50","1.50","1.15M","0.00%"
"10/28/2015","1.50","1.47","1.50","1.47","2.43M","-2.60%"
"10/26/2015","1.54","1.52","1.54","1.52","339.00K","1.32%"
"10/22/2015","1.52","1.52","1.52","1.52","7.25K","-5.00%"
"10/21/2015","1.60","1.59","1.60","1.59","35.00K","0.00%"
"10/20/2015","1.60","1.57","1.60","1.55","69.85K","3.90%"
"10/19/2015","1.54","1.46","1.57","1.46","46.12K","5.48%"
"10/18/2015","1.46","1.44","1.44","1.42","0.75K","0.00%"
"10/15/2015","1.46","1.45","1.47","1.45","80.22K","-2.01%"
"10/13/2015","1.49","1.54","1.58","1.44","31.27K","-6.29%"
"10/12/2015","1.59","1.59","1.59","1.59","8.30K","1.92%"
"10/11/2015","1.56","1.56","1.56","1.56","7.55M","-0.64%"
"10/08/2015","1.57","1.57","1.57","1.56","104.15K","0.64%"
"10/07/2015","1.56","1.56","1.56","1.56","26.50K","-2.50%"
"10/04/2015","1.60","1.47","1.47","1.47","0.63K","0.00%"
"10/01/2015","1.60","1.60","1.60","1.60","10.00K","0.00%"
"09/30/2015","1.60","1.62","1.65","1.60","2.73M","-3.03%"
"09/28/2015","1.65","1.61","1.66","1.60","137.50K","-3.51%"
"09/20/2015","1.71","1.71","1.71","1.71","2.25K","0.00%"
"09/17/2015","1.71","1.71","1.71","1.71","41.02K","0.00%"
"09/16/2015","1.71","1.71","1.77","1.69","15.25K","-1.16%"
"09/15/2015","1.73","1.71","1.74","1.71","11.45K","-1.70%"
"09/14/2015","1.76","1.76","1.76","1.76","645.16K","0.00%"
"09/10/2015","1.76","1.79","1.79","1.72","21.34K","2.92%"
"09/09/2015","1.71","1.69","1.69","1.68","3.46K","0.00%"
"09/08/2015","1.71","1.70","1.70","1.68","5.13K","0.00%"
"09/07/2015","1.71","1.73","1.73","1.70","14.25K","-3.93%"
"09/03/2015","1.78","1.76","1.80","1.76","155.25K","4.71%"
"09/02/2015","1.70","1.72","1.72","1.70","76.18K","-1.16%"
"09/01/2015","1.72","1.76","1.76","1.70","11.00K","-1.15%"
"08/31/2015","1.74","1.72","1.78","1.71","36.50K","-1.69%"
"08/30/2015","1.77","1.80","1.80","1.70","128.50K","-3.80%"
"08/27/2015","1.84","1.85","1.85","1.83","33.25K","4.55%"
"08/26/2015","1.76","1.80","1.80","1.71","25.00K","-5.88%"
"08/23/2015","1.87","1.84","1.84","1.84","2.00K","0.00%"
"08/20/2015","1.87","1.86","1.88","1.86","18.00K","-5.08%"
"08/18/2015","1.97","1.98","1.98","1.84","262.50K","0.00%"
"08/17/2015","1.97","1.92","1.99","1.90","58.95K","3.68%"
"08/16/2015","1.90","1.90","1.90","1.90","355.62K","0.00%"
"08/13/2015","1.90","1.85","1.95","1.85","16.22K","0.53%"
"08/12/2015","1.89","1.90","1.90","1.86","34.06K","-5.50%"
"08/11/2015","2.00","1.83","2.00","1.83","20.47K","-0.99%"
"08/05/2015","2.02","2.01","2.03","1.90","79.51K","-0.49%"
"08/04/2015","2.03","2.04","2.04","2.00","15.13K","-0.49%"
"07/30/2015","2.04","2.04","2.04","2.04","105.46K","-0.49%"
"07/29/2015","2.05","2.05","2.08","2.05","14.50K","-2.38%"
"07/28/2015","2.10","2.10","2.10","2.10","13.18K","2.94%"
"07/26/2015","2.04","2.04","2.04","2.04","15.00K","-0.49%"
"07/22/2015","2.05","2.05","2.10","2.05","558.12K","0.00%"
"07/21/2015","2.05","1.96","2.16","1.96","1.17K","0.00%"
"07/16/2015","2.05","2.05","2.05","2.05","584.48K","0.00%"
"07/15/2015","2.05","2.05","2.05","2.05","1.32M","2.50%"
"07/12/2015","2.00","1.98","2.18","1.98","3.25K","0.00%"
"07/09/2015","2.00","2.00","2.00","2.00","9.98K","3.63%"
"07/08/2015","1.93","2.10","2.10","1.86","20.81K","-4.93%"
"07/07/2015","2.03","2.10","2.10","1.90","16.95K","-3.33%"
"07/06/2015","2.10","2.10","2.10","2.10","10.00K","7.14%"
"07/05/2015","1.96","2.10","2.10","1.90","25.00K","-6.67%"
"07/02/2015","2.10","2.10","2.11","2.10","1.64M","0.00%"
"06/29/2015","2.10","2.10","2.10","2.10","11.34K","-4.55%"
"06/28/2015","2.20","2.20","2.20","2.20","53.00K","0.00%"
"06/25/2015","2.20","2.20","2.20","2.20","245.34K","0.00%"
"06/23/2015","2.20","2.24","2.24","2.20","690.74K","0.00%"
"06/22/2015","2.20","2.20","2.20","2.20","124.76K","0.00%"
"06/21/2015","2.20","2.25","2.25","2.20","101.47K","-2.22%"
"06/18/2015","2.25","2.25","2.25","2.25","2.83M","0.00%"
"06/17/2015","2.25","2.25","2.25","2.25","1.08M","2.27%"
"06/16/2015","2.20","2.20","2.21","2.20","101.25K","0.00%"
"06/15/2015","2.20","2.20","2.20","2.20","239.76K","0.00%"
"06/14/2015","2.20","2.22","2.22","2.20","135.70K","-2.65%"
"06/11/2015","2.26","2.34","2.34","2.34","0.50K","0.00%"
"06/10/2015","2.26","2.20","2.20","2.20","0.05K","0.00%"
"06/08/2015","2.26","2.27","2.27","2.22","1.34M","2.73%"
"06/07/2015","2.20","2.20","2.20","2.20","400.00K","-2.22%"
"06/04/2015","2.25","2.30","2.30","2.20","37.00K","2.27%"
"06/03/2015","2.20","2.38","2.38","2.38","2.50K","0.00%"
"06/02/2015","2.20","2.24","2.24","2.24","4.25K","0.00%"
"06/01/2015","2.20","2.36","2.36","2.36","5.00K","0.00%"
"05/31/2015","2.20","2.23","2.23","2.20","39.16K","-8.33%"
"05/28/2015","2.40","2.31","2.31","2.31","0.23K","0.00%"
"05/27/2015","2.40","2.40","2.40","2.40","40.00K","0.00%"
"05/26/2015","2.40","2.40","2.40","2.40","2.58K","0.00%"
"05/25/2015","2.40","2.40","2.40","2.37","1.53M","0.00%"
"05/24/2015","2.40","2.41","2.41","2.40","72.18K","-0.83%"
"05/21/2015","2.42","2.50","2.50","2.41","41.09K","-2.02%"
"05/20/2015","2.47","2.50","2.58","2.40","506.41K","1.65%"
"05/19/2015","2.43","2.43","2.43","2.43","10.00K","-2.80%"
"05/18/2015","2.50","2.32","2.58","2.32","266.08K","2.88%"
"05/17/2015","2.43","2.31","2.31","2.31","2.50K","0.00%"
"05/14/2015","2.43","2.45","2.45","2.30","38.80K","-1.62%"
"05/13/2015","2.47","2.47","2.50","2.45","46.20K","-4.63%"
"05/12/2015","2.59","2.56","2.60","2.50","251.41K","4.02%"
"05/11/2015","2.49","2.50","2.50","2.40","173.41K","1.22%"
"05/10/2015","2.46","2.46","2.47","2.46","10.00K","-2.38%"
"05/07/2015","2.52","2.59","2.60","2.50","1.36M","-2.70%"
"05/06/2015","2.59","2.59","2.60","2.50","177.50K","3.60%"
"05/05/2015","2.50","2.45","2.60","2.45","1.52M","4.17%"
"05/04/2015","2.40","2.40","2.40","2.40","6.95K","-2.04%"
"05/03/2015","2.45","2.45","2.45","2.45","1.25M","0.41%"
"04/30/2015","2.44","2.40","2.45","2.40","1.71M","5.63%"
"04/29/2015","2.31","2.26","2.40","2.25","58.13K","1.32%"
"04/28/2015","2.28","2.16","2.28","2.14","4.23M","4.11%"
"04/27/2015","2.19","2.20","2.20","2.16","15.01K","-4.78%"
"04/26/2015","2.30","2.30","2.36","2.30","740.05K","-3.77%"
"04/23/2015","2.39","2.39","2.40","2.39","7.50K","7.66%"
"04/22/2015","2.22","2.33","2.40","2.20","310.78K","-1.77%"
"04/20/2015","2.26","2.30","2.30","2.26","39.66K","-3.42%"
"04/19/2015","2.34","2.35","2.40","2.30","329.05K","0.00%"
"04/16/2015","2.34","2.34","2.58","2.34","28.10K","-2.50%"
"04/15/2015","2.40","2.40","2.40","2.40","225.00K","0.00%"
"04/09/2015","2.40","2.40","2.40","2.40","103.90K","0.00%"
"04/08/2015","2.40","2.30","2.40","2.30","60.55K","0.00%"
"04/07/2015","2.40","2.33","2.33","2.33","0.03K","0.00%"
"04/06/2015","2.40","2.40","2.45","2.34","178.74K","0.00%"
"04/05/2015","2.40","2.40","2.50","2.36","102.70K","-7.69%"
"04/02/2015","2.60","2.60","2.60","2.45","1.07M","0.00%"
"04/01/2015","2.60","2.49","2.65","2.49","1.46M","3.59%"
"03/31/2015","2.51","2.53","2.54","2.35","122.53K","6.36%"
"03/30/2015","2.36","2.31","2.37","2.12","140.51K","9.26%"
"03/29/2015","2.16","2.30","2.30","2.05","25.37K","-4.85%"
"03/26/2015","2.27","2.25","2.36","2.25","37.75K","-5.42%"
"03/25/2015","2.40","2.42","2.42","2.30","954.41K","1.27%"
"03/24/2015","2.37","2.40","2.40","2.34","65.76K","-1.25%"
"03/23/2015","2.40","2.34","2.42","2.34","45.00K","0.42%"
"03/22/2015","2.39","2.40","2.40","2.34","73.98K","0.00%"
"03/19/2015","2.39","2.39","2.50","2.35","235.09K","0.00%"
"03/18/2015","2.39","2.40","2.40","2.28","154.50K","-1.65%"
"03/17/2015","2.43","2.59","2.59","2.40","99.40K","-6.54%"
"03/16/2015","2.60","2.60","2.60","2.54","100.44K","0.00%"
"03/15/2015","2.60","2.62","2.62","2.60","19.39K","-0.76%"
"03/12/2015","2.62","2.62","2.66","2.56","45.00K","-0.76%"
"03/11/2015","2.64","2.65","2.65","2.56","143.98K","-0.75%"
"03/10/2015","2.66","2.66","2.66","2.66","28.83K","-2.21%"
"03/09/2015","2.72","2.80","2.80","2.69","44.69K","1.49%"
"03/08/2015","2.68","2.68","2.68","2.68","15.98K","-0.74%"
"03/05/2015","2.70","2.70","2.70","2.64","232.66K","0.00%"
"03/04/2015","2.70","2.70","2.72","2.70","103.43K","0.00%"
"03/03/2015","2.70","2.72","2.72","2.68","242.15K","-2.17%"
"03/02/2015","2.76","2.80","2.80","2.71","682.67K","-0.36%"
"03/01/2015","2.77","2.76","2.78","2.76","15.75K","-1.07%"
"02/26/2015","2.80","2.79","2.80","2.76","1.27M","0.00%"
"02/25/2015","2.80","2.80","2.80","2.76","1.01M","0.00%"
"02/24/2015","2.80","2.80","2.80","2.80","35.87K","0.00%"
"02/23/2015","2.80","2.80","2.81","2.80","262.50K","0.00%"
"02/22/2015","2.80","2.80","2.80","2.77","254.40K","0.00%"
"02/19/2015","2.80","2.80","2.80","2.80","962.60K","0.00%"
"02/18/2015","2.80","2.81","2.81","2.80","311.14K","0.00%"
"02/17/2015","2.80","2.80","2.84","2.80","1.70M","0.72%"
"02/16/2015","2.78","2.79","2.80","2.76","560.17K","-2.11%"
"02/15/2015","2.84","2.84","2.86","2.83","32.60K","1.43%"
"02/12/2015","2.80","2.86","2.86","2.80","5.58M","-2.78%"
"02/11/2015","2.88","2.88","2.90","2.85","1.92M","-0.69%"
"02/10/2015","2.90","2.90","2.90","2.87","54.50K","0.00%"
"02/09/2015","2.90","2.90","2.92","2.86","1.23M","0.00%"
"02/08/2015","2.90","2.90","2.90","2.90","367.50K","-1.69%"
"02/05/2015","2.95","2.90","2.96","2.88","590.55K","0.34%"
"02/04/2015","2.94","2.99","2.99","2.92","761.90K","-1.01%"
"02/03/2015","2.97","2.97","2.98","2.92","993.83K","0.00%"
"02/02/2015","2.97","2.99","2.99","2.97","1.17M","0.00%"
"02/01/2015","2.97","2.97","2.99","2.97","459.34K","-0.34%"
"01/29/2015","2.98","2.94","3.00","2.94","274.40K","-0.67%"
"01/28/2015","3.00","2.98","3.00","2.95","2.34M","1.35%"
"01/27/2015","2.96","2.95","3.00","2.94","1.09M","3.14%"
"01/26/2015","2.87","2.86","2.95","2.84","1.56M","0.35%"
"01/22/2015","2.86","2.90","2.90","2.83","329.00K","-2.39%"
"01/21/2015","2.93","2.91","2.95","2.89","1.09M","-0.68%"
"01/20/2015","2.95","2.83","3.02","2.83","2.11M","4.24%"
"01/19/2015","2.83","2.80","2.87","2.78","376.70K","0.00%"
"01/18/2015","2.83","2.91","2.91","2.80","1.91M","-4.07%"
"01/15/2015","2.95","3.01","3.02","2.86","1.05M","-3.91%"
"01/14/2015","3.07","3.02","3.24","3.01","2.56M","1.32%"
"01/13/2015","3.03","3.01","3.04","3.01","1.41M","-0.33%"
"01/12/2015","3.04","3.03","3.06","3.03","2.77M","0.33%"
"01/11/2015","3.03","3.01","3.06","2.96","3.88M","0.33%"
"01/08/2015","3.02","3.06","3.07","2.98","2.10M","-1.31%"
"01/06/2015","3.06","3.12","3.12","3.00","5.83M","-21.34%"
