"Date","Price","Open","High","Low","Vol.","Change %"
"08/23/2026","26.00","25.46","26.10","25.40","1.46M","2.52%"
"08/20/2026","25.36","25.35","25.42","25.07","623.23K","-0.12%"
"08/19/2026","25.39","26.00","26.00","25.16","1.12M","-1.59%"
"08/18/2026","25.80","25.99","26.00","25.64","983.85K","-0.08%"
"08/17/2026","25.82","26.84","26.84","25.52","2.72M","-2.75%"
"08/16/2026","26.55","26.32","27.34","26.12","2.84M","1.69%"
"08/13/2026","26.11","26.90","26.90","26.01","2.28M","-1.47%"
"08/12/2026","26.50","26.56","27.41","26.44","5.12M","1.49%"
"08/11/2026","26.11","26.44","26.89","25.88","2.79M","-0.57%"
"08/10/2026","26.26","27.00","27.30","26.15","2.04M","-2.01%"
"08/09/2026","26.80","26.15","26.97","26.03","3.85M","3.08%"
"08/06/2026","26.00","26.40","27.00","25.50","5.99M","-1.33%"
"08/05/2026","26.35","24.47","26.44","24.47","16.63M","9.11%"
"08/04/2026","24.15","23.10","24.20","23.07","8.55M","4.64%"
"08/03/2026","23.08","23.10","23.14","22.86","2.15M","0.44%"
"08/02/2026","22.98","22.80","23.00","22.72","1.00M","1.68%"
"07/30/2026","22.60","22.97","22.97","22.55","1.06M","-1.31%"
"07/29/2026","22.90","23.13","23.13","22.81","1.04M","-0.43%"
"07/28/2026","23.00","23.14","23.19","22.95","999.77K","0.00%"
"07/27/2026","23.00","23.08","23.13","22.95","1.06M","0.17%"
"07/26/2026","22.96","23.24","23.24","22.93","1.11M","-0.69%"
"07/22/2026","23.12","23.08","23.23","23.00","2.06M","0.52%"
"07/21/2026","23.00","23.25","23.28","22.92","1.39M","-0.86%"
"07/20/2026","23.20","23.25","23.26","23.12","1.07M","0.17%"
"07/19/2026","23.16","23.30","23.30","23.10","1.30M","-0.60%"
"07/16/2026","23.30","23.06","23.47","22.97","2.57M","1.75%"
"07/15/2026","22.90","22.59","22.94","22.50","919.92K","1.91%"
"07/14/2026","22.47","22.69","22.72","22.42","973.89K","-0.79%"
"07/13/2026","22.65","22.74","22.74","22.60","759.91K","-0.13%"
"07/12/2026","22.68","22.81","22.84","22.67","928.31K","-0.57%"
"07/09/2026","22.81","22.70","22.92","22.68","455.97K","0.48%"
"07/08/2026","22.70","23.08","23.08","22.65","765.20K","-1.73%"
"07/07/2026","23.10","23.03","23.24","22.87","1.19M","0.35%"
"07/06/2026","23.02","22.77","23.09","22.64","1.14M","1.77%"
"07/05/2026","22.62","22.54","22.70","22.35","505.47K","1.25%"
"07/01/2026","22.34","22.51","22.60","22.20","586.09K","-0.27%"
"06/30/2026","22.40","22.29","22.50","22.20","537.22K","1.13%"
"06/29/2026","22.15","22.30","22.35","21.95","670.45K","0.00%"
"06/28/2026","22.15","22.84","22.84","22.07","1.12M","-3.02%"
"06/25/2026","22.84","22.98","23.00","22.61","674.42K","-0.48%"
"06/24/2026","22.95","23.00","23.02","22.73","559.97K","-0.17%"
"06/23/2026","22.99","23.27","23.27","22.82","610.14K","-0.61%"
"06/22/2026","23.13","23.54","23.54","23.02","691.98K","-1.36%"
"06/21/2026","23.45","23.55","23.65","23.20","942.42K","-0.13%"
"06/17/2026","23.48","23.24","23.50","23.04","1.09M","1.29%"
"06/16/2026","23.18","23.07","23.30","23.01","546.57K","0.22%"
"06/15/2026","23.13","23.32","23.45","23.04","629.55K","-0.39%"
"06/14/2026","23.22","23.35","23.51","23.08","969.34K","1.00%"
"06/11/2026","22.99","23.13","23.13","22.65","1.55M","-0.73%"
"06/10/2026","23.16","23.82","23.94","23.14","1.09M","-2.89%"
"06/09/2026","23.85","23.80","23.85","23.65","1.44M","1.06%"
"06/08/2026","23.60","23.69","23.85","23.20","1.56M","-0.84%"
"06/07/2026","23.80","23.34","23.95","23.25","1.66M","1.28%"
"06/04/2026","23.50","23.82","23.84","23.41","945.40K","-1.18%"
"06/03/2026","23.78","24.02","24.18","23.55","2.35M","-0.92%"
"06/02/2026","24.00","23.28","24.30","23.25","6.89M","3.23%"
"06/01/2026","23.25","22.85","23.28","22.84","2.70M","2.60%"
"05/25/2026","22.66","22.29","22.69","22.12","2.33M","1.84%"
"05/24/2026","22.25","21.98","22.35","21.87","1.31M","2.53%"
"05/21/2026","21.70","21.77","22.00","21.65","1.37M","0.37%"
"05/20/2026","21.62","22.17","22.17","21.60","1.79M","-1.95%"
"05/19/2026","22.05","22.25","22.28","22.03","1.06M","-0.14%"
"05/18/2026","22.08","22.17","22.30","21.91","2.68M","-4.62%"
"05/17/2026","23.15","23.37","23.37","23.13","2.20M","-1.07%"
"05/14/2026","23.40","23.49","23.49","23.32","1.15M","-0.13%"
"05/13/2026","23.43","23.61","23.65","23.30","1.99M","-0.55%"
"05/12/2026","23.56","23.75","23.77","23.53","1.22M","-0.38%"
"05/11/2026","23.65","23.90","23.90","23.54","2.06M","-0.38%"
"05/10/2026","23.74","23.50","23.82","23.45","2.19M","1.67%"
"05/06/2026","23.35","23.42","23.49","23.24","1.56M","0.21%"
"05/05/2026","23.30","23.30","23.40","23.12","1.37M","0.09%"
"05/04/2026","23.28","23.14","23.59","23.10","3.52M","0.78%"
"05/03/2026","23.10","23.13","23.15","22.97","1.97M","0.65%"
"04/30/2026","22.95","23.22","23.25","22.92","2.48M","-0.91%"
"04/29/2026","23.16","23.11","23.20","22.93","1.99M","0.70%"
"04/28/2026","23.00","23.00","23.24","22.85","2.88M","0.44%"
"04/27/2026","22.90","23.28","23.28","22.83","2.36M","0.57%"
"04/26/2026","22.77","22.94","23.10","22.75","1.84M","0.09%"
"04/23/2026","22.75","22.83","22.84","22.60","1.67M","0.09%"
"04/22/2026","22.73","22.95","22.95","22.65","1.41M","-0.31%"
"04/21/2026","22.80","22.82","23.00","22.78","899.31K","0.00%"
"04/20/2026","22.80","22.88","22.88","22.72","711.53K","0.09%"
"04/19/2026","22.78","22.98","22.98","22.72","722.38K","-0.09%"
"04/16/2026","22.80","23.00","23.30","22.65","1.93M","-0.57%"
"04/15/2026","22.93","22.97","23.16","22.86","1.25M","0.13%"
"04/14/2026","22.90","22.64","22.93","22.55","798.11K","0.93%"
"04/12/2026","22.69","22.63","22.69","22.69","982.09K","0.00%"
"04/09/2026","22.69","22.69","22.93","22.55","982.09K","0.27%"
"04/08/2026","22.63","22.75","22.85","22.53","865.81K","1.48%"
"04/07/2026","22.30","22.63","22.63","22.02","486.94K","-1.28%"
"04/06/2026","22.59","22.59","22.71","22.50","456.42K","0.85%"
"04/05/2026","22.40","22.48","22.50","22.27","497.32K","1.04%"
"04/02/2026","22.17","22.34","22.34","22.03","321.61K","-0.49%"
"04/01/2026","22.28","22.19","22.53","22.06","949.73K","1.50%"
"03/31/2026","21.95","22.08","22.50","21.70","953.75K","-0.05%"
"03/30/2026","21.96","22.17","22.20","21.88","992.68K","-0.18%"
"03/29/2026","22.00","22.48","22.48","21.92","1.60M","-1.79%"
"03/26/2026","22.40","22.76","22.76","22.27","1.08M","-1.32%"
"03/25/2026","22.70","22.64","22.75","22.57","351.75K","0.58%"
"03/24/2026","22.57","22.94","22.94","22.42","468.84K","0.71%"
"03/18/2026","22.41","22.43","22.54","22.30","862.10K","0.72%"
"03/17/2026","22.25","22.25","22.45","22.15","360.17K","0.68%"
"03/16/2026","22.10","22.60","22.63","22.01","696.86K","-1.78%"
"03/15/2026","22.50","22.89","22.90","22.46","1.73M","-1.66%"
"03/12/2026","22.88","22.97","22.97","22.65","577.22K","0.04%"
"03/11/2026","22.87","23.17","23.17","22.75","756.42K","-0.82%"
"03/10/2026","23.06","23.14","23.30","23.00","695.42K","0.26%"
"03/09/2026","23.00","23.10","23.49","22.95","2.49M","0.00%"
"03/08/2026","23.00","22.49","23.00","22.25","1.25M","3.00%"
"03/05/2026","22.33","22.25","22.64","22.07","968.25K","1.45%"
"03/04/2026","22.01","22.32","22.32","21.80","1.39M","0.50%"
"03/03/2026","21.90","22.02","22.18","21.50","749.59K","-0.45%"
"03/02/2026","22.00","21.97","22.17","21.81","529.04K","0.50%"
"03/01/2026","21.89","21.86","22.13","21.01","1.03M","-3.78%"
"02/26/2026","22.75","22.69","22.87","22.30","666.50K","-0.22%"
"02/25/2026","22.80","22.95","22.95","21.93","1.48M","1.29%"
"02/24/2026","22.51","22.97","22.97","22.51","671.13K","-1.62%"
"02/23/2026","22.88","22.52","22.98","22.40","671.11K","1.69%"
"02/22/2026","22.50","22.99","23.01","22.30","882.65K","-2.09%"
"02/19/2026","22.98","23.86","23.88","22.80","1.58M","-3.04%"
"02/18/2026","23.70","24.04","24.08","23.65","1.63M","-0.84%"
"02/17/2026","23.90","24.20","24.27","23.85","3.38M","-1.04%"
"02/16/2026","24.15","23.79","24.39","23.65","7.67M","2.33%"
"02/15/2026","23.60","23.30","23.79","23.23","1.43M","1.51%"
"02/12/2026","23.25","23.25","23.35","23.13","461.22K","-0.17%"
"02/11/2026","23.29","23.38","23.57","23.15","1.08M","0.22%"
"02/10/2026","23.24","23.53","23.67","23.22","837.47K","-0.77%"
"02/09/2026","23.42","23.48","23.54","23.21","1.58M","0.34%"
"02/08/2026","23.34","23.38","23.65","23.30","2.12M","0.39%"
"02/05/2026","23.25","23.30","23.36","22.86","1.89M","0.65%"
"02/04/2026","23.10","22.52","23.44","22.52","3.20M","3.26%"
"02/03/2026","22.37","22.38","22.55","22.25","678.85K","0.77%"
"02/02/2026","22.20","22.29","22.33","22.15","831.08K","0.14%"
"02/01/2026","22.17","22.18","22.18","21.90","404.90K","0.77%"
"01/28/2026","22.00","22.20","22.29","21.80","730.64K","-0.81%"
"01/27/2026","22.18","22.28","22.40","22.06","808.75K","-0.09%"
"01/26/2026","22.20","22.50","22.50","22.08","733.45K","-0.76%"
"01/25/2026","22.37","22.51","22.80","22.27","1.19M","0.13%"
"01/22/2026","22.34","22.18","22.58","22.05","2.06M","1.36%"
"01/21/2026","22.04","22.39","22.39","22.04","671.66K","-1.39%"
"01/20/2026","22.35","22.29","22.44","21.95","887.22K","1.92%"
"01/19/2026","21.93","21.98","22.15","21.81","548.29K","-0.18%"
"01/18/2026","21.97","22.00","22.35","21.48","802.48K","2.09%"
"01/15/2026","21.52","22.00","22.10","21.46","915.99K","-2.49%"
"01/14/2026","22.07","22.50","22.64","21.70","943.87K","-1.91%"
"01/13/2026","22.50","22.98","22.99","22.50","413.60K","-1.75%"
"01/12/2026","22.90","23.09","23.10","22.82","685.14K","-0.43%"
"01/11/2026","23.00","22.90","23.11","22.75","762.82K","0.13%"
"01/08/2026","22.97","22.86","22.97","22.57","602.75K","1.19%"
"01/06/2026","22.70","22.68","22.79","22.57","725.49K","0.40%"
"01/05/2026","22.61","22.90","22.90","22.44","1.00M","-1.27%"
"01/04/2026","22.90","23.32","23.44","22.75","942.60K","-1.51%"
"12/31/2025","23.25","23.65","23.70","23.25","693.21K","-1.69%"
"12/30/2025","23.65","23.54","23.65","23.22","459.19K","0.98%"
"12/29/2025","23.42","23.75","23.79","23.42","409.86K","-1.18%"
"12/28/2025","23.70","23.43","23.90","23.41","1.95M","1.28%"
"12/25/2025","23.40","23.25","23.40","22.93","807.21K","0.65%"
"12/24/2025","23.25","23.22","23.30","23.00","757.58K","0.65%"
"12/23/2025","23.10","22.60","23.14","22.43","933.63K","2.21%"
"12/22/2025","22.60","22.87","22.92","22.56","944.01K","-0.66%"
"12/21/2025","22.75","22.90","22.99","22.71","322.00K","-0.66%"
"12/18/2025","22.90","23.01","23.08","22.86","303.45K","-0.35%"
"12/17/2025","22.98","23.00","23.10","22.93","339.44K","-1.29%"
"12/16/2025","23.28","22.95","23.28","22.81","1.06M","1.62%"
"12/15/2025","22.91","23.27","23.27","22.91","996.34K","-1.55%"
"12/14/2025","23.27","23.45","23.45","22.90","980.25K","-0.77%"
"12/11/2025","23.45","23.65","23.65","23.00","1.45M","-0.21%"
"12/10/2025","23.50","23.71","23.75","23.28","906.24K","-0.59%"
"12/09/2025","23.64","23.37","23.64","23.16","2.04M","1.46%"
"12/08/2025","23.30","22.80","23.30","22.60","1.77M","2.24%"
"12/07/2025","22.79","22.97","22.98","22.28","1.45M","-0.13%"
"12/04/2025","22.82","23.31","23.39","22.82","1.63M","-2.06%"
"12/03/2025","23.30","23.00","23.30","22.81","1.06M","1.66%"
"12/02/2025","22.92","23.00","23.05","22.75","981.65K","0.57%"
"12/01/2025","22.79","22.79","23.11","22.60","1.49M","0.00%"
"11/30/2025","22.79","22.20","22.79","22.06","1.61M","3.59%"
"11/27/2025","22.00","22.03","22.17","21.91","475.45K","-0.14%"
"11/26/2025","22.03","22.23","22.30","22.01","349.86K","-0.23%"
"11/25/2025","22.08","22.35","22.49","22.05","693.59K","-1.16%"
"11/24/2025","22.34","22.40","22.46","22.22","1.20M","0.18%"
"11/23/2025","22.30","22.81","22.88","22.30","3.36M","-2.19%"
"11/20/2025","22.80","23.29","23.34","22.72","1.36M","-1.47%"
"11/19/2025","23.14","23.69","23.69","23.01","2.17M","-1.95%"
"11/18/2025","23.60","23.74","24.00","23.16","1.76M","-0.55%"
"11/17/2025","23.73","23.70","23.94","23.35","1.97M","0.17%"
"11/16/2025","23.69","24.32","24.40","23.69","1.97M","-2.35%"
"11/13/2025","24.26","24.60","24.74","24.20","1.73M","-1.10%"
"11/12/2025","24.53","24.74","24.90","24.46","1.41M","-0.85%"
"11/11/2025","24.74","25.01","25.11","24.66","2.14M","-0.72%"
"11/10/2025","24.92","24.54","24.95","24.40","3.78M","1.71%"
"11/09/2025","24.50","24.31","24.54","24.10","2.19M","1.03%"
"11/06/2025","24.25","24.15","24.30","23.82","1.76M","0.54%"
"11/05/2025","24.12","24.33","24.75","23.95","4.60M","-0.33%"
"11/04/2025","24.20","23.69","24.35","23.69","3.08M","2.46%"
"11/03/2025","23.62","23.58","23.90","23.32","1.05M","0.72%"
"11/02/2025","23.45","23.97","23.97","23.30","1.04M","-1.88%"
"10/30/2025","23.90","24.00","24.17","23.80","1.78M","-0.42%"
"10/29/2025","24.00","23.50","24.28","23.41","2.35M","1.48%"
"10/28/2025","23.65","23.96","24.10","23.54","1.19M","-1.29%"
"10/27/2025","23.96","24.10","24.27","23.88","1.78M","-0.29%"
"10/26/2025","24.03","23.94","24.50","23.90","2.55M","0.92%"
"10/23/2025","23.81","24.00","24.22","23.81","1.71M","-0.79%"
"10/22/2025","24.00","23.20","24.05","23.19","3.75M","3.49%"
"10/21/2025","23.19","23.30","23.45","23.15","489.38K","-0.47%"
"10/20/2025","23.30","23.45","23.54","23.30","991.98K","-0.64%"
"10/19/2025","23.45","23.60","23.71","23.40","1.81M","-0.34%"
"10/16/2025","23.53","23.80","23.99","23.50","2.84M","-0.42%"
"10/15/2025","23.63","23.17","23.70","23.10","2.25M","1.99%"
"10/14/2025","23.17","22.99","23.47","22.92","2.50M","1.22%"
"10/13/2025","22.89","22.14","23.13","22.04","3.23M","3.95%"
"10/12/2025","22.02","22.29","22.29","21.93","718.25K","-1.48%"
"10/08/2025","22.35","22.40","22.60","22.30","1.44M","0.22%"
"10/07/2025","22.30","22.00","22.35","21.90","1.03M","1.73%"
"10/06/2025","21.92","22.00","22.09","21.76","523.52K","-0.09%"
"10/05/2025","21.94","21.70","22.11","21.55","850.88K","1.67%"
"10/02/2025","21.58","21.82","21.99","21.51","1.08M","-1.24%"
"10/01/2025","21.85","22.19","22.40","21.81","1.50M","-0.91%"
"09/30/2025","22.05","21.60","22.20","21.50","1.70M","2.56%"
"09/29/2025","21.50","21.40","21.50","21.09","1.19M","0.89%"
"09/28/2025","21.31","21.45","21.55","21.30","305.76K","-0.09%"
"09/25/2025","21.33","21.43","21.55","21.30","400.94K","-0.33%"
"09/24/2025","21.40","21.10","21.40","21.01","582.75K","1.66%"
"09/23/2025","21.05","21.45","21.45","21.02","266.04K","-1.27%"
"09/22/2025","21.32","21.20","21.44","20.98","262.48K","1.04%"
"09/21/2025","21.10","21.19","21.25","20.80","569.92K","0.24%"
"09/18/2025","21.05","21.19","21.25","20.90","865.21K","0.00%"
"09/17/2025","21.05","21.08","21.27","21.03","207.45K","-0.09%"
"09/16/2025","21.07","21.35","21.57","21.05","460.88K","-1.13%"
"09/15/2025","21.31","21.69","21.80","20.82","807.63K","-1.34%"
"09/14/2025","21.60","21.81","21.86","21.55","212.40K","-0.60%"
"09/11/2025","21.73","21.60","21.76","21.50","453.30K","1.07%"
"09/10/2025","21.50","21.71","21.78","21.48","452.83K","-0.97%"
"09/09/2025","21.71","21.94","21.97","21.70","234.38K","-0.41%"
"09/08/2025","21.80","21.78","21.97","21.77","389.88K","0.14%"
"09/07/2025","21.77","22.19","22.38","21.77","1.24M","-1.76%"
"09/03/2025","22.16","22.28","22.34","21.92","460.22K","-0.36%"
"09/02/2025","22.24","22.31","22.39","22.22","415.65K","-0.22%"
"09/01/2025","22.29","22.33","22.43","22.10","488.66K","0.09%"
"08/31/2025","22.27","22.75","23.00","22.25","910.42K","-1.89%"
"08/28/2025","22.70","22.60","22.86","22.55","536.16K","0.44%"
"08/27/2025","22.60","22.74","22.87","22.47","534.94K","-0.62%"
"08/26/2025","22.74","23.01","23.10","22.71","350.34K","-1.13%"
"08/25/2025","23.00","23.18","23.20","22.91","365.33K","-0.43%"
"08/24/2025","23.10","23.00","23.15","22.75","622.31K","0.65%"
"08/21/2025","22.95","23.12","23.12","22.75","524.52K","-0.65%"
"08/20/2025","23.10","23.15","23.44","23.04","1.38M","0.00%"
"08/19/2025","23.10","22.69","23.17","22.60","1.70M","1.76%"
"08/18/2025","22.70","22.70","22.82","22.60","477.78K","0.00%"
"08/17/2025","22.70","22.65","22.74","22.49","489.84K","0.22%"
"08/14/2025","22.65","22.89","23.13","22.50","667.76K","-0.35%"
"08/13/2025","22.73","22.67","23.06","22.55","1.78M","0.58%"
"08/12/2025","22.60","22.80","22.84","22.53","334.37K","-0.66%"
"08/11/2025","22.75","23.09","23.19","22.70","1.12M","-0.61%"
"08/10/2025","22.89","22.59","22.90","22.46","1.45M","1.73%"
"08/07/2025","22.50","22.43","22.60","22.37","656.63K","0.49%"
"08/06/2025","22.39","22.60","22.65","22.32","1.01M","-0.67%"
"08/05/2025","22.54","22.48","22.78","22.33","883.26K","0.71%"
"08/04/2025","22.38","22.30","22.54","22.29","1.29M","0.54%"
"08/03/2025","22.26","22.50","22.50","22.21","532.25K","-0.85%"
"07/31/2025","22.45","22.50","22.60","22.01","981.02K","0.54%"
"07/30/2025","22.33","22.63","22.81","22.32","797.99K","-0.71%"
"07/29/2025","22.49","22.88","22.88","22.30","644.86K","-0.93%"
"07/28/2025","22.70","23.30","23.30","22.70","1.17M","-2.28%"
"07/27/2025","23.23","23.33","23.37","23.11","642.50K","-0.09%"
"07/23/2025","23.25","23.25","23.32","23.04","576.21K","0.74%"
"07/22/2025","23.08","23.45","23.45","23.06","528.06K","-0.86%"
"07/21/2025","23.28","23.75","23.76","23.22","938.42K","-1.15%"
"07/20/2025","23.55","23.98","23.98","23.30","943.90K","1.51%"
"07/17/2025","23.20","23.57","23.57","23.20","811.45K","-0.43%"
"07/16/2025","23.30","23.73","23.75","23.25","999.84K","-1.31%"
"07/15/2025","23.61","23.97","23.97","23.61","1.15M","-0.80%"
"07/14/2025","23.80","23.72","24.30","23.68","5.15M","1.23%"
"07/13/2025","23.51","23.25","23.70","23.04","1.98M","1.73%"
"07/10/2025","23.11","23.18","23.23","22.94","882.87K","0.48%"
"07/09/2025","23.00","22.98","23.35","22.88","796.58K","-0.56%"
"07/07/2025","23.13","23.57","23.65","23.02","978.40K","-1.57%"
"07/06/2025","23.50","23.90","23.90","23.49","1.02M","-0.63%"
"07/02/2025","23.65","23.70","23.70","23.17","1.47M","0.25%"
"07/01/2025","23.59","23.90","24.05","23.45","1.13M","-1.34%"
"06/30/2025","23.91","24.08","24.36","23.85","1.67M","-0.54%"
"06/29/2025","24.04","24.20","24.35","24.04","1.41M","-0.87%"
"06/25/2025","24.25","23.69","24.25","23.37","2.56M","2.36%"
"06/24/2025","23.69","22.81","23.78","22.80","3.60M","3.00%"
"06/23/2025","23.00","22.00","23.00","21.70","2.10M","3.60%"
"06/22/2025","22.20","20.94","22.20","20.30","808.75K","5.71%"
"06/19/2025","21.00","21.85","21.90","21.00","592.82K","-4.55%"
"06/18/2025","22.00","21.15","22.00","19.66","1.62M","3.97%"
"06/17/2025","21.16","21.40","21.47","20.86","908.82K","-0.75%"
"06/16/2025","21.32","21.51","21.94","21.00","781.71K","-0.42%"
"06/15/2025","21.41","21.90","21.90","20.30","1.24M","-5.27%"
"06/12/2025","22.60","23.00","23.00","22.37","1.51M","-2.63%"
"06/11/2025","23.21","23.20","23.49","22.90","2.54M","0.48%"
"06/10/2025","23.10","22.51","23.21","22.49","2.75M","3.26%"
"06/04/2025","22.37","22.31","22.54","22.26","727.70K","0.72%"
"06/03/2025","22.21","22.09","22.22","21.94","569.11K","1.05%"
"06/02/2025","21.98","22.20","22.24","21.91","640.38K","-0.63%"
"06/01/2025","22.12","22.17","22.20","21.80","805.68K","0.50%"
"05/29/2025","22.01","22.20","22.45","22.00","645.90K","-0.86%"
"05/28/2025","22.20","22.54","22.65","22.20","952.67K","-1.33%"
"05/27/2025","22.50","22.27","22.50","22.03","963.88K","1.03%"
"05/26/2025","22.27","22.32","22.33","22.00","1.05M","0.45%"
"05/25/2025","22.17","21.50","22.17","21.44","1.48M","3.40%"
"05/22/2025","21.44","21.50","21.50","21.16","533.28K","0.42%"
"05/21/2025","21.35","21.59","21.64","21.32","574.53K","-0.97%"
"05/20/2025","21.56","21.70","21.74","21.28","1.30M","-0.55%"
"05/19/2025","21.68","21.88","21.95","21.65","433.43K","-0.87%"
"05/18/2025","21.87","22.00","22.11","21.86","321.94K","-0.59%"
"05/15/2025","22.00","22.20","22.21","21.87","627.83K","-0.45%"
"05/14/2025","22.10","22.20","22.30","21.93","492.19K","-0.32%"
"05/13/2025","22.17","22.25","22.38","22.16","293.26K","-0.09%"
"05/12/2025","22.19","22.39","22.39","22.18","245.41K","-0.09%"
"05/11/2025","22.21","22.56","22.60","22.19","324.44K","-0.72%"
"05/08/2025","22.37","22.50","22.79","22.34","868.02K","-0.75%"
"05/07/2025","22.54","22.90","22.92","22.50","930.54K","-1.70%"
"05/06/2025","22.93","23.05","23.10","22.85","606.62K","-0.35%"
"05/05/2025","23.01","22.30","23.06","22.30","4.06M","3.46%"
"05/04/2025","22.24","21.87","22.30","21.85","1.19M","1.78%"
"04/30/2025","21.85","21.98","22.07","21.80","1.64M","-0.41%"
"04/29/2025","21.94","22.22","22.22","21.90","1.49M","-1.08%"
"04/28/2025","22.18","22.30","22.30","22.02","1.88M","-4.48%"
"04/27/2025","23.22","23.49","23.50","23.08","2.35M","-1.07%"
"04/23/2025","23.47","23.19","23.50","23.11","3.29M","2.04%"
"04/22/2025","23.00","23.01","23.25","22.93","1.15M","0.13%"
"04/17/2025","22.97","23.07","23.30","22.95","594.42K","-0.56%"
"04/16/2025","23.10","23.50","23.50","23.06","1.19M","-1.32%"
"04/15/2025","23.41","23.75","23.88","23.32","1.33M","-1.31%"
"04/14/2025","23.72","23.40","23.76","23.31","1.72M","1.93%"
"04/13/2025","23.27","22.80","23.30","22.80","1.32M","2.42%"
"04/10/2025","22.72","22.90","22.94","22.52","1.14M","3.13%"
"04/09/2025","22.03","22.90","22.90","22.03","1.04M","-3.59%"
"04/08/2025","22.85","22.04","22.94","22.00","2.38M","4.82%"
"04/07/2025","21.80","21.97","21.97","21.37","1.95M","-0.91%"
"04/06/2025","22.00","22.57","22.67","20.80","2.62M","-4.80%"
"04/03/2025","23.11","23.03","23.18","22.90","710.69K","-0.82%"
"03/27/2025","23.30","23.23","23.30","22.89","1.83M","0.43%"
"03/26/2025","23.20","23.05","23.20","22.95","1.12M","1.09%"
"03/25/2025","22.95","22.82","23.43","22.73","2.89M","1.10%"
"03/24/2025","22.70","22.98","23.07","22.63","2.12M","-0.74%"
"03/23/2025","22.87","23.21","23.41","22.82","1.98M","-1.25%"
"03/20/2025","23.16","23.30","23.65","23.05","2.84M","0.48%"
"03/19/2025","23.05","23.78","23.93","23.05","2.18M","-2.95%"
"03/18/2025","23.75","23.90","24.00","23.63","1.91M","-0.34%"
"03/17/2025","23.83","24.35","24.44","23.83","2.03M","-2.14%"
"03/16/2025","24.35","24.39","24.50","24.27","1.02M","0.50%"
"03/13/2025","24.23","24.33","24.47","24.20","1.26M","-0.16%"
"03/12/2025","24.27","24.38","24.45","24.14","1.40M","0.00%"
"03/11/2025","24.27","24.27","24.39","24.05","782.29K","-0.53%"
"03/10/2025","24.40","24.60","24.69","24.27","779.25K","-0.41%"
"03/09/2025","24.50","24.62","24.85","24.46","1.15M","-0.24%"
"03/06/2025","24.56","24.40","24.74","24.39","5.64M","0.82%"
"03/05/2025","24.36","24.24","24.50","24.19","6.62M","0.66%"
"03/04/2025","24.20","24.20","24.45","24.09","5.43M","0.37%"
"03/03/2025","24.11","24.15","24.42","24.01","1.21M","0.00%"
"03/02/2025","24.11","24.50","24.76","23.98","3.89M","-1.43%"
"02/27/2025","24.46","24.50","25.00","24.04","3.86M","-0.61%"
"02/26/2025","24.61","24.66","25.00","24.55","1.56M","-0.04%"
"02/25/2025","24.62","24.60","24.94","24.45","2.58M","0.41%"
"02/24/2025","24.52","24.95","25.13","24.44","2.68M","-1.41%"
"02/23/2025","24.87","25.32","25.48","24.81","2.77M","-1.23%"
"02/20/2025","25.18","24.96","25.33","24.81","3.95M","1.70%"
"02/19/2025","24.76","24.52","25.19","24.44","3.31M","1.19%"
"02/18/2025","24.47","24.75","24.92","24.44","780.69K","-1.01%"
"02/17/2025","24.72","24.93","25.10","24.69","899.17K","0.49%"
"02/16/2025","24.60","24.03","24.66","24.01","1.34M","2.76%"
"02/13/2025","23.94","24.30","24.50","23.86","1.14M","-1.24%"
"02/12/2025","24.24","24.50","24.53","23.50","979.75K","-1.18%"
"02/11/2025","24.53","25.07","25.37","24.53","860.19K","-2.11%"
"02/10/2025","25.06","25.39","25.62","25.01","532.64K","-1.18%"
"02/09/2025","25.36","25.32","25.72","25.11","680.84K","0.28%"
"02/06/2025","25.29","25.40","25.50","25.21","578.93K","0.16%"
"02/05/2025","25.25","25.40","25.61","25.20","1.28M","-0.59%"
"02/04/2025","25.40","25.07","25.77","25.00","2.47M","1.60%"
"02/03/2025","25.00","25.15","25.30","24.70","1.64M","-0.40%"
"02/02/2025","25.10","25.20","25.55","25.00","1.60M","-0.55%"
"01/30/2025","25.24","26.10","26.40","25.00","3.89M","-3.00%"
"01/29/2025","26.02","26.10","26.90","25.91","3.17M","0.46%"
"01/28/2025","25.90","25.90","26.37","25.72","1.96M","0.23%"
"01/27/2025","25.84","26.42","27.27","25.77","3.07M","-2.20%"
"01/26/2025","26.42","26.53","26.99","26.41","2.02M","0.04%"
"01/23/2025","26.41","27.30","27.38","26.30","2.91M","-3.15%"
"01/22/2025","27.27","26.42","27.50","25.92","7.58M","3.30%"
"01/21/2025","26.40","24.33","26.94","24.30","15.39M","8.51%"
"01/20/2025","24.33","24.50","24.76","24.20","2.37M","-0.94%"
"01/19/2025","24.56","24.90","24.90","24.35","1.32M","-0.57%"
"01/16/2025","24.70","24.81","25.00","24.00","2.31M","0.86%"
"01/15/2025","24.49","23.60","24.50","23.45","3.21M","5.11%"
"01/14/2025","23.30","23.33","23.59","22.70","1.68M","0.00%"
"01/13/2025","23.30","24.46","24.67","23.11","2.34M","-3.92%"
"01/12/2025","24.25","24.49","24.50","23.75","1.64M","-1.78%"
"01/09/2025","24.69","25.05","25.46","24.59","1.47M","-2.22%"
"01/08/2025","25.25","25.75","25.77","24.99","870.43K","-1.94%"
"01/06/2025","25.75","26.37","26.37","25.56","694.06K","-2.35%"
"01/05/2025","26.37","25.87","26.38","25.71","880.32K","2.05%"
"01/02/2025","25.84","25.24","26.08","25.05","854.95K","3.36%"
"12/31/2024","25.00","24.08","25.07","24.04","1.27M","4.04%"
"12/30/2024","24.03","25.25","25.25","23.65","1.15M","-4.11%"
"12/29/2024","25.06","25.50","25.64","25.05","653.53K","-1.61%"
"12/26/2024","25.47","25.51","25.69","25.41","499.33K","0.08%"
"12/25/2024","25.45","25.97","25.97","25.45","595.99K","-1.36%"
"12/24/2024","25.80","25.70","25.88","25.05","1.19M","0.78%"
"12/23/2024","25.60","26.32","26.48","25.46","1.04M","-2.29%"
"12/22/2024","26.20","26.70","26.95","26.05","1.17M","-1.13%"
"12/19/2024","26.50","26.70","26.89","26.36","1.52M","-1.08%"
"12/18/2024","26.79","26.60","27.50","26.42","7.02M","1.17%"
"12/17/2024","26.48","25.50","26.48","25.40","2.89M","4.01%"
"12/16/2024","25.46","26.00","26.00","25.44","800.48K","-1.55%"
"12/15/2024","25.86","26.04","26.25","25.80","489.15K","-0.54%"
"12/12/2024","26.00","26.32","26.45","26.00","1.00M","-1.10%"
"12/11/2024","26.29","25.70","26.40","25.60","1.07M","2.10%"
"12/10/2024","25.75","26.20","26.36","25.67","1.20M","-1.64%"
"12/09/2024","26.18","26.40","26.55","26.10","1.47M","-0.83%"
"12/08/2024","26.40","26.63","26.80","26.35","1.78M","-0.38%"
"12/05/2024","26.50","26.43","26.67","26.43","2.62M","0.38%"
"12/04/2024","26.40","25.50","26.44","25.40","4.24M","3.81%"
"12/03/2024","25.43","25.67","25.90","25.36","2.04M","-0.70%"
"12/02/2024","25.61","26.20","26.26","25.50","2.30M","-1.88%"
"12/01/2024","26.10","26.45","26.55","25.92","1.13M","-0.46%"
"11/28/2024","26.22","26.32","26.85","26.13","2.41M","0.27%"
"11/27/2024","26.15","25.51","26.25","25.42","3.39M","2.95%"
"11/26/2024","25.40","25.87","26.07","25.30","1.27M","-1.55%"
"11/25/2024","25.80","26.20","26.30","25.63","1.72M","-1.45%"
"11/24/2024","26.18","26.61","26.79","26.17","705.00K","-1.28%"
"11/21/2024","26.52","26.31","27.00","26.31","3.12M","1.11%"
"11/20/2024","26.23","26.40","26.65","26.23","1.07M","-0.46%"
"11/19/2024","26.35","26.65","26.80","26.31","1.25M","-0.57%"
"11/18/2024","26.50","27.55","27.55","26.50","4.04M","-3.64%"
"11/17/2024","27.50","27.89","27.89","27.37","1.79M","-1.19%"
"11/14/2024","27.83","28.00","28.18","27.71","870.29K","-0.14%"
"11/13/2024","27.87","28.61","28.70","27.87","1.76M","-2.55%"
"11/12/2024","28.60","29.20","29.26","28.42","2.43M","-1.68%"
"11/11/2024","29.09","29.47","29.57","28.75","1.24M","-0.38%"
"11/10/2024","29.20","29.30","29.69","29.06","1.12M","0.00%"
"11/07/2024","29.20","30.10","30.30","28.91","2.45M","-2.31%"
"11/06/2024","29.89","28.79","29.94","28.79","2.30M","3.97%"
"11/05/2024","28.75","29.49","29.53","28.66","1.24M","-1.94%"
"11/04/2024","29.32","29.49","29.78","29.05","1.86M","0.07%"
"11/03/2024","29.30","29.88","29.96","29.30","943.12K","-0.34%"
"10/31/2024","29.40","29.55","29.81","29.06","1.23M","-0.37%"
"10/30/2024","29.51","29.71","30.08","29.50","1.19M","-0.64%"
"10/29/2024","29.70","30.83","30.93","29.61","3.17M","-2.78%"
"10/28/2024","30.55","30.88","31.25","30.28","9.18M","0.99%"
"10/27/2024","30.25","30.00","30.87","29.50","4.17M","1.68%"
"10/24/2024","29.75","30.75","31.25","29.60","3.96M","-3.28%"
"10/23/2024","30.76","32.10","32.89","29.80","9.62M","-4.59%"
"10/22/2024","32.24","33.90","34.50","31.71","3.78M","-7.22%"
"10/21/2024","34.75","29.27","35.12","28.52","6.55M","18.72%"
"10/20/2024","29.27","28.00","30.24","27.52","5.07M","4.54%"
"10/17/2024","28.00","27.35","28.28","26.16","2.15M","2.19%"
"10/16/2024","27.40","24.99","27.94","24.99","6.76M","11.07%"
"10/15/2024","24.67","25.16","25.44","24.60","1.39M","-1.52%"
"10/14/2024","25.05","24.20","25.15","23.71","1.23M","3.77%"
"10/13/2024","24.14","24.16","24.70","24.00","1.29M","1.39%"
"10/10/2024","23.81","22.80","25.56","22.80","2.62M","4.89%"
"10/09/2024","22.70","22.89","23.15","22.67","495.75K","-0.83%"
"10/08/2024","22.89","23.50","23.50","22.61","585.07K","-1.84%"
"10/07/2024","23.32","23.32","23.76","23.06","641.29K","0.09%"
"10/03/2024","23.30","23.30","23.39","23.09","227.76K","0.95%"
"10/02/2024","23.08","24.00","24.10","22.90","1.70M","-3.67%"
"10/01/2024","23.96","24.29","24.29","23.91","328.87K","-0.17%"
"09/30/2024","24.00","24.30","24.50","23.96","526.02K","-0.83%"
"09/29/2024","24.20","24.45","24.45","24.12","238.80K","0.00%"
"09/26/2024","24.20","24.58","24.90","24.14","2.20M","-1.39%"
"09/25/2024","24.54","24.50","25.20","24.50","358.77K","0.33%"
"09/24/2024","24.46","24.96","24.96","24.44","300.84K","-0.85%"
"09/23/2024","24.67","25.00","25.20","24.62","272.57K","-0.88%"
"09/22/2024","24.89","25.25","25.78","24.86","347.54K","-1.62%"
"09/19/2024","25.30","25.26","25.60","25.13","128.08K","0.40%"
"09/18/2024","25.20","24.99","25.23","24.36","370.45K","1.20%"
"09/17/2024","24.90","25.60","26.00","24.90","299.42K","-2.73%"
"09/16/2024","25.60","25.50","26.07","25.05","384.38K","0.39%"
"09/12/2024","25.50","25.34","26.30","25.25","3.17M","0.99%"
"09/11/2024","25.25","24.39","25.25","23.90","1.58M","3.91%"
"09/10/2024","24.30","23.97","25.11","23.62","1.78M","1.76%"
"09/09/2024","23.88","23.39","23.97","23.30","247.50K","2.23%"
"09/08/2024","23.36","23.81","24.00","23.30","295.74K","-1.93%"
"09/05/2024","23.82","24.15","24.25","23.80","515.42K","-0.75%"
"09/04/2024","24.00","23.75","24.16","23.63","426.49K","0.88%"
"09/03/2024","23.79","23.85","24.00","23.73","254.83K","0.25%"
"09/02/2024","23.73","24.00","24.20","23.70","219.10K","-0.34%"
"09/01/2024","23.81","23.78","24.10","23.50","345.59K","0.13%"
"08/29/2024","23.78","23.93","24.30","23.75","370.62K","-0.59%"
"08/28/2024","23.92","23.75","24.40","23.62","332.68K","0.89%"
"08/27/2024","23.71","23.74","23.80","23.20","92.03K","0.21%"
"08/26/2024","23.66","23.85","24.00","23.12","404.92K","-0.67%"
"08/25/2024","23.82","23.96","24.18","23.70","199.55K","-0.54%"
"08/22/2024","23.95","25.00","25.00","23.33","1.70M","-4.20%"
"08/21/2024","25.00","25.20","25.40","24.92","412.58K","-0.56%"
"08/20/2024","25.14","24.10","25.25","24.10","899.07K","4.53%"
"08/19/2024","24.05","24.59","24.90","23.76","386.75K","-1.56%"
"08/18/2024","24.43","25.02","25.20","24.27","307.95K","-2.24%"
"08/15/2024","24.99","24.45","25.00","24.40","782.53K","3.39%"
"08/14/2024","24.17","23.23","24.50","23.23","849.60K","3.91%"
"08/13/2024","23.26","23.42","23.68","23.02","134.89K","-0.68%"
"08/12/2024","23.42","23.60","23.96","23.15","317.47K","-0.51%"
"08/11/2024","23.54","23.30","23.90","23.03","185.50K","1.33%"
"08/08/2024","23.23","23.50","23.63","23.01","148.77K","-1.15%"
"08/07/2024","23.50","23.89","23.99","23.22","232.31K","-0.80%"
"08/06/2024","23.69","22.90","23.97","22.85","456.31K","2.96%"
"08/05/2024","23.01","22.50","23.40","20.15","1.18M","1.32%"
"08/04/2024","22.71","24.00","24.10","22.21","934.22K","-6.20%"
"08/01/2024","24.21","24.56","24.90","24.20","283.31K","-1.26%"
"07/31/2024","24.52","24.00","24.96","23.60","520.27K","2.17%"
"07/30/2024","24.00","23.80","24.35","23.75","121.21K","1.69%"
"07/29/2024","23.60","24.00","24.30","23.60","295.53K","-1.21%"
"07/28/2024","23.89","24.40","24.40","23.70","231.02K","-2.53%"
"07/24/2024","24.51","25.21","25.43","24.45","476.72K","-2.00%"
"07/23/2024","25.01","24.26","25.05","22.56","1.48M","3.05%"
"07/22/2024","24.27","24.00","24.40","23.97","544.50K","1.29%"
"07/21/2024","23.96","23.80","24.30","23.80","967.95K","1.96%"
"07/18/2024","23.50","23.16","23.60","23.05","893.57K","2.00%"
"07/17/2024","23.04","23.10","23.31","23.00","323.30K","0.04%"
"07/16/2024","23.03","22.92","23.08","22.80","243.26K","0.26%"
"07/15/2024","22.97","23.00","23.20","22.86","86.78K","0.22%"
"07/14/2024","22.92","23.22","23.23","22.88","104.79K","-1.29%"
"07/10/2024","23.22","22.91","23.50","22.91","343.77K","2.38%"
"07/09/2024","22.68","22.85","23.25","22.66","175.79K","-0.74%"
"07/08/2024","22.85","23.75","24.20","22.85","409.67K","-3.75%"
"07/07/2024","23.74","23.57","23.88","23.11","112.73K","0.94%"
"07/04/2024","23.52","23.95","24.30","23.50","489.18K","-1.84%"
"07/03/2024","23.96","23.65","24.30","23.30","592.23K","1.53%"
"07/02/2024","23.60","23.40","23.77","23.30","532.22K","0.85%"
"07/01/2024","23.40","23.47","23.79","23.00","166.67K","-0.17%"
"06/27/2024","23.44","24.01","24.14","23.21","384.48K","-2.33%"
"06/26/2024","24.00","23.50","24.70","23.50","1.26M","1.44%"
"06/25/2024","23.66","23.06","24.14","22.65","980.77K","2.78%"
"06/24/2024","23.02","23.45","23.98","23.00","912.69K","-2.04%"
"06/23/2024","23.50","22.24","24.20","22.24","1.26M","5.95%"
"06/13/2024","22.18","21.55","22.33","21.55","1.25M","3.07%"
"06/12/2024","21.52","21.00","21.75","20.79","1.12M","2.48%"
"06/11/2024","21.00","20.62","21.09","20.50","345.09K","2.24%"
"06/10/2024","20.54","19.80","20.70","19.10","321.13K","3.48%"
"06/09/2024","19.85","20.60","20.60","19.71","562.89K","-3.27%"
"06/06/2024","20.52","21.06","21.07","20.50","391.25K","-2.61%"
"06/05/2024","21.07","21.60","21.60","20.50","895.91K","-2.45%"
"06/04/2024","21.60","21.02","21.75","20.92","1.34M","2.86%"
"06/03/2024","21.00","20.00","21.33","20.00","3.16M","5.00%"
"06/02/2024","20.00","19.70","20.08","19.30","1.16M","1.78%"
"05/30/2024","19.65","19.75","19.91","19.60","188.65K","-0.61%"
"05/29/2024","19.77","19.87","20.04","19.70","750.83K","-0.50%"
"05/28/2024","19.87","19.73","20.00","19.60","401.86K","-1.14%"
"05/27/2024","20.10","19.80","20.50","19.60","1.76M","1.57%"
"05/26/2024","19.79","19.68","19.93","19.67","634.95K","0.61%"
"05/23/2024","19.67","19.91","20.15","19.54","429.64K","-1.21%"
"05/22/2024","19.91","19.82","20.00","19.62","610.44K","0.91%"
"05/21/2024","19.73","19.71","20.18","19.71","1.58M","-0.35%"
"05/20/2024","19.80","20.01","20.40","19.66","1.19M","-0.50%"
"05/19/2024","19.90","19.29","20.50","19.29","2.08M","4.19%"
"05/16/2024","19.10","19.14","19.30","18.81","299.04K","1.49%"
"05/15/2024","18.82","18.71","19.20","18.52","497.75K","0.59%"
"05/14/2024","18.71","18.70","19.00","18.30","526.20K","0.05%"
"05/13/2024","18.70","19.21","19.34","17.60","711.39K","-2.76%"
"05/12/2024","19.23","19.40","19.70","19.19","878.21K","-0.62%"
"05/09/2024","19.35","19.00","19.35","18.90","358.22K","1.63%"
"05/08/2024","19.04","19.30","19.44","18.80","735.58K","-0.16%"
"05/07/2024","19.07","18.28","19.65","17.81","3.82M","4.32%"
"05/02/2024","18.28","17.70","18.34","17.28","738.19K","3.10%"
"05/01/2024","17.73","17.49","17.97","16.62","524.01K","1.37%"
"04/30/2024","17.49","18.30","18.59","16.81","2.12M","-4.11%"
"04/29/2024","18.24","17.80","18.37","17.60","993.22K","2.47%"
"04/28/2024","17.80","19.01","19.01","17.79","1.67M","-11.00%"
"04/24/2024","20.00","21.00","21.20","19.04","4.09M","-4.76%"
"04/23/2024","21.00","20.90","21.96","20.11","2.83M","0.48%"
"04/22/2024","20.90","20.70","21.45","20.58","750.81K","0.97%"
"04/21/2024","20.70","20.27","21.14","20.46","1.79M","2.12%"
"04/18/2024","20.27","22.08","22.30","19.85","4.24M","-8.20%"
"04/17/2024","22.08","21.89","22.60","21.80","2.58M","0.87%"
"04/16/2024","21.89","20.87","22.50","20.94","5.50M","4.89%"
"04/15/2024","20.87","19.80","20.90","19.88","2.28M","5.40%"
"04/08/2024","19.80","19.01","19.94","18.99","800.23K","4.16%"
"04/07/2024","19.01","19.00","19.40","19.00","1.33M","0.05%"
"04/04/2024","19.00","18.75","19.19","18.74","946.76K","1.33%"
"04/03/2024","18.75","18.99","19.09","18.32","423.74K","-1.26%"
"04/02/2024","18.99","18.50","19.50","18.72","1.07M","2.65%"
"04/01/2024","18.50","18.00","18.76","18.21","758.07K","2.78%"
"03/31/2024","18.00","19.03","19.19","17.83","638.53K","-5.41%"
"03/28/2024","19.03","19.35","19.49","18.80","578.32K","-1.65%"
"03/27/2024","19.35","20.15","20.29","19.22","664.00K","-3.97%"
"03/26/2024","20.15","20.54","20.93","20.01","1.05M","-1.90%"
"03/25/2024","20.54","19.60","20.79","19.50","2.11M","4.80%"
"03/24/2024","19.60","19.06","19.89","19.06","853.43K","2.83%"
"03/21/2024","19.06","18.80","19.24","18.41","911.88K","1.38%"
"03/20/2024","18.80","18.40","19.50","18.54","1.13M","2.17%"
"03/19/2024","18.40","18.35","18.58","17.70","732.45K","0.27%"
"03/18/2024","18.35","19.25","19.70","18.06","2.24M","-4.68%"
"03/17/2024","19.25","18.51","19.90","18.60","2.73M","4.00%"
"03/14/2024","18.51","18.56","19.10","18.05","1.73M","-0.27%"
"03/13/2024","18.56","19.70","19.77","17.66","4.10M","-5.79%"
"03/12/2024","19.70","20.60","20.89","18.85","3.11M","-4.37%"
"03/11/2024","20.60","21.52","22.50","20.56","3.30M","-4.28%"
"03/10/2024","21.52","20.24","23.00","20.35","7.20M","6.32%"
"03/07/2024","20.24","20.49","21.35","19.61","2.40M","-1.22%"
"03/06/2024","20.49","19.49","21.75","19.90","8.02M","5.13%"
"03/05/2024","19.49","19.72","20.22","19.13","2.36M","-1.17%"
"03/04/2024","19.72","18.41","19.85","18.46","3.54M","7.12%"
"03/03/2024","18.41","18.96","19.09","18.40","2.53M","-2.90%"
"02/29/2024","18.96","18.52","19.79","18.31","3.76M","2.38%"
"02/28/2024","18.52","19.62","21.90","18.20","13.07M","-5.61%"
"02/27/2024","19.62","20.80","21.31","19.40","6.05M","-5.67%"
"02/26/2024","20.80","20.94","21.75","19.80","4.17M","-0.67%"
"02/25/2024","20.94","25.35","23.50","20.28","4.74M","-17.40%"
"02/22/2024","25.35","24.88","26.40","24.60","2.27M","1.89%"
"02/21/2024","24.88","24.40","24.99","24.10","700.24K","1.97%"
"02/20/2024","24.40","24.60","25.25","24.21","949.86K","-0.81%"
"02/19/2024","24.60","25.21","25.40","24.50","952.76K","-2.42%"
"02/18/2024","25.21","24.00","25.80","24.00","2.26M","5.04%"
"02/15/2024","24.00","24.10","24.40","23.80","527.58K","-0.41%"
"02/14/2024","24.10","24.14","24.60","23.62","802.66K","-0.17%"
"02/13/2024","24.14","24.42","25.10","24.09","3.21M","-1.15%"
"02/12/2024","24.42","22.79","25.05","22.10","7.04M","7.15%"
"02/11/2024","22.79","22.66","23.23","22.03","3.78M","0.57%"
"02/08/2024","22.66","22.50","23.49","22.50","5.21M","0.71%"
"02/07/2024","22.50","20.79","22.50","20.90","5.68M","8.23%"
"02/06/2024","20.79","22.25","23.00","20.79","5.39M","-6.56%"
"02/05/2024","22.25","22.25","22.74","21.80","5.02M","0.00%"
"02/04/2024","22.25","24.60","26.00","21.85","5.36M","-9.55%"
"02/01/2024","24.60","24.00","24.87","20.12","2.96M","2.50%"
"01/31/2024","24.00","29.01","29.01","23.81","2.90M","-15.85%"
"01/30/2024","28.52","24.83","29.69","24.50","3.80M","15.00%"
"01/29/2024","24.80","23.90","24.89","23.70","1.52M","4.64%"
"01/28/2024","23.70","20.80","24.00","20.49","2.71M","15.67%"
"01/24/2024","20.49","20.99","21.00","20.00","1.39M","-0.97%"
"01/23/2024","20.69","20.00","22.00","19.70","3.70M","3.50%"
"01/22/2024","19.99","20.50","20.50","19.61","1.60M","-2.34%"
"01/21/2024","20.47","19.00","20.50","18.81","3.09M","7.96%"
"01/18/2024","18.96","18.70","19.00","18.25","660.40K","1.39%"
"01/17/2024","18.70","19.15","19.35","18.60","817.33K","-1.48%"
"01/16/2024","18.98","18.07","19.00","17.97","2.49M","5.62%"
"01/15/2024","17.97","18.37","18.65","17.95","1.20M","-2.02%"
"01/14/2024","18.34","17.68","18.49","17.68","1.45M","3.85%"
"01/11/2024","17.66","17.29","17.94","17.18","2.22M","3.03%"
"01/10/2024","17.14","17.25","17.40","17.12","460.10K","-0.12%"
"01/09/2024","17.16","17.30","17.38","17.10","746.88K","-0.81%"
"01/08/2024","17.30","17.20","17.35","17.10","313.27K","0.99%"
"01/04/2024","17.13","17.30","17.39","16.95","537.80K","-0.87%"
"01/03/2024","17.28","17.25","17.50","17.15","356.10K","0.47%"
"01/02/2024","17.20","16.98","17.20","16.91","297.85K","1.71%"
"12/31/2023","16.91","17.00","17.40","16.80","417.73K","-0.35%"
"12/28/2023","16.97","16.80","17.00","16.51","1.28M","1.56%"
"12/27/2023","16.71","16.29","16.85","16.00","1.62M","4.44%"
"12/26/2023","16.00","16.69","16.99","15.97","6.94M","-3.32%"
"12/25/2023","16.55","16.71","16.95","16.10","602.10K","-0.90%"
"12/24/2023","16.70","17.34","17.70","16.60","595.22K","-2.34%"
"12/21/2023","17.10","17.64","18.10","17.07","784.96K","-3.06%"
"12/20/2023","17.64","17.94","17.98","17.60","703.04K","0.23%"
"12/19/2023","17.60","18.15","18.16","17.58","1.36M","-1.90%"
"12/18/2023","17.94","17.75","18.40","17.60","1.86M","0.28%"
"12/17/2023","17.89","17.86","18.18","17.51","323.30K","0.85%"
"12/14/2023","17.74","17.53","18.00","17.50","665.46K","1.43%"
"12/13/2023","17.49","17.00","17.85","16.97","1.49M","3.13%"
"12/12/2023","16.96","17.12","17.50","16.92","617.77K","-0.82%"
"12/11/2023","17.10","17.71","17.79","17.05","1.12M","-3.66%"
"12/10/2023","17.75","18.18","18.19","17.70","541.04K","-1.88%"
"12/07/2023","18.09","18.15","18.27","17.60","1.43M","-0.28%"
"12/06/2023","18.14","19.00","19.27","18.00","1.76M","-4.02%"
"12/05/2023","18.90","18.50","18.99","18.40","1.46M","3.28%"
"12/04/2023","18.30","18.02","18.47","18.02","966.26K","1.61%"
"12/03/2023","18.01","18.13","18.44","17.95","805.65K","-1.21%"
"11/30/2023","18.23","18.24","18.38","18.02","554.48K","1.28%"
"11/29/2023","18.00","18.60","18.60","17.90","914.16K","-2.54%"
"11/28/2023","18.47","19.11","19.32","18.35","1.34M","-3.15%"
"11/27/2023","19.07","18.90","19.40","18.68","2.68M","2.14%"
"11/26/2023","18.67","18.31","18.94","18.31","1.97M","2.58%"
"11/23/2023","18.20","17.88","18.33","17.88","1.90M","2.02%"
"11/22/2023","17.84","18.09","18.10","17.81","812.17K","-0.34%"
"11/21/2023","17.90","17.90","18.25","17.75","970.16K","0.00%"
"11/20/2023","17.90","18.37","18.70","17.61","1.26M","-2.35%"
"11/19/2023","18.33","18.64","18.78","18.16","1.16M","0.11%"
"11/16/2023","18.31","18.10","18.85","18.00","1.30M","1.72%"
"11/15/2023","18.00","18.00","18.28","17.62","1.22M","0.78%"
"11/14/2023","17.86","17.80","18.30","17.80","634.61K","0.85%"
"11/13/2023","17.71","18.25","18.25","17.67","368.86K","-2.80%"
"11/12/2023","18.22","17.90","18.59","17.90","903.51K","1.90%"
"11/09/2023","17.88","18.16","18.65","17.80","1.73M","-1.32%"
"11/08/2023","18.12","17.90","18.48","17.81","674.25K","1.74%"
"11/07/2023","17.81","18.18","18.27","17.60","687.19K","-1.98%"
"11/06/2023","18.17","18.90","18.90","18.13","690.29K","-2.99%"
"11/05/2023","18.73","18.86","19.08","18.56","323.14K","-0.90%"
"11/02/2023","18.90","19.00","19.27","18.87","747.83K","-0.53%"
"11/01/2023","19.00","18.50","19.00","18.02","690.27K","2.70%"
"10/31/2023","18.50","18.75","18.99","17.85","1.09M","-0.80%"
"10/30/2023","18.65","19.04","19.10","18.50","759.83K","-2.51%"
"10/29/2023","19.13","19.23","19.80","19.00","640.07K","-0.16%"
"10/26/2023","19.16","20.04","20.69","19.00","2.38M","-4.10%"
"10/25/2023","19.98","17.76","19.98","17.60","14.62M","13.85%"
"10/24/2023","17.55","17.63","18.15","17.31","1.95M","0.23%"
"10/23/2023","17.51","18.00","18.25","17.27","1.42M","-1.96%"
"10/22/2023","17.86","17.10","18.48","16.89","1.59M","5.43%"
"10/19/2023","16.94","17.77","17.96","16.89","1.11M","-3.75%"
"10/18/2023","17.60","18.59","18.59","17.50","3.68M","-4.97%"
"10/17/2023","18.52","16.30","19.44","16.15","5.67M","14.32%"
"10/16/2023","16.20","16.00","16.67","15.75","1.85M","1.89%"
"10/15/2023","15.90","15.00","16.32","15.00","5.90M","6.07%"
"10/12/2023","14.99","14.87","15.05","14.76","351.83K","1.77%"
"10/11/2023","14.73","15.15","15.15","14.70","683.27K","-1.41%"
"10/10/2023","14.94","14.98","15.19","14.83","416.75K","0.54%"
"10/09/2023","14.86","14.83","14.99","14.70","179.84K","1.43%"
"10/08/2023","14.65","15.13","15.13","14.50","440.00K","-3.17%"
"10/04/2023","15.13","15.31","15.31","15.05","354.60K","-1.56%"
"10/03/2023","15.37","15.50","15.65","15.25","641.21K","-0.77%"
"10/02/2023","15.49","15.15","15.70","15.08","926.85K","2.24%"
"10/01/2023","15.15","15.38","15.44","15.01","172.99K","-1.05%"
"09/27/2023","15.31","15.60","15.65","15.13","698.67K","-1.73%"
"09/26/2023","15.58","15.66","15.75","15.53","207.26K","-0.45%"
"09/25/2023","15.65","15.84","15.84","15.60","197.32K","-0.19%"
"09/24/2023","15.68","15.75","15.90","15.63","382.35K","-0.06%"
"09/21/2023","15.69","15.69","15.75","15.48","782.03K","1.16%"
"09/20/2023","15.51","15.88","15.94","15.50","1.09M","-1.40%"
"09/19/2023","15.73","16.58","16.59","15.50","2.01M","-4.72%"
"09/18/2023","16.51","16.45","16.59","16.35","322.43K","0.06%"
"09/17/2023","16.50","16.50","16.69","16.38","933.30K","0.67%"
"09/14/2023","16.39","16.45","16.55","16.29","348.93K","-0.36%"
"09/13/2023","16.45","16.30","16.48","16.19","192.41K","1.17%"
"09/12/2023","16.26","16.30","16.50","16.18","209.77K","0.06%"
"09/11/2023","16.25","16.70","16.70","16.19","442.97K","-0.91%"
"09/10/2023","16.40","16.74","16.80","16.37","311.16K","-1.50%"
"09/07/2023","16.65","16.60","16.65","16.20","266.91K","0.73%"
"09/06/2023","16.53","16.78","17.02","16.20","1.10M","-1.61%"
"09/05/2023","16.80","16.56","17.00","16.56","2.46M","1.76%"
"09/04/2023","16.51","15.80","16.69","15.60","1.84M","3.90%"
"09/03/2023","15.89","16.05","16.06","15.60","346.20K","0.00%"
"08/31/2023","15.89","15.77","16.19","15.77","2.01M","1.40%"
"08/30/2023","15.67","15.49","15.83","15.38","592.34K","1.49%"
"08/29/2023","15.44","15.24","15.45","15.10","799.92K","1.58%"
"08/28/2023","15.20","15.35","15.59","15.10","680.93K","0.00%"
"08/27/2023","15.20","15.27","15.38","15.10","534.04K","0.80%"
"08/24/2023","15.08","15.48","15.48","14.99","1.60M","-1.44%"
"08/23/2023","15.30","15.95","15.95","15.23","782.10K","-2.67%"
"08/22/2023","15.72","15.90","15.97","15.71","246.67K","-1.13%"
"08/21/2023","15.90","15.36","15.95","15.12","1.13M","2.91%"
"08/20/2023","15.45","15.46","15.60","15.30","525.96K","0.00%"
"08/17/2023","15.45","15.83","15.83","15.20","706.65K","-1.78%"
"08/16/2023","15.73","15.90","15.90","15.71","310.63K","-0.44%"
"08/15/2023","15.80","16.17","16.17","15.72","198.70K","-0.88%"
"08/14/2023","15.94","16.12","16.35","15.82","595.30K","-0.99%"
"08/13/2023","16.10","15.71","16.10","15.62","508.62K","2.48%"
"08/10/2023","15.71","15.93","15.93","15.60","940.52K","-1.32%"
"08/09/2023","15.92","15.95","16.19","15.60","4.15M","0.13%"
"08/08/2023","15.90","15.32","15.90","15.25","1.63M","3.79%"
"08/07/2023","15.32","15.30","15.57","15.25","1.72M","0.13%"
"08/06/2023","15.30","14.90","15.33","14.90","3.38M","2.68%"
"08/03/2023","14.90","14.70","15.15","14.50","1.17M","2.12%"
"08/02/2023","14.59","14.70","14.85","14.59","464.94K","-0.61%"
"08/01/2023","14.68","14.70","14.75","14.50","860.76K","0.34%"
"07/31/2023","14.63","14.84","14.94","14.55","1.09M","-1.15%"
"07/30/2023","14.80","14.55","14.84","14.40","580.42K","2.71%"
"07/27/2023","14.41","14.59","14.65","14.40","292.50K","-1.44%"
"07/26/2023","14.62","14.67","14.75","14.53","665.81K","-0.34%"
"07/25/2023","14.67","14.81","15.05","14.60","1.07M","-1.01%"
"07/24/2023","14.82","15.00","15.10","14.72","336.52K","-1.20%"
"07/19/2023","15.00","15.17","15.20","14.90","1.25M","-1.12%"
"07/18/2023","15.17","14.95","15.45","14.95","1.21M","1.27%"
"07/17/2023","14.98","14.51","15.00","14.30","1.62M","3.10%"
"07/16/2023","14.53","14.60","14.67","14.51","169.66K","-0.75%"
"07/13/2023","14.64","14.63","14.74","14.47","484.58K","0.07%"
"07/12/2023","14.63","14.42","14.63","14.20","608.69K","1.53%"
"07/11/2023","14.41","14.30","14.46","13.90","4.75M","1.12%"
"07/10/2023","14.25","13.98","14.40","13.80","392.27K","1.93%"
"07/09/2023","13.98","14.37","14.37","13.73","409.57K","-1.69%"
"07/06/2023","14.22","14.59","14.70","14.00","682.59K","-1.93%"
"07/05/2023","14.50","14.83","14.95","14.47","447.58K","-2.16%"
"07/04/2023","14.82","14.95","15.15","14.81","353.31K","-0.20%"
"06/26/2023","14.85","14.70","14.89","14.51","971.44K","1.57%"
"06/25/2023","14.62","15.05","15.29","14.37","1.57M","-2.53%"
"06/22/2023","15.00","15.05","15.29","14.82","617.71K","0.60%"
"06/21/2023","14.91","15.21","15.25","14.90","949.02K","-1.78%"
"06/20/2023","15.18","15.50","15.50","15.11","696.49K","-1.36%"
"06/19/2023","15.39","15.61","15.97","15.31","3.12M","-0.71%"
"06/18/2023","15.50","14.98","15.63","14.98","1.62M","4.17%"
"06/15/2023","14.88","15.39","15.39","14.86","811.92K","-1.26%"
"06/14/2023","15.07","15.49","15.65","15.06","702.38K","-2.02%"
"06/13/2023","15.38","15.50","15.59","15.26","926.79K","-0.84%"
"06/12/2023","15.51","15.69","15.85","15.50","349.43K","-0.51%"
"06/11/2023","15.59","15.10","15.70","15.08","579.30K","3.45%"
"06/08/2023","15.07","15.19","15.25","14.83","383.97K","0.47%"
"06/07/2023","15.00","15.55","15.69","14.95","906.71K","-3.10%"
"06/06/2023","15.48","15.74","15.82","15.44","655.71K","-1.40%"
"06/05/2023","15.70","15.95","16.10","15.70","1.24M","0.00%"
"06/04/2023","15.70","15.62","16.25","15.62","2.75M","-0.13%"
"06/01/2023","15.72","15.50","15.75","15.32","999.07K","2.41%"
"05/31/2023","15.35","15.60","15.80","15.22","1.74M","-1.60%"
"05/30/2023","15.60","15.20","15.88","15.10","1.28M","3.04%"
"05/29/2023","15.14","15.50","15.55","14.90","913.07K","-1.50%"
"05/28/2023","15.37","15.49","15.60","15.30","285.27K","-0.77%"
"05/25/2023","15.49","15.83","16.00","15.36","856.98K","-2.15%"
"05/24/2023","15.83","15.60","16.00","15.30","1.40M","1.47%"
"05/23/2023","15.60","14.95","15.65","14.50","2.46M","4.70%"
"05/22/2023","14.90","14.54","15.25","14.54","1.64M","2.19%"
"05/21/2023","14.58","14.81","14.81","14.43","605.15K","-0.14%"
"05/18/2023","14.60","14.59","14.78","14.30","1.16M","0.90%"
"05/17/2023","14.47","15.59","15.63","14.40","3.30M","-6.77%"
"05/16/2023","15.52","16.40","16.40","15.25","3.22M","-4.84%"
"05/15/2023","16.31","16.90","17.35","16.20","5.16M","-4.28%"
"05/14/2023","17.04","16.92","17.15","16.73","826.38K","0.71%"
"05/11/2023","16.92","17.01","17.50","16.82","1.69M","-0.35%"
"05/10/2023","16.98","16.59","17.00","16.00","937.93K","2.91%"
"05/09/2023","16.50","16.81","17.24","16.50","2.30M","-1.49%"
"05/08/2023","16.75","16.30","16.87","16.11","2.07M","4.69%"
"05/07/2023","16.00","15.82","16.18","15.51","961.85K","1.33%"
"05/03/2023","15.79","16.25","16.42","15.31","3.39M","-2.11%"
"05/02/2023","16.13","17.00","17.20","16.00","2.37M","-4.16%"
"05/01/2023","16.83","16.95","17.40","16.60","1.38M","-0.36%"
"04/30/2023","16.89","17.94","18.43","16.77","2.45M","-4.85%"
"04/27/2023","17.75","16.81","17.91","16.75","2.17M","6.93%"
"04/26/2023","16.60","16.29","16.75","15.90","948.22K","2.60%"
"04/19/2023","16.18","16.71","16.95","16.07","1.48M","-2.12%"
"04/18/2023","16.53","15.75","16.98","15.63","2.64M","6.03%"
"04/13/2023","15.59","14.40","16.25","14.40","4.13M","6.85%"
"04/12/2023","14.59","14.40","14.88","14.23","2.34M","2.03%"
"04/11/2023","14.30","14.20","14.45","14.20","1.81M","1.27%"
"04/10/2023","14.12","13.78","14.50","13.70","1.61M","3.07%"
"04/09/2023","13.70","13.73","13.81","13.56","445.21K","-0.22%"
"04/06/2023","13.73","14.00","14.09","13.60","710.49K","-1.86%"
"04/05/2023","13.99","14.29","14.30","13.74","1.22M","-2.10%"
"04/04/2023","14.29","14.38","14.38","14.06","2.20M","-0.63%"
"04/03/2023","14.38","14.51","15.00","14.15","2.68M","-0.28%"
"04/02/2023","14.42","13.89","14.54","13.70","3.03M","4.19%"
"03/30/2023","13.84","13.22","14.58","13.01","4.43M","4.14%"
"03/29/2023","13.29","12.49","13.90","12.49","3.71M","8.40%"
"03/28/2023","12.26","11.79","12.54","11.50","2.66M","3.63%"
"03/27/2023","11.83","11.50","12.18","11.50","3.80M","3.95%"
"03/26/2023","11.38","11.15","11.42","11.11","1.56M","3.17%"
"03/23/2023","11.03","10.57","11.12","10.57","639.73K","1.75%"
"03/22/2023","10.84","11.00","11.09","10.56","748.59K","-1.00%"
"03/21/2023","10.95","10.70","11.05","10.50","851.43K","1.48%"
"03/20/2023","10.79","10.10","10.79","9.95","518.78K","6.83%"
"03/19/2023","10.10","10.38","10.38","9.89","182.18K","0.90%"
"03/16/2023","10.01","10.00","10.40","9.75","730.11K","0.10%"
"03/15/2023","10.00","10.90","11.00","9.85","1.04M","-7.92%"
"03/14/2023","10.86","10.70","11.00","10.50","879.46K","0.46%"
"03/13/2023","10.81","11.17","11.34","10.65","3.02M","-4.25%"
"03/12/2023","11.29","11.45","11.45","10.90","1.44M","-1.74%"
"03/09/2023","11.49","10.93","11.55","10.93","1.53M","4.84%"
"03/08/2023","10.96","11.20","11.20","10.75","304.85K","-1.26%"
"03/07/2023","11.10","11.07","11.32","10.99","1.88M","-0.36%"
"03/06/2023","11.14","11.03","11.14","10.93","1.19M","1.09%"
"03/05/2023","11.02","11.00","11.10","10.77","2.18M","-0.09%"
"03/02/2023","11.03","10.84","11.15","10.76","4.19M","2.22%"
"03/01/2023","10.79","10.60","10.85","10.58","757.52K","1.70%"
"02/28/2023","10.61","10.97","10.98","10.57","1.83M","-3.28%"
"02/27/2023","10.97","11.33","11.49","10.90","2.35M","-2.92%"
"02/26/2023","11.30","11.24","11.38","11.06","614.31K","1.89%"
"02/23/2023","11.09","11.02","11.22","11.02","1.61M","0.64%"
"02/22/2023","11.02","11.25","11.25","11.00","1.52M","-1.87%"
"02/21/2023","11.23","11.00","11.30","10.62","1.06M","2.46%"
"02/20/2023","10.96","11.26","11.35","10.90","1.24M","-2.66%"
"02/19/2023","11.26","11.58","11.58","11.15","600.60K","-2.17%"
"02/16/2023","11.51","11.60","11.80","11.45","2.75M","-0.35%"
"02/15/2023","11.55","11.32","11.70","11.32","7.36M","2.67%"
"02/14/2023","11.25","11.10","11.32","10.95","8.98M","2.27%"
"02/13/2023","11.00","11.03","11.18","10.99","1.64M","-0.09%"
"02/12/2023","11.01","11.07","11.26","10.94","3.29M","-1.61%"
"02/09/2023","11.19","11.22","11.50","11.02","3.52M","-0.36%"
"02/08/2023","11.23","11.22","11.50","10.80","4.34M","-0.88%"
"02/07/2023","11.33","10.46","11.40","10.46","15.15M","8.63%"
"02/06/2023","10.43","10.41","10.60","10.30","2.37M","0.19%"
"02/05/2023","10.41","10.71","10.89","10.05","1.84M","-2.71%"
"02/02/2023","10.70","11.61","11.77","10.67","3.54M","-8.55%"
"02/01/2023","11.70","11.19","11.70","10.62","6.29M","5.50%"
"01/31/2023","11.09","11.51","11.69","10.80","2.35M","-3.14%"
"01/30/2023","11.45","11.83","12.10","11.45","3.96M","-1.63%"
"01/29/2023","11.64","11.47","11.70","11.30","2.57M","2.37%"
"01/25/2023","11.37","10.75","11.72","10.65","7.15M","6.46%"
"01/24/2023","10.68","10.43","10.70","10.30","2.06M","2.69%"
"01/23/2023","10.40","10.42","10.48","10.31","1.13M","0.00%"
"01/22/2023","10.40","10.36","10.50","10.32","1.19M","0.48%"
"01/19/2023","10.35","10.50","10.65","10.16","2.19M","-0.58%"
"01/18/2023","10.41","10.10","10.45","10.10","3.42M","3.27%"
"01/17/2023","10.08","10.29","10.40","10.00","3.09M","-1.18%"
"01/16/2023","10.20","9.99","10.30","9.94","762.99K","2.62%"
"01/15/2023","9.94","10.08","10.15","9.90","518.99K","-0.70%"
"01/12/2023","10.01","10.57","10.59","9.85","1.04M","-0.89%"
"01/11/2023","10.10","10.33","10.85","9.94","2.36M","-2.23%"
"01/10/2023","10.33","10.98","10.98","10.02","1.77M","-5.66%"
"01/09/2023","10.95","10.97","11.05","10.80","2.31M","1.48%"
"01/05/2023","10.79","10.80","11.13","10.79","1.69M","-0.55%"
"01/04/2023","10.85","10.52","11.09","9.61","2.84M","3.24%"
"01/03/2023","10.51","10.60","10.64","10.42","1.04M","-0.10%"
"01/02/2023","10.52","10.48","10.66","10.45","886.40K","1.15%"
"12/29/2022","10.40","10.01","10.48","10.00","932.69K","4.00%"
"12/28/2022","10.00","9.97","10.09","9.81","1.55M","1.83%"
"12/27/2022","9.82","10.00","10.10","9.51","1.19M","-1.01%"
"12/26/2022","9.92","9.91","10.19","9.85","989.95K","0.10%"
"12/25/2022","9.91","10.02","10.46","9.79","1.10M","-4.71%"
"12/22/2022","10.40","10.70","10.84","10.31","1.50M","-2.53%"
"12/21/2022","10.67","11.05","11.10","10.65","1.57M","-3.09%"
"12/20/2022","11.01","11.05","11.29","10.91","1.16M","0.00%"
"12/19/2022","11.01","11.01","11.15","10.73","1.98M","0.00%"
"12/18/2022","11.01","11.11","11.24","10.32","2.44M","0.92%"
"12/15/2022","10.91","11.41","11.79","10.76","4.85M","-3.45%"
"12/14/2022","11.30","10.61","11.44","10.61","3.40M","6.60%"
"12/13/2022","10.60","9.10","10.60","9.10","6.91M","17.00%"
"12/12/2022","9.06","9.25","9.25","8.80","1.56M","-0.22%"
"12/11/2022","9.08","8.90","9.42","8.90","1.82M","2.02%"
"12/08/2022","8.90","9.30","9.45","8.00","4.76M","-3.89%"
"12/07/2022","9.26","9.09","9.44","9.00","5.24M","2.66%"
"12/06/2022","9.02","8.95","9.09","8.80","1.98M","0.89%"
"12/05/2022","8.94","8.90","9.05","8.76","2.92M","1.59%"
"12/04/2022","8.80","8.63","8.95","8.55","1.40M","3.41%"
"12/01/2022","8.51","8.40","8.55","8.30","456.22K","1.55%"
"11/30/2022","8.38","8.50","8.80","8.25","3.30M","-0.12%"
"11/29/2022","8.39","8.30","8.70","8.22","2.52M","1.08%"
"11/28/2022","8.30","8.29","8.40","8.01","2.12M","-0.60%"
"11/27/2022","8.35","7.80","8.50","7.80","4.48M","7.05%"
"11/24/2022","7.80","7.76","7.88","7.67","1.64M","0.52%"
"11/23/2022","7.76","7.65","7.79","7.65","1.22M","1.57%"
"11/22/2022","7.64","7.56","7.70","7.44","3.68M","1.19%"
"11/21/2022","7.55","7.53","7.58","7.50","3.39M","0.53%"
"11/20/2022","7.51","7.59","7.65","7.49","3.47M","-0.79%"
"11/17/2022","7.57","7.68","7.76","7.50","3.90M","-0.39%"
"11/16/2022","7.60","7.63","7.67","7.54","2.08M","0.53%"
"11/15/2022","7.56","7.60","7.66","7.51","2.13M","-0.26%"
"11/14/2022","7.58","8.00","8.00","7.52","4.65M","-5.25%"
"11/13/2022","8.00","7.79","8.05","7.79","1.55M","2.70%"
"11/10/2022","7.79","7.60","7.83","7.60","1.35M","2.50%"
"11/09/2022","7.60","7.59","7.69","7.40","1.34M","1.60%"
"11/08/2022","7.48","7.63","7.67","7.41","1.80M","-1.84%"
"11/07/2022","7.62","7.46","7.67","7.43","1.15M","2.14%"
"11/06/2022","7.46","7.43","7.50","7.35","702.80K","0.13%"
"11/03/2022","7.45","7.47","7.51","7.40","858.30K","-0.80%"
"11/02/2022","7.51","7.69","7.69","7.43","1.42M","-1.96%"
"11/01/2022","7.66","7.80","7.84","7.55","3.44M","-0.52%"
"10/31/2022","7.70","7.20","7.77","7.10","4.60M","7.54%"
"10/30/2022","7.16","7.20","7.30","7.12","1.46M","0.14%"
"10/27/2022","7.15","7.32","7.41","7.00","5.84M","1.71%"
"10/26/2022","7.03","7.10","7.15","7.01","291.15K","-0.57%"
"10/25/2022","7.07","6.82","7.11","6.82","934.89K","3.67%"
"10/24/2022","6.82","7.00","7.02","6.81","641.46K","-2.43%"
"10/23/2022","6.99","6.97","7.11","6.93","240.91K","-0.43%"
"10/20/2022","7.02","6.88","7.05","6.76","1.39M","3.39%"
"10/19/2022","6.79","6.90","6.90","6.76","282.74K","-1.02%"
"10/18/2022","6.86","6.72","6.90","6.72","1.29M","1.78%"
"10/17/2022","6.74","6.80","6.83","6.70","238.88K","-0.74%"
"10/16/2022","6.79","6.57","6.80","6.57","1.00M","3.66%"
"10/13/2022","6.55","6.55","6.58","6.42","275.92K","0.77%"
"10/12/2022","6.50","6.57","6.59","6.45","301.02K","-0.46%"
"10/11/2022","6.53","6.69","6.71","6.50","362.74K","-1.51%"
"10/10/2022","6.63","6.71","6.72","6.52","620.05K","-1.04%"
"10/09/2022","6.70","6.75","6.75","6.67","176.48K","0.00%"
"10/05/2022","6.70","6.68","6.80","6.65","1.06M","0.75%"
"10/04/2022","6.65","6.59","6.66","6.51","4.31M","1.68%"
"10/03/2022","6.54","6.56","6.60","6.50","462.12K","-0.15%"
"10/02/2022","6.55","6.65","6.65","6.53","101.23K","-1.06%"
"09/29/2022","6.62","6.68","6.68","6.58","152.52K","0.30%"
"09/28/2022","6.60","6.66","6.66","6.55","424.87K","-1.20%"
"09/27/2022","6.68","6.71","6.73","6.65","341.53K","0.15%"
"09/26/2022","6.67","6.70","6.74","6.60","363.15K","0.15%"
"09/25/2022","6.66","6.70","6.70","6.63","251.09K","-0.89%"
"09/22/2022","6.72","6.61","6.77","6.60","892.69K","0.90%"
"09/21/2022","6.66","6.75","6.82","6.60","470.02K","0.00%"
"09/20/2022","6.66","6.80","6.80","6.60","463.72K","-0.15%"
"09/19/2022","6.67","6.70","6.73","6.57","370.91K","-0.15%"
"09/18/2022","6.68","6.77","6.88","6.65","921.33K","0.45%"
"09/15/2022","6.65","6.99","7.00","6.65","3.95M","-4.45%"
"09/14/2022","6.96","6.89","7.02","6.86","1.03M","-0.57%"
"09/13/2022","7.00","6.96","7.01","6.88","1.08M","0.72%"
"09/12/2022","6.95","7.04","7.05","6.93","458.44K","-0.29%"
"09/11/2022","6.97","7.00","7.04","6.96","379.08K","-0.43%"
"09/08/2022","7.00","7.00","7.06","6.98","476.37K","-0.14%"
"09/07/2022","7.01","7.05","7.11","7.00","1.03M","0.00%"
"09/06/2022","7.01","6.98","7.08","6.98","2.13M","1.30%"
"09/05/2022","6.92","6.94","6.97","6.85","413.46K","0.00%"
"09/04/2022","6.92","6.87","6.94","6.83","341.73K","1.02%"
"09/01/2022","6.85","6.95","6.95","6.82","425.12K","-1.01%"
"08/31/2022","6.92","7.00","7.05","6.90","372.43K","0.00%"
"08/30/2022","6.92","7.15","7.15","6.92","1.90M","-3.22%"
"08/29/2022","7.15","7.13","7.19","7.08","992.46K","-0.14%"
"08/28/2022","7.16","7.20","7.20","7.10","332.22K","-0.69%"
"08/25/2022","7.21","7.16","7.25","7.14","725.69K","0.56%"
"08/24/2022","7.17","7.14","7.20","7.13","785.92K","0.00%"
"08/23/2022","7.17","7.26","7.26","7.12","1.43M","-0.97%"
"08/22/2022","7.24","7.40","7.40","7.20","908.10K","-0.82%"
"08/21/2022","7.30","7.02","7.40","7.02","4.19M","4.29%"
"08/18/2022","7.00","6.95","7.05","6.92","2.09M","1.45%"
"08/17/2022","6.90","7.00","7.00","6.88","542.78K","-1.29%"
"08/16/2022","6.99","6.99","7.02","6.90","3.28M","0.58%"
"08/15/2022","6.95","7.00","7.00","6.88","907.18K","-0.71%"
"08/14/2022","7.00","7.05","7.07","6.96","854.52K","-0.71%"
"08/11/2022","7.05","7.00","7.10","6.94","2.32M","2.03%"
"08/10/2022","6.91","6.86","7.09","6.85","4.03M","0.73%"
"08/09/2022","6.86","7.06","7.15","6.81","1.76M","-2.97%"
"08/08/2022","7.07","6.80","7.20","6.73","4.49M","4.90%"
"08/07/2022","6.74","6.75","6.88","6.71","2.10M","0.90%"
"08/04/2022","6.68","6.51","6.73","6.49","4.62M","2.45%"
"08/03/2022","6.52","6.50","6.55","6.45","1.13M","0.62%"
"08/02/2022","6.48","6.57","6.57","6.45","260.16K","-1.07%"
"08/01/2022","6.55","6.64","6.64","6.50","647.72K","-0.76%"
"07/31/2022","6.60","6.64","6.64","6.55","571.80K","0.46%"
"07/28/2022","6.57","6.65","6.65","6.55","802.79K","-0.45%"
"07/27/2022","6.60","6.70","6.70","6.57","1.05M","-1.20%"
"07/26/2022","6.68","6.66","6.80","6.65","6.33M","0.45%"
"07/25/2022","6.65","6.64","6.66","6.58","873.67K","0.15%"
"07/24/2022","6.64","6.70","6.72","6.61","327.67K","-0.75%"
"07/21/2022","6.69","6.50","6.75","6.47","1.34M","3.40%"
"07/20/2022","6.47","6.50","6.50","6.43","772.52K","0.15%"
"07/19/2022","6.46","6.40","6.50","6.38","231.67K","1.25%"
"07/18/2022","6.38","6.35","6.43","6.30","237.93K","0.47%"
"07/17/2022","6.35","6.49","6.54","6.32","176.79K","-1.55%"
"07/07/2022","6.45","6.45","6.46","6.41","482.12K","0.78%"
"07/06/2022","6.40","6.40","6.41","6.35","504.49K","-0.31%"
"07/05/2022","6.42","6.41","6.45","6.30","656.78K","0.31%"
"07/04/2022","6.40","6.58","6.58","6.37","492.63K","-2.74%"
"07/03/2022","6.58","6.64","6.74","6.46","429.17K","-0.45%"
"06/29/2022","6.61","6.45","6.70","6.40","795.02K","2.80%"
"06/28/2022","6.43","6.45","6.48","6.36","457.03K","-0.31%"
"06/27/2022","6.45","6.45","6.47","6.40","622.72K","0.78%"
"06/26/2022","6.40","6.45","6.48","6.35","70.53K","0.16%"
"06/23/2022","6.39","6.42","6.47","6.35","103.43K","-0.16%"
"06/22/2022","6.40","6.48","6.49","6.36","116.17K","-0.62%"
"06/21/2022","6.44","6.50","6.52","6.42","142.06K","-0.31%"
"06/20/2022","6.46","6.50","6.53","6.44","71.07K","0.00%"
"06/19/2022","6.46","6.58","6.58","6.45","166.58K","-1.37%"
"06/16/2022","6.55","6.59","6.59","6.43","519.09K","0.92%"
"06/15/2022","6.49","6.65","6.65","6.40","1.47M","-1.67%"
"06/14/2022","6.60","6.69","6.70","6.57","390.22K","-1.35%"
"06/13/2022","6.69","6.79","6.87","6.65","184.93K","-1.18%"
"06/12/2022","6.77","6.85","6.85","6.75","47.28K","-1.02%"
"06/09/2022","6.84","6.91","6.93","6.81","249.06K","-0.15%"
"06/08/2022","6.85","6.76","6.90","6.76","302.05K","1.63%"
"06/07/2022","6.74","6.65","6.75","6.60","3.02M","1.81%"
"06/06/2022","6.62","6.63","6.63","6.59","246.46K","0.76%"
"06/05/2022","6.57","6.52","6.63","6.52","182.42K","0.61%"
"06/02/2022","6.53","6.75","6.75","6.50","830.60K","-1.66%"
"06/01/2022","6.64","6.74","6.85","6.60","2.77M","-1.63%"
"05/31/2022","6.75","6.80","6.80","6.69","583.34K","0.60%"
"05/30/2022","6.71","6.70","6.80","6.69","470.25K","0.90%"
"05/29/2022","6.65","7.00","7.04","6.60","592.87K","-5.41%"
"05/26/2022","7.03","7.10","7.18","7.00","331.57K","-1.54%"
"05/25/2022","7.14","7.23","7.23","7.10","270.54K","-1.24%"
"05/24/2022","7.23","7.20","7.26","7.12","589.07K","0.28%"
"05/23/2022","7.21","7.25","7.26","7.05","518.92K","0.28%"
"05/22/2022","7.19","7.17","7.29","7.14","441.50K","-0.28%"
"05/19/2022","7.21","7.30","7.30","7.10","597.49K","-1.23%"
"05/18/2022","7.30","7.45","7.45","7.26","259.53K","-0.54%"
"05/17/2022","7.34","7.45","7.49","7.30","124.98K","-0.81%"
"05/16/2022","7.40","7.50","7.50","7.12","347.69K","-0.94%"
"05/15/2022","7.47","7.75","7.75","7.40","889.63K","-3.49%"
"05/12/2022","7.74","7.85","7.94","7.71","928.35K","-1.40%"
"05/11/2022","7.85","7.76","8.00","7.75","1.32M","1.03%"
"05/10/2022","7.77","7.81","7.93","7.75","228.08K","-1.27%"
"05/09/2022","7.87","7.98","8.03","7.77","378.15K","-1.25%"
"05/08/2022","7.97","7.82","8.30","7.75","518.66K","3.24%"
"04/28/2022","7.72","7.66","7.90","7.60","826.72K","0.65%"
"04/27/2022","7.67","7.55","7.76","7.50","575.64K","1.05%"
"04/26/2022","7.59","7.55","7.60","7.50","453.39K","1.07%"
"04/21/2022","7.51","7.65","7.66","7.40","332.76K","0.13%"
"04/20/2022","7.50","7.40","7.62","7.30","1.52M","1.76%"
"04/19/2022","7.37","7.47","7.47","7.20","2.21M","-12.68%"
"04/18/2022","8.44","8.41","8.50","8.22","908.22K","1.08%"
"04/17/2022","8.35","8.19","8.45","8.31","949.36K","1.95%"
"04/14/2022","8.19","8.50","8.50","8.10","2.09M","-3.99%"
"04/13/2022","8.53","8.65","8.65","8.50","371.09K","-0.47%"
"04/12/2022","8.57","8.55","8.74","8.40","746.95K","-0.23%"
"04/11/2022","8.59","8.85","8.85","8.52","701.54K","-2.94%"
"04/10/2022","8.85","8.95","8.95","8.80","312.31K","0.00%"
"04/07/2022","8.85","8.94","8.95","8.85","414.14K","-0.56%"
"04/06/2022","8.90","8.95","8.98","8.88","377.51K","-0.45%"
"04/05/2022","8.94","8.97","8.99","8.80","441.19K","0.34%"
"04/04/2022","8.91","9.00","9.06","8.86","925.95K","-0.34%"
"04/03/2022","8.94","8.89","9.10","8.76","907.36K","0.45%"
"03/31/2022","8.90","8.80","8.96","8.80","471.13K","0.91%"
"03/30/2022","8.82","8.79","8.89","8.75","324.48K","1.26%"
"03/29/2022","8.71","8.82","8.90","8.70","369.99K","-0.91%"
"03/28/2022","8.79","8.98","9.04","8.71","306.40K","-1.90%"
"03/27/2022","8.96","9.10","9.10","8.85","403.93K","-1.10%"
"03/24/2022","9.06","8.95","9.10","8.89","839.25K","0.67%"
"03/23/2022","9.00","8.84","9.00","8.72","586.33K","1.12%"
"03/22/2022","8.90","8.95","9.20","8.80","990.41K","0.45%"
"03/21/2022","8.86","8.27","9.27","8.27","3.01M","7.26%"
"03/20/2022","8.26","8.21","8.29","8.20","87.87K","0.61%"
"03/17/2022","8.21","8.17","8.31","8.17","289.74K","-0.73%"
"03/16/2022","8.27","8.11","8.30","8.00","584.92K","2.35%"
"03/15/2022","8.08","7.95","8.11","7.92","525.51K","1.38%"
"03/14/2022","7.97","8.00","8.00","7.90","38.41K","-0.38%"
"03/13/2022","8.00","8.02","8.08","7.96","127.40K","0.00%"
"03/10/2022","8.00","7.80","8.00","7.80","672.36K","2.56%"
"03/09/2022","7.80","7.87","7.91","7.76","689.86K","-0.13%"
"03/08/2022","7.81","7.85","7.96","7.75","315.87K","-0.76%"
"03/07/2022","7.87","8.09","8.09","7.82","475.13K","-2.24%"
"03/06/2022","8.05","8.15","8.15","8.04","443.96K","-1.23%"
"03/03/2022","8.15","8.18","8.20","8.15","1.66M","-1.21%"
"03/02/2022","8.25","8.25","8.30","8.15","383.45K","-0.96%"
"03/01/2022","8.33","8.20","8.35","8.20","105.10K","1.83%"
"02/28/2022","8.18","8.24","8.24","8.15","123.28K","-0.85%"
"02/27/2022","8.25","8.39","8.39","8.13","82.58K","1.48%"
"02/24/2022","8.13","8.02","8.21","7.77","434.63K","-2.28%"
"02/23/2022","8.32","8.16","8.40","8.15","3.00M","3.23%"
"02/22/2022","8.06","8.24","8.24","8.00","965.37K","-2.18%"
"02/21/2022","8.24","8.26","8.39","8.20","223.37K","-0.24%"
"02/20/2022","8.26","8.37","8.42","8.25","97.94K","-2.02%"
"02/17/2022","8.43","8.40","8.45","8.35","300.64K","0.60%"
"02/16/2022","8.38","8.37","8.49","8.35","2.18M","1.70%"
"02/15/2022","8.24","8.30","8.40","8.20","979.92K","-0.60%"
"02/14/2022","8.29","8.24","8.34","8.10","275.95K","0.73%"
"02/13/2022","8.23","8.58","8.58","8.20","793.14K","-4.08%"
"02/10/2022","8.58","8.59","8.60","8.40","851.67K","-0.12%"
"02/09/2022","8.59","8.58","8.60","8.54","191.43K","0.70%"
"02/08/2022","8.53","8.63","8.63","8.52","272.27K","-0.81%"
"02/07/2022","8.60","8.63","8.69","8.57","213.04K","-0.12%"
"02/06/2022","8.61","8.64","8.70","8.56","173.92K","-0.23%"
"02/03/2022","8.63","8.70","8.79","8.63","284.46K","-0.12%"
"02/02/2022","8.64","8.60","8.69","8.47","102.11K","1.05%"
"02/01/2022","8.55","8.48","8.60","8.40","203.69K","0.94%"
"01/31/2022","8.47","8.38","8.50","8.36","232.93K","0.95%"
"01/30/2022","8.39","8.48","8.48","8.36","166.27K","0.24%"
"01/26/2022","8.37","8.46","8.48","8.35","419.57K","-0.83%"
"01/25/2022","8.44","8.50","8.50","8.39","493.22K","-0.71%"
"01/24/2022","8.50","8.46","8.59","8.44","509.44K","0.00%"
"01/23/2022","8.50","8.65","8.65","8.45","529.96K","-1.16%"
"01/20/2022","8.60","8.60","8.69","8.50","1.97M","-1.26%"
"01/19/2022","8.71","8.70","8.71","8.55","553.49K","-0.11%"
"01/18/2022","8.72","8.61","8.72","8.60","381.07K","1.28%"
"01/17/2022","8.61","8.60","8.65","8.58","495.49K","0.12%"
"01/16/2022","8.60","8.65","8.65","8.56","177.34K","-0.58%"
"01/13/2022","8.65","8.67","8.68","8.56","456.73K","-0.12%"
"01/12/2022","8.66","8.61","8.70","8.60","476.41K","0.70%"
"01/11/2022","8.60","8.69","8.69","8.55","702.41K","-0.23%"
"01/10/2022","8.62","8.72","8.75","8.60","972.62K","-0.81%"
"01/09/2022","8.69","8.66","8.72","8.61","495.87K","0.58%"
"01/05/2022","8.64","8.72","8.82","8.60","1.07M","-0.69%"
"01/04/2022","8.70","8.69","8.72","8.59","229.65K","1.05%"
"01/03/2022","8.61","8.65","8.70","8.55","103.84K","0.12%"
"01/02/2022","8.60","8.70","8.70","8.58","175.32K","-1.04%"
"12/30/2021","8.69","8.70","8.72","8.60","277.11K","0.12%"
"12/29/2021","8.68","8.60","8.71","8.60","1.04M","0.93%"
"12/28/2021","8.60","8.60","8.65","8.55","168.11K","0.00%"
"12/27/2021","8.60","8.55","8.66","8.42","2.37M","2.02%"
"12/26/2021","8.43","8.75","8.86","8.40","1.98M","-3.21%"
"12/23/2021","8.71","8.54","8.75","8.46","4.50M","2.59%"
"12/22/2021","8.49","8.35","8.52","8.30","1.09M","1.80%"
"12/21/2021","8.34","8.26","8.39","8.23","674.66K","1.46%"
"12/20/2021","8.22","8.30","8.30","8.15","650.75K","-0.96%"
"12/19/2021","8.30","8.34","8.35","8.28","449.18K","-0.24%"
"12/16/2021","8.32","8.35","8.44","8.20","3.89M","0.24%"
"12/15/2021","8.30","8.45","8.50","8.27","553.67K","-1.78%"
"12/14/2021","8.45","8.55","8.55","8.40","194.84K","-0.59%"
"12/13/2021","8.50","8.51","8.55","8.43","488.09K","0.00%"
"12/12/2021","8.50","8.55","8.58","8.46","923.32K","0.24%"
"12/09/2021","8.48","8.56","8.58","8.44","387.82K","-0.24%"
"12/08/2021","8.50","8.39","8.53","8.39","181.26K","1.07%"
"12/07/2021","8.41","8.50","8.56","8.36","712.78K","-0.83%"
"12/06/2021","8.48","8.50","8.55","8.44","428.71K","-0.24%"
"12/05/2021","8.50","8.55","8.55","8.50","381.83K","0.00%"
"12/02/2021","8.50","8.55","8.59","8.50","963.34K","-0.12%"
"12/01/2021","8.51","8.55","8.59","8.48","451.85K","0.47%"
"11/30/2021","8.47","8.45","8.54","8.37","554.95K","0.83%"
"11/29/2021","8.40","8.40","8.47","8.31","151.80K","0.24%"
"11/28/2021","8.38","8.40","8.40","8.25","295.88K","-1.30%"
"11/25/2021","8.49","8.46","8.63","8.46","442.83K","0.35%"
"11/24/2021","8.46","8.45","8.50","8.43","45.52K","0.24%"
"11/23/2021","8.44","8.45","8.50","8.40","259.27K","-0.12%"
"11/22/2021","8.45","8.59","8.60","8.45","252.39K","-0.59%"
"11/21/2021","8.50","8.69","8.70","8.50","853.46K","-0.58%"
"11/18/2021","8.55","8.74","8.75","8.52","78.28K","-1.50%"
"11/17/2021","8.68","8.59","8.75","8.50","968.52K","0.93%"
"11/16/2021","8.60","8.59","8.60","8.50","1.77M","0.82%"
"11/15/2021","8.53","8.64","8.65","8.40","1.24M","0.71%"
"11/14/2021","8.47","8.35","8.66","8.25","854.91K","2.17%"
"11/11/2021","8.29","8.35","8.37","8.25","358.86K","0.12%"
"11/10/2021","8.28","8.44","8.44","8.17","151.55K","-1.08%"
"11/09/2021","8.37","8.36","8.44","8.31","103.74K","0.00%"
"11/08/2021","8.37","8.48","8.48","8.29","278.62K","-0.48%"
"11/07/2021","8.41","8.34","8.45","8.20","87.25K","1.94%"
"11/04/2021","8.25","8.44","8.44","8.18","166.36K","-1.32%"
"11/03/2021","8.36","8.49","8.49","8.29","513.83K","-0.36%"
"11/02/2021","8.39","8.34","8.41","8.23","366.46K","1.70%"
"11/01/2021","8.25","8.28","8.30","8.20","59.10K","0.86%"
"10/31/2021","8.18","8.34","8.34","8.10","60.98K","-0.73%"
"10/28/2021","8.24","8.36","8.36","8.07","682.45K","0.86%"
"10/27/2021","8.17","8.26","8.28","8.10","214.03K","-1.09%"
"10/26/2021","8.26","8.43","8.55","8.25","410.29K","-1.55%"
"10/25/2021","8.39","8.57","8.60","8.31","282.05K","-1.41%"
"10/24/2021","8.51","8.49","8.58","8.41","165.78K","1.31%"
"10/20/2021","8.40","8.40","8.45","8.26","628.06K","0.36%"
"10/19/2021","8.37","8.49","8.49","8.36","278.39K","-0.36%"
"10/18/2021","8.40","8.47","8.50","8.36","481.33K","-0.59%"
"10/17/2021","8.45","8.51","8.51","8.30","453.94K","-0.47%"
"10/14/2021","8.49","8.60","8.60","8.45","243.53K","-1.16%"
"10/13/2021","8.59","8.64","8.72","8.55","538.25K","-0.12%"
"10/12/2021","8.60","8.59","8.62","8.55","204.00K","0.23%"
"10/11/2021","8.58","8.55","8.65","8.53","174.84K","0.35%"
"10/10/2021","8.55","8.65","8.65","8.50","225.53K","-1.38%"
"10/06/2021","8.67","8.64","8.70","8.55","147.69K","0.81%"
"10/05/2021","8.60","8.69","8.69","8.57","84.05K","0.23%"
"10/04/2021","8.58","8.80","8.80","8.53","632.60K","-0.58%"
"10/03/2021","8.63","8.70","8.80","8.60","87.75K","-1.03%"
"09/30/2021","8.72","8.57","8.80","8.57","264.27K","1.51%"
"09/29/2021","8.59","8.62","8.69","8.55","225.27K","0.23%"
"09/28/2021","8.57","8.70","8.70","8.55","205.04K","-1.83%"
"09/27/2021","8.73","8.89","8.89","8.70","887.99K","-1.47%"
"09/26/2021","8.86","8.80","8.92","8.80","99.61K","0.68%"
"09/23/2021","8.80","8.90","9.00","8.70","365.02K","-0.34%"
"09/22/2021","8.83","8.79","8.90","8.65","482.40K","2.56%"
"09/21/2021","8.61","8.71","8.80","8.40","524.90K","-3.26%"
"09/20/2021","8.90","9.00","9.00","8.63","294.44K","-1.00%"
"09/19/2021","8.99","9.05","9.09","8.91","192.00K","-0.55%"
"09/16/2021","9.04","9.11","9.15","9.04","341.04K","0.00%"
"09/15/2021","9.04","9.30","9.35","8.99","987.54K","-2.06%"
"09/14/2021","9.23","9.34","9.38","9.20","146.14K","0.44%"
"09/13/2021","9.19","9.10","9.30","9.10","232.85K","0.99%"
"09/12/2021","9.10","9.35","9.40","9.01","590.63K","-1.94%"
"09/09/2021","9.28","9.01","9.42","9.01","684.39K","2.32%"
"09/08/2021","9.07","8.99","9.17","8.92","574.13K","2.49%"
"09/07/2021","8.85","8.65","9.13","8.65","1.09M","1.72%"
"09/06/2021","8.70","8.54","8.74","8.32","831.19K","2.47%"
"09/05/2021","8.49","8.55","8.60","8.46","302.30K","-0.93%"
"09/02/2021","8.57","8.62","8.67","8.51","245.45K","0.47%"
"09/01/2021","8.53","8.51","8.59","8.50","693.73K","0.00%"
"08/31/2021","8.53","8.59","8.60","8.49","454.67K","-0.58%"
"08/30/2021","8.58","8.55","8.64","8.49","927.84K","0.47%"
"08/29/2021","8.54","8.49","8.60","8.43","767.66K","0.59%"
"08/26/2021","8.49","8.42","8.55","8.39","735.90K","-0.35%"
"08/25/2021","8.52","8.36","8.60","8.36","1.55M","1.43%"
"08/24/2021","8.40","8.39","8.44","8.32","3.91M","1.08%"
"08/23/2021","8.31","8.34","8.40","8.23","544.10K","0.24%"
"08/22/2021","8.29","8.36","8.38","8.24","293.36K","-0.60%"
"08/19/2021","8.34","8.30","8.45","8.23","946.96K","0.48%"
"08/18/2021","8.30","8.25","8.33","8.25","46.90K","0.12%"
"08/17/2021","8.29","8.30","8.35","8.21","159.98K","0.00%"
"08/16/2021","8.29","8.35","8.35","8.20","255.05K","0.85%"
"08/15/2021","8.22","8.30","8.36","8.19","486.82K","-1.32%"
"08/11/2021","8.33","8.28","8.37","8.28","119.84K","-0.60%"
"08/10/2021","8.38","8.35","8.42","8.29","1.08M","1.09%"
"08/09/2021","8.29","8.21","8.34","8.21","224.06K","0.00%"
"08/08/2021","8.29","8.16","8.38","8.16","184.07K","1.10%"
"08/05/2021","8.20","8.10","8.29","8.10","231.21K","0.37%"
"08/04/2021","8.17","8.25","8.25","8.10","785.48K","-0.61%"
"08/03/2021","8.22","8.20","8.30","8.15","314.79K","-0.72%"
"08/02/2021","8.28","8.23","8.33","8.22","446.93K","0.73%"
"08/01/2021","8.22","8.16","8.35","8.15","410.44K","-0.36%"
"07/29/2021","8.25","8.31","8.31","8.15","522.81K","-0.72%"
"07/28/2021","8.31","8.40","8.40","8.25","265.61K","-0.48%"
"07/27/2021","8.35","8.18","8.46","8.15","1.09M","2.08%"
"07/26/2021","8.18","8.05","8.27","8.01","566.72K","1.11%"
"07/25/2021","8.09","8.11","8.20","8.00","865.59K","0.75%"
"07/18/2021","8.03","7.90","8.11","7.90","1.48M","2.29%"
"07/15/2021","7.85","7.81","7.94","7.71","599.17K","-1.51%"
"07/14/2021","7.97","8.28","8.28","7.60","3.05M","-1.73%"
"07/13/2021","8.11","8.00","8.20","7.97","221.45K","1.25%"
"07/12/2021","8.01","7.86","8.10","7.85","413.71K","1.39%"
"07/11/2021","7.90","8.10","8.15","7.71","431.59K","-3.07%"
"07/08/2021","8.15","8.27","8.28","8.00","516.85K","-1.69%"
"07/07/2021","8.29","8.32","8.33","8.25","484.94K","0.00%"
"07/06/2021","8.29","8.50","8.50","8.20","331.08K","-3.15%"
"07/05/2021","8.56","8.50","8.64","8.50","420.24K","0.82%"
"07/04/2021","8.49","8.37","8.60","8.35","326.33K","1.80%"
"06/30/2021","8.34","8.40","8.44","8.30","140.38K","-0.36%"
"06/29/2021","8.37","8.60","8.68","8.25","594.17K","-2.45%"
"06/28/2021","8.58","8.40","8.70","8.40","933.99K","-1.15%"
"06/27/2021","8.68","8.88","8.88","8.50","699.66K","0.58%"
"06/24/2021","8.63","7.91","8.69","7.91","4.73M","9.24%"
"06/23/2021","7.90","7.80","7.95","7.80","1.15M","1.15%"
"06/22/2021","7.81","7.90","7.90","7.80","822.89K","-1.01%"
"06/21/2021","7.89","7.75","7.94","7.75","234.05K","2.20%"
"06/20/2021","7.72","7.65","7.80","7.62","199.55K","1.45%"
"06/17/2021","7.61","7.67","7.69","7.53","692.29K","-0.26%"
"06/16/2021","7.63","7.67","7.74","7.60","800.35K","-1.55%"
"06/15/2021","7.75","7.76","7.82","7.58","339.73K","-0.90%"
"06/14/2021","7.82","7.79","7.90","7.70","137.38K","0.64%"
"06/13/2021","7.77","7.75","7.99","7.60","399.95K","-0.51%"
"06/10/2021","7.81","7.90","7.94","7.75","206.41K","-0.51%"
"06/09/2021","7.85","8.05","8.05","7.75","211.96K","-1.51%"
"06/08/2021","7.97","8.02","8.10","7.87","2.96M","0.50%"
"06/07/2021","7.93","7.67","8.10","7.50","4.86M","6.16%"
"06/06/2021","7.47","7.33","7.71","7.11","2.28M","2.61%"
"06/03/2021","7.28","7.30","7.35","7.17","533.12K","-0.41%"
"06/02/2021","7.31","7.30","7.38","7.20","598.53K","0.00%"
"06/01/2021","7.31","7.23","7.39","7.16","677.63K","0.27%"
"05/31/2021","7.29","7.35","7.38","7.24","591.94K","1.25%"
"05/30/2021","7.20","7.00","7.38","7.00","852.17K","3.45%"
"05/27/2021","6.96","7.05","7.05","6.86","541.08K","-0.43%"
"05/26/2021","6.99","7.00","7.09","6.86","198.38K","1.45%"
"05/25/2021","6.89","6.95","7.05","6.82","625.06K","-1.57%"
"05/24/2021","7.00","7.05","7.19","6.95","1.04M","-1.82%"
"05/23/2021","7.13","7.30","7.30","7.05","660.59K","-1.93%"
"05/20/2021","7.27","7.48","7.50","7.16","1.14M","-0.55%"
"05/19/2021","7.31","7.31","7.50","7.12","3.91M","0.69%"
"05/18/2021","7.26","7.11","7.31","7.11","2.68M","3.27%"
"05/17/2021","7.03","6.82","7.20","6.80","2.42M","2.93%"
"05/11/2021","6.83","6.84","6.92","6.75","1.10M","0.89%"
"05/10/2021","6.77","6.50","6.88","6.45","2.21M","4.48%"
"05/09/2021","6.48","6.39","6.62","6.34","1.72M","4.35%"
"05/06/2021","6.21","6.10","6.38","6.10","3.47M","2.48%"
"05/05/2021","6.06","6.00","6.14","6.00","956.45K","1.85%"
"05/04/2021","5.95","6.00","6.05","5.78","2.15M","-1.00%"
"04/28/2021","6.01","6.15","6.15","5.95","1.62M","-2.59%"
"04/27/2021","6.17","6.24","6.24","6.12","686.88K","-1.44%"
"04/26/2021","6.26","6.49","6.49","6.12","1.58M","-16.20%"
"04/25/2021","7.47","7.48","7.63","7.38","5.99M","0.81%"
"04/22/2021","7.41","7.40","7.48","7.38","2.54M","-0.40%"
"04/21/2021","7.44","7.58","7.60","7.34","2.08M","-0.93%"
"04/20/2021","7.51","7.50","7.57","7.45","1.36M","0.54%"
"04/19/2021","7.47","7.45","7.51","7.40","1.09M","1.22%"
"04/18/2021","7.38","7.34","7.42","7.34","485.82K","1.23%"
"04/15/2021","7.29","7.25","7.38","7.10","744.46K","0.69%"
"04/14/2021","7.24","7.35","7.42","7.12","852.84K","-2.29%"
"04/13/2021","7.41","7.55","7.55","7.37","544.90K","-1.33%"
"04/12/2021","7.51","7.53","7.65","7.41","2.20M","-0.53%"
"04/11/2021","7.55","7.53","7.63","7.50","989.96K","1.48%"
"04/08/2021","7.44","7.39","7.54","7.38","1.97M","1.09%"
"04/07/2021","7.36","7.35","7.40","7.28","2.03M","0.14%"
"04/06/2021","7.35","7.33","7.45","7.22","2.01M","0.82%"
"04/05/2021","7.29","7.45","7.45","7.16","1.08M","-2.28%"
"04/04/2021","7.46","7.50","7.56","7.38","1.53M","0.27%"
"04/01/2021","7.44","7.49","7.57","7.37","4.45M","2.20%"
"03/31/2021","7.28","7.31","7.31","7.15","1.13M","-0.95%"
"03/30/2021","7.35","7.37","7.41","7.28","827.13K","-1.47%"
"03/29/2021","7.46","7.44","7.63","7.35","2.09M","1.63%"
"03/28/2021","7.34","7.20","7.41","7.20","885.78K","2.23%"
"03/25/2021","7.18","7.20","7.26","7.10","749.20K","0.14%"
"03/24/2021","7.17","7.00","7.21","7.00","1.05M","4.06%"
"03/23/2021","6.89","6.85","7.02","6.77","923.49K","-0.58%"
"03/22/2021","6.93","7.00","7.04","6.80","517.55K","-0.86%"
"03/21/2021","6.99","7.14","7.14","6.92","514.52K","-1.27%"
"03/18/2021","7.08","7.10","7.15","7.02","613.15K","-0.70%"
"03/17/2021","7.13","7.09","7.20","7.06","608.87K","0.99%"
"03/16/2021","7.06","7.07","7.15","6.97","558.93K","-1.12%"
"03/15/2021","7.14","7.22","7.24","7.02","585.92K","-1.24%"
"03/14/2021","7.23","7.25","7.28","7.20","387.65K","-0.41%"
"03/11/2021","7.26","7.22","7.37","7.16","1.15M","1.40%"
"03/10/2021","7.16","7.16","7.23","7.10","803.91K","0.00%"
"03/09/2021","7.16","7.25","7.25","7.11","1.48M","0.28%"
"03/08/2021","7.14","7.21","7.21","7.10","891.58K","-0.56%"
"03/07/2021","7.18","7.27","7.28","7.14","1.62M","0.00%"
"03/04/2021","7.18","7.20","7.30","7.13","2.11M","0.84%"
"03/03/2021","7.12","7.22","7.29","6.97","872.45K","-1.93%"
"03/02/2021","7.26","7.40","7.40","7.19","886.79K","-1.63%"
"03/01/2021","7.38","7.41","7.49","7.30","1.72M","0.68%"
"02/28/2021","7.33","7.16","7.45","7.11","2.82M","3.39%"
"02/25/2021","7.09","7.00","7.15","7.00","249.27K","2.16%"
"02/24/2021","6.94","7.05","7.05","6.84","499.12K","0.14%"
"02/23/2021","6.93","7.00","7.10","6.89","363.94K","-1.28%"
"02/22/2021","7.02","7.01","7.14","6.97","311.16K","-0.28%"
"02/21/2021","7.04","7.07","7.15","6.94","761.72K","1.15%"
"02/18/2021","6.96","6.81","7.05","6.80","803.93K","1.16%"
"02/17/2021","6.88","6.97","7.00","6.80","574.95K","-1.29%"
"02/16/2021","6.97","6.87","7.04","6.84","2.08M","2.20%"
"02/15/2021","6.82","6.84","6.90","6.72","3.11M","-1.30%"
"02/14/2021","6.91","6.91","7.00","6.81","278.05K","0.29%"
"02/11/2021","6.89","6.92","7.00","6.82","480.52K","0.44%"
"02/10/2021","6.86","6.90","6.95","6.78","556.77K","0.00%"
"02/09/2021","6.86","6.80","6.95","6.79","691.52K","0.15%"
"02/08/2021","6.85","6.90","6.95","6.76","596.54K","-1.58%"
"02/07/2021","6.96","7.07","7.07","6.85","1.94M","-0.43%"
"02/04/2021","6.99","7.00","7.07","6.97","290.97K","0.00%"
"02/03/2021","6.99","7.00","7.15","6.96","450.88K","-0.85%"
"02/02/2021","7.05","7.07","7.10","7.00","756.87K","-0.56%"
"02/01/2021","7.09","7.08","7.14","7.04","601.16K","0.14%"
"01/31/2021","7.08","7.10","7.19","7.02","348.03K","-0.98%"
"01/27/2021","7.15","7.21","7.25","7.09","539.13K","-0.83%"
"01/26/2021","7.21","7.25","7.25","7.20","1.70M","-1.23%"
"01/25/2021","7.30","7.29","7.38","7.25","492.85K","0.27%"
"01/24/2021","7.28","7.30","7.34","7.21","147.01K","0.14%"
"01/21/2021","7.27","7.32","7.36","7.20","1.48M","-0.68%"
"01/20/2021","7.32","7.39","7.43","7.22","968.02K","0.27%"
"01/19/2021","7.30","7.20","7.45","7.17","579.44K","1.39%"
"01/18/2021","7.20","7.24","7.28","7.16","1.07M","0.28%"
"01/17/2021","7.18","7.25","7.25","7.15","311.99K","-0.83%"
"01/14/2021","7.24","7.20","7.30","7.20","1.18M","-0.14%"
"01/13/2021","7.25","7.36","7.36","7.18","1.38M","0.14%"
"01/12/2021","7.24","7.02","7.38","7.02","2.88M","3.13%"
"01/11/2021","7.02","7.10","7.11","7.00","592.65K","0.14%"
"01/10/2021","7.01","7.09","7.10","6.96","479.62K","0.00%"
"01/06/2021","7.01","6.92","7.09","6.88","1.72M","2.34%"
"01/05/2021","6.85","6.65","6.90","6.63","1.74M","1.93%"
"01/04/2021","6.72","6.72","6.80","6.66","1.03M","-0.88%"
"01/03/2021","6.78","6.80","6.85","6.75","275.58K","-1.02%"
"12/31/2020","6.85","6.90","6.94","6.79","3.03M","-1.30%"
"12/30/2020","6.94","6.89","7.05","6.87","511.64K","2.21%"
"12/29/2020","6.79","6.94","6.94","6.73","123.94K","-0.15%"
"12/28/2020","6.80","6.80","6.90","6.70","61.23K","1.34%"
"12/27/2020","6.71","6.80","6.81","6.60","101.07K","-1.32%"
"12/24/2020","6.80","6.70","6.94","6.70","307.52K","0.29%"
"12/23/2020","6.78","6.85","6.85","6.70","168.83K","0.44%"
"12/22/2020","6.75","6.52","6.91","6.50","237.30K","1.20%"
"12/21/2020","6.67","6.79","6.81","6.50","1.44M","-4.99%"
"12/20/2020","7.02","7.07","7.17","6.90","574.27K","-0.71%"
"12/17/2020","7.07","7.10","7.16","7.04","546.87K","-1.81%"
"12/16/2020","7.20","7.30","7.40","7.09","634.56K","-2.31%"
"12/15/2020","7.37","7.40","7.49","7.21","653.72K","-0.54%"
"12/14/2020","7.41","7.64","7.64","7.35","880.52K","-2.37%"
"12/13/2020","7.59","7.68","7.68","7.50","640.39K","-0.39%"
"12/10/2020","7.62","7.60","7.75","7.52","680.58K","-0.65%"
"12/09/2020","7.67","7.71","7.85","7.57","527.38K","-0.78%"
"12/08/2020","7.73","7.88","7.88","7.69","726.20K","-1.90%"
"12/07/2020","7.88","7.80","8.06","7.70","1.94M","0.38%"
"12/06/2020","7.85","7.85","7.96","7.80","843.55K","2.21%"
"12/03/2020","7.68","7.50","7.82","7.49","3.10M","3.50%"
"12/02/2020","7.42","7.45","7.54","7.30","402.89K","-1.07%"
"12/01/2020","7.50","7.55","7.55","7.35","2.01M","2.18%"
"11/30/2020","7.34","7.50","7.56","7.20","10.84M","-2.52%"
"11/29/2020","7.53","7.52","7.57","7.49","213.98K","0.40%"
"11/26/2020","7.50","7.65","7.65","7.46","414.75K","-0.79%"
"11/25/2020","7.56","7.48","7.67","7.48","450.57K","0.93%"
"11/24/2020","7.49","7.45","7.51","7.44","614.90K","-0.13%"
"11/23/2020","7.50","7.49","7.59","7.40","345.36K","-0.79%"
"11/22/2020","7.56","7.70","7.82","7.43","259.45K","-1.05%"
"11/19/2020","7.64","7.48","8.00","7.25","2.40M","3.24%"
"11/18/2020","7.40","7.49","7.60","7.25","661.08K","-0.54%"
"11/17/2020","7.44","7.24","7.57","7.24","1.03M","1.78%"
"11/16/2020","7.31","7.12","7.40","7.11","729.01K","2.81%"
"11/15/2020","7.11","7.20","7.20","7.06","929.45K","-1.66%"
"11/12/2020","7.23","7.14","7.33","7.12","815.50K","1.26%"
"11/11/2020","7.14","7.11","7.25","7.01","516.18K","1.71%"
"11/10/2020","7.02","6.82","7.30","6.80","3.93M","7.83%"
"11/09/2020","6.51","6.45","6.78","6.40","1.48M","1.88%"
"11/08/2020","6.39","6.24","6.50","6.22","868.78K","2.90%"
"11/05/2020","6.21","6.20","6.29","6.15","552.92K","2.31%"
"11/04/2020","6.07","6.10","6.20","5.80","634.32K","1.17%"
"11/03/2020","6.00","6.08","6.15","5.90","1.08M","-1.64%"
"11/02/2020","6.10","6.10","6.20","5.98","1.06M","-1.29%"
"11/01/2020","6.18","6.20","6.23","6.01","561.91K","-1.12%"
"10/28/2020","6.25","6.22","6.35","6.06","2.16M","-0.16%"
"10/27/2020","6.26","6.29","6.38","6.15","1.35M","2.12%"
"10/26/2020","6.13","6.00","6.29","5.90","1.03M","4.43%"
"10/25/2020","5.87","5.89","5.99","5.76","103.96K","-0.34%"
"10/22/2020","5.89","5.64","6.00","5.64","2.03M","-0.84%"
"10/21/2020","5.94","6.05","6.05","5.51","1.33M","-1.00%"
"10/20/2020","6.00","6.09","6.10","5.96","3.25M","-1.48%"
"10/19/2020","6.09","6.12","6.18","6.00","1.04M","-0.98%"
"10/18/2020","6.15","6.24","6.25","6.05","480.34K","-1.28%"
"10/15/2020","6.23","6.33","6.37","6.10","1.41M","1.30%"
"10/14/2020","6.15","5.90","6.40","5.77","3.98M","5.13%"
"10/13/2020","5.85","5.98","5.98","5.80","994.42K","-2.17%"
"10/12/2020","5.98","6.04","6.10","5.83","1.27M","-1.81%"
"10/11/2020","6.09","6.08","6.18","6.00","779.01K","1.00%"
"10/07/2020","6.03","6.08","6.10","5.91","1.29M","-1.31%"
"10/06/2020","6.11","6.12","6.20","6.08","583.34K","-0.65%"
"10/05/2020","6.15","6.20","6.24","6.07","800.78K","-1.13%"
"10/04/2020","6.22","6.40","6.40","6.12","758.55K","-0.16%"
"10/01/2020","6.23","6.00","6.44","5.93","2.78M","5.41%"
"09/30/2020","5.91","5.80","6.09","5.79","2.69M","1.37%"
"09/29/2020","5.83","5.90","5.90","5.77","1.99M","1.39%"
"09/28/2020","5.75","5.49","5.97","5.48","9.92M","5.50%"
"09/27/2020","5.45","5.40","5.47","5.40","1.47M","1.30%"
"09/24/2020","5.38","5.39","5.45","5.34","218.51K","-1.10%"
"09/23/2020","5.44","5.40","5.49","5.36","551.36K","0.93%"
"09/22/2020","5.39","5.27","5.44","5.27","442.00K","-0.19%"
"09/21/2020","5.40","5.50","5.53","5.22","806.50K","-1.10%"
"09/20/2020","5.46","5.33","5.53","5.23","2.26M","0.92%"
"09/17/2020","5.41","5.43","5.45","5.37","1.16M","0.37%"
"09/16/2020","5.39","5.28","5.47","5.28","1.66M","1.70%"
"09/15/2020","5.30","5.20","5.35","5.20","1.76M","2.12%"
"09/14/2020","5.19","5.26","5.26","5.15","1.12M","-0.57%"
"09/13/2020","5.22","5.22","5.27","5.19","502.66K","0.58%"
"09/10/2020","5.19","5.20","5.23","5.15","833.21K","0.19%"
"09/09/2020","5.18","5.18","5.26","5.11","814.09K","-0.38%"
"09/08/2020","5.20","5.27","5.32","5.16","2.54M","-1.52%"
"09/07/2020","5.28","5.31","5.35","5.25","1.35M","0.38%"
"09/06/2020","5.26","5.33","5.33","5.21","573.40K","-1.50%"
"09/03/2020","5.34","5.33","5.41","5.28","899.38K","0.38%"
"09/02/2020","5.32","5.31","5.37","5.30","357.91K","-0.19%"
"09/01/2020","5.33","5.33","5.38","5.27","900.31K","-0.37%"
"08/31/2020","5.35","5.37","5.44","5.25","1.92M","0.38%"
"08/30/2020","5.33","5.32","5.37","5.30","852.83K","0.19%"
"08/27/2020","5.32","5.36","5.36","5.29","2.48M","-0.75%"
"08/26/2020","5.36","5.40","5.43","5.33","1.13M","-0.56%"
"08/25/2020","5.39","5.44","5.47","5.34","759.89K","-0.74%"
"08/24/2020","5.43","5.47","5.47","5.36","2.11M","-0.55%"
"08/23/2020","5.46","5.45","5.50","5.41","1.19M","2.06%"
"08/19/2020","5.35","5.49","5.49","5.30","3.70M","-2.01%"
"08/18/2020","5.46","5.64","5.64","5.39","3.95M","-3.70%"
"08/17/2020","5.67","5.75","5.75","5.51","1.74M","-2.58%"
"08/16/2020","5.82","5.79","5.85","5.73","2.83M","1.39%"
"08/13/2020","5.74","5.75","5.77","5.71","1.05M","0.35%"
"08/12/2020","5.72","5.72","5.79","5.67","3.09M","-0.52%"
"08/11/2020","5.75","5.75","5.79","5.70","1.27M","0.17%"
"08/10/2020","5.74","5.80","5.80","5.67","647.32K","-0.69%"
"08/09/2020","5.78","5.75","5.83","5.73","1.05M","1.05%"
"08/06/2020","5.72","5.63","5.78","5.62","1.85M","1.78%"
"08/05/2020","5.62","5.65","5.69","5.58","1.51M","-0.53%"
"08/04/2020","5.65","5.70","5.75","5.61","1.79M","1.07%"
"07/29/2020","5.59","5.60","5.70","5.50","2.03M","0.72%"
"07/28/2020","5.55","5.55","5.60","5.50","1.92M","0.18%"
"07/27/2020","5.54","5.67","5.67","5.49","6.80M","-10.65%"
"07/26/2020","6.20","6.15","6.27","6.12","7.97M","2.99%"
"07/22/2020","6.02","5.91","6.09","5.90","3.67M","2.03%"
"07/21/2020","5.90","5.88","5.98","5.85","1.65M","0.34%"
"07/20/2020","5.88","5.84","5.95","5.80","880.63K","-0.17%"
"07/19/2020","5.89","5.97","6.10","5.75","1.47M","-1.34%"
"07/16/2020","5.97","5.95","6.05","5.77","1.06M","0.67%"
"07/15/2020","5.93","6.10","6.15","5.70","5.63M","-2.47%"
"07/14/2020","6.08","6.10","6.13","6.02","1.78M","0.16%"
"07/13/2020","6.07","5.97","6.12","5.97","3.94M","2.71%"
"07/12/2020","5.91","5.77","5.97","5.77","1.57M","4.42%"
"07/09/2020","5.66","5.76","5.77","5.56","2.21M","-2.92%"
"07/08/2020","5.83","5.83","5.93","5.71","1.45M","-0.85%"
"07/07/2020","5.88","5.90","6.00","5.83","773.37K","-0.17%"
"07/06/2020","5.89","5.80","6.06","5.71","4.97M","3.15%"
"07/05/2020","5.71","5.55","5.82","5.50","2.64M","4.01%"
"06/30/2020","5.49","5.43","5.53","5.40","1.51M","1.10%"
"06/29/2020","5.43","5.50","5.50","5.39","802.17K","-0.91%"
"06/28/2020","5.48","5.47","5.50","5.44","313.65K","0.18%"
"06/25/2020","5.47","5.49","5.52","5.42","971.12K","-0.55%"
"06/24/2020","5.50","5.40","5.57","5.40","1.17M","2.04%"
"06/23/2020","5.39","5.35","5.45","5.30","439.05K","0.37%"
"06/22/2020","5.37","5.40","5.44","5.33","566.87K","-0.37%"
"06/21/2020","5.39","5.37","5.45","5.30","774.72K","-0.37%"
"06/18/2020","5.41","5.44","5.49","5.35","1.56M","-1.10%"
"06/17/2020","5.47","5.38","5.55","5.38","1.31M","1.48%"
"06/16/2020","5.39","5.39","5.46","5.34","1.96M","1.13%"
"06/15/2020","5.33","5.29","5.41","5.22","2.22M","0.57%"
"06/14/2020","5.30","5.25","5.34","5.25","969.62K","-0.56%"
"06/11/2020","5.33","5.33","5.38","5.27","1.16M","-0.56%"
"06/10/2020","5.36","5.36","5.42","5.33","869.08K","-0.74%"
"06/09/2020","5.40","5.47","5.47","5.34","1.65M","-1.46%"
"06/08/2020","5.48","5.52","5.58","5.42","2.43M","-0.54%"
"06/07/2020","5.51","5.48","5.59","5.45","3.37M","1.85%"
"06/04/2020","5.41","5.28","5.50","5.25","2.39M","2.46%"
"06/03/2020","5.28","5.28","5.30","5.25","706.13K","0.19%"
"06/02/2020","5.27","5.28","5.30","5.24","1.23M","0.00%"
"06/01/2020","5.27","5.28","5.30","5.22","1.05M","0.57%"
"05/31/2020","5.24","5.16","5.32","5.15","1.20M","1.95%"
"05/21/2020","5.14","5.13","5.18","5.10","1.48M","-0.39%"
"05/20/2020","5.16","5.10","5.22","5.05","1.80M","0.98%"
"05/19/2020","5.11","5.15","5.19","5.08","704.12K","0.79%"
"05/18/2020","5.07","5.06","5.12","5.03","1.54M","-0.39%"
"05/17/2020","5.09","5.14","5.16","5.00","797.10K","-0.78%"
"05/14/2020","5.13","5.19","5.20","5.10","1.68M","-1.91%"
"05/13/2020","5.23","5.33","5.33","5.19","1.41M","-1.88%"
"05/12/2020","5.33","5.23","5.38","5.22","3.10M","4.31%"
"05/11/2020","5.11","5.07","5.24","4.95","3.25M","0.59%"
"05/10/2020","5.08","5.15","5.15","5.04","1.30M","-0.59%"
"05/07/2020","5.11","5.25","5.25","5.05","1.48M","-2.11%"
"05/06/2020","5.22","5.23","5.28","5.20","1.32M","0.19%"
"05/05/2020","5.21","5.25","5.26","5.18","864.49K","0.58%"
"05/04/2020","5.18","5.20","5.29","5.12","2.40M","-1.33%"
"05/03/2020","5.25","5.41","5.41","5.05","3.87M","-3.85%"
"04/30/2020","5.46","5.50","5.54","5.40","3.33M","-1.27%"
"04/29/2020","5.53","5.57","5.64","5.45","2.99M","0.18%"
"04/28/2020","5.52","5.38","5.64","5.35","7.69M","2.79%"
"04/27/2020","5.37","5.50","5.50","5.30","4.44M","-2.01%"
"04/26/2020","5.48","5.45","5.56","5.41","5.00M","2.43%"
"04/23/2020","5.35","5.26","5.44","5.25","5.33M","2.69%"
"04/22/2020","5.21","5.25","5.30","5.15","4.04M","-1.14%"
"04/21/2020","5.27","5.34","5.34","5.21","2.75M","-0.38%"
"04/16/2020","5.29","5.27","5.36","5.18","4.04M","0.76%"
"04/15/2020","5.25","5.39","5.40","5.16","7.40M","0.19%"
"04/14/2020","5.24","5.20","5.36","5.13","7.02M","0.38%"
"04/13/2020","5.22","5.40","5.47","5.14","9.27M","-2.97%"
"04/12/2020","5.38","5.47","5.48","5.31","1.17M","-2.18%"
"04/09/2020","5.50","5.57","5.75","5.38","2.79M","0.73%"
"04/08/2020","5.46","5.47","5.59","5.30","4.14M","1.87%"
"04/07/2020","5.36","5.21","5.50","5.21","3.53M","3.08%"
"04/06/2020","5.20","5.23","5.25","5.16","1.22M","0.58%"
"04/05/2020","5.17","5.27","5.27","5.10","357.51K","-1.34%"
"04/02/2020","5.24","5.21","5.33","5.18","535.92K","0.38%"
"04/01/2020","5.22","5.30","5.30","5.14","1.30M","-2.97%"
"03/31/2020","5.38","5.44","5.50","5.27","1.69M","-0.37%"
"03/30/2020","5.40","5.55","5.55","5.33","823.49K","-3.40%"
"03/29/2020","5.59","5.70","5.70","5.54","713.51K","-2.44%"
"03/26/2020","5.73","5.66","5.78","5.62","1.37M","0.35%"
"03/25/2020","5.71","5.88","5.90","5.60","680.12K","0.53%"
"03/24/2020","5.68","5.78","5.89","5.60","443.79K","-0.70%"
"03/23/2020","5.72","5.73","6.05","5.57","978.51K","2.69%"
"03/22/2020","5.57","5.78","5.87","5.40","1.51M","4.31%"
"03/19/2020","5.34","4.55","5.48","4.50","1.39M","7.01%"
"03/18/2020","4.99","5.20","5.32","4.69","1.57M","-2.16%"
"03/17/2020","5.10","5.27","5.31","4.89","2.30M","-5.73%"
"03/16/2020","5.41","5.51","5.59","5.39","2.09M","-9.53%"
"03/15/2020","5.98","6.55","6.55","5.97","2.16M","-9.80%"
"03/11/2020","6.63","6.81","6.81","6.50","551.21K","-1.49%"
"03/10/2020","6.73","6.67","6.80","6.57","570.97K","1.51%"
"03/09/2020","6.63","6.90","6.90","6.53","563.55K","-3.21%"
"03/08/2020","6.85","6.93","6.93","6.80","215.88K","-2.42%"
"03/05/2020","7.02","6.93","7.10","6.89","168.72K","2.48%"
"03/04/2020","6.85","6.81","6.93","6.67","690.02K","2.09%"
"03/03/2020","6.71","6.63","6.86","6.61","290.26K","1.21%"
"03/02/2020","6.63","6.77","6.91","6.34","554.67K","-1.49%"
"03/01/2020","6.73","6.87","6.87","6.47","151.21K","-3.17%"
"02/27/2020","6.95","7.01","7.01","6.90","222.24K","-0.86%"
"02/26/2020","7.01","6.93","7.09","6.93","262.87K","0.86%"
"02/25/2020","6.95","7.03","7.10","6.91","587.44K","-0.86%"
"02/24/2020","7.01","7.23","7.26","6.87","940.38K","-2.09%"
"02/23/2020","7.16","6.97","7.23","6.97","1.79M","2.43%"
"02/20/2020","6.99","6.97","7.00","6.90","831.15K","1.16%"
"02/19/2020","6.91","6.87","6.97","6.83","288.41K","-0.43%"
"02/18/2020","6.94","7.03","7.03","6.85","139.24K","-0.86%"
"02/17/2020","7.00","7.03","7.03","6.96","18.31K","0.00%"
"02/16/2020","7.00","6.95","7.07","6.87","211.32K","1.01%"
"02/13/2020","6.93","6.95","7.05","6.91","720.85K","-0.86%"
"02/12/2020","6.99","7.05","7.05","6.94","59.05K","-1.13%"
"02/11/2020","7.07","7.09","7.15","7.02","225.99K","1.00%"
"02/10/2020","7.00","7.04","7.04","7.00","474.40K","-0.85%"
"02/09/2020","7.06","7.07","7.09","7.04","202.75K","-0.28%"
"02/06/2020","7.08","7.05","7.11","7.05","369.73K","1.14%"
"02/05/2020","7.00","7.06","7.07","6.93","171.01K","2.04%"
"02/04/2020","6.86","6.82","7.09","6.82","242.57K","0.15%"
"02/03/2020","6.85","6.89","6.89","6.83","157.16K","-0.58%"
"02/02/2020","6.89","6.95","6.95","6.86","42.91K","-0.58%"
"01/30/2020","6.93","6.93","6.97","6.83","100.41K","0.58%"
"01/29/2020","6.89","6.96","6.97","6.83","76.91K","1.03%"
"01/28/2020","6.82","6.80","6.93","6.71","162.16K","0.74%"
"01/27/2020","6.77","6.80","6.80","6.74","305.50K","-0.29%"
"01/26/2020","6.79","6.91","6.91","6.74","69.47K","-0.59%"
"01/23/2020","6.83","6.87","6.93","6.75","136.90K","0.59%"
"01/22/2020","6.79","6.92","6.92","6.77","114.41K","0.59%"
"01/21/2020","6.75","6.81","6.81","6.72","99.64K","-1.32%"
"01/20/2020","6.84","6.90","6.93","6.73","282.70K","-1.01%"
"01/19/2020","6.91","6.97","6.97","6.90","101.49K","-1.29%"
"01/16/2020","7.00","6.91","7.10","6.87","1.35M","0.72%"
"01/15/2020","6.95","7.00","7.03","6.93","529.53K","-0.57%"
"01/14/2020","6.99","6.96","7.01","6.88","325.89K","0.72%"
"01/13/2020","6.94","6.93","7.04","6.87","251.91K","-1.00%"
"01/12/2020","7.01","7.07","7.07","6.93","36.11K","0.00%"
"01/09/2020","7.01","6.99","7.11","6.91","436.87K","2.64%"
"01/08/2020","6.83","6.67","6.92","6.46","147.12K","1.79%"
"01/06/2020","6.71","6.78","6.81","6.67","121.40K","0.30%"
"01/05/2020","6.69","6.83","6.83","6.60","303.77K","-4.43%"
"01/02/2020","7.00","7.00","7.00","6.99","134.09K","-0.57%"
"12/31/2019","7.04","7.06","7.12","6.87","372.09K","0.72%"
"12/30/2019","6.99","6.91","7.00","6.91","199.35K","1.60%"
"12/29/2019","6.88","6.97","6.97","6.87","123.64K","-0.72%"
"12/26/2019","6.93","6.96","6.97","6.91","74.35K","0.87%"
"12/25/2019","6.87","6.90","6.93","6.85","451.17K","-0.29%"
"12/24/2019","6.89","6.91","6.97","6.87","109.65K","-1.43%"
"12/23/2019","6.99","7.01","7.12","6.93","80.24K","-1.96%"
"12/22/2019","7.13","7.10","7.13","7.07","137.61K","0.00%"
"12/19/2019","7.13","7.27","7.27","7.05","449.73K","-1.79%"
"12/18/2019","7.26","7.17","7.33","7.12","601.84K","1.82%"
"12/17/2019","7.13","7.01","7.23","7.00","831.27K","2.00%"
"12/16/2019","6.99","6.93","7.01","6.89","291.57K","1.45%"
"12/15/2019","6.89","6.93","7.00","6.87","60.07K","-0.43%"
"12/12/2019","6.92","6.80","7.03","6.77","525.56K","1.02%"
"12/11/2019","6.85","6.80","6.92","6.77","166.10K","0.00%"
"12/10/2019","6.85","6.77","6.97","6.77","26.00K","0.29%"
"12/09/2019","6.83","6.93","6.93","6.76","84.12K","-0.87%"
"12/08/2019","6.89","6.99","7.00","6.80","45.39K","-0.14%"
"12/05/2019","6.90","6.87","7.00","6.70","536.94K","0.15%"
"12/04/2019","6.89","6.93","6.95","6.83","245.05K","1.77%"
"12/03/2019","6.77","6.68","6.87","6.27","464.98K","-0.88%"
"12/02/2019","6.83","6.92","7.05","6.67","2.65M","-0.58%"
"12/01/2019","6.87","6.91","6.91","6.83","520.29K","-0.87%"
"11/28/2019","6.93","6.89","6.93","6.89","194.23K","-0.14%"
"11/27/2019","6.94","6.94","7.00","6.89","41.17K","0.00%"
"11/26/2019","6.94","7.00","7.05","6.88","153.51K","-0.72%"
"11/25/2019","6.99","7.07","7.07","6.87","272.96K","-0.14%"
"11/24/2019","7.00","6.97","7.09","6.93","64.09K","-0.28%"
"11/21/2019","7.02","7.04","7.12","6.96","68.34K","-1.27%"
"11/20/2019","7.11","7.15","7.18","7.01","161.84K","-0.14%"
"11/19/2019","7.12","7.18","7.19","7.03","642.75K","0.00%"
"11/18/2019","7.12","7.17","7.17","7.03","470.77K","-0.84%"
"11/17/2019","7.18","7.10","7.27","7.10","430.44K","0.84%"
"11/14/2019","7.12","7.14","7.19","7.01","164.15K","-0.97%"
"11/13/2019","7.19","7.07","7.23","7.07","640.25K","0.28%"
"11/12/2019","7.17","7.20","7.27","7.10","424.66K","-1.51%"
"11/11/2019","7.28","7.20","7.40","7.15","879.62K","2.39%"
"11/07/2019","7.11","7.01","7.23","6.95","1.04M","1.14%"
"11/06/2019","7.03","7.01","7.11","6.95","390.41K","-1.13%"
"11/05/2019","7.11","7.13","7.28","6.94","842.74K","-0.28%"
"11/04/2019","7.13","7.03","7.23","7.00","766.33K","1.13%"
"11/03/2019","7.05","6.98","7.10","6.98","691.63K","1.88%"
"10/31/2019","6.92","6.90","6.96","6.87","428.68K","0.29%"
"10/30/2019","6.90","6.87","6.95","6.83","308.37K","0.44%"
"10/29/2019","6.87","6.85","6.90","6.77","181.49K","0.88%"
"10/28/2019","6.81","6.79","6.87","6.76","87.78K","0.89%"
"10/27/2019","6.75","6.74","6.80","6.73","78.83K","0.00%"
"10/24/2019","6.75","6.82","6.82","6.73","129.53K","0.90%"
"10/23/2019","6.69","6.77","6.83","6.67","1.14M","-2.19%"
"10/22/2019","6.84","6.86","6.86","6.77","157.51K","1.03%"
"10/21/2019","6.77","6.93","6.93","6.73","224.33K","-2.03%"
"10/20/2019","6.91","6.93","6.93","6.84","240.30K","0.29%"
"10/17/2019","6.89","6.90","7.00","6.84","993.65K","0.00%"
"10/16/2019","6.89","6.90","6.91","6.84","613.47K","-0.43%"
"10/15/2019","6.92","6.93","6.93","6.87","668.26K","0.44%"
"10/14/2019","6.89","6.93","6.93","6.83","645.58K","-0.29%"
"10/13/2019","6.91","6.81","6.97","6.79","243.34K","-0.14%"
"10/10/2019","6.92","6.92","7.00","6.84","124.61K","0.73%"
"10/09/2019","6.87","6.73","6.93","6.73","829.45K","-1.43%"
"10/08/2019","6.97","6.87","7.09","6.81","1.07M","0.87%"
"10/07/2019","6.91","6.87","6.93","6.84","205.68K","2.37%"
"10/03/2019","6.75","6.79","6.86","6.60","1.36M","-1.46%"
"10/02/2019","6.85","6.87","6.87","6.77","346.92K","-1.44%"
"10/01/2019","6.95","7.07","7.07","6.75","649.82K","0.00%"
"09/30/2019","6.95","7.13","7.13","6.86","385.28K","-1.70%"
"09/29/2019","7.07","7.23","7.39","6.96","612.05K","0.43%"
"09/26/2019","7.04","6.99","7.23","6.90","1.04M","2.33%"
"09/25/2019","6.88","6.67","6.99","6.67","292.76K","4.72%"
"09/24/2019","6.57","6.66","6.72","6.47","705.20K","-0.90%"
"09/23/2019","6.63","6.67","6.99","6.30","875.43K","-1.78%"
"09/22/2019","6.75","6.93","6.97","6.60","574.52K","-2.74%"
"09/19/2019","6.94","6.93","7.39","6.87","1.60M","0.73%"
"09/18/2019","6.89","6.70","7.00","6.70","404.74K","2.07%"
"09/17/2019","6.75","7.13","7.13","6.47","1.00M","-4.93%"
"09/16/2019","7.10","7.20","7.20","7.00","1.18M","-2.34%"
"09/15/2019","7.27","7.37","7.45","7.07","954.31K","-2.02%"
"09/12/2019","7.42","7.35","7.46","7.35","157.84K","0.41%"
"09/11/2019","7.39","7.41","7.45","7.33","509.90K","-1.07%"
"09/10/2019","7.47","7.53","7.53","7.46","37.60K","0.00%"
"09/09/2019","7.47","7.43","7.56","7.40","474.62K","0.00%"
"09/08/2019","7.47","7.51","7.53","7.39","723.52K","-0.27%"
"09/05/2019","7.49","7.57","7.63","7.37","947.94K","-2.09%"
"09/04/2019","7.65","7.60","7.73","7.60","260.43K","-0.52%"
"09/03/2019","7.69","7.73","7.80","7.60","408.60K","-0.26%"
"09/02/2019","7.71","7.61","7.80","7.60","271.86K","0.26%"
"09/01/2019","7.69","7.61","7.80","7.61","236.65K","0.92%"
"08/29/2019","7.62","7.60","7.67","7.60","614.23K","0.13%"
"08/28/2019","7.61","7.54","7.67","7.53","783.06K","-0.13%"
"08/27/2019","7.62","7.68","7.69","7.55","251.17K","-0.78%"
"08/26/2019","7.68","7.65","7.80","7.63","1.43M","1.72%"
"08/25/2019","7.55","7.51","7.63","7.49","634.88K","0.00%"
"08/22/2019","7.55","7.60","7.60","7.48","458.64K","0.27%"
"08/21/2019","7.53","7.47","7.60","7.40","730.39K","1.07%"
"08/20/2019","7.45","7.43","7.53","7.38","1.82M","0.27%"
"08/19/2019","7.43","7.51","7.51","7.33","4.62M","-1.07%"
"08/18/2019","7.51","7.53","7.53","7.47","57.89K","0.27%"
"08/15/2019","7.49","7.53","7.67","7.41","168.02K","-2.09%"
"08/14/2019","7.65","7.43","7.83","7.43","1.11M","3.80%"
"08/08/2019","7.37","7.33","7.57","7.19","2.70M","1.10%"
"08/07/2019","7.29","7.28","7.37","7.21","1.55M","0.83%"
"08/06/2019","7.23","7.15","7.29","7.15","465.40K","0.84%"
"08/05/2019","7.17","7.03","7.30","7.03","697.53K","0.84%"
"08/04/2019","7.11","6.71","7.27","6.71","872.30K","3.49%"
"08/01/2019","6.87","6.80","6.93","6.80","415.72K","1.03%"
"07/31/2019","6.80","6.70","6.87","6.67","382.01K","0.29%"
"07/30/2019","6.78","6.83","6.86","6.67","865.81K","0.44%"
"07/29/2019","6.75","6.73","6.80","6.69","483.83K","-0.30%"
"07/28/2019","6.77","6.76","6.81","6.71","165.49K","0.45%"
"07/25/2019","6.74","6.83","6.83","6.67","564.45K","-1.32%"
"07/24/2019","6.83","6.80","6.89","6.77","590.14K","1.19%"
"07/22/2019","6.75","6.74","6.80","6.73","115.02K","-0.30%"
"07/21/2019","6.77","6.69","6.83","6.67","228.59K","-0.44%"
"07/18/2019","6.80","6.80","6.83","6.76","905.41K","0.15%"
"07/17/2019","6.79","6.80","6.83","6.71","196.59K","-0.29%"
"07/16/2019","6.81","6.77","6.87","6.77","310.27K","1.19%"
"07/15/2019","6.73","6.68","6.79","6.68","114.67K","0.00%"
"07/14/2019","6.73","6.67","6.83","6.67","451.38K","-0.59%"
"07/11/2019","6.77","6.79","6.88","6.67","1.32M","-0.73%"
"07/10/2019","6.82","6.80","6.93","6.76","819.58K","0.74%"
"07/09/2019","6.77","6.80","6.85","6.73","436.95K","-0.59%"
"07/08/2019","6.81","6.77","6.89","6.75","600.56K","0.00%"
"07/07/2019","6.81","6.89","6.90","6.69","152.83K","-0.29%"
"07/04/2019","6.83","6.83","6.87","6.67","767.69K","-1.16%"
"07/03/2019","6.91","6.87","6.96","6.83","512.85K","0.44%"
"07/02/2019","6.88","6.97","6.97","6.81","490.25K","-1.01%"
"06/27/2019","6.95","6.97","6.98","6.85","4.54M","0.87%"
"06/26/2019","6.89","6.87","6.97","6.84","354.96K","0.29%"
"06/25/2019","6.87","7.00","7.00","6.79","533.84K","-0.87%"
"06/24/2019","6.93","6.98","7.00","6.89","517.72K","-1.28%"
"06/23/2019","7.02","7.07","7.07","6.99","155.50K","-0.71%"
"06/20/2019","7.07","6.95","7.17","6.95","3.34M","1.87%"
"06/19/2019","6.94","6.93","7.00","6.87","338.27K","0.73%"
"06/18/2019","6.89","6.99","7.00","6.85","276.87K","-1.01%"
"06/17/2019","6.96","7.00","7.04","6.91","430.86K","-1.00%"
"06/16/2019","7.03","6.93","7.13","6.93","5.04M","1.44%"
"06/13/2019","6.93","6.93","7.00","6.82","254.77K","0.00%"
"06/12/2019","6.93","7.01","7.03","6.80","351.93K","0.29%"
"06/11/2019","6.91","7.08","7.08","6.81","1.10M","-1.43%"
"06/10/2019","7.01","6.59","7.23","6.59","1.75M","6.53%"
"06/09/2019","6.58","6.45","6.61","6.43","1.47M","4.61%"
"06/03/2019","6.29","6.20","6.40","6.18","827.19K","0.64%"
"06/02/2019","6.25","6.25","6.33","6.17","131.70K","-1.57%"
"05/30/2019","6.35","6.38","6.40","6.22","1.16M","-1.09%"
"05/29/2019","6.42","6.57","6.63","6.25","809.52K","-1.38%"
"05/28/2019","6.51","6.47","6.58","6.40","1.28M","1.09%"
"05/27/2019","6.44","6.59","6.59","6.35","208.00K","0.62%"
"05/26/2019","6.40","6.35","6.59","6.33","642.89K","1.43%"
"05/23/2019","6.31","6.23","6.45","6.19","804.04K","1.28%"
"05/22/2019","6.23","6.23","6.30","6.17","262.84K","-0.95%"
"05/21/2019","6.29","6.30","6.33","6.23","1.04M","0.32%"
"05/20/2019","6.27","6.35","6.35","6.17","551.84K","0.64%"
"05/19/2019","6.23","6.15","6.33","6.11","225.58K","0.65%"
"05/16/2019","6.19","6.09","6.33","6.07","380.87K","1.14%"
"05/15/2019","6.12","6.22","6.22","6.06","278.70K","-2.24%"
"05/14/2019","6.26","6.25","6.33","6.21","518.95K","0.16%"
"05/13/2019","6.25","6.29","6.33","6.13","945.09K","0.32%"
"05/12/2019","6.23","6.25","6.30","6.11","365.98K","1.96%"
"05/09/2019","6.11","6.03","6.23","6.00","1.02M","-0.97%"
"05/08/2019","6.17","6.21","6.30","6.04","1.11M","-1.91%"
"05/07/2019","6.29","6.21","6.33","6.20","1.02M","2.78%"
"05/06/2019","6.12","6.04","6.23","6.00","1.52M","0.49%"
"05/05/2019","6.09","6.21","6.23","6.00","367.09K","-3.18%"
"05/02/2019","6.29","6.31","6.39","6.22","272.92K","0.16%"
"04/30/2019","6.28","6.33","6.37","6.24","378.89K","-1.10%"
"04/24/2019","6.35","6.44","6.53","6.23","560.79K","-3.05%"
"04/23/2019","6.55","6.83","6.83","6.33","700.00K","-3.82%"
"04/22/2019","6.81","6.82","7.00","6.73","479.54K","-13.91%"
"04/21/2019","7.91","7.93","8.00","7.88","1.58M","-1.00%"
"04/18/2019","7.99","8.00","8.12","7.83","2.12M","0.25%"
"04/17/2019","7.97","7.97","8.03","7.91","487.62K","0.38%"
"04/16/2019","7.94","8.02","8.09","7.83","998.67K","-0.25%"
"04/15/2019","7.96","8.00","8.00","7.93","408.75K","-0.25%"
"04/14/2019","7.98","8.00","8.05","7.96","340.11K","-0.37%"
"04/11/2019","8.01","8.11","8.13","7.93","702.07K","-0.50%"
"04/10/2019","8.05","8.07","8.13","7.99","559.32K","0.50%"
"04/09/2019","8.01","7.99","8.07","7.95","1.94M","0.75%"
"04/08/2019","7.95","7.93","8.00","7.87","609.56K","0.00%"
"04/07/2019","7.95","8.00","8.00","7.85","1.49M","-1.24%"
"04/04/2019","8.05","8.03","8.13","7.97","810.98K","0.00%"
"04/03/2019","8.05","7.99","8.21","7.94","1.57M","2.94%"
"04/02/2019","7.82","7.77","7.93","7.75","536.52K","1.03%"
"04/01/2019","7.74","7.86","7.87","7.73","251.88K","-0.64%"
"03/31/2019","7.79","7.80","7.89","7.70","204.10K","-0.26%"
"03/28/2019","7.81","7.83","7.93","7.73","1.40M","-1.26%"
"03/27/2019","7.91","8.00","8.10","7.84","249.36K","-0.50%"
"03/26/2019","7.95","7.98","8.07","7.71","627.19K","1.66%"
"03/25/2019","7.82","7.93","8.00","7.67","578.44K","-2.25%"
"03/24/2019","8.00","8.07","8.26","7.97","698.04K","0.00%"
"03/21/2019","8.00","8.00","8.05","7.97","446.67K","0.38%"
"03/20/2019","7.97","8.01","8.12","7.91","246.40K","-0.99%"
"03/19/2019","8.05","8.15","8.43","7.93","2.79M","-2.19%"
"03/18/2019","8.23","8.35","8.45","8.17","438.88K","-2.02%"
"03/17/2019","8.40","8.37","8.47","8.30","35.92K","-0.47%"
"03/14/2019","8.44","8.35","8.56","8.33","2.13M","0.24%"
"03/13/2019","8.42","8.57","8.57","8.33","636.24K","-1.52%"
"03/12/2019","8.55","8.51","8.63","8.47","1.84M","2.52%"
"03/11/2019","8.34","8.32","8.47","8.20","566.43K","1.09%"
"03/10/2019","8.25","8.33","8.33","8.20","303.19K","0.49%"
"03/07/2019","8.21","7.90","8.33","7.90","2.62M","4.99%"
"03/06/2019","7.82","7.85","7.93","7.71","480.52K","1.56%"
"03/05/2019","7.70","7.76","7.83","7.67","525.00K","-1.91%"
"03/04/2019","7.85","8.13","8.13","7.60","1.04M","-3.92%"
"03/03/2019","8.17","8.00","8.33","7.98","645.15K","2.25%"
"02/28/2019","7.99","7.95","8.15","7.75","2.30M","1.14%"
"02/27/2019","7.90","7.88","7.99","7.87","66.81K","-0.88%"
"02/26/2019","7.97","8.01","8.05","7.90","221.05K","-0.38%"
"02/25/2019","8.00","7.89","8.07","7.89","163.03K","0.00%"
"02/24/2019","8.00","8.07","8.07","7.92","3.50M","0.25%"
"02/21/2019","7.98","8.00","8.03","7.92","544.34K","-0.37%"
"02/20/2019","8.01","8.07","8.13","8.00","1.44M","1.01%"
"02/19/2019","7.93","7.79","8.07","7.75","1.56M","1.28%"
"02/18/2019","7.83","7.82","7.90","7.74","450.13K","0.38%"
"02/17/2019","7.80","7.77","7.87","7.72","1.38M","1.43%"
"02/14/2019","7.69","7.80","7.87","7.63","410.01K","-1.54%"
"02/13/2019","7.81","7.69","7.87","7.69","1.50M","0.13%"
"02/12/2019","7.80","7.87","7.99","7.68","791.90K","-0.89%"
"02/11/2019","7.87","7.77","7.98","7.73","3.53M","3.42%"
"02/10/2019","7.61","7.34","7.79","7.32","2.19M","3.82%"
"02/07/2019","7.33","7.30","7.40","7.27","233.16K","-0.54%"
"02/06/2019","7.37","7.33","7.43","7.25","225.31K","-0.94%"
"02/05/2019","7.44","7.25","7.50","7.25","478.53K","1.09%"
"02/04/2019","7.36","7.60","7.60","7.23","749.85K","-0.94%"
"02/03/2019","7.43","7.24","7.59","7.23","1.35M","1.64%"
"01/31/2019","7.31","7.28","7.38","7.20","582.51K","-0.27%"
"01/30/2019","7.33","7.39","7.46","7.21","786.26K","0.14%"
"01/29/2019","7.32","7.37","7.37","7.23","680.75K","-0.54%"
"01/28/2019","7.36","7.19","7.43","7.19","725.84K","1.24%"
"01/27/2019","7.27","7.21","7.33","7.15","739.55K","3.71%"
"01/23/2019","7.01","6.94","7.13","6.80","1.13M","-0.85%"
"01/22/2019","7.07","7.20","7.21","6.95","518.10K","-0.84%"
"01/21/2019","7.13","7.13","7.20","7.07","304.16K","-0.56%"
"01/20/2019","7.17","7.33","7.33","7.07","690.85K","-0.83%"
"01/17/2019","7.23","7.33","7.33","7.20","467.23K","-1.36%"
"01/16/2019","7.33","7.48","7.48","7.25","1.74M","-2.14%"
"01/15/2019","7.49","7.53","7.60","7.43","310.90K","-1.06%"
"01/14/2019","7.57","7.71","7.71","7.41","1.11M","-0.39%"
"01/13/2019","7.60","7.40","7.73","7.40","3.92M","3.40%"
"01/10/2019","7.35","7.33","7.45","7.29","1.27M","-0.27%"
"01/09/2019","7.37","7.45","7.48","7.25","844.12K","-0.27%"
"01/08/2019","7.39","7.50","7.50","7.31","1.47M","0.00%"
"01/06/2019","7.39","7.33","7.51","7.20","2.02M","0.82%"
"01/03/2019","7.33","7.23","7.38","7.20","1.91M","1.52%"
"01/02/2019","7.22","6.97","7.37","6.97","2.24M","3.59%"
"12/31/2018","6.97","7.03","7.03","6.93","572.88K","0.00%"
"12/30/2018","6.97","6.97","7.05","6.86","465.12K","1.01%"
"12/27/2018","6.90","6.81","7.03","6.80","1.40M","1.62%"
"12/26/2018","6.79","6.80","6.85","6.75","389.59K","1.49%"
"12/25/2018","6.69","6.59","6.81","6.59","688.26K","0.30%"
"12/24/2018","6.67","6.77","6.91","6.56","343.29K","-0.60%"
"12/23/2018","6.71","6.81","6.81","6.63","266.10K","-1.76%"
"12/20/2018","6.83","6.80","6.93","6.71","874.24K","-0.58%"
"12/19/2018","6.87","6.83","7.00","6.79","440.56K","-0.72%"
"12/18/2018","6.92","6.93","7.00","6.80","235.84K","-0.72%"
"12/17/2018","6.97","7.00","7.07","6.93","373.49K","-0.29%"
"12/16/2018","6.99","7.00","7.09","6.93","960.79K","0.00%"
"12/13/2018","6.99","6.99","7.11","6.87","916.48K","1.16%"
"12/12/2018","6.91","6.77","7.00","6.77","390.73K","1.47%"
"12/11/2018","6.81","6.80","6.87","6.74","609.81K","0.15%"
"12/10/2018","6.80","6.99","7.00","6.73","609.42K","0.44%"
"12/09/2018","6.77","6.69","6.93","6.60","1.13M","-2.17%"
"12/06/2018","6.92","7.19","7.19","6.80","252.90K","-1.28%"
"12/05/2018","7.01","6.71","7.13","6.67","644.50K","4.16%"
"12/04/2018","6.73","6.74","6.84","6.67","550.60K","-0.88%"
"12/03/2018","6.79","6.81","6.81","6.68","466.64K","-0.59%"
"12/02/2018","6.83","6.87","6.87","6.78","242.52K","-0.58%"
"11/29/2018","6.87","6.86","6.99","6.80","1.04M","-0.29%"
"11/28/2018","6.89","6.94","6.97","6.74","1.29M","-0.72%"
"11/27/2018","6.94","7.03","7.07","6.83","907.73K","-0.57%"
"11/26/2018","6.98","7.26","7.26","6.91","337.73K","0.14%"
"11/25/2018","6.97","6.97","7.13","6.87","284.05K","-4.13%"
"11/22/2018","7.27","7.33","7.46","6.97","2.03M","-2.81%"
"11/21/2018","7.48","7.33","7.53","7.27","2.27M","0.27%"
"11/19/2018","7.46","7.46","7.53","7.33","926.49K","1.50%"
"11/18/2018","7.35","7.24","7.46","7.24","594.45K","2.51%"
"11/15/2018","7.17","7.10","7.28","7.01","407.01K","0.99%"
"11/14/2018","7.10","7.10","7.13","7.05","2.70M","0.00%"
"11/13/2018","7.10","7.11","7.22","6.97","7.55M","2.16%"
"11/12/2018","6.95","6.67","7.13","6.67","2.03M","4.20%"
"11/11/2018","6.67","6.59","6.76","6.59","195.50K","-0.15%"
"11/08/2018","6.68","6.79","6.80","6.63","422.54K","-0.15%"
"11/07/2018","6.69","6.69","6.79","6.65","706.37K","0.30%"
"11/06/2018","6.67","6.47","6.81","6.47","1.83M","4.71%"
"11/05/2018","6.37","6.33","6.53","6.33","2.54M","1.76%"
"11/04/2018","6.26","6.11","6.40","6.07","661.62K","2.62%"
"11/01/2018","6.10","6.13","6.20","6.01","579.59K","0.00%"
"10/31/2018","6.10","6.13","6.27","6.00","194.66K","-1.13%"
"10/30/2018","6.17","6.13","6.27","6.07","407.47K","0.98%"
"10/29/2018","6.11","5.94","6.19","5.94","821.21K","1.16%"
"10/28/2018","6.04","6.10","6.13","5.84","458.46K","-0.82%"
"10/25/2018","6.09","5.94","6.13","5.93","390.19K","1.16%"
"10/24/2018","6.02","6.00","6.13","5.97","2.72M","-3.22%"
"10/23/2018","6.22","6.33","6.40","5.94","1.00M","-0.16%"
"10/22/2018","6.23","6.18","6.33","6.13","531.99K","-0.64%"
"10/21/2018","6.27","6.33","6.33","6.15","121.60K","-0.95%"
"10/18/2018","6.33","6.46","6.46","6.27","321.99K","-1.86%"
"10/17/2018","6.45","6.50","6.59","6.34","295.50K","1.74%"
"10/16/2018","6.34","6.01","6.47","6.01","1.83M","5.49%"
"10/15/2018","6.01","5.81","6.23","5.73","1.70M","4.34%"
"10/14/2018","5.76","5.77","5.80","5.69","372.31K","4.54%"
"10/11/2018","5.51","5.50","5.73","5.45","1.82M","-3.16%"
"10/10/2018","5.69","5.73","5.73","5.67","1.16M","1.07%"
"10/09/2018","5.63","5.51","5.73","5.45","787.03K","0.54%"
"10/08/2018","5.60","5.87","5.87","5.41","1.46M","-5.56%"
"10/04/2018","5.93","6.05","6.07","5.85","1.54M","-4.82%"
"10/03/2018","6.23","6.40","6.40","6.05","1.01M","-1.42%"
"10/02/2018","6.32","6.21","6.35","6.21","866.44K","1.28%"
"10/01/2018","6.24","6.30","6.33","6.15","312.88K","-2.35%"
"09/30/2018","6.39","6.47","6.47","6.33","1.55M","0.00%"
"09/27/2018","6.39","6.45","6.45","6.33","3.09M","-1.39%"
"09/26/2018","6.48","6.67","6.67","6.33","1.02M","-2.85%"
"09/25/2018","6.67","6.58","6.83","6.53","1.40M","3.09%"
"09/24/2018","6.47","6.53","6.54","6.38","513.11K","1.25%"
"09/23/2018","6.39","6.59","6.59","6.33","1.40M","-0.93%"
"09/20/2018","6.45","6.49","6.67","6.27","1.16M","-0.31%"
"09/19/2018","6.47","6.43","6.73","6.20","1.69M","1.73%"
"09/18/2018","6.36","6.26","6.63","6.20","8.49M","2.09%"
"09/17/2018","6.23","6.20","6.28","6.14","2.13M","-0.95%"
"09/16/2018","6.29","6.47","6.53","6.01","713.62K","-3.97%"
"09/13/2018","6.55","6.65","6.66","6.50","379.11K","-0.91%"
"09/12/2018","6.61","6.79","6.80","6.51","2.97M","-2.36%"
"09/10/2018","6.77","6.87","6.91","6.69","754.43K","-1.74%"
"09/09/2018","6.89","7.00","7.01","6.84","722.45K","-2.41%"
"09/06/2018","7.06","7.47","7.47","6.93","5.43M","-4.72%"
"09/05/2018","7.41","7.47","7.47","7.39","424.04K","-1.07%"
"09/04/2018","7.49","7.47","7.53","7.43","621.63K","-0.79%"
"09/03/2018","7.55","7.60","7.63","7.37","3.06M","-0.13%"
"09/02/2018","7.56","7.61","7.73","7.42","1.33M","0.80%"
"08/30/2018","7.50","7.49","7.53","7.48","885.17K","0.13%"
"08/29/2018","7.49","7.57","7.67","7.35","1.51M","-0.27%"
"08/28/2018","7.51","7.53","7.60","7.40","538.57K","0.27%"
"08/27/2018","7.49","7.39","7.53","7.36","121.79K","-0.53%"
"08/26/2018","7.53","7.48","7.60","7.41","59.44K","2.03%"
"08/19/2018","7.38","7.39","7.53","7.33","113.87K","-2.51%"
"08/16/2018","7.57","7.71","7.73","7.43","2.10M","-2.45%"
"08/15/2018","7.76","7.77","7.87","7.73","1.92M","-0.64%"
"08/14/2018","7.81","7.98","8.00","7.73","817.42K","-0.26%"
"08/13/2018","7.83","8.04","8.04","7.67","387.82K","-2.73%"
"08/12/2018","8.05","8.05","8.13","8.03","216.60K","-2.19%"
"08/09/2018","8.23","8.20","8.35","8.03","875.53K","0.73%"
"08/08/2018","8.17","8.03","8.23","8.03","1.76M","1.49%"
"08/07/2018","8.05","8.04","8.07","8.01","92.17K","0.50%"
"08/06/2018","8.01","8.00","8.07","8.00","172.57K","-0.12%"
"08/05/2018","8.02","8.00","8.07","8.00","55.29K","-0.37%"
"08/02/2018","8.05","8.15","8.16","8.00","103.35K","-0.37%"
"08/01/2018","8.08","8.00","8.17","8.00","251.56K","0.87%"
"07/31/2018","8.01","8.07","8.07","8.00","227.14K","-0.99%"
"07/30/2018","8.09","8.16","8.18","7.98","227.46K","-0.25%"
"07/29/2018","8.11","7.91","8.20","7.87","519.64K","4.11%"
"07/26/2018","7.79","7.96","7.97","7.73","261.64K","-0.26%"
"07/25/2018","7.81","7.88","7.90","7.73","304.40K","-2.01%"
"07/24/2018","7.97","7.73","8.10","7.73","479.01K","2.57%"
"07/22/2018","7.77","7.74","7.81","7.68","227.66K","-0.26%"
"07/19/2018","7.79","7.73","7.87","7.73","261.14K","0.26%"
"07/18/2018","7.77","7.74","7.87","7.71","1.14M","1.30%"
"07/17/2018","7.67","7.85","7.85","7.61","614.89K","-1.03%"
"07/16/2018","7.75","7.84","7.85","7.67","325.60K","-0.13%"
"07/15/2018","7.76","7.75","7.87","7.67","171.22K","-0.77%"
"07/12/2018","7.82","7.73","7.96","7.73","1.35M","1.16%"
"07/11/2018","7.73","7.67","7.92","7.66","1.64M","0.78%"
"07/10/2018","7.67","7.60","7.80","7.59","473.28K","3.09%"
"07/09/2018","7.44","7.43","7.64","7.33","599.98K","-3.00%"
"07/08/2018","7.67","7.96","7.97","7.44","218.88K","-4.48%"
"07/05/2018","8.03","8.04","8.07","7.95","204.84K","-0.50%"
"07/04/2018","8.07","8.07","8.15","8.00","473.46K","-0.37%"
"07/03/2018","8.10","8.15","8.22","8.06","137.46K","-0.98%"
"07/02/2018","8.18","8.27","8.27","8.09","616.04K","0.62%"
"06/28/2018","8.13","8.37","8.44","8.00","3.32M","-3.56%"
"06/27/2018","8.43","8.40","8.57","8.33","806.77K","0.96%"
"06/26/2018","8.35","8.32","8.49","8.31","287.07K","-0.71%"
"06/25/2018","8.41","8.63","8.64","8.33","628.85K","-1.41%"
"06/24/2018","8.53","8.45","8.60","8.44","106.71K","1.67%"
"06/21/2018","8.39","8.48","8.60","8.27","679.70K","-0.59%"
"06/20/2018","8.44","8.50","8.65","8.33","386.08K","0.12%"
"06/19/2018","8.43","8.51","8.51","8.38","64.57K","-1.17%"
"06/14/2018","8.53","8.87","8.87","8.33","268.63K","-2.40%"
"06/13/2018","8.74","8.73","8.79","8.61","105.94K","1.98%"
"06/12/2018","8.57","8.43","8.66","8.41","58.23K","0.94%"
"06/11/2018","8.49","8.57","8.57","8.40","392.92K","1.31%"
"06/10/2018","8.38","8.47","8.55","8.33","470.26K","1.58%"
"06/07/2018","8.25","8.45","8.47","8.13","380.94K","-2.14%"
"06/06/2018","8.43","8.85","8.85","7.92","259.38K","-4.10%"
"06/05/2018","8.79","9.00","9.00","8.67","316.48K","-4.77%"
"06/04/2018","9.23","9.33","9.33","9.09","110.05K","-1.07%"
"06/03/2018","9.33","9.35","9.46","9.25","152.68K","-0.21%"
"05/31/2018","9.35","9.53","9.60","9.27","692.46K","-2.60%"
"05/30/2018","9.60","9.68","9.80","9.53","875.45K","-1.94%"
"05/29/2018","9.79","9.67","9.93","9.52","470.56K","1.35%"
"05/28/2018","9.66","9.79","9.80","9.61","197.77K","0.84%"
"05/27/2018","9.58","9.59","9.60","9.57","38.40K","-0.42%"
"05/24/2018","9.62","9.83","9.83","9.60","68.47K","-0.93%"
"05/23/2018","9.71","9.73","10.00","9.60","830.04K","1.15%"
"05/22/2018","9.60","9.60","9.73","9.57","127.98K","0.10%"
"05/21/2018","9.59","9.53","9.67","9.53","53.32K","-0.42%"
"05/20/2018","9.63","9.78","9.78","9.50","91.51K","-2.83%"
"05/17/2018","9.91","9.99","10.07","9.77","185.39K","1.43%"
"05/16/2018","9.77","9.52","9.99","9.50","1.05M","3.50%"
"05/15/2018","9.44","9.49","9.60","9.33","154.29K","-1.15%"
"05/14/2018","9.55","9.99","10.00","9.33","383.60K","-2.55%"
"05/13/2018","9.80","10.07","10.07","9.54","511.75K","-3.45%"
"05/10/2018","10.15","10.20","10.27","9.93","183.55K","-0.98%"
"05/09/2018","10.25","10.20","10.33","10.20","1.04M","0.20%"
"05/08/2018","10.23","10.30","10.33","10.20","544.81K","0.00%"
"05/07/2018","10.23","10.29","10.30","10.18","223.25K","-0.49%"
"05/06/2018","10.28","10.47","10.47","10.17","139.96K","-0.87%"
"05/03/2018","10.37","10.33","10.50","10.27","710.29K","0.29%"
"05/02/2018","10.34","10.10","10.51","10.09","336.59K","2.58%"
"04/30/2018","10.08","10.25","10.27","10.01","838.56K","-1.95%"
"04/29/2018","10.28","10.33","10.39","10.21","189.81K","-1.06%"
"04/26/2018","10.39","10.40","10.43","10.31","693.30K","-0.19%"
"04/24/2018","10.41","10.57","10.63","10.30","289.98K","-1.70%"
"04/23/2018","10.59","10.66","10.67","10.47","424.58K","-0.56%"
"04/22/2018","10.65","10.78","10.78","10.57","590.75K","-0.19%"
"04/19/2018","10.67","10.73","10.83","10.67","5.37M","-0.56%"
"04/18/2018","10.73","10.92","10.93","10.55","966.86K","-0.92%"
"04/17/2018","10.83","10.65","10.96","10.48","3.12M","-5.99%"
"04/16/2018","11.52","11.50","11.59","11.44","1.68M","0.61%"
"04/15/2018","11.45","11.42","11.59","11.33","3.14M","1.51%"
"04/12/2018","11.28","11.10","11.37","11.01","1.30M","-0.09%"
"04/11/2018","11.29","11.18","11.43","11.03","2.45M","2.92%"
"04/10/2018","10.97","10.57","11.24","10.51","3.28M","4.88%"
"04/05/2018","10.46","10.57","10.77","10.27","1.81M","-1.41%"
"04/04/2018","10.61","10.86","10.87","10.01","1.62M","-2.21%"
"04/03/2018","10.85","10.93","10.96","10.71","1.53M","-0.46%"
"04/02/2018","10.90","10.85","11.01","10.73","1.51M","1.21%"
"04/01/2018","10.77","10.59","11.00","10.53","3.00M","2.87%"
"03/29/2018","10.47","10.35","10.63","10.33","1.32M","1.36%"
"03/28/2018","10.33","10.00","10.50","10.00","963.50K","3.51%"
"03/27/2018","9.98","10.08","10.10","9.92","688.54K","-0.10%"
"03/26/2018","9.99","10.12","10.13","9.90","987.23K","0.00%"
"03/25/2018","9.99","10.00","10.13","9.93","237.61K","-0.30%"
"03/22/2018","10.02","10.17","10.17","9.93","1.88M","-1.09%"
"03/21/2018","10.13","10.32","10.32","10.05","457.57K","-1.55%"
"03/20/2018","10.29","10.29","10.39","10.07","1.08M","0.29%"
"03/19/2018","10.26","10.37","10.38","10.17","702.16K","-1.25%"
"03/18/2018","10.39","10.57","10.57","10.30","726.84K","-1.52%"
"03/15/2018","10.55","10.67","10.73","10.33","1.52M","-1.40%"
"03/14/2018","10.70","10.79","10.88","10.54","829.53K","-0.09%"
"03/13/2018","10.71","10.99","11.07","10.53","1.86M","-1.47%"
"03/12/2018","10.87","10.80","11.03","10.67","2.27M","1.12%"
"03/11/2018","10.75","10.85","10.93","10.67","414.34K","0.37%"
"03/08/2018","10.71","10.90","10.90","10.63","450.83K","-1.83%"
"03/07/2018","10.91","10.50","11.10","10.50","2.18M","4.00%"
"03/06/2018","10.49","10.47","10.73","10.37","548.84K","-0.57%"
"03/05/2018","10.55","10.73","10.80","10.47","279.79K","-1.12%"
"03/04/2018","10.67","10.84","10.84","10.60","107.91K","0.09%"
"03/01/2018","10.66","10.67","10.72","10.60","366.35K","-0.37%"
"02/28/2018","10.70","10.70","10.77","10.63","795.65K","-0.09%"
"02/27/2018","10.71","10.47","10.83","10.46","2.20M","3.28%"
"02/26/2018","10.37","10.00","10.53","9.93","2.26M","3.60%"
"02/25/2018","10.01","10.06","10.06","9.95","105.78K","0.40%"
"02/22/2018","9.97","10.11","10.13","9.85","564.95K","-1.58%"
"02/21/2018","10.13","10.23","10.23","10.07","153.73K","-1.75%"
"02/20/2018","10.31","10.34","10.49","10.07","222.84K","-1.34%"
"02/19/2018","10.45","10.46","10.56","10.29","182.59K","0.10%"
"02/18/2018","10.44","10.47","10.49","10.35","38.02K","1.16%"
"02/15/2018","10.32","10.27","10.43","10.27","59.57K","0.39%"
"02/14/2018","10.28","10.29","10.39","10.03","74.48K","-0.48%"
"02/13/2018","10.33","10.53","10.53","10.04","283.10K","-0.77%"
"02/12/2018","10.41","10.27","10.56","10.27","412.26K","1.76%"
"02/11/2018","10.23","10.25","10.37","10.20","406.61K","-1.63%"
"02/08/2018","10.40","10.53","10.57","10.21","104.66K","-0.38%"
"02/07/2018","10.44","10.53","10.53","10.40","106.06K","1.46%"
"02/06/2018","10.29","10.27","10.53","10.00","1.47M","-1.06%"
"02/05/2018","10.40","10.44","10.47","10.33","1.33M","-0.38%"
"02/04/2018","10.44","10.60","10.60","10.37","144.02K","-1.88%"
"02/01/2018","10.64","10.67","10.93","10.40","423.69K","1.53%"
"01/31/2018","10.48","10.54","10.67","10.27","522.99K","-1.60%"
"01/30/2018","10.65","10.73","10.77","10.54","179.52K","-0.19%"
"01/29/2018","10.67","10.83","10.86","10.60","2.50M","-1.39%"
"01/28/2018","10.82","10.80","10.97","10.67","1.27M","1.69%"
"01/24/2018","10.64","10.73","10.76","10.42","1.06M","-1.94%"
"01/23/2018","10.85","10.81","10.97","10.69","465.55K","-0.46%"
"01/22/2018","10.90","10.95","11.23","10.79","324.92K","-1.09%"
"01/21/2018","11.02","11.33","11.33","10.93","696.59K","-2.65%"
"01/18/2018","11.32","11.33","11.36","11.23","274.76K","-0.26%"
"01/17/2018","11.35","11.37","11.46","11.27","174.20K","-1.05%"
"01/16/2018","11.47","11.47","11.47","11.36","1.72M","-1.04%"
"01/15/2018","11.59","11.60","11.60","11.47","1.95M","-0.17%"
"01/14/2018","11.61","11.73","11.73","11.47","584.70K","-1.11%"
"01/11/2018","11.74","11.62","11.89","11.62","810.34K","-0.09%"
"01/10/2018","11.75","11.60","11.83","11.60","499.63K","2.09%"
"01/09/2018","11.51","11.07","11.67","11.07","670.48K","3.41%"
"01/08/2018","11.13","11.23","11.32","10.93","1.38M","0.36%"
"01/04/2018","11.09","11.01","11.26","11.01","496.53K","1.28%"
"01/03/2018","10.95","11.05","11.08","10.85","142.61K","-0.90%"
"01/02/2018","11.05","11.07","11.13","11.00","284.63K","-0.09%"
"12/31/2017","11.06","11.17","11.17","11.00","20.30K","-1.07%"
"12/28/2017","11.18","11.07","11.27","11.07","633.73K","0.81%"
"12/27/2017","11.09","11.13","11.13","11.04","51.71K","-1.86%"
"12/26/2017","11.30","11.53","11.53","11.18","99.48K","0.18%"
"12/25/2017","11.28","11.34","11.53","11.20","129.68K","-0.44%"
"12/24/2017","11.33","11.53","11.53","11.30","24.23K","-1.05%"
"12/21/2017","11.45","11.47","11.53","11.33","25.32K","0.17%"
"12/20/2017","11.43","11.65","11.67","11.27","153.10K","-1.38%"
"12/19/2017","11.59","11.67","11.67","11.40","430.24K","-1.28%"
"12/18/2017","11.74","11.87","12.00","11.67","817.27K","0.09%"
"12/17/2017","11.73","11.67","11.87","11.67","134.31K","0.51%"
"12/14/2017","11.67","11.99","11.99","11.47","1.06M","-1.52%"
"12/13/2017","11.85","11.97","12.07","11.60","431.55K","0.00%"
"12/12/2017","11.85","11.69","12.13","11.66","1.46M","1.89%"
"12/11/2017","11.63","11.60","11.75","11.33","916.26K","2.29%"
"12/10/2017","11.37","11.33","11.79","11.33","716.93K","-0.52%"
"12/07/2017","11.43","11.47","11.53","11.33","105.22K","-1.21%"
"12/06/2017","11.57","11.74","11.77","11.50","264.41K","-2.53%"
"12/05/2017","11.87","11.73","11.93","11.70","882.96K","-1.90%"
"12/04/2017","12.10","12.01","12.27","11.93","2.00M","0.83%"
"12/03/2017","12.00","11.80","12.12","11.73","1.25M","2.30%"
"11/29/2017","11.73","11.76","11.83","11.67","2.37M","0.17%"
"11/28/2017","11.71","11.33","11.93","11.33","2.72M","4.00%"
"11/27/2017","11.26","11.28","11.34","11.15","174.53K","0.18%"
"11/26/2017","11.24","10.79","11.50","10.73","596.58K","3.50%"
"11/23/2017","10.86","10.73","10.93","10.67","247.41K","1.78%"
"11/22/2017","10.67","10.67","10.77","10.63","611.20K","0.00%"
"11/21/2017","10.67","10.63","10.80","10.63","1.97M","1.14%"
"11/20/2017","10.55","10.37","10.67","10.33","1.16M","2.93%"
"11/19/2017","10.25","10.40","10.44","10.12","1.54M","-1.73%"
"11/16/2017","10.43","10.93","10.93","10.25","2.90M","-5.27%"
"11/15/2017","11.01","11.19","11.20","10.69","357.99K","0.18%"
"11/14/2017","10.99","11.20","11.20","10.91","185.25K","-0.36%"
"11/13/2017","11.03","11.07","11.12","10.97","128.35K","-1.43%"
"11/12/2017","11.19","11.42","11.52","11.01","353.90K","-0.36%"
"11/09/2017","11.23","11.53","11.53","11.00","820.34K","-1.23%"
"11/08/2017","11.37","11.65","11.65","11.20","1.55M","-2.65%"
"11/07/2017","11.68","11.77","11.77","11.61","872.50K","-1.60%"
"11/06/2017","11.87","12.00","12.00","11.72","325.04K","-1.00%"
"11/05/2017","11.99","12.11","12.11","11.93","126.46K","-1.48%"
"11/02/2017","12.17","12.09","12.26","12.09","172.06K","-0.25%"
"11/01/2017","12.20","12.11","12.27","12.11","192.61K","0.58%"
"10/31/2017","12.13","12.17","12.20","12.02","240.08K","0.50%"
"10/30/2017","12.07","12.00","12.25","11.93","221.40K","0.67%"
"10/29/2017","11.99","12.00","12.02","11.93","123.31K","-1.24%"
"10/26/2017","12.14","12.17","12.27","12.01","232.50K","0.58%"
"10/25/2017","12.07","12.01","12.23","11.99","175.62K","-0.82%"
"10/24/2017","12.17","12.19","12.33","11.97","354.26K","1.33%"
"10/23/2017","12.01","11.86","12.26","11.86","508.24K","3.09%"
"10/22/2017","11.65","11.75","11.75","11.60","158.61K","-1.44%"
"10/19/2017","11.82","11.87","11.99","11.67","479.91K","-0.92%"
"10/18/2017","11.93","12.13","12.17","11.75","208.17K","-0.67%"
"10/17/2017","12.01","12.03","12.17","11.95","470.64K","-0.17%"
"10/16/2017","12.03","12.38","12.38","11.94","285.43K","-4.07%"
"10/15/2017","12.54","12.63","12.63","12.37","725.71K","-0.32%"
"10/12/2017","12.58","12.04","12.79","12.04","1.28M","4.57%"
"10/11/2017","12.03","12.03","12.53","11.97","636.68K","-0.66%"
"10/10/2017","12.11","12.33","12.40","12.01","260.82K","-1.94%"
"10/09/2017","12.35","12.63","12.63","12.24","405.87K","-0.88%"
"10/08/2017","12.46","12.66","12.66","12.39","190.20K","0.00%"
"10/04/2017","12.46","12.43","12.63","12.39","430.73K","-0.56%"
"10/03/2017","12.53","12.53","12.67","12.42","258.17K","-0.32%"
"10/02/2017","12.57","12.83","12.83","12.40","206.29K","-1.18%"
"10/01/2017","12.72","12.67","12.87","12.57","391.77K","0.71%"
"09/28/2017","12.63","12.59","12.67","12.40","1.49M","1.12%"
"09/27/2017","12.49","12.47","12.60","12.40","107.96K","-0.16%"
"09/26/2017","12.51","12.11","12.64","12.11","684.15K","4.34%"
"09/25/2017","11.99","12.03","12.07","11.80","456.64K","0.93%"
"09/24/2017","11.88","11.87","12.05","11.74","92.14K","-0.59%"
"09/20/2017","11.95","11.97","12.00","11.87","41.85K","-1.32%"
"09/19/2017","12.11","12.07","12.23","11.87","176.05K","1.51%"
"09/18/2017","11.93","11.77","12.02","11.77","275.45K","0.93%"
"09/17/2017","11.82","11.83","11.87","11.79","74.36K","-0.42%"
"09/14/2017","11.87","11.87","11.98","11.73","141.68K","2.50%"
"09/13/2017","11.58","11.53","12.00","11.40","668.71K","-0.43%"
"09/12/2017","11.63","11.77","11.77","11.57","591.79K","-2.19%"
"09/11/2017","11.89","12.01","12.01","11.80","435.63K","-0.34%"
"09/10/2017","11.93","11.83","12.00","11.77","222.70K","0.51%"
"09/07/2017","11.87","12.07","12.07","11.63","753.81K","-2.14%"
"09/06/2017","12.13","12.20","12.20","12.07","87.00K","-0.16%"
"09/05/2017","12.15","12.17","12.19","12.13","31.07K","-0.33%"
"08/30/2017","12.19","12.20","12.21","12.13","331.06K","-0.08%"
"08/29/2017","12.20","12.29","12.29","12.19","383.81K","-0.89%"
"08/28/2017","12.31","12.33","12.33","12.17","1.87K","0.00%"
"08/27/2017","12.31","12.46","12.46","12.15","166.65K","0.98%"
"08/24/2017","12.19","12.25","12.25","12.15","9.35K","-1.14%"
"08/23/2017","12.33","12.41","12.41","12.27","823.11K","-1.12%"
"08/22/2017","12.47","12.47","12.63","12.40","190.79K","-0.56%"
"08/21/2017","12.54","12.50","12.67","12.47","259.14K","1.29%"
"08/20/2017","12.38","12.25","12.53","12.25","85.21K","-0.24%"
"08/17/2017","12.41","12.29","12.47","12.29","149.03K","0.08%"
"08/16/2017","12.40","12.53","12.53","12.34","10.80K","-0.72%"
"08/15/2017","12.49","12.50","12.53","12.40","322.81K","2.29%"
"08/14/2017","12.21","12.17","12.50","12.13","79.93K","-0.16%"
"08/13/2017","12.23","12.57","12.57","12.11","20.67K","-2.00%"
"08/10/2017","12.48","12.40","12.53","12.40","271.94K","-0.40%"
"08/09/2017","12.53","12.62","12.63","12.37","477.60K","0.00%"
"08/08/2017","12.53","12.33","12.61","12.33","996.60K","0.80%"
"08/07/2017","12.43","12.35","12.47","12.20","772.78K","0.65%"
"08/06/2017","12.35","12.17","12.47","12.17","381.01K","0.57%"
"08/03/2017","12.28","12.33","12.33","12.09","566.56K","-0.41%"
"08/02/2017","12.33","12.20","12.53","12.11","774.51K","1.31%"
"08/01/2017","12.17","12.00","12.27","12.00","289.37K","0.16%"
"07/31/2017","12.15","12.39","12.40","12.00","234.83K","-0.98%"
"07/30/2017","12.27","12.59","12.60","12.15","139.36K","-2.23%"
"07/27/2017","12.55","12.64","12.64","12.43","570.00K","-0.08%"
"07/26/2017","12.56","12.23","12.73","12.23","399.37K","3.46%"
"07/25/2017","12.14","12.01","12.23","12.01","97.24K","-0.25%"
"07/24/2017","12.17","12.14","12.30","12.07","967.73K","0.66%"
"07/20/2017","12.09","12.31","12.33","12.00","149.77K","-0.33%"
"07/19/2017","12.13","11.79","12.67","11.67","658.33K","4.84%"
"07/18/2017","11.57","11.67","11.80","11.40","646.47K","-0.94%"
"07/17/2017","11.68","11.39","11.89","11.39","1.03M","2.91%"
"07/16/2017","11.35","11.21","11.40","11.20","208.67K","0.62%"
"07/13/2017","11.28","11.24","11.34","11.20","720.12K","0.27%"
"07/12/2017","11.25","11.33","11.33","11.17","852.99K","-1.75%"
"07/11/2017","11.45","11.35","11.63","11.27","737.04K","0.88%"
"07/10/2017","11.35","11.33","11.47","11.27","584.57K","0.18%"
"07/09/2017","11.33","11.33","11.60","11.14","502.24K","-0.79%"
"07/06/2017","11.42","11.30","11.57","11.00","1.15M","1.87%"
"07/05/2017","11.21","11.33","11.33","10.91","245.96K","-1.67%"
"07/04/2017","11.40","11.93","11.93","11.27","1.10M","-5.08%"
"07/03/2017","12.01","12.13","12.13","11.93","109.76K","-1.23%"
"07/02/2017","12.16","12.02","12.17","12.02","26.17K","1.16%"
"06/28/2017","12.02","12.11","12.11","12.01","10.95K","-0.74%"
"06/22/2017","12.11","12.59","12.62","11.95","227.70K","-1.22%"
"06/21/2017","12.26","12.33","12.33","12.20","509.27K","-0.49%"
"06/20/2017","12.32","12.30","12.47","12.27","16.68K","-0.08%"
"06/19/2017","12.33","12.40","12.40","12.30","343.39K","-1.28%"
"06/18/2017","12.49","12.50","12.50","12.33","239.40K","-0.16%"
"06/15/2017","12.51","12.52","12.53","12.49","299.11K","0.00%"
"06/14/2017","12.51","12.73","12.73","12.47","159.69K","-1.11%"
"06/13/2017","12.65","12.67","12.74","12.55","158.18K","1.20%"
"06/12/2017","12.50","12.55","12.59","12.47","1.16M","-0.95%"
"06/11/2017","12.62","12.65","12.65","12.50","955.44K","-0.24%"
"06/08/2017","12.65","12.80","12.80","12.63","102.63K","0.64%"
"06/07/2017","12.57","12.54","12.67","12.51","81.16K","0.48%"
"06/06/2017","12.51","12.45","12.65","12.43","313.95K","0.00%"
"06/05/2017","12.51","12.87","12.87","12.47","1.53M","-1.65%"
"06/04/2017","12.72","12.67","12.93","12.52","157.93K","1.52%"
"06/01/2017","12.53","12.53","12.82","12.53","320.96K","0.00%"
"05/31/2017","12.53","12.67","12.67","12.50","2.32M","-1.10%"
"05/30/2017","12.67","12.70","12.80","12.59","154.69K","-0.78%"
"05/29/2017","12.77","12.81","12.93","12.67","281.49K","-0.16%"
"05/28/2017","12.79","12.75","13.13","12.71","36.31K","-0.47%"
"05/25/2017","12.85","13.00","13.00","12.79","42.76K","-2.58%"
"05/24/2017","13.19","13.19","13.33","12.74","146.71K","1.38%"
"05/23/2017","13.01","12.43","13.19","12.43","405.05K","3.17%"
"05/22/2017","12.61","12.34","12.77","12.33","1.36M","-0.55%"
"05/21/2017","12.68","12.67","12.76","12.67","90.42K","0.08%"
"05/18/2017","12.67","12.73","12.80","12.67","427.43K","-1.71%"
"05/17/2017","12.89","12.86","12.93","12.73","617.14K","0.23%"
"05/16/2017","12.86","12.87","12.96","12.80","454.48K","0.63%"
"05/15/2017","12.78","12.73","12.87","12.67","496.39K","1.19%"
"05/14/2017","12.63","12.80","12.80","12.57","108.22K","-0.24%"
"05/11/2017","12.66","12.53","12.73","12.53","311.50K","0.24%"
"05/10/2017","12.63","12.84","12.84","12.53","384.47K","-0.16%"
"05/09/2017","12.65","12.61","12.75","12.58","115.06K","-0.32%"
"05/08/2017","12.69","12.67","12.93","12.55","762.91K","0.24%"
"05/07/2017","12.66","12.62","12.73","12.60","129.78K","-0.55%"
"05/04/2017","12.73","12.70","13.00","12.60","552.09K","0.16%"
"05/03/2017","12.71","12.29","13.07","12.29","741.40K","3.33%"
"05/02/2017","12.30","12.29","12.31","12.28","225.10K","0.82%"
"04/30/2017","12.20","12.17","12.44","12.17","1.90M","-2.17%"
"04/27/2017","12.47","12.40","12.79","12.07","843.25K","-5.60%"
"04/26/2017","13.21","13.06","13.30","13.03","934.35K","1.54%"
"04/24/2017","13.01","12.99","13.19","12.90","505.50K","1.25%"
"04/23/2017","12.85","13.10","13.10","12.75","146.76K","-3.31%"
"04/20/2017","13.29","13.26","13.45","13.11","601.89K","0.23%"
"04/19/2017","13.26","13.33","13.50","13.00","414.38K","0.84%"
"04/18/2017","13.15","13.07","13.27","13.07","194.15K","-0.08%"
"04/13/2017","13.16","13.12","13.20","13.07","178.43K","-0.08%"
"04/12/2017","13.17","13.13","13.27","13.13","4.02M","1.07%"
"04/11/2017","13.03","12.87","13.12","12.86","1.57M","2.12%"
"04/10/2017","12.76","12.77","13.00","12.67","766.84K","-0.85%"
"04/09/2017","12.87","12.84","13.10","12.67","2.24M","0.16%"
"04/06/2017","12.85","12.87","12.91","12.77","523.42K","-0.77%"
"04/05/2017","12.95","13.07","13.13","12.74","1.50M","-0.61%"
"04/04/2017","13.03","13.05","13.23","12.93","1.61M","-0.53%"
"04/03/2017","13.10","13.11","13.33","13.00","1.99M","-0.08%"
"04/02/2017","13.11","13.00","13.40","12.87","3.16M","2.26%"
"03/30/2017","12.82","12.33","13.20","12.33","4.13M","4.57%"
"03/29/2017","12.26","12.25","12.43","12.14","1.31M","0.57%"
"03/28/2017","12.19","12.22","12.39","12.04","1.18M","-0.81%"
"03/27/2017","12.29","12.71","12.85","12.12","2.06M","-4.21%"
"03/26/2017","12.83","12.80","12.97","12.63","902.67K","1.42%"
"03/23/2017","12.65","12.51","12.81","12.45","1.23M","1.61%"
"03/22/2017","12.45","12.53","12.75","12.26","1.23M","-1.03%"
"03/21/2017","12.58","12.31","12.83","12.20","2.74M","3.62%"
"03/20/2017","12.14","12.60","12.60","11.93","950.28K","-3.80%"
"03/19/2017","12.62","12.83","12.93","12.47","1.04M","-1.71%"
"03/16/2017","12.84","12.54","12.99","12.54","741.37K","0.23%"
"03/15/2017","12.81","12.79","12.90","12.60","2.16M","1.43%"
"03/14/2017","12.63","12.67","12.89","12.33","1.64M","-0.24%"
"03/13/2017","12.66","12.17","13.00","12.17","3.69M","5.41%"
"03/12/2017","12.01","12.13","12.47","11.77","620.82K","-2.75%"
"03/09/2017","12.35","12.63","12.64","12.01","1.60M","-0.16%"
"03/08/2017","12.37","12.00","12.73","12.00","1.35M","2.74%"
"03/07/2017","12.04","11.83","12.53","11.21","2.27M","2.56%"
"03/06/2017","11.74","11.41","11.90","11.39","1.50M","1.03%"
"03/05/2017","11.62","11.66","11.73","11.50","152.85K","0.78%"
"03/02/2017","11.53","11.07","11.70","11.07","521.39K","2.49%"
"03/01/2017","11.25","11.07","11.35","11.07","218.86K","-0.53%"
"02/28/2017","11.31","11.23","11.43","11.07","170.08K","-1.57%"
"02/27/2017","11.49","11.21","11.80","11.21","452.05K","-1.88%"
"02/26/2017","11.71","11.54","11.80","11.54","82.27K","0.34%"
"02/23/2017","11.67","11.73","11.87","11.20","1.13M","-1.35%"
"02/22/2017","11.83","11.79","12.00","11.60","984.75K","0.51%"
"02/21/2017","11.77","11.71","11.97","11.60","1.32M","0.68%"
"02/20/2017","11.69","11.65","11.92","11.40","1.62M","1.12%"
"02/19/2017","11.56","11.55","11.70","11.50","813.98K","-0.77%"
"02/16/2017","11.65","11.67","11.83","11.48","224.61K","2.10%"
"02/15/2017","11.41","10.85","11.67","10.80","1.97M","3.54%"
"02/14/2017","11.02","11.68","11.83","10.61","2.25M","-5.65%"
"02/13/2017","11.68","11.67","12.11","11.37","1.06M","-0.68%"
"02/12/2017","11.76","12.27","12.27","11.41","739.57K","-4.70%"
"02/09/2017","12.34","12.47","12.50","12.15","690.78K","-2.45%"
"02/08/2017","12.65","12.91","13.00","12.38","1.83M","-0.63%"
"02/07/2017","12.73","12.67","12.93","12.57","1.49M","0.16%"
"02/06/2017","12.71","13.20","13.20","12.40","4.51M","-2.90%"
"02/05/2017","13.09","12.63","13.33","12.63","1.53M","5.99%"
"02/02/2017","12.35","11.73","12.69","11.67","3.55M","7.02%"
"02/01/2017","11.54","11.61","11.67","11.33","648.17K","1.32%"
"01/31/2017","11.39","11.07","11.60","10.93","2.01M","-0.52%"
"01/30/2017","11.45","11.57","11.73","11.01","2.59M","-1.55%"
"01/29/2017","11.63","11.33","12.13","11.33","3.71M","2.83%"
"01/26/2017","11.31","11.33","11.47","11.23","579.12K","1.43%"
"01/24/2017","11.15","10.91","11.30","10.69","1.16M","1.46%"
"01/23/2017","10.99","11.10","11.25","10.75","1.39M","0.73%"
"01/22/2017","10.91","10.67","11.07","10.67","384.14K","1.30%"
"01/19/2017","10.77","11.00","11.27","10.33","1.10M","-6.02%"
"01/18/2017","11.46","11.66","11.83","10.80","1.63M","-1.12%"
"01/17/2017","11.59","11.63","11.77","11.47","1.17M","-0.17%"
"01/16/2017","11.61","11.47","11.83","11.33","2.42M","0.69%"
"01/15/2017","11.53","11.55","11.93","11.27","2.08M","2.67%"
"01/12/2017","11.23","10.99","11.50","10.99","3.48M","3.22%"
"01/11/2017","10.88","10.93","10.98","10.73","812.69K","-1.36%"
"01/10/2017","11.03","11.17","11.23","10.77","1.16M","1.29%"
"01/09/2017","10.89","10.59","11.11","10.49","2.37M","2.25%"
"01/08/2017","10.65","10.89","10.96","10.43","1.39M","-1.66%"
"01/05/2017","10.83","10.83","11.02","10.73","1.88M","-0.91%"
"01/04/2017","10.93","11.15","11.17","10.71","2.29M","-1.00%"
"01/03/2017","11.04","10.89","11.27","10.70","2.51M","1.75%"
"01/02/2017","10.85","10.34","11.18","10.34","2.83M","5.03%"
"12/29/2016","10.33","10.55","10.56","10.13","901.70K","-2.27%"
"12/28/2016","10.57","10.50","10.77","10.33","1.89M","1.34%"
"12/27/2016","10.43","9.99","10.64","9.93","3.30M","3.78%"
"12/26/2016","10.05","10.13","10.27","9.85","1.17M","-0.69%"
"12/25/2016","10.12","10.27","10.49","9.95","1.40M","-4.89%"
"12/22/2016","10.64","10.88","11.10","10.07","2.58M","-1.02%"
"12/21/2016","10.75","10.90","10.96","10.67","2.10M","-2.09%"
"12/20/2016","10.98","11.01","11.53","10.67","3.62M","1.57%"
"12/19/2016","10.81","10.83","11.00","10.62","2.13M","-0.55%"
"12/18/2016","10.87","11.00","11.29","10.55","2.11M","2.64%"
"12/15/2016","10.59","10.13","10.97","10.13","4.61M","6.01%"
"12/14/2016","9.99","9.61","10.33","9.53","4.87M","5.27%"
"12/13/2016","9.49","9.54","9.75","9.37","1.70M","-1.45%"
"12/12/2016","9.63","9.49","9.83","9.41","1.68M","-0.21%"
"12/08/2016","9.65","9.37","9.80","9.37","1.05M","-0.52%"
"12/07/2016","9.70","9.86","9.95","9.21","5.24M","-0.51%"
"12/06/2016","9.75","9.33","10.00","9.33","3.47M","3.61%"
"12/05/2016","9.41","9.80","9.89","9.17","2.44M","-5.05%"
"12/04/2016","9.91","10.05","10.59","9.53","3.22M","1.33%"
"12/01/2016","9.78","9.13","10.03","9.13","1.81M","6.54%"
"11/30/2016","9.18","9.03","9.37","9.00","2.17M","1.77%"
"11/29/2016","9.02","8.80","9.26","8.79","3.11M","9.87%"
"11/28/2016","8.21","7.71","8.48","7.71","3.72M","6.49%"
"11/27/2016","7.71","7.23","8.00","7.22","4.57M","5.04%"
"11/24/2016","7.34","7.57","7.57","7.20","2.39M","-2.52%"
"11/23/2016","7.53","7.47","7.67","7.31","3.20M","3.58%"
"11/22/2016","7.27","7.21","7.63","6.97","6.53M","2.11%"
"11/21/2016","7.12","7.17","7.27","6.97","4.87M","3.64%"
"11/20/2016","6.87","6.66","7.00","6.57","3.79M","1.18%"
"11/17/2016","6.79","7.03","7.11","6.47","4.25M","-0.59%"
"11/16/2016","6.83","6.60","7.00","6.60","7.58M","4.92%"
"11/15/2016","6.51","6.44","6.63","6.35","4.51M","0.93%"
"11/14/2016","6.45","6.50","6.60","6.35","4.26M","-1.68%"
"11/13/2016","6.56","6.75","6.78","6.40","2.72M","-1.50%"
"11/10/2016","6.66","6.44","6.81","6.44","11.20M","1.99%"
"11/09/2016","6.53","6.33","6.70","6.23","3.90M","-0.31%"
"11/08/2016","6.55","6.67","6.81","6.31","4.72M","-2.09%"
"11/07/2016","6.69","6.65","6.93","6.54","9.23M","5.69%"
"11/06/2016","6.33","5.93","6.67","5.93","6.84M","3.26%"
"11/03/2016","6.13","6.61","6.69","5.95","4.72M","0.66%"
"11/02/2016","6.09","6.21","6.25","5.95","1.48M","0.83%"
"11/01/2016","6.04","6.11","6.16","5.95","1.66M","1.51%"
"10/31/2016","5.95","5.63","6.18","5.63","2.16M","5.12%"
"10/30/2016","5.66","5.73","5.73","5.58","687.45K","-0.53%"
"10/27/2016","5.69","5.65","5.78","5.58","1.03M","1.97%"
"10/26/2016","5.58","5.47","5.65","5.47","1.57M","0.54%"
"10/25/2016","5.55","5.60","5.67","5.47","1.45M","-1.42%"
"10/24/2016","5.63","5.73","5.73","5.54","1.01M","-2.60%"
"10/23/2016","5.78","5.95","5.96","5.71","558.31K","-1.53%"
"10/20/2016","5.87","5.79","5.93","5.76","2.00M","4.26%"
"10/19/2016","5.63","5.73","5.79","5.51","1.76M","-1.05%"
"10/18/2016","5.69","5.80","5.85","5.57","2.78M","-3.07%"
"10/17/2016","5.87","5.95","6.03","5.73","2.90M","-3.61%"
"10/16/2016","6.09","6.15","6.27","5.93","2.87M","-1.46%"
"10/13/2016","6.18","6.05","6.27","6.05","5.88M","3.52%"
"10/12/2016","5.97","5.93","6.03","5.89","4.18M","1.02%"
"10/11/2016","5.91","5.94","6.06","5.78","4.26M","-2.31%"
"10/10/2016","6.05","6.07","6.21","5.87","4.95M","-0.33%"
"10/09/2016","6.07","6.00","6.18","5.97","5.09M","2.02%"
"10/05/2016","5.95","5.73","6.22","5.67","6.24M","5.12%"
"10/04/2016","5.66","5.75","5.80","5.50","2.31M","3.66%"
"10/03/2016","5.46","5.27","5.73","5.27","4.17M","6.02%"
"09/29/2016","5.15","5.12","5.29","5.05","1.22M","0.59%"
"09/28/2016","5.12","5.13","5.17","5.07","1.69M","-1.16%"
"09/27/2016","5.18","5.19","5.28","5.07","2.81M","0.39%"
"09/26/2016","5.16","5.12","5.20","5.12","1.64M","1.38%"
"09/25/2016","5.09","5.09","5.17","5.03","1.32M","1.19%"
"09/22/2016","5.03","5.02","5.10","4.97","1.09M","-0.98%"
"09/21/2016","5.08","5.20","5.23","4.95","1.65M","-2.87%"
"09/20/2016","5.23","5.28","5.35","5.13","1.91M","-0.19%"
"09/19/2016","5.24","5.22","5.29","5.19","2.11M","1.75%"
"09/18/2016","5.15","5.20","5.23","5.07","1.67M","-1.53%"
"09/15/2016","5.23","5.32","5.34","5.14","1.45M","-2.43%"
"09/14/2016","5.36","5.33","5.46","5.27","2.93M","3.47%"
"09/08/2016","5.18","5.06","5.34","5.05","4.19M","2.37%"
"09/07/2016","5.06","4.93","5.18","4.92","3.15M","1.81%"
"09/06/2016","4.97","5.03","5.03","4.87","2.36M","-1.19%"
"09/05/2016","5.03","5.08","5.12","4.93","3.22M","4.14%"
"09/04/2016","4.83","4.53","5.03","4.53","5.47M","5.69%"
"09/01/2016","4.57","4.57","4.63","4.48","1.19M","-1.30%"
"08/31/2016","4.63","4.65","4.71","4.57","1.42M","2.21%"
"08/30/2016","4.53","4.47","4.61","4.43","2.77M","1.80%"
"08/29/2016","4.45","4.46","4.53","4.39","1.14M","0.45%"
"08/28/2016","4.43","4.49","4.53","4.38","2.72M","-4.32%"
"08/25/2016","4.63","4.80","4.81","4.49","4.65M","-4.54%"
"08/24/2016","4.85","4.85","4.92","4.77","2.02M","1.68%"
"08/23/2016","4.77","4.72","4.85","4.67","2.71M","1.06%"
"08/22/2016","4.72","4.83","4.83","4.67","2.79M","-2.28%"
"08/21/2016","4.83","4.89","4.92","4.75","2.78M","0.42%"
"08/18/2016","4.81","4.79","4.89","4.75","5.54M","2.12%"
"08/17/2016","4.71","4.73","4.79","4.66","5.56M","0.00%"
"08/16/2016","4.71","4.66","4.81","4.62","6.80M","0.86%"
"08/15/2016","4.67","4.67","4.77","4.59","5.54M","3.09%"
"08/14/2016","4.53","4.39","4.67","4.33","7.35M","4.14%"
"08/11/2016","4.35","4.30","4.44","4.29","6.41M","2.11%"
"08/10/2016","4.26","4.31","4.36","4.20","6.88M","-3.84%"
"08/09/2016","4.43","4.60","4.61","4.23","6.86M","1.37%"
"08/08/2016","4.37","4.30","4.57","4.19","7.22M","3.80%"
"08/07/2016","4.21","4.07","4.41","4.02","6.83M","6.05%"
"08/04/2016","3.97","3.73","4.05","3.73","7.97M","7.59%"
"08/03/2016","3.69","3.68","3.75","3.65","2.49M","3.07%"
"08/02/2016","3.58","3.45","3.73","3.39","8.00M","4.37%"
"08/01/2016","3.43","3.47","3.50","3.39","1.89M","-0.87%"
"07/31/2016","3.46","3.33","3.54","3.33","1.89M","2.06%"
"07/28/2016","3.39","3.53","3.53","3.33","3.42M","-4.51%"
"07/27/2016","3.55","3.47","3.66","3.47","2.15M","1.43%"
"07/26/2016","3.50","3.53","3.57","3.42","394.88K","-1.13%"
"07/25/2016","3.54","3.60","3.60","3.48","822.04K","-2.48%"
"07/24/2016","3.63","3.67","3.69","3.53","265.67K","0.83%"
"07/21/2016","3.60","3.61","3.61","3.58","454.42K","-1.91%"
"07/20/2016","3.67","3.73","3.73","3.61","345.32K","-1.87%"
"07/19/2016","3.74","3.75","3.75","3.71","100.50K","0.27%"
"07/18/2016","3.73","3.80","3.80","3.70","79.76K","-3.12%"
"07/17/2016","3.85","3.83","3.86","3.77","562.25K","1.58%"
"07/14/2016","3.79","3.79","3.80","3.73","285.40K","-1.04%"
"07/13/2016","3.83","3.78","3.83","3.77","826.35K","-0.52%"
"07/12/2016","3.85","3.77","3.87","3.65","868.31K","-0.52%"
"07/11/2016","3.87","3.93","3.93","3.75","2.98M","0.52%"
"07/10/2016","3.85","3.79","3.99","3.71","534.82K","4.90%"
"07/04/2016","3.67","3.53","3.73","3.51","428.45K","4.86%"
"07/03/2016","3.50","3.53","3.53","3.47","108.58K","-0.85%"
"06/29/2016","3.53","3.43","3.57","3.43","289.42K","0.57%"
"06/28/2016","3.51","3.48","3.53","3.47","198.33K","1.15%"
"06/27/2016","3.47","3.59","3.59","3.37","380.82K","0.58%"
"06/26/2016","3.45","3.48","3.61","3.25","1.17M","-9.69%"
"06/23/2016","3.82","3.83","3.87","3.79","30.10K","1.33%"
"06/22/2016","3.77","3.83","3.86","3.74","823.08K","-1.57%"
"06/21/2016","3.83","3.80","3.85","3.74","883.24K","2.13%"
"06/20/2016","3.75","3.79","3.87","3.71","1.94M","-2.34%"
"06/19/2016","3.84","3.98","3.98","3.69","134.80K","-2.78%"
"06/16/2016","3.95","3.94","4.00","3.89","337.95K","0.51%"
"06/15/2016","3.93","4.01","4.01","3.90","176.63K","-1.75%"
"06/14/2016","4.00","4.07","4.07","3.95","778.81K","-2.20%"
"06/13/2016","4.09","4.13","4.13","3.97","807.76K","-0.97%"
"06/12/2016","4.13","4.17","4.17","4.12","195.42K","-1.43%"
"06/09/2016","4.19","4.20","4.23","4.15","57.15K","-0.24%"
"06/08/2016","4.20","4.20","4.23","4.17","430.26K","0.48%"
"06/07/2016","4.18","4.20","4.20","4.17","70.77K","-0.48%"
"06/06/2016","4.20","4.20","4.27","4.19","89.31K","-0.24%"
"06/05/2016","4.21","4.22","4.23","4.21","47.59K","-1.17%"
"06/02/2016","4.26","4.23","4.35","4.22","81.95K","-0.23%"
"06/01/2016","4.27","4.27","4.34","4.25","24.57K","-1.61%"
"05/31/2016","4.34","4.29","4.41","4.21","1.54M","1.17%"
"05/30/2016","4.29","4.20","4.34","4.17","366.88K","2.14%"
"05/29/2016","4.20","4.22","4.23","4.17","30.03K","-0.24%"
"05/26/2016","4.21","4.13","4.30","4.13","497.56K","1.94%"
"05/25/2016","4.13","4.15","4.17","4.13","807.45K","0.00%"
"05/24/2016","4.13","4.03","4.20","4.03","247.70K","1.72%"
"05/23/2016","4.06","4.07","4.11","4.04","60.75K","-0.25%"
"05/22/2016","4.07","4.09","4.11","4.07","89.56K","0.99%"
"05/19/2016","4.03","4.06","4.13","3.97","481.51K","-2.66%"
"05/18/2016","4.14","4.17","4.19","4.10","327.29K","0.73%"
"05/17/2016","4.11","4.05","4.16","4.03","358.08K","1.99%"
"05/16/2016","4.03","4.07","4.09","4.00","196.94K","-0.49%"
"05/15/2016","4.05","4.13","4.13","4.00","405.04K","-3.11%"
"05/12/2016","4.18","4.24","4.27","4.12","439.70K","-0.71%"
"05/11/2016","4.21","4.21","4.25","4.17","341.66K","-1.86%"
"05/10/2016","4.29","4.22","4.33","4.20","794.58K","0.94%"
"05/09/2016","4.25","4.20","4.30","4.17","223.90K","2.66%"
"05/08/2016","4.14","4.20","4.20","4.10","854.73K","-1.66%"
"05/05/2016","4.21","4.21","4.26","4.18","329.40K","1.45%"
"05/04/2016","4.15","4.19","4.22","4.13","806.72K","-0.95%"
"05/03/2016","4.19","4.40","4.40","4.13","1.04M","-4.77%"
"04/28/2016","4.40","4.27","4.48","4.26","2.52M","0.69%"
"04/27/2016","4.37","4.53","4.53","4.30","876.60K","-2.67%"
"04/26/2016","4.49","4.53","4.67","4.45","1.21M","-6.65%"
"04/24/2016","4.81","4.83","4.85","4.77","630.81K","-0.41%"
"04/21/2016","4.83","4.93","5.03","4.71","1.86M","-1.63%"
"04/20/2016","4.91","5.06","5.06","4.81","506.90K","-2.96%"
"04/19/2016","5.06","5.17","5.17","5.00","2.52M","-0.20%"
"04/18/2016","5.07","4.93","5.23","4.87","1.36M","4.11%"
"04/17/2016","4.87","4.77","4.97","4.74","1.52M","3.40%"
"04/14/2016","4.71","4.67","4.73","4.66","255.78K","1.73%"
"04/13/2016","4.63","4.67","4.67","4.57","196.52K","1.31%"
"04/12/2016","4.57","4.53","4.67","4.50","288.97K","0.88%"
"04/11/2016","4.53","4.53","4.57","4.47","344.44K","-1.74%"
"04/10/2016","4.61","4.65","4.73","4.51","135.65K","0.88%"
"04/07/2016","4.57","4.53","4.73","4.53","1.40M","0.44%"
"04/06/2016","4.55","4.65","4.67","4.44","507.70K","-4.41%"
"04/05/2016","4.76","4.87","4.87","4.63","2.03M","-0.63%"
"04/04/2016","4.79","4.74","4.91","4.67","558.31K","-0.21%"
"04/03/2016","4.80","4.87","4.89","4.72","310.17K","-0.62%"
"03/31/2016","4.83","4.80","4.93","4.80","1.69M","-0.41%"
"03/30/2016","4.85","5.03","5.07","4.80","1.17M","-5.27%"
"03/29/2016","5.12","5.20","5.27","4.90","1.00M","-0.78%"
"03/28/2016","5.16","5.31","5.31","5.10","249.77K","-2.27%"
"03/27/2016","5.28","5.40","5.40","5.20","212.76K","-3.12%"
"03/24/2016","5.45","5.31","5.50","5.29","1.71M","2.83%"
"03/23/2016","5.30","5.39","5.45","5.19","320.89K","-2.03%"
"03/22/2016","5.41","5.47","5.47","5.33","1.30M","-0.73%"
"03/21/2016","5.45","5.40","5.55","5.40","696.23K","-0.91%"
"03/20/2016","5.50","5.74","5.87","5.34","900.54K","0.73%"
"03/17/2016","5.46","5.23","5.74","4.83","3.74M","4.60%"
"03/16/2016","5.22","5.31","5.31","5.13","645.41K","-0.38%"
"03/15/2016","5.24","5.21","5.43","5.07","648.70K","0.19%"
"03/14/2016","5.23","4.89","5.29","4.89","2.35M","8.73%"
"03/13/2016","4.81","4.82","4.82","4.76","56.76K","-1.64%"
"03/10/2016","4.89","4.89","4.93","4.83","2.11M","0.41%"
"03/09/2016","4.87","4.83","4.89","4.82","1.19M","-1.22%"
"03/08/2016","4.93","4.96","5.00","4.87","771.15K","1.44%"
"03/07/2016","4.86","4.87","4.95","4.78","168.99K","0.62%"
"03/06/2016","4.83","4.67","4.99","4.67","423.65K","5.23%"
"03/03/2016","4.59","4.67","4.67","4.53","212.59K","-2.75%"
"03/02/2016","4.72","4.83","4.83","4.63","165.30K","-3.08%"
"03/01/2016","4.87","5.01","5.01","4.82","451.20K","-1.42%"
"02/29/2016","4.94","4.94","5.12","4.93","766.25K","-2.37%"
"02/28/2016","5.06","4.84","5.17","4.84","2.65M","4.55%"
"02/25/2016","4.84","4.85","4.88","4.79","227.36K","3.42%"
"02/24/2016","4.68","4.51","4.85","4.51","765.17K","5.41%"
"02/23/2016","4.44","4.13","4.52","4.13","418.69K","8.03%"
"02/22/2016","4.11","4.07","4.17","4.07","97.59K","1.23%"
"02/21/2016","4.06","4.03","4.12","4.00","102.99K","0.25%"
"02/18/2016","4.05","4.07","4.07","4.00","227.85K","0.75%"
"02/17/2016","4.02","3.96","4.17","3.96","356.47K","0.75%"
"02/16/2016","3.99","4.01","4.01","3.95","80.09K","0.00%"
"02/15/2016","3.99","4.03","4.03","3.90","128.17K","0.00%"
"02/14/2016","3.99","4.00","4.00","3.93","18.15K","0.00%"
"02/11/2016","3.99","4.33","4.42","3.87","111.30K","-6.99%"
"02/10/2016","4.29","4.33","4.33","4.21","12.44K","0.23%"
"02/09/2016","4.28","4.21","4.35","4.07","50.43K","-3.39%"
"02/08/2016","4.43","4.57","4.57","4.29","91.53K","-0.23%"
"02/07/2016","4.44","4.53","4.53","4.40","76.84K","-1.33%"
"02/04/2016","4.50","4.50","4.53","4.41","370.92K","0.00%"
"02/03/2016","4.50","4.41","4.53","4.41","40.31K","0.67%"
"02/02/2016","4.47","4.47","4.49","4.37","276.34K","0.22%"
"02/01/2016","4.46","4.47","4.48","4.30","351.33K","-0.22%"
"01/31/2016","4.47","4.49","4.50","4.42","126.21K","0.00%"
"01/28/2016","4.47","4.45","4.53","4.40","174.30K","-1.32%"
"01/27/2016","4.53","4.55","4.60","4.47","314.84K","2.95%"
"01/26/2016","4.40","4.30","4.55","4.20","2.93M","4.27%"
"01/24/2016","4.22","4.16","4.29","4.13","260.46K","7.93%"
"01/21/2016","3.91","3.75","4.05","3.73","506.79K","-1.76%"
"01/20/2016","3.98","4.12","4.12","3.87","100.89K","-5.24%"
"01/19/2016","4.20","4.21","4.26","4.10","854.68K","2.44%"
"01/18/2016","4.10","4.10","4.28","4.00","510.76K","1.49%"
"01/17/2016","4.04","4.12","4.33","3.76","301.45K","-2.65%"
"01/14/2016","4.15","4.20","4.45","4.11","81.15K","-6.74%"
"01/13/2016","4.45","4.87","4.87","4.27","207.98K","-6.32%"
"01/12/2016","4.75","4.77","4.84","4.70","67.54K","-2.46%"
"01/11/2016","4.87","5.25","5.25","4.70","604.32K","-5.07%"
"01/10/2016","5.13","5.17","5.25","5.08","208.48K","-2.66%"
"01/06/2016","5.27","5.29","5.33","5.21","65.59K","-1.68%"
"01/05/2016","5.36","5.33","5.45","5.27","937.85K","0.00%"
"01/04/2016","5.36","5.41","5.47","5.33","656.40K","-2.37%"
"01/03/2016","5.49","5.31","5.63","5.23","862.10K","4.17%"
"12/31/2015","5.27","5.17","5.33","5.17","1.01M","1.15%"
"12/30/2015","5.21","5.23","5.27","5.13","1.77M","-0.38%"
"12/29/2015","5.23","5.23","5.23","5.15","24.98K","2.35%"
"12/28/2015","5.11","5.14","5.17","5.05","218.81K","-0.97%"
"12/27/2015","5.16","5.15","5.21","5.11","32.02K","-2.46%"
"12/24/2015","5.29","5.31","5.31","5.19","239.83K","-0.19%"
"12/22/2015","5.30","5.27","5.35","5.20","1.20M","0.57%"
"12/21/2015","5.27","5.20","5.30","5.20","127.32K","0.00%"
"12/20/2015","5.27","5.27","5.27","5.17","256.74K","0.00%"
"12/17/2015","5.27","5.33","5.37","5.20","542.57K","-1.13%"
"12/16/2015","5.33","5.35","5.40","5.33","164.87K","-0.37%"
"12/15/2015","5.35","5.33","5.47","5.33","33.27K","-0.74%"
"12/14/2015","5.39","5.62","5.63","5.21","46.76K","0.37%"
"12/13/2015","5.37","5.47","5.47","5.33","16.98K","-4.45%"
"12/10/2015","5.62","5.67","5.67","5.53","29.90K","-2.09%"
"12/09/2015","5.74","5.77","5.77","5.61","11.37K","1.41%"
"12/08/2015","5.66","5.74","5.76","5.53","16.15K","-1.91%"
"12/07/2015","5.77","5.77","5.80","5.63","60.18K","-0.69%"
"12/06/2015","5.81","5.82","5.83","5.68","59.57K","0.17%"
"12/03/2015","5.80","5.92","5.92","5.65","2.47M","0.87%"
"12/02/2015","5.75","5.67","5.93","5.67","1.97M","2.86%"
"12/01/2015","5.59","5.53","5.67","5.53","434.42K","0.54%"
"11/30/2015","5.56","5.67","5.79","5.50","161.49K","-4.14%"
"11/29/2015","5.80","5.89","5.89","5.80","1.21M","0.35%"
"11/26/2015","5.78","5.78","5.99","5.73","890.91K","1.58%"
"11/25/2015","5.69","5.72","6.00","5.60","1.50M","-0.52%"
"11/24/2015","5.72","6.00","6.00","5.64","52.99K","-5.14%"
"11/23/2015","6.03","6.11","6.11","5.93","221.79K","-2.27%"
"11/22/2015","6.17","6.20","6.20","6.06","73.21K","-0.48%"
"11/19/2015","6.20","6.33","6.33","6.12","264.06K","-0.48%"
"11/18/2015","6.23","6.00","6.33","6.00","679.61K","0.48%"
"11/17/2015","6.20","6.34","6.34","5.83","218.34K","-4.17%"
"11/16/2015","6.47","6.47","6.53","6.39","196.67K","-2.27%"
"11/15/2015","6.62","6.67","6.67","6.17","172.00K","-1.63%"
"11/12/2015","6.73","6.83","6.85","6.67","387.78K","0.00%"
"11/11/2015","6.73","6.89","6.93","6.67","149.88K","-1.75%"
"11/10/2015","6.85","6.71","6.88","6.71","94.74K","-1.44%"
"11/09/2015","6.95","6.87","7.13","6.87","15.00K","-1.70%"
"11/08/2015","7.07","7.24","7.24","7.05","31.51K","-2.88%"
"11/05/2015","7.28","7.23","7.33","7.23","55.14K","1.11%"
"11/04/2015","7.20","7.10","7.29","7.10","174.82K","0.00%"
"11/03/2015","7.20","7.20","7.20","7.20","633.46K","0.00%"
"11/02/2015","7.20","7.17","7.33","7.17","1.20M","-1.64%"
"11/01/2015","7.32","7.07","7.07","7.01","1.42K","0.00%"
"10/29/2015","7.32","7.08","7.33","7.08","213.15K","-0.14%"
"10/28/2015","7.33","7.33","7.40","7.05","631.35K","0.27%"
"10/27/2015","7.31","7.07","7.33","7.00","104.80K","5.48%"
"10/26/2015","6.93","6.94","6.94","6.93","60.37K","-1.98%"
"10/25/2015","7.07","7.12","7.12","7.12","0.45K","0.00%"
"10/22/2015","7.07","7.07","7.13","7.07","957.58K","0.28%"
"10/21/2015","7.05","7.32","7.32","7.03","351.72K","-0.28%"
"10/20/2015","7.07","7.07","7.29","7.07","80.58K","-2.08%"
"10/19/2015","7.22","7.29","7.29","7.22","111.99K","-0.96%"
"10/18/2015","7.29","7.07","7.33","7.07","5.78K","0.97%"
"10/15/2015","7.22","7.23","7.33","7.07","319.06K","-0.14%"
"10/13/2015","7.23","7.17","7.33","7.07","320.85K","2.26%"
"10/12/2015","7.07","7.33","7.33","7.07","700.13K","-2.75%"
"10/11/2015","7.27","7.20","7.33","7.05","55.84K","3.71%"
"10/08/2015","7.01","6.73","7.33","6.73","113.57K","-0.85%"
"10/07/2015","7.07","6.90","7.10","6.90","24.72K","6.00%"
"10/05/2015","6.67","6.67","6.67","6.66","220.93K","0.15%"
"10/04/2015","6.66","6.60","6.67","6.60","42.00K","-0.30%"
"10/01/2015","6.68","6.69","6.69","6.67","15.00K","-1.62%"
"09/30/2015","6.79","6.77","6.86","6.74","132.22K","0.30%"
"09/29/2015","6.77","6.77","6.77","6.77","145.20K","-0.59%"
"09/28/2015","6.81","6.74","6.99","6.74","6.16K","1.49%"
"09/22/2015","6.71","6.67","6.83","6.67","59.21K","0.60%"
"09/21/2015","6.67","6.67","6.85","6.67","764.72K","-0.89%"
"09/20/2015","6.73","6.62","6.75","6.62","33.30K","1.51%"
"09/17/2015","6.63","6.48","6.83","6.48","3.78M","2.47%"
"09/16/2015","6.47","6.35","6.67","6.34","780.58K","2.21%"
"09/15/2015","6.33","6.43","6.43","6.33","3.75M","-3.51%"
"09/14/2015","6.56","6.53","6.61","6.53","434.92K","0.61%"
"09/13/2015","6.52","6.41","6.53","6.41","5.41K","-0.15%"
"09/10/2015","6.53","6.48","6.60","6.48","48.97K","0.77%"
"09/09/2015","6.48","6.40","6.53","6.39","13.52K","-0.15%"
"09/08/2015","6.49","6.53","6.54","6.37","549.97K","-0.76%"
"09/07/2015","6.54","6.63","6.65","6.40","5.40K","-1.21%"
"09/06/2015","6.62","6.61","6.65","6.60","6.73K","0.15%"
"09/03/2015","6.61","6.67","6.67","6.53","19.28K","-0.60%"
"09/02/2015","6.65","6.66","6.67","6.63","62.63K","-0.30%"
"09/01/2015","6.67","6.63","6.67","6.63","321.74K","3.09%"
"08/31/2015","6.47","6.03","6.80","6.03","14.63K","3.69%"
"08/30/2015","6.24","6.02","6.02","6.02","0.15K","0.00%"
"08/27/2015","6.24","6.01","6.33","6.01","406.22K","3.48%"
"08/26/2015","6.03","6.00","6.04","6.00","107.40K","0.50%"
"08/25/2015","6.00","5.93","6.01","5.93","42.78K","2.04%"
"08/24/2015","5.88","5.94","5.95","5.66","260.61K","-0.84%"
"08/23/2015","5.93","6.09","6.09","5.83","94.65K","-6.32%"
"08/20/2015","6.33","6.43","6.47","6.17","909.73K","-2.62%"
"08/19/2015","6.50","6.47","6.57","6.37","394.16K","-2.55%"
"08/18/2015","6.67","6.80","6.80","6.33","482.26K","-2.34%"
"08/17/2015","6.83","6.70","6.87","6.70","1.89M","-2.43%"
"08/16/2015","7.00","7.01","7.01","7.00","9.00K","-1.82%"
"08/13/2015","7.13","7.17","7.17","7.08","1.44M","-0.42%"
"08/12/2015","7.16","7.07","7.23","7.01","59.98K","-0.28%"
"08/11/2015","7.18","7.13","7.33","7.13","36.79K","1.56%"
"08/10/2015","7.07","7.07","7.15","7.07","678.55K","0.57%"
"08/09/2015","7.03","7.03","7.07","7.00","24.63K","-1.68%"
"08/05/2015","7.15","7.07","7.18","7.07","657.93K","1.13%"
"08/04/2015","7.07","6.98","7.17","6.98","80.86K","0.86%"
"08/03/2015","7.01","6.90","7.20","6.90","394.18K","0.29%"
"08/02/2015","6.99","6.93","7.00","6.91","177.82K","-0.99%"
"07/30/2015","7.06","6.84","7.13","6.84","554.80K","0.71%"
"07/29/2015","7.01","7.13","7.13","6.90","24.04K","1.74%"
"07/28/2015","6.89","6.83","7.13","6.83","41.77K","0.15%"
"07/27/2015","6.88","6.93","6.97","6.81","10.39K","-1.01%"
"07/26/2015","6.95","6.94","6.97","6.93","21.63K","-3.34%"
"07/22/2015","7.19","7.01","7.20","7.00","224.50K","-0.14%"
"07/21/2015","7.20","7.20","7.21","6.93","754.53K","0.00%"
"07/16/2015","7.20","7.00","7.21","7.00","179.62K","-0.14%"
"07/15/2015","7.21","6.97","7.33","6.97","192.88K","8.10%"
"07/14/2015","6.67","6.63","6.67","6.63","7.35K","5.37%"
"07/13/2015","6.33","6.35","6.35","6.33","160.75K","-1.71%"
"07/12/2015","6.44","6.43","6.45","6.43","9.97K","1.10%"
"07/09/2015","6.37","6.27","6.67","6.27","885.62K","0.31%"
"07/08/2015","6.35","6.27","6.40","6.20","1.39M","-0.63%"
"07/07/2015","6.39","6.53","6.53","6.17","84.22K","-1.54%"
"07/06/2015","6.49","6.66","6.67","6.07","78.80K","-2.99%"
"07/05/2015","6.69","6.84","6.84","6.60","197.46K","-2.05%"
"07/02/2015","6.83","7.00","7.00","6.67","1.03M","-1.44%"
"06/29/2015","6.93","7.20","7.25","6.84","30.33K","-0.72%"
"06/28/2015","6.98","6.81","7.00","6.81","31.75K","-0.29%"
"06/25/2015","7.00","7.00","7.01","6.82","253.01K","-0.28%"
"06/24/2015","7.02","7.03","7.05","7.00","915.34K","0.00%"
"06/23/2015","7.02","7.00","7.04","7.00","722.80K","0.14%"
"06/22/2015","7.01","7.00","7.23","7.00","416.65K","-0.14%"
"06/21/2015","7.02","7.33","7.33","6.97","64.24K","-3.97%"
"06/18/2015","7.31","7.27","7.39","7.27","35.28K","2.81%"
"06/17/2015","7.11","7.10","7.13","7.10","14.91K","0.00%"
"06/16/2015","7.11","7.27","7.27","7.27","0.50K","0.00%"
"06/15/2015","7.11","7.13","7.20","7.07","154.27K","-2.47%"
"06/14/2015","7.29","7.33","7.33","7.11","2.51K","0.00%"
"06/11/2015","7.29","7.03","7.33","7.03","67.57K","3.70%"
"06/10/2015","7.03","7.07","7.07","7.03","438.37K","0.00%"
"06/09/2015","7.03","6.95","7.11","6.95","29.56K","-0.85%"
"06/08/2015","7.09","7.09","7.20","7.03","134.83K","-1.66%"
"06/07/2015","7.21","7.23","7.25","7.04","101.91K","-0.55%"
"06/04/2015","7.25","7.27","7.27","7.21","23.55K","-1.09%"
"06/03/2015","7.33","7.45","7.47","7.27","620.26K","0.00%"
"06/02/2015","7.33","7.23","7.40","7.18","774.39K","1.66%"
"06/01/2015","7.21","7.17","7.33","7.15","533.89K","0.00%"
"05/31/2015","7.21","7.27","7.33","7.07","134.77K","-1.64%"
"05/28/2015","7.33","7.25","7.50","7.25","610.47K","0.96%"
"05/27/2015","7.26","7.25","7.27","7.25","30.06K","0.69%"
"05/26/2015","7.21","7.11","7.29","6.97","63.47K","-0.69%"
"05/25/2015","7.26","7.24","7.33","7.10","34.13K","-2.16%"
"05/24/2015","7.42","7.31","7.63","7.31","120.80K","1.23%"
"05/21/2015","7.33","7.30","7.47","7.11","173.98K","5.01%"
"05/20/2015","6.98","6.89","7.30","6.77","2.81M","1.31%"
"05/19/2015","6.89","6.93","6.93","6.80","598.26K","4.55%"
"05/18/2015","6.59","6.22","6.63","6.22","93.37K","9.29%"
"05/17/2015","6.03","6.07","6.07","6.00","24.11K","0.50%"
"05/14/2015","6.00","6.17","6.17","5.87","676.57K","-4.61%"
"05/13/2015","6.29","6.47","6.47","6.03","62.32K","-5.13%"
"05/12/2015","6.63","6.69","6.69","6.47","29.07K","-0.75%"
"05/11/2015","6.68","6.77","6.80","6.61","1.20M","-2.77%"
"05/10/2015","6.87","6.91","6.92","6.82","87.88K","-1.15%"
"05/07/2015","6.95","7.08","7.17","6.81","18.95K","-0.86%"
"05/06/2015","7.01","6.97","6.97","6.97","2.81K","0.00%"
"05/05/2015","7.01","7.07","7.07","6.87","58.78K","0.86%"
"05/04/2015","6.95","6.87","7.00","6.84","112.62K","-0.71%"
"05/03/2015","7.00","7.13","7.13","7.00","1.76M","-0.71%"
"04/30/2015","7.05","7.10","7.13","6.87","1.29M","0.57%"
"04/29/2015","7.01","6.71","7.07","6.70","1.25M","5.10%"
"04/28/2015","6.67","6.73","6.73","6.63","1.04M","-2.06%"
"04/27/2015","6.81","6.90","6.90","6.72","197.00K","-3.68%"
"04/26/2015","7.07","7.07","7.09","7.07","90.16K","-0.28%"
"04/23/2015","7.09","6.93","7.13","6.93","3.45M","2.60%"
"04/22/2015","6.91","6.80","6.99","6.80","42.45K","1.62%"
"04/21/2015","6.80","6.80","6.93","6.74","594.61K","0.44%"
"04/20/2015","6.77","6.87","6.93","6.77","3.22M","-2.45%"
"04/19/2015","6.94","7.03","7.05","6.76","1.32M","-0.14%"
"04/16/2015","6.95","6.77","7.00","6.77","131.29K","0.29%"
"04/15/2015","6.93","6.93","7.09","6.74","848.98K","0.00%"
"04/14/2015","6.93","7.00","7.13","6.93","1.35M","-0.29%"
"04/09/2015","6.95","6.96","7.06","6.93","477.17K","-0.57%"
"04/08/2015","6.99","6.68","7.11","6.68","1.41M","2.04%"
"04/07/2015","6.85","6.91","6.93","6.71","1.30M","1.33%"
"04/06/2015","6.76","6.61","6.91","6.41","410.12K","-2.73%"
"04/05/2015","6.95","7.05","7.05","6.65","437.25K","-1.42%"
"04/02/2015","7.05","7.23","7.27","6.90","259.88K","-1.95%"
"04/01/2015","7.19","7.17","7.23","7.03","175.92K","0.84%"
"03/31/2015","7.13","7.13","7.24","7.09","217.83K","0.00%"
"03/30/2015","7.13","7.19","7.21","6.97","456.27K","1.57%"
"03/29/2015","7.02","7.27","7.27","6.94","250.62K","-3.57%"
"03/26/2015","7.28","7.17","7.35","6.77","1.86M","-0.41%"
"03/25/2015","7.31","7.52","7.53","7.23","730.61K","-3.05%"
"03/24/2015","7.54","7.73","7.75","7.45","2.35M","-0.66%"
"03/23/2015","7.59","7.83","7.93","7.45","753.67K","-3.07%"
"03/22/2015","7.83","7.90","7.99","7.73","53.72K","-2.37%"
"03/19/2015","8.02","8.11","8.11","7.87","785.12K","0.38%"
"03/18/2015","7.99","8.00","8.00","7.89","863.48K","-1.11%"
"03/17/2015","8.08","8.00","8.20","8.00","379.86K","1.51%"
"03/16/2015","7.96","7.97","8.02","7.90","167.59K","-0.62%"
"03/15/2015","8.01","7.99","8.09","7.97","20.66K","0.50%"
"03/12/2015","7.97","8.01","8.07","7.87","266.52K","-0.75%"
"03/11/2015","8.03","8.07","8.07","7.95","241.06K","-2.67%"
"03/10/2015","8.25","8.47","8.47","8.00","436.32K","1.48%"
"03/09/2015","8.13","7.73","8.40","7.73","341.36K","5.17%"
"03/08/2015","7.73","7.77","7.81","7.73","467.88K","0.26%"
"03/05/2015","7.71","7.83","7.91","7.69","485.55K","1.05%"
"03/04/2015","7.63","7.86","7.87","7.52","1.04M","-3.54%"
"03/03/2015","7.91","8.15","8.16","7.72","283.21K","-0.63%"
"03/02/2015","7.96","7.94","8.00","7.87","131.96K","1.27%"
"03/01/2015","7.86","7.93","8.23","7.77","94.49K","-1.50%"
"02/26/2015","7.98","8.20","8.20","7.81","846.67K","-4.32%"
"02/25/2015","8.34","8.53","8.53","8.13","281.33K","-0.36%"
"02/24/2015","8.37","8.50","8.50","8.27","213.97K","-1.30%"
"02/23/2015","8.48","8.53","8.54","8.40","178.43K","0.47%"
"02/22/2015","8.44","8.53","8.53","8.37","44.40K","0.60%"
"02/19/2015","8.39","8.53","8.63","8.27","541.11K","-1.29%"
"02/18/2015","8.50","8.50","8.59","8.40","1.13M","1.92%"
"02/17/2015","8.34","8.57","8.57","8.21","1.14M","-2.68%"
"02/16/2015","8.57","8.67","8.68","8.37","197.80K","-1.15%"
"02/15/2015","8.67","8.54","8.87","8.54","3.99M","2.12%"
"02/12/2015","8.49","8.46","8.67","8.17","1.32M","1.43%"
"02/11/2015","8.37","8.60","8.60","8.21","115.89K","-3.46%"
"02/10/2015","8.67","8.79","8.83","8.57","389.67K","-1.14%"
"02/09/2015","8.77","9.02","9.02","8.67","460.48K","-3.73%"
"02/08/2015","9.11","9.13","9.13","9.00","299.30K","-0.98%"
"02/05/2015","9.20","9.13","9.27","9.03","1.04M","0.11%"
"02/04/2015","9.19","9.02","9.24","9.02","277.20K","1.55%"
"02/03/2015","9.05","9.23","9.32","9.00","348.09K","-0.66%"
"02/02/2015","9.11","9.07","9.27","9.00","581.36K","0.00%"
"02/01/2015","9.11","9.05","9.25","9.05","268.38K","-2.15%"
"01/29/2015","9.31","9.41","9.50","9.13","588.26K","-2.82%"
"01/28/2015","9.58","9.96","9.96","9.35","247.60K","-3.72%"
"01/27/2015","9.95","9.07","10.25","9.07","686.20K","6.65%"
"01/26/2015","9.33","9.15","9.60","9.15","2.88M","0.11%"
"01/22/2015","9.32","9.73","9.73","9.21","1.19M","-4.21%"
"01/21/2015","9.73","9.87","9.87","9.67","1.17M","-3.47%"
"01/20/2015","10.08","9.47","10.27","9.47","1.14M","1.92%"
"01/19/2015","9.89","9.47","10.00","9.35","1.43M","4.00%"
"01/18/2015","9.51","9.11","9.66","9.11","505.44K","1.82%"
"01/15/2015","9.34","9.72","9.73","9.23","1.24M","-2.51%"
"01/14/2015","9.58","9.73","9.87","9.40","545.75K","2.46%"
"01/13/2015","9.35","9.07","9.71","9.07","538.12K","2.63%"
"01/12/2015","9.11","8.93","9.19","8.93","937.78K","2.59%"
"01/11/2015","8.88","8.70","8.93","8.70","119.85K","0.79%"
"01/08/2015","8.81","9.00","9.00","8.80","653.27K","1.38%"
"01/06/2015","8.69","8.35","9.00","8.33","383.35K","2.72%"
"01/05/2015","8.46","8.11","8.73","8.07","1.99M","5.62%"
"01/04/2015","8.01","8.07","8.07","8.00","58.00K","-0.50%"
"12/31/2014","8.05","8.12","8.13","8.00","305.89K","-0.37%"
"12/30/2014","8.08","8.13","8.13","8.05","146.68K","0.37%"
"12/29/2014","8.05","8.07","8.13","8.00","767.59K","-0.74%"
"12/28/2014","8.11","8.07","8.13","8.01","42.07K","1.37%"
"12/25/2014","8.00","8.01","8.11","8.00","723.86K","-0.50%"
"12/24/2014","8.04","8.13","8.13","8.00","309.97K","0.12%"
"12/23/2014","8.03","8.13","8.13","8.00","334.94K","0.37%"
"12/22/2014","8.00","8.00","8.01","7.91","549.59K","-1.11%"
"12/21/2014","8.09","8.00","8.27","7.93","849.53K","2.80%"
"12/18/2014","7.87","8.00","8.00","7.73","488.42K","1.81%"
"12/17/2014","7.73","7.87","8.00","7.20","1.80M","-2.03%"
"12/16/2014","7.89","7.87","8.00","7.87","354.46K","-1.87%"
"12/15/2014","8.04","8.00","8.13","7.93","518.86K","0.63%"
"12/14/2014","7.99","8.01","8.10","7.87","2.82M","-2.44%"
"12/11/2014","8.19","8.27","8.40","8.13","891.29K","-0.73%"
"12/10/2014","8.25","8.13","8.39","8.01","1.58M","2.74%"
"12/09/2014","8.03","7.99","8.20","7.87","5.08M","1.39%"
"12/08/2014","7.92","7.67","8.20","7.61","1.90M","5.04%"
"12/07/2014","7.54","7.47","7.68","7.47","907.40K","2.03%"
"12/04/2014","7.39","7.34","7.53","7.33","1.24M","0.96%"
"12/03/2014","7.32","7.10","7.37","7.10","1.17M","-0.14%"
"12/02/2014","7.33","7.33","7.45","7.20","893.17K","-1.61%"
"12/01/2014","7.45","7.35","7.47","7.27","2.80M","-0.80%"
"11/30/2014","7.51","7.53","7.70","7.35","1.23M","1.76%"
"11/27/2014","7.38","7.07","7.57","7.07","2.78M","4.38%"
"11/26/2014","7.07","7.07","7.17","6.87","677.59K","-0.14%"
"11/25/2014","7.08","6.94","7.23","6.94","925.69K","-0.84%"
"11/24/2014","7.14","7.00","7.25","6.93","1.62M","3.03%"
"11/23/2014","6.93","6.97","7.00","6.80","2.10M","0.00%"
"11/20/2014","6.93","7.07","7.07","6.83","845.51K","0.14%"
"11/19/2014","6.92","6.53","7.11","6.53","2.40M","5.81%"
"11/18/2014","6.54","6.60","6.60","6.47","585.88K","-1.51%"
"11/17/2014","6.64","6.66","6.67","6.53","1.21M","-0.30%"
"11/16/2014","6.66","6.67","6.73","6.55","1.31M","0.91%"
"11/13/2014","6.60","6.59","6.66","6.55","142.27K","-0.90%"
"11/12/2014","6.66","6.65","6.67","6.59","1.13M","0.45%"
"11/11/2014","6.63","6.67","6.67","6.60","235.75K","-0.45%"
"11/10/2014","6.66","6.67","6.67","6.61","365.51K","-0.15%"
"11/09/2014","6.67","6.78","6.80","6.61","217.39K","-0.30%"
"11/06/2014","6.69","6.89","6.89","6.61","698.81K","-2.05%"
"11/05/2014","6.83","6.72","6.93","6.67","54.97K","-1.30%"
"11/04/2014","6.92","6.93","7.03","6.68","513.49K","-2.40%"
"11/03/2014","7.09","7.17","7.19","7.03","1.77M","1.29%"
"11/02/2014","7.00","6.68","7.20","6.68","1.58M","4.95%"
"10/30/2014","6.67","6.59","6.77","6.40","847.56K","3.89%"
"10/29/2014","6.42","6.13","6.52","6.13","695.53K","5.77%"
"10/28/2014","6.07","6.00","6.13","6.00","705.26K","0.66%"
"10/27/2014","6.03","6.07","6.13","6.00","142.09K","-1.63%"
"10/26/2014","6.13","6.13","6.13","6.07","93.94K","0.33%"
"10/23/2014","6.11","6.00","6.13","6.00","116.99K","-0.33%"
"10/22/2014","6.13","6.01","6.13","6.01","371.62K","0.33%"
"10/21/2014","6.11","6.00","6.13","6.00","1.00M","0.33%"
"10/20/2014","6.09","6.13","6.13","5.88","193.83K","-0.65%"
"10/19/2014","6.13","6.13","6.13","5.94","125.92K","0.49%"
"10/16/2014","6.10","6.07","6.27","5.60","1.18M","-0.81%"
"10/15/2014","6.15","6.40","6.40","6.13","344.15K","-2.23%"
"10/14/2014","6.29","6.40","6.40","6.13","105.04K","-0.32%"
"10/13/2014","6.31","6.32","6.33","6.27","1.19M","-1.25%"
"10/12/2014","6.39","6.53","6.53","6.27","60.04K","-5.89%"
"10/09/2014","6.79","6.92","6.92","6.67","159.21K","-2.02%"
"10/08/2014","6.93","6.80","6.93","6.80","1.87M","3.43%"
"10/02/2014","6.70","6.66","6.75","6.66","171.00K","3.40%"
"10/01/2014","6.48","6.53","6.55","6.40","129.52K","-0.46%"
"09/30/2014","6.51","6.41","6.53","6.41","160.91K","2.84%"
"09/29/2014","6.33","6.32","6.60","6.31","4.67M","3.09%"
"09/28/2014","6.14","6.14","6.27","6.14","16.75K","-2.07%"
"09/25/2014","6.27","6.27","6.40","6.27","1.29M","0.97%"
"09/24/2014","6.21","6.25","6.27","6.15","1.69M","0.98%"
"09/23/2014","6.15","6.03","6.20","6.03","863.03K","2.33%"
"09/22/2014","6.01","6.00","6.13","6.00","102.69K","0.17%"
"09/21/2014","6.00","6.00","6.00","6.00","8.22K","-2.12%"
"09/18/2014","6.13","6.12","6.20","6.07","44.30K","2.00%"
"09/17/2014","6.01","5.89","6.07","5.89","175.39K","2.39%"
"09/16/2014","5.87","5.88","5.93","5.87","86.73K","-1.01%"
"09/15/2014","5.93","5.87","5.99","5.87","399.26K","1.02%"
"09/14/2014","5.87","5.87","5.99","5.87","634.93K","0.00%"
"09/11/2014","5.87","5.87","5.87","5.87","764.55K","-2.17%"
"09/10/2014","6.00","6.01","6.01","5.87","1.44M","-0.17%"
"09/09/2014","6.01","6.12","6.13","5.84","33.91K","2.39%"
"09/08/2014","5.87","5.87","5.87","5.87","1.02M","0.00%"
"09/07/2014","5.87","5.83","5.87","5.83","3.47M","0.00%"
"09/04/2014","5.87","5.87","5.87","5.87","2.05M","0.00%"
"09/03/2014","5.87","5.93","5.93","5.80","595.95K","-0.34%"
"09/02/2014","5.89","6.01","6.02","5.86","4.42M","-2.32%"
"09/01/2014","6.03","6.00","6.13","5.96","12.13K","0.50%"
"08/31/2014","6.00","5.96","6.00","5.96","1.77M","-1.15%"
"08/28/2014","6.07","5.97","6.13","5.89","37.81K","1.17%"
"08/27/2014","6.00","5.87","6.13","5.87","1.20M","2.21%"
"08/26/2014","5.87","5.93","5.93","5.75","15.75K","-2.33%"
"08/25/2014","6.01","6.07","6.07","6.00","42.82K","-1.31%"
"08/24/2014","6.09","6.14","6.14","6.07","46.09K","-1.30%"
"08/21/2014","6.17","6.26","6.26","6.14","381.41K","-0.64%"
"08/20/2014","6.21","6.27","6.40","6.17","90.89K","0.49%"
"08/19/2014","6.18","6.15","6.27","6.13","1.15M","0.65%"
"08/18/2014","6.14","6.26","6.27","6.10","53.62K","0.49%"
"08/17/2014","6.11","6.07","6.13","6.07","744.03K","-0.33%"
"08/14/2014","6.13","6.08","6.13","6.08","111.29K","0.33%"
"08/13/2014","6.11","6.07","6.14","6.07","1.40M","0.16%"
"08/12/2014","6.10","6.13","6.13","6.07","221.92K","-1.61%"
"08/11/2014","6.20","6.30","6.40","6.13","182.95K","-5.05%"
"08/10/2014","6.53","6.36","6.36","6.36","0.21K","0.00%"
"08/07/2014","6.53","6.40","6.53","6.39","19.61K","0.93%"
"08/06/2014","6.47","6.36","6.47","6.36","382.36K","-0.15%"
"08/05/2014","6.48","6.53","6.53","6.36","891.88K","-2.41%"
"08/04/2014","6.64","6.53","6.67","6.53","213.23K","1.68%"
"08/03/2014","6.53","6.53","6.53","6.47","125.66K","-0.31%"
"07/31/2014","6.55","6.67","6.67","6.47","310.54K","-1.50%"
"07/27/2014","6.65","6.49","6.67","6.49","50.13K","1.06%"
"07/24/2014","6.58","6.57","6.66","6.57","281.16K","-1.35%"
"07/22/2014","6.67","6.67","6.67","6.67","65.94K","-1.77%"
"07/21/2014","6.79","6.53","6.80","6.53","660.03K","1.80%"
"07/20/2014","6.67","6.53","6.67","6.53","525.05K","1.99%"
"07/17/2014","6.54","6.48","6.80","6.48","149.47K","-0.91%"
"07/16/2014","6.60","6.53","6.67","6.53","80.58K","-1.05%"
"07/15/2014","6.67","6.67","6.67","6.65","2.53M","0.00%"
"07/14/2014","6.67","6.67","6.67","6.53","3.13K","0.00%"
"07/13/2014","6.67","6.67","6.67","6.65","332.70K","0.30%"
"07/10/2014","6.65","6.61","6.67","6.60","647.62K","-0.30%"
"07/09/2014","6.67","6.67","6.67","6.65","799.77K","0.15%"
"07/08/2014","6.66","6.67","6.67","6.40","51.34K","-0.15%"
"07/07/2014","6.67","6.63","6.67","6.63","606.21K","-0.60%"
"07/06/2014","6.71","6.77","6.79","6.63","8.85K","0.60%"
"07/03/2014","6.67","6.91","6.92","6.40","1.22M","-1.91%"
"06/30/2014","6.80","6.53","6.93","6.53","1.15M","5.43%"
"06/29/2014","6.45","6.40","6.53","6.40","244.78K","0.78%"
"06/26/2014","6.40","6.33","6.46","6.33","621.94K","2.07%"
"06/25/2014","6.27","6.27","6.27","6.27","35.14K","1.46%"
"06/24/2014","6.18","6.19","6.27","6.13","157.12K","-0.32%"
"06/23/2014","6.20","6.20","6.21","6.20","240.18K","0.16%"
"06/19/2014","6.19","6.24","6.27","6.13","335.57K","-3.28%"
"06/18/2014","6.40","6.40","6.40","6.40","5.82K","1.75%"
"06/17/2014","6.29","6.27","6.27","6.27","1.81K","0.00%"
"06/16/2014","6.29","6.30","6.30","6.27","88.38K","-4.26%"
"06/15/2014","6.57","6.27","6.60","6.27","3.27K","0.61%"
"06/12/2014","6.53","6.53","6.60","6.53","17.67K","0.00%"
"06/11/2014","6.53","6.50","6.60","6.50","1.64M","4.15%"
"06/10/2014","6.27","6.27","6.27","6.25","188.91K","-4.13%"
"06/09/2014","6.54","6.07","6.66","6.07","96.88K","2.99%"
"06/05/2014","6.35","6.27","6.40","6.20","374.17K","7.08%"
"06/04/2014","5.93","5.87","6.26","5.87","748.19K","0.85%"
"06/03/2014","5.88","5.93","5.91","5.87","322.99K","-0.51%"
"06/02/2014","5.91","6.13","6.13","5.71","1.23M","-0.34%"
"06/01/2014","5.93","5.72","6.39","5.69","98.75K","-6.02%"
"05/29/2014","6.31","6.67","6.67","6.00","386.38K","-4.97%"
"05/28/2014","6.64","6.67","6.67","6.53","2.43M","-0.60%"
"05/26/2014","6.68","6.57","6.80","6.57","165.19K","-0.15%"
"05/25/2014","6.69","6.68","6.70","6.68","62.47K","0.00%"
"05/22/2014","6.69","6.80","6.80","6.67","88.42K","-0.15%"
"05/21/2014","6.70","6.67","6.80","6.67","395.79K","-2.62%"
"05/20/2014","6.88","6.87","6.93","6.68","237.61K","1.03%"
"05/19/2014","6.81","6.65","6.93","6.65","26.52K","2.25%"
"05/18/2014","6.66","6.41","6.67","6.41","234.16K","-0.45%"
"05/15/2014","6.69","6.55","6.87","6.55","685.19K","3.08%"
"05/14/2014","6.49","6.40","6.53","6.27","195.31K","1.88%"
"05/13/2014","6.37","6.37","6.40","6.37","1.20M","0.00%"
"05/12/2014","6.37","6.27","6.45","6.27","225.81K","1.76%"
"05/11/2014","6.26","6.19","6.27","6.19","5.53K","-0.32%"
"05/08/2014","6.28","6.27","6.33","6.27","927.78K","0.96%"
"05/07/2014","6.22","6.40","6.40","6.20","55.04K","-1.58%"
"05/06/2014","6.32","6.28","6.46","6.21","105.08K","-3.95%"
"05/05/2014","6.58","6.53","6.60","6.44","31.61K","0.30%"
"05/04/2014","6.56","6.43","6.66","6.43","19.05K","0.92%"
"04/30/2014","6.50","6.43","6.60","6.43","138.45K","-1.52%"
"04/29/2014","6.60","6.60","6.63","6.44","3.33M","0.00%"
"04/28/2014","6.60","6.61","6.67","6.43","4.35M","-0.15%"
"04/27/2014","6.61","6.64","6.64","6.41","15.10K","-0.30%"
"04/23/2014","6.63","6.60","6.67","6.60","240.62K","0.45%"
"04/22/2014","6.60","6.60","6.67","6.53","2.34M","1.69%"
"04/17/2014","6.49","6.40","6.57","6.40","144.13K","1.09%"
"04/16/2014","6.42","6.40","6.43","6.37","642.13K","0.31%"
"04/15/2014","6.40","6.40","6.51","6.40","7.34M","0.63%"
"04/14/2014","6.36","6.33","6.43","6.30","27.75K","-2.00%"
"04/13/2014","6.49","6.60","6.67","6.47","133.63K","1.41%"
"04/10/2014","6.40","6.45","6.49","6.33","4.47M","0.31%"
"04/09/2014","6.38","6.39","6.47","6.27","2.44M","0.79%"
"04/08/2014","6.33","6.30","6.40","6.27","165.73K","0.32%"
"04/07/2014","6.31","6.27","6.33","6.27","304.11K","1.28%"
"04/06/2014","6.23","6.53","6.53","6.09","101.80K","-0.64%"
"04/03/2014","6.27","6.27","6.33","6.23","418.34K","0.00%"
"04/02/2014","6.27","6.27","6.27","6.22","131.94K","-0.32%"
"04/01/2014","6.29","6.20","6.40","6.20","163.87K","0.32%"
"03/31/2014","6.27","6.28","6.33","6.24","702.00K","0.00%"
"03/30/2014","6.27","6.17","6.47","6.13","293.17K","-3.39%"
"03/27/2014","6.49","6.60","6.62","6.27","517.24K","-1.37%"
"03/26/2014","6.58","6.66","6.66","6.47","275.07K","-0.15%"
"03/25/2014","6.59","6.53","6.66","6.53","343.69K","2.33%"
"03/24/2014","6.44","6.25","6.53","6.25","1.04M","3.54%"
"03/23/2014","6.22","6.26","6.27","6.14","177.06K","0.97%"
"03/20/2014","6.16","6.00","6.26","6.00","278.35K","-0.32%"
"03/19/2014","6.18","6.20","6.40","5.73","1.31M","0.16%"
"03/18/2014","6.17","6.13","6.27","6.05","480.22K","2.49%"
"03/17/2014","6.02","5.73","6.17","5.73","611.58K","7.31%"
"03/16/2014","5.61","5.34","5.67","5.34","2.81M","-1.06%"
"03/13/2014","5.67","5.63","5.72","5.60","131.56K","2.53%"
"03/12/2014","5.53","5.40","5.73","5.40","1.61M","2.79%"
"03/11/2014","5.38","5.27","5.40","5.27","169.75K","0.00%"
"03/10/2014","5.38","5.33","5.40","5.33","183.71K","0.75%"
"03/09/2014","5.34","5.24","5.40","5.24","128.62K","0.00%"
"03/06/2014","5.34","5.33","5.37","5.33","300.25K","-2.20%"
"03/05/2014","5.46","5.34","5.47","5.34","73.30K","0.00%"
"03/04/2014","5.46","5.20","5.47","5.20","100.49K","1.11%"
"03/03/2014","5.40","5.33","5.46","5.33","28.49K","-1.10%"
"03/02/2014","5.46","5.40","5.53","5.40","195.75K","0.00%"
"02/27/2014","5.46","5.41","5.47","5.41","180.32K","0.18%"
"02/26/2014","5.45","5.33","5.47","5.33","328.32K","-0.18%"
"02/25/2014","5.46","5.30","5.47","5.20","1.77M","1.11%"
"02/24/2014","5.40","5.31","5.40","5.31","555.19K","1.31%"
"02/23/2014","5.33","5.27","5.37","5.27","101.34K","-2.20%"
"02/20/2014","5.45","5.22","5.47","5.21","193.13K","0.18%"
"02/19/2014","5.44","5.25","5.57","5.21","64.84K","3.62%"
"02/18/2014","5.25","5.19","5.39","5.19","2.30M","2.74%"
"02/17/2014","5.11","5.07","5.17","5.07","425.19K","0.00%"
"02/16/2014","5.11","5.13","5.13","4.95","25.65K","0.79%"
"02/13/2014","5.07","5.00","5.13","5.00","1.14M","0.60%"
"02/12/2014","5.04","4.97","5.08","4.97","25.30K","2.02%"
"02/11/2014","4.94","4.93","5.00","4.93","322.80K","-0.20%"
"02/10/2014","4.95","4.95","4.98","4.95","16.33K","0.41%"
"02/09/2014","4.93","4.93","4.93","4.93","226.50K","0.00%"
"02/06/2014","4.93","4.88","4.95","4.88","2.10M","1.02%"
"02/05/2014","4.88","4.83","4.88","4.83","69.22K","0.21%"
"02/04/2014","4.87","4.87","4.88","4.87","601.96K","0.00%"
"02/03/2014","4.87","4.68","4.87","4.67","57.08K","1.46%"
"02/02/2014","4.80","4.73","4.92","4.73","277.06K","0.00%"
"01/30/2014","4.80","4.73","4.87","4.70","203.27K","0.00%"
"01/29/2014","4.80","4.67","4.80","4.67","529.89K","0.21%"
"01/28/2014","4.79","4.67","4.88","4.67","190.91K","1.27%"
"01/27/2014","4.73","4.73","4.73","4.73","7.50K","1.50%"
"01/26/2014","4.66","4.73","4.90","4.48","206.62K","-4.70%"
"01/23/2014","4.89","4.80","4.90","4.80","1.86M","1.87%"
"01/22/2014","4.80","4.67","4.80","4.67","164.14K","1.91%"
"01/21/2014","4.71","4.67","4.80","4.67","40.66K","0.86%"
"01/19/2014","4.67","4.60","4.67","4.60","293.51K","-2.30%"
"01/16/2014","4.78","4.91","4.91","4.44","601.56K","-3.04%"
"01/15/2014","4.93","4.91","4.93","4.80","1.37M","0.41%"
"01/14/2014","4.91","4.89","4.92","4.80","901.14K","2.51%"
"01/12/2014","4.79","4.70","4.80","4.70","195.01K","2.57%"
"01/09/2014","4.67","4.54","4.67","4.54","6.38K","0.21%"
"01/08/2014","4.66","4.60","4.73","4.60","101.36K","2.87%"
"01/06/2014","4.53","4.53","4.60","4.53","153.46K","0.00%"
"01/05/2014","4.53","4.62","4.63","4.31","42.79K","-0.88%"
"01/02/2014","4.57","4.63","4.63","4.57","72.75K","-0.65%"
"12/31/2013","4.60","4.53","4.60","4.53","596.41K","1.55%"
"12/30/2013","4.53","4.44","4.59","4.44","29.27K","0.00%"
"12/29/2013","4.53","4.40","4.41","4.40","1.03K","0.00%"
"12/26/2013","4.53","4.45","4.53","4.45","92.66K","0.00%"
"12/25/2013","4.53","4.40","4.53","4.40","1.78M","0.22%"
"12/24/2013","4.52","4.44","4.44","4.44","0.75K","0.00%"
"12/23/2013","4.52","4.53","4.53","4.40","99.43K","-0.22%"
"12/22/2013","4.53","4.53","4.53","4.53","76.94K","-1.52%"
"12/19/2013","4.60","4.53","4.64","4.53","991.56K","0.00%"
"12/18/2013","4.60","4.53","4.60","4.53","85.60K","1.55%"
"12/17/2013","4.53","4.54","4.54","4.53","147.30K","0.00%"
"12/16/2013","4.53","4.52","4.54","4.52","554.68K","-1.74%"
"12/15/2013","4.61","4.41","4.57","4.41","2.10K","0.00%"
"12/12/2013","4.61","4.43","4.63","4.43","1.02M","1.54%"
"12/11/2013","4.54","4.40","4.60","4.40","857.01K","3.18%"
"12/10/2013","4.40","4.33","4.40","4.33","698.69K","1.38%"
"12/09/2013","4.34","4.33","4.37","4.33","340.99K","0.23%"
"12/08/2013","4.33","4.33","4.33","4.32","27.64K","1.41%"
"12/05/2013","4.27","4.13","4.33","4.13","1.03M","4.15%"
"12/04/2013","4.10","4.07","4.12","4.07","27.38K","0.24%"
"12/03/2013","4.09","4.00","4.13","4.00","723.51K","4.07%"
"12/02/2013","3.93","3.94","3.94","3.93","11.25K","0.51%"
"12/01/2013","3.91","3.87","3.87","3.87","0.01K","0.00%"
"11/28/2013","3.91","3.93","4.03","3.91","380.48K","-0.76%"
"11/27/2013","3.94","3.95","4.00","3.93","1.10M","-2.96%"
"11/26/2013","4.06","4.07","4.07","3.97","365.64K","0.00%"
"11/25/2013","4.06","4.03","4.07","4.03","169.87K","-1.46%"
"11/24/2013","4.12","4.01","4.13","4.01","108.09K","0.00%"
"11/21/2013","4.12","4.05","4.13","4.00","61.99K","-0.24%"
"11/20/2013","4.13","4.13","4.13","4.13","105.37K","0.00%"
"11/19/2013","4.13","4.05","4.14","4.05","66.42K","0.00%"
"11/18/2013","4.13","4.13","4.13","4.12","211.31K","0.00%"
"11/17/2013","4.13","4.13","4.13","4.13","131.62K","0.00%"
"11/14/2013","4.13","4.13","4.13","4.13","93.75K","0.00%"
"11/13/2013","4.13","4.13","4.13","4.13","483.64K","0.00%"
"11/12/2013","4.13","4.13","4.13","4.13","279.55K","0.00%"
"11/11/2013","4.13","4.13","4.16","4.13","650.89K","-0.48%"
"11/10/2013","4.15","4.15","4.15","4.15","5.74K","0.48%"
"11/07/2013","4.13","4.13","4.13","4.13","664.99K","1.72%"
"11/06/2013","4.06","3.93","4.13","3.93","1.45M","1.50%"
"11/04/2013","4.00","4.00","4.00","4.00","212.39K","1.01%"
"11/03/2013","3.96","3.81","4.00","3.80","18.55K","-1.00%"
"10/31/2013","4.00","4.00","4.00","4.00","285.33K","0.76%"
"10/30/2013","3.97","4.00","4.00","3.93","276.61K","1.53%"
"10/29/2013","3.91","3.89","3.92","3.89","18.34K","-1.01%"
"10/28/2013","3.95","3.93","4.00","3.93","369.82K","-1.25%"
"10/27/2013","4.00","3.93","4.00","3.93","410.31K","1.27%"
"10/24/2013","3.95","4.00","4.07","3.93","1.50M","-1.25%"
"10/23/2013","4.00","4.07","4.07","3.74","643.36K","-0.74%"
"10/22/2013","4.03","4.07","4.07","4.01","119.12K","-2.42%"
"10/21/2013","4.13","4.13","4.13","4.07","2.28M","1.47%"
"10/20/2013","4.07","3.94","4.13","3.94","601.13K","-1.45%"
"10/13/2013","4.13","4.11","4.13","4.11","247.43K","0.00%"
"10/10/2013","4.13","4.13","4.19","4.13","1.14M","0.24%"
"10/09/2013","4.12","4.00","4.13","4.00","521.29K","3.00%"
"10/08/2013","4.00","3.91","4.00","3.91","2.16M","2.04%"
"10/07/2013","3.92","3.79","3.93","3.79","425.82K","-0.25%"
"10/03/2013","3.93","3.79","3.93","3.79","2.13M","2.88%"
"10/02/2013","3.82","3.80","3.84","3.80","30.00K","0.00%"
"10/01/2013","3.82","3.80","3.87","3.80","245.46K","0.53%"
"09/30/2013","3.80","3.80","3.84","3.79","280.67K","0.00%"
"09/29/2013","3.80","3.80","3.81","3.80","417.15K","0.80%"
"09/26/2013","3.77","3.68","3.80","3.68","515.17K","1.07%"
"09/25/2013","3.73","3.70","3.73","3.70","810.01K","1.91%"
"09/24/2013","3.66","3.61","3.67","3.61","1.19M","-0.27%"
"09/23/2013","3.67","3.67","3.67","3.61","637.95K","1.10%"
"09/22/2013","3.63","3.63","3.67","3.60","547.93K","1.68%"
"09/19/2013","3.57","3.59","3.60","3.56","410.57K","1.13%"
"09/18/2013","3.53","3.45","3.57","3.45","2.52M","0.00%"
"09/17/2013","3.53","3.53","3.55","3.53","748.90K","0.00%"
"09/16/2013","3.53","3.47","3.53","3.47","1.06M","1.73%"
"09/15/2013","3.47","3.47","3.47","3.47","322.92K","0.00%"
"09/12/2013","3.47","3.45","3.50","3.45","3.29M","2.06%"
"09/11/2013","3.40","3.37","3.43","3.35","789.98K","0.89%"
"09/10/2013","3.37","3.32","3.42","3.32","2.00M","4.66%"
"09/09/2013","3.22","3.20","3.32","3.20","291.38K","0.62%"
"09/08/2013","3.20","3.20","3.20","3.12","288.28K","-0.31%"
"09/05/2013","3.21","3.20","3.27","3.11","1.01M","0.31%"
"09/04/2013","3.20","3.20","3.20","3.19","2.36M","1.59%"
"09/03/2013","3.15","3.00","3.20","3.00","3.54M","5.00%"
"09/02/2013","3.00","3.00","3.00","3.00","588.83K","0.00%"
"09/01/2013","3.00","2.94","2.95","2.94","1.48K","0.00%"
"08/29/2013","3.00","2.89","3.04","2.89","405.04K","1.35%"
"08/28/2013","2.96","2.94","2.97","2.93","338.42K","0.00%"
"08/27/2013","2.96","2.93","2.97","2.93","842.41K","0.68%"
"08/26/2013","2.94","2.96","2.96","2.93","63.00K","-0.34%"
"08/25/2013","2.95","2.93","2.97","2.91","1.18M","1.37%"
"08/22/2013","2.91","2.89","2.93","2.88","215.06K","1.39%"
"08/21/2013","2.87","2.87","2.89","2.87","219.97K","-0.69%"
"08/20/2013","2.89","2.89","2.91","2.87","400.11K","0.70%"
"08/19/2013","2.87","2.80","2.89","2.80","425.89K","4.36%"
"08/18/2013","2.75","2.67","2.80","2.67","208.12K","0.36%"
"08/14/2013","2.74","2.77","2.79","2.71","76.85K","-3.18%"
"08/13/2013","2.83","2.78","2.89","2.78","995.51K","2.91%"
"08/12/2013","2.75","2.75","2.78","2.75","169.87K","0.36%"
"08/07/2013","2.74","2.70","2.79","2.69","203.80K","0.00%"
"08/06/2013","2.74","2.73","2.77","2.73","173.19K","0.37%"
"08/05/2013","2.73","2.71","2.74","2.71","891.87K","0.74%"
"08/04/2013","2.71","2.71","2.72","2.67","97.70K","1.88%"
"08/01/2013","2.66","2.63","2.67","2.63","1.06M","0.76%"
"07/31/2013","2.64","2.62","2.65","2.60","72.97K","-0.38%"
"07/30/2013","2.65","2.65","2.65","2.58","870.75K","0.00%"
"07/29/2013","2.65","2.65","2.65","2.65","5.86K","3.52%"
"07/28/2013","2.56","2.64","2.66","2.53","258.57K","-1.54%"
"07/25/2013","2.60","2.59","2.67","2.53","165.46K","1.96%"
"07/24/2013","2.55","2.62","2.63","2.52","394.07K","-3.77%"
"07/22/2013","2.65","2.67","2.67","2.63","183.63K","-0.75%"
"07/21/2013","2.67","2.67","2.67","2.64","240.14K","0.75%"
"07/18/2013","2.65","2.67","2.67","2.62","104.08K","-0.75%"
"07/17/2013","2.67","2.67","2.72","2.63","255.40K","0.00%"
"07/16/2013","2.67","2.67","2.67","2.65","881.51K","0.00%"
"07/15/2013","2.67","2.67","2.67","2.64","2.44M","0.00%"
"07/14/2013","2.67","2.63","2.70","2.63","188.87K","0.75%"
"07/11/2013","2.65","2.67","2.67","2.61","450.37K","-1.12%"
"07/10/2013","2.68","2.67","2.74","2.67","688.66K","0.37%"
"07/09/2013","2.67","2.71","2.73","2.63","3.16M","0.38%"
"07/08/2013","2.66","2.80","2.80","2.60","583.12K","-6.67%"
"07/07/2013","2.85","2.87","2.87","2.74","36.85K","-2.06%"
"07/04/2013","2.91","2.79","2.91","2.79","2.15M","9.81%"
"07/03/2013","2.65","2.73","2.73","2.60","463.63K","-3.99%"
"07/02/2013","2.76","2.80","2.81","2.64","413.47K","0.36%"
"06/30/2013","2.75","2.64","2.80","2.59","257.33K","3.00%"
"06/27/2013","2.67","2.67","2.67","2.64","53.25K","0.00%"
"06/26/2013","2.67","2.67","2.67","2.67","46.50K","0.75%"
"06/25/2013","2.65","2.67","2.67","2.61","855.40K","1.53%"
"06/24/2013","2.61","2.67","2.67","2.55","1.12M","-2.25%"
"06/23/2013","2.67","2.68","2.73","2.67","28.58K","-2.20%"
"06/20/2013","2.73","2.73","2.73","2.67","773.32K","0.00%"
"06/19/2013","2.73","2.73","2.77","2.73","765.55K","-2.50%"
"06/18/2013","2.80","2.80","2.80","2.80","30.00K","1.08%"
"06/17/2013","2.77","2.77","2.80","2.77","605.84K","-1.07%"
"06/16/2013","2.80","2.73","2.80","2.73","63.75K","0.00%"
"06/13/2013","2.80","2.80","2.85","2.73","268.27K","1.45%"
"06/12/2013","2.76","2.80","2.87","2.67","2.48M","-1.43%"
"06/11/2013","2.80","2.80","2.80","2.68","1.29M","0.00%"
"06/10/2013","2.80","2.85","2.85","2.73","133.48K","-1.41%"
"06/09/2013","2.84","2.83","2.93","2.83","22.50K","-1.39%"
"06/06/2013","2.88","2.81","2.93","2.80","30.25K","-1.71%"
"06/05/2013","2.93","2.93","2.93","2.93","12.00K","0.00%"
"06/04/2013","2.93","2.92","2.93","2.92","274.65K","-2.66%"
"06/03/2013","3.01","3.01","3.01","2.93","4.99M","0.00%"
"06/02/2013","3.01","3.01","3.01","3.01","13.57K","-0.33%"
"05/30/2013","3.02","2.97","3.16","2.97","93.21K","3.07%"
"05/29/2013","2.93","2.88","2.93","2.88","10.46K","1.03%"
"05/28/2013","2.90","2.87","2.93","2.87","9.13K","-1.02%"
"05/27/2013","2.93","2.93","2.93","2.93","86.25K","0.00%"
"05/26/2013","2.93","2.93","2.93","2.93","500.21K","0.00%"
"05/23/2013","2.93","2.88","2.97","2.88","372.12K","0.00%"
"05/22/2013","2.93","2.85","2.93","2.85","489.53K","0.00%"
"05/21/2013","2.93","2.93","2.93","2.88","125.32K","1.38%"
"05/20/2013","2.89","2.89","2.89","2.89","41.25K","-1.37%"
"05/16/2013","2.93","2.93","2.93","2.89","25.01K","1.38%"
"05/15/2013","2.89","2.78","2.95","2.78","132.12K","1.05%"
"05/13/2013","2.86","2.86","2.91","2.85","135.35K","0.00%"
"05/12/2013","2.86","2.85","2.87","2.85","39.10K","0.35%"
"05/09/2013","2.85","2.80","2.87","2.80","45.81K","0.35%"
"05/08/2013","2.84","2.77","2.88","2.77","71.50K","-0.35%"
"05/02/2013","2.85","2.81","2.87","2.75","79.28K","2.52%"
"04/30/2013","2.78","2.76","2.80","2.76","69.91K","-2.11%"
"04/29/2013","2.84","2.78","2.92","2.78","188.47K","7.17%"
"04/28/2013","2.65","2.72","2.72","2.60","178.43K","-4.68%"
"04/24/2013","2.78","2.83","2.83","2.73","388.56K","-7.95%"
"04/23/2013","3.02","3.01","3.05","2.99","130.72K","-0.33%"
"04/22/2013","3.03","3.01","3.04","3.01","97.50K","0.33%"
"04/21/2013","3.02","2.90","3.03","2.90","30.57K","-0.33%"
"04/18/2013","3.03","2.90","3.03","2.90","3.81K","1.68%"
"04/17/2013","2.98","3.00","3.00","2.93","135.00K","-0.33%"
"04/16/2013","2.99","2.97","3.06","2.95","18.98K","-0.66%"
"04/15/2013","3.01","3.01","3.01","3.01","10.15K","-0.66%"
"04/14/2013","3.03","2.99","3.04","2.99","19.33K","2.36%"
"04/11/2013","2.96","2.83","3.04","2.83","83.12K","-1.33%"
"04/10/2013","3.00","2.99","3.03","2.99","14.62K","0.33%"
"04/09/2013","2.99","2.99","2.99","2.99","334.89K","0.34%"
"04/08/2013","2.98","2.99","2.99","2.89","9.94K","1.71%"
"04/07/2013","2.93","2.87","2.87","2.87","1.81K","0.00%"
"04/04/2013","2.93","2.85","3.00","2.85","617.00K","2.09%"
"04/03/2013","2.87","2.83","2.87","2.83","286.82K","1.06%"
"04/02/2013","2.84","2.83","2.93","2.82","74.25K","-3.40%"
"04/01/2013","2.94","2.94","2.94","2.81","1.87K","0.00%"
"03/31/2013","2.94","2.80","2.82","2.80","1.87K","0.00%"
"03/28/2013","2.94","2.82","3.00","2.82","348.96K","1.38%"
"03/27/2013","2.90","2.83","2.92","2.83","173.44K","1.40%"
"03/26/2013","2.86","2.86","2.87","2.83","52.12K","1.78%"
"03/25/2013","2.81","2.86","2.86","2.80","281.47K","0.36%"
"03/24/2013","2.80","2.71","2.86","2.71","263.74K","0.00%"
"03/21/2013","2.80","2.80","2.83","2.75","369.46K","3.70%"
"03/20/2013","2.70","2.74","2.80","2.67","139.79K","-3.23%"
"03/19/2013","2.79","2.80","2.83","2.73","313.65K","-0.36%"
"03/18/2013","2.80","2.80","2.83","2.80","186.37K","-1.06%"
"03/17/2013","2.83","2.88","2.88","2.79","12.18K","-1.39%"
"03/14/2013","2.87","2.93","2.93","2.87","105.44K","-2.05%"
"03/13/2013","2.93","2.97","2.97","2.93","10.21K","-0.34%"
"03/12/2013","2.94","2.99","2.99","2.93","23.02K","0.34%"
"03/11/2013","2.93","2.99","2.99","2.93","10.36K","-1.01%"
"03/10/2013","2.96","2.93","3.00","2.93","43.89K","1.02%"
"03/07/2013","2.93","2.93","2.95","2.92","1.12M","1.38%"
"03/06/2013","2.89","2.81","2.93","2.81","55.45K","0.00%"
"03/05/2013","2.89","2.99","2.99","2.87","22.42K","-3.02%"
"03/04/2013","2.98","2.99","2.99","2.87","17.41K","-0.67%"
"03/03/2013","3.00","3.00","3.05","2.99","39.37K","0.67%"
"02/28/2013","2.98","2.95","3.00","2.93","81.81K","-0.33%"
"02/27/2013","2.99","2.96","3.06","2.96","75.52K","-0.33%"
"02/26/2013","3.00","3.01","3.03","2.97","100.80K","-0.33%"
"02/25/2013","3.01","3.00","3.01","3.00","20.74K","-1.63%"
"02/24/2013","3.06","3.10","3.13","3.00","236.11K","0.99%"
"02/21/2013","3.03","3.07","3.07","3.01","181.94K","-0.98%"
"02/20/2013","3.06","3.07","3.07","3.05","175.45K","-0.33%"
"02/19/2013","3.07","3.07","3.07","3.07","106.78K","0.00%"
"02/18/2013","3.07","3.07","3.07","3.03","69.06K","0.00%"
"02/17/2013","3.07","3.11","3.11","3.07","19.56K","0.00%"
"02/14/2013","3.07","3.07","3.07","3.05","119.46K","0.00%"
"02/13/2013","3.07","3.05","3.07","3.05","29.06K","-1.60%"
"02/12/2013","3.12","3.11","3.12","3.11","52.86K","1.63%"
"02/11/2013","3.07","3.06","3.07","3.02","263.08K","0.00%"
"02/10/2013","3.07","3.07","3.08","3.03","231.82K","0.33%"
"02/07/2013","3.06","3.07","3.07","3.03","89.68K","-0.33%"
"02/06/2013","3.07","3.07","3.07","3.06","44.68K","0.00%"
"02/05/2013","3.07","3.07","3.07","3.07","100.15K","0.33%"
"02/04/2013","3.06","3.12","3.12","3.00","135.81K","-0.33%"
"02/03/2013","3.07","3.07","3.07","3.01","99.84K","0.33%"
"01/31/2013","3.06","3.07","3.07","3.00","94.57K","0.66%"
"01/30/2013","3.04","3.07","3.12","3.04","1.49M","0.33%"
"01/29/2013","3.03","3.02","3.04","3.02","5.62K","-2.26%"
"01/28/2013","3.10","3.12","3.13","3.07","26.02K","-0.96%"
"01/27/2013","3.13","3.08","3.08","3.08","2.10K","0.00%"
"01/23/2013","3.13","3.09","3.15","3.09","250.87K","0.00%"
"01/22/2013","3.13","3.13","3.16","3.13","296.18K","0.97%"
"01/21/2013","3.10","3.01","3.11","3.01","15.25K","-0.32%"
"01/20/2013","3.11","3.07","3.14","3.07","32.92K","-0.64%"
"01/17/2013","3.13","3.13","3.13","3.13","107.49K","-0.63%"
"01/16/2013","3.15","3.17","3.17","3.13","23.25K","-0.32%"
"01/15/2013","3.16","3.08","3.19","3.07","450.58K","0.96%"
"01/14/2013","3.13","3.13","3.13","3.12","126.02K","0.00%"
"01/13/2013","3.13","3.11","3.13","3.11","36.54K","0.00%"
"01/10/2013","3.13","3.15","3.15","3.11","147.00K","-0.95%"
"01/09/2013","3.16","3.17","3.19","3.13","299.32K","-0.32%"
"01/08/2013","3.17","3.20","3.20","3.11","309.93K","-0.94%"
"01/06/2013","3.20","3.20","3.20","3.20","163.45K","-0.93%"
"01/03/2013","3.23","3.20","3.29","3.20","1.29M","3.53%"
"01/02/2013","3.12","3.20","3.21","3.11","2.21M","0.32%"
"12/31/2012","3.11","3.05","3.37","3.04","2.93M","1.30%"
"12/30/2012","3.07","3.03","3.13","3.03","38.69K","-0.97%"
"12/27/2012","3.10","3.07","3.10","3.07","2.66M","1.31%"
"12/26/2012","3.06","3.05","3.07","3.05","12.75K","0.00%"
"12/25/2012","3.06","3.00","3.07","3.00","41.93K","0.33%"
"12/24/2012","3.05","3.00","3.07","3.00","40.27K","0.99%"
"12/23/2012","3.02","3.12","3.12","3.00","24.84K","-3.21%"
"12/20/2012","3.12","2.95","3.13","2.95","69.10K","0.32%"
"12/19/2012","3.11","3.11","3.11","3.07","1.96M","0.00%"
"12/18/2012","3.11","3.03","3.17","3.03","229.88K","-0.32%"
"12/17/2012","3.12","3.13","3.13","3.07","299.50K","0.65%"
"12/16/2012","3.10","2.98","3.13","2.98","72.57K","0.98%"
"12/13/2012","3.07","3.03","3.09","3.03","5.55K","0.00%"
"12/12/2012","3.07","3.00","3.09","3.00","50.60K","2.68%"
"12/11/2012","2.99","2.93","3.07","2.93","92.41K","1.01%"
"12/10/2012","2.96","2.93","3.00","2.93","441.43K","0.34%"
"12/09/2012","2.95","2.80","2.99","2.74","4.50K","4.98%"
"12/06/2012","2.81","2.87","2.87","2.80","129.31K","-2.77%"
"12/05/2012","2.89","2.93","2.95","2.87","21.32K","0.70%"
"12/04/2012","2.87","2.93","2.93","2.87","270.20K","2.50%"
"12/03/2012","2.80","2.80","2.80","2.80","1.06M","0.00%"
"12/02/2012","2.80","2.85","2.85","2.85","0.58K","0.00%"
"11/29/2012","2.80","2.79","2.97","2.79","7.85M","0.36%"
"11/28/2012","2.79","2.91","2.91","2.67","125.61K","-2.79%"
"11/27/2012","2.87","2.87","2.87","2.87","4.87K","0.70%"
"11/26/2012","2.85","2.75","2.93","2.75","25.57K","2.52%"
"11/25/2012","2.78","3.01","3.01","2.74","96.34K","-8.55%"
"11/22/2012","3.04","3.04","3.06","3.04","24.90K","-2.25%"
"11/21/2012","3.11","3.11","3.11","3.11","3.95K","0.32%"
"11/20/2012","3.10","3.01","3.11","3.01","329.62K","-0.32%"
"11/19/2012","3.11","3.07","3.15","3.07","1.37M","1.63%"
"11/18/2012","3.06","3.11","3.11","3.00","84.45K","-1.61%"
"11/14/2012","3.11","3.07","3.11","3.07","2.35M","0.32%"
"11/13/2012","3.10","3.11","3.11","3.04","352.51K","-0.32%"
"11/12/2012","3.11","3.11","3.11","3.07","866.38K","0.97%"
"11/11/2012","3.08","3.14","3.14","3.07","40.96K","-0.65%"
"11/08/2012","3.10","3.13","3.13","3.07","435.49K","-0.32%"
"11/07/2012","3.11","3.13","3.13","3.07","88.88K","-0.64%"
"11/06/2012","3.13","3.13","3.13","3.07","228.41K","1.95%"
"11/05/2012","3.07","2.99","3.13","2.97","129.03K","-0.32%"
"11/04/2012","3.08","3.20","3.26","2.93","60.56K","-3.75%"
"11/01/2012","3.20","3.20","3.20","3.13","718.59K","-0.31%"
"10/31/2012","3.21","3.20","3.23","3.20","71.17K","0.94%"
"10/30/2012","3.18","3.13","3.20","3.07","1.56M","0.95%"
"10/29/2012","3.15","3.15","3.17","3.13","400.53K","-0.63%"
"10/24/2012","3.17","3.11","3.20","3.11","615.94K","2.26%"
"10/23/2012","3.10","3.10","3.13","3.10","262.72K","-0.96%"
"10/22/2012","3.13","3.13","3.13","3.10","21.75K","-0.63%"
"10/21/2012","3.15","3.16","3.20","3.10","18.75K","1.94%"
"10/18/2012","3.09","3.07","3.20","3.04","1.40M","0.98%"
"10/17/2012","3.06","3.06","3.07","3.03","1.48M","0.99%"
"10/16/2012","3.03","3.02","3.05","3.02","17.49K","-0.33%"
"10/15/2012","3.04","3.01","3.05","3.01","49.24K","-0.33%"
"10/14/2012","3.05","3.06","3.06","3.03","48.41K","-0.33%"
"10/11/2012","3.06","3.07","3.07","3.03","232.12K","-0.33%"
"10/10/2012","3.07","3.05","3.07","3.05","236.69K","0.66%"
"10/09/2012","3.05","3.01","3.07","2.99","482.47K","0.00%"
"10/08/2012","3.05","3.05","3.07","3.00","110.65K","-0.65%"
"10/04/2012","3.07","3.05","3.07","3.05","46.22K","0.66%"
"10/03/2012","3.05","3.06","3.07","3.05","563.98K","-0.33%"
"10/02/2012","3.06","3.07","3.13","3.03","1.52M","-3.47%"
"10/01/2012","3.17","3.27","3.27","3.05","439.57K","-3.06%"
"09/30/2012","3.27","3.29","3.32","3.25","411.85K","-0.61%"
"09/27/2012","3.29","3.30","3.33","3.24","1.04M","-1.20%"
"09/26/2012","3.33","3.33","3.33","3.29","1.67M","0.30%"
"09/25/2012","3.32","3.33","3.33","3.29","731.59K","0.30%"
"09/24/2012","3.31","3.29","3.33","3.22","792.49K","-0.60%"
"09/23/2012","3.33","3.33","3.35","3.31","728.93K","1.22%"
"09/20/2012","3.29","3.15","3.33","3.15","1.29M","4.11%"
"09/19/2012","3.16","3.11","3.27","3.10","2.36M","2.27%"
"09/18/2012","3.09","3.04","3.20","3.04","902.13K","0.98%"
"09/17/2012","3.06","3.06","3.07","3.04","864.95K","0.00%"
"09/16/2012","3.06","3.05","3.07","3.04","433.25K","2.00%"
"09/13/2012","3.00","3.00","3.03","2.95","978.37K","0.00%"
"09/12/2012","3.00","3.02","3.03","2.97","300.37K","-0.66%"
"09/11/2012","3.02","2.99","3.03","2.99","210.95K","2.72%"
"09/10/2012","2.94","2.93","2.99","2.93","312.61K","0.34%"
"09/09/2012","2.93","2.87","2.95","2.87","437.89K","-0.68%"
"09/06/2012","2.95","2.99","2.99","2.94","55.66K","0.68%"
"09/05/2012","2.93","2.94","2.97","2.93","823.54K","0.00%"
"09/04/2012","2.93","2.93","3.00","2.91","789.20K","0.34%"
"09/03/2012","2.92","2.93","2.93","2.89","110.08K","-0.34%"
"09/02/2012","2.93","2.91","2.96","2.88","284.40K","1.03%"
"08/30/2012","2.90","2.89","2.91","2.87","215.29K","0.69%"
"08/29/2012","2.88","2.92","2.92","2.85","197.26K","-0.35%"
"08/28/2012","2.89","2.91","2.92","2.87","311.10K","1.05%"
"08/27/2012","2.86","2.87","2.90","2.83","452.12K","-0.35%"
"08/26/2012","2.87","2.84","2.90","2.84","851.32K","1.77%"
"08/23/2012","2.82","2.80","2.85","2.80","135.03K","1.81%"
"08/22/2012","2.77","2.80","2.85","2.77","1.39M","-1.42%"
"08/21/2012","2.81","2.80","2.86","2.77","147.82K","2.55%"
"08/16/2012","2.74","2.72","2.78","2.69","146.59K","1.86%"
"08/15/2012","2.69","2.67","2.71","2.67","78.91K","0.75%"
"08/14/2012","2.67","2.67","2.68","2.67","93.00K","0.00%"
"08/13/2012","2.67","2.67","2.67","2.67","171.94K","0.00%"
"08/12/2012","2.67","2.64","2.70","2.62","392.89K","1.14%"
"08/09/2012","2.64","2.63","2.66","2.62","47.39K","0.00%"
"08/08/2012","2.64","2.61","2.66","2.61","180.31K","-0.38%"
"08/07/2012","2.65","2.65","2.67","2.61","112.46K","2.32%"
"08/06/2012","2.59","2.61","2.62","2.53","118.98K","-2.26%"
"08/05/2012","2.65","2.60","2.67","2.60","174.44K","0.38%"
"08/02/2012","2.64","2.67","2.67","2.59","2.35M","-0.38%"
"08/01/2012","2.65","2.54","2.67","2.54","780.06K","7.72%"
"07/31/2012","2.46","2.46","2.59","2.46","4.98M","0.00%"
"07/30/2012","2.46","2.47","2.48","2.43","47.25K","0.41%"
"07/29/2012","2.45","2.47","2.47","2.42","112.52K","0.00%"
"07/26/2012","2.45","2.41","2.50","2.41","204.67K","1.66%"
"07/25/2012","2.41","2.40","2.42","2.40","285.18K","0.00%"
"07/24/2012","2.41","2.41","2.44","2.40","154.99K","-1.23%"
"07/22/2012","2.44","2.40","2.46","2.40","92.08K","1.24%"
"07/19/2012","2.41","2.40","2.45","2.40","209.45K","0.42%"
"07/18/2012","2.40","2.37","2.40","2.36","203.73K","0.00%"
"07/17/2012","2.40","2.39","2.40","2.39","1.20M","0.00%"
"07/16/2012","2.40","2.35","2.40","2.33","1.29M","1.69%"
"07/15/2012","2.36","2.33","2.36","2.33","143.50K","0.43%"
"07/12/2012","2.35","2.38","2.38","2.33","226.50K","0.00%"
"07/11/2012","2.35","2.37","2.38","2.33","58.87K","-0.42%"
"07/10/2012","2.36","2.36","2.38","2.36","244.18K","0.43%"
"07/09/2012","2.35","2.33","2.39","2.27","611.43K","-2.08%"
"07/08/2012","2.40","2.40","2.42","2.35","1.31M","-0.41%"
"07/05/2012","2.41","2.40","2.43","2.40","465.37K","0.42%"
"07/04/2012","2.40","2.46","2.46","2.33","738.21K","-1.23%"
"07/03/2012","2.43","2.46","2.47","2.40","679.95K","0.83%"
"07/02/2012","2.41","2.43","2.47","2.40","1.46M","1.26%"
"06/28/2012","2.38","2.39","2.40","2.34","288.87K","1.28%"
"06/27/2012","2.35","2.33","2.40","2.31","462.84K","2.62%"
"06/26/2012","2.29","2.29","2.37","2.27","3.70M","0.00%"
"06/25/2012","2.29","2.19","2.34","2.19","651.07K","7.51%"
"06/24/2012","2.13","2.13","2.15","2.13","353.81K","1.43%"
"06/21/2012","2.10","2.11","2.11","2.08","108.70K","-0.47%"
"06/20/2012","2.11","2.12","2.12","2.10","292.50K","1.93%"
"06/19/2012","2.07","2.10","2.12","2.04","711.64K","-2.82%"
"06/18/2012","2.13","2.27","2.27","2.11","270.52K","0.47%"
"06/14/2012","2.12","2.13","2.17","2.11","1.79M","-0.47%"
"06/13/2012","2.13","2.14","2.15","2.12","327.76K","0.47%"
"06/12/2012","2.12","2.11","2.13","2.11","327.94K","0.47%"
"06/11/2012","2.11","2.14","2.14","2.09","510.65K","0.00%"
"06/10/2012","2.11","2.09","2.13","2.09","191.10K","0.96%"
"06/07/2012","2.09","2.08","2.11","2.08","378.58K","0.48%"
"06/06/2012","2.08","2.09","2.10","2.06","135.96K","0.48%"
"06/05/2012","2.07","2.07","2.10","2.06","197.80K","-0.48%"
"06/04/2012","2.08","2.12","2.12","2.07","299.50K","0.00%"
"06/03/2012","2.08","2.07","2.12","2.04","183.54K","-1.42%"
"05/31/2012","2.11","2.11","2.15","2.07","785.18K","1.44%"
"05/30/2012","2.08","2.07","2.12","2.07","607.53K","-0.95%"
"05/29/2012","2.10","2.07","2.13","2.04","259.99K","-0.47%"
"05/28/2012","2.11","2.10","2.16","2.07","405.70K","-1.40%"
"05/27/2012","2.14","2.21","2.21","2.10","882.00K","-3.17%"
"05/24/2012","2.21","2.20","2.25","2.19","390.67K","0.45%"
"05/23/2012","2.20","2.20","2.22","2.18","1.66M","0.00%"
"05/22/2012","2.20","2.20","2.24","2.17","764.61K","0.00%"
"05/21/2012","2.20","2.21","2.27","2.20","4.38M","-0.90%"
"05/20/2012","2.22","2.32","2.32","2.20","1.19M","-6.33%"
"05/17/2012","2.37","2.39","2.39","2.33","1.80M","-1.25%"
"05/16/2012","2.40","2.46","2.46","2.39","1.48M","-0.41%"
"05/15/2012","2.41","2.40","2.47","2.38","2.08M","-8.37%"
"05/14/2012","2.63","2.67","2.67","2.62","2.33M","-1.50%"
"05/13/2012","2.67","2.68","2.73","2.65","990.79K","0.00%"
"05/10/2012","2.67","2.67","2.70","2.65","683.80K","0.75%"
"05/09/2012","2.65","2.66","2.69","2.62","1.50M","0.00%"
"05/08/2012","2.65","2.57","2.69","2.56","1.64M","4.33%"
"05/07/2012","2.54","2.55","2.57","2.53","3.13M","-0.78%"
"05/06/2012","2.56","2.54","2.59","2.54","524.86K","1.99%"
"05/03/2012","2.51","2.47","2.53","2.47","611.06K","-0.40%"
"05/02/2012","2.52","2.52","2.55","2.47","852.06K","-1.18%"
"04/30/2012","2.55","2.56","2.60","2.53","3.60M","0.00%"
"04/29/2012","2.55","2.48","2.63","2.47","1.71M","5.37%"
"04/26/2012","2.42","2.47","2.63","2.40","11.41M","0.41%"
"04/24/2012","2.41","2.53","2.53","2.40","13.75M","-4.37%"
"04/23/2012","2.52","2.61","2.61","2.48","3.73M","-3.45%"
"04/22/2012","2.61","2.53","2.64","2.53","435.16K","8.75%"
"04/19/2012","2.40","2.40","2.41","2.39","4.44M","-2.04%"
"04/18/2012","2.45","2.53","2.53","2.41","406.73K","-2.39%"
"04/17/2012","2.51","2.51","2.53","2.49","646.64K","-0.79%"
"04/12/2012","2.53","2.53","2.53","2.50","1.74M","0.00%"
"04/11/2012","2.53","2.53","2.53","2.51","7.43M","-0.78%"
"04/10/2012","2.55","2.66","2.66","2.51","401.36K","-1.92%"
"04/09/2012","2.60","2.63","2.67","2.53","2.14M","-1.89%"
"04/08/2012","2.65","2.64","2.67","2.58","43.21K","1.92%"
"04/05/2012","2.60","2.60","2.60","2.57","742.77K","-0.76%"
"04/04/2012","2.62","2.67","2.67","2.61","596.86K","0.00%"
"04/03/2012","2.62","2.69","2.69","2.55","1.85M","-4.73%"
"04/02/2012","2.75","2.79","2.79","2.67","352.40K","0.00%"
"04/01/2012","2.75","2.80","2.80","2.71","167.86K","-4.51%"
"03/29/2012","2.88","2.93","2.93","2.83","350.25K","-0.69%"
"03/28/2012","2.90","2.95","2.95","2.80","2.35M","-5.23%"
"03/27/2012","3.06","3.14","3.14","2.95","50.81K","-1.29%"
"03/26/2012","3.10","3.17","3.31","3.01","333.53K","-4.91%"
"03/25/2012","3.26","3.31","3.33","3.18","59.70K","-2.69%"
"03/22/2012","3.35","3.47","3.47","3.33","392.33K","-3.46%"
"03/21/2012","3.47","3.47","3.47","3.45","63.00K","-0.86%"
"03/20/2012","3.50","3.67","3.67","3.46","569.86K","-3.05%"
"03/19/2012","3.61","3.73","3.73","3.55","498.29K","-3.22%"
"03/18/2012","3.73","3.73","3.73","3.72","18.58K","0.27%"
"03/15/2012","3.72","3.77","3.77","3.62","437.50K","-3.12%"
"03/14/2012","3.84","3.75","3.87","3.75","53.85K","1.05%"
"03/13/2012","3.80","3.80","3.82","3.75","1.02M","0.26%"
"03/12/2012","3.79","3.84","3.84","3.73","478.34K","0.00%"
"03/11/2012","3.79","3.75","3.80","3.75","30.37K","0.00%"
"03/08/2012","3.79","3.81","3.81","3.76","53.48K","-0.26%"
"03/07/2012","3.80","3.81","3.81","3.78","27.01K","-1.04%"
"03/06/2012","3.84","3.87","3.87","3.80","10.28K","0.00%"
"03/05/2012","3.84","3.83","3.87","3.77","57.75K","1.05%"
"03/04/2012","3.80","3.80","3.81","3.80","19.73K","0.00%"
"03/01/2012","3.80","3.81","3.81","3.76","446.44K","0.26%"
"02/29/2012","3.79","3.80","3.80","3.79","37.96K","-0.26%"
"02/28/2012","3.80","3.77","3.84","3.77","788.28K","0.26%"
"02/27/2012","3.79","3.77","3.81","3.77","71.81K","-0.79%"
"02/26/2012","3.82","3.85","3.87","3.73","158.95K","-0.52%"
"02/23/2012","3.84","3.83","3.87","3.80","64.86K","2.95%"
"02/22/2012","3.73","3.83","3.84","3.73","3.18M","-2.36%"
"02/21/2012","3.82","3.82","3.84","3.78","45.51K","-0.26%"
"02/20/2012","3.83","3.81","3.86","3.76","116.33K","0.00%"
"02/19/2012","3.83","3.90","3.90","3.80","18.16K","2.68%"
"02/16/2012","3.73","3.73","3.73","3.67","516.25K","-1.06%"
"02/15/2012","3.77","3.82","3.87","3.68","419.26K","-3.33%"
"02/14/2012","3.90","3.91","3.93","3.81","581.14K","-0.26%"
"02/13/2012","3.91","4.00","4.03","3.87","740.80K","-2.25%"
"02/12/2012","4.00","3.98","4.00","3.98","74.74K","2.56%"
"02/09/2012","3.90","4.00","4.00","3.87","82.20K","-2.50%"
"02/08/2012","4.00","4.00","4.00","4.00","9.22K","0.00%"
"02/07/2012","4.00","4.00","4.00","4.00","40.87K","0.00%"
"02/06/2012","4.00","4.00","4.00","4.00","329.47K","0.00%"
"02/02/2012","4.00","4.00","4.01","4.00","54.50K","0.00%"
"02/01/2012","4.00","3.98","3.98","3.98","0.04K","0.00%"
"01/31/2012","4.00","4.01","4.01","3.97","101.71K","-0.25%"
"01/30/2012","4.01","4.17","4.17","3.93","16.12K","0.50%"
"01/29/2012","3.99","4.05","4.05","3.87","47.63K","-1.97%"
"01/26/2012","4.07","4.05","4.16","4.05","132.99K","1.75%"
"01/24/2012","4.00","4.00","4.00","4.00","11.25K","0.50%"
"01/23/2012","3.98","3.93","4.00","3.93","45.60K","-0.25%"
"01/22/2012","3.99","4.00","4.00","3.95","102.34K","-0.25%"
"01/19/2012","4.00","4.00","4.00","4.00","56.58K","0.00%"
"01/18/2012","4.00","3.96","4.00","3.96","83.64K","0.00%"
"01/17/2012","4.00","4.00","4.00","3.97","100.35K","0.00%"
"01/15/2012","4.00","4.00","4.00","4.00","17.77K","0.00%"
"01/12/2012","4.00","4.00","4.00","4.00","137.16K","0.00%"
"01/11/2012","4.00","4.00","4.00","4.00","182.73K","-1.48%"
"01/04/2012","4.06","4.07","4.07","4.06","268.12K","0.00%"
"01/03/2012","4.06","4.07","4.07","4.00","35.08K","1.50%"
"01/02/2012","4.00","4.00","4.00","4.00","3.34K","0.00%"
"12/29/2011","4.00","4.00","4.05","3.94","196.66K","0.00%"
"12/28/2011","4.00","4.00","4.04","4.00","21.49K","0.00%"
"12/26/2011","4.00","4.00","4.00","4.00","0.60K","0.00%"
"12/22/2011","4.00","4.00","4.00","3.94","133.84K","0.00%"
"12/21/2011","4.00","4.00","4.03","4.00","146.47K","-0.74%"
"12/20/2011","4.03","4.03","4.03","4.03","2.19M","0.75%"
"12/19/2011","4.00","4.00","4.00","4.00","2.40K","0.00%"
"12/18/2011","4.00","4.02","4.02","4.00","6.30K","-0.74%"
"12/15/2011","4.03","4.03","4.07","4.03","1.18M","-0.74%"
"12/14/2011","4.06","4.03","4.07","4.03","198.41K","-1.22%"
"12/13/2011","4.11","4.11","4.11","4.11","1.20K","1.23%"
"12/12/2011","4.06","4.01","4.07","4.01","51.33K","-0.98%"
"12/08/2011","4.10","4.13","4.13","4.13","0.56K","0.00%"
"12/07/2011","4.10","4.10","4.10","4.04","270.99K","0.00%"
"12/06/2011","4.10","4.10","4.11","4.10","150.59K","1.74%"
"12/05/2011","4.03","4.03","4.04","4.03","1.76M","-0.98%"
"12/04/2011","4.07","4.07","4.07","4.07","4.72K","0.74%"
"12/01/2011","4.04","4.03","4.13","4.03","244.65K","0.25%"
"11/30/2011","4.03","4.03","4.03","4.03","68.02K","0.00%"
"11/29/2011","4.03","4.03","4.12","4.03","7.58M","0.50%"
"11/24/2011","4.01","4.00","4.07","3.98","60.41K","0.25%"
"11/23/2011","4.00","4.00","4.00","4.00","128.83K","0.25%"
"11/22/2011","3.99","3.93","4.07","3.93","241.42K","-0.99%"
"11/21/2011","4.03","4.01","4.13","4.00","40.21K","0.75%"
"11/20/2011","4.00","4.00","4.00","4.00","267.75K","-2.91%"
"11/17/2011","4.12","4.07","4.13","4.07","113.23K","1.23%"
"11/15/2011","4.07","4.07","4.07","4.07","519.71K","-1.45%"
"11/14/2011","4.13","4.00","4.13","4.00","703.34K","2.99%"
"11/13/2011","4.01","4.07","4.07","4.00","153.75K","-2.91%"
"11/10/2011","4.13","4.13","4.13","4.13","286.10K","1.47%"
"11/09/2011","4.07","4.07","4.08","4.07","656.90K","-2.16%"
"11/03/2011","4.16","4.16","4.16","4.16","1.50K","3.23%"
"11/02/2011","4.03","4.03","4.13","4.03","374.38K","-2.42%"
"11/01/2011","4.13","4.13","4.13","4.13","25.33K","0.00%"
"10/31/2011","4.13","4.13","4.15","4.13","35.70K","0.98%"
"10/30/2011","4.09","4.00","4.13","4.00","2.63K","0.00%"
"10/27/2011","4.09","4.07","4.13","4.07","1.58K","-0.97%"
"10/26/2011","4.13","4.11","4.13","4.11","99.80K","1.47%"
"10/25/2011","4.07","4.07","4.07","4.07","33.52K","0.00%"
"10/24/2011","4.07","4.07","4.07","4.07","22.47K","0.00%"
"10/23/2011","4.07","4.07","4.13","4.07","45.00K","0.49%"
"10/20/2011","4.05","4.01","4.13","4.00","61.81K","0.00%"
"10/19/2011","4.05","4.00","4.13","4.00","29.72K","1.25%"
"10/18/2011","4.00","4.00","4.00","4.00","28.12K","0.00%"
"10/17/2011","4.00","3.87","4.10","3.87","22.71K","0.00%"
"10/16/2011","4.00","4.07","4.07","4.00","7.87K","0.00%"
"10/13/2011","4.00","4.00","4.01","4.00","203.20K","0.00%"
"10/11/2011","4.00","4.00","4.00","4.00","60.37K","0.00%"
"10/10/2011","4.00","4.00","4.00","4.00","43.90K","0.00%"
"10/09/2011","4.00","3.88","4.00","3.88","9.91K","0.00%"
"10/05/2011","4.00","4.00","4.00","4.00","322.71K","-0.25%"
"10/04/2011","4.01","4.00","4.08","4.00","120.28K","0.25%"
"10/03/2011","4.00","4.00","4.00","4.00","177.13K","0.00%"
"10/02/2011","4.00","4.01","4.01","3.94","32.71K","0.00%"
"09/29/2011","4.00","4.00","4.12","4.00","634.36K","-0.25%"
"09/28/2011","4.01","4.00","4.13","4.00","349.14K","0.25%"
"09/27/2011","4.00","4.00","4.12","4.00","81.15K","-2.44%"
"09/26/2011","4.10","4.07","4.13","4.07","85.36K","1.74%"
"09/25/2011","4.03","4.11","4.13","4.00","91.12K","-2.42%"
"09/22/2011","4.13","4.13","4.14","4.13","15.46K","-1.43%"
"09/21/2011","4.19","4.19","4.19","4.19","2.25K","0.72%"
"09/20/2011","4.16","4.13","4.19","4.13","22.50K","0.73%"
"09/19/2011","4.13","4.13","4.13","4.13","9.85K","0.00%"
"09/18/2011","4.13","4.13","4.13","4.13","64.09K","0.24%"
"09/15/2011","4.12","4.13","4.15","4.00","55.18K","-1.67%"
"09/14/2011","4.19","4.16","4.19","4.16","70.15K","0.72%"
"09/13/2011","4.16","4.16","4.17","4.16","14.05K","0.24%"
"09/12/2011","4.15","4.15","4.16","4.13","18.59K","-1.19%"
"09/11/2011","4.20","4.13","4.20","4.13","17.92K","0.24%"
"09/08/2011","4.19","4.13","4.20","4.13","118.65K","0.00%"
"09/07/2011","4.19","4.19","4.20","4.17","642.98K","0.00%"
"09/06/2011","4.19","4.20","4.25","4.13","148.50K","1.21%"
"09/05/2011","4.14","4.08","4.26","4.08","110.33K","2.99%"
"09/04/2011","4.02","4.02","4.07","4.00","30.00K","0.50%"
"08/29/2011","4.00","4.00","4.08","3.95","19.87K","0.00%"
"08/28/2011","4.00","4.00","4.08","3.94","34.39K","0.00%"
"08/25/2011","4.00","4.00","4.00","4.00","926.71K","0.00%"
"08/24/2011","4.00","4.00","4.02","4.00","7.50K","0.00%"
"08/23/2011","4.00","4.00","4.00","4.00","7.50K","0.00%"
"08/22/2011","4.00","4.00","4.00","4.00","1.96M","1.01%"
"08/21/2011","3.96","3.87","4.03","3.87","3.53K","-2.70%"
"08/18/2011","4.07","4.03","4.08","4.03","20.25K","1.24%"
"08/17/2011","4.02","4.00","4.07","4.00","8.32K","1.01%"
"08/16/2011","3.98","3.89","4.00","3.87","51.54K","-0.50%"
"08/15/2011","4.00","4.00","4.00","4.00","11.53K","1.78%"
"08/14/2011","3.93","3.92","3.99","3.92","2.74K","-1.50%"
"08/11/2011","3.99","3.90","4.00","3.90","26.12K","-0.50%"
"08/10/2011","4.01","3.88","4.07","3.88","8.90K","0.25%"
"08/09/2011","4.00","3.98","4.00","3.87","323.43K","0.25%"
"08/08/2011","3.99","3.97","4.06","3.87","333.54K","0.25%"
"08/07/2011","3.98","3.95","4.00","3.95","68.45K","-0.50%"
"08/04/2011","4.00","4.00","4.00","4.00","11.25K","-0.25%"
"08/03/2011","4.01","4.06","4.06","4.00","1.69K","0.25%"
"08/02/2011","4.00","4.00","4.00","4.00","7.50K","0.50%"
"08/01/2011","3.98","3.98","3.98","3.98","0.75K","0.00%"
"07/31/2011","3.98","4.08","4.08","3.93","137.13K","-2.21%"
"07/28/2011","4.07","4.07","4.07","4.07","40.50K","0.00%"
"07/27/2011","4.07","4.06","4.07","4.03","250.60K","0.99%"
"07/26/2011","4.03","4.00","4.06","3.88","33.96K","1.51%"
"07/25/2011","3.97","4.00","4.00","3.93","1.89K","-0.50%"
"07/21/2011","3.99","3.95","4.03","3.95","52.50K","0.76%"
"07/20/2011","3.96","3.93","3.99","3.93","30.11K","1.54%"
"07/19/2011","3.90","3.91","3.93","3.88","48.40K","0.52%"
"07/18/2011","3.88","3.87","3.88","3.87","194.34K","-0.51%"
"07/17/2011","3.90","3.91","3.91","3.87","13.24K","0.78%"
"07/14/2011","3.87","3.87","3.87","3.87","53.11K","-1.53%"
"07/13/2011","3.93","3.93","3.93","3.92","1.13M","0.00%"
"07/12/2011","3.93","3.93","3.93","3.88","0.84K","0.00%"
"07/11/2011","3.93","3.87","3.96","3.73","60.86K","-0.25%"
"07/10/2011","3.94","3.88","3.99","3.87","53.62K","0.25%"
"07/07/2011","3.93","3.99","3.99","3.93","80.20K","0.00%"
"07/06/2011","3.93","3.93","3.93","3.88","4.24M","0.00%"
"07/05/2011","3.93","3.93","4.00","3.88","3.48M","0.00%"
"07/04/2011","3.93","3.91","3.93","3.87","124.19K","0.00%"
"07/03/2011","3.93","3.91","3.93","3.91","28.32K","0.00%"
"06/30/2011","3.93","3.88","3.93","3.88","15.25K","1.03%"
"06/29/2011","3.89","3.91","3.91","3.87","34.36K","-1.02%"
"06/28/2011","3.93","4.00","4.00","3.92","1.18M","-2.96%"
"06/27/2011","4.05","4.05","4.05","3.91","14.20M","0.00%"
"06/26/2011","4.05","4.03","4.13","4.00","57.28K","-0.98%"
"06/23/2011","4.09","4.12","4.12","4.03","26.75K","0.74%"
"06/22/2011","4.06","4.13","4.13","4.03","155.62K","-0.98%"
"06/21/2011","4.10","4.14","4.14","4.03","194.41K","-1.20%"
"06/20/2011","4.15","4.16","4.20","4.12","599.59K","-1.19%"
"06/19/2011","4.20","4.23","4.23","4.16","374.92K","-0.71%"
"06/16/2011","4.23","4.26","4.27","4.20","201.62K","-0.47%"
"06/15/2011","4.25","4.20","4.27","4.18","35.98K","1.43%"
"06/14/2011","4.19","4.20","4.23","4.13","528.29K","-0.95%"
"06/13/2011","4.23","4.26","4.27","4.21","82.66K","-0.70%"
"06/12/2011","4.26","4.25","4.27","4.25","18.75K","1.43%"
"06/09/2011","4.20","4.20","4.20","4.19","29.14K","-0.71%"
"06/08/2011","4.23","4.25","4.25","4.21","21.01K","0.00%"
"06/07/2011","0.00","31.72","31.72","31.72","0.02K","-100.00%"
"06/06/2011","4.25","4.20","4.33","4.20","657.32K","-0.23%"
"06/05/2011","4.26","4.27","4.27","4.18","153.81K","0.24%"
"06/02/2011","4.25","4.21","4.27","4.17","47.68K","0.24%"
"06/01/2011","4.24","4.21","4.27","4.21","40.82K","-0.24%"
"05/31/2011","4.25","4.24","4.26","4.24","39.79K","0.24%"
"05/30/2011","4.24","4.25","4.25","4.21","17.59K","0.71%"
"05/29/2011","4.21","4.20","4.24","4.20","59.38K","0.96%"
"05/26/2011","4.17","4.19","4.24","4.13","149.14K","-3.92%"
"05/25/2011","4.34","4.27","4.37","4.27","191.78K","1.64%"
"05/24/2011","4.27","4.33","4.34","4.27","78.14K","-2.29%"
"05/23/2011","4.37","4.37","4.40","4.37","28.04K","-0.68%"
"05/22/2011","4.40","4.43","4.43","4.37","25.78K","1.15%"
"05/19/2011","4.35","4.33","4.40","4.31","104.63K","1.40%"
"05/18/2011","4.29","4.20","4.33","4.20","233.00K","1.18%"
"05/17/2011","4.24","4.20","4.31","4.20","53.62K","0.24%"
"05/16/2011","4.23","4.27","4.27","4.20","48.00K","0.95%"
"05/15/2011","4.19","4.15","4.20","4.15","6.70K","-0.95%"
"05/12/2011","4.23","4.01","4.27","4.01","180.59K","2.67%"
"05/11/2011","4.12","4.13","4.13","4.07","131.28K","-0.24%"
"05/10/2011","4.13","4.20","4.20","4.00","26.60K","-1.20%"
"05/09/2011","4.18","4.13","4.26","3.71","2.25M","1.46%"
"05/08/2011","4.12","4.15","4.23","4.00","174.91K","-2.60%"
"05/05/2011","4.23","4.23","4.27","4.13","51.26K","-0.47%"
"05/04/2011","4.25","4.27","4.27","4.18","153.52K","-0.47%"
"05/03/2011","4.27","4.27","4.32","4.27","202.44K","1.18%"
"05/02/2011","4.22","4.17","4.27","4.13","70.26K","0.48%"
"04/28/2011","4.20","4.16","4.24","4.15","33.67M","1.45%"
"04/27/2011","4.14","4.13","4.19","4.10","181.00K","-0.72%"
"04/26/2011","4.17","4.17","4.19","4.13","848.54K","2.46%"
"04/21/2011","4.07","4.20","4.20","3.77","724.59K","-1.45%"
"04/20/2011","4.13","4.15","4.20","4.07","275.92K","-1.43%"
"04/19/2011","4.19","4.13","4.27","4.08","223.39K","2.44%"
"04/18/2011","4.09","4.09","4.20","4.00","267.70K","-2.62%"
"04/14/2011","4.20","4.21","4.25","4.20","322.50K","-0.47%"
"04/13/2011","4.22","4.21","4.25","4.20","268.24K","0.48%"
"04/12/2011","4.20","4.08","4.24","4.08","245.11K","0.00%"
"04/11/2011","4.20","4.21","4.25","4.13","182.80K","-0.71%"
"04/10/2011","4.23","4.23","4.23","4.19","30.12K","0.00%"
"04/07/2011","4.23","4.18","4.25","4.17","38.62K","0.24%"
"04/06/2011","4.22","4.22","4.27","4.20","431.80K","0.00%"
"04/05/2011","4.22","4.16","4.26","4.16","47.19K","2.18%"
"04/04/2011","4.13","4.18","4.27","4.07","777.82K","-2.59%"
"04/03/2011","4.24","4.20","4.27","4.10","598.22K","0.95%"
"03/31/2011","4.20","4.26","4.27","4.09","846.85K","-0.71%"
"03/30/2011","4.23","4.27","4.29","4.07","419.64K","1.68%"
"03/29/2011","4.16","4.27","4.44","4.00","1.01M","-1.89%"
"03/28/2011","4.24","4.39","4.40","4.04","465.70K","0.24%"
"03/27/2011","4.23","4.00","4.36","4.00","278.95K","6.82%"
"03/24/2011","3.96","3.77","4.01","3.60","277.30K","1.54%"
"03/23/2011","3.90","3.90","3.90","3.90","151.36K","-10.14%"
"01/27/2011","4.34","4.41","4.47","3.74","263.62K","-4.82%"
"01/26/2011","4.56","4.62","4.63","4.49","689.72K","-2.36%"
"01/24/2011","4.67","4.64","4.67","4.57","1.01M","1.52%"
"01/23/2011","4.60","4.64","4.67","4.60","124.57K","0.66%"
"01/20/2011","4.57","4.56","4.61","4.53","917.73K","1.11%"
"01/19/2011","4.52","4.53","4.59","4.31","317.30K","-0.22%"
"01/18/2011","4.53","4.53","4.60","4.47","682.78K","0.00%"
"01/17/2011","4.53","4.55","4.55","4.50","581.48K","-2.16%"
"01/16/2011","4.63","4.55","4.65","4.55","445.82K","1.98%"
"01/13/2011","4.54","4.60","4.66","4.53","4.66M","0.22%"
"01/12/2011","4.53","4.53","4.60","4.53","10.82M","-1.52%"
"01/11/2011","4.60","4.60","4.60","4.60","82.84K","1.55%"
"01/10/2011","4.53","4.51","4.53","4.51","69.58K","0.00%"
"01/06/2011","4.53","4.59","4.59","4.53","1.73M","0.00%"
"01/05/2011","4.53","4.53","4.53","4.53","492.49K","0.00%"
"01/04/2011","4.53","4.53","4.53","4.51","79.65K","0.00%"
"01/03/2011","4.53","4.53","4.53","4.52","35.70K","-0.44%"