"Date","Price","Open","High","Low","Vol.","Change %"
"07/22/2026","15.010","15.130","15.380","14.950","19.27M","-0.60%"
"07/21/2026","15.100","14.700","15.180","14.650","19.00M","3.07%"
"07/20/2026","14.650","14.730","14.830","14.590","15.00M","-0.34%"
"07/19/2026","14.700","14.900","14.940","14.580","11.55M","-1.41%"
"07/16/2026","14.910","15.200","15.300","14.910","23.99M","-1.91%"
"07/15/2026","15.200","14.710","15.240","14.620","23.73M","3.40%"
"07/14/2026","14.700","14.840","14.840","14.610","10.31M","-1.01%"
"07/13/2026","14.850","14.900","15.000","14.710","15.01M","-0.34%"
"07/12/2026","14.900","14.800","15.140","14.770","20.07M","-0.13%"
"07/09/2026","14.920","14.700","15.070","14.600","15.08M","0.95%"
"07/08/2026","14.780","14.890","14.900","14.510","10.16M","-0.74%"
"07/07/2026","14.890","14.920","15.040","14.650","17.13M","0.40%"
"07/06/2026","14.830","14.810","15.110","14.770","26.98M","0.88%"
"07/05/2026","14.700","14.610","14.800","14.550","15.90M","1.03%"
"07/01/2026","14.550","14.660","14.770","14.410","12.62M","-0.34%"
"06/30/2026","14.600","14.700","14.870","14.480","15.53M","-0.34%"
"06/29/2026","14.650","14.650","14.840","14.300","11.52M","0.00%"
"06/28/2026","14.650","15.140","15.160","14.260","18.46M","-3.17%"
"06/25/2026","15.130","15.400","15.500","15.050","10.69M","-1.43%"
"06/24/2026","15.350","15.510","15.700","15.310","8.00M","-0.97%"
"06/23/2026","15.500","15.840","15.920","15.260","18.03M","-2.15%"
"06/22/2026","15.840","15.930","15.990","15.510","14.61M","-0.13%"
"06/21/2026","15.860","16.250","16.430","15.830","26.70M","-2.04%"
"06/17/2026","16.190","15.840","16.300","15.730","37.60M","2.47%"
"06/16/2026","15.800","16.070","16.130","15.750","39.25M","-1.31%"
"06/15/2026","16.010","15.800","16.330","15.410","51.99M","1.91%"
"06/14/2026","15.710","15.010","16.000","15.010","52.04M","8.34%"
"06/11/2026","14.500","14.680","14.870","14.430","9.24M","-1.36%"
"06/10/2026","14.700","15.120","15.210","14.610","14.29M","-2.46%"
"06/09/2026","15.070","15.010","15.360","15.010","26.54M","0.47%"
"06/08/2026","15.000","14.780","15.200","14.600","20.06M","1.35%"
"06/07/2026","14.800","15.100","15.100","14.640","19.45M","-1.99%"
"06/04/2026","15.100","15.300","15.370","15.080","22.71M","-0.98%"
"06/03/2026","15.250","15.590","15.690","15.150","26.00M","-1.93%"
"06/02/2026","15.550","15.990","15.990","15.520","24.04M","-2.57%"
"06/01/2026","15.960","15.720","16.080","15.510","41.53M","5.21%"
"05/25/2026","15.170","14.430","15.250","14.320","43.43M","5.94%"
"05/24/2026","14.320","14.000","14.500","13.960","43.98M","3.99%"
"05/21/2026","13.770","13.500","13.830","13.400","16.09M","2.76%"
"05/20/2026","13.400","13.760","13.970","13.400","20.86M","-2.12%"
"05/19/2026","13.690","13.700","13.940","13.550","17.48M","1.63%"
"05/18/2026","13.470","13.500","13.750","13.010","23.18M","-0.52%"
"05/17/2026","13.540","13.850","13.950","13.470","21.20M","-2.59%"
"05/14/2026","13.900","14.400","14.400","13.870","21.26M","-2.80%"
"05/13/2026","14.300","14.130","14.400","13.840","36.08M","2.14%"
"05/12/2026","14.000","14.440","14.570","13.850","24.22M","-2.44%"
"05/11/2026","14.350","14.670","14.990","14.000","29.82M","-0.42%"
"05/10/2026","14.410","13.520","14.600","13.520","54.49M","8.35%"
"05/06/2026","13.300","12.720","13.450","12.700","43.76M","4.56%"
"05/05/2026","12.720","12.480","12.930","12.230","32.03M","1.44%"
"05/04/2026","12.540","12.500","13.100","12.220","45.37M","1.13%"
"05/03/2026","12.400","11.490","12.990","11.490","56.76M","9.15%"
"04/30/2026","11.360","11.270","11.750","11.270","51.36M","1.79%"
"04/29/2026","11.160","11.150","11.270","11.090","12.44M","0.27%"
"04/28/2026","11.130","11.110","11.330","11.020","17.31M","0.72%"
"04/27/2026","11.050","11.060","11.230","10.970","18.36M","0.73%"
"04/26/2026","10.970","11.220","11.280","10.700","32.49M","-2.05%"
"04/23/2026","11.200","11.500","11.650","11.000","46.88M","-2.61%"
"04/22/2026","11.500","10.950","12.000","10.750","86.29M","4.83%"
"04/21/2026","10.970","9.900","11.100","9.880","82.96M","12.40%"
"04/20/2026","9.760","9.700","9.800","9.440","40.93M","1.04%"
"04/19/2026","9.660","9.440","9.850","9.330","47.82M","3.87%"
"04/16/2026","9.300","8.980","9.400","8.930","53.05M","4.73%"
"04/15/2026","8.880","8.700","9.100","8.700","64.41M","3.86%"
"04/14/2026","8.550","8.470","8.630","8.450","16.29M","1.42%"
"04/12/2026","8.430","8.630","8.430","8.430","27.76M","0.00%"
"04/09/2026","8.430","8.610","8.680","8.390","27.76M","-2.32%"
"04/08/2026","8.630","8.480","8.640","8.440","31.61M","4.61%"
"04/07/2026","8.250","8.480","8.480","8.210","12.63M","-2.48%"
"04/06/2026","8.460","8.430","8.550","8.390","20.62M","0.48%"
"04/05/2026","8.420","8.490","8.600","8.380","15.03M","-0.47%"
"04/02/2026","8.460","8.340","8.630","8.250","33.22M","1.32%"
"04/01/2026","8.350","8.480","8.500","8.280","17.73M","-0.48%"
"03/31/2026","8.390","8.280","8.400","7.990","28.93M","1.33%"
"03/30/2026","8.280","8.500","8.570","8.200","7.73M","-2.13%"
"03/29/2026","8.460","8.630","8.650","8.400","8.17M","-1.97%"
"03/26/2026","8.630","8.720","8.750","8.630","4.58M","-0.80%"
"03/25/2026","8.700","8.750","8.860","8.690","13.42M","0.46%"
"03/24/2026","8.660","8.880","8.880","8.560","9.89M","1.76%"
"03/18/2026","8.510","8.590","8.640","8.460","12.73M","0.24%"
"03/17/2026","8.490","8.260","8.620","8.250","12.32M","3.54%"
"03/16/2026","8.200","8.610","8.640","8.100","14.95M","-4.65%"
"03/15/2026","8.600","8.700","8.760","8.550","2.57M","-0.92%"
"03/12/2026","8.680","8.820","8.850","8.610","4.30M","-1.36%"
"03/11/2026","8.800","8.940","8.980","8.780","2.97M","-1.12%"
"03/10/2026","8.900","8.710","8.910","8.710","7.39M","2.65%"
"03/09/2026","8.670","8.780","8.840","8.620","8.78M","-0.91%"
"03/08/2026","8.750","9.230","9.250","8.710","16.87M","-5.30%"
"03/05/2026","9.240","8.770","9.300","8.750","23.41M","6.57%"
"03/04/2026","8.670","8.720","8.750","8.460","10.24M","-0.57%"
"03/03/2026","8.720","8.850","8.880","8.520","5.81M","-1.47%"
"03/02/2026","8.850","8.900","8.950","8.720","4.57M","-0.56%"
"03/01/2026","8.900","8.700","8.950","8.440","6.64M","-1.66%"
"02/26/2026","9.050","9.000","9.320","8.820","8.45M","0.67%"
"02/25/2026","8.990","9.270","9.300","8.910","8.01M","-2.81%"
"02/24/2026","9.250","9.450","9.490","9.240","4.04M","-2.01%"
"02/23/2026","9.440","9.120","9.480","9.110","4.32M","1.94%"
"02/22/2026","9.260","9.420","9.520","8.900","10.79M","-1.49%"
"02/19/2026","9.400","9.740","9.790","9.300","9.91M","-3.49%"
"02/18/2026","9.740","9.720","9.980","9.610","28.19M","0.41%"
"02/17/2026","9.700","9.490","9.800","9.230","25.36M","3.41%"
"02/16/2026","9.380","9.350","9.700","9.320","29.28M","0.86%"
"02/15/2026","9.300","8.870","9.430","8.870","42.19M","5.08%"
"02/12/2026","8.850","8.960","8.990","8.790","12.40M","-1.23%"
"02/11/2026","8.960","8.890","9.100","8.850","11.00M","0.79%"
"02/10/2026","8.890","8.920","8.950","8.820","3.60M","-0.22%"
"02/09/2026","8.910","8.910","9.000","8.830","3.27M","0.00%"
"02/08/2026","8.910","8.840","9.050","8.840","15.07M","0.91%"
"02/05/2026","8.830","8.870","8.930","8.710","7.85M","-0.34%"
"02/04/2026","8.860","9.100","9.100","8.830","14.37M","-2.10%"
"02/03/2026","9.050","8.700","9.090","8.670","23.79M","4.02%"
"02/02/2026","8.700","8.710","8.740","8.600","3.84M","0.00%"
"02/01/2026","8.700","8.600","8.700","8.520","6.19M","1.16%"
"01/28/2026","8.600","8.710","8.780","8.550","7.13M","-1.15%"
"01/27/2026","8.700","8.730","8.790","8.580","9.72M","-0.11%"
"01/26/2026","8.710","8.820","8.850","8.650","9.62M","-1.58%"
"01/25/2026","8.850","8.820","8.930","8.650","10.15M","0.57%"
"01/22/2026","8.800","8.960","9.070","8.770","15.89M","-1.90%"
"01/21/2026","8.970","8.750","9.200","8.650","36.35M","2.75%"
"01/20/2026","8.730","8.600","8.890","8.600","23.26M","1.87%"
"01/19/2026","8.570","8.510","8.640","8.490","15.49M","0.82%"
"01/18/2026","8.500","8.500","8.690","8.350","8.62M","0.47%"
"01/15/2026","8.460","8.500","8.580","8.350","6.13M","0.24%"
"01/14/2026","8.440","8.430","8.750","8.280","22.20M","0.48%"
"01/13/2026","8.400","8.700","8.750","8.380","15.29M","-3.45%"
"01/12/2026","8.700","8.760","9.090","8.650","32.49M","-1.02%"
"01/11/2026","8.790","8.240","8.800","8.240","41.38M","7.20%"
"01/08/2026","8.200","8.380","8.380","8.190","7.04M","-2.03%"
"01/06/2026","8.370","8.390","8.490","8.310","5.82M","-0.36%"
"01/05/2026","8.400","8.500","8.530","8.260","9.05M","-0.94%"
"01/04/2026","8.480","8.610","8.660","8.450","4.26M","-1.51%"
"12/31/2025","8.610","8.520","8.670","8.500","8.46M","1.18%"
"12/30/2025","8.510","8.490","8.580","8.450","7.73M","0.24%"
"12/29/2025","8.490","8.560","8.590","8.420","4.50M","-0.70%"
"12/28/2025","8.550","8.400","8.570","8.370","8.69M","1.79%"
"12/25/2025","8.400","8.370","8.410","8.300","5.05M","0.60%"
"12/24/2025","8.350","8.280","8.400","8.260","6.28M","1.21%"
"12/23/2025","8.250","8.370","8.420","8.240","4.82M","-1.43%"
"12/22/2025","8.370","8.320","8.490","8.310","6.62M","0.84%"
"12/21/2025","8.300","8.300","8.340","8.220","6.70M","0.00%"
"12/18/2025","8.300","8.460","8.510","8.300","9.23M","-1.78%"
"12/17/2025","8.450","8.580","8.600","8.390","6.46M","-1.17%"
"12/16/2025","8.550","8.680","8.720","8.520","7.11M","-1.38%"
"12/15/2025","8.670","8.450","8.810","8.450","23.11M","2.85%"
"12/14/2025","8.430","8.550","8.580","8.380","7.23M","-0.82%"
"12/11/2025","8.500","8.520","8.750","8.500","15.49M","0.00%"
"12/10/2025","8.500","8.610","8.650","8.460","4.46M","-1.16%"
"12/09/2025","8.600","8.650","8.710","8.510","10.86M","-0.35%"
"12/08/2025","8.630","8.620","8.700","8.430","19.32M","0.35%"
"12/07/2025","8.600","8.180","8.650","8.150","44.93M","6.44%"
"12/04/2025","8.080","8.130","8.170","8.070","5.49M","-0.25%"
"12/03/2025","8.100","8.050","8.200","8.050","5.28M","0.62%"
"12/02/2025","8.050","8.160","8.200","8.020","6.39M","-1.35%"
"12/01/2025","8.160","8.300","8.390","8.050","16.28M","-1.57%"
"11/30/2025","8.290","8.120","8.300","8.120","16.84M","2.47%"
"11/27/2025","8.090","7.930","8.200","7.910","25.72M","2.15%"
"11/26/2025","7.920","8.000","8.100","7.900","11.39M","-1.00%"
"11/25/2025","8.000","7.960","8.010","7.880","10.99M","1.27%"
"11/24/2025","7.900","8.110","8.130","7.860","20.54M","-2.35%"
"11/23/2025","8.090","8.190","8.200","8.070","10.83M","-0.61%"
"11/20/2025","8.140","8.280","8.320","8.140","4.81M","-1.21%"
"11/19/2025","8.240","8.270","8.340","8.130","6.39M","0.12%"
"11/18/2025","8.230","8.380","8.450","8.230","19.27M","-1.56%"
"11/17/2025","8.360","8.200","8.430","8.190","37.45M","2.33%"
"11/16/2025","8.170","8.200","8.220","8.050","21.26M","-0.12%"
"11/13/2025","8.180","8.180","8.310","8.060","15.30M","0.25%"
"11/12/2025","8.160","7.910","8.230","7.880","26.04M","3.29%"
"11/11/2025","7.900","8.090","8.110","7.750","18.85M","-2.11%"
"11/10/2025","8.070","8.330","8.340","8.030","15.42M","-2.77%"
"11/09/2025","8.300","8.300","8.380","8.210","10.19M","0.24%"
"11/06/2025","8.280","8.360","8.460","8.260","28.82M","-0.84%"
"11/05/2025","8.350","8.250","8.400","8.200","53.07M","1.83%"
"11/04/2025","8.200","8.130","8.310","8.130","43.60M","0.99%"
"11/03/2025","8.120","7.800","8.130","7.740","17.22M","4.50%"
"11/02/2025","7.770","7.940","7.940","7.740","6.06M","-1.15%"
"10/30/2025","7.860","8.000","8.040","7.830","12.72M","-1.75%"
"10/29/2025","8.000","8.010","8.040","7.900","5.18M","0.00%"
"10/28/2025","8.000","8.010","8.100","7.970","7.62M","-0.12%"
"10/27/2025","8.010","8.100","8.150","8.000","15.22M","-0.74%"
"10/26/2025","8.070","7.910","8.100","7.890","10.34M","1.77%"
"10/23/2025","7.930","8.000","8.000","7.860","4.08M","-0.50%"
"10/22/2025","7.970","8.000","8.050","7.930","3.88M","-0.50%"
"10/21/2025","8.010","8.010","8.140","7.900","21.56M","-0.25%"
"10/20/2025","8.030","7.970","8.100","7.830","28.34M","0.75%"
"10/19/2025","7.970","7.770","7.990","7.730","23.90M","3.10%"
"10/16/2025","7.730","7.800","7.830","7.720","13.01M","-0.26%"
"10/15/2025","7.750","7.700","7.840","7.670","23.38M","1.44%"
"10/14/2025","7.640","7.530","7.690","7.530","23.14M","1.60%"
"10/13/2025","7.520","7.450","7.550","7.400","15.93M","1.48%"
"10/12/2025","7.410","7.300","7.420","7.210","8.34M","1.37%"
"10/08/2025","7.310","7.410","7.410","7.260","8.77M","-1.22%"
"10/07/2025","7.400","7.440","7.460","7.370","6.94M","-0.13%"
"10/06/2025","7.410","7.550","7.550","7.400","8.49M","-1.20%"
"10/05/2025","7.500","7.470","7.550","7.460","10.14M","0.94%"
"10/02/2025","7.430","7.360","7.510","7.330","15.62M","0.95%"
"10/01/2025","7.360","7.400","7.410","7.260","9.70M","-0.27%"
"09/30/2025","7.380","7.450","7.500","7.380","24.42M","-0.54%"
"09/29/2025","7.420","7.300","7.450","7.300","20.66M","1.78%"
"09/28/2025","7.290","7.310","7.330","7.230","5.69M","-0.14%"
"09/25/2025","7.300","7.320","7.410","7.240","19.24M","0.00%"
"09/24/2025","7.300","7.120","7.310","7.050","28.27M","3.11%"
"09/23/2025","7.080","7.170","7.200","7.080","10.74M","-1.12%"
"09/22/2025","7.160","7.120","7.180","7.050","7.02M","0.42%"
"09/21/2025","7.130","7.180","7.280","7.080","13.13M","-0.56%"
"09/18/2025","7.170","7.130","7.210","7.000","12.70M","1.41%"
"09/17/2025","7.070","7.050","7.190","7.000","9.38M","0.28%"
"09/16/2025","7.050","7.200","7.210","6.990","13.18M","-2.22%"
"09/15/2025","7.210","7.350","7.380","7.210","8.56M","-1.50%"
"09/14/2025","7.320","7.110","7.320","7.110","15.36M","3.10%"
"09/11/2025","7.100","7.280","7.320","7.070","16.63M","-2.20%"
"09/10/2025","7.260","7.270","7.320","7.190","8.55M","-0.55%"
"09/09/2025","7.300","7.500","7.540","7.220","15.00M","-2.54%"
"09/08/2025","7.490","7.540","7.660","7.430","12.17M","-0.40%"
"09/07/2025","7.520","7.760","7.820","7.490","19.45M","-2.46%"
"09/03/2025","7.710","7.990","7.990","7.710","13.46M","-3.14%"
"09/02/2025","7.960","8.010","8.050","7.860","10.36M","-0.50%"
"09/01/2025","8.000","7.780","8.000","7.730","20.83M","3.76%"
"08/31/2025","7.710","8.150","8.200","7.710","31.54M","-4.70%"
"08/28/2025","8.090","7.750","8.100","7.750","21.80M","4.39%"
"08/27/2025","7.750","7.800","7.810","7.680","7.07M","-0.39%"
"08/26/2025","7.780","7.890","7.940","7.770","10.53M","-1.02%"
"08/25/2025","7.860","7.870","8.010","7.850","12.97M","0.13%"
"08/24/2025","7.850","7.910","7.940","7.840","4.17M","-0.63%"
"08/21/2025","7.900","7.950","7.970","7.850","12.94M","-0.63%"
"08/20/2025","7.950","8.000","8.050","7.920","18.03M","-0.13%"
"08/19/2025","7.960","7.900","7.970","7.780","24.34M","0.25%"
"08/18/2025","7.940","8.200","8.210","7.840","22.89M","-2.82%"
"08/17/2025","8.170","8.140","8.250","8.010","10.84M","1.11%"
"08/14/2025","8.080","8.180","8.250","8.050","6.67M","-1.34%"
"08/13/2025","8.190","8.240","8.360","8.150","5.13M","-0.24%"
"08/12/2025","8.210","8.330","8.350","8.210","9.50M","-1.20%"
"08/11/2025","8.310","8.370","8.430","8.310","13.73M","-0.48%"
"08/10/2025","8.350","8.300","8.360","8.270","15.50M","0.85%"
"08/07/2025","8.280","8.300","8.310","8.240","6.79M","0.00%"
"08/06/2025","8.280","8.260","8.350","8.200","14.01M","0.24%"
"08/05/2025","8.260","8.230","8.340","8.230","8.44M","0.36%"
"08/04/2025","8.230","8.200","8.270","8.160","12.53M","0.98%"
"08/03/2025","8.150","8.320","8.350","8.120","11.29M","-1.69%"
"07/31/2025","8.290","8.240","8.310","8.160","20.13M","1.59%"
"07/30/2025","8.160","8.100","8.330","8.050","27.14M","1.12%"
"07/29/2025","8.070","8.200","8.270","8.010","23.77M","-1.47%"
"07/28/2025","8.190","8.530","8.580","8.130","22.91M","-3.76%"
"07/27/2025","8.510","8.650","8.720","8.470","14.05M","-1.05%"
"07/23/2025","8.600","8.590","8.600","8.370","15.38M","0.47%"
"07/22/2025","8.560","8.750","8.790","8.500","17.17M","-1.95%"
"07/21/2025","8.730","8.790","8.860","8.730","18.61M","-0.46%"
"07/20/2025","8.770","8.860","8.880","8.730","8.75M","-0.68%"
"07/17/2025","8.830","8.840","8.950","8.790","8.19M","0.34%"
"07/16/2025","8.800","8.930","8.980","8.760","6.77M","-1.35%"
"07/15/2025","8.920","9.150","9.170","8.880","17.00M","-1.98%"
"07/14/2025","9.100","8.970","9.170","8.930","9.46M","1.56%"
"07/13/2025","8.960","9.220","9.250","8.900","11.95M","-2.18%"
"07/10/2025","9.160","9.440","9.490","9.160","12.13M","-2.97%"
"07/09/2025","9.440","9.120","9.460","9.010","11.24M","3.06%"
"07/07/2025","9.160","9.230","9.290","9.100","7.24M","-0.43%"
"07/06/2025","9.200","9.210","9.340","9.170","14.19M","0.33%"
"07/02/2025","9.170","8.850","9.200","8.820","19.33M","4.20%"
"07/01/2025","8.800","9.050","9.050","8.710","12.22M","-2.22%"
"06/30/2025","9.000","9.070","9.250","8.920","18.32M","-0.33%"
"06/29/2025","9.030","9.150","9.390","9.030","23.57M","-0.33%"
"06/25/2025","9.060","8.700","9.220","8.500","35.60M","4.50%"
"06/24/2025","8.670","8.390","8.780","8.350","36.67M","5.47%"
"06/23/2025","8.220","8.000","8.280","8.000","16.55M","3.27%"
"06/22/2025","7.960","7.640","7.960","7.400","15.74M","2.71%"
"06/19/2025","7.750","7.840","7.970","7.700","12.72M","-1.02%"
"06/18/2025","7.830","7.710","7.910","7.630","9.12M","1.56%"
"06/17/2025","7.710","7.830","7.920","7.610","17.72M","-1.53%"
"06/16/2025","7.830","7.970","8.060","7.780","27.95M","-1.39%"
"06/15/2025","7.940","7.790","7.940","7.560","28.50M","-2.58%"
"06/12/2025","8.150","8.450","8.500","8.040","32.86M","-4.12%"
"06/11/2025","8.500","8.660","8.910","8.500","46.69M","-0.82%"
"06/10/2025","8.570","8.300","8.680","8.250","29.69M","4.13%"
"06/04/2025","8.230","8.050","8.290","8.000","23.71M","2.36%"
"06/03/2025","8.040","8.020","8.180","7.970","24.50M","1.13%"
"06/02/2025","7.950","8.040","8.200","7.810","28.33M","-0.50%"
"06/01/2025","7.990","8.070","8.210","7.940","22.25M","-0.37%"
"05/29/2025","8.020","7.700","8.130","7.700","60.42M","4.56%"
"05/28/2025","7.670","7.740","7.760","7.630","21.44M","-0.39%"
"05/27/2025","7.700","7.400","7.800","7.370","51.64M","4.62%"
"05/26/2025","7.360","7.300","7.400","7.270","30.15M","0.96%"
"05/25/2025","7.290","7.100","7.300","7.100","37.81M","3.40%"
"05/22/2025","7.050","6.840","7.080","6.830","30.84M","3.37%"
"05/21/2025","6.820","6.780","6.910","6.720","19.77M","1.19%"
"05/20/2025","6.740","6.640","6.760","6.620","14.62M","1.51%"
"05/19/2025","6.640","6.790","6.800","6.620","8.12M","-2.21%"
"05/18/2025","6.790","6.870","6.890","6.700","3.30M","-1.16%"
"05/15/2025","6.870","6.900","6.920","6.820","5.97M","-0.29%"
"05/14/2025","6.890","6.860","6.910","6.800","6.10M","0.73%"
"05/13/2025","6.840","6.810","6.870","6.780","9.15M","1.18%"
"05/12/2025","6.760","6.730","6.830","6.730","10.11M","0.45%"
"05/11/2025","6.730","6.940","6.950","6.730","17.11M","-2.46%"
"05/08/2025","6.900","7.000","7.060","6.830","20.83M","-1.57%"
"05/07/2025","7.010","7.080","7.260","6.930","24.48M","-0.85%"
"05/06/2025","7.070","7.090","7.200","7.040","21.38M","-0.14%"
"05/05/2025","7.080","7.040","7.120","6.980","46.51M","0.71%"
"05/04/2025","7.030","6.740","7.030","6.710","36.57M","4.61%"
"04/30/2025","6.720","6.770","6.800","6.700","15.31M","-0.59%"
"04/29/2025","6.760","6.870","6.940","6.740","10.15M","-1.46%"
"04/28/2025","6.860","6.890","6.910","6.810","10.92M","0.00%"
"04/27/2025","6.860","6.660","6.900","6.650","30.42M","3.63%"
"04/23/2025","6.620","6.550","6.660","6.550","15.61M","1.38%"
"04/22/2025","6.530","6.590","6.590","6.500","12.65M","0.15%"
"04/17/2025","6.520","6.540","6.570","6.470","12.67M","-0.31%"
"04/16/2025","6.540","6.680","6.690","6.530","13.33M","-1.80%"
"04/15/2025","6.660","6.530","6.720","6.520","18.39M","2.15%"
"04/14/2025","6.520","6.580","6.630","6.490","20.19M","-0.15%"
"04/13/2025","6.530","6.450","6.550","6.380","18.93M","1.87%"
"04/10/2025","6.410","6.600","6.640","6.370","27.43M","1.91%"
"04/09/2025","6.290","6.660","6.660","6.280","15.58M","-5.56%"
"04/08/2025","6.660","6.740","6.790","6.620","8.46M","0.15%"
"04/07/2025","6.650","6.700","6.700","6.350","15.80M","-1.77%"
"04/06/2025","6.770","6.810","6.890","6.670","18.46M","-4.65%"
"04/03/2025","7.100","7.050","7.160","6.880","7.12M","0.42%"
"03/27/2025","7.070","7.000","7.100","6.920","8.71M","1.58%"
"03/26/2025","6.960","7.030","7.110","6.890","10.90M","-0.85%"
"03/25/2025","7.020","7.280","7.340","7.000","11.19M","-3.44%"
"03/24/2025","7.270","7.500","7.540","7.210","9.88M","-2.81%"
"03/23/2025","7.480","7.300","7.550","7.230","17.77M","2.75%"
"03/20/2025","7.280","7.390","7.410","7.210","8.65M","-0.95%"
"03/19/2025","7.350","7.250","7.490","7.210","23.48M","2.08%"
"03/18/2025","7.200","6.740","7.200","6.700","25.75M","6.98%"
"03/17/2025","6.730","6.900","6.900","6.730","6.14M","-1.75%"
"03/16/2025","6.850","6.860","6.970","6.820","6.68M","0.59%"
"03/13/2025","6.810","6.960","7.040","6.790","21.26M","-1.87%"
"03/12/2025","6.940","6.850","7.110","6.840","28.99M","1.46%"
"03/11/2025","6.840","6.680","6.850","6.620","13.61M","2.40%"
"03/10/2025","6.680","6.800","6.880","6.680","13.92M","-1.18%"
"03/09/2025","6.760","6.550","6.760","6.500","17.25M","3.36%"
"03/06/2025","6.540","6.520","6.580","6.490","11.26M","0.62%"
"03/05/2025","6.500","6.410","6.500","6.390","7.17M","1.56%"
"03/04/2025","6.400","6.500","6.510","6.380","5.57M","-0.93%"
"03/03/2025","6.460","6.420","6.520","6.410","11.75M","0.94%"
"03/02/2025","6.400","6.260","6.420","6.260","11.54M","2.40%"
"02/27/2025","6.250","6.300","6.440","6.250","21.65M","-0.48%"
"02/26/2025","6.280","6.400","6.410","6.280","5.24M","-1.41%"
"02/25/2025","6.370","6.510","6.540","6.310","13.81M","-1.55%"
"02/24/2025","6.470","6.560","6.590","6.450","5.41M","-1.07%"
"02/23/2025","6.540","6.660","6.690","6.540","11.48M","-1.65%"
"02/20/2025","6.650","6.390","6.650","6.390","31.68M","4.56%"
"02/19/2025","6.360","6.380","6.540","6.340","16.87M","0.16%"
"02/18/2025","6.350","6.380","6.420","6.290","6.66M","-0.31%"
"02/17/2025","6.370","6.450","6.500","6.360","7.96M","-1.24%"
"02/16/2025","6.450","6.280","6.460","6.220","11.73M","4.20%"
"02/13/2025","6.190","6.290","6.330","6.100","9.14M","-1.59%"
"02/12/2025","6.290","6.070","6.340","5.930","11.26M","3.11%"
"02/11/2025","6.100","6.450","6.450","6.050","15.67M","-5.28%"
"02/10/2025","6.440","6.400","6.470","6.340","4.25M","0.62%"
"02/09/2025","6.400","6.500","6.560","6.380","5.24M","-1.23%"
"02/06/2025","6.480","6.440","6.480","6.400","3.25M","0.78%"
"02/05/2025","6.430","6.400","6.460","6.330","6.20M","0.47%"
"02/04/2025","6.400","6.350","6.500","6.350","6.72M","0.95%"
"02/03/2025","6.340","6.510","6.520","6.290","12.18M","-2.61%"
"02/02/2025","6.510","6.570","6.610","6.500","8.03M","-0.61%"
"01/30/2025","6.550","6.700","6.710","6.550","11.98M","-1.36%"
"01/29/2025","6.640","6.630","6.710","6.560","16.94M","0.61%"
"01/28/2025","6.600","6.650","6.740","6.600","10.88M","-0.15%"
"01/27/2025","6.610","6.710","6.750","6.610","9.97M","-1.34%"
"01/26/2025","6.700","6.880","6.940","6.670","10.81M","-2.62%"
"01/23/2025","6.880","6.860","7.080","6.840","11.90M","-0.29%"
"01/22/2025","6.900","6.820","7.000","6.780","15.74M","1.32%"
"01/21/2025","6.810","6.750","6.930","6.690","11.41M","1.04%"
"01/20/2025","6.740","6.800","6.850","6.640","11.33M","-0.59%"
"01/19/2025","6.780","6.660","6.930","6.660","20.15M","2.73%"
"01/16/2025","6.600","6.630","6.680","6.590","8.86M","-0.15%"
"01/15/2025","6.610","6.690","6.720","6.540","9.94M","0.76%"
"01/14/2025","6.560","6.520","6.800","6.130","26.08M","0.61%"
"01/13/2025","6.520","6.830","6.950","6.520","14.36M","-4.54%"
"01/12/2025","6.830","6.980","6.980","6.830","11.59M","-2.57%"
"01/09/2025","7.010","7.150","7.150","7.000","13.34M","-1.41%"
"01/08/2025","7.110","7.190","7.220","7.020","12.62M","-0.56%"
"01/06/2025","7.150","7.080","7.160","6.900","19.56M","1.27%"
"01/05/2025","7.060","6.940","7.230","6.940","27.96M","1.73%"
"01/02/2025","6.940","6.590","6.980","6.550","24.35M","6.12%"
"12/31/2024","6.540","6.450","6.560","6.370","7.61M","2.19%"
"12/30/2024","6.400","6.510","6.520","6.340","9.15M","-1.54%"
"12/29/2024","6.500","6.300","6.500","6.270","12.42M","3.17%"
"12/26/2024","6.300","6.300","6.370","6.250","5.65M","0.64%"
"12/25/2024","6.260","6.150","6.320","6.150","6.74M","2.12%"
"12/24/2024","6.130","6.200","6.300","6.050","14.19M","-1.13%"
"12/23/2024","6.200","6.400","6.440","6.150","10.80M","-2.97%"
"12/22/2024","6.390","6.410","6.480","6.370","2.42M","0.31%"
"12/19/2024","6.370","6.310","6.450","6.190","18.23M","0.31%"
"12/18/2024","6.350","6.480","6.540","6.280","7.47M","-2.01%"
"12/17/2024","6.480","6.660","6.700","6.460","7.86M","-2.70%"
"12/16/2024","6.660","6.770","6.820","6.660","11.04M","-1.04%"
"12/15/2024","6.730","6.630","6.770","6.600","11.09M","1.36%"
"12/12/2024","6.640","6.510","6.650","6.510","7.44M","1.22%"
"12/11/2024","6.560","6.490","6.680","6.450","14.68M","1.55%"
"12/10/2024","6.460","6.510","6.620","6.340","20.99M","-0.62%"
"12/09/2024","6.500","6.400","6.650","6.320","50.72M","0.78%"
"12/08/2024","6.450","6.200","6.450","6.190","20.78M","4.54%"
"12/05/2024","6.170","6.250","6.300","6.130","14.22M","-0.96%"
"12/04/2024","6.230","6.000","6.350","6.000","45.72M","4.53%"
"12/03/2024","5.960","6.200","6.240","5.960","15.27M","-3.56%"
"12/02/2024","6.180","5.930","6.180","5.890","45.92M","4.57%"
"12/01/2024","5.910","5.490","5.980","5.480","39.78M","8.44%"
"11/28/2024","5.450","5.310","5.550","5.200","8.20M","3.22%"
"11/27/2024","5.280","5.400","5.430","5.270","5.87M","-1.86%"
"11/26/2024","5.380","5.440","5.490","5.370","4.77M","-0.55%"
"11/25/2024","5.410","5.450","5.550","5.400","4.81M","-0.73%"
"11/24/2024","5.450","5.590","5.600","5.440","4.11M","-2.33%"
"11/21/2024","5.580","5.650","5.660","5.530","4.32M","-0.36%"
"11/20/2024","5.600","5.420","5.620","5.420","10.79M","3.51%"
"11/19/2024","5.410","5.480","5.500","5.390","4.25M","-1.10%"
"11/18/2024","5.470","5.740","5.740","5.460","11.24M","-4.04%"
"11/17/2024","5.700","5.800","5.800","5.690","6.02M","-1.38%"
"11/14/2024","5.780","5.790","5.840","5.730","5.13M","0.35%"
"11/13/2024","5.760","5.930","5.980","5.720","16.41M","-2.21%"
"11/12/2024","5.890","5.840","5.950","5.820","12.91M","1.38%"
"11/11/2024","5.810","5.830","5.860","5.800","5.00M","0.17%"
"11/10/2024","5.800","5.850","5.920","5.800","8.60M","-0.17%"
"11/07/2024","5.810","5.780","5.900","5.780","20.15M","1.57%"
"11/06/2024","5.720","5.730","5.760","5.640","14.20M","0.53%"
"11/05/2024","5.690","5.790","5.800","5.630","5.82M","-1.22%"
"11/04/2024","5.760","5.770","5.880","5.710","7.78M","0.35%"
"11/03/2024","5.740","5.790","5.860","5.700","8.66M","1.59%"
"10/31/2024","5.650","5.670","5.750","5.620","5.68M","-0.35%"
"10/30/2024","5.670","5.690","5.730","5.600","5.94M","0.35%"
"10/29/2024","5.650","5.910","5.940","5.630","12.03M","-4.07%"
"10/28/2024","5.890","6.020","6.020","5.870","6.42M","-1.01%"
"10/27/2024","5.950","5.970","6.090","5.850","10.26M","1.02%"
"10/24/2024","5.890","5.790","6.140","5.750","22.71M","1.73%"
"10/23/2024","5.790","5.800","6.030","5.780","42.06M","0.70%"
"10/22/2024","5.750","5.730","5.760","5.600","12.63M","2.68%"
"10/21/2024","5.600","5.170","5.600","5.170","29.77M","8.95%"
"10/20/2024","5.140","5.400","5.650","5.090","30.65M","-3.93%"
"10/17/2024","5.350","5.680","5.700","5.350","18.47M","-5.48%"
"10/16/2024","5.660","5.910","5.970","5.660","18.19M","-4.07%"
"10/15/2024","5.900","5.870","5.950","5.820","12.26M","1.03%"
"10/14/2024","5.840","5.800","5.880","5.620","23.40M","2.28%"
"10/13/2024","5.710","6.140","6.160","5.660","25.18M","-6.24%"
"10/10/2024","6.090","6.310","6.330","6.060","20.77M","-2.87%"
"10/09/2024","6.270","6.290","6.380","6.160","17.61M","0.64%"
"10/08/2024","6.230","6.470","6.500","6.090","23.62M","-3.56%"
"10/07/2024","6.460","6.810","6.880","6.460","22.41M","-4.58%"
"10/03/2024","6.770","6.800","6.890","6.700","49.04M","0.45%"
"10/02/2024","6.740","6.540","6.900","6.520","45.03M","2.74%"
"10/01/2024","6.560","6.650","6.750","6.560","50.16M","-1.35%"
"09/30/2024","6.650","6.500","6.650","6.460","31.20M","2.15%"
"09/29/2024","6.510","6.530","6.650","6.430","23.05M","-0.15%"
"09/26/2024","6.520","6.510","6.630","6.460","31.90M","0.77%"
"09/25/2024","6.470","6.350","6.580","6.310","30.36M","2.21%"
"09/24/2024","6.330","6.370","6.440","6.320","10.17M","-0.31%"
"09/23/2024","6.350","6.520","6.520","6.320","16.68M","-1.55%"
"09/22/2024","6.450","6.410","6.570","6.320","27.57M","1.26%"
"09/19/2024","6.370","5.980","6.430","5.980","40.52M","7.24%"
"09/18/2024","5.940","6.090","6.100","5.890","41.87M","-1.98%"
"09/17/2024","6.060","6.300","6.320","6.030","39.41M","-3.50%"
"09/16/2024","6.280","6.460","6.500","6.250","11.67M","-2.18%"
"09/12/2024","6.420","6.540","6.680","6.390","16.22M","-1.68%"
"09/11/2024","6.530","6.350","6.560","6.260","31.70M","2.83%"
"09/10/2024","6.350","6.650","6.740","6.320","39.60M","-2.91%"
"09/09/2024","6.540","6.370","6.610","6.280","27.83M","3.65%"
"09/08/2024","6.310","6.460","6.470","6.120","31.71M","-2.02%"
"09/05/2024","6.440","6.460","6.570","6.400","10.52M","0.47%"
"09/04/2024","6.410","6.490","6.570","6.330","22.10M","-0.93%"
"09/03/2024","6.470","6.640","6.760","6.400","30.48M","-1.67%"
"09/02/2024","6.580","6.890","6.940","6.560","37.48M","-4.50%"
"09/01/2024","6.890","6.420","7.010","6.400","79.46M","8.16%"
"08/29/2024","6.370","6.310","6.610","6.180","40.82M","1.11%"
"08/28/2024","6.300","5.930","6.330","5.880","31.56M","6.42%"
"08/27/2024","5.920","5.970","6.100","5.780","27.25M","0.17%"
"08/26/2024","5.910","5.990","6.130","5.780","24.59M","-1.34%"
"08/25/2024","5.990","5.400","6.400","5.380","56.88M","11.75%"
"08/22/2024","5.360","5.210","5.420","5.190","20.90M","3.08%"
"08/21/2024","5.200","5.050","5.270","4.960","25.84M","3.59%"
"08/20/2024","5.020","5.050","5.160","5.010","40.14M","-0.40%"
"08/19/2024","5.040","4.740","5.050","4.720","38.26M","6.33%"
"08/18/2024","4.740","4.710","4.890","4.700","32.81M","1.50%"
"08/15/2024","4.670","4.440","4.730","4.420","33.79M","5.66%"
"08/14/2024","4.420","4.370","4.430","4.320","19.52M","1.38%"
"08/13/2024","4.360","4.450","4.470","4.330","6.10M","-1.58%"
"08/12/2024","4.430","4.380","4.480","4.360","45.32M","1.14%"
"08/11/2024","4.380","4.170","4.400","4.170","47.00M","6.05%"
"08/08/2024","4.130","4.200","4.200","4.100","14.81M","-1.43%"
"08/07/2024","4.190","4.190","4.230","4.070","17.89M","0.72%"
"08/06/2024","4.160","4.100","4.180","4.080","25.61M","3.23%"
"08/05/2024","4.030","4.200","4.200","3.860","37.06M","-5.62%"
"08/04/2024","4.270","4.390","4.390","4.210","21.07M","-3.39%"
"08/01/2024","4.420","4.630","4.660","4.390","47.32M","-4.54%"
"07/31/2024","4.630","4.740","4.740","4.630","11.64M","-1.91%"
"07/30/2024","4.720","4.670","4.790","4.660","35.01M","1.51%"
"07/29/2024","4.650","4.620","4.700","4.580","22.41M","0.87%"
"07/28/2024","4.610","4.650","4.710","4.580","11.97M","-0.86%"
"07/24/2024","4.650","4.740","4.800","4.570","24.85M","-1.48%"
"07/23/2024","4.720","4.720","4.770","4.690","13.06M","0.43%"
"07/22/2024","4.700","4.800","4.840","4.700","15.16M","-2.08%"
"07/21/2024","4.800","4.760","4.800","4.660","24.65M","1.05%"
"07/18/2024","4.750","4.900","4.960","4.720","31.02M","-3.06%"
"07/17/2024","4.900","4.760","4.950","4.680","23.13M","2.73%"
"07/16/2024","4.770","4.590","4.770","4.540","14.62M","4.38%"
"07/15/2024","4.570","4.540","4.610","4.530","9.75M","0.88%"
"07/14/2024","4.530","4.600","4.610","4.530","11.38M","-0.88%"
"07/10/2024","4.570","4.620","4.680","4.560","17.46M","-0.65%"
"07/09/2024","4.600","4.580","4.640","4.540","19.33M","0.88%"
"07/08/2024","4.560","4.490","4.650","4.460","40.67M","1.79%"
"07/07/2024","4.480","4.320","4.600","4.320","63.84M","4.19%"
"07/04/2024","4.300","4.400","4.400","4.270","18.95M","-1.83%"
"07/03/2024","4.380","4.400","4.470","4.350","23.18M","0.23%"
"07/02/2024","4.370","4.470","4.500","4.330","44.75M","-1.35%"
"07/01/2024","4.430","4.270","4.480","4.250","49.50M","5.23%"
"06/27/2024","4.210","4.340","4.390","4.190","35.97M","-2.32%"
"06/26/2024","4.310","4.130","4.390","4.120","62.49M","4.87%"
"06/25/2024","4.110","4.050","4.130","3.980","14.98M","1.73%"
"06/24/2024","4.040","4.150","4.150","4.040","24.36M","-1.94%"
"06/23/2024","4.120","4.030","4.190","4.030","37.52M","2.74%"
"06/13/2024","4.010","4.040","4.100","3.970","36.07M","-0.74%"
"06/12/2024","4.040","4.130","4.160","4.000","28.50M","-1.94%"
"06/11/2024","4.120","3.960","4.220","3.960","87.53M","4.30%"
"06/10/2024","3.950","4.090","4.090","3.930","18.53M","-2.47%"
"06/09/2024","4.050","3.790","4.100","3.730","66.90M","6.86%"
"06/06/2024","3.790","3.940","3.980","3.770","27.02M","-3.32%"
"06/05/2024","3.920","3.910","4.000","3.760","61.20M","1.82%"
"06/04/2024","3.850","3.730","3.940","3.710","27.35M","4.05%"
"06/03/2024","3.700","3.700","3.770","3.640","8.77M","0.00%"
"06/02/2024","3.700","3.760","3.800","3.600","10.47M","-0.80%"
"05/30/2024","3.730","3.780","3.790","3.650","11.23M","-1.06%"
"05/29/2024","3.770","3.790","3.870","3.730","20.87M","0.27%"
"05/28/2024","3.760","3.600","3.820","3.530","49.80M","3.58%"
"05/27/2024","3.630","3.750","3.770","3.600","17.14M","-3.20%"
"05/26/2024","3.750","3.560","3.800","3.510","35.81M","5.63%"
"05/23/2024","3.550","3.600","3.640","3.500","17.29M","-0.56%"
"05/22/2024","3.570","3.510","3.620","3.470","38.05M","2.00%"
"05/21/2024","3.500","3.340","3.580","3.320","56.42M","5.42%"
"05/20/2024","3.320","3.340","3.420","3.260","23.84M","0.00%"
"05/19/2024","3.320","3.200","3.320","3.150","33.19M","5.40%"
"05/16/2024","3.150","3.010","3.150","3.010","24.93M","5.00%"
"05/15/2024","3.000","3.030","3.080","2.950","23.24M","-0.66%"
"05/14/2024","3.020","3.100","3.130","2.940","24.82M","-1.63%"
"05/13/2024","3.070","3.080","3.100","2.930","16.04M","0.00%"
"05/12/2024","3.070","3.250","3.270","3.020","12.92M","-4.66%"
"05/09/2024","3.220","3.240","3.280","3.140","5.61M","-0.92%"
"05/08/2024","3.250","3.320","3.420","3.220","17.52M","-0.61%"
"05/07/2024","3.270","3.260","3.300","3.180","10.47M","0.31%"
"05/02/2024","3.260","3.210","3.320","3.120","17.68M","1.87%"
"05/01/2024","3.200","3.100","3.220","3.000","14.11M","3.23%"
"04/30/2024","3.100","3.380","3.410","3.020","17.25M","-7.74%"
"04/29/2024","3.360","3.220","3.380","3.190","21.70M","5.00%"
"04/28/2024","3.200","3.430","3.510","3.190","29.20M","-6.71%"
"04/24/2024","3.430","3.680","3.670","3.340","30.67M","-6.79%"
"04/23/2024","3.680","3.840","3.860","3.640","23.25M","-4.17%"
"04/22/2024","3.840","3.940","4.120","3.780","22.27M","-2.54%"
"04/21/2024","3.940","3.860","4.060","3.910","28.35M","2.07%"
"04/18/2024","3.860","4.070","4.220","3.780","74.39M","-5.16%"
"04/17/2024","4.070","3.870","4.130","3.850","56.82M","5.17%"
"04/16/2024","3.870","3.850","3.900","3.780","17.19M","0.52%"
"04/15/2024","3.850","3.650","3.880","3.600","26.91M","5.48%"
"04/08/2024","3.650","3.520","3.670","3.500","9.67M","3.69%"
"04/07/2024","3.520","3.610","3.670","3.490","53.83M","-2.49%"
"04/04/2024","3.610","3.560","3.680","3.570","16.99M","1.40%"
"04/03/2024","3.560","3.580","3.610","3.460","16.36M","-0.56%"
"04/02/2024","3.580","3.600","3.700","3.520","27.68M","-0.56%"
"04/01/2024","3.600","3.290","3.610","3.310","25.86M","9.42%"
"03/31/2024","3.290","3.380","3.460","3.170","15.10M","-2.66%"
"03/28/2024","3.380","3.300","3.410","3.240","23.38M","2.42%"
"03/27/2024","3.300","3.490","3.590","3.280","22.85M","-5.44%"
"03/26/2024","3.490","3.640","3.740","3.480","19.93M","-4.12%"
"03/25/2024","3.640","3.270","3.720","3.260","38.60M","11.31%"
"03/24/2024","3.270","3.300","3.360","3.260","13.99M","-0.91%"
"03/21/2024","3.300","3.200","3.340","3.190","25.94M","3.12%"
"03/20/2024","3.200","3.300","3.400","3.170","17.62M","-3.03%"
"03/19/2024","3.300","3.280","3.340","3.130","12.13M","0.61%"
"03/18/2024","3.280","3.600","3.610","3.220","22.26M","-8.89%"
"03/17/2024","3.600","3.740","3.830","3.570","11.35M","-3.74%"
"03/14/2024","3.740","3.660","3.790","3.580","15.57M","2.19%"
"03/13/2024","3.660","3.900","3.950","3.530","40.37M","-6.15%"
"03/12/2024","3.900","4.040","4.100","3.810","32.31M","-3.47%"
"03/11/2024","4.040","4.210","4.280","3.980","28.67M","-4.04%"
"03/10/2024","4.210","4.300","4.500","4.200","22.15M","-2.09%"
"03/07/2024","4.300","4.300","4.430","3.960","50.52M","0.00%"
"03/06/2024","4.300","4.860","4.800","4.300","42.19M","-11.52%"
"03/05/2024","4.860","4.980","5.100","4.790","37.90M","-2.41%"
"03/04/2024","4.980","4.840","5.130","4.880","59.72M","2.89%"
"03/03/2024","4.840","4.770","5.060","4.710","50.31M","1.47%"
"02/29/2024","4.770","4.830","4.940","4.640","24.56M","-1.24%"
"02/28/2024","4.830","5.100","5.250","4.650","38.84M","-5.29%"
"02/27/2024","5.100","5.060","5.480","5.080","64.11M","0.79%"
"02/26/2024","5.060","4.940","5.440","4.760","82.06M","2.43%"
"02/25/2024","4.940","4.480","5.320","4.300","135.19M","10.27%"
"02/22/2024","4.480","4.240","4.480","4.160","44.09M","5.66%"
"02/21/2024","4.240","4.240","4.340","4.110","68.20M","0.00%"
"02/20/2024","4.240","3.850","4.310","3.850","96.31M","10.13%"
"02/19/2024","3.850","3.710","3.860","3.680","40.48M","3.77%"
"02/18/2024","3.710","3.760","3.790","3.700","17.92M","-1.33%"
"02/15/2024","3.760","3.690","3.780","3.650","20.49M","1.90%"
"02/14/2024","3.690","3.650","3.720","3.620","22.53M","1.10%"
"02/13/2024","3.650","3.650","3.750","3.600","30.72M","0.00%"
"02/12/2024","3.650","3.540","3.720","3.510","38.35M","3.11%"
"02/11/2024","3.540","3.560","3.820","3.540","43.06M","-0.56%"
"02/08/2024","3.560","3.550","3.600","3.470","18.93M","0.28%"
"02/07/2024","3.550","3.650","3.720","3.530","37.18M","-2.74%"
"02/06/2024","3.650","3.610","3.670","3.360","59.44M","1.11%"
"02/05/2024","3.610","3.460","3.670","3.440","47.18M","4.34%"
"02/04/2024","3.460","3.220","3.510","3.050","27.83M","7.45%"
"02/01/2024","3.220","3.130","3.250","2.910","17.74M","2.88%"
"01/31/2024","3.130","3.530","3.530","3.000","24.65M","-10.57%"
"01/30/2024","3.500","3.370","3.550","3.350","24.93M","4.79%"
"01/29/2024","3.340","3.290","3.480","3.280","21.70M","2.14%"
"01/28/2024","3.270","3.340","3.350","3.200","20.87M","-0.91%"
"01/24/2024","3.300","3.400","3.410","3.290","11.40M","-2.37%"
"01/23/2024","3.380","3.490","3.490","3.370","21.02M","-3.15%"
"01/22/2024","3.490","3.580","3.590","3.440","24.02M","-2.51%"
"01/21/2024","3.580","3.490","3.580","3.460","16.40M","3.47%"
"01/18/2024","3.460","3.300","3.510","3.250","25.25M","5.81%"
"01/17/2024","3.270","3.370","3.380","3.240","11.59M","-2.39%"
"01/16/2024","3.350","3.340","3.400","3.310","15.87M","0.60%"
"01/15/2024","3.330","3.330","3.430","3.290","24.93M","0.30%"
"01/14/2024","3.320","3.230","3.360","3.220","29.95M","3.75%"
"01/11/2024","3.200","3.090","3.240","3.090","29.55M","1.91%"
"01/10/2024","3.140","3.110","3.150","3.050","15.34M","1.95%"
"01/09/2024","3.080","3.110","3.170","3.080","16.26M","-0.65%"
"01/08/2024","3.100","2.970","3.120","2.930","26.77M","5.08%"
"01/04/2024","2.950","2.910","3.020","2.890","20.16M","1.72%"
"01/03/2024","2.900","2.880","2.950","2.790","19.13M","0.69%"
"01/02/2024","2.880","2.700","2.880","2.700","15.45M","8.27%"
"12/31/2023","2.660","2.700","2.740","2.660","15.10M","-0.75%"
"12/28/2023","2.680","2.710","2.730","2.680","11.81M","-0.37%"
"12/27/2023","2.690","2.680","2.740","2.650","18.75M","1.51%"
"12/26/2023","2.650","2.750","2.770","2.640","11.81M","-3.64%"
"12/25/2023","2.750","2.750","2.750","2.630","16.78M","0.36%"
"12/24/2023","2.740","2.840","2.870","2.730","13.18M","-2.49%"
"12/21/2023","2.810","2.990","3.030","2.790","19.37M","-5.07%"
"12/20/2023","2.960","3.040","3.070","2.950","9.11M","-1.99%"
"12/19/2023","3.020","3.120","3.140","3.020","9.76M","-1.95%"
"12/18/2023","3.080","3.020","3.130","2.990","19.12M","2.33%"
"12/17/2023","3.010","3.030","3.050","2.940","5.95M","0.33%"
"12/14/2023","3.000","3.000","3.050","3.000","5.08M","0.33%"
"12/13/2023","2.990","2.900","2.990","2.900","5.83M","3.10%"
"12/12/2023","2.900","2.950","3.000","2.860","8.60M","-1.69%"
"12/11/2023","2.950","2.920","2.990","2.860","16.64M","1.72%"
"12/10/2023","2.900","3.090","3.100","2.900","18.15M","-5.54%"
"12/07/2023","3.070","3.100","3.100","2.930","26.39M","-2.23%"
"12/06/2023","3.140","3.110","3.220","3.060","32.67M","2.28%"
"12/05/2023","3.070","3.170","3.200","3.060","19.91M","-1.29%"
"12/04/2023","3.110","3.000","3.180","2.940","42.61M","4.71%"
"12/03/2023","2.970","2.900","3.060","2.860","15.87M","3.85%"
"11/30/2023","2.860","2.910","2.940","2.830","13.27M","-0.69%"
"11/29/2023","2.880","3.050","3.060","2.860","14.30M","-4.95%"
"11/28/2023","3.030","3.050","3.110","3.010","25.04M","0.33%"
"11/27/2023","3.020","2.990","3.020","2.970","22.74M","1.00%"
"11/26/2023","2.990","3.060","3.070","2.930","28.90M","-1.32%"
"11/23/2023","3.030","3.010","3.100","2.960","43.17M","1.34%"
"11/22/2023","2.990","2.880","3.040","2.860","35.65M","4.55%"
"11/21/2023","2.860","2.850","2.890","2.790","26.73M","0.70%"
"11/20/2023","2.840","2.900","2.910","2.810","32.94M","-1.05%"
"11/19/2023","2.870","2.960","2.970","2.870","30.92M","-2.38%"
"11/16/2023","2.940","2.860","2.970","2.830","65.84M","5.00%"
"11/15/2023","2.800","2.710","2.800","2.680","64.58M","5.66%"
"11/14/2023","2.650","2.610","2.660","2.510","28.33M","1.92%"
"11/13/2023","2.600","2.650","2.650","2.560","19.39M","-1.14%"
"11/12/2023","2.630","2.610","2.680","2.600","24.70M","1.54%"
"11/09/2023","2.590","2.660","2.670","2.550","24.22M","-1.52%"
"11/08/2023","2.630","2.730","2.790","2.600","23.06M","-2.59%"
"11/07/2023","2.700","2.660","2.750","2.650","35.53M","1.50%"
"11/06/2023","2.660","2.680","2.770","2.650","33.80M","0.76%"
"11/05/2023","2.640","2.660","2.690","2.590","19.97M","0.00%"
"11/02/2023","2.640","2.700","2.790","2.600","50.29M","0.00%"
"11/01/2023","2.640","2.410","2.660","2.410","47.21M","9.54%"
"10/31/2023","2.410","2.470","2.500","2.400","23.65M","-2.43%"
"10/30/2023","2.470","2.570","2.590","2.430","29.04M","-3.52%"
"10/29/2023","2.560","2.450","2.660","2.450","59.61M","4.92%"
"10/26/2023","2.440","2.350","2.480","2.320","82.72M","5.63%"
"10/25/2023","2.310","2.140","2.320","2.110","81.01M","9.48%"
"10/24/2023","2.110","2.150","2.160","2.080","17.97M","-1.40%"
"10/23/2023","2.140","2.180","2.190","2.130","19.89M","-0.93%"
"10/22/2023","2.160","2.110","2.190","2.100","23.00M","1.89%"
"10/19/2023","2.120","2.120","2.150","2.070","19.09M","0.95%"
"10/18/2023","2.100","2.160","2.170","2.060","30.50M","-0.94%"
"10/17/2023","2.120","2.020","2.150","2.010","40.83M","6.00%"
"10/16/2023","2.000","2.000","2.050","1.990","13.06M","-0.99%"
"10/15/2023","2.020","2.020","2.050","2.000","11.94M","1.00%"
"10/12/2023","2.000","2.030","2.050","2.000","11.75M","0.00%"
"10/11/2023","2.000","2.000","2.070","1.990","21.24M","0.50%"
"10/10/2023","1.990","1.990","2.020","1.980","6.86M","0.51%"
"10/09/2023","1.980","2.020","2.020","1.970","9.81M","-1.00%"
"10/08/2023","2.000","2.100","2.110","1.920","18.77M","-5.21%"
"10/04/2023","2.110","2.090","2.130","2.070","11.70M","1.93%"
"10/03/2023","2.070","2.140","2.150","2.050","15.28M","-2.36%"
"10/02/2023","2.120","2.180","2.230","2.090","41.11M","-1.85%"
"10/01/2023","2.160","2.160","2.200","2.120","21.97M","0.47%"
"09/27/2023","2.150","2.090","2.190","2.060","35.95M","2.87%"
"09/26/2023","2.090","2.200","2.210","2.060","52.34M","-3.24%"
"09/25/2023","2.160","2.030","2.180","2.000","82.43M","6.93%"
"09/24/2023","2.020","2.030","2.040","2.010","8.23M","-0.49%"
"09/21/2023","2.030","2.010","2.030","1.980","9.58M","1.00%"
"09/20/2023","2.010","2.060","2.080","1.970","30.24M","-2.43%"
"09/19/2023","2.060","2.110","2.120","2.060","18.68M","-2.37%"
"09/18/2023","2.110","2.120","2.120","2.070","20.44M","0.00%"
"09/17/2023","2.110","2.060","2.130","2.050","76.84M","3.43%"
"09/14/2023","2.040","2.009","2.042","2.005","28.43M","1.85%"
"09/13/2023","2.003","2.001","2.020","1.991","5.03M","-0.10%"
"09/12/2023","2.005","2.010","2.030","1.985","13.35M","-0.45%"
"09/11/2023","2.014","2.040","2.050","2.010","31.41M","-0.69%"
"09/10/2023","2.028","1.970","2.045","1.962","47.09M","3.58%"
"09/07/2023","1.958","1.971","1.980","1.950","16.85M","-0.15%"
"09/06/2023","1.961","1.969","1.994","1.955","27.36M","0.46%"
"09/05/2023","1.952","1.956","1.982","1.948","11.12M","0.05%"
"09/04/2023","1.951","1.970","1.975","1.941","10.21M","-0.56%"
"09/03/2023","1.962","1.976","1.988","1.952","7.10M","-0.10%"
"08/31/2023","1.964","1.985","2.000","1.962","7.00M","-1.11%"
"08/30/2023","1.986","2.029","2.030","1.983","12.71M","-1.24%"
"08/29/2023","2.011","2.020","2.030","1.993","14.42M","-0.45%"
"08/28/2023","2.020","1.950","2.020","1.950","21.98M","4.28%"
"08/27/2023","1.937","1.962","1.972","1.931","7.22M","-0.67%"
"08/24/2023","1.950","1.970","1.975","1.940","4.36M","-0.61%"
"08/23/2023","1.962","1.960","2.017","1.952","22.26M","0.82%"
"08/22/2023","1.946","1.940","1.964","1.927","7.81M","0.46%"
"08/21/2023","1.937","1.945","1.955","1.915","7.11M","-0.26%"
"08/20/2023","1.942","1.960","1.973","1.941","5.19M","-0.56%"
"08/17/2023","1.953","1.961","1.975","1.951","4.66M","-0.36%"
"08/16/2023","1.960","1.972","1.987","1.960","6.55M","-0.51%"
"08/15/2023","1.970","1.990","1.998","1.970","5.22M","-0.61%"
"08/14/2023","1.982","1.991","2.015","1.982","10.72M","-0.05%"
"08/13/2023","1.983","1.982","1.993","1.951","12.56M","0.41%"
"08/10/2023","1.975","2.015","2.018","1.975","6.13M","-1.64%"
"08/09/2023","2.008","1.999","2.033","1.985","13.48M","0.90%"
"08/08/2023","1.990","2.017","2.028","1.985","9.11M","-0.70%"
"08/07/2023","2.004","2.000","2.035","1.994","16.80M","0.70%"
"08/06/2023","1.990","1.970","2.010","1.950","17.05M","1.53%"
"08/03/2023","1.960","1.970","1.980","1.930","11.09M","0.00%"
"08/02/2023","1.960","2.020","2.040","1.940","9.06M","-2.97%"
"08/01/2023","2.020","2.040","2.050","2.000","7.57M","-0.98%"
"07/31/2023","2.040","2.030","2.040","2.010","4.91M","0.99%"
"07/30/2023","2.020","2.010","2.040","1.990","8.82M","1.00%"
"07/27/2023","2.000","2.010","2.020","1.990","9.04M","0.00%"
"07/26/2023","2.000","2.020","2.030","1.990","11.78M","-0.50%"
"07/25/2023","2.010","2.080","2.080","2.000","12.05M","-1.95%"
"07/24/2023","2.050","2.110","2.120","2.050","10.94M","-1.91%"
"07/19/2023","2.090","2.120","2.140","2.090","14.38M","-0.95%"
"07/18/2023","2.110","2.090","2.130","2.080","13.70M","1.93%"
"07/17/2023","2.070","2.070","2.120","2.060","27.47M","0.98%"
"07/16/2023","2.050","2.080","2.090","2.030","8.54M","-0.49%"
"07/13/2023","2.060","2.100","2.120","2.060","8.91M","-1.44%"
"07/12/2023","2.090","2.120","2.130","2.070","10.40M","-1.42%"
"07/11/2023","2.120","2.080","2.150","2.030","16.23M","2.42%"
"07/10/2023","2.070","2.020","2.080","1.990","6.75M","2.48%"
"07/09/2023","2.020","2.090","2.100","2.000","10.53M","-2.88%"
"07/06/2023","2.080","2.120","2.130","2.070","9.36M","-0.95%"
"07/05/2023","2.100","2.120","2.130","2.090","8.73M","0.00%"
"07/04/2023","2.100","2.130","2.160","2.100","15.49M","-0.94%"
"06/26/2023","2.120","2.030","2.120","2.020","11.12M","4.95%"
"06/25/2023","2.020","2.100","2.110","2.020","7.82M","-2.88%"
"06/22/2023","2.080","2.080","2.090","2.050","8.90M","0.48%"
"06/21/2023","2.070","2.110","2.130","2.060","20.00M","-1.90%"
"06/20/2023","2.110","2.140","2.160","2.100","15.38M","-0.47%"
"06/19/2023","2.120","2.180","2.190","2.100","13.03M","-2.75%"
"06/18/2023","2.180","2.150","2.200","2.150","9.00M","1.87%"
"06/15/2023","2.140","2.180","2.200","2.140","18.18M","-1.38%"
"06/14/2023","2.170","2.230","2.260","2.170","26.54M","-1.81%"
"06/13/2023","2.210","2.200","2.270","2.180","45.76M","0.00%"
"06/12/2023","2.210","2.250","2.270","2.190","16.62M","-1.78%"
"06/11/2023","2.250","2.140","2.250","2.130","51.26M","7.14%"
"06/08/2023","2.100","2.110","2.140","2.080","21.73M","0.00%"
"06/07/2023","2.100","2.170","2.210","2.100","30.27M","-2.78%"
"06/06/2023","2.160","2.140","2.210","2.140","67.47M","2.86%"
"06/05/2023","2.100","2.130","2.170","2.080","31.48M","-0.94%"
"06/04/2023","2.120","2.100","2.170","2.090","68.61M","2.42%"
"06/01/2023","2.070","1.998","2.088","1.995","38.14M","3.66%"
"05/31/2023","1.997","2.013","2.046","1.990","26.31M","-0.65%"
"05/30/2023","2.010","1.981","2.029","1.976","32.06M","2.03%"
"05/29/2023","1.970","1.911","1.974","1.890","20.69M","3.68%"
"05/28/2023","1.900","1.880","1.914","1.880","8.00M","1.60%"
"05/25/2023","1.870","1.890","1.917","1.867","9.49M","-0.53%"
"05/24/2023","1.880","1.850","1.897","1.850","7.16M","1.84%"
"05/23/2023","1.846","1.840","1.850","1.823","3.94M","0.16%"
"05/22/2023","1.843","1.850","1.888","1.840","4.25M","0.05%"
"05/21/2023","1.842","1.860","1.870","1.841","4.80M","-0.70%"
"05/18/2023","1.855","1.861","1.870","1.804","9.49M","-0.27%"
"05/17/2023","1.860","1.937","1.937","1.860","8.46M","-3.48%"
"05/16/2023","1.927","1.940","1.940","1.900","7.30M","-0.41%"
"05/15/2023","1.935","1.970","2.010","1.926","10.99M","-1.53%"
"05/14/2023","1.965","1.971","1.983","1.950","4.93M","-0.10%"
"05/11/2023","1.967","2.002","2.018","1.965","9.17M","-1.45%"
"05/10/2023","1.996","1.970","1.998","1.931","8.52M","1.32%"
"05/09/2023","1.970","2.028","2.038","1.970","16.48M","-1.99%"
"05/08/2023","2.010","1.943","2.012","1.943","16.12M","4.09%"
"05/07/2023","1.931","1.940","1.948","1.901","7.41M","-0.46%"
"05/03/2023","1.940","1.960","1.980","1.920","8.28M","-0.51%"
"05/02/2023","1.950","2.000","2.010","1.940","10.83M","-2.50%"
"05/01/2023","2.000","2.050","2.070","1.980","12.10M","-1.96%"
"04/30/2023","2.040","2.070","2.130","2.030","31.86M","-0.49%"
"04/27/2023","2.050","2.030","2.070","2.020","16.21M","1.99%"
"04/26/2023","2.010","2.050","2.050","2.000","10.05M","-1.47%"
"04/19/2023","2.040","2.050","2.090","2.020","13.32M","0.00%"
"04/18/2023","2.040","2.020","2.060","2.010","6.69M","0.99%"
"04/13/2023","2.020","1.995","2.030","1.980","11.35M","1.10%"
"04/12/2023","1.998","2.048","2.050","1.990","10.09M","-1.82%"
"04/11/2023","2.035","2.049","2.060","2.020","16.50M","0.25%"
"04/10/2023","2.030","1.945","2.030","1.932","20.35M","5.29%"
"04/09/2023","1.928","1.939","1.951","1.902","5.82M","-0.05%"
"04/06/2023","1.929","1.974","1.974","1.922","9.71M","-1.43%"
"04/05/2023","1.957","2.019","2.025","1.951","16.62M","-2.64%"
"04/04/2023","2.010","1.964","2.020","1.922","27.07M","3.02%"
"04/03/2023","1.951","1.890","1.951","1.871","20.36M","4.33%"
"04/02/2023","1.870","1.830","1.870","1.810","5.67M","2.02%"
"03/30/2023","1.833","1.872","1.903","1.801","17.51M","-1.72%"
"03/29/2023","1.865","1.862","1.886","1.850","13.26M","0.43%"
"03/28/2023","1.857","1.789","1.900","1.780","26.41M","4.03%"
"03/27/2023","1.785","1.830","1.860","1.750","13.26M","-2.25%"
"03/26/2023","1.826","1.780","1.845","1.772","13.37M","3.75%"
"03/23/2023","1.760","1.670","1.760","1.660","10.87M","4.39%"
"03/22/2023","1.686","1.770","1.779","1.676","7.18M","-2.66%"
"03/21/2023","1.732","1.698","1.750","1.680","8.78M","3.96%"
"03/20/2023","1.666","1.611","1.707","1.590","11.96M","2.08%"
"03/19/2023","1.632","1.710","1.710","1.570","5.46M","-2.28%"
"03/16/2023","1.670","1.630","1.730","1.530","9.96M","0.60%"
"03/15/2023","1.660","1.840","1.840","1.610","12.23M","-7.78%"
"03/14/2023","1.800","1.820","1.830","1.730","10.12M","1.69%"
"03/13/2023","1.770","1.950","1.970","1.720","9.66M","-9.23%"
"03/12/2023","1.950","2.020","2.020","1.940","8.16M","-2.99%"
"03/09/2023","2.010","1.980","2.030","1.980","6.53M","2.03%"
"03/08/2023","1.970","2.000","2.000","1.950","7.97M","-1.50%"
"03/07/2023","2.000","2.070","2.070","1.990","7.02M","-2.44%"
"03/06/2023","2.050","2.090","2.100","2.050","6.13M","-0.49%"
"03/05/2023","2.060","2.080","2.100","2.050","4.37M","-0.48%"
"03/02/2023","2.070","2.130","2.140","2.070","7.65M","-1.90%"
"03/01/2023","2.110","2.040","2.110","2.040","12.31M","3.94%"
"02/28/2023","2.030","2.070","2.070","2.010","4.67M","-0.98%"
"02/27/2023","2.050","2.060","2.090","2.040","10.01M","0.00%"
"02/26/2023","2.050","2.070","2.070","2.040","7.65M","0.49%"
"02/23/2023","2.040","2.010","2.060","1.960","15.41M","2.00%"
"02/22/2023","2.000","2.100","2.120","1.970","19.71M","-4.76%"
"02/21/2023","2.100","2.050","2.110","2.000","15.06M","2.44%"
"02/20/2023","2.050","2.120","2.140","2.030","11.85M","-3.30%"
"02/19/2023","2.120","2.180","2.190","2.100","9.85M","-1.85%"
"02/16/2023","2.160","2.180","2.210","2.150","11.22M","-0.92%"
"02/15/2023","2.180","2.210","2.230","2.160","22.13M","-0.46%"
"02/14/2023","2.190","2.130","2.200","2.100","19.19M","3.79%"
"02/13/2023","2.110","2.160","2.180","2.080","15.34M","-1.40%"
"02/12/2023","2.140","2.220","2.240","2.120","28.07M","-3.17%"
"02/09/2023","2.210","2.150","2.220","2.150","10.14M","2.79%"
"02/08/2023","2.150","2.230","2.240","2.140","21.45M","-3.59%"
"02/07/2023","2.230","2.330","2.340","2.190","29.30M","-1.76%"
"02/06/2023","2.270","2.250","2.320","2.220","32.25M","1.34%"
"02/05/2023","2.240","2.050","2.240","1.970","28.47M","10.34%"
"02/02/2023","2.030","2.150","2.190","2.000","21.04M","-3.79%"
"02/01/2023","2.110","2.150","2.150","2.040","14.48M","-0.94%"
"01/31/2023","2.130","2.210","2.270","2.110","20.81M","-4.05%"
"01/30/2023","2.220","2.320","2.400","2.190","43.78M","-3.48%"
"01/29/2023","2.300","2.280","2.320","2.260","23.29M","1.77%"
"01/25/2023","2.260","2.250","2.310","2.230","8.01M","1.35%"
"01/24/2023","2.230","2.240","2.270","2.190","18.43M","-0.45%"
"01/23/2023","2.240","2.320","2.350","2.230","30.36M","-1.75%"
"01/22/2023","2.280","2.210","2.350","2.190","89.23M","5.31%"
"01/19/2023","2.165","1.989","2.170","1.989","60.29M","9.23%"
"01/18/2023","1.982","2.070","2.080","1.980","15.57M","-3.55%"
"01/17/2023","2.055","2.030","2.090","2.030","27.14M","3.06%"
"01/16/2023","1.994","1.975","2.040","1.960","17.05M","2.05%"
"01/15/2023","1.954","1.959","2.020","1.935","15.69M","1.77%"
"01/12/2023","1.920","1.940","1.990","1.860","19.20M","0.52%"
"01/11/2023","1.910","2.000","2.130","1.910","37.74M","-3.54%"
"01/10/2023","1.980","2.120","2.130","1.980","26.86M","-6.60%"
"01/09/2023","2.120","2.130","2.200","2.070","32.99M","-0.24%"
"01/05/2023","2.125","2.141","2.169","2.123","37.97M","0.24%"
"01/04/2023","2.120","2.120","2.140","1.971","49.03M","0.52%"
"01/03/2023","2.109","2.040","2.145","2.036","44.04M","4.72%"
"01/02/2023","2.014","1.990","2.028","1.960","24.75M","2.76%"
"12/29/2022","1.960","2.000","2.030","1.950","34.05M","-1.01%"
"12/28/2022","1.980","2.010","2.020","1.960","18.26M","-0.50%"
"12/27/2022","1.990","2.080","2.100","1.980","16.07M","-3.40%"
"12/26/2022","2.060","1.980","2.080","1.960","13.56M","5.64%"
"12/25/2022","1.950","2.070","2.100","1.930","14.47M","-7.14%"
"12/22/2022","2.100","2.160","2.260","2.070","48.57M","-2.33%"
"12/21/2022","2.150","2.130","2.190","2.060","31.24M","0.00%"
"12/20/2022","2.150","1.970","2.210","1.970","53.37M","10.82%"
"12/19/2022","1.940","1.990","2.020","1.890","17.93M","-1.02%"
"12/18/2022","1.960","2.070","2.080","1.950","10.94M","-4.44%"
"12/15/2022","2.051","2.050","2.140","2.010","43.72M","1.23%"
"12/14/2022","2.026","1.932","2.060","1.890","37.05M","5.58%"
"12/13/2022","1.919","1.811","1.935","1.800","22.11M","6.61%"
"12/12/2022","1.800","1.809","1.818","1.694","11.84M","-0.61%"
"12/11/2022","1.811","1.849","1.880","1.780","9.98M","-1.15%"
"12/08/2022","1.832","1.900","1.919","1.832","23.81M","-1.56%"
"12/07/2022","1.861","1.804","1.940","1.800","43.42M","3.39%"
"12/06/2022","1.800","1.760","1.800","1.720","11.95M","2.45%"
"12/05/2022","1.757","1.769","1.788","1.730","7.24M","0.92%"
"12/04/2022","1.741","1.739","1.800","1.703","16.09M","1.16%"
"12/01/2022","1.721","1.729","1.730","1.700","4.81M","0.82%"
"11/30/2022","1.707","1.760","1.760","1.690","5.12M","-2.18%"
"11/29/2022","1.745","1.750","1.768","1.730","7.71M","-0.51%"
"11/28/2022","1.754","1.750","1.800","1.720","9.30M","0.40%"
"11/27/2022","1.747","1.700","1.750","1.700","5.77M","1.93%"
"11/24/2022","1.714","1.690","1.715","1.650","7.48M","1.48%"
"11/23/2022","1.689","1.690","1.749","1.683","6.45M","0.24%"
"11/22/2022","1.685","1.631","1.690","1.620","4.68M","2.18%"
"11/21/2022","1.649","1.623","1.665","1.610","8.50M","1.17%"
"11/20/2022","1.630","1.650","1.650","1.612","4.09M","0.12%"
"11/17/2022","1.628","1.554","1.640","1.550","19.74M","5.24%"
"11/16/2022","1.547","1.511","1.554","1.511","11.33M","2.59%"
"11/15/2022","1.508","1.520","1.523","1.489","5.35M","-0.26%"
"11/14/2022","1.512","1.468","1.523","1.468","19.61M","3.56%"
"11/13/2022","1.460","1.420","1.460","1.420","6.60M","4.06%"
"11/10/2022","1.403","1.395","1.417","1.392","4.05M","1.67%"
"11/09/2022","1.380","1.399","1.420","1.378","3.86M","-0.79%"
"11/08/2022","1.391","1.420","1.425","1.390","3.73M","-1.42%"
"11/07/2022","1.411","1.420","1.433","1.400","3.06M","-0.35%"
"11/06/2022","1.416","1.447","1.470","1.410","3.35M","-0.84%"
"11/03/2022","1.428","1.425","1.450","1.425","2.94M","0.00%"
"11/02/2022","1.428","1.470","1.472","1.421","7.53M","-2.19%"
"11/01/2022","1.460","1.495","1.520","1.450","13.64M","-1.02%"
"10/31/2022","1.475","1.462","1.489","1.455","4.94M","0.27%"
"10/30/2022","1.471","1.500","1.500","1.461","3.18M","-1.21%"
"10/27/2022","1.489","1.480","1.530","1.468","9.59M","1.36%"
"10/26/2022","1.469","1.447","1.488","1.447","8.37M","1.52%"
"10/25/2022","1.447","1.421","1.460","1.382","5.81M","1.69%"
"10/24/2022","1.423","1.415","1.454","1.415","8.87M","0.85%"
"10/23/2022","1.411","1.424","1.424","1.398","1.80M","0.07%"
"10/20/2022","1.410","1.392","1.420","1.364","4.16M","2.32%"
"10/19/2022","1.378","1.409","1.409","1.370","3.95M","-1.43%"
"10/18/2022","1.398","1.419","1.420","1.361","2.10M","-0.29%"
"10/17/2022","1.402","1.375","1.415","1.375","8.31M","2.94%"
"10/16/2022","1.362","1.350","1.380","1.350","3.75M","1.87%"
"10/13/2022","1.337","1.331","1.390","1.326","4.07M","0.98%"
"10/12/2022","1.324","1.339","1.345","1.322","1.75M","-1.12%"
"10/11/2022","1.339","1.360","1.360","1.328","2.06M","-1.47%"
"10/10/2022","1.359","1.340","1.366","1.340","2.53M","0.97%"
"10/09/2022","1.346","1.364","1.364","1.340","1.49M","-1.17%"
"10/05/2022","1.362","1.340","1.365","1.338","10.45M","2.33%"
"10/04/2022","1.331","1.302","1.342","1.302","3.83M","2.86%"
"10/03/2022","1.294","1.290","1.310","1.280","2.38M","0.31%"
"10/02/2022","1.290","1.340","1.340","1.284","4.99M","-3.23%"
"09/29/2022","1.333","1.340","1.345","1.330","1.64M","0.38%"
"09/28/2022","1.328","1.343","1.359","1.324","6.95M","-1.12%"
"09/27/2022","1.343","1.330","1.349","1.321","3.16M","1.21%"
"09/26/2022","1.327","1.335","1.350","1.319","6.22M","0.08%"
"09/25/2022","1.326","1.323","1.339","1.320","2.66M","-1.92%"
"09/22/2022","1.352","1.340","1.360","1.320","1.54M","0.90%"
"09/21/2022","1.340","1.350","1.374","1.334","6.82M","-0.81%"
"09/20/2022","1.351","1.360","1.360","1.325","5.20M","1.43%"
"09/19/2022","1.332","1.300","1.350","1.286","6.64M","3.10%"
"09/18/2022","1.292","1.373","1.390","1.270","11.45M","-5.07%"
"09/15/2022","1.361","1.439","1.439","1.361","35.27M","-4.69%"
"09/14/2022","1.428","1.459","1.468","1.425","2.74M","-2.72%"
"09/13/2022","1.468","1.485","1.490","1.458","2.33M","-0.41%"
"09/12/2022","1.474","1.490","1.500","1.465","3.34M","0.14%"
"09/11/2022","1.472","1.486","1.497","1.463","2.21M","-0.74%"
"09/08/2022","1.483","1.484","1.497","1.460","2.62M","-0.07%"
"09/07/2022","1.484","1.540","1.550","1.473","6.81M","-2.37%"
"09/06/2022","1.520","1.550","1.565","1.515","12.19M","-0.59%"
"09/05/2022","1.529","1.480","1.543","1.467","6.47M","3.73%"
"09/04/2022","1.474","1.465","1.490","1.443","3.05M","0.41%"
"09/01/2022","1.468","1.537","1.537","1.459","8.59M","-3.99%"
"08/31/2022","1.529","1.506","1.569","1.502","20.87M","3.10%"
"08/30/2022","1.483","1.439","1.508","1.407","26.27M","3.71%"
"08/29/2022","1.430","1.410","1.469","1.409","25.99M","2.14%"
"08/28/2022","1.400","1.378","1.400","1.351","13.18M","0.94%"
"08/25/2022","1.387","1.340","1.390","1.335","13.38M","4.29%"
"08/24/2022","1.330","1.350","1.355","1.325","8.67M","-2.06%"
"08/23/2022","1.358","1.391","1.391","1.342","11.72M","-2.30%"
"08/22/2022","1.390","1.352","1.390","1.334","20.51M","3.73%"
"08/21/2022","1.340","1.340","1.350","1.315","11.95M","2.06%"
"08/18/2022","1.313","1.321","1.327","1.305","16.28M","0.61%"
"08/17/2022","1.305","1.300","1.347","1.298","22.92M","1.24%"
"08/16/2022","1.289","1.320","1.320","1.282","4.80M","-1.60%"
"08/15/2022","1.310","1.350","1.350","1.302","11.14M","-2.24%"
"08/14/2022","1.340","1.350","1.370","1.330","5.95M","-0.74%"
"08/11/2022","1.350","1.370","1.370","1.336","3.08M","0.00%"
"08/10/2022","1.350","1.388","1.399","1.330","3.47M","-2.46%"
"08/09/2022","1.384","1.353","1.410","1.353","12.25M","2.75%"
"08/08/2022","1.347","1.360","1.372","1.336","4.39M","-0.15%"
"08/07/2022","1.349","1.329","1.360","1.329","6.52M","2.43%"
"08/04/2022","1.317","1.232","1.328","1.232","17.43M","6.64%"
"08/03/2022","1.235","1.240","1.247","1.233","1.54M","0.32%"
"08/02/2022","1.231","1.243","1.245","1.225","1.36M","0.24%"
"08/01/2022","1.228","1.240","1.258","1.221","4.11M","-0.57%"
"07/31/2022","1.235","1.240","1.246","1.233","1.96M","0.41%"
"07/28/2022","1.230","1.229","1.239","1.215","1.54M","0.08%"
"07/27/2022","1.229","1.250","1.257","1.227","7.93M","-1.21%"
"07/26/2022","1.244","1.241","1.256","1.237","7.05M","0.08%"
"07/25/2022","1.243","1.256","1.269","1.237","3.82M","-1.19%"
"07/24/2022","1.258","1.270","1.290","1.251","1.67M","-0.94%"
"07/21/2022","1.270","1.260","1.293","1.250","9.89M","1.76%"
"07/20/2022","1.248","1.250","1.274","1.233","9.09M","0.65%"
"07/19/2022","1.240","1.200","1.248","1.184","5.39M","3.42%"
"07/18/2022","1.199","1.201","1.204","1.192","8.47M","0.00%"
"07/17/2022","1.199","1.218","1.218","1.181","924.45K","0.50%"
"07/07/2022","1.193","1.166","1.201","1.160","3.88M","4.28%"
"07/06/2022","1.144","1.160","1.170","1.132","1.34M","-0.52%"
"07/05/2022","1.150","1.140","1.176","1.140","4.18M","2.04%"
"07/04/2022","1.127","1.150","1.179","1.105","1.86M","-3.18%"
"07/03/2022","1.164","1.217","1.217","1.152","1.92M","-2.76%"
"06/29/2022","1.197","1.210","1.217","1.180","2.47M","0.25%"
"06/28/2022","1.194","1.224","1.228","1.170","3.71M","-2.05%"
"06/27/2022","1.219","1.256","1.280","1.212","11.60M","-2.64%"
"06/26/2022","1.252","1.233","1.260","1.222","4.72M","1.95%"
"06/23/2022","1.228","1.236","1.237","1.220","1.92M","-0.65%"
"06/22/2022","1.236","1.231","1.240","1.222","4.50M","0.73%"
"06/21/2022","1.227","1.250","1.264","1.224","30.90M","-1.13%"
"06/20/2022","1.241","1.240","1.254","1.224","3.15M","0.24%"
"06/19/2022","1.238","1.233","1.259","1.229","1.16M","0.41%"
"06/16/2022","1.233","1.255","1.255","1.227","4.93M","-0.96%"
"06/15/2022","1.245","1.273","1.285","1.240","11.70M","-1.19%"
"06/14/2022","1.260","1.257","1.284","1.240","2.51M","-0.71%"
"06/13/2022","1.269","1.298","1.319","1.261","6.70M","-0.94%"
"06/12/2022","1.281","1.251","1.289","1.251","3.31M","0.23%"
"06/09/2022","1.278","1.302","1.320","1.272","5.24M","-1.69%"
"06/08/2022","1.300","1.257","1.300","1.257","10.13M","4.08%"
"06/07/2022","1.249","1.215","1.255","1.215","7.10M","3.39%"
"06/06/2022","1.208","1.195","1.220","1.173","4.89M","1.77%"
"06/05/2022","1.187","1.179","1.194","1.170","3.81M","1.28%"
"06/02/2022","1.172","1.139","1.182","1.126","8.62M","3.63%"
"06/01/2022","1.131","1.120","1.165","1.100","22.89M","5.50%"
"05/31/2022","1.072","1.185","1.193","1.072","37.22M","-9.38%"
"05/30/2022","1.183","1.189","1.195","1.170","4.53M","0.77%"
"05/29/2022","1.174","1.189","1.194","1.160","3.38M","0.43%"
"05/26/2022","1.169","1.185","1.212","1.160","15.44M","-8.89%"
"05/25/2022","1.283","1.370","1.370","1.280","14.94M","-5.80%"
"05/24/2022","1.362","1.452","1.452","1.360","8.29M","-5.94%"
"05/23/2022","1.448","1.470","1.470","1.441","2.01M","-0.82%"
"05/22/2022","1.460","1.458","1.471","1.453","526.82K","0.14%"
"05/19/2022","1.458","1.460","1.480","1.450","2.44M","-1.88%"
"05/18/2022","1.486","1.490","1.500","1.472","511.13K","-0.27%"
"05/17/2022","1.490","1.500","1.500","1.480","801.75K","1.15%"
"05/16/2022","1.473","1.470","1.488","1.449","2.22M","0.75%"
"05/15/2022","1.462","1.490","1.510","1.448","1.52M","-1.88%"
"05/12/2022","1.490","1.570","1.570","1.479","6.58M","-5.04%"
"05/11/2022","1.569","1.593","1.600","1.560","1.20M","-0.88%"
"05/10/2022","1.583","1.594","1.600","1.564","1.26M","-1.00%"
"05/09/2022","1.599","1.634","1.650","1.595","2.13M","-2.14%"
"05/08/2022","1.634","1.651","1.651","1.601","2.31M","-1.98%"
"04/28/2022","1.667","1.555","1.694","1.555","4.30M","7.13%"
"04/27/2022","1.556","1.547","1.567","1.530","12.91M","3.73%"
"04/26/2022","1.500","1.542","1.542","1.500","3.29M","-2.34%"
"04/21/2022","1.536","1.510","1.547","1.500","1.20M","4.77%"
"04/20/2022","1.466","1.499","1.499","1.450","1.18M","-2.20%"
"04/19/2022","1.499","1.460","1.510","1.460","992.40K","3.52%"
"04/18/2022","1.448","1.450","1.460","1.420","429.36K","0.00%"
"04/17/2022","1.448","1.471","1.559","1.425","1.11M","-1.56%"
"04/14/2022","1.471","1.541","1.541","1.462","855.83K","-4.54%"
"04/13/2022","1.541","1.540","1.558","1.490","1.07M","0.98%"
"04/12/2022","1.526","1.480","1.535","1.480","731.20K","1.67%"
"04/11/2022","1.501","1.602","1.602","1.500","1.93M","-3.41%"
"04/10/2022","1.554","1.595","1.620","1.550","715.06K","-2.69%"
"04/07/2022","1.597","1.669","1.669","1.592","840.22K","-1.96%"
"04/06/2022","1.629","1.640","1.648","1.621","567.36K","0.25%"
"04/05/2022","1.625","1.694","1.699","1.621","2.52M","-3.73%"
"04/04/2022","1.688","1.625","1.695","1.605","1.60M","4.07%"
"04/03/2022","1.622","1.560","1.629","1.560","814.41K","3.71%"
"03/31/2022","1.564","1.597","1.597","1.550","468.09K","-0.64%"
"03/30/2022","1.574","1.630","1.630","1.562","986.46K","-0.44%"
"03/29/2022","1.581","1.590","1.640","1.570","2.46M","-1.00%"
"03/28/2022","1.597","1.631","1.650","1.592","1.17M","-2.02%"
"03/27/2022","1.630","1.670","1.670","1.621","1.17M","-2.45%"
"03/24/2022","1.671","1.700","1.720","1.665","620.29K","-1.18%"
"03/23/2022","1.691","1.642","1.729","1.612","4.18M","2.11%"
"03/22/2022","1.656","1.680","1.730","1.650","3.30M","-0.96%"
"03/21/2022","1.672","1.557","1.699","1.557","6.28M","7.39%"
"03/20/2022","1.557","1.525","1.570","1.525","866.97K","1.50%"
"03/17/2022","1.534","1.507","1.537","1.500","1.66M","2.61%"
"03/16/2022","1.495","1.455","1.508","1.455","1.05M","3.53%"
"03/15/2022","1.444","1.468","1.472","1.433","979.81K","-0.76%"
"03/14/2022","1.455","1.460","1.480","1.451","1.36M","-0.27%"
"03/13/2022","1.459","1.495","1.520","1.452","1.73M","-2.34%"
"03/10/2022","1.494","1.489","1.500","1.475","1.00M","0.95%"
"03/09/2022","1.480","1.460","1.499","1.460","601.48K","1.79%"
"03/08/2022","1.454","1.465","1.489","1.440","684.04K","-1.29%"
"03/07/2022","1.473","1.520","1.520","1.460","1.57M","-3.22%"
"03/06/2022","1.522","1.520","1.549","1.520","471.81K","-0.13%"
"03/03/2022","1.524","1.522","1.550","1.520","2.32M","0.20%"
"03/02/2022","1.521","1.570","1.570","1.516","2.45M","-3.12%"
"03/01/2022","1.570","1.510","1.580","1.510","1.28M","4.18%"
"02/28/2022","1.507","1.589","1.589","1.491","1.83M","-2.84%"
"02/27/2022","1.551","1.598","1.598","1.520","2.81M","3.75%"
"02/24/2022","1.495","1.590","1.595","1.431","5.32M","-8.06%"
"02/23/2022","1.626","1.611","1.640","1.611","675.08K","0.74%"
"02/22/2022","1.614","1.640","1.640","1.600","3.35M","-2.71%"
"02/21/2022","1.659","1.618","1.668","1.618","1.39M","2.66%"
"02/20/2022","1.616","1.696","1.696","1.602","5.19M","-5.05%"
"02/17/2022","1.702","1.730","1.730","1.695","487.86K","0.00%"
"02/16/2022","1.702","1.710","1.744","1.681","4.92M","1.43%"
"02/15/2022","1.678","1.718","1.718","1.672","1.66M","0.54%"
"02/14/2022","1.669","1.696","1.722","1.660","3.33M","-1.82%"
"02/13/2022","1.700","1.755","1.755","1.695","6.73M","-4.82%"
"02/10/2022","1.786","1.845","1.848","1.755","3.37M","-1.87%"
"02/09/2022","1.820","1.825","1.850","1.820","2.43M","-0.05%"
"02/08/2022","1.821","1.800","1.825","1.790","1.41M","1.96%"
"02/07/2022","1.786","1.790","1.815","1.772","1.29M","-0.72%"
"02/06/2022","1.799","1.799","1.810","1.780","744.00K","0.45%"
"02/03/2022","1.791","1.808","1.817","1.781","709.18K","-0.94%"
"02/02/2022","1.808","1.820","1.830","1.800","1.41M","0.39%"
"02/01/2022","1.801","1.750","1.815","1.750","3.86M","3.57%"
"01/31/2022","1.739","1.694","1.740","1.694","2.08M","2.35%"
"01/30/2022","1.699","1.769","1.769","1.692","1.73M","-2.13%"
"01/26/2022","1.736","1.728","1.757","1.728","3.06M","0.75%"
"01/25/2022","1.723","1.742","1.750","1.720","5.81M","-0.63%"
"01/24/2022","1.734","1.751","1.760","1.730","1.45M","-0.97%"
"01/23/2022","1.751","1.800","1.800","1.746","7.57M","-2.40%"
"01/20/2022","1.794","1.791","1.810","1.782","3.56M","-0.39%"
"01/19/2022","1.801","1.850","1.850","1.780","10.79M","-1.96%"
"01/18/2022","1.837","1.875","1.880","1.826","2.07M","-1.13%"
"01/17/2022","1.858","1.827","1.865","1.823","1.96M","2.20%"
"01/16/2022","1.818","1.858","1.868","1.811","2.45M","-2.15%"
"01/13/2022","1.858","1.890","1.890","1.853","2.29M","-1.17%"
"01/12/2022","1.880","1.910","1.910","1.871","2.96M","-1.00%"
"01/11/2022","1.899","1.940","1.950","1.890","6.77M","-2.31%"
"01/10/2022","1.944","1.949","1.950","1.930","2.32M","0.62%"
"01/09/2022","1.932","1.980","1.985","1.925","4.26M","-2.82%"
"01/05/2022","1.988","1.940","1.995","1.940","5.36M","2.47%"
"01/04/2022","1.940","1.949","1.979","1.927","3.51M","0.31%"
"01/03/2022","1.934","1.953","1.960","1.928","3.01M","-1.02%"
"01/02/2022","1.954","1.990","1.990","1.950","3.98M","-1.96%"
"12/30/2021","1.993","1.975","2.000","1.950","5.42M","0.96%"
"12/29/2021","1.974","1.971","1.990","1.965","4.84M","-0.75%"
"12/28/2021","1.989","1.950","2.000","1.937","10.13M","1.95%"
"12/27/2021","1.951","1.970","1.971","1.945","1.40M","-0.96%"
"12/26/2021","1.970","1.960","1.984","1.951","1.37M","0.51%"
"12/23/2021","1.960","1.934","1.979","1.934","6.29M","1.92%"
"12/22/2021","1.923","1.903","1.936","1.900","9.25M","0.79%"
"12/21/2021","1.908","1.900","1.937","1.900","4.04M","1.01%"
"12/20/2021","1.889","1.920","1.949","1.871","2.45M","-1.46%"
"12/19/2021","1.917","2.000","2.000","1.912","4.57M","-3.33%"
"12/16/2021","1.983","1.851","2.002","1.851","22.86M","7.19%"
"12/15/2021","1.850","1.820","1.850","1.820","2.41M","1.93%"
"12/14/2021","1.815","1.840","1.870","1.810","3.19M","-1.09%"
"12/13/2021","1.835","1.820","1.840","1.815","2.02M","1.10%"
"12/12/2021","1.815","1.830","1.849","1.790","7.28M","-0.55%"
"12/09/2021","1.825","1.870","1.870","1.811","2.09M","-0.16%"
"12/08/2021","1.828","1.840","1.894","1.820","2.60M","-1.88%"
"12/07/2021","1.863","1.900","1.940","1.841","11.31M","-2.51%"
"12/06/2021","1.911","1.839","1.930","1.820","21.07M","4.83%"
"12/05/2021","1.823","1.800","1.834","1.790","2.97M","1.90%"
"12/02/2021","1.789","1.849","1.849","1.782","1.75M","-2.72%"
"12/01/2021","1.839","1.791","1.850","1.772","6.89M","2.74%"
"11/30/2021","1.790","1.760","1.790","1.749","5.68M","1.24%"
"11/29/2021","1.768","1.790","1.790","1.751","2.46M","0.11%"
"11/28/2021","1.766","1.799","1.810","1.735","1.28M","-3.23%"
"11/25/2021","1.825","1.800","1.838","1.800","1.19M","2.70%"
"11/24/2021","1.777","1.800","1.800","1.756","280.61K","-0.62%"
"11/23/2021","1.788","1.719","1.850","1.719","5.46M","5.18%"
"11/22/2021","1.700","1.690","1.717","1.650","2.56M","0.18%"
"11/21/2021","1.697","1.710","1.765","1.690","726.75K","-0.59%"
"11/18/2021","1.707","1.710","1.729","1.700","444.54K","-0.29%"
"11/17/2021","1.712","1.701","1.760","1.699","6.26M","0.29%"
"11/16/2021","1.707","1.732","1.784","1.702","1.47M","-2.46%"
"11/15/2021","1.750","1.820","1.820","1.750","5.00M","-4.27%"
"11/14/2021","1.828","1.850","1.856","1.816","3.08M","-1.30%"
"11/11/2021","1.852","1.825","1.910","1.825","4.10M","1.20%"
"11/10/2021","1.830","1.851","1.879","1.813","1.83M","-1.40%"
"11/09/2021","1.856","1.899","1.900","1.850","843.20K","-1.17%"
"11/08/2021","1.878","1.880","1.924","1.872","619.52K","-0.21%"
"11/07/2021","1.882","1.936","1.936","1.880","383.69K","-1.26%"
"11/04/2021","1.906","1.917","1.929","1.890","1.64M","-0.57%"
"11/03/2021","1.917","1.942","1.980","1.913","1.03M","-2.54%"
"11/02/2021","1.967","1.910","1.979","1.910","3.31M","3.47%"
"11/01/2021","1.901","1.920","1.935","1.890","1.06M","-0.11%"
"10/31/2021","1.903","1.921","1.921","1.901","585.20K","-0.89%"
"10/28/2021","1.920","1.960","1.960","1.900","3.26M","-1.59%"
"10/27/2021","1.951","1.950","1.967","1.900","17.00M","0.31%"
"10/26/2021","1.945","1.960","1.989","1.940","5.88M","-0.26%"
"10/25/2021","1.950","1.999","1.999","1.920","864.11K","-0.05%"
"10/24/2021","1.951","1.999","2.040","1.940","1.12M","-0.66%"
"10/20/2021","1.964","1.999","1.999","1.928","1.14M","-0.76%"
"10/19/2021","1.979","2.010","2.010","1.967","2.43M","-0.70%"
"10/18/2021","1.993","1.920","2.060","1.920","10.08M","4.35%"
"10/17/2021","1.910","1.929","1.929","1.910","457.61K","0.26%"
"10/14/2021","1.905","1.935","1.935","1.890","1.04M","-1.24%"
"10/13/2021","1.929","1.931","1.931","1.900","1.76M","0.36%"
"10/12/2021","1.922","1.901","1.929","1.900","1.90M","0.16%"
"10/11/2021","1.919","1.923","1.929","1.900","278.83K","-0.10%"
"10/10/2021","1.921","1.934","1.934","1.900","1.63M","0.00%"
"10/06/2021","1.921","1.938","1.940","1.920","574.97K","0.21%"
"10/05/2021","1.917","1.938","1.938","1.900","1.02M","0.89%"
"10/04/2021","1.900","1.945","1.945","1.890","4.23M","-0.05%"
"10/03/2021","1.901","1.950","1.950","1.900","1.29M","-2.01%"
"09/30/2021","1.940","1.930","1.950","1.900","943.45K","2.11%"
"09/29/2021","1.900","1.950","1.950","1.900","720.33K","-0.52%"
"09/28/2021","1.910","1.990","1.990","1.890","1.20M","-1.04%"
"09/27/2021","1.930","1.980","2.000","1.920","391.47K","-3.50%"
"09/26/2021","2.000","1.990","2.000","1.980","700.66K","0.00%"
"09/23/2021","2.000","1.980","2.060","1.980","3.11M","0.50%"
"09/22/2021","1.990","1.930","1.990","1.920","1.66M","4.19%"
"09/21/2021","1.910","1.940","1.970","1.800","2.49M","-1.55%"
"09/20/2021","1.940","1.990","2.030","1.930","2.29M","-1.52%"
"09/19/2021","1.970","2.050","2.050","1.960","1.69M","-3.48%"
"09/16/2021","2.041","2.080","2.119","2.022","5.53M","-2.25%"
"09/15/2021","2.088","2.072","2.095","2.032","7.03M","0.38%"
"09/14/2021","2.080","2.015","2.099","2.015","10.32M","2.21%"
"09/13/2021","2.035","1.970","2.050","1.970","6.83M","4.36%"
"09/12/2021","1.950","1.910","1.970","1.900","15.61M","1.56%"
"09/09/2021","1.920","1.970","1.970","1.900","1.09M","-1.03%"
"09/08/2021","1.940","1.940","1.990","1.940","363.92K","-0.51%"
"09/07/2021","1.950","1.960","1.990","1.920","831.95K","-0.51%"
"09/06/2021","1.960","1.960","2.000","1.870","3.17M","0.00%"
"09/05/2021","1.960","2.010","2.010","1.940","2.06M","-3.21%"
"09/02/2021","2.025","1.999","2.060","1.991","5.55M","1.50%"
"09/01/2021","1.995","1.950","2.010","1.950","7.36M","2.15%"
"08/31/2021","1.953","1.920","1.975","1.920","3.89M","-0.86%"
"08/30/2021","1.970","1.941","2.017","1.907","17.14M","2.82%"
"08/29/2021","1.916","1.830","1.943","1.830","6.73M","2.84%"
"08/26/2021","1.863","1.883","1.899","1.840","4.39M","0.22%"
"08/25/2021","1.859","1.810","1.887","1.809","9.67M","3.39%"
"08/24/2021","1.798","1.780","1.810","1.764","3.03M","0.78%"
"08/23/2021","1.784","1.774","1.798","1.774","1.42M","1.02%"
"08/22/2021","1.766","1.773","1.784","1.750","772.00K","-1.29%"
"08/19/2021","1.789","1.770","1.805","1.750","5.15M","1.94%"
"08/18/2021","1.755","1.749","1.780","1.740","3.14M","0.00%"
"08/17/2021","1.755","1.740","1.765","1.730","1.78M","0.69%"
"08/16/2021","1.743","1.760","1.765","1.728","2.32M","-0.11%"
"08/15/2021","1.745","1.770","1.770","1.730","2.96M","-0.29%"
"08/11/2021","1.750","1.763","1.799","1.735","3.40M","-1.69%"
"08/10/2021","1.780","1.760","1.800","1.760","4.23M","1.08%"
"08/09/2021","1.761","1.751","1.790","1.742","4.36M","-1.45%"
"08/08/2021","1.787","1.790","1.810","1.764","3.09M","-0.67%"
"08/05/2021","1.799","1.800","1.819","1.790","1.94M","-0.06%"
"08/04/2021","1.800","1.785","1.820","1.784","1.77M","-0.61%"
"08/03/2021","1.811","1.859","1.859","1.790","2.72M","-2.48%"
"08/02/2021","1.857","1.880","1.883","1.831","4.08M","-0.38%"
"08/01/2021","1.864","1.880","1.880","1.853","2.99M","0.11%"
"07/29/2021","1.862","1.863","1.879","1.853","5.32M","-0.80%"
"07/28/2021","1.877","1.880","1.890","1.870","1.52M","-0.27%"
"07/27/2021","1.882","1.877","1.891","1.870","3.31M","1.02%"
"07/26/2021","1.863","1.900","1.900","1.850","2.34M","-1.43%"
"07/25/2021","1.890","1.895","1.919","1.880","1.50M","1.02%"
"07/18/2021","1.871","1.875","1.895","1.860","1.20M","-0.21%"
"07/15/2021","1.875","1.900","1.900","1.860","1.64M","-0.90%"
"07/14/2021","1.892","1.910","1.929","1.860","1.93M","0.48%"
"07/13/2021","1.883","1.861","1.901","1.842","2.43M","1.24%"
"07/12/2021","1.860","1.907","1.907","1.840","3.39M","-2.67%"
"07/11/2021","1.911","1.950","1.960","1.862","3.62M","0.16%"
"07/08/2021","1.908","1.855","1.960","1.855","34.93M","3.08%"
"07/07/2021","1.851","1.825","1.878","1.825","4.23M","1.48%"
"07/06/2021","1.824","1.844","1.852","1.800","6.09M","-0.87%"
"07/05/2021","1.840","1.811","1.887","1.785","13.39M","1.49%"
"07/04/2021","1.813","1.808","1.840","1.771","3.16M","1.80%"
"06/30/2021","1.781","1.779","1.799","1.750","3.12M","1.83%"
"06/29/2021","1.749","1.775","1.780","1.701","2.46M","-2.45%"
"06/28/2021","1.793","1.860","1.860","1.771","3.66M","-2.55%"
"06/27/2021","1.840","1.800","1.870","1.770","5.17M","2.79%"
"06/24/2021","1.790","1.810","1.810","1.782","1.59M","-0.67%"
"06/23/2021","1.802","1.835","1.835","1.781","4.08M","0.33%"
"06/22/2021","1.796","1.720","1.837","1.710","42.90M","5.65%"
"06/21/2021","1.700","1.674","1.720","1.665","3.96M","2.78%"
"06/20/2021","1.654","1.675","1.675","1.631","2.32M","0.49%"
"06/17/2021","1.646","1.653","1.660","1.638","4.94M","-0.78%"
"06/16/2021","1.659","1.673","1.673","1.640","1.50M","-0.18%"
"06/15/2021","1.662","1.675","1.675","1.650","2.64M","-0.36%"
"06/14/2021","1.668","1.690","1.690","1.653","459.00K","0.24%"
"06/13/2021","1.664","1.679","1.680","1.654","1.53M","-0.30%"
"06/10/2021","1.669","1.700","1.700","1.660","1.63M","-1.48%"
"06/09/2021","1.694","1.700","1.700","1.681","999.84K","0.77%"
"06/08/2021","1.681","1.710","1.730","1.650","5.72M","-0.65%"
"06/07/2021","1.692","1.650","1.720","1.640","5.40M","3.36%"
"06/06/2021","1.637","1.643","1.654","1.620","2.64M","-0.24%"
"06/03/2021","1.641","1.630","1.670","1.630","3.03M","-1.03%"
"06/02/2021","1.658","1.670","1.695","1.633","3.97M","-1.19%"
"06/01/2021","1.678","1.720","1.720","1.659","3.90M","-2.44%"
"05/31/2021","1.720","1.760","1.780","1.680","9.47M","-0.41%"
"05/30/2021","1.727","1.689","1.760","1.660","7.83M","3.91%"
"05/27/2021","1.662","1.650","1.689","1.641","4.21M","1.90%"
"05/26/2021","1.631","1.640","1.677","1.613","1.21M","0.99%"
"05/25/2021","1.615","1.632","1.632","1.601","3.58M","-2.06%"
"05/24/2021","1.649","1.660","1.670","1.640","2.07M","-0.84%"
"05/23/2021","1.663","1.650","1.680","1.650","3.16M","0.30%"
"05/20/2021","1.658","1.679","1.680","1.640","4.25M","-0.96%"
"05/19/2021","1.674","1.688","1.694","1.660","4.66M","-0.06%"
"05/18/2021","1.675","1.641","1.690","1.641","4.66M","2.26%"
"05/17/2021","1.638","1.627","1.650","1.620","2.78M","0.61%"
"05/11/2021","1.628","1.627","1.635","1.611","1.63M","1.56%"
"05/10/2021","1.603","1.580","1.620","1.576","1.96M","1.39%"
"05/09/2021","1.581","1.599","1.600","1.571","2.27M","-0.13%"
"05/06/2021","1.583","1.576","1.601","1.576","1.50M","0.13%"
"05/05/2021","1.581","1.599","1.600","1.572","4.83M","-0.32%"
"05/04/2021","1.586","1.600","1.610","1.573","2.56M","-0.69%"
"04/28/2021","1.597","1.602","1.610","1.590","2.06M","-0.81%"
"04/27/2021","1.610","1.619","1.619","1.603","2.37M","0.12%"
"04/26/2021","1.608","1.604","1.619","1.600","1.68M","0.25%"
"04/25/2021","1.604","1.602","1.629","1.598","2.61M","-0.06%"
"04/22/2021","1.605","1.625","1.625","1.595","1.93M","-0.93%"
"04/21/2021","1.620","1.651","1.670","1.600","5.77M","-4.03%"
"04/20/2021","1.688","1.660","1.707","1.660","5.94M","1.75%"
"04/19/2021","1.659","1.630","1.670","1.630","2.17M","2.28%"
"04/18/2021","1.622","1.626","1.632","1.600","1.71M","1.50%"
"04/15/2021","1.598","1.620","1.630","1.580","2.78M","-0.50%"
"04/14/2021","1.606","1.684","1.684","1.580","3.97M","-2.90%"
"04/13/2021","1.654","1.672","1.686","1.650","1.58M","-0.54%"
"04/12/2021","1.663","1.640","1.680","1.640","4.38M","2.02%"
"04/11/2021","1.630","1.620","1.649","1.605","2.16M","1.62%"
"04/08/2021","1.604","1.597","1.620","1.591","1.36M","0.88%"
"04/07/2021","1.590","1.582","1.600","1.581","3.54M","-0.62%"
"04/06/2021","1.600","1.590","1.620","1.584","3.31M","0.88%"
"04/05/2021","1.586","1.591","1.610","1.551","2.72M","-0.31%"
"04/04/2021","1.591","1.610","1.610","1.571","1.31M","-1.91%"
"04/01/2021","1.622","1.620","1.635","1.611","2.05M","1.00%"
"03/31/2021","1.606","1.635","1.635","1.586","4.72M","-2.31%"
"03/30/2021","1.644","1.664","1.664","1.634","1.62M","-0.24%"
"03/29/2021","1.648","1.661","1.689","1.632","1.64M","-1.79%"
"03/28/2021","1.678","1.699","1.700","1.655","1.12M","0.72%"
"03/25/2021","1.666","1.640","1.690","1.614","3.97M","1.59%"
"03/24/2021","1.640","1.640","1.660","1.610","3.80M","2.50%"
"03/23/2021","1.600","1.601","1.650","1.551","4.67M","-1.60%"
"03/22/2021","1.626","1.650","1.669","1.601","3.18M","-2.28%"
"03/21/2021","1.664","1.658","1.690","1.640","3.26M","-0.36%"
"03/18/2021","1.670","1.640","1.680","1.640","1.82M","0.42%"
"03/17/2021","1.663","1.670","1.688","1.650","1.03M","1.90%"
"03/16/2021","1.632","1.630","1.670","1.605","1.56M","-2.68%"
"03/15/2021","1.677","1.719","1.719","1.641","2.78M","-1.99%"
"03/14/2021","1.711","1.673","1.720","1.673","5.07M","0.53%"
"03/11/2021","1.702","1.672","1.719","1.672","1.72M","1.43%"
"03/10/2021","1.678","1.691","1.710","1.660","1.42M","-1.70%"
"03/09/2021","1.707","1.701","1.720","1.690","4.90M","0.35%"
"03/08/2021","1.701","1.720","1.720","1.683","2.75M","-0.93%"
"03/07/2021","1.717","1.720","1.729","1.710","1.10M","0.00%"
"03/04/2021","1.717","1.674","1.720","1.673","10.00M","0.94%"
"03/03/2021","1.701","1.709","1.725","1.640","7.10M","-0.53%"
"03/02/2021","1.710","1.694","1.725","1.684","7.59M","1.66%"
"03/01/2021","1.682","1.692","1.719","1.629","756.90K","-0.59%"
"02/28/2021","1.692","1.713","1.735","1.675","2.90M","1.14%"
"02/25/2021","1.673","1.653","1.740","1.640","16.60M","1.64%"
"02/24/2021","1.646","1.651","1.667","1.634","3.96M","-1.67%"
"02/23/2021","1.674","1.705","1.705","1.655","4.22M","-1.82%"
"02/22/2021","1.705","1.704","1.725","1.679","9.06M","0.06%"
"02/21/2021","1.704","1.706","1.719","1.680","3.49M","-0.12%"
"02/18/2021","1.706","1.750","1.758","1.685","15.88M","-3.18%"
"02/17/2021","1.762","1.807","1.807","1.742","7.27M","-2.06%"
"02/16/2021","1.799","1.775","1.830","1.750","11.71M","1.18%"
"02/15/2021","1.778","1.750","1.820","1.720","26.35M","1.20%"
"02/14/2021","1.757","1.775","1.788","1.727","11.56M","0.00%"
"02/11/2021","1.757","1.730","1.778","1.716","16.00M","2.81%"
"02/10/2021","1.709","1.680","1.736","1.680","16.75M","1.73%"
"02/09/2021","1.680","1.677","1.697","1.660","5.17M","-1.47%"
"02/08/2021","1.705","1.730","1.740","1.680","11.06M","-0.64%"
"02/07/2021","1.716","1.700","1.740","1.698","9.58M","1.18%"
"02/04/2021","1.696","1.712","1.728","1.685","8.96M","-1.57%"
"02/03/2021","1.723","1.734","1.739","1.710","17.81M","0.47%"
"02/02/2021","1.715","1.679","1.745","1.679","46.87M","5.09%"
"02/01/2021","1.632","1.569","1.670","1.565","53.09M","5.09%"
"01/31/2021","1.553","1.560","1.566","1.537","15.97M","-1.15%"
"01/27/2021","1.571","1.585","1.590","1.550","22.32M","-0.57%"
"01/26/2021","1.580","1.568","1.596","1.558","30.62M","2.20%"
"01/25/2021","1.546","1.523","1.565","1.520","35.13M","2.59%"
"01/24/2021","1.507","1.515","1.522","1.494","14.65M","-0.92%"
"01/21/2021","1.521","1.525","1.537","1.508","16.46M","-0.07%"
"01/20/2021","1.522","1.515","1.533","1.510","38.24M","2.08%"
"01/19/2021","1.491","1.460","1.504","1.460","33.93M","2.69%"
"01/18/2021","1.452","1.460","1.467","1.437","7.29M","-0.75%"
"01/17/2021","1.463","1.460","1.476","1.450","11.58M","-0.41%"
"01/14/2021","1.469","1.468","1.484","1.452","9.95M","0.00%"
"01/13/2021","1.469","1.450","1.487","1.450","32.11M","2.73%"
"01/12/2021","1.430","1.400","1.448","1.397","18.30M","1.20%"
"01/11/2021","1.413","1.424","1.432","1.399","9.04M","-0.56%"
"01/10/2021","1.421","1.420","1.430","1.414","8.05M","1.00%"
"01/06/2021","1.407","1.392","1.426","1.392","8.48M","1.08%"
"01/05/2021","1.392","1.371","1.409","1.370","5.53M","0.43%"
"01/04/2021","1.386","1.405","1.414","1.362","8.14M","-1.21%"
"01/03/2021","1.403","1.380","1.418","1.380","7.96M","2.86%"
"12/31/2020","1.364","1.353","1.385","1.342","11.85M","2.17%"
"12/30/2020","1.335","1.329","1.350","1.321","12.64M","1.68%"
"12/29/2020","1.313","1.320","1.326","1.301","6.70M","0.15%"
"12/28/2020","1.311","1.310","1.328","1.301","5.18M","0.61%"
"12/27/2020","1.303","1.330","1.339","1.290","8.91M","-2.62%"
"12/24/2020","1.338","1.347","1.355","1.322","4.52M","0.68%"
"12/23/2020","1.329","1.325","1.343","1.319","2.66M","1.37%"
"12/22/2020","1.311","1.289","1.329","1.271","3.00M","-0.15%"
"12/21/2020","1.313","1.381","1.381","1.280","9.26M","-5.47%"
"12/20/2020","1.389","1.372","1.396","1.372","2.64M","1.68%"
"12/17/2020","1.366","1.376","1.380","1.352","4.78M","-1.80%"
"12/16/2020","1.391","1.429","1.429","1.363","6.98M","-2.66%"
"12/15/2020","1.429","1.422","1.448","1.404","9.79M","0.92%"
"12/14/2020","1.416","1.410","1.430","1.402","3.70M","0.85%"
"12/13/2020","1.404","1.400","1.415","1.392","2.17M","-0.14%"
"12/10/2020","1.406","1.421","1.426","1.394","4.94M","-2.70%"
"12/09/2020","1.445","1.460","1.460","1.418","5.33M","-0.41%"
"12/08/2020","1.451","1.442","1.462","1.440","13.04M","1.11%"
"12/07/2020","1.435","1.429","1.445","1.428","6.21M","0.77%"
"12/06/2020","1.424","1.426","1.430","1.420","2.88M","-0.14%"
"12/03/2020","1.426","1.420","1.437","1.410","4.28M","-0.90%"
"12/02/2020","1.439","1.447","1.455","1.420","14.54M","1.12%"
"12/01/2020","1.423","1.408","1.450","1.393","15.40M","1.64%"
"11/30/2020","1.400","1.419","1.419","1.392","4.54M","-0.43%"
"11/29/2020","1.406","1.398","1.420","1.396","6.70M","1.37%"
"11/26/2020","1.387","1.411","1.419","1.355","10.07M","-0.72%"
"11/25/2020","1.397","1.382","1.430","1.368","15.98M","1.23%"
"11/24/2020","1.380","1.360","1.390","1.356","16.32M","2.45%"
"11/23/2020","1.347","1.340","1.360","1.336","6.64M","0.82%"
"11/22/2020","1.336","1.343","1.348","1.330","2.97M","-0.52%"
"11/19/2020","1.343","1.341","1.360","1.331","5.31M","-1.03%"
"11/18/2020","1.357","1.368","1.380","1.343","5.00M","-1.45%"
"11/17/2020","1.377","1.371","1.390","1.364","14.78M","2.08%"
"11/16/2020","1.349","1.339","1.358","1.338","7.42M","0.60%"
"11/15/2020","1.341","1.348","1.360","1.327","7.47M","0.68%"
"11/12/2020","1.332","1.317","1.347","1.317","16.59M","1.22%"
"11/11/2020","1.316","1.312","1.329","1.310","5.21M","0.15%"
"11/10/2020","1.314","1.320","1.332","1.302","19.17M","2.82%"
"11/09/2020","1.278","1.260","1.300","1.260","14.99M","1.11%"
"11/08/2020","1.264","1.260","1.277","1.250","7.12M","0.24%"
"11/05/2020","1.261","1.264","1.279","1.247","9.30M","0.08%"
"11/04/2020","1.260","1.266","1.270","1.251","5.14M","0.72%"
"11/03/2020","1.251","1.257","1.270","1.234","14.84M","-0.64%"
"11/02/2020","1.259","1.281","1.297","1.222","11.77M","-3.45%"
"11/01/2020","1.304","1.330","1.340","1.272","12.05M","-1.66%"
"10/28/2020","1.326","1.336","1.353","1.306","7.44M","-1.92%"
"10/27/2020","1.352","1.349","1.365","1.330","6.15M","2.04%"
"10/26/2020","1.325","1.345","1.346","1.310","2.57M","0.30%"
"10/25/2020","1.321","1.306","1.339","1.280","16.67M","-1.42%"
"10/22/2020","1.340","1.356","1.381","1.302","16.60M","-2.47%"
"10/21/2020","1.374","1.400","1.408","1.358","8.77M","-1.86%"
"10/20/2020","1.400","1.401","1.410","1.385","5.23M","-0.99%"
"10/19/2020","1.414","1.435","1.437","1.400","8.11M","-0.91%"
"10/18/2020","1.427","1.459","1.459","1.419","5.11M","-1.38%"
"10/15/2020","1.447","1.470","1.478","1.436","11.53M","-1.16%"
"10/14/2020","1.464","1.468","1.477","1.457","4.41M","0.00%"
"10/13/2020","1.464","1.490","1.490","1.449","10.48M","-2.14%"
"10/12/2020","1.496","1.500","1.517","1.472","12.05M","0.34%"
"10/11/2020","1.491","1.500","1.514","1.480","7.16M","0.20%"
"10/07/2020","1.488","1.484","1.514","1.471","21.38M","2.41%"
"10/06/2020","1.453","1.440","1.467","1.432","10.04M","2.32%"
"10/05/2020","1.420","1.431","1.437","1.400","4.10M","-1.39%"
"10/04/2020","1.440","1.450","1.460","1.430","4.09M","0.00%"
"10/01/2020","1.440","1.420","1.449","1.416","8.09M","1.77%"
"09/30/2020","1.415","1.411","1.433","1.399","9.83M","-2.41%"
"09/29/2020","1.450","1.449","1.475","1.410","12.67M","1.26%"
"09/28/2020","1.432","1.393","1.447","1.393","17.62M","2.29%"
"09/27/2020","1.400","1.395","1.441","1.375","9.19M","2.12%"
"09/24/2020","1.371","1.371","1.388","1.360","6.96M","-0.94%"
"09/23/2020","1.384","1.400","1.410","1.370","6.33M","0.14%"
"09/22/2020","1.382","1.361","1.400","1.353","7.69M","-0.29%"
"09/21/2020","1.386","1.408","1.433","1.340","22.06M","-1.21%"
"09/20/2020","1.403","1.400","1.410","1.394","2.98M","0.21%"
"09/17/2020","1.400","1.430","1.430","1.385","6.70M","-0.71%"
"09/16/2020","1.410","1.370","1.429","1.370","11.40M","2.69%"
"09/15/2020","1.373","1.361","1.394","1.359","5.18M","-1.01%"
"09/14/2020","1.387","1.400","1.407","1.370","8.82M","-0.14%"
"09/13/2020","1.389","1.390","1.400","1.383","9.25M","0.73%"
"09/10/2020","1.379","1.365","1.389","1.365","13.07M","1.62%"
"09/09/2020","1.357","1.362","1.370","1.336","14.30M","-1.81%"
"09/08/2020","1.382","1.420","1.427","1.361","16.34M","-3.49%"
"09/07/2020","1.432","1.448","1.460","1.408","14.91M","-0.90%"
"09/06/2020","1.445","1.461","1.475","1.430","10.26M","-1.37%"
"09/03/2020","1.465","1.469","1.481","1.450","9.40M","-0.14%"
"09/02/2020","1.467","1.485","1.490","1.441","11.57M","-1.34%"
"09/01/2020","1.487","1.500","1.515","1.461","10.89M","-3.32%"
"08/31/2020","1.538","1.524","1.578","1.485","19.91M","1.12%"
"08/30/2020","1.521","1.520","1.530","1.513","6.95M","1.00%"
"08/27/2020","1.506","1.500","1.527","1.485","9.84M","-0.53%"
"08/26/2020","1.514","1.520","1.530","1.499","6.83M","0.26%"
"08/25/2020","1.510","1.530","1.539","1.499","14.20M","-2.45%"
"08/24/2020","1.548","1.560","1.590","1.520","30.12M","0.39%"
"08/23/2020","1.542","1.520","1.554","1.520","12.90M","2.73%"
"08/19/2020","1.501","1.500","1.516","1.490","7.13M","1.35%"
"08/18/2020","1.481","1.471","1.498","1.467","9.05M","-1.92%"
"08/17/2020","1.510","1.539","1.550","1.471","11.13M","-1.44%"
"08/16/2020","1.532","1.524","1.550","1.520","10.75M","1.46%"
"08/13/2020","1.510","1.509","1.520","1.500","5.15M","-0.59%"
"08/12/2020","1.519","1.540","1.548","1.500","13.91M","0.60%"
"08/11/2020","1.510","1.465","1.580","1.430","49.45M","3.35%"
"08/10/2020","1.461","1.451","1.480","1.444","9.34M","0.97%"
"08/09/2020","1.447","1.411","1.470","1.411","26.98M","2.05%"
"08/06/2020","1.418","1.420","1.431","1.403","12.63M","0.35%"
"08/05/2020","1.413","1.418","1.427","1.401","10.74M","0.43%"
"08/04/2020","1.407","1.400","1.424","1.395","10.64M","1.15%"
"07/29/2020","1.391","1.390","1.400","1.381","10.63M","0.43%"
"07/28/2020","1.385","1.374","1.397","1.360","13.01M","1.61%"
"07/27/2020","1.363","1.341","1.384","1.328","10.82M","1.79%"
"07/26/2020","1.339","1.350","1.358","1.327","5.44M","-0.07%"
"07/22/2020","1.340","1.334","1.357","1.321","12.28M","1.13%"
"07/21/2020","1.325","1.292","1.350","1.291","14.31M","3.27%"
"07/20/2020","1.283","1.270","1.295","1.270","6.81M","1.58%"
"07/19/2020","1.263","1.280","1.307","1.236","10.55M","-0.63%"
"07/16/2020","1.271","1.289","1.297","1.230","19.55M","-2.16%"
"07/15/2020","1.299","1.370","1.396","1.245","37.21M","-6.07%"
"07/14/2020","1.383","1.419","1.419","1.360","37.83M","-3.02%"
"07/13/2020","1.426","1.449","1.465","1.395","444.21M","2.44%"
"07/12/2020","1.392","1.370","1.416","1.350","38.91M","8.07%"
"07/09/2020","1.288","1.270","1.349","1.242","50.94M","0.39%"
"07/08/2020","1.283","1.240","1.308","1.240","53.99M","3.30%"
"07/07/2020","1.242","1.243","1.260","1.220","17.37M","-0.72%"
"07/06/2020","1.251","1.258","1.270","1.233","30.22M","2.79%"
"07/05/2020","1.217","1.199","1.250","1.181","50.81M","5.00%"
"06/30/2020","1.159","1.142","1.175","1.132","14.45M","1.40%"
"06/29/2020","1.143","1.150","1.150","1.136","6.69M","-0.78%"
"06/28/2020","1.152","1.155","1.169","1.140","6.88M","0.35%"
"06/25/2020","1.148","1.162","1.165","1.136","10.71M","-1.80%"
"06/24/2020","1.169","1.155","1.185","1.150","20.89M","2.90%"
"06/23/2020","1.136","1.129","1.154","1.112","9.53M","0.89%"
"06/22/2020","1.126","1.160","1.160","1.110","18.13M","-1.05%"
"06/21/2020","1.138","1.145","1.159","1.124","16.14M","-1.98%"
"06/18/2020","1.161","1.179","1.179","1.154","12.04M","-1.86%"
"06/17/2020","1.183","1.184","1.197","1.170","28.70M","1.11%"
"06/16/2020","1.170","1.157","1.180","1.155","15.05M","3.45%"
"06/15/2020","1.131","1.129","1.149","1.109","7.81M","0.00%"
"06/14/2020","1.131","1.142","1.150","1.115","13.12M","-1.91%"
"06/11/2020","1.153","1.160","1.185","1.147","10.13M","-0.77%"
"06/10/2020","1.162","1.150","1.174","1.140","11.79M","-0.43%"
"06/09/2020","1.167","1.190","1.193","1.145","21.18M","-1.77%"
"06/08/2020","1.188","1.205","1.210","1.178","23.83M","0.25%"
"06/07/2020","1.185","1.174","1.200","1.171","23.15M","3.95%"
"06/04/2020","1.140","1.110","1.163","1.106","26.86M","2.24%"
"06/03/2020","1.115","1.101","1.137","1.100","20.57M","1.83%"
"06/02/2020","1.095","1.080","1.111","1.080","15.50M","1.39%"
"06/01/2020","1.080","1.090","1.099","1.072","7.47M","-0.46%"
"05/31/2020","1.085","1.090","1.100","1.079","8.26M","1.59%"
"05/21/2020","1.068","1.067","1.090","1.059","10.83M","-0.28%"
"05/20/2020","1.071","1.098","1.098","1.065","6.57M","-2.64%"
"05/19/2020","1.100","1.100","1.113","1.085","11.15M","1.76%"
"05/18/2020","1.081","1.098","1.099","1.072","6.32M","-1.55%"
"05/17/2020","1.098","1.110","1.110","1.088","7.49M","-0.18%"
"05/14/2020","1.100","1.125","1.125","1.085","11.69M","-2.83%"
"05/13/2020","1.132","1.150","1.158","1.111","11.93M","-0.96%"
"05/12/2020","1.143","1.130","1.160","1.125","18.87M","5.06%"
"05/11/2020","1.088","1.096","1.123","1.051","14.20M","-0.82%"
"05/10/2020","1.097","1.120","1.122","1.072","16.91M","-3.35%"
"05/07/2020","1.135","1.198","1.198","1.100","30.70M","-5.10%"
"05/06/2020","1.196","1.192","1.207","1.184","14.13M","0.59%"
"05/05/2020","1.189","1.214","1.218","1.167","20.89M","1.19%"
"05/04/2020","1.175","1.181","1.191","1.139","21.35M","-2.81%"
"05/03/2020","1.209","1.280","1.280","1.164","19.57M","-6.50%"
"04/30/2020","1.293","1.285","1.304","1.281","12.51M","0.08%"
"04/29/2020","1.292","1.319","1.324","1.267","21.48M","-1.07%"
"04/28/2020","1.306","1.299","1.325","1.290","27.72M","4.65%"
"04/27/2020","1.248","1.270","1.287","1.201","45.04M","0.97%"
"04/26/2020","1.236","1.200","1.265","1.195","24.14M","5.19%"
"04/23/2020","1.175","1.168","1.184","1.150","9.05M","3.52%"
"04/22/2020","1.135","1.155","1.161","1.110","18.94M","-1.39%"
"04/21/2020","1.151","1.160","1.169","1.125","6.04M","-1.29%"
"04/16/2020","1.166","1.149","1.185","1.142","6.72M","-0.17%"
"04/15/2020","1.168","1.210","1.210","1.143","16.42M","-1.85%"
"04/14/2020","1.190","1.161","1.209","1.161","31.11M","3.48%"
"04/13/2020","1.150","1.134","1.165","1.130","22.47M","2.50%"
"04/12/2020","1.122","1.170","1.170","1.101","28.13M","-3.53%"
"04/09/2020","1.163","1.145","1.194","1.141","33.21M","1.22%"
"04/08/2020","1.149","1.153","1.170","1.135","30.46M","3.05%"
"04/07/2020","1.115","1.064","1.162","1.064","50.54M","5.49%"
"04/06/2020","1.057","1.040","1.062","1.040","6.96M","2.03%"
"04/05/2020","1.036","1.059","1.059","1.025","3.23M","-2.26%"
"04/02/2020","1.060","1.048","1.100","1.046","9.63M","0.86%"
"04/01/2020","1.051","1.070","1.079","1.040","6.37M","-1.96%"
"03/31/2020","1.072","1.060","1.086","1.051","9.91M","3.28%"
"03/30/2020","1.038","1.031","1.055","1.020","5.75M","-0.86%"
"03/29/2020","1.047","1.055","1.060","1.026","7.59M","-0.10%"
"03/26/2020","1.048","1.040","1.061","1.030","10.36M","1.16%"
"03/25/2020","1.036","1.025","1.048","1.020","9.19M","1.67%"
"03/24/2020","1.019","1.020","1.048","0.987","14.19M","0.79%"
"03/23/2020","1.011","0.979","1.026","0.979","15.27M","8.36%"
"03/22/2020","0.933","0.935","0.960","0.905","13.44M","6.87%"
"03/19/2020","0.873","0.801","0.960","0.792","35.47M","-0.68%"
"03/18/2020","0.879","0.960","0.971","0.871","20.14M","-9.10%"
"03/17/2020","0.967","0.985","1.024","0.955","24.36M","-8.86%"
"03/16/2020","1.061","1.128","1.128","1.047","11.77M","-8.77%"
"03/15/2020","1.163","1.239","1.239","1.144","22.30M","-8.50%"
"03/11/2020","1.271","1.270","1.294","1.244","15.03M","0.39%"
"03/10/2020","1.266","1.272","1.299","1.243","12.67M","1.61%"
"03/09/2020","1.246","1.274","1.290","1.209","24.01M","-6.88%"
"03/08/2020","1.338","1.360","1.360","1.315","11.26M","-5.31%"
"03/05/2020","1.413","1.400","1.429","1.400","9.24M","3.29%"
"03/04/2020","1.368","1.370","1.398","1.320","13.62M","-0.87%"
"03/03/2020","1.380","1.370","1.410","1.355","11.36M","5.34%"
"03/02/2020","1.310","1.289","1.337","1.200","17.90M","2.66%"
"03/01/2020","1.276","1.300","1.310","1.269","17.06M","-9.44%"
"02/27/2020","1.409","1.457","1.459","1.373","17.82M","-1.05%"
"02/26/2020","1.424","1.431","1.457","1.400","8.48M","-0.14%"
"02/25/2020","1.426","1.390","1.460","1.380","10.68M","0.99%"
"02/24/2020","1.412","1.470","1.470","1.370","17.99M","-5.23%"
"02/23/2020","1.490","1.510","1.517","1.470","6.87M","-0.13%"
"02/20/2020","1.492","1.490","1.520","1.484","11.55M","0.20%"
"02/19/2020","1.489","1.495","1.507","1.477","4.30M","-1.00%"
"02/18/2020","1.504","1.546","1.546","1.470","11.21M","-2.91%"
"02/17/2020","1.549","1.546","1.560","1.530","6.07M","-0.45%"
"02/16/2020","1.556","1.573","1.573","1.544","8.07M","-1.33%"
"02/13/2020","1.577","1.599","1.599","1.565","8.24M","-0.76%"
"02/12/2020","1.589","1.603","1.610","1.575","4.07M","-1.61%"
"02/11/2020","1.615","1.618","1.630","1.600","3.62M","0.44%"
"02/10/2020","1.608","1.620","1.620","1.600","4.34M","-1.59%"
"02/09/2020","1.634","1.630","1.646","1.618","3.33M","0.12%"
"02/06/2020","1.632","1.625","1.642","1.620","6.78M","1.18%"
"02/05/2020","1.613","1.620","1.629","1.607","19.05M","-0.31%"
"02/04/2020","1.618","1.613","1.635","1.605","3.77M","0.31%"
"02/03/2020","1.613","1.610","1.630","1.605","5.43M","-1.16%"
"02/02/2020","1.632","1.643","1.660","1.600","22.59M","-0.55%"
"01/30/2020","1.641","1.590","1.682","1.590","28.10M","3.27%"
"01/29/2020","1.589","1.590","1.600","1.575","4.09M","1.86%"
"01/28/2020","1.560","1.561","1.590","1.549","5.73M","-1.39%"
"01/27/2020","1.582","1.601","1.610","1.561","3.20M","-1.25%"
"01/26/2020","1.602","1.597","1.618","1.590","5.06M","1.01%"
"01/23/2020","1.586","1.589","1.620","1.561","10.32M","0.57%"
"01/22/2020","1.577","1.600","1.600","1.563","15.97M","2.07%"
"01/21/2020","1.545","1.550","1.600","1.514","14.08M","-1.21%"
"01/20/2020","1.564","1.600","1.611","1.530","11.00M","-2.25%"
"01/19/2020","1.600","1.620","1.627","1.580","6.04M","-0.99%"
"01/16/2020","1.616","1.614","1.630","1.600","7.37M","0.25%"
"01/15/2020","1.612","1.603","1.627","1.593","2.70M","-0.06%"
"01/14/2020","1.613","1.620","1.637","1.600","5.87M","-0.68%"
"01/13/2020","1.624","1.661","1.670","1.560","16.88M","-2.05%"
"01/12/2020","1.658","1.649","1.675","1.647","11.75M","-0.84%"
"01/09/2020","1.672","1.671","1.706","1.641","12.77M","3.53%"
"01/08/2020","1.615","1.532","1.677","1.515","14.42M","5.07%"
"01/06/2020","1.537","1.560","1.584","1.450","17.59M","-4.06%"
"01/05/2020","1.602","1.720","1.720","1.578","16.72M","-8.61%"
"01/02/2020","1.753","1.749","1.768","1.741","2.39M","0.29%"
"12/31/2019","1.748","1.770","1.789","1.720","6.98M","-0.91%"
"12/30/2019","1.764","1.800","1.810","1.737","25.82M","-2.33%"
"12/29/2019","1.806","1.830","1.834","1.793","6.16M","-0.77%"
"12/26/2019","1.820","1.829","1.835","1.811","6.09M","-0.27%"
"12/25/2019","1.825","1.830","1.837","1.820","4.22M","-0.05%"
"12/24/2019","1.826","1.852","1.852","1.813","10.37M","-1.62%"
"12/23/2019","1.856","1.862","1.870","1.850","3.88M","-0.38%"
"12/22/2019","1.863","1.851","1.880","1.851","2.37M","0.05%"
"12/19/2019","1.862","1.900","1.900","1.850","7.43M","-1.85%"
"12/18/2019","1.897","1.900","1.920","1.875","6.42M","1.50%"
"12/17/2019","1.869","1.830","1.890","1.821","9.55M","1.80%"
"12/16/2019","1.836","1.885","1.885","1.816","6.90M","-1.50%"
"12/15/2019","1.864","1.851","1.879","1.851","2.33M","0.38%"
"12/12/2019","1.857","1.863","1.880","1.850","3.20M","-1.17%"
"12/11/2019","1.879","1.922","1.922","1.860","1.28M","-1.57%"
"12/10/2019","1.909","1.895","1.924","1.890","1.73M","0.85%"
"12/09/2019","1.893","1.910","1.929","1.881","2.32M","-0.99%"
"12/08/2019","1.912","1.940","1.940","1.892","1.19M","-0.93%"
"12/05/2019","1.930","1.960","1.970","1.910","4.78M","-0.52%"
"12/04/2019","1.940","1.960","1.970","1.920","2.75M","1.57%"
"12/03/2019","1.910","1.850","1.960","1.830","8.66M","2.14%"
"12/02/2019","1.870","1.950","1.950","1.830","15.90M","-4.10%"
"12/01/2019","1.950","2.010","2.020","1.920","5.72M","-2.99%"
"11/28/2019","2.010","2.010","2.040","1.990","4.24M","0.00%"
"11/27/2019","2.010","2.020","2.030","1.990","3.35M","-0.50%"
"11/26/2019","2.020","2.040","2.040","2.010","7.48M","-1.46%"
"11/25/2019","2.050","2.060","2.070","2.020","4.15M","-0.49%"
"11/24/2019","2.060","2.050","2.070","2.050","1.45M","0.00%"
"11/21/2019","2.060","2.060","2.080","2.050","6.44M","0.00%"
"11/20/2019","2.060","2.060","2.070","2.040","10.02M","0.00%"
"11/19/2019","2.060","2.060","2.090","2.050","6.80M","-0.48%"
"11/18/2019","2.070","2.110","2.110","2.040","5.15M","-2.36%"
"11/17/2019","2.120","2.160","2.160","2.090","5.58M","-0.93%"
"11/14/2019","2.140","2.150","2.160","2.130","8.16M","0.00%"
"11/13/2019","2.140","2.130","2.160","2.120","9.41M","0.00%"
"11/12/2019","2.140","2.090","2.170","2.090","30.32M","2.88%"
"11/11/2019","2.080","2.080","2.090","2.060","6.90M","0.97%"
"11/07/2019","2.060","2.060","2.090","2.050","3.85M","0.00%"
"11/06/2019","2.060","2.070","2.080","2.040","4.68M","-1.44%"
"11/05/2019","2.090","2.100","2.110","2.060","15.44M","0.00%"
"11/04/2019","2.090","2.130","2.130","2.080","9.84M","-1.88%"
"11/03/2019","2.130","2.130","2.150","2.100","9.83M","0.00%"
"10/31/2019","2.130","2.100","2.150","2.100","11.26M","0.95%"
"10/30/2019","2.110","2.140","2.140","2.080","4.83M","-0.47%"
"10/29/2019","2.120","2.100","2.140","2.090","19.38M","0.47%"
"10/28/2019","2.110","2.100","2.130","2.090","12.30M","0.96%"
"10/27/2019","2.090","2.060","2.120","2.060","9.33M","1.95%"
"10/24/2019","2.050","2.040","2.060","2.030","4.53M","1.49%"
"10/23/2019","2.020","2.060","2.060","1.990","6.50M","-1.94%"
"10/22/2019","2.060","2.060","2.080","2.040","5.21M","0.00%"
"10/21/2019","2.060","2.070","2.090","2.040","5.30M","-0.48%"
"10/20/2019","2.070","2.080","2.100","2.060","4.48M","-0.96%"
"10/17/2019","2.090","2.080","2.110","2.060","20.86M","2.96%"
"10/16/2019","2.030","2.000","2.080","1.990","14.79M","2.53%"
"10/15/2019","1.980","2.000","2.000","1.970","9.39M","-1.98%"
"10/14/2019","2.020","2.030","2.040","1.980","8.38M","0.50%"
"10/13/2019","2.010","2.030","2.030","1.990","7.01M","-0.50%"
"10/10/2019","2.020","2.040","2.060","1.990","8.77M","-0.49%"
"10/09/2019","2.030","2.030","2.050","2.000","11.08M","-1.46%"
"10/08/2019","2.060","2.100","2.110","2.030","5.65M","-1.90%"
"10/07/2019","2.100","2.100","2.130","2.070","10.09M","1.45%"
"10/03/2019","2.070","2.060","2.100","2.030","12.45M","-1.43%"
"10/02/2019","2.100","2.140","2.150","2.060","11.17M","-2.33%"
"10/01/2019","2.150","2.130","2.180","2.120","9.58M","0.94%"
"09/30/2019","2.130","2.170","2.170","2.110","16.85M","-0.47%"
"09/29/2019","2.140","2.150","2.190","2.090","47.27M","7.00%"
"09/26/2019","2.000","2.000","2.060","1.940","33.55M","4.71%"
"09/25/2019","1.910","1.800","1.980","1.800","33.70M","6.11%"
"09/24/2019","1.800","1.830","1.890","1.720","27.67M","-4.76%"
"09/23/2019","1.890","1.960","2.020","1.810","25.94M","-5.97%"
"09/22/2019","2.010","2.150","2.150","1.970","24.15M","-7.80%"
"09/19/2019","2.180","2.140","2.200","2.130","11.26M","2.35%"
"09/18/2019","2.130","2.200","2.200","2.090","14.24M","-3.18%"
"09/17/2019","2.200","2.330","2.340","2.110","29.14M","-5.58%"
"09/16/2019","2.330","2.370","2.370","2.300","13.34M","-2.10%"
"09/15/2019","2.380","2.410","2.410","2.360","6.90M","-0.83%"
"09/12/2019","2.400","2.390","2.430","2.380","16.56M","0.84%"
"09/11/2019","2.380","2.360","2.400","2.350","10.66M","1.28%"
"09/10/2019","2.350","2.330","2.370","2.320","11.59M","1.29%"
"09/09/2019","2.320","2.360","2.360","2.300","10.35M","-1.28%"
"09/08/2019","2.350","2.370","2.380","2.330","7.71M","-0.42%"
"09/05/2019","2.360","2.380","2.390","2.340","11.38M","0.85%"
"09/04/2019","2.340","2.330","2.370","2.300","7.02M","0.86%"
"09/03/2019","2.320","2.350","2.360","2.300","3.85M","-0.85%"
"09/02/2019","2.340","2.340","2.380","2.310","5.01M","-0.85%"
"09/01/2019","2.360","2.360","2.390","2.330","5.52M","-0.84%"
"08/29/2019","2.380","2.400","2.420","2.360","9.51M","-0.42%"
"08/28/2019","2.390","2.350","2.420","2.350","11.25M","1.27%"
"08/27/2019","2.360","2.400","2.400","2.330","6.70M","0.85%"
"08/26/2019","2.340","2.350","2.390","2.280","13.68M","-3.31%"
"08/25/2019","2.420","2.520","2.540","2.340","40.09M","-1.22%"
"08/22/2019","2.450","2.440","2.480","2.420","12.38M","0.82%"
"08/21/2019","2.430","2.460","2.480","2.410","11.06M","-1.22%"
"08/20/2019","2.460","2.440","2.480","2.440","15.44M","2.93%"
"08/19/2019","2.390","2.350","2.440","2.320","30.51M","2.14%"
"08/18/2019","2.340","2.310","2.360","2.310","11.84M","1.74%"
"08/15/2019","2.300","2.340","2.340","2.270","13.20M","-1.71%"
"08/14/2019","2.340","2.300","2.380","2.300","13.75M","4.00%"
"08/08/2019","2.250","2.160","2.300","2.160","32.17M","6.64%"
"08/07/2019","2.110","2.050","2.170","2.050","21.66M","2.93%"
"08/06/2019","2.050","2.050","2.060","2.030","11.76M","-0.49%"
"08/05/2019","2.060","2.070","2.090","2.040","15.98M","-0.96%"
"08/04/2019","2.080","2.130","2.140","2.040","17.67M","1.96%"
"08/01/2019","2.040","2.040","2.140","2.020","53.09M","2.51%"
"07/31/2019","1.990","2.000","2.040","1.940","10.61M","-1.49%"
"07/30/2019","2.020","2.050","2.080","1.980","15.15M","-0.98%"
"07/29/2019","2.040","2.060","2.060","2.020","6.64M","-0.97%"
"07/28/2019","2.060","2.060","2.080","2.030","9.85M","0.00%"
"07/25/2019","2.060","2.080","2.090","2.040","9.11M","-1.44%"
"07/24/2019","2.090","2.170","2.180","2.040","31.60M","-3.69%"
"07/22/2019","2.170","2.190","2.200","2.150","13.70M","0.00%"
"07/21/2019","2.170","2.180","2.200","2.140","22.56M","-0.91%"
"07/18/2019","2.190","2.190","2.210","2.170","8.91M","0.92%"
"07/17/2019","2.170","2.210","2.220","2.150","10.93M","-3.98%"
"07/16/2019","2.260","2.270","2.320","2.190","24.40M","0.00%"
"07/15/2019","2.260","2.210","2.310","2.190","18.37M","0.44%"
"07/14/2019","2.250","2.330","2.330","2.180","18.47M","-3.02%"
"07/11/2019","2.320","2.310","2.360","2.300","19.73M","-0.43%"
"07/10/2019","2.330","2.380","2.380","2.290","14.80M","-2.51%"
"07/09/2019","2.390","2.390","2.430","2.340","14.57M","0.84%"
"07/08/2019","2.370","2.370","2.390","2.340","13.04M","0.00%"
"07/07/2019","2.370","2.400","2.400","2.340","7.73M","-1.66%"
"07/04/2019","2.410","2.440","2.450","2.380","8.12M","-1.63%"
"07/03/2019","2.450","2.420","2.490","2.420","20.40M","1.66%"
"07/02/2019","2.410","2.400","2.430","2.380","11.64M","0.42%"
"06/27/2019","2.400","2.410","2.440","2.360","12.25M","1.69%"
"06/26/2019","2.360","2.330","2.390","2.330","6.54M","1.72%"
"06/25/2019","2.320","2.320","2.340","2.290","5.11M","-0.43%"
"06/24/2019","2.330","2.390","2.390","2.300","2.87M","-2.10%"
"06/23/2019","2.380","2.410","2.410","2.370","1.23M","-0.42%"
"06/20/2019","2.390","2.400","2.420","2.360","5.42M","-1.65%"
"06/19/2019","2.430","2.460","2.490","2.390","5.26M","-0.82%"
"06/18/2019","2.450","2.460","2.480","2.440","2.63M","-2.00%"
"06/17/2019","2.500","2.500","2.530","2.470","8.48M","1.21%"
"06/16/2019","2.470","2.490","2.500","2.440","6.25M","-0.40%"
"06/13/2019","2.480","2.460","2.500","2.450","4.13M","-0.40%"
"06/12/2019","2.490","2.500","2.530","2.460","11.42M","-1.58%"
"06/11/2019","2.530","2.530","2.570","2.480","25.80M","1.61%"
"06/10/2019","2.490","2.480","2.520","2.450","11.27M","1.63%"
"06/09/2019","2.450","2.460","2.480","2.430","7.84M","1.66%"
"06/03/2019","2.410","2.410","2.450","2.380","5.56M","-0.41%"
"06/02/2019","2.420","2.440","2.490","2.400","6.34M","-2.81%"
"05/30/2019","2.490","2.530","2.560","2.450","7.91M","-3.49%"
"05/29/2019","2.580","2.620","2.650","2.530","8.92M","-0.77%"
"05/28/2019","2.600","2.520","2.670","2.510","14.21M","4.00%"
"05/27/2019","2.500","2.520","2.520","2.470","3.21M","0.00%"
"05/26/2019","2.500","2.420","2.540","2.420","5.39M","2.04%"
"05/23/2019","2.450","2.430","2.470","2.420","4.82M","1.24%"
"05/22/2019","2.420","2.410","2.440","2.390","3.72M","0.83%"
"05/21/2019","2.400","2.370","2.420","2.350","8.16M","2.56%"
"05/20/2019","2.340","2.350","2.360","2.320","3.54M","-0.43%"
"05/19/2019","2.350","2.390","2.390","2.340","1.18M","-1.26%"
"05/16/2019","2.380","2.390","2.400","2.330","4.23M","0.42%"
"05/15/2019","2.370","2.390","2.410","2.360","2.83M","-1.25%"
"05/14/2019","2.400","2.420","2.430","2.370","2.52M","0.84%"
"05/13/2019","2.380","2.380","2.420","2.330","6.46M","-0.83%"
"05/12/2019","2.400","2.410","2.430","2.380","4.15M","2.13%"
"05/09/2019","2.350","2.300","2.410","2.290","10.47M","1.73%"
"05/08/2019","2.310","2.350","2.360","2.270","9.25M","-2.12%"
"05/07/2019","2.360","2.330","2.400","2.320","2.03M","0.43%"
"05/06/2019","2.350","2.370","2.380","2.310","3.82M","-1.26%"
"05/05/2019","2.380","2.400","2.410","2.320","6.00M","-0.83%"
"05/02/2019","2.400","2.440","2.440","2.360","7.68M","-1.23%"
"04/30/2019","2.430","2.450","2.470","2.400","4.61M","-2.02%"
"04/24/2019","2.480","2.480","2.510","2.450","6.29M","0.40%"
"04/23/2019","2.470","2.510","2.530","2.450","3.90M","-1.98%"
"04/22/2019","2.520","2.530","2.550","2.510","4.94M","0.40%"
"04/21/2019","2.510","2.530","2.530","2.490","2.64M","0.00%"
"04/18/2019","2.510","2.500","2.540","2.500","5.35M","0.80%"
"04/17/2019","2.490","2.500","2.520","2.440","5.94M","-1.97%"
"04/16/2019","2.540","2.580","2.610","2.490","11.27M","-1.17%"
"04/15/2019","2.570","2.570","2.590","2.550","6.81M","0.78%"
"04/14/2019","2.550","2.540","2.580","2.510","6.74M","0.39%"
"04/11/2019","2.540","2.510","2.560","2.510","6.16M","0.79%"
"04/10/2019","2.520","2.530","2.530","2.490","5.41M","0.00%"
"04/09/2019","2.520","2.570","2.590","2.470","22.09M","-3.82%"
"04/08/2019","2.620","2.640","2.690","2.560","9.31M","-1.87%"
"04/07/2019","2.670","2.690","2.700","2.640","5.19M","-0.37%"
"04/04/2019","2.680","2.670","2.710","2.660","4.95M","0.37%"
"04/03/2019","2.670","2.700","2.720","2.640","11.94M","-1.11%"
"04/02/2019","2.700","2.720","2.740","2.670","9.95M","-0.37%"
"04/01/2019","2.710","2.720","2.740","2.680","8.72M","-0.37%"
"03/31/2019","2.720","2.750","2.750","2.680","17.05M","-0.73%"
"03/28/2019","2.740","2.690","2.770","2.650","14.27M","1.48%"
"03/27/2019","2.700","2.770","2.800","2.650","12.00M","-0.74%"
"03/26/2019","2.720","2.720","2.770","2.680","10.14M","-0.73%"
"03/25/2019","2.740","2.850","2.850","2.700","14.71M","-3.52%"
"03/24/2019","2.840","2.830","2.870","2.820","13.66M","2.90%"
"03/21/2019","2.760","2.700","2.810","2.700","10.38M","1.85%"
"03/20/2019","2.710","2.680","2.750","2.660","12.04M","-0.37%"
"03/19/2019","2.720","2.810","2.810","2.650","19.79M","-3.55%"
"03/18/2019","2.820","2.860","2.870","2.790","9.04M","-0.70%"
"03/17/2019","2.840","2.850","2.860","2.820","2.91M","-0.35%"
"03/14/2019","2.850","2.870","2.870","2.820","11.59M","-1.04%"
"03/13/2019","2.880","2.900","2.930","2.830","12.89M","-1.03%"
"03/12/2019","2.910","2.940","2.950","2.880","14.72M","-1.36%"
"03/11/2019","2.950","2.950","3.000","2.910","19.41M","0.34%"
"03/10/2019","2.940","2.940","2.980","2.920","13.90M","1.73%"
"03/07/2019","2.890","2.830","2.940","2.830","36.09M","2.85%"
"03/06/2019","2.810","2.800","2.830","2.770","9.88M","2.18%"
"03/05/2019","2.750","2.720","2.800","2.710","9.33M","1.10%"
"03/04/2019","2.720","2.730","2.780","2.670","21.70M","-1.09%"
"03/03/2019","2.750","2.800","2.830","2.720","7.10M","-0.72%"
"02/28/2019","2.770","2.780","2.820","2.720","12.15M","-0.72%"
"02/27/2019","2.790","2.820","2.830","2.760","9.87M","-1.76%"
"02/26/2019","2.840","2.880","2.910","2.810","16.89M","0.35%"
"02/25/2019","2.830","2.750","2.880","2.730","14.31M","2.17%"
"02/24/2019","2.770","2.830","2.830","2.730","9.45M","-1.42%"
"02/21/2019","2.810","2.810","2.830","2.780","10.43M","-0.71%"
"02/20/2019","2.830","2.890","2.890","2.790","16.46M","0.71%"
"02/19/2019","2.810","2.760","2.850","2.730","19.46M","1.08%"
"02/18/2019","2.780","2.810","2.840","2.730","12.92M","0.36%"
"02/17/2019","2.770","2.720","2.870","2.690","56.36M","6.54%"
"02/14/2019","2.600","2.630","2.650","2.550","14.10M","-1.14%"
"02/13/2019","2.630","2.620","2.650","2.590","14.57M","1.54%"
"02/12/2019","2.590","2.540","2.610","2.530","20.81M","2.78%"
"02/11/2019","2.520","2.550","2.550","2.490","14.21M","-1.18%"
"02/10/2019","2.550","2.580","2.580","2.520","9.86M","-0.39%"
"02/07/2019","2.560","2.540","2.590","2.520","25.12M","1.59%"
"02/06/2019","2.520","2.510","2.560","2.450","29.35M","1.61%"
"02/05/2019","2.480","2.410","2.550","2.410","72.93M","4.20%"
"02/04/2019","2.380","2.380","2.420","2.320","28.62M","-0.42%"
"02/03/2019","2.390","2.400","2.450","2.350","28.41M","2.58%"
"01/31/2019","2.330","2.240","2.400","2.240","80.03M","3.56%"
"01/30/2019","2.250","2.250","2.270","2.220","14.78M","0.45%"
"01/29/2019","2.240","2.250","2.260","2.210","18.91M","1.36%"
"01/28/2019","2.210","2.180","2.250","2.170","27.55M","1.38%"
"01/27/2019","2.180","2.180","2.200","2.160","10.44M","1.87%"
"01/23/2019","2.140","2.140","2.170","2.110","7.24M","-0.93%"
"01/22/2019","2.160","2.190","2.200","2.130","8.51M","-1.37%"
"01/21/2019","2.190","2.210","2.210","2.180","5.66M","-0.45%"
"01/20/2019","2.200","2.210","2.230","2.180","6.39M","-0.90%"
"01/17/2019","2.220","2.240","2.250","2.190","7.77M","-1.33%"
"01/16/2019","2.250","2.220","2.280","2.220","25.71M","1.81%"
"01/15/2019","2.210","2.200","2.220","2.200","6.87M","0.45%"
"01/14/2019","2.200","2.220","2.220","2.190","6.85M","-0.90%"
"01/13/2019","2.220","2.230","2.240","2.200","7.41M","0.00%"
"01/10/2019","2.220","2.210","2.230","2.200","9.42M","-0.45%"
"01/09/2019","2.230","2.240","2.270","2.190","25.90M","-0.89%"
"01/08/2019","2.250","2.280","2.290","2.220","16.30M","-0.88%"
"01/06/2019","2.270","2.260","2.300","2.250","17.80M","1.79%"
"01/03/2019","2.230","2.200","2.260","2.180","27.27M","1.83%"
"01/02/2019","2.190","2.180","2.200","2.170","7.49M","0.46%"
"12/31/2018","2.180","2.170","2.210","2.150","18.96M","0.00%"
"12/30/2018","2.180","2.170","2.210","2.150","21.54M","0.00%"
"12/27/2018","2.180","2.190","2.210","2.160","10.56M","0.46%"
"12/26/2018","2.170","2.170","2.190","2.150","4.54M","1.40%"
"12/25/2018","2.140","2.140","2.170","2.110","8.74M","-0.93%"
"12/24/2018","2.160","2.170","2.200","2.140","9.45M","-1.82%"
"12/23/2018","2.200","2.230","2.230","2.160","5.74M","-1.35%"
"12/20/2018","2.230","2.240","2.260","2.190","13.54M","-2.19%"
"12/19/2018","2.280","2.310","2.310","2.250","7.92M","-1.72%"
"12/18/2018","2.320","2.330","2.350","2.290","9.36M","-1.69%"
"12/17/2018","2.360","2.310","2.400","2.300","17.27M","2.16%"
"12/16/2018","2.310","2.300","2.340","2.270","8.04M","-1.28%"
"12/13/2018","2.340","2.340","2.370","2.300","13.81M","1.30%"
"12/12/2018","2.310","2.300","2.340","2.280","30.34M","1.32%"
"12/11/2018","2.280","2.260","2.300","2.250","15.81M","1.79%"
"12/10/2018","2.240","2.240","2.260","2.200","8.01M","3.23%"
"12/09/2018","2.170","2.200","2.200","2.120","7.37M","-2.69%"
"12/06/2018","2.230","2.280","2.290","2.170","10.09M","-0.45%"
"12/05/2018","2.240","2.300","2.310","2.190","16.71M","-3.03%"
"12/04/2018","2.310","2.300","2.350","2.270","7.21M","-2.53%"
"12/03/2018","2.370","2.460","2.480","2.300","14.73M","-3.66%"
"12/02/2018","2.460","2.520","2.520","2.430","6.41M","-2.77%"
"11/29/2018","2.530","2.530","2.580","2.490","29.64M","-0.39%"
"11/28/2018","2.540","2.530","2.580","2.500","15.36M","1.60%"
"11/27/2018","2.500","2.500","2.550","2.480","10.63M","0.81%"
"11/26/2018","2.480","2.480","2.510","2.430","9.87M","-0.40%"
"11/25/2018","2.490","2.550","2.570","2.440","11.49M","-4.23%"
"11/22/2018","2.600","2.640","2.660","2.540","15.35M","0.00%"
"11/21/2018","2.600","2.600","2.630","2.570","12.70M","-0.76%"
"11/19/2018","2.620","2.640","2.660","2.570","17.30M","-0.38%"
"11/18/2018","2.630","2.560","2.680","2.550","23.85M","5.20%"
"11/15/2018","2.500","2.450","2.580","2.400","33.68M","5.93%"
"11/14/2018","2.360","2.390","2.400","2.330","12.94M","-3.67%"
"11/13/2018","2.450","2.510","2.540","2.350","28.17M","-1.21%"
"11/12/2018","2.480","2.450","2.530","2.440","19.01M","0.81%"
"11/11/2018","2.460","2.480","2.510","2.420","14.78M","0.00%"
"11/08/2018","2.460","2.480","2.510","2.410","16.04M","-1.20%"
"11/07/2018","2.490","2.530","2.560","2.430","15.08M","-0.80%"
"11/06/2018","2.510","2.490","2.570","2.450","29.89M","5.02%"
"11/05/2018","2.390","2.360","2.500","2.300","20.26M","1.70%"
"11/04/2018","2.350","2.350","2.370","2.310","5.39M","0.43%"
"11/01/2018","2.340","2.310","2.370","2.310","4.21M","-0.43%"
"10/31/2018","2.350","2.360","2.410","2.300","9.71M","-0.84%"
"10/30/2018","2.370","2.440","2.440","2.330","6.42M","-0.42%"
"10/29/2018","2.380","2.300","2.440","2.300","13.00M","3.93%"
"10/28/2018","2.290","2.250","2.330","2.230","15.10M","4.09%"
"10/25/2018","2.200","2.200","2.250","2.160","14.51M","-1.35%"
"10/24/2018","2.230","2.190","2.280","2.180","11.56M","1.36%"
"10/23/2018","2.200","2.150","2.240","2.130","12.93M","2.80%"
"10/22/2018","2.140","2.140","2.160","2.090","6.44M","1.90%"
"10/21/2018","2.100","2.080","2.120","2.060","3.46M","-0.94%"
"10/18/2018","2.120","2.140","2.160","2.090","4.56M","-1.40%"
"10/17/2018","2.150","2.180","2.180","2.120","5.55M","-0.46%"
"10/16/2018","2.160","2.130","2.190","2.130","6.00M","2.86%"
"10/15/2018","2.100","2.110","2.130","2.040","4.98M","-0.24%"
"10/14/2018","2.105","2.095","2.135","2.065","12.43M","4.41%"
"10/11/2018","2.016","1.996","2.065","1.937","14.79M","-2.37%"
"10/10/2018","2.065","2.224","2.224","2.026","45.13M","-5.88%"
"10/09/2018","2.194","2.233","2.243","2.154","3.50M","-1.75%"
"10/08/2018","2.233","2.382","2.392","2.174","8.67M","-6.26%"
"10/04/2018","2.382","2.431","2.431","2.362","4.60M","-3.99%"
"10/03/2018","2.481","2.490","2.520","2.421","5.56M","2.06%"
"10/02/2018","2.431","2.401","2.481","2.362","4.70M","2.92%"
"10/01/2018","2.362","2.362","2.382","2.332","1.73M","-0.84%"
"09/30/2018","2.382","2.451","2.471","2.352","5.06M","-1.61%"
"09/27/2018","2.421","2.451","2.451","2.392","3.19M","-1.63%"
"09/26/2018","2.461","2.441","2.510","2.411","17.14M","2.50%"
"09/25/2018","2.401","2.401","2.451","2.362","10.39M","2.52%"
"09/24/2018","2.342","2.342","2.421","2.273","7.59M","0.86%"
"09/23/2018","2.322","2.352","2.372","2.273","4.42M","0.83%"
"09/20/2018","2.303","2.293","2.431","2.135","10.62M","-1.67%"
"09/19/2018","2.342","2.500","2.500","2.303","10.53M","-8.16%"
"09/18/2018","2.550","2.619","2.668","2.441","8.82M","-1.12%"
"09/17/2018","2.579","2.569","2.619","2.500","3.49M","-2.64%"
"09/16/2018","2.649","2.777","2.777","2.540","5.49M","-5.63%"
"09/13/2018","2.807","2.886","2.886","2.747","8.08M","-3.07%"
"09/12/2018","2.896","3.014","3.014","2.826","5.53M","-3.92%"
"09/10/2018","3.014","3.034","3.054","2.994","2.80M","-1.31%"
"09/09/2018","3.054","3.083","3.103","3.014","1.89M","-1.26%"
"09/06/2018","3.093","3.093","3.113","3.073","831.19K","-0.32%"
"09/05/2018","3.103","3.143","3.162","3.054","4.12M","-1.27%"
"09/04/2018","3.143","3.083","3.172","3.073","9.28M","3.59%"
"09/03/2018","3.034","3.083","3.123","2.965","9.11M","-2.85%"
"09/02/2018","3.123","3.162","3.192","3.073","3.50M","-2.16%"
"08/30/2018","3.192","3.202","3.242","3.143","6.27M","0.31%"
"08/29/2018","3.182","3.192","3.232","3.143","4.98M","2.22%"
"08/28/2018","3.113","3.004","3.192","3.004","14.85M","4.64%"
"08/27/2018","2.975","2.975","3.014","2.935","2.77M","-0.34%"
"08/26/2018","2.985","2.985","3.014","2.945","2.96M","1.02%"
"08/19/2018","2.955","2.994","2.994","2.925","2.21M","-1.30%"
"08/16/2018","2.994","3.014","3.054","2.925","4.84M","-0.66%"
"08/15/2018","3.014","3.044","3.044","2.975","4.28M","0.00%"
"08/14/2018","3.014","3.014","3.073","2.945","9.10M","0.67%"
"08/13/2018","2.994","3.123","3.162","2.876","14.31M","-5.04%"
"08/12/2018","3.153","3.261","3.261","3.083","15.68M","-6.16%"
"08/09/2018","3.360","3.508","3.518","3.232","11.80M","-3.42%"
"08/08/2018","3.479","3.558","3.558","3.449","6.67M","-1.94%"
"08/07/2018","3.548","3.558","3.587","3.518","3.87M","1.69%"
"08/06/2018","3.489","3.459","3.558","3.410","8.32M","0.87%"
"08/05/2018","3.459","3.528","3.558","3.370","11.89M","-5.15%"
"08/02/2018","3.647","3.825","3.874","3.528","31.22M","-6.82%"
"08/01/2018","3.914","3.973","4.012","3.825","7.72M","0.51%"
"07/31/2018","3.894","3.775","3.983","3.775","8.01M","3.70%"
"07/30/2018","3.755","3.795","3.805","3.726","1.86M","-1.83%"
"07/29/2018","3.825","3.795","3.864","3.785","2.79M","0.26%"
"07/26/2018","3.815","3.726","3.864","3.716","2.16M","0.00%"
"07/25/2018","3.815","3.904","3.933","3.726","3.19M","-3.49%"
"07/24/2018","3.953","3.973","4.042","3.874","4.31M","0.00%"
"07/22/2018","3.953","4.002","4.002","3.904","3.40M","-1.22%"
"07/19/2018","4.002","4.091","4.091","3.963","4.15M","-0.99%"
"07/18/2018","4.042","4.002","4.101","4.002","6.56M","1.23%"
"07/17/2018","3.993","4.022","4.062","3.943","7.27M","0.50%"
"07/16/2018","3.973","4.012","4.022","3.923","3.57M","-1.95%"
"07/15/2018","4.052","4.101","4.161","3.973","4.54M","-1.19%"
"07/12/2018","4.101","4.101","4.131","4.072","4.86M","0.71%"
"07/11/2018","4.072","4.101","4.131","4.002","10.74M","-0.71%"
"07/10/2018","4.101","4.111","4.170","4.062","3.69M","1.21%"
"07/09/2018","4.052","3.943","4.180","3.894","15.17M","0.75%"
"07/08/2018","4.022","4.259","4.269","3.904","9.12M","-5.14%"
"07/05/2018","4.240","4.378","4.378","4.190","14.84M","-4.22%"
"07/04/2018","4.427","4.586","4.595","4.309","12.73M","-1.34%"
"07/03/2018","4.487","4.418","4.546","4.398","7.53M","1.36%"
"07/02/2018","4.427","4.408","4.497","4.388","2.29M","0.00%"
"06/28/2018","4.427","4.457","4.516","4.368","3.95M","0.00%"
"06/27/2018","4.427","4.497","4.497","4.368","3.80M","-0.67%"
"06/26/2018","4.457","4.516","4.526","4.418","1.62M","-2.39%"
"06/25/2018","4.566","4.645","4.665","4.477","3.41M","-1.91%"
"06/24/2018","4.655","4.694","4.724","4.605","3.23M","0.00%"
"06/21/2018","4.655","4.684","4.744","4.576","4.85M","1.50%"
"06/20/2018","4.586","4.447","4.665","4.447","5.83M","3.13%"
"06/19/2018","4.447","4.536","4.536","4.388","2.38M","-1.53%"
"06/14/2018","4.516","4.605","4.625","4.477","4.12M","-0.44%"
"06/13/2018","4.536","4.457","4.615","4.437","6.08M","1.32%"
"06/12/2018","4.477","4.546","4.546","4.398","5.32M","-1.52%"
"06/11/2018","4.546","4.674","4.674","4.457","2.61M","-1.92%"
"06/10/2018","4.635","4.586","4.724","4.506","4.81M","3.07%"
"06/07/2018","4.497","4.447","4.605","4.427","2.87M","-0.86%"
"06/06/2018","4.536","4.763","4.763","4.368","3.31M","-3.16%"
"06/05/2018","4.684","4.724","4.783","4.556","6.02M","-0.85%"
"06/04/2018","4.724","4.852","4.872","4.645","5.71M","-2.44%"
"06/03/2018","4.842","4.833","4.951","4.773","5.34M","1.85%"
"05/31/2018","4.754","4.842","4.882","4.605","8.79M","-2.02%"
"05/30/2018","4.852","4.892","4.902","4.823","6.35M","-2.00%"
"05/29/2018","4.951","4.961","5.040","4.872","5.39M","2.65%"
"05/28/2018","4.823","4.704","4.941","4.694","10.21M","3.83%"
"05/27/2018","4.645","4.645","4.694","4.595","2.14M","1.29%"
"05/24/2018","4.586","4.576","4.645","4.556","3.79M","-0.20%"
"05/23/2018","4.595","4.576","4.635","4.566","3.29M","0.86%"
"05/22/2018","4.556","4.605","4.635","4.516","4.47M","-0.65%"
"05/21/2018","4.586","4.605","4.655","4.556","2.83M","-0.63%"
"05/20/2018","4.615","4.674","4.724","4.546","2.60M","-1.68%"
"05/17/2018","4.694","4.724","4.744","4.645","2.56M","-0.42%"
"05/16/2018","4.714","4.665","4.793","4.586","4.13M","1.27%"
"05/15/2018","4.655","4.615","4.714","4.605","3.67M","1.50%"
"05/14/2018","4.586","4.783","4.783","4.506","8.06M","-4.52%"
"05/13/2018","4.803","4.734","4.912","4.704","6.95M","1.03%"
"05/10/2018","4.754","4.744","4.872","4.674","10.84M","-1.82%"
"05/09/2018","4.842","5.060","5.070","4.655","8.75M","-3.93%"
"05/08/2018","5.040","4.991","5.109","4.961","8.73M","1.59%"
"05/07/2018","4.961","4.842","5.337","4.793","7.32M","1.83%"
"05/06/2018","4.872","4.931","4.991","4.744","4.47M","0.21%"
"05/03/2018","4.862","4.981","5.001","4.793","5.11M","-3.34%"
"05/02/2018","5.030","5.149","5.178","4.951","2.92M","-2.50%"
"04/30/2018","5.159","5.218","5.277","5.090","1.87M","-1.88%"
"04/29/2018","5.258","5.238","5.356","5.198","1.48M","0.57%"
"04/26/2018","5.228","5.228","5.366","5.218","34.79M","0.19%"
"04/24/2018","5.218","5.307","5.356","5.129","4.07M","-1.12%"
"04/23/2018","5.277","5.188","5.396","5.149","9.67M","2.69%"
"04/22/2018","5.139","5.139","5.218","5.090","2.51M","0.96%"
"04/19/2018","5.090","5.169","5.198","5.040","5.05M","-1.89%"
"04/18/2018","5.188","5.317","5.337","5.070","7.82M","-3.32%"
"04/17/2018","5.366","5.386","5.435","5.277","3.17M","-0.37%"
"04/16/2018","5.386","5.337","5.435","5.337","3.64M","0.73%"
"04/15/2018","5.347","5.267","5.455","5.258","6.31M","-0.72%"
"04/12/2018","5.386","5.435","5.633","5.238","16.90M","-2.85%"
"04/11/2018","5.544","5.366","5.742","5.366","26.39M","6.04%"
"04/10/2018","5.228","5.139","5.307","5.129","12.23M","3.94%"
"04/05/2018","5.030","4.862","5.149","4.833","11.03M","1.60%"
"04/04/2018","4.951","4.922","5.099","4.773","17.61M","0.59%"
"04/03/2018","4.922","5.030","5.040","4.793","11.92M","-2.92%"
"04/02/2018","5.070","5.139","5.139","4.991","11.24M","-1.73%"
"04/01/2018","5.159","5.258","5.347","5.030","10.21M","2.16%"
"03/29/2018","5.050","5.099","5.198","4.902","21.40M","6.68%"
"03/28/2018","4.734","4.615","5.070","4.546","33.37M","8.13%"
"03/27/2018","4.378","4.230","4.536","4.200","26.32M","4.49%"
"03/26/2018","4.190","4.240","4.289","4.141","6.62M","0.24%"
"03/25/2018","4.180","4.170","4.220","4.141","3.06M","-0.95%"
"03/22/2018","4.220","4.269","4.299","4.161","8.97M","-1.15%"
"03/21/2018","4.269","4.180","4.348","4.180","11.15M","1.40%"
"03/20/2018","4.210","4.200","4.259","4.161","5.79M","-2.07%"
"03/19/2018","4.299","4.358","4.408","4.200","12.92M","-0.23%"
"03/18/2018","4.309","4.279","4.398","4.240","15.27M","0.94%"
"03/15/2018","4.269","4.200","4.309","4.200","6.57M","0.68%"
"03/14/2018","4.240","4.319","4.338","4.200","7.52M","-1.83%"
"03/13/2018","4.319","4.398","4.427","4.259","13.64M","0.00%"
"03/12/2018","4.319","4.210","4.408","4.210","24.14M","4.30%"
"03/11/2018","4.141","4.052","4.200","4.022","19.76M","2.70%"
"03/08/2018","4.032","4.052","4.082","4.002","14.59M","-1.92%"
"03/07/2018","4.111","4.161","4.190","4.012","9.72M","-1.20%"
"03/06/2018","4.161","4.121","4.210","4.111","17.49M","0.97%"
"03/05/2018","4.121","4.091","4.170","4.062","11.63M","0.96%"
"03/04/2018","4.082","4.072","4.101","4.042","9.00M","0.74%"
"03/01/2018","4.052","3.983","4.111","3.943","6.39M","-0.25%"
"02/28/2018","4.062","4.111","4.121","3.963","6.65M","-0.95%"
"02/27/2018","4.101","4.052","4.141","4.052","15.24M","1.46%"
"02/26/2018","4.042","4.052","4.111","4.002","24.44M","1.48%"
"02/25/2018","3.983","3.963","4.052","3.933","8.58M","0.25%"
"02/22/2018","3.973","3.963","4.022","3.904","9.17M","-1.71%"
"02/21/2018","4.042","4.072","4.111","3.953","9.81M","0.75%"
"02/20/2018","4.012","4.052","4.082","3.973","9.18M","-1.23%"
"02/19/2018","4.062","4.042","4.091","4.012","14.52M","0.25%"
"02/18/2018","4.052","3.983","4.091","3.983","24.18M","3.03%"
"02/15/2018","3.933","3.755","3.993","3.755","28.34M","5.27%"
"02/14/2018","3.736","3.617","3.805","3.607","14.22M","2.16%"
"02/13/2018","3.657","3.706","3.726","3.597","4.38M","-2.11%"
"02/12/2018","3.736","3.657","3.815","3.657","12.96M","3.29%"
"02/11/2018","3.617","3.637","3.657","3.558","7.04M","-1.09%"
"02/08/2018","3.657","3.716","3.736","3.607","8.98M","-1.06%"
"02/07/2018","3.696","3.617","3.775","3.607","14.38M","4.76%"
"02/06/2018","3.528","3.479","3.597","3.400","18.16M","-2.73%"
"02/05/2018","3.627","3.647","3.657","3.607","3.78M","-0.27%"
"02/04/2018","3.637","3.676","3.676","3.607","6.35M","-1.60%"
"02/01/2018","3.696","3.726","3.726","3.676","5.01M","0.27%"
"01/31/2018","3.686","3.736","3.746","3.647","9.58M","-1.84%"
"01/30/2018","3.755","3.775","3.805","3.716","9.97M","-0.53%"
"01/29/2018","3.775","3.775","3.815","3.736","15.76M","0.00%"
"01/28/2018","3.775","3.844","3.854","3.746","14.33M","-1.05%"
"01/24/2018","3.815","3.904","3.904","3.726","17.37M","-2.03%"
"01/23/2018","3.894","3.914","3.943","3.864","2.56M","0.00%"
"01/22/2018","3.894","3.864","3.953","3.854","9.43M","0.52%"
"01/21/2018","3.874","3.953","3.953","3.844","10.70M","-1.25%"
"01/18/2018","3.923","3.904","3.953","3.874","9.10M","-0.25%"
"01/17/2018","3.933","3.904","3.963","3.894","8.12M","1.52%"
"01/16/2018","3.874","3.834","3.904","3.825","11.65M","0.26%"
"01/15/2018","3.864","3.923","3.933","3.815","14.13M","-1.28%"
"01/14/2018","3.914","3.953","3.953","3.884","17.95M","-0.74%"
"01/11/2018","3.943","3.953","3.973","3.904","12.58M","-0.25%"
"01/10/2018","3.953","4.022","4.022","3.904","5.41M","-0.25%"
"01/09/2018","3.963","4.052","4.052","3.904","14.65M","1.51%"
"01/08/2018","3.904","3.755","4.101","3.696","25.35M","3.42%"
"01/04/2018","3.775","3.825","3.864","3.676","8.47M","-1.05%"
"01/03/2018","3.815","3.854","3.864","3.765","3.47M","-1.01%"
"01/02/2018","3.854","3.874","3.884","3.834","4.23M","0.00%"
"12/31/2017","3.854","3.894","3.904","3.805","2.81M","-1.03%"
"12/28/2017","3.894","3.904","3.914","3.874","4.77M","0.26%"
"12/27/2017","3.884","3.874","3.923","3.854","5.44M","0.52%"
"12/26/2017","3.864","3.874","3.914","3.844","4.62M","-0.77%"
"12/25/2017","3.894","3.874","3.943","3.844","5.71M","1.04%"
"12/24/2017","3.854","3.795","3.884","3.795","4.97M","1.55%"
"12/21/2017","3.795","3.815","3.825","3.765","2.65M","-0.52%"
"12/20/2017","3.815","3.884","3.884","3.755","7.91M","-2.53%"
"12/19/2017","3.914","3.963","3.993","3.834","10.34M","-1.49%"
"12/18/2017","3.973","4.022","4.032","3.953","5.12M","-0.72%"
"12/17/2017","4.002","3.953","4.042","3.953","5.48M","0.98%"
"12/14/2017","3.963","3.953","3.993","3.943","9.30M","0.00%"
"12/13/2017","3.963","4.032","4.042","3.933","3.81M","-1.47%"
"12/12/2017","4.022","4.002","4.052","3.973","7.68M","1.23%"
"12/11/2017","3.973","4.002","4.012","3.933","3.87M","0.00%"
"12/10/2017","3.973","3.953","4.022","3.943","3.88M","0.51%"
"12/07/2017","3.953","3.933","3.973","3.904","5.40M","0.00%"
"12/06/2017","3.953","4.012","4.012","3.933","7.37M","-1.47%"
"12/05/2017","4.012","3.953","4.052","3.933","9.95M","0.98%"
"12/04/2017","3.973","4.042","4.062","3.923","9.87M","-1.95%"
"12/03/2017","4.052","4.052","4.101","4.012","7.80M","-0.73%"
"11/29/2017","4.082","4.141","4.151","4.002","10.03M","-2.11%"
"11/28/2017","4.170","4.190","4.230","4.101","9.90M","0.22%"
"11/27/2017","4.161","4.161","4.190","4.111","3.93M","0.00%"
"11/26/2017","4.161","4.082","4.230","4.082","9.71M","1.22%"
"11/23/2017","4.111","4.002","4.161","3.983","17.50M","2.96%"
"11/22/2017","3.993","3.993","4.012","3.953","5.00M","0.50%"
"11/21/2017","3.973","3.933","4.022","3.933","5.68M","1.02%"
"11/20/2017","3.933","3.933","3.963","3.844","7.93M","-0.51%"
"11/19/2017","3.953","3.993","3.993","3.864","4.44M","-0.50%"
"11/16/2017","3.973","3.953","3.983","3.953","5.55M","-0.25%"
"11/15/2017","3.983","3.993","4.052","3.874","9.50M","0.25%"
"11/14/2017","3.973","3.983","4.002","3.923","5.18M","0.25%"
"11/13/2017","3.963","3.963","3.993","3.953","8.02M","-0.75%"
"11/12/2017","3.993","3.993","4.052","3.953","5.65M","0.76%"
"11/09/2017","3.963","4.052","4.052","3.953","15.22M","-1.95%"
"11/08/2017","4.042","4.022","4.101","3.953","20.60M","1.99%"
"11/07/2017","3.963","3.884","4.022","3.854","6.82M","0.51%"
"11/06/2017","3.943","4.022","4.052","3.854","14.69M","0.51%"
"11/05/2017","3.923","3.904","4.052","3.795","8.66M","-1.01%"
"11/02/2017","3.963","4.022","4.082","3.904","17.35M","-2.20%"
"11/01/2017","4.052","4.042","4.141","3.953","9.36M","-0.73%"
"10/31/2017","4.082","4.052","4.151","4.012","12.21M","0.74%"
"10/30/2017","4.052","4.052","4.082","4.012","5.63M","0.50%"
"10/29/2017","4.032","3.904","4.091","3.874","19.35M","3.01%"
"10/26/2017","3.914","3.914","3.953","3.874","33.20M","0.26%"
"10/25/2017","3.904","3.785","3.963","3.785","8.63M","1.56%"
"10/24/2017","3.844","3.904","3.953","3.775","13.92M","2.10%"
"10/23/2017","3.765","3.647","3.884","3.627","28.45M","5.23%"
"10/22/2017","3.578","3.617","3.647","3.469","7.82M","-0.25%"
"10/19/2017","3.587","3.538","3.676","3.508","22.01M","1.38%"
"10/18/2017","3.538","3.508","3.607","3.429","49.49M","6.25%"
"10/17/2017","3.330","3.143","3.429","3.113","19.10M","5.31%"
"10/16/2017","3.162","3.212","3.242","3.113","5.97M","-2.47%"
"10/15/2017","3.242","3.261","3.281","3.192","5.12M","-0.28%"
"10/12/2017","3.251","3.261","3.311","3.212","4.32M","-1.22%"
"10/11/2017","3.291","3.311","3.321","3.261","4.30M","-0.30%"
"10/10/2017","3.301","3.340","3.350","3.261","10.53M","-1.17%"
"10/09/2017","3.340","3.360","3.400","3.261","20.45M","2.11%"
"10/08/2017","3.271","3.182","3.400","3.182","26.43M","4.40%"
"10/04/2017","3.133","3.162","3.172","3.093","4.72M","0.00%"
"10/03/2017","3.133","3.133","3.182","3.054","5.09M","-1.85%"
"10/02/2017","3.192","3.212","3.271","3.093","13.05M","-0.62%"
"10/01/2017","3.212","3.242","3.242","3.192","5.95M","0.31%"
"09/28/2017","3.202","3.162","3.242","3.153","32.96M","2.20%"
"09/27/2017","3.133","3.103","3.153","3.083","11.17M","0.97%"
"09/26/2017","3.103","3.143","3.153","3.054","8.46M","-1.27%"
"09/25/2017","3.143","3.113","3.153","3.103","9.74M","0.96%"
"09/24/2017","3.113","3.123","3.133","3.083","2.90M","-0.32%"
"09/20/2017","3.123","3.172","3.182","3.093","9.30M","-1.23%"
"09/19/2017","3.162","3.153","3.202","3.143","22.64M","1.57%"
"09/18/2017","3.113","3.103","3.153","3.054","17.07M","0.32%"
"09/17/2017","3.103","3.064","3.123","3.064","11.50M","1.27%"
"09/14/2017","3.064","3.034","3.093","3.024","13.83M","2.00%"
"09/13/2017","3.004","3.024","3.034","2.965","6.07M","-1.31%"
"09/12/2017","3.044","3.083","3.093","3.004","11.74M","0.66%"
"09/11/2017","3.024","3.024","3.064","3.004","10.44M","0.67%"
"09/10/2017","3.004","2.994","3.024","2.985","6.03M","1.66%"
"09/07/2017","2.955","2.896","2.994","2.886","10.76M","2.04%"
"09/06/2017","2.896","2.935","2.935","2.876","5.13M","-0.65%"
"09/05/2017","2.915","2.866","2.935","2.866","10.72M","2.42%"
"08/30/2017","2.846","2.826","2.866","2.807","5.87M","1.03%"
"08/29/2017","2.817","2.797","2.846","2.787","4.75M","1.44%"
"08/28/2017","2.777","2.757","2.787","2.757","5.32M","0.73%"
"08/27/2017","2.757","2.757","2.787","2.728","2.58M","0.00%"
"08/24/2017","2.757","2.767","2.777","2.728","2.88M","-0.72%"
"08/23/2017","2.777","2.817","2.826","2.757","3.64M","-1.73%"
"08/22/2017","2.826","2.876","2.876","2.787","5.18M","-1.05%"
"08/21/2017","2.856","2.856","2.866","2.826","6.39M","0.35%"
"08/20/2017","2.846","2.876","2.896","2.797","5.11M","-1.04%"
"08/17/2017","2.876","2.905","2.915","2.817","6.32M","-1.00%"
"08/16/2017","2.905","2.935","2.935","2.886","5.93M","-0.34%"
"08/15/2017","2.915","3.004","3.004","2.876","12.06M","-2.35%"
"08/14/2017","2.985","3.054","3.054","2.955","9.76M","-1.29%"
"08/13/2017","3.024","3.044","3.054","3.004","4.43M","-0.66%"
"08/10/2017","3.044","3.073","3.093","3.014","12.53M","-0.33%"
"08/09/2017","3.054","3.064","3.073","3.034","8.02M","0.00%"
"08/08/2017","3.054","3.064","3.073","3.024","8.77M","-0.33%"
"08/07/2017","3.064","3.083","3.103","3.034","9.61M","-0.62%"
"08/06/2017","3.083","3.073","3.093","3.064","11.67M","1.28%"
"08/03/2017","3.044","3.073","3.073","3.034","15.66M","-1.27%"
"08/02/2017","3.083","3.143","3.153","3.034","6.43M","-0.96%"
"08/01/2017","3.113","3.103","3.153","3.083","6.45M","-0.32%"
"07/31/2017","3.123","3.143","3.172","3.093","8.31M","0.32%"
"07/30/2017","3.113","3.143","3.162","3.083","5.83M","-0.32%"
"07/27/2017","3.123","3.192","3.192","3.103","6.79M","-2.16%"
"07/26/2017","3.192","3.162","3.212","3.162","5.13M","1.24%"
"07/25/2017","3.153","3.153","3.182","3.133","7.74M","-0.28%"
"07/24/2017","3.162","3.212","3.212","3.133","4.90M","-0.94%"
"07/20/2017","3.192","3.242","3.242","3.172","2.12M","-1.24%"
"07/19/2017","3.232","3.242","3.261","3.202","7.14M","0.31%"
"07/18/2017","3.222","3.232","3.281","3.162","17.06M","-0.31%"
"07/17/2017","3.232","3.291","3.291","3.222","8.47M","-1.49%"
"07/16/2017","3.281","3.242","3.321","3.242","18.06M","2.15%"
"07/13/2017","3.212","3.133","3.242","3.133","30.20M","2.52%"
"07/12/2017","3.133","3.083","3.182","3.083","38.53M","2.25%"
"07/11/2017","3.064","3.054","3.093","3.034","32.20M","1.32%"
"07/10/2017","3.024","3.034","3.054","3.014","17.98M","0.67%"
"07/09/2017","3.004","2.994","3.034","2.985","11.13M","-1.96%"
"07/06/2017","3.064","3.044","3.083","3.044","11.27M","0.33%"
"07/05/2017","3.054","3.044","3.073","3.044","2.96M","-0.33%"
"07/04/2017","3.064","3.054","3.073","3.034","6.36M","-0.29%"
"07/03/2017","3.073","3.064","3.083","3.024","15.00M","0.00%"
"07/02/2017","3.073","3.044","3.083","3.034","11.24M","1.29%"
"06/28/2017","3.034","3.034","3.054","2.994","9.89M","0.33%"
"06/22/2017","3.024","3.054","3.083","2.985","25.34M","-0.98%"
"06/21/2017","3.054","3.064","3.073","3.034","4.71M","-0.62%"
"06/20/2017","3.073","3.093","3.093","3.054","3.72M","-0.97%"
"06/19/2017","3.103","3.153","3.162","3.064","7.53M","-1.27%"
"06/18/2017","3.143","3.123","3.172","3.113","17.45M","0.96%"
"06/15/2017","3.113","3.044","3.153","3.034","25.99M","3.28%"
"06/14/2017","3.014","3.034","3.054","2.994","3.37M","-1.31%"
"06/13/2017","3.054","3.034","3.073","3.014","8.20M","0.33%"
"06/12/2017","3.044","3.083","3.083","2.985","7.66M","-1.58%"
"06/11/2017","3.093","3.103","3.103","3.064","3.58M","0.00%"
"06/08/2017","3.093","3.093","3.113","3.064","8.70M","0.32%"
"06/07/2017","3.083","3.083","3.103","3.064","5.98M","0.33%"
"06/06/2017","3.073","3.044","3.093","3.034","14.71M","0.62%"
"06/05/2017","3.054","3.083","3.103","3.014","8.12M","-0.62%"
"06/04/2017","3.073","3.034","3.093","3.024","12.94M","0.95%"
"06/01/2017","3.044","2.994","3.073","2.994","14.00M","1.98%"
"05/31/2017","2.985","2.994","3.014","2.925","11.55M","-0.63%"
"05/30/2017","3.004","2.994","3.024","2.985","6.08M","-0.66%"
"05/29/2017","3.024","3.014","3.044","2.985","11.30M","0.67%"
"05/28/2017","3.004","2.985","3.034","2.975","13.07M","0.33%"
"05/25/2017","2.994","2.975","3.024","2.965","6.04M","0.98%"
"05/24/2017","2.965","2.965","2.994","2.945","13.31M","1.02%"
"05/23/2017","2.935","2.915","2.965","2.886","13.85M","-1.01%"
"05/22/2017","2.965","3.113","3.113","2.866","30.39M","-6.82%"
"05/21/2017","3.182","3.143","3.212","3.143","5.61M","0.63%"
"05/18/2017","3.162","3.192","3.212","3.123","3.85M","-0.94%"
"05/17/2017","3.192","3.153","3.232","3.153","9.83M","1.24%"
"05/16/2017","3.153","3.113","3.182","3.093","8.24M","1.94%"
"05/15/2017","3.093","3.083","3.103","3.073","2.74M","0.00%"
"05/14/2017","3.093","3.123","3.123","3.073","2.29M","0.32%"
"05/11/2017","3.083","3.103","3.123","3.064","4.12M","-0.96%"
"05/10/2017","3.113","3.123","3.162","3.083","14.82M","1.30%"
"05/09/2017","3.073","3.024","3.133","2.994","14.42M","1.96%"
"05/08/2017","3.014","3.034","3.044","2.985","8.59M","0.67%"
"05/07/2017","2.994","2.994","3.014","2.975","5.23M","-0.33%"
"05/04/2017","3.004","2.994","3.024","2.985","6.81M","0.97%"
"05/03/2017","2.975","2.965","2.994","2.935","2.41M","0.00%"
"05/02/2017","2.975","2.985","2.994","2.935","3.37M","2.06%"
"04/30/2017","2.915","2.935","2.985","2.856","6.83M","-0.34%"
"04/27/2017","2.925","2.965","2.994","2.866","8.23M","-1.35%"
"04/26/2017","2.965","2.935","2.985","2.935","4.95M","1.37%"
"04/24/2017","2.925","2.915","2.965","2.896","6.48M","-0.34%"
"04/23/2017","2.935","3.093","3.093","2.866","17.16M","-4.80%"
"04/20/2017","3.083","3.113","3.143","3.044","3.73M","-0.64%"
"04/19/2017","3.103","3.113","3.123","3.073","4.84M","-1.27%"
"04/18/2017","3.143","3.162","3.222","3.083","14.88M","0.00%"
"04/13/2017","3.143","3.103","3.182","3.103","3.45M","0.32%"
"04/12/2017","3.133","3.143","3.162","3.113","1.77M","0.00%"
"04/11/2017","3.133","3.123","3.143","3.113","1.83M","0.97%"
"04/10/2017","3.103","3.073","3.133","3.073","4.39M","-0.32%"
"04/09/2017","3.113","3.172","3.172","3.083","4.98M","-1.27%"
"04/06/2017","3.153","3.182","3.182","3.123","4.76M","-1.22%"
"04/05/2017","3.192","3.212","3.222","3.143","5.55M","0.00%"
"04/04/2017","3.192","3.172","3.212","3.162","8.20M","1.24%"
"04/03/2017","3.153","3.153","3.172","3.123","8.60M","0.00%"
"04/02/2017","3.153","3.222","3.222","3.123","4.81M","-1.53%"
"03/30/2017","3.202","3.222","3.251","3.172","5.32M","-0.31%"
"03/29/2017","3.212","3.212","3.232","3.182","6.55M","0.00%"
"03/28/2017","3.212","3.202","3.232","3.182","4.58M","0.00%"
"03/27/2017","3.212","3.271","3.271","3.192","6.23M","-1.20%"
"03/26/2017","3.251","3.212","3.301","3.212","13.95M","2.17%"
"03/23/2017","3.182","3.162","3.202","3.162","13.73M","0.92%"
"03/22/2017","3.153","3.172","3.182","3.123","4.06M","-0.91%"
"03/21/2017","3.182","3.222","3.232","3.153","6.82M","-1.55%"
"03/20/2017","3.232","3.212","3.281","3.182","18.49M","2.51%"
"03/19/2017","3.153","3.133","3.212","3.103","13.87M","1.94%"
"03/16/2017","3.093","3.064","3.123","3.064","14.90M","0.95%"
"03/15/2017","3.064","3.093","3.103","3.034","20.88M","-1.57%"
"03/14/2017","3.113","3.162","3.212","3.044","26.26M","-1.86%"
"03/13/2017","3.172","3.212","3.242","3.143","8.86M","-1.25%"
"03/12/2017","3.212","3.172","3.242","3.172","12.30M","-0.31%"
"03/09/2017","3.222","3.261","3.281","3.162","12.07M","-1.20%"
"03/08/2017","3.261","3.242","3.291","3.232","9.53M","0.00%"
"03/07/2017","3.261","3.350","3.360","3.172","18.38M","-1.21%"
"03/06/2017","3.301","3.261","3.360","3.192","25.56M","3.09%"
"03/05/2017","3.202","3.153","3.261","3.143","21.60M","3.19%"
"03/02/2017","3.103","3.034","3.153","3.034","16.87M","2.95%"
"03/01/2017","3.014","3.004","3.044","2.994","6.36M","0.67%"
"02/28/2017","2.994","2.955","3.034","2.925","14.90M","-0.66%"
"02/27/2017","3.014","3.054","3.113","2.955","20.89M","-2.24%"
"02/26/2017","3.083","3.103","3.123","3.044","9.78M","1.28%"
"02/23/2017","3.044","3.024","3.113","2.945","26.72M","1.33%"
"02/22/2017","3.004","3.054","3.064","2.955","19.06M","0.64%"
"02/21/2017","2.985","2.955","3.044","2.945","20.94M","4.15%"
"02/20/2017","2.866","2.807","2.945","2.757","16.93M","2.10%"
"02/19/2017","2.807","2.846","2.876","2.777","10.17M","-0.35%"
"02/16/2017","2.817","2.817","2.836","2.797","11.55M","0.72%"
"02/15/2017","2.797","2.807","2.826","2.757","20.73M","-1.72%"
"02/14/2017","2.846","2.896","2.905","2.787","6.62M","-0.35%"
"02/13/2017","2.856","2.925","2.925","2.817","9.89M","-3.02%"
"02/12/2017","2.945","2.965","2.994","2.886","7.32M","-0.34%"
"02/09/2017","2.955","2.945","3.014","2.915","7.33M","-0.34%"
"02/08/2017","2.965","3.054","3.054","2.905","12.70M","1.37%"
"02/07/2017","2.925","2.797","3.054","2.797","26.23M","4.95%"
"02/06/2017","2.787","2.817","2.817","2.747","8.57M","-1.38%"
"02/05/2017","2.826","2.896","2.905","2.787","14.89M","-0.70%"
"02/02/2017","2.846","2.807","2.876","2.797","8.80M","2.12%"
"02/01/2017","2.787","2.826","2.836","2.737","9.68M","-1.73%"
"01/31/2017","2.836","2.886","2.905","2.767","12.64M","-3.37%"
"01/30/2017","2.935","3.064","3.064","2.856","21.46M","-4.80%"
"01/29/2017","3.083","3.133","3.133","3.044","8.09M","-0.96%"
"01/26/2017","3.113","3.143","3.153","3.073","9.92M","0.97%"
"01/24/2017","3.083","3.054","3.123","3.014","16.84M","0.62%"
"01/23/2017","3.064","3.113","3.133","3.004","9.62M","0.99%"
"01/22/2017","3.034","3.044","3.113","2.965","14.26M","-2.85%"
"01/19/2017","3.123","3.281","3.291","3.014","15.68M","-6.22%"
"01/18/2017","3.330","3.400","3.419","3.202","19.10M","-1.19%"
"01/17/2017","3.370","3.360","3.419","3.340","24.73M","0.30%"
"01/16/2017","3.360","3.439","3.439","3.321","17.52M","-2.58%"
"01/15/2017","3.449","3.469","3.538","3.410","32.43M","-0.86%"
"01/12/2017","3.479","3.439","3.528","3.439","24.35M","2.32%"
"01/11/2017","3.400","3.410","3.429","3.350","14.62M","-0.56%"
"01/10/2017","3.419","3.419","3.469","3.380","19.53M","0.56%"
"01/09/2017","3.400","3.439","3.449","3.350","17.44M","-1.42%"
"01/08/2017","3.449","3.508","3.528","3.390","18.85M","-0.29%"
"01/05/2017","3.459","3.410","3.548","3.400","46.98M","5.10%"
"01/04/2017","3.291","3.182","3.439","3.182","66.37M","4.38%"
"01/03/2017","3.153","3.093","3.192","3.093","19.35M","2.27%"
"01/02/2017","3.083","3.083","3.123","3.044","12.13M","0.62%"
"12/29/2016","3.064","3.083","3.113","2.975","30.06M","-0.62%"
"12/28/2016","3.083","3.113","3.123","3.054","12.63M","-0.96%"
"12/27/2016","3.113","3.113","3.153","3.064","18.78M","0.32%"
"12/26/2016","3.103","3.123","3.143","3.073","19.00M","-1.59%"
"12/25/2016","3.153","3.202","3.222","3.093","19.77M","-2.75%"
"12/22/2016","3.242","3.261","3.321","3.153","57.75M","0.31%"
"12/21/2016","3.232","3.182","3.271","3.182","49.38M","1.57%"
"12/20/2016","3.182","3.192","3.222","3.133","56.52M","2.22%"
"12/19/2016","3.113","3.054","3.182","3.024","46.94M","1.60%"
"12/18/2016","3.064","3.123","3.123","3.024","16.73M","-0.94%"
"12/15/2016","3.093","3.054","3.133","3.054","14.40M","0.32%"
"12/14/2016","3.083","3.133","3.143","3.034","9.89M","-1.60%"
"12/13/2016","3.133","3.133","3.182","3.064","30.10M","1.29%"
"12/12/2016","3.093","3.034","3.172","3.014","22.75M","1.94%"
"12/08/2016","3.034","2.994","3.073","2.985","14.65M","-0.65%"
"12/07/2016","3.054","3.064","3.133","2.975","28.16M","0.00%"
"12/06/2016","3.054","3.064","3.093","3.004","16.17M","-1.26%"
"12/05/2016","3.093","3.162","3.202","2.994","23.36M","-1.90%"
"12/04/2016","3.153","3.123","3.182","3.103","29.24M","1.28%"
"12/01/2016","3.113","3.103","3.143","3.083","26.54M","0.97%"
"11/30/2016","3.083","3.103","3.113","3.054","17.39M","1.28%"
"11/29/2016","3.044","3.054","3.093","2.975","31.25M","0.00%"
"11/28/2016","3.044","3.103","3.143","2.965","38.24M","-1.27%"
"11/27/2016","3.083","3.113","3.123","3.034","13.08M","-2.22%"
"11/24/2016","3.153","3.222","3.271","3.073","26.32M","-2.44%"
"11/23/2016","3.232","3.222","3.291","3.143","24.30M","-0.31%"
"11/22/2016","3.242","3.251","3.360","3.153","44.96M","2.53%"
"11/21/2016","3.162","3.103","3.261","3.073","45.06M","2.56%"
"11/20/2016","3.083","3.024","3.133","2.994","19.27M","0.33%"
"11/17/2016","3.073","3.123","3.192","2.915","42.88M","0.62%"
"11/16/2016","3.054","3.034","3.113","2.994","42.60M","4.41%"
"11/15/2016","2.925","2.876","3.024","2.807","59.00M","2.42%"
"11/14/2016","2.856","2.866","2.905","2.797","34.31M","-0.35%"
"11/13/2016","2.866","2.915","2.945","2.807","43.10M","2.47%"
"11/10/2016","2.797","2.698","2.905","2.698","56.62M","5.59%"
"11/09/2016","2.649","2.530","2.718","2.451","57.01M","2.71%"
"11/08/2016","2.579","2.629","2.649","2.500","37.20M","0.00%"
"11/07/2016","2.579","2.540","2.658","2.500","45.22M","4.79%"
"11/06/2016","2.461","2.342","2.560","2.322","35.67M","4.19%"
"11/03/2016","2.362","2.490","2.560","2.273","31.27M","1.29%"
"11/02/2016","2.332","2.372","2.382","2.293","20.30M","1.70%"
"11/01/2016","2.293","2.273","2.322","2.263","23.67M","1.33%"
"10/31/2016","2.263","2.263","2.293","2.243","9.79M","-0.44%"
"10/30/2016","2.273","2.313","2.322","2.243","14.85M","-0.44%"
"10/27/2016","2.283","2.224","2.322","2.224","24.83M","2.65%"
"10/26/2016","2.224","2.233","2.243","2.194","6.86M","0.00%"
"10/25/2016","2.224","2.243","2.263","2.214","6.54M","0.00%"
"10/24/2016","2.224","2.243","2.243","2.204","7.20M","-0.85%"
"10/23/2016","2.243","2.263","2.273","2.224","5.07M","-0.88%"
"10/20/2016","2.263","2.273","2.293","2.243","9.34M","1.34%"
"10/19/2016","2.233","2.293","2.293","2.174","10.99M","-1.76%"
"10/18/2016","2.273","2.283","2.303","2.253","3.81M","0.44%"
"10/17/2016","2.263","2.372","2.382","2.224","33.19M","-5.00%"
"10/16/2016","2.382","2.431","2.431","2.352","6.87M","-1.61%"
"10/13/2016","2.421","2.392","2.441","2.392","18.21M","2.07%"
"10/12/2016","2.372","2.392","2.392","2.352","4.18M","0.00%"
"10/11/2016","2.372","2.382","2.392","2.352","7.54M","-1.21%"
"10/10/2016","2.401","2.441","2.471","2.362","18.04M","-1.23%"
"10/09/2016","2.431","2.431","2.481","2.382","18.35M","0.83%"
"10/05/2016","2.411","2.382","2.461","2.372","33.67M","1.22%"
"10/04/2016","2.382","2.441","2.441","2.362","14.79M","-1.61%"
"10/03/2016","2.421","2.332","2.441","2.332","29.21M","3.82%"
"09/29/2016","2.332","2.342","2.352","2.313","7.44M","-1.69%"
"09/28/2016","2.372","2.352","2.382","2.332","17.37M","1.28%"
"09/27/2016","2.342","2.352","2.362","2.322","21.80M","-0.43%"
"09/26/2016","2.352","2.342","2.372","2.332","8.83M","0.86%"
"09/25/2016","2.332","2.342","2.362","2.313","3.93M","-0.85%"
"09/22/2016","2.352","2.362","2.372","2.322","6.08M","-0.42%"
"09/21/2016","2.362","2.392","2.392","2.332","15.98M","-1.25%"
"09/20/2016","2.392","2.421","2.421","2.372","12.00M","0.42%"
"09/19/2016","2.382","2.372","2.421","2.362","29.52M","0.85%"
"09/18/2016","2.362","2.401","2.411","2.322","7.31M","-1.62%"
"09/15/2016","2.401","2.411","2.411","2.382","6.48M","-1.23%"
"09/14/2016","2.431","2.421","2.441","2.401","6.60M","-0.41%"
"09/08/2016","2.441","2.441","2.461","2.421","7.91M","0.41%"
"09/07/2016","2.431","2.392","2.471","2.382","12.05M","0.83%"
"09/06/2016","2.411","2.441","2.451","2.382","9.25M","-2.03%"
"09/05/2016","2.461","2.471","2.490","2.431","9.95M","0.00%"
"09/04/2016","2.461","2.481","2.481","2.451","18.54M","0.00%"
"09/01/2016","2.461","2.431","2.481","2.421","17.07M","1.23%"
"08/31/2016","2.431","2.441","2.461","2.411","9.15M","0.00%"
"08/30/2016","2.431","2.401","2.451","2.392","6.19M","1.25%"
"08/29/2016","2.401","2.431","2.441","2.372","5.20M","-0.41%"
"08/28/2016","2.411","2.431","2.441","2.401","4.87M","-1.23%"
"08/25/2016","2.441","2.461","2.471","2.411","5.45M","-1.61%"
"08/24/2016","2.481","2.471","2.490","2.451","8.36M","0.40%"
"08/23/2016","2.471","2.471","2.490","2.441","7.52M","-0.40%"
"08/22/2016","2.481","2.540","2.540","2.431","10.47M","-1.55%"
"08/21/2016","2.520","2.520","2.540","2.500","13.79M","0.00%"
"08/18/2016","2.520","2.540","2.550","2.490","18.27M","-0.40%"
"08/17/2016","2.530","2.530","2.560","2.510","9.52M","-0.78%"
"08/16/2016","2.550","2.579","2.599","2.510","12.49M","-2.26%"
"08/15/2016","2.609","2.639","2.649","2.569","7.63M","0.00%"
"08/14/2016","2.609","2.579","2.639","2.560","10.45M","0.38%"
"08/11/2016","2.599","2.609","2.629","2.560","17.64M","-0.38%"
"08/10/2016","2.609","2.569","2.639","2.569","22.35M","0.77%"
"08/09/2016","2.589","2.639","2.639","2.560","19.02M","-2.60%"
"08/08/2016","2.658","2.649","2.678","2.639","11.85M","1.10%"
"08/07/2016","2.629","2.609","2.649","2.609","5.82M","-1.09%"
"08/04/2016","2.658","2.668","2.688","2.619","21.52M","0.72%"
"08/03/2016","2.639","2.619","2.658","2.609","15.28M","1.93%"
"08/02/2016","2.589","2.589","2.619","2.569","23.59M","2.33%"
"08/01/2016","2.530","2.540","2.589","2.500","21.24M","-0.39%"
"07/31/2016","2.540","2.579","2.579","2.510","11.97M","-1.51%"
"07/28/2016","2.579","2.579","2.629","2.540","21.93M","0.00%"
"07/27/2016","2.579","2.560","2.658","2.530","42.36M","4.37%"
"07/26/2016","2.471","2.510","2.530","2.431","12.51M","-0.40%"
"07/25/2016","2.481","2.451","2.510","2.451","14.24M","0.81%"
"07/24/2016","2.461","2.481","2.490","2.441","4.50M","0.41%"
"07/21/2016","2.451","2.421","2.471","2.421","14.18M","-0.81%"
"07/20/2016","2.471","2.530","2.530","2.411","13.80M","-2.33%"
"07/19/2016","2.530","2.510","2.560","2.481","15.89M","0.40%"
"07/18/2016","2.520","2.560","2.569","2.490","14.97M","1.20%"
"07/17/2016","2.490","2.471","2.550","2.441","25.41M","0.77%"
"07/14/2016","2.471","2.481","2.500","2.441","17.07M","0.41%"
"07/13/2016","2.461","2.461","2.490","2.431","20.42M","2.07%"
"07/12/2016","2.411","2.421","2.451","2.352","19.07M","-2.03%"
"07/11/2016","2.461","2.540","2.550","2.401","25.25M","-1.95%"
"07/10/2016","2.510","2.461","2.569","2.431","23.55M","5.82%"
"07/04/2016","2.372","2.303","2.451","2.303","10.46M","5.28%"
"07/03/2016","2.253","2.214","2.293","2.204","6.40M","2.69%"
"06/29/2016","2.194","2.204","2.224","2.174","4.93M","0.00%"
"06/28/2016","2.194","2.164","2.204","2.164","5.77M","0.92%"
"06/27/2016","2.174","2.214","2.214","2.154","5.87M","0.00%"
"06/26/2016","2.174","2.184","2.224","2.125","12.67M","-6.01%"
"06/23/2016","2.313","2.322","2.322","2.273","7.59M","1.54%"
"06/22/2016","2.278","2.315","2.315","2.259","6.57M","-2.02%"
"06/21/2016","2.325","2.372","2.391","2.268","8.39M","-0.81%"
"06/20/2016","2.344","2.372","2.400","2.259","9.33M","-2.33%"
"06/19/2016","2.400","2.438","2.447","2.344","3.84M","-0.79%"
"06/16/2016","2.419","2.409","2.447","2.391","4.25M","0.79%"
"06/15/2016","2.400","2.400","2.419","2.372","5.00M","-1.15%"
"06/14/2016","2.428","2.494","2.494","2.391","7.01M","-1.90%"
"06/13/2016","2.475","2.522","2.522","2.438","12.24M","-1.16%"
"06/12/2016","2.504","2.504","2.522","2.485","3.56M","-0.71%"
"06/09/2016","2.522","2.494","2.569","2.485","11.31M","0.36%"
"06/08/2016","2.513","2.513","2.541","2.475","18.82M","3.08%"
"06/07/2016","2.438","2.362","2.513","2.362","20.69M","3.22%"
"06/06/2016","2.362","2.353","2.381","2.353","7.61M","0.00%"
"06/05/2016","2.362","2.344","2.391","2.334","11.41M","0.77%"
"06/02/2016","2.344","2.353","2.372","2.315","12.84M","0.00%"
"06/01/2016","2.344","2.306","2.362","2.306","9.12M","0.82%"
"05/31/2016","2.325","2.334","2.362","2.297","9.07M","-0.39%"
"05/30/2016","2.334","2.344","2.353","2.315","3.89M","-0.81%"
"05/29/2016","2.353","2.372","2.381","2.325","4.77M","-0.80%"
"05/26/2016","2.372","2.381","2.400","2.334","8.55M","0.00%"
"05/25/2016","2.372","2.372","2.400","2.353","7.47M","0.42%"
"05/24/2016","2.362","2.344","2.391","2.334","7.69M","1.59%"
"05/23/2016","2.325","2.372","2.372","2.315","6.11M","-1.98%"
"05/22/2016","2.372","2.372","2.409","2.344","6.66M","1.19%"
"05/19/2016","2.344","2.353","2.381","2.315","10.68M","-2.33%"
"05/18/2016","2.400","2.428","2.438","2.372","11.59M","2.39%"
"05/17/2016","2.344","2.287","2.447","2.278","15.16M","3.35%"
"05/16/2016","2.268","2.259","2.297","2.249","13.02M","-0.44%"
"05/15/2016","2.278","2.315","2.325","2.221","7.68M","-2.40%"
"05/12/2016","2.334","2.353","2.381","2.306","10.13M","-0.43%"
"05/11/2016","2.344","2.353","2.362","2.315","6.98M","-2.33%"
"05/10/2016","2.400","2.438","2.447","2.334","9.83M","-1.56%"
"05/09/2016","2.438","2.447","2.475","2.419","14.57M","1.20%"
"05/08/2016","2.409","2.409","2.447","2.353","9.50M","0.75%"
"05/05/2016","2.391","2.400","2.419","2.353","13.31M","2.01%"
"05/04/2016","2.344","2.334","2.400","2.278","13.29M","-0.38%"
"05/03/2016","2.353","2.485","2.485","2.287","18.41M","-4.58%"
"04/28/2016","2.466","2.447","2.485","2.447","7.10M","-1.52%"
"04/27/2016","2.504","2.551","2.579","2.447","13.84M","-1.46%"
"04/26/2016","2.541","2.541","2.588","2.522","10.67M","1.11%"
"04/24/2016","2.513","2.494","2.541","2.485","6.16M","-1.49%"
"04/21/2016","2.551","2.588","2.607","2.504","11.33M","-1.81%"
"04/20/2016","2.598","2.664","2.673","2.551","24.34M","-2.48%"
"04/19/2016","2.664","2.654","2.692","2.626","23.55M","1.10%"
"04/18/2016","2.635","2.635","2.654","2.607","12.15M","1.07%"
"04/17/2016","2.607","2.560","2.654","2.551","14.31M","2.60%"
"04/14/2016","2.541","2.494","2.579","2.475","19.23M","1.88%"
"04/13/2016","2.494","2.513","2.541","2.457","14.32M","0.77%"
"04/12/2016","2.475","2.428","2.513","2.428","11.34M","0.00%"
"04/11/2016","2.475","2.494","2.522","2.419","13.02M","-1.86%"
"04/10/2016","2.522","2.579","2.588","2.494","13.58M","-0.39%"
"04/07/2016","2.532","2.541","2.560","2.485","16.05M","-1.09%"
"04/06/2016","2.560","2.635","2.664","2.475","20.94M","-3.90%"
"04/05/2016","2.664","2.654","2.682","2.635","32.30M","-3.41%"
"04/04/2016","2.758","2.758","2.786","2.720","17.87M","0.36%"
"04/03/2016","2.748","2.767","2.777","2.720","12.35M","0.70%"
"03/31/2016","2.729","2.739","2.777","2.692","33.45M","1.37%"
"03/30/2016","2.692","2.720","2.739","2.645","10.90M","-0.33%"
"03/29/2016","2.701","2.635","2.748","2.626","27.72M","2.12%"
"03/28/2016","2.645","2.588","2.692","2.588","18.62M","1.46%"
"03/27/2016","2.607","2.635","2.664","2.560","19.17M","1.09%"
"03/24/2016","2.579","2.541","2.654","2.532","27.04M","2.63%"
"03/23/2016","2.513","2.485","2.551","2.466","14.96M","0.76%"
"03/22/2016","2.494","2.541","2.569","2.447","23.35M","-1.11%"
"03/21/2016","2.522","2.494","2.560","2.466","20.44M","-0.39%"
"03/20/2016","2.532","2.569","2.588","2.466","24.87M","0.76%"
"03/17/2016","2.513","2.391","2.626","2.391","63.24M","5.10%"
"03/16/2016","2.391","2.372","2.428","2.344","37.93M","2.01%"
"03/15/2016","2.344","2.372","2.400","2.306","38.92M","0.43%"
"03/14/2016","2.334","2.221","2.438","2.212","60.02M","7.36%"
"03/13/2016","2.174","2.212","2.212","2.137","14.73M","-1.72%"
"03/10/2016","2.212","2.202","2.240","2.184","23.99M","1.75%"
"03/09/2016","2.174","2.146","2.202","2.137","10.24M","0.00%"
"03/08/2016","2.174","2.184","2.202","2.146","12.10M","1.30%"
"03/07/2016","2.146","2.137","2.184","2.108","12.85M","0.42%"
"03/06/2016","2.137","2.127","2.165","2.118","8.87M","1.38%"
"03/03/2016","2.108","2.099","2.127","2.089","6.31M","-0.47%"
"03/02/2016","2.118","2.155","2.165","2.080","11.64M","-0.42%"
"03/01/2016","2.127","2.137","2.146","2.118","5.59M","-0.89%"
"02/29/2016","2.146","2.202","2.202","2.108","13.59M","-1.74%"
"02/28/2016","2.184","2.165","2.212","2.146","10.57M","1.77%"
"02/25/2016","2.146","2.165","2.174","2.118","12.52M","-0.88%"
"02/24/2016","2.165","2.184","2.202","2.146","9.51M","-2.52%"
"02/23/2016","2.221","2.221","2.249","2.184","8.92M","0.00%"
"02/22/2016","2.221","2.202","2.240","2.193","11.84M","1.28%"
"02/21/2016","2.193","2.165","2.212","2.165","7.69M","0.41%"
"02/18/2016","2.184","2.221","2.231","2.165","11.43M","0.88%"
"02/17/2016","2.165","2.118","2.221","2.080","24.56M","2.22%"
"02/16/2016","2.118","2.118","2.146","2.099","10.40M","1.39%"
"02/15/2016","2.089","2.080","2.108","2.061","11.20M","2.30%"
"02/14/2016","2.042","2.042","2.071","2.005","16.76M","1.39%"
"02/11/2016","2.014","2.108","2.127","1.967","21.52M","-5.31%"
"02/10/2016","2.127","2.137","2.155","2.089","10.51M","-0.47%"
"02/09/2016","2.137","2.146","2.165","2.099","14.44M","-2.95%"
"02/08/2016","2.202","2.231","2.259","2.137","33.85M","0.82%"
"02/07/2016","2.184","2.231","2.249","2.146","29.24M","-0.82%"
"02/04/2016","2.202","2.155","2.259","2.146","35.54M","4.91%"
"02/03/2016","2.099","2.071","2.127","2.061","13.92M","1.35%"
"02/02/2016","2.071","2.014","2.108","2.014","24.95M","4.75%"
"02/01/2016","1.977","1.977","2.014","1.929","9.47M","-2.75%"
"01/31/2016","2.033","2.127","2.137","1.929","26.03M","-1.83%"
"01/28/2016","2.071","2.042","2.099","2.033","11.91M","0.93%"
"01/27/2016","2.052","2.071","2.080","2.014","13.51M","1.89%"
"01/26/2016","2.014","1.977","2.080","1.948","22.80M","0.95%"
"01/24/2016","1.995","1.977","2.024","1.967","15.44M","6.00%"
"01/21/2016","1.882","1.835","1.929","1.788","14.32M","0.48%"
"01/20/2016","1.873","1.977","1.977","1.817","26.56M","-7.00%"
"01/19/2016","2.014","2.033","2.042","1.986","12.28M","4.41%"
"01/18/2016","1.929","1.873","1.977","1.845","17.71M","7.29%"
"01/17/2016","1.798","1.732","1.892","1.694","13.69M","-2.55%"
"01/14/2016","1.845","1.911","1.911","1.798","14.41M","-7.52%"
"01/13/2016","1.995","2.099","2.118","1.882","33.34M","-4.09%"
"01/12/2016","2.080","2.099","2.118","2.042","20.65M","-1.79%"
"01/11/2016","2.118","2.174","2.193","2.080","18.09M","-2.58%"
"01/10/2016","2.174","2.165","2.212","2.155","11.88M","-2.12%"
"01/06/2016","2.221","2.287","2.287","2.184","13.79M","-3.31%"
"01/05/2016","2.297","2.315","2.334","2.240","10.31M","-0.39%"
"01/04/2016","2.306","2.372","2.372","2.259","9.27M","-2.37%"
"01/03/2016","2.362","2.325","2.381","2.315","8.86M","0.00%"
"12/31/2015","2.362","2.372","2.409","2.297","11.50M","-0.42%"
"12/30/2015","2.372","2.344","2.391","2.344","15.11M","2.86%"
"12/29/2015","2.306","2.287","2.344","2.249","12.60M","0.83%"
"12/28/2015","2.287","2.287","2.315","2.259","4.83M","-0.44%"
"12/27/2015","2.297","2.306","2.334","2.268","6.73M","-2.01%"
"12/24/2015","2.344","2.372","2.381","2.278","13.34M","-0.38%"
"12/22/2015","2.353","2.344","2.381","2.325","11.76M","1.20%"
"12/21/2015","2.325","2.297","2.353","2.278","13.26M","0.82%"
"12/20/2015","2.306","2.249","2.353","2.212","11.90M","1.68%"
"12/17/2015","2.268","2.278","2.297","2.240","19.76M","1.25%"
"12/16/2015","2.240","2.249","2.278","2.212","10.75M","3.04%"
"12/15/2015","2.174","2.099","2.231","2.089","14.48M","3.57%"
"12/14/2015","2.099","2.089","2.137","2.061","6.23M","2.29%"
"12/13/2015","2.052","2.080","2.080","2.014","5.24M","-3.98%"
"12/10/2015","2.137","2.127","2.174","2.089","7.06M","0.47%"
"12/09/2015","2.127","2.118","2.155","2.080","9.19M","1.33%"
"12/08/2015","2.099","2.089","2.127","2.071","14.30M","-2.60%"
"12/07/2015","2.155","2.231","2.240","2.080","21.01M","-2.58%"
"12/06/2015","2.212","2.165","2.259","2.127","15.59M","2.17%"
"12/03/2015","2.165","2.137","2.221","2.127","19.25M","3.64%"
"12/02/2015","2.089","2.033","2.155","2.033","16.34M","4.19%"
"12/01/2015","2.005","1.986","2.024","1.958","5.17M","0.96%"
"11/30/2015","1.986","2.024","2.024","1.958","7.30M","-1.88%"
"11/29/2015","2.024","2.033","2.042","2.005","2.86M","-0.44%"
"11/26/2015","2.033","2.071","2.071","2.005","6.99M","-0.44%"
"11/25/2015","2.042","2.014","2.071","1.995","12.74M","2.82%"
"11/24/2015","1.986","1.977","2.014","1.939","10.70M","-0.45%"
"11/23/2015","1.995","2.014","2.042","1.958","21.19M","0.00%"
"11/22/2015","1.995","1.967","2.024","1.948","10.95M","2.89%"
"11/19/2015","1.939","1.901","1.967","1.892","14.56M","5.09%"
"11/18/2015","1.845","1.779","1.892","1.779","11.09M","1.54%"
"11/17/2015","1.817","1.835","1.873","1.760","13.38M","1.06%"
"11/16/2015","1.798","1.788","1.835","1.732","15.97M","0.56%"
"11/15/2015","1.788","1.854","1.854","1.751","12.14M","-6.87%"
"11/12/2015","1.920","1.929","1.948","1.911","10.37M","2.02%"
"11/11/2015","1.882","1.845","1.929","1.817","17.92M","0.97%"
"11/10/2015","1.864","1.929","1.939","1.798","13.90M","-4.80%"
"11/09/2015","1.958","2.005","2.014","1.911","20.45M","-4.11%"
"11/08/2015","2.042","2.080","2.099","1.967","17.94M","-3.13%"
"11/05/2015","2.108","2.071","2.165","2.042","29.02M","5.14%"
"11/04/2015","2.005","1.967","2.042","1.967","15.91M","1.93%"
"11/03/2015","1.967","1.977","1.995","1.948","15.57M","0.46%"
"11/02/2015","1.958","1.901","1.967","1.901","6.34M","0.00%"
"11/01/2015","1.958","1.977","1.995","1.911","6.00M","-2.34%"
"10/29/2015","2.005","2.033","2.042","1.967","12.39M","0.00%"
"10/28/2015","2.005","2.024","2.042","1.977","10.71M","-1.38%"
"10/27/2015","2.033","2.052","2.061","2.014","12.37M","-0.93%"
"10/26/2015","2.052","2.089","2.108","2.033","9.18M","-1.77%"
"10/25/2015","2.089","2.061","2.108","2.061","9.42M","1.36%"
"10/22/2015","2.061","2.108","2.108","2.042","9.74M","-2.23%"
"10/21/2015","2.108","2.052","2.137","2.052","18.06M","1.35%"
"10/20/2015","2.080","2.089","2.118","2.042","14.25M","1.36%"
"10/19/2015","2.052","2.024","2.099","2.005","11.44M","1.38%"
"10/18/2015","2.024","2.024","2.052","2.005","8.45M","-0.44%"
"10/15/2015","2.033","2.024","2.099","1.986","17.85M","0.44%"
"10/13/2015","2.024","2.024","2.052","1.995","11.29M","-0.88%"
"10/12/2015","2.042","2.024","2.080","2.014","12.09M","2.82%"
"10/11/2015","1.986","1.967","2.024","1.929","16.94M","1.43%"
"10/08/2015","1.958","1.948","1.977","1.929","14.19M","1.98%"
"10/07/2015","1.920","1.873","1.948","1.864","17.44M","3.00%"
"10/05/2015","1.864","1.873","1.882","1.845","2.89M","-0.48%"
"10/04/2015","1.873","1.892","1.892","1.854","2.97M","-1.00%"
"10/01/2015","1.892","1.901","1.911","1.882","5.85M","1.01%"
"09/30/2015","1.873","1.864","1.901","1.845","15.38M","1.02%"
"09/29/2015","1.854","1.864","1.882","1.835","4.77M","-1.01%"
"09/28/2015","1.873","1.845","1.901","1.826","9.44M","1.52%"
"09/22/2015","1.845","1.854","1.873","1.826","3.60M","0.00%"
"09/21/2015","1.845","1.826","1.864","1.826","6.37M","1.04%"
"09/20/2015","1.826","1.835","1.845","1.798","4.45M","-1.51%"
"09/17/2015","1.854","1.864","1.873","1.826","14.74M","-1.01%"
"09/16/2015","1.873","1.864","1.892","1.845","11.90M","1.52%"
"09/15/2015","1.845","1.845","1.864","1.826","6.68M","0.54%"
"09/14/2015","1.835","1.807","1.864","1.798","16.11M","2.06%"
"09/13/2015","1.798","1.788","1.817","1.769","6.37M","0.56%"
"09/10/2015","1.788","1.807","1.807","1.760","7.48M","-1.05%"
"09/09/2015","1.807","1.817","1.826","1.769","13.94M","2.67%"
"09/08/2015","1.760","1.835","1.835","1.704","15.59M","-4.61%"
"09/07/2015","1.845","1.911","1.939","1.788","19.45M","-3.45%"
"09/06/2015","1.911","1.911","1.929","1.892","4.82M","-1.44%"
"09/03/2015","1.939","1.948","1.967","1.920","10.59M","1.47%"
"09/02/2015","1.911","1.901","1.948","1.892","21.56M","-1.90%"
"09/01/2015","1.948","2.005","2.005","1.911","14.90M","0.00%"
"08/31/2015","1.948","1.873","2.024","1.845","20.69M","2.47%"
"08/30/2015","1.901","1.929","1.958","1.854","12.84M","-0.99%"
"08/27/2015","1.920","1.929","1.948","1.892","16.93M","4.63%"
"08/26/2015","1.835","1.854","1.864","1.807","8.99M","1.55%"
"08/25/2015","1.807","1.722","1.882","1.722","16.27M","4.33%"
"08/24/2015","1.732","1.788","1.817","1.666","12.93M","-5.15%"
"08/23/2015","1.826","1.911","1.911","1.788","19.90M","-8.06%"
"08/20/2015","1.986","1.995","2.014","1.948","17.56M","-1.39%"
"08/19/2015","2.014","2.042","2.071","1.967","29.81M","-2.28%"
"08/18/2015","2.061","2.137","2.146","2.005","15.05M","-3.96%"
"08/17/2015","2.146","2.155","2.184","2.099","18.82M","-1.29%"
"08/16/2015","2.174","2.287","2.297","2.099","11.06M","-5.35%"
"08/13/2015","2.297","2.297","2.325","2.268","6.78M","1.28%"
"08/12/2015","2.268","2.278","2.297","2.231","4.54M","-2.45%"
"08/11/2015","2.325","2.344","2.353","2.287","7.08M","1.22%"
"08/10/2015","2.297","2.240","2.353","2.240","5.34M","0.44%"
"08/09/2015","2.287","2.362","2.362","2.240","5.09M","-2.43%"
"08/05/2015","2.344","2.372","2.381","2.315","5.03M","-0.76%"
"08/04/2015","2.362","2.353","2.391","2.344","5.32M","2.03%"
"08/03/2015","2.315","2.325","2.353","2.287","8.46M","-1.99%"
"08/02/2015","2.362","2.362","2.400","2.315","10.49M","0.00%"
"07/30/2015","2.362","2.325","2.400","2.325","11.87M","1.20%"
"07/29/2015","2.334","2.306","2.362","2.297","8.81M","2.91%"
"07/28/2015","2.268","2.221","2.315","2.202","8.24M","0.84%"
"07/27/2015","2.249","2.249","2.278","2.202","24.88M","-4.78%"
"07/26/2015","2.362","2.428","2.447","2.268","6.33M","-2.72%"
"07/22/2015","2.428","2.447","2.447","2.409","7.58M","-0.41%"
"07/21/2015","2.438","2.466","2.466","2.409","5.25M","0.41%"
"07/16/2015","2.428","2.391","2.485","2.391","14.13M","3.58%"
"07/15/2015","2.344","2.306","2.381","2.287","8.16M","3.35%"
"07/14/2015","2.268","2.259","2.297","2.240","5.03M","0.84%"
"07/13/2015","2.249","2.344","2.344","2.212","8.59M","-4.05%"
"07/12/2015","2.344","2.353","2.372","2.297","5.45M","1.25%"
"07/09/2015","2.315","2.306","2.362","2.297","3.71M","0.39%"
"07/08/2015","2.306","2.372","2.381","2.268","7.76M","-2.78%"
"07/07/2015","2.372","2.428","2.457","2.306","7.77M","-0.79%"
"07/06/2015","2.391","2.494","2.494","2.344","6.05M","-6.27%"
"07/05/2015","2.551","2.569","2.598","2.391","9.80M","1.15%"
"07/02/2015","2.522","2.522","2.560","2.494","6.28M","-1.14%"
"06/29/2015","2.551","2.588","2.588","2.504","6.31M","-1.43%"
"06/28/2015","2.588","2.579","2.617","2.551","5.44M","2.62%"
"06/25/2015","2.522","2.504","2.579","2.447","8.88M","-0.75%"
"06/24/2015","2.541","2.551","2.588","2.466","6.30M","0.75%"
"06/23/2015","2.522","2.541","2.560","2.504","4.76M","-1.48%"
"06/22/2015","2.560","2.617","2.617","2.513","8.25M","-2.18%"
"06/21/2015","2.617","2.635","2.645","2.598","1.90M","-0.68%"
"06/18/2015","2.635","2.635","2.654","2.617","6.25M","-0.72%"
"06/17/2015","2.654","2.673","2.682","2.635","3.75M","0.00%"
"06/16/2015","2.654","2.635","2.692","2.626","5.19M","1.41%"
"06/15/2015","2.617","2.588","2.635","2.579","6.38M","0.38%"
"06/14/2015","2.607","2.626","2.673","2.579","3.07M","-0.72%"
"06/11/2015","2.626","2.635","2.682","2.598","4.36M","-2.78%"
"06/10/2015","2.701","2.777","2.786","2.626","7.16M","-0.70%"
"06/09/2015","2.720","2.673","2.758","2.645","6.77M","-1.02%"
"06/08/2015","2.748","2.795","2.824","2.654","5.60M","-2.35%"
"06/07/2015","2.814","2.861","2.861","2.758","6.32M","-2.60%"
"06/04/2015","2.889","2.918","2.918","2.852","4.81M","-0.99%"
"06/03/2015","2.918","2.937","2.965","2.871","7.83M","0.00%"
"06/02/2015","2.918","2.899","2.946","2.880","7.71M","0.34%"
"06/01/2015","2.908","2.908","2.965","2.871","8.49M","0.97%"
"05/31/2015","2.880","2.889","2.908","2.842","10.74M","-0.66%"
"05/28/2015","2.899","2.889","2.955","2.852","10.46M","-0.96%"
"05/27/2015","2.927","2.965","2.993","2.880","12.49M","-1.58%"
"05/26/2015","2.974","2.965","3.049","2.927","11.14M","1.26%"
"05/25/2015","2.937","3.002","3.002","2.899","13.95M","1.31%"
"05/24/2015","2.899","2.777","3.012","2.777","16.31M","5.84%"
"05/21/2015","2.739","2.664","2.805","2.654","14.69M","4.66%"
"05/20/2015","2.617","2.588","2.673","2.569","9.01M","-1.06%"
"05/19/2015","2.645","2.692","2.720","2.579","13.79M","2.56%"
"05/18/2015","2.579","2.362","2.588","2.362","19.68M","9.60%"
"05/17/2015","2.353","2.353","2.409","2.268","18.56M","-0.38%"
"05/14/2015","2.362","2.428","2.457","2.306","9.93M","-3.47%"
"05/13/2015","2.447","2.541","2.560","2.400","4.59M","-3.36%"
"05/12/2015","2.532","2.607","2.607","2.466","11.25M","-4.27%"
"05/11/2015","2.645","2.682","2.729","2.541","11.96M","-0.71%"
"05/10/2015","2.664","2.701","2.720","2.635","10.06M","-1.04%"
"05/07/2015","2.692","2.664","2.729","2.654","5.93M","0.00%"
"05/06/2015","2.692","2.720","2.786","2.635","7.60M","-1.03%"
"05/05/2015","2.720","2.673","2.767","2.673","8.55M","4.70%"
"05/04/2015","2.598","2.532","2.664","2.532","10.34M","2.24%"
"05/03/2015","2.541","2.522","2.598","2.485","7.01M","0.00%"
"04/30/2015","2.541","2.522","2.598","2.475","10.73M","5.04%"
"04/29/2015","2.419","2.400","2.560","2.315","10.20M","2.41%"
"04/28/2015","2.362","2.400","2.447","2.268","12.80M","-5.29%"
"04/27/2015","2.494","2.607","2.635","2.409","7.81M","-5.35%"
"04/26/2015","2.635","2.692","2.711","2.588","4.51M","-2.80%"
"04/23/2015","2.711","2.729","2.739","2.682","3.58M","0.71%"
"04/22/2015","2.692","2.729","2.739","2.626","5.76M","-2.04%"
"04/21/2015","2.748","2.729","2.814","2.692","5.23M","0.33%"
"04/20/2015","2.739","2.664","2.824","2.654","4.25M","-1.58%"
"04/19/2015","2.783","2.878","2.886","2.704","16.17M","-1.66%"
"04/16/2015","2.830","2.846","2.878","2.767","7.00M","-1.12%"
"04/15/2015","2.862","2.925","2.933","2.791","7.10M","-1.62%"
"04/14/2015","2.909","2.933","2.965","2.886","2.81M","-0.55%"
"04/09/2015","2.925","2.925","2.941","2.901","5.29M","0.27%"
"04/08/2015","2.917","2.870","2.973","2.783","6.05M","-0.55%"
"04/07/2015","2.933","3.004","3.004","2.894","8.80M","1.63%"
"04/06/2015","2.886","2.925","3.004","2.767","14.37M","-0.79%"
"04/05/2015","2.909","3.060","3.099","2.838","10.60M","-5.64%"
"04/02/2015","3.083","3.131","3.162","3.012","7.14M","-2.50%"
"04/01/2015","3.162","3.162","3.226","3.083","12.08M","-0.50%"
"03/31/2015","3.178","3.218","3.234","3.115","10.44M","-0.75%"
"03/30/2015","3.202","3.178","3.226","3.162","6.84M","0.25%"
"03/29/2015","3.194","3.265","3.273","3.162","4.71M","-0.25%"
"03/26/2015","3.202","3.178","3.241","3.139","7.39M","-0.99%"
"03/25/2015","3.234","3.273","3.297","3.194","12.58M","-1.91%"
"03/24/2015","3.297","3.320","3.336","3.265","9.82M","0.49%"
"03/23/2015","3.281","3.241","3.320","3.226","6.42M","0.98%"
"03/22/2015","3.249","3.313","3.313","3.194","6.25M","-2.37%"
"03/19/2015","3.328","3.320","3.360","3.289","7.46M","1.43%"
"03/18/2015","3.281","3.297","3.313","3.226","4.48M","-0.97%"
"03/17/2015","3.313","3.281","3.368","3.257","6.61M","0.24%"
"03/16/2015","3.305","3.344","3.344","3.257","7.80M","-1.64%"
"03/15/2015","3.360","3.368","3.439","3.313","18.78M","3.90%"
"03/12/2015","3.234","3.234","3.281","3.178","5.44M","0.50%"
"03/11/2015","3.218","3.265","3.273","3.186","6.97M","-2.63%"
"03/10/2015","3.305","3.352","3.384","3.202","8.43M","-0.45%"
"03/09/2015","3.320","3.297","3.352","3.281","6.09M","0.21%"
"03/08/2015","3.313","3.313","3.352","3.281","2.72M","0.73%"
"03/05/2015","3.289","3.273","3.313","3.273","3.32M","0.74%"
"03/04/2015","3.265","3.257","3.281","3.234","3.17M","0.25%"
"03/03/2015","3.257","3.226","3.281","3.218","6.12M","1.97%"
"03/02/2015","3.194","3.162","3.241","3.147","7.81M","2.27%"
"03/01/2015","3.123","3.083","3.162","3.060","3.77M","1.56%"
"02/26/2015","3.075","3.218","3.218","3.004","13.51M","-3.73%"
"02/25/2015","3.194","3.241","3.249","3.170","2.12M","-1.24%"
"02/24/2015","3.234","3.226","3.273","3.210","3.53M","0.25%"
"02/23/2015","3.226","3.218","3.289","3.194","6.86M","0.75%"
"02/22/2015","3.202","3.257","3.257","3.154","2.79M","0.50%"
"02/19/2015","3.186","3.257","3.289","3.123","6.73M","-2.66%"
"02/18/2015","3.273","3.297","3.320","3.234","3.17M","2.22%"
"02/17/2015","3.202","3.234","3.289","3.115","5.45M","-0.50%"
"02/16/2015","3.218","3.320","3.344","3.162","6.10M","-3.77%"
"02/15/2015","3.344","3.344","3.368","3.328","1.82M","0.72%"
"02/12/2015","3.320","3.313","3.352","3.265","3.93M","-0.48%"
"02/11/2015","3.336","3.392","3.400","3.273","3.58M","-1.88%"
"02/10/2015","3.400","3.455","3.463","3.360","4.48M","-0.90%"
"02/09/2015","3.431","3.455","3.487","3.400","8.05M","-0.92%"
"02/08/2015","3.463","3.463","3.502","3.447","2.81M","0.00%"
"02/05/2015","3.463","3.494","3.502","3.439","5.65M","-0.89%"
"02/04/2015","3.494","3.518","3.526","3.455","4.43M","0.00%"
"02/03/2015","3.494","3.471","3.526","3.463","9.17M","1.36%"
"02/02/2015","3.447","3.447","3.494","3.415","9.59M","0.00%"
"02/01/2015","3.447","3.494","3.526","3.400","5.04M","-1.15%"
"01/29/2015","3.487","3.518","3.518","3.463","1.69M","-0.88%"
"01/28/2015","3.518","3.526","3.558","3.471","6.79M","-0.45%"
"01/27/2015","3.534","3.510","3.581","3.487","5.88M","0.45%"
"01/26/2015","3.518","3.494","3.566","3.471","7.57M","-1.12%"
"01/22/2015","3.558","3.629","3.629","3.510","11.01M","-0.42%"
"01/21/2015","3.573","3.558","3.629","3.534","11.76M","0.00%"
"01/20/2015","3.573","3.487","3.653","3.479","23.56M","4.38%"
"01/19/2015","3.423","3.352","3.494","3.352","12.79M","1.15%"
"01/18/2015","3.384","3.384","3.431","3.344","5.34M","0.00%"
"01/15/2015","3.384","3.344","3.439","3.313","13.86M","1.20%"
"01/14/2015","3.344","3.360","3.415","3.297","8.01M","0.24%"
"01/13/2015","3.336","3.297","3.384","3.249","8.77M","1.18%"
"01/12/2015","3.297","3.218","3.336","3.194","10.62M","2.20%"
"01/11/2015","3.226","3.202","3.265","3.178","4.50M","1.26%"
"01/08/2015","3.186","3.234","3.241","3.147","6.47M","2.54%"
"01/06/2015","3.107","3.162","3.162","3.020","5.14M","-4.61%"
"01/05/2015","3.257","3.234","3.297","3.210","3.57M","0.25%"
"01/04/2015","3.249","3.313","3.313","3.210","1.59M","-0.49%"
"12/31/2014","3.265","3.313","3.352","3.210","6.89M","-1.45%"
"12/30/2014","3.313","3.344","3.384","3.257","12.36M","0.24%"
"12/29/2014","3.305","3.241","3.392","3.210","10.47M","2.70%"
"12/28/2014","3.218","3.147","3.257","3.131","9.54M","3.04%"
"12/25/2014","3.123","3.091","3.162","3.091","3.84M","0.77%"
"12/24/2014","3.099","3.123","3.162","3.067","7.67M","0.52%"
"12/23/2014","3.083","3.162","3.218","3.028","11.80M","-2.03%"
"12/22/2014","3.147","3.044","3.194","3.012","13.25M","4.76%"
"12/21/2014","3.004","2.917","3.044","2.878","14.40M","8.57%"
"12/18/2014","2.767","2.767","2.830","2.688","8.57M","3.87%"
"12/17/2014","2.664","2.965","3.028","2.601","13.81M","-7.69%"
"12/16/2014","2.886","3.028","3.028","2.759","6.27M","-5.69%"
"12/15/2014","3.060","3.052","3.131","2.965","7.12M","-0.23%"
"12/14/2014","3.067","3.265","3.265","2.973","10.09M","-6.98%"
"12/11/2014","3.297","3.352","3.368","3.249","12.26M","-2.80%"
"12/10/2014","3.392","3.415","3.439","3.352","7.60M","-1.60%"
"12/09/2014","3.447","3.479","3.518","3.392","7.88M","-1.35%"
"12/08/2014","3.494","3.455","3.526","3.439","6.99M","0.00%"
"12/07/2014","3.494","3.471","3.526","3.463","6.04M","0.43%"
"12/04/2014","3.479","3.455","3.518","3.439","10.36M","2.11%"
"12/03/2014","3.407","3.360","3.447","3.344","4.79M","1.40%"
"12/02/2014","3.360","3.407","3.415","3.328","3.66M","-0.94%"
"12/01/2014","3.392","3.400","3.423","3.368","4.54M","0.24%"
"11/30/2014","3.384","3.384","3.423","3.360","6.71M","-0.47%"
"11/27/2014","3.400","3.400","3.431","3.368","5.40M","0.00%"
"11/26/2014","3.400","3.360","3.415","3.360","4.97M","1.43%"
"11/25/2014","3.352","3.336","3.376","3.313","7.33M","-0.71%"
"11/24/2014","3.376","3.431","3.431","3.320","6.03M","-2.06%"
"11/23/2014","3.447","3.415","3.487","3.407","8.74M","0.47%"
"11/20/2014","3.431","3.400","3.471","3.376","8.88M","1.87%"
"11/19/2014","3.368","3.360","3.400","3.328","4.97M","0.48%"
"11/18/2014","3.352","3.360","3.392","3.328","4.83M","0.48%"
"11/17/2014","3.336","3.400","3.400","3.305","12.46M","-2.08%"
"11/16/2014","3.407","3.439","3.455","3.376","4.67M","-0.47%"
"11/13/2014","3.423","3.400","3.447","3.360","6.36M","-0.93%"
"11/12/2014","3.455","3.526","3.542","3.384","15.94M","-2.24%"
"11/11/2014","3.534","3.518","3.573","3.471","24.44M","2.29%"
"11/10/2014","3.455","3.392","3.510","3.360","15.24M","2.10%"
"11/09/2014","3.384","3.439","3.447","3.336","7.22M","-0.91%"
"11/06/2014","3.415","3.392","3.479","3.344","16.29M","0.68%"
"11/05/2014","3.392","3.368","3.415","3.344","8.63M","-1.60%"
"11/04/2014","3.447","3.431","3.518","3.328","24.94M","0.47%"
"11/03/2014","3.431","3.392","3.463","3.392","12.54M","3.09%"
"11/02/2014","3.328","3.273","3.415","3.273","16.03M","4.20%"
"10/30/2014","3.194","3.099","3.281","3.083","31.10M","3.60%"
"10/29/2014","3.083","3.067","3.131","3.052","12.66M","2.36%"
"10/28/2014","3.012","2.925","3.083","2.925","10.21M","2.41%"
"10/27/2014","2.941","3.004","3.020","2.894","9.86M","-2.87%"
"10/26/2014","3.028","3.060","3.107","2.941","10.01M","-1.27%"
"10/23/2014","3.067","3.075","3.131","3.020","16.50M","-1.03%"
"10/22/2014","3.099","3.115","3.123","3.075","9.29M","1.81%"
"10/21/2014","3.044","2.988","3.091","2.957","12.30M","2.94%"
"10/20/2014","2.957","2.965","3.012","2.862","13.27M","-0.27%"
"10/19/2014","2.965","3.012","3.067","2.870","11.35M","-0.27%"
"10/16/2014","2.973","3.012","3.091","2.846","13.00M","-4.07%"
"10/15/2014","3.099","3.123","3.178","3.004","15.66M","1.04%"
"10/14/2014","3.067","3.162","3.178","2.965","23.00M","-3.74%"
"10/13/2014","3.186","3.099","3.226","3.099","14.40M","-1.70%"
"10/12/2014","3.241","3.360","3.368","3.083","15.73M","-4.23%"
"10/09/2014","3.384","3.376","3.407","3.352","6.53M","0.48%"
"10/08/2014","3.368","3.439","3.439","3.336","8.57M","-1.38%"
"10/02/2014","3.415","3.423","3.455","3.376","6.87M","0.92%"
"10/01/2014","3.384","3.415","3.447","3.368","4.96M","-1.14%"
"09/30/2014","3.423","3.447","3.463","3.400","10.68M","-0.23%"
"09/29/2014","3.431","3.376","3.463","3.376","7.11M","1.63%"
"09/28/2014","3.376","3.384","3.423","3.344","5.08M","-1.83%"
"09/25/2014","3.439","3.439","3.479","3.376","5.42M","0.00%"
"09/24/2014","3.439","3.502","3.510","3.384","9.12M","-1.57%"
"09/23/2014","3.494","3.455","3.526","3.455","7.29M","0.20%"
"09/22/2014","3.487","3.494","3.526","3.439","9.34M","-0.43%"
"09/21/2014","3.502","3.534","3.550","3.463","7.25M","-0.68%"
"09/18/2014","3.526","3.518","3.558","3.479","16.72M","1.82%"
"09/17/2014","3.463","3.400","3.526","3.360","11.37M","0.93%"
"09/16/2014","3.431","3.455","3.487","3.368","9.56M","0.23%"
"09/15/2014","3.423","3.360","3.447","3.344","6.74M","0.00%"
"09/14/2014","3.423","3.431","3.479","3.360","6.90M","1.39%"
"09/11/2014","3.376","3.471","3.471","3.281","23.92M","-3.60%"
"09/10/2014","3.502","3.573","3.589","3.415","19.45M","-1.35%"
"09/09/2014","3.550","3.534","3.597","3.487","9.23M","-1.53%"
"09/08/2014","3.605","3.621","3.668","3.518","16.51M","-0.22%"
"09/07/2014","3.613","3.558","3.653","3.558","16.25M","1.77%"
"09/04/2014","3.550","3.534","3.597","3.494","13.55M","0.45%"
"09/03/2014","3.534","3.526","3.566","3.502","8.83M","0.45%"
"09/02/2014","3.518","3.455","3.573","3.455","27.62M","2.06%"
"09/01/2014","3.447","3.455","3.471","3.423","4.73M","0.00%"
"08/31/2014","3.447","3.455","3.487","3.407","8.48M","0.00%"
"08/28/2014","3.447","3.439","3.479","3.423","5.50M","0.00%"
"08/27/2014","3.447","3.471","3.487","3.415","7.64M","0.23%"
"08/26/2014","3.439","3.439","3.471","3.400","8.73M","-0.69%"
"08/25/2014","3.463","3.526","3.550","3.400","17.43M","-1.34%"
"08/24/2014","3.510","3.471","3.550","3.463","11.40M","1.36%"
"08/21/2014","3.463","3.479","3.494","3.439","7.57M","-2.01%"
"08/20/2014","3.534","3.510","3.589","3.439","24.69M","1.14%"
"08/19/2014","3.494","3.415","3.542","3.415","16.47M","1.36%"
"08/18/2014","3.447","3.463","3.494","3.400","12.00M","-1.35%"
"08/17/2014","3.494","3.526","3.550","3.447","9.92M","-0.91%"
"08/14/2014","3.526","3.502","3.566","3.502","15.65M","-0.23%"
"08/13/2014","3.534","3.487","3.605","3.463","37.25M","3.24%"
"08/12/2014","3.423","3.384","3.479","3.336","25.46M","0.68%"
"08/11/2014","3.400","3.384","3.423","3.368","8.89M","0.47%"
"08/10/2014","3.384","3.384","3.415","3.344","7.47M","-0.68%"
"08/07/2014","3.407","3.384","3.439","3.344","20.91M","2.13%"
"08/06/2014","3.336","3.313","3.376","3.289","15.11M","0.00%"
"08/05/2014","3.336","3.305","3.376","3.289","22.35M","1.18%"
"08/04/2014","3.297","3.273","3.328","3.265","8.72M","0.49%"
"08/03/2014","3.281","3.320","3.328","3.234","14.75M","-0.97%"
"07/31/2014","3.313","3.313","3.352","3.289","12.24M","0.49%"
"07/27/2014","3.297","3.297","3.336","3.281","3.54M","-0.48%"
"07/24/2014","3.313","3.281","3.336","3.257","16.52M","2.22%"
"07/22/2014","3.241","3.226","3.281","3.218","7.84M","0.46%"
"07/21/2014","3.226","3.273","3.273","3.202","11.45M","-1.44%"
"07/20/2014","3.273","3.336","3.336","3.210","9.86M","-2.12%"
"07/17/2014","3.344","3.297","3.360","3.297","9.20M","0.24%"
"07/16/2014","3.336","3.360","3.384","3.289","12.47M","-0.24%"
"07/15/2014","3.344","3.313","3.376","3.305","16.57M","1.67%"
"07/14/2014","3.289","3.249","3.313","3.249","5.44M","1.23%"
"07/13/2014","3.249","3.249","3.281","3.234","5.54M","-1.46%"
"07/10/2014","3.297","3.320","3.344","3.249","15.45M","-1.17%"
"07/09/2014","3.336","3.313","3.392","3.305","16.97M","1.18%"
"07/08/2014","3.297","3.241","3.328","3.241","17.47M","1.23%"
"07/07/2014","3.257","3.234","3.305","3.202","11.75M","0.71%"
"07/06/2014","3.234","3.186","3.265","3.147","11.09M","0.00%"
"07/03/2014","3.234","3.257","3.297","3.186","11.86M","2.76%"
"07/02/2014","3.147","3.178","3.249","3.052","19.77M","-0.22%"
"06/30/2014","3.154","3.123","3.194","3.123","7.15M","1.77%"
"06/29/2014","3.099","3.123","3.139","3.052","2.23M","-1.27%"
"06/26/2014","3.139","3.083","3.202","3.083","12.33M","0.77%"
"06/25/2014","3.115","3.123","3.178","3.052","16.73M","-3.20%"
"06/24/2014","3.218","3.313","3.320","3.123","22.00M","-3.31%"
"06/23/2014","3.328","3.320","3.384","3.273","8.37M","0.24%"
"06/22/2014","3.320","3.400","3.439","3.273","8.49M","-0.95%"
"06/19/2014","3.352","3.234","3.392","3.234","5.90M","-0.48%"
"06/18/2014","3.368","3.360","3.431","3.273","13.32M","0.00%"
"06/17/2014","3.368","3.423","3.479","3.234","19.26M","-2.06%"
"06/16/2014","3.439","3.518","3.526","3.384","11.99M","-1.80%"
"06/15/2014","3.502","3.534","3.558","3.479","12.54M","-2.42%"
"06/12/2014","3.589","3.597","3.653","3.510","16.54M","0.87%"
"06/11/2014","3.558","3.494","3.597","3.487","21.49M","1.83%"
"06/10/2014","3.494","3.502","3.534","3.463","17.82M","-1.36%"
"06/09/2014","3.542","3.558","3.605","3.487","25.40M","-0.45%"
"06/05/2014","3.558","3.439","3.605","3.439","24.69M","5.14%"
"06/04/2014","3.384","3.241","3.487","3.186","29.49M","3.90%"
"06/03/2014","3.257","3.289","3.313","3.162","17.95M","-0.49%"
"06/02/2014","3.273","3.336","3.376","3.194","18.98M","1.71%"
"06/01/2014","3.218","3.297","3.344","3.123","18.72M","-6.43%"
"05/29/2014","3.439","3.581","3.613","3.210","35.43M","-3.13%"
"05/28/2014","3.550","3.597","3.597","3.502","15.96M","-2.82%"
"05/26/2014","3.653","3.684","3.739","3.542","40.03M","-0.63%"
"05/25/2014","3.676","3.637","3.724","3.621","14.57M","0.63%"
"05/22/2014","3.653","3.668","3.692","3.613","14.67M","0.66%"
"05/21/2014","3.629","3.589","3.676","3.573","16.51M","0.00%"
"05/20/2014","3.629","3.676","3.692","3.558","21.50M","0.89%"
"05/19/2014","3.597","3.542","3.684","3.510","30.78M","1.55%"
"05/18/2014","3.542","3.589","3.653","3.479","13.56M","-0.87%"
"05/15/2014","3.573","3.502","3.597","3.502","22.36M","2.03%"
"05/14/2014","3.502","3.431","3.573","3.423","27.12M","2.79%"
"05/13/2014","3.407","3.352","3.431","3.352","15.63M","1.88%"
"05/12/2014","3.344","3.328","3.376","3.320","8.97M","0.00%"
"05/11/2014","3.344","3.400","3.400","3.305","10.33M","0.24%"
"05/08/2014","3.336","3.360","3.376","3.297","29.07M","-1.18%"
"05/07/2014","3.376","3.400","3.447","3.297","22.96M","0.24%"
"05/06/2014","3.368","3.328","3.455","3.297","61.10M","1.91%"
"05/05/2014","3.305","3.281","3.336","3.265","11.16M","-0.24%"
"05/04/2014","3.313","3.218","3.344","3.218","15.46M","2.44%"
"04/30/2014","3.234","3.147","3.289","3.147","25.03M","3.03%"
"04/29/2014","3.139","3.044","3.194","3.044","16.71M","0.26%"
"04/28/2014","3.131","3.202","3.226","3.020","25.64M","-3.18%"
"04/27/2014","3.234","3.234","3.297","3.178","9.67M","-1.19%"
"04/23/2014","3.273","3.249","3.328","3.218","22.31M","0.99%"
"04/22/2014","3.241","3.226","3.313","3.202","12.69M","3.25%"
"04/17/2014","3.139","3.036","3.218","2.996","17.39M","3.12%"
"04/16/2014","3.044","3.044","3.083","3.004","15.15M","1.06%"
"04/15/2014","3.012","2.909","3.052","2.886","18.92M","3.83%"
"04/14/2014","2.901","2.846","2.965","2.838","8.76M","0.24%"
"04/13/2014","2.894","2.965","2.996","2.822","10.16M","-1.33%"
"04/10/2014","2.933","2.870","3.012","2.807","20.54M","4.49%"
"04/09/2014","2.807","2.728","2.870","2.696","10.96M","1.45%"
"04/08/2014","2.767","2.751","2.822","2.704","12.12M","2.94%"
"04/07/2014","2.688","2.648","2.751","2.585","19.09M","-1.72%"
"04/06/2014","2.735","2.878","2.917","2.562","18.97M","-2.57%"
"04/03/2014","2.807","2.925","2.933","2.728","16.57M","-5.58%"
"04/02/2014","2.973","3.004","3.083","2.894","21.71M","0.00%"
"04/01/2014","2.973","2.917","3.028","2.870","10.71M","2.20%"
"03/31/2014","2.909","3.123","3.147","2.799","22.51M","-6.37%"
"03/30/2014","3.107","3.083","3.162","3.044","13.67M","-1.99%"
"03/27/2014","3.170","3.336","3.384","3.020","44.13M","-4.98%"
"03/26/2014","3.336","3.336","3.384","3.281","10.33M","0.00%"
"03/25/2014","3.336","3.273","3.384","3.273","19.16M","2.17%"
"03/24/2014","3.265","3.218","3.305","3.218","11.63M","0.25%"
"03/23/2014","3.257","3.265","3.297","3.194","16.78M","0.71%"
"03/20/2014","3.234","3.162","3.265","3.154","28.90M","1.51%"
"03/19/2014","3.186","3.226","3.249","3.139","24.95M","0.76%"
"03/18/2014","3.162","3.083","3.226","3.083","34.44M","3.88%"
"03/17/2014","3.044","3.004","3.091","3.004","11.84M","0.53%"
"03/16/2014","3.028","3.036","3.099","2.965","24.64M","1.07%"
"03/13/2014","2.996","2.949","3.044","2.917","30.33M","2.71%"
"03/12/2014","2.917","2.838","2.957","2.830","32.30M","4.22%"
"03/11/2014","2.799","2.720","2.870","2.720","35.06M","3.51%"
"03/10/2014","2.704","2.680","2.735","2.641","10.85M","0.60%"
"03/09/2014","2.688","2.704","2.728","2.648","11.54M","-0.88%"
"03/06/2014","2.712","2.728","2.735","2.688","10.76M","-0.84%"
"03/05/2014","2.735","2.720","2.759","2.688","30.27M","2.97%"
"03/04/2014","2.656","2.585","2.712","2.585","17.55M","2.43%"
"03/03/2014","2.593","2.664","2.672","2.538","20.32M","-3.25%"
"03/02/2014","2.680","2.672","2.751","2.617","22.00M","-1.18%"
"02/27/2014","2.712","2.688","2.751","2.688","19.22M","1.80%"
"02/26/2014","2.664","2.554","2.720","2.554","19.77M","-0.30%"
"02/25/2014","2.672","2.688","2.735","2.617","21.74M","0.00%"
"02/24/2014","2.672","2.648","2.743","2.601","23.29M","0.30%"
"02/23/2014","2.664","2.648","2.696","2.617","27.31M","1.18%"
"02/20/2014","2.633","2.562","2.680","2.562","29.29M","3.09%"
"02/19/2014","2.554","2.514","2.601","2.498","31.60M","0.63%"
"02/18/2014","2.538","2.522","2.569","2.490","27.47M","2.88%"
"02/17/2014","2.467","2.332","2.554","2.332","31.92M","1.31%"
"02/16/2014","2.435","2.482","2.498","2.388","13.91M","-1.30%"
"02/13/2014","2.467","2.482","2.498","2.443","21.52M","-1.87%"
"02/12/2014","2.514","2.546","2.562","2.475","17.71M","-0.63%"
"02/11/2014","2.530","2.522","2.562","2.482","15.41M","0.00%"
"02/10/2014","2.530","2.530","2.562","2.490","14.43M","0.64%"
"02/09/2014","2.514","2.490","2.554","2.451","26.25M","1.58%"
"02/06/2014","2.475","2.459","2.506","2.427","21.95M","2.65%"
"02/05/2014","2.411","2.372","2.435","2.372","13.22M","1.30%"
"02/04/2014","2.380","2.427","2.435","2.340","13.88M","-1.94%"
"02/03/2014","2.427","2.451","2.459","2.403","16.50M","-1.62%"
"02/02/2014","2.467","2.459","2.506","2.411","22.48M","0.33%"
"01/30/2014","2.459","2.411","2.498","2.411","41.67M","2.67%"
"01/29/2014","2.395","2.356","2.435","2.324","37.72M","2.35%"
"01/28/2014","2.340","2.316","2.372","2.301","48.08M","2.77%"
"01/27/2014","2.277","2.245","2.324","2.222","14.91M","1.79%"
"01/26/2014","2.237","2.261","2.277","2.206","17.57M","-1.06%"
"01/23/2014","2.261","2.356","2.356","2.229","17.60M","0.71%"
"01/22/2014","2.245","2.214","2.285","2.206","19.60M","2.89%"
"01/21/2014","2.182","2.182","2.214","2.150","15.39M","0.74%"
"01/20/2014","2.166","2.166","2.198","2.135","9.89M","-0.37%"
"01/19/2014","2.174","2.214","2.229","2.135","10.73M","-2.47%"
"01/16/2014","2.229","2.269","2.269","2.198","12.02M","-1.42%"
"01/15/2014","2.261","2.261","2.301","2.229","25.14M","-1.40%"
"01/14/2014","2.293","2.269","2.340","2.245","44.73M","2.14%"
"01/12/2014","2.245","2.229","2.285","2.198","29.18M","3.27%"
"01/09/2014","2.174","2.119","2.261","2.119","35.54M","2.60%"
"01/08/2014","2.119","2.087","2.150","2.063","17.47M","1.92%"
"01/06/2014","2.079","2.103","2.119","2.056","13.29M","-1.14%"
"01/05/2014","2.103","2.103","2.119","2.079","15.49M","0.38%"
"01/02/2014","2.095","2.079","2.103","2.079","5.78M","1.16%"
"12/31/2013","2.071","2.111","2.111","2.056","11.52M","-1.15%"
"12/30/2013","2.095","2.079","2.111","2.079","4.67M","0.00%"
"12/29/2013","2.095","2.111","2.135","2.071","8.89M","-1.50%"
"12/26/2013","2.127","2.166","2.166","2.119","11.22M","-1.07%"
"12/25/2013","2.150","2.111","2.166","2.111","18.85M","1.85%"
"12/24/2013","2.111","2.119","2.127","2.087","10.58M","-0.38%"
"12/23/2013","2.119","2.111","2.143","2.103","13.54M","-1.12%"
"12/22/2013","2.143","2.119","2.190","2.103","30.38M","1.52%"
"12/19/2013","2.111","2.071","2.127","2.071","23.82M","1.15%"
"12/18/2013","2.087","2.071","2.111","2.063","18.06M","0.38%"
"12/17/2013","2.079","2.056","2.111","2.048","18.26M","1.91%"
"12/16/2013","2.040","2.071","2.071","2.024","5.35M","-1.11%"
"12/15/2013","2.063","2.063","2.095","2.032","15.51M","0.73%"
"12/12/2013","2.048","2.016","2.071","2.016","20.38M","2.40%"
"12/11/2013","2.000","2.000","2.008","1.984","6.65M","0.00%"
"12/10/2013","2.000","1.992","2.016","1.976","7.73M","0.00%"
"12/09/2013","2.000","2.024","2.040","1.969","14.35M","-1.96%"
"12/08/2013","2.040","2.024","2.079","2.000","19.04M","0.79%"
"12/05/2013","2.024","1.992","2.048","1.992","9.33M","-0.39%"
"12/04/2013","2.032","2.040","2.056","2.016","8.73M","0.00%"
"12/03/2013","2.032","2.071","2.071","2.016","10.31M","-2.64%"
"12/02/2013","2.087","2.245","2.245","2.016","35.39M","1.90%"
"12/01/2013","2.048","1.976","2.087","1.976","24.30M","3.23%"
"11/28/2013","1.984","1.984","2.008","1.953","14.21M","-1.20%"
"11/27/2013","2.008","2.048","2.056","1.961","15.64M","-1.95%"
"11/26/2013","2.048","2.040","2.063","2.032","10.57M","-0.39%"
"11/25/2013","2.056","2.158","2.158","2.024","22.92M","-2.61%"
"11/24/2013","2.111","2.135","2.143","2.079","12.56M","-0.75%"
"11/21/2013","2.127","2.071","2.158","2.071","34.81M","-0.75%"
"11/20/2013","2.143","2.040","2.182","2.040","30.93M","4.64%"
"11/19/2013","2.048","1.969","2.135","1.961","49.06M","3.64%"
"11/18/2013","1.976","1.961","1.992","1.953","8.85M","0.36%"
"11/17/2013","1.969","1.976","1.984","1.945","5.56M","0.82%"
"11/14/2013","1.953","1.984","1.984","1.937","5.03M","-0.41%"
"11/13/2013","1.961","1.969","1.984","1.937","13.44M","-1.16%"
"11/12/2013","1.984","1.818","2.024","1.818","7.74M","0.00%"
"11/11/2013","1.984","1.818","2.008","1.818","12.36M","-1.20%"
"11/10/2013","2.008","2.016","2.032","1.984","14.55M","-0.79%"
"11/07/2013","2.024","2.079","2.079","2.000","15.63M","0.80%"
"11/06/2013","2.008","1.976","2.032","1.976","24.63M","1.98%"
"11/04/2013","1.969","1.945","2.000","1.937","13.13M","0.82%"
"11/03/2013","1.953","1.953","1.976","1.945","7.18M","-0.81%"
"10/31/2013","1.969","1.984","2.000","1.953","8.92M","-1.15%"
"10/30/2013","1.992","1.984","2.024","1.961","13.33M","0.81%"
"10/29/2013","1.976","1.755","2.016","1.755","13.02M","1.70%"
"10/28/2013","1.943","2.026","2.026","1.898","27.92M","-5.13%"
"10/27/2013","2.048","2.063","2.086","2.003","27.00M","2.61%"
"10/24/2013","1.996","1.943","2.041","1.943","37.90M","1.94%"
"10/23/2013","1.958","1.905","1.988","1.905","33.92M","0.00%"
"10/22/2013","1.958","1.898","1.988","1.898","52.71M","4.43%"
"10/21/2013","1.875","1.815","1.928","1.800","62.02M","2.91%"
"10/20/2013","1.822","1.838","1.853","1.807","16.60M","0.00%"
"10/13/2013","1.822","1.830","1.838","1.807","14.11M","0.00%"
"10/10/2013","1.822","1.807","1.845","1.800","20.99M","0.83%"
"10/09/2013","1.807","1.792","1.822","1.777","11.31M","0.39%"
"10/08/2013","1.800","1.800","1.807","1.777","7.55M","-0.83%"
"10/07/2013","1.815","1.800","1.838","1.785","10.85M","0.83%"
"10/03/2013","1.800","1.762","1.822","1.762","13.36M","1.69%"
"10/02/2013","1.770","1.785","1.792","1.755","8.77M","-1.23%"
"10/01/2013","1.792","1.792","1.807","1.762","14.18M","1.24%"
"09/30/2013","1.770","1.815","1.815","1.747","21.04M","-2.05%"
"09/29/2013","1.807","1.853","1.860","1.777","14.67M","-1.26%"
"09/26/2013","1.830","1.807","1.853","1.800","26.74M","1.67%"
"09/25/2013","1.800","1.800","1.815","1.785","10.74M","-0.39%"
"09/24/2013","1.807","1.792","1.830","1.785","14.06M","0.84%"
"09/23/2013","1.792","1.777","1.838","1.762","19.97M","0.00%"
"09/22/2013","1.792","1.785","1.815","1.770","16.76M","2.11%"
"09/19/2013","1.755","1.905","1.905","1.694","16.68M","1.33%"
"09/18/2013","1.732","1.740","1.762","1.710","11.54M","-0.46%"
"09/17/2013","1.740","1.747","1.770","1.717","14.72M","-0.85%"
"09/16/2013","1.755","1.762","1.785","1.732","14.13M","0.46%"
"09/15/2013","1.747","1.581","1.770","1.581","24.73M","1.75%"
"09/12/2013","1.717","1.717","1.740","1.687","13.41M","-0.46%"
"09/11/2013","1.725","1.687","1.747","1.687","23.94M","0.47%"
"09/10/2013","1.717","1.657","1.747","1.657","30.73M","5.08%"
"09/09/2013","1.634","1.604","1.664","1.597","17.04M","1.36%"
"09/08/2013","1.612","1.604","1.634","1.581","9.54M","0.00%"
"09/05/2013","1.612","1.581","1.657","1.581","10.79M","0.00%"
"09/04/2013","1.612","1.574","1.672","1.574","14.90M","-1.83%"
"09/03/2013","1.642","1.679","1.694","1.604","16.26M","-1.79%"
"09/02/2013","1.672","1.672","1.725","1.642","14.21M","-3.07%"
"09/01/2013","1.725","1.702","1.755","1.687","20.75M","1.35%"
"08/29/2013","1.702","1.838","1.838","1.649","13.32M","1.79%"
"08/28/2013","1.672","1.581","1.740","1.581","23.25M","-4.29%"
"08/27/2013","1.747","1.785","1.792","1.710","21.16M","-3.32%"
"08/26/2013","1.807","1.830","1.830","1.792","12.14M","-1.26%"
"08/25/2013","1.830","1.830","1.853","1.822","10.36M","0.83%"
"08/22/2013","1.815","1.792","1.838","1.792","12.20M","1.28%"
"08/21/2013","1.792","1.822","1.822","1.777","13.36M","-0.83%"
"08/20/2013","1.807","1.792","1.845","1.792","15.43M","2.55%"
"08/19/2013","1.762","1.725","1.777","1.725","14.84M","0.86%"
"08/18/2013","1.747","1.747","1.807","1.717","16.27M","-2.94%"
"08/14/2013","1.800","1.830","1.838","1.755","19.59M","-2.07%"
"08/13/2013","1.838","1.845","1.860","1.822","15.76M","0.88%"
"08/12/2013","1.822","1.838","1.860","1.800","17.73M","-1.25%"
"08/07/2013","1.845","1.860","1.883","1.807","23.06M","-1.60%"
"08/06/2013","1.875","1.868","1.890","1.845","12.06M","-0.79%"
"08/05/2013","1.890","1.845","1.913","1.845","30.77M","2.44%"
"08/04/2013","1.845","1.966","1.966","1.792","32.12M","2.96%"
"08/01/2013","1.792","1.770","1.800","1.770","8.53M","0.84%"
"07/31/2013","1.777","1.785","1.800","1.755","17.55M","-1.28%"
"07/30/2013","1.800","1.807","1.822","1.785","11.10M","-0.39%"
"07/29/2013","1.807","1.815","1.838","1.792","11.55M","-0.44%"
"07/28/2013","1.815","1.725","1.845","1.725","15.00M","1.68%"
"07/25/2013","1.785","1.710","1.822","1.710","19.02M","0.00%"
"07/24/2013","1.785","1.830","1.853","1.702","27.73M","-4.44%"
"07/22/2013","1.868","1.860","1.890","1.845","21.82M","0.43%"
"07/21/2013","1.860","1.822","1.883","1.822","20.42M","2.09%"
"07/18/2013","1.822","1.883","1.883","1.785","13.52M","-1.25%"
"07/17/2013","1.845","1.860","1.913","1.800","33.97M","-0.43%"
"07/16/2013","1.853","1.838","1.875","1.807","25.68M","3.40%"
"07/15/2013","1.792","1.732","1.822","1.732","27.80M","-1.65%"
"07/14/2013","1.822","1.860","1.860","1.785","23.85M","-1.67%"
"07/11/2013","1.853","1.649","2.011","1.649","33.08M","1.26%"
"07/10/2013","1.830","1.845","1.913","1.747","41.80M","4.75%"
"07/09/2013","1.747","1.634","1.777","1.634","30.83M","7.91%"
"07/08/2013","1.619","1.672","1.679","1.574","30.93M","-1.82%"
"07/07/2013","1.649","1.664","1.664","1.506","49.68M","8.92%"
"07/04/2013","1.514","1.453","1.514","1.453","749.03K","9.87%"
"07/03/2013","1.378","1.197","1.446","1.197","24.18M","4.00%"
"07/02/2013","1.325","1.333","1.333","1.212","26.93M","9.32%"
"06/30/2013","1.212","1.212","1.228","1.190","11.55M","-0.66%"
"06/27/2013","1.220","1.197","1.235","1.175","11.79M","1.92%"
"06/26/2013","1.197","1.205","1.228","1.175","14.00M","0.00%"
"06/25/2013","1.197","1.175","1.220","1.160","12.22M","4.54%"
"06/24/2013","1.145","1.100","1.182","1.100","11.16M","1.33%"
"06/23/2013","1.130","1.167","1.175","1.107","9.48M","-3.83%"
"06/20/2013","1.175","1.175","1.190","1.152","8.53M","0.00%"
"06/19/2013","1.175","1.205","1.205","1.167","8.61M","-2.49%"
"06/18/2013","1.205","1.212","1.235","1.182","7.96M","0.67%"
"06/17/2013","1.197","1.197","1.220","1.160","11.84M","0.00%"
"06/16/2013","1.197","1.243","1.243","1.167","10.36M","-1.24%"
"06/13/2013","1.212","1.190","1.243","1.152","12.40M","-1.30%"
"06/12/2013","1.228","1.333","1.333","1.212","16.21M","-8.36%"
"06/11/2013","1.340","1.340","1.371","1.310","9.85M","1.67%"
"06/10/2013","1.318","1.356","1.378","1.288","14.77M","-6.92%"
"06/09/2013","1.416","1.476","1.491","1.340","14.57M","-3.61%"
"06/06/2013","1.469","1.469","1.491","1.431","12.84M","-1.01%"
"06/05/2013","1.484","1.544","1.566","1.431","18.95M","-4.81%"
"06/04/2013","1.559","1.574","1.604","1.536","15.79M","-3.71%"
"06/03/2013","1.619","1.657","1.664","1.581","13.61M","-2.29%"
"06/02/2013","1.657","1.679","1.687","1.642","11.61M","-0.90%"
"05/30/2013","1.672","1.642","1.702","1.634","18.88M","1.39%"
"05/29/2013","1.649","1.679","1.679","1.627","16.16M","-2.66%"
"05/28/2013","1.694","1.702","1.710","1.679","7.78M","0.89%"
"05/27/2013","1.679","1.672","1.710","1.649","11.00M","-0.47%"
"05/26/2013","1.687","1.725","1.725","1.672","9.80M","-2.20%"
"05/23/2013","1.725","1.747","1.747","1.717","11.11M","-1.71%"
"05/22/2013","1.755","1.762","1.777","1.740","7.08M","0.00%"
"05/21/2013","1.755","1.732","1.770","1.732","8.09M","0.46%"
"05/20/2013","1.747","1.777","1.777","1.740","13.48M","-1.69%"
"05/19/2013","1.777","1.762","1.792","1.762","7.24M","0.85%"
"05/16/2013","1.762","1.785","1.785","1.747","20.47M","-1.29%"
"05/15/2013","1.785","1.725","1.815","1.725","40.50M","3.96%"
"05/14/2013","1.717","1.672","1.762","1.657","35.89M","3.19%"
"05/13/2013","1.664","1.687","1.687","1.649","20.67M","-1.77%"
"05/12/2013","1.694","1.702","1.717","1.679","14.22M","-0.94%"
"05/09/2013","1.710","1.702","1.732","1.694","11.41M","-0.41%"
"05/08/2013","1.717","1.717","1.740","1.694","15.68M","1.36%"
"05/07/2013","1.694","1.642","1.740","1.642","40.22M","3.67%"
"05/02/2013","1.634","1.627","1.649","1.619","14.27M","0.43%"
"04/30/2013","1.627","1.619","1.649","1.612","14.39M","0.49%"
"04/29/2013","1.619","1.634","1.642","1.612","8.70M","-0.92%"
"04/28/2013","1.634","1.642","1.657","1.619","11.71M","1.36%"
"04/24/2013","1.612","1.506","1.642","1.506","18.31M","-0.43%"
"04/23/2013","1.619","1.627","1.664","1.581","21.50M","-1.40%"
"04/22/2013","1.642","1.649","1.664","1.627","13.94M","-1.79%"
"04/21/2013","1.672","1.634","1.710","1.634","22.48M","2.33%"
"04/18/2013","1.634","1.589","1.672","1.581","27.38M","2.83%"
"04/17/2013","1.589","1.604","1.604","1.566","12.93M","-1.85%"
"04/16/2013","1.619","1.604","1.642","1.597","22.09M","0.43%"
"04/15/2013","1.612","1.642","1.649","1.589","21.55M","-0.92%"
"04/14/2013","1.627","1.612","1.649","1.604","19.86M","1.43%"
"04/11/2013","1.604","1.536","1.627","1.536","26.43M","5.94%"
"04/10/2013","1.514","1.469","1.551","1.461","21.93M","2.57%"
"04/09/2013","1.476","1.461","1.491","1.461","10.87M","1.58%"
"04/08/2013","1.453","1.431","1.476","1.423","12.75M","1.54%"
"04/07/2013","1.431","1.431","1.446","1.416","8.04M","0.56%"
"04/04/2013","1.423","1.401","1.446","1.386","11.63M","0.49%"
"04/03/2013","1.416","1.446","1.446","1.393","15.11M","-3.08%"
"04/02/2013","1.461","1.461","1.476","1.446","11.13M","0.55%"
"04/01/2013","1.453","1.340","1.544","1.340","14.62M","-2.09%"
"03/31/2013","1.484","1.521","1.521","1.446","13.56M","-2.94%"
"03/28/2013","1.529","1.536","1.551","1.514","10.45M","-0.46%"
"03/27/2013","1.536","1.544","1.551","1.521","13.58M","-0.52%"
"03/26/2013","1.544","1.574","1.574","1.529","12.95M","-2.83%"
"03/25/2013","1.589","1.604","1.612","1.574","7.05M","-0.94%"
"03/24/2013","1.604","1.597","1.619","1.581","9.86M","0.00%"
"03/21/2013","1.604","1.597","1.619","1.589","10.52M","0.44%"
"03/20/2013","1.597","1.612","1.619","1.574","8.29M","-1.84%"
"03/19/2013","1.627","1.619","1.642","1.612","9.79M","0.93%"
"03/18/2013","1.612","1.634","1.634","1.589","7.92M","-1.83%"
"03/17/2013","1.642","1.566","1.702","1.566","10.46M","1.86%"
"03/14/2013","1.612","1.619","1.627","1.597","12.70M","-0.43%"
"03/13/2013","1.619","1.642","1.642","1.597","10.07M","-2.29%"
"03/12/2013","1.657","1.657","1.679","1.634","13.39M","0.49%"
"03/11/2013","1.649","1.634","1.664","1.627","11.01M","1.85%"
"03/10/2013","1.619","1.755","1.755","1.574","15.25M","1.38%"
"03/07/2013","1.597","1.581","1.619","1.581","13.52M","1.01%"
"03/06/2013","1.581","1.612","1.612","1.544","21.13M","0.44%"
"03/05/2013","1.574","1.581","1.612","1.521","14.46M","-1.44%"
"03/04/2013","1.597","1.679","1.694","1.544","27.14M","-6.61%"
"03/03/2013","1.710","1.710","1.732","1.694","13.12M","-0.41%"
"02/28/2013","1.717","1.732","1.747","1.694","19.16M","-1.32%"
"02/27/2013","1.740","1.755","1.762","1.717","11.86M","-0.40%"
"02/26/2013","1.747","1.694","1.777","1.694","9.98M","0.00%"
"02/25/2013","1.747","1.732","1.770","1.710","17.35M","0.40%"
"02/24/2013","1.740","1.792","1.792","1.710","15.53M","-2.52%"
"02/21/2013","1.785","1.770","1.800","1.762","11.80M","0.00%"
"02/20/2013","1.785","1.649","1.830","1.649","14.24M","-2.46%"
"02/19/2013","1.830","1.868","1.875","1.792","20.05M","-2.81%"
"02/18/2013","1.883","1.898","1.913","1.860","13.28M","-0.79%"
"02/17/2013","1.898","1.898","1.913","1.890","11.45M","0.80%"
"02/14/2013","1.883","1.875","1.898","1.875","9.99M","-0.37%"
"02/13/2013","1.890","1.920","1.920","1.868","19.52M","-1.20%"
"02/12/2013","1.913","1.868","1.935","1.868","26.32M","2.41%"
"02/11/2013","1.868","1.860","1.875","1.853","9.63M","-0.80%"
"02/10/2013","1.883","1.883","1.905","1.853","13.98M","0.43%"
"02/07/2013","1.875","1.860","1.898","1.845","14.77M","0.37%"
"02/06/2013","1.868","1.913","1.920","1.838","26.12M","-1.94%"
"02/05/2013","1.905","1.905","1.935","1.883","25.06M","0.79%"
"02/04/2013","1.890","1.868","1.920","1.868","29.68M","1.18%"
"02/03/2013","1.868","1.845","1.905","1.830","25.72M","4.24%"
"01/31/2013","1.792","1.732","1.838","1.732","29.58M","1.24%"
"01/30/2013","1.770","1.694","1.800","1.694","15.51M","1.32%"
"01/29/2013","1.747","1.785","1.785","1.694","23.19M","-2.94%"
"01/28/2013","1.800","1.845","1.845","1.777","18.91M","-0.83%"
"01/27/2013","1.815","1.664","1.868","1.664","16.62M","-1.63%"
"01/23/2013","1.845","1.830","1.875","1.815","22.14M","0.38%"
"01/22/2013","1.838","1.800","1.860","1.800","19.90M","2.57%"
"01/21/2013","1.792","1.800","1.815","1.762","19.20M","-3.29%"
"01/20/2013","1.853","1.935","1.935","1.785","21.86M","-2.73%"
"01/17/2013","1.905","1.913","1.958","1.860","23.04M","0.00%"
"01/16/2013","1.905","1.807","1.951","1.807","36.13M","1.98%"
"01/15/2013","1.868","1.890","1.920","1.830","25.28M","-3.86%"
"01/14/2013","1.943","1.883","1.973","1.883","22.06M","0.00%"
"01/13/2013","1.943","1.951","1.981","1.913","22.54M","-1.52%"
"01/10/2013","1.973","1.988","2.018","1.935","30.05M","-2.23%"
"01/09/2013","2.018","2.026","2.048","1.981","32.93M","1.51%"
"01/08/2013","1.988","1.935","2.026","1.920","36.42M","2.32%"
"01/06/2013","1.943","1.996","1.996","1.913","34.27M","0.41%"
"01/03/2013","1.935","1.928","1.966","1.905","29.76M","1.15%"
"01/02/2013","1.913","1.868","1.943","1.868","26.41M","4.08%"
"12/31/2012","1.838","1.822","1.868","1.792","19.31M","-0.81%"
"12/30/2012","1.853","1.928","1.928","1.822","22.32M","0.00%"
"12/27/2012","1.853","1.815","1.890","1.815","27.33M","5.16%"
"12/26/2012","1.762","1.657","1.830","1.657","31.81M","-0.84%"
"12/25/2012","1.777","1.830","1.838","1.740","27.52M","-2.90%"
"12/24/2012","1.830","1.770","1.875","1.770","19.26M","-0.81%"
"12/23/2012","1.845","1.807","2.018","1.755","38.28M","-2.79%"
"12/20/2012","1.898","1.890","1.935","1.860","20.24M","-0.37%"
"12/19/2012","1.905","1.913","1.951","1.822","32.28M","4.56%"
"12/18/2012","1.822","1.725","1.913","1.702","45.85M","4.29%"
"12/17/2012","1.747","1.770","1.792","1.717","32.20M","-0.46%"
"12/16/2012","1.755","1.672","1.800","1.672","30.34M","4.53%"
"12/13/2012","1.679","1.762","1.762","1.619","22.20M","4.68%"
"12/12/2012","1.604","1.529","1.664","1.529","23.98M","5.46%"
"12/11/2012","1.521","1.506","1.536","1.506","9.56M","1.00%"
"12/10/2012","1.506","1.506","1.521","1.476","11.01M","-1.50%"
"12/09/2012","1.529","1.476","1.574","1.476","14.92M","4.65%"
"12/06/2012","1.461","1.363","1.521","1.363","16.91M","-3.50%"
"12/05/2012","1.514","1.356","1.581","1.356","14.63M","1.00%"
"12/04/2012","1.499","1.423","1.559","1.423","24.24M","4.75%"
"12/03/2012","1.431","1.476","1.476","1.393","8.39M","-2.59%"
"12/02/2012","1.469","1.581","1.581","1.303","13.18M","2.16%"
"11/29/2012","1.438","1.356","1.476","1.356","10.76M","-1.57%"
"11/28/2012","1.461","1.574","1.589","1.431","23.37M","-8.06%"
"11/27/2012","1.589","1.619","1.619","1.536","7.98M","-0.50%"
"11/26/2012","1.597","1.476","1.657","1.476","20.91M","-2.26%"
"11/25/2012","1.634","1.627","1.770","1.627","2.91M","-9.57%"
"11/22/2012","1.807","1.958","1.958","1.747","24.28M","1.23%"
"11/21/2012","1.785","1.883","1.883","1.740","17.48M","0.00%"
"11/20/2012","1.785","1.642","1.868","1.642","23.04M","-2.03%"
"11/19/2012","1.822","1.860","1.898","1.694","22.92M","-2.04%"
"11/18/2012","1.860","1.883","1.898","1.815","13.91M","-5.39%"
"11/14/2012","1.966","1.996","2.003","1.943","17.56M","-1.11%"
"11/13/2012","1.988","1.958","2.011","1.958","12.40M","1.53%"
"11/12/2012","1.958","1.943","1.988","1.928","11.76M","-0.41%"
"11/11/2012","1.966","1.988","1.996","1.928","10.37M","-0.35%"
"11/08/2012","1.973","1.951","2.003","1.943","15.51M","0.77%"
"11/07/2012","1.958","1.928","2.003","1.890","21.60M","0.77%"
"11/06/2012","1.943","1.951","1.988","1.913","14.36M","2.37%"
"11/05/2012","1.898","1.815","1.973","1.815","19.18M","-0.37%"
"11/04/2012","1.905","1.996","1.996","1.830","14.47M","-5.27%"
"11/01/2012","2.011","2.048","2.086","1.951","19.03M","-2.90%"
"10/31/2012","2.071","2.063","2.131","2.033","14.94M","-2.13%"
"10/30/2012","2.116","1.951","2.259","1.951","26.59M","-2.08%"
"10/29/2012","2.161","2.297","2.297","1.996","16.06M","3.20%"
"10/24/2012","2.094","2.003","2.139","2.003","25.80M","5.70%"
"10/23/2012","1.981","1.935","2.041","1.898","22.92M","2.75%"
"10/22/2012","1.928","1.928","1.966","1.905","8.92M","-1.18%"
"10/21/2012","1.951","1.996","1.996","1.913","9.96M","-1.86%"
"10/18/2012","1.988","2.026","2.026","1.966","15.28M","-0.75%"
"10/17/2012","2.003","1.981","2.018","1.981","15.26M","2.67%"
"10/16/2012","1.951","1.920","1.988","1.905","18.53M","-0.76%"
"10/15/2012","1.966","2.176","2.176","1.920","13.13M","-0.76%"
"10/14/2012","1.981","1.958","2.033","1.943","11.01M","-0.35%"
"10/11/2012","1.988","1.981","2.048","1.943","18.86M","-1.49%"
"10/10/2012","2.018","1.996","2.063","1.966","17.88M","3.43%"
"10/09/2012","1.951","1.905","2.018","1.860","21.63M","-0.36%"
"10/08/2012","1.958","2.063","2.079","1.883","18.77M","-5.09%"
"10/04/2012","2.063","2.033","2.139","2.011","22.75M","0.34%"
"10/03/2012","2.056","1.996","2.094","1.996","18.58M","1.13%"
"10/02/2012","2.033","1.996","2.094","1.966","18.68M","-1.45%"
"10/01/2012","2.063","2.252","2.252","1.988","26.94M","-6.52%"
"09/30/2012","2.207","2.237","2.282","2.146","21.09M","-2.95%"
"09/27/2012","2.274","2.425","2.425","2.199","26.17M","-5.05%"
"09/26/2012","2.395","2.455","2.455","2.274","21.75M","-2.44%"
"09/25/2012","2.455","2.410","2.508","2.387","21.38M","1.87%"
"09/24/2012","2.410","2.387","2.463","2.357","17.05M","-0.62%"
"09/23/2012","2.425","2.410","2.493","2.365","14.65M","-1.22%"
"09/20/2012","2.455","2.561","2.561","2.365","20.08M","-1.21%"
"09/19/2012","2.485","2.553","2.576","2.402","19.53M","2.18%"
"09/18/2012","2.432","2.335","2.568","2.259","25.59M","2.53%"
"09/17/2012","2.372","2.463","2.478","2.252","31.90M","0.64%"
"09/16/2012","2.357","2.184","2.402","2.184","22.19M","7.92%"
"09/13/2012","2.184","2.229","2.274","2.086","26.50M","1.39%"
"09/12/2012","2.154","2.139","2.237","2.094","23.73M","2.87%"
"09/11/2012","2.094","2.018","2.161","2.018","19.04M","6.51%"
"09/10/2012","1.966","1.905","2.041","1.868","22.47M","1.60%"
"09/09/2012","1.935","1.883","2.003","1.875","19.97M","-0.82%"
"09/06/2012","1.951","1.898","1.988","1.898","15.64M","3.23%"
"09/05/2012","1.890","1.868","1.935","1.845","11.45M","-0.42%"
"09/04/2012","1.898","1.928","1.928","1.860","13.00M","4.17%"
"09/03/2012","1.822","1.762","1.913","1.732","27.90M","3.41%"
"09/02/2012","1.762","1.732","1.792","1.717","18.68M","3.53%"
"08/30/2012","1.702","1.664","1.732","1.664","11.61M","1.79%"
"08/29/2012","1.672","1.687","1.702","1.649","8.91M","-2.22%"
"08/28/2012","1.710","1.702","1.732","1.679","10.04M","0.47%"
"08/27/2012","1.702","1.694","1.725","1.672","12.63M","0.47%"
"08/26/2012","1.694","1.702","1.725","1.672","10.51M","0.89%"
"08/23/2012","1.679","1.627","1.710","1.619","14.92M","3.20%"
"08/22/2012","1.627","1.619","1.649","1.604","8.31M","-0.43%"
"08/21/2012","1.634","1.619","1.664","1.604","10.24M","0.93%"
"08/16/2012","1.619","1.589","1.649","1.589","19.61M","2.40%"
"08/15/2012","1.581","1.574","1.589","1.559","9.60M","0.00%"
"08/14/2012","1.581","1.574","1.597","1.559","7.41M","1.41%"
"08/13/2012","1.559","1.521","1.597","1.514","9.82M","1.96%"
"08/12/2012","1.529","1.536","1.559","1.491","4.65M","0.00%"
"08/09/2012","1.529","1.521","1.551","1.491","9.30M","-1.42%"
"08/08/2012","1.551","1.581","1.597","1.514","14.61M","-2.39%"
"08/07/2012","1.589","1.597","1.627","1.566","7.45M","0.51%"
"08/06/2012","1.581","1.431","1.612","1.431","16.04M","2.40%"
"08/05/2012","1.544","1.506","1.581","1.499","12.32M","2.52%"
"08/02/2012","1.506","1.521","1.521","1.491","7.26M","-0.53%"
"08/01/2012","1.514","1.529","1.536","1.499","7.10M","1.00%"
"07/31/2012","1.499","1.469","1.521","1.469","11.17M","3.17%"
"07/30/2012","1.453","1.461","1.469","1.446","6.07M","-0.55%"
"07/29/2012","1.461","1.453","1.484","1.446","4.82M","0.00%"
"07/26/2012","1.461","1.469","1.476","1.438","4.06M","0.00%"
"07/25/2012","1.461","1.476","1.491","1.446","5.93M","-1.02%"
"07/24/2012","1.476","1.499","1.514","1.446","8.61M","-1.53%"
"07/22/2012","1.499","1.499","1.514","1.484","3.06M","0.00%"
"07/19/2012","1.499","1.484","1.514","1.484","8.13M","2.04%"
"07/18/2012","1.469","1.476","1.491","1.446","3.44M","0.00%"
"07/17/2012","1.469","1.431","1.484","1.431","4.74M","1.59%"
"07/16/2012","1.446","1.446","1.476","1.423","4.07M","-1.03%"
"07/15/2012","1.461","1.484","1.506","1.438","5.03M","-3.50%"
"07/12/2012","1.514","1.491","1.544","1.484","14.47M","2.02%"
"07/11/2012","1.484","1.453","1.506","1.453","7.20M","1.02%"
"07/10/2012","1.469","1.431","1.499","1.431","7.18M","1.59%"
"07/09/2012","1.446","1.378","1.476","1.378","17.43M","-5.43%"
"07/08/2012","1.529","1.544","1.597","1.476","18.45M","-3.78%"
"07/05/2012","1.589","1.544","1.612","1.536","12.46M","2.91%"
"07/04/2012","1.544","1.581","1.581","1.521","14.00M","-2.34%"
"07/03/2012","1.581","1.597","1.619","1.529","20.22M","1.93%"
"07/02/2012","1.551","1.491","1.589","1.491","24.53M","7.26%"
"06/28/2012","1.446","1.408","1.484","1.401","10.59M","2.70%"
"06/27/2012","1.408","1.340","1.453","1.340","11.59M","3.83%"
"06/26/2012","1.356","1.310","1.386","1.303","20.42M","7.19%"
"06/25/2012","1.265","1.145","1.280","1.145","10.16M","8.40%"
"06/24/2012","1.167","1.084","1.182","1.084","7.75M","8.36%"
"06/21/2012","1.077","1.069","1.107","1.054","7.34M","-2.09%"
"06/20/2012","1.100","1.069","1.115","1.069","4.64M","0.73%"
"06/19/2012","1.092","1.122","1.145","1.039","7.91M","-3.96%"
"06/18/2012","1.137","1.197","1.197","1.115","11.57M","-2.57%"
"06/14/2012","1.167","1.130","1.197","1.122","8.54M","1.92%"
"06/13/2012","1.145","1.160","1.175","1.130","7.20M","-1.29%"
"06/12/2012","1.160","1.137","1.190","1.122","10.82M","1.31%"
"06/11/2012","1.145","1.190","1.197","1.115","8.91M","-4.34%"
"06/10/2012","1.197","1.205","1.212","1.182","5.00M","0.00%"
"06/07/2012","1.197","1.197","1.205","1.182","4.29M","0.59%"
"06/06/2012","1.190","1.167","1.205","1.167","5.30M","1.28%"
"06/05/2012","1.175","1.212","1.212","1.152","8.31M","-3.69%"
"06/04/2012","1.220","1.243","1.250","1.190","6.82M","-0.65%"
"06/03/2012","1.228","1.235","1.250","1.175","4.65M","-2.38%"
"05/31/2012","1.258","1.243","1.280","1.228","8.99M","-1.72%"
"05/30/2012","1.280","1.295","1.303","1.235","10.36M","0.00%"
"05/29/2012","1.280","1.303","1.303","1.258","7.29M","-1.16%"
"05/28/2012","1.295","1.288","1.333","1.258","12.81M","-2.85%"
"05/27/2012","1.333","1.408","1.408","1.280","12.07M","-5.86%"
"05/24/2012","1.416","1.431","1.438","1.401","6.49M","1.65%"
"05/23/2012","1.393","1.371","1.431","1.340","14.06M","1.60%"
"05/22/2012","1.371","1.386","1.401","1.348","9.95M","0.00%"
"05/21/2012","1.371","1.356","1.393","1.356","10.43M","2.85%"
"05/20/2012","1.333","1.340","1.363","1.318","7.73M","-2.77%"
"05/17/2012","1.371","1.408","1.423","1.340","11.77M","-4.19%"
"05/16/2012","1.431","1.431","1.446","1.401","11.71M","0.00%"
"05/15/2012","1.431","1.469","1.469","1.408","11.58M","-4.02%"
"05/14/2012","1.491","1.529","1.536","1.453","17.56M","-2.93%"
"05/13/2012","1.536","1.529","1.551","1.506","10.88M","3.02%"
"05/10/2012","1.491","1.476","1.506","1.476","10.36M","0.00%"
"05/09/2012","1.491","1.461","1.521","1.453","12.80M","2.05%"
"05/08/2012","1.461","1.438","1.484","1.431","12.85M","1.04%"
"05/07/2012","1.446","1.438","1.469","1.416","13.80M","0.00%"
"05/06/2012","1.446","1.363","1.476","1.363","17.35M","5.47%"
"05/03/2012","1.371","1.340","1.416","1.303","12.66M","1.71%"
"05/02/2012","1.348","1.506","1.506","1.310","13.43M","-6.26%"
"04/30/2012","1.438","1.499","1.499","1.393","16.11M","-1.03%"
"04/29/2012","1.453","1.476","1.484","1.393","13.10M","3.71%"
"04/26/2012","1.401","1.333","1.453","1.333","26.79M","5.10%"
"04/24/2012","1.333","1.318","1.371","1.303","12.36M","-0.52%"
"04/23/2012","1.340","1.371","1.386","1.295","16.25M","1.67%"
"04/22/2012","1.318","1.258","1.348","1.258","13.81M","6.03%"
"04/19/2012","1.243","1.220","1.258","1.212","8.85M","1.89%"
"04/18/2012","1.220","1.205","1.235","1.205","4.56M","0.66%"
"04/17/2012","1.212","1.258","1.258","1.197","5.41M","-3.04%"
"04/12/2012","1.250","1.265","1.280","1.228","6.88M","1.79%"
"04/11/2012","1.228","1.160","1.265","1.160","8.24M","3.19%"
"04/10/2012","1.190","1.220","1.243","1.152","9.06M","-2.46%"
"04/09/2012","1.220","1.258","1.288","1.167","13.49M","-5.28%"
"04/08/2012","1.288","1.333","1.333","1.250","4.74M","-0.54%"
"04/05/2012","1.295","1.280","1.348","1.273","62.76M","0.00%"
"04/04/2012","1.295","1.265","1.340","1.265","7.02M","1.73%"
"04/03/2012","1.273","1.228","1.348","1.197","15.78M","3.66%"
"04/02/2012","1.228","1.220","1.265","1.197","7.59M","-1.76%"
"04/01/2012","1.250","1.280","1.295","1.212","7.09M","-4.58%"
"03/29/2012","1.310","1.356","1.356","1.280","10.45M","-1.73%"
"03/28/2012","1.333","1.310","1.401","1.265","13.77M","1.14%"
"03/27/2012","1.318","1.303","1.340","1.280","10.78M","1.15%"
"03/26/2012","1.303","1.318","1.340","1.243","12.00M","-2.76%"
"03/25/2012","1.340","1.416","1.416","1.288","11.85M","-6.36%"
"03/22/2012","1.431","1.431","1.469","1.408","7.28M","-1.51%"
"03/21/2012","1.453","1.469","1.514","1.416","11.61M","0.00%"
"03/20/2012","1.453","1.431","1.514","1.333","14.70M","1.04%"
"03/19/2012","1.438","1.453","1.506","1.386","11.79M","-2.57%"
"03/18/2012","1.476","1.514","1.514","1.453","6.91M","-2.96%"
"03/15/2012","1.521","1.499","1.559","1.491","12.04M","4.11%"
"03/14/2012","1.461","1.393","1.529","1.386","15.68M","2.10%"
"03/13/2012","1.431","1.469","1.529","1.378","16.18M","-6.41%"
"03/12/2012","1.529","1.612","1.619","1.461","22.16M","-5.56%"
"03/11/2012","1.619","1.679","1.687","1.589","15.41M","-2.70%"
"03/08/2012","1.664","1.679","1.710","1.619","13.93M","-3.09%"
"03/07/2012","1.717","1.747","1.762","1.672","15.77M","-2.55%"
"03/06/2012","1.762","1.732","1.792","1.732","17.33M","3.53%"
"03/05/2012","1.702","1.657","1.755","1.642","19.79M","0.89%"
"03/04/2012","1.687","1.717","1.732","1.649","10.83M","-2.20%"
"03/01/2012","1.725","1.717","1.755","1.687","16.06M","1.83%"
"02/29/2012","1.694","1.694","1.732","1.657","17.14M","-0.94%"
"02/28/2012","1.710","1.770","1.800","1.634","24.69M","-0.87%"
"02/27/2012","1.725","1.649","1.830","1.642","37.82M","1.83%"
"02/26/2012","1.694","1.725","1.725","1.604","23.44M","7.62%"
"02/23/2012","1.574","1.461","1.604","1.461","28.57M","7.73%"
"02/22/2012","1.461","1.438","1.499","1.423","12.20M","-0.54%"
"02/21/2012","1.469","1.431","1.529","1.416","20.87M","-0.47%"
"02/20/2012","1.476","1.469","1.551","1.408","26.64M","1.03%"
"02/19/2012","1.461","1.401","1.491","1.393","18.19M","7.74%"
"02/16/2012","1.356","1.273","1.416","1.265","20.70M","3.51%"
"02/15/2012","1.310","1.310","1.348","1.258","18.69M","0.00%"
"02/14/2012","1.310","1.318","1.371","1.258","17.46M","0.00%"
"02/13/2012","1.310","1.356","1.356","1.273","21.40M","6.07%"
"02/12/2012","1.235","1.182","1.273","1.182","14.26M","6.47%"
"02/09/2012","1.160","1.152","1.190","1.130","16.35M","3.39%"
"02/08/2012","1.122","1.069","1.160","1.069","16.13M","4.96%"
"02/07/2012","1.069","1.032","1.092","1.032","8.73M","3.59%"
"02/06/2012","1.032","1.017","1.054","1.017","7.08M","-2.82%"
"02/02/2012","1.062","0.994","1.100","0.994","17.24M","-3.45%"
"02/01/2012","1.100","1.077","1.130","1.054","16.32M","5.06%"
"01/31/2012","1.047","1.002","1.077","1.002","17.06M","4.49%"
"01/30/2012","1.002","0.987","1.032","0.956","9.57M","0.80%"
"01/29/2012","0.994","1.039","1.039","0.971","13.92M","-1.49%"
"01/26/2012","1.009","1.009","1.032","0.971","16.52M","6.32%"
"01/24/2012","0.949","0.926","0.964","0.926","9.01M","3.26%"
"01/23/2012","0.919","0.874","0.941","0.874","10.80M","-20.09%"
"01/22/2012","1.150","1.180","1.190","1.130","","27.21%"
"01/19/2012","0.904","0.919","0.934","0.889","7.90M","-3.93%"
"01/18/2012","0.941","0.934","0.964","0.919","7.79M","0.75%"
"01/17/2012","0.934","0.896","0.956","0.896","9.04M","2.52%"
"01/16/2012","0.911","0.904","0.949","0.889","11.02M","0.77%"
"01/15/2012","0.904","0.911","0.919","0.896","4.57M","0.89%"
"01/12/2012","0.896","0.889","0.919","0.866","4.96M","3.46%"
"01/11/2012","0.866","0.843","0.889","0.843","5.86M","3.59%"
"01/10/2012","0.836","0.813","0.851","0.813","3.34M","3.72%"
"01/09/2012","0.806","0.813","0.821","0.798","1.17M","-1.83%"
"01/05/2012","0.821","0.836","0.836","0.813","976.41K","-0.85%"
"01/04/2012","0.828","0.828","0.836","0.821","726.52K","0.00%"
"01/03/2012","0.828","0.836","0.836","0.821","1.68M","-0.96%"
"01/02/2012","0.836","0.836","0.851","0.828","2.33M","1.83%"
"12/29/2011","0.821","0.828","0.836","0.813","3.00M","0.98%"
"12/28/2011","0.813","0.813","0.836","0.791","2.57M","-0.97%"
"12/27/2011","0.821","0.828","0.843","0.806","2.04M","-1.79%"
"12/26/2011","0.836","0.851","0.851","0.828","1.68M","-2.68%"
"12/25/2011","0.859","0.851","0.874","0.843","2.21M","3.74%"
"12/22/2011","0.828","0.836","0.851","0.813","2.70M","-1.78%"
"12/21/2011","0.843","0.851","0.866","0.828","4.06M","-0.94%"
"12/20/2011","0.851","0.889","0.889","0.836","3.79M","-4.27%"
"12/19/2011","0.889","0.881","0.904","0.874","4.00M","0.00%"
"12/18/2011","0.889","0.911","0.911","0.874","4.62M","-4.00%"
"12/15/2011","0.926","0.926","0.934","0.919","1.73M","-0.86%"
"12/14/2011","0.934","0.926","0.941","0.926","1.13M","0.86%"
"12/13/2011","0.926","0.919","0.941","0.911","2.57M","0.00%"
"12/12/2011","0.926","0.956","0.956","0.911","4.65M","-3.94%"
"12/11/2011","0.964","0.979","0.994","0.949","2.87M","0.00%"
"12/08/2011","0.964","0.964","0.971","0.949","1.59M","-1.53%"
"12/07/2011","0.979","0.987","1.002","0.949","5.95M","0.00%"
"12/06/2011","0.979","0.956","0.994","0.941","5.56M","2.41%"
"12/05/2011","0.956","0.941","0.971","0.934","2.34M","-0.83%"
"12/04/2011","0.964","1.017","1.017","0.941","4.16M","-2.33%"
"12/01/2011","0.987","0.979","1.002","0.964","6.04M","2.39%"
"11/30/2011","0.964","0.979","0.979","0.941","6.83M","2.44%"
"11/29/2011","0.941","0.904","0.956","0.904","8.05M","7.67%"
"11/24/2011","0.874","0.866","0.889","0.851","3.96M","1.75%"
"11/23/2011","0.859","0.813","0.881","0.813","4.17M","5.66%"
"11/22/2011","0.813","0.836","0.866","0.783","6.70M","-5.36%"
"11/21/2011","0.859","0.889","0.889","0.821","4.59M","-4.98%"
"11/20/2011","0.904","0.843","0.941","0.843","2.71M","-3.21%"
"11/17/2011","0.934","0.941","0.956","0.919","1.92M","-0.74%"
"11/16/2011","0.941","0.926","0.956","0.919","4.10M","0.75%"
"11/15/2011","0.934","0.881","0.956","0.881","2.88M","1.63%"
"11/14/2011","0.919","0.956","0.956","0.904","2.52M","-6.13%"
"11/13/2011","0.979","1.032","1.032","0.964","5.98M","-5.14%"
"11/10/2011","1.032","1.024","1.039","1.024","1.30M","-0.67%"
"11/09/2011","1.039","1.062","1.062","1.017","2.34M","0.00%"
"11/02/2011","1.039","1.009","1.054","1.009","4.57M","1.46%"
"11/01/2011","1.024","1.024","1.039","1.009","4.89M","-1.44%"
"10/31/2011","1.039","1.054","1.062","1.032","3.43M","-2.17%"
"10/30/2011","1.062","1.054","1.084","1.047","5.06M","1.43%"
"10/27/2011","1.047","1.024","1.069","1.024","10.54M","4.49%"
"10/26/2011","1.002","0.987","1.039","0.979","7.68M","0.00%"
"10/25/2011","1.002","1.017","1.032","0.979","5.98M","-0.69%"
"10/24/2011","1.009","1.017","1.039","0.994","4.54M","-1.46%"
"10/23/2011","1.024","1.017","1.054","1.002","10.79M","3.02%"
"10/20/2011","0.994","0.987","1.009","0.971","5.96M","1.53%"
"10/19/2011","0.979","0.949","1.002","0.949","6.76M","3.16%"
"10/18/2011","0.949","0.934","0.964","0.919","4.12M","0.85%"
"10/17/2011","0.941","0.949","0.964","0.926","4.09M","-1.57%"
"10/16/2011","0.956","0.949","0.971","0.941","5.66M","3.24%"
"10/13/2011","0.926","0.896","0.949","0.889","7.32M","3.35%"
"10/12/2011","0.896","0.904","0.919","0.889","3.00M","1.70%"
"10/11/2011","0.881","0.874","0.911","0.866","10.27M","3.53%"
"10/10/2011","0.851","0.791","0.874","0.791","4.24M","-2.63%"
"10/09/2011","0.874","0.881","0.896","0.866","3.69M","-0.79%"
"10/05/2011","0.881","0.919","0.919","0.859","6.19M","-4.13%"
"10/04/2011","0.919","0.949","0.949","0.896","7.73M","-3.16%"
"10/03/2011","0.949","0.987","0.987","0.941","4.08M","-3.06%"
"10/02/2011","0.979","0.964","1.002","0.964","7.42M","4.04%"
"09/29/2011","0.941","0.941","0.956","0.919","6.66M","-1.57%"
"09/28/2011","0.956","1.002","1.002","0.919","6.15M","-6.00%"
"09/27/2011","1.017","1.032","1.054","0.971","7.02M","0.00%"
"09/26/2011","1.017","1.009","1.039","0.979","3.80M","-1.45%"
"09/25/2011","1.032","1.092","1.092","0.994","5.11M","-5.49%"
"09/22/2011","1.092","1.107","1.107","1.077","4.22M","-3.36%"
"09/21/2011","1.130","1.115","1.160","1.107","3.91M","0.00%"
"09/20/2011","1.130","1.130","1.152","1.115","3.49M","0.00%"
"09/19/2011","1.130","1.100","1.160","1.084","6.47M","1.35%"
"09/18/2011","1.115","1.167","1.167","1.077","4.91M","-3.88%"
"09/15/2011","1.160","1.205","1.212","1.122","13.28M","-4.29%"
"09/14/2011","1.212","1.243","1.258","1.175","5.84M","-3.04%"
"09/13/2011","1.250","1.273","1.273","1.228","3.44M","-2.95%"
"09/12/2011","1.288","1.310","1.318","1.258","4.17M","-2.28%"
"09/11/2011","1.318","1.325","1.325","1.303","3.54M","-1.64%"
"09/08/2011","1.340","1.340","1.348","1.325","3.78M","-0.59%"
"09/07/2011","1.348","1.333","1.363","1.325","8.32M","0.60%"
"09/06/2011","1.340","1.340","1.363","1.325","4.56M","0.00%"
"09/05/2011","1.340","1.303","1.371","1.288","10.71M","1.67%"
"09/04/2011","1.318","1.325","1.333","1.303","3.10M","0.61%"
"08/29/2011","1.310","1.303","1.325","1.295","1.59M","0.54%"
"08/28/2011","1.303","1.333","1.333","1.288","2.72M","-2.25%"
"08/25/2011","1.333","1.348","1.348","1.325","2.78M","-0.52%"
"08/24/2011","1.340","1.356","1.363","1.325","1.73M","1.13%"
"08/23/2011","1.325","1.318","1.356","1.303","4.47M","0.00%"
"08/22/2011","1.325","1.325","1.356","1.310","5.56M","-0.60%"
"08/21/2011","1.333","1.333","1.348","1.325","1.67M","-3.82%"
"08/18/2011","1.386","1.378","1.408","1.371","4.08M","0.00%"
"08/17/2011","1.386","1.340","1.408","1.340","7.35M","2.82%"
"08/16/2011","1.348","1.363","1.371","1.325","3.32M","0.60%"
"08/15/2011","1.340","1.340","1.363","1.325","2.66M","0.00%"
"08/14/2011","1.340","1.371","1.378","1.325","3.57M","0.00%"
"08/11/2011","1.340","1.431","1.431","1.325","4.82M","-3.80%"
"08/10/2011","1.393","1.356","1.431","1.356","4.23M","3.96%"
"08/09/2011","1.340","1.371","1.401","1.295","5.79M","-5.37%"
"08/08/2011","1.416","1.499","1.521","1.371","7.34M","-5.54%"
"08/07/2011","1.499","1.559","1.559","1.453","5.17M","-4.76%"
"08/04/2011","1.574","1.559","1.597","1.559","4.23M","2.94%"
"08/03/2011","1.529","1.536","1.566","1.491","3.93M","-1.42%"
"08/02/2011","1.551","1.589","1.589","1.536","3.38M","-2.39%"
"08/01/2011","1.589","1.604","1.612","1.574","5.60M","0.51%"
"07/31/2011","1.581","1.589","1.604","1.559","6.19M","1.93%"
"07/28/2011","1.551","1.566","1.589","1.536","6.76M","-0.51%"
"07/27/2011","1.559","1.581","1.597","1.536","4.55M","-0.95%"
"07/26/2011","1.574","1.604","1.612","1.551","4.14M","-1.87%"
"07/25/2011","1.604","1.612","1.619","1.581","3.00M","-2.31%"
"07/21/2011","1.642","1.664","1.672","1.612","4.99M","-0.91%"
"07/20/2011","1.657","1.687","1.702","1.642","6.18M","-0.90%"
"07/19/2011","1.672","1.687","1.694","1.649","5.47M","-1.76%"
"07/18/2011","1.702","1.732","1.732","1.672","6.65M","-1.73%"
"07/17/2011","1.732","1.702","1.762","1.702","7.78M","3.59%"
"07/14/2011","1.672","1.687","1.710","1.642","7.56M","0.00%"
"07/13/2011","1.672","1.762","1.762","1.581","6.78M","4.24%"
"07/12/2011","1.604","1.694","1.694","1.551","12.72M","-6.58%"
"07/11/2011","1.717","1.770","1.770","1.687","5.17M","-4.61%"
"07/10/2011","1.800","2.011","2.011","1.755","5.43M","-1.64%"
"07/07/2011","1.830","1.800","1.860","1.777","7.80M","-0.44%"
"07/06/2011","1.838","1.958","1.958","1.800","9.27M","-2.75%"
"07/05/2011","1.890","1.747","1.935","1.747","31.19M","7.26%"
"07/04/2011","1.762","1.815","1.815","1.740","4.24M","-2.11%"
"07/03/2011","1.800","1.807","1.830","1.770","7.63M","2.56%"
"06/30/2011","1.755","1.725","1.785","1.694","8.12M","0.86%"
"06/29/2011","1.740","1.822","1.822","1.679","10.82M","-6.45%"
"06/28/2011","1.860","1.875","1.905","1.807","10.65M","-0.43%"
"06/27/2011","1.868","1.920","1.920","1.838","8.96M","-1.58%"
"06/26/2011","1.898","1.928","1.958","1.853","9.70M","-1.56%"
"06/23/2011","1.928","1.875","1.958","1.875","7.75M","1.58%"
"06/22/2011","1.898","1.913","1.935","1.875","7.09M","-1.56%"
"06/21/2011","1.928","1.905","1.973","1.883","9.21M","-0.77%"
"06/20/2011","1.943","2.033","2.033","1.898","13.37M","-2.66%"
"06/19/2011","1.996","1.966","2.033","1.943","12.46M","4.78%"
"06/16/2011","1.905","1.845","1.966","1.807","13.87M","3.25%"
"06/15/2011","1.845","1.883","1.883","1.800","13.70M","-3.15%"
"06/14/2011","1.905","2.026","2.026","1.800","14.72M","3.25%"
"06/13/2011","1.845","1.770","1.905","1.762","24.24M","5.61%"
"06/12/2011","1.747","1.717","1.770","1.702","12.82M","3.56%"
"06/09/2011","1.687","1.657","1.725","1.649","11.20M","2.30%"
"06/08/2011","1.649","1.664","1.664","1.627","5.36M","-0.90%"
"06/07/2011","1.664","1.679","1.702","1.634","7.80M","-0.89%"
"06/06/2011","1.679","1.687","1.694","1.657","3.80M","-0.89%"
"06/05/2011","1.694","1.702","1.732","1.664","6.16M","3.17%"
"06/02/2011","1.642","1.694","1.702","1.604","13.71M","-1.79%"
"06/01/2011","1.672","1.687","1.710","1.634","7.26M","1.39%"
"05/31/2011","1.649","1.581","1.687","1.581","13.21M","-3.96%"
"05/30/2011","1.717","1.800","1.800","1.649","15.58M","-2.17%"
"05/29/2011","1.755","1.657","1.792","1.657","18.17M","7.41%"
"05/26/2011","1.634","1.627","1.679","1.597","14.41M","2.83%"
"05/25/2011","1.589","1.597","1.634","1.544","10.82M","-0.50%"
"05/24/2011","1.597","1.551","1.642","1.529","9.52M","1.98%"
"05/23/2011","1.566","1.559","1.619","1.529","12.85M","0.97%"
"05/22/2011","1.551","1.484","1.604","1.469","18.02M","6.16%"
"05/19/2011","1.461","1.491","1.491","1.438","9.21M","-1.02%"
"05/18/2011","1.476","1.423","1.514","1.423","20.62M","4.24%"
"05/17/2011","1.416","1.303","1.431","1.303","19.52M","8.67%"
"05/16/2011","1.303","1.303","1.363","1.265","13.40M","3.58%"
"05/15/2011","1.258","1.205","1.295","1.182","11.90M","6.43%"
"05/12/2011","1.182","1.084","1.205","1.084","3.57M","-1.91%"
"05/11/2011","1.205","1.220","1.228","1.190","3.06M","-0.58%"
"05/10/2011","1.212","1.235","1.243","1.197","3.70M","-1.86%"
"05/09/2011","1.235","1.235","1.258","1.220","4.82M","1.23%"
"05/08/2011","1.220","1.243","1.258","1.190","4.40M","-3.02%"
"05/05/2011","1.258","1.303","1.303","1.235","3.43M","-4.55%"
"05/04/2011","1.318","1.393","1.431","1.288","8.43M","-7.38%"
"05/03/2011","1.423","1.446","1.453","1.378","3.35M","-3.13%"
"05/02/2011","1.469","1.499","1.506","1.431","4.27M","-0.47%"
"04/28/2011","1.476","1.469","1.499","1.453","1.40M","2.64%"
"04/27/2011","1.438","1.431","1.484","1.386","2.59M","1.55%"
"04/26/2011","1.416","1.469","1.469","1.356","3.10M","-3.08%"
"04/21/2011","1.461","1.469","1.484","1.438","1.65M","0.00%"
"04/20/2011","1.461","1.506","1.506","1.446","3.16M","-3.94%"
"04/19/2011","1.521","1.476","1.559","1.469","3.58M","6.29%"
"04/18/2011","1.431","1.536","1.536","1.401","4.21M","-6.84%"
"04/17/2011","1.536","1.657","1.657","1.499","4.37M","-7.69%"
"04/14/2011","1.664","1.649","1.747","1.649","2.00M","-0.89%"
"04/13/2011","1.679","1.657","1.702","1.619","1.99M","1.33%"
"04/12/2011","1.657","1.770","1.785","1.619","5.54M","-7.53%"
"04/11/2011","1.792","2.011","2.011","1.732","1.48M","-2.08%"
"04/10/2011","1.830","1.898","1.898","1.792","2.81M","-3.58%"
"04/07/2011","1.898","1.935","1.935","1.868","3.67M","-3.80%"
"04/06/2011","1.973","2.033","2.048","1.920","4.37M","-2.62%"
"04/05/2011","2.026","2.018","2.063","1.966","2.86M","-0.73%"
"04/04/2011","2.041","1.898","2.304","1.898","4.62M","-2.86%"
"04/03/2011","2.101","2.131","2.131","2.063","7.51M","8.13%"
"03/31/2011","1.943","1.807","2.109","1.807","16.64M","-3.00%"
"03/30/2011","2.003","2.184","2.191","1.973","7.99M","-8.58%"
"03/29/2011","2.191","2.184","2.395","2.184","14.05M","-9.65%"
"03/28/2011","2.425","2.425","2.425","2.425","1.05M","-9.82%"
"03/27/2011","2.689","2.689","2.689","2.689","1.43M","-9.83%"
"03/24/2011","2.982","2.982","2.982","2.982","645.98K","-9.80%"
"03/23/2011","3.306","3.306","3.306","3.306","735.46K","-9.87%"
"01/27/2011","3.668","4.142","4.142","3.351","2.70M","-11.27%"
"01/26/2011","4.134","4.360","4.360","3.931","1.97M","-7.12%"
"01/24/2011","4.451","4.421","4.488","4.391","271.96K","1.02%"
"01/23/2011","4.406","4.436","4.466","4.353","458.68K","-1.17%"
"01/20/2011","4.458","4.458","4.488","4.421","168.27K","0.00%"
"01/19/2011","4.458","4.413","4.511","4.338","660.42K","0.16%"
"01/18/2011","4.451","4.443","4.594","4.187","2.03M","-1.83%"
"01/17/2011","4.534","4.654","4.707","4.391","3.09M","-2.09%"
"01/16/2011","4.631","4.594","4.692","4.571","1.80M","0.48%"
"01/13/2011","4.609","4.631","4.639","4.571","1.11M","0.50%"
"01/12/2011","4.586","4.647","4.647","4.564","337.32K","0.00%"
"01/11/2011","4.586","4.601","4.639","4.564","1.21M","-0.97%"
"01/10/2011","4.631","4.654","4.692","4.586","819.53K","-0.81%"
"01/06/2011","4.669","4.684","4.714","4.624","1.36M","-0.49%"
"01/05/2011","4.692","4.729","4.729","4.662","1.90M","-1.10%"
"01/04/2011","4.744","4.752","4.797","4.692","1.17M","0.15%"
"01/03/2011","4.737","4.820","4.820","4.669","1.35M","-1.25%"
"01/02/2011","4.797","4.722","4.835","4.722","597.27K","0.46%"