"Date","Price","Open","High","Low","Vol.","Change %"
"07/24/2026","7.350","7.460","7.490","7.350","1.73M","-1.47%"
"07/23/2026","7.460","7.400","7.520","7.390","4.51M","1.63%"
"07/22/2026","7.340","7.410","7.420","7.310","2.00M","0.00%"
"07/21/2026","7.340","7.370","7.420","7.310","3.24M","-0.54%"
"07/20/2026","7.380","7.340","7.390","7.300","1.80M","0.54%"
"07/17/2026","7.340","7.380","7.410","7.330","1.89M","-0.81%"
"07/16/2026","7.400","7.580","7.620","7.400","4.49M","-2.37%"
"07/15/2026","7.580","7.520","7.660","7.520","3.20M","0.80%"
"07/14/2026","7.520","7.650","7.650","7.500","3.66M","-2.21%"
"07/13/2026","7.690","7.690","7.740","7.590","2.25M","-1.03%"
"07/10/2026","7.770","7.540","7.770","7.540","2.75M","3.05%"
"07/09/2026","7.540","7.610","7.620","7.510","3.50M","-0.53%"
"07/08/2026","7.580","7.600","7.640","7.480","4.92M","-0.92%"
"07/07/2026","7.650","7.720","7.720","7.650","2.99M","-0.39%"
"07/06/2026","7.680","7.720","7.740","7.650","2.28M","-0.52%"
"07/03/2026","7.720","7.660","7.730","7.610","2.39M","1.31%"
"07/02/2026","7.620","7.590","7.650","7.590","3.15M","0.40%"
"07/01/2026","7.590","7.430","7.590","7.430","3.88M","1.88%"
"06/30/2026","7.450","7.470","7.590","7.450","8.05M","-0.67%"
"06/29/2026","7.500","7.550","7.550","7.460","1.78M","-1.06%"
"06/26/2026","7.580","7.480","7.640","7.390","3.30M","1.34%"
"06/25/2026","7.480","7.650","7.730","7.370","12.00M","-1.97%"
"06/24/2026","7.630","7.680","7.780","7.630","4.68M","-1.04%"
"06/23/2026","7.710","7.750","7.760","7.680","3.50M","-0.39%"
"06/22/2026","7.740","7.790","7.830","7.730","3.33M","-0.26%"
"06/19/2026","7.760","7.920","7.920","7.760","10.10M","-2.76%"
"06/18/2026","7.980","7.800","7.980","7.800","8.86M","2.57%"
"06/17/2026","7.780","7.760","7.810","7.660","11.37M","0.26%"
"06/16/2026","7.760","7.950","7.980","7.710","9.12M","-0.64%"
"06/12/2026","7.810","7.350","7.810","7.300","9.62M","7.58%"
"06/11/2026","7.260","7.280","7.320","7.240","2.41M","-0.82%"
"06/10/2026","7.320","7.350","7.370","7.280","3.68M","-0.68%"
"06/09/2026","7.370","7.390","7.440","7.350","3.71M","-0.14%"
"06/08/2026","7.380","7.260","7.380","7.200","4.19M","1.10%"
"06/05/2026","7.300","7.270","7.390","7.270","2.73M","0.41%"
"06/04/2026","7.270","7.260","7.370","7.220","4.15M","0.83%"
"06/03/2026","7.210","7.400","7.410","7.200","4.23M","-2.44%"
"06/02/2026","7.390","7.480","7.480","7.350","3.34M","-1.20%"
"06/01/2026","7.480","7.400","7.560","7.320","11.76M","1.08%"
"05/25/2026","7.400","7.420","7.650","7.400","11.21M","1.09%"
"05/22/2026","7.320","7.420","7.420","7.320","2.41M","0.00%"
"05/21/2026","7.320","7.360","7.450","7.320","3.99M","-0.27%"
"05/20/2026","7.340","7.370","7.410","7.320","5.75M","-0.54%"
"05/19/2026","7.380","7.220","7.390","7.220","9.30M","2.36%"
"05/18/2026","7.210","7.200","7.240","7.170","12.11M","-0.55%"
"05/15/2026","7.250","7.220","7.250","7.170","9.03M","0.42%"
"05/14/2026","7.220","7.210","7.250","7.150","3.74M","0.56%"
"05/13/2026","7.180","7.260","7.300","7.100","5.95M","-1.10%"
"05/12/2026","7.260","7.240","7.260","7.150","5.01M","0.83%"
"05/11/2026","7.200","7.300","7.320","7.200","3.33M","-1.23%"
"05/08/2026","7.290","7.370","7.370","7.270","2.89M","-2.15%"
"05/07/2026","7.450","7.430","7.450","7.330","6.31M","0.54%"
"05/06/2026","7.410","7.220","7.480","7.220","6.92M","2.92%"
"05/05/2026","7.200","7.130","7.210","7.120","4.99M","0.00%"
"05/04/2026","7.200","7.210","7.320","7.200","6.95M","0.56%"
"05/01/2026","7.160","7.220","7.280","7.160","3.37M","0.28%"
"04/30/2026","7.140","7.170","7.220","7.130","8.90M","-0.28%"
"04/29/2026","7.160","7.250","7.280","7.160","8.25M","-1.24%"
"04/28/2026","7.250","7.280","7.340","7.250","3.11M","0.42%"
"04/27/2026","7.220","7.200","7.380","7.200","4.86M","0.70%"
"04/24/2026","7.170","7.090","7.190","7.060","3.48M","1.13%"
"04/23/2026","7.090","7.330","7.330","7.090","8.69M","-2.74%"
"04/22/2026","7.290","7.340","7.380","7.290","3.13M","-0.55%"
"04/21/2026","7.330","7.340","7.440","7.320","5.94M","0.27%"
"04/20/2026","7.310","7.500","7.500","7.310","7.98M","-2.53%"
"04/17/2026","7.500","7.500","7.550","7.450","5.26M","0.27%"
"04/16/2026","7.480","7.540","7.590","7.480","6.79M","-0.27%"
"04/15/2026","7.500","7.400","7.530","7.380","9.51M","1.90%"
"04/14/2026","7.360","7.410","7.500","7.330","7.27M","-0.14%"
"04/13/2026","7.370","7.400","7.420","7.300","4.71M","-1.73%"
"04/10/2026","7.500","7.560","7.650","7.500","10.87M","-4.94%"
"04/09/2026","7.890","7.900","7.930","7.710","12.39M","-0.13%"
"04/08/2026","7.900","7.890","8.200","7.850","22.65M","6.04%"
"04/07/2026","7.450","7.440","7.520","7.390","5.51M","0.27%"
"04/06/2026","7.430","7.330","7.460","7.330","4.86M","0.81%"
"04/03/2026","7.370","7.400","7.430","7.300","4.55M","1.10%"
"04/02/2026","7.290","7.410","7.410","7.290","6.56M","-1.75%"
"04/01/2026","7.420","7.440","7.520","7.380","7.22M","1.37%"
"03/31/2026","7.320","7.310","7.430","7.300","7.92M","0.27%"
"03/30/2026","7.300","7.490","7.540","7.300","6.17M","-3.18%"
"03/27/2026","7.540","7.360","7.540","7.350","4.52M","3.29%"
"03/26/2026","7.300","7.640","7.640","7.300","6.65M","-4.58%"
"03/25/2026","7.650","7.440","7.670","7.410","7.96M","4.37%"
"03/24/2026","7.330","7.520","7.600","7.270","10.89M","-0.14%"
"03/23/2026","7.340","7.350","7.400","7.260","8.38M","-0.27%"
"03/18/2026","7.360","7.550","7.700","7.360","26.93M","-2.52%"
"03/17/2026","7.550","7.100","7.570","6.970","10.02M","5.15%"
"03/16/2026","7.180","7.300","7.300","7.030","10.92M","-2.97%"
"03/13/2026","7.400","7.280","7.600","7.250","8.20M","2.07%"
"03/12/2026","7.250","7.520","7.530","7.200","11.87M","-3.85%"
"03/11/2026","7.540","7.770","7.800","7.520","9.68M","-1.18%"
"03/10/2026","7.630","7.300","7.900","7.300","14.50M","4.81%"
"03/09/2026","7.280","7.300","7.480","7.280","8.99M","-4.96%"
"03/06/2026","7.660","7.800","7.900","7.610","10.65M","-3.04%"
"03/05/2026","7.900","7.500","7.900","7.500","21.65M","0.13%"
"03/04/2026","7.890","7.890","7.890","7.890","4.49M","-4.94%"
"02/27/2026","8.300","8.540","8.570","8.300","11.87M","-2.35%"
"02/26/2026","8.500","8.500","8.560","8.480","7.70M","0.00%"
"02/25/2026","8.500","8.680","8.690","8.500","5.72M","-1.16%"
"02/24/2026","8.600","8.800","8.940","8.600","8.95M","-1.60%"
"02/23/2026","8.740","8.420","8.780","8.400","9.79M","3.92%"
"02/20/2026","8.410","8.600","8.700","8.400","7.56M","-2.21%"
"02/19/2026","8.600","8.840","8.890","8.600","6.57M","-2.93%"
"02/18/2026","8.860","8.810","8.890","8.760","5.42M","0.68%"
"02/17/2026","8.800","9.000","9.000","8.790","8.66M","-2.22%"
"02/16/2026","9.000","9.110","9.200","9.000","6.95M","-1.21%"
"02/13/2026","9.110","9.210","9.240","9.090","9.18M","-1.30%"
"02/12/2026","9.230","9.110","9.250","9.080","12.36M","0.98%"
"02/11/2026","9.140","9.400","9.490","9.140","32.88M","-8.60%"
"02/10/2026","10.000","10.200","10.200","9.950","8.21M","-1.96%"
"02/09/2026","10.200","10.000","10.200","9.970","10.03M","2.00%"
"02/06/2026","10.000","9.970","10.000","9.930","1.89M","0.00%"
"02/05/2026","10.000","9.990","10.000","9.920","4.58M","0.00%"
"02/04/2026","10.000","9.950","10.000","9.920","5.13M","0.20%"
"02/03/2026","9.980","9.810","9.980","9.800","5.61M","1.84%"
"02/02/2026","9.800","9.600","9.800","9.580","5.37M","1.45%"
"01/30/2026","9.660","9.890","9.890","9.660","6.38M","-2.33%"
"01/29/2026","9.890","9.950","9.970","9.850","4.43M","-0.50%"
"01/28/2026","9.940","9.900","9.940","9.800","4.30M","0.40%"
"01/27/2026","9.900","9.740","9.930","9.670","6.25M","1.54%"
"01/26/2026","9.750","9.820","9.840","9.600","3.20M","-1.02%"
"01/23/2026","9.850","9.860","9.860","9.770","2.85M","-0.20%"
"01/22/2026","9.870","9.750","9.880","9.750","5.87M","1.23%"
"01/21/2026","9.750","9.650","9.770","9.650","2.57M","0.52%"
"01/20/2026","9.700","9.620","9.730","9.600","6.57M","0.83%"
"01/19/2026","9.620","9.490","9.630","9.490","3.69M","1.37%"
"01/16/2026","9.490","9.420","9.530","9.420","2.71M","0.11%"
"01/15/2026","9.480","9.410","9.480","9.390","4.08M","0.85%"
"01/14/2026","9.400","9.550","9.600","9.400","6.63M","-1.47%"
"01/13/2026","9.540","9.400","9.540","9.400","4.69M","1.17%"
"01/12/2026","9.430","9.430","9.430","9.370","2.97M","-0.21%"
"01/09/2026","9.450","9.460","9.470","9.390","1.66M","-0.11%"
"01/08/2026","9.460","9.490","9.520","9.380","2.52M","-0.32%"
"01/07/2026","9.490","9.320","9.510","9.320","5.16M","1.17%"
"01/06/2026","9.380","9.300","9.420","9.300","3.98M","0.86%"
"01/05/2026","9.300","9.360","9.400","9.260","2.69M","-1.17%"
"01/02/2026","9.410","9.300","9.410","9.270","1.06M","1.51%"
"12/31/2025","9.270","9.260","9.380","9.260","3.62M","0.54%"
"12/30/2025","9.220","9.420","9.440","9.220","3.69M","-2.33%"
"12/29/2025","9.440","9.460","9.490","9.410","1.58M","-0.21%"
"12/26/2025","9.460","9.550","9.550","9.460","767.11K","-0.84%"
"12/25/2025","9.540","9.500","9.570","9.500","1.14M","0.42%"
"12/24/2025","9.500","9.470","9.550","9.470","4.80M","0.21%"
"12/23/2025","9.480","9.500","9.500","9.430","3.82M","-0.21%"
"12/22/2025","9.500","9.450","9.540","9.430","4.78M","0.53%"
"12/19/2025","9.450","9.550","9.590","9.450","9.95M","-1.05%"
"12/18/2025","9.550","9.480","9.580","9.460","3.40M","0.74%"
"12/17/2025","9.480","9.560","9.590","9.450","4.14M","-0.84%"
"12/16/2025","9.560","9.590","9.640","9.520","4.55M","0.21%"
"12/15/2025","9.540","9.410","9.630","9.370","10.34M","1.38%"
"12/12/2025","9.410","9.430","9.480","9.370","2.49M","-0.21%"
"12/11/2025","9.430","9.370","9.470","9.350","3.17M","0.64%"
"12/10/2025","9.370","9.410","9.440","9.360","2.03M","-0.43%"
"12/09/2025","9.410","9.370","9.500","9.330","4.82M","0.53%"
"12/08/2025","9.360","9.410","9.440","9.310","3.62M","-0.53%"
"12/05/2025","9.410","9.240","9.410","9.240","5.81M","1.07%"
"12/04/2025","9.310","9.350","9.420","9.300","4.60M","-0.11%"
"12/03/2025","9.320","9.150","9.320","9.130","4.78M","1.64%"
"11/28/2025","9.170","9.220","9.220","9.080","4.80M","-0.11%"
"11/27/2025","9.180","9.210","9.220","9.160","4.54M","-0.22%"
"11/26/2025","9.200","9.200","9.220","9.150","5.69M","0.00%"
"11/25/2025","9.200","9.140","9.210","9.120","5.11M","1.10%"
"11/24/2025","9.100","9.200","9.310","9.060","12.81M","-1.62%"
"11/21/2025","9.250","9.330","9.330","9.200","5.14M","-1.07%"
"11/20/2025","9.350","9.260","9.400","9.260","3.16M","0.97%"
"11/19/2025","9.260","9.290","9.300","9.200","4.98M","-0.22%"
"11/18/2025","9.280","9.350","9.350","9.280","6.50M","-0.85%"
"11/17/2025","9.360","9.380","9.400","9.310","4.35M","-0.21%"
"11/14/2025","9.380","9.410","9.440","9.380","3.04M","-0.85%"
"11/13/2025","9.460","9.480","9.500","9.430","4.13M","-0.42%"
"11/12/2025","9.500","9.540","9.540","9.480","5.35M","-0.42%"
"11/11/2025","9.540","9.450","9.540","9.400","4.45M","1.49%"
"11/10/2025","9.400","9.500","9.500","9.390","4.15M","-0.74%"
"11/07/2025","9.470","9.500","9.550","9.440","1.74M","-0.32%"
"11/06/2025","9.500","9.500","9.570","9.470","4.17M","0.00%"
"11/05/2025","9.500","9.500","9.500","9.400","4.69M","-0.21%"
"11/04/2025","9.520","9.400","9.540","9.400","4.29M","1.17%"
"11/03/2025","9.410","9.500","9.520","9.380","6.61M","-0.95%"
"10/31/2025","9.500","9.600","9.600","9.490","3.52M","-1.04%"
"10/30/2025","9.600","9.640","9.680","9.550","4.25M","-0.52%"
"10/29/2025","9.650","9.650","9.680","9.520","6.58M","-0.72%"
"10/28/2025","9.720","9.720","9.780","9.690","3.77M","-0.31%"
"10/27/2025","9.750","9.750","9.770","9.690","3.59M","0.10%"
"10/24/2025","9.740","9.610","9.740","9.550","4.14M","1.35%"
"10/23/2025","9.610","9.590","9.610","9.560","2.92M","0.21%"
"10/22/2025","9.590","9.520","9.640","9.520","5.90M","0.74%"
"10/21/2025","9.520","9.540","9.550","9.480","2.53M","0.11%"
"10/20/2025","9.510","9.580","9.620","9.510","2.45M","-0.73%"
"10/17/2025","9.580","9.580","9.580","9.520","1.56M","-0.10%"
"10/16/2025","9.590","9.570","9.660","9.560","9.22M","0.21%"
"10/15/2025","9.570","9.500","9.570","9.480","3.06M","0.74%"
"10/14/2025","9.500","9.570","9.580","9.500","3.23M","-0.73%"
"10/13/2025","9.570","9.420","9.590","9.420","2.66M","0.74%"
"10/10/2025","9.500","9.590","9.590","9.480","1.07M","-0.94%"
"10/09/2025","9.590","9.560","9.590","9.500","2.49M","0.63%"
"10/08/2025","9.530","9.380","9.580","9.380","3.70M","1.49%"
"10/07/2025","9.390","9.480","9.480","9.370","4.27M","-0.95%"
"10/06/2025","9.480","9.500","9.500","9.430","1.57M","0.32%"
"10/03/2025","9.450","9.500","9.530","9.420","2.13M","-0.53%"
"10/02/2025","9.500","9.500","9.540","9.500","3.08M","0.00%"
"10/01/2025","9.500","9.580","9.580","9.440","6.32M","-0.84%"
"09/30/2025","9.580","9.550","9.590","9.480","8.01M","0.42%"
"09/29/2025","9.540","9.390","9.540","9.350","5.74M","1.71%"
"09/26/2025","9.380","9.150","9.380","9.150","4.71M","2.51%"
"09/25/2025","9.150","9.300","9.310","9.040","8.25M","-1.61%"
"09/24/2025","9.300","9.450","9.500","9.160","10.94M","-1.59%"
"09/23/2025","9.450","9.560","9.600","9.450","4.17M","-1.25%"
"09/22/2025","9.570","9.550","9.570","9.470","1.40M","0.00%"
"09/19/2025","9.570","9.490","9.620","9.480","11.04M","0.84%"
"09/18/2025","9.490","9.510","9.650","9.480","8.43M","0.00%"
"09/17/2025","9.490","9.520","9.590","9.450","6.33M","-0.32%"
"09/16/2025","9.520","9.840","9.880","9.510","5.97M","-3.84%"
"09/15/2025","9.900","9.860","9.900","9.840","5.88M","0.41%"
"09/12/2025","9.860","9.780","9.880","9.750","4.96M","0.92%"
"09/11/2025","9.770","9.530","9.770","9.500","7.38M","2.41%"
"09/10/2025","9.540","9.500","9.540","9.450","3.07M","0.00%"
"09/09/2025","9.540","9.490","9.540","9.430","5.27M","0.85%"
"09/08/2025","9.460","9.440","9.610","9.360","8.44M","0.21%"
"09/04/2025","9.440","9.450","9.500","9.430","4.83M","-0.11%"
"09/03/2025","9.450","9.540","9.630","9.430","7.01M","-0.94%"
"09/02/2025","9.540","9.350","9.540","9.350","10.47M","1.06%"
"09/01/2025","9.440","9.700","9.710","9.370","9.87M","-2.38%"
"08/29/2025","9.670","9.800","9.820","9.660","7.10M","-1.33%"
"08/28/2025","9.800","9.810","9.830","9.780","2.93M","-0.20%"
"08/27/2025","9.820","9.820","9.890","9.790","3.59M","0.00%"
"08/26/2025","9.820","9.850","9.930","9.820","11.59M","0.10%"
"08/25/2025","9.810","9.770","9.960","9.720","4.79M","0.41%"
"08/22/2025","9.770","9.730","9.830","9.730","2.14M","0.41%"
"08/21/2025","9.730","9.800","9.800","9.730","2.93M","-0.71%"
"08/20/2025","9.800","9.750","9.810","9.730","3.55M","0.51%"
"08/19/2025","9.750","9.800","9.810","9.750","4.27M","-0.51%"
"08/18/2025","9.800","9.730","9.840","9.720","4.32M","0.72%"
"08/15/2025","9.730","9.750","9.870","9.720","6.64M","-0.10%"
"08/14/2025","9.740","9.780","9.780","9.690","7.20M","-0.10%"
"08/13/2025","9.750","9.780","9.780","9.700","6.91M","-0.10%"
"08/12/2025","9.760","9.740","9.780","9.680","8.70M","0.21%"
"08/11/2025","9.740","9.670","9.750","9.670","4.52M","0.72%"
"08/08/2025","9.670","9.690","9.740","9.630","7.04M","0.10%"
"08/07/2025","9.660","9.800","9.800","9.620","9.87M","-1.13%"
"08/06/2025","9.770","9.970","9.970","9.690","18.14M","-2.10%"
"08/05/2025","9.980","10.000","10.050","9.960","5.37M","-0.20%"
"08/04/2025","10.000","9.990","10.000","9.900","3.17M","0.50%"
"08/01/2025","9.950","9.920","10.050","9.880","9.09M","-0.30%"
"07/31/2025","9.980","9.840","9.980","9.780","8.53M","1.32%"
"07/30/2025","9.850","9.870","9.870","9.780","5.18M","0.31%"
"07/29/2025","9.820","9.770","9.870","9.630","4.78M","0.51%"
"07/28/2025","9.770","9.800","9.880","9.760","5.45M","-0.61%"
"07/25/2025","9.830","9.760","9.840","9.720","3.99M","0.31%"
"07/24/2025","9.800","9.740","9.800","9.710","6.20M","1.03%"
"07/23/2025","9.700","9.660","9.720","9.610","5.04M","1.25%"
"07/22/2025","9.580","9.680","9.700","9.580","3.95M","-1.24%"
"07/21/2025","9.700","9.730","9.750","9.620","3.61M","-0.21%"
"07/18/2025","9.720","9.700","9.740","9.630","4.56M","0.73%"
"07/17/2025","9.650","9.470","9.720","9.450","12.64M","1.90%"
"07/16/2025","9.470","9.220","9.640","9.220","13.69M","2.16%"
"07/15/2025","9.270","9.150","9.300","9.150","6.69M","0.87%"
"07/14/2025","9.190","9.230","9.300","9.130","4.73M","-0.54%"
"07/11/2025","9.240","9.310","9.320","9.230","3.62M","-0.22%"
"07/10/2025","9.260","9.350","9.350","9.260","2.35M","-0.43%"
"07/09/2025","9.300","9.270","9.340","9.240","5.68M","0.65%"
"07/08/2025","9.240","9.310","9.330","9.200","5.64M","-1.07%"
"07/07/2025","9.340","9.180","9.380","9.180","5.92M","1.85%"
"07/04/2025","9.170","9.220","9.240","9.150","2.08M","-0.33%"
"07/03/2025","9.200","9.080","9.240","9.040","6.60M","1.21%"
"07/02/2025","9.090","9.100","9.100","8.950","5.67M","0.78%"
"07/01/2025","9.020","9.130","9.140","9.010","2.30M","-0.55%"
"06/30/2025","9.070","9.190","9.190","9.000","12.48M","-1.20%"
"06/26/2025","9.180","8.750","9.180","8.730","18.55M","4.91%"
"06/25/2025","8.750","8.850","8.860","8.740","4.83M","-1.13%"
"06/24/2025","8.850","8.550","8.850","8.550","12.29M","4.00%"
"06/23/2025","8.510","8.370","8.530","8.370","5.21M","1.79%"
"06/20/2025","8.360","8.200","8.370","8.200","8.66M","1.95%"
"06/19/2025","8.200","8.310","8.360","8.150","13.21M","-2.26%"
"06/18/2025","8.390","8.350","8.400","8.200","15.67M","-0.12%"
"06/17/2025","8.400","8.430","8.490","8.370","6.95M","0.12%"
"06/16/2025","8.390","8.300","8.480","8.290","7.39M","-0.12%"
"06/13/2025","8.400","8.100","8.450","8.000","16.22M","-1.06%"
"06/12/2025","8.490","8.560","8.570","8.450","12.25M","-1.28%"
"06/11/2025","8.600","8.630","8.650","8.560","3.13M","0.00%"
"06/10/2025","8.600","8.590","8.660","8.550","7.03M","0.12%"
"06/09/2025","8.590","8.500","8.650","8.490","4.79M","1.18%"
"06/04/2025","8.490","8.480","8.540","8.440","6.75M","0.12%"
"06/03/2025","8.480","8.290","8.480","8.230","10.74M","3.04%"
"06/02/2025","8.230","8.240","8.300","8.170","5.51M","-0.24%"
"05/30/2025","8.250","8.260","8.270","8.190","14.79M","-0.12%"
"05/29/2025","8.260","8.250","8.270","8.210","6.79M","0.12%"
"05/28/2025","8.250","8.220","8.250","8.150","7.51M","0.73%"
"05/27/2025","8.190","8.180","8.260","8.150","7.43M","0.37%"
"05/26/2025","8.160","8.000","8.180","7.980","8.63M","2.13%"
"05/23/2025","7.990","8.030","8.040","7.960","7.98M","-0.50%"
"05/22/2025","8.030","7.990","8.040","7.930","4.56M","0.50%"
"05/21/2025","7.990","8.010","8.070","7.980","6.13M","0.00%"
"05/20/2025","7.990","8.010","8.100","7.970","6.14M","-0.50%"
"05/19/2025","8.030","7.890","8.060","7.860","11.24M","1.77%"
"05/16/2025","7.890","7.800","7.890","7.800","5.37M","0.64%"
"05/15/2025","7.840","7.800","7.840","7.720","4.13M","0.51%"
"05/14/2025","7.800","7.830","7.830","7.740","3.74M","-0.26%"
"05/13/2025","7.820","7.600","7.840","7.600","11.06M","3.03%"
"05/12/2025","7.590","7.540","7.620","7.540","3.02M","0.53%"
"05/09/2025","7.550","7.570","7.590","7.530","1.73M","0.00%"
"05/08/2025","7.550","7.600","7.620","7.550","4.42M","-0.66%"
"05/07/2025","7.600","7.580","7.660","7.570","5.33M","0.66%"
"05/06/2025","7.550","7.540","7.630","7.520","4.34M","-0.13%"
"05/05/2025","7.560","7.550","7.570","7.490","3.26M","0.13%"
"05/02/2025","7.550","7.630","7.630","7.540","3.09M","-1.05%"
"05/01/2025","7.630","7.540","7.690","7.540","8.50M","0.93%"
"04/30/2025","7.560","7.500","7.560","7.480","11.95M","0.80%"
"04/29/2025","7.500","7.500","7.580","7.470","9.11M","0.00%"
"04/28/2025","7.500","7.460","7.530","7.440","6.16M","0.67%"
"04/25/2025","7.450","7.540","7.540","7.440","6.98M","-1.19%"
"04/24/2025","7.540","7.540","7.580","7.500","9.39M","0.00%"
"04/23/2025","7.540","7.500","7.540","7.480","4.25M","0.40%"
"04/22/2025","7.510","7.490","7.530","7.470","3.92M","0.13%"
"04/21/2025","7.500","7.510","7.560","7.480","5.57M","0.13%"
"04/18/2025","7.490","7.470","7.520","7.440","6.24M","0.54%"
"04/17/2025","7.450","7.430","7.470","7.420","4.44M","-0.27%"
"04/16/2025","7.470","7.460","7.470","7.400","4.31M","0.13%"
"04/15/2025","7.460","7.450","7.460","7.370","7.32M","0.13%"
"04/14/2025","7.450","7.230","7.490","7.220","14.38M","3.19%"
"04/11/2025","7.220","7.210","7.220","7.160","6.61M","0.14%"
"04/10/2025","7.210","7.200","7.300","7.180","6.61M","1.55%"
"04/09/2025","7.100","6.880","7.190","6.780","10.88M","2.31%"
"04/08/2025","6.940","6.850","7.010","6.850","8.11M","2.21%"
"04/07/2025","6.790","6.800","6.910","6.550","18.53M","-5.69%"
"04/04/2025","7.200","7.150","7.220","7.120","9.40M","0.28%"
"04/03/2025","7.180","7.180","7.200","7.100","5.69M","0.00%"
"04/02/2025","7.180","7.200","7.200","7.080","8.42M","0.14%"
"03/28/2025","7.170","7.200","7.210","7.160","7.18M","-0.69%"
"03/27/2025","7.220","7.200","7.240","7.180","7.80M","0.14%"
"03/26/2025","7.210","7.180","7.240","7.180","3.92M","0.28%"
"03/25/2025","7.190","7.250","7.250","7.150","6.05M","-0.83%"
"03/24/2025","7.250","7.190","7.280","7.140","5.49M","0.14%"
"03/21/2025","7.240","7.000","7.240","6.990","15.66M","-3.98%"
"03/20/2025","7.540","7.510","7.560","7.460","8.25M","-0.13%"
"03/19/2025","7.550","7.520","7.580","7.480","6.28M","0.53%"
"03/18/2025","7.510","7.520","7.520","7.470","5.24M","-0.13%"
"03/17/2025","7.520","7.570","7.600","7.400","5.79M","-0.40%"
"03/14/2025","7.550","7.540","7.560","7.490","3.49M","0.00%"
"03/13/2025","7.550","7.550","7.640","7.520","6.33M","-0.26%"
"03/12/2025","7.570","7.270","7.570","7.270","5.93M","3.13%"
"03/11/2025","7.340","7.280","7.390","7.000","17.44M","-0.14%"
"03/10/2025","7.350","7.450","7.460","7.330","7.22M","-1.34%"
"03/07/2025","7.450","7.570","7.570","7.430","7.44M","-1.59%"
"03/06/2025","7.570","7.580","7.620","7.560","6.83M","-0.13%"
"03/05/2025","7.580","7.610","7.620","7.580","5.67M","-0.39%"
"03/04/2025","7.610","7.620","7.650","7.560","10.40M","0.13%"
"03/03/2025","7.600","7.710","7.710","7.600","5.04M","-1.68%"
"02/28/2025","7.730","7.680","7.730","7.600","10.91M","0.65%"
"02/27/2025","7.680","7.650","7.710","7.640","6.16M","0.79%"
"02/26/2025","7.620","7.610","7.680","7.610","6.09M","-0.26%"
"02/25/2025","7.640","7.680","7.680","7.590","3.74M","-0.65%"
"02/24/2025","7.690","7.700","7.720","7.600","5.72M","0.00%"
"02/21/2025","7.690","7.700","7.740","7.630","5.48M","-0.52%"
"02/20/2025","7.730","7.670","7.760","7.670","5.26M","0.52%"
"02/19/2025","7.690","7.640","7.700","7.640","4.33M","0.13%"
"02/18/2025","7.680","7.700","7.730","7.630","6.03M","-0.13%"
"02/17/2025","7.690","7.650","7.720","7.630","7.11M","0.52%"
"02/14/2025","7.650","7.600","7.650","7.590","4.13M","0.66%"
"02/13/2025","7.600","7.590","7.640","7.490","14.08M","0.00%"
"02/12/2025","7.600","7.800","7.800","7.550","23.67M","-4.04%"
"02/11/2025","7.920","7.770","7.930","7.740","11.83M","2.06%"
"02/10/2025","7.760","7.700","7.770","7.620","7.47M","0.78%"
"02/07/2025","7.700","7.790","7.790","7.670","5.91M","-1.16%"
"02/06/2025","7.790","7.750","7.800","7.740","7.09M","0.65%"
"02/05/2025","7.740","7.830","7.840","7.710","6.00M","-1.15%"
"02/04/2025","7.830","7.800","7.870","7.790","7.18M","0.26%"
"02/03/2025","7.810","7.720","7.810","7.650","9.65M","1.43%"
"01/31/2025","7.700","7.590","7.760","7.590","10.97M","1.32%"
"01/30/2025","7.600","7.640","7.660","7.550","4.04M","0.00%"
"01/29/2025","7.600","7.460","7.650","7.370","9.21M","2.15%"
"01/28/2025","7.440","7.530","7.560","7.440","3.30M","-0.80%"
"01/27/2025","7.500","7.510","7.570","7.490","4.33M","-0.13%"
"01/24/2025","7.510","7.590","7.630","7.510","5.97M","-1.05%"
"01/23/2025","7.590","7.440","7.600","7.380","9.66M","2.02%"
"01/22/2025","7.440","7.360","7.440","7.330","10.45M","1.36%"
"01/21/2025","7.340","7.300","7.350","7.250","4.72M","1.10%"
"01/20/2025","7.260","7.300","7.340","7.250","3.81M","-0.68%"
"01/17/2025","7.310","7.260","7.320","7.260","2.74M","0.14%"
"01/16/2025","7.300","7.280","7.300","7.240","6.26M","0.27%"
"01/15/2025","7.280","7.300","7.320","7.280","4.26M","-0.14%"
"01/14/2025","7.290","7.270","7.310","7.270","6.78M","0.41%"
"01/13/2025","7.260","7.330","7.340","7.260","6.72M","-0.27%"
"01/10/2025","7.280","7.270","7.320","7.270","4.26M","-0.27%"
"01/09/2025","7.300","7.290","7.380","7.290","5.36M","0.27%"
"01/08/2025","7.280","7.240","7.350","7.240","6.90M","-0.14%"
"01/07/2025","7.290","7.090","7.330","7.080","18.23M","3.11%"
"01/06/2025","7.070","7.050","7.070","7.010","3.39M","0.71%"
"01/03/2025","7.020","7.070","7.080","7.010","5.00M","-0.85%"
"01/02/2025","7.080","7.080","7.100","7.070","1.42M","-0.14%"
"12/31/2024","7.090","7.090","7.110","7.050","5.78M","-0.28%"
"12/30/2024","7.110","7.080","7.110","7.070","4.29M","0.71%"
"12/27/2024","7.060","7.070","7.120","7.060","2.23M","0.43%"
"12/26/2024","7.030","7.040","7.080","7.030","1.40M","-0.28%"
"12/25/2024","7.050","7.050","7.080","7.010","1.69M","0.28%"
"12/24/2024","7.030","7.040","7.070","7.030","2.36M","-0.28%"
"12/23/2024","7.050","7.030","7.090","7.030","2.14M","0.28%"
"12/20/2024","7.030","7.090","7.120","7.030","8.58M","-0.71%"
"12/19/2024","7.080","7.000","7.080","6.970","6.52M","-0.28%"
"12/18/2024","7.100","7.050","7.140","7.010","7.35M","1.28%"
"12/17/2024","7.010","7.160","7.160","6.950","11.84M","-1.68%"
"12/16/2024","7.130","6.840","7.180","6.840","20.57M","5.16%"
"12/13/2024","6.780","6.800","6.840","6.780","2.00M","-0.29%"
"12/12/2024","6.800","6.780","6.810","6.750","3.65M","0.59%"
"12/11/2024","6.760","6.790","6.800","6.760","2.81M","-0.59%"
"12/10/2024","6.800","6.800","6.810","6.770","4.02M","0.00%"
"12/09/2024","6.800","6.800","6.820","6.770","5.75M","0.44%"
"12/06/2024","6.770","6.890","6.890","6.760","6.79M","-1.74%"
"12/05/2024","6.890","6.930","6.930","6.830","5.69M","0.00%"
"12/04/2024","6.890","6.800","6.930","6.800","9.08M","1.32%"
"11/29/2024","6.800","6.770","6.850","6.770","5.42M","0.00%"
"11/28/2024","6.800","6.800","6.850","6.720","5.28M","0.74%"
"11/27/2024","6.750","6.810","6.840","6.750","6.23M","-0.74%"
"11/26/2024","6.800","6.720","6.810","6.690","6.57M","0.89%"
"11/25/2024","6.740","6.600","6.740","6.580","11.71M","3.22%"
"11/22/2024","6.530","6.550","6.620","6.530","4.18M","0.46%"
"11/21/2024","6.500","6.680","6.680","6.500","13.60M","-3.27%"
"11/20/2024","6.720","6.750","6.880","6.720","9.68M","-0.15%"
"11/19/2024","6.730","6.590","6.730","6.560","6.46M","2.12%"
"11/18/2024","6.590","6.530","6.610","6.530","4.10M","0.46%"
"11/15/2024","6.560","6.540","6.650","6.520","7.03M","0.31%"
"11/14/2024","6.540","6.480","6.540","6.480","6.33M","0.77%"
"11/13/2024","6.490","6.440","6.490","6.420","4.73M","0.78%"
"11/12/2024","6.440","6.380","6.470","6.370","9.57M","0.94%"
"11/11/2024","6.380","6.360","6.400","6.360","4.19M","0.31%"
"11/08/2024","6.360","6.310","6.380","6.310","5.64M","0.79%"
"11/07/2024","6.310","6.310","6.340","6.290","2.62M","0.16%"
"11/06/2024","6.300","6.260","6.360","6.260","9.51M","1.61%"
"11/05/2024","6.200","6.260","6.280","6.190","11.29M","-0.80%"
"11/04/2024","6.250","6.260","6.260","6.230","4.21M","-0.16%"
"11/01/2024","6.260","6.240","6.270","6.240","1.86M","0.16%"
"10/31/2024","6.250","6.290","6.290","6.250","6.24M","-0.64%"
"10/30/2024","6.290","6.290","6.310","6.250","7.75M","0.32%"
"10/29/2024","6.270","6.250","6.270","6.210","4.11M","0.97%"
"10/28/2024","6.210","6.120","6.250","6.120","5.62M","1.80%"
"10/25/2024","6.100","6.110","6.150","6.100","3.53M","-0.33%"
"10/24/2024","6.120","6.200","6.200","6.120","4.30M","-1.29%"
"10/23/2024","6.200","6.210","6.230","6.150","4.32M","-0.16%"
"10/22/2024","6.210","6.230","6.240","6.190","3.05M","-0.32%"
"10/21/2024","6.230","6.180","6.230","6.160","3.59M","0.65%"
"10/18/2024","6.190","6.140","6.190","6.140","2.80M","1.14%"
"10/17/2024","6.120","6.180","6.200","6.120","5.66M","-0.33%"
"10/16/2024","6.140","6.140","6.180","6.130","3.33M","-0.16%"
"10/15/2024","6.150","6.110","6.170","6.100","6.89M","0.49%"
"10/14/2024","6.120","6.110","6.150","6.100","2.84M","0.16%"
"10/11/2024","6.110","6.150","6.160","6.100","1.74M","-0.65%"
"10/10/2024","6.150","6.110","6.160","6.000","2.82M","0.65%"
"10/09/2024","6.110","6.130","6.170","6.110","2.28M","-0.49%"
"10/08/2024","6.140","6.190","6.190","6.130","5.60M","-0.49%"
"10/07/2024","6.170","6.100","6.170","6.000","3.62M","1.31%"
"10/04/2024","6.090","6.100","6.130","6.050","3.78M","-0.49%"
"10/03/2024","6.120","6.200","6.220","6.090","5.04M","-1.29%"
"10/02/2024","6.200","6.260","6.270","6.180","5.58M","-2.05%"
"10/01/2024","6.330","6.300","6.330","6.280","3.80M","0.48%"
"09/30/2024","6.300","6.340","6.370","6.300","5.08M","-0.94%"
"09/27/2024","6.360","6.370","6.370","6.310","1.91M","-0.31%"
"09/26/2024","6.380","6.320","6.430","6.310","7.79M","0.95%"
"09/25/2024","6.320","6.300","6.320","6.280","4.61M","0.16%"
"09/24/2024","6.310","6.260","6.330","6.260","3.47M","0.64%"
"09/23/2024","6.270","6.280","6.320","6.270","4.43M","-0.16%"
"09/20/2024","6.280","6.230","6.360","6.210","11.43M","1.29%"
"09/19/2024","6.200","6.200","6.230","6.190","6.55M","0.00%"
"09/18/2024","6.200","6.210","6.250","6.190","3.60M","0.00%"
"09/17/2024","6.200","6.190","6.210","6.170","2.23M","0.00%"
"09/16/2024","6.200","6.150","6.220","6.150","2.14M","0.98%"
"09/13/2024","6.140","6.130","6.170","6.120","1.22M","0.16%"
"09/12/2024","6.130","6.160","6.190","6.110","2.62M","0.33%"
"09/11/2024","6.110","6.220","6.230","6.110","5.39M","-1.77%"
"09/10/2024","6.220","6.190","6.240","6.170","4.19M","0.97%"
"09/09/2024","6.160","6.140","6.200","6.130","1.55M","0.33%"
"09/06/2024","6.140","6.180","6.190","6.140","1.82M","-0.65%"
"09/05/2024","6.180","6.150","6.230","6.150","2.03M","0.49%"
"09/04/2024","6.150","6.140","6.200","6.090","3.29M","-0.49%"
"09/03/2024","6.180","6.200","6.240","6.180","3.07M","-0.32%"
"09/02/2024","6.200","6.190","6.280","6.160","6.38M","0.49%"
"08/30/2024","6.170","6.140","6.180","6.120","9.28M","0.49%"
"08/29/2024","6.140","6.130","6.170","6.100","3.35M","0.16%"
"08/28/2024","6.130","6.200","6.220","6.130","4.29M","-1.13%"
"08/27/2024","6.200","6.150","6.210","6.140","5.45M","0.65%"
"08/26/2024","6.160","6.120","6.160","6.120","5.56M","0.82%"
"08/23/2024","6.110","6.020","6.140","6.010","5.84M","0.99%"
"08/22/2024","6.050","6.050","6.090","6.010","7.94M","-0.17%"
"08/21/2024","6.060","5.890","6.080","5.870","13.66M","2.71%"
"08/20/2024","5.900","5.880","5.900","5.870","2.15M","0.00%"
"08/19/2024","5.900","5.890","5.920","5.880","2.05M","-0.17%"
"08/16/2024","5.910","5.880","5.920","5.850","4.85M","0.51%"
"08/15/2024","5.880","5.790","5.880","5.790","2.33M","1.73%"
"08/14/2024","5.780","5.810","5.820","5.770","4.10M","0.00%"
"08/13/2024","5.780","5.840","5.890","5.780","3.95M","-1.70%"
"08/12/2024","5.880","5.820","5.900","5.820","2.18M","0.86%"
"08/09/2024","5.830","5.870","5.920","5.820","5.45M","0.00%"
"08/08/2024","5.830","5.830","5.970","5.810","8.37M","-0.85%"
"08/07/2024","5.880","5.800","5.930","5.770","10.47M","2.26%"
"08/06/2024","5.750","5.700","5.790","5.700","17.96M","1.77%"
"08/05/2024","5.650","5.850","5.850","5.610","16.82M","-4.56%"
"08/02/2024","5.920","5.930","5.930","5.850","6.48M","0.00%"
"08/01/2024","5.920","5.850","5.960","5.850","7.56M","1.20%"
"07/31/2024","5.850","5.990","5.990","5.830","11.72M","-2.17%"
"07/30/2024","5.980","5.980","6.030","5.960","9.12M","0.17%"
"07/29/2024","5.970","5.920","6.030","5.910","9.70M","0.84%"
"07/26/2024","5.920","5.870","5.930","5.870","6.15M","1.02%"
"07/25/2024","5.860","5.950","5.950","5.860","9.40M","-1.68%"
"07/24/2024","5.960","6.000","6.000","5.930","11.50M","-1.32%"
"07/23/2024","6.040","5.930","6.040","5.920","9.99M","1.68%"
"07/22/2024","5.940","5.970","5.980","5.920","5.31M","-0.34%"
"07/19/2024","5.960","6.000","6.040","5.960","7.48M","-0.67%"
"07/18/2024","6.000","5.850","6.000","5.850","13.36M","2.04%"
"07/17/2024","5.880","5.880","5.920","5.830","3.34M","0.17%"
"07/16/2024","5.870","5.880","5.960","5.870","10.87M","0.00%"
"07/15/2024","5.870","5.790","5.870","5.750","5.20M","1.56%"
"07/12/2024","5.780","5.800","5.810","5.780","2.23M","0.17%"
"07/11/2024","5.770","5.800","5.820","5.770","3.05M","-0.52%"
"07/10/2024","5.800","5.800","5.820","5.780","2.74M","-0.17%"
"07/09/2024","5.810","5.830","5.830","5.770","4.76M","-0.34%"
"07/08/2024","5.830","5.830","5.870","5.810","3.92M","-0.17%"
"07/05/2024","5.840","5.800","5.840","5.760","4.32M","0.69%"
"07/04/2024","5.800","5.810","5.840","5.780","4.10M","-0.34%"
"07/03/2024","5.820","5.770","5.830","5.750","5.75M","1.22%"
"07/02/2024","5.750","5.760","5.800","5.740","4.67M","-0.17%"
"07/01/2024","5.760","5.690","5.760","5.680","6.01M","0.35%"
"06/28/2024","5.740","5.670","5.760","5.670","10.85M","1.41%"
"06/27/2024","5.660","5.660","5.700","5.620","3.71M","0.00%"
"06/26/2024","5.660","5.730","5.730","5.660","5.36M","-1.22%"
"06/25/2024","5.730","5.660","5.730","5.660","5.39M","1.24%"
"06/24/2024","5.660","5.770","5.770","5.620","5.71M","-1.74%"
"06/21/2024","5.760","5.720","5.760","5.690","9.04M","0.70%"
"06/20/2024","5.720","5.630","5.720","5.630","12.04M","1.96%"
"06/19/2024","5.610","5.570","5.620","5.570","3.86M","0.36%"
"06/14/2024","5.590","5.590","5.590","5.550","2.70M","0.00%"
"06/13/2024","5.590","5.550","5.590","5.530","2.98M","1.27%"
"06/12/2024","5.520","5.550","5.590","5.520","5.66M","-0.72%"
"06/11/2024","5.560","5.580","5.590","5.550","3.41M","0.36%"
"06/10/2024","5.540","5.540","5.560","5.530","2.64M","0.00%"
"06/07/2024","5.540","5.510","5.560","5.510","3.71M","0.54%"
"06/06/2024","5.510","5.520","5.550","5.510","3.47M","0.18%"
"06/05/2024","5.500","5.550","5.550","5.500","4.47M","-0.36%"
"06/04/2024","5.520","5.550","5.550","5.500","6.39M","-0.18%"
"06/03/2024","5.530","5.520","5.600","5.500","5.94M","0.18%"
"05/31/2024","5.520","5.580","5.600","5.520","11.53M","-1.08%"
"05/30/2024","5.580","5.570","5.580","5.500","4.06M","1.27%"
"05/29/2024","5.510","5.570","5.620","5.510","6.99M","-1.08%"
"05/28/2024","5.570","5.670","5.680","5.560","5.53M","-1.76%"
"05/27/2024","5.670","5.500","5.670","5.500","5.66M","3.09%"
"05/24/2024","5.500","5.550","5.570","5.500","8.99M","-0.36%"
"05/23/2024","5.520","5.580","5.650","5.520","7.49M","-1.08%"
"05/22/2024","5.580","5.600","5.630","5.570","6.62M","-0.36%"
"05/21/2024","5.600","5.650","5.690","5.600","7.81M","-0.88%"
"05/20/2024","5.650","5.560","5.670","5.550","5.08M","1.62%"
"05/17/2024","5.560","5.680","5.680","5.560","6.50M","-1.24%"
"05/16/2024","5.630","5.650","5.670","5.580","4.68M","0.54%"
"05/15/2024","5.600","5.690","5.690","5.600","3.94M","-1.41%"
"05/14/2024","5.680","5.700","5.710","5.640","3.55M","0.18%"
"05/13/2024","5.670","5.660","5.710","5.650","2.76M","0.35%"
"05/10/2024","5.650","5.720","5.720","5.650","1.85M","-0.53%"
"05/09/2024","5.680","5.720","5.750","5.680","5.04M","-0.53%"
"05/08/2024","5.710","5.660","5.720","5.650","5.01M","1.42%"
"05/07/2024","5.630","5.670","5.670","5.630","2.51M","0.00%"
"05/06/2024","5.630","5.670","5.690","5.630","2.26M","0.18%"
"05/02/2024","5.620","5.600","5.620","5.570","2.45M","1.08%"
"05/01/2024","5.560","5.560","5.610","5.540","3.14M","0.00%"
"04/30/2024","5.560","5.560","5.620","5.550","6.83M","0.00%"
"04/29/2024","5.560","5.510","5.560","5.510","6.10M","1.09%"
"04/26/2024","5.500","5.540","5.590","5.490","3.89M","0.00%"
"04/25/2024","5.500","5.660","5.660","5.500","9.36M","-2.31%"
"04/24/2024","5.630","5.710","5.710","5.630","3.85M","-1.40%"
"04/23/2024","5.710","5.710","5.710","5.650","4.73M","0.53%"
"04/22/2024","5.680","5.750","5.750","5.680","4.24M","0.00%"
"04/19/2024","5.680","5.720","5.720","5.660","2.90M","-0.87%"
"04/18/2024","5.730","5.740","5.770","5.700","5.05M","0.53%"
"04/17/2024","5.700","5.670","5.740","5.660","5.96M","0.53%"
"04/16/2024","5.670","5.750","5.810","5.670","4.93M","-1.39%"
"04/15/2024","5.750","5.700","5.780","5.680","11.81M","-0.17%"
"04/05/2024","5.760","5.770","5.780","5.730","3.98M","0.00%"
"04/04/2024","5.760","5.820","5.820","5.750","4.35M","-0.17%"
"04/03/2024","5.770","5.830","5.830","5.770","3.74M","-0.69%"
"04/02/2024","5.810","5.840","5.850","5.800","3.72M","0.00%"
"04/01/2024","5.810","5.830","5.860","5.800","3.33M","-0.34%"
"03/29/2024","5.830","5.860","5.880","5.800","7.61M","-0.17%"
"03/28/2024","5.840","5.840","5.910","5.840","5.11M","0.17%"
"03/27/2024","5.830","5.880","5.880","5.830","9.56M","-0.51%"
"03/26/2024","5.860","5.940","5.970","5.810","8.38M","-1.18%"
"03/25/2024","5.930","5.870","5.940","5.850","7.97M","1.02%"
"03/22/2024","5.870","5.790","5.870","5.790","3.36M","1.56%"
"03/21/2024","5.780","5.800","5.820","5.780","4.37M","0.00%"
"03/20/2024","5.780","5.820","5.820","5.760","7.25M","0.17%"
"03/19/2024","5.770","5.820","5.840","5.770","6.18M","-0.35%"
"03/18/2024","5.790","5.770","5.850","5.770","5.48M","0.52%"
"03/15/2024","5.760","5.870","5.870","5.760","11.89M","-1.87%"
"03/14/2024","5.870","5.800","5.870","5.780","4.14M","1.73%"
"03/13/2024","5.770","5.840","5.840","5.770","3.98M","-0.17%"
"03/12/2024","5.780","5.750","5.790","5.750","2.85M","0.52%"
"03/11/2024","5.750","5.780","5.800","5.750","4.84M","-0.52%"
"03/08/2024","5.780","5.830","5.840","5.720","7.88M","-0.86%"
"03/07/2024","5.830","5.900","5.900","5.830","7.16M","-8.04%"
"03/06/2024","6.340","6.350","6.390","6.280","13.38M","-0.16%"
"03/05/2024","6.350","6.460","6.460","6.300","9.85M","-1.85%"
"03/04/2024","6.470","6.490","6.550","6.420","8.31M","-0.15%"
"03/01/2024","6.480","6.440","6.480","6.400","3.14M","0.62%"
"02/29/2024","6.440","6.360","6.440","6.360","10.04M","1.26%"
"02/28/2024","6.360","6.440","6.440","6.360","7.33M","-1.24%"
"02/27/2024","6.440","6.350","6.440","6.350","10.06M","1.42%"
"02/26/2024","6.350","6.380","6.450","6.340","8.07M","-0.47%"
"02/23/2024","6.380","6.440","6.440","6.360","7.31M","-0.31%"
"02/22/2024","6.400","6.500","6.510","6.400","8.73M","-1.54%"
"02/21/2024","6.500","6.480","6.500","6.410","5.33M","0.00%"
"02/20/2024","6.500","6.470","6.500","6.450","6.49M","0.46%"
"02/19/2024","6.470","6.520","6.550","6.460","4.42M","-0.92%"
"02/16/2024","6.530","6.490","6.530","6.450","4.86M","0.77%"
"02/15/2024","6.480","6.480","6.500","6.450","3.61M","0.00%"
"02/14/2024","6.480","6.420","6.480","6.400","4.30M","0.78%"
"02/13/2024","6.430","6.430","6.460","6.430","5.34M","0.00%"
"02/12/2024","6.430","6.380","6.430","6.380","3.43M","0.63%"
"02/09/2024","6.390","6.390","6.400","6.360","4.15M","0.00%"
"02/08/2024","6.390","6.380","6.400","6.350","3.72M","0.16%"
"02/07/2024","6.380","6.350","6.380","6.320","5.91M","0.47%"
"02/06/2024","6.350","6.380","6.390","6.290","7.95M","-0.31%"
"02/05/2024","6.370","6.370","6.380","6.360","3.91M","-0.16%"
"02/02/2024","6.380","6.390","6.400","6.360","1.76M","-0.16%"
"02/01/2024","6.390","6.350","6.390","6.320","8.81M","1.11%"
"01/31/2024","6.320","6.390","6.440","6.320","9.97M","-0.78%"
"01/30/2024","6.370","6.320","6.420","6.310","16.87M","0.79%"
"01/29/2024","6.320","6.230","6.330","6.230","7.46M","1.12%"
"01/26/2024","6.250","6.250","6.280","6.230","4.65M","0.00%"
"01/25/2024","6.250","6.280","6.290","6.210","10.78M","-0.64%"
"01/24/2024","6.290","6.150","6.400","6.150","47.74M","7.71%"
"01/23/2024","5.840","5.800","5.840","5.790","3.49M","0.69%"
"01/22/2024","5.800","5.800","5.830","5.780","4.78M","0.00%"
"01/19/2024","5.800","5.770","5.810","5.760","3.25M","0.69%"
"01/18/2024","5.760","5.810","5.810","5.750","4.24M","-0.52%"
"01/17/2024","5.790","5.760","5.800","5.760","4.47M","0.35%"
"01/16/2024","5.770","5.800","5.810","5.770","3.51M","-0.17%"
"01/15/2024","5.780","5.800","5.840","5.760","2.45M","-0.86%"
"01/12/2024","5.830","5.800","5.850","5.750","5.53M","0.34%"
"01/11/2024","5.810","5.800","5.860","5.780","5.71M","-0.17%"
"01/10/2024","5.820","5.810","5.830","5.790","4.53M","0.17%"
"01/09/2024","5.810","5.800","5.840","5.790","5.00M","0.52%"
"01/08/2024","5.780","5.770","5.810","5.760","3.36M","0.00%"
"01/05/2024","5.780","5.760","5.790","5.740","2.47M","0.35%"
"01/04/2024","5.760","5.750","5.790","5.730","3.88M","0.17%"
"01/03/2024","5.750","5.800","5.810","5.720","7.04M","-0.86%"
"01/02/2024","5.800","5.720","5.800","5.720","5.00M","1.40%"
"12/29/2023","5.720","5.690","5.760","5.650","7.94M","0.00%"
"12/28/2023","5.720","5.730","5.760","5.660","13.85M","0.53%"
"12/27/2023","5.690","5.710","5.730","5.660","4.55M","-0.18%"
"12/26/2023","5.700","5.680","5.730","5.680","2.04M","-0.18%"
"12/25/2023","5.710","5.670","5.730","5.630","1.62M","0.18%"
"12/22/2023","5.700","5.690","5.700","5.660","964.30K","0.18%"
"12/21/2023","5.690","5.680","5.690","5.640","993.17K","0.18%"
"12/20/2023","5.680","5.690","5.700","5.650","2.00M","0.35%"
"12/19/2023","5.660","5.690","5.700","5.660","1.63M","-0.70%"
"12/18/2023","5.700","5.700","5.740","5.660","1.57M","-0.87%"
"12/15/2023","5.750","5.700","5.750","5.640","6.43M","0.88%"
"12/14/2023","5.700","5.560","5.720","5.560","8.25M","1.60%"
"12/13/2023","5.610","5.570","5.610","5.530","1.50M","1.45%"
"12/12/2023","5.530","5.560","5.560","5.520","3.69M","-0.54%"
"12/11/2023","5.560","5.600","5.620","5.520","2.94M","-0.89%"
"12/08/2023","5.610","5.550","5.610","5.520","2.07M","0.72%"
"12/07/2023","5.570","5.530","5.570","5.510","3.89M","0.00%"
"12/06/2023","5.570","5.580","5.610","5.540","3.49M","-0.18%"
"12/05/2023","5.580","5.560","5.580","5.500","3.32M","0.72%"
"12/01/2023","5.540","5.540","5.540","5.500","2.01M","0.36%"
"11/30/2023","5.520","5.540","5.570","5.520","7.83M","-0.18%"
"11/29/2023","5.530","5.510","5.540","5.510","3.56M","0.18%"
"11/28/2023","5.520","5.540","5.550","5.500","4.44M","0.55%"
"11/27/2023","5.490","5.510","5.510","5.480","1.49M","-0.72%"
"11/24/2023","5.530","5.510","5.530","5.470","882.97K","0.36%"
"11/23/2023","5.510","5.510","5.550","5.480","1.89M","-0.90%"
"11/22/2023","5.560","5.530","5.580","5.510","2.15M","0.18%"
"11/21/2023","5.550","5.480","5.590","5.480","4.20M","0.36%"
"11/20/2023","5.530","5.470","5.540","5.470","3.38M","1.10%"
"11/17/2023","5.470","5.500","5.530","5.470","1.41M","-1.08%"
"11/16/2023","5.530","5.490","5.530","5.470","5.59M","0.36%"
"11/15/2023","5.510","5.510","5.510","5.450","7.18M","0.18%"
"11/14/2023","5.500","5.530","5.530","5.470","3.11M","0.18%"
"11/13/2023","5.490","5.520","5.550","5.460","3.73M","-0.90%"
"11/10/2023","5.540","5.520","5.540","5.500","2.41M","0.18%"
"11/09/2023","5.530","5.510","5.570","5.510","2.26M","-0.36%"
"11/08/2023","5.550","5.590","5.600","5.510","3.11M","-0.89%"
"11/07/2023","5.600","5.560","5.600","5.550","4.79M","0.90%"
"11/06/2023","5.550","5.450","5.550","5.450","5.95M","2.40%"
"11/03/2023","5.420","5.460","5.500","5.420","1.90M","-0.73%"
"11/02/2023","5.460","5.470","5.510","5.450","3.42M","-0.18%"
"11/01/2023","5.470","5.420","5.470","5.360","4.83M","1.30%"
"10/31/2023","5.400","5.400","5.450","5.350","6.35M","0.75%"
"10/30/2023","5.360","5.250","5.390","5.250","6.00M","2.68%"
"10/27/2023","5.220","5.300","5.380","5.200","7.53M","-1.69%"
"10/26/2023","5.310","5.410","5.460","5.310","7.75M","-1.48%"
"10/25/2023","5.390","5.290","5.440","5.290","7.00M","2.28%"
"10/24/2023","5.270","5.250","5.310","5.240","5.54M","0.19%"
"10/23/2023","5.260","5.280","5.330","5.250","2.01M","-0.19%"
"10/20/2023","5.270","5.380","5.430","5.270","6.91M","-1.68%"
"10/19/2023","5.360","5.470","5.480","5.360","8.24M","-2.01%"
"10/18/2023","5.470","5.490","5.490","5.340","5.06M","1.11%"
"10/17/2023","5.410","5.420","5.530","5.410","7.65M","0.00%"
"10/16/2023","5.410","5.520","5.550","5.410","7.77M","-1.64%"
"10/13/2023","5.500","5.570","5.610","5.480","10.98M","-1.26%"
"10/12/2023","5.570","5.600","5.620","5.570","3.63M","0.00%"
"10/11/2023","5.570","5.650","5.650","5.560","7.49M","-0.36%"
"10/10/2023","5.590","5.610","5.680","5.590","5.14M","-0.18%"
"10/09/2023","5.600","5.730","5.730","5.600","7.51M","-3.28%"
"10/06/2023","5.790","5.740","5.790","5.720","2.34M","0.87%"
"10/05/2023","5.740","5.760","5.800","5.740","2.66M","-0.69%"
"10/04/2023","5.780","5.800","5.800","5.740","5.45M","0.00%"
"10/03/2023","5.780","5.880","5.880","5.770","9.90M","-1.20%"
"10/02/2023","5.850","5.850","5.890","5.810","6.81M","0.00%"
"09/28/2023","5.850","5.800","5.890","5.780","8.08M","1.21%"
"09/27/2023","5.780","5.800","5.820","5.760","4.47M","-0.34%"
"09/26/2023","5.800","5.890","5.890","5.800","7.08M","-1.53%"
"09/25/2023","5.890","5.920","5.930","5.860","8.69M","-0.17%"
"09/22/2023","5.900","5.820","5.940","5.820","21.08M","1.72%"
"09/21/2023","5.800","5.720","5.820","5.700","22.01M","1.58%"
"09/20/2023","5.710","5.680","5.740","5.650","6.74M","0.71%"
"09/19/2023","5.670","5.630","5.700","5.630","3.69M","0.35%"
"09/18/2023","5.650","5.680","5.680","5.630","1.93M","-0.53%"
"09/15/2023","5.680","5.690","5.690","5.650","4.49M","-0.35%"
"09/14/2023","5.700","5.620","5.700","5.620","4.57M","1.42%"
"09/13/2023","5.620","5.650","5.650","5.620","2.28M","-0.53%"
"09/12/2023","5.650","5.640","5.660","5.620","3.90M","0.18%"
"09/11/2023","5.640","5.620","5.650","5.600","2.62M","0.36%"
"09/08/2023","5.620","5.640","5.650","5.580","2.28M","-0.35%"
"09/07/2023","5.640","5.590","5.640","5.560","3.44M","1.26%"
"09/06/2023","5.570","5.610","5.610","5.570","2.35M","-0.89%"
"09/05/2023","5.620","5.650","5.650","5.590","3.27M","-0.53%"
"09/04/2023","5.650","5.650","5.680","5.600","5.61M","0.18%"
"09/01/2023","5.640","5.650","5.690","5.640","1.67M","0.00%"
"08/31/2023","5.640","5.680","5.710","5.640","8.43M","-0.70%"
"08/30/2023","5.680","5.650","5.730","5.650","5.29M","0.71%"
"08/29/2023","5.640","5.690","5.690","5.620","3.02M","-0.35%"
"08/28/2023","5.660","5.680","5.720","5.660","2.19M","-0.35%"
"08/25/2023","5.680","5.670","5.680","5.640","2.49M","0.18%"
"08/24/2023","5.670","5.660","5.690","5.640","3.74M","0.89%"
"08/23/2023","5.620","5.660","5.700","5.620","5.27M","-0.71%"
"08/22/2023","5.660","5.580","5.660","5.580","4.14M","1.43%"
"08/21/2023","5.580","5.660","5.660","5.580","2.88M","-1.24%"
"08/18/2023","5.650","5.620","5.660","5.620","2.22M","0.71%"
"08/17/2023","5.610","5.630","5.660","5.610","2.70M","-0.36%"
"08/16/2023","5.630","5.680","5.680","5.630","4.46M","-0.88%"
"08/15/2023","5.680","5.670","5.710","5.670","1.63M","0.00%"
"08/14/2023","5.680","5.690","5.720","5.660","2.73M","-0.18%"
"08/11/2023","5.690","5.750","5.750","5.660","3.90M","-1.22%"
"08/10/2023","5.760","5.730","5.760","5.700","3.02M","0.70%"
"08/09/2023","5.720","5.730","5.760","5.720","2.64M","-0.17%"
"08/08/2023","5.730","5.750","5.790","5.730","5.11M","-0.52%"
"08/07/2023","5.760","5.770","5.820","5.750","5.74M","-0.35%"
"08/04/2023","5.780","5.820","5.820","5.760","1.58M","-0.69%"
"08/03/2023","5.820","5.770","5.820","5.760","6.19M","0.87%"
"08/02/2023","5.770","5.800","5.820","5.760","6.91M","-0.35%"
"08/01/2023","5.790","5.730","5.830","5.720","9.91M","0.70%"
"07/31/2023","5.750","5.740","5.750","5.690","5.84M","0.35%"
"07/28/2023","5.730","5.710","5.730","5.700","2.75M","0.35%"
"07/27/2023","5.710","5.700","5.740","5.680","7.20M","0.00%"
"07/26/2023","5.710","5.800","5.800","5.700","14.10M","-1.55%"
"07/25/2023","5.800","5.720","5.820","5.700","22.57M","1.75%"
"07/24/2023","5.700","5.650","5.730","5.650","8.91M","0.88%"
"07/20/2023","5.650","5.630","5.670","5.620","2.44M","0.18%"
"07/19/2023","5.640","5.660","5.700","5.640","1.92M","-0.35%"
"07/18/2023","5.660","5.710","5.710","5.630","4.37M","-0.70%"
"07/17/2023","5.700","5.670","5.730","5.670","8.21M","0.53%"
"07/14/2023","5.670","5.670","5.680","5.620","2.19M","0.35%"
"07/13/2023","5.650","5.580","5.680","5.560","10.23M","1.62%"
"07/12/2023","5.560","5.580","5.620","5.550","7.75M","-0.36%"
"07/11/2023","5.580","5.520","5.580","5.520","6.23M","0.90%"
"07/10/2023","5.530","5.530","5.560","5.490","6.49M","0.55%"
"07/07/2023","5.500","5.520","5.540","5.490","7.47M","-0.54%"
"07/06/2023","5.530","5.600","5.600","5.530","5.07M","-0.90%"
"07/05/2023","5.580","5.580","5.640","5.510","10.61M","-0.18%"
"07/04/2023","5.590","5.530","5.610","5.530","21.23M","1.45%"
"07/03/2023","5.510","5.440","5.530","5.440","10.50M","0.73%"
"06/26/2023","5.470","5.450","5.510","5.450","5.30M","0.00%"
"06/23/2023","5.470","5.450","5.470","5.430","3.63M","0.37%"
"06/22/2023","5.450","5.450","5.450","5.400","4.09M","0.74%"
"06/21/2023","5.410","5.470","5.470","5.400","3.53M","-0.73%"
"06/20/2023","5.450","5.470","5.470","5.400","6.33M","0.00%"
"06/19/2023","5.450","5.490","5.500","5.410","4.61M","-0.91%"
"06/16/2023","5.500","5.440","5.520","5.440","13.49M","1.48%"
"06/15/2023","5.420","5.400","5.440","5.390","2.68M","0.37%"
"06/14/2023","5.400","5.440","5.440","5.390","4.47M","0.37%"
"06/13/2023","5.380","5.380","5.450","5.380","4.79M","-0.55%"
"06/12/2023","5.410","5.390","5.420","5.350","4.78M","0.56%"
"06/09/2023","5.380","5.310","5.380","5.310","1.50M","1.13%"
"06/08/2023","5.320","5.310","5.340","5.290","4.14M","0.19%"
"06/07/2023","5.310","5.350","5.390","5.310","4.61M","-0.75%"
"06/06/2023","5.350","5.340","5.430","5.340","13.08M","0.56%"
"06/05/2023","5.320","5.300","5.340","5.280","2.45M","0.38%"
"06/02/2023","5.300","5.300","5.310","5.250","5.15M","0.57%"
"06/01/2023","5.270","5.290","5.300","5.230","8.78M","0.19%"
"05/31/2023","5.260","5.280","5.350","5.250","19.21M","-0.19%"
"05/30/2023","5.270","5.230","5.280","5.220","4.16M","0.76%"
"05/29/2023","5.230","5.240","5.260","5.190","4.59M","1.16%"
"05/26/2023","5.170","5.170","5.220","5.150","4.66M","0.00%"
"05/25/2023","5.170","5.250","5.250","5.170","3.59M","-0.77%"
"05/24/2023","5.210","5.280","5.280","5.180","10.32M","-0.95%"
"05/23/2023","5.260","5.320","5.330","5.260","7.49M","-1.31%"
"05/22/2023","5.330","5.380","5.380","5.290","5.08M","-0.56%"
"05/19/2023","5.360","5.340","5.360","5.320","1.99M","0.37%"
"05/18/2023","5.340","5.340","5.370","5.320","2.31M","0.19%"
"05/17/2023","5.330","5.290","5.360","5.290","5.07M","0.19%"
"05/16/2023","5.320","5.360","5.360","5.270","3.71M","0.19%"
"05/15/2023","5.310","5.440","5.440","5.310","7.21M","-1.85%"
"05/12/2023","5.410","5.480","5.490","5.400","3.67M","-0.55%"
"05/11/2023","5.440","5.500","5.500","5.440","3.87M","-1.09%"
"05/10/2023","5.500","5.500","5.530","5.460","3.83M","-0.36%"
"05/09/2023","5.520","5.570","5.590","5.480","5.89M","-0.54%"
"05/08/2023","5.550","5.590","5.640","5.540","6.09M","-0.72%"
"05/05/2023","5.590","5.510","5.590","5.510","3.99M","1.45%"
"05/04/2023","5.510","5.610","5.610","5.500","4.87M","-0.72%"
"05/03/2023","5.550","5.580","5.690","5.550","12.54M","-0.36%"
"05/02/2023","5.570","5.530","5.600","5.490","9.03M","1.09%"
"05/01/2023","5.510","5.560","5.590","5.500","4.36M","-0.90%"
"04/28/2023","5.560","5.400","5.560","5.400","14.33M","2.96%"
"04/27/2023","5.400","5.330","5.400","5.330","5.21M","0.75%"
"04/26/2023","5.360","5.320","5.380","5.290","7.03M","0.75%"
"04/25/2023","5.320","5.350","5.380","5.320","3.58M","-0.56%"
"04/24/2023","5.350","5.320","5.370","5.310","2.82M","0.56%"
"04/19/2023","5.320","5.390","5.390","5.300","11.71M","-1.30%"
"04/18/2023","5.390","5.390","5.430","5.370","8.71M","0.56%"
"04/17/2023","5.360","5.390","5.400","5.350","5.77M","0.37%"
"04/14/2023","5.340","5.350","5.380","5.320","3.10M","0.56%"
"04/13/2023","5.310","5.380","5.400","5.310","6.03M","-1.12%"
"04/12/2023","5.370","5.330","5.370","5.280","5.02M","1.32%"
"04/11/2023","5.300","5.300","5.360","5.280","5.81M","0.00%"
"04/10/2023","5.300","5.270","5.350","5.270","3.97M","0.57%"
"04/07/2023","5.270","5.290","5.310","5.260","2.37M","0.19%"
"04/06/2023","5.260","5.280","5.330","5.230","3.46M","-0.38%"
"04/05/2023","5.280","5.290","5.300","5.240","2.24M","-0.19%"
"04/04/2023","5.290","5.350","5.360","5.270","3.79M","-0.19%"
"04/03/2023","5.300","5.300","5.330","5.260","2.95M","1.34%"
"03/31/2023","5.230","5.410","5.410","5.230","6.31M","-2.43%"
"03/30/2023","5.360","5.400","5.400","5.340","2.06M","0.00%"
"03/29/2023","5.360","5.350","5.420","5.320","5.74M","0.19%"
"03/28/2023","5.350","5.140","5.350","5.140","13.18M","4.90%"
"03/27/2023","5.100","5.270","5.290","5.100","3.90M","-2.11%"
"03/24/2023","5.210","5.310","5.320","5.210","4.04M","-5.62%"
"03/23/2023","5.520","5.560","5.580","5.480","9.33M","-0.18%"
"03/22/2023","5.530","5.590","5.590","5.530","3.58M","0.00%"
"03/21/2023","5.530","5.540","5.600","5.500","3.95M","0.18%"
"03/20/2023","5.520","5.450","5.570","5.450","3.18M","0.00%"
"03/17/2023","5.520","5.520","5.570","5.490","7.89M","0.55%"
"03/16/2023","5.490","5.450","5.510","5.380","4.96M","0.73%"
"03/15/2023","5.450","5.460","5.650","5.450","8.88M","0.74%"
"03/14/2023","5.410","5.600","5.600","5.410","9.37M","-3.57%"
"03/13/2023","5.610","5.650","5.700","5.560","6.07M","-1.58%"
"03/10/2023","5.700","5.700","5.730","5.670","1.30M","0.00%"
"03/09/2023","5.700","5.730","5.770","5.700","2.41M","-1.04%"
"03/08/2023","5.760","5.750","5.770","5.720","4.11M","0.17%"
"03/07/2023","5.750","5.710","5.760","5.700","2.51M","0.00%"
"03/06/2023","5.750","5.700","5.760","5.680","3.61M","1.05%"
"03/03/2023","5.690","5.760","5.790","5.680","3.21M","-0.70%"
"03/02/2023","5.730","5.750","5.790","5.730","4.36M","-0.17%"
"03/01/2023","5.740","5.750","5.770","5.700","4.35M","0.00%"
"02/28/2023","5.740","5.700","5.770","5.680","6.58M","1.23%"
"02/27/2023","5.670","5.700","5.710","5.640","3.21M","0.35%"
"02/24/2023","5.650","5.630","5.690","5.630","975.52K","0.18%"
"02/23/2023","5.640","5.710","5.750","5.580","3.07M","-1.57%"
"02/22/2023","5.730","5.720","5.760","5.690","3.09M","0.00%"
"02/21/2023","5.730","5.730","5.760","5.700","4.03M","-0.69%"
"02/20/2023","5.770","5.720","5.790","5.720","1.76M","-0.35%"
"02/17/2023","5.790","5.740","5.790","5.700","2.53M","1.22%"
"02/16/2023","5.720","5.760","5.760","5.710","2.30M","-0.69%"
"02/15/2023","5.760","5.710","5.760","5.700","2.93M","0.52%"
"02/14/2023","5.730","5.720","5.740","5.690","3.73M","0.17%"
"02/13/2023","5.720","5.690","5.750","5.690","6.34M","0.70%"
"02/10/2023","5.680","5.690","5.690","5.610","706.79K","0.53%"
"02/09/2023","5.650","5.660","5.680","5.620","2.96M","0.00%"
"02/08/2023","5.650","5.630","5.650","5.600","2.70M","0.53%"
"02/07/2023","5.620","5.610","5.650","5.570","4.95M","0.00%"
"02/06/2023","5.620","5.610","5.620","5.560","3.91M","0.72%"
"02/03/2023","5.580","5.570","5.600","5.550","4.38M","0.18%"
"02/02/2023","5.570","5.600","5.620","5.570","3.52M","0.00%"
"02/01/2023","5.570","5.590","5.600","5.550","3.30M","0.36%"
"01/31/2023","5.550","5.670","5.670","5.550","8.95M","-2.97%"
"01/30/2023","5.720","5.600","5.720","5.510","5.75M","1.96%"
"01/27/2023","5.610","5.650","5.690","5.600","2.43M","-0.71%"
"01/26/2023","5.650","5.720","5.720","5.630","2.06M","-0.18%"
"01/25/2023","5.660","5.680","5.730","5.660","4.69M","-0.18%"
"01/24/2023","5.670","5.570","5.670","5.560","4.18M","2.16%"
"01/23/2023","5.550","5.570","5.600","5.550","2.06M","-0.36%"
"01/20/2023","5.570","5.630","5.630","5.520","3.21M","-0.54%"
"01/19/2023","5.600","5.600","5.610","5.580","3.76M","-0.36%"
"01/18/2023","5.620","5.660","5.660","5.570","3.01M","-0.71%"
"01/17/2023","5.660","5.620","5.700","5.610","3.90M","0.18%"
"01/16/2023","5.650","5.640","5.670","5.580","4.00M","0.71%"
"01/13/2023","5.610","5.510","5.650","5.470","5.39M","1.81%"
"01/12/2023","5.510","5.560","5.560","5.400","9.07M","0.18%"
"01/11/2023","5.500","5.600","5.650","5.500","6.91M","-2.48%"
"01/10/2023","5.640","5.680","5.680","5.600","4.25M","-0.70%"
"01/09/2023","5.680","5.650","5.680","5.600","2.56M","1.43%"
"01/06/2023","5.600","5.660","5.660","5.580","2.20M","-1.06%"
"01/05/2023","5.660","5.660","5.690","5.590","3.78M","0.18%"
"01/04/2023","5.650","5.610","5.740","5.580","4.52M","0.53%"
"01/03/2023","5.620","5.670","5.680","5.620","2.69M","-1.40%"
"01/02/2023","5.700","5.760","5.760","5.650","796.78K","0.00%"
"12/30/2022","5.700","5.720","5.760","5.660","2.24M","-0.18%"
"12/29/2022","5.710","5.710","5.800","5.710","2.56M","-1.21%"
"12/28/2022","5.780","5.750","5.800","5.700","3.44M","0.52%"
"12/27/2022","5.750","5.690","5.780","5.660","3.83M","1.05%"
"12/26/2022","5.690","5.620","5.720","5.550","2.11M","1.25%"
"12/23/2022","5.620","5.600","5.630","5.530","2.26M","0.36%"
"12/22/2022","5.600","5.650","5.650","5.560","3.14M","-0.53%"
"12/21/2022","5.630","5.650","5.680","5.620","2.49M","-1.23%"
"12/20/2022","5.700","5.640","5.710","5.580","3.94M","0.00%"
"12/19/2022","5.700","5.670","5.700","5.580","3.69M","0.35%"
"12/16/2022","5.680","5.590","5.680","5.520","4.65M","1.43%"
"12/15/2022","5.600","5.500","5.600","5.420","3.21M","2.00%"
"12/14/2022","5.490","5.500","5.500","5.380","8.15M","0.37%"
"12/13/2022","5.470","5.540","5.580","5.470","5.74M","-1.08%"
"12/12/2022","5.530","5.650","5.650","5.480","5.45M","-1.25%"
"12/09/2022","5.600","5.710","5.710","5.600","2.33M","-0.18%"
"12/08/2022","5.610","5.740","5.740","5.610","5.64M","-2.77%"
"12/07/2022","5.770","5.810","5.810","5.690","5.73M","0.52%"
"12/06/2022","5.740","5.750","5.820","5.740","16.93M","-0.86%"
"12/05/2022","5.790","5.800","5.830","5.750","16.93M","1.94%"
"11/30/2022","5.680","5.720","5.860","5.680","41.82M","-1.22%"
"11/29/2022","5.750","5.750","5.770","5.700","6.97M","0.52%"
"11/28/2022","5.720","5.780","5.780","5.700","7.70M","-0.52%"
"11/25/2022","5.750","5.730","5.780","5.710","3.74M","0.00%"
"11/24/2022","5.750","5.730","5.790","5.730","4.83M","0.35%"
"11/23/2022","5.730","5.760","5.780","5.720","6.99M","-0.35%"
"11/22/2022","5.750","5.770","5.810","5.750","5.74M","-0.86%"
"11/21/2022","5.800","5.760","5.850","5.760","6.61M","-0.68%"
"11/18/2022","5.840","5.800","5.850","5.770","3.56M","1.04%"
"11/17/2022","5.780","5.800","5.810","5.750","5.00M","-0.52%"
"11/16/2022","5.810","5.840","5.840","5.780","5.17M","-0.51%"
"11/15/2022","5.840","5.850","5.850","5.800","4.79M","-0.51%"
"11/14/2022","5.870","5.890","5.940","5.860","4.55M","-1.01%"
"11/11/2022","5.930","5.840","5.970","5.820","8.42M","1.72%"
"11/10/2022","5.830","5.840","5.840","5.790","3.02M","-0.17%"
"11/09/2022","5.840","5.810","5.840","5.790","4.38M","0.69%"
"11/08/2022","5.800","5.820","5.860","5.790","9.78M","-0.51%"
"11/07/2022","5.830","5.860","5.860","5.800","6.78M","-0.17%"
"11/04/2022","5.840","5.780","5.840","5.780","5.63M","1.04%"
"11/03/2022","5.780","5.830","5.860","5.780","5.77M","-1.37%"
"11/02/2022","5.860","5.820","5.900","5.800","6.37M","0.69%"
"11/01/2022","5.820","5.850","5.860","5.810","3.72M","0.00%"
"10/31/2022","5.820","5.850","5.860","5.800","8.82M","0.17%"
"10/28/2022","5.810","5.810","5.850","5.790","4.27M","0.00%"
"10/27/2022","5.810","5.870","5.870","5.800","10.15M","-0.85%"
"10/26/2022","5.860","5.920","5.940","5.860","12.32M","-1.51%"
"10/25/2022","5.950","6.080","6.080","5.890","17.63M","-1.33%"
"10/24/2022","6.030","6.090","6.120","6.030","6.65M","-0.99%"
"10/21/2022","6.090","6.090","6.090","6.050","4.91M","0.00%"
"10/20/2022","6.090","6.050","6.100","6.040","5.72M","0.00%"
"10/19/2022","6.090","6.070","6.100","6.030","7.09M","0.50%"
"10/18/2022","6.060","6.000","6.060","5.990","5.25M","1.51%"
"10/17/2022","5.970","6.010","6.020","5.970","4.48M","-0.83%"
"10/14/2022","6.020","6.010","6.060","5.980","8.50M","0.33%"
"10/13/2022","6.000","5.990","6.000","5.950","5.44M","0.00%"
"10/12/2022","6.000","5.960","6.000","5.960","7.26M","0.00%"
"10/11/2022","6.000","5.950","6.000","5.950","6.55M","0.17%"
"10/10/2022","5.990","5.960","6.020","5.930","5.73M","-0.17%"
"10/07/2022","6.000","5.920","6.000","5.920","3.20M","0.84%"
"10/06/2022","5.950","6.050","6.060","5.900","10.95M","-1.49%"
"10/05/2022","6.040","6.030","6.100","5.990","5.95M","0.67%"
"10/04/2022","6.000","5.950","6.140","5.950","11.41M","1.69%"
"10/03/2022","5.900","5.880","6.010","5.860","4.08M","-1.34%"
"09/30/2022","5.980","5.900","5.980","5.880","5.49M","0.34%"
"09/29/2022","5.960","5.950","5.960","5.900","3.85M","0.51%"
"09/28/2022","5.930","6.000","6.030","5.910","7.25M","-1.00%"
"09/27/2022","5.990","5.930","6.040","5.930","5.48M","-0.17%"
"09/26/2022","6.000","5.970","6.050","5.880","7.12M","-0.99%"
"09/23/2022","6.060","6.050","6.120","5.980","3.21M","0.17%"
"09/22/2022","6.050","6.000","6.200","6.000","8.35M","-1.14%"
"09/21/2022","6.120","6.150","6.150","5.980","12.28M","-0.49%"
"09/20/2022","6.150","6.080","6.170","6.070","11.52M","1.32%"
"09/19/2022","6.070","5.960","6.070","5.960","4.44M","0.66%"
"09/16/2022","6.030","6.000","6.070","5.970","12.39M","-0.17%"
"09/15/2022","6.040","5.920","6.150","5.920","12.77M","1.00%"
"09/14/2022","5.980","5.920","5.990","5.750","8.02M","0.00%"
"09/13/2022","5.980","5.890","6.030","5.880","14.61M","2.22%"
"09/12/2022","5.850","5.800","5.880","5.790","4.68M","1.04%"
"09/09/2022","5.790","5.780","5.820","5.770","2.61M","0.17%"
"09/08/2022","5.780","5.800","5.890","5.780","5.90M","-1.03%"
"09/07/2022","5.840","5.800","5.860","5.800","2.05M","-0.34%"
"09/06/2022","5.860","5.740","5.870","5.740","7.49M","2.09%"
"09/05/2022","5.740","5.800","5.840","5.730","4.80M","-1.03%"
"09/02/2022","5.800","5.810","5.830","5.800","4.60M","-0.85%"
"09/01/2022","5.850","5.890","5.900","5.830","5.80M","0.00%"
"08/31/2022","5.850","5.880","5.930","5.850","6.65M","-0.51%"
"08/30/2022","5.880","5.910","5.940","5.880","2.58M","-0.34%"
"08/29/2022","5.900","5.930","5.970","5.900","4.36M","-1.01%"
"08/26/2022","5.960","5.950","5.970","5.920","2.53M","0.85%"
"08/25/2022","5.910","5.900","5.970","5.890","4.11M","0.51%"
"08/24/2022","5.880","5.860","5.900","5.830","3.51M","1.03%"
"08/23/2022","5.820","5.900","5.930","5.820","3.14M","-1.36%"
"08/22/2022","5.900","5.940","5.950","5.900","3.39M","0.00%"
"08/19/2022","5.900","5.990","6.020","5.900","2.62M","-0.67%"
"08/18/2022","5.940","6.050","6.050","5.910","4.52M","-1.49%"
"08/17/2022","6.030","5.950","6.040","5.940","5.71M","1.34%"
"08/16/2022","5.950","5.900","5.960","5.890","9.87M","0.00%"
"08/15/2022","5.950","6.000","6.000","5.940","3.17M","0.00%"
"08/12/2022","5.950","5.920","5.950","5.900","1.94M","0.68%"
"08/11/2022","5.910","5.970","5.990","5.890","2.30M","-1.01%"
"08/10/2022","5.970","5.990","6.000","5.930","4.65M","-0.17%"
"08/09/2022","5.980","5.860","5.990","5.860","5.58M","1.36%"
"08/08/2022","5.900","5.840","5.900","5.810","6.49M","1.72%"
"08/05/2022","5.800","5.800","5.830","5.790","2.41M","0.00%"
"08/04/2022","5.800","5.850","5.850","5.770","3.71M","-0.85%"
"08/03/2022","5.850","5.850","5.890","5.820","3.94M","-0.51%"
"08/02/2022","5.880","5.930","5.930","5.850","4.13M","-0.84%"
"08/01/2022","5.930","5.900","5.930","5.860","4.88M","0.85%"
"07/29/2022","5.880","5.880","5.910","5.840","5.84M","0.86%"
"07/28/2022","5.830","5.850","5.890","5.810","3.60M","0.00%"
"07/27/2022","5.830","5.820","5.850","5.770","3.71M","0.87%"
"07/26/2022","5.780","5.850","5.850","5.770","3.93M","-0.69%"
"07/25/2022","5.820","5.760","5.850","5.740","4.08M","0.34%"
"07/22/2022","5.800","5.770","5.870","5.730","4.41M","0.35%"
"07/21/2022","5.780","5.610","5.780","5.600","7.47M","3.77%"
"07/20/2022","5.570","5.560","5.650","5.510","5.51M","1.09%"
"07/19/2022","5.510","5.510","5.550","5.500","3.07M","-0.72%"
"07/18/2022","5.550","5.520","5.570","5.500","3.54M","-0.72%"
"07/15/2022","5.590","5.550","5.590","5.530","1.76M","0.54%"
"07/14/2022","5.560","5.550","5.600","5.510","3.94M","0.91%"
"07/13/2022","5.510","5.570","5.570","5.480","3.59M","0.00%"
"07/12/2022","5.510","5.470","5.570","5.460","4.40M","1.47%"
"07/07/2022","5.430","5.390","5.530","5.390","5.94M","1.50%"
"07/06/2022","5.350","5.510","5.540","5.350","3.72M","-2.73%"
"07/05/2022","5.500","5.530","5.550","5.500","1.64M","-0.90%"
"07/04/2022","5.550","5.640","5.690","5.520","4.13M","-1.60%"
"07/01/2022","5.640","5.740","5.760","5.630","4.27M","-2.08%"
"06/30/2022","5.760","5.800","5.800","5.740","4.07M","0.00%"
"06/29/2022","5.760","5.740","5.820","5.710","3.05M","0.17%"
"06/28/2022","5.750","5.700","5.770","5.660","3.87M","1.59%"
"06/27/2022","5.660","5.800","5.830","5.660","4.10M","-1.39%"
"06/24/2022","5.740","5.700","5.750","5.680","1.79M","1.06%"
"06/23/2022","5.680","5.700","5.700","5.630","3.49M","-1.05%"
"06/22/2022","5.740","5.750","5.790","5.640","3.27M","-0.52%"
"06/21/2022","5.770","5.660","5.850","5.660","6.37M","2.30%"
"06/20/2022","5.640","5.600","5.660","5.520","8.31M","-0.35%"
"06/17/2022","5.660","5.650","5.670","5.570","16.39M","0.18%"
"06/16/2022","5.650","5.860","5.900","5.600","16.14M","-3.58%"
"06/15/2022","5.860","5.800","5.940","5.710","5.72M","2.27%"
"06/14/2022","5.730","5.710","5.830","5.710","5.13M","0.00%"
"06/13/2022","5.730","5.800","5.820","5.730","6.79M","-2.72%"
"06/10/2022","5.890","5.880","5.940","5.880","1.12M","-0.17%"
"06/09/2022","5.900","5.950","5.950","5.890","3.21M","-1.17%"
"06/08/2022","5.970","5.990","5.990","5.940","2.46M","-0.17%"
"06/07/2022","5.980","5.960","5.990","5.930","3.02M","-0.17%"
"06/06/2022","5.990","5.980","6.000","5.930","3.06M","0.84%"
"06/03/2022","5.940","6.010","6.020","5.900","3.13M","-1.16%"
"06/02/2022","6.010","6.030","6.070","5.970","4.13M","-1.31%"
"06/01/2022","6.090","5.960","6.090","5.960","7.64M","2.35%"
"05/31/2022","5.950","6.010","6.010","5.900","15.19M","-0.83%"
"05/30/2022","6.000","5.920","6.060","5.910","5.91M","1.69%"
"05/27/2022","5.900","5.870","5.900","5.780","4.95M","1.72%"
"05/26/2022","5.800","5.820","5.890","5.800","6.47M","0.17%"
"05/25/2022","5.790","5.800","5.910","5.780","4.87M","-0.34%"
"05/24/2022","5.810","5.910","5.910","5.690","10.11M","-1.53%"
"05/23/2022","5.900","5.970","5.970","5.850","5.75M","-1.50%"
"05/20/2022","5.990","5.990","6.020","5.950","3.56M","1.53%"
"05/19/2022","5.900","6.000","6.030","5.900","9.52M","-2.96%"
"05/18/2022","6.080","6.070","6.150","6.070","6.18M","0.66%"
"05/17/2022","6.040","6.080","6.140","6.040","5.01M","0.83%"
"05/13/2022","5.990","5.900","6.100","5.880","8.97M","2.39%"
"05/12/2022","5.850","6.270","6.270","5.800","17.67M","-7.14%"
"05/11/2022","6.300","6.320","6.370","6.280","11.37M","-0.79%"
"05/10/2022","6.350","6.360","6.370","6.300","6.76M","-0.31%"
"05/09/2022","6.370","6.450","6.450","6.360","6.05M","-1.24%"
"05/06/2022","6.450","6.490","6.490","6.430","4.11M","-0.77%"
"05/05/2022","6.500","6.460","6.570","6.460","12.34M","0.78%"
"04/29/2022","6.450","6.410","6.500","6.410","6.70M","0.16%"
"04/28/2022","6.440","6.350","6.440","6.350","16.38M","1.58%"
"04/27/2022","6.340","6.290","6.340","6.200","14.80M","0.79%"
"04/26/2022","6.290","6.230","6.300","6.220","6.13M","0.80%"
"04/25/2022","6.240","6.290","6.290","6.240","4.79M","-0.79%"
"04/22/2022","6.290","6.220","6.300","6.220","4.76M","0.64%"
"04/21/2022","6.250","6.170","6.270","6.170","6.85M","1.30%"
"04/20/2022","6.170","6.160","6.200","6.160","3.18M","0.16%"
"04/19/2022","6.160","6.200","6.210","6.130","9.98M","-0.32%"
"04/18/2022","6.180","6.270","6.280","6.110","8.45M","-1.44%"
"04/15/2022","6.270","6.290","6.310","6.230","2.98M","-0.32%"
"04/14/2022","6.290","6.190","6.300","6.170","13.26M","1.45%"
"04/13/2022","6.200","6.120","6.200","6.110","4.95M","0.49%"
"04/12/2022","6.170","6.170","6.180","6.080","4.28M","-0.16%"
"04/11/2022","6.180","6.130","6.180","6.090","7.93M","0.49%"
"04/08/2022","6.150","6.070","6.160","6.070","5.19M","0.99%"
"04/07/2022","6.090","6.030","6.140","5.980","4.19M","1.00%"
"04/06/2022","6.030","6.080","6.120","5.990","5.55M","-1.47%"
"04/05/2022","6.120","6.100","6.140","6.080","6.73M","0.33%"
"04/04/2022","6.100","6.160","6.180","6.090","2.37M","-1.61%"
"04/01/2022","6.200","6.160","6.210","6.130","5.07M","0.49%"
"03/31/2022","6.170","6.150","6.170","6.110","5.47M","0.33%"
"03/30/2022","6.150","6.180","6.190","6.100","7.37M","0.00%"
"03/29/2022","6.150","6.150","6.240","6.150","17.04M","0.00%"
"03/28/2022","6.150","6.020","6.180","6.020","10.86M","1.65%"
"03/25/2022","6.050","6.040","6.050","6.020","2.25M","0.00%"
"03/24/2022","6.050","6.030","6.050","6.020","5.12M","0.00%"
"03/23/2022","6.050","6.050","6.060","6.030","5.95M","0.00%"
"03/22/2022","6.050","6.020","6.090","6.000","6.16M","0.83%"
"03/21/2022","6.000","6.010","6.050","5.970","3.09M","-0.17%"
"03/18/2022","6.010","5.920","6.010","5.890","15.72M","0.17%"
"03/17/2022","6.000","5.850","6.030","5.830","6.87M","2.56%"
"03/16/2022","5.850","5.790","5.850","5.730","8.35M","1.21%"
"03/15/2022","5.780","5.880","5.950","5.760","7.49M","-2.03%"
"03/14/2022","5.900","6.010","6.030","5.900","6.66M","-1.67%"
"03/11/2022","6.000","6.050","6.050","5.970","3.90M","-1.15%"
"03/10/2022","6.070","5.990","6.080","5.950","7.39M","-2.10%"
"03/09/2022","6.200","6.270","6.320","6.190","12.27M","-0.80%"
"03/08/2022","6.250","6.270","6.360","6.200","12.51M","-0.16%"
"03/07/2022","6.260","6.260","6.330","6.180","8.97M","-1.11%"
"03/04/2022","6.330","6.430","6.440","6.250","13.37M","-1.71%"
"03/03/2022","6.440","6.440","6.630","6.370","25.58M","0.00%"
"03/02/2022","6.440","6.150","6.480","6.110","33.98M","4.72%"
"03/01/2022","6.150","6.060","6.190","6.050","12.70M","0.99%"
"02/28/2022","6.090","6.030","6.090","5.970","14.68M","1.00%"
"02/25/2022","6.030","5.890","6.070","5.890","14.19M","2.73%"
"02/24/2022","5.870","5.880","5.920","5.830","8.08M","-2.17%"
"02/23/2022","6.000","5.920","6.000","5.890","11.47M","1.18%"
"02/22/2022","5.930","5.860","5.930","5.820","4.87M","0.51%"
"02/21/2022","5.900","5.900","5.940","5.900","7.19M","-0.17%"
"02/18/2022","5.910","5.850","5.910","5.850","4.56M","0.34%"
"02/17/2022","5.890","5.920","5.920","5.880","7.55M","-0.17%"
"02/16/2022","5.900","5.810","5.910","5.790","13.92M","1.90%"
"02/15/2022","5.790","5.650","5.810","5.630","11.02M","1.94%"
"02/14/2022","5.680","5.610","5.690","5.580","6.10M","0.00%"
"02/11/2022","5.680","5.700","5.700","5.620","4.84M","-0.18%"
"02/10/2022","5.690","5.690","5.740","5.660","8.72M","0.00%"
"02/09/2022","5.690","5.580","5.690","5.580","14.30M","1.97%"
"02/08/2022","5.580","5.500","5.610","5.490","10.08M","1.09%"
"02/07/2022","5.520","5.490","5.520","5.480","4.63M","0.55%"
"02/04/2022","5.490","5.440","5.490","5.440","886.39K","-0.18%"
"02/03/2022","5.500","5.500","5.500","5.440","6.38M","-0.36%"
"02/02/2022","5.520","5.480","5.520","5.480","2.46M","0.36%"
"02/01/2022","5.500","5.460","5.510","5.450","3.33M","0.00%"
"01/31/2022","5.500","5.480","5.510","5.480","9.85M","-0.18%"
"01/28/2022","5.510","5.470","5.520","5.460","12.32M","0.36%"
"01/27/2022","5.490","5.480","5.490","5.440","8.17M","0.18%"
"01/26/2022","5.480","5.490","5.530","5.450","11.24M","0.55%"
"01/25/2022","5.450","5.490","5.510","5.430","10.92M","-0.55%"
"01/24/2022","5.480","5.500","5.500","5.430","6.78M","-0.72%"
"01/21/2022","5.520","5.480","5.520","5.440","4.66M","0.36%"
"01/20/2022","5.500","5.470","5.500","5.460","4.82M","0.92%"
"01/19/2022","5.450","5.420","5.470","5.400","5.24M","0.00%"
"01/18/2022","5.450","5.440","5.470","5.410","3.78M","0.18%"
"01/17/2022","5.440","5.480","5.550","5.360","9.97M","-1.09%"
"01/14/2022","5.500","5.490","5.500","5.470","1.87M","0.18%"
"01/13/2022","5.490","5.480","5.500","5.450","5.82M","-0.18%"
"01/12/2022","5.500","5.500","5.520","5.470","4.42M","0.00%"
"01/11/2022","5.500","5.500","5.510","5.470","5.52M","-0.18%"
"01/10/2022","5.510","5.470","5.520","5.460","5.63M","0.36%"
"01/07/2022","5.490","5.460","5.490","5.420","3.20M","0.73%"
"01/06/2022","5.450","5.440","5.450","5.400","6.14M","-0.73%"
"01/05/2022","5.490","5.440","5.490","5.430","3.03M","0.37%"
"01/04/2022","5.470","5.420","5.470","5.420","6.33M","0.92%"
"01/03/2022","5.420","5.410","5.420","5.360","4.52M","0.74%"
"12/30/2021","5.380","5.430","5.450","5.360","4.93M","-0.92%"
"12/29/2021","5.430","5.430","5.460","5.420","2.35M","-0.73%"
"12/28/2021","5.470","5.470","5.480","5.440","2.73M","0.37%"
"12/27/2021","5.450","5.360","5.490","5.360","3.15M","1.30%"
"12/26/2021","5.380","5.390","5.400","5.350","1.56M","0.37%"
"12/23/2021","5.360","5.350","5.410","5.350","3.37M","0.19%"
"12/22/2021","5.350","5.420","5.420","5.330","2.37M","-1.29%"
"12/21/2021","5.420","5.430","5.430","5.390","2.22M","0.37%"
"12/20/2021","5.400","5.370","5.440","5.300","7.46M","0.19%"
"12/19/2021","5.390","5.540","5.540","5.330","10.40M","-3.23%"
"12/16/2021","5.570","5.540","5.600","5.530","9.12M","0.72%"
"12/15/2021","5.530","5.590","5.600","5.460","4.11M","-1.07%"
"12/14/2021","5.590","5.450","5.620","5.410","16.25M","2.01%"
"12/13/2021","5.480","5.440","5.480","5.420","7.52M","0.92%"
"12/12/2021","5.430","5.400","5.470","5.400","4.20M","0.56%"
"12/09/2021","5.400","5.300","5.430","5.280","13.23M","2.27%"
"12/08/2021","5.280","5.330","5.400","5.260","10.15M","-0.94%"
"12/07/2021","5.330","5.290","5.330","5.280","13.50M","1.52%"
"12/06/2021","5.250","5.180","5.290","5.180","14.41M","1.94%"
"12/05/2021","5.150","5.200","5.210","5.150","10.23M","-0.19%"
"11/30/2021","5.160","5.340","5.340","5.160","75.73M","-2.82%"
"11/29/2021","5.310","5.170","5.310","5.170","15.53M","3.31%"
"11/28/2021","5.140","5.020","5.160","5.020","18.61M","-3.93%"
"11/25/2021","5.350","5.340","5.450","5.340","8.08M","0.75%"
"11/24/2021","5.310","5.320","5.350","5.300","7.97M","0.00%"
"11/23/2021","5.310","5.380","5.380","5.270","12.59M","-1.85%"
"11/22/2021","5.410","5.500","5.510","5.380","15.11M","-1.81%"
"11/21/2021","5.510","5.530","5.540","5.500","5.20M","-0.54%"
"11/18/2021","5.540","5.520","5.540","5.490","7.30M","0.00%"
"11/17/2021","5.540","5.550","5.590","5.520","8.26M","-0.18%"
"11/16/2021","5.550","5.500","5.580","5.500","15.85M","0.73%"
"11/15/2021","5.510","5.440","5.510","5.400","22.26M","1.29%"
"11/14/2021","5.440","5.390","5.440","5.390","13.15M","0.93%"
"11/11/2021","5.390","5.380","5.410","5.360","9.45M","0.37%"
"11/10/2021","5.370","5.360","5.390","5.350","6.97M","0.19%"
"11/09/2021","5.360","5.350","5.400","5.330","7.93M","0.19%"
"11/08/2021","5.350","5.350","5.350","5.310","6.99M","0.38%"
"11/07/2021","5.330","5.350","5.370","5.280","7.18M","0.00%"
"11/04/2021","5.330","5.400","5.450","5.300","10.81M","-1.66%"
"11/03/2021","5.420","5.340","5.430","5.310","24.60M","2.65%"
"11/02/2021","5.280","5.200","5.350","5.180","38.45M","2.92%"
"11/01/2021","5.130","5.110","5.130","5.080","8.10M","0.39%"
"10/31/2021","5.110","5.120","5.120","5.060","1.92M","0.00%"
"10/28/2021","5.110","5.110","5.110","5.090","3.83M","-0.20%"
"10/27/2021","5.120","5.100","5.150","5.070","11.41M","1.19%"
"10/26/2021","5.060","5.090","5.120","5.060","2.03M","-0.78%"
"10/25/2021","5.100","5.090","5.100","5.050","2.34M","0.00%"
"10/24/2021","5.100","5.090","5.120","5.060","3.12M","0.39%"
"10/20/2021","5.080","5.040","5.090","5.000","5.86M","0.79%"
"10/19/2021","5.040","5.020","5.060","4.950","6.04M","0.40%"
"10/18/2021","5.020","5.030","5.070","5.000","6.03M","0.00%"
"10/17/2021","5.020","4.960","5.020","4.950","6.97M","1.21%"
"10/14/2021","4.960","4.920","4.970","4.920","4.49M","0.40%"
"10/13/2021","4.940","4.950","4.960","4.910","2.24M","-0.20%"
"10/12/2021","4.950","4.930","4.950","4.900","6.99M","0.61%"
"10/11/2021","4.920","4.950","4.960","4.920","2.93M","-0.61%"
"10/10/2021","4.950","4.950","4.970","4.930","2.44M","-0.20%"
"10/07/2021","4.960","4.930","4.970","4.910","3.14M","1.22%"
"10/06/2021","4.900","4.950","4.950","4.900","4.71M","-1.01%"
"10/05/2021","4.950","4.920","4.950","4.900","2.72M","0.41%"
"10/04/2021","4.930","4.970","4.970","4.900","3.52M","-0.20%"
"10/03/2021","4.940","4.920","4.960","4.920","1.41M","-0.20%"
"09/30/2021","4.950","4.920","4.960","4.910","4.68M","0.61%"
"09/29/2021","4.920","4.940","4.940","4.910","4.95M","-0.81%"
"09/28/2021","4.960","4.950","4.980","4.930","3.29M","0.40%"
"09/27/2021","4.940","4.920","4.960","4.920","2.62M","0.41%"
"09/26/2021","4.920","4.940","4.960","4.920","2.96M","0.00%"
"09/23/2021","4.920","4.960","4.970","4.920","3.74M","-0.81%"
"09/22/2021","4.960","4.950","4.970","4.930","2.64M","0.20%"
"09/21/2021","4.950","4.980","4.980","4.920","4.39M","-0.80%"
"09/20/2021","4.990","5.030","5.030","4.980","3.53M","-0.80%"
"09/19/2021","5.030","5.020","5.090","5.020","3.39M","0.20%"
"09/16/2021","5.020","5.000","5.060","5.000","32.92M","0.20%"
"09/15/2021","5.010","4.960","5.020","4.940","7.26M","0.80%"
"09/14/2021","4.970","5.030","5.030","4.970","8.78M","-1.19%"
"09/13/2021","5.030","5.040","5.050","5.020","4.65M","-0.20%"
"09/12/2021","5.040","5.050","5.080","5.040","3.24M","-0.79%"
"09/09/2021","5.080","5.080","5.080","5.040","4.20M","0.00%"
"09/08/2021","5.080","5.070","5.090","5.050","6.46M","0.20%"
"09/07/2021","5.070","5.070","5.090","5.060","2.44M","-0.20%"
"09/06/2021","5.080","5.080","5.090","5.060","2.79M","0.00%"
"09/05/2021","5.080","5.070","5.100","5.070","1.95M","-0.20%"
"09/02/2021","5.090","5.080","5.100","5.080","3.12M","0.00%"
"09/01/2021","5.090","5.120","5.130","5.080","3.76M","-0.20%"
"08/31/2021","5.100","5.090","5.100","5.050","7.16M","0.20%"
"08/30/2021","5.090","5.120","5.130","4.980","12.70M","-0.59%"
"08/29/2021","5.120","5.120","5.160","5.110","3.51M","-0.39%"
"08/26/2021","5.140","5.110","5.140","5.090","3.51M","-0.39%"
"08/25/2021","5.160","5.190","5.190","5.070","10.83M","-0.58%"
"08/24/2021","5.190","5.170","5.190","5.150","6.19M","0.39%"
"08/23/2021","5.170","5.110","5.170","5.110","10.33M","1.17%"
"08/22/2021","5.110","5.050","5.130","5.040","9.34M","0.99%"
"08/19/2021","5.060","5.040","5.070","5.040","7.43M","0.60%"
"08/18/2021","5.030","5.010","5.040","5.000","3.87M","0.00%"
"08/17/2021","5.030","5.000","5.040","4.990","3.60M","0.60%"
"08/16/2021","5.000","5.010","5.010","4.980","3.03M","-0.20%"
"08/15/2021","5.010","5.010","5.020","4.980","2.50M","-0.20%"
"08/11/2021","5.020","5.040","5.050","4.980","2.96M","-0.20%"
"08/10/2021","5.030","5.050","5.060","5.020","2.99M","-0.79%"
"08/09/2021","5.070","5.070","5.070","5.040","3.85M","0.00%"
"08/08/2021","5.070","5.050","5.080","5.050","2.85M","0.00%"
"08/05/2021","5.070","5.070","5.080","5.020","10.03M","-0.20%"
"08/04/2021","5.080","5.030","5.090","5.030","31.29M","2.83%"
"08/03/2021","4.940","4.940","4.950","4.900","2.33M","0.20%"
"08/02/2021","4.930","4.900","4.950","4.890","4.70M","0.82%"
"08/01/2021","4.890","4.800","4.900","4.800","5.85M","1.24%"
"07/29/2021","4.830","4.770","4.830","4.760","5.12M","1.68%"
"07/28/2021","4.750","4.780","4.790","4.720","2.68M","0.21%"
"07/27/2021","4.740","4.760","4.780","4.740","1.96M","-0.42%"
"07/26/2021","4.760","4.770","4.780","4.750","3.21M","-0.21%"
"07/25/2021","4.770","4.800","4.800","4.770","1.56M","0.21%"
"07/18/2021","4.760","4.740","4.800","4.730","1.87M","0.85%"
"07/15/2021","4.720","4.750","4.760","4.720","3.45M","-0.63%"
"07/14/2021","4.750","4.760","4.780","4.750","2.47M","-0.84%"
"07/13/2021","4.790","4.750","4.800","4.750","2.52M","0.84%"
"07/12/2021","4.750","4.780","4.810","4.750","2.76M","-1.04%"
"07/11/2021","4.800","4.830","4.830","4.750","1.40M","-0.21%"
"07/08/2021","4.810","4.780","4.810","4.750","2.76M","0.21%"
"07/07/2021","4.800","4.790","4.810","4.780","1.79M","0.21%"
"07/06/2021","4.790","4.840","4.840","4.780","4.24M","-1.03%"
"07/05/2021","4.840","4.860","4.860","4.790","4.41M","-0.21%"
"07/04/2021","4.850","4.870","4.870","4.830","1.32M","0.41%"
"07/01/2021","4.830","4.840","4.870","4.830","1.26M","0.21%"
"06/30/2021","4.820","4.860","4.870","4.820","2.78M","-0.82%"
"06/29/2021","4.860","4.840","4.860","4.820","2.16M","0.62%"
"06/28/2021","4.830","4.890","4.890","4.830","4.40M","-1.02%"
"06/27/2021","4.880","4.870","4.920","4.870","2.91M","0.21%"
"06/24/2021","4.870","4.890","4.900","4.860","5.72M","-0.41%"
"06/23/2021","4.890","4.890","4.920","4.880","5.45M","0.00%"
"06/22/2021","4.890","4.890","4.920","4.890","3.02M","0.20%"
"06/21/2021","4.880","4.890","4.920","4.880","4.27M","-0.41%"
"06/20/2021","4.900","4.940","4.940","4.880","3.14M","-0.81%"
"06/17/2021","4.940","4.900","4.940","4.860","13.00M","0.82%"
"06/16/2021","4.900","4.970","4.970","4.900","5.57M","-1.41%"
"06/15/2021","4.970","5.030","5.040","4.970","5.68M","-0.80%"
"06/14/2021","5.010","5.000","5.060","5.000","5.00M","-0.20%"
"06/13/2021","5.020","5.050","5.050","4.990","1.83M","0.00%"
"06/10/2021","5.020","4.980","5.050","4.960","6.16M","0.40%"
"06/09/2021","5.000","4.980","5.040","4.980","6.74M","0.40%"
"06/08/2021","4.980","4.980","4.990","4.950","6.58M","0.20%"
"06/07/2021","4.970","4.940","4.970","4.910","7.92M","1.02%"
"06/06/2021","4.920","4.860","4.930","4.850","8.25M","1.23%"
"06/03/2021","4.860","4.870","4.870","4.810","2.99M","-0.21%"
"06/02/2021","4.870","4.840","4.880","4.820","6.96M","0.83%"
"06/01/2021","4.830","4.770","4.830","4.770","3.81M","1.26%"
"05/31/2021","4.770","4.810","4.810","4.760","5.67M","-0.83%"
"05/30/2021","4.810","4.830","4.860","4.800","4.20M","-0.41%"
"05/27/2021","4.830","4.900","4.900","4.820","16.35M","-1.23%"
"05/26/2021","4.890","4.890","4.950","4.850","14.66M","0.20%"
"05/25/2021","4.880","4.830","4.880","4.810","10.47M","1.04%"
"05/24/2021","4.830","4.760","4.860","4.710","13.73M","1.47%"
"05/23/2021","4.760","4.690","4.780","4.690","11.59M","1.93%"
"05/20/2021","4.670","4.600","4.700","4.590","16.18M","1.74%"
"05/19/2021","4.590","4.580","4.620","4.560","13.00M","0.22%"
"05/18/2021","4.580","4.580","4.600","4.570","6.55M","0.44%"
"05/17/2021","4.560","4.550","4.600","4.550","10.58M","0.22%"
"05/16/2021","4.550","4.520","4.560","4.510","4.56M","0.00%"
"05/10/2021","4.550","4.550","4.550","4.530","3.13M","0.22%"
"05/09/2021","4.540","4.510","4.550","4.510","3.75M","1.11%"
"05/06/2021","4.490","4.470","4.510","4.470","2.05M","0.00%"
"05/05/2021","4.490","4.480","4.500","4.460","1.75M","0.90%"
"05/04/2021","4.450","4.510","4.520","4.450","4.29M","-1.11%"
"05/03/2021","4.500","4.460","4.520","4.450","3.72M","1.35%"
"05/02/2021","4.440","4.450","4.480","4.440","2.51M","-0.22%"
"04/29/2021","4.450","4.500","4.520","4.450","3.45M","-0.45%"
"04/28/2021","4.470","4.500","4.500","4.450","7.83M","-0.89%"
"04/27/2021","4.510","4.560","4.560","4.500","4.55M","-1.10%"
"04/26/2021","4.560","4.510","4.560","4.510","4.05M","0.88%"
"04/25/2021","4.520","4.510","4.530","4.500","2.92M","0.00%"
"04/22/2021","4.520","4.530","4.540","4.490","3.48M","0.67%"
"04/21/2021","4.490","4.520","4.520","4.490","3.62M","-0.66%"
"04/20/2021","4.520","4.530","4.560","4.520","4.97M","-0.44%"
"04/19/2021","4.540","4.560","4.560","4.530","2.94M","0.22%"
"04/18/2021","4.530","4.500","4.560","4.500","5.73M","0.67%"
"04/15/2021","4.500","4.470","4.530","4.460","9.89M","0.00%"
"04/14/2021","4.500","4.510","4.560","4.470","6.47M","-0.22%"
"04/13/2021","4.510","4.630","4.630","4.510","10.97M","-1.74%"
"04/12/2021","4.590","4.620","4.620","4.580","3.50M","-0.22%"
"04/11/2021","4.600","4.630","4.640","4.600","2.26M","-0.43%"
"04/08/2021","4.620","4.600","4.630","4.550","3.99M","0.43%"
"04/07/2021","4.600","4.600","4.600","4.570","1.57M","0.00%"
"04/06/2021","4.600","4.660","4.670","4.530","8.36M","-1.08%"
"04/05/2021","4.650","4.570","4.650","4.560","3.40M","2.20%"
"04/04/2021","4.550","4.560","4.590","4.550","1.60M","0.00%"
"04/01/2021","4.550","4.550","4.570","4.540","2.41M","0.00%"
"03/31/2021","4.550","4.570","4.580","4.540","3.22M","0.22%"
"03/30/2021","4.540","4.520","4.570","4.520","3.37M","0.00%"
"03/29/2021","4.540","4.550","4.580","4.480","8.21M","-0.66%"
"03/28/2021","4.570","4.580","4.590","4.550","3.03M","0.00%"
"03/25/2021","4.570","4.580","4.600","4.540","4.11M","-4.19%"
"03/24/2021","4.770","4.780","4.780","4.720","10.03M","-0.63%"
"03/23/2021","4.800","4.770","4.800","4.770","3.79M","0.00%"
"03/22/2021","4.800","4.800","4.800","4.750","6.99M","0.21%"
"03/21/2021","4.790","4.820","4.830","4.790","3.69M","-0.21%"
"03/18/2021","4.800","4.800","4.820","4.780","9.92M","0.42%"
"03/17/2021","4.780","4.810","4.830","4.770","5.23M","-0.42%"
"03/16/2021","4.800","4.850","4.850","4.780","6.52M","-0.41%"
"03/15/2021","4.820","4.820","4.840","4.800","3.91M","0.00%"
"03/14/2021","4.820","4.720","4.830","4.720","6.35M","2.34%"
"03/11/2021","4.710","4.630","4.730","4.630","3.59M","1.51%"
"03/10/2021","4.640","4.690","4.690","4.630","9.15M","-0.64%"
"03/09/2021","4.670","4.720","4.720","4.630","10.56M","-1.06%"
"03/08/2021","4.720","4.800","4.800","4.710","8.15M","-1.05%"
"03/07/2021","4.770","4.820","4.820","4.760","4.48M","-0.63%"
"03/04/2021","4.800","4.830","4.830","4.780","5.53M","-0.83%"
"03/03/2021","4.840","4.850","4.850","4.800","4.65M","0.21%"
"03/02/2021","4.830","4.810","4.840","4.790","7.95M","0.84%"
"03/01/2021","4.790","4.800","4.820","4.790","8.67M","0.00%"
"02/28/2021","4.790","4.750","4.810","4.740","4.19M","0.84%"
"02/25/2021","4.750","4.800","4.810","4.750","7.02M","-0.21%"
"02/24/2021","4.760","4.770","4.800","4.760","4.09M","-0.21%"
"02/23/2021","4.770","4.780","4.820","4.770","4.08M","-0.21%"
"02/22/2021","4.780","4.780","4.790","4.710","5.18M","-0.21%"
"02/21/2021","4.790","4.810","4.810","4.780","1.86M","0.00%"
"02/18/2021","4.790","4.730","4.800","4.710","2.63M","1.27%"
"02/17/2021","4.730","4.790","4.820","4.730","7.47M","-1.46%"
"02/16/2021","4.800","4.820","4.890","4.750","17.48M","-2.64%"
"02/14/2021","4.930","4.960","4.960","4.930","1.34M","0.00%"
"02/11/2021","4.930","4.930","4.960","4.900","5.13M","0.00%"
"02/10/2021","4.930","4.950","5.000","4.930","2.90M","-0.80%"
"02/09/2021","4.970","4.980","5.010","4.960","2.98M","-0.60%"
"02/08/2021","5.000","5.020","5.030","4.980","3.30M","0.00%"
"02/07/2021","5.000","5.010","5.010","4.970","5.17M","-0.20%"
"02/04/2021","5.010","4.990","5.030","4.980","5.90M","-0.60%"
"02/03/2021","5.040","5.040","5.060","5.010","2.73M","0.00%"
"02/02/2021","5.040","5.040","5.070","5.020","5.75M","0.60%"
"02/01/2021","5.010","4.970","5.070","4.970","6.97M","1.21%"
"01/31/2021","4.950","5.020","5.050","4.950","5.52M","-1.79%"
"01/28/2021","5.040","5.050","5.110","5.020","12.44M","-1.18%"
"01/27/2021","5.100","5.000","5.120","4.980","17.01M","2.00%"
"01/26/2021","5.000","5.030","5.040","4.960","5.51M","-0.79%"
"01/25/2021","5.040","5.040","5.080","5.030","4.96M","0.00%"
"01/24/2021","5.040","5.050","5.050","4.960","6.94M","0.20%"
"01/21/2021","5.030","5.140","5.140","5.010","9.79M","-1.76%"
"01/20/2021","5.120","5.090","5.150","5.080","13.02M","0.79%"
"01/19/2021","5.080","5.070","5.140","5.070","21.03M","1.60%"
"01/18/2021","5.000","4.950","5.040","4.950","16.78M","0.81%"
"01/17/2021","4.960","4.950","5.000","4.930","11.74M","-0.20%"
"01/14/2021","4.970","4.980","5.000","4.950","6.70M","-0.20%"
"01/13/2021","4.980","4.930","4.980","4.910","12.61M","1.01%"
"01/12/2021","4.930","4.850","4.940","4.850","9.97M","1.23%"
"01/11/2021","4.870","4.830","4.880","4.790","7.87M","0.83%"
"01/10/2021","4.830","4.700","4.860","4.700","18.55M","2.99%"
"01/07/2021","4.690","4.680","4.700","4.650","8.09M","0.21%"
"01/06/2021","4.680","4.700","4.710","4.660","5.00M","-0.43%"
"01/05/2021","4.700","4.670","4.710","4.660","11.17M","0.86%"
"01/04/2021","4.660","4.600","4.680","4.590","8.47M","1.75%"
"01/03/2021","4.580","4.610","4.630","4.580","2.58M","-0.65%"
"12/31/2020","4.610","4.620","4.620","4.590","4.29M","0.00%"
"12/30/2020","4.610","4.630","4.640","4.600","4.28M","0.00%"
"12/29/2020","4.610","4.640","4.660","4.610","2.85M","-0.65%"
"12/28/2020","4.640","4.680","4.680","4.600","3.10M","0.00%"
"12/27/2020","4.640","4.650","4.690","4.640","1.84M","-0.85%"
"12/24/2020","4.680","4.660","4.680","4.620","7.65M","0.65%"
"12/23/2020","4.650","4.550","4.650","4.520","7.33M","1.53%"
"12/22/2020","4.580","4.470","4.580","4.470","6.53M","2.69%"
"12/21/2020","4.460","4.600","4.600","4.440","18.34M","-4.50%"
"12/20/2020","4.670","4.690","4.690","4.670","1.60M","0.21%"
"12/17/2020","4.660","4.650","4.670","4.650","2.76M","0.22%"
"12/16/2020","4.650","4.670","4.690","4.650","5.50M","0.00%"
"12/15/2020","4.650","4.680","4.700","4.650","4.19M","-0.43%"
"12/14/2020","4.670","4.700","4.700","4.660","3.63M","-0.21%"
"12/13/2020","4.680","4.680","4.700","4.650","3.63M","0.43%"
"12/10/2020","4.660","4.610","4.680","4.570","7.49M","1.53%"
"12/09/2020","4.590","4.580","4.620","4.560","7.61M","0.44%"
"12/08/2020","4.570","4.530","4.600","4.500","11.31M","0.66%"
"12/07/2020","4.540","4.520","4.590","4.520","13.09M","-0.87%"
"12/06/2020","4.580","4.480","4.580","4.480","13.15M","2.23%"
"11/30/2020","4.480","4.460","4.480","4.410","14.43M","0.45%"
"11/29/2020","4.460","4.470","4.490","4.430","6.29M","-0.22%"
"11/26/2020","4.470","4.450","4.470","4.420","5.90M","0.68%"
"11/25/2020","4.440","4.430","4.490","4.430","15.64M","0.91%"
"11/24/2020","4.400","4.350","4.430","4.350","18.04M","1.38%"
"11/23/2020","4.340","4.300","4.340","4.300","8.57M","0.93%"
"11/22/2020","4.300","4.260","4.310","4.250","7.40M","0.94%"
"11/19/2020","4.260","4.270","4.280","4.240","4.79M","-0.47%"
"11/18/2020","4.280","4.260","4.340","4.240","17.74M","0.94%"
"11/17/2020","4.240","4.250","4.290","4.230","12.24M","0.24%"
"11/16/2020","4.230","4.260","4.270","4.220","6.11M","-0.24%"
"11/15/2020","4.240","4.240","4.270","4.220","3.11M","0.00%"
"11/12/2020","4.240","4.250","4.260","4.230","3.12M","-0.70%"
"11/11/2020","4.270","4.280","4.280","4.220","6.03M","0.47%"
"11/10/2020","4.250","4.160","4.280","4.150","18.16M","2.16%"
"11/09/2020","4.160","4.100","4.160","4.100","6.57M","1.22%"
"11/08/2020","4.110","4.080","4.110","4.080","2.26M","0.74%"
"11/05/2020","4.080","4.090","4.150","4.020","9.26M","0.00%"
"11/04/2020","4.080","4.090","4.090","4.000","6.36M","1.75%"
"11/03/2020","4.010","4.120","4.120","4.010","11.12M","-1.96%"
"11/02/2020","4.090","4.120","4.130","4.090","6.74M","-0.49%"
"11/01/2020","4.110","4.140","4.140","4.090","3.19M","-1.20%"
"10/28/2020","4.160","4.160","4.180","4.130","5.25M","0.24%"
"10/27/2020","4.150","4.120","4.160","4.100","7.19M","0.73%"
"10/26/2020","4.120","4.100","4.160","4.100","3.93M","0.49%"
"10/25/2020","4.100","4.130","4.140","4.100","2.12M","-0.24%"
"10/22/2020","4.110","4.110","4.120","4.100","7.68M","0.00%"
"10/21/2020","4.110","4.120","4.150","4.080","6.26M","0.24%"
"10/20/2020","4.100","4.180","4.180","4.100","4.94M","-1.68%"
"10/19/2020","4.170","4.100","4.170","4.100","3.03M","1.71%"
"10/18/2020","4.100","4.170","4.170","4.100","6.11M","-1.20%"
"10/15/2020","4.150","4.150","4.190","4.140","6.43M","0.00%"
"10/14/2020","4.150","4.220","4.220","4.150","21.55M","-1.43%"
"10/13/2020","4.210","4.220","4.240","4.200","6.22M","-0.24%"
"10/12/2020","4.220","4.220","4.220","4.200","4.69M","-0.24%"
"10/11/2020","4.230","4.240","4.240","4.200","904.94K","0.00%"
"10/08/2020","4.230","4.200","4.240","4.160","2.70M","1.20%"
"10/07/2020","4.180","4.240","4.240","4.180","1.12M","-0.48%"
"10/06/2020","4.200","4.230","4.260","4.200","3.85M","-0.24%"
"10/05/2020","4.210","4.270","4.270","4.200","2.92M","-0.47%"
"10/04/2020","4.230","4.280","4.290","4.230","2.51M","-2.08%"
"10/01/2020","4.320","4.280","4.320","4.280","2.28M","0.00%"
"09/30/2020","4.320","4.300","4.340","4.290","3.54M","0.00%"
"09/29/2020","4.320","4.320","4.370","4.310","5.45M","0.23%"
"09/28/2020","4.310","4.280","4.350","4.260","5.67M","1.17%"
"09/27/2020","4.260","4.250","4.300","4.250","1.66M","-0.23%"
"09/24/2020","4.270","4.250","4.300","4.250","4.05M","-0.70%"
"09/23/2020","4.300","4.200","4.320","4.200","7.69M","2.38%"
"09/22/2020","4.200","4.190","4.240","4.130","5.96M","0.00%"
"09/21/2020","4.200","4.320","4.320","4.200","6.84M","-2.78%"
"09/20/2020","4.320","4.310","4.330","4.290","3.79M","-0.69%"
"09/17/2020","4.350","4.330","4.350","4.290","8.41M","0.93%"
"09/16/2020","4.310","4.300","4.330","4.300","3.61M","0.00%"
"09/15/2020","4.310","4.300","4.340","4.300","2.91M","0.00%"
"09/14/2020","4.310","4.320","4.350","4.290","2.78M","-0.46%"
"09/13/2020","4.330","4.370","4.370","4.290","5.61M","-0.23%"
"09/10/2020","4.340","4.390","4.390","4.340","3.66M","-0.69%"
"09/09/2020","4.370","4.300","4.390","4.280","6.65M","0.69%"
"09/08/2020","4.340","4.310","4.340","4.280","5.38M","1.17%"
"09/07/2020","4.290","4.250","4.300","4.240","5.18M","0.94%"
"09/06/2020","4.250","4.210","4.280","4.190","4.84M","-0.70%"
"09/03/2020","4.280","4.170","4.280","4.160","7.63M","3.13%"
"09/02/2020","4.150","4.170","4.170","4.140","3.66M","0.24%"
"09/01/2020","4.140","4.140","4.150","4.120","3.54M","0.98%"
"08/31/2020","4.100","4.140","4.180","4.100","8.53M","-0.73%"
"08/30/2020","4.130","4.150","4.200","4.120","7.64M","-0.24%"
"08/27/2020","4.140","4.120","4.190","4.120","4.50M","0.49%"
"08/26/2020","4.120","4.200","4.200","4.100","4.83M","-1.90%"
"08/25/2020","4.200","4.130","4.200","4.130","7.36M","1.94%"
"08/24/2020","4.120","4.100","4.120","4.070","3.11M","1.48%"
"08/20/2020","4.060","4.090","4.090","4.040","4.98M","-1.22%"
"08/19/2020","4.110","4.060","4.130","4.030","9.58M","0.98%"
"08/18/2020","4.070","3.980","4.070","3.950","15.38M","2.52%"
"08/17/2020","3.970","3.950","3.980","3.940","6.64M","0.51%"
"08/16/2020","3.950","3.900","3.950","3.890","4.69M","1.54%"
"08/13/2020","3.890","3.850","3.890","3.850","5.23M","1.04%"
"08/12/2020","3.850","3.850","3.850","3.820","2.73M","0.79%"
"08/11/2020","3.820","3.840","3.840","3.820","1.23M","0.00%"
"08/10/2020","3.820","3.820","3.840","3.810","1.67M","0.26%"
"08/09/2020","3.810","3.850","3.850","3.810","1.90M","-0.78%"
"08/06/2020","3.840","3.820","3.840","3.810","1.91M","1.59%"
"08/05/2020","3.780","3.800","3.810","3.780","1.85M","-0.26%"
"08/04/2020","3.790","3.800","3.820","3.790","1.79M","-0.52%"
"08/03/2020","3.810","3.820","3.820","3.780","1.07M","1.06%"
"07/29/2020","3.770","3.800","3.800","3.760","3.68M","-0.79%"
"07/28/2020","3.800","3.770","3.810","3.760","2.09M","0.80%"
"07/27/2020","3.770","3.840","3.840","3.750","3.08M","-0.26%"
"07/26/2020","3.780","3.800","3.830","3.780","1.09M","-0.53%"
"07/23/2020","3.800","3.810","3.830","3.770","4.24M","-0.52%"
"07/22/2020","3.820","3.840","3.850","3.800","3.86M","0.26%"
"07/21/2020","3.810","3.810","3.850","3.760","7.80M","-0.26%"
"07/20/2020","3.820","3.870","3.870","3.820","3.31M","-1.29%"
"07/19/2020","3.870","3.890","3.890","3.860","513.92K","0.52%"
"07/16/2020","3.850","3.870","3.880","3.850","3.34M","-0.77%"
"07/15/2020","3.880","3.860","3.890","3.850","2.72M","0.00%"
"07/14/2020","3.880","3.860","3.880","3.850","3.60M","-0.51%"
"07/13/2020","3.900","3.900","3.900","3.860","1.43M","0.00%"
"07/12/2020","3.900","3.910","3.910","3.870","1.04M","1.04%"
"07/09/2020","3.860","3.870","3.890","3.860","3.41M","-0.26%"
"07/08/2020","3.870","3.930","3.930","3.870","5.46M","-1.02%"
"07/07/2020","3.910","3.910","3.920","3.880","3.16M","0.00%"
"07/06/2020","3.910","3.900","3.910","3.860","2.83M","1.30%"
"07/05/2020","3.860","3.880","3.880","3.860","849.77K","-0.52%"
"07/02/2020","3.880","3.840","3.880","3.810","3.63M","1.31%"
"07/01/2020","3.830","3.830","3.860","3.820","3.12M","0.26%"
"06/30/2020","3.820","3.870","3.900","3.820","4.44M","-1.04%"
"06/29/2020","3.860","3.910","3.910","3.860","1.35M","-0.77%"
"06/28/2020","3.890","3.860","3.920","3.860","1.56M","0.26%"
"06/25/2020","3.880","3.870","3.920","3.850","3.99M","0.00%"
"06/24/2020","3.880","3.950","3.970","3.880","4.67M","-1.77%"
"06/23/2020","3.950","3.940","3.950","3.920","3.35M","0.25%"
"06/22/2020","3.940","3.890","3.940","3.870","3.49M","1.81%"
"06/21/2020","3.870","3.930","3.930","3.860","3.61M","-2.52%"
"06/18/2020","3.970","3.860","3.970","3.850","9.57M","2.06%"
"06/17/2020","3.890","3.910","3.910","3.830","3.88M","1.04%"
"06/16/2020","3.850","3.860","3.910","3.850","2.66M","0.26%"
"06/15/2020","3.840","3.800","3.840","3.790","3.39M","-0.78%"
"06/14/2020","3.870","3.840","3.870","3.770","5.10M","-0.51%"
"06/11/2020","3.890","3.880","3.900","3.860","5.95M","0.26%"
"06/10/2020","3.880","3.880","3.970","3.880","7.33M","-2.02%"
"06/09/2020","3.960","4.050","4.050","3.920","7.62M","-2.22%"
"06/08/2020","4.050","4.070","4.140","3.950","20.44M","0.50%"
"06/07/2020","4.030","3.710","4.030","3.710","20.16M","9.51%"
"06/04/2020","3.680","3.600","3.680","3.600","11.95M","1.94%"
"06/03/2020","3.610","3.540","3.620","3.540","7.42M","1.98%"
"06/02/2020","3.540","3.520","3.540","3.500","5.54M","0.28%"
"06/01/2020","3.530","3.490","3.530","3.460","7.07M","1.15%"
"05/31/2020","3.490","3.570","3.570","3.480","7.25M","-1.69%"
"05/28/2020","3.550","3.520","3.570","3.520","19.31M","1.43%"
"05/27/2020","3.500","3.460","3.520","3.460","8.96M","2.94%"
"05/21/2020","3.400","3.400","3.430","3.380","4.78M","0.00%"
"05/20/2020","3.400","3.430","3.430","3.380","2.72M","0.29%"
"05/19/2020","3.390","3.410","3.450","3.380","3.51M","-0.29%"
"05/18/2020","3.400","3.400","3.430","3.380","4.01M","0.00%"
"05/17/2020","3.400","3.400","3.430","3.370","1.76M","0.00%"
"05/14/2020","3.400","3.410","3.410","3.360","3.39M","-0.29%"
"05/13/2020","3.410","3.330","3.440","3.330","6.22M","2.40%"
"05/12/2020","3.330","3.350","3.360","3.280","8.55M","-0.30%"
"05/11/2020","3.340","3.400","3.450","3.250","18.40M","-2.34%"
"05/10/2020","3.420","3.490","3.500","3.380","6.08M","-1.72%"
"05/07/2020","3.480","3.490","3.550","3.470","4.47M","0.58%"
"05/06/2020","3.460","3.550","3.550","3.460","4.30M","-1.42%"
"05/05/2020","3.510","3.580","3.610","3.490","6.34M","-0.85%"
"05/04/2020","3.540","3.520","3.560","3.410","6.05M","0.28%"
"05/03/2020","3.530","3.640","3.640","3.490","9.70M","-3.81%"
"04/30/2020","3.670","3.700","3.700","3.630","11.43M","2.23%"
"04/29/2020","3.590","3.600","3.630","3.570","5.68M","-0.83%"
"04/28/2020","3.620","3.510","3.650","3.510","10.86M","0.56%"
"04/27/2020","3.600","3.520","3.600","3.480","12.16M","2.56%"
"04/26/2020","3.510","3.390","3.510","3.360","9.93M","4.46%"
"04/23/2020","3.360","3.390","3.390","3.340","7.52M","1.20%"
"04/22/2020","3.320","3.260","3.330","3.200","9.10M","0.91%"
"04/21/2020","3.290","3.360","3.360","3.290","15.12M","-4.08%"
"04/20/2020","3.430","3.460","3.460","3.390","9.93M","-1.15%"
"04/19/2020","3.470","3.490","3.510","3.440","10.77M","2.36%"
"04/16/2020","3.390","3.420","3.420","3.340","8.35M","-1.45%"
"04/15/2020","3.440","3.460","3.460","3.370","8.49M","-0.58%"
"04/14/2020","3.460","3.370","3.460","3.340","10.70M","3.59%"
"04/13/2020","3.340","3.370","3.450","3.330","15.49M","-0.30%"
"04/12/2020","3.350","3.300","3.360","3.260","19.83M","5.02%"
"04/09/2020","3.190","3.110","3.230","3.110","17.98M","3.57%"
"04/08/2020","3.080","3.140","3.150","3.040","12.37M","-1.91%"
"04/07/2020","3.140","3.100","3.190","3.100","20.41M","3.29%"
"04/06/2020","3.040","3.040","3.230","3.040","34.90M","-4.70%"
"04/05/2020","3.190","3.190","3.280","3.190","16.43M","-4.78%"
"04/02/2020","3.350","3.360","3.370","3.260","19.01M","-2.05%"
"04/01/2020","3.420","3.600","3.600","3.420","11.27M","-5.00%"
"03/31/2020","3.600","3.660","3.690","3.570","10.64M","-1.10%"
"03/30/2020","3.640","3.790","3.790","3.640","8.23M","-3.96%"
"03/29/2020","3.790","3.700","3.830","3.700","5.87M","-0.26%"
"03/26/2020","3.800","3.920","3.920","3.800","8.49M","-3.06%"
"03/25/2020","3.920","3.750","3.950","3.750","16.08M","3.16%"
"03/24/2020","3.800","3.800","3.800","3.800","4.47M","-4.76%"
"03/23/2020","3.990","4.120","4.120","3.950","26.12M","-3.16%"
"03/22/2020","4.120","4.100","4.200","4.080","10.45M","0.00%"
"03/19/2020","4.120","4.100","4.250","4.020","17.32M","0.00%"
"03/18/2020","4.120","4.100","4.200","4.060","7.84M","1.48%"
"03/17/2020","4.060","4.090","4.240","3.920","18.96M","-0.73%"
"03/16/2020","4.090","4.410","4.410","4.070","25.36M","-8.50%"
"03/15/2020","4.470","4.600","4.630","4.340","14.25M","0.00%"
"03/12/2020","4.470","4.410","4.580","4.390","36.66M","-8.21%"
"03/11/2020","4.870","4.940","4.950","4.860","8.14M","-0.61%"
"03/10/2020","4.900","4.520","4.910","4.520","15.50M","10.36%"
"03/09/2020","4.440","4.410","4.490","4.410","30.86M","-9.39%"
"03/08/2020","4.900","5.200","5.200","4.790","20.63M","-7.72%"
"03/05/2020","5.310","5.370","5.390","5.240","7.40M","0.00%"
"03/04/2020","5.310","5.360","5.370","5.310","9.25M","-1.67%"
"03/03/2020","5.400","5.390","5.550","5.390","5.20M","0.93%"
"03/02/2020","5.350","5.300","5.410","5.300","8.22M","1.71%"
"03/01/2020","5.260","5.370","5.370","5.240","14.10M","-2.59%"
"02/27/2020","5.400","5.480","5.480","5.380","7.98M","-1.46%"
"02/26/2020","5.480","5.570","5.570","5.470","11.76M","-2.14%"
"02/25/2020","5.600","5.650","5.650","5.530","8.33M","-0.88%"
"02/24/2020","5.650","5.670","5.680","5.650","11.16M","-0.53%"
"02/23/2020","5.680","5.700","5.700","5.650","2.57M","0.18%"
"02/20/2020","5.670","5.730","5.730","5.670","5.73M","-0.53%"
"02/19/2020","5.700","5.740","5.750","5.700","2.77M","-0.87%"
"02/18/2020","5.750","5.740","5.750","5.710","3.72M","0.52%"
"02/17/2020","5.720","5.710","5.730","5.700","9.98M","0.53%"
"02/16/2020","5.690","5.690","5.710","5.680","1.61M","0.00%"
"02/13/2020","5.690","5.700","5.760","5.650","17.77M","0.71%"
"02/12/2020","5.650","5.640","5.710","5.630","5.51M","0.18%"
"02/11/2020","5.640","5.680","5.680","5.620","3.71M","-0.88%"
"02/10/2020","5.690","5.670","5.700","5.660","3.95M","1.07%"
"02/09/2020","5.630","5.700","5.700","5.620","3.52M","-0.88%"
"02/06/2020","5.680","5.690","5.750","5.680","7.51M","-0.18%"
"02/05/2020","5.690","5.690","5.700","5.650","4.09M","0.53%"
"02/04/2020","5.660","5.660","5.720","5.660","3.05M","0.00%"
"02/03/2020","5.660","5.660","5.730","5.660","3.63M","0.00%"
"02/02/2020","5.660","5.670","5.730","5.660","2.71M","-0.88%"
"01/30/2020","5.710","5.780","5.780","5.700","4.01M","-1.21%"
"01/29/2020","5.780","5.710","5.790","5.710","3.21M","1.40%"
"01/28/2020","5.700","5.700","5.740","5.670","4.68M","0.35%"
"01/27/2020","5.680","5.790","5.790","5.650","9.24M","-1.73%"
"01/26/2020","5.780","5.850","5.850","5.780","3.28M","-1.37%"
"01/23/2020","5.860","5.760","5.860","5.760","7.62M","1.56%"
"01/22/2020","5.770","5.780","5.810","5.740","6.73M","0.17%"
"01/21/2020","5.760","5.750","5.780","5.730","2.83M","0.17%"
"01/20/2020","5.750","5.800","5.800","5.740","2.66M","-0.52%"
"01/19/2020","5.780","5.760","5.810","5.720","6.98M","0.70%"
"01/16/2020","5.740","5.680","5.750","5.680","10.70M","0.70%"
"01/15/2020","5.700","5.630","5.700","5.630","5.66M","0.88%"
"01/14/2020","5.650","5.560","5.650","5.560","7.50M","1.25%"
"01/13/2020","5.580","5.530","5.580","5.530","2.91M","1.09%"
"01/12/2020","5.520","5.570","5.570","5.520","1.82M","-0.72%"
"01/09/2020","5.560","5.520","5.560","5.520","8.94M","1.28%"
"01/08/2020","5.490","5.450","5.490","5.430","3.27M","-0.18%"
"01/07/2020","5.500","5.470","5.500","5.450","6.19M","1.29%"
"01/06/2020","5.430","5.390","5.470","5.370","3.69M","0.74%"
"01/05/2020","5.390","5.480","5.480","5.390","6.75M","-2.53%"
"01/02/2020","5.530","5.540","5.560","5.510","896.61K","0.36%"
"12/31/2019","5.510","5.550","5.560","5.510","11.22M","-0.72%"
"12/30/2019","5.550","5.500","5.560","5.500","4.23M","0.54%"
"12/29/2019","5.520","5.460","5.520","5.460","2.19M","1.10%"
"12/26/2019","5.460","5.510","5.510","5.450","2.06M","-0.91%"
"12/25/2019","5.510","5.500","5.510","5.470","1.53M","0.18%"
"12/24/2019","5.500","5.500","5.510","5.430","3.58M","0.00%"
"12/23/2019","5.500","5.450","5.500","5.450","5.03M","0.73%"
"12/22/2019","5.460","5.450","5.480","5.450","2.92M","1.11%"
"12/19/2019","5.400","5.500","5.500","5.400","8.56M","-1.82%"
"12/18/2019","5.500","5.490","5.500","5.470","7.05M","0.36%"
"12/17/2019","5.480","5.430","5.490","5.430","7.86M","1.11%"
"12/16/2019","5.420","5.410","5.430","5.400","5.26M","0.18%"
"12/15/2019","5.410","5.400","5.410","5.380","4.08M","1.12%"
"12/12/2019","5.350","5.380","5.430","5.350","7.02M","-0.56%"
"12/11/2019","5.380","5.340","5.380","5.340","6.35M","0.56%"
"12/10/2019","5.350","5.330","5.350","5.310","4.26M","0.75%"
"12/09/2019","5.310","5.300","5.340","5.300","3.45M","-0.19%"
"12/08/2019","5.320","5.330","5.340","5.300","2.91M","-0.37%"
"12/05/2019","5.340","5.340","5.360","5.300","3.28M","0.00%"
"12/04/2019","5.340","5.310","5.360","5.300","4.78M","0.75%"
"11/28/2019","5.300","5.350","5.370","5.300","3.64M","-1.12%"
"11/27/2019","5.360","5.310","5.370","5.300","5.29M","1.71%"
"11/26/2019","5.270","5.330","5.360","5.270","13.64M","-0.38%"
"11/25/2019","5.290","5.290","5.290","5.290","1.66M","0.00%"
"11/24/2019","5.290","5.300","5.340","5.280","3.05M","0.19%"
"11/21/2019","5.280","5.330","5.330","5.280","5.35M","-0.56%"
"11/20/2019","5.310","5.330","5.350","5.310","7.33M","0.00%"
"11/19/2019","5.310","5.330","5.350","5.300","5.09M","-0.38%"
"11/18/2019","5.330","5.320","5.350","5.310","6.97M","0.00%"
"11/17/2019","5.330","5.320","5.380","5.300","2.70M","-0.74%"
"11/14/2019","5.370","5.300","5.380","5.300","8.21M","1.51%"
"11/13/2019","5.290","5.300","5.320","5.280","3.93M","-0.19%"
"11/12/2019","5.300","5.280","5.300","5.270","2.69M","0.76%"
"11/11/2019","5.260","5.270","5.290","5.260","3.02M","0.00%"
"11/10/2019","5.260","5.300","5.300","5.260","2.01M","-0.57%"
"11/07/2019","5.290","5.280","5.320","5.270","3.22M","0.00%"
"11/06/2019","5.290","5.300","5.310","5.260","2.12M","-0.19%"
"11/05/2019","5.300","5.280","5.300","5.270","2.89M","-0.19%"
"11/04/2019","5.310","5.290","5.310","5.260","2.93M","0.57%"
"11/03/2019","5.280","5.310","5.330","5.250","3.89M","-0.19%"
"10/31/2019","5.290","5.290","5.350","5.280","5.54M","-0.38%"
"10/30/2019","5.310","5.300","5.310","5.260","4.07M","0.57%"
"10/29/2019","5.280","5.320","5.340","5.280","3.92M","-0.38%"
"10/28/2019","5.300","5.330","5.360","5.300","3.08M","-0.56%"
"10/27/2019","5.330","5.340","5.370","5.330","4.65M","0.19%"
"10/24/2019","5.320","5.330","5.340","5.310","2.74M","0.19%"
"10/23/2019","5.310","5.330","5.350","5.310","3.95M","-0.56%"
"10/22/2019","5.340","5.280","5.340","5.280","2.76M","1.14%"
"10/21/2019","5.280","5.290","5.320","5.280","3.43M","0.00%"
"10/20/2019","5.280","5.280","5.320","5.280","2.04M","0.00%"
"10/17/2019","5.280","5.320","5.320","5.260","3.12M","-0.94%"
"10/16/2019","5.330","5.340","5.350","5.320","4.66M","0.38%"
"10/15/2019","5.310","5.330","5.330","5.300","2.65M","-0.56%"
"10/14/2019","5.340","5.300","5.340","5.300","2.47M","0.75%"
"10/13/2019","5.300","5.310","5.340","5.290","3.06M","-0.56%"
"10/10/2019","5.330","5.330","5.330","5.300","2.37M","0.00%"
"10/09/2019","5.330","5.300","5.330","5.290","3.86M","0.57%"
"10/08/2019","5.300","5.280","5.330","5.280","2.01M","-0.75%"
"10/07/2019","5.340","5.220","5.340","5.220","2.82M","1.91%"
"10/06/2019","5.240","5.250","5.260","5.230","2.10M","0.58%"
"10/03/2019","5.210","5.250","5.250","5.210","2.67M","0.00%"
"10/02/2019","5.210","5.230","5.260","5.210","2.87M","-0.19%"
"10/01/2019","5.220","5.250","5.260","5.220","2.31M","-0.57%"
"09/30/2019","5.250","5.290","5.290","5.240","2.81M","0.19%"
"09/29/2019","5.240","5.250","5.290","5.240","966.83K","-0.95%"
"09/26/2019","5.290","5.280","5.310","5.260","4.89M","0.19%"
"09/25/2019","5.280","5.280","5.290","5.250","3.46M","0.76%"
"09/24/2019","5.240","5.240","5.310","5.230","6.62M","-0.19%"
"09/23/2019","5.250","5.240","5.270","5.230","3.98M","0.96%"
"09/22/2019","5.200","5.210","5.240","5.180","3.01M","0.19%"
"09/19/2019","5.190","5.300","5.300","5.190","12.23M","-1.89%"
"09/18/2019","5.290","5.360","5.360","5.290","4.55M","-0.94%"
"09/17/2019","5.340","5.370","5.380","5.340","3.51M","-0.93%"
"09/16/2019","5.390","5.370","5.390","5.310","7.88M","0.37%"
"09/15/2019","5.370","5.360","5.400","5.350","4.55M","-0.56%"
"09/12/2019","5.400","5.350","5.400","5.320","10.19M","0.93%"
"09/11/2019","5.350","5.310","5.370","5.310","10.09M","0.00%"
"09/10/2019","5.350","5.340","5.350","5.300","5.76M","0.19%"
"09/09/2019","5.340","5.290","5.350","5.280","13.69M","0.75%"
"09/08/2019","5.300","5.240","5.310","5.240","11.94M","0.95%"
"09/05/2019","5.250","5.250","5.270","5.220","8.49M","0.57%"
"09/04/2019","5.220","5.240","5.250","5.210","4.70M","-0.38%"
"09/03/2019","5.240","5.260","5.300","5.220","6.38M","-0.76%"
"09/02/2019","5.280","5.180","5.290","5.150","26.61M","3.13%"
"09/01/2019","5.120","5.110","5.120","5.100","1.62M","0.00%"
"08/29/2019","5.120","5.100","5.130","5.100","5.82M","0.79%"
"08/28/2019","5.080","5.100","5.120","5.070","5.87M","-0.39%"
"08/27/2019","5.100","5.090","5.150","5.090","13.27M","0.79%"
"08/26/2019","5.060","5.040","5.090","5.030","6.40M","0.60%"
"08/25/2019","5.030","5.100","5.100","5.030","6.97M","-1.57%"
"08/22/2019","5.110","5.120","5.160","5.110","3.37M","0.00%"
"08/21/2019","5.110","5.140","5.170","5.110","8.13M","-0.78%"
"08/20/2019","5.150","5.150","5.160","5.130","5.08M","0.59%"
"08/19/2019","5.120","5.120","5.160","5.120","3.90M","0.00%"
"08/18/2019","5.120","5.140","5.170","5.120","3.54M","-0.39%"
"08/15/2019","5.140","5.160","5.160","5.130","4.38M","-0.58%"
"08/14/2019","5.170","5.180","5.240","5.160","3.24M","-0.58%"
"08/08/2019","5.200","5.200","5.230","5.180","3.51M","-0.57%"
"08/07/2019","5.230","5.150","5.240","5.150","4.53M","1.95%"
"08/06/2019","5.130","5.140","5.180","5.120","5.06M","-0.58%"
"08/05/2019","5.160","5.270","5.270","5.160","5.78M","-2.09%"
"08/04/2019","5.270","5.260","5.300","5.260","2.69M","-0.75%"
"08/01/2019","5.310","5.320","5.330","5.270","4.63M","-0.19%"
"07/31/2019","5.320","5.320","5.350","5.290","6.35M","-0.37%"
"07/30/2019","5.340","5.250","5.350","5.250","6.26M","0.95%"
"07/29/2019","5.290","5.260","5.290","5.250","6.48M","0.38%"
"07/28/2019","5.270","5.260","5.270","5.240","3.40M","0.57%"
"07/25/2019","5.240","5.250","5.270","5.240","5.72M","-0.19%"
"07/24/2019","5.250","5.270","5.270","5.230","5.89M","0.00%"
"07/23/2019","5.250","5.210","5.290","5.210","15.86M","0.96%"
"07/22/2019","5.200","5.180","5.210","5.180","5.25M","0.78%"
"07/21/2019","5.160","5.200","5.200","5.160","2.68M","-0.39%"
"07/18/2019","5.180","5.200","5.230","5.170","13.01M","0.58%"
"07/17/2019","5.150","5.150","5.160","5.120","5.93M","0.19%"
"07/16/2019","5.140","5.120","5.150","5.120","4.27M","0.59%"
"07/15/2019","5.110","5.100","5.140","5.100","6.60M","0.20%"
"07/14/2019","5.100","5.130","5.140","5.100","5.52M","-0.39%"
"07/11/2019","5.120","5.140","5.140","5.110","8.76M","-0.39%"
"07/10/2019","5.140","5.110","5.160","5.110","4.66M","0.78%"
"07/09/2019","5.100","5.130","5.150","5.100","5.56M","-0.58%"
"07/08/2019","5.130","5.150","5.160","5.130","5.42M","-0.58%"
"07/07/2019","5.160","5.150","5.170","5.130","2.21M","0.58%"
"07/04/2019","5.130","5.140","5.160","5.130","1.78M","-0.39%"
"07/03/2019","5.150","5.130","5.160","5.130","2.70M","-0.39%"
"07/02/2019","5.170","5.160","5.170","5.120","3.71M","0.00%"
"07/01/2019","5.170","5.130","5.170","5.120","4.01M","1.17%"
"06/30/2019","5.110","5.140","5.160","5.110","1.91M","-0.39%"
"06/27/2019","5.130","5.130","5.140","5.110","3.46M","0.00%"
"06/26/2019","5.130","5.110","5.160","5.110","5.91M","-0.39%"
"06/25/2019","5.150","5.120","5.170","5.120","3.42M","0.00%"
"06/24/2019","5.150","5.150","5.180","5.140","5.22M","-0.19%"
"06/23/2019","5.160","5.130","5.170","5.100","5.07M","0.00%"
"06/20/2019","5.160","5.120","5.160","5.100","11.40M","0.58%"
"06/19/2019","5.130","5.050","5.130","5.050","8.30M","1.18%"
"06/18/2019","5.070","5.020","5.080","5.010","3.89M","0.60%"
"06/17/2019","5.040","5.040","5.060","5.010","3.45M","0.00%"
"06/16/2019","5.040","5.030","5.050","5.020","3.51M","0.80%"
"06/13/2019","5.000","5.060","5.060","5.000","4.56M","-1.38%"
"06/12/2019","5.070","5.080","5.100","5.050","3.62M","0.00%"
"06/11/2019","5.070","5.090","5.110","5.070","3.98M","-0.98%"
"06/10/2019","5.120","5.040","5.190","5.040","8.64M","1.59%"
"05/30/2019","5.040","4.990","5.040","4.990","9.69M","0.40%"
"05/29/2019","5.020","5.020","5.040","4.990","3.24M","0.40%"
"05/28/2019","5.000","5.020","5.070","4.990","12.34M","-0.99%"
"05/27/2019","5.050","5.020","5.050","5.000","5.23M","0.60%"
"05/26/2019","5.020","4.960","5.020","4.950","3.74M","1.01%"
"05/23/2019","4.970","4.940","4.970","4.920","7.13M","0.40%"
"05/22/2019","4.950","4.940","4.990","4.930","3.56M","0.41%"
"05/21/2019","4.930","4.900","4.970","4.890","2.93M","0.82%"
"05/20/2019","4.890","4.900","4.940","4.890","3.32M","-0.20%"
"05/19/2019","4.900","4.990","4.990","4.890","5.32M","-1.61%"
"05/16/2019","4.980","5.040","5.040","4.980","4.83M","-0.40%"
"05/15/2019","5.000","5.050","5.070","5.000","5.01M","-2.34%"
"05/14/2019","5.120","4.920","5.120","4.920","8.76M","3.64%"
"05/13/2019","4.940","5.100","5.100","4.940","15.21M","-3.33%"
"05/12/2019","5.110","5.130","5.160","5.110","4.31M","-0.39%"
"05/09/2019","5.130","5.150","5.170","5.120","4.43M","-0.97%"
"05/08/2019","5.180","5.160","5.190","5.140","5.05M","0.00%"
"05/07/2019","5.180","5.140","5.180","5.140","4.89M","0.78%"
"05/06/2019","5.140","5.200","5.200","5.140","4.87M","-1.72%"
"05/05/2019","5.230","5.170","5.240","5.170","5.64M","1.36%"
"05/02/2019","5.160","5.160","5.190","5.160","3.26M","0.00%"
"05/01/2019","5.160","5.170","5.180","5.130","2.42M","-0.19%"
"04/30/2019","5.170","5.180","5.190","5.130","6.50M","0.00%"
"04/29/2019","5.170","5.240","5.240","5.170","4.57M","-1.52%"
"04/28/2019","5.250","5.250","5.270","5.230","5.05M","0.38%"
"04/25/2019","5.230","5.260","5.280","5.210","5.15M","-0.57%"
"04/24/2019","5.260","5.220","5.290","5.200","13.41M","0.96%"
"04/23/2019","5.210","5.160","5.220","5.160","16.44M","1.17%"
"04/22/2019","5.150","5.150","5.170","5.140","9.73M","0.39%"
"04/21/2019","5.130","5.100","5.170","5.100","7.37M","0.00%"
"04/18/2019","5.130","5.110","5.130","5.100","11.07M","0.20%"
"04/17/2019","5.120","5.080","5.120","5.070","8.39M","1.19%"
"04/16/2019","5.060","5.090","5.110","5.060","5.13M","-0.59%"
"04/15/2019","5.090","5.030","5.140","5.020","14.30M","1.39%"
"04/14/2019","5.020","5.040","5.050","5.020","8.47M","-0.20%"
"04/11/2019","5.030","5.040","5.050","5.010","5.39M","-0.20%"
"04/10/2019","5.040","5.020","5.060","5.010","7.23M","0.40%"
"04/09/2019","5.020","5.040","5.070","5.020","6.04M","-0.40%"
"04/08/2019","5.040","5.000","5.040","4.980","9.82M","1.61%"
"04/07/2019","4.960","4.940","5.000","4.930","3.90M","0.20%"
"04/04/2019","4.950","4.940","5.010","4.920","10.49M","0.61%"
"04/03/2019","4.920","4.900","4.950","4.890","10.07M","0.41%"
"04/02/2019","4.900","4.870","4.940","4.870","10.98M","0.41%"
"04/01/2019","4.880","4.850","4.910","4.850","7.08M","0.62%"
"03/31/2019","4.850","4.900","4.950","4.850","8.98M","-1.02%"
"03/28/2019","4.900","4.800","4.900","4.790","11.05M","2.51%"
"03/27/2019","4.780","4.820","4.820","4.780","7.48M","-0.21%"
"03/26/2019","4.790","4.830","4.850","4.790","10.16M","-0.83%"
"03/25/2019","4.830","4.810","4.850","4.800","8.46M","0.21%"
"03/24/2019","4.820","4.900","4.900","4.810","5.95M","-1.03%"
"03/21/2019","4.870","4.860","4.900","4.850","4.49M","-0.61%"
"03/20/2019","4.900","4.880","4.900","4.860","5.92M","0.00%"
"03/19/2019","4.900","4.920","4.950","4.880","7.72M","-0.20%"
"03/18/2019","4.910","4.760","4.950","4.760","11.82M","3.15%"
"03/17/2019","4.760","4.720","4.780","4.720","3.19M","0.85%"
"03/14/2019","4.720","4.700","4.760","4.660","11.86M","-6.53%"
"03/13/2019","5.050","5.060","5.080","5.040","7.86M","-0.20%"
"03/12/2019","5.060","5.090","5.100","5.040","12.04M","-0.78%"
"03/11/2019","5.100","5.110","5.110","5.080","4.67M","-0.58%"
"03/10/2019","5.130","5.130","5.150","5.100","11.72M","-0.77%"
"03/07/2019","5.170","5.210","5.230","5.130","8.43M","-1.15%"
"03/06/2019","5.230","5.180","5.250","5.180","2.14M","0.38%"
"03/05/2019","5.210","5.230","5.240","5.200","3.15M","-0.38%"
"03/04/2019","5.230","5.250","5.250","5.200","6.23M","0.00%"
"03/03/2019","5.230","5.250","5.250","5.230","1.65M","0.19%"
"02/28/2019","5.220","5.250","5.270","5.220","5.85M","-0.95%"
"02/27/2019","5.270","5.220","5.270","5.220","2.80M","0.19%"
"02/26/2019","5.260","5.230","5.260","5.200","3.86M","0.77%"
"02/25/2019","5.220","5.170","5.220","5.160","5.58M","0.97%"
"02/24/2019","5.170","5.150","5.190","5.120","4.53M","0.39%"
"02/21/2019","5.150","5.170","5.170","5.120","6.99M","-0.19%"
"02/20/2019","5.160","5.080","5.160","5.070","12.10M","2.18%"
"02/19/2019","5.050","5.050","5.080","5.050","2.08M","-0.39%"
"02/18/2019","5.070","5.080","5.080","5.040","2.82M","0.20%"
"02/17/2019","5.060","5.120","5.120","5.060","2.24M","0.20%"
"02/14/2019","5.050","5.010","5.080","5.010","3.81M","0.80%"
"02/13/2019","5.010","5.030","5.080","5.000","3.75M","0.60%"
"02/12/2019","4.980","5.050","5.060","4.980","7.04M","-0.80%"
"02/11/2019","5.020","5.080","5.080","5.020","4.68M","-0.79%"
"02/10/2019","5.060","5.130","5.130","5.060","2.83M","-0.59%"
"02/07/2019","5.090","5.130","5.140","5.090","3.41M","-0.78%"
"02/06/2019","5.130","5.120","5.140","5.100","4.69M","0.20%"
"02/05/2019","5.120","5.070","5.120","5.060","2.47M","0.79%"
"02/04/2019","5.080","5.100","5.110","5.070","2.91M","0.40%"
"02/03/2019","5.060","5.110","5.110","5.060","3.60M","-0.78%"
"01/31/2019","5.100","5.060","5.120","5.040","6.64M","1.39%"
"01/30/2019","5.030","5.210","5.210","5.030","13.84M","-4.37%"
"01/29/2019","5.260","5.290","5.290","5.220","3.55M","-0.57%"
"01/28/2019","5.290","5.170","5.290","5.170","6.64M","2.52%"
"01/27/2019","5.160","5.110","5.160","5.110","2.73M","0.39%"
"01/24/2019","5.140","5.100","5.140","5.090","2.78M","0.39%"
"01/23/2019","5.120","5.060","5.120","5.060","3.63M","0.39%"
"01/22/2019","5.100","5.090","5.100","5.050","1.74M","0.59%"
"01/21/2019","5.070","5.080","5.100","5.060","5.29M","0.00%"
"01/20/2019","5.070","5.100","5.110","5.070","3.75M","-0.59%"
"01/17/2019","5.100","5.100","5.110","5.060","3.62M","0.00%"
"01/16/2019","5.100","5.080","5.120","5.080","2.56M","0.00%"
"01/15/2019","5.100","5.150","5.150","5.050","2.95M","-0.78%"
"01/14/2019","5.140","5.100","5.140","5.070","4.08M","1.18%"
"01/13/2019","5.080","5.090","5.110","5.070","3.71M","0.00%"
"01/10/2019","5.080","5.070","5.080","5.040","3.24M","0.40%"
"01/09/2019","5.060","5.050","5.070","5.040","2.76M","0.80%"
"01/08/2019","5.020","5.050","5.050","5.010","2.38M","0.40%"
"01/07/2019","5.000","5.070","5.080","5.000","3.37M","-1.38%"
"01/06/2019","5.070","5.030","5.100","5.020","2.90M","1.40%"
"01/03/2019","5.000","4.970","5.010","4.970","2.67M","0.40%"
"01/02/2019","4.980","4.980","5.040","4.970","2.85M","-0.40%"
"12/31/2018","5.000","5.000","5.030","4.980","2.58M","0.81%"
"12/30/2018","4.960","5.000","5.000","4.960","1.47M","-0.80%"
"12/27/2018","5.000","5.000","5.050","4.960","4.56M","0.00%"
"12/26/2018","5.000","5.000","5.000","4.960","2.01M","0.20%"
"12/25/2018","4.990","4.980","5.000","4.960","1.53M","0.00%"
"12/24/2018","4.990","5.000","5.100","4.960","5.00M","-0.20%"
"12/23/2018","5.000","5.020","5.050","4.990","3.37M","-0.20%"
"12/20/2018","5.010","5.110","5.110","5.010","5.30M","-2.53%"
"12/19/2018","5.140","5.120","5.140","5.090","1.84M","1.18%"
"12/18/2018","5.080","5.100","5.120","5.080","2.62M","-0.39%"
"12/17/2018","5.100","5.080","5.160","5.080","2.50M","0.20%"
"12/16/2018","5.090","5.160","5.190","5.080","3.80M","-1.93%"
"12/13/2018","5.190","5.180","5.190","5.160","3.28M","0.19%"
"12/12/2018","5.180","5.060","5.200","5.060","3.28M","1.37%"
"12/11/2018","5.110","5.020","5.110","5.000","5.57M","1.19%"
"12/10/2018","5.050","5.170","5.170","5.000","7.42M","-1.56%"
"12/09/2018","5.130","5.180","5.180","5.130","1.74M","-0.97%"
"12/06/2018","5.180","5.230","5.230","5.150","6.69M","-1.33%"
"12/05/2018","5.250","5.250","5.270","5.230","3.89M","-0.38%"
"12/04/2018","5.270","5.300","5.300","5.240","5.16M","0.57%"
"11/29/2018","5.240","5.290","5.300","5.240","6.24M","-0.57%"
"11/28/2018","5.270","5.300","5.310","5.200","3.92M","-0.57%"
"11/27/2018","5.300","5.240","5.300","5.240","4.06M","1.15%"
"11/26/2018","5.240","5.330","5.330","5.240","5.18M","-1.13%"
"11/25/2018","5.300","5.310","5.330","5.290","910.15K","-0.75%"
"11/22/2018","5.340","5.300","5.350","5.300","457.58K","0.00%"
"11/21/2018","5.340","5.300","5.340","5.300","3.18M","0.00%"
"11/20/2018","5.340","5.290","5.350","5.290","2.80M","-0.19%"
"11/19/2018","5.350","5.270","5.350","5.250","5.73M","1.13%"
"11/15/2018","5.290","5.240","5.290","5.240","1.41M","0.76%"
"11/14/2018","5.250","5.250","5.280","5.220","3.31M","-0.19%"
"11/13/2018","5.260","5.300","5.300","5.250","1.68M","-1.13%"
"11/12/2018","5.320","5.300","5.350","5.290","1.70M","0.00%"
"11/11/2018","5.320","5.300","5.350","5.300","1.25M","-0.56%"
"11/08/2018","5.350","5.290","5.350","5.270","2.18M","0.75%"
"11/07/2018","5.310","5.300","5.320","5.290","3.33M","0.19%"
"11/06/2018","5.300","5.290","5.310","5.280","3.31M","0.00%"
"11/05/2018","5.300","5.250","5.300","5.230","2.93M","0.38%"
"11/04/2018","5.280","5.250","5.300","5.250","1.76M","-0.19%"
"11/01/2018","5.290","5.230","5.300","5.210","5.39M","0.57%"
"10/31/2018","5.260","5.200","5.260","5.180","4.09M","1.54%"
"10/30/2018","5.180","5.200","5.200","5.160","2.28M","-0.38%"
"10/29/2018","5.200","5.200","5.200","5.120","4.71M","0.78%"
"10/28/2018","5.160","5.130","5.210","5.130","2.93M","-0.39%"
"10/25/2018","5.180","5.130","5.200","5.130","1.73M","0.58%"
"10/24/2018","5.150","5.130","5.150","5.120","1.50M","-0.58%"
"10/23/2018","5.180","5.140","5.180","5.110","1.22M","0.78%"
"10/22/2018","5.140","5.130","5.170","5.130","6.31M","-0.19%"
"10/21/2018","5.150","5.200","5.200","5.120","4.99M","-1.90%"
"10/18/2018","5.250","5.160","5.250","5.150","3.63M","1.74%"
"10/17/2018","5.160","5.170","5.220","5.160","4.38M","-1.15%"
"10/16/2018","5.220","5.170","5.230","5.150","2.62M","1.16%"
"10/15/2018","5.160","5.140","5.250","5.140","3.21M","0.19%"
"10/14/2018","5.150","5.260","5.310","5.130","5.56M","-1.90%"
"10/11/2018","5.250","5.310","5.310","5.220","8.08M","-1.87%"
"10/10/2018","5.350","5.390","5.390","5.330","3.28M","0.19%"
"10/09/2018","5.340","5.330","5.380","5.310","2.35M","0.19%"
"10/08/2018","5.330","5.330","5.360","5.330","2.18M","0.00%"
"10/07/2018","5.330","5.340","5.340","5.310","979.40K","0.19%"
"10/04/2018","5.320","5.350","5.360","5.320","2.76M","-0.56%"
"10/03/2018","5.350","5.330","5.360","5.330","1.55M","0.38%"
"10/02/2018","5.330","5.350","5.350","5.330","3.15M","-0.19%"
"10/01/2018","5.340","5.350","5.380","5.340","2.07M","-0.74%"
"09/30/2018","5.380","5.380","5.410","5.340","6.13M","-0.19%"
"09/27/2018","5.390","5.370","5.400","5.340","12.03M","1.13%"
"09/26/2018","5.330","5.290","5.370","5.280","4.28M","0.95%"
"09/25/2018","5.280","5.240","5.280","5.210","2.70M","0.57%"
"09/24/2018","5.250","5.280","5.290","5.250","2.58M","-0.57%"
"09/23/2018","5.280","5.250","5.290","5.250","1.97M","0.19%"
"09/20/2018","5.270","5.160","5.290","5.160","11.07M","1.54%"
"09/19/2018","5.190","5.160","5.190","5.150","2.24M","-0.19%"
"09/18/2018","5.200","5.120","5.200","5.120","3.23M","0.97%"
"09/17/2018","5.150","5.140","5.170","5.110","5.82M","0.19%"
"09/16/2018","5.140","5.170","5.170","5.140","5.62M","-0.58%"
"09/12/2018","5.170","5.200","5.230","5.170","3.85M","-0.96%"
"09/11/2018","5.220","5.210","5.250","5.200","4.51M","-0.38%"
"09/10/2018","5.240","5.220","5.250","5.190","12.54M","0.19%"
"09/09/2018","5.230","5.150","5.230","5.150","7.68M","2.15%"
"09/06/2018","5.120","5.130","5.170","5.100","5.41M","-0.19%"
"09/05/2018","5.130","5.140","5.160","5.130","7.42M","-0.39%"
"09/04/2018","5.150","5.140","5.170","5.140","4.17M","0.19%"
"09/03/2018","5.140","5.130","5.140","5.100","1.20M","0.19%"
"09/02/2018","5.130","5.120","5.140","5.120","2.31M","0.20%"
"08/30/2018","5.120","5.100","5.160","5.100","5.36M","0.20%"
"08/29/2018","5.110","5.100","5.130","5.100","4.34M","0.20%"
"08/28/2018","5.100","5.020","5.100","5.020","4.74M","1.59%"
"08/27/2018","5.020","5.020","5.050","5.020","1.87M","0.20%"
"08/26/2018","5.010","5.050","5.060","5.000","621.53K","0.00%"
"08/19/2018","5.010","5.000","5.040","5.000","1.16M","0.20%"
"08/16/2018","5.000","5.050","5.060","5.000","3.04M","-1.19%"
"08/15/2018","5.060","5.010","5.060","5.000","893.50K","1.00%"
"08/14/2018","5.010","5.000","5.020","5.000","2.50M","0.20%"
"08/13/2018","5.000","5.020","5.020","4.990","4.40M","-0.40%"
"08/12/2018","5.020","5.010","5.020","5.000","1.10M","0.20%"
"08/09/2018","5.010","5.080","5.080","5.010","2.88M","-1.18%"
"08/08/2018","5.070","5.080","5.100","5.050","1.17M","0.20%"
"08/07/2018","5.060","5.080","5.090","5.000","6.59M","-0.39%"
"08/06/2018","5.080","5.090","5.110","5.080","2.70M","-0.20%"
"08/05/2018","5.090","5.100","5.110","5.080","858.62K","-0.20%"
"08/02/2018","5.100","5.100","5.110","5.060","4.40M","0.20%"
"08/01/2018","5.090","5.050","5.100","5.030","4.20M","1.19%"
"07/31/2018","5.030","5.060","5.090","5.030","4.49M","-0.98%"
"07/30/2018","5.080","5.030","5.090","5.000","7.12M","1.40%"
"07/29/2018","5.010","4.980","5.030","4.970","3.57M","0.80%"
"07/26/2018","4.970","4.950","4.990","4.950","3.13M","0.40%"
"07/25/2018","4.950","4.950","4.980","4.950","4.44M","0.41%"
"07/24/2018","4.930","4.950","4.960","4.930","2.50M","-0.40%"
"07/23/2018","4.950","4.960","4.970","4.930","2.84M","-0.20%"
"07/22/2018","4.960","4.990","5.000","4.930","1.41M","-0.20%"
"07/19/2018","4.970","4.960","5.000","4.960","8.30M","0.20%"
"07/18/2018","4.960","4.980","5.000","4.930","4.39M","-0.40%"
"07/17/2018","4.980","5.000","5.000","4.930","3.62M","-0.40%"
"07/16/2018","5.000","5.000","5.010","4.970","2.27M","0.20%"
"07/15/2018","4.990","4.960","5.000","4.960","2.36M","0.40%"
"07/12/2018","4.970","4.980","4.990","4.940","3.56M","-0.40%"
"07/11/2018","4.990","4.970","5.030","4.960","3.05M","0.60%"
"07/10/2018","4.960","5.000","5.000","4.960","3.47M","-0.80%"
"07/09/2018","5.000","5.000","5.030","4.980","2.57M","-0.60%"
"07/08/2018","5.030","4.970","5.030","4.970","3.94M","1.00%"
"07/05/2018","4.980","4.960","4.980","4.950","1.96M","0.20%"
"07/04/2018","4.970","4.940","4.980","4.940","788.40K","0.81%"
"07/03/2018","4.930","4.930","4.960","4.920","1.06M","0.41%"
"07/02/2018","4.910","4.980","5.000","4.910","3.31M","-1.41%"
"07/01/2018","4.980","4.890","5.000","4.880","2.62M","2.26%"
"06/28/2018","4.870","4.890","4.980","4.850","5.70M","-0.20%"
"06/27/2018","4.880","4.920","4.920","4.880","7.43M","-0.41%"
"06/26/2018","4.900","4.930","4.940","4.900","4.28M","-0.41%"
"06/25/2018","4.920","4.970","4.990","4.920","3.68M","-1.99%"
"06/24/2018","5.020","4.990","5.020","4.980","3.06M","0.20%"
"06/21/2018","5.010","4.960","5.030","4.890","7.36M","1.42%"
"06/20/2018","4.940","4.960","5.000","4.900","5.78M","-1.20%"
"06/19/2018","5.000","5.050","5.070","4.970","8.48M","-0.79%"
"06/18/2018","5.040","5.080","5.100","5.040","5.81M","-1.18%"
"06/14/2018","5.100","5.110","5.110","5.040","16.29M","0.00%"
"06/13/2018","5.100","5.170","5.220","5.100","5.34M","-1.54%"
"06/12/2018","5.180","5.180","5.200","5.160","4.25M","-0.19%"
"06/11/2018","5.190","5.130","5.190","5.130","5.51M","1.17%"
"06/10/2018","5.130","5.090","5.130","5.090","2.27M","1.18%"
"06/07/2018","5.070","5.170","5.170","5.060","3.06M","-2.12%"
"06/06/2018","5.180","5.150","5.180","5.130","3.82M","0.00%"
"06/05/2018","5.180","5.240","5.260","5.170","5.66M","-1.15%"
"06/04/2018","5.240","5.210","5.270","5.170","13.19M","0.58%"
"06/03/2018","5.210","5.090","5.220","5.010","7.57M","2.76%"
"05/31/2018","5.070","4.800","5.100","4.800","19.71M","5.85%"
"05/30/2018","4.790","4.750","4.840","4.750","9.06M","0.00%"
"05/29/2018","4.790","4.740","4.790","4.670","8.29M","1.05%"
"05/28/2018","4.740","4.760","4.760","4.700","6.57M","-0.21%"
"05/27/2018","4.750","4.770","4.780","4.750","3.66M","-0.63%"
"05/24/2018","4.780","4.770","4.790","4.760","2.11M","0.42%"
"05/23/2018","4.760","4.790","4.790","4.750","5.33M","-0.42%"
"05/22/2018","4.780","4.790","4.800","4.770","3.87M","-0.21%"
"05/21/2018","4.790","4.810","4.830","4.770","10.89M","-0.21%"
"05/20/2018","4.800","4.810","4.820","4.790","3.84M","0.00%"
"05/17/2018","4.800","4.800","4.820","4.800","5.45M","-0.62%"
"05/16/2018","4.830","4.870","4.870","4.750","8.80M","-1.02%"
"05/15/2018","4.880","4.900","4.920","4.870","1.93M","-0.41%"
"05/14/2018","4.900","4.890","4.900","4.860","1.26M","0.00%"
"05/13/2018","4.900","4.900","4.960","4.860","1.44M","1.03%"
"05/10/2018","4.850","4.930","4.950","4.750","6.66M","-1.68%"
"05/09/2018","4.933","4.986","4.986","4.843","8.79M","-1.60%"
"05/08/2018","5.013","5.022","5.048","4.986","8.61M","-0.18%"
"05/07/2018","5.022","4.986","5.022","4.933","6.87M","1.27%"
"05/06/2018","4.959","4.852","4.977","4.852","3.29M","2.02%"
"05/03/2018","4.861","4.888","4.897","4.861","2.80M","-0.55%"
"05/02/2018","4.888","4.888","4.897","4.870","2.46M","0.00%"
"05/01/2018","4.888","4.870","4.924","4.870","1.12M","-0.18%"
"04/30/2018","4.897","4.879","4.941","4.870","4.29M","0.74%"
"04/29/2018","4.861","4.888","4.897","4.835","1.24M","0.19%"
"04/26/2018","4.852","4.790","4.870","4.790","4.01M","0.92%"
"04/25/2018","4.808","4.852","4.852","4.790","3.62M","-0.37%"
"04/24/2018","4.826","4.861","4.888","4.826","4.71M","-0.72%"
"04/23/2018","4.861","4.808","4.888","4.808","6.60M","0.54%"
"04/22/2018","4.835","4.781","4.843","4.781","2.03M","-0.17%"
"04/19/2018","4.843","4.941","4.941","4.719","12.41M","-1.98%"
"04/18/2018","4.941","5.048","5.057","4.915","7.94M","-1.77%"
"04/17/2018","5.030","4.941","5.039","4.941","2.95M","0.70%"
"04/16/2018","4.995","4.959","5.004","4.959","1.46M","-0.18%"
"04/15/2018","5.004","4.879","5.004","4.879","3.33M","2.94%"
"04/12/2018","4.861","4.843","4.870","4.808","3.51M","-0.74%"
"04/11/2018","4.897","4.897","4.941","4.861","3.97M","0.37%"
"04/10/2018","4.879","4.763","4.879","4.746","4.83M","2.44%"
"04/09/2018","4.763","4.728","4.763","4.710","3.34M","0.93%"
"04/08/2018","4.719","4.719","4.728","4.692","2.06M","0.00%"
"04/05/2018","4.719","4.737","4.737","4.692","4.38M","0.00%"
"04/04/2018","4.719","4.790","4.790","4.656","2.57M","0.00%"
"04/03/2018","4.719","4.790","4.799","4.683","1.79M","0.00%"
"04/02/2018","4.719","4.817","4.817","4.719","3.97M","-1.85%"
"04/01/2018","4.808","4.728","4.808","4.728","525.81K","1.69%"
"03/29/2018","4.728","4.754","4.763","4.719","4.32M","0.19%"
"03/28/2018","4.719","4.674","4.737","4.674","2.03M","0.96%"
"03/27/2018","4.674","4.719","4.763","4.674","3.81M","-0.76%"
"03/26/2018","4.710","4.781","4.808","4.710","11.30M","-1.30%"
"03/25/2018","4.772","4.870","4.870","4.772","4.08M","-2.01%"
"03/22/2018","4.870","4.941","4.950","4.826","3.49M","-0.55%"
"03/21/2018","4.897","4.915","4.941","4.879","2.15M","0.18%"
"03/20/2018","4.888","4.852","4.941","4.852","3.29M","0.93%"
"03/19/2018","4.843","4.968","4.968","4.817","3.39M","-2.52%"
"03/18/2018","4.968","4.986","5.013","4.897","2.24M","-0.36%"
"03/15/2018","4.986","4.888","4.986","4.808","9.88M","3.51%"
"03/14/2018","4.817","4.906","4.915","4.808","6.23M","0.00%"
"03/13/2018","4.817","4.933","4.933","4.808","5.55M","-1.45%"
"03/12/2018","4.888","4.915","4.933","4.888","4.55M","-0.73%"
"03/11/2018","4.924","4.986","4.986","4.924","2.19M","-0.71%"
"03/08/2018","4.959","4.977","4.986","4.950","4.91M","0.18%"
"03/07/2018","4.950","4.986","5.013","4.950","3.54M","-0.54%"
"03/06/2018","4.977","5.022","5.022","4.950","2.61M","-0.18%"
"03/05/2018","4.986","5.030","5.030","4.968","2.78M","-0.72%"
"03/04/2018","5.022","4.986","5.030","4.950","1.60M","0.72%"
"03/01/2018","4.986","5.066","5.066","4.986","2.57M","-7.58%"
"02/28/2018","5.395","5.431","5.431","5.369","12.87M","-0.83%"
"02/27/2018","5.440","5.476","5.476","5.422","9.16M","-0.66%"
"02/26/2018","5.476","5.493","5.493","5.449","4.41M","-0.31%"
"02/25/2018","5.493","5.493","5.511","5.458","2.38M","1.14%"
"02/22/2018","5.431","5.556","5.556","5.431","3.83M","0.00%"
"02/21/2018","5.431","5.485","5.511","5.431","7.26M","-0.98%"
"02/20/2018","5.485","5.502","5.520","5.485","2.41M","-0.47%"
"02/19/2018","5.511","5.502","5.520","5.476","3.44M","0.00%"
"02/18/2018","5.511","5.600","5.609","5.511","6.00M","-1.59%"
"02/15/2018","5.600","5.565","5.600","5.556","2.52M","0.63%"
"02/14/2018","5.565","5.547","5.565","5.538","3.24M","0.49%"
"02/13/2018","5.538","5.547","5.556","5.529","3.76M","0.16%"
"02/12/2018","5.529","5.556","5.565","5.529","2.45M","-0.49%"
"02/11/2018","5.556","5.520","5.574","5.511","9.48M","0.65%"
"02/08/2018","5.520","5.511","5.538","5.502","7.33M","0.00%"
"02/07/2018","5.520","5.493","5.520","5.476","4.25M","1.14%"
"02/06/2018","5.458","5.520","5.520","5.422","4.50M","-1.28%"
"02/05/2018","5.529","5.520","5.574","5.511","2.98M","0.16%"
"02/04/2018","5.520","5.502","5.529","5.485","4.68M","0.00%"
"02/01/2018","5.520","5.431","5.556","5.431","3.82M","1.64%"
"01/31/2018","5.431","5.529","5.529","5.431","7.25M","-2.09%"
"01/30/2018","5.547","5.707","5.707","5.547","13.87M","-4.59%"
"01/29/2018","5.814","5.769","5.814","5.769","5.45M","0.62%"
"01/28/2018","5.778","5.778","5.787","5.752","3.91M","0.00%"
"01/25/2018","5.778","5.725","5.787","5.725","2.66M","0.61%"
"01/24/2018","5.743","5.805","5.823","5.734","6.63M","-1.07%"
"01/23/2018","5.805","5.725","5.805","5.725","2.30M","0.92%"
"01/22/2018","5.752","5.796","5.796","5.698","6.00M","-1.07%"
"01/21/2018","5.814","5.814","5.832","5.778","3.32M","-0.31%"
"01/18/2018","5.832","5.841","5.841","5.778","10.65M","-0.75%"
"01/17/2018","5.876","5.858","5.903","5.823","9.91M","0.75%"
"01/16/2018","5.832","5.841","5.850","5.796","7.68M","0.00%"
"01/15/2018","5.832","5.823","5.858","5.796","4.43M","0.15%"
"01/14/2018","5.823","5.787","5.823","5.778","5.19M","0.62%"
"01/11/2018","5.787","5.778","5.787","5.716","2.10M","0.00%"
"01/10/2018","5.787","5.778","5.841","5.769","5.92M","0.16%"
"01/09/2018","5.778","5.698","5.778","5.689","7.50M","1.73%"
"01/08/2018","5.680","5.654","5.698","5.654","5.31M","0.16%"
"01/07/2018","5.671","5.636","5.671","5.600","2.65M","0.62%"
"01/04/2018","5.636","5.600","5.636","5.582","4.21M","0.64%"
"01/03/2018","5.600","5.556","5.600","5.556","5.35M","0.79%"
"01/02/2018","5.556","5.529","5.556","5.520","2.89M","0.82%"
"12/28/2017","5.511","5.502","5.529","5.493","3.30M","0.16%"
"12/27/2017","5.502","5.502","5.520","5.493","3.31M","0.31%"
"12/26/2017","5.485","5.502","5.502","5.485","1.44M","-0.47%"
"12/25/2017","5.511","5.529","5.529","5.502","889.66K","-0.16%"
"12/24/2017","5.520","5.511","5.538","5.476","3.78M","0.16%"
"12/21/2017","5.511","5.520","5.538","5.511","2.73M","0.16%"
"12/20/2017","5.502","5.529","5.556","5.502","4.24M","-0.65%"
"12/19/2017","5.538","5.529","5.556","5.449","10.51M","0.33%"
"12/18/2017","5.520","5.520","5.520","5.493","2.98M","0.16%"
"12/17/2017","5.511","5.476","5.529","5.476","2.62M","0.64%"
"12/14/2017","5.476","5.485","5.529","5.467","9.70M","0.16%"
"12/13/2017","5.467","5.431","5.485","5.431","3.15M","0.00%"
"12/12/2017","5.467","5.387","5.485","5.387","10.01M","1.65%"
"12/11/2017","5.378","5.387","5.395","5.378","1.49M","0.50%"
"12/10/2017","5.351","5.404","5.404","5.351","1.80M","0.17%"
"12/07/2017","5.342","5.413","5.413","5.342","2.54M","-1.31%"
"12/06/2017","5.413","5.378","5.413","5.342","8.91M","0.33%"
"12/05/2017","5.395","5.387","5.395","5.369","3.95M","0.15%"
"12/04/2017","5.387","5.387","5.395","5.360","6.12M","0.34%"
"11/29/2017","5.369","5.387","5.387","5.351","11.15M","-0.33%"
"11/28/2017","5.387","5.387","5.404","5.351","5.31M","-0.15%"
"11/27/2017","5.395","5.387","5.404","5.387","1.62M","0.32%"
"11/26/2017","5.378","5.404","5.422","5.378","2.83M","-0.32%"
"11/23/2017","5.395","5.360","5.404","5.360","1.61M","0.65%"
"11/22/2017","5.360","5.351","5.387","5.342","3.51M","-0.33%"
"11/21/2017","5.378","5.360","5.395","5.351","4.67M","0.34%"
"11/20/2017","5.360","5.360","5.360","5.324","3.03M","0.68%"
"11/19/2017","5.324","5.342","5.369","5.324","3.99M","-0.67%"
"11/16/2017","5.360","5.342","5.378","5.333","3.07M","0.51%"
"11/15/2017","5.333","5.351","5.360","5.333","3.10M","-0.34%"
"11/14/2017","5.351","5.342","5.404","5.342","8.26M","0.34%"
"11/13/2017","5.333","5.342","5.351","5.333","3.40M","-0.17%"
"11/12/2017","5.342","5.315","5.369","5.315","6.50M","0.17%"
"11/09/2017","5.333","5.324","5.360","5.306","5.47M","0.17%"
"11/08/2017","5.324","5.324","5.369","5.289","7.14M","-0.17%"
"11/07/2017","5.333","5.378","5.378","5.333","6.38M","-0.34%"
"11/06/2017","5.351","5.387","5.413","5.342","7.88M","-0.67%"
"11/05/2017","5.387","5.413","5.431","5.378","4.74M","-0.48%"
"11/02/2017","5.413","5.431","5.449","5.413","2.68M","-0.33%"
"11/01/2017","5.431","5.449","5.458","5.431","3.07M","-0.33%"
"10/31/2017","5.449","5.431","5.449","5.431","2.29M","0.17%"
"10/30/2017","5.440","5.422","5.440","5.413","1.91M","0.50%"
"10/29/2017","5.413","5.449","5.458","5.413","712.06K","-0.17%"
"10/26/2017","5.422","5.458","5.458","5.422","2.24M","-0.33%"
"10/25/2017","5.440","5.422","5.467","5.395","6.30M","0.33%"
"10/24/2017","5.422","5.395","5.440","5.395","4.64M","0.99%"
"10/23/2017","5.369","5.422","5.422","5.342","8.92M","-0.65%"
"10/22/2017","5.404","5.422","5.431","5.387","2.69M","-0.33%"
"10/19/2017","5.422","5.404","5.440","5.404","2.37M","0.50%"
"10/18/2017","5.395","5.387","5.422","5.387","2.71M","0.32%"
"10/17/2017","5.378","5.476","5.485","5.378","12.98M","-1.47%"
"10/16/2017","5.458","5.511","5.529","5.458","8.40M","-0.80%"
"10/15/2017","5.502","5.547","5.565","5.502","4.74M","-0.49%"
"10/12/2017","5.529","5.529","5.547","5.511","3.10M","0.00%"
"10/11/2017","5.529","5.502","5.538","5.502","8.74M","0.66%"
"10/10/2017","5.493","5.493","5.511","5.485","2.09M","0.00%"
"10/09/2017","5.493","5.485","5.502","5.485","1.80M","-0.16%"
"10/08/2017","5.502","5.449","5.502","5.449","2.40M","1.14%"
"10/05/2017","5.440","5.458","5.493","5.440","1.73M","-0.66%"
"10/04/2017","5.476","5.476","5.493","5.440","2.88M","0.16%"
"10/03/2017","5.467","5.431","5.467","5.431","560.99K","0.66%"
"10/02/2017","5.431","5.413","5.440","5.404","1.03M","0.33%"
"10/01/2017","5.413","5.395","5.422","5.395","519.94K","0.48%"
"09/28/2017","5.387","5.431","5.449","5.387","3.33M","-0.81%"
"09/27/2017","5.431","5.422","5.440","5.395","1.73M","0.17%"
"09/26/2017","5.422","5.413","5.520","5.413","3.38M","0.00%"
"09/25/2017","5.422","5.493","5.493","5.404","7.20M","-1.29%"
"09/24/2017","5.493","5.556","5.556","5.485","1.10M","-0.49%"
"09/20/2017","5.520","5.520","5.538","5.493","2.01M","-0.33%"
"09/19/2017","5.538","5.565","5.574","5.529","914.36K","-0.49%"
"09/18/2017","5.565","5.511","5.565","5.511","5.66M","0.98%"
"09/17/2017","5.511","5.511","5.556","5.476","5.94M","0.00%"
"09/14/2017","5.511","5.458","5.511","5.458","2.82M","1.14%"
"09/13/2017","5.449","5.467","5.467","5.431","1.22M","-0.33%"
"09/12/2017","5.467","5.476","5.476","5.413","2.77M","0.00%"
"09/11/2017","5.467","5.476","5.493","5.458","2.48M","-0.64%"
"09/10/2017","5.502","5.485","5.511","5.449","3.94M","0.64%"
"09/07/2017","5.467","5.467","5.520","5.449","3.94M","0.00%"
"09/06/2017","5.467","5.458","5.502","5.458","1.07M","-0.64%"
"09/05/2017","5.502","5.458","5.502","5.431","1.73M","0.97%"
"09/04/2017","5.449","5.431","5.449","5.422","2.69M","0.50%"
"08/30/2017","5.422","5.413","5.431","5.395","1.70M","0.82%"
"08/29/2017","5.378","5.431","5.431","5.378","1.03M","-0.81%"
"08/28/2017","5.422","5.369","5.422","5.342","2.57M","1.33%"
"08/27/2017","5.351","5.351","5.387","5.351","872.15K","0.00%"
"08/24/2017","5.351","5.395","5.395","5.351","1.22M","-0.34%"
"08/23/2017","5.369","5.351","5.387","5.351","1.34M","0.34%"
"08/22/2017","5.351","5.342","5.395","5.342","1.62M","0.00%"
"08/21/2017","5.351","5.360","5.387","5.351","1.88M","-0.17%"
"08/20/2017","5.360","5.333","5.387","5.333","1.23M","0.51%"
"08/17/2017","5.333","5.360","5.387","5.306","1.74M","-0.50%"
"08/16/2017","5.360","5.351","5.360","5.333","2.51M","0.00%"
"08/15/2017","5.360","5.431","5.440","5.342","1.28M","-0.17%"
"08/14/2017","5.369","5.387","5.413","5.369","1.63M","-0.81%"
"08/13/2017","5.413","5.404","5.440","5.404","407.12K","-0.66%"
"08/10/2017","5.449","5.395","5.449","5.395","887.90K","0.17%"
"08/09/2017","5.440","5.422","5.458","5.360","2.77M","0.17%"
"08/08/2017","5.431","5.458","5.476","5.431","2.01M","-0.82%"
"08/07/2017","5.476","5.485","5.485","5.458","1.24M","-0.16%"
"08/06/2017","5.485","5.493","5.520","5.467","1.99M","-0.15%"
"08/03/2017","5.493","5.413","5.493","5.387","6.99M","1.48%"
"08/02/2017","5.413","5.431","5.440","5.387","2.21M","-0.33%"
"08/01/2017","5.431","5.404","5.449","5.387","6.72M","0.33%"
"07/31/2017","5.413","5.333","5.413","5.333","7.35M","1.84%"
"07/30/2017","5.315","5.235","5.324","5.235","3.95M","0.83%"
"07/27/2017","5.271","5.262","5.271","5.217","2.53M","0.34%"
"07/26/2017","5.253","5.209","5.253","5.191","4.74M","0.84%"
"07/25/2017","5.209","5.217","5.226","5.191","1.50M","-0.33%"
"07/24/2017","5.226","5.217","5.262","5.173","2.54M","0.17%"
"07/23/2017","5.217","5.191","5.226","5.182","1.21M","0.50%"
"07/20/2017","5.191","5.217","5.217","5.173","1.86M","-0.35%"
"07/19/2017","5.209","5.226","5.280","5.191","5.44M","0.00%"
"07/18/2017","5.209","5.209","5.209","5.191","1.70M","0.00%"
"07/17/2017","5.209","5.173","5.235","5.173","5.72M","0.87%"
"07/16/2017","5.164","5.119","5.182","5.119","1.33M","0.88%"
"07/13/2017","5.119","5.111","5.164","5.102","21.77M","0.51%"
"07/12/2017","5.093","5.075","5.111","5.075","2.60M","0.35%"
"07/11/2017","5.075","5.039","5.084","5.013","6.15M","1.42%"
"07/10/2017","5.004","4.995","5.030","4.995","1.84M","0.36%"
"07/09/2017","4.986","4.977","5.030","4.977","919.78K","0.36%"
"07/06/2017","4.968","4.986","4.986","4.968","1.07M","0.00%"
"07/05/2017","4.968","4.995","5.030","4.959","3.81M","-0.36%"
"07/04/2017","4.986","5.066","5.066","4.959","6.23M","-1.58%"
"07/03/2017","5.066","5.004","5.093","5.004","3.39M","1.06%"
"07/02/2017","5.013","5.057","5.075","4.986","4.86M","-1.22%"
"06/29/2017","5.075","5.119","5.119","5.075","1.33M","0.00%"
"06/28/2017","5.075","5.128","5.146","5.075","2.55M","-1.03%"
"06/22/2017","5.128","5.111","5.164","5.093","2.69M","0.18%"
"06/21/2017","5.119","5.128","5.137","5.102","5.90M","-0.70%"
"06/20/2017","5.155","5.128","5.182","5.128","4.69M","0.17%"
"06/19/2017","5.146","5.128","5.164","5.111","2.60M","-0.17%"
"06/18/2017","5.155","5.119","5.155","5.119","468.04K","0.53%"
"06/15/2017","5.128","5.146","5.164","5.128","8.33M","-1.04%"
"06/14/2017","5.182","5.155","5.182","5.119","4.52M","0.70%"
"06/13/2017","5.146","5.155","5.164","5.146","2.56M","-0.35%"
"06/12/2017","5.164","5.119","5.164","5.111","2.46M","0.88%"
"06/11/2017","5.119","5.164","5.164","5.119","5.46M","-0.87%"
"06/08/2017","5.164","5.173","5.200","5.164","3.75M","0.00%"
"06/07/2017","5.164","5.164","5.173","5.111","4.76M","0.17%"
"06/06/2017","5.155","5.119","5.173","5.119","960.72K","0.00%"
"06/05/2017","5.155","5.164","5.164","5.084","4.99M","-0.17%"
"06/04/2017","5.164","5.191","5.191","5.137","539.19K","-0.52%"
"06/01/2017","5.191","5.137","5.191","5.137","963.02K","0.35%"
"05/31/2017","5.173","5.173","5.200","5.128","5.08M","0.00%"
"05/30/2017","5.173","5.146","5.182","5.128","729.08K","1.05%"
"05/29/2017","5.119","5.111","5.209","5.102","1.73M","0.16%"
"05/28/2017","5.111","5.128","5.164","5.102","6.90M","-1.03%"
"05/25/2017","5.164","5.182","5.200","5.137","2.96M","-0.35%"
"05/24/2017","5.182","5.173","5.226","5.173","3.37M","0.17%"
"05/23/2017","5.173","5.209","5.235","5.173","2.74M","-0.84%"
"05/22/2017","5.217","5.191","5.262","5.191","8.34M","0.50%"
"05/21/2017","5.191","5.146","5.235","5.146","3.59M","0.87%"
"05/18/2017","5.146","5.137","5.155","5.128","1.14M","0.53%"
"05/17/2017","5.119","5.119","5.155","5.119","1.23M","0.00%"
"05/16/2017","5.119","5.146","5.146","5.111","885.41K","-0.70%"
"05/15/2017","5.155","5.155","5.164","5.093","4.35M","-0.17%"
"05/14/2017","5.164","5.182","5.182","5.146","485.43K","-0.35%"
"05/11/2017","5.182","5.102","5.182","5.102","3.13M","1.57%"
"05/10/2017","5.102","5.111","5.137","5.093","4.88M","-0.33%"
"05/09/2017","5.119","5.119","5.146","5.119","2.13M","0.00%"
"05/08/2017","5.119","5.200","5.200","5.119","1.54M","0.16%"
"05/07/2017","5.111","5.119","5.164","5.111","2.39M","-0.85%"
"05/04/2017","5.155","5.173","5.182","5.111","4.31M","0.00%"
"05/03/2017","5.155","5.146","5.191","5.146","2.16M","-0.17%"
"05/02/2017","5.164","5.209","5.209","5.137","1.77M","-0.86%"
"05/01/2017","5.209","5.164","5.209","5.164","3.65M","0.87%"
"04/30/2017","5.164","5.226","5.235","5.164","3.93M","-1.19%"
"04/27/2017","5.226","5.217","5.253","5.217","2.39M","-0.34%"
"04/26/2017","5.244","5.200","5.244","5.200","2.28M","0.00%"
"04/25/2017","5.244","5.191","5.262","5.191","1.96M","1.02%"
"04/24/2017","5.191","5.226","5.253","5.191","1.56M","-0.67%"
"04/20/2017","5.226","5.235","5.253","5.217","992.15K","-0.34%"
"04/19/2017","5.244","5.235","5.289","5.226","3.11M","0.17%"
"04/18/2017","5.235","5.217","5.298","5.217","5.33M","0.50%"
"04/17/2017","5.209","5.164","5.217","5.128","4.82M","1.58%"
"04/16/2017","5.128","5.200","5.200","5.128","2.91M","-2.04%"
"04/13/2017","5.235","5.253","5.298","5.200","3.79M","-0.34%"
"04/12/2017","5.253","5.164","5.253","5.164","14.35M","1.72%"
"04/11/2017","5.164","5.164","5.182","5.137","2.07M","0.88%"
"04/10/2017","5.119","5.173","5.182","5.119","2.38M","-1.22%"
"04/09/2017","5.182","5.164","5.182","5.164","2.41M","0.17%"
"04/06/2017","5.173","5.173","5.182","5.137","3.01M","-0.35%"
"04/05/2017","5.191","5.119","5.191","5.119","7.72M","1.23%"
"04/04/2017","5.128","5.004","5.164","4.986","10.73M","1.77%"
"04/03/2017","5.039","4.959","5.039","4.959","5.51M","0.88%"
"04/02/2017","4.995","4.968","4.995","4.968","3.15M","0.18%"
"03/30/2017","4.986","4.933","4.986","4.924","5.91M","1.82%"
"03/29/2017","4.897","4.924","4.950","4.897","4.65M","-0.55%"
"03/28/2017","4.924","4.950","4.977","4.915","728.54K","-0.53%"
"03/27/2017","4.950","4.941","4.950","4.897","2.92M","0.00%"
"03/26/2017","4.950","4.897","4.986","4.897","2.83M","0.71%"
"03/23/2017","4.915","4.968","4.977","4.906","3.49M","-0.36%"
"03/22/2017","4.933","4.924","4.977","4.879","4.84M","-1.06%"
"03/21/2017","4.986","4.924","4.995","4.924","1.99M","1.26%"
"03/20/2017","4.924","4.968","4.977","4.924","2.32M","-0.18%"
"03/19/2017","4.933","4.959","5.004","4.915","2.46M","-0.70%"
"03/16/2017","4.968","4.915","5.048","4.897","17.29M","1.45%"
"03/15/2017","4.897","4.861","4.906","4.861","1.75M","0.18%"
"03/14/2017","4.888","4.915","4.924","4.861","4.39M","-0.55%"
"03/13/2017","4.915","4.888","4.915","4.808","7.87M","1.30%"
"03/12/2017","4.852","4.888","4.897","4.835","2.95M","0.19%"
"03/09/2017","4.843","4.897","4.897","4.843","1.94M","-0.92%"
"03/08/2017","4.888","4.781","4.906","4.772","5.85M","2.05%"
"03/07/2017","4.790","4.879","4.888","4.790","4.00M","-2.00%"
"03/06/2017","4.888","4.879","4.915","4.826","3.24M","0.37%"
"03/05/2017","4.870","4.977","4.977","4.861","4.85M","-2.15%"
"03/02/2017","4.977","5.084","5.084","4.959","11.72M","-9.26%"
"03/01/2017","5.485","5.556","5.556","5.485","14.97M","-1.44%"
"02/28/2017","5.565","5.556","5.591","5.547","17.69M","0.16%"
"02/27/2017","5.556","5.547","5.574","5.547","5.11M","0.00%"
"02/26/2017","5.556","5.520","5.574","5.520","11.69M","0.65%"
"02/23/2017","5.520","5.565","5.565","5.511","8.56M","-0.81%"
"02/22/2017","5.565","5.538","5.574","5.538","15.10M","0.49%"
"02/21/2017","5.538","5.538","5.547","5.511","4.93M","0.00%"
"02/20/2017","5.538","5.547","5.547","5.511","5.02M","-0.32%"
"02/19/2017","5.556","5.556","5.565","5.529","4.75M","0.00%"
"02/16/2017","5.556","5.547","5.565","5.529","5.75M","0.16%"
"02/15/2017","5.547","5.547","5.582","5.547","3.59M","0.00%"
"02/14/2017","5.547","5.565","5.574","5.520","3.24M","-0.63%"
"02/13/2017","5.582","5.511","5.582","5.511","5.79M","0.14%"
"02/12/2017","5.574","5.529","5.600","5.529","6.75M","0.98%"
"02/09/2017","5.520","5.547","5.600","5.520","12.26M","-0.49%"
"02/08/2017","5.547","5.565","5.565","5.511","4.35M","0.16%"
"02/07/2017","5.538","5.502","5.565","5.493","13.86M","0.49%"
"02/06/2017","5.511","5.467","5.520","5.467","10.03M","0.97%"
"02/05/2017","5.458","5.298","5.476","5.298","14.81M","3.90%"
"02/02/2017","5.253","5.306","5.333","5.235","6.91M","-0.85%"
"02/01/2017","5.298","5.342","5.387","5.289","9.55M","0.00%"
"01/31/2017","5.298","5.422","5.422","5.289","11.88M","-1.49%"
"01/30/2017","5.378","5.431","5.440","5.378","8.03M","-1.14%"
"01/29/2017","5.440","5.511","5.529","5.440","6.11M","-1.13%"
"01/26/2017","5.502","5.449","5.520","5.387","16.44M","0.64%"
"01/25/2017","5.467","5.449","5.547","5.449","17.11M","0.50%"
"01/24/2017","5.440","5.404","5.449","5.404","5.28M","0.67%"
"01/23/2017","5.404","5.387","5.476","5.387","14.61M","0.32%"
"01/22/2017","5.387","5.342","5.431","5.324","11.09M","1.01%"
"01/19/2017","5.333","5.298","5.387","5.298","10.66M","0.00%"
"01/18/2017","5.333","5.235","5.342","5.209","5.79M","1.35%"
"01/17/2017","5.262","5.235","5.271","5.173","8.87M","0.52%"
"01/16/2017","5.235","5.217","5.235","5.200","2.96M","0.00%"
"01/15/2017","5.235","5.253","5.262","5.217","2.12M","0.35%"
"01/12/2017","5.217","5.217","5.253","5.217","1.43M","0.00%"
"01/11/2017","5.217","5.253","5.262","5.217","5.46M","-1.19%"
"01/10/2017","5.280","5.217","5.280","5.209","3.43M","0.00%"
"01/09/2017","5.280","5.200","5.289","5.182","14.46M","1.54%"
"01/08/2017","5.200","5.084","5.200","5.084","12.37M","2.28%"
"01/05/2017","5.084","4.977","5.084","4.977","8.66M","1.23%"
"01/04/2017","5.022","5.004","5.030","4.977","3.96M","0.36%"
"01/03/2017","5.004","4.959","5.030","4.959","8.51M","1.09%"
"01/02/2017","4.950","4.950","4.968","4.915","711.28K","-0.18%"
"12/29/2016","4.959","4.924","4.959","4.915","2.62M","0.53%"
"12/28/2016","4.933","4.950","4.977","4.933","6.32M","-0.34%"
"12/27/2016","4.950","4.959","4.968","4.924","2.62M","0.00%"
"12/26/2016","4.950","4.924","4.959","4.906","3.90M","0.34%"
"12/25/2016","4.933","4.941","4.941","4.897","2.20M","-0.16%"
"12/22/2016","4.941","4.933","4.968","4.933","3.09M","0.16%"
"12/21/2016","4.933","4.915","4.986","4.915","2.81M","-0.16%"
"12/20/2016","4.941","4.924","4.950","4.906","3.90M","0.16%"
"12/19/2016","4.933","5.004","5.004","4.933","3.56M","-0.70%"
"12/18/2016","4.968","4.941","5.004","4.941","2.33M","1.26%"
"12/15/2016","4.906","4.941","4.941","4.897","3.54M","-0.71%"
"12/14/2016","4.941","5.030","5.057","4.941","5.25M","-1.94%"
"12/13/2016","5.039","5.066","5.066","4.995","4.93M","-0.53%"
"12/12/2016","5.066","5.075","5.102","5.057","15.69M","0.36%"
"12/08/2016","5.048","4.995","5.057","4.986","12.34M","1.06%"
"12/07/2016","4.995","4.897","5.004","4.861","10.36M","1.44%"
"12/06/2016","4.924","4.719","4.941","4.719","14.44M","4.34%"
"12/05/2016","4.719","4.772","4.799","4.719","3.74M","-1.85%"
"12/04/2016","4.808","4.674","4.817","4.665","18.80M","3.07%"
"11/30/2016","4.665","4.541","4.665","4.541","8.22M","2.73%"
"11/29/2016","4.541","4.576","4.576","4.541","3.93M","-0.39%"
"11/28/2016","4.559","4.559","4.603","4.541","3.65M","-0.37%"
"11/27/2016","4.576","4.594","4.621","4.567","1.51M","-0.20%"
"11/24/2016","4.585","4.630","4.648","4.532","4.12M","-0.97%"
"11/23/2016","4.630","4.541","4.656","4.523","4.68M","1.76%"
"11/22/2016","4.550","4.603","4.603","4.505","23.53M","0.00%"
"11/21/2016","4.550","4.603","4.621","4.550","5.55M","-1.34%"
"11/20/2016","4.612","4.594","4.630","4.594","1.92M","-0.19%"
"11/17/2016","4.621","4.559","4.639","4.559","4.01M","1.18%"
"11/16/2016","4.567","4.487","4.630","4.487","7.79M","2.38%"
"11/15/2016","4.461","4.487","4.505","4.461","3.80M","-0.38%"
"11/14/2016","4.478","4.505","4.550","4.470","5.85M","-0.60%"
"11/13/2016","4.505","4.496","4.541","4.496","2.18M","-0.79%"
"11/10/2016","4.541","4.585","4.630","4.541","7.38M","-0.76%"
"11/09/2016","4.576","4.496","4.576","4.470","6.15M","0.00%"
"11/08/2016","4.576","4.559","4.576","4.523","5.06M","0.77%"
"11/07/2016","4.541","4.541","4.621","4.532","4.36M","0.00%"
"11/06/2016","4.541","4.567","4.567","4.532","2.41M","-0.76%"
"11/03/2016","4.576","4.541","4.585","4.541","3.35M","0.37%"
"11/02/2016","4.559","4.594","4.603","4.541","4.83M","-1.34%"
"11/01/2016","4.621","4.648","4.665","4.621","5.43M","-0.94%"
"10/31/2016","4.665","4.683","4.692","4.648","4.69M","0.19%"
"10/30/2016","4.656","4.683","4.701","4.656","1.15M","-0.58%"
"10/27/2016","4.683","4.674","4.710","4.630","3.66M","0.58%"
"10/26/2016","4.656","4.719","4.719","4.639","3.30M","-0.96%"
"10/25/2016","4.701","4.728","4.763","4.701","4.13M","-0.38%"
"10/24/2016","4.719","4.790","4.808","4.701","6.79M","-1.48%"
"10/23/2016","4.790","4.781","4.808","4.763","2.64M","0.19%"
"10/20/2016","4.781","4.763","4.799","4.763","2.95M","0.19%"
"10/19/2016","4.772","4.763","4.772","4.719","1.60M","0.19%"
"10/18/2016","4.763","4.639","4.763","4.639","5.51M","1.90%"
"10/17/2016","4.674","4.674","4.683","4.630","5.56M","0.00%"
"10/16/2016","4.674","4.674","4.692","4.639","3.49M","-0.57%"
"10/13/2016","4.701","4.719","4.719","4.665","2.41M","-0.76%"
"10/12/2016","4.737","4.719","4.808","4.710","10.73M","0.00%"
"10/11/2016","4.737","4.701","4.737","4.701","4.66M","0.77%"
"10/10/2016","4.701","4.594","4.701","4.567","12.04M","2.13%"
"10/09/2016","4.603","4.585","4.630","4.585","2.66M","0.39%"
"10/06/2016","4.585","4.648","4.656","4.567","7.94M","-1.52%"
"10/05/2016","4.656","4.754","4.754","4.648","3.16M","-1.34%"
"10/04/2016","4.719","4.746","4.746","4.665","2.89M","0.00%"
"10/03/2016","4.719","4.781","4.781","4.701","4.75M","-2.22%"
"09/29/2016","4.826","4.790","4.826","4.772","8.13M","1.69%"
"09/28/2016","4.746","4.781","4.799","4.746","2.65M","-0.92%"
"09/27/2016","4.790","4.772","4.808","4.772","4.34M","-0.75%"
"09/26/2016","4.826","4.790","4.826","4.781","4.02M","0.37%"
"09/25/2016","4.808","4.817","4.826","4.763","2.01M","-0.37%"
"09/22/2016","4.826","4.737","4.826","4.737","4.10M","2.46%"
"09/21/2016","4.710","4.746","4.772","4.710","4.00M","-0.76%"
"09/20/2016","4.746","4.754","4.754","4.728","2.53M","-0.73%"
"09/19/2016","4.781","4.772","4.790","4.737","2.60M","0.38%"
"09/18/2016","4.763","4.772","4.781","4.737","1.69M","-0.38%"
"09/15/2016","4.781","4.746","4.781","4.719","7.60M","-0.38%"
"09/08/2016","4.799","4.808","4.826","4.763","4.82M","-0.19%"
"09/07/2016","4.808","4.843","4.861","4.799","3.53M","-0.72%"
"09/06/2016","4.843","4.843","4.852","4.808","7.17M","0.00%"
"09/05/2016","4.843","4.852","4.861","4.817","5.08M","0.00%"
"09/04/2016","4.843","4.852","4.879","4.808","1.99M","0.17%"
"09/01/2016","4.835","4.861","4.861","4.826","3.42M","-0.53%"
"08/31/2016","4.861","4.888","4.897","4.861","5.09M","-0.37%"
"08/30/2016","4.879","4.852","4.888","4.843","3.11M","0.56%"
"08/29/2016","4.852","4.826","4.852","4.808","5.07M","-0.19%"
"08/28/2016","4.861","4.897","4.897","4.861","1.76M","-0.74%"
"08/25/2016","4.897","4.852","4.897","4.826","8.25M","0.37%"
"08/24/2016","4.879","4.950","4.950","4.879","4.27M","-1.43%"
"08/23/2016","4.950","4.915","4.950","4.870","5.33M","0.71%"
"08/22/2016","4.915","4.968","4.968","4.906","3.16M","-0.71%"
"08/21/2016","4.950","5.004","5.013","4.950","4.25M","-0.72%"
"08/18/2016","4.986","4.941","4.986","4.941","4.28M","0.54%"
"08/17/2016","4.959","4.977","5.004","4.941","6.65M","-0.54%"
"08/16/2016","4.986","4.941","5.004","4.941","19.17M","1.07%"
"08/15/2016","4.933","4.870","4.959","4.870","28.04M","1.48%"
"08/14/2016","4.861","4.799","4.861","4.799","14.93M","1.67%"
"08/11/2016","4.781","4.790","4.799","4.781","2.22M","-0.38%"
"08/10/2016","4.799","4.781","4.817","4.781","4.63M","0.38%"
"08/09/2016","4.781","4.763","4.790","4.763","2.54M","0.38%"
"08/08/2016","4.763","4.808","4.808","4.763","4.21M","-0.75%"
"08/07/2016","4.799","4.754","4.799","4.737","5.15M","1.12%"
"08/04/2016","4.746","4.719","4.746","4.701","4.76M","0.96%"
"08/03/2016","4.701","4.754","4.754","4.683","5.73M","-1.30%"
"08/02/2016","4.763","4.799","4.799","4.754","5.52M","-0.94%"
"08/01/2016","4.808","4.817","4.826","4.790","3.98M","0.00%"
"07/31/2016","4.808","4.808","4.843","4.790","4.61M","-0.19%"
"07/28/2016","4.817","4.790","4.826","4.772","3.92M","0.56%"
"07/27/2016","4.790","4.852","4.888","4.790","6.70M","-0.93%"
"07/26/2016","4.835","4.843","4.861","4.808","3.97M","-0.17%"
"07/25/2016","4.843","4.835","4.879","4.826","4.80M","0.17%"
"07/24/2016","4.835","4.835","4.843","4.790","1.93M","0.00%"
"07/21/2016","4.835","4.861","4.870","4.835","4.07M","0.00%"
"07/20/2016","4.835","4.852","4.897","4.826","5.71M","-0.35%"
"07/19/2016","4.852","4.897","4.897","4.826","6.96M","-0.92%"
"07/18/2016","4.897","4.817","4.897","4.799","19.15M","1.85%"
"07/17/2016","4.808","4.843","4.852","4.799","9.54M","-0.91%"
"07/14/2016","4.852","4.861","4.933","4.781","21.75M","-1.98%"
"07/13/2016","4.950","4.808","4.968","4.790","16.82M","3.34%"
"07/12/2016","4.790","4.746","4.790","4.701","5.05M","1.31%"
"07/11/2016","4.728","4.799","4.799","4.728","4.75M","-0.38%"
"07/10/2016","4.746","4.746","4.808","4.719","3.34M","-0.36%"
"07/04/2016","4.763","4.665","4.808","4.594","16.40M","2.10%"
"07/03/2016","4.665","4.550","4.674","4.532","11.82M","2.53%"
"06/30/2016","4.550","4.478","4.559","4.478","6.93M","1.79%"
"06/29/2016","4.470","4.541","4.550","4.470","5.89M","-0.97%"
"06/28/2016","4.514","4.496","4.550","4.470","5.91M","0.80%"
"06/27/2016","4.478","4.461","4.550","4.461","5.66M","0.18%"
"06/26/2016","4.470","4.398","4.487","4.363","11.90M","-1.95%"
"06/23/2016","4.559","4.576","4.576","4.532","3.45M","-0.18%"
"06/22/2016","4.567","4.567","4.567","4.532","3.31M","0.00%"
"06/21/2016","4.567","4.514","4.567","4.478","8.25M","1.17%"
"06/20/2016","4.514","4.523","4.532","4.496","5.95M","-0.20%"
"06/19/2016","4.523","4.496","4.541","4.478","7.51M","0.80%"
"06/16/2016","4.487","4.514","4.514","4.478","7.47M","-1.19%"
"06/15/2016","4.541","4.585","4.603","4.523","8.40M","-0.39%"
"06/14/2016","4.559","4.452","4.603","4.434","19.60M","2.40%"
"06/13/2016","4.452","4.496","4.496","4.425","16.45M","-0.78%"
"06/12/2016","4.487","4.496","4.514","4.478","4.21M","-1.19%"
"06/09/2016","4.541","4.496","4.550","4.487","25.14M","1.41%"
"06/08/2016","4.478","4.416","4.478","4.398","22.19M","1.61%"
"06/07/2016","4.407","4.452","4.452","4.372","21.01M","0.00%"
"06/06/2016","4.407","4.470","4.470","4.398","5.95M","-1.78%"
"06/05/2016","4.487","4.407","4.487","4.363","7.65M","1.82%"
"06/02/2016","4.407","4.452","4.452","4.372","9.75M","-1.21%"
"06/01/2016","4.461","4.550","4.585","4.434","9.03M","-1.76%"
"05/31/2016","4.541","4.621","4.630","4.541","11.23M","-1.92%"
"05/30/2016","4.630","4.808","4.808","4.630","8.89M","-4.06%"
"05/29/2016","4.826","4.674","4.826","4.674","3.68M","2.86%"
"05/26/2016","4.692","4.674","4.701","4.665","3.61M","0.95%"
"05/25/2016","4.648","4.665","4.665","4.612","5.26M","0.87%"
"05/24/2016","4.608","4.495","4.673","4.495","11.52M","3.09%"
"05/23/2016","4.470","4.454","4.470","4.421","2.92M","1.85%"
"05/22/2016","4.389","4.389","4.405","4.365","2.07M","0.00%"
"05/19/2016","4.389","4.470","4.487","4.389","5.34M","-1.81%"
"05/18/2016","4.470","4.527","4.527","4.470","3.60M","-0.73%"
"05/17/2016","4.503","4.568","4.568","4.503","3.35M","-0.88%"
"05/16/2016","4.543","4.560","4.560","4.535","5.35M","-0.37%"
"05/15/2016","4.560","4.617","4.617","4.560","1.71M","-0.70%"
"05/12/2016","4.592","4.608","4.617","4.560","2.98M","0.00%"
"05/11/2016","4.592","4.576","4.633","4.560","3.10M","0.70%"
"05/10/2016","4.560","4.576","4.608","4.552","2.52M","-0.70%"
"05/09/2016","4.592","4.625","4.633","4.568","3.43M","0.35%"
"05/08/2016","4.576","4.592","4.641","4.568","2.44M","0.35%"
"05/04/2016","4.560","4.552","4.560","4.470","3.39M","0.18%"
"05/03/2016","4.552","4.568","4.649","4.511","5.07M","0.00%"
"05/02/2016","4.552","4.714","4.738","4.543","8.73M","-3.60%"
"05/01/2016","4.722","4.730","4.747","4.698","3.57M","-0.86%"
"04/28/2016","4.763","4.755","4.779","4.698","15.98M","-2.00%"
"04/27/2016","4.860","5.064","5.129","4.803","22.96M","-3.55%"
"04/26/2016","5.039","5.039","5.064","5.015","5.31M","0.48%"
"04/25/2016","5.015","4.999","5.023","4.990","2.45M","-0.48%"
"04/24/2016","5.039","5.023","5.064","5.007","4.73M","0.80%"
"04/21/2016","4.999","4.966","5.007","4.966","1.96M","1.32%"
"04/20/2016","4.934","4.966","4.974","4.934","3.30M","-0.64%"
"04/19/2016","4.966","4.958","5.015","4.958","3.48M","0.16%"
"04/18/2016","4.958","4.925","4.966","4.869","6.04M","-0.32%"
"04/17/2016","4.974","4.999","5.039","4.974","2.47M","-1.13%"
"04/14/2016","5.031","4.958","5.039","4.958","11.13M","2.15%"
"04/13/2016","4.925","4.990","4.999","4.917","3.79M","-0.99%"
"04/12/2016","4.974","4.917","4.982","4.917","5.18M","1.16%"
"04/11/2016","4.917","4.950","4.974","4.917","4.53M","-0.83%"
"04/10/2016","4.958","4.901","4.974","4.901","11.00M","1.66%"
"04/07/2016","4.877","4.803","4.877","4.803","4.97M","2.22%"
"04/06/2016","4.771","4.771","4.836","4.771","2.82M","0.00%"
"04/05/2016","4.771","4.820","4.828","4.747","2.46M","-1.34%"
"04/04/2016","4.836","4.730","4.836","4.730","2.10M","1.70%"
"04/03/2016","4.755","4.787","4.787","4.714","1.62M","-1.35%"
"03/31/2016","4.820","4.738","4.820","4.698","5.83M","1.54%"
"03/30/2016","4.747","4.592","4.755","4.592","8.63M","3.38%"
"03/29/2016","4.592","4.608","4.633","4.552","2.81M","0.00%"
"03/28/2016","4.592","4.633","4.633","4.535","3.06M","-0.54%"
"03/27/2016","4.617","4.608","4.633","4.584","1.81M","-0.86%"
"03/24/2016","4.657","4.698","4.706","4.608","3.42M","-0.87%"
"03/23/2016","4.698","4.706","4.706","4.608","6.70M","-0.17%"
"03/22/2016","4.706","4.706","4.755","4.633","3.22M","0.00%"
"03/21/2016","4.706","4.747","4.795","4.690","5.78M","-0.86%"
"03/20/2016","4.747","4.820","4.836","4.738","3.70M","-0.67%"
"03/17/2016","4.779","4.755","4.803","4.690","13.68M","2.27%"
"03/16/2016","4.673","4.698","4.698","4.592","8.08M","-0.53%"
"03/15/2016","4.698","4.698","4.730","4.649","6.73M","0.34%"
"03/14/2016","4.682","4.795","4.795","4.682","8.10M","-2.19%"
"03/13/2016","4.787","4.934","4.950","4.787","8.03M","-2.64%"
"03/10/2016","4.917","4.877","4.974","4.877","10.69M","-6.65%"
"03/09/2016","5.267","5.283","5.307","5.202","14.18M","-0.30%"
"03/08/2016","5.283","5.226","5.283","5.210","7.97M","1.25%"
"03/07/2016","5.218","5.202","5.291","5.129","15.61M","0.79%"
"03/06/2016","5.177","5.161","5.242","5.104","24.13M","1.43%"
"03/03/2016","5.104","5.129","5.137","5.031","12.93M","-0.49%"
"03/02/2016","5.129","5.202","5.218","5.047","9.28M","0.00%"
"03/01/2016","5.129","5.185","5.210","5.129","11.71M","-1.25%"
"02/29/2016","5.194","5.120","5.194","5.080","8.21M","1.45%"
"02/28/2016","5.120","5.120","5.120","5.080","3.48M","0.95%"
"02/25/2016","5.072","5.072","5.096","5.031","5.21M","0.98%"
"02/24/2016","5.023","5.120","5.120","4.990","10.92M","-2.37%"
"02/23/2016","5.145","5.064","5.153","5.023","12.13M","1.44%"
"02/22/2016","5.072","4.917","5.072","4.901","16.66M","3.66%"
"02/21/2016","4.893","4.893","4.893","4.860","3.36M","0.00%"
"02/18/2016","4.893","4.844","4.909","4.844","9.88M","1.68%"
"02/17/2016","4.812","4.755","4.812","4.738","3.82M","1.03%"
"02/16/2016","4.763","4.738","4.795","4.714","7.84M","1.56%"
"02/15/2016","4.690","4.698","4.755","4.673","2.08M","-0.51%"
"02/14/2016","4.714","4.747","4.763","4.698","2.08M","0.88%"
"02/11/2016","4.673","4.803","4.803","4.633","6.09M","-1.72%"
"02/10/2016","4.755","4.714","4.779","4.714","6.27M","-0.67%"
"02/09/2016","4.787","4.771","4.836","4.747","7.71M","-1.50%"
"02/08/2016","4.860","4.820","4.893","4.795","6.30M","2.04%"
"02/07/2016","4.763","4.836","4.852","4.763","3.38M","-1.51%"
"02/04/2016","4.836","4.836","4.909","4.812","6.91M","1.70%"
"02/03/2016","4.755","4.714","4.755","4.673","6.68M","-0.34%"
"02/02/2016","4.771","4.795","4.860","4.771","7.14M","-1.83%"
"02/01/2016","4.860","4.909","4.917","4.828","9.99M","-1.00%"
"01/31/2016","4.909","4.779","4.950","4.779","14.95M","5.59%"
"01/28/2016","4.649","4.584","4.649","4.503","12.72M","3.43%"
"01/27/2016","4.495","4.308","4.592","4.308","13.32M","5.34%"
"01/26/2016","4.267","4.048","4.267","4.015","4.90M","1.94%"
"01/25/2016","4.186","4.300","4.308","4.153","4.62M","-2.08%"
"01/24/2016","4.275","4.348","4.348","4.243","5.43M","5.19%"
"01/21/2016","4.064","4.064","4.096","4.015","7.09M","0.00%"
"01/20/2016","4.064","4.186","4.186","4.031","10.71M","-5.49%"
"01/19/2016","4.300","4.226","4.340","4.226","7.64M","2.72%"
"01/18/2016","4.186","4.210","4.308","4.170","3.77M","-0.95%"
"01/17/2016","4.226","4.226","4.243","4.064","7.01M","-4.24%"
"01/14/2016","4.413","4.527","4.527","4.389","6.43M","-2.86%"
"01/13/2016","4.543","4.560","4.641","4.527","4.58M","0.18%"
"01/12/2016","4.535","4.568","4.592","4.462","5.03M","-1.24%"
"01/11/2016","4.592","4.673","4.673","4.568","7.20M","-1.73%"
"01/10/2016","4.673","4.673","4.714","4.641","1.22M","0.86%"
"01/07/2016","4.633","4.812","4.812","4.633","8.21M","-5.00%"
"01/06/2016","4.877","4.844","4.909","4.836","2.20M","1.01%"
"01/05/2016","4.828","4.812","4.860","4.795","2.99M","-0.66%"
"01/04/2016","4.860","4.909","4.917","4.860","3.33M","-1.50%"
"01/03/2016","4.934","4.909","4.958","4.909","1.01M","-1.77%"
"12/31/2015","5.023","4.950","5.023","4.934","2.54M","1.47%"
"12/30/2015","4.950","4.958","4.982","4.917","1.73M","0.16%"
"12/29/2015","4.942","4.942","4.942","4.877","3.95M","-0.16%"
"12/28/2015","4.950","4.958","4.966","4.942","2.73M","-0.32%"
"12/27/2015","4.966","4.901","5.031","4.901","5.64M","1.33%"
"12/23/2015","4.901","4.917","4.917","4.844","1.54M","0.49%"
"12/22/2015","4.877","4.877","4.958","4.860","4.39M","-1.63%"
"12/21/2015","4.958","4.657","4.958","4.657","3.13M","5.35%"
"12/20/2015","4.706","4.641","4.714","4.592","2.09M","-1.20%"
"12/17/2015","4.763","4.584","4.763","4.576","6.35M","4.64%"
"12/16/2015","4.552","4.478","4.560","4.478","4.73M","1.83%"
"12/15/2015","4.470","4.470","4.535","4.438","5.49M","0.18%"
"12/14/2015","4.462","4.389","4.503","4.381","4.34M","1.29%"
"12/13/2015","4.405","4.421","4.470","4.308","7.68M","-3.04%"
"12/10/2015","4.543","4.673","4.698","4.430","6.27M","-1.94%"
"12/09/2015","4.633","4.714","4.730","4.633","4.96M","-0.69%"
"12/08/2015","4.665","4.771","4.771","4.641","6.21M","-2.71%"
"12/07/2015","4.795","4.966","4.982","4.787","9.85M","-3.44%"
"12/06/2015","4.966","5.112","5.112","4.942","4.90M","-4.54%"
"11/30/2015","5.202","4.999","5.202","4.860","6.80M","3.56%"
"11/29/2015","5.023","5.007","5.064","5.007","523.60K","-1.28%"
"11/26/2015","5.088","4.982","5.088","4.982","1.40M","0.97%"
"11/25/2015","5.039","4.974","5.039","4.950","2.32M","1.31%"
"11/24/2015","4.974","4.999","5.039","4.942","3.25M","-0.50%"
"11/23/2015","4.999","5.023","5.055","4.999","2.60M","-0.79%"
"11/22/2015","5.039","5.080","5.088","5.023","1.82M","-0.81%"
"11/19/2015","5.080","4.877","5.080","4.860","5.99M","4.70%"
"11/18/2015","4.852","4.877","4.877","4.795","1.61M","-0.68%"
"11/17/2015","4.885","4.812","4.901","4.812","5.27M","1.88%"
"11/16/2015","4.795","4.763","4.820","4.763","5.38M","0.84%"
"11/15/2015","4.755","4.836","4.836","4.738","8.89M","-2.82%"
"11/12/2015","4.893","4.958","4.958","4.877","3.90M","-1.63%"
"11/11/2015","4.974","4.958","5.023","4.877","9.38M","0.32%"
"11/10/2015","4.958","5.023","5.023","4.909","3.54M","-1.14%"
"11/09/2015","5.015","4.982","5.031","4.925","4.32M","0.99%"
"11/08/2015","4.966","5.104","5.104","4.966","3.50M","-2.70%"
"11/05/2015","5.104","5.096","5.120","5.039","2.08M","1.61%"
"11/04/2015","5.023","5.251","5.267","4.999","4.86M","-4.18%"
"11/03/2015","5.242","5.194","5.251","5.153","5.11M","1.10%"
"11/02/2015","5.185","5.120","5.185","5.088","5.71M","0.78%"
"11/01/2015","5.145","5.299","5.316","5.088","4.92M","-2.17%"
"10/29/2015","5.259","5.242","5.316","5.242","7.48M","0.94%"
"10/28/2015","5.210","5.340","5.405","5.210","15.58M","-1.08%"
"10/27/2015","5.267","5.226","5.283","5.210","4.34M","-0.45%"
"10/26/2015","5.291","5.372","5.372","5.242","8.03M","-1.51%"
"10/25/2015","5.372","5.478","5.527","5.372","3.33M","-0.76%"
"10/22/2015","5.413","5.511","5.511","5.405","8.16M","-1.78%"
"10/21/2015","5.511","5.559","5.584","5.494","3.44M","-0.86%"
"10/20/2015","5.559","5.600","5.600","5.535","2.86M","-0.73%"
"10/19/2015","5.600","5.543","5.608","5.535","3.97M","1.03%"
"10/18/2015","5.543","5.486","5.543","5.486","1.88M","0.75%"
"10/14/2015","5.502","5.519","5.559","5.486","1.09M","0.29%"
"10/13/2015","5.486","5.592","5.592","5.486","6.46M","-1.90%"
"10/12/2015","5.592","5.633","5.657","5.567","2.03M","-0.43%"
"10/11/2015","5.616","5.567","5.624","5.567","1.69M","0.88%"
"10/08/2015","5.567","5.567","5.584","5.543","1.33M","-0.16%"
"10/07/2015","5.576","5.567","5.600","5.551","8.20M","0.60%"
"10/06/2015","5.543","5.559","5.576","5.527","3.16M","-0.14%"
"10/05/2015","5.551","5.535","5.559","5.519","4.66M","1.18%"
"10/04/2015","5.486","5.502","5.543","5.486","3.39M","0.00%"
"10/01/2015","5.486","5.527","5.535","5.478","2.83M","0.73%"
"09/30/2015","5.446","5.454","5.494","5.437","7.18M","0.00%"
"09/29/2015","5.446","5.519","5.519","5.429","9.12M","-1.61%"
"09/28/2015","5.535","5.633","5.633","5.535","3.41M","-0.74%"
"09/27/2015","5.576","5.592","5.641","5.567","853.31K","-0.43%"
"09/22/2015","5.600","5.633","5.665","5.535","4.10M","-0.87%"
"09/21/2015","5.649","5.567","5.649","5.567","1.91M","0.73%"
"09/20/2015","5.608","5.608","5.649","5.567","2.45M","-0.73%"
"09/17/2015","5.649","5.576","5.665","5.559","8.34M","1.77%"
"09/16/2015","5.551","5.446","5.567","5.446","2.24M","1.33%"
"09/15/2015","5.478","5.372","5.478","5.372","3.16M","1.20%"
"09/14/2015","5.413","5.454","5.454","5.364","2.96M","-0.75%"
"09/13/2015","5.454","5.494","5.519","5.446","978.09K","-0.73%"
"09/10/2015","5.494","5.446","5.527","5.405","1.63M","-0.15%"
"09/09/2015","5.502","5.486","5.559","5.462","6.95M","1.95%"
"09/08/2015","5.397","5.332","5.429","5.316","1.27M","0.62%"
"09/07/2015","5.364","5.340","5.446","5.340","2.36M","0.00%"
"09/06/2015","5.364","5.307","5.389","5.307","1.85M","-0.76%"
"09/03/2015","5.405","5.446","5.502","5.405","4.34M","0.61%"
"09/02/2015","5.372","5.454","5.584","5.364","8.45M","-3.66%"
"09/01/2015","5.576","5.689","5.706","5.576","3.22M","-1.99%"
"08/31/2015","5.689","5.633","5.689","5.567","7.15M","0.57%"
"08/30/2015","5.657","5.738","5.852","5.649","8.82M","0.87%"
"08/27/2015","5.608","5.974","5.974","5.567","13.46M","3.60%"
"08/26/2015","5.413","5.372","5.413","5.316","4.68M","0.91%"
"08/25/2015","5.364","5.251","5.405","5.251","12.14M","2.64%"
"08/24/2015","5.226","4.844","5.429","4.844","13.65M","-2.43%"
"08/23/2015","5.356","5.527","5.551","5.259","20.43M","-5.59%"
"08/20/2015","5.673","5.811","5.811","5.624","7.51M","-3.06%"
"08/19/2015","5.852","5.819","5.974","5.763","6.24M","-0.70%"
"08/18/2015","5.893","5.966","6.031","5.860","5.59M","-0.94%"
"08/17/2015","5.949","5.852","6.047","5.811","7.65M","1.10%"
"08/16/2015","5.884","5.933","5.958","5.860","5.17M","-1.37%"
"08/13/2015","5.966","6.047","6.096","5.966","9.05M","-2.00%"
"08/12/2015","6.088","6.104","6.104","5.998","6.20M","-0.78%"
"08/11/2015","6.136","6.128","6.185","6.128","3.85M","1.07%"
"08/10/2015","6.071","6.201","6.201","6.071","2.50M","-1.72%"
"08/09/2015","6.177","6.226","6.226","6.145","1.65M","-0.91%"
"08/06/2015","6.234","6.185","6.234","6.153","2.90M","0.26%"
"08/05/2015","6.218","6.185","6.218","6.104","3.38M","0.40%"
"08/04/2015","6.193","6.169","6.193","6.136","6.16M","-0.13%"
"08/03/2015","6.201","6.063","6.210","6.006","7.21M","2.28%"
"08/02/2015","6.063","6.112","6.201","6.047","8.75M","-0.54%"
"07/30/2015","6.096","5.917","6.136","5.917","11.51M","2.75%"
"07/29/2015","5.933","5.860","5.982","5.860","13.55M","2.10%"
"07/28/2015","5.811","5.819","5.901","5.811","5.75M","-1.79%"
"07/27/2015","5.917","5.884","5.933","5.868","2.59M","0.84%"
"07/26/2015","5.868","5.917","5.974","5.868","3.02M","-1.64%"
"07/23/2015","5.966","5.917","5.974","5.868","5.22M","0.69%"
"07/22/2015","5.925","5.811","5.933","5.795","5.92M","1.96%"
"07/21/2015","5.811","5.852","5.917","5.795","5.43M","-0.43%"
"07/20/2015","5.836","5.689","5.852","5.689","10.45M","2.28%"
"07/15/2015","5.706","5.633","5.706","5.624","10.55M","2.04%"
"07/14/2015","5.592","5.608","5.665","5.592","2.65M","-0.29%"
"07/13/2015","5.608","5.567","5.633","5.527","3.78M","1.47%"
"07/12/2015","5.527","5.624","5.641","5.527","2.69M","0.29%"
"07/09/2015","5.511","5.543","5.543","5.478","2.02M","-1.01%"
"07/08/2015","5.567","5.559","5.567","5.486","6.24M","0.72%"
"07/07/2015","5.527","5.527","5.559","5.511","3.95M","-0.29%"
"07/06/2015","5.543","5.486","5.576","5.478","2.26M","-0.14%"
"07/05/2015","5.551","5.535","5.584","5.527","722.86K","-0.59%"
"07/02/2015","5.584","5.535","5.584","5.519","2.03M","0.45%"
"07/01/2015","5.559","5.559","5.584","5.527","3.36M","0.00%"
"06/30/2015","5.559","5.470","5.559","5.454","8.61M","2.07%"
"06/29/2015","5.446","5.486","5.486","5.421","7.02M","-0.87%"
"06/28/2015","5.494","5.567","5.567","5.470","4.09M","-1.47%"
"06/25/2015","5.576","5.592","5.608","5.567","2.04M","-0.29%"
"06/24/2015","5.592","5.592","5.592","5.543","2.39M","0.59%"
"06/23/2015","5.559","5.608","5.616","5.559","5.98M","0.00%"
"06/22/2015","5.559","5.527","5.608","5.494","9.90M","0.43%"
"06/21/2015","5.535","5.527","5.535","5.470","2.82M","1.19%"
"06/18/2015","5.470","5.511","5.527","5.470","2.68M","-1.03%"
"06/17/2015","5.527","5.535","5.543","5.494","2.79M","0.75%"
"06/16/2015","5.486","5.543","5.551","5.462","2.10M","-1.03%"
"06/15/2015","5.543","5.494","5.543","5.470","3.66M","1.04%"
"06/14/2015","5.486","5.502","5.535","5.454","1.59M","0.90%"
"06/11/2015","5.437","5.559","5.616","5.437","7.75M","-2.19%"
"06/10/2015","5.559","5.584","5.641","5.519","12.75M","0.72%"
"06/09/2015","5.519","5.446","5.535","5.421","12.97M","1.04%"
"06/08/2015","5.462","5.470","5.478","5.413","2.15M","0.46%"
"06/07/2015","5.437","5.446","5.462","5.421","3.48M","-0.17%"
"06/04/2015","5.446","5.454","5.486","5.446","3.36M","0.17%"
"06/03/2015","5.437","5.494","5.551","5.429","8.28M","-0.89%"
"06/02/2015","5.486","5.446","5.502","5.413","4.04M","0.73%"
"06/01/2015","5.446","5.421","5.478","5.421","2.80M","0.76%"
"05/31/2015","5.405","5.519","5.551","5.405","9.11M","-2.07%"
"05/28/2015","5.519","5.535","5.616","5.502","11.92M","-0.86%"
"05/27/2015","5.567","5.584","5.584","5.535","4.45M","-0.45%"
"05/26/2015","5.592","5.616","5.616","5.584","1.26M","-0.29%"
"05/25/2015","5.608","5.624","5.641","5.600","1.79M","0.14%"
"05/24/2015","5.600","5.689","5.714","5.592","2.74M","-1.43%"
"05/21/2015","5.681","5.657","5.706","5.649","3.53M","0.57%"
"05/20/2015","5.649","5.649","5.771","5.616","18.12M","0.59%"
"05/19/2015","5.616","5.576","5.673","5.576","8.54M","0.72%"
"05/18/2015","5.576","5.576","5.600","5.502","3.46M","-0.29%"
"05/17/2015","5.592","5.535","5.616","5.478","5.58M","1.03%"
"05/14/2015","5.535","5.486","5.551","5.486","4.99M","1.49%"
"05/13/2015","5.454","5.429","5.519","5.429","3.81M","-0.15%"
"05/12/2015","5.462","5.437","5.486","5.405","2.67M","0.15%"
"05/11/2015","5.454","5.519","5.535","5.446","2.41M","-1.03%"
"05/10/2015","5.511","5.454","5.535","5.454","3.16M","1.36%"
"05/07/2015","5.437","5.494","5.511","5.437","9.22M","-0.31%"
"05/06/2015","5.454","5.486","5.527","5.405","6.45M","-0.58%"
"05/05/2015","5.486","5.527","5.543","5.462","1.31M","-0.89%"
"05/04/2015","5.535","5.551","5.608","5.413","13.03M","-0.88%"
"05/03/2015","5.584","5.689","5.706","5.567","5.14M","-1.29%"
"04/30/2015","5.657","5.673","5.771","5.657","22.98M","0.28%"
"04/29/2015","5.641","5.649","5.706","5.616","14.07M","0.45%"
"04/28/2015","5.616","5.624","5.624","5.543","1.74M","-0.14%"
"04/27/2015","5.624","5.649","5.681","5.576","3.00M","0.00%"
"04/26/2015","5.624","5.551","5.624","5.551","4.14M","0.86%"
"04/23/2015","5.576","5.576","5.657","5.576","5.45M","-1.57%"
"04/22/2015","5.665","5.657","5.698","5.584","9.32M","-0.28%"
"04/21/2015","5.681","5.641","5.714","5.584","17.45M","1.30%"
"04/20/2015","5.608","5.559","5.624","5.543","3.74M","0.88%"
"04/19/2015","5.559","5.592","5.657","5.535","10.21M","-1.59%"
"04/16/2015","5.649","5.551","5.673","5.543","29.89M","2.97%"
"04/15/2015","5.486","5.267","5.486","5.267","25.85M","5.30%"
"04/14/2015","5.210","5.194","5.259","5.194","4.68M","-0.61%"
"04/13/2015","5.242","5.242","5.267","5.169","4.35M","0.00%"
"04/12/2015","5.242","5.202","5.259","5.161","5.51M","1.57%"
"04/09/2015","5.161","5.242","5.251","5.096","9.13M","-2.01%"
"04/08/2015","5.267","5.356","5.364","5.267","4.98M","-1.37%"
"04/07/2015","5.340","5.283","5.364","5.242","12.38M","2.03%"
"04/06/2015","5.234","5.120","5.283","5.112","15.04M","1.10%"
"04/05/2015","5.177","5.096","5.202","5.096","4.20M","1.27%"
"04/02/2015","5.112","5.064","5.202","5.064","9.24M","0.95%"
"04/01/2015","5.064","5.031","5.072","4.942","5.33M","0.50%"
"03/31/2015","5.039","4.909","5.039","4.869","14.43M","2.65%"
"03/30/2015","4.909","4.787","4.917","4.787","4.71M","2.02%"
"03/29/2015","4.812","4.852","4.869","4.722","3.32M","-0.50%"
"03/26/2015","4.836","4.633","4.844","4.487","17.17M","0.86%"
"03/25/2015","4.795","4.925","4.925","4.649","7.39M","-2.97%"
"03/24/2015","4.942","4.844","4.958","4.844","6.59M","2.02%"
"03/23/2015","4.844","4.633","4.860","4.576","9.62M","4.02%"
"03/22/2015","4.657","4.633","4.657","4.576","3.31M","1.95%"
"03/19/2015","4.568","4.633","4.673","4.543","20.58M","2.01%"
"03/18/2015","4.478","4.673","4.747","4.446","11.96M","-5.01%"
"03/17/2015","4.714","4.649","4.779","4.617","5.22M","0.34%"
"03/16/2015","4.698","4.795","4.795","4.470","10.27M","-2.19%"
"03/15/2015","4.803","4.982","4.982","4.803","11.60M","-4.23%"
"03/12/2015","5.015","5.039","5.096","4.974","4.50M","-0.63%"
"03/11/2015","5.047","5.145","5.169","5.039","5.32M","-2.66%"
"03/10/2015","5.185","5.185","5.210","5.120","7.14M","-5.92%"
"03/09/2015","5.511","5.478","5.559","5.478","16.71M","0.75%"
"03/08/2015","5.470","5.494","5.502","5.405","5.54M","-0.15%"
"03/05/2015","5.478","5.381","5.494","5.372","10.50M","1.80%"
"03/04/2015","5.381","5.429","5.429","5.381","5.45M","-0.44%"
"03/03/2015","5.405","5.437","5.454","5.381","5.84M","-0.59%"
"03/02/2015","5.437","5.486","5.502","5.364","9.83M","-0.31%"
"03/01/2015","5.454","5.454","5.519","5.446","3.31M","0.15%"
"02/26/2015","5.446","5.478","5.478","5.421","8.00M","-0.29%"
"02/25/2015","5.462","5.454","5.470","5.421","10.78M","0.29%"
"02/24/2015","5.446","5.462","5.478","5.421","10.15M","-0.29%"
"02/23/2015","5.462","5.470","5.478","5.421","6.19M","-0.44%"
"02/22/2015","5.486","5.543","5.543","5.454","7.49M","-1.03%"
"02/19/2015","5.543","5.502","5.543","5.446","5.44M","0.29%"
"02/18/2015","5.527","5.535","5.567","5.494","4.50M","-0.14%"
"02/17/2015","5.535","5.511","5.543","5.470","7.11M","0.44%"
"02/16/2015","5.511","5.657","5.657","5.486","15.42M","-2.01%"
"02/15/2015","5.624","5.689","5.689","5.608","12.76M","0.29%"
"02/12/2015","5.608","5.584","5.624","5.584","3.38M","-0.59%"
"02/11/2015","5.641","5.600","5.665","5.584","4.30M","0.45%"
"02/10/2015","5.616","5.681","5.681","5.600","5.07M","-1.14%"
"02/09/2015","5.681","5.567","5.689","5.567","7.15M","1.74%"
"02/08/2015","5.584","5.689","5.689","5.584","4.79M","0.00%"
"02/05/2015","5.584","5.486","5.608","5.454","6.32M","1.32%"
"02/04/2015","5.511","5.657","5.706","5.502","15.51M","-1.73%"
"02/03/2015","5.608","5.576","5.641","5.543","8.33M","2.22%"
"02/02/2015","5.486","5.519","5.559","5.454","5.62M","-0.60%"
"02/01/2015","5.519","5.429","5.535","5.405","11.12M","4.15%"
"01/29/2015","5.299","5.413","5.429","5.259","12.06M","-2.54%"
"01/28/2015","5.437","5.405","5.511","5.332","8.46M","0.59%"
"01/27/2015","5.405","5.429","5.446","5.291","20.34M","0.76%"
"01/26/2015","5.364","5.689","5.706","5.348","27.48M","-5.71%"
"01/25/2015","5.689","5.730","5.852","5.592","23.35M","0.85%"
"01/22/2015","5.641","5.543","5.714","5.543","12.93M","1.77%"
"01/21/2015","5.543","5.543","5.600","5.486","6.27M","0.29%"
"01/20/2015","5.527","5.567","5.633","5.486","9.73M","-0.72%"
"01/19/2015","5.567","5.478","5.649","5.454","14.53M","2.22%"
"01/18/2015","5.446","5.478","5.502","5.421","7.06M","1.38%"
"01/15/2015","5.372","5.356","5.502","5.356","20.95M","1.22%"
"01/14/2015","5.307","5.340","5.389","5.242","12.58M","-0.17%"
"01/13/2015","5.316","5.120","5.324","5.039","19.23M","0.93%"
"01/12/2015","5.267","5.324","5.429","5.259","10.47M","-1.66%"
"01/11/2015","5.356","5.120","5.413","5.120","8.45M","2.33%"
"01/08/2015","5.234","5.210","5.389","5.210","16.74M","2.23%"
"01/07/2015","5.120","4.950","5.153","4.877","12.31M","2.26%"
"01/06/2015","5.007","4.714","5.007","4.714","19.05M","-3.60%"
"01/05/2015","5.194","5.429","5.429","5.161","9.26M","-5.05%"
"01/04/2015","5.470","5.608","5.665","5.462","2.58M","-2.46%"
"12/31/2014","5.608","5.470","5.624","5.405","6.18M","2.52%"
"12/30/2014","5.470","5.706","5.706","5.283","12.07M","-5.61%"
"12/29/2014","5.795","5.884","5.893","5.746","9.11M","-1.11%"
"12/28/2014","5.860","5.649","5.925","5.608","20.45M","3.74%"
"12/25/2014","5.649","5.486","5.649","5.397","6.49M","2.21%"
"12/24/2014","5.527","5.421","5.527","5.324","8.56M","4.62%"
"12/23/2014","5.283","5.405","5.446","5.283","8.56M","-3.28%"
"12/22/2014","5.462","5.405","5.519","5.283","11.30M","-0.29%"
"12/21/2014","5.478","5.226","5.502","5.120","34.75M","13.84%"
"12/18/2014","4.812","4.535","4.812","4.470","51.13M","14.95%"
"12/17/2014","4.186","4.145","4.283","3.942","26.45M","2.00%"
"12/16/2014","4.104","4.389","4.389","4.096","38.12M","-9.84%"
"12/15/2014","4.552","4.470","4.787","4.470","16.24M","2.02%"
"12/14/2014","4.462","4.568","4.649","4.462","34.77M","-9.86%"
"12/11/2014","4.950","4.966","5.283","4.917","16.11M","-9.11%"
"12/10/2014","5.446","5.478","5.527","5.324","9.20M","1.21%"
"12/09/2014","5.381","5.567","5.608","5.202","21.27M","-5.41%"
"12/08/2014","5.689","5.730","5.803","5.608","6.82M","-1.83%"
"12/07/2014","5.795","5.714","5.828","5.689","4.40M","0.42%"
"12/04/2014","5.771","5.624","5.868","5.616","19.08M","2.91%"
"12/01/2014","5.608","5.608","5.681","5.559","15.36M","-2.13%"
"11/30/2014","5.730","5.974","6.006","5.527","16.74M","-6.62%"
"11/27/2014","6.136","6.080","6.177","5.974","6.40M","0.66%"
"11/26/2014","6.096","6.218","6.218","6.055","13.37M","-1.57%"
"11/25/2014","6.193","6.364","6.421","6.193","41.69M","-2.06%"
"11/24/2014","6.323","6.315","6.323","6.258","5.94M","0.25%"
"11/23/2014","6.307","6.283","6.307","6.258","7.15M","1.56%"
"11/20/2014","6.210","6.177","6.218","6.136","4.22M","0.53%"
"11/19/2014","6.177","6.250","6.291","6.177","7.11M","-0.66%"
"11/18/2014","6.218","6.226","6.315","6.177","9.78M","0.53%"
"11/17/2014","6.185","6.307","6.323","6.177","7.90M","-1.81%"
"11/16/2014","6.299","6.218","6.429","6.201","12.15M","1.43%"
"11/13/2014","6.210","6.177","6.218","6.120","7.86M","0.53%"
"11/12/2014","6.177","6.201","6.210","6.145","4.58M","0.00%"
"11/11/2014","6.177","6.185","6.201","6.112","6.63M","0.00%"
"11/10/2014","6.177","6.177","6.201","6.153","13.13M","1.33%"
"11/09/2014","6.096","6.104","6.177","6.071","7.46M","0.26%"
"11/06/2014","6.080","5.998","6.112","5.998","9.66M","1.64%"
"11/05/2014","5.982","6.120","6.177","5.974","7.27M","-3.16%"
"11/04/2014","6.177","6.177","6.185","6.096","6.02M","0.26%"
"11/03/2014","6.161","6.210","6.210","6.136","7.22M","-0.39%"
"11/02/2014","6.185","6.234","6.258","6.177","4.72M","0.65%"
"10/30/2014","6.145","6.128","6.201","6.096","5.56M","-1.17%"
"10/29/2014","6.218","6.185","6.234","6.177","9.36M","1.19%"
"10/28/2014","6.145","6.128","6.169","6.055","6.47M","0.15%"
"10/27/2014","6.136","6.161","6.218","6.136","9.37M","-0.41%"
"10/26/2014","6.161","6.169","6.210","6.145","13.54M","0.67%"
"10/23/2014","6.120","6.047","6.120","5.966","11.93M","0.53%"
"10/22/2014","6.088","5.917","6.128","5.917","20.61M","3.31%"
"10/21/2014","5.893","5.746","5.893","5.616","19.76M","3.59%"
"10/20/2014","5.689","5.852","5.925","5.689","17.67M","-2.10%"
"10/19/2014","5.811","5.893","5.893","5.714","27.76M","5.14%"
"10/16/2014","5.527","5.893","5.893","5.494","37.12M","-7.09%"
"10/15/2014","5.949","6.193","6.250","5.933","13.98M","-3.57%"
"10/14/2014","6.169","6.136","6.323","6.136","8.51M","-2.70%"
"10/13/2014","6.340","6.291","6.380","6.096","8.67M","0.65%"
"10/12/2014","6.299","6.510","6.510","6.015","23.49M","-3.85%"
"10/09/2014","6.551","6.624","6.681","6.551","6.98M","-0.74%"
"10/08/2014","6.600","6.665","6.665","6.583","5.35M","-1.09%"
"10/07/2014","6.673","6.746","6.770","6.673","2.55M","-0.73%"
"10/02/2014","6.722","6.705","6.738","6.624","5.94M","-0.36%"
"10/01/2014","6.746","6.787","6.787","6.722","3.82M","0.00%"
"09/30/2014","6.746","6.746","6.787","6.738","7.23M","0.00%"
"09/29/2014","6.746","6.713","6.754","6.632","9.39M","0.49%"
"09/28/2014","6.713","6.811","6.844","6.673","7.75M","-1.09%"
"09/25/2014","6.787","6.762","6.884","6.697","14.07M","0.37%"
"09/24/2014","6.762","6.835","6.892","6.713","21.49M","-1.43%"
"09/23/2014","6.860","6.657","6.900","6.648","34.80M","3.19%"
"09/22/2014","6.648","6.583","6.681","6.567","7.09M","0.85%"
"09/21/2014","6.592","6.665","6.681","6.592","6.77M","-0.60%"
"09/18/2014","6.632","6.518","6.632","6.518","13.30M","1.87%"
"09/17/2014","6.510","6.510","6.567","6.502","2.53M","0.12%"
"09/16/2014","6.502","6.543","6.583","6.462","9.30M","0.49%"
"09/15/2014","6.470","6.486","6.600","6.453","15.14M","-0.25%"
"09/14/2014","6.486","6.429","6.494","6.380","2.42M","0.00%"
"09/11/2014","6.486","6.307","6.527","6.307","9.10M","2.30%"
"09/10/2014","6.340","6.462","6.462","6.299","9.17M","-2.73%"
"09/09/2014","6.518","6.502","6.567","6.421","3.16M","0.25%"
"09/08/2014","6.502","6.478","6.502","6.388","6.34M","1.14%"
"09/07/2014","6.429","6.648","6.648","6.421","8.58M","-2.34%"
"09/04/2014","6.583","6.624","6.665","6.543","5.16M","-0.86%"
"09/03/2014","6.640","6.624","6.681","6.624","6.45M","0.36%"
"09/02/2014","6.616","6.575","6.697","6.543","17.09M","0.50%"
"09/01/2014","6.583","6.421","6.600","6.405","34.24M","2.52%"
"08/31/2014","6.421","6.380","6.429","6.356","2.61M","1.15%"
"08/28/2014","6.348","6.380","6.421","6.340","3.45M","-1.38%"
"08/27/2014","6.437","6.397","6.437","6.380","8.08M","0.63%"
"08/26/2014","6.397","6.429","6.437","6.388","2.95M","-0.37%"
"08/25/2014","6.421","6.421","6.478","6.405","7.90M","-0.37%"
"08/24/2014","6.445","6.429","6.470","6.405","5.33M","0.25%"
"08/21/2014","6.429","6.388","6.429","6.364","4.63M","0.77%"
"08/20/2014","6.380","6.364","6.397","6.364","1.93M","0.00%"
"08/19/2014","6.380","6.397","6.429","6.380","7.48M","0.00%"
"08/18/2014","6.380","6.307","6.413","6.307","6.17M","1.03%"
"08/17/2014","6.315","6.380","6.380","6.315","1.37M","-0.89%"
"08/14/2014","6.372","6.315","6.388","6.307","4.20M","0.50%"
"08/13/2014","6.340","6.340","6.356","6.299","3.58M","0.65%"
"08/12/2014","6.299","6.331","6.421","6.299","6.26M","-0.51%"
"08/11/2014","6.331","6.258","6.372","6.258","5.62M","1.17%"
"08/10/2014","6.258","6.258","6.299","6.242","2.00M","0.26%"
"08/07/2014","6.242","6.250","6.299","6.210","5.93M","-0.26%"
"08/06/2014","6.258","6.258","6.356","6.234","7.77M","-1.54%"
"08/05/2014","6.356","6.388","6.429","6.299","11.79M","-0.50%"
"08/04/2014","6.388","6.307","6.462","6.307","20.53M","1.28%"
"08/03/2014","6.307","6.250","6.421","6.193","16.25M","0.00%"
"07/31/2014","6.307","6.112","6.315","6.088","15.43M","3.06%"
"07/27/2014","6.120","5.852","6.177","5.852","8.80M","4.44%"
"07/24/2014","5.860","5.852","5.933","5.771","3.50M","-1.10%"
"07/23/2014","5.925","5.852","5.949","5.836","5.12M","1.82%"
"07/22/2014","5.819","5.917","5.933","5.803","4.40M","-2.19%"
"07/21/2014","5.949","5.771","5.982","5.616","7.24M","1.94%"
"07/20/2014","5.836","6.104","6.161","5.689","18.21M","-4.64%"
"07/17/2014","6.120","6.080","6.177","6.023","13.71M","0.00%"
"07/16/2014","6.120","5.966","6.169","5.933","29.68M","2.58%"
"07/15/2014","5.966","5.917","5.974","5.868","12.15M","1.53%"
"07/14/2014","5.876","5.795","5.917","5.795","3.05M","0.82%"
"07/13/2014","5.828","5.811","5.868","5.795","3.28M","0.29%"
"07/10/2014","5.811","5.771","5.876","5.714","5.49M","0.99%"
"07/09/2014","5.754","5.608","5.754","5.600","4.90M","1.86%"
"07/08/2014","5.649","5.722","5.836","5.649","6.64M","-2.38%"
"07/07/2014","5.787","5.909","5.909","5.730","7.10M","-2.20%"
"07/06/2014","5.917","5.884","5.933","5.771","11.04M","3.12%"
"07/03/2014","5.738","5.787","5.974","5.698","20.85M","-1.26%"
"07/02/2014","5.811","5.535","5.933","5.502","23.22M","7.99%"
"07/01/2014","5.381","5.047","5.397","4.942","18.07M","2.65%"
"06/30/2014","5.242","5.372","5.372","5.088","11.99M","-2.42%"
"06/29/2014","5.372","5.559","5.584","5.372","4.61M","-1.36%"
"06/26/2014","5.446","5.429","5.511","5.364","12.54M","0.76%"
"06/25/2014","5.405","5.080","5.405","5.007","25.34M","6.40%"
"06/24/2014","5.080","5.291","5.446","4.877","24.86M","-6.01%"
"06/23/2014","5.405","5.405","5.446","5.234","16.28M","-0.75%"
"06/22/2014","5.446","5.567","5.600","5.446","5.01M","-0.73%"
"06/19/2014","5.486","5.470","5.641","5.446","18.93M","0.29%"
"06/18/2014","5.470","5.567","5.567","5.364","9.73M","-0.44%"
"06/17/2014","5.494","5.567","5.608","5.462","16.55M","-1.61%"
"06/16/2014","5.584","5.649","5.689","5.332","13.09M","-1.01%"
"06/15/2014","5.641","5.852","5.868","5.641","9.72M","-4.92%"
"06/12/2014","5.933","5.722","5.933","5.649","23.75M","4.58%"
"06/11/2014","5.673","5.649","5.803","5.405","14.34M","-0.28%"
"06/10/2014","5.689","5.657","5.771","5.397","21.44M","-0.16%"
"06/09/2014","5.698","5.852","5.852","5.665","23.64M","-3.03%"
"06/08/2014","5.876","6.063","6.128","5.868","8.11M","-2.96%"
"06/05/2014","6.055","5.990","6.055","5.982","7.20M","1.22%"
"06/04/2014","5.982","6.120","6.120","5.966","9.04M","-1.87%"
"06/03/2014","6.096","6.136","6.177","5.998","18.78M","-0.26%"
"06/02/2014","6.112","6.136","6.242","6.096","18.55M","0.00%"
"06/01/2014","6.112","6.210","6.340","6.112","22.29M","-2.97%"
"05/29/2014","6.299","5.966","6.299","5.893","83.75M","6.17%"
"05/28/2014","5.933","6.177","6.210","5.933","24.36M","-3.83%"
"05/27/2014","6.169","6.201","6.258","6.104","27.53M","-0.52%"
"05/26/2014","6.201","5.852","6.201","5.795","33.59M","7.45%"
"05/22/2014","5.771","5.852","5.876","5.681","39.24M","0.00%"
"05/21/2014","5.771","5.446","5.819","5.226","45.41M","5.81%"
"05/20/2014","5.454","5.852","5.974","5.454","56.22M","-6.01%"
"05/19/2014","5.803","6.193","6.234","5.771","36.90M","-6.18%"
"05/18/2014","6.185","6.250","6.299","6.096","22.58M","-1.17%"
"05/15/2014","6.258","6.567","6.583","6.250","28.21M","-3.99%"
"05/14/2014","6.518","6.608","6.673","6.421","39.27M","-0.99%"
"05/13/2014","6.583","6.527","6.648","6.518","44.91M","2.01%"
"05/12/2014","6.453","6.356","6.478","6.201","41.74M","1.53%"
"05/11/2014","6.356","6.340","6.762","6.340","70.35M","0.13%"
"05/08/2014","6.348","6.340","6.380","6.210","19.72M","0.78%"
"05/07/2014","6.299","6.348","6.413","6.258","15.18M","-1.27%"
"05/06/2014","6.380","6.340","6.494","6.226","38.65M","0.77%"
"05/05/2014","6.331","6.015","6.502","5.990","74.94M","6.26%"
"05/04/2014","5.958","5.681","6.015","5.681","54.85M","5.47%"
"05/01/2014","5.649","5.527","5.649","5.527","22.57M","2.50%"
"04/30/2014","5.511","5.494","5.511","5.446","12.42M","1.05%"
"04/29/2014","5.454","5.413","5.551","5.397","13.87M","1.06%"
"04/28/2014","5.397","5.511","5.511","5.389","11.27M","-2.21%"
"04/27/2014","5.519","5.486","5.584","5.413","9.80M","0.00%"
"04/24/2014","5.519","5.584","5.641","5.324","12.91M","-1.16%"
"04/23/2014","5.584","5.649","5.714","5.576","29.23M","0.74%"
"04/22/2014","5.543","5.283","5.649","5.283","58.56M","4.27%"
"04/21/2014","5.316","5.324","5.324","5.218","9.52M","0.32%"
"04/20/2014","5.299","5.348","5.364","5.251","5.89M","0.15%"
"04/17/2014","5.291","5.177","5.364","5.177","25.06M","3.16%"
"04/16/2014","5.129","5.137","5.185","5.096","7.18M","2.60%"
"04/15/2014","4.999","5.120","5.120","4.974","7.20M","-2.53%"
"04/14/2014","5.129","5.169","5.169","4.999","8.99M","0.00%"
"04/13/2014","5.129","5.275","5.275","5.120","9.89M","-2.92%"
"04/10/2014","5.283","5.316","5.364","5.129","10.74M","-0.77%"
"04/09/2014","5.324","5.332","5.332","5.242","6.10M","-0.15%"
"04/08/2014","5.332","5.283","5.348","5.242","7.47M","0.62%"
"04/07/2014","5.299","5.242","5.421","5.194","20.41M","2.20%"
"04/06/2014","5.185","5.137","5.202","5.080","5.43M","0.31%"
"04/03/2014","5.169","5.169","5.202","5.120","10.97M","0.16%"
"04/02/2014","5.161","5.153","5.194","5.120","10.12M","0.96%"
"04/01/2014","5.112","4.999","5.120","4.990","13.37M","2.44%"
"03/31/2014","4.990","4.942","4.999","4.917","3.32M","0.97%"
"03/30/2014","4.942","4.958","4.982","4.917","4.59M","-0.32%"
"03/27/2014","4.958","4.958","4.990","4.917","4.19M","0.00%"
"03/26/2014","4.958","4.974","4.990","4.917","5.87M","0.32%"
"03/25/2014","4.942","4.917","4.942","4.877","2.53M","0.35%"
"03/24/2014","4.925","4.917","4.958","4.877","7.84M","0.49%"
"03/23/2014","4.901","4.860","4.958","4.860","4.44M","-0.67%"
"03/20/2014","4.934","4.771","4.934","4.771","11.98M","3.07%"
"03/19/2014","4.787","4.820","4.852","4.755","7.65M","0.00%"
"03/18/2014","4.787","4.706","4.803","4.706","8.40M","2.07%"
"03/17/2014","4.690","4.657","4.714","4.641","6.74M","1.06%"
"03/16/2014","4.641","4.673","4.682","4.576","5.87M","-0.68%"
"03/13/2014","4.673","4.633","4.682","4.543","10.51M","0.86%"
"03/12/2014","4.633","4.803","4.803","4.592","10.79M","-3.54%"
"03/11/2014","4.803","4.852","4.877","4.795","6.52M","-4.68%"
"03/10/2014","5.039","5.015","5.055","4.950","10.77M","1.14%"
"03/09/2014","4.982","5.039","5.055","4.958","5.16M","-0.82%"
"03/06/2014","5.023","4.934","5.047","4.934","35.72M","1.99%"
"03/05/2014","4.925","4.974","5.015","4.893","5.07M","-0.67%"
"03/04/2014","4.958","4.869","4.999","4.869","6.93M","0.49%"
"03/03/2014","4.934","5.039","5.039","4.869","10.37M","-1.46%"
"03/02/2014","5.007","5.015","5.064","4.999","2.45M","0.16%"
"02/27/2014","4.999","5.031","5.072","4.999","5.13M","-1.11%"
"02/26/2014","5.055","5.039","5.096","5.039","16.46M","1.12%"
"02/25/2014","4.999","5.007","5.088","4.982","8.10M","0.66%"
"02/24/2014","4.966","5.007","5.007","4.860","8.85M","-0.82%"
"02/23/2014","5.007","5.080","5.088","4.982","4.85M","-0.95%"
"02/20/2014","5.055","5.031","5.161","4.982","10.36M","0.32%"
"02/19/2014","5.039","5.096","5.120","5.015","22.56M","-2.21%"
"02/18/2014","5.153","5.259","5.324","5.039","21.64M","-1.70%"
"02/17/2014","5.242","5.145","5.283","5.129","26.73M","2.38%"
"02/16/2014","5.120","4.958","5.275","4.958","40.03M","4.81%"
"02/13/2014","4.885","4.901","4.958","4.844","8.41M","0.00%"
"02/12/2014","4.885","4.966","4.990","4.885","8.92M","-1.47%"
"02/11/2014","4.958","4.877","4.974","4.844","19.85M","1.33%"
"02/10/2014","4.893","4.860","4.917","4.836","10.53M","0.68%"
"02/09/2014","4.860","4.852","4.885","4.844","13.97M","0.83%"
"02/06/2014","4.820","4.771","4.901","4.771","25.86M","1.20%"
"02/05/2014","4.763","4.714","4.893","4.714","15.75M","1.38%"
"02/04/2014","4.698","4.617","4.730","4.608","8.62M","-0.68%"
"02/03/2014","4.730","4.779","4.803","4.552","13.69M","-0.86%"
"02/02/2014","4.771","4.828","4.828","4.763","6.62M","-1.18%"
"01/30/2014","4.828","4.917","4.917","4.795","12.29M","-1.65%"
"01/29/2014","4.909","5.007","5.064","4.901","17.46M","-1.96%"
"01/28/2014","5.007","4.673","5.007","4.673","31.31M","6.22%"
"01/27/2014","4.714","4.787","4.869","4.641","14.80M","-1.69%"
"01/26/2014","4.795","4.836","4.877","4.592","15.20M","-2.64%"
"01/23/2014","4.925","4.860","4.950","4.852","13.08M","1.50%"
"01/22/2014","4.852","4.885","4.901","4.828","10.17M","-1.32%"
"01/21/2014","4.917","4.958","4.974","4.917","11.60M","-0.51%"
"01/20/2014","4.942","4.934","4.982","4.925","8.59M","0.00%"
"01/19/2014","4.942","4.999","5.031","4.925","9.76M","-0.32%"
"01/16/2014","4.958","4.885","5.055","4.885","13.42M","1.16%"
"01/15/2014","4.901","4.982","5.023","4.836","12.91M","-1.96%"
"01/14/2014","4.999","4.958","4.999","4.893","11.58M","0.00%"
"01/13/2014","4.999","4.958","5.015","4.958","11.35M","0.83%"
"01/09/2014","4.958","4.795","5.039","4.755","18.50M","4.09%"
"01/08/2014","4.763","4.714","4.795","4.673","11.28M","1.73%"
"01/07/2014","4.682","4.755","4.755","4.641","18.31M","-2.03%"
"01/06/2014","4.779","4.877","4.909","4.722","8.56M","-1.85%"
"01/05/2014","4.869","4.909","4.982","4.836","17.06M","-0.16%"
"01/02/2014","4.877","4.356","5.007","4.332","21.89M","11.96%"
"12/31/2013","4.356","4.332","4.365","4.324","5.68M","0.55%"
"12/30/2013","4.332","4.316","4.340","4.251","5.08M","0.96%"
"12/29/2013","4.291","4.324","4.348","4.275","2.33M","-0.95%"
"12/26/2013","4.332","4.340","4.365","4.267","6.22M","0.19%"
"12/25/2013","4.324","4.308","4.365","4.283","5.15M","0.96%"
"12/24/2013","4.283","4.267","4.316","4.218","5.81M","0.37%"
"12/23/2013","4.267","4.226","4.275","4.218","6.57M","0.97%"
"12/22/2013","4.226","4.226","4.259","4.170","6.24M","-0.40%"
"12/19/2013","4.243","4.194","4.275","4.194","15.37M","1.56%"
"12/18/2013","4.178","4.056","4.178","4.056","13.99M","3.01%"
"12/17/2013","4.056","4.015","4.072","3.991","10.45M","1.02%"
"12/16/2013","4.015","4.072","4.096","3.991","8.89M","-1.59%"
"12/15/2013","4.080","4.039","4.129","3.999","14.18M","1.82%"
"12/12/2013","4.007","3.999","4.031","3.966","15.16M","-0.40%"
"12/11/2013","4.023","3.991","4.039","3.974","14.67M","0.00%"
"12/10/2013","4.023","4.039","4.039","3.909","18.86M","0.20%"
"12/09/2013","4.015","3.974","4.056","3.950","24.39M","1.65%"
"12/08/2013","3.950","3.893","3.983","3.877","18.38M","2.52%"
"12/05/2013","3.853","3.861","3.909","3.820","17.78M","0.00%"
"12/04/2013","3.853","3.771","3.861","3.763","10.10M","1.96%"
"12/03/2013","3.779","3.739","3.812","3.698","13.68M","1.07%"
"12/02/2013","3.739","3.617","3.779","3.592","17.70M","3.37%"
"11/28/2013","3.617","3.739","3.739","3.568","19.46M","1.15%"
"11/27/2013","3.576","3.601","3.609","3.552","11.44M","0.00%"
"11/26/2013","3.576","3.560","3.592","3.560","8.88M","0.45%"
"11/25/2013","3.560","3.552","3.601","3.519","6.76M","0.23%"
"11/24/2013","3.552","3.471","3.625","3.471","31.28M","2.60%"
"11/21/2013","3.462","3.406","3.495","3.389","17.17M","1.91%"
"11/20/2013","3.397","3.373","3.406","3.349","9.21M","0.71%"
"11/19/2013","3.373","3.397","3.397","3.373","6.12M","-0.24%"
"11/18/2013","3.381","3.324","3.397","3.308","14.32M","2.21%"
"11/17/2013","3.308","3.332","3.332","3.284","4.58M","-0.72%"
"11/14/2013","3.332","3.324","3.340","3.300","11.59M","0.97%"
"11/13/2013","3.300","3.251","3.300","3.194","14.03M","1.01%"
"11/12/2013","3.267","3.292","3.324","3.210","14.38M","-0.24%"
"11/11/2013","3.275","3.373","3.373","3.227","10.40M","-2.67%"
"11/10/2013","3.365","3.373","3.381","3.357","3.37M","-0.24%"
"11/07/2013","3.373","3.365","3.381","3.349","3.70M","-0.24%"
"11/06/2013","3.381","3.381","3.406","3.349","8.99M","-0.24%"
"11/05/2013","3.389","3.373","3.397","3.357","8.15M","0.24%"
"11/04/2013","3.381","3.414","3.414","3.373","8.25M","-0.73%"
"10/31/2013","3.406","3.406","3.422","3.389","4.51M","0.00%"
"10/30/2013","3.406","3.332","3.430","3.332","23.85M","2.71%"
"10/29/2013","3.316","3.340","3.357","3.316","5.65M","-0.72%"
"10/28/2013","3.340","3.349","3.365","3.316","7.45M","0.00%"
"10/27/2013","3.340","3.340","3.381","3.332","9.01M","0.24%"
"10/24/2013","3.332","3.340","3.349","3.308","7.82M","0.00%"
"10/23/2013","3.332","3.389","3.389","3.332","10.33M","-2.17%"
"10/22/2013","3.406","3.414","3.438","3.381","9.06M","0.00%"
"10/21/2013","3.406","3.406","3.462","3.349","15.59M","0.26%"
"10/20/2013","3.397","3.349","3.406","3.324","14.62M","3.98%"
"10/10/2013","3.267","3.235","3.292","3.227","12.72M","0.99%"
"10/09/2013","3.235","3.210","3.243","3.194","6.90M","0.25%"
"10/08/2013","3.227","3.170","3.227","3.170","5.62M","1.29%"
"10/07/2013","3.186","3.219","3.235","3.170","12.10M","-1.76%"
"10/06/2013","3.243","3.235","3.267","3.210","14.90M","0.75%"
"10/03/2013","3.219","3.219","3.284","3.194","32.87M","0.00%"
"10/02/2013","3.219","3.170","3.219","3.145","19.02M","1.55%"
"10/01/2013","3.170","3.064","3.210","3.056","31.68M","1.83%"
"09/30/2013","3.113","3.113","3.113","3.080","12.00M","-0.26%"
"09/29/2013","3.121","3.080","3.137","3.080","12.58M","1.86%"
"09/26/2013","3.064","3.048","3.064","3.032","6.52M","-0.26%"
"09/25/2013","3.072","3.072","3.080","3.048","9.11M","0.00%"
"09/24/2013","3.072","3.105","3.113","3.032","11.03M","-0.81%"
"09/23/2013","3.097","3.024","3.129","2.999","45.07M","2.41%"
"09/22/2013","3.024","2.958","3.024","2.926","11.06M","1.37%"
"09/19/2013","2.983","3.007","3.007","2.958","21.51M","2.51%"
"09/18/2013","2.910","2.902","2.926","2.885","4.46M","0.00%"
"09/17/2013","2.910","2.910","2.910","2.869","6.86M","0.28%"
"09/16/2013","2.902","2.942","2.950","2.893","17.07M","-0.55%"
"09/15/2013","2.918","2.820","2.942","2.820","18.86M","4.36%"
"09/12/2013","2.796","2.772","2.820","2.747","7.50M","0.29%"
"09/11/2013","2.788","2.780","2.845","2.739","22.17M","1.20%"
"09/10/2013","2.755","2.625","2.772","2.625","26.60M","8.64%"
"09/09/2013","2.536","2.576","2.601","2.520","4.36M","-0.94%"
"09/08/2013","2.560","2.585","2.609","2.560","5.85M","0.00%"
"09/05/2013","2.560","2.552","2.617","2.511","14.12M","0.31%"
"09/04/2013","2.552","2.763","2.763","2.536","15.50M","-4.85%"
"09/03/2013","2.682","2.772","2.796","2.601","10.88M","-2.93%"
"09/02/2013","2.763","2.812","2.837","2.763","11.59M","-1.46%"
"09/01/2013","2.804","2.731","2.820","2.731","13.83M","3.28%"
"08/29/2013","2.715","2.763","2.796","2.674","15.35M","-0.29%"
"08/28/2013","2.723","2.715","2.788","2.511","29.70M","-0.58%"
"08/27/2013","2.739","3.007","3.007","2.731","33.57M","-8.67%"
"08/26/2013","2.999","3.015","3.064","2.999","18.21M","-0.83%"
"08/25/2013","3.024","2.999","3.032","2.999","11.70M","0.83%"
"08/22/2013","2.999","2.975","3.007","2.958","8.41M","0.81%"
"08/21/2013","2.975","2.991","2.999","2.958","6.24M","-0.53%"
"08/20/2013","2.991","3.007","3.007","2.967","5.61M","-0.53%"
"08/19/2013","3.007","2.983","3.007","2.975","3.33M","1.35%"
"08/18/2013","2.967","2.983","2.983","2.942","4.48M","-1.07%"
"08/15/2013","2.999","2.983","3.015","2.975","5.61M","0.00%"
"08/14/2013","2.999","3.015","3.024","2.991","7.38M","-0.83%"
"08/13/2013","3.024","2.991","3.024","2.950","8.51M","1.37%"
"08/12/2013","2.983","3.032","3.048","2.950","13.34M","-1.36%"
"08/11/2013","3.024","3.072","3.089","3.015","14.70M","-1.31%"
"08/06/2013","3.064","2.975","3.064","2.967","56.68M","4.15%"
"08/05/2013","2.942","2.926","2.999","2.902","45.95M","1.10%"
"08/04/2013","2.910","2.934","2.958","2.885","33.12M","0.28%"
"08/01/2013","2.902","2.902","2.942","2.893","12.75M","-0.27%"
"07/31/2013","2.910","2.885","2.926","2.885","16.05M","0.87%"
"07/30/2013","2.885","2.869","2.902","2.812","31.45M","1.41%"
"07/29/2013","2.845","2.828","2.861","2.820","7.94M","0.60%"
"07/28/2013","2.828","2.853","2.861","2.828","4.49M","-0.60%"
"07/25/2013","2.845","2.869","2.885","2.828","24.81M","-0.84%"
"07/24/2013","2.869","2.902","2.967","2.869","42.33M","-0.83%"
"07/23/2013","2.893","2.853","2.910","2.837","26.54M","1.40%"
"07/22/2013","2.853","2.820","2.877","2.804","37.98M","1.17%"
"07/21/2013","2.820","2.812","2.837","2.804","17.37M","0.57%"
"07/18/2013","2.804","2.812","2.837","2.780","24.50M","-0.28%"
"07/17/2013","2.812","2.747","2.812","2.747","40.20M","2.37%"
"07/16/2013","2.747","2.780","2.804","2.723","30.14M","-1.75%"
"07/15/2013","2.796","2.796","2.812","2.755","18.39M","0.29%"
"07/14/2013","2.788","2.755","2.796","2.747","28.80M","1.20%"
"07/11/2013","2.755","2.747","2.772","2.739","25.54M","0.58%"
"07/10/2013","2.739","2.682","2.747","2.682","19.92M","1.82%"
"07/09/2013","2.690","2.650","2.731","2.617","30.63M","1.82%"
"07/08/2013","2.642","2.585","2.642","2.585","15.00M","2.21%"
"07/07/2013","2.585","2.593","2.601","2.568","2.25M","0.00%"
"07/04/2013","2.585","2.601","2.609","2.576","3.49M","0.00%"
"07/03/2013","2.585","2.568","2.601","2.560","4.00M","-0.31%"
"07/02/2013","2.593","2.642","2.642","2.576","9.32M","-1.85%"
"07/01/2013","2.642","2.503","2.642","2.503","14.81M","4.84%"
"06/30/2013","2.520","2.560","2.560","2.487","5.36M","-0.32%"
"06/27/2013","2.528","2.560","2.585","2.528","10.06M","0.32%"
"06/26/2013","2.520","2.601","2.609","2.503","7.99M","-2.51%"
"06/25/2013","2.585","2.568","2.625","2.520","14.24M","0.00%"
"06/24/2013","2.585","2.585","2.601","2.463","26.33M","-1.22%"
"06/23/2013","2.617","2.674","2.682","2.593","14.61M","-2.42%"
"06/20/2013","2.682","2.707","2.715","2.658","11.64M","-1.79%"
"06/19/2013","2.731","2.731","2.755","2.715","8.64M","0.00%"
"06/18/2013","2.731","2.763","2.796","2.723","15.28M","-0.58%"
"06/17/2013","2.747","2.682","2.763","2.682","18.43M","3.04%"
"06/16/2013","2.666","2.658","2.723","2.609","18.82M","-3.23%"
"06/13/2013","2.755","2.788","2.788","2.715","28.14M","-1.75%"
"06/12/2013","2.804","2.845","2.885","2.755","34.68M","1.15%"
"06/11/2013","2.772","2.747","2.780","2.723","15.40M","0.00%"
"06/10/2013","2.772","2.845","2.845","2.723","27.88M","-2.29%"
"06/09/2013","2.837","2.869","2.918","2.828","41.92M","-0.28%"
"06/05/2013","2.845","2.812","2.885","2.788","33.29M","0.89%"
"06/04/2013","2.820","2.845","2.926","2.804","84.42M","0.57%"
"06/03/2013","2.804","2.707","2.975","2.707","125.99M","3.58%"
"06/02/2013","2.707","2.682","2.715","2.650","24.86M","1.23%"
"05/30/2013","2.674","2.617","2.707","2.601","24.31M","1.87%"
"05/29/2013","2.625","2.666","2.690","2.625","16.49M","-1.24%"
"05/28/2013","2.658","2.682","2.723","2.642","33.99M","-0.30%"
"05/27/2013","2.666","2.609","2.666","2.552","21.58M","3.13%"
"05/26/2013","2.585","2.674","2.674","2.576","19.74M","-2.45%"
"05/23/2013","2.650","2.625","2.658","2.593","31.56M","-0.60%"
"05/22/2013","2.666","2.715","2.739","2.666","32.85M","-0.89%"
"05/21/2013","2.690","2.723","2.747","2.650","48.04M","-1.21%"
"05/20/2013","2.723","2.707","2.772","2.658","60.92M","1.53%"
"05/19/2013","2.682","2.609","2.698","2.585","70.23M","4.11%"
"05/16/2013","2.576","2.576","2.585","2.511","61.41M","1.26%"
"05/15/2013","2.544","2.560","2.585","2.520","73.20M","0.63%"
"05/14/2013","2.528","2.406","2.536","2.406","106.65M","5.77%"
"05/13/2013","2.390","2.341","2.422","2.316","40.15M","2.44%"
"05/12/2013","2.333","2.194","2.349","2.186","35.96M","2.15%"
"05/09/2013","2.284","2.341","2.341","2.276","36.20M","-3.75%"
"05/08/2013","2.373","2.406","2.406","2.357","14.38M","-1.37%"
"05/07/2013","2.406","2.414","2.414","2.349","19.31M","0.00%"
"05/06/2013","2.406","2.430","2.430","2.390","14.08M","-0.99%"
"05/05/2013","2.430","2.381","2.446","2.381","43.68M","3.10%"
"05/02/2013","2.357","2.406","2.406","2.325","28.67M","-1.38%"
"05/01/2013","2.390","2.349","2.406","2.300","67.29M","2.09%"
"04/30/2013","2.341","2.219","2.341","2.219","52.70M","6.26%"
"04/29/2013","2.203","2.292","2.292","2.154","51.07M","-2.87%"
"04/28/2013","2.268","2.170","2.268","2.162","49.28M","5.29%"
"04/25/2013","2.154","2.056","2.162","2.056","53.12M","4.77%"
"04/24/2013","2.056","2.073","2.089","2.040","30.66M","-0.82%"
"04/23/2013","2.073","2.032","2.105","2.032","31.50M","2.02%"
"04/22/2013","2.032","1.934","2.032","1.934","27.41M","5.94%"
"04/21/2013","1.918","1.918","1.951","1.910","6.19M","0.00%"
"04/18/2013","1.918","1.951","1.959","1.918","7.12M","-2.09%"
"04/17/2013","1.959","1.991","2.016","1.959","14.27M","-1.21%"
"04/16/2013","1.983","1.983","2.008","1.959","14.57M","-0.80%"
"04/15/2013","1.999","2.097","2.097","1.975","34.58M","-4.31%"
"04/11/2013","2.089","2.032","2.089","2.008","31.75M","3.62%"
"04/10/2013","2.016","2.073","2.097","2.008","27.93M","-3.12%"
"04/09/2013","2.081","1.967","2.097","1.959","55.24M","6.66%"
"04/08/2013","1.951","1.869","1.959","1.869","39.99M","5.75%"
"04/07/2013","1.845","1.780","1.878","1.780","30.55M","4.12%"
"04/04/2013","1.772","1.682","1.788","1.682","23.73M","4.79%"
"04/03/2013","1.691","1.666","1.691","1.658","3.15M","1.50%"
"04/02/2013","1.666","1.650","1.666","1.650","2.31M","1.46%"
"04/01/2013","1.642","1.642","1.658","1.642","2.06M","0.00%"
"03/31/2013","1.642","1.634","1.658","1.634","4.10M","0.49%"
"03/28/2013","1.634","1.658","1.666","1.634","4.13M","-0.97%"
"03/27/2013","1.650","1.674","1.674","1.642","8.60M","0.00%"
"03/26/2013","1.650","1.674","1.674","1.650","3.88M","-1.43%"
"03/25/2013","1.674","1.682","1.691","1.674","2.43M","0.00%"
"03/24/2013","1.674","1.674","1.699","1.674","2.34M","-1.01%"
"03/21/2013","1.691","1.674","1.691","1.674","3.36M","0.54%"
"03/20/2013","1.682","1.691","1.699","1.674","1.28M","-1.00%"
"03/19/2013","1.699","1.707","1.707","1.691","1.55M","0.47%"
"03/18/2013","1.691","1.699","1.707","1.674","3.44M","-1.40%"
"03/17/2013","1.715","1.707","1.723","1.707","2.42M","0.00%"
"03/14/2013","1.715","1.707","1.723","1.682","7.24M","0.47%"
"03/13/2013","1.707","1.715","1.731","1.682","15.59M","-7.08%"
"03/12/2013","1.837","1.821","1.837","1.796","17.18M","1.38%"
"03/11/2013","1.812","1.796","1.812","1.788","6.35M","1.34%"
"03/10/2013","1.788","1.788","1.796","1.780","12.07M","0.00%"
"03/07/2013","1.788","1.780","1.788","1.772","4.80M","0.00%"
"03/06/2013","1.788","1.780","1.788","1.772","3.83M","0.90%"
"03/05/2013","1.772","1.812","1.812","1.747","9.56M","-0.89%"
"03/04/2013","1.788","1.796","1.829","1.788","13.95M","-1.32%"
"03/03/2013","1.812","1.796","1.812","1.796","1.75M","0.89%"
"02/28/2013","1.796","1.796","1.812","1.788","6.85M","-0.88%"
"02/27/2013","1.812","1.804","1.821","1.804","2.01M","0.44%"
"02/26/2013","1.804","1.804","1.821","1.796","3.90M","0.00%"
"02/25/2013","1.804","1.812","1.829","1.804","6.53M","-0.44%"
"02/24/2013","1.812","1.812","1.812","1.804","4.58M","0.44%"
"02/21/2013","1.804","1.804","1.812","1.796","5.69M","0.00%"
"02/20/2013","1.804","1.796","1.812","1.788","2.74M","0.45%"
"02/19/2013","1.796","1.788","1.812","1.788","5.73M","0.45%"
"02/18/2013","1.788","1.804","1.804","1.788","3.19M","-1.32%"
"02/17/2013","1.812","1.812","1.829","1.812","1.08M","-0.93%"
"02/14/2013","1.829","1.821","1.837","1.812","1.88M","0.44%"
"02/13/2013","1.821","1.804","1.837","1.796","11.96M","0.94%"
"02/12/2013","1.804","1.804","1.812","1.788","5.81M","0.00%"
"02/11/2013","1.804","1.812","1.812","1.796","5.03M","0.00%"
"02/10/2013","1.804","1.812","1.812","1.796","2.77M","0.45%"
"02/07/2013","1.796","1.812","1.812","1.788","4.10M","-1.37%"
"02/06/2013","1.821","1.812","1.821","1.796","9.61M","0.94%"
"02/05/2013","1.804","1.821","1.829","1.796","8.05M","0.45%"
"02/04/2013","1.796","1.788","1.821","1.788","6.38M","0.90%"
"02/03/2013","1.780","1.821","1.837","1.772","12.38M","-2.25%"
"01/31/2013","1.821","1.812","1.853","1.796","20.98M","0.94%"
"01/30/2013","1.804","1.796","1.812","1.772","29.62M","2.73%"
"01/29/2013","1.756","1.723","1.764","1.723","7.13M","1.92%"
"01/28/2013","1.723","1.723","1.731","1.715","4.33M","0.47%"
"01/27/2013","1.715","1.707","1.739","1.707","8.92M","0.00%"
"01/23/2013","1.715","1.699","1.715","1.699","2.50M","0.94%"
"01/22/2013","1.699","1.715","1.715","1.691","3.23M","-0.47%"
"01/21/2013","1.707","1.723","1.723","1.699","3.12M","-0.93%"
"01/20/2013","1.723","1.747","1.747","1.674","5.87M","-0.46%"
"01/17/2013","1.731","1.715","1.731","1.715","2.60M","1.41%"
"01/16/2013","1.707","1.715","1.723","1.699","2.28M","0.00%"
"01/15/2013","1.707","1.731","1.756","1.707","4.71M","-1.39%"
"01/14/2013","1.731","1.739","1.747","1.723","2.01M","0.46%"
"01/13/2013","1.723","1.764","1.772","1.723","5.84M","-1.37%"
"01/10/2013","1.747","1.747","1.780","1.731","7.88M","0.00%"
"01/09/2013","1.747","1.707","1.772","1.682","18.00M","2.34%"
"01/08/2013","1.707","1.658","1.707","1.658","7.75M","2.96%"
"01/07/2013","1.658","1.666","1.666","1.650","2.36M","0.00%"
"01/06/2013","1.658","1.682","1.682","1.658","5.09M","-0.96%"
"01/03/2013","1.674","1.650","1.707","1.650","11.28M","1.45%"
"01/02/2013","1.650","1.634","1.658","1.634","7.99M","0.98%"
"12/31/2012","1.634","1.634","1.642","1.626","3.39M","0.00%"
"12/30/2012","1.634","1.617","1.650","1.617","3.15M","0.49%"
"12/27/2012","1.626","1.634","1.634","1.609","2.33M","0.00%"
"12/26/2012","1.626","1.601","1.658","1.601","8.08M","1.06%"
"12/25/2012","1.609","1.609","1.609","1.601","1.75M","-0.49%"
"12/24/2012","1.617","1.601","1.617","1.601","981.55K","1.00%"
"12/23/2012","1.601","1.609","1.609","1.601","916.85K","-0.50%"
"12/20/2012","1.609","1.593","1.609","1.593","2.09M","1.00%"
"12/19/2012","1.593","1.593","1.601","1.585","3.74M","0.00%"
"12/18/2012","1.593","1.609","1.609","1.585","1.46M","-0.99%"
"12/17/2012","1.609","1.585","1.609","1.585","760.04K","1.51%"
"12/16/2012","1.585","1.609","1.609","1.585","1.52M","-0.50%"
"12/13/2012","1.593","1.593","1.609","1.593","2.08M","0.00%"
"12/12/2012","1.593","1.593","1.601","1.593","547.77K","-0.50%"
"12/11/2012","1.601","1.601","1.609","1.593","2.69M","0.00%"
"12/10/2012","1.601","1.609","1.617","1.601","451.11K","-0.50%"
"12/09/2012","1.609","1.609","1.617","1.593","1.07M","0.00%"
"12/06/2012","1.609","1.609","1.626","1.601","1.16M","-0.49%"
"12/05/2012","1.617","1.609","1.617","1.601","498.26K","1.51%"
"12/04/2012","1.593","1.585","1.617","1.585","3.25M","0.00%"
"11/29/2012","1.593","1.593","1.609","1.593","2.83M","0.00%"
"11/28/2012","1.593","1.593","1.593","1.585","3.01M","0.00%"
"11/27/2012","1.593","1.593","1.601","1.585","1.42M","0.50%"
"11/26/2012","1.585","1.609","1.609","1.585","2.24M","0.00%"
"11/25/2012","1.585","1.601","1.609","1.585","2.22M","-1.00%"
"11/22/2012","1.601","1.593","1.609","1.585","2.09M","0.50%"
"11/21/2012","1.593","1.593","1.601","1.585","2.00M","0.00%"
"11/20/2012","1.593","1.609","1.609","1.585","4.20M","0.00%"
"11/19/2012","1.593","1.609","1.609","1.585","3.41M","-0.50%"
"11/18/2012","1.601","1.617","1.634","1.601","3.55M","-0.99%"
"11/14/2012","1.617","1.617","1.642","1.609","2.90M","0.00%"
"11/13/2012","1.617","1.626","1.634","1.609","4.36M","-1.52%"
"11/12/2012","1.642","1.634","1.642","1.626","2.85M","0.98%"
"11/11/2012","1.626","1.626","1.634","1.626","1.39M","-0.49%"
"11/08/2012","1.634","1.634","1.634","1.626","1.56M","0.00%"
"11/07/2012","1.634","1.642","1.650","1.634","1.35M","-0.49%"
"11/06/2012","1.642","1.642","1.650","1.634","1.57M","0.00%"
"11/05/2012","1.642","1.642","1.650","1.634","2.45M","0.00%"
"11/01/2012","1.642","1.650","1.658","1.642","2.19M","0.00%"
"10/31/2012","1.642","1.658","1.658","1.642","948.62K","-0.48%"
"10/30/2012","1.650","1.650","1.658","1.650","775.43K","0.00%"
"10/29/2012","1.650","1.682","1.682","1.650","1.44M","-1.43%"
"10/27/2012","1.674","1.666","1.674","1.658","2.75M","0.00%"
"10/24/2012","1.674","1.666","1.674","1.658","2.75M","0.48%"
"10/23/2012","1.666","1.674","1.682","1.666","1.48M","-0.95%"
"10/22/2012","1.682","1.682","1.682","1.666","1.96M","0.48%"
"10/21/2012","1.674","1.682","1.691","1.674","1.55M","-1.01%"
"10/18/2012","1.691","1.682","1.715","1.682","6.36M","0.00%"
"10/17/2012","1.691","1.658","1.699","1.658","7.85M","1.50%"
"10/16/2012","1.666","1.650","1.674","1.650","2.27M","0.48%"
"10/15/2012","1.658","1.642","1.658","1.642","554.46K","0.97%"
"10/14/2012","1.642","1.634","1.658","1.634","499.05K","-0.48%"
"10/11/2012","1.650","1.650","1.658","1.642","752.06K","0.49%"
"10/10/2012","1.642","1.642","1.658","1.634","1.72M","0.00%"
"10/09/2012","1.642","1.658","1.658","1.642","2.66M","-0.48%"
"10/08/2012","1.650","1.658","1.666","1.642","6.50M","-0.48%"
"10/07/2012","1.658","1.650","1.666","1.634","4.01M","1.47%"
"10/04/2012","1.634","1.626","1.658","1.626","8.67M","1.05%"
"10/03/2012","1.617","1.617","1.617","1.609","2.99M","0.50%"
"10/02/2012","1.609","1.609","1.617","1.601","2.76M","0.00%"
"10/01/2012","1.609","1.601","1.609","1.593","1.63M","0.00%"
"09/30/2012","1.609","1.593","1.609","1.585","1.35M","1.00%"
"09/27/2012","1.593","1.593","1.601","1.585","1.82M","0.00%"
"09/26/2012","1.593","1.601","1.609","1.585","2.72M","-0.99%"
"09/25/2012","1.609","1.601","1.609","1.593","638.84K","0.00%"
"09/24/2012","1.609","1.601","1.609","1.593","612.99K","0.00%"
"09/23/2012","1.609","1.609","1.609","1.593","654.95K","0.00%"
"09/20/2012","1.609","1.609","1.617","1.601","1.15M","-0.49%"
"09/19/2012","1.617","1.593","1.617","1.593","2.95M","2.02%"
"09/18/2012","1.585","1.601","1.601","1.585","1.17M","-0.50%"
"09/17/2012","1.593","1.609","1.609","1.593","886.31K","-0.99%"
"09/16/2012","1.609","1.593","1.609","1.593","2.63M","1.51%"
"09/13/2012","1.585","1.585","1.601","1.585","1.24M","0.00%"
"09/12/2012","1.585","1.585","1.601","1.585","926.65K","0.00%"
"09/11/2012","1.585","1.585","1.593","1.577","495.88K","0.00%"
"09/10/2012","1.585","1.585","1.601","1.585","627.96K","-1.00%"
"09/09/2012","1.601","1.585","1.609","1.585","2.33M","0.50%"
"09/06/2012","1.593","1.577","1.593","1.577","5.56M","1.01%"
"09/05/2012","1.577","1.577","1.585","1.569","2.34M","0.00%"
"09/04/2012","1.577","1.577","1.585","1.569","1.15M","0.00%"
"09/03/2012","1.577","1.585","1.593","1.569","1.56M","0.00%"
"09/02/2012","1.577","1.585","1.585","1.577","737.94K","-0.50%"
"08/30/2012","1.585","1.593","1.593","1.577","808.77K","-0.50%"
"08/29/2012","1.593","1.593","1.601","1.569","1.35M","0.00%"
"08/28/2012","1.593","1.601","1.601","1.577","2.79M","1.01%"
"08/27/2012","1.577","1.585","1.593","1.577","1.09M","-0.50%"
"08/26/2012","1.585","1.609","1.609","1.577","1.91M","-0.50%"
"08/23/2012","1.593","1.609","1.617","1.585","3.39M","-0.99%"
"08/22/2012","1.609","1.593","1.626","1.593","4.23M","1.00%"
"08/16/2012","1.593","1.609","1.609","1.593","1.55M","-0.50%"
"08/15/2012","1.601","1.593","1.601","1.585","1.20M","0.50%"
"08/14/2012","1.593","1.585","1.601","1.577","1.81M","0.50%"
"08/13/2012","1.585","1.561","1.585","1.561","6.73M","1.54%"
"08/12/2012","1.561","1.561","1.569","1.552","871.48K","0.58%"
"08/09/2012","1.552","1.569","1.569","1.552","3.71M","-1.08%"
"08/08/2012","1.569","1.569","1.577","1.544","1.96M","0.00%"
"08/07/2012","1.569","1.585","1.585","1.561","1.52M","-1.51%"
"08/06/2012","1.593","1.601","1.601","1.585","1.64M","-0.50%"
"08/05/2012","1.601","1.585","1.609","1.569","3.86M","2.04%"
"08/02/2012","1.569","1.561","1.585","1.561","1.53M","0.51%"
"08/01/2012","1.561","1.552","1.577","1.544","3.06M","-0.51%"
"07/31/2012","1.569","1.544","1.569","1.544","4.59M","1.10%"
"07/30/2012","1.552","1.528","1.552","1.528","2.62M","1.57%"
"07/29/2012","1.528","1.536","1.544","1.528","1.55M","-0.52%"
"07/26/2012","1.536","1.536","1.544","1.528","2.37M","0.00%"
"07/25/2012","1.536","1.528","1.544","1.520","2.04M","-0.52%"
"07/24/2012","1.544","1.544","1.544","1.528","2.79M","0.52%"
"07/23/2012","1.536","1.552","1.569","1.536","1.30M","-1.03%"
"07/22/2012","1.552","1.561","1.561","1.552","653.28K","-0.58%"
"07/19/2012","1.561","1.552","1.561","1.536","1.82M","0.58%"
"07/18/2012","1.552","1.544","1.552","1.544","718.34K","0.52%"
"07/17/2012","1.544","1.544","1.552","1.544","595.33K","0.00%"
"07/16/2012","1.544","1.544","1.561","1.536","938.40K","0.52%"
"07/15/2012","1.536","1.552","1.552","1.536","847.55K","-0.52%"
"07/12/2012","1.544","1.536","1.544","1.528","323.42K","0.52%"
"07/11/2012","1.536","1.544","1.552","1.536","1.10M","-0.52%"
"07/10/2012","1.544","1.544","1.544","1.528","520.51K","0.52%"
"07/09/2012","1.536","1.544","1.552","1.528","401.49K","-0.52%"
"07/08/2012","1.544","1.544","1.552","1.536","459.36K","-0.52%"
"07/05/2012","1.552","1.528","1.561","1.528","901.92K","1.57%"
"07/04/2012","1.528","1.544","1.561","1.528","2.21M","-1.04%"
"07/03/2012","1.544","1.536","1.544","1.528","2.05M","1.58%"
"07/02/2012","1.520","1.528","1.544","1.512","354.77K","0.00%"
"07/01/2012","1.520","1.520","1.536","1.512","830.80K","1.06%"
"06/28/2012","1.504","1.504","1.520","1.504","1.26M","0.00%"
"06/27/2012","1.504","1.512","1.520","1.504","535.68K","0.00%"
"06/26/2012","1.504","1.512","1.512","1.504","1.13M","0.00%"
"06/25/2012","1.504","1.512","1.520","1.504","3.95M","-0.53%"
"06/24/2012","1.512","1.536","1.536","1.504","2.49M","-1.05%"
"06/21/2012","1.528","1.528","1.544","1.520","1.12M","-0.52%"
"06/20/2012","1.536","1.544","1.544","1.528","2.05M","-0.52%"
"06/19/2012","1.544","1.544","1.552","1.528","2.24M","0.00%"
"06/18/2012","1.544","1.536","1.561","1.536","1.51M","1.05%"
"06/14/2012","1.528","1.536","1.544","1.528","1.75M","-1.04%"
"06/13/2012","1.544","1.528","1.544","1.528","1.24M","1.05%"
"06/12/2012","1.528","1.528","1.544","1.528","1.93M","0.00%"
"06/11/2012","1.528","1.536","1.544","1.528","3.16M","0.00%"
"06/10/2012","1.528","1.528","1.536","1.512","1.54M","0.53%"
"06/07/2012","1.520","1.520","1.536","1.520","1.57M","0.53%"
"06/06/2012","1.512","1.528","1.528","1.512","1.54M","-0.53%"
"06/05/2012","1.520","1.512","1.520","1.504","1.49M","0.53%"
"06/04/2012","1.512","1.528","1.528","1.504","3.71M","-0.53%"
"06/03/2012","1.520","1.536","1.536","1.520","6.22M","-1.55%"
"05/31/2012","1.544","1.544","1.552","1.536","1.28M","0.52%"
"05/30/2012","1.536","1.561","1.561","1.536","1.06M","-1.60%"
"05/29/2012","1.561","1.544","1.561","1.544","1.07M","1.63%"
"05/28/2012","1.536","1.561","1.569","1.536","1.34M","-2.10%"
"05/27/2012","1.569","1.544","1.569","1.544","1.36M","1.10%"
"05/24/2012","1.552","1.536","1.552","1.536","1.22M","0.52%"
"05/23/2012","1.544","1.544","1.552","1.536","3.27M","-0.52%"
"05/22/2012","1.552","1.561","1.561","1.544","1.25M","0.52%"
"05/21/2012","1.544","1.544","1.552","1.536","2.00M","0.52%"
"05/20/2012","1.536","1.536","1.544","1.520","1.63M","0.00%"
"05/17/2012","1.536","1.536","1.552","1.528","1.21M","0.00%"
"05/16/2012","1.536","1.544","1.561","1.528","2.78M","-2.10%"
"05/15/2012","1.569","1.585","1.593","1.544","4.10M","0.51%"
"05/14/2012","1.561","1.601","1.601","1.561","1.35M","-1.51%"
"05/13/2012","1.585","1.601","1.601","1.577","2.10M","-0.50%"
"05/09/2012","1.593","1.617","1.617","1.585","7.66M","-0.99%"
"05/08/2012","1.609","1.617","1.634","1.609","1.02M","-0.49%"
"05/07/2012","1.617","1.609","1.626","1.609","1.07M","0.50%"
"05/06/2012","1.609","1.626","1.626","1.609","1.89M","-1.53%"
"05/03/2012","1.634","1.626","1.634","1.617","2.34M","1.05%"
"05/02/2012","1.617","1.626","1.626","1.609","1.56M","-0.55%"
"05/01/2012","1.626","1.626","1.634","1.601","1.54M","1.56%"
"04/30/2012","1.601","1.626","1.634","1.601","2.06M","-0.99%"
"04/26/2012","1.617","1.642","1.642","1.617","1.57M","0.00%"
"04/25/2012","1.617","1.626","1.650","1.617","2.71M","-1.04%"
"04/24/2012","1.634","1.634","1.642","1.626","850.82K","0.00%"
"04/23/2012","1.634","1.642","1.642","1.609","981.63K","0.00%"
"04/22/2012","1.634","1.609","1.650","1.609","2.80M","0.49%"
"04/19/2012","1.626","1.609","1.626","1.601","1.15M","1.06%"
"04/18/2012","1.609","1.626","1.626","1.609","1.69M","0.00%"
"04/17/2012","1.609","1.617","1.626","1.609","1.90M","-1.05%"
"04/16/2012","1.626","1.634","1.634","1.617","1.64M","0.00%"
"04/15/2012","1.626","1.650","1.650","1.617","1.04M","-1.45%"
"04/12/2012","1.650","1.642","1.658","1.634","2.49M","1.48%"
"04/11/2012","1.626","1.617","1.650","1.617","5.91M","1.06%"
"04/10/2012","1.609","1.642","1.650","1.609","6.30M","-1.53%"
"04/09/2012","1.634","1.634","1.658","1.634","2.54M","-0.97%"
"04/08/2012","1.650","1.666","1.666","1.650","3.16M","-1.43%"
"04/05/2012","1.674","1.691","1.691","1.666","5.10M","-1.47%"
"04/04/2012","1.699","1.699","1.707","1.682","2.24M","-0.47%"
"04/03/2012","1.707","1.682","1.723","1.682","5.03M","1.49%"
"04/02/2012","1.682","1.699","1.707","1.682","3.27M","-1.46%"
"04/01/2012","1.707","1.715","1.723","1.699","1.90M","-0.47%"
"03/29/2012","1.715","1.707","1.731","1.699","6.75M","-5.35%"
"03/28/2012","1.812","1.804","1.812","1.780","8.79M","0.00%"
"03/27/2012","1.812","1.796","1.812","1.796","5.01M","0.00%"
"03/26/2012","1.812","1.804","1.812","1.796","2.43M","0.44%"
"03/25/2012","1.804","1.796","1.812","1.788","3.46M","0.89%"
"03/22/2012","1.788","1.804","1.804","1.788","4.73M","-0.89%"
"03/21/2012","1.804","1.788","1.804","1.780","5.26M","1.35%"
"03/20/2012","1.780","1.788","1.796","1.772","1.71M","-0.89%"
"03/19/2012","1.796","1.780","1.812","1.772","4.61M","0.45%"
"03/18/2012","1.788","1.821","1.829","1.780","4.70M","-0.89%"
"03/15/2012","1.804","1.772","1.837","1.772","17.61M","1.81%"
"03/14/2012","1.772","1.788","1.812","1.772","6.69M","0.45%"
"03/13/2012","1.764","1.788","1.796","1.764","3.06M","-0.45%"
"03/12/2012","1.772","1.788","1.804","1.764","4.88M","-0.45%"
"03/11/2012","1.780","1.764","1.788","1.756","4.05M","2.83%"
"03/08/2012","1.731","1.731","1.780","1.731","4.95M","0.46%"
"03/07/2012","1.723","1.747","1.756","1.715","6.91M","-2.32%"
"03/06/2012","1.764","1.788","1.804","1.756","4.83M","-2.22%"
"03/05/2012","1.804","1.821","1.829","1.780","7.20M","0.00%"
"03/04/2012","1.804","1.780","1.837","1.780","10.05M","1.35%"
"03/01/2012","1.780","1.812","1.812","1.772","3.33M","-1.33%"
"02/29/2012","1.804","1.788","1.829","1.772","9.29M","0.89%"
"02/28/2012","1.788","1.780","1.837","1.780","14.18M","-1.81%"
"02/27/2012","1.821","1.837","1.869","1.821","4.29M","-0.87%"
"02/26/2012","1.837","1.812","1.853","1.812","9.54M","1.83%"
"02/23/2012","1.804","1.788","1.812","1.788","4.54M","0.00%"
"02/22/2012","1.804","1.796","1.804","1.780","4.04M","0.89%"
"02/21/2012","1.788","1.780","1.796","1.764","6.93M","0.45%"
"02/20/2012","1.780","1.821","1.821","1.780","5.16M","-1.33%"
"02/19/2012","1.804","1.756","1.812","1.747","13.46M","3.26%"
"02/16/2012","1.747","1.756","1.756","1.747","900.18K","0.00%"
"02/15/2012","1.747","1.756","1.756","1.739","2.40M","0.00%"
"02/14/2012","1.747","1.764","1.772","1.747","3.97M","0.00%"
"02/13/2012","1.747","1.756","1.756","1.739","2.87M","-0.51%"
"02/12/2012","1.756","1.747","1.764","1.739","2.44M","0.00%"
"02/09/2012","1.756","1.756","1.756","1.731","3.22M","0.00%"
"02/08/2012","1.756","1.739","1.756","1.731","3.37M","0.52%"
"02/07/2012","1.747","1.747","1.747","1.723","2.91M","0.00%"
"02/06/2012","1.747","1.747","1.764","1.723","6.20M","1.39%"
"02/05/2012","1.723","1.723","1.739","1.707","6.11M","0.94%"
"02/02/2012","1.707","1.764","1.772","1.707","7.19M","-4.10%"
"02/01/2012","1.780","1.707","1.788","1.707","10.74M","4.28%"
"01/31/2012","1.707","1.666","1.707","1.666","5.33M","2.46%"
"01/30/2012","1.666","1.666","1.682","1.666","2.53M","0.48%"
"01/29/2012","1.658","1.650","1.682","1.634","5.81M","1.47%"
"01/26/2012","1.634","1.601","1.642","1.593","5.63M","2.06%"
"01/25/2012","1.601","1.593","1.601","1.585","3.10M","1.01%"
"01/24/2012","1.585","1.569","1.593","1.569","3.39M","1.02%"
"01/23/2012","1.569","1.561","1.585","1.561","1.32M","0.51%"
"01/22/2012","1.561","1.552","1.585","1.536","3.25M","0.00%"
"01/19/2012","1.561","1.544","1.561","1.536","2.29M","1.10%"
"01/18/2012","1.544","1.536","1.544","1.520","1.22M","0.52%"
"01/17/2012","1.536","1.528","1.544","1.512","1.02M","0.52%"
"01/16/2012","1.528","1.536","1.544","1.496","2.37M","-0.52%"
"01/15/2012","1.536","1.536","1.552","1.536","2.49M","0.00%"
"01/12/2012","1.536","1.544","1.552","1.536","1.29M","-0.52%"
"01/11/2012","1.544","1.544","1.544","1.536","837.99K","0.00%"
"01/10/2012","1.544","1.544","1.552","1.536","1.30M","0.00%"
"01/09/2012","1.544","1.552","1.552","1.536","695.49K","0.00%"
"01/08/2012","1.544","1.561","1.561","1.544","927.78K","-1.09%"
"01/05/2012","1.561","1.552","1.561","1.536","1.46M","0.58%"
"01/04/2012","1.552","1.552","1.552","1.544","782.61K","0.00%"
"01/03/2012","1.552","1.569","1.577","1.544","1.90M","-0.58%"
"01/02/2012","1.561","1.577","1.585","1.561","466.43K","-1.01%"
"12/29/2011","1.577","1.569","1.577","1.569","1.42M","0.51%"
"12/28/2011","1.569","1.561","1.569","1.552","2.33M","1.62%"
"12/27/2011","1.544","1.536","1.569","1.536","2.56M","0.00%"
"12/26/2011","1.544","1.552","1.561","1.536","5.54M","-0.52%"
"12/25/2011","1.552","1.577","1.593","1.552","1.33M","-1.08%"
"12/22/2011","1.569","1.552","1.577","1.536","1.08M","1.62%"
"12/21/2011","1.544","1.585","1.585","1.544","2.97M","-1.59%"
"12/20/2011","1.569","1.585","1.593","1.569","1.34M","-1.01%"
"12/19/2011","1.585","1.601","1.601","1.577","1.84M","-0.50%"
"12/18/2011","1.593","1.593","1.609","1.585","340.25K","0.00%"
"12/15/2011","1.593","1.609","1.609","1.585","2.08M","-0.99%"
"12/14/2011","1.609","1.617","1.617","1.609","1.67M","-0.49%"
"12/13/2011","1.617","1.617","1.626","1.609","1.70M","0.00%"
"12/12/2011","1.617","1.617","1.626","1.609","638.33K","0.00%"
"12/11/2011","1.617","1.617","1.634","1.609","3.38M","0.50%"
"12/08/2011","1.609","1.609","1.617","1.609","433.63K","-0.49%"
"12/07/2011","1.617","1.626","1.626","1.609","986.61K","0.00%"
"12/06/2011","1.617","1.626","1.650","1.617","1.87M","-1.04%"
"12/05/2011","1.634","1.642","1.650","1.634","1.47M","-0.97%"
"12/04/2011","1.650","1.626","1.650","1.626","3.55M","1.48%"
"11/30/2011","1.626","1.601","1.642","1.601","4.55M","0.56%"
"11/29/2011","1.617","1.601","1.617","1.601","711.69K","0.50%"
"11/28/2011","1.609","1.593","1.609","1.593","2.67M","1.00%"
"11/27/2011","1.593","1.601","1.617","1.593","3.52M","-0.50%"
"11/24/2011","1.601","1.601","1.609","1.585","1.64M","0.00%"
"11/23/2011","1.601","1.609","1.617","1.601","1.51M","-0.50%"
"11/22/2011","1.609","1.609","1.626","1.609","693.53K","-0.49%"
"11/21/2011","1.617","1.609","1.634","1.601","2.01M","-0.55%"
"11/20/2011","1.626","1.626","1.626","1.609","837.08K","-0.49%"
"11/17/2011","1.634","1.617","1.634","1.609","928.39K","0.49%"
"11/16/2011","1.626","1.626","1.626","1.609","1.32M","-0.49%"
"11/15/2011","1.634","1.609","1.634","1.609","1.55M","1.05%"
"11/14/2011","1.617","1.609","1.626","1.609","1.07M","0.00%"
"11/13/2011","1.617","1.609","1.634","1.601","1.48M","1.00%"
"11/10/2011","1.601","1.609","1.609","1.593","481.28K","-0.50%"
"11/09/2011","1.609","1.617","1.626","1.609","1.03M","0.00%"
"11/03/2011","1.609","1.593","1.609","1.593","1.66M","0.50%"
"11/02/2011","1.601","1.609","1.617","1.593","640.44K","0.00%"
"11/01/2011","1.601","1.626","1.626","1.601","2.61M","-1.54%"
"10/31/2011","1.626","1.642","1.642","1.617","2.27M","-0.97%"
"10/30/2011","1.642","1.609","1.642","1.609","7.68M","3.08%"
"10/27/2011","1.593","1.585","1.593","1.585","135.98K","0.00%"
"10/26/2011","1.593","1.577","1.601","1.577","1.81M","1.01%"
"10/25/2011","1.577","1.585","1.593","1.577","1.76M","-0.50%"
"10/24/2011","1.585","1.585","1.609","1.585","1.14M","0.00%"
"10/23/2011","1.585","1.585","1.593","1.569","1.39M","-0.50%"
"10/20/2011","1.593","1.585","1.593","1.577","1.10M","0.50%"
"10/19/2011","1.585","1.585","1.593","1.585","669.27K","0.00%"
"10/18/2011","1.585","1.585","1.593","1.577","1.41M","0.00%"
"10/17/2011","1.585","1.593","1.593","1.585","1.04M","0.00%"
"10/16/2011","1.585","1.609","1.609","1.577","939.95K","-0.50%"
"10/13/2011","1.593","1.569","1.601","1.569","1.65M","0.50%"
"10/12/2011","1.585","1.569","1.593","1.569","1.25M","0.00%"
"10/11/2011","1.585","1.569","1.585","1.569","905.44K","0.00%"
"10/10/2011","1.585","1.593","1.593","1.561","803.87K","-0.50%"
"10/09/2011","1.593","1.593","1.593","1.569","985.55K","1.01%"
"10/06/2011","1.577","1.561","1.577","1.561","1.19M","1.02%"
"10/05/2011","1.561","1.577","1.593","1.561","1.52M","0.00%"
"10/04/2011","1.561","1.585","1.585","1.544","4.40M","-2.01%"
"10/03/2011","1.593","1.585","1.601","1.585","2.17M","0.50%"
"10/02/2011","1.585","1.601","1.609","1.585","1.20M","-1.49%"
"09/29/2011","1.609","1.609","1.609","1.593","3.39M","-0.49%"
"09/28/2011","1.617","1.617","1.626","1.593","836.09K","0.50%"
"09/27/2011","1.609","1.626","1.634","1.609","1.76M","0.00%"
"09/26/2011","1.609","1.601","1.617","1.601","1.64M","0.50%"
"09/25/2011","1.601","1.609","1.626","1.601","1.51M","-0.99%"
"09/22/2011","1.617","1.626","1.626","1.617","1.61M","0.00%"
"09/21/2011","1.617","1.626","1.634","1.617","1.03M","-0.55%"
"09/20/2011","1.626","1.626","1.642","1.626","2.68M","0.00%"
"09/19/2011","1.626","1.617","1.642","1.617","1.42M","-0.97%"
"09/18/2011","1.642","1.626","1.642","1.626","950.78K","1.55%"
"09/15/2011","1.617","1.626","1.634","1.609","1.08M","-0.55%"
"09/14/2011","1.626","1.626","1.634","1.617","1.02M","0.56%"
"09/13/2011","1.617","1.617","1.634","1.617","1.11M","0.00%"
"09/12/2011","1.617","1.626","1.642","1.617","1.72M","-0.55%"
"09/11/2011","1.626","1.617","1.642","1.617","1.33M","0.00%"
"09/08/2011","1.626","1.626","1.650","1.626","2.20M","-0.97%"
"09/07/2011","1.642","1.642","1.642","1.626","911.06K","0.49%"
"09/06/2011","1.634","1.626","1.650","1.626","2.04M","0.49%"
"09/05/2011","1.626","1.626","1.642","1.626","1.57M","-0.97%"
"09/04/2011","1.642","1.666","1.666","1.634","714.33K","-0.48%"
"08/29/2011","1.650","1.650","1.666","1.642","3.00M","1.48%"
"08/28/2011","1.626","1.634","1.650","1.626","1.01M","0.00%"
"08/25/2011","1.626","1.609","1.634","1.609","4.00M","0.56%"
"08/24/2011","1.617","1.617","1.626","1.609","892.26K","0.50%"
"08/23/2011","1.609","1.609","1.626","1.609","1.80M","-0.49%"
"08/22/2011","1.617","1.617","1.634","1.609","2.13M","0.00%"
"08/21/2011","1.617","1.617","1.626","1.593","2.38M","-0.55%"
"08/18/2011","1.626","1.617","1.642","1.617","3.30M","0.00%"
"08/17/2011","1.626","1.617","1.634","1.617","859.61K","0.00%"
"08/16/2011","1.626","1.617","1.634","1.617","2.38M","0.56%"
"08/15/2011","1.617","1.617","1.634","1.617","1.93M","-1.52%"
"08/14/2011","1.642","1.634","1.650","1.617","1.60M","1.55%"
"08/11/2011","1.617","1.585","1.626","1.585","2.99M","0.00%"
"08/10/2011","1.617","1.609","1.626","1.601","3.61M","2.02%"
"08/09/2011","1.585","1.569","1.601","1.561","6.19M","0.00%"
"08/08/2011","1.585","1.617","1.658","1.585","8.57M","-3.00%"
"08/07/2011","1.634","1.634","1.642","1.569","4.49M","-2.39%"
"08/04/2011","1.674","1.666","1.691","1.666","2.09M","0.00%"
"08/03/2011","1.674","1.658","1.682","1.658","932.79K","-0.48%"
"08/02/2011","1.682","1.658","1.682","1.658","2.44M","1.45%"
"08/01/2011","1.658","1.682","1.682","1.658","2.56M","-0.96%"
"07/31/2011","1.674","1.634","1.674","1.634","6.40M","2.95%"
"07/28/2011","1.626","1.609","1.642","1.609","1.63M","0.00%"
"07/27/2011","1.626","1.634","1.634","1.617","1.17M","0.00%"
"07/26/2011","1.626","1.650","1.650","1.626","1.93M","0.00%"
"07/25/2011","1.626","1.642","1.650","1.626","3.04M","-0.97%"
"07/24/2011","1.642","1.642","1.650","1.634","810.78K","0.00%"
"07/21/2011","1.642","1.650","1.658","1.642","758.89K","-0.48%"
"07/20/2011","1.650","1.658","1.658","1.634","623.51K","0.98%"
"07/19/2011","1.634","1.634","1.650","1.626","1.62M","-0.97%"
"07/18/2011","1.650","1.642","1.658","1.634","2.73M","0.00%"
"07/17/2011","1.650","1.642","1.650","1.634","444.86K","-0.96%"
"07/14/2011","1.666","1.658","1.666","1.658","360.68K","0.00%"
"07/13/2011","1.666","1.650","1.666","1.650","1.58M","1.46%"
"07/12/2011","1.642","1.650","1.658","1.634","2.50M","-1.44%"
"07/11/2011","1.666","1.674","1.674","1.650","2.24M","0.00%"
"07/10/2011","1.666","1.650","1.674","1.650","941.60K","-0.48%"
"07/07/2011","1.674","1.674","1.682","1.658","1.93M","0.97%"
"07/06/2011","1.658","1.674","1.674","1.650","1.46M","-1.43%"
"07/05/2011","1.682","1.666","1.682","1.666","842.10K","0.48%"
"07/04/2011","1.674","1.666","1.682","1.666","217.97K","0.48%"
"07/03/2011","1.666","1.658","1.682","1.658","3.34M","1.96%"
"06/29/2011","1.634","1.650","1.674","1.634","4.11M","-0.49%"
"06/28/2011","1.642","1.666","1.682","1.634","3.53M","-1.44%"
"06/27/2011","1.666","1.658","1.666","1.642","2.91M","0.00%"
"06/26/2011","1.666","1.666","1.682","1.650","1.29M","-0.48%"
"06/23/2011","1.674","1.674","1.682","1.658","3.82M","0.00%"
"06/22/2011","1.674","1.691","1.691","1.666","2.91M","-1.01%"
"06/21/2011","1.691","1.691","1.707","1.691","989.08K","0.54%"
"06/20/2011","1.682","1.707","1.707","1.682","4.75M","-1.46%"
"06/19/2011","1.707","1.723","1.731","1.707","2.90M","0.00%"
"06/16/2011","1.707","1.715","1.731","1.699","6.20M","-0.47%"
"06/15/2011","1.715","1.691","1.723","1.691","8.25M","1.96%"
"06/14/2011","1.682","1.691","1.691","1.674","1.40M","0.48%"
"06/13/2011","1.674","1.682","1.691","1.666","850.96K","0.48%"
"06/12/2011","1.666","1.674","1.707","1.642","3.08M","-0.95%"
"06/09/2011","1.682","1.691","1.707","1.674","1.47M","-0.53%"
"06/08/2011","1.691","1.699","1.707","1.691","3.00M","-0.47%"
"06/07/2011","1.699","1.707","1.723","1.699","2.95M","0.00%"
"06/06/2011","1.699","1.707","1.715","1.699","1.05M","-0.47%"
"06/05/2011","1.707","1.691","1.715","1.691","1.09M","0.00%"
"06/02/2011","1.707","1.715","1.715","1.691","1.60M","-0.93%"
"06/01/2011","1.723","1.715","1.723","1.699","3.42M","1.41%"
"05/31/2011","1.699","1.682","1.715","1.682","7.63M","1.01%"
"05/30/2011","1.682","1.682","1.699","1.674","1.36M","0.00%"
"05/29/2011","1.682","1.691","1.691","1.682","1.68M","0.48%"
"05/26/2011","1.674","1.674","1.707","1.658","4.23M","0.97%"
"05/25/2011","1.658","1.674","1.674","1.642","6.95M","-1.95%"
"05/24/2011","1.691","1.691","1.715","1.666","5.16M","-0.94%"
"05/23/2011","1.707","1.739","1.739","1.682","6.04M","-2.29%"
"05/22/2011","1.747","1.739","1.747","1.731","2.57M","0.46%"
"05/19/2011","1.739","1.764","1.764","1.739","1.53M","-1.42%"
"05/18/2011","1.764","1.764","1.764","1.747","5.12M","0.46%"
"05/17/2011","1.756","1.715","1.756","1.715","2.54M","1.44%"
"05/16/2011","1.731","1.747","1.747","1.723","4.14M","-0.92%"
"05/15/2011","1.747","1.764","1.764","1.747","2.16M","-0.51%"
"05/12/2011","1.756","1.756","1.796","1.739","6.38M","-0.90%"
"05/11/2011","1.772","1.772","1.788","1.772","1.42M","0.00%"
"05/10/2011","1.772","1.747","1.780","1.747","1.70M","0.91%"
"05/09/2011","1.756","1.756","1.772","1.747","4.31M","0.00%"
"05/08/2011","1.756","1.756","1.796","1.756","3.09M","-0.90%"
"05/05/2011","1.772","1.780","1.796","1.772","3.99M","-0.89%"
"05/04/2011","1.788","1.796","1.812","1.788","3.45M","-1.32%"
"05/03/2011","1.812","1.804","1.821","1.796","2.90M","0.00%"
"05/02/2011","1.812","1.804","1.829","1.804","2.13M","-0.93%"
"05/01/2011","1.829","1.845","1.845","1.821","5.52M","0.94%"
"04/28/2011","1.812","1.829","1.853","1.804","9.17M","-2.21%"
"04/27/2011","1.853","1.812","1.853","1.812","5.74M","2.72%"
"04/26/2011","1.804","1.812","1.837","1.804","4.75M","0.00%"
"04/25/2011","1.804","1.829","1.829","1.796","3.49M","-1.37%"
"04/24/2011","1.829","1.853","1.861","1.812","4.36M","-1.30%"
"04/21/2011","1.853","1.886","1.886","1.853","10.97M","-1.33%"
"04/20/2011","1.878","1.837","1.878","1.829","17.91M","3.13%"
"04/19/2011","1.821","1.780","1.845","1.772","19.71M","2.30%"
"04/18/2011","1.780","1.796","1.804","1.780","4.74M","-0.89%"
"04/17/2011","1.796","1.764","1.812","1.764","18.39M","1.35%"
"04/14/2011","1.772","1.756","1.772","1.747","8.49M","0.91%"
"04/13/2011","1.756","1.739","1.772","1.739","9.31M","1.44%"
"04/12/2011","1.731","1.707","1.756","1.707","10.88M","0.46%"
"04/11/2011","1.723","1.731","1.739","1.715","5.16M","-0.92%"
"04/10/2011","1.739","1.756","1.764","1.739","8.97M","-0.46%"
"04/07/2011","1.747","1.747","1.756","1.731","10.82M","-4.06%"
"04/06/2011","1.821","1.804","1.821","1.796","6.26M","1.39%"
"04/05/2011","1.796","1.829","1.829","1.796","3.17M","-1.37%"
"04/04/2011","1.821","1.812","1.829","1.796","4.41M","0.50%"
"04/03/2011","1.812","1.821","1.853","1.804","11.08M","0.44%"
"03/31/2011","1.804","1.788","1.821","1.788","11.32M","1.35%"
"03/30/2011","1.780","1.788","1.796","1.772","3.77M","-0.45%"
"03/29/2011","1.788","1.821","1.821","1.780","4.01M","0.00%"
"03/28/2011","1.788","1.772","1.796","1.756","3.27M","0.00%"
"03/27/2011","1.788","1.829","1.837","1.780","11.59M","-0.45%"
"03/24/2011","1.796","1.780","1.812","1.772","12.88M","1.35%"
"03/23/2011","1.772","1.756","1.780","1.747","3.95M","0.00%"
"03/22/2011","1.772","1.756","1.780","1.756","8.20M","1.43%"
"03/21/2011","1.747","1.756","1.764","1.747","2.46M","-0.51%"
"03/20/2011","1.756","1.756","1.772","1.747","8.54M","0.98%"
"03/17/2011","1.739","1.699","1.747","1.699","3.51M","0.46%"
"03/16/2011","1.731","1.723","1.739","1.707","4.07M","0.46%"
"03/15/2011","1.723","1.707","1.756","1.699","5.38M","-1.37%"
"03/14/2011","1.747","1.747","1.764","1.731","3.67M","-1.85%"
"03/13/2011","1.780","1.764","1.788","1.756","14.82M","2.83%"
"03/10/2011","1.731","1.731","1.747","1.715","3.93M","0.00%"
"03/09/2011","1.731","1.699","1.747","1.699","7.72M","1.88%"
"03/08/2011","1.699","1.666","1.715","1.666","3.81M","1.98%"
"03/07/2011","1.666","1.691","1.691","1.666","1.17M","-2.40%"
"03/06/2011","1.707","1.764","1.764","1.674","7.27M","3.96%"
"03/03/2011","1.642","1.682","1.682","1.617","6.05M","-0.48%"
"03/02/2011","1.650","1.691","1.691","1.617","5.71M","-2.42%"
"03/01/2011","1.691","1.707","1.747","1.691","6.24M","-0.47%"
"02/28/2011","1.699","1.747","1.747","1.674","8.67M","-3.25%"
"02/27/2011","1.756","1.796","1.812","1.747","5.05M","-1.35%"
"02/24/2011","1.780","1.796","1.812","1.764","4.01M","-1.33%"
"02/23/2011","1.804","1.772","1.812","1.772","3.84M","0.89%"
"02/22/2011","1.788","1.788","1.829","1.772","5.17M","-0.45%"
"02/21/2011","1.796","1.837","1.837","1.796","3.71M","-1.80%"
"02/20/2011","1.829","1.861","1.869","1.821","8.02M","-3.43%"
"02/16/2011","1.894","1.902","1.910","1.869","5.88M","-0.84%"
"02/15/2011","1.910","1.861","1.918","1.861","19.70M","3.08%"
"02/14/2011","1.853","1.861","1.878","1.853","3.76M","-0.43%"
"02/13/2011","1.861","1.878","1.886","1.853","6.79M","0.43%"
"02/10/2011","1.853","1.861","1.861","1.837","4.51M","0.43%"
"02/09/2011","1.845","1.845","1.869","1.845","2.56M","-0.86%"
"02/08/2011","1.861","1.869","1.878","1.845","3.05M","-0.91%"
"02/07/2011","1.878","1.869","1.902","1.861","7.48M","0.00%"
"02/06/2011","1.878","1.829","1.886","1.821","13.82M","3.64%"
"02/03/2011","1.812","1.796","1.821","1.788","3.90M","-0.93%"
"02/02/2011","1.829","1.788","1.837","1.788","10.95M","3.68%"
"02/01/2011","1.764","1.756","1.780","1.747","2.49M","0.46%"
"01/31/2011","1.756","1.747","1.788","1.731","4.09M","-0.45%"
"01/30/2011","1.764","1.723","1.788","1.674","8.61M","-2.22%"
"01/27/2011","1.804","1.812","1.829","1.772","5.48M","0.00%"
"01/26/2011","1.804","1.796","1.821","1.796","2.61M","0.45%"
"01/25/2011","1.796","1.796","1.829","1.788","7.73M","0.90%"
"01/24/2011","1.780","1.747","1.788","1.747","2.67M","1.89%"
"01/23/2011","1.747","1.756","1.772","1.747","1.38M","-0.51%"
"01/20/2011","1.756","1.756","1.764","1.747","1.36M","-0.45%"
"01/19/2011","1.764","1.772","1.780","1.764","1.40M","0.46%"
"01/18/2011","1.756","1.747","1.780","1.747","3.26M","0.52%"
"01/17/2011","1.747","1.731","1.756","1.731","1.09M","0.46%"
"01/16/2011","1.739","1.756","1.772","1.739","4.53M","-1.42%"
"01/13/2011","1.764","1.772","1.788","1.764","3.05M","0.00%"
"01/12/2011","1.764","1.780","1.780","1.764","3.05M","-0.90%"
"01/11/2011","1.780","1.788","1.788","1.772","1.35M","-0.89%"
"01/10/2011","1.796","1.788","1.796","1.780","1.47M","0.00%"
"01/09/2011","1.796","1.804","1.804","1.796","1.02M","-0.44%"
"01/06/2011","1.804","1.788","1.804","1.780","1.13M","1.35%"
"01/05/2011","1.780","1.788","1.788","1.772","1.25M","-0.45%"
"01/04/2011","1.788","1.804","1.821","1.780","3.11M","0.00%"
"01/03/2011","1.788","1.804","1.812","1.788","2.08M","-0.89%"
"01/02/2011","1.804","1.796","1.812","1.764","2.54M","1.81%"