"Date","Price","Open","High","Low","Vol.","Change %"
"08/21/2026","21.56","21.64","21.76","21.56","1.41M","-0.74%"
"08/20/2026","21.72","21.84","21.90","21.36","2.61M","-0.37%"
"08/19/2026","21.80","21.96","21.96","21.66","3.70M","-0.91%"
"08/18/2026","22.00","21.16","22.00","20.94","5.35M","3.87%"
"08/17/2026","21.18","21.12","21.18","21.00","1.77M","0.28%"
"08/14/2026","21.12","20.84","21.18","20.68","4.05M","1.54%"
"08/13/2026","20.80","20.68","20.94","20.48","4.05M","0.29%"
"08/12/2026","20.74","20.54","20.74","20.48","1.32M","0.78%"
"08/11/2026","20.58","20.70","20.80","20.40","1.61M","-0.58%"
"08/10/2026","20.70","20.52","20.74","20.50","1.22M","0.98%"
"08/07/2026","20.50","20.56","20.62","20.42","1.07M","-2.29%"
"08/06/2026","20.98","20.98","21.08","20.86","3.17M","-0.10%"
"08/05/2026","21.00","21.00","21.06","20.74","5.69M","0.00%"
"08/04/2026","21.00","20.30","21.00","20.28","5.62M","3.45%"
"08/03/2026","20.30","20.40","20.52","20.26","2.31M","-0.29%"
"07/31/2026","20.36","20.30","20.40","20.00","4.68M","0.49%"
"07/30/2026","20.26","19.80","20.36","19.78","1.96M","1.91%"
"07/29/2026","19.88","19.60","19.90","19.54","2.10M","1.95%"
"07/28/2026","19.50","19.82","19.96","19.50","2.28M","-1.52%"
"07/27/2026","19.80","20.20","20.36","19.80","1.89M","-1.39%"
"07/24/2026","20.08","20.08","20.32","20.08","1.86M","0.00%"
"07/23/2026","20.08","20.04","20.38","20.02","3.65M","0.20%"
"07/22/2026","20.04","19.96","20.10","19.80","1.56M","0.50%"
"07/21/2026","19.94","20.10","20.32","19.94","1.66M","-1.09%"
"07/20/2026","20.16","20.12","20.18","19.98","1.62M","-0.59%"
"07/17/2026","20.28","20.16","20.28","19.98","2.33M","0.60%"
"07/16/2026","20.16","20.30","20.50","20.16","2.51M","-0.88%"
"07/15/2026","20.34","20.60","20.70","20.34","1.62M","-1.55%"
"07/14/2026","20.66","20.68","20.94","20.20","3.56M","-0.19%"
"07/13/2026","20.70","20.60","21.00","20.48","5.30M","0.00%"
"07/10/2026","20.70","20.00","20.92","20.00","14.71M","5.29%"
"07/09/2026","19.66","19.48","19.68","19.30","2.53M","0.82%"
"07/08/2026","19.50","19.60","19.66","19.24","3.35M","-1.12%"
"07/07/2026","19.72","19.72","19.72","19.46","2.24M","0.10%"
"07/06/2026","19.70","19.66","19.76","19.54","1.18M","0.20%"
"07/03/2026","19.66","19.34","19.66","19.34","1.87M","1.65%"
"07/02/2026","19.34","19.32","19.46","19.24","1.94M","0.00%"
"07/01/2026","19.34","19.24","19.42","19.06","3.19M","0.73%"
"06/30/2026","19.20","19.42","19.42","18.74","5.98M","-0.93%"
"06/29/2026","19.38","19.16","19.38","19.08","2.14M","0.94%"
"06/26/2026","19.20","19.44","19.44","19.04","3.27M","-1.03%"
"06/25/2026","19.40","19.60","19.66","19.14","1.98M","-0.92%"
"06/24/2026","19.58","19.52","19.70","19.36","3.84M","0.20%"
"06/23/2026","19.54","19.56","19.62","19.38","2.23M","-0.20%"
"06/22/2026","19.58","19.60","19.78","19.44","2.17M","-0.10%"
"06/19/2026","19.60","19.96","19.98","19.60","11.02M","-2.00%"
"06/18/2026","20.00","19.30","20.00","19.24","9.74M","3.31%"
"06/17/2026","19.36","19.26","19.36","19.10","6.49M","0.94%"
"06/16/2026","19.18","19.10","19.32","19.00","5.41M","1.16%"
"06/12/2026","18.96","18.74","18.96","18.44","7.32M","1.50%"
"06/11/2026","18.68","18.20","18.68","18.16","4.17M","2.64%"
"06/10/2026","18.20","18.52","18.52","18.20","2.09M","-1.83%"
"06/09/2026","18.54","18.26","18.60","18.26","2.81M","2.32%"
"06/08/2026","18.12","18.50","18.52","18.12","2.37M","-3.10%"
"06/05/2026","18.70","18.62","18.94","18.54","3.68M","0.32%"
"06/04/2026","18.64","18.36","18.66","18.28","3.11M","1.30%"
"06/03/2026","18.40","18.40","18.40","18.14","2.55M","-0.33%"
"06/02/2026","18.46","18.16","18.46","18.00","5.08M","2.44%"
"06/01/2026","18.02","18.00","18.52","17.92","10.33M","-0.11%"
"05/25/2026","18.04","18.54","18.74","18.04","19.24M","-2.38%"
"05/22/2026","18.48","18.38","18.48","18.30","2.66M","0.87%"
"05/21/2026","18.32","18.52","18.58","18.28","2.49M","-0.65%"
"05/20/2026","18.44","18.50","18.58","18.12","1.69M","-0.32%"
"05/19/2026","18.50","18.50","18.68","18.38","3.05M","0.87%"
"05/18/2026","18.34","18.80","18.80","18.16","2.25M","-2.45%"
"05/15/2026","18.80","18.80","18.90","18.60","3.67M","0.00%"
"05/14/2026","18.80","18.74","18.90","18.74","2.19M","0.43%"
"05/13/2026","18.72","19.10","19.10","18.68","1.76M","-1.37%"
"05/12/2026","18.98","19.00","19.10","18.84","1.15M","-0.11%"
"05/11/2026","19.00","19.34","19.36","18.96","919.28K","-1.76%"
"05/08/2026","19.34","19.34","19.34","19.12","1.15M","-0.10%"
"05/07/2026","19.36","19.26","19.40","19.20","2.44M","0.83%"
"05/06/2026","19.20","19.00","19.20","18.86","2.18M","1.48%"
"05/05/2026","18.92","19.00","19.00","18.70","1.18M","-0.73%"
"05/04/2026","19.06","18.86","19.14","18.82","2.05M","1.38%"
"05/01/2026","18.80","18.74","18.82","18.60","1.44M","1.08%"
"04/30/2026","18.60","18.96","19.00","18.60","3.12M","-1.90%"
"04/29/2026","18.96","19.06","19.30","18.92","2.07M","-0.32%"
"04/28/2026","19.02","19.16","19.20","19.02","1.03M","-0.11%"
"04/27/2026","19.04","19.12","19.30","19.04","922.86K","-0.42%"
"04/24/2026","19.12","19.20","19.22","19.04","961.44K","-0.42%"
"04/23/2026","19.20","19.02","19.22","19.02","1.24M","0.73%"
"04/22/2026","19.06","19.28","19.50","19.06","1.97M","-0.31%"
"04/21/2026","19.12","19.14","19.34","19.12","1.15M","-0.10%"
"04/20/2026","19.14","19.10","19.28","19.02","1.38M","0.21%"
"04/17/2026","19.10","19.46","19.48","19.10","1.97M","-1.55%"
"04/16/2026","19.40","19.52","19.66","19.34","2.02M","-0.61%"
"04/15/2026","19.52","19.52","19.56","19.32","3.04M","0.72%"
"04/14/2026","19.38","19.52","19.70","19.26","2.94M","-0.41%"
"04/13/2026","19.46","19.62","19.62","19.30","2.61M","-1.22%"
"04/10/2026","19.70","19.88","19.88","19.58","1.98M","-0.91%"
"04/09/2026","19.88","19.60","20.00","19.50","2.72M","1.12%"
"04/08/2026","19.66","19.50","20.80","19.42","7.17M","2.61%"
"04/07/2026","19.16","19.12","19.24","19.04","1.66M","0.31%"
"04/06/2026","19.10","19.06","19.24","19.00","2.74M","0.53%"
"04/03/2026","19.00","19.02","19.12","18.82","1.01M","-0.11%"
"04/02/2026","19.02","18.94","19.02","18.72","2.11M","-0.63%"
"04/01/2026","19.14","18.70","19.14","18.70","3.04M","2.68%"
"03/31/2026","18.64","18.54","18.78","18.34","4.24M","1.75%"
"03/30/2026","18.32","18.78","18.98","18.32","2.11M","-2.45%"
"03/27/2026","18.78","19.16","19.16","18.60","1.40M","0.64%"
"03/26/2026","18.66","19.38","19.38","18.66","3.39M","-3.81%"
"03/25/2026","19.40","19.12","19.44","19.00","4.92M","2.11%"
"03/24/2026","19.00","18.44","19.10","18.44","4.83M","3.49%"
"03/23/2026","18.36","18.40","18.78","18.02","4.40M","-0.22%"
"03/18/2026","18.40","18.60","19.30","18.40","10.71M","-0.86%"
"03/17/2026","18.56","18.40","19.04","18.02","4.78M","0.76%"
"03/16/2026","18.42","18.40","18.42","17.60","5.05M","0.00%"
"03/13/2026","18.42","18.72","18.98","18.30","3.37M","-1.60%"
"03/12/2026","18.72","19.64","19.64","18.72","4.07M","-4.97%"
"03/11/2026","19.70","19.60","19.90","19.50","5.54M","0.51%"
"03/10/2026","19.60","18.82","19.80","18.82","6.44M","2.94%"
"03/09/2026","19.04","19.18","19.20","18.50","3.94M","-0.83%"
"03/06/2026","19.20","19.60","19.88","19.04","5.55M","-3.81%"
"03/05/2026","19.96","18.72","19.96","18.72","6.71M","3.42%"
"03/04/2026","19.30","19.28","19.70","19.28","8.66M","-4.83%"
"02/27/2026","20.28","20.82","20.82","20.14","8.73M","-2.59%"
"02/26/2026","20.82","21.24","21.24","20.78","3.74M","-1.98%"
"02/25/2026","21.24","21.40","21.60","21.00","4.18M","-0.56%"
"02/24/2026","21.36","21.20","21.58","20.90","2.69M","0.75%"
"02/23/2026","21.20","21.00","21.28","20.80","4.09M","1.05%"
"02/20/2026","20.98","20.76","21.04","20.68","3.58M","1.06%"
"02/19/2026","20.76","21.42","21.42","20.74","4.68M","-3.08%"
"02/18/2026","21.42","20.92","21.42","20.80","4.17M","2.49%"
"02/17/2026","20.90","20.80","21.00","20.52","2.42M","0.19%"
"02/16/2026","20.86","20.82","21.10","20.68","1.37M","-0.19%"
"02/13/2026","20.90","21.26","21.26","20.62","3.52M","-1.69%"
"02/12/2026","21.26","21.50","21.50","20.98","4.42M","-1.12%"
"02/11/2026","21.50","20.90","21.50","20.72","4.29M","2.58%"
"02/10/2026","20.96","20.84","20.98","20.76","2.19M","0.10%"
"02/09/2026","20.94","20.62","20.94","20.56","3.09M","1.55%"
"02/06/2026","20.62","20.30","20.62","20.20","2.57M","1.08%"
"02/05/2026","20.40","20.26","20.50","20.14","2.17M","0.69%"
"02/04/2026","20.26","20.20","20.28","20.12","1.55M","0.10%"
"02/03/2026","20.24","19.92","20.28","19.92","2.19M","1.71%"
"02/02/2026","19.90","19.74","19.94","19.72","1.70M","1.02%"
"01/30/2026","19.70","20.00","20.10","19.70","5.59M","-1.60%"
"01/29/2026","20.02","20.32","20.36","20.02","2.86M","-1.48%"
"01/28/2026","20.32","20.28","20.44","20.14","3.87M","0.10%"
"01/27/2026","20.30","19.72","20.30","19.72","5.25M","2.63%"
"01/26/2026","19.78","19.66","19.78","19.32","1.60M","0.61%"
"01/23/2026","19.66","19.98","19.98","19.58","1.89M","-1.70%"
"01/22/2026","20.00","19.44","20.00","19.40","6.77M","2.88%"
"01/21/2026","19.44","19.46","19.46","19.36","1.99M","-0.10%"
"01/20/2026","19.46","19.46","19.50","19.34","3.11M","-0.21%"
"01/19/2026","19.50","19.50","19.56","19.34","1.99M","0.00%"
"01/16/2026","19.50","18.96","19.50","18.96","4.45M","2.85%"
"01/15/2026","18.96","18.76","18.98","18.72","1.98M","1.17%"
"01/14/2026","18.74","18.94","19.08","18.74","3.51M","-1.26%"
"01/13/2026","18.98","18.60","18.98","18.56","5.05M","1.82%"
"01/12/2026","18.64","18.54","18.64","18.38","2.23M","0.65%"
"01/09/2026","18.52","18.40","18.52","18.32","1.60M","0.22%"
"01/08/2026","18.48","18.60","18.70","18.40","1.85M","-0.86%"
"01/07/2026","18.64","18.46","18.64","18.42","4.82M","0.76%"
"01/06/2026","18.50","18.32","18.50","18.32","1.93M","1.09%"
"01/05/2026","18.30","18.46","18.48","18.22","1.79M","-0.87%"
"01/02/2026","18.46","18.34","18.46","18.32","413.91K","0.65%"
"12/31/2025","18.34","18.12","18.40","18.10","1.50M","1.21%"
"12/30/2025","18.12","18.46","18.50","18.10","2.67M","-1.74%"
"12/29/2025","18.44","18.50","18.52","18.44","926.32K","-0.11%"
"12/26/2025","18.46","18.46","18.50","18.44","547.09K","0.11%"
"12/25/2025","18.44","18.44","18.46","18.36","972.95K","0.00%"
"12/24/2025","18.44","18.52","18.52","18.38","666.11K","-0.43%"
"12/23/2025","18.52","18.30","18.52","18.24","2.15M","1.09%"
"12/22/2025","18.32","18.10","18.32","18.10","1.48M","1.44%"
"12/19/2025","18.06","18.30","18.32","18.06","9.23M","-1.31%"
"12/18/2025","18.30","18.06","18.30","18.06","1.40M","1.33%"
"12/17/2025","18.06","18.36","18.36","18.04","1.79M","-1.20%"
"12/16/2025","18.28","18.36","18.46","18.28","1.61M","-0.44%"
"12/15/2025","18.36","18.38","18.46","18.30","841.66K","-0.11%"
"12/12/2025","18.38","18.32","18.50","18.32","865.79K","-0.65%"
"12/11/2025","18.50","18.24","18.52","18.24","1.94M","1.43%"
"12/10/2025","18.24","18.38","18.38","18.16","2.42M","-0.65%"
"12/09/2025","18.36","18.18","18.36","18.00","4.59M","1.10%"
"12/08/2025","18.16","18.42","18.42","18.10","1.87M","-1.41%"
"12/05/2025","18.42","18.40","18.42","18.22","1.37M","0.11%"
"12/04/2025","18.40","18.40","18.56","18.24","2.89M","0.00%"
"12/03/2025","18.40","17.90","18.40","17.90","2.75M","2.22%"
"11/28/2025","18.00","17.94","18.00","17.70","1.81M","0.45%"
"11/27/2025","17.92","18.08","18.18","17.92","1.10M","-0.44%"
"11/26/2025","18.00","18.16","18.24","17.90","2.58M","-0.55%"
"11/25/2025","18.10","18.40","18.40","18.10","1.41M","-1.63%"
"11/24/2025","18.40","18.14","18.40","18.10","4.37M","2.11%"
"11/21/2025","18.02","18.48","18.48","18.02","1.64M","-2.49%"
"11/20/2025","18.48","18.40","18.58","18.34","4.48M","1.20%"
"11/19/2025","18.26","18.26","18.40","18.26","1.50M","-0.44%"
"11/18/2025","18.34","18.42","18.46","18.24","1.90M","-0.33%"
"11/17/2025","18.40","18.50","18.66","18.26","1.52M","-0.54%"
"11/14/2025","18.50","18.84","18.84","18.50","2.20M","-1.91%"
"11/13/2025","18.86","18.78","18.90","18.70","2.14M","0.86%"
"11/12/2025","18.70","19.00","19.08","18.70","1.71M","-1.58%"
"11/11/2025","19.00","18.82","19.16","18.82","1.56M","1.17%"
"11/10/2025","18.78","19.02","19.14","18.78","1.38M","-1.98%"
"11/07/2025","19.16","19.00","19.16","18.94","684.97K","0.63%"
"11/06/2025","19.04","19.02","19.10","18.90","2.18M","0.11%"
"11/05/2025","19.02","19.18","19.18","18.98","1.33M","-0.94%"
"11/04/2025","19.20","19.10","19.20","18.94","2.08M","1.05%"
"11/03/2025","19.00","19.48","19.62","19.00","2.72M","-2.06%"
"10/31/2025","19.40","19.94","19.94","19.40","2.30M","-2.71%"
"10/30/2025","19.94","19.22","19.94","19.20","6.04M","3.85%"
"10/29/2025","19.20","19.00","19.36","18.98","3.95M","0.42%"
"10/28/2025","19.12","19.12","19.12","19.12","","0.00%"
"10/27/2025","19.12","19.42","19.60","19.12","2.93M","-1.44%"
"10/24/2025","19.40","19.34","19.42","19.24","809.53K","-0.10%"
"10/23/2025","19.42","19.30","19.48","19.20","2.04M","0.21%"
"10/22/2025","19.38","19.04","19.38","18.96","2.13M","1.89%"
"10/21/2025","19.02","19.18","19.20","18.98","982.97K","-0.83%"
"10/20/2025","19.18","19.30","19.38","19.18","1.36M","-0.62%"
"10/17/2025","19.30","19.40","19.40","19.10","1.77M","-0.41%"
"10/16/2025","19.38","19.06","19.46","19.00","3.43M","1.68%"
"10/15/2025","19.06","18.90","19.12","18.86","2.68M","0.95%"
"10/14/2025","18.88","18.88","19.18","18.80","2.14M","0.00%"
"10/13/2025","18.88","18.80","18.96","18.66","1.14M","0.32%"
"10/10/2025","18.82","19.06","19.06","18.82","802.14K","-1.26%"
"10/09/2025","19.06","18.76","19.06","18.68","2.57M","1.60%"
"10/08/2025","18.76","18.46","18.78","18.40","2.02M","1.19%"
"10/07/2025","18.54","18.82","18.84","18.44","3.19M","-1.38%"
"10/06/2025","18.80","18.70","18.84","18.64","1.06M","0.53%"
"10/03/2025","18.70","18.60","18.70","18.54","1.18M","0.54%"
"10/02/2025","18.60","18.56","18.76","18.54","1.39M","0.22%"
"10/01/2025","18.56","18.80","18.84","18.52","1.52M","-1.49%"
"09/30/2025","18.84","18.44","18.84","18.44","3.35M","2.17%"
"09/29/2025","18.44","18.34","18.48","18.32","1.01M","-0.11%"
"09/26/2025","18.46","18.30","18.50","18.24","1.75M","0.87%"
"09/25/2025","18.30","18.50","18.58","18.30","1.70M","-1.19%"
"09/24/2025","18.52","18.80","18.82","18.32","4.97M","-2.01%"
"09/23/2025","18.90","18.76","18.90","18.60","1.87M","0.21%"
"09/22/2025","18.86","18.72","18.86","18.54","3.25M","1.18%"
"09/19/2025","18.64","18.06","18.64","18.06","11.77M","2.98%"
"09/18/2025","18.10","17.90","18.12","17.90","2.04M","1.12%"
"09/17/2025","17.90","17.86","18.00","17.82","1.40M","0.22%"
"09/16/2025","17.86","17.70","17.94","17.70","2.17M","0.45%"
"09/15/2025","17.78","17.74","17.80","17.60","1.66M","0.34%"
"09/12/2025","17.72","17.46","17.76","17.42","3.05M","1.84%"
"09/11/2025","17.40","17.56","17.60","17.40","2.80M","-0.91%"
"09/10/2025","17.56","17.54","17.68","17.44","3.51M","-0.34%"
"09/09/2025","17.62","17.76","17.80","17.44","3.33M","-0.45%"
"09/08/2025","17.70","17.84","18.02","17.70","2.26M","-0.67%"
"09/04/2025","17.82","18.00","18.00","17.78","1.12M","-0.56%"
"09/03/2025","17.92","17.82","18.16","17.82","1.84M","0.56%"
"09/02/2025","17.82","17.88","17.98","17.66","1.55M","0.22%"
"09/01/2025","17.78","18.10","18.12","17.72","1.69M","-1.66%"
"08/29/2025","18.08","18.04","18.22","18.04","1.46M","0.22%"
"08/28/2025","18.04","18.20","18.20","18.04","1.36M","-0.33%"
"08/27/2025","18.10","18.34","18.34","18.10","1.69M","-0.66%"
"08/26/2025","18.22","18.24","18.40","18.18","8.15M","-0.11%"
"08/25/2025","18.24","18.02","18.34","18.02","1.94M","1.22%"
"08/22/2025","18.02","18.02","18.08","18.00","922.43K","0.00%"
"08/21/2025","18.02","18.12","18.16","18.02","1.28M","-0.66%"
"08/20/2025","18.14","18.24","18.24","18.12","1.21M","-0.66%"
"08/19/2025","18.26","18.16","18.26","18.14","3.00M","0.44%"
"08/18/2025","18.18","18.12","18.26","18.08","1.40M","0.33%"
"08/15/2025","18.12","18.16","18.24","18.06","1.66M","-0.22%"
"08/14/2025","18.16","18.30","18.32","18.16","1.64M","-0.77%"
"08/13/2025","18.30","18.24","18.50","18.24","1.56M","0.33%"
"08/12/2025","18.24","18.30","18.38","18.20","1.16M","-0.33%"
"08/11/2025","18.30","18.60","18.62","18.24","1.52M","-1.61%"
"08/08/2025","18.60","18.72","18.72","18.56","1.44M","-2.00%"
"08/07/2025","18.98","18.92","19.02","18.86","1.99M","0.32%"
"08/06/2025","18.92","19.04","19.04","18.88","1.70M","-0.73%"
"08/05/2025","19.06","19.08","19.08","18.94","1.69M","-0.10%"
"08/04/2025","19.08","19.08","19.08","18.90","2.58M","0.42%"
"08/01/2025","19.00","19.02","19.18","18.90","4.94M","0.32%"
"07/31/2025","18.94","18.94","18.94","18.94","","0.00%"
"07/30/2025","18.94","18.70","18.94","18.66","1.80M","1.28%"
"07/29/2025","18.70","18.90","18.96","18.62","1.42M","-0.53%"
"07/28/2025","18.80","19.00","19.04","18.72","2.14M","-0.95%"
"07/25/2025","18.98","18.80","19.04","18.72","3.56M","0.85%"
"07/24/2025","18.82","18.70","18.90","18.60","1.91M","0.64%"
"07/23/2025","18.70","18.54","18.70","18.54","2.87M","0.75%"
"07/22/2025","18.56","18.50","18.60","18.38","1.69M","0.22%"
"07/21/2025","18.52","18.70","18.76","18.40","2.20M","-0.96%"
"07/18/2025","18.70","18.48","18.76","18.38","5.04M","1.74%"
"07/17/2025","18.38","18.22","18.44","18.16","4.41M","0.88%"
"07/16/2025","18.22","18.40","18.58","18.22","4.23M","-0.98%"
"07/15/2025","18.40","17.98","18.50","17.96","8.46M","2.45%"
"07/14/2025","17.96","17.84","17.96","17.84","3.08M","0.79%"
"07/11/2025","17.82","17.90","17.92","17.82","1.44M","-0.45%"
"07/10/2025","17.90","17.96","17.98","17.86","1.94M","0.00%"
"07/09/2025","17.90","17.74","18.08","17.74","4.91M","0.56%"
"07/08/2025","17.80","17.82","17.82","17.54","3.79M","0.00%"
"07/07/2025","17.80","17.66","17.84","17.60","2.84M","1.14%"
"07/04/2025","17.60","17.50","17.68","17.44","1.31M","0.57%"
"07/03/2025","17.50","17.34","17.56","17.22","2.37M","0.92%"
"07/02/2025","17.34","17.44","17.48","17.26","1.91M","-0.57%"
"07/01/2025","17.44","17.60","17.70","17.36","1.88M","-0.91%"
"06/30/2025","17.60","17.30","17.62","17.28","4.68M","1.85%"
"06/26/2025","17.28","17.22","17.36","17.20","4.21M","0.70%"
"06/25/2025","17.16","17.12","17.26","17.12","3.58M","0.23%"
"06/24/2025","17.12","17.10","17.40","17.02","7.13M","1.30%"
"06/23/2025","16.90","16.74","16.96","16.54","2.42M","0.96%"
"06/20/2025","16.74","16.46","16.90","16.46","4.98M","1.70%"
"06/19/2025","16.46","16.50","16.60","16.40","1.55M","-0.24%"
"06/18/2025","16.50","16.78","16.84","16.46","3.59M","-1.55%"
"06/17/2025","16.76","16.88","16.92","16.76","2.04M","-0.36%"
"06/16/2025","16.82","16.86","17.10","16.80","2.37M","-0.24%"
"06/13/2025","16.86","17.10","17.10","16.78","4.38M","-2.20%"
"06/12/2025","17.24","17.68","17.68","17.24","3.93M","-2.60%"
"06/11/2025","17.70","17.66","18.00","17.66","9.40M","0.23%"
"06/10/2025","17.66","17.30","17.66","17.30","5.58M","1.96%"
"06/09/2025","17.32","17.22","17.38","17.22","4.59M","0.58%"
"06/04/2025","17.22","17.20","17.28","17.20","4.31M","0.00%"
"06/03/2025","17.22","17.14","17.24","17.14","3.04M","0.70%"
"06/02/2025","17.10","17.20","17.24","17.10","2.48M","-0.47%"
"05/30/2025","17.18","17.14","17.28","17.14","15.35M","-0.35%"
"05/29/2025","17.24","17.24","17.28","17.14","3.64M","0.00%"
"05/28/2025","17.24","17.22","17.24","17.18","3.29M","0.00%"
"05/27/2025","17.24","17.16","17.26","17.14","2.18M","0.12%"
"05/26/2025","17.22","17.28","17.28","17.10","1.55M","-0.35%"
"05/23/2025","17.28","17.24","17.28","17.18","1.62M","0.58%"
"05/22/2025","17.18","17.18","17.26","17.14","1.71M","0.12%"
"05/21/2025","17.16","17.22","17.32","17.12","3.87M","-0.35%"
"05/20/2025","17.22","17.22","17.38","17.22","2.30M","0.00%"
"05/19/2025","17.22","17.24","17.30","17.14","2.07M","-0.12%"
"05/16/2025","17.24","17.12","17.26","17.04","2.02M","1.17%"
"05/15/2025","17.04","17.14","17.20","17.00","2.12M","-0.70%"
"05/14/2025","17.16","17.10","17.28","17.00","2.54M","0.35%"
"05/13/2025","17.10","17.24","17.34","17.10","2.44M","-0.81%"
"05/12/2025","17.24","17.30","17.38","17.20","2.64M","-0.23%"
"05/09/2025","17.28","17.32","17.32","17.14","2.21M","-0.35%"
"05/08/2025","17.34","17.30","17.36","17.10","3.12M","0.70%"
"05/07/2025","17.22","17.40","17.40","17.14","2.93M","-1.03%"
"05/06/2025","17.40","17.46","17.46","17.24","2.96M","-0.34%"
"05/05/2025","17.46","17.40","17.52","17.32","1.18M","0.23%"
"05/02/2025","17.42","17.44","17.54","17.40","4.05M","-0.11%"
"05/01/2025","17.44","17.40","17.44","17.30","1.26M","0.23%"
"04/30/2025","17.40","17.46","17.62","17.32","5.04M","-0.34%"
"04/29/2025","17.46","17.34","17.54","17.24","2.77M","0.81%"
"04/28/2025","17.32","17.24","17.36","17.06","2.37M","0.70%"
"04/25/2025","17.20","17.02","17.38","17.02","2.98M","0.00%"
"04/24/2025","17.20","17.08","17.20","16.98","2.96M","-1.26%"
"04/23/2025","17.42","17.48","17.64","17.24","4.39M","-0.46%"
"04/22/2025","17.50","17.50","17.60","17.38","3.48M","0.00%"
"04/21/2025","17.50","17.34","17.50","17.22","1.59M","0.92%"
"04/18/2025","17.34","17.36","17.42","17.20","558.26K","-0.12%"
"04/17/2025","17.36","17.30","17.50","17.16","3.31M","0.12%"
"04/16/2025","17.34","17.00","17.34","16.88","4.55M","2.00%"
"04/15/2025","17.00","17.02","17.02","16.82","2.70M","-0.12%"
"04/14/2025","17.02","16.70","17.02","16.52","3.01M","2.04%"
"04/11/2025","16.68","16.22","16.68","16.22","2.32M","2.96%"
"04/10/2025","16.20","16.60","16.70","16.20","1.79M","-0.25%"
"04/09/2025","16.24","15.82","16.40","15.74","3.25M","2.65%"
"04/08/2025","15.82","16.22","16.32","15.82","4.35M","-2.47%"
"04/07/2025","16.22","16.22","16.26","15.60","3.34M","-3.34%"
"04/04/2025","16.78","16.46","16.82","16.34","2.30M","1.70%"
"04/03/2025","16.50","16.60","16.60","16.32","2.85M","-0.84%"
"04/02/2025","16.64","17.00","17.00","16.52","4.39M","-1.54%"
"03/28/2025","16.90","17.10","17.10","16.88","3.59M","-1.17%"
"03/27/2025","17.10","17.10","17.22","16.86","3.03M","0.00%"
"03/26/2025","17.10","17.18","17.34","17.02","2.17M","-0.47%"
"03/25/2025","17.18","17.60","17.60","17.18","2.30M","-2.39%"
"03/24/2025","17.60","17.48","17.60","17.30","746.13K","0.69%"
"03/21/2025","17.48","17.30","17.48","17.20","4.96M","1.04%"
"03/20/2025","17.30","17.42","17.42","17.22","1.76M","-0.69%"
"03/19/2025","17.42","17.50","17.50","17.28","1.94M","-0.46%"
"03/18/2025","17.50","17.46","17.50","17.24","2.53M","0.23%"
"03/17/2025","17.46","17.24","17.46","17.24","1.37M","0.11%"
"03/14/2025","17.44","17.20","17.44","17.10","1.44M","1.40%"
"03/13/2025","17.20","17.04","17.30","17.04","1.68M","0.94%"
"03/12/2025","17.04","17.50","17.50","16.90","2.54M","-2.63%"
"03/11/2025","17.50","17.02","17.50","16.88","5.88M","2.22%"
"03/10/2025","17.12","16.70","17.12","16.60","3.11M","2.51%"
"03/07/2025","16.70","16.66","16.70","16.42","2.14M","0.00%"
"03/06/2025","16.70","16.60","16.70","16.50","1.12M","0.72%"
"03/05/2025","16.58","16.72","16.80","16.58","2.09M","-0.84%"
"03/04/2025","16.72","16.64","16.72","16.58","1.66M","0.97%"
"03/03/2025","16.56","16.68","16.82","16.54","2.31M","-0.72%"
"02/28/2025","16.68","17.04","17.06","16.68","6.90M","-2.00%"
"02/27/2025","17.02","17.20","17.20","16.94","1.85M","-0.93%"
"02/26/2025","17.18","16.88","17.18","16.88","3.85M","2.38%"
"02/25/2025","16.78","16.76","16.84","16.70","1.16M","0.36%"
"02/24/2025","16.72","16.60","16.84","16.60","2.01M","0.72%"
"02/21/2025","16.60","16.52","16.66","16.46","1.97M","0.48%"
"02/20/2025","16.52","16.48","16.66","16.38","2.33M","0.98%"
"02/19/2025","16.36","16.60","16.64","16.36","3.52M","-1.45%"
"02/18/2025","16.60","16.40","16.60","16.30","3.09M","1.22%"
"02/17/2025","16.40","16.82","16.82","16.32","4.14M","-2.73%"
"02/14/2025","16.86","17.00","17.02","16.80","1.59M","0.12%"
"02/13/2025","16.84","16.98","17.12","16.84","1.62M","-0.82%"
"02/12/2025","16.98","17.02","17.14","16.92","1.69M","-0.24%"
"02/11/2025","17.02","17.16","17.16","17.02","1.65M","-0.82%"
"02/10/2025","17.16","17.16","17.18","17.00","1.17M","-0.23%"
"02/07/2025","17.20","17.14","17.22","17.06","1.34M","0.23%"
"02/06/2025","17.16","16.92","17.16","16.92","1.84M","1.30%"
"02/05/2025","16.94","17.14","17.14","16.94","2.87M","-1.17%"
"02/04/2025","17.14","17.30","17.46","16.92","6.44M","-0.92%"
"02/03/2025","17.30","17.04","17.30","16.78","3.14M","1.17%"
"01/31/2025","17.10","17.52","17.62","17.00","2.98M","-2.29%"
"01/30/2025","17.50","17.70","17.84","17.46","1.95M","-1.13%"
"01/29/2025","17.70","17.36","17.76","17.28","3.32M","1.96%"
"01/28/2025","17.36","17.10","17.48","17.04","2.29M","1.40%"
"01/27/2025","17.12","17.08","17.14","16.96","1.62M","0.12%"
"01/24/2025","17.10","16.94","17.10","16.80","1.44M","0.94%"
"01/23/2025","16.94","16.92","16.98","16.88","1.55M","0.47%"
"01/22/2025","16.86","16.72","17.14","16.72","4.10M","1.20%"
"01/21/2025","16.66","16.40","16.74","16.38","2.33M","1.71%"
"01/20/2025","16.38","16.40","16.40","16.22","689.79K","0.12%"
"01/17/2025","16.36","16.28","16.36","16.18","1.42M","0.49%"
"01/16/2025","16.28","16.30","16.32","16.20","1.17M","-0.12%"
"01/15/2025","16.30","16.28","16.36","16.22","1.43M","0.12%"
"01/14/2025","16.28","16.28","16.38","16.24","1.01M","0.00%"
"01/13/2025","16.28","16.26","16.52","16.26","2.29M","0.12%"
"01/10/2025","16.26","16.38","16.48","16.24","1.85M","-0.73%"
"01/09/2025","16.38","16.46","16.62","16.34","2.00M","-0.36%"
"01/08/2025","16.44","16.42","16.64","16.42","1.94M","0.12%"
"01/07/2025","16.42","16.30","16.60","16.30","2.92M","0.74%"
"01/06/2025","16.30","16.16","16.36","16.12","2.00M","0.99%"
"01/03/2025","16.14","16.14","16.30","16.14","1.09M","0.12%"
"01/02/2025","16.12","16.46","16.46","16.02","1.60M","-1.23%"
"12/31/2024","16.32","16.24","16.42","16.24","873.27K","0.49%"
"12/30/2024","16.24","16.50","16.60","16.24","1.65M","-1.22%"
"12/27/2024","16.44","16.74","16.78","16.44","1.00M","-1.32%"
"12/26/2024","16.66","16.58","16.76","16.58","948.42K","0.85%"
"12/25/2024","16.52","16.34","16.58","16.34","1.26M","0.98%"
"12/24/2024","16.36","16.30","16.42","16.26","706.94K","0.25%"
"12/23/2024","16.32","16.00","16.32","16.00","1.70M","2.64%"
"12/20/2024","15.90","16.10","16.26","15.90","5.35M","-1.24%"
"12/19/2024","16.10","16.28","16.34","16.10","2.31M","-1.23%"
"12/18/2024","16.30","16.32","16.42","16.24","1.65M","-0.12%"
"12/17/2024","16.32","16.14","16.40","16.12","1.86M","1.12%"
"12/16/2024","16.14","16.26","16.40","16.12","2.22M","-0.98%"
"12/13/2024","16.30","16.48","16.50","16.30","1.69M","-0.85%"
"12/12/2024","16.44","16.54","16.60","16.44","1.65M","-0.36%"
"12/11/2024","16.50","16.46","16.64","16.42","1.55M","0.36%"
"12/10/2024","16.44","16.54","16.62","16.44","2.39M","-0.60%"
"12/09/2024","16.54","16.62","16.66","16.54","1.66M","-0.48%"
"12/06/2024","16.62","16.68","16.74","16.62","1.16M","-0.24%"
"12/05/2024","16.66","16.64","16.72","16.60","1.53M","0.36%"
"12/04/2024","16.60","16.58","16.88","16.58","4.03M","0.24%"
"11/29/2024","16.56","16.90","16.90","16.56","3.64M","-1.78%"
"11/28/2024","16.86","17.26","17.26","16.86","2.23M","-0.94%"
"11/27/2024","17.02","17.12","17.32","17.02","3.00M","-0.58%"
"11/26/2024","17.12","16.88","17.12","16.88","739.28K","1.54%"
"11/25/2024","16.86","17.10","17.64","16.86","9.67M","-0.82%"
"11/22/2024","17.00","17.20","17.28","17.00","1.59M","-0.58%"
"11/21/2024","17.10","17.38","17.54","17.10","1.90M","-1.95%"
"11/20/2024","17.44","17.38","17.56","17.38","900.63K","0.46%"
"11/19/2024","17.36","17.42","17.52","17.36","1.22M","-0.23%"
"11/18/2024","17.40","17.42","17.54","17.40","1.31M","0.00%"
"11/15/2024","17.40","17.42","17.58","17.34","1.87M","-0.11%"
"11/14/2024","17.42","17.62","17.66","17.42","2.13M","-1.36%"
"11/13/2024","17.66","17.54","17.66","17.50","1.57M","0.80%"
"11/12/2024","17.52","17.68","17.70","17.52","2.20M","-0.90%"
"11/11/2024","17.68","17.66","17.76","17.62","965.19K","0.23%"
"11/08/2024","17.64","17.64","17.72","17.54","601.96K","0.23%"
"11/07/2024","17.60","17.70","17.72","17.56","1.48M","-0.11%"
"11/06/2024","17.62","17.78","18.04","17.62","2.96M","-1.56%"
"11/05/2024","17.90","17.60","17.90","17.50","1.68M","2.29%"
"11/04/2024","17.50","17.78","17.88","17.50","1.66M","-1.57%"
"11/01/2024","17.78","17.72","17.84","17.64","1.10M","0.34%"
"10/31/2024","17.72","17.52","17.76","17.46","6.09M","-0.78%"
"10/30/2024","17.86","17.86","17.86","17.86","","0.00%"
"10/29/2024","17.86","17.58","17.88","17.54","1.54M","1.13%"
"10/28/2024","17.66","17.22","17.66","17.22","1.47M","2.79%"
"10/25/2024","17.18","17.18","17.30","17.10","1.43M","0.94%"
"10/24/2024","17.02","17.28","17.42","17.02","1.18M","-0.93%"
"10/23/2024","17.18","17.54","17.66","17.18","1.63M","-2.83%"
"10/22/2024","17.68","17.60","17.68","17.48","1.48M","0.68%"
"10/21/2024","17.56","17.68","17.68","17.46","916.64K","-0.57%"
"10/18/2024","17.66","17.60","17.68","17.46","765.31K","0.91%"
"10/17/2024","17.50","17.60","17.62","17.46","2.06M","-0.57%"
"10/16/2024","17.60","17.68","17.70","17.48","2.42M","-0.23%"
"10/15/2024","17.64","17.88","18.00","17.64","2.28M","-1.34%"
"10/14/2024","17.88","18.00","18.00","17.82","1.29M","-0.11%"
"10/11/2024","17.90","17.92","18.04","17.86","1.27M","-0.11%"
"10/10/2024","17.92","17.90","18.06","17.82","1.03M","0.22%"
"10/09/2024","17.88","18.04","18.20","17.84","1.73M","-0.89%"
"10/08/2024","18.04","17.88","18.08","17.50","1.88M","2.73%"
"10/07/2024","17.56","17.52","17.90","17.50","2.01M","0.23%"
"10/04/2024","17.52","17.96","18.00","17.52","2.07M","-2.45%"
"10/03/2024","17.96","18.40","18.44","17.90","3.06M","-2.39%"
"10/02/2024","18.40","18.38","18.48","18.24","1.80M","-0.22%"
"10/01/2024","18.44","18.52","18.64","18.36","2.37M","-0.32%"
"09/30/2024","18.50","18.68","18.68","18.48","2.80M","-1.39%"
"09/27/2024","18.76","18.94","19.00","18.76","1.39M","-0.95%"
"09/26/2024","18.94","19.00","19.00","18.76","2.18M","-0.32%"
"09/25/2024","19.00","18.92","19.00","18.64","2.56M","0.53%"
"09/24/2024","18.90","18.70","18.90","18.50","2.15M","1.29%"
"09/23/2024","18.66","18.62","18.78","18.52","1.33M","0.21%"
"09/20/2024","18.62","18.62","18.86","18.60","4.57M","0.11%"
"09/19/2024","18.60","18.50","18.70","18.48","1.66M","0.54%"
"09/18/2024","18.50","18.48","18.58","18.30","1.98M","0.22%"
"09/17/2024","18.46","18.18","18.48","18.06","2.05M","1.99%"
"09/16/2024","18.10","17.98","18.14","17.88","914.10K","0.67%"
"09/13/2024","17.98","17.86","18.12","17.72","1.24M","1.47%"
"09/12/2024","17.72","17.82","17.98","17.62","1.71M","-0.11%"
"09/11/2024","17.74","18.20","18.26","17.74","2.19M","-2.53%"
"09/10/2024","18.20","17.92","18.34","17.92","2.50M","1.56%"
"09/09/2024","17.92","18.34","18.42","17.92","1.96M","-2.18%"
"09/06/2024","18.32","18.52","18.66","18.32","1.20M","-1.40%"
"09/05/2024","18.58","18.14","18.72","18.14","2.80M","1.53%"
"09/04/2024","18.30","18.12","18.30","17.98","1.84M","0.55%"
"09/03/2024","18.20","18.04","18.20","18.02","1.28M","0.89%"
"09/02/2024","18.04","18.00","18.14","17.90","2.67M","-0.55%"
"08/30/2024","18.14","17.50","18.14","17.36","10.63M","3.66%"
"08/29/2024","17.50","17.28","17.50","17.20","1.47M","1.39%"
"08/28/2024","17.26","17.66","17.72","17.24","1.77M","-2.27%"
"08/27/2024","17.66","17.60","17.78","17.46","1.63M","0.00%"
"08/26/2024","17.66","17.62","17.90","17.50","2.10M","0.11%"
"08/23/2024","17.64","17.46","17.64","17.46","1.49M","0.68%"
"08/22/2024","17.52","17.36","17.52","17.30","1.97M","1.15%"
"08/21/2024","17.32","17.46","17.60","17.32","7.53M","-0.57%"
"08/20/2024","17.42","17.12","17.44","17.06","2.46M","1.75%"
"08/19/2024","17.12","16.80","17.16","16.80","2.67M","2.03%"
"08/16/2024","16.78","16.70","16.90","16.60","1.52M","0.48%"
"08/15/2024","16.70","16.78","16.82","16.56","1.41M","-0.36%"
"08/14/2024","16.76","16.90","16.96","16.76","1.41M","-0.83%"
"08/13/2024","16.90","16.92","16.94","16.76","1.20M","0.00%"
"08/12/2024","16.90","17.10","17.22","16.90","1.71M","-1.05%"
"08/09/2024","17.08","17.24","17.50","17.08","2.14M","-2.40%"
"08/08/2024","17.50","17.12","17.64","17.00","7.68M","2.22%"
"08/07/2024","17.12","16.90","17.32","16.86","3.81M","1.30%"
"08/06/2024","16.90","16.40","16.94","16.40","6.63M","3.30%"
"08/05/2024","16.36","16.60","16.60","16.30","3.24M","-2.85%"
"08/02/2024","16.84","16.60","16.90","16.40","2.85M","1.45%"
"08/01/2024","16.60","16.42","16.74","16.42","2.67M","1.34%"
"07/31/2024","16.38","16.68","16.70","16.32","2.75M","-1.92%"
"07/30/2024","16.70","17.24","17.24","16.70","4.96M","-3.13%"
"07/29/2024","17.24","17.26","17.28","17.04","2.34M","-0.12%"
"07/26/2024","17.26","17.10","17.26","16.96","2.26M","1.05%"
"07/25/2024","17.08","16.98","17.08","16.76","2.37M","0.59%"
"07/24/2024","16.98","16.76","16.98","16.74","1.52M","1.31%"
"07/23/2024","16.76","16.50","16.82","16.50","3.82M","1.58%"
"07/22/2024","16.50","16.28","16.50","16.28","2.38M","1.35%"
"07/19/2024","16.28","16.30","16.30","16.20","1.62M","-0.12%"
"07/18/2024","16.30","16.18","16.36","16.16","2.29M","0.74%"
"07/17/2024","16.18","16.18","16.20","16.06","1.52M","0.00%"
"07/16/2024","16.18","16.10","16.24","16.06","19.76M","0.62%"
"07/15/2024","16.08","16.04","16.08","15.96","2.00M","0.50%"
"07/12/2024","16.00","16.04","16.08","16.00","1.01M","-0.50%"
"07/11/2024","16.08","16.04","16.10","15.98","1.35M","0.00%"
"07/10/2024","16.08","16.04","16.08","15.90","1.41M","0.25%"
"07/09/2024","16.04","15.94","16.12","15.90","2.26M","0.38%"
"07/08/2024","15.98","16.02","16.08","15.90","1.32M","-0.13%"
"07/05/2024","16.00","16.06","16.08","15.94","1.61M","-0.50%"
"07/04/2024","16.08","16.24","16.26","15.98","2.13M","-0.99%"
"07/03/2024","16.24","16.22","16.24","16.12","3.12M","0.12%"
"07/02/2024","16.22","16.06","16.22","16.06","2.90M","0.75%"
"07/01/2024","16.10","16.06","16.10","15.90","2.66M","0.00%"
"06/28/2024","16.10","15.94","16.12","15.92","7.85M","1.00%"
"06/27/2024","15.94","15.88","15.96","15.84","3.40M","0.50%"
"06/26/2024","15.86","16.10","16.20","15.86","2.86M","-1.49%"
"06/25/2024","16.10","16.00","16.16","15.96","1.55M","0.50%"
"06/24/2024","16.02","15.88","16.02","15.88","1.62M","1.01%"
"06/21/2024","15.86","16.06","16.20","15.86","5.46M","-1.12%"
"06/20/2024","16.04","15.94","16.04","15.88","7.12M","0.88%"
"06/19/2024","15.90","15.96","15.98","15.86","1.31M","0.00%"
"06/14/2024","15.90","15.96","15.98","15.84","1.01M","0.51%"
"06/13/2024","15.82","16.00","16.00","15.76","2.20M","-1.13%"
"06/12/2024","16.00","16.10","16.16","15.86","2.58M","-0.37%"
"06/11/2024","16.06","16.06","16.24","16.06","1.42M","-0.62%"
"06/10/2024","16.16","16.02","16.26","16.02","1.83M","1.00%"
"06/07/2024","16.00","16.02","16.10","15.82","1.02M","0.00%"
"06/06/2024","16.00","15.84","16.10","15.74","1.78M","1.27%"
"06/05/2024","15.80","16.26","16.28","15.80","2.82M","-2.83%"
"06/04/2024","16.26","15.98","16.26","15.98","2.64M","1.88%"
"06/03/2024","15.96","16.12","16.44","15.96","4.60M","-0.87%"
"05/31/2024","16.10","15.54","16.14","15.48","23.73M","3.87%"
"05/30/2024","15.50","15.10","15.50","15.10","4.26M","3.33%"
"05/29/2024","15.00","15.06","15.40","14.90","5.60M","0.00%"
"05/28/2024","15.00","15.40","15.40","15.00","4.19M","-2.60%"
"05/27/2024","15.40","15.48","15.58","15.32","2.23M","0.00%"
"05/24/2024","15.40","15.82","15.86","15.40","4.31M","-2.04%"
"05/23/2024","15.72","16.02","16.08","15.72","3.98M","-2.24%"
"05/22/2024","16.08","16.02","16.18","15.96","4.25M","0.50%"
"05/21/2024","16.00","16.12","16.16","15.96","4.23M","-0.74%"
"05/20/2024","16.12","16.14","16.24","16.06","1.91M","0.12%"
"05/17/2024","16.10","16.24","16.40","16.10","2.06M","-0.49%"
"05/16/2024","16.18","16.22","16.28","16.12","1.87M","-0.12%"
"05/15/2024","16.20","16.52","16.58","16.16","2.17M","-1.82%"
"05/14/2024","16.50","16.62","16.70","16.50","1.64M","-0.24%"
"05/13/2024","16.54","16.78","16.88","16.54","1.32M","-1.43%"
"05/10/2024","16.78","16.82","16.88","16.72","1.16M","0.00%"
"05/09/2024","16.78","16.90","16.96","16.72","3.30M","-0.59%"
"05/08/2024","16.88","16.22","16.88","16.22","3.18M","4.46%"
"05/07/2024","16.16","16.12","16.40","16.12","2.21M","0.37%"
"05/06/2024","16.10","16.20","16.34","16.00","2.09M","-0.49%"
"05/03/2024","16.18","16.44","16.44","16.16","2.65M","-0.98%"
"05/02/2024","16.34","16.46","16.54","16.32","3.42M","-1.68%"
"05/01/2024","16.62","16.96","17.08","16.62","4.56M","-2.24%"
"04/29/2024","17.00","17.00","17.18","16.84","2.95M","0.12%"
"04/26/2024","16.98","16.82","17.04","16.80","2.54M","1.07%"
"04/25/2024","16.80","16.82","16.98","16.76","2.19M","0.00%"
"04/24/2024","16.80","17.16","17.22","16.80","2.72M","-1.18%"
"04/23/2024","17.00","17.10","17.36","17.00","2.36M","-0.12%"
"04/22/2024","17.02","17.54","17.66","17.02","2.93M","-3.08%"
"04/19/2024","17.56","18.14","18.14","17.56","2.39M","-3.30%"
"04/18/2024","18.16","17.78","18.20","17.78","2.53M","2.25%"
"04/17/2024","17.76","17.74","17.94","17.70","1.38M","0.91%"
"04/16/2024","17.60","18.06","18.20","17.60","2.43M","-2.44%"
"04/15/2024","18.04","18.26","18.26","18.04","2.60M","-1.85%"
"04/05/2024","18.38","18.38","18.40","18.30","427.43K","0.00%"
"04/04/2024","18.38","18.28","18.44","18.26","1.14M","0.99%"
"04/03/2024","18.20","18.30","18.48","18.20","2.27M","-0.55%"
"04/02/2024","18.30","18.28","18.40","18.22","3.45M","0.11%"
"04/01/2024","18.28","18.34","18.36","18.28","1.58M","-0.44%"
"03/29/2024","18.36","18.34","18.38","18.24","179.48K","0.22%"
"03/28/2024","18.32","18.26","18.36","18.24","2.36M","0.33%"
"03/27/2024","18.26","18.32","18.36","18.26","6.26M","-0.22%"
"03/26/2024","18.30","18.30","18.40","18.30","2.10M","0.00%"
"03/25/2024","18.30","18.34","18.34","18.24","2.53M","-0.11%"
"03/22/2024","18.32","18.32","18.44","18.32","1.22M","0.11%"
"03/21/2024","18.30","18.28","18.46","18.20","29.36M","0.00%"
"03/20/2024","18.30","18.30","18.32","18.22","3.14M","0.33%"
"03/19/2024","18.24","18.30","18.38","18.24","3.45M","-0.33%"
"03/18/2024","18.30","18.24","18.52","18.18","2.41M","-0.11%"
"03/15/2024","18.32","17.96","18.32","17.80","9.21M","1.78%"
"03/14/2024","18.00","17.88","18.00","17.80","1.99M","0.78%"
"03/13/2024","17.86","17.90","17.94","17.80","758.52K","-0.22%"
"03/12/2024","17.90","17.90","18.00","17.86","1.09M","0.00%"
"03/11/2024","17.90","18.00","18.06","17.88","1.72M","-0.56%"
"03/08/2024","18.00","17.70","18.18","17.70","929.03K","1.69%"
"03/07/2024","17.70","17.66","17.94","17.66","1.27M","0.23%"
"03/06/2024","17.66","18.04","18.16","17.66","1.61M","-2.00%"
"03/05/2024","18.02","18.26","18.26","18.02","1.16M","-1.42%"
"03/04/2024","18.28","18.28","18.30","18.06","1.66M","0.33%"
"03/01/2024","18.22","18.14","18.30","18.14","815.51K","0.66%"
"02/29/2024","18.10","18.48","18.50","18.10","5.03M","-2.06%"
"02/28/2024","18.48","18.58","18.58","18.36","882.90K","-0.54%"
"02/27/2024","18.58","18.36","18.58","18.16","1.98M","1.42%"
"02/26/2024","18.32","18.54","18.62","18.32","1.16M","-0.76%"
"02/23/2024","18.46","18.52","18.54","18.34","1.99M","-0.11%"
"02/22/2024","18.48","18.96","18.96","18.44","10.72M","-2.63%"
"02/21/2024","18.98","19.08","19.08","18.76","1.89M","-0.42%"
"02/19/2024","19.06","18.98","19.08","18.84","1.73M","0.32%"
"02/16/2024","19.00","19.06","19.06","18.78","1.31M","-0.42%"
"02/15/2024","19.08","19.00","19.18","18.96","896.47K","0.00%"
"02/14/2024","19.08","18.68","19.08","18.66","1.81M","2.14%"
"02/13/2024","18.68","18.50","18.68","18.48","617.91K","0.97%"
"02/12/2024","18.50","18.62","18.72","18.46","1.13M","-0.64%"
"02/09/2024","18.62","18.82","18.84","18.50","1.07M","-0.96%"
"02/08/2024","18.80","18.80","18.86","18.38","1.34M","0.21%"
"02/07/2024","18.76","18.62","18.92","18.62","1.21M","0.86%"
"02/06/2024","18.60","19.10","19.10","18.60","2.70M","-2.62%"
"02/05/2024","19.10","18.98","19.12","18.98","1.06M","0.63%"
"02/02/2024","18.98","19.28","19.36","18.98","2.02M","-1.56%"
"02/01/2024","19.28","19.20","19.28","19.10","1.95M","0.52%"
"01/31/2024","19.18","19.24","19.26","19.02","3.01M","-0.31%"
"01/30/2024","19.24","19.80","19.80","19.24","2.48M","-2.83%"
"01/29/2024","19.80","19.64","19.80","19.50","882.16K","1.02%"
"01/26/2024","19.60","20.04","20.06","19.52","1.19M","-2.39%"
"01/25/2024","20.08","20.28","20.28","19.90","1.05M","-0.89%"
"01/24/2024","20.26","20.30","20.30","20.12","953.30K","-0.20%"
"01/23/2024","20.30","20.08","20.32","20.08","1.41M","0.89%"
"01/22/2024","20.12","20.00","20.12","19.98","941.94K","0.80%"
"01/19/2024","19.96","19.86","20.00","19.86","944.75K","0.60%"
"01/18/2024","19.84","19.84","20.04","19.82","1.27M","0.10%"
"01/17/2024","19.82","19.80","20.16","19.78","2.45M","-0.10%"
"01/16/2024","19.84","19.80","19.90","19.64","1.70M","0.20%"
"01/15/2024","19.80","19.88","19.94","19.72","719.04K","-0.60%"
"01/12/2024","19.92","19.96","19.96","19.72","736.61K","-0.20%"
"01/11/2024","19.96","19.88","20.10","19.76","1.94M","0.50%"
"01/10/2024","19.86","19.74","19.90","19.74","888.36K","0.40%"
"01/09/2024","19.78","19.70","19.88","19.64","1.92M","0.30%"
"01/08/2024","19.72","19.56","19.78","19.48","1.05M","0.82%"
"01/05/2024","19.56","19.40","19.56","19.38","478.43K","0.62%"
"01/04/2024","19.44","19.52","19.52","19.38","1.30M","-0.41%"
"01/03/2024","19.52","19.70","19.70","19.44","1.24M","-1.11%"
"01/02/2024","19.74","19.64","19.74","19.40","1.54M","0.51%"
"12/29/2023","19.64","19.88","19.92","19.10","1.25M","-1.21%"
"12/28/2023","19.88","19.76","19.94","19.76","1.51M","1.02%"
"12/27/2023","19.68","19.50","19.68","19.40","1.40M","0.82%"
"12/26/2023","19.52","19.38","19.52","19.34","593.68K","0.51%"
"12/25/2023","19.42","19.40","19.50","19.38","611.85K","-0.10%"
"12/22/2023","19.44","19.20","19.44","19.18","1.11M","1.25%"
"12/21/2023","19.20","19.00","19.24","18.94","11.85M","0.95%"
"12/20/2023","19.02","19.32","19.32","19.02","1.15M","-1.86%"
"12/19/2023","19.38","19.30","19.38","19.20","1.18M","0.73%"
"12/18/2023","19.24","19.44","19.44","19.20","944.47K","-1.13%"
"12/15/2023","19.46","19.20","19.46","19.10","4.61M","0.83%"
"12/14/2023","19.30","19.08","19.30","19.00","1.40M","1.26%"
"12/13/2023","19.06","18.98","19.06","18.82","924.16K","0.63%"
"12/12/2023","18.94","18.94","18.98","18.84","2.73M","0.00%"
"12/11/2023","18.94","18.72","18.94","18.72","958.21K","1.28%"
"12/08/2023","18.70","19.20","19.20","18.70","1.30M","-2.81%"
"12/07/2023","19.24","19.20","19.24","19.06","1.28M","-0.31%"
"12/06/2023","19.30","19.38","19.38","19.02","1.83M","-0.41%"
"12/05/2023","19.38","19.36","19.40","19.20","840.21K","0.10%"
"12/01/2023","19.36","19.30","19.44","19.26","1.04M","0.21%"
"11/30/2023","19.32","19.28","19.62","19.18","8.89M","0.21%"
"11/29/2023","19.28","19.26","19.30","19.12","1.15M","0.42%"
"11/28/2023","19.20","19.08","19.20","18.90","2.31M","1.05%"
"11/27/2023","19.00","19.52","19.52","19.00","2.36M","-2.66%"
"11/24/2023","19.52","19.58","19.58","19.40","753.57K","0.00%"
"11/23/2023","19.52","19.68","19.74","19.40","642.59K","-0.91%"
"11/22/2023","19.70","19.68","19.78","19.60","786.47K","0.00%"
"11/21/2023","19.70","20.00","20.08","19.54","1.86M","-1.99%"
"11/20/2023","20.10","20.00","20.12","19.94","1.13M","0.10%"
"11/17/2023","20.08","20.10","20.10","19.82","1.21M","0.00%"
"11/16/2023","20.08","19.88","20.12","19.72","1.96M","0.90%"
"11/15/2023","19.90","19.42","19.90","19.28","1.98M","2.90%"
"11/14/2023","19.34","19.26","19.42","19.18","812.90K","0.42%"
"11/13/2023","19.26","19.64","19.80","19.22","1.04M","-1.83%"
"11/10/2023","19.62","19.50","19.94","19.40","627.21K","0.62%"
"11/09/2023","19.50","19.84","19.90","19.48","1.14M","-2.30%"
"11/08/2023","19.96","19.90","20.04","19.64","986.53K","0.71%"
"11/07/2023","19.82","20.02","20.50","19.82","4.49M","-1.69%"
"11/06/2023","20.16","19.56","20.26","19.56","2.96M","3.38%"
"11/03/2023","19.50","19.06","19.56","19.00","1.40M","2.31%"
"11/02/2023","19.06","18.80","19.14","18.80","1.72M","1.17%"
"11/01/2023","18.84","18.46","18.84","18.38","1.84M","2.06%"
"10/31/2023","18.46","18.46","18.56","18.26","2.25M","0.65%"
"10/30/2023","18.34","18.24","18.44","18.04","1.34M","1.89%"
"10/27/2023","18.00","17.90","18.16","17.70","1.96M","0.78%"
"10/26/2023","17.86","18.66","18.66","17.84","4.88M","-3.98%"
"10/25/2023","18.60","18.56","18.86","18.54","1.91M","0.76%"
"10/24/2023","18.46","18.60","18.78","18.44","1.09M","-0.32%"
"10/23/2023","18.52","18.80","19.50","18.52","1.21M","-1.49%"
"10/20/2023","18.80","19.12","19.18","18.58","2.68M","-1.67%"
"10/19/2023","19.12","19.50","19.70","19.12","1.58M","-1.95%"
"10/18/2023","19.50","19.40","19.64","19.04","2.48M","0.72%"
"10/17/2023","19.36","18.78","19.48","18.76","2.45M","3.20%"
"10/16/2023","18.76","18.80","18.84","18.60","1.37M","0.00%"
"10/13/2023","18.76","18.70","18.96","18.62","1.02M","0.86%"
"10/12/2023","18.60","19.36","19.42","18.08","2.81M","-3.93%"
"10/11/2023","19.36","19.50","19.54","19.34","1.73M","0.00%"
"10/10/2023","19.36","19.50","19.50","19.24","1.55M","0.83%"
"10/09/2023","19.20","19.80","19.80","19.10","2.34M","-3.13%"
"10/06/2023","19.82","20.18","20.26","19.72","1.87M","-1.78%"
"10/05/2023","20.18","20.46","20.46","20.16","1.91M","-1.37%"
"10/04/2023","20.46","20.62","20.66","20.44","1.94M","-0.20%"
"10/03/2023","20.50","20.54","20.70","20.46","1.63M","0.39%"
"10/02/2023","20.42","20.48","20.64","20.32","2.22M","-0.10%"
"09/28/2023","20.44","20.52","20.92","20.44","2.22M","-0.97%"
"09/27/2023","20.64","20.38","20.64","20.38","2.46M","1.18%"
"09/26/2023","20.40","20.50","20.60","20.36","1.86M","-0.49%"
"09/25/2023","20.50","20.60","20.60","20.34","2.20M","-0.49%"
"09/22/2023","20.60","20.32","20.60","20.32","1.22M","1.18%"
"09/21/2023","20.36","20.54","20.54","20.06","1.51M","-0.20%"
"09/20/2023","20.40","20.48","20.68","20.40","1.61M","-0.39%"
"09/19/2023","20.48","20.42","20.70","20.36","1.13M","0.59%"
"09/18/2023","20.36","20.28","20.70","20.12","2.25M","0.30%"
"09/15/2023","20.30","20.14","20.38","20.00","5.86M","0.89%"
"09/14/2023","20.12","19.76","20.12","19.68","2.12M","2.13%"
"09/13/2023","19.70","19.68","19.70","19.46","2.03M","0.31%"
"09/12/2023","19.64","19.54","19.64","19.20","1.61M","0.72%"
"09/11/2023","19.50","19.58","19.60","19.42","965.49K","0.72%"
"09/08/2023","19.36","19.02","19.38","19.02","1.45M","1.89%"
"09/07/2023","19.00","18.52","19.12","18.50","3.47M","2.70%"
"09/06/2023","18.50","18.76","18.88","18.50","2.56M","-1.39%"
"09/05/2023","18.76","19.08","19.08","18.70","2.67M","-1.26%"
"09/04/2023","19.00","19.70","19.84","19.00","2.63M","-3.06%"
"09/01/2023","19.60","19.88","20.00","19.58","1.18M","-1.21%"
"08/31/2023","19.84","19.94","20.08","19.84","4.86M","-0.50%"
"08/30/2023","19.94","20.08","20.22","19.88","1.60M","-0.20%"
"08/29/2023","19.98","19.82","20.08","19.82","1.51M","1.01%"
"08/28/2023","19.78","20.00","20.10","19.74","1.91M","-1.10%"
"08/25/2023","20.00","20.44","20.44","20.00","954.78K","-0.89%"
"08/24/2023","20.18","20.36","20.36","20.04","1.74M","0.60%"
"08/23/2023","20.06","20.70","20.88","20.06","2.14M","-3.09%"
"08/22/2023","20.70","21.14","21.24","20.70","1.47M","-1.43%"
"08/21/2023","21.00","21.30","21.36","21.00","1.32M","-1.41%"
"08/18/2023","21.30","21.00","21.30","21.00","1.85M","1.62%"
"08/17/2023","20.96","21.26","21.26","20.96","1.63M","-0.66%"
"08/16/2023","21.10","21.02","21.36","20.82","2.41M","1.05%"
"08/15/2023","20.88","21.40","21.44","20.86","1.47M","-2.43%"
"08/14/2023","21.40","21.84","21.98","21.38","1.45M","-2.01%"
"08/11/2023","21.84","22.10","22.12","21.84","1.02M","-1.18%"
"08/10/2023","22.10","22.18","22.18","21.94","1.64M","-0.90%"
"08/09/2023","22.30","22.38","22.42","22.22","1.29M","0.00%"
"08/08/2023","22.30","22.10","22.64","22.10","3.25M","1.09%"
"08/07/2023","22.06","22.10","22.20","22.06","912.63K","-0.18%"
"08/04/2023","22.10","22.28","22.28","22.04","820.36K","0.09%"
"08/03/2023","22.08","22.40","22.54","22.08","1.82M","-1.43%"
"08/02/2023","22.40","22.42","22.60","22.24","1.98M","0.00%"
"07/31/2023","22.40","22.38","22.44","22.28","1.22M","0.00%"
"07/28/2023","22.40","22.24","22.40","22.24","668.94K","0.63%"
"07/27/2023","22.26","22.34","22.42","22.26","1.18M","-0.54%"
"07/26/2023","22.38","22.48","22.54","22.34","1.50M","-0.36%"
"07/25/2023","22.46","22.38","22.48","22.26","1.37M","0.45%"
"07/24/2023","22.36","22.40","22.40","22.32","693.06K","0.45%"
"07/20/2023","22.26","22.30","22.38","22.24","662.09K","-0.18%"
"07/19/2023","22.30","22.50","22.50","22.30","902.53K","-0.98%"
"07/18/2023","22.52","22.42","22.52","22.32","855.93K","0.36%"
"07/17/2023","22.44","22.24","22.44","22.06","1.73M","0.81%"
"07/14/2023","22.26","22.08","22.26","21.94","2.00M","1.83%"
"07/13/2023","21.86","21.96","22.18","21.80","1.44M","-0.55%"
"07/12/2023","21.98","21.74","21.98","21.66","1.60M","1.10%"
"07/11/2023","21.74","21.88","22.08","21.74","1.74M","-0.46%"
"07/10/2023","21.84","22.02","22.20","21.84","1.49M","-1.18%"
"07/07/2023","22.10","22.30","22.30","22.08","1.49M","-0.45%"
"07/06/2023","22.20","22.40","22.40","22.16","2.69M","-0.80%"
"07/05/2023","22.38","22.36","22.46","22.26","1.54M","0.36%"
"07/04/2023","22.30","22.36","22.40","22.24","784.38K","-0.27%"
"07/03/2023","22.36","22.40","22.44","22.20","2.73M","-0.18%"
"06/26/2023","22.40","22.42","22.42","22.20","1.92M","0.27%"
"06/23/2023","22.34","22.30","22.34","22.26","912.25K","0.36%"
"06/22/2023","22.26","22.36","22.40","22.26","1.69M","-0.54%"
"06/21/2023","22.38","22.40","22.40","22.24","2.00M","-0.09%"
"06/20/2023","22.40","22.42","22.44","22.26","2.54M","-0.09%"
"06/19/2023","22.42","22.38","22.44","22.20","2.32M","-0.27%"
"06/16/2023","22.48","22.22","22.48","22.20","6.22M","1.17%"
"06/15/2023","22.22","22.22","22.30","22.06","2.15M","-0.36%"
"06/14/2023","22.30","22.24","22.36","22.12","1.99M","0.90%"
"06/13/2023","22.10","22.40","22.42","22.10","2.03M","-1.34%"
"06/12/2023","22.40","22.26","22.48","22.18","1.21M","0.63%"
"06/09/2023","22.26","22.60","22.66","22.26","1.18M","-0.71%"
"06/08/2023","22.42","22.66","22.66","22.34","872.65K","-1.06%"
"06/07/2023","22.66","22.50","22.66","22.26","2.14M","0.71%"
"06/06/2023","22.50","22.60","22.68","22.34","2.12M","-0.44%"
"06/05/2023","22.60","22.92","23.30","22.36","1.24M","-1.48%"
"06/02/2023","22.94","22.60","22.94","22.14","2.93M","1.96%"
"06/01/2023","22.50","23.10","23.48","22.50","2.17M","-2.51%"
"05/31/2023","23.08","23.60","24.08","23.06","27.91M","-2.70%"
"05/30/2023","23.72","23.20","24.18","23.20","4.71M","2.51%"
"05/29/2023","23.14","23.18","23.50","23.02","1.50M","0.17%"
"05/26/2023","23.10","22.72","23.50","22.64","1.89M","1.58%"
"05/25/2023","22.74","22.92","23.22","22.74","1.62M","-1.13%"
"05/24/2023","23.00","22.80","23.36","22.80","2.15M","0.09%"
"05/23/2023","22.98","22.80","23.84","22.74","2.84M","0.61%"
"05/22/2023","22.84","22.02","22.90","22.00","2.04M","3.72%"
"05/19/2023","22.02","22.04","22.32","22.02","1.02M","0.00%"
"05/18/2023","22.02","22.50","22.62","22.02","1.51M","-2.13%"
"05/17/2023","22.50","22.58","22.66","22.08","1.52M","-0.35%"
"05/16/2023","22.58","22.52","22.90","22.50","1.58M","-0.18%"
"05/15/2023","22.62","23.28","23.28","22.62","2.82M","-1.82%"
"05/12/2023","23.04","23.40","23.44","23.04","1.18M","-2.21%"
"05/11/2023","23.56","23.46","23.56","23.28","970.98K","-0.08%"
"05/10/2023","23.58","23.44","23.58","23.26","995.95K","0.51%"
"05/09/2023","23.46","23.48","23.48","23.28","743.56K","-0.09%"
"05/08/2023","23.48","23.50","23.50","23.22","883.69K","0.34%"
"05/05/2023","23.40","23.40","23.52","23.24","606.93K","-0.34%"
"05/04/2023","23.48","23.30","23.58","23.30","947.70K","1.12%"
"05/03/2023","23.22","23.22","23.60","23.16","2.28M","0.09%"
"05/01/2023","23.20","24.02","24.02","23.20","1.09M","-3.33%"
"04/28/2023","24.00","24.20","24.48","24.00","1.42M","-0.83%"
"04/27/2023","24.20","23.96","24.40","23.88","1.19M","1.00%"
"04/26/2023","23.96","23.98","23.98","23.70","1.68M","0.42%"
"04/25/2023","23.86","23.96","24.14","23.68","1.15M","-0.42%"
"04/24/2023","23.96","23.30","23.96","23.26","1.27M","2.48%"
"04/19/2023","23.38","23.50","23.56","23.10","1.10M","-2.09%"
"04/18/2023","23.88","23.80","23.88","23.62","1.54M","0.34%"
"04/17/2023","23.80","23.60","23.80","23.40","1.72M","1.36%"
"04/14/2023","23.48","23.42","23.58","23.28","1.05M","0.17%"
"04/13/2023","23.44","23.62","23.62","23.30","1.77M","-0.26%"
"04/12/2023","23.50","23.28","23.58","23.16","1.43M","1.29%"
"04/11/2023","23.20","23.20","23.28","23.10","1.28M","0.09%"
"04/10/2023","23.18","23.00","23.20","22.96","515.99K","0.87%"
"04/07/2023","22.98","22.72","23.00","22.62","481.69K","1.14%"
"04/06/2023","22.72","22.80","22.80","22.64","598.60K","-0.53%"
"04/05/2023","22.84","22.82","22.86","22.50","1.22M","0.00%"
"04/04/2023","22.84","22.80","22.98","22.70","1.07M","0.18%"
"04/03/2023","22.80","22.70","22.80","22.10","1.76M","3.35%"
"03/31/2023","22.06","22.60","22.70","22.06","2.38M","-1.52%"
"03/30/2023","22.40","22.88","23.00","22.36","2.78M","-1.15%"
"03/29/2023","22.66","23.32","23.38","22.66","3.14M","-2.83%"
"03/28/2023","23.32","23.44","23.44","23.18","1.66M","-0.43%"
"03/27/2023","23.42","23.64","23.78","23.30","1.03M","-1.18%"
"03/24/2023","23.70","23.76","23.76","23.60","878.88K","-0.25%"
"03/23/2023","23.76","23.76","23.76","23.54","930.79K","-0.17%"
"03/22/2023","23.80","23.78","23.80","23.40","945.30K","0.34%"
"03/21/2023","23.72","23.40","23.80","23.22","1.16M","1.37%"
"03/20/2023","23.40","23.14","23.40","22.82","634.98K","2.72%"
"03/17/2023","22.78","23.46","23.46","22.78","8.75M","-1.81%"
"03/16/2023","23.20","23.50","23.50","23.10","1.19M","-0.43%"
"03/15/2023","23.30","24.10","24.14","23.30","2.03M","-1.85%"
"03/14/2023","23.74","24.68","24.70","23.74","2.00M","-3.57%"
"03/13/2023","24.62","24.94","25.10","24.62","1.98M","-2.46%"
"03/10/2023","25.24","25.40","25.40","24.94","832.57K","-0.63%"
"03/09/2023","25.40","25.32","25.60","25.04","1.12M","0.32%"
"03/08/2023","25.32","25.24","25.32","24.90","1.65M","0.16%"
"03/07/2023","25.28","25.62","25.64","25.12","1.07M","-1.25%"
"03/06/2023","25.60","25.66","25.66","25.36","1.22M","0.31%"
"03/03/2023","25.52","25.10","25.66","25.10","928.41K","-0.31%"
"03/02/2023","25.60","25.36","25.60","25.30","1.10M","0.95%"
"03/01/2023","25.36","25.46","25.50","25.20","983.09K","-0.55%"
"02/28/2023","25.50","25.40","25.60","24.84","5.43M","0.95%"
"02/27/2023","25.26","25.78","25.78","25.26","1.93M","-1.79%"
"02/24/2023","25.72","26.20","26.20","25.26","1.41M","0.39%"
"02/23/2023","25.62","26.24","26.24","25.50","1.52M","-1.16%"
"02/22/2023","25.92","26.36","26.36","25.92","1.20M","-1.82%"
"02/21/2023","26.40","26.84","26.84","26.18","1.04M","-1.20%"
"02/20/2023","26.72","27.00","27.00","26.72","594.42K","-1.04%"
"02/17/2023","27.00","26.98","27.00","26.54","1.18M","0.15%"
"02/16/2023","26.96","27.00","27.14","26.82","634.02K","-0.74%"
"02/15/2023","27.16","26.94","27.28","26.72","1.66M","-0.07%"
"02/14/2023","27.18","27.18","27.26","26.90","1.09M","-0.07%"
"02/13/2023","27.20","27.28","27.28","26.84","1.55M","0.00%"
"02/10/2023","27.20","27.00","27.30","26.02","1.07M","1.19%"
"02/09/2023","26.88","26.56","26.88","25.92","2.49M","0.07%"
"02/08/2023","26.86","27.20","27.20","26.80","1.10M","-1.32%"
"02/07/2023","27.22","26.88","27.24","26.62","1.86M","0.81%"
"02/06/2023","27.00","26.62","27.00","26.28","1.27M","1.20%"
"02/03/2023","26.68","25.64","26.68","25.64","1.83M","3.41%"
"02/02/2023","25.80","25.60","25.90","25.60","1.88M","0.55%"
"02/01/2023","25.66","25.26","25.70","25.26","2.05M","-0.16%"
"01/31/2023","25.70","25.52","25.76","25.24","3.75M","-0.54%"
"01/30/2023","25.84","24.60","25.84","24.36","3.34M","5.21%"
"01/27/2023","24.56","25.58","25.58","24.52","1.83M","-3.91%"
"01/26/2023","25.56","25.84","25.84","25.40","754.87K","-0.39%"
"01/25/2023","25.66","25.64","25.88","25.52","1.21M","0.00%"
"01/24/2023","25.66","25.82","25.82","25.38","732.27K","-0.62%"
"01/23/2023","25.82","25.90","25.90","25.60","634.85K","0.70%"
"01/20/2023","25.64","25.70","25.76","25.48","1.22M","-0.23%"
"01/19/2023","25.70","25.70","26.02","25.52","2.56M","-0.39%"
"01/18/2023","25.80","25.50","26.10","25.32","2.50M","1.18%"
"01/17/2023","25.50","25.44","25.50","25.20","2.41M","0.24%"
"01/16/2023","25.44","25.12","25.44","25.00","2.58M","1.27%"
"01/13/2023","25.12","24.40","25.46","24.40","2.37M","2.03%"
"01/12/2023","24.62","24.20","24.62","24.20","2.12M","1.74%"
"01/11/2023","24.20","24.30","24.78","24.20","2.78M","-0.41%"
"01/10/2023","24.30","23.42","24.36","23.26","2.18M","3.40%"
"01/09/2023","23.50","22.82","23.50","22.82","2.17M","3.07%"
"01/06/2023","22.80","22.88","23.08","22.76","1.10M","-0.87%"
"01/05/2023","23.00","22.96","23.18","22.78","1.81M","0.17%"
"01/04/2023","22.96","23.30","23.30","22.96","1.31M","-1.12%"
"01/03/2023","23.22","23.16","23.34","23.08","1.17M","0.52%"
"01/02/2023","23.10","23.00","23.20","22.96","221.31K","1.05%"
"12/30/2022","22.86","23.44","23.44","22.80","1.53M","-1.21%"
"12/29/2022","23.14","23.40","23.42","23.14","565.03K","-1.36%"
"12/28/2022","23.46","23.50","23.52","23.20","1.31M","-0.34%"
"12/27/2022","23.54","23.58","23.62","23.50","502.60K","-0.25%"
"12/26/2022","23.60","23.80","23.80","23.32","392.43K","-0.67%"
"12/23/2022","23.76","23.50","23.76","23.20","533.00K","0.42%"
"12/22/2022","23.66","23.82","23.90","23.66","748.40K","-0.59%"
"12/21/2022","23.80","23.86","23.86","23.54","1.03M","0.17%"
"12/20/2022","23.76","23.92","23.92","23.60","1.24M","-0.59%"
"12/19/2022","23.90","24.00","24.00","23.62","1.36M","-0.42%"
"12/16/2022","24.00","23.30","24.00","23.10","4.68M","3.00%"
"12/15/2022","23.30","22.82","23.30","22.70","2.12M","1.48%"
"12/14/2022","22.96","23.20","23.20","22.76","1.38M","-1.12%"
"12/13/2022","23.22","23.40","23.40","22.86","1.92M","0.09%"
"12/12/2022","23.20","23.80","23.80","22.96","1.73M","-1.86%"
"12/09/2022","23.64","23.78","24.10","23.54","1.18M","-0.67%"
"12/08/2022","23.80","24.50","24.52","23.80","1.82M","-3.09%"
"12/07/2022","24.56","25.30","25.30","24.50","1.84M","-2.23%"
"12/06/2022","25.12","25.28","25.36","25.00","1.41M","-0.40%"
"12/05/2022","25.22","25.44","25.56","25.18","3.24M","-2.25%"
"11/30/2022","25.80","24.50","25.80","24.12","11.52M","5.31%"
"11/29/2022","24.50","24.56","24.58","24.10","2.22M","0.33%"
"11/28/2022","24.42","25.04","25.04","24.42","3.03M","-2.32%"
"11/25/2022","25.00","25.00","25.06","24.80","2.16M","-0.95%"
"11/24/2022","25.24","25.20","25.32","25.04","1.25M","0.24%"
"11/23/2022","25.18","25.08","25.30","24.86","62.83M","0.72%"
"11/22/2022","25.00","25.10","25.16","24.80","1.79M","-0.79%"
"11/21/2022","25.20","25.48","25.48","24.96","1.57M","-1.02%"
"11/18/2022","25.46","25.34","25.46","24.86","1.81M","0.55%"
"11/17/2022","25.32","25.58","25.58","25.28","1.41M","-1.09%"
"11/16/2022","25.60","25.46","25.78","25.28","1.72M","0.23%"
"11/15/2022","25.54","25.70","25.80","25.42","1.53M","-1.39%"
"11/14/2022","25.90","25.68","25.90","25.26","1.59M","0.78%"
"11/11/2022","25.70","25.46","25.80","25.18","1.81M","1.98%"
"11/10/2022","25.20","25.68","25.70","25.14","1.88M","-1.95%"
"11/09/2022","25.70","25.80","25.96","25.52","2.02M","0.00%"
"11/08/2022","25.70","25.48","25.96","25.40","2.11M","0.23%"
"11/07/2022","25.64","25.18","25.64","24.76","2.16M","2.48%"
"11/04/2022","25.02","24.56","25.02","24.34","1.35M","2.54%"
"11/03/2022","24.40","25.50","25.50","24.40","2.07M","-4.31%"
"11/02/2022","25.50","25.58","25.58","25.04","1.68M","-0.16%"
"11/01/2022","25.54","25.46","25.60","25.12","1.48M","-1.01%"
"10/31/2022","25.80","25.40","25.80","25.02","2.63M","1.57%"
"10/28/2022","25.40","25.40","25.60","25.34","951.22K","0.00%"
"10/27/2022","25.40","24.60","25.40","24.42","2.02M","3.67%"
"10/26/2022","24.50","24.60","24.66","24.26","999.48K","0.41%"
"10/25/2022","24.40","24.30","24.48","24.12","1.53M","0.83%"
"10/24/2022","24.20","24.04","24.48","24.04","902.93K","-0.82%"
"10/21/2022","24.40","24.30","24.48","24.20","1.02M","0.41%"
"10/20/2022","24.30","23.62","24.30","23.50","2.59M","2.97%"
"10/19/2022","23.60","23.60","23.80","23.60","1.11M","-0.59%"
"10/18/2022","23.74","23.62","23.78","23.52","1.09M","0.76%"
"10/17/2022","23.56","23.80","23.80","23.48","970.53K","-1.01%"
"10/14/2022","23.80","23.54","23.88","23.54","1.49M","2.67%"
"10/13/2022","23.18","23.68","23.78","23.18","839.99K","-2.03%"
"10/12/2022","23.66","24.00","24.00","23.54","1.32M","-0.67%"
"10/11/2022","23.82","24.30","24.30","23.72","1.66M","-1.57%"
"10/10/2022","24.20","24.10","24.34","23.90","1.80M","-0.08%"
"10/07/2022","24.22","24.00","24.54","24.00","1.34M","1.25%"
"10/06/2022","23.92","24.06","24.34","23.92","1.20M","-0.58%"
"10/05/2022","24.06","24.32","24.84","24.02","1.03M","-0.74%"
"10/04/2022","24.24","23.30","24.34","23.30","2.04M","3.15%"
"10/03/2022","23.50","23.32","23.50","23.04","1.47M","0.60%"
"09/30/2022","23.36","23.38","23.80","23.04","1.84M","0.26%"
"09/29/2022","23.30","22.94","23.30","22.66","1.86M","1.66%"
"09/28/2022","22.92","23.30","23.40","22.90","3.57M","-1.63%"
"09/27/2022","23.30","23.90","23.96","23.30","2.76M","-1.69%"
"09/26/2022","23.70","24.96","24.96","23.70","2.55M","-4.44%"
"09/23/2022","24.80","25.40","25.40","24.76","1.92M","-2.36%"
"09/22/2022","25.40","25.00","25.40","25.00","4.75M","1.60%"
"09/21/2022","25.00","25.54","25.70","25.00","2.20M","-2.11%"
"09/20/2022","25.54","24.74","25.88","24.74","7.10M","2.90%"
"09/19/2022","24.82","25.40","25.40","24.62","1.93M","-2.44%"
"09/16/2022","25.44","24.42","25.44","24.38","10.12M","3.84%"
"09/15/2022","24.50","24.60","24.80","24.50","1.46M","-0.41%"
"09/14/2022","24.60","24.20","24.60","24.10","1.45M","0.00%"
"09/13/2022","24.60","24.60","24.80","24.24","2.02M","0.82%"
"09/12/2022","24.40","23.96","24.46","23.76","2.10M","3.48%"
"09/09/2022","23.58","23.42","23.86","23.34","1.35M","0.94%"
"09/08/2022","23.36","24.04","24.10","23.36","3.42M","-2.18%"
"09/07/2022","23.88","24.20","24.20","23.86","2.40M","-1.16%"
"09/06/2022","24.16","24.70","24.74","24.16","2.64M","-1.39%"
"09/05/2022","24.50","25.32","25.40","24.50","2.80M","-3.24%"
"09/02/2022","25.32","25.30","25.50","25.20","787.79K","0.80%"
"09/01/2022","25.12","25.80","25.96","25.12","3.54M","-2.33%"
"08/31/2022","25.72","25.90","26.10","25.72","5.59M","-0.39%"
"08/30/2022","25.82","25.88","26.08","25.82","1.97M","-0.08%"
"08/29/2022","25.84","25.90","26.40","25.70","1.29M","-0.92%"
"08/26/2022","26.08","25.88","26.08","25.80","1.42M","1.16%"
"08/25/2022","25.78","25.90","26.16","25.70","2.42M","-0.23%"
"08/24/2022","25.84","26.24","26.44","25.84","2.42M","-1.52%"
"08/23/2022","26.24","26.62","26.70","26.24","1.28M","-1.43%"
"08/22/2022","26.62","26.90","27.18","26.44","1.68M","-1.04%"
"08/19/2022","26.90","27.16","27.24","26.90","974.54K","-1.10%"
"08/18/2022","27.20","27.88","27.90","27.00","1.75M","-2.51%"
"08/17/2022","27.90","27.86","27.96","27.78","1.28M","0.00%"
"08/16/2022","27.90","27.74","27.90","27.50","1.38M","0.43%"
"08/15/2022","27.78","28.00","28.06","27.62","1.05M","-1.00%"
"08/12/2022","28.06","28.00","28.06","27.76","3.69M","-0.50%"
"08/11/2022","28.20","28.10","28.20","27.70","1.01M","0.43%"
"08/10/2022","28.08","28.48","28.60","27.50","1.54M","-1.40%"
"08/09/2022","28.48","28.46","28.92","28.00","2.40M","-0.63%"
"08/08/2022","28.66","28.36","28.80","28.12","2.15M","1.20%"
"08/05/2022","28.32","28.10","28.38","28.10","611.52K","0.78%"
"08/04/2022","28.10","28.02","28.42","28.00","1.49M","0.36%"
"08/03/2022","28.00","27.96","28.20","27.74","2.38M","0.00%"
"08/02/2022","28.00","28.20","28.20","27.82","1.72M","-1.41%"
"08/01/2022","28.40","28.10","28.40","27.70","1.78M","1.79%"
"07/29/2022","27.90","27.48","27.90","27.22","3.22M","2.88%"
"07/28/2022","27.12","27.02","27.66","27.00","1.30M","-1.02%"
"07/27/2022","27.40","26.60","27.40","26.52","1.87M","2.85%"
"07/26/2022","26.64","27.26","27.26","26.64","1.86M","-1.70%"
"07/25/2022","27.10","27.34","27.52","27.10","2.25M","-2.52%"
"07/22/2022","27.80","28.30","28.38","27.80","1.88M","-1.91%"
"07/21/2022","28.34","27.48","28.34","27.48","2.94M","4.04%"
"07/20/2022","27.24","26.00","27.24","26.00","2.65M","4.61%"
"07/19/2022","26.04","25.52","26.04","25.42","1.88M","2.04%"
"07/18/2022","25.52","25.90","25.96","25.52","963.31K","-1.39%"
"07/15/2022","25.88","25.48","25.88","25.32","993.40K","1.33%"
"07/14/2022","25.54","25.20","25.54","24.94","1.64M","1.03%"
"07/13/2022","25.28","25.46","25.48","25.12","1.46M","-0.71%"
"07/12/2022","25.46","25.76","25.80","25.42","1.00M","-1.01%"
"07/07/2022","25.72","25.82","25.88","25.52","821.42K","-0.23%"
"07/06/2022","25.78","25.56","25.84","25.44","1.67M","0.23%"
"07/05/2022","25.72","25.60","25.76","25.46","1.14M","0.47%"
"07/04/2022","25.60","26.00","26.00","25.38","1.67M","-0.78%"
"07/01/2022","25.80","26.02","26.50","25.60","1.30M","-1.15%"
"06/30/2022","26.10","27.08","27.40","25.96","5.55M","-2.83%"
"06/29/2022","26.86","27.40","27.58","26.86","2.69M","-1.97%"
"06/28/2022","27.40","27.04","27.40","26.86","1.73M","1.48%"
"06/27/2022","27.00","27.12","27.30","26.80","1.20M","-0.37%"
"06/24/2022","27.10","27.10","27.20","26.80","533.03K","0.37%"
"06/23/2022","27.00","27.40","27.66","27.00","2.68M","-1.46%"
"06/22/2022","27.40","27.32","27.48","27.24","1.68M","-1.86%"
"06/21/2022","27.92","26.98","27.92","26.98","1.45M","3.95%"
"06/20/2022","26.86","27.02","27.26","26.68","1.61M","-1.54%"
"06/17/2022","27.28","27.50","27.92","27.28","5.94M","-0.80%"
"06/16/2022","27.50","28.16","28.40","27.50","3.20M","-2.41%"
"06/15/2022","28.18","28.04","28.18","27.54","1.87M","0.64%"
"06/14/2022","28.00","26.90","28.22","26.66","3.59M","4.24%"
"06/13/2022","26.86","27.50","27.50","26.86","1.67M","-2.33%"
"06/10/2022","27.50","27.78","27.78","27.32","794.05K","-0.65%"
"06/09/2022","27.68","28.50","28.50","27.68","2.77M","-2.19%"
"06/08/2022","28.30","28.86","29.04","28.22","2.16M","-1.87%"
"06/07/2022","28.84","29.10","29.44","28.84","2.52M","-0.89%"
"06/06/2022","29.10","29.48","29.58","29.08","1.27M","-1.09%"
"06/03/2022","29.42","29.70","30.06","29.20","2.00M","-0.94%"
"06/02/2022","29.70","30.00","30.00","29.60","2.44M","0.34%"
"06/01/2022","29.60","30.40","30.40","29.60","2.70M","-2.44%"
"05/31/2022","30.34","29.96","30.34","29.72","14.62M","2.02%"
"05/30/2022","29.74","29.30","30.40","29.30","3.95M","2.20%"
"05/27/2022","29.10","29.92","29.92","29.06","2.33M","-1.02%"
"05/26/2022","29.40","29.20","30.38","29.20","4.58M","1.10%"
"05/25/2022","29.08","28.98","29.90","28.50","5.57M","0.97%"
"05/24/2022","28.80","30.00","30.02","28.72","4.55M","-3.74%"
"05/23/2022","29.92","31.10","31.12","29.62","3.26M","-3.55%"
"05/20/2022","31.02","32.18","32.28","31.02","3.03M","-2.45%"
"05/19/2022","31.80","31.50","32.44","31.30","3.04M","0.95%"
"05/18/2022","31.50","32.22","32.30","31.50","3.53M","-1.56%"
"05/17/2022","32.00","32.00","32.68","32.00","2.79M","1.59%"
"05/13/2022","31.50","31.96","32.40","30.00","2.19M","6.28%"
"05/12/2022","29.64","31.50","31.52","29.64","5.17M","-5.90%"
"05/11/2022","31.50","32.20","32.70","31.50","4.56M","-1.56%"
"05/10/2022","32.00","33.90","33.90","32.00","3.29M","-5.83%"
"05/09/2022","33.98","34.36","34.54","33.98","2.06M","-0.88%"
"05/06/2022","34.28","34.46","34.70","34.28","1.20M","-0.64%"
"05/05/2022","34.50","35.00","35.08","34.50","1.34M","-1.43%"
"04/29/2022","35.00","35.00","35.76","34.84","1.34M","0.00%"
"04/28/2022","35.00","34.58","35.04","34.50","2.34M","1.57%"
"04/27/2022","34.46","35.20","35.20","34.46","1.63M","-1.54%"
"04/26/2022","35.00","35.24","35.34","34.92","2.63M","-0.68%"
"04/25/2022","35.24","35.40","35.46","35.12","1.53M","-0.45%"
"04/22/2022","35.40","35.02","35.50","35.00","1.19M","0.85%"
"04/21/2022","35.10","35.96","35.96","35.00","2.12M","-1.68%"
"04/20/2022","35.70","36.10","36.32","35.70","2.90M","-1.11%"
"04/19/2022","36.10","36.58","36.74","36.10","1.37M","-1.31%"
"04/18/2022","36.58","36.60","37.00","36.30","574.10K","-1.14%"
"04/15/2022","37.00","36.98","37.00","36.50","409.51K","1.37%"
"04/14/2022","36.50","36.84","37.30","36.50","688.47K","-1.08%"
"04/13/2022","36.90","36.92","37.50","36.66","901.29K","0.27%"
"04/12/2022","36.80","37.96","37.96","36.70","1.74M","-2.75%"
"04/11/2022","37.84","38.00","38.00","37.58","1.94M","0.16%"
"04/08/2022","37.78","37.88","37.96","37.28","1.25M","1.50%"
"04/07/2022","37.22","38.14","38.50","37.10","2.63M","-3.58%"
"04/06/2022","38.60","38.92","39.04","38.44","2.88M","-0.97%"
"04/05/2022","38.98","38.02","39.06","38.02","2.97M","0.72%"
"04/04/2022","38.70","37.50","38.98","37.22","4.48M","3.81%"
"04/01/2022","37.28","36.96","37.62","36.80","4.54M","0.87%"
"03/31/2022","36.96","36.00","36.96","35.86","8.45M","2.67%"
"03/30/2022","36.00","35.84","36.00","35.82","2.27M","0.11%"
"03/29/2022","35.96","35.96","36.26","35.80","2.38M","-0.11%"
"03/28/2022","36.00","36.00","36.00","35.68","1.91M","0.00%"
"03/25/2022","36.00","35.90","36.00","35.80","1.24M","0.00%"
"03/24/2022","36.00","35.98","36.00","35.52","2.17M","0.00%"
"03/23/2022","36.00","35.08","36.00","35.08","2.77M","1.64%"
"03/22/2022","35.42","34.90","35.42","34.76","3.03M","1.03%"
"03/21/2022","35.06","35.46","35.46","35.06","1.97M","-1.13%"
"03/18/2022","35.46","35.00","35.46","34.66","9.55M","1.31%"
"03/17/2022","35.00","34.98","35.02","34.86","2.55M","0.00%"
"03/16/2022","35.00","34.36","35.00","34.36","2.17M","1.86%"
"03/15/2022","34.36","34.90","34.90","34.26","1.11M","-0.81%"
"03/14/2022","34.64","34.92","35.24","34.64","1.45M","-1.03%"
"03/11/2022","35.00","34.82","35.00","34.16","1.27M","0.46%"
"03/10/2022","34.84","35.20","35.40","34.72","1.86M","-1.14%"
"03/09/2022","35.24","35.98","35.98","35.24","1.92M","-2.11%"
"03/08/2022","36.00","36.10","36.26","35.90","2.23M","-0.33%"
"03/07/2022","36.12","36.00","36.30","35.74","2.12M","0.61%"
"03/04/2022","35.90","35.70","36.04","35.66","1.35M","-0.55%"
"03/03/2022","36.10","35.40","36.18","35.40","4.01M","0.84%"
"03/02/2022","35.80","35.00","35.80","34.90","3.09M","2.29%"
"03/01/2022","35.00","34.70","35.36","34.24","3.67M","0.06%"
"02/28/2022","34.98","33.02","35.00","33.00","6.55M","5.11%"
"02/25/2022","33.28","33.38","33.52","33.12","1.01M","-0.66%"
"02/24/2022","33.50","33.28","33.50","32.94","2.19M","0.00%"
"02/23/2022","33.50","33.30","33.50","33.30","1.73M","0.48%"
"02/22/2022","33.34","33.00","33.40","33.00","1.23M","0.79%"
"02/21/2022","33.08","33.10","33.32","33.04","1.19M","-0.84%"
"02/18/2022","33.36","33.32","33.48","33.08","837.41K","-0.36%"
"02/17/2022","33.48","33.12","33.48","33.04","4.15M","0.97%"
"02/16/2022","33.16","32.94","33.18","32.94","1.85M","0.48%"
"02/15/2022","33.00","32.90","33.08","32.82","1.19M","-0.30%"
"02/14/2022","33.10","32.90","33.10","32.60","2.76M","0.00%"
"02/11/2022","33.10","33.08","33.18","32.92","1.14M","0.00%"
"02/10/2022","33.10","32.94","33.14","32.94","1.99M","0.61%"
"02/09/2022","32.90","33.10","33.20","32.90","2.56M","-0.60%"
"02/08/2022","33.10","33.08","33.10","33.00","1.98M","0.06%"
"02/07/2022","33.08","32.90","33.08","32.74","2.08M","1.04%"
"02/04/2022","32.74","33.02","33.04","32.48","1.26M","-0.79%"
"02/03/2022","33.00","32.92","33.10","32.70","1.24M","-0.18%"
"02/02/2022","33.06","32.98","33.06","32.86","1.30M","0.24%"
"02/01/2022","32.98","33.08","33.14","32.64","1.99M","-0.36%"
"01/31/2022","33.10","33.00","33.20","32.66","2.63M","0.06%"
"01/28/2022","33.08","32.66","33.18","32.32","2.63M","1.29%"
"01/27/2022","32.66","31.74","32.66","31.74","1.84M","1.87%"
"01/26/2022","32.06","32.28","32.28","31.70","1.47M","-0.43%"
"01/25/2022","32.20","31.90","32.20","31.66","3.00M","0.37%"
"01/24/2022","32.08","32.00","32.58","31.84","3.58M","0.25%"
"01/21/2022","32.00","31.00","32.30","30.66","3.27M","3.23%"
"01/20/2022","31.00","30.16","31.00","29.98","2.05M","2.92%"
"01/19/2022","30.12","29.80","30.16","29.76","1.60M","1.01%"
"01/18/2022","29.82","29.80","29.96","29.80","1.46M","-0.13%"
"01/17/2022","29.86","29.96","29.98","29.64","1.25M","-0.33%"
"01/14/2022","29.96","30.00","30.18","29.92","2.87M","0.13%"
"01/13/2022","29.92","29.90","29.94","29.40","2.07M","-0.27%"
"01/12/2022","30.00","29.46","30.00","29.04","3.83M","1.83%"
"01/11/2022","29.46","30.00","30.00","28.70","4.60M","-1.80%"
"01/10/2022","30.00","30.76","30.76","29.82","3.83M","-2.47%"
"01/07/2022","30.76","30.74","30.76","30.60","1.16M","0.20%"
"01/06/2022","30.70","30.68","30.84","30.52","2.65M","-0.39%"
"01/05/2022","30.82","30.88","30.88","30.50","2.73M","-0.26%"
"01/04/2022","30.90","31.50","31.50","30.44","3.80M","-2.22%"
"01/03/2022","31.60","31.80","31.80","31.20","1.67M","-0.32%"
"12/30/2021","31.70","30.90","31.70","30.80","1.80M","2.26%"
"12/29/2021","31.00","30.98","31.00","30.72","1.02M","0.39%"
"12/28/2021","30.88","31.04","31.08","30.72","2.27M","-0.64%"
"12/27/2021","31.08","30.90","31.28","30.72","2.53M","0.26%"
"12/26/2021","31.00","31.86","31.86","30.78","751.91K","-0.26%"
"12/23/2021","31.08","30.70","31.08","30.34","3.99M","1.24%"
"12/22/2021","30.70","32.00","32.10","30.40","6.96M","-4.06%"
"12/21/2021","32.00","33.80","34.00","31.14","11.05M","-5.04%"
"12/20/2021","33.70","35.58","35.60","33.12","5.47M","-5.28%"
"12/19/2021","35.58","36.50","36.50","35.58","4.75M","-3.58%"
"12/16/2021","36.90","36.06","37.00","35.98","73.40M","1.93%"
"12/15/2021","36.20","36.40","36.40","36.00","7.23M","-0.28%"
"12/14/2021","36.30","36.00","36.44","35.80","8.13M","0.83%"
"12/13/2021","36.00","35.24","36.00","35.24","10.99M","0.56%"
"12/12/2021","35.80","34.50","36.50","34.50","4.90M","2.34%"
"12/09/2021","34.98","35.30","35.44","34.12","8.04M","-0.91%"
"12/08/2021","35.30","36.76","36.80","35.30","9.18M","-3.29%"
"12/07/2021","36.50","36.50","37.00","36.16","13.21M","0.00%"
"12/06/2021","36.50","34.80","36.98","34.60","20.57M","5.01%"
"12/05/2021","34.76","33.00","34.98","31.66","5.56M","8.83%"
"11/30/2021","31.94","31.02","31.94","29.80","166.35M","3.03%"
"11/29/2021","31.00","29.60","31.30","29.60","17.91M","5.80%"
"11/28/2021","29.30","29.88","29.88","28.80","4.82M","-3.30%"
"11/25/2021","30.30","30.02","30.44","29.88","6.70M","1.00%"
"11/24/2021","30.00","29.94","30.50","29.80","8.85M","0.07%"
"11/23/2021","29.98","29.18","29.98","28.92","8.32M","2.81%"
"11/22/2021","29.16","28.50","29.18","28.42","7.65M","1.32%"
"11/21/2021","28.78","27.94","28.78","27.80","3.67M","2.86%"
"11/18/2021","27.98","28.00","28.14","27.62","7.03M","-0.07%"
"11/17/2021","28.00","28.40","28.46","27.60","8.02M","-1.41%"
"11/16/2021","28.40","28.50","28.60","27.64","8.54M","-0.35%"
"11/15/2021","28.50","28.16","28.50","28.02","7.79M","1.21%"
"11/14/2021","28.16","28.00","28.16","27.90","12.66M","1.29%"
"11/11/2021","27.80","27.46","28.00","27.46","5.56M","1.46%"
"11/10/2021","27.40","27.10","27.50","27.10","12.26M","1.48%"
"11/09/2021","27.00","27.00","27.20","27.00","3.15M","0.00%"
"11/08/2021","27.00","26.90","27.02","26.80","3.06M","1.20%"
"11/07/2021","26.68","26.76","26.76","26.52","1.82M","-0.15%"
"11/04/2021","26.72","26.44","26.74","26.44","3.57M","1.14%"
"11/03/2021","26.42","26.18","26.68","26.12","3.46M","1.46%"
"11/02/2021","26.04","25.82","26.30","25.82","4.11M","0.70%"
"11/01/2021","25.86","25.84","26.00","25.76","2.68M","1.02%"
"10/28/2021","25.60","25.60","25.78","25.52","2.11M","0.63%"
"10/27/2021","25.44","25.50","25.78","25.44","2.32M","0.00%"
"10/26/2021","25.44","25.56","25.90","25.44","4.22M","-0.47%"
"10/25/2021","25.56","25.60","25.78","25.54","2.22M","-0.39%"
"10/24/2021","25.66","25.60","25.66","25.44","2.09M","0.71%"
"10/20/2021","25.48","25.40","25.50","25.34","2.62M","0.31%"
"10/19/2021","25.40","25.10","25.44","25.10","2.93M","1.11%"
"10/18/2021","25.12","24.80","25.26","24.80","3.08M","0.48%"
"10/17/2021","25.00","24.86","25.00","24.86","1.88M","0.56%"
"10/14/2021","24.86","24.96","24.98","24.72","31.03M","-0.40%"
"10/13/2021","24.96","24.96","25.00","24.92","1.92M","-0.08%"
"10/12/2021","24.98","24.60","24.98","24.56","2.48M","1.13%"
"10/11/2021","24.70","24.70","24.80","24.60","2.49M","0.08%"
"10/10/2021","24.68","24.46","24.68","24.46","1.79M","0.90%"
"10/07/2021","24.46","24.34","24.50","24.34","2.15M","0.49%"
"10/06/2021","24.34","24.50","24.66","24.30","2.29M","-0.41%"
"10/05/2021","24.44","24.40","24.56","24.24","3.69M","0.08%"
"10/04/2021","24.42","24.22","24.50","24.22","3.31M","0.74%"
"10/03/2021","24.24","23.92","24.38","23.92","1.62M","0.92%"
"09/30/2021","24.02","24.02","24.20","23.94","2.39M","0.00%"
"09/29/2021","24.02","24.02","24.20","23.90","1.54M","-0.58%"
"09/28/2021","24.16","24.30","24.38","24.12","1.29M","-0.74%"
"09/27/2021","24.34","24.26","24.38","24.26","975.86K","0.33%"
"09/26/2021","24.26","24.56","24.56","24.20","856.89K","-1.22%"
"09/23/2021","24.56","24.30","24.58","24.26","1.48M","0.99%"
"09/22/2021","24.32","24.22","24.32","24.18","961.51K","0.33%"
"09/21/2021","24.24","24.28","24.28","23.84","2.08M","-0.16%"
"09/20/2021","24.28","24.64","24.64","24.24","1.92M","-1.06%"
"09/19/2021","24.54","24.54","24.98","24.54","1.74M","-1.45%"
"09/16/2021","24.90","24.70","24.90","24.38","4.64M","0.57%"
"09/15/2021","24.76","24.40","24.82","24.36","1.86M","1.48%"
"09/14/2021","24.40","24.40","24.40","24.18","2.32M","0.00%"
"09/13/2021","24.40","24.34","24.40","23.98","3.38M","0.25%"
"09/12/2021","24.34","24.68","24.80","24.30","945.64K","-1.38%"
"09/09/2021","24.68","24.80","24.80","24.48","2.58M","-0.40%"
"09/08/2021","24.78","24.20","24.86","24.14","2.45M","2.57%"
"09/07/2021","24.16","23.10","24.24","23.10","5.97M","6.71%"
"09/06/2021","22.64","22.94","22.94","22.34","2.87M","-1.31%"
"09/05/2021","22.94","23.12","23.20","22.84","1.84M","-1.88%"
"09/02/2021","23.38","23.64","23.64","23.20","1.59M","-0.51%"
"09/01/2021","23.50","23.60","23.74","23.40","1.45M","-0.42%"
"08/31/2021","23.60","23.60","23.72","23.38","3.49M","-0.76%"
"08/30/2021","23.78","23.56","23.78","23.42","2.13M","0.76%"
"08/29/2021","23.60","23.70","23.70","23.50","976.01K","-0.59%"
"08/26/2021","23.74","24.00","24.00","23.54","1.87M","-1.17%"
"08/25/2021","24.02","24.02","24.24","23.94","1.21M","-0.50%"
"08/24/2021","24.14","24.20","24.20","23.98","2.37M","-0.66%"
"08/23/2021","24.30","24.48","24.48","24.20","1.35M","-0.82%"
"08/22/2021","24.50","24.18","24.64","24.18","1.17M","1.32%"
"08/19/2021","24.18","24.80","24.88","24.10","2.59M","-2.34%"
"08/18/2021","24.76","25.18","25.28","24.52","2.54M","-2.52%"
"08/17/2021","25.40","24.72","25.40","24.72","3.29M","2.42%"
"08/16/2021","24.80","24.08","24.80","24.08","2.52M","2.99%"
"08/15/2021","24.08","24.00","24.16","24.00","798.01K","-0.08%"
"08/11/2021","24.10","24.00","24.10","23.92","1.32M","0.42%"
"08/10/2021","24.00","24.06","24.06","23.90","1.21M","-0.17%"
"08/09/2021","24.04","24.02","24.10","23.90","1.32M","0.17%"
"08/08/2021","24.00","24.12","24.24","23.90","1.73M","0.00%"
"08/05/2021","24.00","24.08","24.08","23.92","2.28M","-0.58%"
"08/04/2021","24.14","24.10","24.18","24.00","1.83M","0.17%"
"08/03/2021","24.10","23.98","24.14","23.94","2.01M","0.58%"
"08/02/2021","23.96","24.08","24.16","23.20","2.22M","-0.42%"
"08/01/2021","24.06","25.80","25.80","23.24","3.33M","5.53%"
"07/28/2021","22.80","22.68","22.80","22.64","1.43M","0.44%"
"07/27/2021","22.70","22.70","22.72","22.50","1.92M","0.00%"
"07/26/2021","22.70","22.50","22.70","22.42","1.76M","1.07%"
"07/25/2021","22.46","22.64","22.64","22.38","1.42M","0.72%"
"07/18/2021","22.30","22.60","22.66","22.30","1.12M","-0.80%"
"07/15/2021","22.48","22.44","22.56","22.44","1.86M","-0.09%"
"07/14/2021","22.50","22.56","22.56","22.34","1.80M","-0.35%"
"07/13/2021","22.58","22.24","22.58","22.22","3.85M","1.26%"
"07/12/2021","22.30","22.06","22.30","22.02","1.70M","1.18%"
"07/11/2021","22.04","22.24","22.30","22.04","1.37M","-0.90%"
"07/08/2021","22.24","22.10","22.28","22.10","1.47M","0.72%"
"07/07/2021","22.08","22.24","22.24","22.06","1.33M","-0.54%"
"07/06/2021","22.20","22.26","22.48","22.20","2.08M","-0.36%"
"07/05/2021","22.28","22.26","22.32","22.22","948.83K","0.09%"
"07/04/2021","22.26","22.24","22.32","22.16","1.60M","0.27%"
"07/01/2021","22.20","22.00","22.24","22.00","1.10M","0.91%"
"06/30/2021","22.00","22.16","22.26","22.00","2.33M","-0.63%"
"06/29/2021","22.14","22.20","22.20","22.12","1.37M","-0.27%"
"06/28/2021","22.20","22.18","22.22","22.08","5.17M","-0.09%"
"06/27/2021","22.22","22.28","22.28","22.16","1.07M","0.09%"
"06/24/2021","22.20","22.12","22.20","21.98","1.93M","0.45%"
"06/23/2021","22.10","22.20","22.24","22.08","1.89M","-0.54%"
"06/22/2021","22.22","22.18","22.22","22.12","1.67M","0.18%"
"06/21/2021","22.18","22.08","22.22","22.06","1.63M","0.54%"
"06/20/2021","22.06","22.20","22.22","22.04","1.63M","-0.54%"
"06/17/2021","22.18","22.18","22.22","22.14","3.19M","0.18%"
"06/16/2021","22.14","22.22","22.22","22.10","1.37M","-0.27%"
"06/15/2021","22.20","22.20","22.20","22.10","1.47M","0.00%"
"06/14/2021","22.20","22.10","22.24","22.10","2.22M","0.27%"
"06/13/2021","22.14","22.08","22.14","22.06","1.29M","0.45%"
"06/10/2021","22.04","22.12","22.12","22.02","1.37M","-0.36%"
"06/09/2021","22.12","22.10","22.14","22.00","1.56M","0.09%"
"06/08/2021","22.10","22.00","22.16","22.00","2.20M","0.45%"
"06/07/2021","22.00","21.90","22.10","21.86","1.38M","0.46%"
"06/06/2021","21.90","21.78","21.90","21.78","863.89K","0.74%"
"06/03/2021","21.74","21.90","21.94","21.70","1.03M","-0.82%"
"06/02/2021","21.92","21.88","21.92","21.78","1.25M","0.18%"
"06/01/2021","21.88","21.70","21.88","21.70","1.22M","1.02%"
"05/31/2021","21.66","22.00","22.00","21.64","1.47M","-0.64%"
"05/30/2021","21.80","21.66","21.80","21.66","848.32K","0.74%"
"05/27/2021","21.64","21.98","21.98","21.62","7.12M","-1.28%"
"05/26/2021","21.92","22.06","22.14","21.92","2.85M","-1.08%"
"05/25/2021","22.16","22.06","22.16","21.96","1.76M","0.73%"
"05/24/2021","22.00","22.06","22.20","22.00","2.32M","-0.18%"
"05/23/2021","22.04","22.16","22.16","22.04","1.85M","0.00%"
"05/20/2021","22.04","21.98","22.12","21.96","2.86M","0.36%"
"05/19/2021","21.96","22.10","22.12","21.96","3.67M","-0.81%"
"05/18/2021","22.14","21.90","22.14","21.90","3.54M","1.19%"
"05/17/2021","21.88","21.98","22.08","21.88","3.88M","0.00%"
"05/16/2021","21.88","21.58","21.98","21.52","1.77M","1.48%"
"05/10/2021","21.56","21.50","21.58","21.44","1.84M","0.00%"
"05/09/2021","21.56","21.48","21.58","21.48","1.23M","0.47%"
"05/06/2021","21.46","21.32","21.52","21.32","1.70M","0.75%"
"05/05/2021","21.30","21.42","21.42","21.28","1.39M","-0.47%"
"05/04/2021","21.40","21.50","21.56","21.32","1.47M","-0.47%"
"05/03/2021","21.50","21.40","21.62","21.40","1.61M","0.56%"
"05/02/2021","21.38","21.18","21.42","21.16","1.13M","0.94%"
"04/29/2021","21.18","21.32","21.56","21.16","2.76M","-0.56%"
"04/28/2021","21.30","21.54","21.54","21.30","326.59K","-0.65%"
"04/27/2021","21.44","21.62","21.74","21.44","1.55M","-1.29%"
"04/26/2021","21.72","21.60","21.74","21.42","1.53M","0.65%"
"04/25/2021","21.58","21.36","21.58","21.34","709.57K","1.03%"
"04/22/2021","21.36","21.10","21.42","21.10","1.99M","0.56%"
"04/21/2021","21.24","21.68","21.68","21.24","2.98M","-2.21%"
"04/20/2021","21.72","21.60","21.76","21.60","1.11M","0.37%"
"04/19/2021","21.64","21.90","21.90","21.58","2.11M","-1.28%"
"04/18/2021","21.92","21.90","21.98","21.86","1.46M","0.09%"
"04/15/2021","21.90","21.78","21.94","21.72","2.91M","0.55%"
"04/14/2021","21.78","21.78","21.82","21.72","1.18M","0.00%"
"04/13/2021","21.78","21.84","21.90","21.74","791.74K","-0.55%"
"04/12/2021","21.90","21.74","22.02","21.72","2.00M","0.64%"
"04/11/2021","21.76","21.60","21.80","21.56","991.13K","0.74%"
"04/08/2021","21.60","21.60","21.64","21.44","1.59M","0.00%"
"04/07/2021","21.60","21.90","21.94","21.60","1.98M","-1.55%"
"04/06/2021","21.94","22.06","22.10","21.86","980.28K","-0.27%"
"04/05/2021","22.00","22.10","22.14","22.00","1.98M","-0.45%"
"04/04/2021","22.10","22.04","22.18","22.00","1.69M","0.18%"
"04/01/2021","22.06","21.70","22.06","21.52","3.74M","1.94%"
"03/31/2021","21.64","21.58","21.74","21.30","4.76M","0.19%"
"03/30/2021","21.60","21.32","21.68","20.96","3.39M","2.86%"
"03/29/2021","21.00","20.50","21.00","20.50","1.67M","2.44%"
"03/28/2021","20.50","20.76","20.94","20.50","1.04M","-1.44%"
"03/25/2021","20.80","20.88","20.88","20.42","1.62M","-2.71%"
"03/24/2021","21.38","21.00","21.44","20.98","3.22M","1.81%"
"03/23/2021","21.00","21.02","21.10","20.94","2.79M","0.00%"
"03/22/2021","21.00","20.96","21.00","20.88","2.04M","0.38%"
"03/21/2021","20.92","20.92","21.00","20.90","1.70M","0.10%"
"03/18/2021","20.90","21.04","21.46","20.90","8.58M","-1.14%"
"03/17/2021","21.14","20.96","21.14","20.92","3.25M","0.96%"
"03/16/2021","20.94","20.64","20.96","20.64","3.35M","1.45%"
"03/15/2021","20.64","20.52","20.64","20.52","2.00M","0.39%"
"03/14/2021","20.56","20.50","20.60","20.50","1.12M","0.10%"
"03/11/2021","20.54","20.26","20.58","20.26","1.79M","0.29%"
"03/10/2021","20.48","20.22","20.50","20.22","3.19M","0.79%"
"03/09/2021","20.32","20.20","20.32","20.18","2.98M","0.10%"
"03/08/2021","20.30","20.16","20.38","20.10","2.56M","0.69%"
"03/07/2021","20.16","20.16","20.26","20.14","1.06M","0.00%"
"03/04/2021","20.16","20.34","20.36","20.16","2.37M","-0.98%"
"03/03/2021","20.36","20.32","20.40","20.28","1.81M","0.20%"
"03/02/2021","20.32","20.36","20.50","20.32","2.59M","-0.20%"
"03/01/2021","20.36","20.38","20.50","20.26","3.60M","0.10%"
"02/28/2021","20.34","19.90","20.34","19.88","4.64M","2.21%"
"02/25/2021","19.90","19.86","19.92","19.86","17.55M","0.10%"
"02/24/2021","19.88","19.94","19.96","19.88","2.54M","-0.30%"
"02/23/2021","19.94","20.04","20.18","19.94","7.46M","0.91%"
"02/22/2021","19.76","19.80","19.94","19.76","2.90M","-0.70%"
"02/21/2021","19.90","19.80","19.92","19.78","1.62M","0.81%"
"02/18/2021","19.74","19.80","19.84","19.74","2.45M","0.00%"
"02/17/2021","19.74","19.84","19.98","19.74","2.70M","-0.80%"
"02/16/2021","19.90","19.88","20.00","19.76","2.38M","0.00%"
"02/15/2021","19.90","19.88","19.94","19.84","905.77K","-0.10%"
"02/14/2021","19.92","19.90","19.92","19.80","432.79K","0.20%"
"02/11/2021","19.88","19.82","19.90","19.78","1.01M","0.40%"
"02/10/2021","19.80","19.86","19.90","19.80","1.09M","-0.50%"
"02/09/2021","19.90","19.90","19.96","19.86","2.10M","0.40%"
"02/08/2021","19.82","19.98","20.00","19.82","1.52M","-0.30%"
"02/07/2021","19.88","19.88","20.00","19.84","3.09M","0.30%"
"02/04/2021","19.82","19.80","19.98","19.78","1.37M","0.10%"
"02/03/2021","19.80","20.00","20.00","19.80","1.33M","-0.90%"
"02/02/2021","19.98","19.90","20.00","19.86","2.49M","0.50%"
"02/01/2021","19.88","19.74","20.04","19.74","2.79M","0.61%"
"01/31/2021","19.76","19.74","19.82","19.70","1.05M","-0.60%"
"01/28/2021","19.88","19.80","20.06","19.68","2.54M","-0.60%"
"01/27/2021","20.00","19.84","20.16","19.84","3.63M","0.40%"
"01/26/2021","19.92","19.72","19.92","19.56","2.52M","1.22%"
"01/25/2021","19.68","19.40","19.90","19.40","4.58M","0.92%"
"01/24/2021","19.50","19.32","19.70","19.18","1.36M","0.00%"
"01/21/2021","19.50","20.10","20.26","19.22","6.11M","-3.18%"
"01/20/2021","20.14","20.56","20.98","19.92","5.98M","-3.17%"
"01/19/2021","20.80","20.80","20.80","20.00","13.60M","14.92%"
"01/18/2021","18.10","17.66","18.12","17.66","2.05M","1.91%"
"01/17/2021","17.76","17.48","17.82","17.46","1.68M","1.14%"
"01/14/2021","17.56","17.68","17.68","17.54","1.33M","-0.57%"
"01/13/2021","17.66","17.54","17.66","17.54","1.66M","0.46%"
"01/12/2021","17.58","17.32","17.58","17.32","2.64M","0.80%"
"01/11/2021","17.44","17.30","17.44","17.28","2.98M","0.46%"
"01/10/2021","17.36","17.30","17.36","17.28","632.16K","0.35%"
"01/07/2021","17.30","17.32","17.36","17.16","982.47K","0.00%"
"01/06/2021","17.30","17.16","17.30","17.16","972.54K","-0.35%"
"01/05/2021","17.36","17.14","17.36","17.06","1.56M","1.28%"
"01/04/2021","17.14","17.04","17.20","17.00","1.09M","0.71%"
"01/03/2021","17.02","17.00","17.06","16.92","807.27K","0.71%"
"12/31/2020","16.90","17.08","17.12","16.88","3.21M","-0.94%"
"12/30/2020","17.06","17.26","17.36","17.02","1.14M","-1.16%"
"12/29/2020","17.26","17.36","17.38","17.14","1.36M","-0.46%"
"12/28/2020","17.34","17.38","17.40","17.30","623.66K","0.12%"
"12/27/2020","17.32","17.22","17.44","17.22","331.47K","-0.46%"
"12/24/2020","17.40","17.44","17.46","17.38","1.04M","-0.23%"
"12/23/2020","17.44","17.38","17.44","17.34","1.00M","0.46%"
"12/22/2020","17.36","17.26","17.36","17.18","949.11K","1.05%"
"12/21/2020","17.18","17.18","17.24","17.00","1.67M","-0.12%"
"12/20/2020","17.20","17.30","17.34","17.18","792.11K","-0.58%"
"12/17/2020","17.30","17.32","17.32","17.20","1.68M","0.00%"
"12/16/2020","17.30","17.18","17.32","17.18","1.77M","0.58%"
"12/15/2020","17.20","17.30","17.30","17.20","1.23M","-0.35%"
"12/14/2020","17.26","17.24","17.34","17.22","2.14M","0.23%"
"12/13/2020","17.22","17.26","17.26","17.12","869.34K","-0.23%"
"12/10/2020","17.26","17.20","17.26","17.20","668.93K","0.35%"
"12/09/2020","17.20","17.18","17.24","17.16","1.06M","0.70%"
"12/08/2020","17.08","17.10","17.16","17.02","1.55M","0.00%"
"12/07/2020","17.08","17.20","17.20","16.94","1.97M","-1.04%"
"12/06/2020","17.26","17.30","17.30","17.18","1.34M","-0.35%"
"11/30/2020","17.32","17.28","17.32","17.08","8.39M","1.29%"
"11/29/2020","17.10","17.00","17.10","16.92","803.21K","1.30%"
"11/26/2020","16.88","17.00","17.02","16.86","2.03M","-1.06%"
"11/25/2020","17.06","17.04","17.12","16.90","1.34M","0.00%"
"11/24/2020","17.06","17.04","17.12","17.02","2.43M","0.12%"
"11/23/2020","17.04","16.84","17.04","16.74","1.61M","2.40%"
"11/22/2020","16.64","17.18","17.18","16.64","4.43M","-1.89%"
"11/19/2020","16.96","17.00","17.18","16.96","1.23M","-0.47%"
"11/18/2020","17.04","17.14","17.16","17.02","1.16M","-0.70%"
"11/17/2020","17.16","17.22","17.30","17.14","29.08M","-0.58%"
"11/16/2020","17.26","17.20","17.26","17.14","1.94M","0.47%"
"11/15/2020","17.18","17.16","17.22","17.12","1.09M","0.00%"
"11/12/2020","17.18","17.12","17.18","17.10","1.25M","-0.12%"
"11/11/2020","17.20","17.00","17.20","17.00","1.79M","1.06%"
"11/10/2020","17.02","16.92","17.02","16.90","1.16M","0.12%"
"11/09/2020","17.00","16.94","17.02","16.90","1.52M","0.00%"
"11/08/2020","17.00","16.98","17.00","16.94","1.01M","0.12%"
"11/05/2020","16.98","16.92","16.98","16.90","1.05M","0.24%"
"11/04/2020","16.94","16.94","16.98","16.84","660.13K","0.59%"
"11/03/2020","16.84","16.90","16.92","16.84","859.52K","0.00%"
"11/02/2020","16.84","16.84","17.00","16.84","464.43K","-0.24%"
"11/01/2020","16.88","16.94","16.94","16.86","360.46K","0.00%"
"10/28/2020","16.88","17.06","17.06","16.86","1.05M","-1.06%"
"10/27/2020","17.06","17.04","17.06","17.00","932.73K","0.24%"
"10/26/2020","17.02","16.88","17.02","16.88","449.91K","0.71%"
"10/25/2020","16.90","16.96","17.10","16.90","276.97K","-1.05%"
"10/22/2020","17.08","16.98","17.08","16.78","2.77M","0.59%"
"10/21/2020","16.98","16.94","16.98","16.92","277.84K","0.24%"
"10/20/2020","16.94","16.88","16.94","16.86","1.33M","0.36%"
"10/19/2020","16.88","16.86","16.90","16.86","637.34K","0.12%"
"10/18/2020","16.86","16.90","16.90","16.82","529.35K","-0.24%"
"10/15/2020","16.90","16.90","16.90","16.88","1.34M","0.00%"
"10/14/2020","16.90","16.82","16.90","16.82","817.37K","0.12%"
"10/13/2020","16.88","16.88","16.88","16.84","860.46K","0.12%"
"10/12/2020","16.86","16.86","16.90","16.82","1.17M","0.00%"
"10/11/2020","16.86","16.80","16.86","16.80","591.27K","-0.24%"
"10/08/2020","16.90","16.84","16.90","16.80","856.53K","0.24%"
"10/07/2020","16.86","16.74","16.86","16.74","1.38M","0.96%"
"10/06/2020","16.70","16.72","16.80","16.70","551.81K","0.00%"
"10/05/2020","16.70","16.66","16.80","16.64","1.78M","0.36%"
"10/04/2020","16.64","16.62","16.66","16.58","535.67K","0.12%"
"10/01/2020","16.62","16.58","16.68","16.58","310.19K","-0.24%"
"09/30/2020","16.66","16.56","16.66","16.54","935.73K","0.73%"
"09/29/2020","16.54","16.56","16.60","16.52","2.81M","0.00%"
"09/28/2020","16.54","16.60","16.64","16.54","908.41K","-0.12%"
"09/27/2020","16.56","16.60","16.66","16.56","450.45K","-0.24%"
"09/24/2020","16.60","16.56","16.64","16.52","622.44K","0.36%"
"09/23/2020","16.54","16.60","16.68","16.52","1.04M","-0.12%"
"09/22/2020","16.56","16.58","16.64","16.50","1.31M","0.12%"
"09/21/2020","16.54","16.60","16.70","16.54","346.78K","-0.96%"
"09/20/2020","16.70","16.68","16.70","16.54","939.01K","-0.60%"
"09/17/2020","16.80","16.52","16.80","16.52","3.48M","1.33%"
"09/16/2020","16.58","16.50","16.58","16.46","1.71M","0.36%"
"09/15/2020","16.52","16.54","16.56","16.50","591.17K","0.00%"
"09/14/2020","16.52","16.56","16.56","16.50","921.23K","-0.12%"
"09/13/2020","16.54","16.56","16.58","16.44","1.43M","-0.24%"
"09/10/2020","16.58","16.58","16.58","16.52","1.49M","0.48%"
"09/09/2020","16.50","16.60","16.60","16.50","1.44M","-0.48%"
"09/08/2020","16.58","16.64","16.64","16.52","1.34M","0.36%"
"09/07/2020","16.52","16.66","16.70","16.52","1.89M","-0.48%"
"09/06/2020","16.60","16.72","16.72","16.60","616.59K","-0.72%"
"09/03/2020","16.72","16.70","16.72","16.64","1.05M","0.12%"
"09/02/2020","16.70","16.58","16.74","16.58","469.75K","0.85%"
"09/01/2020","16.56","16.80","16.80","16.56","1.25M","0.00%"
"08/31/2020","16.56","16.80","16.86","16.56","4.51M","-1.19%"
"08/30/2020","16.76","16.90","16.90","16.74","242.45K","-0.83%"
"08/27/2020","16.90","16.86","16.90","16.72","1.55M","0.24%"
"08/26/2020","16.86","16.94","16.94","16.70","967.06K","0.36%"
"08/25/2020","16.80","16.98","17.00","16.76","1.01M","-0.83%"
"08/24/2020","16.94","16.96","17.00","16.68","1.42M","0.00%"
"08/20/2020","16.94","16.88","16.94","16.80","1.01M","-0.24%"
"08/19/2020","16.98","16.88","16.98","16.82","1.70M","0.59%"
"08/18/2020","16.88","16.78","16.88","16.66","1.10M","0.60%"
"08/17/2020","16.78","16.70","16.78","16.70","824.87K","0.48%"
"08/16/2020","16.70","16.54","16.70","16.54","435.37K","0.48%"
"08/13/2020","16.62","16.58","16.66","16.52","914.93K","0.61%"
"08/12/2020","16.52","16.50","16.60","16.50","645.03K","-0.12%"
"08/11/2020","16.54","16.54","16.64","16.52","774.94K","-0.36%"
"08/10/2020","16.60","16.54","16.66","16.54","628.79K","0.00%"
"08/09/2020","16.60","16.68","16.68","16.52","214.85K","-0.48%"
"08/06/2020","16.68","16.40","16.68","16.40","603.33K","1.46%"
"08/05/2020","16.44","16.54","16.66","16.44","833.27K","-0.60%"
"08/04/2020","16.54","16.68","16.68","16.54","1.17M","-0.60%"
"08/03/2020","16.64","16.70","16.72","16.64","980.92K","0.00%"
"07/29/2020","16.64","16.76","16.78","16.64","946.57K","-1.54%"
"07/28/2020","16.90","17.00","17.00","16.86","803.40K","-0.47%"
"07/27/2020","16.98","16.94","17.00","16.88","906.30K","0.47%"
"07/26/2020","16.90","16.98","16.98","16.86","878.10K","-0.35%"
"07/23/2020","16.96","16.80","17.00","16.80","1.72M","0.24%"
"07/22/2020","16.92","16.78","16.92","16.66","15.67M","1.93%"
"07/21/2020","16.60","16.82","16.82","16.60","188.98K","-1.31%"
"07/20/2020","16.82","16.76","16.82","16.60","1.53M","0.24%"
"07/19/2020","16.78","16.74","16.78","16.66","230.28K","0.24%"
"07/16/2020","16.74","16.70","16.74","16.60","945.20K","0.60%"
"07/15/2020","16.64","16.76","16.78","16.62","808.69K","-0.83%"
"07/14/2020","16.78","16.58","16.78","16.50","1.56M","0.48%"
"07/13/2020","16.70","16.60","16.70","16.60","331.66K","0.00%"
"07/12/2020","16.70","16.60","16.70","16.54","456.39K","-0.12%"
"07/09/2020","16.72","16.70","16.76","16.60","946.41K","-0.12%"
"07/08/2020","16.74","16.60","16.74","16.58","525.10K","0.60%"
"07/07/2020","16.64","16.56","16.64","16.54","1.33M","0.00%"
"07/06/2020","16.64","16.60","16.64","16.50","926.31K","0.48%"
"07/05/2020","16.56","16.78","16.78","16.56","291.20K","-1.31%"
"07/02/2020","16.78","16.66","16.78","16.60","1.32M","0.96%"
"07/01/2020","16.62","16.56","16.68","16.56","559.38K","0.73%"
"06/30/2020","16.50","16.66","16.70","16.50","2.06M","-0.96%"
"06/29/2020","16.66","16.78","16.78","16.66","684.29K","-0.24%"
"06/28/2020","16.70","16.72","16.74","16.70","348.79K","-0.48%"
"06/25/2020","16.78","16.88","16.88","16.74","594.72K","-0.71%"
"06/24/2020","16.90","16.84","17.00","16.72","2.72M","0.36%"
"06/23/2020","16.84","16.80","16.90","16.80","1.43M","-0.12%"
"06/22/2020","16.86","16.74","16.88","16.70","731.33K","0.84%"
"06/21/2020","16.72","16.64","16.72","16.64","405.80K","-0.71%"
"06/18/2020","16.84","16.60","16.94","16.60","6.29M","0.36%"
"06/17/2020","16.78","16.54","16.78","16.46","3.18M","1.45%"
"06/16/2020","16.54","16.62","16.64","16.48","2.24M","-0.36%"
"06/15/2020","16.60","16.16","16.62","16.16","2.67M","1.59%"
"06/14/2020","16.34","16.16","16.36","16.10","401.78K","-0.12%"
"06/11/2020","16.36","16.30","16.36","16.16","1.97M","0.49%"
"06/10/2020","16.28","16.40","16.40","16.28","1.40M","-0.73%"
"06/09/2020","16.40","16.40","16.46","16.30","1.37M","-1.32%"
"06/08/2020","16.62","16.50","16.62","16.18","2.59M","1.34%"
"06/07/2020","16.40","16.70","16.72","16.40","2.02M","-1.80%"
"06/04/2020","16.70","16.44","16.70","16.32","2.48M","1.21%"
"06/03/2020","16.50","16.54","16.54","16.36","2.49M","-1.08%"
"06/02/2020","16.68","15.90","16.70","15.90","5.60M","4.91%"
"06/01/2020","15.90","15.64","15.90","15.64","2.65M","1.15%"
"05/31/2020","15.72","15.34","15.72","15.34","1.10M","0.51%"
"05/28/2020","15.64","15.48","15.64","15.32","7.91M","0.64%"
"05/27/2020","15.54","15.34","15.54","15.34","2.98M","1.97%"
"05/21/2020","15.24","15.30","15.44","15.20","1.98M","-0.39%"
"05/20/2020","15.30","15.32","15.44","15.30","1.88M","-0.52%"
"05/19/2020","15.38","15.24","15.42","15.24","1.73M","1.18%"
"05/18/2020","15.20","15.30","15.40","15.20","1.77M","-0.52%"
"05/17/2020","15.28","15.30","15.40","15.10","1.30M","-0.26%"
"05/14/2020","15.32","14.90","15.32","14.90","1.28M","2.82%"
"05/13/2020","14.90","14.96","15.06","14.88","1.53M","-0.67%"
"05/12/2020","15.00","14.70","15.00","14.70","1.28M","2.04%"
"05/11/2020","14.70","14.66","14.84","14.54","1.04M","-0.54%"
"05/10/2020","14.78","14.52","14.80","14.52","99.53K","1.79%"
"05/07/2020","14.52","14.60","14.80","14.52","1.29M","-0.55%"
"05/06/2020","14.60","15.00","15.04","14.60","1.43M","-2.41%"
"05/05/2020","14.96","15.02","15.06","14.90","836.70K","0.13%"
"05/04/2020","14.94","15.02","15.16","14.94","850.97K","-0.80%"
"05/03/2020","15.06","15.20","15.26","15.06","254.73K","-2.84%"
"04/30/2020","15.50","15.46","15.52","15.30","917.25K","-1.15%"
"04/29/2020","15.68","15.62","15.68","15.56","729.08K","0.51%"
"04/28/2020","15.60","15.54","15.64","15.12","1.59M","0.78%"
"04/27/2020","15.48","15.38","15.54","15.38","1.16M","0.78%"
"04/26/2020","15.36","15.20","15.40","15.10","391.03K","1.19%"
"04/23/2020","15.18","15.10","15.38","15.10","2.06M","0.53%"
"04/22/2020","15.10","14.96","15.10","14.44","2.33M","5.45%"
"04/21/2020","14.32","14.30","14.56","14.00","791.47K","-1.24%"
"04/20/2020","14.50","15.00","15.00","14.40","2.57M","-1.49%"
"04/19/2020","14.72","14.70","14.90","14.70","343.47K","2.65%"
"04/16/2020","14.34","15.06","15.06","14.34","2.72M","-4.78%"
"04/15/2020","15.06","15.38","15.38","15.06","1.13M","-2.08%"
"04/14/2020","15.38","15.04","15.66","15.04","1.60M","2.40%"
"04/13/2020","15.02","15.10","15.10","15.00","356.37K","0.13%"
"04/12/2020","15.00","15.14","15.14","14.98","646.22K","-0.66%"
"04/09/2020","15.10","14.36","15.10","14.36","2.36M","5.59%"
"04/08/2020","14.30","14.06","14.34","14.02","1.39M","0.14%"
"04/07/2020","14.28","14.00","14.28","14.00","1.57M","2.00%"
"04/06/2020","14.00","14.02","14.04","13.66","1.25M","0.72%"
"04/05/2020","13.90","13.90","14.14","13.72","129.73K","-1.28%"
"04/02/2020","14.08","13.66","14.08","13.66","751.69K","-1.40%"
"04/01/2020","14.28","14.02","14.40","13.98","3.51M","1.85%"
"03/31/2020","14.02","14.34","14.34","13.76","2.40M","2.04%"
"03/30/2020","13.74","14.30","14.38","13.68","3.19M","-3.10%"
"03/29/2020","14.18","14.00","14.60","13.98","1.41M","3.20%"
"03/26/2020","13.74","14.46","14.46","13.74","1.63M","-4.85%"
"03/25/2020","14.44","13.30","14.58","13.30","1.56M","9.06%"
"03/24/2020","13.24","12.30","13.60","12.18","1.80M","6.77%"
"03/23/2020","12.40","12.30","12.64","12.30","4.90M","-3.88%"
"03/22/2020","12.90","12.90","13.08","12.90","1.02M","-4.87%"
"03/19/2020","13.56","12.30","14.30","12.30","2.40M","6.94%"
"03/18/2020","12.68","11.36","12.68","11.30","4.22M","14.86%"
"03/17/2020","11.04","12.16","12.16","11.02","4.66M","-7.07%"
"03/16/2020","11.88","13.00","13.20","11.88","3.30M","-9.86%"
"03/15/2020","13.18","13.40","13.40","12.98","1.95M","1.38%"
"03/12/2020","13.00","14.20","14.20","13.00","3.19M","-8.84%"
"03/11/2020","14.26","13.94","14.40","13.90","1.37M","3.18%"
"03/10/2020","13.82","13.60","14.46","13.60","2.76M","2.52%"
"03/09/2020","13.48","14.70","14.70","13.48","3.07M","-9.89%"
"03/08/2020","14.96","14.64","15.30","14.64","925.10K","-3.48%"
"03/05/2020","15.50","15.30","15.70","15.30","1.28M","1.31%"
"03/04/2020","15.30","15.40","15.44","15.24","531.59K","-0.78%"
"03/03/2020","15.42","15.28","15.56","15.20","1.48M","2.80%"
"03/02/2020","15.00","15.60","15.60","15.00","2.59M","-1.96%"
"03/01/2020","15.30","15.80","15.80","15.10","1.32M","-3.16%"
"02/27/2020","15.80","16.08","16.20","15.78","2.31M","0.00%"
"02/26/2020","15.80","15.88","15.96","15.74","1.99M","-0.88%"
"02/25/2020","15.94","16.06","16.06","15.84","1.53M","-1.12%"
"02/24/2020","16.12","16.16","16.16","16.04","1.73M","-0.37%"
"02/23/2020","16.18","16.20","16.24","16.18","488.74K","0.00%"
"02/20/2020","16.18","16.24","16.24","16.08","1.74M","-0.37%"
"02/19/2020","16.24","16.16","16.26","16.04","1.63M","0.62%"
"02/18/2020","16.14","16.02","16.16","16.02","349.56K","0.25%"
"02/17/2020","16.10","16.02","16.12","16.02","1.60M","0.37%"
"02/16/2020","16.04","16.00","16.04","16.00","336.95K","0.25%"
"02/13/2020","16.00","15.98","16.02","15.92","1.67M","0.25%"
"02/12/2020","15.96","16.00","16.02","15.96","1.37M","0.13%"
"02/11/2020","15.94","16.10","16.16","15.94","895.41K","-1.48%"
"02/10/2020","16.18","16.06","16.18","16.06","1.05M","0.50%"
"02/09/2020","16.10","16.18","16.18","16.00","586.56K","-0.12%"
"02/06/2020","16.12","16.02","16.12","15.98","1.71M","0.62%"
"02/05/2020","16.02","16.12","16.12","15.98","995.45K","-0.25%"
"02/04/2020","16.06","16.10","16.16","15.96","1.85M","-0.25%"
"02/03/2020","16.10","16.10","16.30","16.02","1.19M","-0.37%"
"02/02/2020","16.16","16.32","16.32","16.16","313.53K","-0.74%"
"01/30/2020","16.28","16.24","16.34","16.24","1.04M","0.37%"
"01/29/2020","16.22","16.38","16.40","16.22","1.66M","-0.37%"
"01/28/2020","16.28","16.34","16.46","16.28","1.28M","-0.25%"
"01/27/2020","16.32","16.54","16.54","16.32","888.06K","-1.09%"
"01/26/2020","16.50","16.54","16.56","16.50","294.90K","-0.24%"
"01/23/2020","16.54","16.50","16.56","16.50","918.33K","-0.12%"
"01/22/2020","16.56","16.52","16.58","16.50","1.04M","0.00%"
"01/21/2020","16.56","16.58","16.58","16.50","970.96K","-0.24%"
"01/20/2020","16.60","16.54","16.60","16.52","374.77K","0.48%"
"01/19/2020","16.52","16.60","16.60","16.50","267.24K","-0.36%"
"01/16/2020","16.58","16.58","16.62","16.50","1.07M","0.00%"
"01/15/2020","16.58","16.54","16.58","16.42","838.13K","0.48%"
"01/14/2020","16.50","16.44","16.52","16.44","1.98M","0.36%"
"01/13/2020","16.44","16.46","16.46","16.40","799.31K","0.00%"
"01/12/2020","16.44","16.48","16.48","16.40","191.05K","0.12%"
"01/09/2020","16.42","16.38","16.46","16.38","2.04M","0.61%"
"01/08/2020","16.32","16.38","16.40","16.32","816.59K","-0.61%"
"01/07/2020","16.42","16.46","16.46","16.34","723.79K","0.74%"
"01/06/2020","16.30","16.30","16.42","16.28","1.35M","0.00%"
"01/05/2020","16.30","16.50","16.50","16.30","574.30K","-1.21%"
"01/02/2020","16.50","16.44","16.50","16.38","256.63K","0.86%"
"12/31/2019","16.36","16.52","16.52","16.36","3.81M","-0.37%"
"12/30/2019","16.42","16.50","16.50","16.42","1.15M","-0.61%"
"12/29/2019","16.52","16.54","16.60","16.44","302.90K","0.61%"
"12/26/2019","16.42","16.58","16.58","16.42","944.86K","-1.20%"
"12/25/2019","16.62","16.56","16.62","16.56","300.16K","0.12%"
"12/24/2019","16.60","16.62","16.62","16.56","457.05K","0.00%"
"12/23/2019","16.60","16.46","16.62","16.46","1.86M","0.00%"
"12/22/2019","16.60","16.42","16.62","16.42","730.97K","1.22%"
"12/19/2019","16.40","16.64","16.70","16.40","5.96M","-1.80%"
"12/18/2019","16.70","16.64","16.70","16.60","2.05M","0.12%"
"12/17/2019","16.68","16.56","16.70","16.50","2.48M","0.85%"
"12/16/2019","16.54","16.50","16.54","16.44","1.51M","-0.24%"
"12/15/2019","16.58","16.52","16.58","16.48","1.36M","0.85%"
"12/12/2019","16.44","16.42","16.54","16.40","1.84M","-0.24%"
"12/11/2019","16.48","16.44","16.48","16.40","674.17K","0.86%"
"12/10/2019","16.34","16.48","16.48","16.34","523.33K","0.12%"
"12/09/2019","16.32","16.40","16.48","16.32","1.25M","-0.85%"
"12/08/2019","16.46","16.46","16.50","16.44","449.39K","-0.48%"
"12/05/2019","16.54","16.38","16.54","16.38","978.60K","0.36%"
"12/04/2019","16.48","16.36","16.54","16.36","1.61M","1.10%"
"11/28/2019","16.30","16.30","16.42","16.30","804.09K","0.00%"
"11/27/2019","16.30","16.44","16.48","16.28","1.18M","-0.37%"
"11/26/2019","16.36","16.54","16.56","16.36","7.72M","-1.68%"
"11/25/2019","16.64","16.40","16.64","16.40","1.84M","1.22%"
"11/24/2019","16.44","16.44","16.50","16.44","301.05K","-0.48%"
"11/21/2019","16.52","16.68","16.68","16.50","1.05M","-0.72%"
"11/20/2019","16.64","16.62","16.64","16.48","1.12M","-0.12%"
"11/19/2019","16.66","16.34","16.66","16.34","1.72M","1.71%"
"11/18/2019","16.38","16.50","16.50","16.38","1.08M","-0.73%"
"11/17/2019","16.50","16.70","16.70","16.48","821.03K","-1.20%"
"11/14/2019","16.70","16.60","16.70","16.50","1.91M","0.36%"
"11/13/2019","16.64","16.54","16.64","16.48","1.12M","0.24%"
"11/12/2019","16.60","16.48","16.60","16.48","1.01M","0.24%"
"11/11/2019","16.56","16.56","16.56","16.40","985.91K","-0.24%"
"11/10/2019","16.60","16.64","16.64","16.58","188.86K","0.00%"
"11/07/2019","16.60","16.60","16.68","16.60","569.75K","-0.48%"
"11/06/2019","16.68","16.64","16.68","16.60","462.26K","-0.24%"
"11/05/2019","16.72","16.54","16.72","16.52","1.14M","1.09%"
"11/04/2019","16.54","16.50","16.54","16.38","890.66K","-0.12%"
"11/03/2019","16.56","16.62","16.62","16.52","100.78K","0.00%"
"10/31/2019","16.56","16.58","16.70","16.56","1.64M","-0.24%"
"10/30/2019","16.60","16.44","16.60","16.38","788.21K","1.84%"
"10/29/2019","16.30","16.52","16.62","16.28","1.54M","-1.33%"
"10/28/2019","16.52","16.66","16.68","16.52","843.97K","-0.48%"
"10/27/2019","16.60","16.68","16.68","16.58","252.10K","0.00%"
"10/24/2019","16.60","16.70","16.70","16.52","1.25M","-0.60%"
"10/23/2019","16.70","16.70","16.70","16.54","702.79K","0.12%"
"10/22/2019","16.68","16.50","16.70","16.46","1.55M","1.09%"
"10/21/2019","16.50","16.50","16.50","16.40","756.20K","0.36%"
"10/20/2019","16.44","16.54","16.54","16.42","260.18K","-0.36%"
"10/17/2019","16.50","16.40","16.50","16.36","615.36K","0.24%"
"10/16/2019","16.46","16.50","16.50","16.40","1.05M","-0.12%"
"10/15/2019","16.48","16.38","16.48","16.36","820.83K","0.24%"
"10/14/2019","16.44","16.52","16.52","16.36","712.83K","-0.24%"
"10/13/2019","16.48","16.48","16.54","16.48","411.15K","-0.12%"
"10/10/2019","16.50","16.50","16.52","16.44","1.14M","0.00%"
"10/09/2019","16.50","16.48","16.50","16.44","479.34K","0.00%"
"10/08/2019","16.50","16.34","16.50","16.34","423.24K","0.00%"
"10/07/2019","16.50","16.38","16.50","16.30","886.51K","1.35%"
"10/06/2019","16.28","16.36","16.40","16.28","128.90K","-0.49%"
"10/03/2019","16.36","16.16","16.36","16.16","439.54K","1.24%"
"10/02/2019","16.16","16.38","16.38","16.16","1.41M","-1.34%"
"10/01/2019","16.38","16.48","16.48","16.26","652.72K","-0.73%"
"09/30/2019","16.50","16.46","16.50","16.32","1.07M","0.86%"
"09/29/2019","16.36","16.40","16.48","16.36","93.41K","-0.12%"
"09/26/2019","16.38","16.50","16.50","16.38","849.95K","-0.73%"
"09/25/2019","16.50","16.42","16.50","16.40","807.46K","0.61%"
"09/24/2019","16.40","16.68","16.68","16.40","751.02K","-0.73%"
"09/23/2019","16.52","16.76","16.76","16.52","756.76K","-1.08%"
"09/22/2019","16.70","16.66","16.78","16.66","379.46K","-0.48%"
"09/19/2019","16.78","16.80","16.82","16.50","3.47M","0.00%"
"09/18/2019","16.78","16.82","16.82","16.70","1.16M","-0.36%"
"09/17/2019","16.84","16.72","16.84","16.72","1.97M","0.24%"
"09/16/2019","16.80","16.30","16.80","16.24","1.94M","2.56%"
"09/15/2019","16.38","16.36","16.40","16.30","237.82K","0.00%"
"09/12/2019","16.38","16.44","16.48","16.36","938.34K","-0.24%"
"09/11/2019","16.42","16.44","16.44","16.30","1.46M","-0.61%"
"09/10/2019","16.52","16.42","16.54","16.36","1.74M","0.12%"
"09/09/2019","16.50","16.84","16.84","16.40","1.58M","-1.20%"
"09/08/2019","16.70","16.86","16.90","16.70","169.84K","-0.48%"
"09/05/2019","16.78","16.76","16.92","16.70","879.95K","-0.59%"
"09/04/2019","16.88","17.00","17.00","16.80","1.31M","-0.71%"
"09/03/2019","17.00","17.00","17.10","16.94","975.64K","-0.70%"
"09/02/2019","17.12","16.90","17.14","16.80","1.32M","1.90%"
"09/01/2019","16.80","16.70","16.80","16.64","766.88K","-0.59%"
"08/29/2019","16.90","16.64","16.90","16.58","1.88M","1.56%"
"08/28/2019","16.64","16.50","16.64","16.46","826.84K","0.73%"
"08/27/2019","16.52","16.06","16.52","16.06","4.09M","2.48%"
"08/26/2019","16.12","16.16","16.24","16.08","1.02M","0.62%"
"08/25/2019","16.02","16.26","16.26","16.02","1.23M","-1.35%"
"08/22/2019","16.24","16.34","16.58","16.24","1.63M","0.00%"
"08/21/2019","16.24","16.36","16.36","16.24","817.26K","-0.49%"
"08/20/2019","16.32","16.12","16.40","16.12","1.09M","1.24%"
"08/19/2019","16.12","16.20","16.24","16.12","1.01M","-0.49%"
"08/18/2019","16.20","16.12","16.20","16.10","243.22K","0.62%"
"08/15/2019","16.10","16.10","16.24","16.10","1.05M","0.00%"
"08/14/2019","16.10","16.40","16.44","16.10","1.47M","-1.11%"
"08/08/2019","16.28","16.40","16.40","16.28","1.23M","-0.85%"
"08/07/2019","16.42","16.26","16.48","16.20","1.27M","1.99%"
"08/06/2019","16.10","16.14","16.28","16.00","1.60M","-0.62%"
"08/05/2019","16.20","16.68","16.68","16.14","1.73M","-2.64%"
"08/04/2019","16.64","16.50","16.68","16.48","194.33K","-0.48%"
"08/01/2019","16.72","16.96","17.18","16.72","1.04M","-3.02%"
"07/31/2019","17.24","17.52","17.56","17.24","1.95M","-1.60%"
"07/30/2019","17.52","17.78","17.78","17.46","805.46K","-1.35%"
"07/29/2019","17.76","17.68","17.76","17.62","936.87K","0.34%"
"07/28/2019","17.70","17.68","17.76","17.68","207.21K","-0.56%"
"07/25/2019","17.80","17.60","17.80","17.54","1.38M","0.56%"
"07/24/2019","17.70","17.60","17.72","17.50","1.23M","-0.34%"
"07/23/2019","17.76","17.04","17.76","17.04","1.47M","1.60%"
"07/22/2019","17.48","17.20","17.50","17.20","1.27M","1.51%"
"07/21/2019","17.22","17.18","17.28","17.16","899.96K","-0.69%"
"07/18/2019","17.34","16.90","17.44","16.90","4.75M","2.97%"
"07/17/2019","16.84","16.76","16.84","16.76","276.35K","0.12%"
"07/16/2019","16.82","16.74","16.82","16.74","3.97M","0.60%"
"07/15/2019","16.72","16.78","16.78","16.72","579.30K","-0.36%"
"07/14/2019","16.78","16.74","16.78","16.74","226.51K","-0.12%"
"07/11/2019","16.80","16.76","16.80","16.76","1.40M","0.12%"
"07/10/2019","16.78","16.74","16.78","16.70","1.19M","0.24%"
"07/09/2019","16.74","16.72","16.74","16.68","327.33K","0.12%"
"07/08/2019","16.72","16.74","16.76","16.66","421.82K","-0.12%"
"07/07/2019","16.74","16.74","16.78","16.70","268.47K","-0.24%"
"07/04/2019","16.78","16.72","16.78","16.70","347.82K","0.12%"
"07/03/2019","16.76","16.68","16.76","16.66","794.45K","-0.12%"
"07/02/2019","16.78","16.76","16.78","16.68","1.40M","0.12%"
"07/01/2019","16.76","16.64","16.76","16.64","894.14K","0.48%"
"06/30/2019","16.68","16.68","16.72","16.66","301.44K","0.00%"
"06/27/2019","16.68","16.54","16.78","16.52","1.05M","0.85%"
"06/26/2019","16.54","16.68","16.68","16.54","326.66K","-0.72%"
"06/25/2019","16.66","16.68","16.70","16.44","626.66K","-0.36%"
"06/24/2019","16.72","16.66","16.76","16.62","1.13M","0.24%"
"06/23/2019","16.68","16.70","16.78","16.66","1.31M","-0.12%"
"06/20/2019","16.70","16.20","16.70","16.20","4.95M","2.83%"
"06/19/2019","16.24","16.14","16.24","16.14","1.84M","1.12%"
"06/18/2019","16.06","16.00","16.06","15.90","1.11M","1.01%"
"06/17/2019","15.90","16.02","16.14","15.86","1.41M","-1.24%"
"06/16/2019","16.10","16.24","16.30","16.02","282.82K","-1.11%"
"06/13/2019","16.28","16.14","16.28","16.14","1.02M","0.25%"
"06/12/2019","16.24","16.12","16.24","16.06","1.57M","1.12%"
"06/11/2019","16.06","16.24","16.24","15.96","1.50M","-1.11%"
"06/10/2019","16.24","16.16","16.36","16.02","2.61M","0.50%"
"06/09/2019","16.16","16.30","16.66","15.94","943.96K","-0.86%"
"05/30/2019","16.30","15.60","16.30","15.60","2.49M","4.49%"
"05/29/2019","15.60","15.46","15.60","15.46","764.75K","0.91%"
"05/28/2019","15.46","15.44","15.60","15.44","7.25M","0.13%"
"05/27/2019","15.44","15.52","15.56","15.44","1.12M","0.00%"
"05/26/2019","15.44","15.56","15.56","15.44","330.64K","-0.39%"
"05/23/2019","15.50","15.40","15.50","15.40","1.07M","0.65%"
"05/22/2019","15.40","15.50","15.50","15.40","589.57K","-0.26%"
"05/21/2019","15.44","15.34","15.58","15.34","763.53K","0.00%"
"05/20/2019","15.44","15.58","15.60","15.44","1.30M","-0.39%"
"05/19/2019","15.50","15.36","15.54","15.36","757.18K","1.04%"
"05/16/2019","15.34","15.64","15.66","15.34","992.21K","-1.67%"
"05/15/2019","15.60","15.90","15.90","15.60","820.14K","-0.89%"
"05/14/2019","15.74","15.26","16.00","15.26","2.64M","3.55%"
"05/13/2019","15.20","16.12","16.12","15.20","2.08M","-5.71%"
"05/12/2019","16.12","15.86","16.20","15.86","523.97K","1.64%"
"05/09/2019","15.86","16.28","16.34","15.86","1.19M","-2.34%"
"05/08/2019","16.24","16.40","16.40","16.22","1.19M","-0.98%"
"05/07/2019","16.40","16.44","16.50","16.26","908.82K","-0.24%"
"05/06/2019","16.44","16.62","16.74","16.44","1.13M","-1.08%"
"05/05/2019","16.62","16.62","16.78","16.62","640.38K","-0.72%"
"05/02/2019","16.74","16.64","16.76","16.64","1.06M","0.24%"
"05/01/2019","16.70","16.68","16.72","16.68","505.20K","0.00%"
"04/30/2019","16.70","16.64","16.74","16.60","1.74M","0.36%"
"04/29/2019","16.64","16.74","16.74","16.60","745.62K","-0.60%"
"04/28/2019","16.74","16.62","16.74","16.62","448.58K","0.00%"
"04/25/2019","16.74","16.66","16.74","16.64","1.04M","0.12%"
"04/24/2019","16.72","16.68","16.76","16.60","1.14M","0.48%"
"04/23/2019","16.64","16.60","16.64","16.60","566.01K","0.36%"
"04/22/2019","16.58","16.64","16.66","16.56","894.19K","-0.48%"
"04/21/2019","16.66","16.60","16.66","16.54","411.40K","0.24%"
"04/18/2019","16.62","16.60","16.62","16.48","1.51M","0.00%"
"04/17/2019","16.62","16.52","16.64","16.52","363.84K","0.00%"
"04/16/2019","16.62","16.60","16.62","16.52","492.64K","0.73%"
"04/15/2019","16.50","16.64","16.64","16.50","906.53K","-0.96%"
"04/14/2019","16.66","16.70","16.74","16.56","1.21M","-0.24%"
"04/11/2019","16.70","16.76","16.78","16.64","554.16K","-0.36%"
"04/10/2019","16.76","16.62","16.76","16.62","633.21K","0.36%"
"04/09/2019","16.70","16.62","16.70","16.60","869.54K","0.48%"
"04/08/2019","16.62","16.56","16.62","16.32","878.50K","0.36%"
"04/07/2019","16.56","16.34","16.64","16.34","237.89K","1.47%"
"04/04/2019","16.32","16.32","16.38","16.28","326.92K","-0.49%"
"04/03/2019","16.40","16.44","16.44","16.32","749.79K","-0.49%"
"04/02/2019","16.48","16.70","16.70","16.44","1.45M","-1.32%"
"04/01/2019","16.70","16.70","16.70","16.66","613.13K","0.00%"
"03/31/2019","16.70","16.52","16.72","16.52","210.31K","0.00%"
"03/28/2019","16.70","16.60","16.70","16.40","1.36M","-0.83%"
"03/27/2019","16.84","16.88","16.90","16.82","1.09M","-0.24%"
"03/26/2019","16.88","16.90","16.90","16.86","573.63K","-0.12%"
"03/25/2019","16.90","16.88","16.92","16.82","776.21K","-0.12%"
"03/24/2019","16.92","16.90","16.94","16.86","721.83K","0.12%"
"03/21/2019","16.90","16.84","16.90","16.80","1.01M","0.00%"
"03/20/2019","16.90","16.70","16.90","16.70","853.81K","0.84%"
"03/19/2019","16.76","16.74","16.80","16.70","462.36K","0.24%"
"03/18/2019","16.72","16.76","16.76","16.64","555.51K","0.12%"
"03/17/2019","16.70","16.64","16.82","16.64","421.39K","-1.07%"
"03/14/2019","16.88","16.16","16.88","16.16","3.49M","5.24%"
"03/13/2019","16.04","16.80","16.80","16.04","2.22M","-4.07%"
"03/12/2019","16.72","16.80","16.88","16.72","1.26M","-0.48%"
"03/11/2019","16.80","16.86","16.90","16.80","1.84M","0.00%"
"03/10/2019","16.80","16.78","16.94","16.76","1.37M","0.00%"
"03/07/2019","16.80","16.84","16.94","16.80","1.43M","-0.47%"
"03/06/2019","16.88","16.84","16.92","16.70","1.87M","0.24%"
"03/05/2019","16.84","16.92","16.96","16.84","1.62M","-0.24%"
"03/04/2019","16.88","16.96","16.98","16.84","1.67M","-0.35%"
"03/03/2019","16.94","16.98","17.02","16.88","1.43M","0.36%"
"02/28/2019","16.88","17.00","17.06","16.88","3.66M","-0.82%"
"02/27/2019","17.02","16.96","17.02","16.92","2.35M","0.24%"
"02/26/2019","16.98","16.96","17.00","16.90","1.96M","0.00%"
"02/25/2019","16.98","16.94","16.98","16.88","2.76M","0.24%"
"02/24/2019","16.94","16.90","17.00","16.90","1.99M","-0.35%"
"02/21/2019","17.00","16.86","17.00","16.86","2.26M","0.47%"
"02/20/2019","16.92","16.92","16.96","16.84","2.97M","0.00%"
"02/18/2019","16.92","16.94","16.98","16.88","1.66M","-0.12%"
"02/17/2019","16.94","16.96","17.00","16.84","1.90M","0.59%"
"02/14/2019","16.84","16.96","17.00","16.84","2.34M","-0.71%"
"02/13/2019","16.96","16.86","17.10","16.86","3.38M","0.00%"
"02/12/2019","16.96","16.96","17.00","16.88","1.95M","0.36%"
"02/11/2019","16.90","17.00","17.04","16.90","1.98M","-0.35%"
"02/10/2019","16.96","16.96","17.06","16.96","1.74M","-0.24%"
"02/07/2019","17.00","17.04","17.08","16.96","1.75M","-0.35%"
"02/06/2019","17.06","16.92","17.06","16.88","2.40M","0.47%"
"02/05/2019","16.98","16.98","17.02","16.90","2.03M","0.59%"
"02/04/2019","16.88","16.98","17.06","16.88","2.26M","-0.24%"
"02/03/2019","16.92","17.00","17.06","16.92","2.11M","-0.59%"
"01/31/2019","17.02","16.88","17.02","16.88","2.86M","0.35%"
"01/30/2019","16.96","16.96","17.00","16.86","1.97M","-0.24%"
"01/29/2019","17.00","16.92","17.00","16.88","3.12M","0.12%"
"01/28/2019","16.98","16.84","16.98","16.82","2.31M","0.83%"
"01/27/2019","16.84","16.80","16.96","16.80","1.87M","-0.24%"
"01/24/2019","16.88","16.88","16.88","16.80","2.46M","0.00%"
"01/23/2019","16.88","16.86","16.92","16.82","2.45M","0.00%"
"01/22/2019","16.88","16.90","16.90","16.84","2.92M","-0.24%"
"01/21/2019","16.92","16.86","16.96","16.84","2.83M","0.36%"
"01/20/2019","16.86","16.98","16.98","16.84","2.10M","-0.59%"
"01/17/2019","16.96","16.94","16.98","16.84","2.77M","0.36%"
"01/16/2019","16.90","16.96","17.00","16.88","1.85M","0.00%"
"01/15/2019","16.90","16.86","16.90","16.82","1.29M","0.00%"
"01/14/2019","16.90","16.92","16.96","16.86","1.19M","-0.35%"
"01/13/2019","16.96","16.98","17.06","16.92","2.06M","-0.35%"
"01/10/2019","17.02","16.94","17.02","16.88","2.30M","0.12%"
"01/09/2019","17.00","16.92","17.00","16.86","1.67M","0.35%"
"01/08/2019","16.94","16.96","16.98","16.86","924.49K","0.00%"
"01/07/2019","16.94","16.90","16.98","16.88","1.12M","0.24%"
"01/06/2019","16.90","16.94","17.00","16.90","907.65K","-0.59%"
"01/03/2019","17.00","16.94","17.00","16.90","1.25M","0.00%"
"01/02/2019","17.00","17.00","17.00","16.86","488.39K","0.12%"
"12/31/2018","16.98","16.82","16.98","16.82","1.29M","0.59%"
"12/30/2018","16.88","16.82","16.96","16.82","604.52K","-0.35%"
"12/27/2018","16.94","16.92","16.96","16.80","1.18M","0.59%"
"12/26/2018","16.84","16.82","16.96","16.82","399.89K","0.00%"
"12/25/2018","16.84","16.92","16.98","16.84","802.94K","-0.82%"
"12/24/2018","16.98","16.96","17.00","16.90","1.89M","0.47%"
"12/23/2018","16.90","16.90","17.00","16.90","834.03K","-0.82%"
"12/20/2018","17.04","16.96","17.04","16.86","3.10M","0.12%"
"12/19/2018","17.02","16.98","17.02","16.88","1.48M","0.24%"
"12/18/2018","16.98","16.92","17.00","16.88","1.57M","-0.24%"
"12/17/2018","17.02","16.84","17.02","16.84","2.16M","0.71%"
"12/16/2018","16.90","16.90","17.00","16.86","1.19M","-0.47%"
"12/13/2018","16.98","16.86","17.00","16.82","1.35M","0.47%"
"12/12/2018","16.90","16.98","17.00","16.82","1.60M","-0.59%"
"12/11/2018","17.00","16.82","17.00","16.70","2.18M","1.07%"
"12/10/2018","16.82","16.84","16.84","16.72","1.57M","0.24%"
"12/09/2018","16.78","16.90","17.00","16.74","825.79K","-0.71%"
"12/06/2018","16.90","16.90","17.00","16.90","1.17M","-0.82%"
"12/05/2018","17.04","17.00","17.08","16.88","1.26M","-0.81%"
"12/04/2018","17.18","17.02","17.18","16.80","5.90M","3.37%"
"11/29/2018","16.62","17.10","17.16","16.62","6.39M","-2.92%"
"11/28/2018","17.12","17.02","17.14","17.02","1.40M","-0.47%"
"11/27/2018","17.20","16.98","17.20","16.98","1.74M","0.58%"
"11/26/2018","17.10","16.96","17.10","16.96","1.54M","1.18%"
"11/25/2018","16.90","16.98","17.06","16.90","698.65K","-0.59%"
"11/22/2018","17.00","16.94","17.02","16.82","1.23M","0.35%"
"11/21/2018","16.94","17.02","17.02","16.84","1.53M","0.12%"
"11/20/2018","16.92","17.20","17.24","16.92","1.71M","-2.20%"
"11/19/2018","17.30","17.06","17.30","17.06","2.66M","1.17%"
"11/15/2018","17.10","16.90","17.18","16.88","2.63M","1.42%"
"11/14/2018","16.86","16.86","16.98","16.86","1.27M","-0.12%"
"11/13/2018","16.88","16.86","17.00","16.84","1.29M","0.12%"
"11/12/2018","16.86","17.20","17.22","16.86","2.13M","-2.09%"
"11/11/2018","17.22","17.28","17.36","17.16","1.12M","-0.81%"
"11/08/2018","17.36","17.28","17.36","17.24","1.82M","0.35%"
"11/07/2018","17.30","17.24","17.32","17.22","1.40M","0.46%"
"11/06/2018","17.22","17.18","17.34","17.14","1.24M","-0.46%"
"11/05/2018","17.30","17.04","17.34","17.04","1.46M","0.82%"
"11/04/2018","17.16","17.28","17.30","17.08","441.35K","-0.58%"
"11/01/2018","17.26","17.02","17.40","17.02","1.19M","-0.80%"
"10/31/2018","17.40","17.00","17.40","16.96","2.42M","2.35%"
"10/30/2018","17.00","16.92","17.00","16.92","1.55M","0.00%"
"10/29/2018","17.00","16.90","17.00","16.86","1.53M","0.12%"
"10/28/2018","16.98","16.90","17.00","16.90","1.03M","-0.12%"
"10/25/2018","17.00","16.88","17.00","16.80","1.54M","0.71%"
"10/24/2018","16.88","16.76","16.88","16.70","849.32K","0.48%"
"10/23/2018","16.80","16.78","16.82","16.72","1.29M","0.00%"
"10/22/2018","16.80","16.64","16.80","16.64","1.31M","0.60%"
"10/21/2018","16.70","16.56","16.76","16.56","755.37K","-0.60%"
"10/18/2018","16.80","16.62","16.80","16.60","1.79M","0.60%"
"10/17/2018","16.70","16.60","16.70","16.58","1.99M","0.24%"
"10/16/2018","16.66","16.56","16.66","16.56","1.03M","0.73%"
"10/15/2018","16.54","16.48","16.66","16.44","972.18K","-0.36%"
"10/14/2018","16.60","16.64","16.72","16.54","1.05M","0.36%"
"10/11/2018","16.54","16.54","16.70","16.50","1.33M","-0.96%"
"10/10/2018","16.70","16.60","16.70","16.60","727.78K","0.24%"
"10/09/2018","16.66","16.56","16.66","16.56","598.13K","0.36%"
"10/08/2018","16.60","16.66","16.74","16.60","1.16M","-0.48%"
"10/07/2018","16.68","16.70","16.72","16.50","472.82K","-0.24%"
"10/04/2018","16.72","16.66","16.72","16.52","970.51K","0.36%"
"10/03/2018","16.66","16.50","16.68","16.50","844.61K","0.36%"
"10/02/2018","16.60","16.60","16.60","16.48","606.94K","0.48%"
"10/01/2018","16.52","16.44","16.60","16.34","961.52K","-0.24%"
"09/30/2018","16.56","16.70","16.70","16.50","543.52K","-0.84%"
"09/27/2018","16.70","16.10","16.70","16.10","2.51M","3.73%"
"09/26/2018","16.10","16.00","16.10","15.98","1.22M","0.63%"
"09/25/2018","16.00","15.98","16.00","15.94","689.04K","0.00%"
"09/24/2018","16.00","15.96","16.00","15.94","1.05M","0.00%"
"09/23/2018","16.00","15.94","16.10","15.94","906.53K","0.50%"
"09/20/2018","15.92","16.10","16.20","15.92","1.63M","-0.50%"
"09/19/2018","16.00","15.94","16.00","15.90","1.06M","0.00%"
"09/18/2018","16.00","16.00","16.04","15.94","1.20M","0.00%"
"09/17/2018","16.00","16.14","16.14","16.00","799.20K","-0.99%"
"09/16/2018","16.16","16.06","16.20","16.02","1.43M","1.38%"
"09/12/2018","15.94","16.14","16.14","15.94","1.97M","-0.99%"
"09/11/2018","16.10","16.20","16.20","16.06","1.16M","-0.62%"
"09/10/2018","16.20","16.46","16.46","16.10","1.76M","-1.22%"
"09/09/2018","16.40","16.66","16.78","16.40","1.00M","-1.44%"
"09/06/2018","16.64","16.72","16.82","16.64","409.21K","-1.30%"
"09/05/2018","16.86","16.76","16.86","16.70","1.32M","0.60%"
"09/04/2018","16.76","16.70","16.86","16.70","384.68K","0.24%"
"09/03/2018","16.72","16.80","16.84","16.72","116.51K","-0.36%"
"09/02/2018","16.78","16.82","16.96","16.76","158.28K","-1.00%"
"08/30/2018","16.95","16.80","16.95","16.75","1.61M","0.59%"
"08/29/2018","16.85","16.75","16.85","16.75","471.66K","0.00%"
"08/28/2018","16.85","16.80","16.85","16.75","1.56M","1.20%"
"08/27/2018","16.65","16.90","16.90","16.65","831.43K","-1.48%"
"08/26/2018","16.90","16.85","16.95","16.85","563.99K","0.60%"
"08/19/2018","16.80","16.85","16.90","16.75","265.29K","-0.59%"
"08/16/2018","16.90","16.85","16.90","16.80","1.22M","0.00%"
"08/15/2018","16.90","16.80","16.95","16.80","1.14M","1.20%"
"08/14/2018","16.70","16.55","16.85","16.55","301.62K","0.60%"
"08/13/2018","16.60","16.85","16.85","16.60","228.97K","-1.78%"
"08/12/2018","16.90","16.85","16.90","16.80","584.45K","0.30%"
"08/09/2018","16.85","16.80","16.90","16.80","678.36K","-0.30%"
"08/08/2018","16.90","16.90","16.95","16.80","895.23K","0.00%"
"08/07/2018","16.90","16.90","16.90","16.75","1.01M","-0.29%"
"08/06/2018","16.95","16.90","17.00","16.90","599.32K","0.30%"
"08/05/2018","16.90","16.95","16.95","16.90","519.70K","-0.29%"
"08/02/2018","16.95","16.95","16.95","16.80","1.61M","-1.17%"
"08/01/2018","17.15","17.25","17.35","17.10","2.56M","-1.15%"
"07/31/2018","17.35","17.15","17.40","17.10","3.10M","1.17%"
"07/30/2018","17.15","17.15","17.15","17.05","1.76M","0.29%"
"07/29/2018","17.10","17.15","17.20","17.10","802.60K","-0.29%"
"07/26/2018","17.15","17.15","17.20","17.10","1.53M","0.59%"
"07/25/2018","17.05","17.15","17.30","17.05","1.39M","0.00%"
"07/23/2018","17.05","17.15","17.15","17.00","576.46K","-0.87%"
"07/22/2018","17.20","17.05","17.20","17.05","79.20K","0.29%"
"07/19/2018","17.15","17.15","17.15","17.10","391.59K","-0.58%"
"07/18/2018","17.25","17.20","17.25","17.15","318.33K","0.00%"
"07/17/2018","17.25","17.30","17.30","17.10","1.53M","-0.86%"
"07/16/2018","17.40","17.15","17.40","17.10","1.52M","1.75%"
"07/15/2018","17.10","17.20","17.20","17.10","368.70K","-0.58%"
"07/12/2018","17.20","17.05","17.30","17.05","664.79K","0.00%"
"07/11/2018","17.20","16.90","17.25","16.90","1.54M","0.58%"
"07/10/2018","17.10","16.90","17.10","16.90","1.71M","0.88%"
"07/09/2018","16.95","16.80","16.95","16.80","729.90K","0.30%"
"07/08/2018","16.90","16.70","16.95","16.70","1.02M","1.81%"
"07/05/2018","16.60","16.70","16.70","16.60","228.27K","-0.60%"
"07/04/2018","16.70","16.55","16.70","16.55","485.97K","1.21%"
"07/03/2018","16.50","16.60","16.60","16.45","400.43K","-0.60%"
"07/02/2018","16.60","16.50","16.60","16.45","911.37K","0.30%"
"07/01/2018","16.55","16.20","16.65","16.20","851.28K","2.48%"
"06/28/2018","16.15","16.20","16.25","16.10","1.01M","0.31%"
"06/27/2018","16.10","16.20","16.20","16.10","854.76K","-0.62%"
"06/26/2018","16.20","16.10","16.20","16.05","731.52K","0.62%"
"06/25/2018","16.10","16.00","16.25","16.00","1.21M","0.00%"
"06/24/2018","16.10","16.00","16.15","16.00","208.36K","0.31%"
"06/21/2018","16.05","16.25","16.25","15.90","2.77M","-0.93%"
"06/20/2018","16.20","16.10","16.25","16.05","1.06M","1.25%"
"06/19/2018","16.00","16.25","16.30","16.00","1.72M","-0.62%"
"06/18/2018","16.10","16.65","16.75","16.10","1.15M","-3.88%"
"06/14/2018","16.75","16.55","16.75","16.50","2.88M","2.13%"
"06/13/2018","16.40","16.45","16.80","16.40","804.22K","-2.67%"
"06/12/2018","16.85","17.00","17.05","16.85","1.32M","-1.46%"
"06/11/2018","17.10","17.00","17.10","16.90","1.54M","0.59%"
"06/10/2018","17.00","16.90","17.00","16.85","785.62K","1.19%"
"06/07/2018","16.80","16.60","16.85","16.60","1.24M","0.60%"
"06/06/2018","16.70","16.45","16.70","16.40","1.70M","1.83%"
"06/05/2018","16.40","16.45","16.45","16.20","1.06M","1.23%"
"06/04/2018","16.20","16.10","16.20","16.05","916.32K","1.25%"
"06/03/2018","16.00","16.10","16.20","16.00","733.25K","-1.23%"
"05/31/2018","16.20","15.85","16.20","15.85","5.97M","2.53%"
"05/30/2018","15.80","16.00","16.10","15.80","1.05M","-0.94%"
"05/29/2018","15.95","15.85","16.05","15.85","686.76K","0.63%"
"05/28/2018","15.85","15.90","15.95","15.85","294.93K","0.32%"
"05/27/2018","15.80","15.85","15.90","15.80","691.81K","-0.63%"
"05/24/2018","15.90","16.15","16.15","15.70","2.06M","-0.93%"
"05/23/2018","16.05","16.20","16.20","16.05","1.11M","-0.93%"
"05/22/2018","16.20","16.20","16.20","16.00","731.48K","0.93%"
"05/21/2018","16.05","16.00","16.10","16.00","1.82M","0.94%"
"05/20/2018","15.90","16.00","16.00","15.90","764.66K","0.00%"
"05/17/2018","15.90","16.20","16.20","15.90","1.28M","-2.15%"
"05/16/2018","16.25","16.50","16.50","16.15","587.46K","-0.91%"
"05/15/2018","16.40","16.45","16.60","16.40","678.84K","0.31%"
"05/14/2018","16.35","15.95","16.35","15.90","810.71K","2.19%"
"05/13/2018","16.00","16.20","16.20","15.85","1.19M","-0.93%"
"05/10/2018","16.15","16.50","16.55","16.15","1.17M","-1.82%"
"05/09/2018","16.45","16.65","16.65","16.40","1.44M","-1.50%"
"05/08/2018","16.70","16.60","16.80","16.55","1.31M","-1.47%"
"05/07/2018","16.95","17.00","17.00","16.65","997.71K","0.00%"
"05/06/2018","16.95","17.10","17.10","16.90","667.15K","-0.29%"
"05/03/2018","17.00","17.10","17.15","17.00","1.37M","-0.87%"
"05/02/2018","17.15","17.15","17.20","17.05","875.42K","-0.29%"
"05/01/2018","17.20","17.15","17.20","17.15","177.32K","0.29%"
"04/30/2018","17.15","17.25","17.25","17.15","1.15M","-0.87%"
"04/29/2018","17.30","17.35","17.35","17.20","779.29K","-0.29%"
"04/26/2018","17.35","17.25","17.35","17.20","976.83K","0.58%"
"04/25/2018","17.25","17.35","17.35","17.20","744.92K","-0.86%"
"04/23/2018","17.40","17.30","17.40","17.20","880.01K","0.87%"
"04/22/2018","17.25","17.30","17.35","17.25","156.41K","-0.86%"
"04/19/2018","17.40","17.35","17.40","17.20","528.47K","0.29%"
"04/18/2018","17.35","17.15","17.35","17.15","890.02K","0.87%"
"04/17/2018","17.20","17.15","17.20","17.10","602.91K","0.29%"
"04/16/2018","17.15","17.20","17.30","17.15","268.92K","0.29%"
"04/15/2018","17.10","17.10","17.20","17.05","243.02K","0.29%"
"04/12/2018","17.05","17.25","17.25","16.95","1.64M","-1.16%"
"04/11/2018","17.25","17.40","17.45","17.25","285.91K","-0.58%"
"04/10/2018","17.35","17.35","17.35","17.25","659.23K","0.00%"
"04/09/2018","17.35","17.10","17.35","17.10","835.70K","1.46%"
"04/08/2018","17.10","17.25","17.40","17.00","616.58K","-1.72%"
"04/05/2018","17.40","17.35","17.40","17.20","449.16K","0.29%"
"04/04/2018","17.35","17.35","17.45","17.30","294.14K","-0.57%"
"04/03/2018","17.45","17.35","17.50","17.25","1.01M","0.00%"
"04/02/2018","17.45","17.45","17.45","17.40","523.25K","0.00%"
"04/01/2018","17.45","17.45","17.65","17.45","380.43K","-1.13%"
"03/29/2018","17.65","17.30","17.65","17.10","1.01M","-0.28%"
"03/28/2018","17.70","17.65","17.80","17.60","1.01M","0.57%"
"03/27/2018","17.60","17.75","17.75","17.55","874.38K","-1.12%"
"03/26/2018","17.80","17.80","17.80","17.65","1.13M","0.00%"
"03/25/2018","17.80","17.85","17.85","17.75","214.95K","-0.28%"
"03/22/2018","17.85","17.70","17.90","17.70","1.01M","0.28%"
"03/21/2018","17.80","17.80","17.80","17.70","346.18K","0.00%"
"03/20/2018","17.80","17.75","17.85","17.75","903.07K","-0.28%"
"03/19/2018","17.85","17.75","17.85","17.75","442.78K","0.56%"
"03/18/2018","17.75","17.80","17.85","17.75","824.22K","-0.28%"
"03/15/2018","17.80","17.80","17.90","17.75","2.55M","-0.84%"
"03/14/2018","17.95","17.90","17.95","17.85","594.71K","0.00%"
"03/13/2018","17.95","17.90","17.95","17.90","669.59K","0.00%"
"03/12/2018","17.95","17.75","17.95","17.70","1.25M","1.13%"
"03/11/2018","17.75","17.90","17.90","17.75","497.28K","-0.84%"
"03/08/2018","17.90","17.95","17.95","17.85","957.65K","0.00%"
"03/07/2018","17.90","17.85","17.90","17.80","1.52M","0.85%"
"03/06/2018","17.75","17.60","18.00","17.60","2.18M","2.60%"
"03/05/2018","17.30","17.25","17.30","17.20","1.01M","0.87%"
"03/04/2018","17.15","17.20","17.25","17.15","382.38K","0.29%"
"03/01/2018","17.10","17.20","17.25","17.10","797.07K","-0.58%"
"02/28/2018","17.20","17.35","17.35","17.20","2.24M","-1.15%"
"02/27/2018","17.40","17.40","17.40","17.30","936.93K","0.00%"
"02/26/2018","17.40","17.45","17.50","17.35","1.43M","0.00%"
"02/25/2018","17.40","17.45","17.50","17.40","391.84K","0.00%"
"02/22/2018","17.40","17.25","17.40","17.25","2.01M","0.87%"
"02/21/2018","17.25","17.30","17.30","17.15","1.13M","-0.58%"
"02/19/2018","17.35","17.30","17.35","17.30","616.95K","0.00%"
"02/18/2018","17.35","17.40","17.40","17.35","777.79K","0.29%"
"02/15/2018","17.30","17.30","17.40","17.30","606.21K","-0.57%"
"02/14/2018","17.40","17.40","17.45","17.40","692.22K","0.00%"
"02/13/2018","17.40","17.35","17.40","17.30","700.71K","0.29%"
"02/12/2018","17.35","17.35","17.40","17.35","602.64K","-0.29%"
"02/11/2018","17.40","17.45","17.50","17.35","1.08M","0.00%"
"02/08/2018","17.40","17.45","17.50","17.40","642.21K","-0.57%"
"02/07/2018","17.50","17.30","17.50","17.30","951.95K","1.45%"
"02/06/2018","17.25","17.25","17.35","17.10","989.87K","-1.43%"
"02/05/2018","17.50","17.50","17.50","17.25","953.53K","0.00%"
"02/04/2018","17.50","17.65","17.65","17.40","881.86K","-1.41%"
"02/01/2018","17.75","17.90","17.90","17.75","689.79K","-0.28%"
"01/31/2018","17.80","17.85","17.95","17.75","1.41M","-0.84%"
"01/30/2018","17.95","17.95","17.95","17.85","533.39K","-0.28%"
"01/29/2018","18.00","17.95","18.00","17.90","918.61K","0.00%"
"01/28/2018","18.00","17.90","18.00","17.90","291.64K","0.00%"
"01/25/2018","18.00","17.90","18.00","17.85","1.31M","0.56%"
"01/24/2018","17.90","18.00","18.00","17.85","777.38K","-0.56%"
"01/23/2018","18.00","17.85","18.00","17.80","3.48M","0.84%"
"01/22/2018","17.85","17.75","17.85","17.70","1.33M","0.28%"
"01/21/2018","17.80","17.85","17.90","17.80","981.38K","-0.28%"
"01/18/2018","17.85","17.90","17.90","17.80","930.41K","-0.28%"
"01/17/2018","17.90","17.80","17.90","17.70","1.33M","0.56%"
"01/16/2018","17.80","17.85","17.85","17.70","2.69M","-0.56%"
"01/15/2018","17.90","17.90","17.90","17.80","358.26K","-0.56%"
"01/14/2018","18.00","17.90","18.00","17.90","382.80K","0.28%"
"01/11/2018","17.95","17.95","17.95","17.80","760.35K","0.28%"
"01/10/2018","17.90","18.00","18.00","17.80","666.59K","-0.56%"
"01/09/2018","18.00","18.00","18.00","17.90","753.41K","0.28%"
"01/08/2018","17.95","17.80","17.95","17.70","1.10M","1.13%"
"01/07/2018","17.75","17.80","17.80","17.70","250.21K","-0.28%"
"01/04/2018","17.80","17.55","17.85","17.45","1.52M","1.42%"
"01/03/2018","17.55","17.45","17.60","17.35","882.24K","0.29%"
"01/02/2018","17.50","17.50","17.50","17.20","561.91K","0.00%"
"12/28/2017","17.50","17.05","17.50","17.00","1.13M","2.64%"
"12/27/2017","17.05","16.85","17.10","16.85","860.42K","1.19%"
"12/26/2017","16.85","17.00","17.00","16.70","486.76K","-0.88%"
"12/25/2017","17.00","17.15","17.15","16.80","385.92K","0.89%"
"12/24/2017","16.85","17.20","17.20","16.85","354.87K","-2.03%"
"12/21/2017","17.20","17.20","17.35","17.20","329.15K","-0.58%"
"12/20/2017","17.30","17.20","17.30","17.15","600.42K","0.58%"
"12/19/2017","17.20","17.30","17.50","17.05","2.18M","-1.71%"
"12/18/2017","17.50","17.10","17.50","17.10","1.02M","2.34%"
"12/17/2017","17.10","17.10","17.20","17.10","290.85K","0.29%"
"12/14/2017","17.05","17.25","17.25","17.05","1.70M","-1.16%"
"12/13/2017","17.25","17.15","17.35","17.15","720.09K","-0.29%"
"12/12/2017","17.30","16.90","17.30","16.85","1.10M","1.17%"
"12/11/2017","17.10","16.55","17.10","16.55","833.07K","3.01%"
"12/10/2017","16.60","16.50","16.60","16.50","591.14K","0.91%"
"12/07/2017","16.45","16.55","16.60","16.45","1.01M","-0.30%"
"12/06/2017","16.50","16.30","16.50","16.05","1.07M","1.23%"
"12/05/2017","16.30","16.55","16.75","16.30","1.27M","-1.81%"
"12/04/2017","16.60","16.40","16.75","16.40","1.53M","1.22%"
"11/29/2017","16.40","16.25","16.90","16.25","3.32M","0.92%"
"11/28/2017","16.25","16.20","16.25","16.10","1.37M","0.31%"
"11/27/2017","16.20","16.15","16.20","16.10","742.73K","0.31%"
"11/26/2017","16.15","16.15","16.25","16.05","820.08K","0.00%"
"11/23/2017","16.15","16.05","16.25","16.05","945.47K","0.31%"
"11/22/2017","16.10","16.30","16.30","16.05","1.86M","-1.23%"
"11/21/2017","16.30","16.20","16.30","16.00","1.49M","1.24%"
"11/20/2017","16.10","16.25","16.25","16.00","1.50M","-0.31%"
"11/19/2017","16.15","16.70","16.70","15.75","1.58M","-2.71%"
"11/16/2017","16.60","16.80","16.90","16.60","1.57M","-1.19%"
"11/15/2017","16.80","16.90","17.05","16.80","1.11M","-0.88%"
"11/14/2017","16.95","17.10","17.20","16.90","2.22M","-0.88%"
"11/13/2017","17.10","17.15","17.30","17.05","1.75M","0.59%"
"11/12/2017","17.00","17.30","17.30","17.00","1.84M","-1.16%"
"11/09/2017","17.20","17.40","17.50","17.20","1.68M","0.00%"
"11/08/2017","17.20","17.50","17.50","17.20","729.84K","-1.43%"
"11/07/2017","17.45","17.65","17.70","17.40","1.27M","-1.13%"
"11/06/2017","17.65","17.75","17.80","17.65","1.23M","-0.56%"
"11/05/2017","17.75","17.85","17.90","17.70","839.41K","-0.28%"
"11/02/2017","17.80","17.90","17.95","17.80","659.37K","-0.84%"
"11/01/2017","17.95","17.95","17.95","17.85","1.41M","0.56%"
"10/31/2017","17.85","17.95","18.00","17.85","1.25M","-0.83%"
"10/30/2017","18.00","18.00","18.00","17.90","509.32K","0.00%"
"10/29/2017","18.00","18.00","18.00","17.95","1.13M","0.28%"
"10/26/2017","17.95","17.95","18.00","17.90","1.33M","0.28%"
"10/24/2017","17.90","18.00","18.00","17.85","593.18K","-0.28%"
"10/23/2017","17.95","17.80","17.95","17.80","707.57K","0.56%"
"10/22/2017","17.85","17.80","17.90","17.75","499.62K","0.28%"
"10/19/2017","17.80","17.80","17.90","17.70","892.16K","0.28%"
"10/18/2017","17.75","17.95","17.95","17.70","967.00K","-0.84%"
"10/17/2017","17.90","18.00","18.05","17.90","783.77K","-0.56%"
"10/16/2017","18.00","18.10","18.10","17.95","886.01K","-0.28%"
"10/15/2017","18.05","18.10","18.15","18.05","1.21M","0.00%"
"10/12/2017","18.05","17.95","18.05","17.95","1.48M","0.28%"
"10/11/2017","18.00","17.85","18.05","17.80","2.64M","0.84%"
"10/10/2017","17.85","17.80","17.85","17.75","1.10M","0.28%"
"10/09/2017","17.80","17.80","17.85","17.70","454.81K","-0.28%"
"10/08/2017","17.85","17.80","17.85","17.70","644.02K","0.28%"
"10/05/2017","17.80","17.80","17.85","17.70","1.00M","0.28%"
"10/04/2017","17.75","17.70","17.80","17.65","656.25K","0.57%"
"10/03/2017","17.65","17.65","17.70","17.60","276.88K","0.28%"
"10/02/2017","17.60","17.55","17.60","17.45","392.10K","0.28%"
"10/01/2017","17.55","17.40","17.60","17.40","855.42K","1.45%"
"09/28/2017","17.30","17.70","17.75","17.30","1.31M","-1.98%"
"09/27/2017","17.65","17.55","17.70","17.55","1.04M","0.57%"
"09/26/2017","17.55","17.70","17.70","17.55","26.87M","0.00%"
"09/25/2017","17.55","17.75","17.75","17.55","840.38K","-1.13%"
"09/24/2017","17.75","17.80","17.80","17.65","560.67K","-0.28%"
"09/20/2017","17.80","17.85","17.85","17.70","824.28K","-0.28%"
"09/19/2017","17.85","17.80","17.85","17.70","809.18K","0.28%"
"09/18/2017","17.80","17.60","17.80","17.50","1.41M","0.85%"
"09/17/2017","17.65","17.90","17.90","17.55","2.44M","-1.67%"
"09/14/2017","17.95","17.70","17.95","17.65","2.18M","1.70%"
"09/13/2017","17.65","17.75","17.75","17.65","784.98K","-0.28%"
"09/12/2017","17.70","17.70","17.80","17.55","1.38M","0.00%"
"09/11/2017","17.70","17.75","17.85","17.70","1.84M","-0.28%"
"09/10/2017","17.75","17.80","17.90","17.70","620.62K","-0.28%"
"09/07/2017","17.80","17.95","17.95","17.80","1.15M","-0.56%"
"09/06/2017","17.90","18.05","18.05","17.90","578.92K","-0.83%"
"09/05/2017","18.05","18.05","18.05","17.95","1.93M","0.28%"
"09/04/2017","18.00","18.00","18.00","17.90","1.77M","0.00%"
"08/30/2017","18.00","18.00","18.00","17.90","734.50K","0.00%"
"08/29/2017","18.00","17.95","18.00","17.90","704.93K","0.00%"
"08/28/2017","18.00","17.95","18.00","17.80","887.10K","0.28%"
"08/27/2017","17.95","17.95","18.05","17.85","538.15K","0.00%"
"08/24/2017","17.95","17.90","18.00","17.90","451.63K","0.00%"
"08/23/2017","17.95","17.95","17.95","17.80","841.91K","0.28%"
"08/22/2017","17.90","17.90","18.00","17.75","857.48K","0.28%"
"08/21/2017","17.85","17.85","17.95","17.80","464.20K","-0.56%"
"08/20/2017","17.95","17.95","18.00","17.85","615.26K","-0.28%"
"08/17/2017","18.00","18.00","18.15","18.00","687.65K","0.28%"
"08/16/2017","17.95","18.20","18.20","17.95","1.64M","-0.28%"
"08/15/2017","18.00","17.95","18.05","17.90","782.54K","0.84%"
"08/14/2017","17.85","18.05","18.05","17.85","755.11K","0.00%"
"08/13/2017","17.85","18.10","18.10","17.85","1.26M","-1.65%"
"08/10/2017","18.15","18.20","18.25","18.05","750.61K","-0.27%"
"08/09/2017","18.20","18.25","18.30","18.20","801.03K","-0.55%"
"08/08/2017","18.30","18.30","18.35","18.25","1.20M","0.00%"
"08/07/2017","18.30","18.30","18.35","18.20","715.81K","0.27%"
"08/06/2017","18.25","18.35","18.40","18.25","639.59K","-0.82%"
"08/03/2017","18.40","18.20","18.40","18.10","714.82K","-1.34%"
"08/02/2017","18.65","18.55","18.65","18.50","644.31K","0.81%"
"08/01/2017","18.50","18.75","18.75","18.50","1.65M","-1.33%"
"07/31/2017","18.75","18.80","18.80","18.60","1.08M","-0.27%"
"07/30/2017","18.80","18.75","18.85","18.65","663.17K","-0.27%"
"07/27/2017","18.85","18.45","18.85","18.45","2.01M","2.17%"
"07/25/2017","18.45","18.45","18.45","18.30","834.23K","0.00%"
"07/24/2017","18.45","18.35","18.45","18.30","932.65K","0.54%"
"07/23/2017","18.35","18.30","18.35","18.25","406.54K","0.55%"
"07/20/2017","18.25","18.35","18.40","18.25","806.35K","-0.82%"
"07/19/2017","18.40","18.25","18.40","18.25","785.38K","0.82%"
"07/18/2017","18.25","18.30","18.30","18.20","507.05K","-0.54%"
"07/17/2017","18.35","18.20","18.35","18.15","1.56M","0.82%"
"07/16/2017","18.20","18.20","18.30","18.20","347.89K","0.00%"
"07/13/2017","18.20","17.70","18.20","17.70","1.65M","2.54%"
"07/12/2017","17.75","17.55","17.75","17.50","1.45M","1.14%"
"07/11/2017","17.55","17.45","17.55","17.40","708.77K","0.57%"
"07/10/2017","17.45","17.40","17.55","17.40","761.21K","0.58%"
"07/09/2017","17.35","17.30","17.35","17.25","483.14K","0.00%"
"07/06/2017","17.35","17.35","17.35","17.20","714.39K","-0.29%"
"07/05/2017","17.40","17.35","17.40","17.25","1.08M","0.00%"
"07/04/2017","17.40","17.45","17.45","17.35","847.60K","-0.57%"
"07/03/2017","17.50","17.30","17.50","17.25","665.44K","0.57%"
"07/02/2017","17.40","17.30","17.40","17.20","437.16K","0.58%"
"06/29/2017","17.30","17.25","17.30","17.15","592.55K","0.58%"
"06/28/2017","17.20","17.15","17.30","17.10","1.10M","0.29%"
"06/22/2017","17.15","17.35","17.35","17.10","1.27M","-1.15%"
"06/21/2017","17.35","17.30","17.35","17.15","1.50M","0.29%"
"06/20/2017","17.30","17.30","17.35","17.25","803.43K","0.29%"
"06/19/2017","17.25","17.30","17.40","17.25","585.38K","-0.58%"
"06/18/2017","17.35","17.35","17.40","17.30","652.23K","-0.29%"
"06/15/2017","17.40","17.40","17.45","17.30","3.39M","-0.29%"
"06/14/2017","17.45","17.45","17.45","17.40","1.37M","0.00%"
"06/13/2017","17.45","17.40","17.50","17.40","693.30K","0.58%"
"06/12/2017","17.35","17.50","17.55","17.35","849.82K","-0.86%"
"06/11/2017","17.50","17.55","17.60","17.50","547.26K","-0.28%"
"06/08/2017","17.55","17.45","17.55","17.45","714.72K","0.00%"
"06/07/2017","17.55","17.60","17.65","17.45","1.25M","0.29%"
"06/06/2017","17.50","17.50","17.60","17.50","487.30K","-0.57%"
"06/05/2017","17.60","17.45","17.60","17.40","827.58K","0.57%"
"06/04/2017","17.50","17.50","17.55","17.40","458.78K","0.00%"
"06/01/2017","17.50","17.35","17.50","17.20","848.24K","1.74%"
"05/31/2017","17.20","17.60","17.60","17.20","4.61M","-1.71%"
"05/30/2017","17.50","17.45","17.60","17.45","624.29K","0.29%"
"05/29/2017","17.45","17.40","17.50","17.40","567.38K","0.00%"
"05/28/2017","17.45","17.45","17.50","17.35","608.58K","0.00%"
"05/25/2017","17.45","17.45","17.50","17.30","1.43M","-0.29%"
"05/24/2017","17.50","17.50","17.60","17.45","1.12M","0.29%"
"05/23/2017","17.45","17.40","17.55","17.40","749.29K","0.29%"
"05/22/2017","17.40","17.50","17.60","17.40","2.41M","-0.57%"
"05/21/2017","17.50","17.55","17.65","17.50","797.91K","-0.57%"
"05/18/2017","17.60","17.60","17.65","17.50","1.08M","-0.28%"
"05/17/2017","17.65","17.60","17.65","17.50","986.79K","0.86%"
"05/16/2017","17.50","17.65","17.65","17.50","1.43M","-0.28%"
"05/15/2017","17.55","17.75","17.75","17.55","698.26K","-0.28%"
"05/14/2017","17.60","17.80","17.90","17.60","720.35K","-1.68%"
"05/11/2017","17.90","17.75","17.90","17.70","1.87M","0.85%"
"05/10/2017","17.75","17.75","17.80","17.65","1.69M","0.00%"
"05/09/2017","17.75","17.55","17.75","17.55","1.33M","0.28%"
"05/08/2017","17.70","17.60","17.70","17.55","594.15K","0.85%"
"05/07/2017","17.55","17.70","17.75","17.55","659.39K","-1.13%"
"05/04/2017","17.75","17.65","17.75","17.60","602.19K","0.28%"
"05/03/2017","17.70","17.55","17.70","17.45","1.88M","0.85%"
"05/02/2017","17.55","17.60","17.60","17.45","1.99M","0.00%"
"05/01/2017","17.55","17.50","17.60","17.30","2.01M","0.57%"
"04/30/2017","17.45","17.45","17.65","17.45","569.76K","0.00%"
"04/27/2017","17.45","17.70","17.85","17.45","784.58K","-2.24%"
"04/26/2017","17.85","17.75","17.90","17.75","1.14M","1.13%"
"04/24/2017","17.65","17.65","17.85","17.65","687.51K","-0.28%"
"04/20/2017","17.70","17.65","17.70","17.50","858.72K","0.28%"
"04/19/2017","17.65","17.50","17.75","17.45","879.76K","1.15%"
"04/18/2017","17.45","17.45","17.45","17.30","1.15M","-1.97%"
"04/17/2017","17.80","17.85","17.85","17.70","474.14K","0.56%"
"04/16/2017","17.70","18.15","18.15","17.70","616.94K","-2.48%"
"04/13/2017","18.15","18.15","18.20","18.00","654.38K","0.00%"
"04/12/2017","18.15","18.20","18.20","18.10","670.19K","-0.27%"
"04/11/2017","18.20","18.10","18.20","17.95","1.09M","0.55%"
"04/10/2017","18.10","18.20","18.25","18.10","559.15K","-0.55%"
"04/09/2017","18.20","18.10","18.25","18.00","672.45K","0.83%"
"04/06/2017","18.05","18.15","18.15","18.00","747.50K","-0.82%"
"04/05/2017","18.20","17.95","18.20","17.95","1.40M","1.11%"
"04/04/2017","18.00","18.00","18.05","17.90","1.14M","0.28%"
"04/03/2017","17.95","17.90","18.10","17.85","1.14M","0.84%"
"04/02/2017","17.80","18.05","18.05","17.80","748.15K","-1.39%"
"03/30/2017","18.05","17.80","18.05","17.75","1.52M","1.40%"
"03/29/2017","17.80","17.85","17.95","17.70","824.99K","-0.56%"
"03/28/2017","17.90","18.00","18.00","17.90","1.68M","0.00%"
"03/27/2017","17.90","18.00","18.00","17.75","462.56K","-0.28%"
"03/26/2017","17.95","18.05","18.15","17.95","369.72K","-0.55%"
"03/23/2017","18.05","18.00","18.10","17.95","1.02M","0.00%"
"03/22/2017","18.05","18.05","18.15","17.85","923.42K","-0.55%"
"03/21/2017","18.15","17.90","18.15","17.90","886.09K","1.40%"
"03/20/2017","17.90","17.70","17.90","17.65","936.82K","1.13%"
"03/19/2017","17.70","17.75","17.85","17.60","710.31K","0.00%"
"03/16/2017","17.70","17.65","17.75","17.65","1.47M","0.85%"
"03/15/2017","17.55","17.75","17.75","17.55","860.93K","-0.57%"
"03/14/2017","17.65","17.70","17.75","17.65","857.41K","-0.28%"
"03/13/2017","17.70","17.80","17.80","17.65","14.96M","-0.28%"
"03/12/2017","17.75","17.75","17.85","17.65","329.62K","-0.56%"
"03/09/2017","17.85","17.75","17.90","17.70","943.75K","0.00%"
"03/07/2017","17.85","18.00","18.00","17.80","598.65K","-0.83%"
"03/06/2017","18.00","17.65","18.00","17.55","1.46M","2.86%"
"03/05/2017","17.50","17.75","17.80","17.50","692.75K","-0.85%"
"03/02/2017","17.65","17.65","17.95","17.65","1.20M","0.28%"
"03/01/2017","17.60","17.85","18.05","17.60","678.46K","0.00%"
"02/28/2017","17.60","18.45","18.45","17.60","1.68M","-4.09%"
"02/27/2017","18.35","18.60","18.60","18.35","496.93K","-1.34%"
"02/26/2017","18.60","18.70","18.75","18.60","1.12M","-0.80%"
"02/23/2017","18.75","18.50","18.85","18.35","1.15M","1.35%"
"02/22/2017","18.50","18.30","18.50","18.30","907.22K","0.54%"
"02/21/2017","18.40","18.15","18.40","18.10","792.75K","2.22%"
"02/20/2017","18.00","18.35","18.35","18.00","799.06K","-1.37%"
"02/19/2017","18.25","18.45","18.45","18.25","797.33K","-1.08%"
"02/16/2017","18.45","17.95","18.45","17.95","1.89M","3.07%"
"02/15/2017","17.90","18.00","18.10","17.80","1.49M","0.00%"
"02/14/2017","17.90","17.95","18.00","17.85","1.64M","-0.56%"
"02/13/2017","18.00","17.80","18.00","17.70","878.49K","1.12%"
"02/12/2017","17.80","17.75","18.00","17.75","584.99K","0.28%"
"02/09/2017","17.75","17.80","17.90","17.75","880.91K","-0.28%"
"02/08/2017","17.80","17.85","17.85","17.75","1.06M","0.00%"
"02/07/2017","17.80","17.85","17.95","17.75","1.58M","-0.28%"
"02/06/2017","17.85","17.75","17.90","17.55","1.13M","0.28%"
"02/05/2017","17.80","17.60","17.80","17.30","1.36M","1.14%"
"02/02/2017","17.60","17.90","18.00","17.45","2.09M","-2.22%"
"02/01/2017","18.00","18.05","18.10","17.90","726.26K","0.56%"
"01/31/2017","17.90","18.20","18.25","17.90","3.10M","-1.92%"
"01/30/2017","18.25","18.20","18.25","18.20","823.70K","0.55%"
"01/29/2017","18.15","18.10","18.30","18.10","436.82K","-0.55%"
"01/26/2017","18.25","18.15","18.25","17.95","1.29M","0.55%"
"01/25/2017","18.15","18.35","18.35","18.10","1.57M","-1.63%"
"01/24/2017","18.45","18.50","18.55","18.35","758.27K","0.27%"
"01/23/2017","18.40","18.70","18.70","18.35","783.85K","-1.34%"
"01/22/2017","18.65","18.80","18.80","18.60","1.35M","-0.80%"
"01/19/2017","18.80","18.80","18.90","18.70","892.83K","0.00%"
"01/18/2017","18.80","18.85","18.90","18.80","585.19K","-0.53%"
"01/17/2017","18.90","18.90","18.90","18.80","693.54K","0.80%"
"01/16/2017","18.75","18.70","18.90","18.70","811.88K","-0.27%"
"01/15/2017","18.80","18.80","18.90","18.70","974.75K","0.00%"
"01/12/2017","18.80","18.90","18.90","18.65","732.10K","-0.53%"
"01/11/2017","18.90","18.70","18.90","18.65","688.10K","0.00%"
"01/10/2017","18.90","18.85","18.90","18.70","983.08K","0.53%"
"01/09/2017","18.80","18.75","18.90","18.75","731.27K","0.00%"
"01/08/2017","18.80","18.80","18.90","18.75","1.33M","0.00%"
"01/05/2017","18.80","18.75","18.80","18.65","1.45M","0.27%"
"01/04/2017","18.75","18.70","18.80","18.65","830.30K","-0.79%"
"01/03/2017","18.90","18.80","18.90","18.55","906.87K","0.27%"
"01/02/2017","18.85","18.65","18.95","18.60","559.15K","0.27%"
"12/29/2016","18.80","18.40","18.80","18.40","11.29M","2.45%"
"12/28/2016","18.35","18.25","18.45","18.25","916.70K","0.82%"
"12/27/2016","18.20","18.30","18.45","18.20","710.48K","0.28%"
"12/26/2016","18.15","18.15","18.45","18.15","740.33K","0.00%"
"12/25/2016","18.15","18.25","18.30","18.10","313.65K","0.55%"
"12/22/2016","18.05","18.40","18.60","18.05","922.91K","-2.17%"
"12/21/2016","18.45","18.35","18.60","18.35","860.59K","0.00%"
"12/20/2016","18.45","18.30","18.45","18.30","773.43K","1.37%"
"12/19/2016","18.20","18.45","18.55","18.20","942.68K","-1.62%"
"12/18/2016","18.50","18.55","18.65","18.30","609.79K","0.82%"
"12/15/2016","18.35","18.35","18.40","18.20","1.68M","-0.54%"
"12/14/2016","18.45","18.30","18.55","18.30","525.52K","-1.34%"
"12/13/2016","18.70","18.70","18.70","18.10","577.91K","-0.53%"
"12/12/2016","18.80","18.35","19.00","18.35","1.12M","2.17%"
"12/08/2016","18.40","18.10","18.40","18.00","1.05M","1.66%"
"12/07/2016","18.10","18.05","18.10","17.85","955.49K","-0.28%"
"12/06/2016","18.15","17.90","18.25","17.90","1.12M","0.83%"
"12/05/2016","18.00","17.95","18.05","17.80","1.04M","0.00%"
"12/04/2016","18.00","18.10","18.20","17.85","412.21K","-3.49%"
"11/30/2016","18.65","17.80","18.65","17.30","5.31M","5.97%"
"11/29/2016","17.60","17.75","17.95","17.60","706.95K","-0.85%"
"11/28/2016","17.75","18.00","18.05","17.75","895.34K","-1.39%"
"11/27/2016","18.00","18.00","18.10","17.85","555.78K","1.98%"
"11/24/2016","17.65","17.55","17.95","17.55","892.85K","0.00%"
"11/23/2016","17.65","17.50","17.65","17.45","1.85M","0.86%"
"11/22/2016","17.50","17.55","17.65","17.40","1.65M","0.57%"
"11/21/2016","17.40","17.60","17.80","17.35","2.90M","-0.85%"
"11/20/2016","17.55","17.95","17.95","17.30","666.71K","-2.23%"
"11/17/2016","17.95","18.00","18.20","17.95","1.21M","-0.28%"
"11/16/2016","18.00","17.65","18.20","17.65","888.45K","3.75%"
"11/15/2016","17.35","17.35","17.55","17.35","1.52M","0.00%"
"11/14/2016","17.35","17.85","17.85","17.35","3.45M","-2.25%"
"11/13/2016","17.75","17.95","17.95","17.55","1.18M","-1.39%"
"11/10/2016","18.00","18.55","18.55","18.00","2.84M","-2.44%"
"11/09/2016","18.45","18.65","18.75","18.40","1.78M","-2.38%"
"11/08/2016","18.90","18.95","18.95","18.65","498.38K","1.34%"
"11/07/2016","18.65","18.75","18.95","18.55","773.52K","-0.80%"
"11/06/2016","18.80","18.50","18.80","18.50","947.29K","1.62%"
"11/03/2016","18.50","18.30","18.60","18.30","1.57M","0.00%"
"11/02/2016","18.50","18.80","18.80","18.20","2.65M","-1.60%"
"11/01/2016","18.80","18.70","18.95","18.70","1.07M","-0.27%"
"10/31/2016","18.85","19.15","19.25","18.60","1.62M","-1.31%"
"10/30/2016","19.10","19.20","19.30","19.10","323.39K","0.00%"
"10/27/2016","19.10","19.45","19.45","19.10","1.44M","-1.29%"
"10/26/2016","19.35","19.45","19.55","19.35","648.06K","-1.02%"
"10/25/2016","19.55","19.35","19.60","19.35","1.00M","0.77%"
"10/24/2016","19.40","19.55","19.60","19.35","1.02M","-1.02%"
"10/23/2016","19.60","19.55","19.70","19.55","287.94K","0.51%"
"10/20/2016","19.50","19.40","19.50","19.35","693.87K","0.52%"
"10/19/2016","19.40","19.45","19.50","19.20","936.74K","0.78%"
"10/18/2016","19.25","19.45","19.45","19.25","1.01M","-0.26%"
"10/17/2016","19.30","19.70","19.70","19.30","1.67M","-2.03%"
"10/16/2016","19.70","19.80","19.80","19.70","994.84K","-0.76%"
"10/13/2016","19.85","19.85","19.90","19.80","2.49M","0.00%"
"10/12/2016","19.85","19.90","19.95","19.80","1.33M","-0.50%"
"10/11/2016","19.95","19.90","19.95","19.90","878.58K","0.00%"
"10/10/2016","19.95","19.90","19.95","19.85","1.35M","0.50%"
"10/09/2016","19.85","19.95","19.95","19.85","398.49K","-0.50%"
"10/06/2016","19.95","19.90","19.95","19.85","1.11M","0.00%"
"10/05/2016","19.95","19.95","19.95","19.85","1.39M","0.25%"
"10/04/2016","19.90","19.80","19.90","19.80","1.83M","0.51%"
"10/03/2016","19.80","19.90","19.95","19.80","1.53M","-1.00%"
"09/29/2016","20.00","19.90","20.00","19.85","1.23M","0.76%"
"09/28/2016","19.85","19.90","19.95","19.85","899.43K","-0.25%"
"09/27/2016","19.90","19.90","19.95","19.85","765.71K","-0.25%"
"09/26/2016","19.95","19.95","19.95","19.85","885.77K","0.00%"
"09/25/2016","19.95","19.95","19.95","19.85","597.70K","0.00%"
"09/22/2016","19.95","19.85","19.95","19.80","1.25M","0.76%"
"09/21/2016","19.80","19.85","19.90","19.75","1.29M","-0.25%"
"09/20/2016","19.85","19.85","19.90","19.75","877.62K","0.00%"
"09/19/2016","19.85","19.90","19.95","19.85","671.20K","0.00%"
"09/18/2016","19.85","19.90","19.90","19.85","510.48K","-0.25%"
"09/15/2016","19.90","19.65","19.90","19.60","3.23M","0.25%"
"09/08/2016","19.85","19.80","19.85","19.70","1.15M","0.76%"
"09/07/2016","19.70","19.75","19.85","19.70","680.85K","-0.76%"
"09/06/2016","19.85","19.85","19.85","19.70","1.04M","0.25%"
"09/05/2016","19.80","19.80","19.85","19.75","596.09K","0.51%"
"09/04/2016","19.70","19.90","19.90","19.70","213.41K","0.00%"
"09/01/2016","19.70","19.70","19.80","19.60","1.55M","-0.25%"
"08/31/2016","19.75","19.85","19.90","19.75","2.31M","-0.25%"
"08/30/2016","19.80","19.80","19.90","19.80","777.30K","-0.25%"
"08/29/2016","19.85","19.85","19.90","19.85","559.39K","0.00%"
"08/28/2016","19.85","19.90","19.90","19.80","331.38K","-0.25%"
"08/25/2016","19.90","19.85","19.90","19.80","1.24M","-0.25%"
"08/24/2016","19.95","19.85","19.95","19.85","2.70M","0.50%"
"08/23/2016","19.85","19.80","19.85","19.75","928.80K","0.00%"
"08/22/2016","19.85","19.90","19.90","19.75","1.83M","0.25%"
"08/21/2016","19.80","19.90","19.90","19.75","275.61K","0.25%"
"08/18/2016","19.75","19.80","19.90","19.75","747.76K","-1.00%"
"08/17/2016","19.95","19.90","19.95","19.80","2.37M","0.50%"
"08/16/2016","19.85","19.95","19.95","19.85","844.53K","-0.50%"
"08/15/2016","19.95","19.85","19.95","19.75","2.00M","0.50%"
"08/14/2016","19.85","19.80","19.90","19.75","1.15M","0.00%"
"08/11/2016","19.85","19.80","19.90","19.60","739.63K","0.00%"
"08/10/2016","19.85","19.90","19.90","19.80","1.87M","-0.25%"
"08/09/2016","19.90","19.90","19.90","19.80","1.01M","0.00%"
"08/08/2016","19.90","19.90","19.90","19.80","1.07M","0.00%"
"08/07/2016","19.90","19.70","19.95","19.70","736.31K","0.51%"
"08/04/2016","19.80","19.80","19.85","19.55","1.33M","-0.50%"
"08/03/2016","19.90","19.90","19.95","19.85","1.01M","0.25%"
"08/02/2016","19.85","19.90","20.00","19.85","427.00K","-0.75%"
"08/01/2016","20.00","19.90","20.00","19.90","1.40M","0.50%"
"07/31/2016","19.90","20.00","20.00","19.90","845.79K","-0.50%"
"07/28/2016","20.00","20.00","20.20","19.95","4.81M","0.25%"
"07/26/2016","19.95","20.00","20.00","19.90","1.02M","-0.25%"
"07/25/2016","20.00","19.95","20.00","19.85","1.28M","0.76%"
"07/24/2016","19.85","19.95","19.95","19.80","354.53K","-0.50%"
"07/21/2016","19.95","19.90","19.95","19.85","921.01K","-0.25%"
"07/20/2016","20.00","20.00","20.00","19.80","1.62M","0.00%"
"07/19/2016","20.00","19.90","20.00","19.90","1.24M","0.00%"
"07/18/2016","20.00","19.85","20.00","19.75","1.31M","0.50%"
"07/17/2016","19.90","19.70","20.00","19.70","1.32M","0.00%"
"07/14/2016","19.90","19.65","19.90","19.55","2.06M","1.02%"
"07/13/2016","19.70","19.00","20.00","18.95","3.79M","3.68%"
"07/12/2016","19.00","18.95","19.00","18.90","2.38M","0.00%"
"07/11/2016","19.00","18.90","19.00","18.85","2.05M","0.26%"
"07/10/2016","18.95","19.00","19.00","18.90","803.57K","0.00%"
"07/04/2016","18.95","18.95","18.95","18.90","681.02K","0.00%"
"07/03/2016","18.95","18.95","18.95","18.85","622.07K","0.00%"
"06/30/2016","18.95","18.85","19.00","18.85","1.78M","0.00%"
"06/29/2016","18.95","18.95","18.95","18.85","544.63K","0.26%"
"06/28/2016","18.90","18.95","18.95","18.80","1.75M","-0.26%"
"06/27/2016","18.95","18.90","18.95","18.75","2.30M","0.53%"
"06/26/2016","18.85","18.65","18.95","18.55","841.60K","-0.53%"
"06/23/2016","18.95","18.85","18.95","18.80","1.26M","0.00%"
"06/22/2016","18.95","18.95","18.95","18.75","573.03K","0.00%"
"06/21/2016","18.95","18.95","18.95","18.85","873.71K","0.53%"
"06/20/2016","18.85","18.85","18.95","18.85","353.47K","0.53%"
"06/19/2016","18.75","18.65","18.90","18.65","528.61K","0.00%"
"06/16/2016","18.75","18.75","18.85","18.65","2.01M","-0.53%"
"06/15/2016","18.85","18.95","18.95","18.80","560.54K","-0.53%"
"06/14/2016","18.95","18.95","18.95","18.80","986.44K","0.80%"
"06/13/2016","18.80","18.70","18.90","18.65","649.15K","0.00%"
"06/12/2016","18.80","18.90","18.90","18.75","1.13M","-0.27%"
"06/09/2016","18.85","19.00","19.00","18.80","854.43K","-0.53%"
"06/08/2016","18.95","18.95","19.00","18.80","41.41M","0.00%"
"06/07/2016","18.95","18.65","19.00","18.65","1.99M","1.61%"
"06/06/2016","18.65","18.30","18.80","18.30","863.56K","0.81%"
"06/05/2016","18.50","18.10","18.50","18.10","691.61K","1.93%"
"06/02/2016","18.15","18.10","18.35","17.95","1.61M","0.28%"
"06/01/2016","18.10","17.85","18.10","17.85","1.30M","2.26%"
"05/31/2016","17.70","17.45","17.85","17.45","4.51M","0.57%"
"05/30/2016","17.60","17.60","17.60","17.40","709.14K","0.86%"
"05/29/2016","17.45","17.55","17.60","17.40","415.18K","0.29%"
"05/26/2016","17.40","17.45","17.45","17.35","567.63K","0.00%"
"05/25/2016","17.40","17.35","17.45","17.20","724.77K","0.58%"
"05/24/2016","17.30","17.25","17.45","17.20","821.24K","0.58%"
"05/23/2016","17.20","17.15","17.40","17.15","1.19M","0.29%"
"05/22/2016","17.15","17.50","17.50","17.15","1.48M","-2.56%"
"05/19/2016","17.60","17.80","17.80","17.45","2.29M","-1.68%"
"05/18/2016","17.90","18.10","18.10","17.85","1.40M","-0.83%"
"05/17/2016","18.05","18.20","18.25","18.05","1.04M","-0.82%"
"05/16/2016","18.20","18.35","18.35","18.15","1.01M","0.00%"
"05/15/2016","18.20","18.25","18.30","18.10","690.30K","-0.27%"
"05/12/2016","18.25","18.25","18.65","18.25","680.60K","0.00%"
"05/11/2016","18.25","18.85","18.85","18.25","1.17M","-2.67%"
"05/10/2016","18.75","18.85","18.95","18.75","853.48K","-1.32%"
"05/09/2016","19.00","18.95","19.00","18.80","1.07M","0.80%"
"05/08/2016","18.85","18.95","18.95","18.80","647.96K","-0.79%"
"05/04/2016","19.00","18.80","19.00","18.80","1.42M","1.06%"
"05/03/2016","18.80","18.85","18.85","18.80","924.28K","-0.27%"
"05/02/2016","18.85","18.85","18.85","18.65","1.42M","0.00%"
"05/01/2016","18.85","18.90","18.95","18.80","655.45K","-0.26%"
"04/28/2016","18.90","18.65","18.95","18.65","2.16M","0.53%"
"04/27/2016","18.80","18.80","18.80","18.65","1.30M","0.80%"
"04/26/2016","18.65","19.00","19.00","18.55","909.83K","-2.10%"
"04/25/2016","19.05","19.00","19.05","18.90","854.29K","0.53%"
"04/24/2016","18.95","18.95","19.05","18.95","669.92K","-0.79%"
"04/21/2016","19.10","19.05","19.10","18.95","1.49M","0.53%"
"04/20/2016","19.00","19.05","19.05","18.85","1.28M","0.26%"
"04/19/2016","18.95","19.00","19.05","18.90","3.76M","-0.26%"
"04/18/2016","19.00","18.80","19.00","18.65","3.07M","0.80%"
"04/17/2016","18.85","18.85","18.90","18.70","783.63K","0.53%"
"04/14/2016","18.75","18.30","18.90","18.30","3.57M","2.18%"
"04/13/2016","18.35","18.25","18.35","18.20","2.83M","0.82%"
"04/12/2016","18.20","18.30","18.35","18.20","1.42M","0.00%"
"04/11/2016","18.20","18.25","18.35","18.20","658.96K","0.00%"
"04/10/2016","18.20","18.20","18.35","18.20","1.38M","0.28%"
"04/07/2016","18.15","18.05","18.15","18.00","1.91M","0.83%"
"04/06/2016","18.00","17.95","18.15","17.90","1.50M","0.84%"
"04/05/2016","17.85","17.90","18.00","17.85","1.15M","-2.99%"
"04/04/2016","18.40","18.35","18.50","18.30","2.05M","-0.54%"
"04/03/2016","18.50","18.40","18.50","18.25","722.30K","0.00%"
"03/31/2016","18.50","18.50","18.50","18.15","2.37M","0.00%"
"03/30/2016","18.50","18.15","18.55","18.15","1.75M","0.82%"
"03/29/2016","18.35","17.90","18.35","17.75","1.66M","2.51%"
"03/28/2016","17.90","17.80","18.05","17.75","677.15K","-0.56%"
"03/27/2016","18.00","18.05","18.15","18.00","719.83K","-1.10%"
"03/24/2016","18.20","18.35","18.35","17.95","1.67M","-1.09%"
"03/23/2016","18.40","18.05","18.40","18.05","1.67M","1.66%"
"03/22/2016","18.10","17.75","18.15","17.75","3.54M","1.40%"
"03/21/2016","17.85","17.75","17.85","17.50","2.46M","0.56%"
"03/20/2016","17.75","18.15","18.15","17.60","6.34M","-1.93%"
"03/17/2016","18.10","18.85","19.05","18.10","32.45M","-3.98%"
"03/16/2016","18.85","18.65","18.85","18.60","3.58M","0.27%"
"03/15/2016","18.80","18.35","18.90","18.10","9.07M","3.01%"
"03/14/2016","18.25","17.60","18.30","17.60","9.54M","3.11%"
"03/13/2016","17.70","18.15","18.20","17.70","5.75M","-2.21%"
"03/10/2016","18.10","18.65","18.70","17.95","3.57M","-3.98%"
"03/08/2016","18.85","18.85","18.90","18.70","3.28M","0.00%"
"03/07/2016","18.85","18.75","18.85","18.45","3.24M","0.53%"
"03/06/2016","18.75","18.15","19.05","18.15","4.00M","3.59%"
"03/03/2016","18.10","17.65","18.10","17.55","4.71M","2.55%"
"03/02/2016","17.65","17.60","17.65","17.35","3.53M","0.00%"
"03/01/2016","17.65","17.35","17.65","17.30","4.20M","0.57%"
"02/29/2016","17.55","17.00","17.55","17.00","5.97M","2.63%"
"02/28/2016","17.10","16.70","17.10","16.65","4.36M","2.40%"
"02/25/2016","16.70","16.70","16.75","16.65","1.66M","0.30%"
"02/24/2016","16.65","16.65","16.85","16.60","3.76M","-0.30%"
"02/23/2016","16.70","16.60","16.70","16.55","1.80M","0.60%"
"02/22/2016","16.60","16.35","16.70","16.35","3.23M","1.84%"
"02/21/2016","16.30","16.25","16.40","16.25","1.25M","-0.31%"
"02/18/2016","16.35","16.40","16.45","16.25","3.00M","0.31%"
"02/17/2016","16.30","16.25","16.40","16.20","1.93M","0.62%"
"02/16/2016","16.20","16.30","16.30","16.15","1.08M","-0.31%"
"02/15/2016","16.25","16.10","16.25","16.05","1.61M","1.25%"
"02/14/2016","16.05","16.25","16.25","16.05","2.27M","-0.31%"
"02/11/2016","16.10","16.05","16.25","16.00","2.32M","0.31%"
"02/10/2016","16.05","15.90","16.05","15.90","2.07M","0.94%"
"02/09/2016","15.90","16.00","16.00","15.85","1.18M","-0.63%"
"02/08/2016","16.00","16.05","16.15","16.00","1.05M","-0.31%"
"02/07/2016","16.05","16.25","16.25","16.05","1.30M","-0.93%"
"02/04/2016","16.20","16.15","16.30","16.10","1.86M","0.31%"
"02/03/2016","16.15","16.15","16.25","16.10","2.28M","-0.62%"
"02/02/2016","16.25","16.30","16.35","16.15","1.37M","0.00%"
"02/01/2016","16.25","16.20","16.35","16.15","2.51M","0.62%"
"01/31/2016","16.15","16.45","16.60","16.10","3.21M","-1.52%"
"01/28/2016","16.40","15.95","16.40","15.95","5.62M","2.50%"
"01/27/2016","16.00","15.60","16.05","15.60","2.69M","2.56%"
"01/26/2016","15.60","15.75","15.85","15.60","2.42M","-0.95%"
"01/25/2016","15.75","15.80","15.90","15.70","1.54M","0.64%"
"01/24/2016","15.65","15.80","16.00","15.65","1.90M","0.32%"
"01/21/2016","15.60","15.70","15.70","15.55","2.04M","0.00%"
"01/20/2016","15.60","15.70","15.80","15.60","2.10M","-0.95%"
"01/19/2016","15.75","15.70","15.80","15.65","1.66M","1.29%"
"01/18/2016","15.55","15.85","15.90","15.50","2.26M","-1.58%"
"01/17/2016","15.80","15.95","16.00","15.80","3.04M","-2.47%"
"01/14/2016","16.20","16.20","16.30","16.10","3.27M","0.00%"
"01/13/2016","16.20","16.25","16.30","16.15","3.32M","0.00%"
"01/12/2016","16.20","16.05","16.25","16.00","3.20M","0.93%"
"01/11/2016","16.05","16.10","16.15","16.05","2.32M","-0.31%"
"01/10/2016","16.10","16.15","16.20","16.10","1.42M","0.31%"
"01/07/2016","16.05","16.15","16.45","16.05","3.65M","-2.13%"
"01/06/2016","16.40","16.10","16.40","15.95","3.03M","1.86%"
"01/05/2016","16.10","15.90","16.10","15.90","1.25M","1.26%"
"01/04/2016","15.90","15.95","16.00","15.85","852.55K","-0.31%"
"01/03/2016","15.95","16.15","16.20","15.90","1.03M","-0.93%"
"12/31/2015","16.10","15.85","16.10","15.85","3.90M","1.26%"
"12/30/2015","15.90","15.95","16.00","15.90","1.13M","-0.31%"
"12/29/2015","15.95","16.00","16.00","15.85","1.25M","0.00%"
"12/28/2015","15.95","15.85","16.00","15.85","1.39M","0.31%"
"12/27/2015","15.90","16.05","16.05","15.85","1.21M","-0.63%"
"12/23/2015","16.00","16.05","16.05","15.90","1.39M","-0.31%"
"12/22/2015","16.05","16.15","16.15","15.90","2.41M","-0.62%"
"12/21/2015","16.15","15.70","16.20","15.70","7.69M","2.87%"
"12/20/2015","15.70","15.75","15.80","15.70","1.93M","-0.63%"
"12/17/2015","15.80","15.75","15.80","15.65","3.09M","0.00%"
"12/16/2015","15.80","15.70","15.80","15.65","2.35M","0.64%"
"12/15/2015","15.70","15.75","15.80","15.65","2.02M","0.00%"
"12/14/2015","15.70","15.65","15.85","15.65","2.04M","0.32%"
"12/13/2015","15.65","15.90","16.00","15.55","1.70M","-2.49%"
"12/10/2015","16.05","16.00","16.05","15.90","5.55M","0.31%"
"12/09/2015","16.00","15.95","16.05","15.85","4.23M","0.31%"
"12/08/2015","15.95","16.00","16.15","15.70","6.38M","-0.31%"
"12/07/2015","16.00","15.70","16.20","15.55","5.53M","1.91%"
"12/06/2015","15.70","15.95","15.95","15.55","5.44M","-4.85%"
"11/30/2015","16.50","15.10","16.50","15.00","125.72M","10.00%"
"11/29/2015","15.00","15.30","15.45","14.95","5.84M","-2.60%"
"11/26/2015","15.40","15.50","15.55","15.25","16.68M","-0.32%"
"11/25/2015","15.45","15.60","15.70","15.35","6.64M","-1.59%"
"11/24/2015","15.70","15.95","15.95","15.55","6.15M","-1.26%"
"11/23/2015","15.90","15.95","16.05","15.90","7.12M","0.00%"
"11/22/2015","15.90","16.05","16.15","15.90","4.60M","-1.24%"
"11/19/2015","16.10","15.95","16.10","15.90","10.56M","0.94%"
"11/18/2015","15.95","15.90","16.00","15.80","6.60M","0.31%"
"11/17/2015","15.90","15.55","15.95","15.50","11.17M","2.91%"
"11/16/2015","15.45","15.25","15.55","15.20","5.59M","1.64%"
"11/15/2015","15.20","15.55","15.55","15.10","5.04M","-1.62%"
"11/12/2015","15.45","15.60","15.70","15.45","5.41M","-0.96%"
"11/11/2015","15.60","15.25","15.60","15.20","6.50M","2.30%"
"11/10/2015","15.25","15.20","15.30","15.20","4.40M","0.33%"
"11/09/2015","15.20","15.15","15.20","15.05","1.60M","1.00%"
"11/08/2015","15.05","15.20","15.25","15.05","2.44M","-0.99%"
"11/05/2015","15.20","15.20","15.20","15.05","1.81M","0.00%"
"11/04/2015","15.20","15.30","15.35","15.15","1.95M","-0.98%"
"11/03/2015","15.35","15.25","15.35","15.20","1.91M","0.66%"
"11/02/2015","15.25","15.30","15.30","15.15","2.01M","-0.33%"
"11/01/2015","15.30","15.30","15.45","15.20","2.40M","0.00%"
"10/29/2015","15.30","15.00","15.35","14.90","5.27M","2.00%"
"10/28/2015","15.00","15.15","15.15","14.95","5.74M","-0.99%"
"10/27/2015","15.15","15.05","15.20","15.05","8.69M","0.33%"
"10/26/2015","15.10","15.30","15.30","15.00","4.58M","-0.98%"
"10/25/2015","15.25","15.25","15.35","15.20","13.82M","0.00%"
"10/22/2015","15.25","15.40","15.45","15.20","3.24M","-0.97%"
"10/21/2015","15.40","15.65","15.80","15.40","6.94M","-1.60%"
"10/20/2015","15.65","15.35","15.65","15.35","5.28M","1.95%"
"10/19/2015","15.35","15.25","15.45","15.25","3.78M","0.66%"
"10/18/2015","15.25","15.15","15.35","15.15","3.10M","0.66%"
"10/14/2015","15.15","15.10","15.30","15.00","5.31M","0.33%"
"10/13/2015","15.10","14.90","15.15","14.80","6.08M","1.34%"
"10/12/2015","14.90","14.85","14.95","14.80","2.37M","0.34%"
"10/11/2015","14.85","14.75","14.85","14.65","1.35M","0.68%"
"10/08/2015","14.75","14.75","14.80","14.65","2.65M","0.34%"
"10/07/2015","14.70","14.65","14.75","14.60","2.21M","0.00%"
"10/06/2015","14.70","14.75","14.75","14.65","3.16M","-0.34%"
"10/05/2015","14.75","14.45","14.80","14.40","3.95M","2.08%"
"10/04/2015","14.45","14.30","14.45","14.30","1.75M","1.05%"
"10/01/2015","14.30","14.20","14.30","14.15","1.24M","0.70%"
"09/30/2015","14.20","14.20","14.25","14.10","1.44M","0.35%"
"09/29/2015","14.15","14.20","14.25","14.10","5.11M","-1.05%"
"09/28/2015","14.30","14.25","14.30","14.25","1.32M","0.35%"
"09/27/2015","14.25","14.20","14.30","14.20","3.29M","-0.35%"
"09/22/2015","14.30","14.25","14.30","14.15","8.23M","0.70%"
"09/21/2015","14.20","14.25","14.30","14.10","1.65M","0.71%"
"09/20/2015","14.10","14.35","14.40","14.10","5.17M","-1.05%"
"09/17/2015","14.25","14.30","14.50","14.25","9.20M","-1.72%"
"09/16/2015","14.50","14.55","14.60","14.25","6.97M","0.00%"
"09/15/2015","14.50","14.90","14.90","14.40","42.33M","1.75%"
"09/14/2015","14.25","14.75","14.80","14.10","2.90M","-3.39%"
"09/13/2015","14.75","14.55","14.95","14.55","2.79M","1.37%"
"09/10/2015","14.55","14.35","14.55","14.20","2.88M","1.39%"
"09/09/2015","14.35","13.85","14.40","13.85","2.91M","4.36%"
"09/08/2015","13.75","13.35","13.75","13.30","2.54M","3.77%"
"09/07/2015","13.25","13.30","13.50","13.20","4.43M","0.00%"
"09/06/2015","13.25","13.00","13.55","13.00","5.00M","4.33%"
"09/03/2015","12.70","12.75","12.85","12.65","1.17M","0.00%"
"09/02/2015","12.70","12.70","12.90","12.65","1.01M","0.00%"
"09/01/2015","12.70","12.85","12.95","12.65","821.09K","-1.17%"
"08/31/2015","12.85","13.00","13.05","12.85","1.47M","-1.53%"
"08/30/2015","13.05","13.00","13.20","13.00","2.56M","1.16%"
"08/27/2015","12.90","12.60","12.90","12.60","1.41M","2.38%"
"08/26/2015","12.60","12.60","12.75","12.50","1.64M","0.80%"
"08/25/2015","12.50","12.50","12.55","12.30","2.49M","0.00%"
"08/24/2015","12.50","12.25","12.80","11.40","2.63M","0.40%"
"08/23/2015","12.45","13.30","13.45","12.45","2.52M","-7.09%"
"08/20/2015","13.40","13.45","13.50","13.30","1.94M","-0.37%"
"08/19/2015","13.45","13.50","13.60","13.40","1.63M","0.00%"
"08/18/2015","13.45","13.60","13.60","13.45","1.56M","-0.37%"
"08/17/2015","13.50","13.65","13.65","13.50","1.74M","-0.37%"
"08/16/2015","13.55","13.60","13.65","13.55","1.02M","0.37%"
"08/13/2015","13.50","13.60","13.75","13.50","1.50M","-0.37%"
"08/12/2015","13.55","13.50","13.70","13.50","980.34K","0.00%"
"08/11/2015","13.55","13.65","13.70","13.55","1.09M","-0.37%"
"08/10/2015","13.60","13.65","13.65","13.55","608.50K","-0.37%"
"08/09/2015","13.65","13.60","13.80","13.60","825.36K","-0.36%"
"08/06/2015","13.70","13.80","13.85","13.50","990.23K","-3.18%"
"08/05/2015","14.15","14.15","14.25","14.10","1.11M","0.35%"
"08/04/2015","14.10","14.10","14.20","14.05","1.47M","-0.35%"
"08/03/2015","14.15","14.15","14.15","14.05","985.21K","0.35%"
"08/02/2015","14.10","14.15","14.35","14.10","2.06M","-0.35%"
"07/30/2015","14.15","14.00","14.30","14.00","2.15M","1.07%"
"07/29/2015","14.00","14.75","14.75","14.00","3.95M","-5.41%"
"07/27/2015","14.80","14.80","14.80","14.65","1.39M","0.34%"
"07/26/2015","14.75","14.75","14.85","14.75","1.26M","0.00%"
"07/23/2015","14.75","14.70","14.80","14.65","1.48M","0.34%"
"07/22/2015","14.70","14.55","14.75","14.50","1.86M","1.03%"
"07/21/2015","14.55","14.45","14.65","14.45","2.56M","0.00%"
"07/20/2015","14.55","14.45","14.55","14.40","1.08M","0.69%"
"07/15/2015","14.45","14.40","14.50","14.35","2.25M","0.35%"
"07/14/2015","14.40","14.35","14.50","14.30","1.99M","0.70%"
"07/13/2015","14.30","14.10","14.35","14.10","1.98M","1.78%"
"07/12/2015","14.05","14.10","14.20","14.00","1.24M","0.36%"
"07/09/2015","14.00","14.00","14.15","14.00","1.43M","0.00%"
"07/08/2015","14.00","14.10","14.15","14.00","996.46K","-0.71%"
"07/07/2015","14.10","14.30","14.45","14.10","1.62M","-1.05%"
"07/06/2015","14.25","13.80","14.35","13.80","1.54M","3.26%"
"07/05/2015","13.80","13.75","13.90","13.70","1.77M","1.47%"
"07/02/2015","13.60","13.40","13.70","13.40","1.57M","1.49%"
"07/01/2015","13.40","13.50","13.55","13.35","2.16M","-0.74%"
"06/30/2015","13.50","13.50","13.60","13.40","3.33M","0.00%"
"06/29/2015","13.50","14.00","14.00","13.45","2.29M","-2.88%"
"06/28/2015","13.90","14.00","14.10","13.70","2.29M","-0.71%"
"06/25/2015","14.00","14.70","14.70","13.90","3.11M","-3.45%"
"06/24/2015","14.50","15.85","15.85","14.40","13.77M","5.07%"
"06/23/2015","13.80","13.80","13.80","12.00","1.88M","15.00%"
"06/22/2015","12.00","11.90","12.00","11.90","98.95K","1.69%"
"06/21/2015","11.80","11.70","11.95","11.60","2.17M","1.72%"
"06/18/2015","11.60","11.55","11.75","11.55","1.79M","0.00%"
"06/17/2015","11.60","11.55","11.70","11.50","2.21M","0.87%"
"06/16/2015","11.50","11.50","11.55","11.45","1.26M","0.88%"
"06/15/2015","11.40","11.45","11.50","11.35","2.34M","0.44%"
"06/14/2015","11.35","11.40","11.45","11.35","2.73M","0.00%"
"06/11/2015","11.35","11.45","11.50","11.35","2.14M","-0.44%"
"06/10/2015","11.40","11.45","11.50","11.35","1.47M","0.00%"
"06/09/2015","11.40","11.40","11.50","11.40","1.05M","0.00%"
"06/08/2015","11.40","11.45","11.50","11.40","1.46M","0.00%"
"06/07/2015","11.40","11.45","11.50","11.40","1.71M","-0.44%"
"06/04/2015","11.45","11.45","11.50","11.40","1.32M","0.00%"
"06/03/2015","11.45","11.50","11.55","11.45","952.62K","-0.43%"
"06/02/2015","11.50","11.55","11.60","11.50","1.01M","0.00%"
"06/01/2015","11.50","11.55","11.60","11.50","1.01M","0.00%"
"05/31/2015","11.50","11.60","11.70","11.50","2.37M","-0.43%"
"05/28/2015","11.55","11.70","11.75","11.55","1.38M","-0.43%"
"05/27/2015","11.60","11.70","11.75","11.60","1.44M","-0.85%"
"05/26/2015","11.70","11.80","11.80","11.60","1.86M","-0.43%"
"05/25/2015","11.75","11.70","11.85","11.70","2.02M","0.43%"
"05/24/2015","11.70","11.80","11.90","11.70","1.94M","-0.43%"
"05/21/2015","11.75","11.45","11.90","11.40","2.38M","3.07%"
"05/20/2015","11.40","11.40","11.50","11.40","1.44M","0.00%"
"05/19/2015","11.40","11.40","11.50","11.40","1.34M","0.00%"
"05/18/2015","11.40","11.40","11.45","11.35","1.48M","0.00%"
"05/17/2015","11.40","11.30","11.45","11.30","1.54M","0.88%"
"05/14/2015","11.30","11.35","11.45","11.30","1.57M","-0.44%"
"05/13/2015","11.35","11.35","11.40","11.30","3.19M","0.00%"
"05/12/2015","11.35","11.35","11.40","11.30","2.09M","0.44%"
"05/11/2015","11.30","11.35","11.40","11.30","1.41M","0.00%"
"05/10/2015","11.30","11.35","11.40","11.30","2.02M","0.00%"
"05/07/2015","11.30","11.35","11.40","11.30","2.10M","0.00%"
"05/06/2015","11.30","11.35","11.40","11.30","1.76M","-0.88%"
"05/05/2015","11.40","11.35","11.40","11.30","1.64M","0.88%"
"05/04/2015","11.30","11.35","11.40","11.30","1.97M","0.00%"
"05/03/2015","11.30","11.35","11.40","11.30","2.18M","0.00%"
"04/30/2015","11.30","11.35","11.40","11.30","2.40M","-0.44%"
"04/29/2015","11.35","11.35","11.40","11.30","2.05M","0.44%"
"04/28/2015","11.30","11.30","11.40","11.25","2.04M","0.00%"
"04/27/2015","11.30","11.35","11.40","11.25","2.30M","-0.44%"
"04/26/2015","11.35","11.35","11.40","11.25","2.97M","0.89%"
"04/23/2015","11.25","11.25","11.35","11.25","2.84M","-0.44%"
"04/22/2015","11.30","11.25","11.35","11.25","1.69M","0.44%"
"04/21/2015","11.25","11.25","11.35","11.25","1.66M","-0.44%"
"04/20/2015","11.30","11.25","11.30","11.20","3.04M","0.44%"
"04/19/2015","11.25","11.20","11.25","11.20","15.51K","0.00%"
"04/16/2015","11.25","11.25","11.25","11.15","2.59M","0.45%"
"04/15/2015","11.20","11.20","11.25","11.15","2.19M","0.00%"
"04/14/2015","11.20","11.20","11.25","11.15","1.98M","0.00%"
"04/13/2015","11.20","11.25","11.30","11.20","1.56M","0.00%"
"04/12/2015","11.20","11.25","11.30","11.20","1.96M","0.00%"
"04/09/2015","11.20","11.25","11.30","11.20","1.70M","0.00%"
"04/08/2015","11.20","11.25","11.30","11.20","1.52M","0.00%"
"04/07/2015","11.20","11.25","11.30","11.20","1.70M","-0.44%"
"04/06/2015","11.25","11.20","11.30","11.20","1.89M","0.45%"
"04/05/2015","11.20","11.25","11.30","11.15","1.92M","0.00%"
"04/02/2015","11.20","11.35","11.55","10.50","2.41M","-2.18%"
"04/01/2015","11.45","11.45","11.45","11.36","3.62M","0.35%"
"03/31/2015","11.41","11.41","11.45","11.36","3.02M","0.00%"
"03/30/2015","11.41","11.32","11.45","11.32","3.32M","0.80%"
"03/29/2015","11.32","11.18","11.36","11.18","2.98M","1.25%"
"03/26/2015","11.18","11.18","11.27","11.14","3.02M","-0.45%"
"03/25/2015","11.23","11.32","11.32","11.23","2.74M","-0.80%"
"03/24/2015","11.32","11.23","11.32","11.18","2.99M","0.80%"
"03/23/2015","11.23","11.14","11.27","11.14","3.05M","0.81%"
"03/22/2015","11.14","11.18","11.27","11.14","2.36M","0.00%"
"03/19/2015","11.14","11.23","11.27","11.14","2.40M","0.00%"
"03/18/2015","11.14","11.18","11.27","11.14","2.80M","0.00%"
"03/17/2015","11.14","11.23","11.27","11.14","1.85M","-0.36%"
"03/16/2015","11.18","11.27","11.32","11.18","2.17M","0.00%"
"03/15/2015","11.18","11.32","11.36","11.18","2.98M","-0.45%"
"03/12/2015","11.23","11.27","11.36","11.23","2.20M","0.00%"
"03/11/2015","11.23","11.32","11.36","11.18","2.30M","-0.35%"
"03/10/2015","11.27","11.32","11.36","11.27","2.08M","-0.44%"
"03/09/2015","11.32","11.23","11.36","11.18","1.85M","0.80%"
"03/08/2015","11.23","11.27","11.36","11.18","3.44M","0.45%"
"03/05/2015","11.18","11.09","11.32","11.05","3.98M","1.18%"
"03/04/2015","11.05","11.09","11.14","11.05","2.17M","-0.36%"
"03/03/2015","11.09","11.05","11.14","11.05","1.81M","0.36%"
"03/02/2015","11.05","11.09","11.14","11.00","1.88M","-0.36%"
"03/01/2015","11.09","10.95","11.18","10.95","3.64M","1.28%"
"02/26/2015","10.95","10.91","11.18","10.82","5.15M","3.79%"
"02/24/2015","10.55","10.55","10.59","10.50","2.25M","0.48%"
"02/23/2015","10.50","10.50","10.59","10.50","1.96M","0.00%"
"02/22/2015","10.50","10.50","10.59","10.45","3.00M","0.00%"
"02/19/2015","10.50","10.50","10.55","10.45","2.24M","0.48%"
"02/18/2015","10.45","10.50","10.55","10.45","1.87M","0.00%"
"02/17/2015","10.45","10.45","10.55","10.45","2.46M","0.00%"
"02/16/2015","10.45","10.50","10.55","10.45","3.33M","0.00%"
"02/15/2015","10.45","10.41","10.55","10.41","2.60M","0.87%"
"02/12/2015","10.36","10.32","10.50","10.32","2.91M","0.88%"
"02/11/2015","10.27","10.27","10.36","10.23","1.85M","0.00%"
"02/10/2015","10.27","10.23","10.32","10.23","2.10M","0.39%"
"02/09/2015","10.23","10.23","10.36","10.18","1.76M","0.89%"
"02/08/2015","10.14","10.14","10.23","10.09","2.02M","0.00%"
"02/05/2015","10.14","10.14","10.23","10.09","1.71M","0.50%"
"02/04/2015","10.09","10.09","10.23","10.09","1.87M","0.00%"
"02/03/2015","10.09","10.14","10.18","10.09","2.46M","0.00%"
"02/02/2015","10.09","10.09","10.18","10.05","1.73M","0.00%"
"02/01/2015","10.09","10.14","10.18","10.05","2.44M","0.40%"
"01/29/2015","10.05","10.18","10.23","10.05","3.52M","-0.89%"
"01/28/2015","10.14","10.14","10.23","10.09","2.82M","-0.39%"
"01/27/2015","10.18","10.05","10.18","10.05","2.00M","0.89%"
"01/26/2015","10.09","10.09","10.18","10.05","2.58M","0.40%"
"01/25/2015","10.05","10.09","10.18","10.05","2.50M","0.00%"
"01/22/2015","10.05","10.05","10.18","10.05","2.66M","-0.40%"
"01/21/2015","10.09","10.05","10.18","10.00","2.39M","0.90%"
"01/20/2015","10.00","10.00","10.09","9.95","2.65M","0.00%"
"01/19/2015","10.00","10.05","10.09","9.95","2.44M","0.50%"
"01/18/2015","9.95","10.00","10.09","9.95","1.76M","0.00%"
"01/15/2015","9.95","9.95","10.05","9.95","1.74M","0.00%"
"01/14/2015","9.95","9.91","10.05","9.91","2.00M","0.40%"
"01/13/2015","9.91","9.86","10.00","9.86","1.13M","0.51%"
"01/12/2015","9.86","9.95","10.05","9.86","1.43M","-0.50%"
"01/11/2015","9.91","10.00","10.05","9.91","1.77M","-0.40%"
"01/08/2015","9.95","9.91","10.05","9.91","1.98M","0.40%"
"01/07/2015","9.91","9.86","9.95","9.77","1.95M","0.00%"
"01/06/2015","9.91","9.95","9.95","9.86","1.56M","0.00%"
"01/05/2015","9.91","10.05","10.05","9.91","1.22M","-0.40%"
"01/04/2015","9.95","10.09","10.09","9.95","1.55M","0.00%"
"12/31/2014","9.95","10.05","10.09","9.95","1.53M","-0.50%"
"12/30/2014","10.00","10.00","10.09","9.91","1.74M","0.50%"
"12/29/2014","9.95","10.00","10.14","9.95","1.51M","-1.00%"
"12/28/2014","10.05","10.09","10.18","9.91","3.13M","0.00%"
"12/25/2014","10.05","10.14","10.18","10.05","2.32M","-0.40%"
"12/24/2014","10.09","10.09","10.18","10.05","2.61M","0.00%"
"12/23/2014","10.09","10.18","10.27","10.09","2.01M","-0.49%"
"12/22/2014","10.14","10.18","10.32","10.14","2.74M","-0.39%"
"12/21/2014","10.18","9.95","10.32","9.95","2.86M","3.25%"
"12/18/2014","9.86","9.64","10.00","9.64","3.79M","2.28%"
"12/17/2014","9.64","9.77","9.86","9.45","2.27M","2.44%"
"12/16/2014","9.41","9.91","9.91","9.41","3.79M","-5.05%"
"12/15/2014","9.91","10.00","10.09","9.86","2.46M","0.00%"
"12/14/2014","9.91","10.27","10.32","9.91","3.64M","-3.13%"
"12/11/2014","10.23","10.36","10.36","10.23","2.46M","-0.39%"
"12/10/2014","10.27","10.41","10.45","10.27","3.07M","-0.87%"
"12/09/2014","10.36","10.41","10.45","10.32","2.14M","-0.48%"
"12/08/2014","10.41","10.41","10.50","10.41","2.03M","0.00%"
"12/07/2014","10.41","10.45","10.50","10.41","2.22M","-0.38%"
"12/04/2014","10.45","10.45","10.50","10.41","1.98M","0.87%"
"12/01/2014","10.36","10.36","10.45","10.36","2.53M","0.00%"
"11/30/2014","10.36","10.41","10.50","10.36","2.65M","0.00%"
"11/27/2014","10.36","10.41","10.45","10.36","2.01M","-0.48%"
"11/26/2014","10.41","10.45","10.50","10.41","2.60M","0.00%"
"11/25/2014","10.41","10.45","10.50","10.41","2.60M","0.00%"
"11/24/2014","10.41","10.45","10.50","10.41","1.95M","0.00%"
"11/23/2014","10.41","10.45","10.50","10.41","2.78M","-0.38%"
"11/20/2014","10.45","10.45","10.50","10.41","2.37M","0.38%"
"11/19/2014","10.41","10.50","10.55","10.41","2.33M","-0.86%"
"11/18/2014","10.50","10.45","10.55","10.41","1.52M","0.48%"
"11/17/2014","10.45","10.50","10.55","10.41","1.51M","0.38%"
"11/16/2014","10.41","10.50","10.55","10.41","2.47M","-0.38%"
"11/13/2014","10.45","10.50","10.55","10.41","2.50M","0.00%"
"11/12/2014","10.45","10.50","10.55","10.41","2.26M","0.00%"
"11/11/2014","10.45","10.45","10.50","10.41","2.02M","0.38%"
"11/10/2014","10.41","10.45","10.50","10.41","1.86M","0.48%"
"11/09/2014","10.36","10.45","10.50","10.36","2.61M","0.00%"
"11/06/2014","10.36","10.45","10.50","10.36","2.52M","-0.48%"
"11/05/2014","10.41","10.45","10.55","10.41","2.63M","-0.86%"
"11/04/2014","10.50","10.55","10.59","10.45","2.66M","0.00%"
"11/03/2014","10.50","10.55","10.59","10.50","1.68M","0.00%"
"11/02/2014","10.50","10.55","10.59","10.50","1.89M","0.48%"
"10/30/2014","10.45","10.50","10.55","10.45","2.40M","-0.48%"
"10/29/2014","10.50","10.45","10.55","10.45","1.51M","0.48%"
"10/28/2014","10.45","10.45","10.50","10.41","1.57M","0.38%"
"10/27/2014","10.41","10.50","10.55","10.36","3.71M","-0.38%"
"10/26/2014","10.45","10.45","10.55","10.45","1.74M","0.38%"
"10/23/2014","10.41","10.45","10.50","10.41","1.92M","-0.38%"
"10/22/2014","10.45","10.45","10.50","10.41","2.34M","0.00%"
"10/21/2014","10.45","10.41","10.55","10.41","1.95M","0.38%"
"10/20/2014","10.41","10.45","10.55","10.41","2.13M","0.00%"
"10/19/2014","10.41","10.50","10.55","10.41","2.43M","0.00%"
"10/16/2014","10.41","10.45","10.55","10.36","2.94M","-0.38%"
"10/15/2014","10.45","10.50","10.55","10.41","2.94M","0.00%"
"10/14/2014","10.45","10.45","10.64","10.41","3.27M","-0.48%"
"10/13/2014","10.50","10.50","10.55","10.36","2.54M","0.00%"
"10/12/2014","10.50","10.64","10.68","10.45","2.72M","-0.85%"
"10/09/2014","10.59","10.64","10.68","10.59","2.27M","0.00%"
"10/08/2014","10.59","10.64","10.68","10.59","1.08M","0.00%"
"10/07/2014","10.59","10.64","10.68","10.59","1.78M","0.00%"
"10/02/2014","10.59","10.59","10.73","10.59","2.34M","0.00%"
"10/01/2014","10.59","10.59","10.73","10.59","1.68M","0.00%"
"09/30/2014","10.59","10.64","10.68","10.59","1.45M","0.00%"
"09/29/2014","10.59","10.64","10.73","10.59","2.29M","0.00%"
"09/28/2014","10.59","10.68","10.73","10.59","3.07M","0.00%"
"09/25/2014","10.59","10.59","10.68","10.59","1.70M","0.00%"
"09/24/2014","10.59","10.64","10.68","10.59","2.01M","0.00%"
"09/23/2014","10.59","10.64","10.68","10.59","2.06M","0.38%"
"09/22/2014","10.55","10.59","10.73","10.55","2.73M","0.00%"
"09/21/2014","10.55","10.59","10.64","10.55","2.25M","-0.38%"
"09/18/2014","10.59","10.55","10.64","10.55","3.12M","0.38%"
"09/17/2014","10.55","10.55","10.59","10.50","3.38M","0.00%"
"09/16/2014","10.55","10.55","10.59","10.50","2.15M","0.00%"
"09/15/2014","10.55","10.55","10.59","10.50","2.02M","0.48%"
"09/14/2014","10.50","10.55","10.59","10.50","1.85M","0.00%"
"09/11/2014","10.50","10.55","10.59","10.45","2.38M","0.48%"
"09/10/2014","10.45","10.55","10.59","10.45","2.43M","-0.48%"
"09/09/2014","10.50","10.55","10.59","10.45","3.59M","-0.47%"
"09/08/2014","10.55","10.55","10.59","10.50","2.10M","0.48%"
"09/07/2014","10.50","10.50","10.59","10.50","1.65M","0.48%"
"09/04/2014","10.45","10.50","10.59","10.45","2.03M","0.00%"
"09/03/2014","10.45","10.55","10.59","10.45","1.82M","-0.48%"
"09/02/2014","10.50","10.55","10.59","10.50","1.34M","0.00%"
"09/01/2014","10.50","10.55","10.59","10.50","1.55M","0.00%"
"08/31/2014","10.50","10.59","10.64","10.50","1.88M","-0.85%"
"08/28/2014","10.59","10.50","10.59","10.45","2.26M","1.34%"
"08/27/2014","10.45","10.50","10.55","10.45","2.28M","-0.48%"
"08/26/2014","10.50","10.45","10.50","10.41","2.25M","0.86%"
"08/25/2014","10.41","10.45","10.55","10.41","2.68M","-0.38%"
"08/24/2014","10.45","10.45","10.50","10.41","1.97M","0.00%"
"08/21/2014","10.45","10.45","10.50","10.41","2.96M","0.38%"
"08/20/2014","10.41","10.45","10.50","10.41","1.83M","0.00%"
"08/19/2014","10.41","10.45","10.50","10.41","2.53M","-0.38%"
"08/18/2014","10.45","10.45","10.55","10.41","2.22M","0.38%"
"08/17/2014","10.41","10.45","10.50","10.41","1.54M","0.48%"
"08/14/2014","10.36","10.45","10.50","10.36","1.77M","-0.48%"
"08/13/2014","10.41","10.41","10.50","10.41","1.83M","0.00%"
"08/12/2014","10.41","10.41","10.50","10.36","2.11M","0.48%"
"08/11/2014","10.36","10.41","10.45","10.36","1.91M","0.00%"
"08/10/2014","10.36","10.45","10.50","10.36","2.20M","0.39%"
"08/07/2014","10.32","10.45","10.50","10.32","1.75M","-0.39%"
"08/06/2014","10.36","10.45","10.45","10.36","1.88M","-0.48%"
"08/05/2014","10.41","10.45","10.50","10.36","2.96M","-0.38%"
"08/04/2014","10.45","10.41","10.50","10.36","2.63M","0.00%"
"08/03/2014","10.45","10.55","10.55","10.36","2.54M","0.00%"
"07/31/2014","10.45","10.86","10.86","10.45","3.38M","-3.78%"
"07/27/2014","10.86","10.77","10.86","10.64","1.69M","1.21%"
"07/24/2014","10.73","10.73","10.82","10.68","2.05M","0.85%"
"07/23/2014","10.64","10.73","10.77","10.64","2.53M","-0.37%"
"07/22/2014","10.68","10.82","10.91","10.68","3.03M","-1.29%"
"07/21/2014","10.82","10.64","10.86","10.59","1.65M","0.84%"
"07/20/2014","10.73","10.73","10.82","10.64","951.73K","0.00%"
"07/17/2014","10.73","10.55","10.77","10.50","2.32M","2.19%"
"07/16/2014","10.50","10.50","10.64","10.50","2.07M","0.00%"
"07/15/2014","10.50","10.45","10.59","10.41","2.06M","1.35%"
"07/14/2014","10.36","10.45","10.50","10.32","2.02M","0.00%"
"07/13/2014","10.36","10.36","10.45","10.32","2.19M","0.39%"
"07/10/2014","10.32","10.27","10.41","10.27","1.58M","0.49%"
"07/09/2014","10.27","10.27","10.36","10.23","2.13M","0.39%"
"07/08/2014","10.23","10.27","10.32","10.23","2.00M","0.00%"
"07/07/2014","10.23","10.27","10.36","10.23","1.89M","0.00%"
"07/06/2014","10.23","10.32","10.36","10.23","2.20M","-0.39%"
"07/03/2014","10.27","10.23","10.36","10.23","1.89M","0.00%"
"07/02/2014","10.27","10.18","10.27","10.14","1.84M","1.28%"
"07/01/2014","10.14","10.27","10.27","10.09","2.28M","-0.39%"
"06/30/2014","10.18","10.14","10.32","10.14","3.02M","0.39%"
"06/29/2014","10.14","10.32","10.32","10.14","2.19M","-0.39%"
"06/26/2014","10.18","10.23","10.36","10.18","2.77M","0.39%"
"06/25/2014","10.14","10.32","10.36","10.14","2.51M","-0.88%"
"06/24/2014","10.23","10.41","10.41","10.18","3.43M","-0.87%"
"06/23/2014","10.32","10.45","10.45","10.27","2.63M","0.00%"
"06/22/2014","10.32","10.41","10.45","10.32","1.84M","-0.39%"
"06/19/2014","10.36","10.45","10.45","10.32","1.96M","0.39%"
"06/18/2014","10.32","10.45","10.50","10.32","2.11M","-0.39%"
"06/17/2014","10.36","10.41","10.50","10.36","1.48M","0.00%"
"06/16/2014","10.36","10.55","10.55","10.32","2.96M","-1.33%"
"06/15/2014","10.50","10.45","10.55","10.36","1.90M","0.48%"
"06/12/2014","10.45","10.45","10.50","10.36","1.33M","0.87%"
"06/11/2014","10.36","10.41","10.45","10.32","2.14M","0.00%"
"06/10/2014","10.36","10.45","10.50","10.32","2.50M","-0.48%"
"06/09/2014","10.41","10.50","10.55","10.41","1.66M","0.00%"
"06/08/2014","10.41","10.45","10.64","10.41","2.46M","-0.86%"
"06/05/2014","10.50","10.50","10.55","10.41","1.99M","0.48%"
"06/04/2014","10.45","10.41","10.50","10.36","2.24M","1.26%"
"06/03/2014","10.32","10.41","10.45","10.32","1.96M","-0.39%"
"06/02/2014","10.36","10.36","10.45","10.32","1.68M","0.00%"
"06/01/2014","10.36","10.45","10.45","10.32","1.46M","-0.48%"
"05/29/2014","10.41","10.41","10.41","10.27","1.57M","1.36%"
"05/28/2014","10.27","10.50","10.50","10.23","4.91M","-1.34%"
"05/27/2014","10.41","10.41","10.50","10.32","3.28M","0.48%"
"05/26/2014","10.36","10.45","10.45","10.32","2.27M","0.39%"
"05/22/2014","10.32","10.45","10.45","10.32","3.09M","-0.86%"
"05/21/2014","10.41","10.41","10.45","10.32","2.52M","0.48%"
"05/20/2014","10.36","10.36","10.50","10.32","3.98M","-0.48%"
"05/19/2014","10.41","10.50","10.55","10.36","1.89M","-0.38%"
"05/18/2014","10.45","10.55","10.68","10.41","1.72M","0.00%"
"05/15/2014","10.45","10.41","10.86","10.41","4.03M","0.87%"
"05/14/2014","10.36","10.36","10.55","10.36","3.93M","-0.86%"
"05/13/2014","10.45","10.36","10.45","10.32","2.95M","1.75%"
"05/12/2014","10.27","10.36","10.45","10.27","2.19M","-0.87%"
"05/11/2014","10.36","10.36","10.41","10.32","1.73M","0.88%"
"05/08/2014","10.27","10.32","10.45","10.23","3.35M","-0.48%"
"05/07/2014","10.32","10.36","10.45","10.27","1.74M","0.49%"
"05/06/2014","10.27","10.36","10.45","10.27","3.61M","-0.87%"
"05/05/2014","10.36","10.41","10.45","10.32","2.89M","0.00%"
"05/04/2014","10.36","10.45","10.45","10.32","3.34M","0.00%"
"05/01/2014","10.36","10.45","10.50","10.36","2.94M","-0.86%"
"04/30/2014","10.45","10.45","10.50","10.41","972.87K","0.00%"
"04/29/2014","10.45","10.45","10.50","10.41","2.59M","0.38%"
"04/28/2014","10.41","10.45","10.55","10.36","5.44M","0.00%"
"04/27/2014","10.41","10.41","10.41","10.41","","0.00%"
"04/24/2014","10.41","10.45","10.50","10.32","4.65M","0.00%"
"04/23/2014","10.41","10.50","10.55","10.41","4.26M","0.00%"
"04/22/2014","10.41","10.55","10.55","10.41","2.69M","-0.38%"
"04/21/2014","10.45","10.45","10.59","10.41","2.88M","0.00%"
"04/20/2014","10.45","10.45","10.50","10.41","1.81M","0.00%"
"04/17/2014","10.45","10.50","10.55","10.41","2.25M","0.38%"
"04/16/2014","10.41","10.45","10.55","10.36","2.01M","0.00%"
"04/15/2014","10.41","10.41","10.55","10.36","2.44M","-0.86%"
"04/14/2014","10.50","10.55","10.59","10.41","2.03M","-0.47%"
"04/13/2014","10.55","10.55","10.59","10.45","1.45M","0.48%"
"04/10/2014","10.50","10.50","10.59","10.41","2.04M","0.00%"
"04/09/2014","10.50","10.45","10.59","10.45","2.12M","0.86%"
"04/08/2014","10.41","10.50","10.55","10.36","2.71M","-0.86%"
"04/07/2014","10.50","10.45","10.64","10.45","3.26M","-0.47%"
"04/06/2014","10.55","10.68","10.68","10.50","2.46M","-0.85%"
"04/03/2014","10.64","10.82","10.82","10.45","2.72M","-2.03%"
"04/02/2014","10.86","10.95","11.00","10.82","2.19M","-0.46%"
"04/01/2014","10.91","10.95","11.05","10.91","952.66K","0.00%"
"03/31/2014","10.91","10.95","11.05","10.91","1.63M","-0.37%"
"03/30/2014","10.95","10.91","11.00","10.86","2.45M","1.20%"
"03/27/2014","10.82","10.86","11.00","10.82","2.37M","-0.37%"
"03/26/2014","10.86","10.86","10.95","10.82","1.48M","0.37%"
"03/25/2014","10.82","10.86","10.91","10.82","2.08M","0.00%"
"03/24/2014","10.82","10.82","10.86","10.73","1.18M","0.46%"
"03/23/2014","10.77","10.77","10.86","10.73","1.70M","0.37%"
"03/20/2014","10.73","10.73","10.86","10.68","1.95M","0.00%"
"03/19/2014","10.73","10.82","10.86","10.68","1.60M","-0.37%"
"03/18/2014","10.77","10.73","10.86","10.68","2.30M","0.00%"
"03/17/2014","10.77","10.86","10.91","10.68","2.10M","-0.46%"
"03/16/2014","10.82","10.91","10.91","10.73","2.00M","0.00%"
"03/13/2014","10.82","10.86","10.91","10.73","3.14M","0.84%"
"03/12/2014","10.73","10.91","11.00","10.73","1.48M","-1.20%"
"03/11/2014","10.86","11.00","11.05","10.86","1.88M","-0.46%"
"03/10/2014","10.91","11.09","11.09","10.86","1.87M","-0.37%"
"03/09/2014","10.95","11.09","11.14","10.95","2.29M","-1.26%"
"03/06/2014","11.09","11.00","11.18","10.95","1.83M","1.65%"
"03/05/2014","10.91","11.14","11.18","10.91","3.22M","-2.85%"
"03/03/2014","11.23","11.23","11.32","11.14","1.79M","-0.35%"
"03/02/2014","11.27","11.23","11.45","11.18","3.08M","0.81%"
"02/27/2014","11.18","11.09","11.18","11.00","2.36M","1.18%"
"02/26/2014","11.05","11.05","11.14","11.00","1.87M","0.91%"
"02/25/2014","10.95","10.91","11.09","10.86","3.16M","0.83%"
"02/24/2014","10.86","10.86","10.95","10.77","3.31M","-0.46%"
"02/23/2014","10.91","10.77","10.95","10.77","2.35M","1.30%"
"02/20/2014","10.77","10.86","10.91","10.77","1.89M","-0.83%"
"02/19/2014","10.86","10.77","10.86","10.68","3.57M","1.21%"
"02/18/2014","10.73","10.73","10.77","10.68","1.85M","0.47%"
"02/17/2014","10.68","10.77","10.77","10.64","2.06M","0.00%"
"02/16/2014","10.68","10.73","10.82","10.68","2.56M","-0.84%"
"02/13/2014","10.77","10.82","10.82","10.73","1.77M","-0.46%"
"02/12/2014","10.82","10.68","10.86","10.68","3.13M","0.84%"
"02/11/2014","10.73","10.77","10.82","10.68","1.73M","-0.37%"
"02/10/2014","10.77","10.73","10.77","10.64","1.71M","0.84%"
"02/09/2014","10.68","10.68","10.73","10.59","1.83M","0.00%"
"02/06/2014","10.68","10.68","10.73","10.59","1.73M","-0.47%"
"02/05/2014","10.73","10.64","10.73","10.59","2.54M","1.32%"
"02/04/2014","10.59","10.59","10.73","10.59","3.05M","0.00%"
"02/03/2014","10.59","10.59","10.73","10.55","18.19M","-0.47%"
"02/02/2014","10.64","10.64","10.82","10.59","2.09M","-0.37%"
"01/30/2014","10.68","10.55","10.77","10.55","1.74M","0.38%"
"01/29/2014","10.64","10.68","10.77","10.55","3.24M","0.00%"
"01/28/2014","10.64","10.73","10.77","10.59","3.89M","0.47%"
"01/27/2014","10.59","10.73","10.86","10.59","2.89M","-1.67%"
"01/26/2014","10.77","10.82","10.86","10.73","2.80M","-1.28%"
"01/23/2014","10.91","10.77","10.91","10.73","2.47M","1.30%"
"01/22/2014","10.77","10.77","10.86","10.68","1.54M","-0.46%"
"01/21/2014","10.82","10.86","10.86","10.77","1.78M","0.46%"
"01/20/2014","10.77","10.82","10.86","10.73","1.61M","-0.83%"
"01/19/2014","10.86","10.86","10.86","10.73","1.77M","1.21%"
"01/16/2014","10.73","10.77","10.91","10.73","3.16M","0.00%"
"01/15/2014","10.73","10.91","10.91","10.73","1.88M","-0.83%"
"01/14/2014","10.82","10.91","10.91","10.77","1.57M","-0.37%"
"01/13/2014","10.86","10.91","10.91","10.73","2.53M","0.37%"
"01/09/2014","10.82","10.91","11.00","10.77","2.24M","-0.82%"
"01/08/2014","10.91","10.95","11.00","10.82","2.00M","0.83%"
"01/07/2014","10.82","10.77","10.95","10.68","3.55M","1.31%"
"01/06/2014","10.68","10.73","10.77","10.64","2.18M","0.38%"
"01/05/2014","10.64","10.68","10.73","10.59","1.77M","-0.37%"
"01/02/2014","10.68","10.73","10.73","10.59","1.79M","0.38%"
"12/31/2013","10.64","10.73","10.73","10.64","1.56M","-0.37%"
"12/30/2013","10.68","10.68","10.73","10.64","1.28M","0.38%"
"12/29/2013","10.64","10.73","10.77","10.64","1.94M","0.00%"
"12/26/2013","10.64","10.64","10.73","10.59","1.80M","0.47%"
"12/25/2013","10.59","10.59","10.68","10.59","1.52M","0.00%"
"12/24/2013","10.59","10.64","10.68","10.55","1.82M","0.38%"
"12/23/2013","10.55","10.59","10.64","10.50","1.53M","-0.38%"
"12/22/2013","10.59","10.68","10.73","10.55","1.55M","-0.47%"
"12/19/2013","10.64","10.68","10.68","10.59","1.38M","0.47%"
"12/18/2013","10.59","10.59","10.73","10.55","1.61M","-0.47%"
"12/17/2013","10.64","10.73","10.73","10.59","1.47M","0.47%"
"12/16/2013","10.59","10.64","10.77","10.55","1.69M","0.00%"
"12/15/2013","10.59","10.55","10.77","10.50","3.18M","1.34%"
"12/12/2013","10.45","10.55","10.55","10.45","1.75M","0.00%"
"12/11/2013","10.45","10.55","10.55","10.45","2.21M","0.00%"
"12/10/2013","10.45","10.50","10.55","10.45","1.55M","0.00%"
"12/09/2013","10.45","10.55","10.55","10.45","1.75M","-0.48%"
"12/08/2013","10.50","10.55","10.59","10.45","2.70M","-0.47%"
"12/05/2013","10.55","10.50","10.55","10.45","2.28M","0.00%"
"12/04/2013","10.55","10.55","10.55","10.45","1.11M","0.96%"
"12/03/2013","10.45","10.55","10.59","10.45","1.21M","0.00%"
"12/02/2013","10.45","10.55","10.59","10.41","1.06M","0.00%"
"11/28/2013","10.45","10.55","10.55","10.45","1.47M","0.00%"
"11/27/2013","10.45","10.55","10.55","10.45","1.71M","0.00%"
"11/26/2013","10.45","10.55","10.55","10.45","1.79M","0.00%"
"11/25/2013","10.45","10.55","10.59","10.45","1.86M","-0.48%"
"11/24/2013","10.50","10.55","10.59","10.50","1.17M","-0.47%"
"11/21/2013","10.55","10.45","10.55","10.45","1.54M","0.00%"
"11/20/2013","10.55","10.59","10.64","10.45","1.94M","0.48%"
"11/19/2013","10.50","10.59","10.64","10.50","1.42M","-0.85%"
"11/18/2013","10.59","10.59","10.64","10.50","1.66M","0.00%"
"11/17/2013","10.59","10.50","10.64","10.50","1.53M","1.34%"
"11/14/2013","10.45","10.55","10.64","10.41","2.29M","-0.48%"
"11/13/2013","10.50","10.50","10.64","10.45","2.27M","0.48%"
"11/12/2013","10.45","10.64","10.64","10.18","3.02M","-1.79%"
"11/11/2013","10.64","10.73","10.73","10.59","2.39M","0.00%"
"11/10/2013","10.64","10.68","10.73","10.64","1.49M","-0.37%"
"11/07/2013","10.68","10.73","10.73","10.64","1.50M","0.38%"
"11/06/2013","10.64","10.73","10.73","10.64","1.38M","0.00%"
"11/05/2013","10.64","10.68","10.73","10.59","1.53M","0.47%"
"11/04/2013","10.59","10.64","10.68","10.59","1.28M","0.38%"
"10/31/2013","10.55","10.59","10.64","10.55","1.35M","0.00%"
"10/30/2013","10.55","10.55","10.64","10.55","1.44M","-0.38%"
"10/29/2013","10.59","10.64","10.68","10.55","2.61M","-0.84%"
"10/27/2013","10.68","10.59","10.73","10.59","2.85M","0.38%"
"10/24/2013","10.64","10.59","10.68","10.55","1.97M","0.47%"
"10/23/2013","10.59","10.68","10.68","10.59","2.73M","-0.47%"
"10/22/2013","10.64","10.59","10.68","10.55","1.77M","0.47%"
"10/21/2013","10.59","10.77","10.82","10.55","2.14M","-0.47%"
"10/20/2013","10.64","10.68","10.82","10.64","1.84M","0.85%"
"10/10/2013","10.55","10.64","10.68","10.55","2.00M","-0.85%"
"10/09/2013","10.64","10.68","10.68","10.59","1.60M","0.47%"
"10/08/2013","10.59","10.68","10.68","10.59","1.60M","0.00%"
"10/07/2013","10.59","10.59","10.73","10.59","1.25M","-0.84%"
"10/06/2013","10.68","10.59","10.68","10.59","1.94M","0.85%"
"10/03/2013","10.59","10.59","10.68","10.55","2.69M","0.00%"
"10/02/2013","10.59","10.59","10.64","10.55","1.03M","0.38%"
"10/01/2013","10.55","10.59","10.64","10.55","1.49M","0.00%"
"09/30/2013","10.55","10.59","10.64","10.55","1.90M","0.00%"
"09/29/2013","10.55","10.64","10.73","10.55","1.36M","-0.38%"
"09/26/2013","10.59","10.64","10.68","10.55","1.42M","0.00%"
"09/25/2013","10.59","10.59","10.68","10.55","1.97M","0.38%"
"09/24/2013","10.55","10.50","10.59","10.50","897.40K","0.48%"
"09/23/2013","10.50","10.50","10.64","10.50","2.02M","0.00%"
"09/22/2013","10.50","10.59","10.59","10.50","2.13M","-0.47%"
"09/19/2013","10.55","10.59","10.64","10.55","1.61M","-0.38%"
"09/18/2013","10.59","10.59","10.64","10.50","1.15M","0.38%"
"09/17/2013","10.55","10.68","10.68","10.50","1.35M","-0.38%"
"09/16/2013","10.59","10.68","10.68","10.55","1.42M","0.00%"
"09/15/2013","10.59","10.64","10.77","10.55","2.11M","0.00%"
"09/12/2013","10.59","10.64","10.68","10.55","1.49M","0.86%"
"09/11/2013","10.50","10.55","10.68","10.45","2.11M","0.48%"
"09/10/2013","10.45","10.36","10.64","10.36","1.88M","1.75%"
"09/09/2013","10.27","10.23","10.36","10.23","1.51M","0.00%"
"09/08/2013","10.27","10.41","10.45","10.23","2.57M","-1.34%"
"09/05/2013","10.41","10.50","10.50","10.36","2.14M","0.00%"
"09/04/2013","10.41","10.55","10.55","10.41","1.34M","-0.38%"
"09/03/2013","10.45","10.68","10.73","10.45","1.68M","-2.15%"
"09/02/2013","10.68","10.73","10.73","10.55","1.32M","0.85%"
"09/01/2013","10.59","10.45","10.77","10.45","5.09M","0.86%"
"08/29/2013","10.50","10.45","10.55","10.41","2.03M","1.35%"
"08/28/2013","10.36","10.41","10.50","10.32","3.22M","-1.33%"
"08/27/2013","10.50","10.73","10.82","10.27","2.67M","-1.69%"
"08/26/2013","10.68","10.82","10.86","10.64","1.63M","-0.84%"
"08/25/2013","10.77","10.86","10.86","10.68","2.39M","0.00%"
"08/22/2013","10.77","10.77","10.82","10.73","1.56M","0.00%"
"08/21/2013","10.77","10.77","10.86","10.73","1.73M","0.84%"
"08/20/2013","10.68","10.73","10.77","10.68","1.21M","0.00%"
"08/19/2013","10.68","10.64","10.77","10.64","1.60M","0.38%"
"08/18/2013","10.64","10.73","10.77","10.64","1.55M","-0.37%"
"08/15/2013","10.68","10.73","10.77","10.64","1.47M","0.00%"
"08/14/2013","10.68","10.73","10.77","10.68","1.24M","-0.47%"
"08/13/2013","10.73","10.77","10.77","10.68","1.55M","0.85%"
"08/12/2013","10.64","10.73","10.77","10.64","1.56M","-0.37%"
"08/11/2013","10.68","10.68","10.82","10.64","1.34M","-0.47%"
"08/06/2013","10.73","10.77","10.82","10.68","1.73M","0.47%"
"08/05/2013","10.68","10.82","10.86","10.68","1.89M","-0.84%"
"08/04/2013","10.77","10.68","10.82","10.64","1.76M","0.84%"
"08/01/2013","10.68","10.73","10.77","10.64","1.68M","0.00%"
"07/31/2013","10.68","10.77","10.82","10.64","2.09M","-2.11%"
"07/30/2013","10.91","10.95","11.00","10.91","2.78M","0.00%"
"07/29/2013","10.91","11.00","11.00","10.86","2.26M","-0.37%"
"07/28/2013","10.95","10.95","11.00","10.82","2.54M","0.37%"
"07/25/2013","10.91","10.91","10.95","10.82","1.73M","0.46%"
"07/24/2013","10.86","10.91","10.95","10.86","2.51M","0.00%"
"07/23/2013","10.86","10.82","10.95","10.77","4.25M","1.21%"
"07/22/2013","10.73","10.82","10.82","10.68","114.98K","0.00%"
"07/21/2013","10.73","10.77","10.86","10.64","1.54M","0.47%"
"07/18/2013","10.68","10.77","10.82","10.68","1.13M","0.00%"
"07/17/2013","10.68","10.77","10.82","10.64","1.47M","-0.84%"
"07/16/2013","10.77","10.68","10.86","10.64","998.27K","0.84%"
"07/15/2013","10.68","10.59","10.82","10.50","1.73M","0.85%"
"07/14/2013","10.59","10.45","10.68","10.41","1.82M","1.73%"
"07/11/2013","10.41","10.41","10.45","10.32","1.36M","1.36%"
"07/10/2013","10.27","10.36","10.41","10.27","829.65K","-0.48%"
"07/09/2013","10.32","10.32","10.41","10.27","1.80M","0.49%"
"07/08/2013","10.27","10.32","10.36","10.23","1.90M","-0.48%"
"07/07/2013","10.32","10.27","10.32","10.18","1.53M","1.38%"
"07/04/2013","10.18","10.23","10.32","10.14","1.03M","0.39%"
"07/03/2013","10.14","10.14","10.27","10.09","924.10K","0.00%"
"07/02/2013","10.14","10.41","10.41","10.05","2.91M","-1.27%"
"07/01/2013","10.27","10.27","10.41","10.27","1.33M","0.39%"
"06/30/2013","10.23","10.45","10.45","10.23","1.82M","0.00%"
"06/27/2013","10.23","10.36","10.45","10.18","1.58M","0.49%"
"06/26/2013","10.18","10.41","10.45","10.18","2.12M","-1.74%"
"06/25/2013","10.36","10.00","10.50","10.00","1.88M","2.68%"
"06/24/2013","10.09","10.32","10.32","9.91","2.75M","-1.37%"
"06/23/2013","10.23","10.55","10.55","10.18","2.64M","-2.11%"
"06/20/2013","10.45","10.55","10.55","10.41","2.46M","0.00%"
"06/19/2013","10.45","10.55","10.55","10.41","2.00M","-0.95%"
"06/18/2013","10.55","10.55","10.59","10.45","2.30M","0.48%"
"06/17/2013","10.50","10.59","10.64","10.45","2.33M","-0.47%"
"06/16/2013","10.55","10.45","10.68","10.45","2.36M","0.00%"
"06/13/2013","10.55","10.55","10.64","10.55","2.06M","0.00%"
"06/12/2013","10.55","10.64","10.73","10.55","1.95M","0.00%"
"06/11/2013","10.55","10.73","10.73","10.55","2.56M","-0.85%"
"06/10/2013","10.64","10.82","10.82","10.64","2.86M","-0.84%"
"06/09/2013","10.73","10.77","10.91","10.73","2.18M","-0.37%"
"06/05/2013","10.77","10.86","10.91","10.73","1.62M","0.37%"
"06/04/2013","10.73","10.91","10.91","10.73","1.36M","-1.65%"
"06/03/2013","10.91","10.86","10.91","10.73","2.50M","0.46%"
"06/02/2013","10.86","10.91","10.95","10.86","1.48M","0.37%"
"05/30/2013","10.82","10.86","10.91","10.82","2.59M","-0.37%"
"05/29/2013","10.86","10.82","10.91","10.77","1.60M","0.37%"
"05/28/2013","10.82","10.82","10.86","10.73","1.42M","0.46%"
"05/27/2013","10.77","10.86","10.86","10.73","1.21M","0.00%"
"05/26/2013","10.77","10.77","10.86","10.64","2.16M","1.22%"
"05/23/2013","10.64","10.68","10.77","10.45","2.50M","-1.66%"
"05/22/2013","10.82","10.68","10.82","10.68","890.41K","0.84%"
"05/21/2013","10.73","10.82","10.86","10.64","1.65M","-0.83%"
"05/20/2013","10.82","10.91","10.95","10.68","2.10M","-0.82%"
"05/19/2013","10.91","10.86","11.00","10.82","1.47M","0.46%"
"05/16/2013","10.86","10.86","10.91","10.82","1.69M","-0.46%"
"05/15/2013","10.91","10.91","11.00","10.82","3.07M","0.00%"
"05/14/2013","10.91","10.82","10.91","10.82","2.45M","1.30%"
"05/13/2013","10.77","10.82","10.82","10.64","1.18M","-0.83%"
"05/12/2013","10.86","10.82","10.91","10.68","1.59M","0.37%"
"05/09/2013","10.82","10.64","10.91","10.64","3.59M","1.31%"
"05/08/2013","10.68","10.73","10.86","10.45","1.59M","-0.47%"
"05/07/2013","10.73","10.45","10.86","10.45","3.13M","2.68%"
"05/06/2013","10.45","10.23","10.45","10.14","3.44M","2.65%"
"05/05/2013","10.18","9.91","10.18","9.86","4.13M","2.72%"
"05/02/2013","9.91","9.86","9.95","9.82","2.61M","0.51%"
"05/01/2013","9.86","9.82","9.91","9.77","1.74M","0.92%"
"04/30/2013","9.77","9.77","9.82","9.73","2.41M","0.93%"
"04/29/2013","9.68","9.82","9.86","9.64","1.24M","-0.92%"
"04/28/2013","9.77","9.95","10.00","9.64","3.01M","-0.91%"
"04/25/2013","9.86","9.73","10.00","9.50","4.70M","3.79%"
"04/24/2013","9.50","9.18","9.64","9.14","4.32M","3.94%"
"04/22/2013","9.14","9.08","9.23","9.05","1.88M","0.99%"
"04/21/2013","9.05","9.08","9.09","9.02","1.86M","0.44%"
"04/18/2013","9.01","9.05","9.09","9.00","2.00M","-0.44%"
"04/17/2013","9.05","9.05","9.08","8.98","1.59M","0.33%"
"04/16/2013","9.02","9.04","9.05","8.96","1.84M","0.00%"
"04/15/2013","9.02","9.00","9.05","8.97","1.53M","0.22%"
"04/14/2013","9.00","8.94","9.02","8.92","2.01M","1.12%"
"04/11/2013","8.90","8.91","8.95","8.89","1.21M","0.00%"
"04/10/2013","8.90","8.91","8.95","8.87","1.55M","0.34%"
"04/09/2013","8.87","8.89","8.95","8.87","1.46M","-0.11%"
"04/08/2013","8.88","8.90","8.95","8.87","1.25M","0.00%"
"04/07/2013","8.88","8.88","9.00","8.83","1.48M","0.57%"
"04/04/2013","8.83","8.86","8.90","8.81","1.06M","0.34%"
"04/03/2013","8.80","8.86","8.90","8.78","1.19M","-0.23%"
"04/02/2013","8.82","8.89","8.91","8.77","2.50M","-0.11%"
"04/01/2013","8.83","8.91","8.91","8.83","1.30M","-0.34%"
"03/31/2013","8.86","8.89","8.91","8.85","1.83M","0.00%"
"03/28/2013","8.86","8.86","8.90","8.86","3.23M","-0.23%"
"03/27/2013","8.88","8.86","8.94","8.86","1.61M","0.34%"
"03/26/2013","8.85","8.86","9.04","8.82","1.67M","-5.04%"
"03/25/2013","9.32","9.36","9.41","9.27","4.19M","-0.43%"
"03/24/2013","9.36","9.36","9.41","9.32","2.56M","0.97%"
"03/21/2013","9.27","9.36","9.41","9.27","1.80M","-0.96%"
"03/20/2013","9.36","9.36","9.45","9.36","2.16M","-0.53%"
"03/19/2013","9.41","9.27","9.41","9.27","4.05M","1.51%"
"03/18/2013","9.27","9.27","9.32","9.23","1.59M","0.00%"
"03/17/2013","9.27","9.32","9.32","9.23","2.00M","0.43%"
"03/14/2013","9.23","9.27","9.32","9.23","2.90M","0.00%"
"03/13/2013","9.23","9.32","9.32","9.23","1.17M","-0.43%"
"03/12/2013","9.27","9.32","9.32","9.23","2.21M","0.43%"
"03/11/2013","9.23","9.27","9.32","9.23","1.97M","0.00%"
"03/10/2013","9.23","9.27","9.32","9.23","1.63M","0.00%"
"03/07/2013","9.23","9.32","9.32","9.23","2.06M","0.00%"
"03/06/2013","9.23","9.23","9.32","9.23","2.42M","-0.43%"
"03/05/2013","9.27","9.27","9.32","9.23","1.62M","0.43%"
"03/04/2013","9.23","9.27","9.32","9.23","2.02M","-0.97%"
"03/03/2013","9.32","9.23","9.32","9.23","1.96M","0.54%"
"02/28/2013","9.27","9.23","9.27","9.18","2.35M","0.43%"
"02/27/2013","9.23","9.27","9.32","9.18","1.29M","0.54%"
"02/26/2013","9.18","9.32","9.32","9.18","2.35M","-0.97%"
"02/25/2013","9.27","9.32","9.32","9.18","3.14M","0.00%"
"02/24/2013","9.27","9.27","9.32","9.23","1.88M","0.00%"
"02/21/2013","9.27","9.18","9.32","9.18","3.32M","0.98%"
"02/20/2013","9.18","9.14","9.41","9.09","4.27M","2.80%"
"02/18/2013","8.93","8.92","8.96","8.91","2.22M","-0.22%"
"02/17/2013","8.95","8.94","8.95","8.90","1.18M","1.13%"
"02/14/2013","8.85","8.95","8.98","8.85","1.33M","-0.67%"
"02/13/2013","8.91","8.92","8.96","8.86","1.40M","0.45%"
"02/12/2013","8.87","8.84","8.92","8.82","1.35M","0.23%"
"02/11/2013","8.85","8.82","8.85","8.78","1.76M","0.80%"
"02/10/2013","8.78","8.81","8.87","8.77","1.32M","-0.34%"
"02/07/2013","8.81","8.77","8.83","8.74","1.33M","0.46%"
"02/06/2013","8.77","8.82","8.84","8.77","1.18M","-0.11%"
"02/05/2013","8.78","8.85","8.86","8.78","1.39M","-0.23%"
"02/04/2013","8.80","8.88","8.89","8.77","1.49M","-0.68%"
"02/03/2013","8.86","8.84","8.93","8.78","1.51M","0.91%"
"01/31/2013","8.78","8.73","8.82","8.71","1.05M","0.46%"
"01/30/2013","8.74","8.71","8.75","8.68","2.12M","0.69%"
"01/29/2013","8.68","8.73","8.75","8.67","1.80M","0.00%"
"01/28/2013","8.68","8.65","8.75","8.65","1.37M","0.35%"
"01/27/2013","8.65","8.68","8.75","8.65","1.67M","0.12%"
"01/23/2013","8.64","8.60","8.72","8.55","2.24M","1.17%"
"01/22/2013","8.54","8.55","8.63","8.54","1.32M","0.23%"
"01/21/2013","8.52","8.62","8.64","8.52","1.93M","-0.35%"
"01/20/2013","8.55","8.53","8.64","8.53","1.84M","0.12%"
"01/17/2013","8.54","8.55","8.62","8.54","1.21M","-0.23%"
"01/16/2013","8.56","8.59","8.62","8.54","1.60M","0.12%"
"01/15/2013","8.55","8.54","8.59","8.45","1.44M","0.59%"
"01/14/2013","8.50","8.48","8.55","8.45","1.84M","0.83%"
"01/13/2013","8.43","8.35","8.54","8.34","2.13M","1.08%"
"01/10/2013","8.34","8.27","8.34","8.27","1.49M","0.85%"
"01/09/2013","8.27","8.30","8.32","8.25","1.45M","0.24%"
"01/08/2013","8.25","8.26","8.31","8.23","1.50M","0.00%"
"01/07/2013","8.25","8.25","8.28","8.23","2.67M","0.00%"
"01/06/2013","8.25","8.27","8.32","8.24","1.98M","-0.12%"
"01/03/2013","8.26","8.24","8.34","8.24","2.37M","0.12%"
"01/02/2013","8.25","8.27","8.29","8.24","1.74M","0.00%"
"12/31/2012","8.25","8.24","8.26","8.22","1.54M","0.24%"
"12/30/2012","8.23","8.23","8.25","8.20","1.60M","0.12%"
"12/27/2012","8.22","8.23","8.25","8.19","1.49M","0.24%"
"12/26/2012","8.20","8.21","8.23","8.17","1.53M","-0.12%"
"12/25/2012","8.21","8.23","8.25","8.18","1.73M","-0.24%"
"12/24/2012","8.23","8.20","8.25","8.19","2.19M","0.00%"
"12/23/2012","8.23","8.24","8.25","8.19","2.12M","0.00%"
"12/20/2012","8.23","8.24","8.26","8.21","1.77M","-0.12%"
"12/19/2012","8.24","8.25","8.26","8.20","3.33M","-0.24%"
"12/18/2012","8.26","8.25","8.27","8.24","1.58M","0.12%"
"12/17/2012","8.25","8.25","8.27","8.21","1.63M","0.00%"
"12/16/2012","8.25","8.25","8.34","8.21","2.13M","0.00%"
"12/13/2012","8.25","8.24","8.30","8.20","4.16M","3.00%"
"12/12/2012","8.01","7.95","8.23","7.78","15.68M","-2.91%"
"12/11/2012","8.25","8.87","8.87","8.15","12.31M","-8.84%"
"12/09/2012","9.05","9.05","9.09","9.02","1.51M","0.22%"
"12/06/2012","9.03","9.05","9.08","9.00","1.65M","-0.22%"
"12/05/2012","9.05","9.08","9.09","9.02","1.39M","-0.22%"
"12/04/2012","9.07","9.09","9.14","9.01","1.14M","0.22%"
"11/29/2012","9.05","9.08","9.09","9.02","1.49M","0.00%"
"11/28/2012","9.05","9.05","9.08","9.01","1.29M","0.11%"
"11/27/2012","9.04","9.05","9.06","8.99","941.28K","0.00%"
"11/26/2012","9.04","9.01","9.08","8.98","1.35M","0.22%"
"11/25/2012","9.02","9.09","9.09","8.95","1.57M","-0.22%"
"11/22/2012","9.04","9.03","9.09","8.96","2.01M","0.22%"
"11/21/2012","9.02","9.06","9.09","8.95","1.44M","-0.22%"
"11/20/2012","9.04","9.05","9.09","8.97","1.34M","-0.33%"
"11/19/2012","9.07","9.02","9.14","9.00","934.10K","-0.77%"
"11/18/2012","9.14","9.14","9.23","9.02","1.23M","-0.44%"
"11/14/2012","9.18","9.18","9.23","9.09","1.74M","0.00%"
"11/13/2012","9.18","9.14","9.23","9.14","1.53M","0.00%"
"11/12/2012","9.18","9.01","9.27","9.01","2.11M","2.34%"
"11/11/2012","8.97","8.87","9.09","8.87","1.75M","0.79%"
"11/08/2012","8.90","8.88","8.94","8.86","1.30M","0.23%"
"11/07/2012","8.88","8.88","8.90","8.85","1.47M","0.00%"
"11/06/2012","8.88","8.89","8.91","8.83","1.38M","0.11%"
"11/05/2012","8.87","8.89","8.89","8.84","1.09M","0.23%"
"11/04/2012","8.85","8.84","8.91","8.81","1.07M","0.00%"
"11/01/2012","8.85","8.88","8.90","8.82","1.40M","-0.23%"
"10/31/2012","8.87","8.89","8.90","8.85","897.83K","-0.11%"
"10/30/2012","8.88","8.87","8.91","8.85","1.28M","0.34%"
"10/29/2012","8.85","8.81","8.86","8.81","949.54K","0.00%"
"10/24/2012","8.85","8.85","8.86","8.80","2.31M","0.34%"
"10/22/2012","8.82","8.82","8.85","8.79","1.25M","-0.11%"
"10/21/2012","8.83","8.86","8.86","8.79","1.58M","-0.23%"
"10/18/2012","8.85","8.86","8.86","8.81","1.35M","0.00%"
"10/17/2012","8.85","8.86","8.89","8.82","1.20M","0.00%"
"10/16/2012","8.85","8.86","8.87","8.84","1.45M","-0.23%"
"10/15/2012","8.87","8.90","8.91","8.85","2.02M","-0.22%"
"10/14/2012","8.89","8.86","8.93","8.86","1.78M","0.23%"
"10/11/2012","8.87","8.88","8.90","8.86","2.60M","-0.22%"
"10/10/2012","8.89","8.89","8.91","8.87","1.19M","0.00%"
"10/09/2012","8.89","8.87","8.92","8.86","1.59M","0.00%"
"10/08/2012","8.89","8.91","8.93","8.85","1.48M","-0.11%"
"10/07/2012","8.90","8.91","8.93","8.86","1.46M","-0.11%"
"10/04/2012","8.91","8.91","8.94","8.85","1.71M","0.22%"
"10/03/2012","8.89","8.91","8.94","8.83","1.88M","-0.11%"
"10/02/2012","8.90","8.91","8.94","8.83","1.94M","0.68%"
"10/01/2012","8.84","8.81","8.88","8.78","2.45M","0.91%"
"09/30/2012","8.76","8.75","8.82","8.68","1.66M","0.34%"
"09/27/2012","8.73","8.75","8.75","8.68","1.79M","0.00%"
"09/26/2012","8.73","8.72","8.78","8.68","1.31M","-0.23%"
"09/25/2012","8.75","8.75","8.77","8.70","1.18M","0.00%"
"09/24/2012","8.75","8.73","8.78","8.68","2.73M","0.00%"
"09/23/2012","8.75","8.72","8.80","8.68","1.88M","-0.23%"
"09/20/2012","8.77","8.81","8.82","8.68","1.98M","-0.45%"
"09/19/2012","8.81","8.82","8.85","8.77","1.64M","-0.23%"
"09/18/2012","8.83","8.86","8.95","8.78","2.31M","-1.01%"
"09/17/2012","8.92","8.90","8.95","8.86","1.54M","0.11%"
"09/16/2012","8.91","8.77","8.96","8.77","2.48M","1.48%"
"09/13/2012","8.78","8.65","8.85","8.65","2.82M","1.04%"
"09/12/2012","8.69","8.65","8.73","8.65","1.32M","0.00%"
"09/11/2012","8.69","8.63","8.73","8.63","2.06M","0.46%"
"09/10/2012","8.65","8.61","8.70","8.58","2.83M","0.00%"
"09/09/2012","8.65","8.64","8.68","8.62","1.18M","0.00%"
"09/06/2012","8.65","8.66","8.70","8.60","1.44M","0.00%"
"09/05/2012","8.65","8.67","8.69","8.60","1.17M","0.00%"
"09/04/2012","8.65","8.70","8.71","8.61","1.39M","-0.23%"
"09/03/2012","8.67","8.72","8.73","8.63","1.59M","0.23%"
"09/02/2012","8.65","8.58","8.69","8.57","1.15M","0.12%"
"08/30/2012","8.64","8.62","8.69","8.61","1.09M","-0.35%"
"08/29/2012","8.67","8.68","8.77","8.61","1.16M","0.23%"
"08/28/2012","8.65","8.62","8.73","8.57","1.80M","0.23%"
"08/27/2012","8.63","8.64","8.65","8.57","1.85M","-0.46%"
"08/26/2012","8.67","8.66","8.73","8.61","1.69M","0.35%"
"08/23/2012","8.64","8.65","8.67","8.57","1.14M","0.47%"
"08/22/2012","8.60","8.55","8.73","8.42","1.91M","1.42%"
"08/16/2012","8.48","8.41","8.61","8.36","3.06M","2.05%"
"08/15/2012","8.31","8.31","8.38","8.27","1.62M","0.24%"
"08/14/2012","8.29","8.28","8.32","8.27","1.73M","0.12%"
"08/13/2012","8.28","8.25","8.32","8.25","1.77M","0.00%"
"08/12/2012","8.28","8.32","8.32","8.25","1.63M","0.24%"
"08/09/2012","8.26","8.30","8.33","8.23","2.88M","-0.24%"
"08/08/2012","8.28","8.34","8.35","8.19","1.28M","-0.48%"
"08/07/2012","8.32","8.31","8.36","8.26","1.41M","-0.12%"
"08/06/2012","8.33","8.35","8.36","8.27","962.56K","-0.48%"
"08/05/2012","8.37","8.45","8.45","8.29","1.30M","-1.06%"
"08/02/2012","8.46","8.46","8.58","8.41","1.84M","-1.40%"
"08/01/2012","8.58","8.62","8.66","8.52","3.48M","0.47%"
"07/31/2012","8.54","8.53","8.57","8.50","1.13M","0.35%"
"07/30/2012","8.51","8.45","8.54","8.45","1.53M","0.12%"
"07/29/2012","8.50","8.42","8.56","8.35","1.99M","1.43%"
"07/26/2012","8.38","8.33","8.45","8.33","2.06M","0.60%"
"07/24/2012","8.33","8.35","8.35","8.29","1.03M","-0.12%"
"07/23/2012","8.34","8.35","8.36","8.30","1.35M","0.00%"
"07/22/2012","8.34","8.31","8.36","8.30","1.13M","0.36%"
"07/19/2012","8.31","8.30","8.34","8.27","1.51M","0.12%"
"07/18/2012","8.30","8.24","8.34","8.24","1.14M","0.24%"
"07/17/2012","8.28","8.29","8.33","8.25","1.10M","-0.12%"
"07/16/2012","8.29","8.35","8.36","8.24","1.83M","-0.48%"
"07/15/2012","8.33","8.35","8.38","8.27","1.20M","-0.60%"
"07/12/2012","8.38","8.36","8.44","8.30","1.50M","-0.24%"
"07/11/2012","8.40","8.45","8.45","8.36","1.12M","-0.36%"
"07/10/2012","8.43","8.45","8.46","8.39","1.19M","-0.24%"
"07/09/2012","8.45","8.47","8.48","8.38","1.59M","0.12%"
"07/08/2012","8.44","8.45","8.47","8.37","1.36M","0.12%"
"07/05/2012","8.43","8.41","8.49","8.36","1.51M","0.36%"
"07/04/2012","8.40","8.35","8.45","8.35","1.49M","0.48%"
"07/03/2012","8.36","8.36","8.40","8.31","1.25M","0.00%"
"07/02/2012","8.36","8.43","8.44","8.32","1.03M","-0.59%"
"07/01/2012","8.41","8.41","8.50","8.33","1.26M","0.72%"
"06/28/2012","8.35","8.53","8.53","8.22","1.69M","-3.36%"
"06/27/2012","8.64","8.78","8.81","8.48","1.82M","-1.82%"
"06/26/2012","8.80","8.84","8.85","8.75","1.65M","-0.11%"
"06/25/2012","8.81","8.73","8.89","8.73","1.84M","0.11%"
"06/24/2012","8.80","8.71","8.90","8.71","1.81M","-1.46%"
"06/21/2012","8.93","8.86","9.14","8.75","4.93M","2.41%"
"06/20/2012","8.72","8.55","8.86","8.55","3.55M","1.63%"
"06/19/2012","8.58","8.47","8.63","8.47","2.60M","1.54%"
"06/18/2012","8.45","8.40","8.50","8.35","2.10M","0.60%"
"06/14/2012","8.40","8.35","8.45","8.32","2.61M","0.60%"
"06/13/2012","8.35","8.27","8.41","8.25","2.17M","1.09%"
"06/12/2012","8.26","8.30","8.31","8.19","1.90M","-0.12%"
"06/11/2012","8.27","8.33","8.33","8.23","1.37M","0.24%"
"06/10/2012","8.25","8.02","8.77","8.02","3.03M","2.87%"
"06/07/2012","8.02","8.00","8.05","7.96","1.90M","0.38%"
"06/06/2012","7.99","7.96","8.02","7.95","1.76M","0.25%"
"06/05/2012","7.97","7.99","8.02","7.94","1.62M","0.00%"
"06/04/2012","7.97","7.98","8.01","7.93","1.64M","-0.13%"
"05/31/2012","7.98","8.00","8.02","7.95","1.27M","-0.25%"
"05/30/2012","8.00","7.99","8.03","7.91","2.68M","-0.12%"
"05/29/2012","8.01","8.01","8.03","7.98","1.69M","0.25%"
"05/28/2012","7.99","8.02","8.03","7.96","1.46M","-0.25%"
"05/27/2012","8.01","8.04","8.04","7.97","1.56M","-0.12%"
"05/24/2012","8.02","8.00","8.05","7.97","1.82M","0.12%"
"05/23/2012","8.01","8.02","8.04","7.96","1.46M","0.13%"
"05/22/2012","8.00","7.98","8.04","7.96","1.78M","0.00%"
"05/21/2012","8.00","7.99","8.05","7.95","1.78M","0.25%"
"05/20/2012","7.98","8.00","8.03","7.95","1.89M","0.00%"
"05/17/2012","7.98","8.00","8.00","7.94","1.84M","0.25%"
"05/16/2012","7.96","7.99","8.00","7.94","1.84M","0.00%"
"05/15/2012","7.96","7.93","8.00","7.93","1.79M","0.00%"
"05/14/2012","7.96","7.93","8.00","7.91","2.77M","0.51%"
"05/13/2012","7.92","7.84","7.95","7.84","2.32M","0.51%"
"05/10/2012","7.88","7.82","7.93","7.82","2.48M","0.51%"
"05/09/2012","7.84","7.84","7.86","7.78","1.58M","-0.13%"
"05/08/2012","7.85","7.85","7.89","7.79","2.23M","0.13%"
"05/07/2012","7.84","7.82","7.88","7.82","2.26M","0.00%"
"05/06/2012","7.84","7.85","7.88","7.78","1.92M","-0.25%"
"05/03/2012","7.86","7.90","7.91","7.82","2.10M","0.13%"
"05/02/2012","7.85","7.88","7.91","7.84","1.35M","-0.51%"
"05/01/2012","7.89","7.87","7.95","7.82","1.29M","0.00%"
"04/30/2012","7.89","7.87","7.95","7.84","994.53K","-0.75%"
"04/29/2012","7.95","7.98","7.99","7.86","1.56M","0.00%"
"04/26/2012","7.95","7.95","8.00","7.86","1.49M","0.00%"
"04/25/2012","7.95","7.92","7.99","7.86","1.84M","0.38%"
"04/24/2012","7.92","7.85","7.96","7.84","2.91M","0.89%"
"04/23/2012","7.85","7.85","7.87","7.82","1.29M","-0.25%"
"04/22/2012","7.87","7.91","7.95","7.81","1.47M","0.00%"
"04/19/2012","7.87","7.93","7.94","7.82","1.84M","-0.63%"
"04/18/2012","7.92","7.96","8.00","7.85","1.34M","0.38%"
"04/17/2012","7.89","7.88","7.95","7.78","2.35M","1.28%"
"04/16/2012","7.79","7.81","7.88","7.73","2.58M","0.00%"
"04/15/2012","7.79","7.82","7.85","7.74","1.64M","-0.38%"
"04/12/2012","7.82","7.84","7.86","7.77","1.48M","-0.38%"
"04/11/2012","7.85","7.90","7.90","7.77","1.73M","-0.38%"
"04/10/2012","7.88","7.95","7.95","7.84","2.17M","-1.01%"
"04/09/2012","7.96","7.99","8.00","7.91","1.68M","-0.38%"
"04/08/2012","7.99","8.01","8.05","7.91","1.87M","-0.50%"
"04/05/2012","8.03","8.01","8.08","7.94","1.61M","-0.12%"
"04/04/2012","8.04","8.05","8.08","8.00","1.30M","-0.12%"
"04/03/2012","8.05","8.07","8.11","8.00","1.44M","0.00%"
"04/02/2012","8.05","8.01","8.09","8.01","1.13M","-0.62%"
"04/01/2012","8.10","8.09","8.16","8.05","1.82M","0.25%"
"03/29/2012","8.08","8.15","8.18","7.92","1.97M","-2.30%"
"03/28/2012","8.27","8.36","8.36","8.18","2.25M","-1.08%"
"03/27/2012","8.36","8.40","8.40","8.32","1.74M","-0.48%"
"03/26/2012","8.40","8.40","8.45","8.35","2.11M","-0.36%"
"03/25/2012","8.43","8.45","8.47","8.36","1.92M","0.00%"
"03/22/2012","8.43","8.41","8.46","8.39","1.30M","-0.24%"
"03/21/2012","8.45","8.49","8.50","8.38","1.92M","0.00%"
"03/20/2012","8.45","8.41","8.50","8.40","1.47M","-0.35%"
"03/19/2012","8.48","8.41","8.55","8.41","1.75M","0.36%"
"03/18/2012","8.45","8.46","8.50","8.40","2.01M","0.00%"
"03/15/2012","8.45","8.47","8.50","8.39","1.73M","0.12%"
"03/14/2012","8.44","8.47","8.47","8.41","1.66M","-0.12%"
"03/13/2012","8.45","8.45","8.49","8.41","1.49M","0.00%"
"03/12/2012","8.45","8.43","8.55","8.41","1.47M","0.36%"
"03/11/2012","8.42","8.50","8.50","8.38","1.34M","-0.12%"
"03/08/2012","8.43","8.45","8.48","8.34","1.37M","0.12%"
"03/07/2012","8.42","8.47","8.47","8.34","1.68M","-0.36%"
"03/06/2012","8.45","8.46","8.50","8.41","841.17K","-0.24%"
"03/05/2012","8.47","8.45","8.58","8.41","1.18M","-0.24%"
"03/04/2012","8.49","8.58","8.58","8.45","2.94M","-0.93%"
"03/01/2012","8.57","8.64","8.64","8.50","1.82M","-0.58%"
"02/29/2012","8.62","8.66","8.66","8.58","1.65M","-0.35%"
"02/28/2012","8.65","8.66","8.68","8.61","1.61M","0.00%"
"02/27/2012","8.65","8.68","8.70","8.59","1.14M","-0.23%"
"02/26/2012","8.67","8.67","8.72","8.60","1.63M","-0.23%"
"02/23/2012","8.69","8.64","8.73","8.64","3.37M","0.00%"
"02/22/2012","8.69","8.64","8.73","8.64","3.23M","0.46%"
"02/21/2012","8.65","8.51","8.73","8.51","3.68M","2.13%"
"02/19/2012","8.47","8.42","8.55","8.42","1.11M","0.12%"
"02/16/2012","8.46","8.45","8.55","8.41","1.41M","-0.47%"
"02/15/2012","8.50","8.55","8.59","8.44","853.40K","-0.23%"
"02/14/2012","8.52","8.44","8.63","8.38","2.02M","1.43%"
"02/13/2012","8.40","8.35","8.45","8.28","1.35M","-0.12%"
"02/12/2012","8.41","8.53","8.55","8.33","1.28M","-2.10%"
"02/09/2012","8.59","8.59","8.64","8.54","1.05M","0.00%"
"02/08/2012","8.59","8.64","8.65","8.53","1.50M","-0.35%"
"02/07/2012","8.62","8.66","8.68","8.58","2.37M","-0.23%"
"02/06/2012","8.64","8.61","8.67","8.61","1.32M","0.12%"
"02/05/2012","8.63","8.65","8.65","8.56","1.08M","-0.12%"
"02/02/2012","8.64","8.66","8.68","8.58","956.42K","0.12%"
"02/01/2012","8.63","8.68","8.68","8.57","1.00M","-0.12%"
"01/31/2012","8.64","8.64","8.68","8.59","1.17M","0.12%"
"01/30/2012","8.63","8.59","8.68","8.56","1.06M","-0.58%"
"01/29/2012","8.68","8.50","8.95","8.50","1.53M","3.83%"
"01/26/2012","8.36","8.29","8.50","8.27","1.71M","1.09%"
"01/25/2012","8.27","8.28","8.29","8.25","1.14M","0.24%"
"01/24/2012","8.25","8.24","8.29","8.20","1.17M","0.24%"
"01/23/2012","8.23","8.16","8.28","8.15","948.05K","0.37%"
"01/22/2012","8.20","8.18","8.24","8.15","1.40M","0.49%"
"01/19/2012","8.16","8.15","8.19","8.10","798.74K","0.12%"
"01/18/2012","8.15","8.08","8.21","8.06","1.40M","3.69%"
"01/17/2012","7.86","8.18","8.21","7.73","6.46M","-4.26%"
"01/16/2012","8.21","8.25","8.27","8.16","1.65M","-0.48%"
"01/15/2012","8.25","8.27","8.29","8.19","1.48M","-0.24%"
"01/12/2012","8.27","8.28","8.30","8.24","1.39M","-0.12%"
"01/11/2012","8.28","8.30","8.33","8.24","1.45M","0.36%"
"01/10/2012","8.25","8.24","8.30","8.18","1.40M","0.49%"
"01/09/2012","8.21","8.27","8.32","8.16","1.87M","-1.32%"
"01/08/2012","8.32","8.30","8.44","8.23","1.38M","-0.72%"
"01/05/2012","8.38","8.35","8.45","8.31","1.33M","-0.83%"
"01/04/2012","8.45","8.43","8.54","8.35","1.87M","0.24%"
"01/03/2012","8.43","8.27","8.53","8.27","1.48M","1.69%"
"01/02/2012","8.29","8.24","8.35","8.24","732.72K","-0.12%"
"12/29/2011","8.30","8.27","8.36","8.21","2.26M","0.61%"
"12/28/2011","8.25","8.26","8.28","8.20","1.13M","0.00%"
"12/27/2011","8.25","8.27","8.29","8.20","1.33M","-0.24%"
"12/26/2011","8.27","8.20","8.32","8.18","998.03K","0.24%"
"12/25/2011","8.25","8.23","8.35","8.18","1.58M","0.49%"
"12/22/2011","8.21","8.05","8.31","8.05","1.57M","1.36%"
"12/21/2011","8.10","8.15","8.23","8.00","1.23M","-2.17%"
"12/20/2011","8.28","8.36","8.36","8.15","1.69M","-2.13%"
"12/19/2011","8.46","8.48","8.53","8.36","1.29M","-0.94%"
"12/18/2011","8.54","8.55","8.59","8.48","1.10M","-0.81%"
"12/15/2011","8.61","8.62","8.64","8.55","1.09M","-0.46%"
"12/14/2011","8.65","8.65","8.68","8.59","1.28M","-0.46%"
"12/13/2011","8.69","8.68","8.74","8.64","2.99M","0.00%"
"12/12/2011","8.69","8.66","8.75","8.64","1.85M","-0.34%"
"12/11/2011","8.72","8.72","8.77","8.65","1.11M","0.23%"
"12/08/2011","8.70","8.73","8.73","8.65","609.66K","-0.57%"
"12/07/2011","8.75","8.80","8.84","8.67","1.41M","-0.68%"
"12/06/2011","8.81","8.75","8.86","8.75","950.74K","-0.45%"
"12/05/2011","8.85","8.86","8.93","8.82","1.66M","-0.78%"
"12/04/2011","8.92","8.95","8.96","8.86","545.66K","-0.11%"
"11/30/2011","8.93","8.95","8.96","8.90","707.18K","0.11%"
"11/29/2011","8.92","8.88","8.97","8.85","1.42M","-0.11%"
"11/28/2011","8.93","8.96","8.96","8.88","980.84K","-0.11%"
"11/27/2011","8.94","8.85","9.05","8.85","1.26M","0.79%"
"11/24/2011","8.87","8.87","8.90","8.85","1.47M","0.00%"
"11/23/2011","8.87","8.91","8.91","8.85","1.22M","-0.67%"
"11/22/2011","8.93","8.95","8.98","8.87","1.24M","-0.33%"
"11/21/2011","8.96","8.99","9.00","8.88","891.42K","-0.55%"
"11/20/2011","9.01","9.05","9.09","8.84","2.40M","-0.77%"
"11/17/2011","9.08","9.06","9.09","9.05","884.94K","0.00%"
"11/16/2011","9.08","9.09","9.09","9.06","991.40K","-0.11%"
"11/15/2011","9.09","9.08","9.09","9.07","1.49M","0.11%"
"11/14/2011","9.08","9.09","9.09","9.05","788.12K","0.11%"
"11/13/2011","9.07","9.07","9.09","9.05","953.58K","-0.11%"
"11/10/2011","9.08","9.05","9.09","9.05","1.12M","0.00%"
"11/09/2011","9.08","9.09","9.09","9.05","798.13K","0.11%"
"11/03/2011","9.07","9.09","9.09","9.05","1.34M","-0.11%"
"11/02/2011","9.08","9.09","9.09","9.05","1.28M","0.00%"
"11/01/2011","9.08","9.14","9.14","9.06","2.18M","-0.11%"
"10/31/2011","9.09","9.09","9.09","9.07","1.85M","0.00%"
"10/30/2011","9.09","9.09","9.14","9.05","4.47M","0.22%"
"10/27/2011","9.07","9.06","9.09","9.05","1.03M","0.00%"
"10/26/2011","9.07","9.09","9.14","9.05","1.01M","-0.22%"
"10/25/2011","9.09","9.09","9.18","9.05","1.46M","0.11%"
"10/24/2011","9.08","9.09","9.18","9.05","1.06M","0.11%"
"10/23/2011","9.07","9.09","9.14","9.05","1.15M","-0.11%"
"10/20/2011","9.08","9.09","9.14","9.05","1.33M","0.11%"
"10/19/2011","9.07","9.14","9.14","9.05","1.77M","-0.11%"
"10/18/2011","9.08","9.09","9.14","9.06","2.06M","-0.11%"
"10/17/2011","9.09","9.23","9.23","9.05","3.66M","-1.52%"
"10/16/2011","9.23","9.23","9.27","9.18","1.62M","-0.43%"
"10/13/2011","9.27","9.27","9.32","9.23","1.12M","0.00%"
"10/12/2011","9.27","9.23","9.32","9.23","671.95K","0.00%"
"10/11/2011","9.27","9.32","9.36","9.23","1.17M","-0.54%"
"10/10/2011","9.32","9.36","9.36","9.27","1.08M","0.00%"
"10/09/2011","9.32","9.36","9.36","9.27","1.46M","0.00%"
"10/06/2011","9.32","9.41","9.41","9.32","1.81M","-0.43%"
"10/05/2011","9.36","9.36","9.41","9.32","1.27M","0.00%"
"10/04/2011","9.36","9.45","9.45","9.32","1.52M","-0.53%"
"10/03/2011","9.41","9.45","9.45","9.36","1.00M","0.00%"
"10/02/2011","9.41","9.41","9.45","9.36","1.29M","0.00%"
"09/29/2011","9.41","9.45","9.45","9.36","1.60M","0.00%"
"09/28/2011","9.41","9.41","9.45","9.36","1.04M","0.00%"
"09/27/2011","9.41","9.41","9.45","9.36","1.14M","0.00%"
"09/26/2011","9.41","9.41","9.45","9.32","1.21M","0.00%"
"09/25/2011","9.41","9.36","9.41","9.36","1.07M","0.00%"
"09/22/2011","9.41","9.36","9.45","9.36","1.76M","0.00%"
"09/21/2011","9.41","9.36","9.45","9.36","1.13M","0.00%"
"09/20/2011","9.41","9.45","9.45","9.36","1.01M","0.00%"
"09/19/2011","9.41","9.45","9.45","9.36","1.32M","0.00%"
"09/18/2011","9.41","9.32","9.45","9.32","2.00M","0.53%"
"09/15/2011","9.36","9.32","9.41","9.32","1.84M","0.00%"
"09/14/2011","9.36","9.32","9.41","9.27","1.34M","0.00%"
"09/13/2011","9.36","9.36","9.41","9.27","1.83M","0.00%"
"09/12/2011","9.36","9.36","9.41","9.32","1.26M","0.00%"
"09/11/2011","9.36","9.32","9.41","9.27","1.03M","0.00%"
"09/08/2011","9.36","9.36","9.41","9.27","931.68K","0.43%"
"09/07/2011","9.32","9.32","9.36","9.27","1.14M","0.00%"
"09/06/2011","9.32","9.32","9.36","9.27","1.27M","0.54%"
"09/05/2011","9.27","9.32","9.32","9.27","1.10M","-0.54%"
"09/04/2011","9.32","9.41","9.41","9.27","1.06M","-0.43%"
"08/29/2011","9.36","9.41","9.41","9.32","843.45K","0.43%"
"08/28/2011","9.32","9.32","9.41","9.27","1.45M","0.54%"
"08/25/2011","9.27","9.32","9.32","9.23","1.88M","0.00%"
"08/24/2011","9.27","9.27","9.32","9.23","1.90M","0.43%"
"08/23/2011","9.23","9.27","9.27","9.23","2.06M","-0.43%"
"08/22/2011","9.27","9.23","9.32","9.23","1.25M","0.43%"
"08/21/2011","9.23","9.27","9.32","9.23","1.92M","-0.43%"
"08/18/2011","9.27","9.32","9.32","9.23","2.53M","0.00%"
"08/17/2011","9.27","9.27","9.32","9.23","1.86M","0.00%"
"08/16/2011","9.27","9.27","9.32","9.23","2.08M","0.00%"
"08/15/2011","9.27","9.23","9.32","9.23","2.08M","-0.54%"
"08/14/2011","9.32","9.32","9.41","9.27","1.86M","-0.43%"
"08/11/2011","9.36","9.41","9.41","9.27","2.03M","-0.53%"
"08/10/2011","9.41","9.41","9.45","9.36","1.93M","0.00%"
"08/09/2011","9.41","9.50","9.50","9.32","2.11M","-0.42%"
"08/08/2011","9.45","9.41","9.50","9.41","4.83M","0.43%"
"08/07/2011","9.41","9.41","9.45","9.32","12.74M","-1.47%"
"08/04/2011","9.55","9.50","9.59","9.45","12.30M","1.06%"
"08/03/2011","9.45","9.36","9.50","9.36","1.28M","0.96%"
"08/02/2011","9.36","9.32","9.41","9.32","1.48M","0.43%"
"08/01/2011","9.32","9.32","9.36","9.27","855.13K","0.00%"
"07/31/2011","9.32","9.32","9.36","9.23","1.75M","-0.43%"
"07/28/2011","9.36","9.41","9.45","9.32","1.57M","0.00%"
"07/27/2011","9.36","9.45","9.55","9.32","3.32M","-3.31%"
"07/26/2011","9.68","9.68","9.73","9.55","2.03M","-0.51%"
"07/25/2011","9.73","9.77","9.77","9.64","1.67M","-0.41%"
"07/24/2011","9.77","9.77","9.86","9.73","1.33M","0.00%"
"07/21/2011","9.77","9.82","9.82","9.73","689.14K","-0.51%"
"07/20/2011","9.82","9.86","9.86","9.77","1.54M","-0.41%"
"07/19/2011","9.86","9.91","9.91","9.82","1.09M","-0.50%"
"07/18/2011","9.91","9.91","10.00","9.86","1.38M","-1.39%"
"07/17/2011","10.05","10.05","10.09","9.91","805.18K","1.01%"
"07/14/2011","9.95","9.91","10.05","9.86","1.53M","0.40%"
"07/13/2011","9.91","9.91","9.95","9.86","1.34M","0.00%"
"07/12/2011","9.91","9.86","9.95","9.86","1.33M","0.51%"
"07/11/2011","9.86","9.86","9.91","9.82","653.24K","0.00%"
"07/10/2011","9.86","9.95","9.95","9.82","1.49M","-0.50%"
"07/07/2011","9.91","9.91","10.00","9.86","1.01M","-0.40%"
"07/06/2011","9.95","9.95","10.05","9.91","1.17M","-0.50%"
"07/05/2011","10.00","9.95","10.05","9.91","1.09M","0.91%"
"07/04/2011","9.91","9.95","10.00","9.86","596.96K","-0.40%"
"07/03/2011","9.95","10.00","10.14","9.86","1.15M","-1.39%"
"06/29/2011","10.09","10.18","10.18","10.00","1.12M","-0.88%"
"06/28/2011","10.18","10.14","10.18","10.09","2.40M","0.39%"
"06/27/2011","10.14","10.14","10.18","10.05","2.08M","0.00%"
"06/26/2011","10.14","10.14","10.18","10.09","2.52M","0.50%"
"06/23/2011","10.09","10.05","10.18","10.05","3.76M","0.40%"
"06/22/2011","10.05","10.00","10.09","9.95","2.53M","0.50%"
"06/21/2011","10.00","10.05","10.05","9.95","1.40M","-0.89%"
"06/20/2011","10.09","10.09","10.14","10.00","3.91M","0.00%"
"06/19/2011","10.09","10.00","10.14","10.00","2.14M","1.41%"
"06/16/2011","9.95","9.91","10.00","9.91","2.86M","0.40%"
"06/15/2011","9.91","9.86","9.91","9.86","1.97M","0.51%"
"06/14/2011","9.86","9.86","9.91","9.86","2.45M","0.41%"
"06/13/2011","9.82","9.82","9.86","9.77","1.43M","0.51%"
"06/12/2011","9.77","9.73","9.82","9.73","1.34M","0.41%"
"06/09/2011","9.73","9.73","9.77","9.73","2.00M","0.93%"
"06/08/2011","9.64","9.59","9.73","9.59","1.91M","0.52%"
"06/07/2011","9.59","9.55","9.64","9.50","2.24M","0.95%"
"06/06/2011","9.50","9.41","9.55","9.41","1.47M","0.96%"
"06/05/2011","9.41","9.45","9.50","9.36","2.17M","0.00%"
"06/02/2011","9.41","9.41","9.45","9.41","1.65M","0.00%"
"06/01/2011","9.41","9.36","9.45","9.36","1.28M","0.53%"
"05/31/2011","9.36","9.32","9.41","9.32","1.69M","0.43%"
"05/30/2011","9.32","9.32","9.36","9.27","1.76M","0.00%"
"05/29/2011","9.32","9.27","9.36","9.27","1.11M","0.00%"
"05/26/2011","9.32","9.32","9.36","9.27","1.22M","0.00%"
"05/25/2011","9.32","9.36","9.36","9.27","1.32M","0.00%"
"05/24/2011","9.32","9.27","9.36","9.27","1.30M","-0.43%"
"05/23/2011","9.36","9.36","9.36","9.27","1.83M","0.00%"
"05/22/2011","9.36","9.32","9.41","9.32","949.07K","0.00%"
"05/19/2011","9.36","9.36","9.41","9.36","1.12M","0.00%"
"05/18/2011","9.36","9.32","9.41","9.32","1.07M","0.43%"
"05/17/2011","9.32","9.36","9.36","9.27","604.62K","0.00%"
"05/16/2011","9.32","9.36","9.36","9.32","795.55K","0.00%"
"05/15/2011","9.32","9.32","9.36","9.27","681.59K","-0.43%"
"05/12/2011","9.36","9.36","9.36","9.27","1.29M","0.00%"
"05/11/2011","9.36","9.32","9.41","9.32","1.35M","0.00%"
"05/10/2011","9.36","9.36","9.41","9.32","1.58M","-0.53%"
"05/09/2011","9.41","9.41","9.41","9.36","1.26M","0.00%"
"05/08/2011","9.41","9.45","9.45","9.36","1.19M","0.00%"
"05/05/2011","9.41","9.36","9.45","9.36","1.56M","0.00%"
"05/04/2011","9.41","9.41","9.45","9.36","1.03M","0.00%"
"05/03/2011","9.41","9.36","9.45","9.36","1.01M","0.00%"
"05/02/2011","9.41","9.36","9.45","9.36","663.95K","0.00%"
"05/01/2011","9.41","9.41","9.50","9.32","2.32M","0.00%"
"04/28/2011","9.41","9.45","9.50","9.36","2.08M","-0.42%"
"04/27/2011","9.45","9.45","9.50","9.41","1.68M","0.00%"
"04/26/2011","9.45","9.41","9.50","9.36","1.95M","0.43%"
"04/25/2011","9.41","9.41","9.45","9.36","929.85K","0.00%"
"04/24/2011","9.41","9.41","9.45","9.36","1.50M","0.00%"
"04/21/2011","9.41","9.41","9.45","9.36","1.69M","-0.42%"
"04/20/2011","9.45","9.45","9.50","9.41","724.02K","0.00%"
"04/19/2011","9.45","9.50","9.55","9.41","918.80K","-0.53%"
"04/18/2011","9.50","9.45","9.55","9.45","2.06M","0.53%"
"04/17/2011","9.45","9.41","9.50","9.41","1.26M","0.00%"
"04/14/2011","9.45","9.36","9.50","9.36","1.79M","0.43%"
"04/13/2011","9.41","9.41","9.45","9.32","837.81K","0.53%"
"04/12/2011","9.36","9.32","9.41","9.32","1.09M","0.43%"
"04/11/2011","9.32","9.32","9.36","9.27","1.82M","0.54%"
"04/10/2011","9.27","9.27","9.32","9.23","1.20M","0.00%"
"04/07/2011","9.27","9.32","9.36","9.18","2.62M","-0.54%"
"04/06/2011","9.32","9.32","9.36","9.27","1.55M","0.00%"
"04/05/2011","9.32","9.36","9.36","9.27","1.86M","-0.43%"
"04/04/2011","9.36","9.41","9.45","9.32","1.94M","-0.95%"
"04/03/2011","9.45","9.32","9.55","9.32","649.85K","-1.05%"
"03/31/2011","9.55","9.64","9.64","9.41","1.09M","-3.63%"
"03/30/2011","9.91","9.91","10.00","9.86","2.74M","-0.40%"
"03/29/2011","9.95","10.00","10.05","9.91","2.58M","-0.50%"
"03/28/2011","10.00","9.95","10.05","9.95","1.91M","-0.50%"
"03/27/2011","10.05","10.00","10.09","9.95","1.95M","0.50%"
"03/24/2011","10.00","9.95","10.05","9.95","1.55M","0.00%"
"03/23/2011","10.00","10.00","10.05","9.91","1.28M","0.00%"
"03/22/2011","10.00","10.00","10.05","9.95","1.61M","0.00%"
"03/21/2011","10.00","9.91","10.05","9.91","1.65M","0.00%"
"03/20/2011","10.00","9.95","10.09","9.91","1.45M","0.50%"
"03/17/2011","9.95","10.00","10.00","9.86","1.82M","-0.50%"
"03/16/2011","10.00","10.00","10.09","9.91","2.09M","-0.50%"
"03/15/2011","10.05","10.18","10.23","9.91","1.94M","-1.76%"
"03/14/2011","10.23","10.27","10.32","10.14","942.88K","-1.25%"
"03/13/2011","10.36","10.36","10.41","10.27","3.58M","0.88%"
"03/10/2011","10.27","10.14","10.41","10.14","6.90M","1.28%"
"03/09/2011","10.14","10.09","10.18","10.09","1.68M","1.40%"
"03/08/2011","10.00","9.95","10.09","9.91","1.80M","0.91%"
"03/07/2011","9.91","9.86","9.95","9.82","1.29M","0.92%"
"03/06/2011","9.82","9.82","9.91","9.77","3.17M","0.51%"
"03/03/2011","9.77","9.82","9.86","9.73","2.38M","-0.51%"
"03/02/2011","9.82","9.91","9.91","9.77","3.16M","-0.41%"
"03/01/2011","9.86","9.91","9.95","9.86","3.08M","-0.50%"
"02/28/2011","9.91","9.91","10.05","9.86","2.37M","0.00%"
"02/27/2011","9.91","9.86","9.95","9.86","800.84K","0.00%"
"02/24/2011","9.91","9.86","10.00","9.86","1.65M","0.51%"
"02/23/2011","9.86","9.82","9.95","9.77","1.12M","0.41%"
"02/22/2011","9.82","9.82","9.86","9.82","412.88K","-0.41%"
"02/21/2011","9.86","9.86","9.95","9.77","1.25M","-0.50%"
"02/20/2011","9.91","9.91","10.18","9.77","1.47M","-0.90%"
"02/16/2011","10.00","10.18","10.18","9.91","1.01M","-1.77%"
"02/15/2011","10.18","10.09","10.23","10.09","1.93M","0.89%"
"02/14/2011","10.09","10.14","10.18","10.00","694.27K","-0.88%"
"02/13/2011","10.18","10.05","10.27","10.05","1.69M","0.89%"
"02/10/2011","10.09","10.05","10.23","10.00","1.97M","0.90%"
"02/09/2011","10.00","9.95","10.05","9.91","813.72K","0.50%"
"02/08/2011","9.95","9.82","10.05","9.82","2.74M","1.32%"
"02/07/2011","9.82","9.77","9.86","9.73","1.42M","0.92%"
"02/06/2011","9.73","9.59","9.91","9.59","2.48M","1.88%"
"02/03/2011","9.55","9.55","9.59","9.50","3.94M","0.53%"
"02/02/2011","9.50","9.55","9.59","9.45","963.97K","-0.52%"
"02/01/2011","9.55","9.36","9.59","9.36","1.26M","1.06%"
"01/31/2011","9.45","9.32","9.55","9.32","3.12M","2.38%"
"01/30/2011","9.23","9.45","9.45","9.08","2.85M","-2.84%"
"01/27/2011","9.50","9.50","9.55","9.45","871.47K","0.00%"
"01/26/2011","9.50","9.55","9.55","9.45","920.81K","-0.52%"
"01/25/2011","9.55","9.64","9.64","9.50","2.30M","-0.42%"
"01/24/2011","9.59","9.68","9.68","9.59","900.32K","-0.93%"
"01/23/2011","9.68","9.77","9.82","9.59","1.58M","-0.51%"
"01/20/2011","9.73","9.68","9.82","9.64","816.81K","0.93%"
"01/19/2011","9.64","9.64","9.68","9.59","355.57K","0.52%"
"01/18/2011","9.59","9.55","9.64","9.55","458.64K","-0.52%"
"01/17/2011","9.64","9.64","9.68","9.59","585.88K","-0.41%"
"01/16/2011","9.68","9.73","9.77","9.59","1.40M","-0.92%"
"01/15/2011","9.77","9.82","9.82","9.68","1.21M","0.00%"
"01/13/2011","9.77","9.82","9.82","9.68","1.21M","0.00%"
"01/12/2011","9.77","9.73","9.82","9.68","1.28M","0.00%"
"01/11/2011","9.77","9.77","9.86","9.68","1.11M","0.00%"
"01/10/2011","9.77","9.77","9.82","9.73","600.88K","0.00%"
"01/09/2011","9.77","9.77","9.82","9.73","342.66K","0.41%"
"01/06/2011","9.73","9.77","9.77","9.73","1.19M","-0.92%"
"01/05/2011","9.82","9.82","9.86","9.77","1.13M","0.00%"
"01/04/2011","9.82","9.82","9.86","9.77","693.92K","-0.41%"
"01/03/2011","9.86","9.91","9.91","9.82","461.18K","0.41%"
"01/02/2011","9.82","9.91","9.91","9.77","791.21K","0.00%"