"Date","Price","Open","High","Low","Vol.","Change %"
"07/28/2026","1,105.00","1,097.00","1,118.30","1,097.00","28.10M","2.39%"
"07/27/2026","1,079.20","1,065.00","1,082.00","1,057.40","15.96M","3.68%"
"07/24/2026","1,040.90","1,028.00","1,043.40","1,013.90","29.04M","-0.62%"
"07/23/2026","1,047.40","1,046.90","1,058.50","1,032.00","13.79M","-0.45%"
"07/22/2026","1,052.10","1,064.00","1,069.30","1,046.20","7.52M","-1.99%"
"07/21/2026","1,073.50","1,080.00","1,094.50","1,067.20","9.49M","-1.25%"
"07/20/2026","1,087.10","1,102.00","1,103.80","1,083.20","6.37M","-0.86%"
"07/17/2026","1,096.50","1,105.00","1,116.80","1,092.00","12.55M","1.30%"
"07/16/2026","1,082.40","1,082.50","1,097.30","1,077.90","8.59M","0.57%"
"07/15/2026","1,076.30","1,079.00","1,088.10","1,073.00","8.50M","-1.52%"
"07/14/2026","1,092.90","1,107.80","1,113.50","1,090.00","14.82M","-0.88%"
"07/13/2026","1,102.60","1,057.10","1,114.90","1,057.10","20.99M","3.24%"
"07/10/2026","1,068.00","1,075.00","1,091.30","1,064.70","9.75M","1.64%"
"07/09/2026","1,050.80","1,062.70","1,062.70","1,040.40","9.00M","-1.73%"
"07/08/2026","1,069.30","1,071.90","1,079.70","1,064.40","13.02M","-0.23%"
"07/07/2026","1,071.80","1,040.60","1,087.50","1,040.60","18.87M","2.84%"
"07/06/2026","1,042.20","1,050.10","1,053.00","1,033.00","5.56M","-0.48%"
"07/03/2026","1,047.20","1,063.00","1,068.70","1,042.00","11.65M","0.61%"
"07/02/2026","1,040.90","1,006.40","1,045.00","1,006.00","18.74M","5.64%"
"07/01/2026","985.30","1,006.00","1,014.00","982.40","13.04M","-1.51%"
"06/30/2026","1,000.40","1,030.00","1,030.40","996.00","24.13M","-3.50%"
"06/29/2026","1,036.70","1,037.10","1,046.60","1,029.10","15.08M","-0.43%"
"06/25/2026","1,041.20","1,065.00","1,068.00","1,039.10","15.87M","-1.46%"
"06/24/2026","1,056.60","1,040.90","1,065.50","1,037.70","12.35M","2.65%"
"06/23/2026","1,029.30","1,053.80","1,055.30","1,026.00","19.32M","-3.39%"
"06/22/2026","1,065.40","1,055.00","1,080.30","1,055.00","10.18M","1.33%"
"06/19/2026","1,051.40","1,062.30","1,066.00","1,030.00","45.67M","-6.75%"
"06/18/2026","1,127.50","1,142.90","1,142.90","1,125.30","16.78M","-2.61%"
"06/17/2026","1,157.70","1,149.00","1,162.50","1,148.00","6.00M","1.23%"
"06/16/2026","1,143.60","1,136.90","1,153.80","1,123.20","10.46M","0.77%"
"06/15/2026","1,134.90","1,130.00","1,151.00","1,123.00","7.86M","1.66%"
"06/12/2026","1,116.40","1,120.00","1,123.30","1,111.50","8.08M","0.16%"
"06/11/2026","1,114.60","1,129.70","1,133.70","1,109.00","9.37M","-2.68%"
"06/10/2026","1,145.30","1,160.10","1,171.40","1,143.30","8.89M","-2.97%"
"06/09/2026","1,180.30","1,193.60","1,193.60","1,167.30","10.98M","-0.61%"
"06/08/2026","1,187.60","1,177.50","1,200.70","1,176.50","8.63M","-0.83%"
"06/05/2026","1,197.50","1,220.00","1,223.80","1,194.30","8.69M","-0.32%"
"06/04/2026","1,201.30","1,208.00","1,215.20","1,196.20","12.76M","-1.74%"
"06/03/2026","1,222.60","1,242.10","1,249.90","1,216.00","18.53M","-3.79%"
"06/02/2026","1,270.80","1,232.50","1,278.90","1,232.50","36.03M","5.68%"
"06/01/2026","1,202.50","1,175.00","1,217.00","1,173.70","19.44M","3.58%"
"05/29/2026","1,160.90","1,182.00","1,210.00","1,153.60","69.09M","0.09%"
"05/27/2026","1,159.90","1,161.00","1,167.30","1,155.00","6.37M","-0.67%"
"05/26/2026","1,167.70","1,166.30","1,180.70","1,162.90","8.01M","-0.07%"
"05/25/2026","1,168.50","1,183.00","1,185.00","1,166.10","5.86M","-0.51%"
"05/22/2026","1,174.50","1,182.50","1,191.80","1,172.50","8.80M","-0.57%"
"05/21/2026","1,181.20","1,196.10","1,201.80","1,177.00","10.02M","-1.05%"
"05/20/2026","1,193.70","1,187.00","1,206.90","1,184.90","15.12M","-0.27%"
"05/19/2026","1,196.90","1,162.00","1,198.40","1,162.00","32.18M","4.76%"
"05/18/2026","1,142.50","1,119.00","1,146.10","1,118.00","12.10M","2.10%"
"05/15/2026","1,119.00","1,102.00","1,133.20","1,101.60","17.48M","2.19%"
"05/14/2026","1,095.00","1,119.80","1,121.90","1,089.00","16.91M","-2.50%"
"05/13/2026","1,123.10","1,136.60","1,142.60","1,121.00","6.66M","-1.51%"
"05/12/2026","1,140.30","1,162.00","1,162.00","1,123.00","16.89M","-3.12%"
"05/11/2026","1,177.00","1,176.00","1,187.00","1,172.10","7.34M","-0.19%"
"05/08/2026","1,179.20","1,161.00","1,183.50","1,158.80","7.58M","1.42%"
"05/07/2026","1,162.70","1,173.00","1,175.40","1,159.20","12.01M","-0.39%"
"05/06/2026","1,167.20","1,187.00","1,191.50","1,164.10","9.86M","-0.93%"
"05/05/2026","1,178.10","1,169.50","1,185.20","1,160.10","8.16M","0.83%"
"05/04/2026","1,168.40","1,195.00","1,195.00","1,165.20","7.74M","-1.13%"
"04/30/2026","1,181.80","1,167.50","1,189.80","1,159.60","12.21M","1.22%"
"04/29/2026","1,167.50","1,158.50","1,178.20","1,156.80","8.30M","1.34%"
"04/28/2026","1,152.10","1,162.70","1,169.40","1,149.80","12.72M","-1.56%"
"04/27/2026","1,170.30","1,154.60","1,179.90","1,154.50","19.58M","1.36%"
"04/24/2026","1,154.60","1,200.00","1,223.90","1,152.20","42.08M","-6.93%"
"04/23/2026","1,240.60","1,254.00","1,265.70","1,226.00","14.79M","-2.21%"
"04/22/2026","1,268.60","1,295.00","1,297.70","1,255.90","20.09M","-3.40%"
"04/21/2026","1,313.20","1,310.00","1,325.00","1,299.30","10.06M","0.05%"
"04/20/2026","1,312.60","1,320.00","1,324.90","1,308.10","7.17M","-0.46%"
"04/17/2026","1,318.70","1,313.00","1,328.30","1,306.10","12.06M","-0.04%"
"04/16/2026","1,319.20","1,322.10","1,331.00","1,309.00","18.53M","1.06%"
"04/15/2026","1,305.30","1,306.30","1,322.50","1,300.50","12.10M","2.23%"
"04/13/2026","1,276.80","1,272.00","1,289.00","1,265.70","10.37M","-1.21%"
"04/10/2026","1,292.50","1,318.00","1,318.90","1,283.30","19.23M","-2.94%"
"04/09/2026","1,331.60","1,329.90","1,337.50","1,314.00","14.89M","-1.08%"
"04/08/2026","1,346.20","1,349.00","1,376.90","1,331.00","16.03M","0.51%"
"04/07/2026","1,339.40","1,302.00","1,345.10","1,293.50","15.36M","2.54%"
"04/06/2026","1,306.20","1,301.40","1,320.00","1,299.00","10.21M","0.42%"
"04/02/2026","1,300.80","1,260.00","1,305.40","1,259.80","12.87M","1.97%"
"04/01/2026","1,275.70","1,290.00","1,303.00","1,269.50","8.14M","2.01%"
"03/30/2026","1,250.60","1,250.00","1,265.50","1,243.00","14.11M","-1.50%"
"03/27/2026","1,269.70","1,285.20","1,294.80","1,263.20","13.09M","-0.73%"
"03/25/2026","1,279.10","1,270.00","1,290.60","1,257.10","10.82M","0.06%"
"03/24/2026","1,278.30","1,269.00","1,297.00","1,251.00","13.61M","1.71%"
"03/23/2026","1,256.80","1,238.20","1,261.10","1,227.40","12.42M","0.07%"
"03/20/2026","1,255.90","1,242.00","1,264.80","1,229.20","27.30M","2.88%"
"03/19/2026","1,220.80","1,244.20","1,255.00","1,215.10","9.16M","-3.65%"
"03/18/2026","1,267.10","1,238.00","1,290.80","1,234.90","12.37M","2.77%"
"03/17/2026","1,232.90","1,245.00","1,245.00","1,215.10","11.22M","-1.35%"
"03/16/2026","1,249.80","1,240.20","1,254.30","1,224.20","12.31M","0.12%"
"03/13/2026","1,248.30","1,251.00","1,269.60","1,242.60","7.37M","-1.38%"
"03/12/2026","1,265.80","1,272.50","1,278.60","1,258.00","7.60M","-0.82%"
"03/11/2026","1,276.30","1,288.00","1,299.50","1,271.30","7.87M","-1.49%"
"03/10/2026","1,295.60","1,320.00","1,321.00","1,284.10","9.60M","-1.48%"
"03/09/2026","1,315.00","1,290.00","1,318.00","1,282.50","10.07M","0.50%"
"03/06/2026","1,308.40","1,303.00","1,327.20","1,303.00","8.72M","0.20%"
"03/05/2026","1,305.80","1,320.00","1,320.00","1,290.10","10.36M","-0.12%"
"03/04/2026","1,307.40","1,292.00","1,317.00","1,292.00","15.15M","1.44%"
"03/02/2026","1,288.90","1,291.00","1,298.80","1,273.00","9.70M","-0.86%"
"02/27/2026","1,300.10","1,326.30","1,335.00","1,294.20","23.14M","0.85%"
"02/26/2026","1,289.10","1,305.50","1,314.00","1,286.30","11.49M","-0.08%"
"02/25/2026","1,290.10","1,286.20","1,323.60","1,286.20","16.67M","1.14%"
"02/24/2026","1,275.50","1,301.00","1,303.60","1,264.10","27.84M","-3.92%"
"02/23/2026","1,327.50","1,352.00","1,352.00","1,318.00","12.89M","-1.90%"
"02/20/2026","1,353.20","1,359.20","1,365.00","1,338.20","12.63M","-1.26%"
"02/19/2026","1,370.50","1,385.00","1,402.00","1,363.20","14.57M","-0.23%"
"02/18/2026","1,373.70","1,390.90","1,401.00","1,345.30","20.24M","-1.26%"
"02/17/2026","1,391.20","1,370.00","1,431.00","1,367.00","25.35M","1.87%"
"02/16/2026","1,365.60","1,373.70","1,376.00","1,338.30","14.62M","-0.26%"
"02/13/2026","1,369.10","1,293.90","1,377.30","1,281.50","45.79M","-1.22%"
"02/12/2026","1,386.00","1,428.90","1,435.70","1,380.50","26.05M","-5.84%"
"02/11/2026","1,471.90","1,501.20","1,505.90","1,469.00","7.93M","-1.73%"
"02/10/2026","1,497.80","1,500.00","1,515.90","1,491.00","8.66M","0.04%"
"02/09/2026","1,497.20","1,522.10","1,528.00","1,493.00","8.29M","-0.66%"
"02/06/2026","1,507.10","1,522.10","1,525.00","1,480.00","13.90M","-0.86%"
"02/05/2026","1,520.20","1,534.00","1,551.00","1,515.70","10.63M","-1.02%"
"02/04/2026","1,535.80","1,574.00","1,584.90","1,510.10","28.83M","-7.26%"
"02/03/2026","1,656.00","1,727.20","1,728.00","1,653.00","8.81M","1.63%"
"02/02/2026","1,629.40","1,662.00","1,662.00","1,618.00","6.78M","-1.52%"
"02/01/2026","1,654.50","1,630.00","1,677.30","1,604.00","6.24M","0.82%"
"01/30/2026","1,641.00","1,655.00","1,655.00","1,618.10","9.21M","-1.11%"
"01/29/2026","1,659.50","1,658.00","1,666.50","1,642.10","4.75M","-0.42%"
"01/28/2026","1,666.50","1,680.00","1,688.80","1,650.00","8.59M","-0.96%"
"01/27/2026","1,682.70","1,685.80","1,689.40","1,661.10","10.67M","0.71%"
"01/23/2026","1,670.80","1,667.20","1,675.70","1,662.20","5.87M","0.44%"
"01/22/2026","1,663.50","1,666.00","1,671.20","1,653.80","6.23M","0.55%"
"01/21/2026","1,654.40","1,651.00","1,657.00","1,631.20","6.22M","-0.27%"
"01/20/2026","1,658.90","1,673.00","1,680.20","1,652.90","6.41M","-1.33%"
"01/19/2026","1,681.20","1,685.00","1,685.00","1,666.50","5.10M","-0.51%"
"01/16/2026","1,689.80","1,663.70","1,694.00","1,653.40","19.34M","5.63%"
"01/14/2026","1,599.80","1,588.00","1,617.00","1,583.10","7.56M","0.05%"
"01/13/2026","1,599.00","1,618.00","1,618.00","1,586.40","8.08M","0.19%"
"01/12/2026","1,595.90","1,610.10","1,613.30","1,592.60","6.99M","-1.13%"
"01/09/2026","1,614.10","1,610.00","1,631.30","1,607.00","6.82M","0.05%"
"01/08/2026","1,613.30","1,638.90","1,644.30","1,608.60","3.94M","-1.57%"
"01/07/2026","1,639.00","1,615.00","1,642.00","1,615.00","4.51M","1.66%"
"01/06/2026","1,612.20","1,600.10","1,619.90","1,599.00","4.47M","0.36%"
"01/05/2026","1,606.40","1,637.00","1,637.00","1,583.10","5.92M","-2.07%"
"01/02/2026","1,640.40","1,635.90","1,643.50","1,627.50","2.52M","0.65%"
"01/01/2026","1,629.80","1,615.40","1,639.60","1,614.10","3.66M","0.89%"
"12/31/2025","1,615.40","1,621.00","1,628.60","1,609.20","6.54M","-0.38%"
"12/30/2025","1,621.60","1,647.00","1,647.90","1,616.80","9.40M","-1.40%"
"12/29/2025","1,644.70","1,658.00","1,673.10","1,637.10","4.06M","-0.69%"
"12/26/2025","1,656.10","1,663.40","1,668.80","1,651.70","2.01M","-0.44%"
"12/24/2025","1,663.40","1,661.00","1,667.60","1,652.50","4.27M","-0.29%"
"12/23/2025","1,668.30","1,679.00","1,679.00","1,656.40","6.59M","-1.26%"
"12/22/2025","1,689.60","1,664.00","1,693.20","1,664.00","23.10M","3.11%"
"12/19/2025","1,638.70","1,650.00","1,654.90","1,629.80","13.15M","0.73%"
"12/18/2025","1,626.80","1,610.50","1,630.00","1,606.70","6.58M","1.55%"
"12/17/2025","1,602.00","1,587.20","1,606.90","1,586.00","4.82M","0.57%"
"12/16/2025","1,592.90","1,600.00","1,603.00","1,585.60","5.50M","-0.87%"
"12/15/2025","1,606.80","1,585.00","1,610.80","1,585.00","4.19M","0.54%"
"12/12/2025","1,598.20","1,601.40","1,601.80","1,582.60","4.63M","0.01%"
"12/11/2025","1,598.00","1,598.00","1,607.40","1,580.50","5.16M","0.83%"
"12/10/2025","1,584.80","1,608.00","1,608.00","1,582.80","5.12M","-0.89%"
"12/09/2025","1,599.00","1,601.20","1,606.90","1,582.40","6.96M","-0.73%"
"12/08/2025","1,610.80","1,617.10","1,630.00","1,600.20","7.55M","-0.33%"
"12/05/2025","1,616.20","1,610.00","1,631.80","1,600.00","10.34M","1.16%"
"12/04/2025","1,597.60","1,568.00","1,599.00","1,568.00","12.61M","1.20%"
"12/03/2025","1,578.70","1,555.10","1,586.00","1,554.10","12.90M","1.13%"
"12/02/2025","1,561.00","1,567.00","1,579.90","1,556.10","6.34M","-0.19%"
"12/01/2025","1,564.00","1,562.50","1,574.00","1,556.00","5.34M","0.25%"
"11/28/2025","1,560.10","1,565.00","1,568.40","1,557.00","4.45M","-0.40%"
"11/27/2025","1,566.40","1,564.00","1,574.30","1,552.20","7.55M","0.55%"
"11/26/2025","1,557.90","1,532.10","1,560.30","1,532.10","7.58M","1.78%"
"11/25/2025","1,530.60","1,549.00","1,550.60","1,525.90","8.11M","-1.12%"
"11/24/2025","1,548.00","1,563.60","1,585.00","1,541.00","19.27M","0.19%"
"11/21/2025","1,545.00","1,531.00","1,551.50","1,526.30","9.19M","0.55%"
"11/20/2025","1,536.50","1,555.00","1,555.00","1,534.00","7.39M","-0.30%"
"11/19/2025","1,541.10","1,490.50","1,543.00","1,490.50","10.98M","3.68%"
"11/18/2025","1,486.40","1,506.00","1,506.00","1,483.20","7.53M","-1.41%"
"11/17/2025","1,507.60","1,496.00","1,510.20","1,492.50","7.91M","0.32%"
"11/14/2025","1,502.80","1,520.00","1,530.00","1,488.80","9.74M","-2.53%"
"11/13/2025","1,541.80","1,557.10","1,557.50","1,530.30","19.66M","-0.64%"
"11/12/2025","1,551.70","1,540.00","1,559.20","1,538.10","14.64M","1.40%"
"11/11/2025","1,530.30","1,525.00","1,533.40","1,511.10","13.69M","1.11%"
"11/10/2025","1,513.50","1,490.10","1,520.00","1,490.00","9.79M","2.49%"
"11/07/2025","1,476.80","1,470.00","1,480.90","1,449.10","8.77M","0.69%"
"11/06/2025","1,466.70","1,478.60","1,483.00","1,461.90","7.94M","-0.08%"
"11/04/2025","1,467.90","1,479.70","1,481.90","1,462.90","8.69M","-1.18%"
"11/03/2025","1,485.50","1,482.30","1,491.40","1,474.20","5.47M","0.22%"
"10/31/2025","1,482.30","1,490.00","1,497.10","1,480.70","4.82M","-0.77%"
"10/30/2025","1,493.80","1,507.00","1,508.20","1,489.10","5.61M","-1.10%"
"10/29/2025","1,510.40","1,500.20","1,520.20","1,496.90","4.88M","0.68%"
"10/28/2025","1,500.20","1,499.70","1,506.50","1,490.50","8.21M","-0.29%"
"10/27/2025","1,504.50","1,510.00","1,515.30","1,498.10","7.27M","-1.37%"
"10/24/2025","1,525.40","1,539.50","1,543.00","1,518.00","8.65M","-0.20%"
"10/23/2025","1,528.50","1,510.00","1,546.00","1,506.00","20.36M","3.81%"
"10/21/2025","1,472.40","1,478.00","1,486.00","1,470.00","1.70M","0.79%"
"10/20/2025","1,460.90","1,453.70","1,467.00","1,450.00","6.99M","1.37%"
"10/17/2025","1,441.10","1,454.90","1,458.40","1,434.00","16.96M","-2.07%"
"10/16/2025","1,471.50","1,473.90","1,474.50","1,460.50","8.01M","-0.20%"
"10/15/2025","1,474.40","1,483.90","1,488.60","1,467.50","6.99M","-1.04%"
"10/14/2025","1,489.90","1,499.00","1,514.40","1,486.50","5.60M","-0.22%"
"10/13/2025","1,493.20","1,497.00","1,504.70","1,483.40","5.86M","-1.43%"
"10/10/2025","1,514.90","1,510.00","1,521.70","1,498.80","3.74M","0.37%"
"10/09/2025","1,509.30","1,502.00","1,514.00","1,487.00","7.03M","0.96%"
"10/08/2025","1,495.00","1,457.00","1,498.00","1,455.00","4.66M","2.50%"
"10/07/2025","1,458.50","1,477.70","1,482.90","1,454.00","5.57M","-1.19%"
"10/06/2025","1,476.00","1,446.60","1,478.80","1,442.30","4.63M","2.03%"
"10/03/2025","1,446.60","1,439.00","1,448.30","1,433.20","6.88M","0.06%"
"10/01/2025","1,445.80","1,446.00","1,449.50","1,427.40","6.25M","0.28%"
"09/30/2025","1,441.80","1,443.00","1,452.20","1,438.10","7.56M","0.00%"
"09/29/2025","1,441.80","1,460.00","1,465.00","1,436.50","10.51M","-0.49%"
"09/26/2025","1,448.90","1,475.00","1,478.70","1,441.20","8.60M","-2.42%"
"09/25/2025","1,484.80","1,489.00","1,502.70","1,476.50","9.49M","-0.66%"
"09/24/2025","1,494.60","1,487.20","1,496.70","1,482.70","4.94M","-0.19%"
"09/23/2025","1,497.50","1,493.00","1,513.00","1,493.00","9.83M","-0.13%"
"09/22/2025","1,499.50","1,482.70","1,514.70","1,482.00","15.66M","-2.64%"
"09/19/2025","1,540.20","1,544.60","1,551.30","1,520.10","12.99M","-0.03%"
"09/18/2025","1,540.60","1,550.00","1,555.00","1,538.50","9.33M","1.20%"
"09/17/2025","1,522.40","1,516.90","1,526.70","1,514.00","4.80M","0.73%"
"09/16/2025","1,511.30","1,508.40","1,514.00","1,503.50","8.92M","0.19%"
"09/15/2025","1,508.40","1,525.60","1,527.50","1,501.20","6.17M","-1.13%"
"09/12/2025","1,525.60","1,537.00","1,542.90","1,521.10","12.86M","1.05%"
"09/11/2025","1,509.70","1,523.90","1,527.50","1,506.50","8.00M","-1.49%"
"09/10/2025","1,532.60","1,510.10","1,534.90","1,509.30","7.28M","1.88%"
"09/09/2025","1,504.30","1,481.00","1,507.20","1,472.50","13.07M","4.98%"
"09/08/2025","1,432.90","1,451.00","1,458.00","1,428.30","3.81M","-0.81%"
"09/05/2025","1,444.60","1,470.00","1,472.70","1,433.00","5.47M","-1.26%"
"09/04/2025","1,463.00","1,484.00","1,484.00","1,460.10","5.79M","-1.09%"
"09/03/2025","1,479.10","1,500.00","1,501.90","1,473.00","4.62M","-1.31%"
"09/02/2025","1,498.70","1,499.40","1,512.80","1,486.30","5.22M","-0.05%"
"09/01/2025","1,499.40","1,476.70","1,503.40","1,476.20","4.55M","2.03%"
"08/29/2025","1,469.60","1,501.90","1,501.90","1,467.70","8.17M","-2.03%"
"08/28/2025","1,500.10","1,529.60","1,529.60","1,498.00","5.44M","-1.93%"
"08/26/2025","1,529.60","1,523.00","1,538.40","1,518.60","15.99M","-0.16%"
"08/25/2025","1,532.10","1,506.70","1,539.00","1,506.70","10.69M","3.00%"
"08/22/2025","1,487.50","1,498.10","1,504.30","1,486.10","5.54M","-0.59%"
"08/21/2025","1,496.40","1,508.00","1,508.00","1,484.30","6.57M","0.01%"
"08/20/2025","1,496.20","1,440.70","1,499.00","1,440.70","10.41M","3.90%"
"08/19/2025","1,440.00","1,432.70","1,449.40","1,432.70","3.99M","0.29%"
"08/18/2025","1,435.80","1,464.70","1,464.70","1,429.60","7.25M","-0.82%"
"08/14/2025","1,447.70","1,426.20","1,470.00","1,426.20","12.90M","1.48%"
"08/13/2025","1,426.60","1,425.00","1,434.00","1,422.40","10.32M","0.18%"
"08/12/2025","1,424.10","1,428.20","1,441.00","1,421.00","9.90M","-0.29%"
"08/11/2025","1,428.20","1,419.90","1,433.40","1,414.00","6.63M","0.36%"
"08/08/2025","1,423.10","1,425.00","1,433.20","1,417.10","10.05M","-0.96%"
"08/07/2025","1,436.90","1,430.00","1,442.00","1,414.20","9.89M","0.01%"
"08/06/2025","1,436.70","1,452.00","1,456.10","1,430.30","10.57M","-1.62%"
"08/05/2025","1,460.30","1,478.70","1,478.70","1,455.00","10.21M","-1.36%"
"08/04/2025","1,480.50","1,461.50","1,482.80","1,451.00","8.61M","0.74%"
"08/01/2025","1,469.60","1,493.90","1,498.70","1,465.50","8.70M","-2.61%"
"07/31/2025","1,509.00","1,509.70","1,527.10","1,497.00","6.85M","-0.66%"
"07/30/2025","1,519.00","1,519.90","1,521.70","1,506.00","5.72M","0.35%"
"07/29/2025","1,513.70","1,512.90","1,517.20","1,496.10","7.07M","-0.15%"
"07/28/2025","1,516.00","1,513.90","1,519.30","1,482.50","6.44M","0.02%"
"07/25/2025","1,515.70","1,543.40","1,549.50","1,511.30","10.85M","-2.37%"
"07/24/2025","1,552.50","1,580.00","1,582.00","1,548.20","14.17M","-1.40%"
"07/23/2025","1,574.50","1,576.30","1,591.90","1,550.00","8.04M","0.23%"
"07/22/2025","1,570.90","1,565.00","1,585.80","1,565.00","8.47M","-0.85%"
"07/21/2025","1,584.30","1,580.00","1,589.00","1,566.80","3.68M","-0.11%"
"07/18/2025","1,586.10","1,592.10","1,599.30","1,580.00","5.16M","0.16%"
"07/17/2025","1,583.50","1,598.00","1,610.00","1,580.10","7.37M","-1.52%"
"07/16/2025","1,607.90","1,579.00","1,612.00","1,578.50","6.22M","1.41%"
"07/15/2025","1,585.60","1,565.10","1,603.60","1,564.00","7.61M","0.97%"
"07/14/2025","1,570.30","1,591.80","1,591.80","1,559.80","9.17M","-1.54%"
"07/11/2025","1,594.90","1,579.10","1,607.10","1,563.00","11.39M","-1.29%"
"07/10/2025","1,615.80","1,638.90","1,638.90","1,607.10","5.33M","-1.10%"
"07/09/2025","1,633.70","1,637.80","1,638.00","1,623.60","4.58M","-0.31%"
"07/08/2025","1,638.70","1,628.00","1,646.20","1,621.50","4.59M","0.72%"
"07/07/2025","1,627.00","1,640.00","1,644.00","1,623.00","3.29M","-0.84%"
"07/04/2025","1,640.70","1,625.00","1,643.40","1,612.30","4.41M","1.36%"
"07/03/2025","1,618.70","1,618.50","1,632.40","1,615.00","5.26M","0.51%"
"07/02/2025","1,610.50","1,618.00","1,649.00","1,603.40","8.65M","0.23%"
"07/01/2025","1,606.80","1,609.00","1,617.70","1,600.50","4.18M","0.31%"
"06/30/2025","1,601.80","1,615.00","1,615.00","1,594.10","6.29M","-0.39%"
"06/27/2025","1,608.00","1,619.00","1,629.60","1,602.40","8.91M","-0.50%"
"06/26/2025","1,616.00","1,608.80","1,624.00","1,606.60","6.52M","0.07%"
"06/25/2025","1,614.90","1,590.00","1,619.90","1,585.10","7.81M","2.11%"
"06/24/2025","1,581.60","1,601.00","1,609.00","1,576.60","8.08M","-0.15%"
"06/23/2025","1,584.00","1,601.00","1,601.00","1,575.40","7.94M","-2.40%"
"06/20/2025","1,622.90","1,619.00","1,630.70","1,608.90","9.20M","0.28%"
"06/19/2025","1,618.40","1,623.90","1,630.00","1,611.50","5.15M","-0.89%"
"06/18/2025","1,632.90","1,621.00","1,644.70","1,621.00","5.63M","-0.43%"
"06/17/2025","1,639.90","1,620.70","1,647.40","1,615.60","7.62M","0.99%"
"06/16/2025","1,623.80","1,600.00","1,634.80","1,597.10","5.59M","1.36%"
"06/13/2025","1,602.00","1,576.00","1,609.00","1,570.20","6.97M","-0.41%"
"06/12/2025","1,608.60","1,617.00","1,628.00","1,598.10","10.48M","-1.38%"
"06/11/2025","1,631.10","1,590.10","1,634.60","1,590.10","10.60M","2.20%"
"06/10/2025","1,596.00","1,584.00","1,607.50","1,577.50","8.59M","1.47%"
"06/09/2025","1,572.90","1,578.00","1,588.00","1,571.00","2.90M","0.58%"
"06/06/2025","1,563.80","1,554.70","1,568.90","1,543.10","3.96M","0.61%"
"06/05/2025","1,554.30","1,547.90","1,567.70","1,541.60","6.95M","0.20%"
"06/04/2025","1,551.20","1,543.00","1,557.30","1,541.40","4.55M","0.53%"
"06/03/2025","1,543.00","1,559.00","1,567.30","1,535.60","6.85M","-0.70%"
"06/02/2025","1,553.80","1,560.00","1,560.00","1,539.00","4.37M","-0.57%"
"05/30/2025","1,562.70","1,571.00","1,572.00","1,555.10","13.15M","-1.44%"
"05/29/2025","1,585.60","1,589.00","1,608.90","1,576.60","8.61M","0.88%"
"05/28/2025","1,571.80","1,581.00","1,587.70","1,570.00","3.62M","0.11%"
"05/27/2025","1,570.10","1,579.90","1,582.90","1,556.40","7.78M","-0.66%"
"05/26/2025","1,580.50","1,566.60","1,583.80","1,562.70","3.17M","1.00%"
"05/23/2025","1,564.80","1,550.00","1,587.20","1,550.00","5.04M","1.12%"
"05/22/2025","1,547.50","1,555.50","1,560.80","1,540.00","6.16M","-1.34%"
"05/21/2025","1,568.50","1,567.90","1,571.00","1,552.10","4.16M","0.51%"
"05/20/2025","1,560.60","1,570.00","1,583.50","1,558.00","7.14M","0.05%"
"05/19/2025","1,559.80","1,576.50","1,585.00","1,555.70","8.86M","-1.89%"
"05/16/2025","1,589.90","1,612.60","1,612.60","1,581.50","4.58M","-1.43%"
"05/15/2025","1,613.00","1,589.80","1,618.60","1,571.00","11.15M","1.29%"
"05/14/2025","1,592.40","1,574.00","1,595.00","1,569.50","4.87M","1.52%"
"05/13/2025","1,568.60","1,609.00","1,612.20","1,564.60","12.85M","-3.58%"
"05/12/2025","1,626.90","1,537.00","1,632.00","1,532.00","11.37M","7.91%"
"05/09/2025","1,507.60","1,500.70","1,511.40","1,494.10","4.48M","-0.25%"
"05/08/2025","1,511.40","1,508.00","1,516.50","1,501.20","8.42M","0.21%"
"05/07/2025","1,508.30","1,500.00","1,518.80","1,496.60","5.69M","-0.21%"
"05/06/2025","1,511.50","1,506.00","1,515.60","1,499.10","4.27M","0.19%"
"05/05/2025","1,508.60","1,515.00","1,523.00","1,502.80","4.28M","0.12%"
"05/02/2025","1,506.80","1,499.70","1,523.20","1,496.20","8.73M","0.45%"
"04/30/2025","1,500.10","1,496.80","1,508.80","1,482.60","7.70M","0.17%"
"04/29/2025","1,497.50","1,482.00","1,509.80","1,474.10","8.06M","1.04%"
"04/28/2025","1,482.10","1,480.20","1,489.60","1,465.30","5.89M","0.13%"
"04/25/2025","1,480.20","1,475.50","1,501.70","1,463.50","8.33M","0.60%"
"04/24/2025","1,471.40","1,469.90","1,482.90","1,461.50","7.11M","-0.24%"
"04/23/2025","1,474.90","1,446.00","1,487.80","1,439.60","11.14M","3.66%"
"04/22/2025","1,422.80","1,440.00","1,440.00","1,419.30","9.40M","-1.94%"
"04/21/2025","1,451.00","1,410.00","1,471.80","1,410.00","15.65M","2.22%"
"04/17/2025","1,419.50","1,398.00","1,429.80","1,378.30","14.26M","0.45%"
"04/16/2025","1,413.10","1,425.00","1,427.50","1,396.80","12.02M","-0.90%"
"04/15/2025","1,426.00","1,445.60","1,447.70","1,409.00","10.18M","1.17%"
"04/11/2025","1,409.45","1,411.25","1,438.80","1,397.05","12.57M","0.41%"
"04/09/2025","1,403.70","1,405.05","1,409.45","1,381.90","8.55M","-1.76%"
"04/08/2025","1,428.80","1,431.00","1,456.50","1,415.00","12.81M","2.29%"
"04/07/2025","1,396.75","1,352.00","1,405.90","1,307.00","21.72M","-3.78%"
"04/04/2025","1,451.65","1,460.50","1,472.00","1,448.00","9.59M","-3.00%"
"04/03/2025","1,496.50","1,534.65","1,534.65","1,485.05","10.46M","-3.46%"
"04/02/2025","1,550.15","1,535.20","1,555.65","1,535.20","6.19M","1.55%"
"04/01/2025","1,526.50","1,539.25","1,547.40","1,517.85","12.68M","-2.81%"
"03/28/2025","1,570.65","1,590.00","1,598.45","1,560.00","6.80M","-2.05%"
"03/27/2025","1,603.55","1,595.55","1,619.95","1,586.00","9.43M","0.26%"
"03/26/2025","1,599.45","1,626.00","1,637.75","1,595.00","6.65M","-1.78%"
"03/25/2025","1,628.45","1,605.00","1,636.15","1,605.00","9.89M","2.24%"
"03/24/2025","1,592.75","1,597.95","1,607.10","1,572.70","8.86M","0.01%"
"03/21/2025","1,592.55","1,577.95","1,603.90","1,563.65","10.07M","-1.42%"
"03/20/2025","1,615.55","1,592.00","1,631.90","1,592.00","7.19M","1.83%"
"03/19/2025","1,586.55","1,603.00","1,603.00","1,572.80","7.39M","-1.42%"
"03/18/2025","1,609.35","1,597.65","1,612.90","1,582.35","6.30M","1.21%"
"03/17/2025","1,590.05","1,545.15","1,594.00","1,545.15","7.53M","0.65%"
"03/13/2025","1,579.85","1,599.25","1,606.05","1,570.30","7.82M","-0.69%"
"03/12/2025","1,590.85","1,636.90","1,636.90","1,563.80","14.87M","-4.26%"
"03/11/2025","1,661.60","1,680.00","1,680.00","1,637.05","12.67M","-2.34%"
"03/10/2025","1,701.45","1,686.00","1,719.00","1,676.20","7.56M","0.92%"
"03/07/2025","1,686.00","1,703.10","1,705.00","1,675.50","8.02M","-1.74%"
"03/06/2025","1,715.85","1,715.00","1,722.30","1,691.10","10.61M","0.25%"
"03/05/2025","1,711.50","1,692.45","1,732.95","1,692.45","8.18M","1.37%"
"03/04/2025","1,688.30","1,695.00","1,699.00","1,670.00","6.76M","-1.19%"
"03/03/2025","1,708.60","1,692.30","1,728.60","1,692.30","7.50M","1.24%"
"02/28/2025","1,687.70","1,755.05","1,755.10","1,682.45","12.18M","-4.34%"
"02/27/2025","1,764.30","1,755.20","1,775.85","1,751.10","5.76M","-0.19%"
"02/25/2025","1,767.70","1,745.15","1,778.45","1,745.15","5.09M","0.20%"
"02/24/2025","1,764.10","1,800.05","1,808.00","1,750.25","7.59M","-2.80%"
"02/21/2025","1,815.00","1,821.80","1,829.85","1,806.20","3.38M","-0.56%"
"02/20/2025","1,825.15","1,805.55","1,831.00","1,805.55","2.22M","0.79%"
"02/19/2025","1,810.80","1,847.40","1,849.20","1,805.90","4.61M","-2.22%"
"02/18/2025","1,851.95","1,842.30","1,861.65","1,837.60","4.37M","0.52%"
"02/17/2025","1,842.30","1,838.55","1,852.75","1,822.15","4.43M","-0.76%"
"02/14/2025","1,856.40","1,854.00","1,859.30","1,828.35","5.29M","0.71%"
"02/13/2025","1,843.25","1,868.50","1,873.50","1,835.65","5.24M","-1.07%"
"02/12/2025","1,863.15","1,885.00","1,894.60","1,847.00","5.63M","-0.67%"
"02/11/2025","1,875.65","1,883.10","1,903.00","1,870.00","4.41M","-0.25%"
"02/10/2025","1,880.30","1,905.00","1,905.00","1,878.60","3.83M","-1.23%"
"02/07/2025","1,903.65","1,919.30","1,923.70","1,889.45","4.13M","-0.63%"
"02/06/2025","1,915.65","1,917.00","1,924.00","1,900.00","4.77M","0.98%"
"02/05/2025","1,897.05","1,906.00","1,919.70","1,894.30","5.00M","-0.09%"
"02/04/2025","1,898.80","1,889.00","1,911.20","1,875.00","7.33M","1.91%"
"02/03/2025","1,863.30","1,836.00","1,876.55","1,832.40","4.82M","0.65%"
"02/01/2025","1,851.35","1,880.30","1,890.60","1,846.00","1.70M","-1.51%"
"01/31/2025","1,879.80","1,871.00","1,897.45","1,871.00","5.82M","1.07%"
"01/30/2025","1,859.95","1,873.15","1,887.20","1,844.00","7.34M","-1.13%"
"01/29/2025","1,881.25","1,845.00","1,888.65","1,840.50","5.15M","2.81%"
"01/28/2025","1,829.75","1,830.00","1,863.50","1,824.90","7.00M","0.43%"
"01/27/2025","1,822.00","1,848.75","1,863.00","1,812.00","7.65M","-2.85%"
"01/24/2025","1,875.45","1,865.50","1,894.90","1,864.25","4.89M","0.54%"
"01/23/2025","1,865.45","1,858.00","1,879.55","1,852.70","5.91M","0.48%"
"01/22/2025","1,856.45","1,807.40","1,865.80","1,805.15","8.37M","3.10%"
"01/21/2025","1,800.70","1,819.05","1,831.65","1,793.05","7.17M","-0.69%"
"01/20/2025","1,813.30","1,822.95","1,827.95","1,793.15","4.33M","-0.12%"
"01/17/2025","1,815.45","1,851.00","1,858.00","1,812.00","16.41M","-5.86%"
"01/16/2025","1,928.45","1,965.95","1,966.95","1,916.85","7.53M","-1.09%"
"01/15/2025","1,949.65","1,947.00","1,958.05","1,937.10","2.99M","0.49%"
"01/14/2025","1,940.05","1,968.85","1,971.80","1,931.10","5.79M","-1.13%"
"01/13/2025","1,962.20","1,956.00","1,982.80","1,949.00","5.80M","-0.24%"
"01/10/2025","1,966.95","1,937.00","1,977.80","1,932.25","8.04M","2.59%"
"01/09/2025","1,917.30","1,934.05","1,951.85","1,910.55","6.83M","-0.82%"
"01/08/2025","1,933.15","1,930.00","1,938.60","1,888.75","5.48M","0.12%"
"01/07/2025","1,930.85","1,945.00","1,958.55","1,923.65","4.29M","-0.36%"
"01/06/2025","1,937.85","1,952.00","1,973.00","1,928.00","7.16M","-0.05%"
"01/03/2025","1,938.75","1,952.95","1,952.95","1,922.00","6.22M","-0.98%"
"01/02/2025","1,957.85","1,887.00","1,962.65","1,885.30","7.08M","4.00%"
"01/01/2025","1,882.50","1,874.00","1,892.95","1,874.00","1.84M","0.13%"
"12/31/2024","1,880.00","1,892.30","1,897.00","1,845.05","3.61M","-1.36%"
"12/30/2024","1,906.00","1,915.70","1,916.00","1,886.50","7.79M","-0.56%"
"12/27/2024","1,916.75","1,909.40","1,924.15","1,903.90","3.94M","0.49%"
"12/26/2024","1,907.40","1,909.05","1,919.75","1,902.30","3.62M","-0.09%"
"12/24/2024","1,909.05","1,927.05","1,942.00","1,840.00","2.36M","-0.79%"
"12/23/2024","1,924.30","1,930.05","1,940.00","1,909.00","2.78M","0.11%"
"12/20/2024","1,922.15","1,975.15","1,979.95","1,911.25","11.06M","-1.24%"
"12/19/2024","1,946.20","1,934.00","1,959.75","1,920.00","5.32M","-1.66%"
"12/18/2024","1,979.15","1,966.80","1,984.95","1,961.60","3.06M","0.13%"
"12/17/2024","1,976.60","1,968.00","1,982.00","1,958.00","5.81M","-0.17%"
"12/16/2024","1,980.05","1,995.45","1,999.60","1,977.60","3.12M","-0.98%"
"12/13/2024","1,999.70","1,969.75","2,006.45","1,953.80","5.36M","0.64%"
"12/12/2024","1,987.00","1,975.20","1,998.80","1,970.55","6.46M","0.65%"
"12/11/2024","1,974.15","1,955.00","1,978.00","1,952.00","5.03M","1.31%"
"12/10/2024","1,948.55","1,939.00","1,965.60","1,932.00","6.17M","1.29%"
"12/09/2024","1,923.65","1,924.20","1,930.20","1,897.20","4.27M","0.07%"
"12/06/2024","1,922.40","1,932.80","1,937.95","1,912.40","3.57M","-0.64%"
"12/05/2024","1,934.85","1,900.00","1,949.90","1,888.95","9.05M","2.41%"
"12/04/2024","1,889.25","1,884.00","1,913.95","1,875.00","4.71M","-0.15%"
"12/03/2024","1,892.10","1,887.00","1,899.75","1,871.15","4.72M","0.65%"
"12/02/2024","1,879.80","1,859.00","1,882.80","1,835.20","2.87M","1.18%"
"11/29/2024","1,857.85","1,851.10","1,877.00","1,845.00","5.24M","0.06%"
"11/28/2024","1,856.65","1,914.90","1,914.90","1,851.65","8.47M","-3.53%"
"11/27/2024","1,924.50","1,930.10","1,941.40","1,911.75","4.45M","0.02%"
"11/26/2024","1,924.15","1,904.95","1,938.60","1,897.30","6.85M","1.82%"
"11/25/2024","1,889.70","1,916.00","1,919.30","1,882.00","12.76M","-0.66%"
"11/22/2024","1,902.25","1,854.10","1,914.05","1,834.00","6.30M","3.72%"
"11/21/2024","1,834.05","1,842.00","1,867.00","1,820.60","5.44M","0.51%"
"11/19/2024","1,824.75","1,825.50","1,859.70","1,820.55","4.67M","0.73%"
"11/18/2024","1,811.45","1,849.20","1,849.20","1,795.00","4.84M","-2.85%"
"11/14/2024","1,864.55","1,865.60","1,876.00","1,856.00","4.31M","-0.21%"
"11/13/2024","1,868.40","1,861.10","1,873.20","1,856.30","4.26M","-0.02%"
"11/12/2024","1,868.80","1,871.10","1,881.00","1,861.00","5.01M","0.47%"
"11/11/2024","1,860.10","1,829.00","1,868.00","1,822.55","3.80M","1.65%"
"11/08/2024","1,829.95","1,818.00","1,840.60","1,813.15","4.21M","1.49%"
"11/07/2024","1,803.05","1,812.95","1,825.70","1,787.00","4.55M","-1.13%"
"11/06/2024","1,823.70","1,764.00","1,827.20","1,762.65","10.42M","3.96%"
"11/05/2024","1,754.20","1,760.00","1,768.45","1,745.00","3.16M","-0.54%"
"11/04/2024","1,763.65","1,724.50","1,767.00","1,718.00","7.34M","0.16%"
"11/01/2024","1,760.85","1,764.50","1,766.00","1,752.05","371.97K","0.20%"
"10/31/2024","1,757.25","1,787.90","1,787.90","1,746.50","7.40M","-2.49%"
"10/30/2024","1,802.10","1,832.00","1,839.00","1,796.35","5.92M","-2.02%"
"10/29/2024","1,839.30","1,846.00","1,851.60","1,829.00","4.62M","-1.40%"
"10/28/2024","1,865.35","1,859.70","1,881.90","1,857.00","7.02M","0.18%"
"10/25/2024","1,862.05","1,863.45","1,876.35","1,846.40","4.69M","-0.07%"
"10/24/2024","1,863.35","1,861.40","1,884.00","1,860.00","2.91M","-0.54%"
"10/23/2024","1,873.40","1,845.25","1,886.00","1,844.00","4.31M","1.18%"
"10/22/2024","1,851.60","1,858.20","1,877.80","1,846.95","4.13M","-0.06%"
"10/21/2024","1,852.75","1,891.10","1,898.80","1,838.00","4.65M","-1.43%"
"10/18/2024","1,879.60","1,893.80","1,936.85","1,869.25","10.53M","-4.50%"
"10/17/2024","1,968.10","1,935.20","1,978.00","1,930.15","8.16M","2.50%"
"10/16/2024","1,920.10","1,955.00","1,959.55","1,916.35","3.11M","-2.00%"
"10/15/2024","1,959.30","1,960.00","1,991.45","1,951.75","5.35M","0.02%"
"10/14/2024","1,958.90","1,932.15","1,969.50","1,931.10","3.75M","1.23%"
"10/11/2024","1,935.10","1,918.00","1,947.00","1,910.10","4.71M","0.84%"
"10/10/2024","1,919.00","1,957.90","1,964.00","1,914.10","4.78M","-1.73%"
"10/09/2024","1,952.75","1,952.55","1,977.00","1,945.10","4.86M","0.22%"
"10/08/2024","1,948.55","1,937.90","1,957.95","1,906.35","5.64M","0.74%"
"10/07/2024","1,934.30","1,923.20","1,942.00","1,916.05","6.11M","0.84%"
"10/04/2024","1,918.15","1,889.55","1,954.10","1,886.00","10.00M","1.31%"
"10/03/2024","1,893.40","1,889.50","1,911.85","1,881.00","7.50M","-0.57%"
"10/01/2024","1,904.35","1,875.00","1,908.95","1,875.00","4.03M","1.53%"
"09/30/2024","1,875.60","1,880.00","1,901.25","1,870.50","6.99M","-1.63%"
"09/27/2024","1,906.75","1,932.10","1,974.60","1,903.30","14.91M","0.34%"
"09/26/2024","1,900.25","1,897.80","1,917.95","1,893.00","8.95M","0.26%"
"09/25/2024","1,895.30","1,886.35","1,901.60","1,876.80","4.27M","-0.17%"
"09/24/2024","1,898.60","1,888.00","1,910.90","1,871.40","7.28M","0.11%"
"09/23/2024","1,896.45","1,909.00","1,918.90","1,878.45","3.64M","-0.49%"
"09/20/2024","1,905.75","1,905.00","1,915.00","1,867.40","15.24M","0.61%"
"09/19/2024","1,894.20","1,910.60","1,924.90","1,878.80","7.98M","0.11%"
"09/18/2024","1,892.15","1,938.75","1,938.75","1,881.30","6.39M","-3.09%"
"09/17/2024","1,952.55","1,947.75","1,958.45","1,942.15","2.79M","0.12%"
"09/16/2024","1,950.25","1,945.75","1,952.00","1,933.05","1.57M","0.32%"
"09/13/2024","1,944.10","1,950.45","1,958.60","1,935.65","3.84M","-0.33%"
"09/12/2024","1,950.45","1,925.00","1,956.40","1,910.80","8.56M","2.11%"
"09/11/2024","1,910.15","1,914.70","1,926.00","1,905.00","5.31M","-0.11%"
"09/10/2024","1,912.30","1,904.90","1,935.00","1,896.00","6.91M","0.93%"
"09/09/2024","1,894.65","1,890.00","1,920.85","1,889.00","4.77M","-0.38%"
"09/06/2024","1,901.85","1,922.00","1,936.50","1,896.85","5.85M","-1.62%"
"09/05/2024","1,933.15","1,926.25","1,940.00","1,909.60","4.08M","0.56%"
"09/04/2024","1,922.45","1,921.10","1,927.20","1,900.05","4.78M","-0.97%"
"09/03/2024","1,941.25","1,967.00","1,967.00","1,936.45","4.69M","-1.18%"
"09/02/2024","1,964.50","1,943.35","1,975.75","1,942.80","5.57M","1.07%"
"08/30/2024","1,943.70","1,938.00","1,950.00","1,928.00","13.47M","0.54%"
"08/29/2024","1,933.35","1,933.00","1,950.50","1,920.90","7.23M","-0.30%"
"08/28/2024","1,939.10","1,906.90","1,951.00","1,897.40","6.51M","2.05%"
"08/27/2024","1,900.10","1,876.15","1,902.75","1,873.90","3.83M","1.28%"
"08/26/2024","1,876.15","1,870.00","1,888.75","1,864.00","3.73M","0.75%"
"08/23/2024","1,862.10","1,878.20","1,882.60","1,857.00","5.02M","-0.97%"
"08/22/2024","1,880.25","1,884.00","1,893.65","1,869.70","4.30M","0.40%"
"08/21/2024","1,872.70","1,875.10","1,879.00","1,867.10","1.97M","0.03%"
"08/20/2024","1,872.20","1,880.00","1,885.70","1,868.20","3.87M","0.40%"
"08/19/2024","1,864.80","1,860.00","1,867.55","1,849.20","2.59M","0.31%"
"08/16/2024","1,858.95","1,850.00","1,861.85","1,829.50","7.34M","1.96%"
"08/14/2024","1,823.25","1,802.00","1,825.00","1,797.45","7.45M","1.44%"
"08/13/2024","1,797.45","1,810.00","1,810.00","1,789.05","4.18M","0.00%"
"08/12/2024","1,797.40","1,773.05","1,803.50","1,768.10","4.32M","1.51%"
"08/09/2024","1,770.75","1,771.25","1,780.75","1,756.00","4.26M","1.58%"
"08/08/2024","1,743.15","1,779.95","1,779.95","1,727.10","6.23M","-2.71%"
"08/07/2024","1,791.65","1,796.00","1,797.90","1,762.10","5.09M","2.32%"
"08/06/2024","1,751.10","1,760.20","1,796.95","1,744.85","7.69M","-0.05%"
"08/05/2024","1,751.90","1,784.95","1,797.50","1,718.55","10.74M","-3.81%"
"08/02/2024","1,821.20","1,843.00","1,859.50","1,816.15","7.40M","-1.69%"
"08/01/2024","1,852.60","1,856.10","1,867.90","1,845.10","7.48M","-0.84%"
"07/31/2024","1,868.25","1,877.00","1,885.15","1,865.05","5.00M","-0.47%"
"07/30/2024","1,877.15","1,871.10","1,879.95","1,860.00","2.72M","0.32%"
"07/29/2024","1,871.10","1,893.60","1,903.00","1,864.00","4.64M","-0.42%"
"07/26/2024","1,878.90","1,825.35","1,883.00","1,825.35","11.37M","2.96%"
"07/25/2024","1,824.85","1,820.00","1,830.90","1,812.00","5.82M","-0.50%"
"07/24/2024","1,833.95","1,837.50","1,842.35","1,819.60","6.00M","-0.16%"
"07/23/2024","1,836.90","1,810.00","1,839.95","1,783.25","7.11M","1.44%"
"07/22/2024","1,810.85","1,800.15","1,823.00","1,792.95","8.46M","1.00%"
"07/19/2024","1,792.95","1,844.00","1,844.00","1,786.45","29.82M","1.99%"
"07/18/2024","1,758.05","1,719.00","1,765.40","1,719.00","11.25M","1.85%"
"07/16/2024","1,726.05","1,718.60","1,737.90","1,700.00","6.89M","1.11%"
"07/15/2024","1,707.05","1,726.20","1,728.00","1,702.65","6.94M","-0.27%"
"07/12/2024","1,711.75","1,680.00","1,719.75","1,666.65","17.08M","3.57%"
"07/11/2024","1,652.70","1,656.00","1,665.00","1,642.05","8.86M","0.27%"
"07/10/2024","1,648.25","1,657.00","1,674.00","1,637.55","9.85M","-0.54%"
"07/09/2024","1,657.15","1,659.90","1,666.75","1,651.00","5.19M","-0.27%"
"07/08/2024","1,661.65","1,643.10","1,666.00","1,640.00","5.88M","0.86%"
"07/05/2024","1,647.45","1,651.45","1,665.85","1,633.35","7.07M","-0.19%"
"07/04/2024","1,650.65","1,628.20","1,660.00","1,628.00","8.01M","1.43%"
"07/03/2024","1,627.40","1,625.00","1,636.00","1,606.00","7.27M","0.39%"
"07/02/2024","1,621.05","1,596.20","1,633.80","1,586.50","10.49M","1.90%"
"07/01/2024","1,590.80","1,559.50","1,599.90","1,559.50","6.80M","1.54%"
"06/28/2024","1,566.75","1,572.55","1,588.50","1,564.25","8.20M","-0.42%"
"06/27/2024","1,573.35","1,538.45","1,578.40","1,532.05","14.76M","2.12%"
"06/26/2024","1,540.70","1,541.00","1,548.85","1,535.00","4.85M","-0.08%"
"06/25/2024","1,541.95","1,526.00","1,543.90","1,520.35","4.55M","0.97%"
"06/24/2024","1,527.15","1,524.55","1,529.10","1,515.40","5.56M","-0.36%"
"06/21/2024","1,532.70","1,545.00","1,557.75","1,523.70","17.30M","1.14%"
"06/20/2024","1,515.40","1,516.30","1,517.50","1,499.10","7.93M","0.27%"
"06/19/2024","1,511.35","1,505.00","1,515.65","1,496.70","5.49M","0.88%"
"06/18/2024","1,498.20","1,497.00","1,507.00","1,495.40","5.42M","0.62%"
"06/14/2024","1,488.90","1,503.70","1,503.70","1,486.05","4.24M","-0.34%"
"06/13/2024","1,493.95","1,495.00","1,505.00","1,489.35","7.31M","0.59%"
"06/12/2024","1,485.20","1,507.00","1,508.75","1,482.75","9.56M","-0.71%"
"06/11/2024","1,495.75","1,500.05","1,506.45","1,493.95","4.85M","-0.27%"
"06/10/2024","1,499.75","1,525.30","1,529.80","1,497.30","6.81M","-2.21%"
"06/07/2024","1,533.60","1,481.00","1,539.70","1,477.25","24.08M","4.17%"
"06/06/2024","1,472.25","1,444.95","1,474.30","1,437.50","12.66M","2.95%"
"06/05/2024","1,430.10","1,400.15","1,438.00","1,400.15","9.23M","2.62%"
"06/04/2024","1,393.65","1,409.00","1,415.00","1,358.35","13.74M","-0.87%"
"06/03/2024","1,405.90","1,440.00","1,440.00","1,404.00","10.59M","-0.07%"
"05/31/2024","1,406.90","1,409.80","1,436.75","1,400.00","37.11M","-0.88%"
"05/30/2024","1,419.45","1,434.71","1,441.72","1,413.58","9.66M","-1.62%"
"05/29/2024","1,442.82","1,457.19","1,457.29","1,441.87","7.40M","-1.10%"
"05/28/2024","1,458.83","1,467.23","1,467.73","1,452.12","6.19M","-0.29%"
"05/27/2024","1,463.10","1,463.60","1,471.31","1,452.07","5.82M","0.43%"
"05/24/2024","1,456.89","1,460.02","1,467.23","1,451.82","5.28M","-0.50%"
"05/23/2024","1,464.15","1,446.55","1,469.87","1,441.87","8.64M","1.21%"
"05/22/2024","1,446.65","1,420.74","1,451.77","1,420.00","7.17M","1.44%"
"05/21/2024","1,426.11","1,421.99","1,436.60","1,420.40","6.75M","-1.21%"
"05/18/2024","1,443.65","1,445.00","1,450.00","1,442.00","318.28K","0.52%"
"05/17/2024","1,436.21","1,448.83","1,448.83","1,431.18","7.54M","-0.62%"
"05/16/2024","1,445.20","1,425.91","1,447.59","1,419.00","9.25M","2.35%"
"05/15/2024","1,411.99","1,418.01","1,423.78","1,410.60","4.33M","-0.33%"
"05/14/2024","1,416.72","1,418.41","1,425.71","1,410.10","3.46M","0.09%"
"05/13/2024","1,415.47","1,417.01","1,417.01","1,403.29","3.74M","-0.10%"
"05/10/2024","1,416.92","1,427.01","1,427.90","1,405.08","8.78M","-1.02%"
"05/09/2024","1,431.48","1,419.55","1,441.82","1,416.86","6.09M","0.86%"
"05/08/2024","1,419.30","1,427.21","1,431.68","1,417.61","6.23M","-0.95%"
"05/07/2024","1,432.88","1,416.96","1,435.26","1,407.67","6.08M","1.06%"
"05/06/2024","1,417.91","1,412.04","1,437.60","1,409.16","6.45M","0.68%"
"05/03/2024","1,408.36","1,414.13","1,416.81","1,395.34","8.84M","0.13%"
"05/02/2024","1,406.52","1,405.08","1,416.02","1,403.94","10.08M","-0.43%"
"04/30/2024","1,412.59","1,426.66","1,428.50","1,409.61","6.94M","-0.99%"
"04/29/2024","1,426.71","1,421.94","1,431.73","1,420.25","5.06M","0.31%"
"04/26/2024","1,422.23","1,431.63","1,437.30","1,419.00","8.06M","-0.57%"
"04/25/2024","1,430.39","1,412.04","1,436.80","1,412.04","9.09M","0.54%"
"04/24/2024","1,422.73","1,436.21","1,436.21","1,419.05","4.27M","-0.81%"
"04/23/2024","1,434.32","1,434.91","1,438.74","1,424.97","4.86M","0.67%"
"04/22/2024","1,424.72","1,411.94","1,428.80","1,405.13","5.86M","1.52%"
"04/19/2024","1,403.34","1,377.24","1,418.85","1,371.02","20.60M","-0.56%"
"04/18/2024","1,411.30","1,413.14","1,436.60","1,399.61","22.11M","0.34%"
"04/16/2024","1,406.52","1,442.87","1,446.99","1,405.13","16.17M","-3.66%"
"04/15/2024","1,459.92","1,471.71","1,483.59","1,452.86","8.53M","-1.12%"
"04/12/2024","1,476.43","1,495.57","1,498.36","1,471.21","12.28M","-1.46%"
"04/10/2024","1,498.36","1,491.94","1,501.39","1,476.23","6.74M","0.80%"
"04/09/2024","1,486.47","1,481.65","1,505.32","1,478.96","9.42M","1.23%"
"04/08/2024","1,468.43","1,474.69","1,482.59","1,465.84","6.61M","-0.16%"
"04/05/2024","1,470.81","1,471.76","1,478.37","1,467.78","5.07M","-0.51%"
"04/04/2024","1,478.37","1,482.20","1,487.27","1,459.77","11.19M","0.41%"
"04/03/2024","1,472.35","1,470.71","1,486.72","1,466.73","8.74M","-0.15%"
"04/02/2024","1,474.54","1,476.53","1,484.78","1,472.55","7.28M","-0.84%"
"04/01/2024","1,487.07","1,516.45","1,521.38","1,484.43","6.58M","-0.17%"
"03/28/2024","1,489.66","1,478.82","1,503.33","1,478.82","12.50M","0.96%"
"03/27/2024","1,475.54","1,487.62","1,490.60","1,473.25","6.86M","-0.59%"
"03/26/2024","1,484.29","1,483.64","1,499.00","1,479.56","8.35M","-1.07%"
"03/22/2024","1,500.39","1,512.48","1,520.33","1,489.80","14.67M","-2.95%"
"03/21/2024","1,545.99","1,555.23","1,568.11","1,534.75","11.06M","-0.02%"
"03/20/2024","1,546.24","1,554.24","1,566.12","1,543.65","4.76M","-0.42%"
"03/19/2024","1,552.70","1,583.43","1,590.04","1,549.27","6.87M","-2.57%"
"03/18/2024","1,593.67","1,620.86","1,623.50","1,589.89","4.96M","-1.92%"
"03/15/2024","1,624.84","1,631.90","1,636.58","1,609.28","11.81M","-1.17%"
"03/14/2024","1,644.04","1,605.35","1,648.46","1,598.99","8.80M","2.60%"
"03/13/2024","1,602.37","1,603.86","1,615.40","1,589.59","5.69M","-0.10%"
"03/12/2024","1,603.91","1,591.03","1,615.89","1,588.70","4.61M","0.77%"
"03/11/2024","1,591.63","1,599.14","1,604.76","1,579.10","6.75M","-0.98%"
"03/07/2024","1,607.39","1,607.54","1,619.32","1,595.21","6.35M","-0.07%"
"03/06/2024","1,608.48","1,593.82","1,611.07","1,567.17","6.42M","0.69%"
"03/05/2024","1,597.50","1,624.84","1,628.17","1,593.02","4.60M","-1.88%"
"03/04/2024","1,628.03","1,648.56","1,655.12","1,624.49","4.45M","-1.71%"
"03/02/2024","1,656.30","1,659.75","1,662.65","1,654.05","292.15K","0.66%"
"03/01/2024","1,645.43","1,659.65","1,662.58","1,641.75","6.39M","-1.15%"
"02/29/2024","1,664.52","1,655.67","1,672.82","1,644.04","7.81M","0.16%"
"02/28/2024","1,661.88","1,660.64","1,678.34","1,652.74","3.19M","0.46%"
"02/27/2024","1,654.28","1,651.69","1,661.73","1,643.54","5.16M","0.21%"
"02/26/2024","1,650.85","1,665.56","1,665.56","1,635.78","2.78M","-1.00%"
"02/23/2024","1,667.45","1,687.49","1,688.93","1,662.53","5.37M","-0.27%"
"02/22/2024","1,671.93","1,655.67","1,675.16","1,635.19","5.84M","1.56%"
"02/21/2024","1,646.27","1,664.62","1,664.62","1,636.08","4.30M","-1.76%"
"02/20/2024","1,675.81","1,675.56","1,684.76","1,659.40","3.71M","-0.85%"
"02/19/2024","1,690.22","1,695.44","1,701.91","1,678.24","3.69M","-0.11%"
"02/16/2024","1,692.11","1,679.54","1,699.42","1,678.49","4.88M","1.51%"
"02/15/2024","1,666.96","1,667.60","1,678.29","1,652.29","4.83M","0.61%"
"02/14/2024","1,656.86","1,650.90","1,660.09","1,626.33","3.77M","-1.09%"
"02/13/2024","1,675.11","1,673.57","1,679.63","1,654.18","2.70M","0.26%"
"02/12/2024","1,670.69","1,660.99","1,683.46","1,660.99","3.56M","0.64%"
"02/09/2024","1,659.99","1,675.26","1,683.41","1,650.50","4.60M","-1.34%"
"02/08/2024","1,682.62","1,688.48","1,696.79","1,673.37","5.92M","-0.10%"
"02/07/2024","1,684.26","1,719.31","1,719.31","1,677.40","4.61M","-2.06%"
"02/06/2024","1,719.76","1,677.30","1,723.29","1,664.57","7.69M","2.50%"
"02/05/2024","1,677.74","1,685.25","1,691.22","1,672.43","3.63M","-0.36%"
"02/02/2024","1,683.86","1,656.71","1,708.87","1,655.67","7.86M","2.19%"
"02/01/2024","1,647.76","1,650.25","1,667.60","1,641.10","5.76M","-0.23%"
"01/31/2024","1,651.59","1,639.01","1,657.91","1,628.92","6.76M","0.57%"
"01/30/2024","1,642.19","1,653.13","1,680.53","1,639.01","5.00M","-0.31%"
"01/29/2024","1,647.32","1,655.82","1,669.94","1,638.37","4.25M","-0.75%"
"01/25/2024","1,659.75","1,663.57","1,671.13","1,648.71","8.87M","-0.38%"
"01/24/2024","1,666.01","1,650.60","1,670.58","1,635.78","9.00M","2.02%"
"01/23/2024","1,632.95","1,640.85","1,665.31","1,628.52","9.40M","-0.96%"
"01/20/2024","1,648.85","1,665.55","1,669.25","1,645.00","1.16M","-0.06%"
"01/19/2024","1,649.90","1,642.34","1,656.17","1,634.94","4.52M","1.01%"
"01/18/2024","1,633.40","1,633.44","1,639.76","1,619.13","6.38M","0.15%"
"01/17/2024","1,631.01","1,611.17","1,638.27","1,611.17","9.21M","0.53%"
"01/16/2024","1,622.41","1,635.58","1,639.26","1,615.89","6.50M","-1.24%"
"01/15/2024","1,642.84","1,635.73","1,655.62","1,626.83","13.23M","2.44%"
"01/12/2024","1,603.71","1,553.25","1,608.93","1,546.68","26.75M","7.93%"
"01/11/2024","1,485.83","1,516.35","1,516.45","1,478.27","11.30M","-1.69%"
"01/10/2024","1,511.38","1,516.40","1,526.84","1,496.57","4.10M","-0.61%"
"01/09/2024","1,520.73","1,533.26","1,544.30","1,517.30","4.41M","0.43%"
"01/08/2024","1,514.27","1,520.38","1,527.39","1,504.77","4.44M","-0.64%"
"01/05/2024","1,523.96","1,498.31","1,531.07","1,497.81","8.90M","1.31%"
"01/04/2024","1,504.22","1,496.52","1,511.23","1,484.53","7.06M","1.52%"
"01/03/2024","1,481.65","1,511.43","1,511.43","1,479.66","7.55M","-2.89%"
"01/02/2024","1,525.80","1,537.34","1,540.47","1,514.46","5.40M","-1.09%"
"01/01/2024","1,542.66","1,530.38","1,548.28","1,526.65","2.81M","0.55%"
"12/29/2023","1,534.25","1,532.41","1,550.71","1,531.37","4.39M","-1.26%"
"12/28/2023","1,553.89","1,560.16","1,560.16","1,546.29","5.70M","-0.28%"
"12/27/2023","1,558.32","1,535.35","1,561.20","1,535.35","4.23M","1.50%"
"12/26/2023","1,535.30","1,526.40","1,539.32","1,514.46","6.88M","-1.21%"
"12/22/2023","1,554.14","1,526.35","1,557.22","1,514.46","6.74M","1.75%"
"12/21/2023","1,527.39","1,512.72","1,537.98","1,512.72","5.32M","-0.03%"
"12/20/2023","1,527.79","1,556.28","1,574.63","1,521.43","6.59M","-1.41%"
"12/19/2023","1,549.57","1,561.30","1,565.13","1,534.60","4.22M","-0.39%"
"12/18/2023","1,555.58","1,559.16","1,584.07","1,551.56","6.47M","-0.89%"
"12/15/2023","1,569.56","1,514.52","1,579.65","1,512.48","18.40M","5.13%"
"12/14/2023","1,493.04","1,455.20","1,502.53","1,453.16","12.49M","3.62%"
"12/13/2023","1,440.88","1,467.73","1,467.78","1,425.12","8.55M","-1.83%"
"12/12/2023","1,467.78","1,469.22","1,481.65","1,459.43","6.10M","-0.84%"
"12/11/2023","1,480.16","1,481.65","1,489.60","1,473.69","3.86M","-0.18%"
"12/08/2023","1,482.79","1,462.16","1,486.32","1,458.03","6.32M","1.72%"
"12/07/2023","1,457.69","1,464.60","1,464.60","1,453.61","4.42M","-0.57%"
"12/06/2023","1,466.04","1,448.59","1,468.72","1,442.92","5.27M","1.40%"
"12/05/2023","1,445.80","1,457.59","1,458.68","1,433.92","5.12M","-0.71%"
"12/04/2023","1,456.14","1,452.27","1,463.65","1,441.18","5.51M","0.83%"
"12/01/2023","1,444.16","1,451.72","1,451.72","1,438.05","3.49M","-0.20%"
"11/30/2023","1,446.99","1,445.11","1,452.46","1,441.43","10.12M","-0.30%"
"11/29/2023","1,451.42","1,442.97","1,452.51","1,441.68","3.88M","1.17%"
"11/28/2023","1,434.61","1,435.91","1,436.90","1,419.05","3.76M","0.37%"
"11/24/2023","1,429.34","1,437.45","1,444.51","1,425.81","2.97M","-0.82%"
"11/23/2023","1,441.13","1,459.67","1,459.67","1,439.59","3.19M","-0.59%"
"11/22/2023","1,449.63","1,428.15","1,450.77","1,428.15","3.11M","1.31%"
"11/21/2023","1,430.94","1,433.92","1,441.87","1,428.70","3.79M","0.17%"
"11/20/2023","1,428.55","1,433.92","1,443.86","1,425.62","3.58M","-0.07%"
"11/17/2023","1,429.49","1,432.97","1,442.87","1,427.01","4.90M","-0.51%"
"11/16/2023","1,436.80","1,408.16","1,445.26","1,402.69","6.67M","2.44%"
"11/15/2023","1,402.60","1,391.16","1,406.08","1,385.19","8.55M","2.69%"
"11/13/2023","1,365.85","1,372.12","1,374.70","1,363.17","3.46M","-1.61%"
"11/12/2023","1,388.20","1,380.05","1,389.10","1,380.05","572.24K","1.99%"
"11/10/2023","1,361.18","1,362.27","1,365.45","1,353.37","2.94M","-0.43%"
"11/09/2023","1,367.10","1,388.08","1,389.67","1,362.37","5.50M","-1.16%"
"11/08/2023","1,383.20","1,397.13","1,397.13","1,378.68","3.55M","-0.95%"
"11/07/2023","1,396.43","1,392.15","1,398.02","1,387.03","2.27M","0.07%"
"11/06/2023","1,395.44","1,386.09","1,399.36","1,383.01","2.74M","1.03%"
"11/03/2023","1,381.27","1,372.32","1,384.20","1,370.03","3.35M","1.38%"
"11/02/2023","1,362.47","1,362.32","1,368.59","1,354.02","3.76M","1.18%"
"11/01/2023","1,346.56","1,365.35","1,369.73","1,344.07","3.09M","-1.04%"
"10/31/2023","1,360.73","1,372.22","1,373.41","1,355.36","3.45M","-0.63%"
"10/30/2023","1,369.33","1,372.61","1,372.61","1,355.46","2.67M","-0.24%"
"10/27/2023","1,372.61","1,356.01","1,377.24","1,356.01","4.63M","1.54%"
"10/26/2023","1,351.83","1,347.46","1,366.30","1,345.52","6.36M","-0.77%"
"10/25/2023","1,362.37","1,391.16","1,394.69","1,353.67","6.94M","-2.74%"
"10/23/2023","1,400.76","1,417.61","1,424.32","1,397.38","2.64M","-1.30%"
"10/20/2023","1,419.25","1,421.99","1,430.44","1,417.26","3.93M","-0.45%"
"10/19/2023","1,425.62","1,418.11","1,431.58","1,418.11","6.80M","-0.48%"
"10/18/2023","1,432.48","1,433.92","1,445.85","1,430.29","4.26M","-0.13%"
"10/17/2023","1,434.37","1,432.18","1,445.20","1,429.99","3.92M","0.58%"
"10/16/2023","1,426.11","1,424.07","1,435.51","1,421.99","4.85M","0.21%"
"10/13/2023","1,423.13","1,397.13","1,429.94","1,392.15","17.97M","-2.34%"
"10/12/2023","1,457.29","1,483.54","1,495.97","1,443.86","11.08M","-1.93%"
"10/11/2023","1,486.03","1,488.61","1,509.74","1,473.15","7.22M","-0.05%"
"10/10/2023","1,486.77","1,475.58","1,488.61","1,460.87","5.69M","1.34%"
"10/09/2023","1,467.18","1,456.69","1,482.64","1,454.01","3.57M","-0.22%"
"10/06/2023","1,470.41","1,461.27","1,476.18","1,455.10","3.60M","1.04%"
"10/05/2023","1,455.25","1,443.86","1,467.38","1,442.07","7.38M","1.32%"
"10/04/2023","1,436.26","1,417.01","1,441.82","1,410.25","4.51M","0.72%"
"10/03/2023","1,425.96","1,428.00","1,428.95","1,412.34","4.18M","-0.10%"
"09/29/2023","1,427.41","1,424.07","1,438.69","1,408.06","6.07M","-0.28%"
"09/28/2023","1,431.38","1,459.67","1,464.35","1,426.96","5.81M","-1.88%"
"09/27/2023","1,458.78","1,447.84","1,461.36","1,441.92","3.86M","0.43%"
"09/26/2023","1,452.46","1,470.86","1,471.61","1,450.82","4.00M","-0.92%"
"09/25/2023","1,465.89","1,481.50","1,481.50","1,463.30","4.22M","-1.47%"
"09/22/2023","1,487.77","1,483.54","1,498.51","1,476.88","5.46M","-0.37%"
"09/21/2023","1,493.33","1,478.22","1,496.12","1,467.73","6.78M","0.77%"
"09/20/2023","1,481.90","1,467.93","1,486.72","1,467.93","4.17M","-0.10%"
"09/18/2023","1,483.44","1,496.47","1,496.47","1,479.66","3.99M","-1.31%"
"09/15/2023","1,503.13","1,509.49","1,509.89","1,500.54","8.66M","0.31%"
"09/14/2023","1,498.51","1,496.57","1,504.07","1,490.75","6.44M","0.57%"
"09/13/2023","1,489.95","1,496.57","1,496.57","1,480.31","4.80M","-0.18%"
"09/12/2023","1,492.69","1,474.19","1,495.57","1,468.82","6.79M","1.67%"
"09/11/2023","1,468.18","1,461.36","1,469.77","1,456.29","4.18M","0.47%"
"09/08/2023","1,461.36","1,455.30","1,466.49","1,452.02","3.13M","0.23%"
"09/07/2023","1,457.98","1,462.36","1,465.14","1,453.86","4.41M","-0.76%"
"09/06/2023","1,469.17","1,473.59","1,474.59","1,455.10","5.08M","-0.10%"
"09/05/2023","1,470.61","1,456.79","1,471.76","1,448.34","5.50M","0.94%"
"09/04/2023","1,456.89","1,434.91","1,461.76","1,426.66","4.61M","1.47%"
"09/01/2023","1,435.76","1,422.93","1,437.90","1,420.20","3.58M","0.59%"
"08/31/2023","1,427.41","1,427.11","1,436.80","1,420.64","9.79M","0.02%"
"08/30/2023","1,427.11","1,419.00","1,428.60","1,416.02","3.07M","1.23%"
"08/29/2023","1,409.70","1,416.02","1,416.42","1,407.37","3.07M","0.14%"
"08/28/2023","1,407.72","1,412.14","1,416.81","1,403.49","3.13M","-0.31%"
"08/25/2023","1,412.14","1,405.08","1,414.53","1,403.49","4.31M","-0.25%"
"08/24/2023","1,415.62","1,413.53","1,417.06","1,406.52","5.17M","1.11%"
"08/23/2023","1,400.06","1,408.06","1,408.66","1,397.77","2.56M","0.30%"
"08/22/2023","1,395.88","1,396.83","1,398.17","1,388.82","2.89M","-0.12%"
"08/21/2023","1,397.52","1,381.96","1,399.11","1,379.38","3.03M","1.20%"
"08/18/2023","1,381.02","1,395.83","1,400.81","1,378.38","5.13M","-1.61%"
"08/17/2023","1,403.64","1,412.04","1,412.04","1,398.12","5.62M","-0.49%"
"08/16/2023","1,410.55","1,402.89","1,411.99","1,397.52","7.74M","1.79%"
"08/14/2023","1,385.74","1,364.16","1,387.18","1,357.95","4.30M","1.58%"
"08/11/2023","1,364.16","1,384.20","1,389.02","1,359.39","5.78M","-1.24%"
"08/10/2023","1,381.31","1,383.80","1,387.98","1,377.83","3.87M","-0.38%"
"08/09/2023","1,386.59","1,376.24","1,388.18","1,374.75","4.09M","0.30%"
"08/08/2023","1,382.41","1,385.04","1,385.74","1,376.64","4.16M","-0.20%"
"08/07/2023","1,385.19","1,380.12","1,387.18","1,369.28","3.73M","1.06%"
"08/04/2023","1,370.63","1,361.23","1,378.13","1,354.37","5.71M","1.03%"
"08/03/2023","1,356.65","1,342.44","1,358.89","1,341.44","6.50M","0.55%"
"08/02/2023","1,349.25","1,361.63","1,364.26","1,340.89","7.42M","-0.61%"
"08/01/2023","1,357.55","1,354.37","1,361.33","1,349.40","6.06M","0.70%"
"07/31/2023","1,348.10","1,341.19","1,349.89","1,325.78","7.90M","1.13%"
"07/28/2023","1,332.99","1,346.26","1,356.21","1,328.51","6.12M","-0.93%"
"07/27/2023","1,345.57","1,350.99","1,356.16","1,339.50","9.19M","0.32%"
"07/26/2023","1,341.29","1,335.47","1,342.44","1,331.89","5.53M","1.07%"
"07/25/2023","1,327.12","1,329.51","1,335.32","1,316.83","6.80M","-0.15%"
"07/24/2023","1,329.11","1,333.48","1,342.33","1,326.77","8.86M","0.38%"
"07/21/2023","1,324.14","1,312.80","1,342.44","1,297.69","45.55M","-8.13%"
"07/20/2023","1,441.38","1,462.76","1,462.76","1,432.63","8.35M","-1.73%"
"07/19/2023","1,466.68","1,477.67","1,490.40","1,452.51","13.69M","-0.02%"
"07/18/2023","1,466.93","1,425.96","1,469.67","1,420.99","16.74M","3.67%"
"07/17/2023","1,414.98","1,417.96","1,450.77","1,406.37","11.57M","-0.21%"
"07/14/2023","1,417.96","1,372.91","1,421.99","1,372.91","12.83M","4.46%"
"07/13/2023","1,357.45","1,327.42","1,369.08","1,323.39","9.98M","2.39%"
"07/12/2023","1,325.83","1,343.43","1,344.32","1,319.56","8.10M","-1.13%"
"07/11/2023","1,341.04","1,325.98","1,343.33","1,319.56","6.13M","1.46%"
"07/10/2023","1,321.70","1,329.06","1,334.38","1,311.91","3.94M","-0.08%"
"07/07/2023","1,322.75","1,326.52","1,338.26","1,317.92","6.30M","-1.02%"
"07/06/2023","1,336.37","1,335.03","1,339.90","1,329.66","5.96M","-0.25%"
"07/05/2023","1,339.75","1,350.24","1,350.34","1,333.48","5.41M","0.16%"
"07/04/2023","1,337.61","1,336.77","1,338.46","1,323.94","5.80M","0.86%"
"07/03/2023","1,326.23","1,322.55","1,338.46","1,321.01","7.73M","-0.13%"
"06/30/2023","1,328.02","1,300.87","1,331.40","1,297.14","12.82M","3.26%"
"06/28/2023","1,286.10","1,282.77","1,289.43","1,274.22","5.66M","1.11%"
"06/27/2023","1,271.98","1,272.83","1,274.82","1,267.06","3.24M","0.69%"
"06/26/2023","1,263.23","1,263.13","1,266.86","1,255.18","3.40M","0.42%"
"06/23/2023","1,257.91","1,269.30","1,272.18","1,256.27","7.24M","-1.29%"
"06/22/2023","1,274.37","1,282.17","1,282.17","1,266.36","6.68M","-1.37%"
"06/21/2023","1,292.07","1,292.67","1,296.49","1,287.74","4.04M","-0.31%"
"06/20/2023","1,296.10","1,286.75","1,297.69","1,283.86","4.01M","0.73%"
"06/19/2023","1,286.75","1,286.75","1,292.22","1,279.84","4.45M","0.18%"
"06/16/2023","1,284.41","1,279.79","1,294.21","1,273.87","8.54M","0.38%"
"06/15/2023","1,279.59","1,286.70","1,286.70","1,275.46","6.16M","-1.05%"
"06/14/2023","1,293.11","1,299.03","1,299.38","1,285.95","3.46M","-0.34%"
"06/13/2023","1,297.54","1,292.61","1,299.18","1,289.78","4.85M","1.00%"
"06/12/2023","1,284.71","1,266.36","1,288.44","1,265.87","4.79M","2.05%"
"06/09/2023","1,258.86","1,275.31","1,275.31","1,256.92","5.34M","-1.31%"
"06/08/2023","1,275.61","1,278.99","1,284.76","1,273.92","5.03M","-0.48%"
"06/07/2023","1,281.73","1,283.27","1,286.75","1,275.31","5.40M","0.78%"
"06/06/2023","1,271.83","1,281.38","1,281.38","1,265.87","10.01M","-1.95%"
"06/05/2023","1,297.19","1,296.69","1,302.11","1,290.03","5.00M","0.42%"
"06/02/2023","1,291.72","1,301.66","1,305.54","1,288.79","10.91M","-1.55%"
"06/01/2023","1,312.11","1,315.14","1,322.05","1,310.71","4.28M","0.09%"
"05/31/2023","1,310.91","1,312.45","1,323.64","1,306.79","17.80M","-0.42%"
"05/30/2023","1,316.43","1,307.63","1,318.97","1,301.81","6.27M","0.72%"
"05/29/2023","1,307.03","1,325.23","1,325.23","1,302.51","4.42M","-0.23%"
"05/26/2023","1,310.07","1,298.68","1,316.03","1,298.68","5.52M","1.00%"
"05/25/2023","1,297.04","1,287.25","1,299.68","1,282.03","4.33M","0.44%"
"05/24/2023","1,291.37","1,289.04","1,297.69","1,284.06","4.82M","-0.11%"
"05/23/2023","1,292.77","1,291.92","1,306.79","1,289.78","7.44M","0.56%"
"05/22/2023","1,285.56","1,265.82","1,288.34","1,263.13","7.63M","1.88%"
"05/19/2023","1,261.79","1,249.01","1,266.16","1,245.78","11.09M","1.84%"
"05/18/2023","1,239.02","1,251.55","1,252.59","1,235.49","6.95M","-0.07%"
"05/17/2023","1,239.91","1,253.54","1,253.88","1,235.49","10.47M","-1.38%"
"05/16/2023","1,257.21","1,257.91","1,266.81","1,255.67","5.24M","0.47%"
"05/15/2023","1,251.30","1,242.90","1,261.79","1,238.67","5.53M","1.06%"
"05/12/2023","1,238.22","1,246.33","1,248.96","1,232.11","8.29M","-0.87%"
"05/11/2023","1,249.06","1,263.13","1,268.75","1,246.03","6.89M","-0.57%"
"05/10/2023","1,256.17","1,269.25","1,269.25","1,252.09","6.52M","-0.59%"
"05/09/2023","1,263.58","1,258.91","1,264.87","1,253.64","4.97M","0.40%"
"05/08/2023","1,258.51","1,255.38","1,263.18","1,248.17","5.26M","0.52%"
"05/05/2023","1,252.04","1,271.83","1,271.83","1,247.22","5.37M","-1.13%"
"05/04/2023","1,266.41","1,261.84","1,268.65","1,255.43","4.51M","0.35%"
"05/03/2023","1,262.04","1,258.91","1,265.37","1,255.03","5.55M","-0.65%"
"05/02/2023","1,270.29","1,247.52","1,272.58","1,247.52","8.89M","1.97%"
"04/28/2023","1,245.73","1,248.66","1,251.94","1,237.97","10.12M","0.52%"
"04/27/2023","1,239.27","1,223.11","1,240.81","1,218.53","8.02M","1.52%"
"04/26/2023","1,220.67","1,221.12","1,226.09","1,213.71","5.68M","0.22%"
"04/25/2023","1,218.04","1,219.08","1,228.58","1,208.19","6.81M","-0.11%"
"04/24/2023","1,219.43","1,221.12","1,223.11","1,211.17","8.31M","-0.09%"
"04/21/2023","1,220.47","1,221.22","1,226.34","1,213.16","8.69M","0.32%"
"04/20/2023","1,216.54","1,223.80","1,230.91","1,214.56","8.62M","-0.71%"
"04/19/2023","1,225.30","1,247.32","1,247.32","1,222.51","11.31M","-2.16%"
"04/18/2023","1,252.29","1,262.83","1,262.83","1,246.08","12.43M","0.08%"
"04/17/2023","1,251.25","1,243.29","1,254.08","1,178.66","53.17M","-9.42%"
"04/13/2023","1,381.42","1,401.85","1,403.14","1,375.25","11.27M","-2.74%"
"04/12/2023","1,420.30","1,405.13","1,423.48","1,392.15","5.83M","1.58%"
"04/11/2023","1,398.27","1,420.89","1,425.32","1,381.22","6.94M","-1.50%"
"04/10/2023","1,419.60","1,415.97","1,425.96","1,407.07","4.99M","0.40%"
"04/06/2023","1,413.93","1,408.06","1,420.40","1,402.45","6.95M","-0.12%"
"04/05/2023","1,415.57","1,392.15","1,419.50","1,392.15","7.51M","0.90%"
"04/03/2023","1,402.94","1,426.96","1,426.96","1,397.28","5.24M","-1.20%"
"03/31/2023","1,419.95","1,396.13","1,421.94","1,386.09","8.71M","3.21%"
"03/29/2023","1,375.80","1,371.27","1,382.11","1,356.90","8.81M","0.43%"
"03/28/2023","1,369.88","1,384.30","1,390.17","1,368.14","6.63M","-0.82%"
"03/27/2023","1,381.17","1,378.48","1,387.93","1,366.40","4.17M","0.60%"
"03/24/2023","1,372.91","1,380.22","1,391.11","1,369.78","7.56M","0.44%"
"03/23/2023","1,366.85","1,376.19","1,376.19","1,362.32","7.61M","-1.06%"
"03/22/2023","1,381.46","1,395.14","1,399.36","1,374.40","8.36M","-0.10%"
"03/21/2023","1,382.91","1,391.16","1,397.13","1,382.21","8.54M","-0.92%"
"03/20/2023","1,395.78","1,411.74","1,411.74","1,377.09","8.22M","-1.20%"
"03/17/2023","1,412.74","1,421.99","1,434.81","1,403.49","9.09M","1.18%"
"03/16/2023","1,396.23","1,409.85","1,409.85","1,390.86","7.32M","-1.10%"
"03/15/2023","1,411.69","1,429.94","1,434.76","1,408.91","7.56M","-0.02%"
"03/14/2023","1,412.04","1,432.93","1,440.23","1,403.09","7.40M","-1.05%"
"03/13/2023","1,427.06","1,455.99","1,470.02","1,420.00","8.80M","-2.48%"
"03/10/2023","1,463.30","1,451.82","1,466.04","1,449.48","3.70M","-0.60%"
"03/09/2023","1,472.10","1,486.62","1,489.95","1,466.34","5.10M","-0.82%"
"03/08/2023","1,484.33","1,482.20","1,487.62","1,472.80","4.14M","-0.98%"
"03/06/2023","1,499.00","1,486.18","1,511.88","1,484.78","6.56M","1.90%"
"03/03/2023","1,471.01","1,478.42","1,481.45","1,464.74","4.62M","0.49%"
"03/02/2023","1,463.90","1,476.68","1,480.26","1,459.08","4.64M","-1.60%"
"03/01/2023","1,487.67","1,484.04","1,492.44","1,473.20","5.13M","0.57%"
"02/28/2023","1,479.21","1,507.11","1,515.46","1,473.00","9.68M","-1.44%"
"02/27/2023","1,500.84","1,531.37","1,531.37","1,493.58","4.92M","-2.67%"
"02/24/2023","1,541.96","1,551.26","1,560.21","1,536.34","2.79M","0.00%"
"02/23/2023","1,542.01","1,561.05","1,561.05","1,539.47","4.77M","-0.71%"
"02/22/2023","1,553.05","1,554.24","1,566.17","1,546.58","3.66M","-1.12%"
"02/21/2023","1,570.65","1,589.74","1,592.67","1,567.17","2.72M","-0.81%"
"02/20/2023","1,583.53","1,576.07","1,594.02","1,573.63","2.42M","0.55%"
"02/17/2023","1,574.92","1,585.07","1,586.06","1,566.67","2.86M","-1.12%"
"02/16/2023","1,592.82","1,591.03","1,605.40","1,588.90","4.29M","0.30%"
"02/15/2023","1,588.10","1,575.12","1,590.04","1,567.17","3.47M","0.24%"
"02/14/2023","1,584.32","1,575.82","1,587.06","1,569.31","5.04M","1.65%"
"02/13/2023","1,558.67","1,588.05","1,588.05","1,557.22","4.00M","-2.56%"
"02/10/2023","1,599.54","1,603.91","1,607.24","1,587.50","4.79M","-0.52%"
"02/09/2023","1,607.94","1,587.26","1,610.67","1,577.16","6.90M","1.67%"
"02/08/2023","1,581.59","1,556.73","1,594.02","1,556.73","7.98M","1.80%"
"02/07/2023","1,553.64","1,560.21","1,567.22","1,546.39","4.34M","-0.47%"
"02/06/2023","1,561.05","1,589.05","1,589.05","1,552.85","4.57M","-1.85%"
"02/03/2023","1,590.44","1,588.55","1,595.66","1,564.19","7.04M","0.99%"
"02/02/2023","1,574.88","1,543.30","1,578.06","1,543.30","6.92M","2.10%"
"02/01/2023","1,542.41","1,533.56","1,546.34","1,519.49","6.19M","1.13%"
"01/31/2023","1,525.16","1,540.22","1,540.22","1,504.52","9.45M","-0.33%"
"01/30/2023","1,530.18","1,520.23","1,535.35","1,511.48","6.96M","1.29%"
"01/27/2023","1,510.64","1,537.34","1,542.26","1,498.95","6.21M","-1.55%"
"01/25/2023","1,534.35","1,538.33","1,547.28","1,530.13","4.16M","-0.57%"
"01/24/2023","1,543.20","1,551.26","1,560.01","1,541.06","5.20M","0.25%"
"01/23/2023","1,539.32","1,526.40","1,544.59","1,519.54","4.86M","1.47%"
"01/20/2023","1,517.00","1,529.38","1,536.34","1,515.46","6.50M","-0.87%"
"01/19/2023","1,530.28","1,531.27","1,540.87","1,517.60","6.17M","-0.42%"
"01/18/2023","1,536.74","1,536.09","1,543.15","1,530.97","5.84M","0.38%"
"01/17/2023","1,530.87","1,518.44","1,533.56","1,515.46","5.92M","0.92%"
"01/16/2023","1,516.95","1,501.54","1,519.44","1,493.88","6.07M","1.45%"
"01/13/2023","1,495.22","1,475.19","1,510.89","1,459.77","11.61M","1.56%"
"01/12/2023","1,472.30","1,473.65","1,476.68","1,446.85","6.59M","0.64%"
"01/11/2023","1,463.01","1,461.76","1,485.63","1,455.80","6.17M","0.10%"
"01/10/2023","1,461.51","1,473.69","1,475.58","1,445.90","7.16M","-0.99%"
"01/09/2023","1,476.13","1,440.08","1,481.00","1,440.08","11.50M","2.48%"
"01/06/2023","1,440.38","1,461.76","1,466.73","1,438.39","6.44M","-1.81%"
"01/05/2023","1,466.93","1,497.46","1,497.46","1,461.02","9.87M","-1.31%"
"01/04/2023","1,486.42","1,512.48","1,512.48","1,482.74","7.06M","-1.82%"
"01/03/2023","1,514.02","1,511.33","1,524.06","1,506.61","4.55M","-0.10%"
"01/02/2023","1,515.46","1,505.52","1,517.94","1,495.62","3.80M","1.05%"
"12/30/2022","1,499.75","1,519.44","1,521.82","1,495.62","5.06M","-0.62%"
"12/29/2022","1,509.05","1,495.57","1,512.78","1,492.59","4.62M","0.49%"
"12/28/2022","1,501.69","1,496.67","1,516.40","1,490.10","5.03M","-0.31%"
"12/27/2022","1,506.36","1,501.49","1,512.92","1,489.11","4.86M","0.83%"
"12/26/2022","1,493.98","1,492.09","1,501.44","1,487.96","4.12M","0.35%"
"12/23/2022","1,488.71","1,500.24","1,501.44","1,484.63","6.28M","-1.64%"
"12/22/2022","1,513.52","1,512.97","1,521.38","1,503.28","6.30M","0.83%"
"12/21/2022","1,501.09","1,506.51","1,512.48","1,493.93","6.24M","0.15%"
"12/20/2022","1,498.85","1,492.59","1,507.50","1,474.14","7.40M","0.00%"
"12/19/2022","1,498.90","1,499.50","1,508.40","1,486.67","6.22M","-0.98%"
"12/16/2022","1,513.67","1,516.45","1,540.82","1,503.58","9.63M","-1.19%"
"12/15/2022","1,531.87","1,560.51","1,561.20","1,526.65","6.44M","-2.46%"
"12/14/2022","1,570.55","1,573.13","1,579.60","1,564.19","4.98M","0.46%"
"12/13/2022","1,563.34","1,538.53","1,568.66","1,532.51","6.14M","1.61%"
"12/12/2022","1,538.53","1,541.31","1,557.17","1,521.48","8.04M","-1.41%"
"12/09/2022","1,560.51","1,618.88","1,618.88","1,552.35","8.88M","-3.14%"
"12/08/2022","1,611.07","1,596.50","1,614.80","1,589.54","4.21M","0.91%"
"12/07/2022","1,596.50","1,598.99","1,614.70","1,587.75","4.90M","-0.46%"
"12/06/2022","1,603.86","1,615.89","1,616.89","1,598.54","4.82M","-1.64%"
"12/05/2022","1,630.56","1,628.82","1,635.63","1,614.20","3.82M","0.11%"
"12/02/2022","1,628.72","1,646.72","1,652.49","1,624.79","4.28M","-1.16%"
"12/01/2022","1,647.81","1,646.92","1,663.23","1,643.04","5.41M","1.35%"
"11/30/2022","1,625.79","1,610.87","1,636.53","1,604.11","11.87M","0.36%"
"11/29/2022","1,619.92","1,612.11","1,629.57","1,606.00","3.13M","0.35%"
"11/28/2022","1,614.30","1,618.88","1,644.23","1,610.92","3.83M","-0.75%"
"11/25/2022","1,626.48","1,622.26","1,634.79","1,604.76","4.56M","0.36%"
"11/24/2022","1,620.67","1,580.09","1,626.83","1,575.87","5.28M","2.95%"
"11/23/2022","1,574.28","1,580.00","1,583.08","1,570.45","3.25M","-0.12%"
"11/22/2022","1,576.17","1,560.21","1,579.10","1,553.25","3.40M","1.07%"
"11/21/2022","1,559.41","1,573.23","1,578.95","1,555.29","3.07M","-1.58%"
"11/18/2022","1,584.47","1,582.78","1,589.05","1,566.67","3.13M","0.38%"
"11/17/2022","1,578.50","1,588.25","1,593.82","1,574.08","3.47M","-0.96%"
"11/16/2022","1,593.82","1,588.20","1,599.98","1,584.57","4.50M","0.55%"
"11/15/2022","1,585.07","1,569.01","1,588.90","1,563.94","3.50M","0.55%"
"11/14/2022","1,576.42","1,566.32","1,582.48","1,559.66","4.91M","0.97%"
"11/11/2022","1,561.30","1,537.98","1,564.68","1,537.98","7.21M","4.54%"
"11/10/2022","1,493.53","1,476.68","1,503.53","1,476.68","3.44M","-0.61%"
"11/09/2022","1,502.73","1,520.43","1,520.43","1,492.69","3.33M","0.25%"
"11/07/2022","1,499.00","1,512.87","1,519.34","1,482.74","4.90M","-0.43%"
"11/04/2022","1,505.52","1,511.93","1,511.93","1,492.74","4.51M","-1.09%"
"11/03/2022","1,522.17","1,530.13","1,535.25","1,513.12","3.17M","-1.45%"
"11/02/2022","1,544.59","1,563.19","1,563.94","1,536.34","2.94M","-1.25%"
"11/01/2022","1,564.19","1,544.35","1,566.17","1,538.43","4.54M","2.30%"
"10/31/2022","1,529.03","1,521.67","1,537.73","1,521.67","4.54M","1.61%"
"10/28/2022","1,504.77","1,517.45","1,519.39","1,498.56","3.05M","-0.70%"
"10/27/2022","1,515.41","1,522.22","1,526.30","1,504.02","6.76M","-0.15%"
"10/25/2022","1,517.75","1,519.54","1,524.31","1,512.53","3.91M","0.56%"
"10/24/2022","1,509.34","1,509.99","1,513.27","1,502.53","982.84K","1.16%"
"10/21/2022","1,492.09","1,491.89","1,497.56","1,482.99","3.59M","-0.03%"
"10/20/2022","1,492.49","1,466.73","1,495.57","1,465.94","4.58M","1.04%"
"10/19/2022","1,477.13","1,495.57","1,496.52","1,473.00","3.55M","-1.21%"
"10/18/2022","1,495.27","1,501.54","1,502.48","1,488.86","4.69M","0.92%"
"10/17/2022","1,481.60","1,468.62","1,486.62","1,467.23","4.29M","1.06%"
"10/14/2022","1,465.99","1,476.68","1,485.63","1,459.03","14.99M","3.83%"
"10/13/2022","1,411.94","1,422.98","1,429.89","1,407.07","4.82M","-0.62%"
"10/12/2022","1,420.69","1,428.95","1,433.02","1,405.63","5.48M","0.34%"
"10/11/2022","1,415.82","1,454.45","1,471.36","1,412.14","12.82M","-2.66%"
"10/10/2022","1,454.45","1,418.36","1,456.79","1,418.36","5.27M","0.79%"
"10/07/2022","1,443.07","1,438.24","1,449.68","1,432.08","3.99M","-0.27%"
"10/06/2022","1,446.99","1,436.90","1,451.62","1,436.01","6.18M","1.80%"
"10/04/2022","1,421.39","1,411.74","1,424.22","1,406.08","6.63M","2.56%"
"10/03/2022","1,385.94","1,404.09","1,404.09","1,378.23","4.94M","-1.39%"
"09/30/2022","1,405.53","1,381.17","1,411.35","1,368.29","8.12M","1.06%"
"09/29/2022","1,390.81","1,397.03","1,401.95","1,385.19","6.12M","0.28%"
"09/28/2022","1,386.88","1,371.27","1,397.97","1,369.28","7.02M","0.08%"
"09/27/2022","1,385.74","1,385.64","1,398.62","1,370.28","8.56M","0.96%"
"09/26/2022","1,372.52","1,352.38","1,391.61","1,347.41","9.41M","1.08%"
"09/23/2022","1,357.80","1,359.84","1,386.98","1,354.37","10.43M","-0.18%"
"09/22/2022","1,360.28","1,358.69","1,376.19","1,352.38","9.17M","-0.68%"
"09/21/2022","1,369.53","1,372.17","1,381.02","1,360.73","7.92M","-0.81%"
"09/20/2022","1,380.77","1,400.06","1,405.63","1,377.34","7.22M","-0.13%"
"09/19/2022","1,382.51","1,384.20","1,398.12","1,372.86","6.60M","0.96%"
"09/16/2022","1,369.33","1,417.01","1,417.01","1,360.68","20.46M","-3.89%"
"09/15/2022","1,424.77","1,466.73","1,466.93","1,421.04","12.78M","-2.89%"
"09/14/2022","1,467.13","1,488.61","1,490.55","1,463.75","14.33M","-4.50%"
"09/13/2022","1,536.29","1,543.20","1,544.30","1,532.66","4.95M","0.57%"
"09/12/2022","1,527.59","1,517.25","1,537.24","1,512.63","5.49M","1.62%"
"09/09/2022","1,503.18","1,479.66","1,511.48","1,471.71","4.82M","2.42%"
"09/08/2022","1,467.63","1,466.73","1,472.80","1,455.40","4.06M","1.25%"
"09/07/2022","1,449.48","1,431.93","1,457.54","1,429.99","3.60M","0.18%"
"09/06/2022","1,446.95","1,453.11","1,461.76","1,437.35","3.43M","-0.42%"
"09/05/2022","1,453.11","1,442.87","1,458.78","1,438.24","3.67M","0.57%"
"09/02/2022","1,444.86","1,469.72","1,469.72","1,439.89","5.18M","-0.76%"
"09/01/2022","1,455.99","1,451.87","1,459.87","1,442.92","8.14M","-1.93%"
"08/30/2022","1,484.58","1,464.84","1,487.72","1,457.79","6.73M","2.13%"
"08/29/2022","1,453.56","1,460.32","1,460.32","1,441.87","8.08M","-3.93%"
"08/26/2022","1,513.02","1,526.55","1,536.29","1,508.95","3.08M","0.22%"
"08/25/2022","1,509.64","1,539.32","1,540.02","1,505.27","4.33M","-1.26%"
"08/24/2022","1,528.88","1,526.40","1,537.34","1,522.42","2.89M","-0.32%"
"08/23/2022","1,533.76","1,539.32","1,545.79","1,524.41","5.55M","-2.11%"
"08/22/2022","1,566.82","1,577.11","1,590.04","1,565.18","3.95M","-1.34%"
"08/19/2022","1,588.15","1,576.42","1,595.91","1,576.22","4.74M","0.89%"
"08/18/2022","1,574.08","1,585.17","1,589.24","1,565.18","4.64M","-1.45%"
"08/17/2022","1,597.25","1,587.50","1,602.97","1,576.12","4.07M","0.61%"
"08/16/2022","1,587.50","1,599.98","1,599.98","1,582.18","3.00M","0.15%"
"08/12/2022","1,585.17","1,604.26","1,604.95","1,581.24","3.56M","-1.60%"
"08/11/2022","1,610.87","1,620.86","1,622.21","1,606.94","3.46M","1.09%"
"08/10/2022","1,593.47","1,612.11","1,612.11","1,579.20","4.42M","-1.05%"
"08/08/2022","1,610.32","1,607.94","1,612.91","1,587.06","3.76M","0.17%"
"08/05/2022","1,607.59","1,599.39","1,616.59","1,593.32","5.36M","1.05%"
"08/04/2022","1,590.93","1,578.60","1,594.86","1,566.12","7.40M","2.16%"
"08/03/2022","1,557.32","1,540.32","1,561.20","1,531.27","6.01M","1.46%"
"08/02/2022","1,534.95","1,537.88","1,538.33","1,519.79","4.37M","-0.48%"
"08/01/2022","1,542.36","1,555.23","1,555.23","1,529.28","2.98M","0.09%"
"07/29/2022","1,541.02","1,524.21","1,546.98","1,519.44","7.01M","2.13%"
"07/28/2022","1,508.90","1,488.01","1,515.91","1,481.50","6.64M","3.15%"
"07/27/2022","1,462.81","1,442.87","1,464.74","1,436.90","4.52M","1.37%"
"07/26/2022","1,443.02","1,488.26","1,488.26","1,436.90","7.27M","-3.49%"
"07/25/2022","1,495.17","1,471.81","1,508.65","1,471.81","7.86M","-0.18%"
"07/22/2022","1,497.86","1,525.40","1,531.37","1,483.79","7.02M","-1.74%"
"07/21/2022","1,524.31","1,508.50","1,526.84","1,494.68","5.01M","1.16%"
"07/20/2022","1,506.81","1,492.84","1,517.25","1,491.59","5.08M","2.10%"
"07/19/2022","1,475.83","1,463.30","1,478.52","1,461.86","3.42M","-0.39%"
"07/18/2022","1,481.55","1,441.87","1,485.23","1,439.94","5.84M","4.16%"
"07/15/2022","1,422.33","1,437.90","1,437.90","1,402.74","5.62M","0.10%"
"07/14/2022","1,420.84","1,442.87","1,444.81","1,406.08","6.16M","-1.08%"
"07/13/2022","1,436.35","1,441.87","1,451.82","1,430.54","5.26M","0.41%"
"07/12/2022","1,430.54","1,453.61","1,460.37","1,427.95","4.71M","-2.35%"
"07/11/2022","1,464.89","1,486.62","1,491.49","1,458.18","4.70M","-2.73%"
"07/08/2022","1,505.96","1,506.51","1,508.45","1,491.54","3.65M","1.05%"
"07/07/2022","1,490.30","1,494.63","1,505.47","1,487.32","3.32M","0.47%"
"07/06/2022","1,483.29","1,473.89","1,491.59","1,461.76","5.21M","1.06%"
"07/05/2022","1,467.68","1,490.40","1,501.49","1,463.75","7.38M","-0.81%"
"07/04/2022","1,479.66","1,471.95","1,483.89","1,453.81","4.80M","0.58%"
"07/01/2022","1,471.11","1,445.85","1,476.68","1,434.27","4.65M","1.20%"
"06/30/2022","1,453.71","1,456.84","1,473.69","1,446.85","9.17M","-0.09%"
"06/29/2022","1,455.05","1,456.49","1,468.72","1,448.83","5.06M","-1.14%"
"06/28/2022","1,471.85","1,460.77","1,479.91","1,444.86","4.41M","0.38%"
"06/27/2022","1,466.34","1,459.82","1,475.68","1,456.94","4.51M","2.32%"
"06/24/2022","1,433.02","1,449.83","1,459.28","1,420.89","6.11M","-0.78%"
"06/23/2022","1,444.31","1,431.73","1,449.83","1,424.97","6.25M","1.06%"
"06/22/2022","1,429.20","1,428.00","1,451.42","1,426.96","6.25M","-0.87%"
"06/21/2022","1,441.78","1,416.02","1,447.84","1,414.78","6.27M","2.53%"
"06/20/2022","1,406.22","1,382.26","1,414.38","1,374.26","4.60M","1.94%"
"06/17/2022","1,379.53","1,383.26","1,389.12","1,359.49","9.69M","-0.71%"
"06/16/2022","1,389.37","1,429.94","1,435.66","1,384.20","6.64M","-1.76%"
"06/15/2022","1,414.23","1,432.13","1,438.29","1,410.90","4.65M","-1.27%"
"06/14/2022","1,432.48","1,402.10","1,440.78","1,395.29","6.09M","1.13%"
"06/13/2022","1,416.52","1,435.51","1,435.51","1,403.79","6.99M","-3.54%"
"06/10/2022","1,468.52","1,477.77","1,485.58","1,465.34","6.52M","-2.52%"
"06/09/2022","1,506.51","1,476.68","1,508.45","1,473.20","4.36M","1.00%"
"06/08/2022","1,491.59","1,511.68","1,511.68","1,483.64","4.70M","-0.44%"
"06/07/2022","1,498.26","1,511.33","1,511.33","1,494.18","4.90M","-1.53%"
"06/06/2022","1,521.48","1,507.50","1,527.99","1,484.63","6.62M","0.55%"
"06/03/2022","1,513.17","1,516.35","1,546.29","1,509.49","9.40M","0.91%"
"06/02/2022","1,499.55","1,475.68","1,505.37","1,467.33","7.21M","1.99%"
"06/01/2022","1,470.26","1,504.52","1,506.26","1,463.85","8.74M","-1.67%"
"05/31/2022","1,495.17","1,502.23","1,509.49","1,479.81","16.03M","-1.52%"
"05/30/2022","1,518.24","1,478.67","1,521.43","1,476.68","10.90M","4.48%"
"05/27/2022","1,453.16","1,435.86","1,458.78","1,429.34","8.28M","2.63%"
"05/26/2022","1,415.97","1,410.05","1,421.99","1,399.17","13.04M","0.96%"
"05/25/2022","1,402.55","1,426.96","1,434.42","1,391.41","9.63M","-2.12%"
"05/24/2022","1,432.93","1,460.37","1,461.31","1,427.21","5.69M","-1.87%"
"05/23/2022","1,460.17","1,446.95","1,479.66","1,441.92","5.89M","0.91%"
"05/20/2022","1,446.99","1,444.86","1,458.53","1,438.59","10.49M","1.96%"
"05/19/2022","1,419.15","1,472.70","1,476.38","1,409.70","16.56M","-5.44%"
"05/18/2022","1,500.74","1,513.47","1,541.02","1,496.86","6.59M","-0.61%"
"05/17/2022","1,509.94","1,486.52","1,516.45","1,472.60","6.52M","1.40%"
"05/16/2022","1,489.10","1,510.00","1,511.85","1,478.65","6.15M","-1.02%"
"05/13/2022","1,504.40","1,519.30","1,529.25","1,498.10","6.72M","-0.29%"
"05/12/2022","1,508.80","1,514.00","1,527.50","1,504.30","7.03M","-1.18%"
"05/11/2022","1,526.75","1,549.95","1,549.95","1,511.60","7.85M","-1.69%"
"05/10/2022","1,553.00","1,558.00","1,569.15","1,546.05","6.21M","-1.10%"
"05/09/2022","1,570.35","1,540.00","1,586.80","1,522.15","6.83M","1.78%"
"05/06/2022","1,542.85","1,550.00","1,561.85","1,535.05","6.17M","-2.67%"
"05/05/2022","1,585.15","1,560.05","1,589.40","1,557.45","6.14M","3.23%"
"05/04/2022","1,535.55","1,547.25","1,570.00","1,530.15","6.22M","-0.35%"
"05/02/2022","1,541.00","1,550.90","1,552.75","1,531.00","7.07M","-1.69%"
"04/29/2022","1,567.55","1,590.00","1,597.30","1,560.80","9.83M","-0.95%"
"04/28/2022","1,582.60","1,570.00","1,601.80","1,557.45","9.25M","1.92%"
"04/27/2022","1,552.80","1,572.75","1,572.75","1,550.35","8.82M","-1.78%"
"04/26/2022","1,581.00","1,577.20","1,592.00","1,566.55","5.35M","1.27%"
"04/25/2022","1,561.10","1,572.80","1,572.80","1,554.10","7.00M","-1.54%"
"04/22/2022","1,585.45","1,604.35","1,610.70","1,582.40","8.13M","-2.06%"
"04/21/2022","1,618.80","1,595.00","1,627.20","1,589.25","7.77M","1.96%"
"04/20/2022","1,587.70","1,575.00","1,596.30","1,563.00","10.68M","1.65%"
"04/19/2022","1,562.00","1,636.65","1,636.65","1,550.00","17.04M","-3.66%"
"04/18/2022","1,621.40","1,605.50","1,650.00","1,590.00","30.52M","-7.27%"
"04/13/2022","1,748.55","1,754.95","1,757.50","1,732.00","6.26M","0.35%"
"04/12/2022","1,742.45","1,757.50","1,757.50","1,727.75","6.46M","-1.36%"
"04/11/2022","1,766.55","1,814.00","1,814.00","1,762.55","8.25M","-2.65%"
"04/08/2022","1,814.60","1,823.00","1,838.00","1,808.00","5.13M","0.20%"
"04/07/2022","1,811.00","1,821.05","1,828.15","1,807.55","5.80M","-0.98%"
"04/06/2022","1,828.85","1,855.00","1,857.50","1,822.15","5.41M","-1.73%"
"04/05/2022","1,861.10","1,883.80","1,889.60","1,857.15","5.47M","-1.16%"
"04/04/2022","1,882.95","1,889.75","1,893.00","1,873.00","7.36M","-1.08%"
"04/01/2022","1,903.55","1,886.85","1,910.30","1,878.30","6.17M","-0.17%"
"03/31/2022","1,906.85","1,900.00","1,913.00","1,894.20","5.40M","0.15%"
"03/30/2022","1,903.95","1,910.00","1,919.00","1,895.00","7.80M","0.95%"
"03/29/2022","1,886.00","1,873.90","1,889.40","1,860.55","3.92M","0.65%"
"03/28/2022","1,873.90","1,866.00","1,880.90","1,852.65","4.01M","-0.14%"
"03/25/2022","1,876.55","1,892.00","1,894.00","1,858.00","3.44M","-0.54%"
"03/24/2022","1,886.70","1,856.15","1,894.60","1,856.15","3.78M","0.76%"
"03/23/2022","1,872.40","1,897.00","1,900.00","1,857.00","6.19M","-0.79%"
"03/22/2022","1,887.40","1,850.00","1,890.00","1,839.00","5.71M","1.85%"
"03/21/2022","1,853.05","1,861.00","1,886.90","1,841.10","8.36M","-0.08%"
"03/17/2022","1,854.60","1,923.30","1,923.30","1,833.05","17.73M","-1.84%"
"03/16/2022","1,889.40","1,865.00","1,893.95","1,849.00","5.23M","2.72%"
"03/15/2022","1,839.30","1,888.35","1,888.35","1,830.00","7.14M","-2.72%"
"03/14/2022","1,890.70","1,831.55","1,895.00","1,831.55","10.29M","3.77%"
"03/11/2022","1,822.00","1,814.00","1,831.40","1,811.00","4.76M","-0.21%"
"03/10/2022","1,825.90","1,844.75","1,844.75","1,810.20","6.55M","0.69%"
"03/09/2022","1,813.35","1,791.00","1,831.60","1,791.00","10.19M","1.98%"
"03/08/2022","1,778.20","1,718.45","1,800.00","1,718.45","10.98M","2.20%"
"03/07/2022","1,739.85","1,697.00","1,751.00","1,696.00","9.74M","0.96%"
"03/04/2022","1,723.30","1,695.25","1,736.00","1,681.00","9.07M","0.14%"
"03/03/2022","1,720.85","1,720.20","1,733.90","1,705.55","7.34M","1.06%"
"03/02/2022","1,702.80","1,710.00","1,714.40","1,691.00","6.77M","-0.75%"
"02/28/2022","1,715.60","1,682.20","1,728.05","1,665.00","15.08M","1.24%"
"02/25/2022","1,694.60","1,715.00","1,728.15","1,677.00","9.74M","0.98%"
"02/24/2022","1,678.15","1,690.10","1,714.95","1,670.50","13.59M","-3.71%"
"02/23/2022","1,742.85","1,750.00","1,758.25","1,733.40","5.48M","0.49%"
"02/22/2022","1,734.35","1,699.90","1,751.00","1,691.05","8.88M","0.21%"
"02/21/2022","1,730.70","1,701.00","1,737.30","1,691.50","5.12M","1.39%"
"02/18/2022","1,706.95","1,710.00","1,722.50","1,703.50","5.60M","-1.03%"
"02/17/2022","1,724.80","1,744.00","1,749.00","1,720.30","3.94M","-0.49%"
"02/16/2022","1,733.30","1,738.25","1,755.45","1,726.85","5.35M","-0.28%"
"02/15/2022","1,738.25","1,699.00","1,746.75","1,690.45","4.67M","3.33%"
"02/14/2022","1,682.20","1,690.00","1,718.55","1,678.25","7.46M","-2.27%"
"02/11/2022","1,721.35","1,740.00","1,745.95","1,713.00","7.55M","-2.73%"
"02/10/2022","1,769.60","1,755.65","1,773.90","1,748.75","4.33M","1.86%"
"02/09/2022","1,737.30","1,735.00","1,743.00","1,725.00","3.87M","1.16%"
"02/08/2022","1,717.30","1,710.00","1,725.00","1,696.00","6.05M","0.13%"
"02/07/2022","1,715.00","1,722.20","1,732.00","1,695.40","4.31M","-1.50%"
"02/04/2022","1,741.10","1,732.00","1,753.95","1,710.15","4.70M","0.15%"
"02/03/2022","1,738.55","1,779.00","1,779.00","1,734.00","3.83M","-2.72%"
"02/02/2022","1,787.10","1,789.00","1,792.80","1,772.00","4.25M","0.85%"
"02/01/2022","1,772.05","1,766.10","1,780.00","1,734.70","5.12M","2.06%"
"01/31/2022","1,736.20","1,718.00","1,749.50","1,715.35","8.79M","2.97%"
"01/28/2022","1,686.20","1,681.00","1,727.55","1,679.50","11.00M","0.45%"
"01/27/2022","1,678.60","1,702.00","1,709.70","1,665.00","11.23M","-2.53%"
"01/25/2022","1,722.15","1,726.60","1,740.00","1,700.50","9.14M","-0.84%"
"01/24/2022","1,736.80","1,765.00","1,768.65","1,728.00","7.12M","-2.74%"
"01/21/2022","1,785.70","1,795.00","1,808.00","1,776.00","8.25M","-2.08%"
"01/20/2022","1,823.70","1,844.00","1,848.00","1,815.50","5.53M","-2.32%"
"01/19/2022","1,867.05","1,916.00","1,916.00","1,862.85","5.75M","-2.80%"
"01/18/2022","1,920.75","1,922.10","1,945.00","1,911.45","3.69M","-0.97%"
"01/17/2022","1,939.50","1,938.55","1,953.90","1,930.50","5.26M","0.53%"
"01/14/2022","1,929.35","1,882.00","1,933.00","1,881.00","7.69M","1.72%"
"01/13/2022","1,896.80","1,905.00","1,912.50","1,866.35","14.28M","1.03%"
"01/12/2022","1,877.45","1,868.90","1,889.00","1,860.00","5.36M","1.18%"
"01/11/2022","1,855.60","1,855.00","1,870.00","1,850.15","5.14M","0.26%"
"01/10/2022","1,850.75","1,815.00","1,869.90","1,813.00","7.86M","2.01%"
"01/07/2022","1,814.30","1,815.45","1,836.00","1,806.80","4.83M","-0.19%"
"01/06/2022","1,817.80","1,828.00","1,828.00","1,800.00","6.45M","-1.46%"
"01/05/2022","1,844.65","1,900.00","1,902.90","1,840.00","7.00M","-2.87%"
"01/04/2022","1,899.15","1,898.45","1,906.65","1,878.00","3.92M","0.04%"
"01/03/2022","1,898.45","1,887.75","1,914.05","1,887.75","3.33M","0.57%"
"12/31/2021","1,887.75","1,890.00","1,898.35","1,871.65","4.62M","-0.27%"
"12/30/2021","1,892.85","1,884.50","1,909.80","1,874.35","4.58M","0.39%"
"12/29/2021","1,885.55","1,883.50","1,893.80","1,876.40","3.24M","-0.13%"
"12/28/2021","1,888.00","1,880.70","1,895.90","1,878.40","3.34M","1.17%"
"12/27/2021","1,866.15","1,860.00","1,874.50","1,845.05","2.65M","0.14%"
"12/24/2021","1,863.50","1,872.95","1,875.75","1,854.00","3.78M","0.32%"
"12/23/2021","1,857.60","1,831.25","1,861.60","1,827.00","4.11M","1.80%"
"12/22/2021","1,824.70","1,825.00","1,829.15","1,812.35","4.16M","0.72%"
"12/21/2021","1,811.60","1,801.00","1,838.00","1,801.00","5.35M","0.71%"
"12/20/2021","1,798.90","1,801.70","1,829.65","1,787.30","5.77M","-1.21%"
"12/17/2021","1,820.85","1,820.00","1,842.00","1,806.75","18.89M","2.78%"
"12/16/2021","1,771.60","1,762.65","1,777.60","1,758.00","4.48M","2.16%"
"12/15/2021","1,734.20","1,745.00","1,747.95","1,721.20","3.05M","-1.02%"
"12/14/2021","1,752.15","1,730.90","1,763.00","1,710.35","4.77M","0.43%"
"12/13/2021","1,744.65","1,767.05","1,771.35","1,738.80","4.04M","-0.83%"
"12/10/2021","1,759.25","1,760.00","1,763.75","1,746.00","1.82M","-0.24%"
"12/09/2021","1,763.45","1,759.00","1,769.40","1,742.00","2.08M","0.58%"
"12/08/2021","1,753.35","1,733.00","1,759.80","1,732.60","3.03M","2.44%"
"12/07/2021","1,711.65","1,701.10","1,724.90","1,694.00","4.20M","0.96%"
"12/06/2021","1,695.30","1,730.00","1,733.95","1,691.50","3.99M","-2.32%"
"12/03/2021","1,735.55","1,771.10","1,786.65","1,732.55","6.75M","-0.73%"
"12/02/2021","1,748.25","1,715.00","1,750.50","1,711.35","5.56M","1.94%"
"12/01/2021","1,714.90","1,715.00","1,741.90","1,713.00","5.19M","0.13%"
"11/30/2021","1,712.65","1,704.55","1,729.90","1,700.05","14.81M","0.96%"
"11/29/2021","1,696.35","1,691.00","1,712.00","1,669.15","3.94M","0.28%"
"11/26/2021","1,691.65","1,702.55","1,718.35","1,684.00","4.49M","-1.79%"
"11/25/2021","1,722.40","1,700.00","1,726.20","1,696.95","4.48M","1.56%"
"11/24/2021","1,696.00","1,740.00","1,740.50","1,688.00","7.33M","-2.35%"
"11/23/2021","1,736.90","1,735.10","1,747.25","1,710.00","8.44M","-1.28%"
"11/22/2021","1,759.40","1,784.00","1,785.40","1,751.15","6.62M","-1.12%"
"11/18/2021","1,779.40","1,781.60","1,789.45","1,759.00","4.33M","-0.45%"
"11/17/2021","1,787.45","1,792.55","1,802.00","1,780.70","4.73M","-0.27%"
"11/16/2021","1,792.30","1,790.00","1,808.95","1,777.00","6.03M","0.29%"
"11/15/2021","1,787.15","1,782.10","1,800.00","1,775.50","4.35M","0.39%"
"11/12/2021","1,780.20","1,743.00","1,782.85","1,738.05","5.07M","2.71%"
"11/11/2021","1,733.30","1,732.95","1,739.75","1,709.00","4.73M","-0.39%"
"11/10/2021","1,740.15","1,726.00","1,750.95","1,721.95","4.78M","-0.13%"
"11/09/2021","1,742.50","1,734.75","1,750.00","1,726.00","4.02M","0.29%"
"11/08/2021","1,737.50","1,730.00","1,741.00","1,703.00","5.25M","1.69%"
"11/04/2021","1,708.70","1,715.00","1,717.00","1,705.00","483.41K","0.36%"
"11/03/2021","1,702.50","1,709.00","1,717.45","1,699.00","3.53M","0.27%"
"11/02/2021","1,697.90","1,695.00","1,706.45","1,686.35","3.47M","-0.13%"
"11/01/2021","1,700.05","1,677.50","1,707.20","1,676.00","3.64M","1.94%"
"10/29/2021","1,667.75","1,699.00","1,712.60","1,661.05","5.88M","-2.12%"
"10/28/2021","1,703.90","1,719.35","1,724.75","1,692.05","5.33M","-1.45%"
"10/27/2021","1,728.95","1,709.10","1,734.15","1,701.15","5.09M","1.48%"
"10/26/2021","1,703.70","1,710.05","1,726.60","1,695.90","5.87M","-0.23%"
"10/25/2021","1,707.55","1,722.05","1,729.75","1,687.20","5.91M","-0.71%"
"10/22/2021","1,719.80","1,749.90","1,763.20","1,707.00","7.37M","-1.93%"
"10/21/2021","1,753.65","1,814.00","1,814.00","1,746.85","8.78M","-2.70%"
"10/20/2021","1,802.35","1,829.40","1,848.00","1,794.05","5.88M","-1.09%"
"10/19/2021","1,822.15","1,814.00","1,834.50","1,782.30","10.32M","1.67%"
"10/18/2021","1,792.15","1,740.00","1,799.00","1,740.00","13.44M","4.45%"
"10/14/2021","1,715.75","1,754.00","1,783.60","1,698.20","19.66M","0.38%"
"10/13/2021","1,709.20","1,695.95","1,713.65","1,680.05","7.10M","1.43%"
"10/12/2021","1,685.15","1,677.00","1,689.00","1,662.00","7.44M","-0.34%"
"10/11/2021","1,690.95","1,682.00","1,730.00","1,663.70","8.84M","-1.91%"
"10/08/2021","1,723.85","1,705.25","1,731.50","1,698.40","4.74M","1.94%"
"10/07/2021","1,691.00","1,687.00","1,704.20","1,676.65","5.48M","1.04%"
"10/06/2021","1,673.55","1,702.10","1,709.00","1,670.00","4.27M","-1.14%"
"10/05/2021","1,692.80","1,671.00","1,702.95","1,663.00","4.37M","0.84%"
"10/04/2021","1,678.75","1,672.50","1,688.00","1,665.40","2.95M","0.82%"
"10/01/2021","1,665.15","1,665.10","1,678.95","1,661.25","5.73M","-0.60%"
"09/30/2021","1,675.20","1,703.00","1,703.00","1,670.10","6.91M","-1.01%"
"09/29/2021","1,692.25","1,659.25","1,701.40","1,655.00","7.79M","0.31%"
"09/28/2021","1,687.10","1,710.00","1,710.00","1,675.00","6.56M","-1.98%"
"09/27/2021","1,721.15","1,768.75","1,769.00","1,718.10","5.05M","-2.42%"
"09/24/2021","1,763.85","1,758.00","1,788.00","1,752.45","8.28M","1.22%"
"09/23/2021","1,742.55","1,732.00","1,745.00","1,721.10","3.83M","1.49%"
"09/22/2021","1,716.90","1,717.00","1,738.90","1,713.05","4.55M","-0.09%"
"09/21/2021","1,718.45","1,700.00","1,726.75","1,684.65","4.67M","1.81%"
"09/20/2021","1,687.85","1,685.00","1,707.70","1,677.95","5.66M","-0.20%"
"09/17/2021","1,691.30","1,697.00","1,718.00","1,684.45","7.45M","-0.64%"
"09/16/2021","1,702.25","1,715.20","1,719.25","1,691.45","3.25M","-0.54%"
"09/15/2021","1,711.45","1,693.25","1,715.10","1,690.20","4.06M","1.50%"
"09/14/2021","1,686.15","1,695.95","1,695.95","1,678.60","4.95M","-0.34%"
"09/13/2021","1,691.90","1,683.00","1,701.50","1,675.20","4.66M","0.02%"
"09/09/2021","1,691.60","1,685.90","1,694.90","1,682.15","3.33M","-0.10%"
"09/08/2021","1,693.25","1,700.85","1,700.85","1,682.95","4.58M","-0.79%"
"09/07/2021","1,706.65","1,730.00","1,734.90","1,704.00","3.52M","-1.37%"
"09/06/2021","1,730.40","1,705.15","1,732.00","1,699.35","4.88M","1.75%"
"09/03/2021","1,700.65","1,696.05","1,705.95","1,684.40","5.34M","0.68%"
"09/02/2021","1,689.10","1,677.35","1,694.30","1,662.65","6.83M","0.68%"
"09/01/2021","1,677.75","1,709.50","1,709.50","1,673.15","7.80M","-1.68%"
"08/31/2021","1,706.45","1,700.15","1,715.00","1,685.85","12.26M","0.49%"
"08/30/2021","1,698.05","1,703.05","1,718.65","1,690.40","6.56M","-0.63%"
"08/27/2021","1,708.80","1,725.00","1,727.70","1,705.20","6.70M","-1.09%"
"08/26/2021","1,727.70","1,734.00","1,746.00","1,720.00","5.30M","-0.45%"
"08/25/2021","1,735.55","1,718.00","1,746.90","1,718.00","6.15M","0.85%"
"08/24/2021","1,720.85","1,750.00","1,757.00","1,712.70","7.60M","-1.03%"
"08/23/2021","1,738.75","1,735.75","1,753.15","1,732.00","6.19M","0.33%"
"08/20/2021","1,732.95","1,716.10","1,745.00","1,716.10","6.21M","-0.03%"
"08/18/2021","1,733.45","1,729.00","1,755.50","1,727.00","6.69M","-0.47%"
"08/17/2021","1,741.65","1,703.90","1,748.90","1,686.55","9.51M","2.19%"
"08/16/2021","1,704.40","1,707.70","1,719.95","1,690.10","4.56M","-0.46%"
"08/13/2021","1,712.20","1,697.00","1,722.50","1,691.30","5.61M","1.34%"
"08/12/2021","1,689.60","1,679.15","1,696.50","1,674.00","5.66M","0.72%"
"08/11/2021","1,677.55","1,674.80","1,684.00","1,668.00","4.90M","0.02%"
"08/10/2021","1,677.25","1,668.00","1,680.00","1,661.05","6.85M","0.84%"
"08/09/2021","1,663.30","1,661.00","1,667.45","1,646.40","5.02M","0.79%"
"08/06/2021","1,650.20","1,657.00","1,660.65","1,644.00","3.75M","-0.20%"
"08/05/2021","1,653.55","1,649.50","1,666.00","1,647.05","5.42M","0.26%"
"08/04/2021","1,649.25","1,669.10","1,679.90","1,639.05","6.74M","-0.36%"
"08/03/2021","1,655.20","1,647.00","1,658.65","1,635.60","5.51M","1.45%"
"08/02/2021","1,631.55","1,627.45","1,634.75","1,619.20","5.55M","1.31%"
"07/30/2021","1,610.50","1,610.00","1,623.40","1,606.15","6.23M","-0.40%"
"07/29/2021","1,617.00","1,600.10","1,620.00","1,600.10","4.66M","0.71%"
"07/28/2021","1,605.60","1,605.10","1,607.60","1,585.50","4.69M","0.19%"
"07/27/2021","1,602.55","1,605.00","1,609.30","1,597.90","5.89M","-0.08%"
"07/26/2021","1,603.90","1,594.10","1,611.65","1,594.10","4.59M","0.85%"
"07/23/2021","1,590.45","1,588.55","1,598.50","1,585.05","4.18M","0.02%"
"07/22/2021","1,590.20","1,561.40","1,592.85","1,561.40","7.85M","2.59%"
"07/20/2021","1,550.05","1,538.30","1,557.70","1,538.00","5.07M","0.54%"
"07/19/2021","1,541.70","1,544.70","1,552.90","1,537.55","5.67M","-0.88%"
"07/16/2021","1,555.45","1,573.75","1,574.65","1,549.60","6.27M","-1.60%"
"07/15/2021","1,580.80","1,557.90","1,596.85","1,556.00","10.02M","0.25%"
"07/14/2021","1,576.90","1,554.00","1,582.80","1,538.10","5.66M","2.07%"
"07/13/2021","1,544.95","1,556.40","1,556.40","1,536.30","4.46M","-0.19%"
"07/12/2021","1,547.85","1,570.55","1,578.00","1,533.75","4.59M","-0.96%"
"07/09/2021","1,562.90","1,556.00","1,569.90","1,551.00","3.44M","0.14%"
"07/08/2021","1,560.75","1,568.00","1,576.00","1,549.00","3.33M","-0.25%"
"07/07/2021","1,564.60","1,566.05","1,570.55","1,544.65","4.80M","0.15%"
"07/06/2021","1,562.20","1,573.70","1,586.75","1,557.10","4.09M","-1.06%"
"07/05/2021","1,578.95","1,569.15","1,585.00","1,561.05","4.06M","0.71%"
"07/02/2021","1,567.80","1,558.95","1,569.45","1,542.60","5.17M","0.47%"
"07/01/2021","1,560.40","1,576.85","1,576.85","1,559.05","4.81M","-1.29%"
"06/30/2021","1,580.80","1,572.05","1,591.00","1,572.05","6.06M","1.14%"
"06/29/2021","1,563.05","1,561.00","1,573.65","1,559.20","5.91M","-0.56%"
"06/28/2021","1,571.80","1,572.90","1,580.15","1,560.60","5.02M","-0.15%"
"06/25/2021","1,574.20","1,572.00","1,578.00","1,543.00","9.78M","0.96%"
"06/24/2021","1,559.20","1,517.00","1,568.75","1,511.20","10.79M","3.73%"
"06/23/2021","1,503.15","1,525.00","1,525.00","1,498.65","5.53M","-0.58%"
"06/22/2021","1,511.85","1,509.70","1,521.45","1,502.10","6.43M","0.77%"
"06/21/2021","1,500.30","1,493.00","1,505.80","1,484.20","5.45M","-0.20%"
"06/18/2021","1,503.30","1,509.00","1,515.80","1,487.40","13.53M","0.54%"
"06/17/2021","1,495.30","1,475.10","1,502.65","1,475.10","7.68M","0.99%"
"06/16/2021","1,480.60","1,472.70","1,489.45","1,467.50","7.66M","0.45%"
"06/15/2021","1,473.90","1,464.00","1,476.00","1,463.00","5.40M","0.83%"
"06/14/2021","1,461.80","1,471.00","1,477.00","1,453.45","7.13M","1.03%"
"06/11/2021","1,446.90","1,430.10","1,451.60","1,429.45","6.14M","1.59%"
"06/10/2021","1,424.30","1,424.00","1,429.00","1,419.00","3.50M","0.64%"
"06/09/2021","1,415.30","1,413.40","1,425.00","1,404.60","5.39M","0.17%"
"06/08/2021","1,412.95","1,396.00","1,421.75","1,395.55","7.36M","1.68%"
"06/07/2021","1,389.65","1,391.00","1,392.00","1,377.30","5.15M","0.29%"
"06/04/2021","1,385.65","1,393.95","1,396.90","1,377.65","4.19M","-0.29%"
"06/03/2021","1,389.65","1,388.10","1,399.00","1,377.05","5.12M","0.80%"
"06/02/2021","1,378.65","1,380.75","1,391.95","1,365.00","9.27M","-0.62%"
"06/01/2021","1,387.20","1,400.00","1,401.00","1,378.65","4.79M","-0.47%"
"05/31/2021","1,393.75","1,401.50","1,401.50","1,383.00","4.43M","-0.80%"
"05/28/2021","1,405.05","1,409.75","1,414.00","1,396.10","4.26M","0.20%"
"05/27/2021","1,402.25","1,404.20","1,416.25","1,391.70","15.37M","0.36%"
"05/26/2021","1,397.25","1,367.90","1,400.00","1,362.05","6.85M","2.62%"
"05/25/2021","1,361.60","1,358.00","1,368.00","1,354.45","4.10M","1.01%"
"05/24/2021","1,348.05","1,356.65","1,363.00","1,345.10","4.23M","-0.48%"
"05/21/2021","1,354.50","1,347.50","1,357.50","1,346.35","4.97M","1.13%"
"05/20/2021","1,339.30","1,348.40","1,349.10","1,335.00","4.49M","0.17%"
"05/19/2021","1,337.00","1,342.00","1,357.45","1,333.25","4.44M","-0.22%"
"05/18/2021","1,340.00","1,338.00","1,344.60","1,329.50","5.62M","0.80%"
"05/17/2021","1,329.40","1,320.30","1,334.95","1,320.30","5.02M","0.99%"
"05/14/2021","1,316.40","1,326.85","1,326.85","1,311.30","4.82M","-0.80%"
"05/12/2021","1,327.00","1,330.00","1,330.00","1,314.50","5.24M","-0.27%"
"05/11/2021","1,330.65","1,336.90","1,341.00","1,325.10","6.42M","-0.66%"
"05/10/2021","1,339.55","1,349.85","1,352.90","1,335.05","7.20M","-0.96%"
"05/07/2021","1,352.55","1,365.30","1,373.05","1,348.50","4.99M","-0.66%"
"05/06/2021","1,361.60","1,345.00","1,364.70","1,337.40","4.81M","1.50%"
"05/05/2021","1,341.50","1,341.10","1,343.90","1,327.80","3.94M","0.91%"
"05/04/2021","1,329.40","1,354.00","1,354.95","1,324.10","4.89M","-1.68%"
"05/03/2021","1,352.05","1,340.80","1,361.00","1,338.00","4.56M","-0.17%"
"04/30/2021","1,354.35","1,346.30","1,373.90","1,345.90","8.35M","-0.15%"
"04/29/2021","1,356.35","1,368.00","1,369.00","1,351.40","5.41M","0.03%"
"04/28/2021","1,356.00","1,358.00","1,359.50","1,344.60","4.88M","0.56%"
"04/27/2021","1,348.50","1,346.00","1,353.00","1,340.15","3.64M","0.37%"
"04/26/2021","1,343.55","1,332.25","1,351.30","1,321.00","7.09M","0.73%"
"04/23/2021","1,333.80","1,343.00","1,348.40","1,331.00","7.32M","-1.28%"
"04/22/2021","1,351.10","1,355.55","1,364.80","1,345.15","6.62M","-0.02%"
"04/20/2021","1,351.35","1,379.00","1,379.00","1,342.40","8.56M","-0.82%"
"04/19/2021","1,362.55","1,340.00","1,379.70","1,332.35","12.51M","0.65%"
"04/16/2021","1,353.75","1,365.00","1,370.85","1,346.60","10.88M","-0.51%"
"04/15/2021","1,360.75","1,332.30","1,366.40","1,320.00","25.34M","-2.61%"
"04/13/2021","1,397.15","1,433.00","1,435.25","1,375.00","14.86M","-2.01%"
"04/12/2021","1,425.75","1,474.00","1,477.55","1,415.00","20.38M","-1.06%"
"04/09/2021","1,441.05","1,455.00","1,455.00","1,430.05","6.05M","0.08%"
"04/08/2021","1,439.85","1,430.00","1,451.70","1,421.00","5.65M","0.67%"
"04/07/2021","1,430.20","1,410.25","1,434.95","1,406.60","5.88M","1.36%"
"04/06/2021","1,411.05","1,423.00","1,426.00","1,406.45","5.79M","0.08%"
"04/05/2021","1,409.90","1,391.00","1,425.00","1,387.00","9.48M","1.78%"
"04/01/2021","1,385.20","1,380.00","1,391.60","1,371.00","5.68M","1.25%"
"03/31/2021","1,368.05","1,382.00","1,388.00","1,363.30","8.22M","-1.25%"
"03/30/2021","1,385.30","1,346.90","1,400.00","1,336.15","10.55M","3.67%"
"03/26/2021","1,336.20","1,344.70","1,356.70","1,332.00","4.92M","0.18%"
"03/25/2021","1,333.80","1,346.75","1,352.50","1,327.60","8.75M","-1.47%"
"03/24/2021","1,353.75","1,357.85","1,370.45","1,346.25","6.13M","-1.30%"
"03/23/2021","1,371.55","1,372.45","1,383.25","1,359.60","7.17M","0.05%"
"03/22/2021","1,370.80","1,350.10","1,376.00","1,336.10","4.86M","1.96%"
"03/19/2021","1,344.45","1,330.00","1,355.20","1,318.00","12.77M","0.55%"
"03/18/2021","1,337.10","1,393.75","1,393.75","1,313.50","10.96M","-3.60%"
"03/17/2021","1,387.00","1,392.25","1,400.00","1,382.00","7.63M","0.22%"
"03/16/2021","1,384.00","1,386.05","1,406.00","1,380.50","9.35M","0.76%"
"03/15/2021","1,373.60","1,370.00","1,379.90","1,358.50","6.66M","-0.09%"
"03/12/2021","1,374.85","1,373.00","1,391.70","1,370.05","9.46M","0.49%"
"03/10/2021","1,368.15","1,356.90","1,374.00","1,355.00","7.93M","1.68%"
"03/09/2021","1,345.55","1,329.50","1,350.45","1,318.75","6.52M","0.73%"
"03/08/2021","1,335.75","1,324.80","1,346.10","1,317.20","5.12M","1.45%"
"03/05/2021","1,316.70","1,328.50","1,340.00","1,305.05","6.49M","-1.03%"
"03/04/2021","1,330.35","1,335.00","1,363.85","1,325.90","12.04M","-0.98%"
"03/03/2021","1,343.55","1,319.20","1,347.00","1,308.00","9.06M","2.99%"
"03/02/2021","1,304.50","1,282.25","1,310.00","1,279.20","10.46M","2.96%"
"03/01/2021","1,267.00","1,263.30","1,284.50","1,259.00","5.76M","1.09%"
"02/26/2021","1,253.30","1,269.00","1,274.30","1,244.75","15.13M","-1.67%"
"02/25/2021","1,274.55","1,288.45","1,299.75","1,272.00","8.79M","0.02%"
"02/24/2021","1,274.30","1,260.05","1,276.60","1,252.00","4.54M","0.63%"
"02/23/2021","1,266.35","1,271.15","1,291.00","1,257.55","6.61M","0.09%"
"02/22/2021","1,265.20","1,295.00","1,308.55","1,260.00","7.37M","-2.02%"
"02/19/2021","1,291.30","1,296.10","1,299.50","1,276.80","5.39M","-0.09%"
"02/18/2021","1,292.45","1,276.00","1,306.00","1,275.00","6.44M","0.87%"
"02/17/2021","1,281.30","1,290.40","1,294.50","1,275.00","4.58M","-0.71%"
"02/16/2021","1,290.40","1,314.00","1,319.75","1,286.00","6.90M","-1.47%"
"02/15/2021","1,309.65","1,320.00","1,328.40","1,307.10","4.36M","-0.01%"
"02/12/2021","1,309.80","1,305.00","1,323.75","1,301.55","5.80M","1.33%"
"02/11/2021","1,292.65","1,289.00","1,296.00","1,283.05","4.67M","-0.30%"
"02/10/2021","1,296.50","1,295.80","1,304.35","1,283.60","5.95M","-0.69%"
"02/09/2021","1,305.55","1,306.90","1,332.00","1,297.85","7.97M","0.15%"
"02/08/2021","1,303.55","1,285.50","1,310.00","1,275.50","6.92M","2.47%"
"02/05/2021","1,272.10","1,286.40","1,288.75","1,262.00","5.48M","-0.57%"
"02/04/2021","1,279.35","1,285.00","1,293.40","1,272.05","5.03M","-0.41%"
"02/03/2021","1,284.65","1,277.65","1,304.00","1,273.00","8.18M","1.05%"
"02/02/2021","1,271.25","1,280.00","1,294.40","1,263.60","6.89M","0.82%"
"02/01/2021","1,260.90","1,250.55","1,277.95","1,241.00","8.88M","1.76%"
"01/29/2021","1,239.05","1,286.25","1,291.15","1,231.00","12.18M","-2.91%"
"01/28/2021","1,276.20","1,291.80","1,296.45","1,272.55","4.66M","-1.91%"
"01/27/2021","1,301.00","1,319.60","1,327.55","1,285.10","8.13M","-1.82%"
"01/25/2021","1,325.10","1,345.00","1,347.90","1,313.00","6.54M","-1.17%"
"01/22/2021","1,340.85","1,327.00","1,356.00","1,326.55","9.65M","0.09%"
"01/21/2021","1,339.70","1,350.00","1,361.05","1,335.00","6.14M","0.02%"
"01/20/2021","1,339.45","1,320.55","1,348.40","1,320.55","8.23M","1.73%"
"01/19/2021","1,316.65","1,320.00","1,331.00","1,312.00","5.59M","0.35%"
"01/18/2021","1,312.05","1,338.00","1,340.00","1,306.00","8.86M","-2.45%"
"01/15/2021","1,344.95","1,360.00","1,364.45","1,340.00","15.02M","-1.86%"
"01/14/2021","1,370.50","1,360.00","1,384.00","1,318.45","27.52M","-1.20%"
"01/13/2021","1,387.15","1,373.85","1,392.80","1,360.00","14.44M","1.12%"
"01/12/2021","1,371.75","1,378.00","1,378.00","1,360.00","8.31M","-0.32%"
"01/11/2021","1,376.20","1,342.10","1,383.35","1,340.00","20.53M","4.89%"
"01/08/2021","1,312.10","1,278.25","1,316.80","1,278.25","13.19M","3.96%"
"01/07/2021","1,262.15","1,296.00","1,297.65","1,255.50","10.95M","-1.56%"
"01/06/2021","1,282.10","1,300.00","1,302.00","1,268.05","7.16M","-0.90%"
"01/05/2021","1,293.80","1,282.00","1,299.00","1,275.05","8.15M","0.43%"
"01/04/2021","1,288.25","1,269.00","1,290.00","1,261.15","7.21M","2.21%"
"01/01/2021","1,260.45","1,257.90","1,265.50","1,255.80","4.25M","0.37%"
"12/31/2020","1,255.80","1,243.00","1,258.40","1,239.00","7.43M","0.72%"
"12/30/2020","1,246.80","1,253.00","1,253.30","1,238.15","5.19M","-0.28%"
"12/29/2020","1,250.30","1,235.00","1,254.45","1,235.00","6.88M","0.81%"
"12/28/2020","1,240.30","1,238.45","1,248.00","1,236.00","4.61M","0.34%"
"12/24/2020","1,236.05","1,249.90","1,249.90","1,226.00","7.31M","-1.36%"
"12/23/2020","1,253.05","1,238.00","1,258.85","1,230.55","15.88M","2.67%"
"12/22/2020","1,220.50","1,182.00","1,223.85","1,176.10","10.90M","3.67%"
"12/21/2020","1,177.30","1,188.00","1,209.75","1,152.05","10.86M","-1.05%"
"12/18/2020","1,189.80","1,182.85","1,195.00","1,175.60","16.00M","2.64%"
"12/17/2020","1,159.20","1,165.90","1,168.90","1,156.20","6.66M","-0.56%"
"12/16/2020","1,165.70","1,160.00","1,168.90","1,153.60","7.79M","0.96%"
"12/15/2020","1,154.60","1,156.00","1,163.70","1,152.00","6.91M","-0.85%"
"12/14/2020","1,164.55","1,169.40","1,172.60","1,148.20","6.73M","0.12%"
"12/11/2020","1,163.20","1,159.70","1,171.95","1,155.25","10.57M","-0.39%"
"12/10/2020","1,167.75","1,157.40","1,171.65","1,150.00","9.49M","-0.63%"
"12/09/2020","1,175.20","1,168.05","1,179.50","1,157.00","10.04M","1.89%"
"12/08/2020","1,153.35","1,145.00","1,167.00","1,145.00","12.31M","0.86%"
"12/07/2020","1,143.50","1,147.30","1,153.00","1,136.00","7.79M","0.78%"
"12/04/2020","1,134.65","1,125.00","1,137.00","1,115.00","10.56M","0.73%"
"12/03/2020","1,126.45","1,147.00","1,147.00","1,122.70","16.21M","-1.27%"
"12/02/2020","1,140.90","1,134.00","1,147.45","1,121.00","6.74M","0.27%"
"12/01/2020","1,137.85","1,105.05","1,140.25","1,105.05","8.93M","3.44%"
"11/27/2020","1,100.00","1,118.00","1,121.00","1,091.00","25.31M","-1.19%"
"11/26/2020","1,113.20","1,119.95","1,119.95","1,098.30","10.96M","-0.22%"
"11/25/2020","1,115.65","1,137.00","1,143.50","1,111.25","8.96M","-2.14%"
"11/24/2020","1,140.05","1,145.00","1,154.90","1,133.35","8.52M","0.02%"
"11/23/2020","1,139.85","1,105.00","1,144.80","1,101.95","10.55M","3.31%"
"11/20/2020","1,103.35","1,106.00","1,109.00","1,091.10","8.06M","0.60%"
"11/19/2020","1,096.75","1,100.00","1,114.70","1,093.80","10.09M","-1.24%"
"11/18/2020","1,110.55","1,128.50","1,132.70","1,101.45","9.84M","-1.17%"
"11/17/2020","1,123.70","1,144.75","1,145.00","1,112.65","12.81M","-0.04%"
"11/13/2020","1,124.20","1,120.00","1,133.00","1,117.00","6.36M","0.58%"
"11/12/2020","1,117.75","1,128.10","1,142.00","1,113.75","9.18M","-0.42%"
"11/11/2020","1,122.50","1,096.00","1,126.35","1,087.00","12.51M","2.88%"
"11/10/2020","1,091.05","1,113.85","1,113.85","1,078.00","15.62M","-4.00%"
"11/09/2020","1,136.55","1,129.30","1,146.00","1,121.15","10.16M","2.14%"
"11/06/2020","1,112.75","1,108.00","1,121.10","1,091.70","8.81M","0.79%"
"11/05/2020","1,104.00","1,109.90","1,123.00","1,099.00","9.57M","0.92%"
"11/04/2020","1,093.95","1,068.00","1,116.00","1,066.80","15.70M","2.96%"
"11/03/2020","1,062.55","1,072.00","1,079.40","1,057.50","7.20M","-0.91%"
"11/02/2020","1,072.30","1,065.00","1,079.95","1,051.10","7.18M","1.10%"
"10/30/2020","1,060.60","1,072.00","1,083.60","1,052.35","8.80M","-1.33%"
"10/29/2020","1,074.85","1,070.00","1,082.00","1,060.10","6.94M","-0.16%"
"10/28/2020","1,076.55","1,095.50","1,104.75","1,070.05","7.61M","-1.31%"
"10/27/2020","1,090.85","1,105.70","1,109.70","1,077.15","10.17M","-1.94%"
"10/26/2020","1,112.45","1,122.25","1,129.60","1,103.15","6.31M","-0.90%"
"10/23/2020","1,122.50","1,133.00","1,135.00","1,120.15","9.07M","-0.58%"
"10/22/2020","1,129.05","1,142.00","1,158.00","1,123.80","11.27M","-1.68%"
"10/21/2020","1,148.35","1,141.15","1,154.35","1,135.00","19.81M","0.95%"
"10/20/2020","1,137.50","1,118.90","1,144.70","1,110.00","10.45M","1.03%"
"10/19/2020","1,125.90","1,135.00","1,139.00","1,115.30","12.90M","-0.14%"
"10/16/2020","1,127.50","1,113.85","1,135.95","1,096.90","18.37M","1.74%"
"10/15/2020","1,108.25","1,180.00","1,186.00","1,092.50","44.29M","-2.53%"
"10/14/2020","1,137.00","1,162.00","1,164.90","1,131.10","16.65M","-1.80%"
"10/13/2020","1,157.80","1,135.55","1,166.05","1,135.55","17.52M","2.27%"
"10/12/2020","1,132.10","1,123.00","1,140.00","1,112.10","14.63M","2.29%"
"10/09/2020","1,106.80","1,095.10","1,113.30","1,088.45","10.57M","1.20%"
"10/08/2020","1,093.70","1,090.00","1,124.00","1,088.40","21.48M","2.55%"
"10/07/2020","1,066.55","1,044.90","1,072.00","1,035.50","9.28M","1.02%"
"10/06/2020","1,055.75","1,055.00","1,060.00","1,031.35","9.09M","0.67%"
"10/05/2020","1,048.70","1,018.05","1,054.90","1,018.05","14.21M","3.05%"
"10/01/2020","1,017.65","1,020.60","1,026.50","1,011.75","5.56M","0.93%"
"09/30/2020","1,008.25","1,009.00","1,023.95","1,005.00","8.05M","-0.07%"
"09/29/2020","1,009.00","1,018.00","1,028.00","1,004.10","8.71M","-0.14%"
"09/28/2020","1,010.40","1,014.80","1,016.15","998.50","8.55M","-0.10%"
"09/25/2020","1,011.45","975.80","1,014.90","975.00","13.31M","3.70%"
"09/24/2020","975.40","1,003.00","1,009.00","970.00","14.43M","-4.35%"
"09/23/2020","1,019.75","1,020.15","1,037.00","1,008.10","13.49M","1.22%"
"09/22/2020","1,007.50","1,009.00","1,022.50","991.20","12.63M","-0.24%"
"09/21/2020","1,009.90","1,001.00","1,031.00","1,000.50","14.14M","0.77%"
"09/18/2020","1,002.15","1,011.00","1,018.80","999.10","12.90M","-0.88%"
"09/17/2020","1,011.00","995.00","1,021.00","995.00","15.63M","0.92%"
"09/16/2020","1,001.75","986.00","1,005.65","982.00","10.06M","1.96%"
"09/15/2020","982.45","979.50","994.00","971.65","11.61M","0.41%"
"09/14/2020","978.40","957.00","991.05","948.30","21.87M","3.46%"
"09/11/2020","945.70","934.90","954.15","931.00","6.67M","0.60%"
"09/10/2020","940.05","935.30","942.00","924.80","5.17M","1.33%"
"09/09/2020","927.75","935.00","946.00","926.00","5.53M","-1.23%"
"09/08/2020","939.30","929.95","952.00","925.55","12.89M","1.54%"
"09/07/2020","925.05","918.90","927.55","913.05","6.70M","0.64%"
"09/04/2020","919.15","915.00","929.50","914.45","8.65M","-1.75%"
"09/03/2020","935.55","926.50","949.40","924.00","8.83M","1.25%"
"09/02/2020","924.00","915.00","926.40","913.50","5.68M","1.08%"
"09/01/2020","914.15","926.25","935.00","912.10","6.91M","-1.56%"
"08/31/2020","928.60","935.25","950.50","914.60","12.81M","-0.71%"
"08/28/2020","935.25","951.45","952.50","933.05","7.59M","-1.25%"
"08/27/2020","947.05","960.00","960.95","945.20","6.15M","-0.39%"
"08/26/2020","950.80","941.25","954.25","938.40","5.15M","1.35%"
"08/25/2020","938.10","947.50","948.65","933.60","6.23M","-0.98%"
"08/24/2020","947.40","947.00","952.00","939.20","5.80M","-0.15%"
"08/21/2020","948.80","963.05","963.45","946.55","6.51M","-0.66%"
"08/20/2020","955.15","958.90","965.50","951.30","5.66M","-0.43%"
"08/19/2020","959.30","970.90","971.55","957.45","6.62M","-0.85%"
"08/18/2020","967.55","963.90","969.20","958.70","6.14M","1.05%"
"08/17/2020","957.50","954.10","972.45","954.10","9.01M","0.41%"
"08/14/2020","953.60","955.85","963.00","952.05","4.66M","0.25%"
"08/13/2020","951.20","954.80","968.50","948.25","5.10M","-0.39%"
"08/12/2020","954.95","948.00","958.80","942.20","6.91M","0.69%"
"08/11/2020","948.45","949.90","962.00","946.10","6.80M","-0.30%"
"08/10/2020","951.35","948.90","956.80","945.30","5.72M","0.05%"
"08/07/2020","950.90","969.45","969.45","949.00","8.01M","-2.05%"
"08/06/2020","970.85","953.50","974.40","942.50","10.98M","2.77%"
"08/05/2020","944.70","952.00","960.95","938.30","9.62M","-0.54%"
"08/04/2020","949.85","960.45","970.70","940.55","11.13M","-0.74%"
"08/03/2020","956.90","960.00","965.40","947.45","8.48M","-0.94%"
"07/31/2020","966.00","969.25","986.45","953.30","12.70M","0.47%"
"07/30/2020","961.45","962.00","972.65","958.75","12.49M","0.77%"
"07/29/2020","954.15","953.25","960.00","943.60","11.15M","-0.90%"
"07/28/2020","962.85","946.00","967.55","941.20","15.82M","1.52%"
"07/27/2020","948.45","921.55","952.80","918.65","16.83M","2.77%"
"07/24/2020","922.85","903.25","925.75","903.25","18.21M","1.64%"
"07/23/2020","907.95","915.65","915.80","900.65","13.05M","-1.08%"
"07/22/2020","917.90","938.95","939.00","910.00","14.35M","-2.01%"
"07/21/2020","936.75","945.00","949.70","929.20","12.88M","0.26%"
"07/20/2020","934.30","908.50","945.00","906.75","18.42M","3.45%"
"07/17/2020","903.15","911.00","919.90","892.15","31.68M","-0.86%"
"07/16/2020","911.00","900.10","955.50","894.25","90.43M","9.63%"
"07/15/2020","830.95","799.00","848.45","794.80","30.06M","6.09%"
"07/14/2020","783.25","792.95","806.40","781.35","8.96M","-1.73%"
"07/13/2020","797.05","788.00","805.35","786.05","10.80M","1.94%"
"07/10/2020","781.85","773.50","789.90","773.50","5.21M","0.02%"
"07/09/2020","781.70","780.00","790.00","775.00","6.85M","0.90%"
"07/08/2020","774.70","784.90","784.90","772.20","8.48M","-2.45%"
"07/07/2020","794.15","769.40","796.95","765.55","19.36M","3.95%"
"07/06/2020","764.00","765.20","775.00","761.50","8.81M","0.17%"
"07/03/2020","762.70","755.00","764.00","752.50","7.80M","0.81%"
"07/02/2020","756.60","737.35","765.45","735.40","17.26M","3.37%"
"07/01/2020","731.90","737.25","742.30","729.75","5.48M","-0.55%"
"06/30/2020","735.95","732.80","738.95","724.25","10.41M","0.57%"
"06/29/2020","731.75","735.40","744.70","730.10","8.95M","-2.20%"
"06/26/2020","748.20","710.20","751.60","710.00","26.03M","6.81%"
"06/25/2020","700.50","704.85","705.60","693.50","14.95M","-1.91%"
"06/24/2020","714.15","716.90","726.80","709.40","10.22M","-0.90%"
"06/23/2020","720.65","695.70","724.50","692.10","12.16M","2.41%"
"06/22/2020","703.70","707.10","708.70","700.00","7.80M","-0.26%"
"06/19/2020","705.55","709.00","711.90","701.00","22.44M","-1.17%"
"06/18/2020","713.90","708.20","716.60","706.00","6.67M","1.46%"
"06/17/2020","703.65","699.90","710.30","698.00","7.29M","0.35%"
"06/16/2020","701.20","702.00","712.00","699.15","10.13M","1.99%"
"06/15/2020","687.55","693.00","704.40","685.25","7.86M","-0.65%"
"06/12/2020","692.05","675.80","695.15","675.50","9.80M","-1.69%"
"06/11/2020","703.95","712.00","713.40","700.25","8.83M","-1.66%"
"06/10/2020","715.85","715.00","719.45","709.20","7.26M","-0.24%"
"06/09/2020","717.60","720.00","729.60","715.05","10.08M","-0.45%"
"06/08/2020","720.85","707.65","725.80","704.00","10.72M","2.46%"
"06/05/2020","703.55","707.00","711.70","700.60","7.72M","-0.59%"
"06/04/2020","707.75","702.00","709.45","697.50","10.78M","0.88%"
"06/03/2020","701.55","710.70","711.90","696.00","11.38M","-0.93%"
"06/02/2020","708.10","700.50","711.65","697.55","7.06M","1.22%"
"06/01/2020","699.55","698.75","706.65","691.50","12.28M","1.24%"
"05/29/2020","691.00","692.50","700.80","674.95","28.29M","-2.32%"
"05/28/2020","707.40","707.00","710.00","690.00","9.44M","0.28%"
"05/27/2020","705.45","686.05","709.20","675.00","8.77M","3.66%"
"05/26/2020","680.55","693.00","699.45","679.00","7.10M","-1.70%"
"05/22/2020","692.35","675.00","695.85","673.50","11.87M","3.00%"
"05/21/2020","672.20","666.50","679.45","665.40","7.21M","0.40%"
"05/20/2020","669.55","668.50","673.00","659.65","5.80M","0.14%"
"05/19/2020","668.60","664.00","674.80","655.00","5.90M","0.71%"
"05/18/2020","663.90","659.85","670.55","653.00","10.44M","1.78%"
"05/15/2020","652.30","664.80","664.80","646.70","9.26M","-0.89%"
"05/14/2020","658.15","659.00","671.75","652.60","16.89M","-5.19%"
"05/13/2020","694.15","694.80","699.90","683.75","8.29M","0.95%"
"05/12/2020","687.65","678.50","691.00","675.50","7.36M","0.70%"
"05/11/2020","682.90","682.50","698.55","678.00","7.37M","1.29%"
"05/08/2020","674.20","672.25","680.90","668.50","8.40M","1.39%"
"05/07/2020","664.95","665.55","674.35","662.45","4.78M","-0.14%"
"05/06/2020","665.90","676.90","681.45","664.05","7.93M","-1.16%"
"05/05/2020","673.70","681.75","685.60","670.00","6.39M","0.00%"
"05/04/2020","673.70","689.80","701.20","670.35","9.12M","-5.84%"
"04/30/2020","715.50","700.00","720.00","698.10","16.25M","5.76%"
"04/29/2020","676.55","666.00","682.00","658.00","8.64M","2.40%"
"04/28/2020","660.70","673.00","677.00","653.05","7.30M","-0.59%"
"04/27/2020","664.60","661.05","681.00","661.05","7.18M","1.00%"
"04/24/2020","658.00","668.55","675.00","654.80","7.32M","-3.14%"
"04/23/2020","679.30","647.05","683.65","638.10","14.45M","5.83%"
"04/22/2020","641.85","633.20","645.00","628.05","8.27M","1.37%"
"04/21/2020","633.20","627.80","646.50","627.80","11.66M","-3.08%"
"04/20/2020","653.30","640.00","661.00","639.00","13.32M","3.90%"
"04/17/2020","628.75","644.00","646.00","626.00","8.88M","0.79%"
"04/16/2020","623.85","619.95","634.90","603.50","17.78M","-2.38%"
"04/15/2020","639.05","651.40","653.30","635.60","11.96M","0.26%"
"04/13/2020","637.40","629.00","651.70","626.05","8.33M","0.18%"
"04/09/2020","636.25","646.80","652.80","632.10","11.93M","0.74%"
"04/08/2020","631.60","630.00","655.65","626.35","11.81M","-1.16%"
"04/07/2020","639.00","615.00","644.25","612.90","15.15M","9.10%"
"04/03/2020","585.70","603.50","606.00","582.15","10.22M","-2.84%"
"04/01/2020","602.80","634.35","637.50","594.00","13.08M","-6.03%"
"03/31/2020","641.50","650.00","662.00","633.70","15.18M","2.36%"
"03/30/2020","626.70","625.10","663.50","621.10","14.63M","-3.98%"
"03/27/2020","652.70","665.05","674.90","642.25","13.50M","1.51%"
"03/26/2020","643.00","615.00","650.85","612.10","14.87M","6.07%"
"03/25/2020","606.20","597.00","635.00","565.70","18.34M","2.78%"
"03/24/2020","589.80","522.00","601.15","522.00","20.03M","12.03%"
"03/23/2020","526.45","540.00","560.95","515.90","17.15M","-10.04%"
"03/20/2020","585.20","549.50","617.45","548.00","21.36M","7.27%"
"03/19/2020","545.55","509.25","558.00","509.25","16.58M","2.11%"
"03/18/2020","534.30","568.00","578.00","528.00","15.39M","-3.72%"
"03/17/2020","554.95","588.10","592.00","550.00","16.06M","-4.84%"
"03/16/2020","583.15","622.00","622.15","580.00","19.14M","-9.22%"
"03/13/2020","642.35","592.00","667.00","570.00","16.90M","1.77%"
"03/12/2020","631.20","668.00","670.00","627.50","13.97M","-7.99%"
"03/11/2020","686.00","690.65","695.95","669.05","16.17M","-2.62%"
"03/09/2020","704.45","724.50","725.85","697.00","10.31M","-4.67%"
"03/06/2020","738.95","741.00","744.00","729.10","9.22M","-2.07%"
"03/05/2020","754.60","763.75","773.55","751.75","7.76M","-0.55%"
"03/04/2020","758.75","753.90","761.50","745.55","11.01M","1.57%"
"03/03/2020","747.00","755.00","759.00","741.25","7.83M","0.80%"
"03/02/2020","741.05","737.00","765.90","733.75","9.82M","1.28%"
"02/28/2020","731.70","750.00","756.80","722.05","14.12M","-5.93%"
"02/27/2020","777.85","778.00","780.75","772.20","5.22M","-0.63%"
"02/26/2020","782.75","793.95","801.45","780.50","8.76M","-1.96%"
"02/25/2020","798.40","799.00","806.00","795.40","7.00M","0.32%"
"02/24/2020","795.85","800.10","811.60","792.15","6.63M","-0.14%"
"02/20/2020","797.00","803.25","806.10","793.85","4.56M","-0.43%"
"02/19/2020","800.45","800.00","804.85","796.15","3.99M","0.35%"
"02/18/2020","797.65","785.00","799.05","783.65","5.08M","1.04%"
"02/17/2020","789.45","790.30","793.45","783.30","2.93M","0.38%"
"02/14/2020","786.45","794.50","799.20","784.60","5.32M","-0.73%"
"02/13/2020","792.25","785.00","794.00","782.20","4.39M","1.43%"
"02/12/2020","781.05","775.80","783.25","775.10","2.95M","0.97%"
"02/11/2020","773.55","779.00","779.10","769.20","4.31M","0.05%"
"02/10/2020","773.20","774.00","778.00","769.75","3.83M","-0.53%"
"02/07/2020","777.30","775.95","778.85","771.00","2.85M","0.77%"
"02/06/2020","771.35","784.35","786.80","770.00","7.34M","-1.68%"
"02/05/2020","784.55","781.00","786.00","774.40","6.31M","-0.42%"
"02/04/2020","787.85","770.10","789.90","770.10","5.77M","2.66%"
"02/03/2020","767.40","782.00","790.95","764.50","6.42M","-1.55%"
"02/01/2020","779.50","776.20","790.60","769.90","5.10M","0.46%"
"01/31/2020","775.95","780.55","784.95","771.60","6.09M","-0.61%"
"01/30/2020","780.70","789.70","789.70","778.00","3.86M","-1.14%"
"01/29/2020","789.70","786.60","792.80","784.25","6.83M","1.50%"
"01/28/2020","778.00","781.00","781.80","772.00","5.12M","-0.01%"
"01/27/2020","778.10","779.05","784.80","774.40","3.74M","-0.59%"
"01/24/2020","782.75","775.75","786.50","773.60","7.54M","-0.20%"
"01/23/2020","784.35","777.10","785.50","776.70","12.53M","1.84%"
"01/22/2020","770.20","768.45","778.00","766.00","9.73M","1.01%"
"01/21/2020","762.50","768.45","770.50","760.75","4.45M","-0.77%"
"01/20/2020","768.45","771.60","774.40","762.95","3.89M","0.08%"
"01/17/2020","767.85","770.70","772.90","762.25","3.76M","0.11%"
"01/16/2020","767.00","770.70","772.50","760.25","5.74M","-0.07%"
"01/15/2020","767.55","773.85","773.85","762.15","6.05M","-1.04%"
"01/14/2020","775.65","769.95","776.95","767.20","11.41M","0.27%"
"01/13/2020","773.55","760.00","777.50","755.00","36.95M","4.80%"
"01/10/2020","738.15","740.45","742.90","730.50","9.34M","1.46%"
"01/09/2020","727.55","721.70","731.50","714.30","13.52M","1.30%"
"01/08/2020","718.20","724.95","729.00","708.30","8.64M","-1.33%"
"01/07/2020","727.90","738.00","742.60","725.10","7.90M","-1.48%"
"01/06/2020","738.85","746.10","753.80","736.50","6.52M","-0.96%"
"01/03/2020","746.00","733.90","748.00","733.90","7.88M","1.54%"
"01/02/2020","734.70","738.90","740.80","730.90","5.66M","-0.29%"
"01/01/2020","736.85","735.00","740.00","732.55","2.11M","0.78%"
"12/31/2019","731.15","729.70","737.75","725.45","6.93M","-0.24%"
"12/30/2019","732.90","736.10","737.95","727.25","5.37M","-0.55%"
"12/27/2019","736.95","729.75","737.50","728.85","3.40M","1.10%"
"12/26/2019","728.95","732.00","734.55","726.55","3.82M","-0.61%"
"12/24/2019","733.40","736.95","736.95","728.30","2.89M","-0.35%"
"12/23/2019","736.00","732.15","737.30","731.65","4.98M","0.61%"
"12/20/2019","731.55","731.00","735.00","728.25","7.79M","0.10%"
"12/19/2019","730.85","733.50","735.95","724.60","7.20M","-0.22%"
"12/18/2019","732.45","731.00","737.30","722.75","12.22M","0.38%"
"12/17/2019","729.70","719.70","731.25","715.00","10.53M","2.20%"
"12/16/2019","714.00","712.30","720.20","710.20","5.62M","0.38%"
"12/13/2019","711.30","700.35","712.90","700.35","10.30M","1.31%"
"12/12/2019","702.10","718.50","720.70","699.55","11.11M","-2.63%"
"12/11/2019","721.05","716.60","722.70","713.00","6.04M","0.91%"
"12/10/2019","714.55","713.00","718.50","710.00","4.46M","-0.38%"
"12/09/2019","717.25","716.00","722.35","714.25","6.44M","0.30%"
"12/06/2019","715.10","715.95","720.00","709.60","5.23M","0.03%"
"12/05/2019","714.85","706.45","715.90","703.80","4.81M","0.85%"
"12/04/2019","708.85","697.00","710.50","693.35","7.43M","1.50%"
"12/03/2019","698.35","692.70","699.70","688.55","5.24M","0.82%"
"12/02/2019","692.70","703.10","704.00","690.30","9.38M","-0.52%"
"11/29/2019","696.35","700.90","702.30","691.55","4.26M","-0.78%"
"11/28/2019","701.85","699.10","703.35","694.05","4.84M","0.88%"
"11/27/2019","695.75","694.25","697.65","690.10","3.86M","0.75%"
"11/26/2019","690.60","705.00","707.25","686.00","27.25M","-1.07%"
"11/25/2019","698.10","693.35","705.15","693.20","7.33M","0.71%"
"11/22/2019","693.20","711.75","712.00","685.10","14.42M","-2.81%"
"11/21/2019","713.25","715.50","721.45","710.50","9.69M","0.04%"
"11/20/2019","713.00","712.80","715.00","705.00","6.14M","0.02%"
"11/19/2019","712.85","709.90","714.00","705.00","6.50M","1.08%"
"11/18/2019","705.20","705.00","710.00","699.30","7.49M","0.18%"
"11/15/2019","703.90","709.05","712.95","702.30","7.36M","-0.20%"
"11/14/2019","705.30","696.35","709.80","696.35","10.54M","2.02%"
"11/13/2019","691.35","696.50","700.00","687.75","9.97M","-1.85%"
"11/11/2019","704.40","698.90","707.20","698.00","6.95M","-0.53%"
"11/08/2019","708.15","722.00","724.25","705.50","8.59M","-1.66%"
"11/07/2019","720.10","717.00","724.35","712.10","13.73M","1.10%"
"11/06/2019","712.30","695.80","721.50","692.00","21.37M","2.33%"
"11/05/2019","696.10","708.75","708.75","691.50","12.90M","-1.82%"
"11/04/2019","709.00","681.80","732.50","678.15","29.38M","3.07%"
"11/01/2019","687.90","690.00","694.00","682.60","9.71M","0.34%"
"10/31/2019","685.60","668.40","695.45","666.10","27.41M","3.78%"
"10/30/2019","660.60","660.40","671.40","656.20","22.88M","1.53%"
"10/29/2019","650.65","651.00","653.75","647.00","16.71M","0.28%"
"10/27/2019","648.85","648.85","648.85","648.85","","1.79%"
"10/25/2019","637.45","647.00","652.50","636.00","16.55M","0.33%"
"10/24/2019","635.35","650.00","653.20","632.00","25.67M","-2.34%"
"10/23/2019","650.60","630.00","656.65","615.10","60.52M","1.10%"
"10/22/2019","643.55","691.10","691.10","638.35","90.15M","-16.19%"
"10/18/2019","767.85","763.80","773.80","760.00","10.04M","-0.21%"
"10/17/2019","769.50","767.00","770.55","765.10","9.86M","-0.25%"
"10/16/2019","771.45","765.25","775.95","761.55","10.77M","0.41%"
"10/15/2019","768.30","773.10","775.95","765.00","13.76M","-2.26%"
"10/14/2019","786.10","786.75","797.00","780.00","15.15M","-3.52%"
"10/11/2019","814.80","781.50","823.80","776.60","20.64M","4.05%"
"10/10/2019","783.05","785.40","794.70","776.60","10.40M","-0.08%"
"10/09/2019","783.65","795.45","795.90","778.80","6.34M","-0.75%"
"10/07/2019","789.55","794.85","802.00","786.10","3.68M","-0.49%"
"10/04/2019","793.45","790.00","797.60","787.05","8.20M","1.00%"
"10/03/2019","785.60","792.55","797.85","784.15","5.50M","-1.00%"
"10/01/2019","793.55","807.00","807.55","791.55","5.88M","-1.50%"
"09/30/2019","805.65","785.10","808.00","784.15","8.18M","3.00%"
"09/27/2019","782.20","787.05","794.25","780.10","5.09M","-0.04%"
"09/26/2019","782.55","787.75","797.00","778.10","18.44M","-1.27%"
"09/25/2019","792.65","787.70","801.00","781.65","9.31M","-0.18%"
"09/24/2019","794.05","765.00","798.65","765.00","13.72M","3.89%"
"09/23/2019","764.35","806.90","806.90","741.90","17.28M","-5.05%"
"09/20/2019","805.00","822.90","835.00","802.00","22.46M","-1.91%"
"09/19/2019","820.70","824.85","827.00","815.20","6.60M","-1.10%"
"09/18/2019","829.85","829.90","832.95","824.00","3.20M","-0.17%"
"09/17/2019","831.25","831.50","835.00","820.55","5.54M","0.43%"
"09/16/2019","827.70","832.05","837.95","820.55","4.85M","-0.19%"
"09/13/2019","829.30","818.10","831.05","817.50","4.83M","1.58%"
"09/12/2019","816.40","816.40","819.85","810.85","4.40M","-0.45%"
"09/11/2019","820.10","822.30","828.55","814.15","7.98M","-1.09%"
"09/09/2019","829.10","836.80","840.30","827.55","4.38M","-1.32%"
"09/06/2019","840.15","843.30","847.00","835.05","6.11M","0.73%"
"09/05/2019","834.05","830.10","837.50","826.65","7.93M","1.55%"
"09/04/2019","821.30","810.75","822.45","810.25","6.20M","0.87%"
"09/03/2019","814.25","815.00","822.40","812.05","5.65M","-0.08%"
"08/30/2019","814.90","810.00","817.35","802.00","8.17M","0.99%"
"08/29/2019","806.95","795.50","809.70","795.50","7.83M","0.55%"
"08/28/2019","802.50","787.40","805.00","786.30","5.88M","2.27%"
"08/27/2019","784.65","791.00","794.95","781.10","16.06M","-2.23%"
"08/26/2019","802.55","795.90","806.80","786.90","5.41M","0.04%"
"08/23/2019","802.20","796.45","809.95","795.80","6.90M","0.82%"
"08/22/2019","795.70","799.90","801.30","792.35","5.22M","-0.47%"
"08/21/2019","799.45","793.00","803.75","793.00","5.93M","0.85%"
"08/20/2019","792.75","785.20","798.00","783.85","8.44M","1.94%"
"08/19/2019","777.65","775.60","783.00","773.35","3.88M","0.40%"
"08/16/2019","774.55","780.00","780.05","762.50","5.13M","-0.03%"
"08/14/2019","774.80","775.10","778.25","768.00","5.94M","1.31%"
"08/13/2019","764.75","784.15","786.00","760.15","7.52M","-3.18%"
"08/09/2019","789.85","792.00","796.75","784.80","4.36M","0.14%"
"08/08/2019","788.75","782.70","792.75","781.25","8.01M","1.63%"
"08/07/2019","776.10","778.90","783.45","772.35","5.13M","0.21%"
"08/06/2019","774.45","778.80","783.70","769.80","9.33M","-0.29%"
"08/05/2019","776.70","772.60","785.90","768.65","9.98M","0.14%"
"08/02/2019","775.60","765.05","779.90","762.25","10.84M","0.88%"
"08/01/2019","768.85","786.45","788.40","764.40","10.07M","-3.12%"
"07/31/2019","793.65","790.85","799.80","781.60","7.35M","0.12%"
"07/30/2019","792.70","791.90","797.80","788.55","8.67M","0.16%"
"07/29/2019","791.45","789.50","796.95","786.20","6.24M","0.57%"
"07/26/2019","787.00","792.30","795.00","782.20","4.94M","-0.94%"
"07/25/2019","794.50","788.25","800.20","787.65","9.77M","1.04%"
"07/24/2019","786.30","788.00","793.75","783.60","5.75M","-0.47%"
"07/23/2019","790.05","787.00","804.00","785.55","10.78M","0.72%"
"07/22/2019","784.40","785.95","792.00","782.05","7.11M","-0.13%"
"07/19/2019","785.40","788.70","794.50","781.25","6.81M","-0.92%"
"07/18/2019","792.70","789.05","798.50","786.20","6.53M","-0.18%"
"07/17/2019","794.15","783.90","795.00","776.75","6.75M","1.18%"
"07/16/2019","784.85","777.00","787.80","776.00","9.92M","0.71%"
"07/15/2019","779.35","763.00","781.65","754.20","31.06M","7.24%"
"07/12/2019","726.75","722.50","730.60","719.60","7.87M","0.73%"
"07/11/2019","721.50","719.45","723.50","709.60","6.25M","0.59%"
"07/10/2019","717.25","709.00","722.70","706.50","7.57M","0.24%"
"07/09/2019","715.50","718.00","719.85","709.05","5.02M","-0.29%"
"07/08/2019","717.60","716.45","724.95","712.30","7.18M","-0.06%"
"07/05/2019","718.00","735.00","736.40","713.50","4.93M","-2.15%"
"07/04/2019","733.80","729.00","736.40","728.60","3.27M","0.34%"
"07/03/2019","731.30","741.00","743.20","730.00","5.96M","-1.18%"
"07/02/2019","740.00","734.00","741.65","730.10","4.84M","1.19%"
"07/01/2019","731.30","735.00","737.50","729.85","3.22M","-0.10%"
"06/28/2019","732.00","735.50","739.50","728.50","5.92M","0.20%"
"06/27/2019","730.55","742.00","744.70","728.15","11.12M","-1.17%"
"06/26/2019","739.20","743.00","751.45","738.00","5.45M","-1.19%"
"06/25/2019","748.10","744.00","750.90","737.30","3.68M","0.35%"
"06/24/2019","745.50","751.90","751.90","742.65","4.76M","-0.63%"
"06/21/2019","750.20","755.00","755.00","747.15","13.20M","-0.62%"
"06/20/2019","754.90","737.80","756.90","735.90","7.15M","0.40%"
"06/19/2019","751.90","752.50","755.40","748.60","4.60M","0.23%"
"06/18/2019","750.15","740.20","752.45","740.20","6.20M","1.30%"
"06/17/2019","740.55","743.00","744.50","737.80","3.09M","0.01%"
"06/14/2019","740.45","743.85","745.50","738.25","5.56M","-0.30%"
"06/13/2019","742.65","740.00","747.20","740.00","4.81M","-1.48%"
"06/12/2019","753.80","756.95","756.95","745.00","8.74M","-0.15%"
"06/11/2019","754.90","755.00","759.00","750.50","5.73M","0.19%"
"06/10/2019","753.50","740.10","754.10","740.10","4.44M","1.95%"
"06/07/2019","739.10","735.85","743.95","735.85","3.22M","0.48%"
"06/06/2019","735.60","736.50","744.65","733.65","7.56M","0.04%"
"06/04/2019","735.30","737.25","739.45","733.15","11.73M","-1.26%"
"06/03/2019","744.65","729.80","750.90","729.00","7.74M","0.94%"
"05/31/2019","737.75","736.50","742.95","733.20","8.29M","0.57%"
"05/30/2019","733.55","727.00","737.25","722.55","15.09M","0.79%"
"05/29/2019","727.80","725.50","733.65","723.65","10.29M","-0.04%"
"05/28/2019","728.10","712.00","733.45","709.80","23.86M","2.82%"
"05/27/2019","708.10","707.40","713.80","705.50","10.25M","-0.16%"
"05/24/2019","709.20","703.80","711.75","700.45","7.02M","1.16%"
"05/23/2019","701.05","715.00","716.70","697.45","7.23M","-1.23%"
"05/22/2019","709.75","710.00","718.25","707.00","5.80M","0.06%"
"05/21/2019","709.30","722.65","722.65","707.70","8.65M","-1.81%"
"05/20/2019","722.40","719.70","726.40","706.00","11.21M","-0.21%"
"05/17/2019","723.90","733.15","735.80","720.10","8.16M","-1.25%"
"05/16/2019","733.10","720.00","737.00","719.10","6.47M","2.37%"
"05/15/2019","716.10","714.90","725.20","712.60","6.67M","0.32%"
"05/14/2019","713.85","716.50","717.75","703.60","10.51M","-0.81%"
"05/13/2019","719.70","716.55","726.45","712.10","6.81M","0.40%"
"05/10/2019","716.85","720.80","726.00","715.00","8.35M","-0.58%"
"05/09/2019","721.05","719.15","730.30","715.80","7.40M","0.24%"
"05/08/2019","719.35","721.00","726.00","716.50","6.25M","-0.72%"
"05/07/2019","724.55","720.40","727.90","718.70","5.75M","0.86%"
"05/06/2019","718.40","715.00","721.80","710.65","8.86M","-0.72%"
"05/03/2019","723.60","722.90","731.00","718.20","6.35M","-0.99%"
"05/02/2019","730.80","747.00","748.40","729.50","6.35M","-2.74%"
"04/30/2019","751.35","738.00","753.80","738.00","9.92M","1.81%"
"04/26/2019","738.00","731.00","739.80","729.00","6.90M","1.30%"
"04/25/2019","728.55","736.45","737.65","727.05","8.01M","-1.07%"
"04/24/2019","736.45","728.20","737.90","724.00","8.29M","1.13%"
"04/23/2019","728.20","723.90","730.00","718.40","5.52M","0.99%"
"04/22/2019","721.05","717.05","725.75","715.00","6.46M","0.56%"
"04/18/2019","717.05","722.50","722.50","712.75","13.80M","-0.97%"
"04/16/2019","724.10","727.90","727.90","714.10","12.52M","-0.47%"
"04/15/2019","727.50","724.70","731.35","712.60","31.57M","-2.71%"
"04/12/2019","747.75","743.10","751.55","740.60","7.04M","0.68%"
"04/11/2019","742.70","751.75","751.75","740.05","8.20M","-1.33%"
"04/10/2019","752.70","764.00","766.70","751.30","7.03M","-1.04%"
"04/09/2019","760.60","770.00","773.00","758.20","6.73M","-0.87%"
"04/08/2019","767.25","763.05","770.00","755.40","4.92M","1.05%"
"04/05/2019","759.30","750.90","760.95","748.00","6.28M","1.52%"
"04/04/2019","747.90","751.40","753.80","745.10","7.69M","-0.72%"
"04/03/2019","753.30","756.00","758.50","746.80","6.90M","-0.80%"
"04/02/2019","759.40","759.00","765.80","754.60","7.28M","0.57%"
"04/01/2019","755.10","742.00","760.00","742.00","6.58M","1.51%"
"03/29/2019","743.85","743.90","747.95","740.00","6.92M","0.82%"
"03/28/2019","737.80","730.00","745.00","730.00","9.28M","1.11%"
"03/27/2019","729.70","730.00","732.30","727.15","7.39M","0.27%"
"03/26/2019","727.75","735.25","735.25","719.10","9.41M","-1.02%"
"03/25/2019","735.25","742.40","742.40","730.55","7.64M","-1.06%"
"03/22/2019","743.10","745.00","746.35","732.30","8.88M","0.56%"
"03/20/2019","738.95","727.25","742.30","727.15","13.47M","2.31%"
"03/19/2019","722.25","712.80","726.50","707.40","8.92M","1.70%"
"03/18/2019","710.20","721.55","723.70","705.35","8.07M","-1.16%"
"03/15/2019","718.55","712.00","723.75","709.60","14.64M","1.44%"
"03/14/2019","708.35","714.00","714.90","706.20","6.42M","-0.01%"
"03/13/2019","708.45","710.00","718.60","706.30","11.35M","0.21%"
"03/12/2019","706.95","709.00","714.95","705.60","12.00M","-0.60%"
"03/11/2019","711.25","713.30","718.50","709.40","9.93M","-0.15%"
"03/08/2019","712.35","722.95","722.95","710.65","7.19M","-1.47%"
"03/07/2019","722.95","734.00","734.50","720.55","5.95M","-1.30%"
"03/06/2019","732.50","736.10","736.10","727.00","6.08M","0.00%"
"03/05/2019","732.50","740.50","742.50","730.25","4.83M","-1.27%"
"03/01/2019","741.90","735.50","743.40","735.50","4.00M","1.04%"
"02/28/2019","734.30","738.70","742.40","732.30","8.56M","-0.13%"
"02/27/2019","735.25","745.00","746.40","732.75","5.94M","-0.98%"
"02/26/2019","742.50","748.60","752.60","740.15","8.32M","-1.64%"
"02/25/2019","754.90","735.55","758.00","735.55","6.55M","2.71%"
"02/22/2019","734.95","732.50","738.20","728.00","3.75M","0.20%"
"02/21/2019","733.45","738.00","738.00","727.10","7.20M","-0.98%"
"02/20/2019","740.70","727.00","743.00","726.05","5.21M","2.26%"
"02/19/2019","724.30","739.10","740.55","721.30","9.40M","-2.26%"
"02/18/2019","741.05","742.35","747.65","736.00","5.35M","-0.12%"
"02/15/2019","741.95","742.30","746.50","732.60","5.59M","0.26%"
"02/14/2019","740.05","751.00","753.00","737.25","4.61M","-1.97%"
"02/13/2019","754.90","750.10","759.70","743.65","5.05M","0.59%"
"02/12/2019","750.45","760.35","760.35","741.00","7.31M","-1.62%"
"02/11/2019","762.80","766.90","768.75","759.00","5.50M","0.25%"
"02/08/2019","760.90","760.00","772.25","754.90","5.92M","-0.41%"
"02/07/2019","764.00","763.05","769.45","761.00","3.96M","0.09%"
"02/06/2019","763.30","755.55","766.95","754.35","5.88M","1.12%"
"02/05/2019","754.85","747.00","759.95","747.00","4.69M","-0.14%"
"02/04/2019","755.90","757.00","762.50","749.20","3.95M","-0.15%"
"02/01/2019","757.05","751.35","762.50","744.50","6.28M","1.00%"
"01/31/2019","749.55","726.00","751.30","726.00","13.83M","3.26%"
"01/30/2019","725.90","727.90","734.80","721.10","5.76M","-0.27%"
"01/29/2019","727.90","725.50","732.85","716.50","6.76M","-0.01%"
"01/28/2019","727.95","731.00","732.60","719.00","7.94M","-0.33%"
"01/25/2019","730.35","728.00","737.90","724.25","5.54M","-0.23%"
"01/24/2019","732.00","728.10","736.10","721.00","7.43M","0.60%"
"01/23/2019","727.65","738.29","738.54","725.21","7.21M","-1.84%"
"01/22/2019","741.28","737.20","744.91","729.99","6.72M","0.05%"
"01/21/2019","740.93","734.16","746.89","729.99","8.13M","1.92%"
"01/18/2019","726.95","726.01","732.18","722.33","5.90M","-0.33%"
"01/17/2019","729.34","731.78","734.96","725.11","6.90M","-0.47%"
"01/16/2019","732.77","725.91","733.77","724.52","9.66M","1.40%"
"01/15/2019","722.63","703.33","726.01","703.33","19.67M","3.52%"
"01/14/2019","698.06","703.13","706.32","692.15","19.31M","2.13%"
"01/11/2019","683.50","680.20","685.50","672.50","12.28M","0.56%"
"01/10/2019","679.70","681.60","682.00","672.55","9.57M","0.53%"
"01/09/2019","676.10","686.20","689.80","664.00","18.13M","0.90%"
"01/08/2019","670.05","674.95","677.45","668.55","8.62M","-0.25%"
"01/07/2019","671.70","665.00","673.60","661.50","8.05M","1.61%"
"01/04/2019","661.05","671.75","673.90","651.00","7.89M","-1.21%"
"01/03/2019","669.15","672.00","677.00","663.10","6.83M","0.01%"
"01/02/2019","669.05","666.00","674.00","662.05","7.42M","0.60%"
"01/01/2019","665.05","660.95","666.30","654.15","2.94M","0.93%"
"12/31/2018","658.95","660.00","662.00","655.80","3.37M","0.30%"
"12/28/2018","656.95","663.35","663.50","653.30","4.74M","0.02%"
"12/27/2018","656.80","652.75","663.25","649.00","15.33M","1.98%"
"12/26/2018","644.05","647.00","647.00","637.35","6.18M","-0.76%"
"12/24/2018","649.00","657.00","658.80","647.60","8.38M","0.43%"
"12/21/2018","646.20","659.50","659.50","643.45","12.80M","-3.13%"
"12/20/2018","667.05","660.00","671.55","656.40","11.71M","0.33%"
"12/19/2018","664.85","671.55","671.55","661.10","8.30M","-1.74%"
"12/18/2018","676.60","686.50","686.50","674.55","8.02M","-2.56%"
"12/17/2018","694.40","711.85","711.85","692.75","4.78M","-1.65%"
"12/14/2018","706.05","697.45","713.70","694.40","9.56M","1.19%"
"12/13/2018","697.75","682.00","700.00","680.00","7.52M","2.84%"
"12/12/2018","678.50","677.10","680.65","670.60","6.93M","0.59%"
"12/11/2018","674.50","669.20","681.90","660.60","7.12M","0.79%"
"12/10/2018","669.20","669.90","683.80","665.20","5.12M","-1.99%"
"12/07/2018","682.80","672.00","685.75","665.60","5.55M","2.14%"
"12/06/2018","668.50","676.10","685.45","664.55","8.04M","-1.89%"
"12/05/2018","681.40","683.00","683.65","672.50","5.18M","-0.56%"
"12/04/2018","685.25","672.55","688.25","671.30","7.83M","2.22%"
"12/03/2018","670.35","673.15","679.00","665.95","8.26M","0.43%"
"11/30/2018","667.45","661.00","672.00","660.95","10.45M","0.97%"
"11/29/2018","661.05","671.00","674.90","658.80","13.40M","-0.80%"
"11/28/2018","666.40","640.95","668.70","640.00","17.72M","4.30%"
"11/27/2018","638.90","625.50","641.00","625.30","12.29M","2.81%"
"11/26/2018","621.45","621.00","628.00","599.85","15.08M","0.11%"
"11/22/2018","620.75","622.25","628.15","616.75","6.63M","0.27%"
"11/21/2018","619.10","640.00","640.05","612.10","14.36M","-3.48%"
"11/20/2018","641.40","651.70","656.00","640.10","5.38M","-1.58%"
"11/19/2018","651.70","659.00","662.00","649.25","6.02M","0.13%"
"11/16/2018","650.85","659.90","662.50","644.20","8.58M","-0.85%"
"11/15/2018","656.40","654.00","666.00","646.70","5.51M","0.49%"
"11/14/2018","653.20","665.70","665.70","640.50","7.32M","-1.88%"
"11/13/2018","665.70","663.50","667.75","656.30","4.14M","0.23%"
"11/12/2018","664.20","666.00","676.40","662.30","7.12M","0.71%"
"11/09/2018","659.50","679.00","679.00","655.50","9.69M","-2.37%"
"11/07/2018","675.50","673.00","677.50","672.00","758.96K","1.36%"
"11/06/2018","666.45","667.90","675.00","660.65","6.98M","0.07%"
"11/05/2018","666.00","663.50","668.60","657.00","5.80M","0.57%"
"11/02/2018","662.25","665.95","675.80","660.10","6.65M","-0.67%"
"11/01/2018","666.70","689.70","689.70","659.60","5.86M","-2.87%"
"10/31/2018","686.40","663.90","692.95","663.05","11.95M","4.06%"
"10/30/2018","659.60","641.10","663.80","637.45","8.79M","2.30%"
"10/29/2018","644.75","633.70","650.55","631.50","7.14M","1.76%"
"10/26/2018","633.60","645.30","648.70","629.90","5.46M","-2.34%"
"10/25/2018","648.75","643.00","656.35","636.25","8.27M","-0.16%"
"10/24/2018","649.80","663.00","666.50","647.15","7.06M","-1.19%"
"10/23/2018","657.60","675.95","682.00","653.30","9.04M","-3.29%"
"10/22/2018","679.95","688.70","695.05","673.80","6.67M","-0.53%"
"10/19/2018","683.55","687.00","687.70","678.00","10.42M","-3.09%"
"10/17/2018","705.35","710.00","721.80","701.35","20.36M","1.45%"
"10/16/2018","695.25","710.00","713.90","689.40","11.59M","-0.51%"
"10/15/2018","698.80","688.60","705.00","681.50","6.22M","2.95%"
"10/12/2018","678.80","676.40","684.05","661.50","8.91M","0.81%"
"10/11/2018","673.35","685.00","692.90","663.30","10.99M","-3.87%"
"10/10/2018","700.45","719.90","719.90","695.40","8.87M","-2.41%"
"10/09/2018","717.75","717.10","722.40","702.65","6.78M","0.46%"
"10/08/2018","714.45","725.05","728.70","709.25","7.26M","-1.40%"
"10/05/2018","724.60","713.00","731.50","709.30","8.54M","2.46%"
"10/04/2018","707.20","728.50","729.75","702.50","6.17M","-2.92%"
"10/03/2018","728.50","743.80","751.95","726.30","7.79M","-2.43%"
"10/01/2018","746.65","737.50","754.90","733.00","8.25M","2.27%"
"09/28/2018","730.05","721.00","734.55","715.20","7.49M","0.72%"
"09/27/2018","724.80","722.00","730.80","717.45","14.59M","0.97%"
"09/26/2018","717.85","731.20","731.85","712.00","6.60M","-1.15%"
"09/25/2018","726.20","718.25","736.00","717.00","9.60M","1.11%"
"09/24/2018","718.25","706.50","729.95","706.50","8.64M","1.84%"
"09/21/2018","705.30","713.85","717.40","692.00","14.35M","-2.01%"
"09/19/2018","719.75","727.00","727.00","713.20","4.85M","0.09%"
"09/18/2018","719.10","730.00","730.00","717.00","7.73M","-0.94%"
"09/17/2018","725.95","735.00","740.00","724.60","5.43M","-1.06%"
"09/14/2018","733.70","741.90","745.00","729.05","7.90M","-1.24%"
"09/12/2018","742.90","744.40","746.50","736.25","4.64M","1.17%"
"09/11/2018","734.30","735.90","744.75","732.00","6.96M","0.47%"
"09/10/2018","730.85","737.75","747.00","729.40","5.63M","-0.27%"
"09/07/2018","732.80","734.35","735.15","723.80","6.51M","0.78%"
"09/06/2018","727.15","732.55","735.50","724.10","5.60M","-0.38%"
"09/05/2018","729.90","741.95","744.05","725.40","8.66M","-0.98%"
"09/04/2018","737.15","722.00","748.50","716.00","15.37M","2.79%"
"09/03/2018","717.12","724.50","733.95","715.00","10.98M","-0.48%"
"08/31/2018","720.55","712.55","727.15","710.55","10.88M","1.76%"
"08/30/2018","708.10","706.40","710.77","698.08","11.51M","0.43%"
"08/29/2018","705.05","716.80","716.80","702.58","5.65M","-1.02%"
"08/28/2018","712.35","708.60","719.20","705.75","6.50M","0.66%"
"08/27/2018","707.70","691.50","709.98","690.70","7.01M","2.69%"
"08/24/2018","689.15","698.25","700.95","688.05","7.05M","-1.37%"
"08/23/2018","698.70","696.50","700.75","692.67","7.72M","0.97%"
"08/21/2018","691.98","695.00","698.00","686.88","8.36M","-0.02%"
"08/20/2018","692.12","694.00","703.98","686.75","16.10M","-3.22%"
"08/17/2018","715.17","715.45","718.83","711.50","6.39M","0.06%"
"08/16/2018","714.77","707.48","717.45","705.62","6.63M","1.51%"
"08/14/2018","704.15","706.98","712.27","702.00","6.15M","-0.03%"
"08/13/2018","704.38","695.00","704.92","689.35","9.98M","1.68%"
"08/10/2018","692.73","692.90","694.50","686.52","4.78M","0.40%"
"08/09/2018","689.98","686.83","694.73","686.83","6.41M","1.26%"
"08/08/2018","681.38","685.90","686.25","676.65","3.99M","-0.38%"
"08/07/2018","683.98","687.00","689.98","680.33","7.35M","0.54%"
"08/06/2018","680.33","683.02","687.50","673.75","6.18M","-0.25%"
"08/03/2018","682.05","683.10","683.10","678.00","3.97M","0.77%"
"08/02/2018","676.83","679.80","683.38","675.08","5.94M","-0.03%"
"08/01/2018","677.02","681.90","684.23","675.50","4.68M","-0.81%"
"07/31/2018","682.55","674.27","685.00","667.77","7.94M","1.04%"
"07/30/2018","675.50","685.00","686.50","674.00","6.41M","-1.64%"
"07/27/2018","686.73","686.60","694.50","684.15","6.49M","0.02%"
"07/26/2018","686.62","689.27","695.20","684.60","7.36M","-0.76%"
"07/25/2018","691.88","689.50","696.90","682.73","6.94M","0.48%"
"07/24/2018","688.58","687.20","691.20","678.00","6.17M","1.56%"
"07/23/2018","677.98","676.08","684.00","668.12","7.68M","0.58%"
"07/20/2018","674.05","663.00","683.58","660.65","11.71M","2.38%"
"07/19/2018","658.35","661.50","665.95","654.55","5.12M","-0.44%"
"07/18/2018","661.27","669.90","671.70","657.00","6.92M","-0.40%"
"07/17/2018","663.95","664.85","674.75","656.35","11.16M","-0.37%"
"07/16/2018","666.42","658.70","692.20","643.85","35.34M","1.17%"
"07/13/2018","658.70","657.50","665.80","649.17","19.50M","1.78%"
"07/12/2018","647.17","663.05","663.55","642.23","13.27M","-1.98%"
"07/11/2018","660.23","658.77","671.05","645.67","11.90M","1.46%"
"07/10/2018","650.70","654.25","657.73","647.15","5.97M","0.20%"
"07/09/2018","649.42","648.50","651.50","639.52","6.64M","1.14%"
"07/06/2018","642.12","645.12","650.92","634.50","11.22M","0.02%"
"07/05/2018","642.00","673.55","673.62","634.05","17.02M","-4.55%"
"07/04/2018","672.60","676.02","676.33","669.42","5.03M","-0.63%"
"07/03/2018","676.88","665.95","678.95","665.88","8.13M","1.43%"
"07/02/2018","667.35","657.00","670.00","657.00","4.83M","2.10%"
"06/29/2018","653.60","649.02","657.50","641.62","9.97M","1.36%"
"06/28/2018","644.80","638.15","649.00","638.12","11.00M","1.54%"
"06/27/2018","635.00","641.98","646.73","632.80","6.95M","-0.61%"
"06/26/2018","638.92","634.50","641.95","633.12","4.48M","0.42%"
"06/25/2018","636.23","628.58","639.40","627.00","7.73M","1.97%"
"06/22/2018","623.92","621.50","627.75","620.60","4.34M","0.10%"
"06/21/2018","623.27","622.98","628.25","618.00","5.80M","0.27%"
"06/20/2018","621.58","624.25","626.17","619.00","5.37M","0.13%"
"06/19/2018","620.80","631.50","631.70","619.02","7.55M","-2.04%"
"06/18/2018","633.70","642.00","645.62","631.17","8.21M","-1.08%"
"06/15/2018","640.62","618.50","645.75","617.50","19.96M","3.35%"
"06/14/2018","619.85","626.50","626.50","617.05","7.60M","-1.98%"
"06/13/2018","632.40","628.43","636.96","628.43","5.77M","1.30%"
"06/12/2018","624.31","627.91","630.64","620.32","7.84M","-0.31%"
"06/11/2018","626.25","627.81","630.02","622.60","5.17M","0.19%"
"06/08/2018","625.08","619.11","626.05","618.14","6.46M","0.61%"
"06/07/2018","621.31","614.14","624.07","614.14","6.68M","1.21%"
"06/06/2018","613.87","607.79","615.91","605.24","4.04M","1.36%"
"06/05/2018","605.64","616.13","616.13","603.73","4.71M","-1.50%"
"06/04/2018","614.84","605.76","616.62","601.25","4.27M","1.52%"
"06/01/2018","605.61","610.37","618.24","603.83","5.00M","-0.89%"
"05/31/2018","611.07","601.10","616.13","600.38","19.72M","1.66%"
"05/30/2018","601.10","603.73","609.56","598.07","6.32M","-0.41%"
"05/29/2018","603.58","602.26","608.46","598.37","3.39M","0.19%"
"05/28/2018","602.44","610.67","611.47","598.27","5.74M","-1.13%"
"05/25/2018","609.33","610.23","619.43","605.61","8.90M","0.60%"
"05/24/2018","605.71","594.30","608.96","594.30","9.74M","3.05%"
"05/23/2018","587.80","592.81","599.09","586.12","9.54M","-0.75%"
"05/22/2018","592.24","582.89","594.30","582.35","5.64M","1.22%"
"05/21/2018","585.12","585.15","589.54","580.41","8.48M","-0.31%"
"05/18/2018","586.96","586.86","588.62","581.90","7.14M","0.03%"
"05/17/2018","586.81","593.31","594.03","582.17","9.52M","-0.59%"
"05/16/2018","590.31","588.97","594.30","587.60","6.21M","-0.38%"
"05/15/2018","592.59","589.39","599.26","589.39","5.61M","0.44%"
"05/14/2018","589.99","587.53","591.08","580.41","4.43M","0.73%"
"05/11/2018","585.74","581.55","586.96","578.45","3.31M","1.09%"
"05/10/2018","579.42","583.39","586.86","576.86","3.18M","-0.23%"
"05/09/2018","580.76","579.17","583.83","576.94","3.78M","0.44%"
"05/08/2018","578.20","584.33","584.33","575.97","5.72M","-1.48%"
"05/07/2018","586.86","585.99","590.33","583.14","4.64M","0.84%"
"05/04/2018","581.95","587.85","588.35","572.97","6.02M","-0.80%"
"05/03/2018","586.64","593.93","597.63","583.44","5.33M","-1.21%"
"05/02/2018","593.83","594.75","596.09","585.87","10.30M","-0.21%"
"04/30/2018","595.05","586.22","599.24","585.69","5.51M","1.21%"
"04/27/2018","587.95","585.37","591.13","582.49","7.66M","0.74%"
"04/26/2018","583.61","582.40","586.19","575.45","11.30M","1.39%"
"04/25/2018","575.62","571.48","580.91","568.11","11.59M","0.51%"
"04/24/2018","572.72","587.85","593.51","570.54","8.53M","-2.80%"
"04/23/2018","589.19","579.42","602.44","573.09","21.83M","0.79%"
"04/20/2018","584.60","565.03","592.17","564.02","24.27M","4.03%"
"04/19/2018","561.98","557.59","565.43","557.15","8.53M","0.61%"
"04/18/2018","558.56","557.02","562.92","552.56","10.43M","0.07%"
"04/17/2018","558.19","559.08","559.28","553.13","10.40M","-0.71%"
"04/16/2018","562.16","546.68","565.53","546.68","24.75M","-3.26%"
"04/13/2018","581.13","582.40","588.30","570.61","21.23M","0.76%"
"04/12/2018","576.74","560.30","581.78","558.09","17.04M","3.41%"
"04/11/2018","557.72","554.62","561.31","553.87","9.03M","0.98%"
"04/10/2018","552.33","551.64","557.84","548.36","8.93M","0.19%"
"04/09/2018","551.27","558.09","558.48","548.94","7.20M","-1.40%"
"04/06/2018","559.08","567.02","568.51","556.65","5.94M","-1.79%"
"04/05/2018","569.27","565.31","571.13","560.12","7.76M","2.08%"
"04/04/2018","557.69","567.51","567.79","555.61","4.81M","-1.42%"
"04/03/2018","565.75","562.90","567.29","559.63","4.08M","0.29%"
"04/02/2018","564.12","566.02","570.27","556.25","8.07M","0.47%"
"03/28/2018","561.46","570.86","570.86","558.71","12.56M","-1.92%"
"03/27/2018","572.47","575.45","576.10","570.54","3.80M","-0.11%"
"03/26/2018","573.09","578.87","578.87","567.51","8.93M","-1.06%"
"03/23/2018","579.22","569.00","582.30","566.69","12.01M","0.54%"
"03/22/2018","576.10","577.68","584.11","573.12","6.81M","-0.53%"
"03/21/2018","579.17","580.41","583.14","576.54","7.69M","0.25%"
"03/20/2018","577.71","569.80","580.41","569.80","8.55M","1.55%"
"03/19/2018","568.88","577.43","585.62","566.84","7.53M","-2.15%"
"03/16/2018","581.35","586.36","586.56","580.04","17.95M","-0.90%"
"03/15/2018","586.61","585.37","589.54","581.40","6.10M","0.14%"
"03/14/2018","585.77","585.37","590.63","579.96","4.43M","-0.25%"
"03/13/2018","587.26","585.47","593.81","582.97","8.58M","-0.16%"
"03/12/2018","588.22","583.39","591.25","581.28","7.68M","1.92%"
"03/09/2018","577.14","576.62","578.43","573.24","4.22M","0.58%"
"03/08/2018","573.79","569.99","578.33","569.99","6.09M","1.10%"
"03/07/2018","567.56","572.97","575.45","564.56","6.37M","-0.63%"
"03/06/2018","571.16","576.72","578.13","567.31","6.69M","-0.39%"
"03/05/2018","573.42","575.82","580.81","567.14","8.10M","-0.42%"
"03/01/2018","575.82","580.21","580.21","573.49","6.58M","-1.01%"
"02/28/2018","581.70","569.30","590.08","566.79","17.27M","1.95%"
"02/27/2018","570.59","567.98","572.30","558.41","6.62M","1.02%"
"02/26/2018","564.83","570.99","572.99","562.73","5.08M","-1.48%"
"02/23/2018","573.29","577.19","578.43","568.88","9.46M","-0.44%"
"02/22/2018","575.82","568.28","577.43","565.75","17.86M","1.16%"
"02/21/2018","569.20","569.25","571.43","565.53","13.77M","0.92%"
"02/20/2018","564.02","547.55","570.24","547.55","7.19M","0.46%"
"02/19/2018","561.44","559.77","563.54","555.76","6.46M","0.33%"
"02/16/2018","559.60","558.09","566.35","554.66","9.89M","1.22%"
"02/15/2018","552.85","547.17","560.42","547.17","7.99M","1.52%"
"02/14/2018","544.57","548.66","554.27","540.82","8.35M","-0.46%"
"02/12/2018","547.07","553.03","555.91","544.59","6.29M","-0.57%"
"02/09/2018","550.22","554.62","555.76","548.66","4.38M","-2.21%"
"02/08/2018","562.68","557.00","568.70","553.90","8.81M","2.27%"
"02/07/2018","550.18","553.62","557.99","547.45","8.34M","0.12%"
"02/06/2018","549.53","545.66","559.75","543.28","10.55M","-2.68%"
"02/05/2018","564.64","565.53","572.90","563.47","9.86M","-0.44%"
"02/02/2018","567.14","563.17","576.89","560.62","10.24M","-0.12%"
"02/01/2018","567.81","566.62","574.41","554.89","13.01M","-0.49%"
"01/31/2018","570.61","575.03","578.72","566.60","9.21M","-1.74%"
"01/30/2018","580.73","584.83","586.91","576.79","8.63M","-1.04%"
"01/29/2018","586.81","578.70","593.43","578.03","10.82M","0.64%"
"01/25/2018","583.09","586.36","587.06","576.57","13.55M","-0.88%"
"01/24/2018","588.25","582.79","605.74","579.17","20.60M","0.74%"
"01/23/2018","583.93","572.97","589.34","572.97","15.40M","2.36%"
"01/22/2018","570.49","561.63","573.94","561.56","9.65M","0.57%"
"01/19/2018","567.24","568.01","569.45","563.54","5.99M","-0.80%"
"01/18/2018","571.83","568.01","577.88","561.61","13.20M","0.05%"
"01/17/2018","571.53","558.01","576.34","557.10","26.15M","2.60%"
"01/16/2018","557.02","536.38","562.95","536.38","22.65M","3.86%"
"01/15/2018","536.33","535.76","542.19","528.37","10.65M","0.25%"
"01/12/2018","535.00","538.64","538.69","531.08","18.02M","0.25%"
"01/11/2018","533.68","523.49","537.45","523.49","16.78M","2.24%"
"01/10/2018","522.00","519.29","523.86","512.47","9.47M","1.05%"
"01/09/2018","516.59","515.92","518.35","510.41","9.95M","0.51%"
"01/08/2018","513.96","508.43","515.43","506.02","5.59M","2.38%"
"01/05/2018","502.03","503.67","509.17","499.05","11.03M","-0.34%"
"01/04/2018","503.72","506.50","506.50","500.84","8.95M","-0.58%"
"01/03/2018","506.64","510.22","511.75","505.31","6.85M","-0.82%"
"01/02/2018","510.81","514.56","516.91","507.49","6.11M","-0.37%"
"01/01/2018","512.72","514.78","518.15","510.96","5.43M","-0.82%"
"12/29/2017","516.94","511.01","520.29","510.96","6.60M","0.85%"
"12/28/2017","512.57","510.96","515.92","507.88","8.43M","-0.10%"
"12/27/2017","513.07","509.97","515.47","509.67","6.97M","-0.13%"
"12/26/2017","513.74","510.96","516.67","507.49","10.81M","-0.36%"
"12/22/2017","515.60","504.02","518.30","504.02","12.91M","1.69%"
"12/21/2017","507.02","503.42","510.44","495.28","11.06M","0.61%"
"12/20/2017","503.94","498.61","505.31","496.57","4.19M","1.18%"
"12/19/2017","498.04","504.73","504.98","495.85","7.12M","-1.24%"
"12/18/2017","504.31","501.98","511.31","498.96","4.04M","-0.62%"
"12/15/2017","507.44","502.53","509.17","501.96","10.38M","0.97%"
"12/14/2017","502.58","498.68","503.52","495.73","6.02M","0.93%"
"12/13/2017","497.94","501.49","505.50","494.91","5.36M","-0.67%"
"12/12/2017","501.29","497.07","503.02","497.07","9.32M","0.52%"
"12/11/2017","498.71","493.57","499.50","493.08","5.14M","0.34%"
"12/08/2017","497.00","496.57","499.55","493.60","5.98M","0.21%"
"12/07/2017","495.98","490.62","497.52","488.93","7.55M","0.96%"
"12/06/2017","491.27","488.64","493.15","488.14","7.49M","0.61%"
"12/05/2017","488.31","488.81","497.57","485.66","9.98M","-0.10%"
"12/04/2017","488.81","486.16","494.49","480.48","17.81M","2.77%"
"12/01/2017","475.64","485.86","487.74","474.77","4.09M","-1.77%"
"11/30/2017","484.22","490.84","490.84","480.38","17.27M","-0.67%"
"11/29/2017","487.50","489.95","492.08","486.31","3.84M","-0.20%"
"11/28/2017","488.49","493.30","496.03","486.80","4.62M","-1.41%"
"11/27/2017","495.46","499.40","499.40","492.75","6.02M","-1.07%"
"11/24/2017","500.82","491.56","505.65","491.22","18.62M","1.85%"
"11/23/2017","491.74","481.94","493.32","480.70","11.89M","2.58%"
"11/22/2017","479.36","479.51","481.72","477.87","6.08M","0.00%"
"11/21/2017","479.34","476.88","481.94","476.26","5.36M","0.59%"
"11/20/2017","476.51","480.70","481.69","474.87","5.66M","-1.07%"
"11/17/2017","481.67","488.88","488.88","478.79","8.06M","-1.76%"
"11/16/2017","490.32","472.17","494.04","470.53","15.69M","3.84%"
"11/15/2017","472.17","468.87","473.01","468.55","7.02M","0.28%"
"11/14/2017","470.83","472.24","473.68","467.93","5.73M","-0.30%"
"11/13/2017","472.24","477.25","480.90","470.95","5.02M","-1.05%"
"11/10/2017","477.25","475.64","478.39","471.27","6.59M","0.79%"
"11/09/2017","473.51","472.76","477.72","470.41","4.72M","0.23%"
"11/08/2017","472.42","476.36","477.15","470.03","5.37M","-0.33%"
"11/07/2017","474.00","459.49","476.23","459.29","13.44M","2.88%"
"11/06/2017","460.71","457.95","463.83","457.71","5.07M","0.22%"
"11/03/2017","459.69","454.90","461.30","454.88","3.70M","0.41%"
"11/02/2017","457.83","457.90","459.37","456.39","4.69M","-0.45%"
"11/01/2017","459.89","458.87","461.05","458.03","5.63M","0.56%"
"10/31/2017","457.31","458.87","461.35","456.39","9.95M","-2.36%"
"10/30/2017","468.35","473.58","473.58","466.83","12.97M","-0.24%"
"10/27/2017","469.46","473.75","475.09","468.30","8.52M","-0.11%"
"10/26/2017","469.96","467.31","472.17","466.36","33.66M","1.29%"
"10/25/2017","463.98","455.90","468.64","454.04","13.98M","0.95%"
"10/24/2017","459.62","469.29","469.61","457.19","14.53M","-1.38%"
"10/23/2017","466.07","461.35","467.31","460.41","9.15M","1.35%"
"10/19/2017","459.84","461.35","462.34","458.97","1.09M","0.28%"
"10/18/2017","458.55","460.81","461.35","457.86","7.23M","-0.66%"
"10/17/2017","461.60","464.73","464.73","461.10","5.63M","-0.91%"
"10/16/2017","465.82","464.30","467.31","462.84","5.76M","0.96%"
"10/13/2017","461.40","462.74","463.09","460.14","7.18M","0.30%"
"10/12/2017","460.01","461.35","463.51","456.17","10.28M","-0.37%"
"10/11/2017","461.70","464.06","465.32","460.36","5.98M","-0.51%"
"10/10/2017","464.06","466.29","466.29","461.13","7.14M","1.25%"
"10/09/2017","458.33","456.39","460.86","453.42","3.50M","0.41%"
"10/06/2017","456.47","448.45","457.38","448.43","8.57M","1.90%"
"10/05/2017","447.98","446.47","448.93","445.97","8.61M","0.38%"
"10/04/2017","446.27","447.96","449.15","445.06","4.99M","-0.44%"
"10/03/2017","448.23","451.48","452.42","447.26","4.95M","0.41%"
"09/29/2017","446.42","445.48","447.66","443.99","5.71M","0.43%"
"09/28/2017","444.49","444.54","448.40","443.64","17.54M","-0.42%"
"09/27/2017","446.37","449.50","450.39","444.04","6.00M","-0.67%"
"09/26/2017","449.40","444.98","450.64","443.64","7.37M","1.18%"
"09/25/2017","444.16","446.97","447.44","441.06","9.09M","-0.33%"
"09/22/2017","445.63","450.51","451.55","440.52","17.60M","-1.24%"
"09/21/2017","451.21","453.91","454.04","450.51","8.20M","-0.34%"
"09/20/2017","452.77","454.90","454.90","450.17","5.77M","0.05%"
"09/19/2017","452.55","450.44","454.41","448.21","6.03M","0.35%"
"09/18/2017","450.98","451.43","455.28","449.60","8.48M","0.09%"
"09/15/2017","450.56","442.65","453.04","442.60","13.46M","1.78%"
"09/14/2017","442.70","438.78","444.78","437.34","13.70M","0.98%"
"09/13/2017","438.41","439.28","440.32","437.04","11.48M","-0.03%"
"09/12/2017","438.56","437.81","440.39","435.95","17.24M","0.61%"
"09/11/2017","435.90","441.71","442.40","433.40","13.79M","-0.63%"
"09/08/2017","438.68","445.97","445.97","437.59","8.60M","-1.28%"
"09/07/2017","444.36","446.47","446.72","442.68","6.24M","0.02%"
"09/06/2017","444.29","446.47","446.62","441.51","7.74M","-0.70%"
"09/05/2017","447.41","447.46","448.95","445.11","9.78M","0.19%"
"09/04/2017","446.57","456.89","456.94","443.25","10.18M","-2.15%"
"09/01/2017","456.37","454.38","459.32","451.43","8.43M","0.55%"
"08/31/2017","453.89","460.76","460.83","452.87","15.02M","-1.26%"
"08/30/2017","459.69","464.92","465.82","458.43","16.15M","-0.09%"
"08/29/2017","460.09","467.03","467.31","459.14","13.37M","-1.44%"
"08/28/2017","466.81","468.27","473.23","465.32","40.71M","3.16%"
"08/24/2017","452.50","451.43","455.52","447.64","42.38M","2.17%"
"08/23/2017","442.90","436.55","448.31","433.52","61.28M","1.99%"
"08/22/2017","434.27","444.09","445.01","426.63","49.24M","0.23%"
"08/21/2017","433.27","458.38","458.38","431.59","90.41M","-5.40%"
"08/18/2017","458.00","504.96","504.96","438.63","164.40M","-9.56%"
"08/17/2017","506.42","498.56","510.59","495.11","25.78M","4.68%"
"08/16/2017","483.78","487.15","489.18","480.70","6.18M","-0.64%"
"08/14/2017","486.88","490.13","490.72","484.74","3.82M","-0.63%"
"08/11/2017","489.98","484.17","494.59","481.00","6.54M","0.66%"
"08/10/2017","486.78","481.15","489.88","480.87","9.14M","1.23%"
"08/09/2017","480.87","480.03","483.13","478.49","3.92M","0.57%"
"08/08/2017","478.14","480.45","481.32","473.78","6.00M","-0.46%"
"08/07/2017","480.33","487.89","488.02","479.06","6.07M","-1.58%"
"08/04/2017","488.02","490.13","490.62","484.20","5.35M","-0.02%"
"08/03/2017","488.14","491.61","495.46","486.28","4.64M","-0.94%"
"08/02/2017","492.78","499.05","502.40","489.73","4.26M","-1.21%"
"08/01/2017","498.83","501.53","504.51","495.26","7.69M","-0.56%"
"07/31/2017","501.63","492.06","506.84","489.50","19.16M","1.39%"
"07/28/2017","494.76","484.17","497.57","477.38","11.10M","2.71%"
"07/27/2017","481.72","494.09","498.06","479.61","12.68M","-2.31%"
"07/26/2017","493.13","495.14","495.58","491.32","6.87M","0.02%"
"07/25/2017","493.03","491.12","495.58","489.23","7.15M","0.33%"
"07/24/2017","491.39","487.89","493.10","487.45","6.13M","1.07%"
"07/21/2017","486.21","482.68","487.42","481.89","5.98M","1.10%"
"07/20/2017","480.92","485.81","486.08","479.68","6.81M","-1.06%"
"07/19/2017","486.08","486.88","490.45","480.75","5.89M","-0.58%"
"07/18/2017","488.93","489.16","498.46","486.70","8.26M","0.16%"
"07/17/2017","488.17","483.68","492.11","483.18","7.70M","1.24%"
"07/14/2017","482.21","495.81","499.48","479.24","22.48M","-0.51%"
"07/13/2017","484.69","484.79","487.87","478.27","5.17M","0.48%"
"07/12/2017","482.36","483.65","486.90","480.58","6.28M","-0.31%"
"07/11/2017","483.85","474.57","490.87","474.57","11.54M","1.91%"
"07/10/2017","474.77","468.79","510.41","464.97","1.70M","2.31%"
"07/07/2017","464.03","468.22","469.02","462.87","5.78M","-1.23%"
"07/06/2017","469.79","468.79","474.75","468.40","3.83M","-0.41%"
"07/05/2017","471.72","475.74","475.74","468.99","4.23M","-1.17%"
"07/04/2017","477.30","473.18","481.20","470.98","5.17M","1.08%"
"07/03/2017","472.22","466.86","473.75","463.63","5.09M","1.75%"
"06/30/2017","464.11","461.75","465.32","460.86","4.22M","0.58%"
"06/29/2017","461.45","461.45","470.26","459.67","15.91M","0.60%"
"06/28/2017","458.72","462.74","462.84","456.89","5.91M","-0.25%"
"06/27/2017","459.89","468.79","470.28","458.25","6.90M","-1.72%"
"06/23/2017","467.93","468.79","470.85","465.32","6.40M","0.33%"
"06/22/2017","466.39","470.13","480.55","463.88","9.47M","-0.34%"
"06/21/2017","467.98","468.79","470.78","464.35","3.74M","-0.02%"
"06/20/2017","468.07","463.83","469.74","463.36","5.18M","1.47%"
"06/19/2017","461.28","466.29","466.44","460.36","6.86M","-1.11%"
"06/16/2017","466.44","470.83","473.18","464.33","10.95M","-1.24%"
"06/15/2017","472.32","476.06","480.18","471.08","5.53M","-0.68%"
"06/14/2017","475.54","476.23","477.18","471.87","7.44M","0.08%"
"06/13/2017","475.14","473.01","477.70","472.07","4.94M","-0.63%"
"06/12/2017","478.14","467.98","478.81","466.36","8.59M","1.61%"
"06/09/2017","470.58","465.59","471.75","457.88","14.76M","-0.82%"
"06/08/2017","474.47","477.70","477.70","470.36","6.20M","-0.51%"
"06/07/2017","476.88","488.64","490.57","468.79","12.46M","-1.84%"
"06/06/2017","485.83","478.72","489.88","478.42","7.01M","2.15%"
"06/05/2017","475.61","481.20","482.19","474.77","5.46M","-1.10%"
"06/02/2017","480.92","482.88","483.90","478.32","3.92M","-0.20%"
"06/01/2017","481.89","480.85","486.01","475.52","5.51M","-0.58%"
"05/31/2017","484.69","492.88","492.88","483.60","7.76M","-1.92%"
"05/30/2017","494.19","487.15","496.08","485.49","3.72M","1.12%"
"05/29/2017","488.71","491.56","494.44","484.02","6.31M","-1.06%"
"05/26/2017","493.94","489.63","496.08","486.45","4.99M","1.26%"
"05/25/2017","487.79","476.73","489.43","476.73","10.44M","2.98%"
"05/24/2017","473.66","476.23","478.96","471.08","5.64M","-0.26%"
"05/23/2017","474.90","478.54","479.71","473.31","4.04M","-0.43%"
"05/22/2017","476.95","475.44","479.66","474.52","5.50M","0.36%"
"05/19/2017","475.22","476.98","477.57","470.21","4.26M","-0.39%"
"05/18/2017","477.10","467.80","483.13","467.73","8.06M","0.94%"
"05/17/2017","472.66","472.07","475.47","468.22","2.92M","-0.23%"
"05/16/2017","473.75","472.81","476.31","469.76","6.13M","0.36%"
"05/15/2017","472.04","477.97","477.97","470.83","7.30M","-1.32%"
"05/12/2017","478.34","472.76","479.21","471.99","10.98M","2.13%"
"05/11/2017","468.35","469.71","471.20","465.10","3.23M","0.05%"
"05/10/2017","468.12","469.86","471.27","464.90","3.36M","-0.32%"
"05/09/2017","469.61","471.57","472.24","467.36","5.65M","0.12%"
"05/08/2017","469.04","465.32","470.55","462.34","4.71M","1.50%"
"05/05/2017","462.10","464.33","465.00","456.39","4.43M","-0.66%"
"05/04/2017","465.15","464.83","466.14","460.81","5.28M","0.36%"
"05/03/2017","463.49","459.62","465.87","455.23","4.66M","1.27%"
"05/02/2017","457.68","458.38","459.57","453.96","3.23M","0.40%"
"04/28/2017","455.87","459.79","460.06","454.21","5.03M","-0.68%"
"04/27/2017","459.00","454.41","460.86","454.41","7.80M","1.20%"
"04/26/2017","453.54","461.33","464.11","451.53","9.08M","-1.62%"
"04/25/2017","461.03","459.32","462.84","456.66","4.74M","0.30%"
"04/24/2017","459.64","455.15","460.61","452.92","5.56M","0.31%"
"04/21/2017","458.23","463.73","463.73","456.94","3.58M","-0.39%"
"04/20/2017","460.01","457.14","461.20","455.67","4.55M","0.88%"
"04/19/2017","455.99","457.88","461.35","452.75","10.07M","-0.38%"
"04/18/2017","457.71","458.75","463.34","455.95","4.65M","-0.24%"
"04/17/2017","458.82","461.35","462.39","458.13","7.21M","-0.70%"
"04/13/2017","462.05","481.20","491.12","459.69","30.97M","-3.87%"
"04/12/2017","480.63","481.20","484.62","476.41","6.70M","0.18%"
"04/11/2017","479.78","474.28","482.04","474.28","8.66M","1.44%"
"04/10/2017","472.96","488.59","490.87","471.32","9.53M","-2.87%"
"04/07/2017","486.93","496.52","496.52","485.66","6.40M","-1.80%"
"04/06/2017","495.88","495.16","498.96","492.11","5.38M","0.37%"
"04/05/2017","494.07","498.56","498.76","491.61","7.40M","-1.27%"
"04/03/2017","500.44","512.03","512.18","499.10","4.32M","-1.32%"
"03/31/2017","507.12","507.61","510.61","500.05","14.15M","-0.32%"
"03/30/2017","508.73","512.94","513.89","506.12","12.16M","-0.62%"
"03/29/2017","511.88","513.09","516.67","508.90","6.98M","-0.32%"
"03/28/2017","513.52","511.70","515.43","510.99","4.80M","0.61%"
"03/27/2017","510.39","509.57","516.84","508.23","7.68M","-0.25%"
"03/24/2017","511.65","514.93","517.91","509.82","4.88M","-0.87%"
"03/23/2017","516.14","510.09","517.41","509.27","4.50M","1.24%"
"03/22/2017","509.82","507.21","515.90","506.20","3.99M","-0.50%"
"03/21/2017","512.37","506.45","513.42","505.40","4.87M","1.11%"
"03/20/2017","506.74","509.25","509.25","503.57","4.43M","-1.81%"
"03/17/2017","516.07","513.64","517.36","505.63","9.51M","1.11%"
"03/16/2017","510.39","502.68","511.80","502.68","6.70M","1.67%"
"03/15/2017","502.01","513.39","513.39","499.80","6.37M","-2.21%"
"03/14/2017","513.34","507.39","516.86","507.39","7.88M","1.27%"
"03/10/2017","506.92","503.52","509.79","502.73","4.55M","1.02%"
"03/09/2017","501.81","499.95","502.53","495.58","3.48M","0.37%"
"03/08/2017","499.95","504.46","504.46","498.29","6.18M","-1.18%"
"03/07/2017","505.90","506.99","508.88","503.37","4.64M","-1.36%"
"03/06/2017","512.90","506.02","513.91","505.85","5.29M","0.26%"
"03/03/2017","511.56","501.16","513.09","496.28","5.40M","0.77%"
"03/02/2017","507.64","508.18","509.97","504.26","2.95M","-0.18%"
"03/01/2017","508.55","502.03","509.47","501.09","4.28M","1.26%"
"02/28/2017","502.23","501.96","507.34","500.67","5.94M","0.00%"
"02/27/2017","502.23","499.70","507.49","499.53","5.33M","0.35%"
"02/23/2017","500.47","495.53","506.00","492.78","9.54M","1.89%"
"02/22/2017","491.19","503.52","503.52","489.33","6.61M","-2.31%"
"02/21/2017","502.82","507.04","508.23","496.10","7.61M","0.33%"
"02/20/2017","501.16","494.34","511.46","492.85","4.65M","1.01%"
"02/17/2017","496.13","502.90","502.90","492.46","4.85M","-1.19%"
"02/16/2017","502.08","491.61","502.97","491.14","12.82M","3.09%"
"02/15/2017","487.05","490.72","495.48","480.60","7.26M","-0.60%"
"02/14/2017","489.98","486.16","490.62","482.36","9.34M","0.34%"
"02/13/2017","488.31","482.61","489.18","477.65","13.72M","1.66%"
"02/10/2017","480.35","469.41","482.19","467.95","12.25M","2.36%"
"02/09/2017","469.29","464.83","471.27","464.60","11.91M","1.01%"
"02/08/2017","464.58","464.33","468.35","462.57","6.32M","-0.61%"
"02/07/2017","467.43","462.84","471.17","460.63","9.27M","0.75%"
"02/06/2017","463.96","464.95","468.17","461.63","6.73M","-0.09%"
"02/03/2017","464.38","463.24","466.76","456.91","8.42M","0.02%"
"02/02/2017","464.28","454.90","468.79","451.48","11.83M","2.09%"
"02/01/2017","454.78","456.94","457.98","449.03","11.53M","-1.28%"
"01/31/2017","460.66","467.06","467.06","448.63","24.07M","-2.18%"
"01/30/2017","470.95","465.07","472.02","460.78","11.37M","0.76%"
"01/27/2017","467.38","463.26","470.06","447.04","10.64M","0.59%"
"01/25/2017","464.63","469.34","469.69","463.73","9.98M","-0.95%"
"01/24/2017","469.07","471.27","471.27","466.36","6.83M","-0.75%"
"01/23/2017","472.61","468.79","475.24","466.31","7.95M","0.42%"
"01/20/2017","470.63","471.27","472.84","469.29","9.12M","-0.98%"
"01/19/2017","475.29","471.77","476.04","470.33","8.88M","0.77%"
"01/18/2017","471.67","475.29","476.73","471.17","5.95M","-0.48%"
"01/17/2017","473.95","474.37","478.22","472.46","5.56M","-0.03%"
"01/16/2017","474.08","478.72","478.94","472.49","12.35M","-2.06%"
"01/13/2017","484.07","510.96","515.92","477.57","31.28M","-2.42%"
"01/12/2017","496.10","484.94","498.26","484.94","11.86M","3.19%"
"01/11/2017","480.75","483.28","485.39","478.19","12.24M","-0.15%"
"01/10/2017","481.47","484.67","486.65","480.18","11.94M","0.02%"
"01/09/2017","481.37","482.31","484.64","478.72","10.55M","-0.19%"
"01/06/2017","482.31","493.55","495.51","480.23","14.39M","-2.40%"
"01/05/2017","494.17","496.87","500.79","490.50","8.21M","-0.16%"
"01/04/2017","494.96","493.62","498.16","492.23","7.07M","0.39%"
"01/03/2017","493.03","498.11","498.51","487.15","6.78M","-0.72%"
"01/02/2017","496.62","501.58","502.50","495.76","2.34M","-0.94%"
"12/30/2016","501.34","495.09","502.03","492.48","7.27M","1.84%"
"12/29/2016","492.28","497.94","500.05","490.20","6.24M","-0.62%"
"12/28/2016","495.33","497.54","500.94","493.60","5.48M","-0.05%"
"12/27/2016","495.56","487.52","497.02","486.16","4.91M","1.65%"
"12/26/2016","487.52","490.13","493.10","483.73","3.21M","-0.58%"
"12/23/2016","490.35","488.59","499.35","482.98","7.31M","0.38%"
"12/22/2016","488.49","497.32","499.55","480.95","7.06M","-1.68%"
"12/21/2016","496.85","504.02","506.99","495.21","7.34M","-1.05%"
"12/20/2016","502.11","497.07","505.50","496.72","7.64M","0.75%"
"12/19/2016","498.38","499.10","500.17","493.15","4.12M","-0.05%"
"12/16/2016","498.63","497.96","500.89","494.96","6.44M","1.29%"
"12/15/2016","492.28","494.79","505.48","490.62","7.97M","-0.74%"
"12/14/2016","495.95","491.61","498.53","488.19","5.38M","0.96%"
"12/13/2016","491.22","486.40","492.53","481.74","4.85M","1.32%"
"12/12/2016","484.84","487.55","487.55","478.81","5.35M","-1.21%"
"12/09/2016","490.79","488.64","500.12","486.90","8.65M","0.48%"
"12/08/2016","488.46","481.22","489.18","481.22","5.94M","1.89%"
"12/07/2016","479.41","480.20","482.68","476.33","3.39M","-0.01%"
"12/06/2016","479.46","477.13","485.91","477.05","3.56M","0.51%"
"12/05/2016","477.05","479.16","480.50","475.24","3.66M","-0.30%"
"12/02/2016","478.47","478.62","481.00","476.78","4.45M","-1.14%"
"12/01/2016","483.97","484.17","487.92","479.71","4.61M","0.00%"
"11/30/2016","483.95","482.68","484.67","476.76","8.50M","0.30%"
"11/29/2016","482.49","485.56","488.49","479.76","6.13M","-0.73%"
"11/28/2016","486.03","485.81","487.87","481.49","7.37M","0.23%"
"11/25/2016","484.92","461.58","488.64","461.58","12.63M","5.07%"
"11/24/2016","461.50","460.46","466.26","458.03","16.78M","1.09%"
"11/23/2016","456.52","457.43","457.83","452.65","8.25M","0.66%"
"11/22/2016","453.51","454.85","460.68","452.25","5.48M","0.34%"
"11/21/2016","451.98","459.81","459.81","449.92","7.94M","-0.97%"
"11/18/2016","456.39","461.35","462.96","455.15","6.04M","-1.05%"
"11/17/2016","461.25","463.46","470.78","459.57","5.71M","-1.18%"
"11/16/2016","466.76","461.35","474.67","460.63","12.22M","1.88%"
"11/15/2016","458.15","458.38","466.29","450.71","9.24M","0.22%"
"11/11/2016","457.16","466.31","468.79","455.75","7.10M","-1.90%"
"11/10/2016","466.02","477.48","477.48","463.83","7.29M","-1.97%"
"11/09/2016","475.39","461.35","483.48","446.97","12.76M","-2.47%"
"11/08/2016","487.45","489.58","490.00","481.49","5.26M","0.48%"
"11/07/2016","485.14","488.64","489.13","483.68","4.54M","0.72%"
"11/04/2016","481.69","479.71","485.76","476.73","6.01M","0.43%"
"11/03/2016","479.63","486.68","487.15","478.76","5.23M","-1.45%"
"11/02/2016","486.68","488.54","489.88","486.16","5.38M","-0.85%"
"11/01/2016","490.84","499.45","499.45","489.33","6.33M","-1.26%"
"10/30/2016","497.12","496.57","499.03","495.98","638.07K","0.46%"
"10/28/2016","494.84","498.66","501.04","492.68","5.84M","-0.60%"
"10/27/2016","497.81","504.96","504.98","496.62","7.23M","-1.06%"
"10/26/2016","503.12","504.51","505.93","500.69","2.78M","-0.30%"
"10/25/2016","504.61","514.18","515.38","503.62","5.64M","-0.96%"
"10/24/2016","509.52","514.68","517.26","508.73","2.90M","-1.08%"
"10/21/2016","515.08","513.44","516.42","507.24","3.86M","0.16%"
"10/20/2016","514.26","518.28","521.23","512.85","3.54M","-0.49%"
"10/19/2016","516.81","516.91","518.75","513.94","3.51M","0.26%"
"10/18/2016","515.45","510.96","516.17","509.62","6.39M","1.63%"
"10/17/2016","507.19","513.42","516.81","504.68","8.01M","-0.46%"
"10/14/2016","509.55","522.32","537.10","494.22","33.46M","-2.39%"
"10/13/2016","522.05","506.69","524.85","506.69","9.78M","2.17%"
"10/10/2016","510.94","504.51","511.83","501.04","5.41M","1.72%"
"10/07/2016","502.30","510.94","512.85","501.09","6.29M","-1.45%"
"10/06/2016","509.67","518.40","518.40","508.95","3.72M","-1.35%"
"10/05/2016","516.67","520.49","520.81","514.43","2.31M","-0.73%"
"10/04/2016","520.49","515.92","521.58","515.08","5.07M","1.07%"
"10/03/2016","514.98","513.69","515.92","509.03","3.66M","0.20%"
"09/30/2016","513.96","511.51","517.86","511.51","6.50M","0.67%"
"09/29/2016","510.56","518.38","518.38","507.98","8.90M","-0.94%"
"09/28/2016","515.40","515.92","517.06","512.57","5.43M","-0.08%"
"09/27/2016","515.80","513.47","520.83","512.62","6.53M","0.37%"
"09/26/2016","513.89","517.29","517.91","511.46","6.37M","-0.64%"
"09/23/2016","517.19","524.35","525.25","515.92","5.21M","-1.53%"
"09/22/2016","525.25","525.35","526.34","521.87","3.63M","0.29%"
"09/21/2016","523.73","522.87","526.46","521.40","4.23M","0.53%"
"09/20/2016","520.96","522.52","524.43","518.77","4.21M","-1.04%"
"09/19/2016","526.44","518.90","530.26","516.59","5.81M","0.10%"
"09/16/2016","525.92","520.39","528.08","514.98","9.95M","1.72%"
"09/15/2016","517.01","518.70","519.29","513.61","4.70M","-0.33%"
"09/14/2016","518.70","522.84","524.75","516.24","5.15M","-0.80%"
"09/12/2016","522.87","508.60","524.85","508.60","6.20M","1.79%"
"09/09/2016","513.69","514.43","516.42","509.25","5.05M","-0.21%"
"09/08/2016","514.76","518.40","518.40","507.98","9.09M","-1.58%"
"09/07/2016","523.04","519.89","525.35","517.91","7.43M","0.90%"
"09/06/2016","518.40","515.05","520.34","513.74","8.22M","1.27%"
"09/02/2016","511.88","515.45","515.92","509.08","3.33M","-0.55%"
"09/01/2016","514.71","514.93","516.14","511.95","2.88M","0.17%"
"08/31/2016","513.86","514.48","518.77","509.87","11.14M","-0.44%"
"08/30/2016","516.12","512.18","518.40","508.48","4.38M","1.72%"
"08/29/2016","507.39","504.81","510.96","501.53","5.22M","0.25%"
"08/26/2016","506.12","513.94","518.90","504.54","6.88M","-1.53%"
"08/25/2016","514.01","523.36","524.65","512.00","4.80M","-2.01%"
"08/24/2016","524.55","519.39","526.86","519.39","6.13M","1.71%"
"08/23/2016","515.75","506.05","516.91","506.05","7.41M","2.38%"
"08/22/2016","503.74","505.01","510.96","500.59","10.25M","-0.57%"
"08/19/2016","506.64","510.96","515.43","505.23","5.69M","-0.21%"
"08/18/2016","507.69","514.18","515.47","506.74","8.43M","-0.96%"
"08/17/2016","512.60","520.86","522.20","511.21","6.60M","-1.76%"
"08/16/2016","521.77","516.91","524.88","509.97","16.43M","-1.01%"
"08/12/2016","527.11","533.31","535.17","525.84","7.45M","-1.37%"
"08/11/2016","534.45","536.61","543.21","533.41","5.04M","-0.46%"
"08/10/2016","536.93","533.78","539.68","533.38","5.58M","-0.10%"
"08/09/2016","537.45","534.28","538.00","531.55","7.19M","0.44%"
"08/08/2016","535.12","530.31","536.26","527.11","4.64M","1.00%"
"08/05/2016","529.81","531.80","532.51","525.84","5.61M","-0.36%"
"08/04/2016","531.70","538.94","539.19","530.83","4.24M","-1.21%"
"08/03/2016","538.20","538.57","538.99","530.95","7.21M","0.10%"
"08/02/2016","537.65","535.71","538.24","533.28","6.82M","-0.13%"
"08/01/2016","538.37","531.55","539.66","529.98","9.10M","1.06%"
"07/29/2016","532.71","532.09","534.15","529.07","8.16M","-0.34%"
"07/28/2016","534.52","538.44","539.21","532.81","11.26M","-0.72%"
"07/27/2016","538.42","538.10","543.95","535.04","7.43M","-0.31%"
"07/26/2016","540.08","530.98","540.68","530.98","7.19M","0.73%"
"07/25/2016","536.19","527.33","537.38","527.33","8.47M","0.78%"
"07/22/2016","532.02","530.80","535.71","529.17","9.39M","-0.69%"
"07/21/2016","535.71","535.27","539.34","533.58","8.67M","-0.30%"
"07/20/2016","537.30","530.80","540.68","530.80","9.82M","-0.35%"
"07/19/2016","539.21","540.03","540.73","532.84","10.40M","0.46%"
"07/18/2016","536.73","534.40","538.20","523.44","14.33M","0.88%"
"07/15/2016","532.07","590.08","590.28","521.87","61.48M","-8.82%"
"07/14/2016","583.51","592.81","593.33","577.43","7.41M","-1.47%"
"07/13/2016","592.22","585.37","593.21","582.99","5.28M","1.47%"
"07/12/2016","583.66","585.37","585.55","579.42","6.20M","0.13%"
"07/11/2016","582.92","579.12","584.73","575.45","6.67M","1.46%"
"07/08/2016","574.56","576.94","578.92","572.23","5.55M","0.08%"
"07/07/2016","574.09","579.77","580.91","572.97","5.95M","-1.55%"
"07/05/2016","583.11","587.85","589.09","580.93","3.60M","-0.72%"
"07/04/2016","587.33","583.49","592.61","583.49","5.38M","0.99%"
"07/01/2016","581.60","585.37","585.37","580.46","3.99M","0.14%"
"06/30/2016","580.81","585.62","587.60","579.39","9.35M","-0.51%"
"06/29/2016","583.81","579.92","585.32","575.55","5.46M","1.53%"
"06/28/2016","575.03","576.84","581.65","573.02","7.66M","-0.60%"
"06/27/2016","578.53","581.43","586.96","575.45","5.58M","-2.37%"
"06/24/2016","592.59","589.34","594.80","575.45","7.81M","-1.41%"
"06/23/2016","601.05","593.95","602.66","591.99","3.83M","1.01%"
"06/22/2016","595.05","597.28","601.22","589.42","3.03M","-0.55%"
"06/21/2016","598.32","600.85","602.64","593.14","4.76M","-0.22%"
"06/20/2016","599.63","585.87","601.15","585.22","6.23M","2.48%"
"06/17/2016","585.12","589.84","591.70","582.94","8.52M","-0.55%"
"06/16/2016","588.35","590.08","590.08","580.46","5.30M","-0.33%"
"06/15/2016","590.31","587.21","591.65","584.90","6.71M","1.27%"
"06/14/2016","582.89","586.56","586.56","579.05","2.94M","-0.50%"
"06/13/2016","585.82","583.78","587.80","578.43","5.29M","0.03%"
"06/10/2016","585.67","583.09","590.33","580.46","6.38M","-0.41%"
"06/09/2016","588.10","608.32","608.32","585.40","12.74M","-4.25%"
"06/08/2016","614.19","627.02","627.02","612.83","8.74M","-1.54%"
"06/07/2016","623.77","628.53","631.26","622.63","5.69M","-0.74%"
"06/06/2016","628.41","627.49","633.49","625.60","4.23M","-0.01%"
"06/03/2016","628.48","625.08","634.63","625.08","4.00M","0.42%"
"06/02/2016","625.83","622.58","632.45","622.08","5.05M","0.27%"
"06/01/2016","624.17","618.14","629.27","618.11","4.84M","0.77%"
"05/31/2016","619.43","627.54","628.41","614.64","13.78M","-1.49%"
"05/30/2016","628.83","615.88","631.01","615.88","5.29M","1.61%"
"05/27/2016","618.86","610.97","624.81","610.97","6.18M","1.08%"
"05/26/2016","612.23","600.30","615.04","600.30","6.14M","2.11%"
"05/25/2016","599.58","592.37","601.79","592.37","3.86M","1.76%"
"05/24/2016","589.22","590.85","591.20","584.18","3.49M","-0.02%"
"05/23/2016","589.34","596.98","597.85","587.85","4.59M","-1.13%"
"05/20/2016","596.09","597.77","604.97","595.29","3.99M","-0.34%"
"05/19/2016","598.15","600.73","603.31","595.79","3.95M","-0.34%"
"05/18/2016","600.18","594.80","602.24","594.25","4.26M","-0.36%"
"05/17/2016","602.36","605.22","608.07","599.34","3.80M","-0.06%"
"05/16/2016","602.73","600.35","607.03","597.77","4.53M","0.64%"
"05/13/2016","598.89","598.27","600.25","591.40","5.65M","-0.23%"
"05/12/2016","600.25","597.23","601.74","593.71","3.41M","0.68%"
"05/11/2016","596.21","594.55","602.59","591.57","3.71M","-0.90%"
"05/10/2016","601.64","596.53","603.55","593.61","3.40M","1.15%"
"05/09/2016","594.82","586.36","596.06","585.67","5.12M","1.48%"
"05/06/2016","586.12","590.23","590.23","583.91","2.60M","-0.92%"
"05/05/2016","591.55","592.89","594.80","585.92","6.30M","0.30%"
"05/04/2016","589.76","585.87","591.82","580.73","5.81M","0.94%"
"05/03/2016","584.28","596.66","601.35","581.30","6.82M","-1.94%"
"05/02/2016","595.81","600.25","600.82","593.38","3.62M","-0.58%"
"04/29/2016","599.31","600.97","606.98","597.77","5.04M","-0.09%"
"04/28/2016","599.83","610.67","614.94","598.77","12.17M","-2.50%"
"04/27/2016","615.21","609.78","616.30","609.46","4.49M","0.65%"
"04/26/2016","611.24","602.96","614.91","599.56","5.85M","1.34%"
"04/25/2016","603.16","601.27","607.60","595.84","5.36M","0.38%"
"04/22/2016","600.87","608.34","609.43","598.77","5.14M","-1.23%"
"04/21/2016","608.34","620.59","620.59","604.27","5.44M","-1.39%"
"04/20/2016","616.92","617.12","618.34","608.09","8.07M","0.40%"
"04/18/2016","614.49","620.10","628.98","611.91","25.02M","5.63%"
"04/13/2016","581.75","592.79","592.79","578.60","12.51M","-0.80%"
"04/12/2016","586.46","585.62","592.76","584.68","5.84M","-0.14%"
"04/11/2016","587.31","578.33","588.72","571.04","5.77M","1.56%"
"04/08/2016","578.30","583.31","584.13","576.47","4.20M","-1.33%"
"04/07/2016","586.12","599.46","599.46","582.89","5.66M","-1.60%"
"04/06/2016","595.64","609.18","609.18","593.31","4.93M","-1.57%"
"04/05/2016","605.12","616.13","616.28","602.24","4.79M","-1.92%"
"04/04/2016","616.97","602.02","619.11","602.02","4.58M","3.17%"
"04/01/2016","598.00","603.23","606.31","592.86","5.51M","-1.05%"
"03/31/2016","604.37","600.38","610.13","595.44","18.00M","1.02%"
"03/30/2016","598.25","594.10","600.25","593.09","5.76M","0.73%"
"03/29/2016","593.93","594.80","604.67","591.10","7.00M","-0.63%"
"03/28/2016","597.72","611.37","613.65","593.19","10.79M","-0.24%"
"03/23/2016","599.16","590.33","600.60","586.41","6.33M","1.50%"
"03/22/2016","590.31","590.95","592.32","581.40","7.10M","-0.41%"
"03/21/2016","592.76","589.34","594.80","585.40","5.14M","0.12%"
"03/18/2016","592.02","576.84","594.80","576.44","8.48M","2.72%"
"03/17/2016","576.32","573.91","580.29","572.50","6.47M","0.81%"
"03/16/2016","571.71","566.47","572.97","561.34","5.59M","1.59%"
"03/15/2016","562.75","567.51","572.72","560.05","6.72M","-0.60%"
"03/14/2016","566.12","568.51","572.60","564.78","4.17M","-0.16%"
"03/11/2016","567.02","568.60","573.44","564.64","4.06M","0.04%"
"03/10/2016","566.77","576.89","576.89","565.21","24.38M","-3.05%"
"03/09/2016","584.63","568.01","587.23","566.99","6.31M","1.29%"
"03/08/2016","577.16","576.94","590.58","569.20","7.62M","-0.61%"
"03/04/2016","580.73","583.19","587.85","575.00","4.28M","0.12%"
"03/03/2016","580.06","579.42","591.75","572.47","5.81M","1.15%"
"03/02/2016","573.47","564.07","577.19","558.09","7.21M","2.72%"
"03/01/2016","558.31","543.11","560.72","543.11","6.39M","3.82%"
"02/29/2016","537.77","560.32","560.77","529.96","8.17M","-3.31%"
"02/26/2016","556.18","555.68","561.56","553.62","4.24M","0.98%"
"02/25/2016","550.80","558.29","560.87","546.23","4.48M","-1.34%"
"02/24/2016","558.26","555.36","567.39","554.79","4.95M","0.13%"
"02/23/2016","557.54","560.69","561.81","553.65","2.50M","-0.25%"
"02/22/2016","558.91","561.06","562.53","552.66","3.86M","-0.05%"
"02/19/2016","559.20","555.21","562.65","552.56","3.97M","0.34%"
"02/18/2016","557.29","545.69","559.08","545.69","4.19M","2.33%"
"02/17/2016","544.62","536.63","547.17","534.28","4.16M","1.73%"
"02/16/2016","535.34","539.24","542.09","532.64","5.13M","-1.15%"
"02/15/2016","541.59","543.83","545.79","539.04","5.09M","0.65%"
"02/12/2016","538.07","543.06","547.87","529.32","7.41M","0.56%"
"02/11/2016","535.09","551.14","552.13","531.37","5.21M","-2.70%"
"02/10/2016","549.93","549.65","559.33","548.17","5.87M","0.08%"
"02/09/2016","549.48","559.72","559.72","542.46","7.58M","-3.75%"
"02/08/2016","570.89","577.31","581.50","567.41","4.22M","-2.03%"
"02/05/2016","582.74","583.14","588.67","581.33","3.98M","-0.43%"
"02/04/2016","585.25","575.48","592.79","575.48","5.55M","1.90%"
"02/03/2016","574.31","579.32","583.34","571.85","5.25M","-1.52%"
"02/02/2016","583.16","583.81","590.33","577.43","7.63M","0.19%"
"02/01/2016","582.07","580.41","585.32","576.24","4.25M","0.73%"
"01/29/2016","577.88","564.54","580.41","561.36","10.23M","3.12%"
"01/28/2016","560.37","563.54","566.82","558.68","7.79M","-0.78%"
"01/27/2016","564.78","568.73","570.29","563.05","6.97M","0.07%"
"01/25/2016","564.36","565.65","568.93","557.86","4.58M","0.12%"
"01/22/2016","563.67","569.55","571.73","561.06","6.44M","-0.07%"
"01/21/2016","564.07","563.05","566.77","556.60","6.74M","1.41%"
"01/20/2016","556.23","562.55","575.45","554.12","7.51M","-1.61%"
"01/19/2016","565.36","563.05","574.93","559.85","7.50M","0.69%"
"01/18/2016","561.51","565.48","576.49","559.75","10.07M","-0.70%"
"01/15/2016","565.48","569.50","577.43","564.31","13.04M","0.61%"
"01/14/2016","562.06","528.82","572.97","523.04","30.23M","4.58%"
"01/13/2016","537.45","524.35","541.22","519.94","8.75M","3.19%"
"01/12/2016","520.86","526.83","527.31","511.38","6.57M","-0.54%"
"01/11/2016","523.71","524.01","530.78","521.92","5.36M","-0.71%"
"01/08/2016","527.48","526.59","529.51","523.61","3.16M","1.19%"
"01/07/2016","521.28","525.87","529.76","519.84","5.29M","-1.73%"
"01/06/2016","530.48","533.11","533.11","525.30","5.59M","-0.44%"
"01/05/2016","532.81","538.49","538.49","526.96","4.95M","-0.45%"
"01/04/2016","535.22","545.66","546.90","533.80","3.98M","-2.38%"
"01/01/2016","548.29","545.69","550.13","542.31","1.81M","-0.01%"
"12/31/2015","548.36","540.80","550.62","539.24","7.94M","1.76%"
"12/30/2015","538.89","546.23","548.96","537.25","5.15M","-1.67%"
"12/29/2015","548.02","546.31","550.65","544.35","3.35M","0.00%"
"12/28/2015","548.04","540.73","550.65","540.73","5.53M","0.76%"
"12/24/2015","543.88","546.70","547.89","540.77","1.23M","-0.41%"
"12/23/2015","546.11","543.23","546.93","539.26","2.87M","1.58%"
"12/22/2015","537.62","544.42","544.42","535.81","4.11M","-1.79%"
"12/21/2015","547.40","534.28","549.36","528.79","4.33M","1.87%"
"12/18/2015","537.33","547.37","547.37","535.49","7.22M","-2.16%"
"12/17/2015","549.21","545.69","550.55","539.73","4.96M","1.03%"
"12/16/2015","543.63","537.45","544.69","537.45","5.50M","1.70%"
"12/15/2015","534.55","532.42","535.32","525.25","5.43M","0.75%"
"12/14/2015","530.56","520.63","532.37","519.91","4.82M","1.59%"
"12/11/2015","522.27","522.87","526.79","518.85","5.39M","0.52%"
"12/10/2015","519.57","514.23","521.68","511.11","5.59M","1.86%"
"12/09/2015","510.07","517.41","519.37","507.26","6.82M","-1.55%"
"12/08/2015","518.10","518.43","527.21","515.57","5.72M","-0.18%"
"12/07/2015","519.02","523.51","525.35","515.92","4.51M","-0.27%"
"12/04/2015","520.41","520.39","528.27","515.97","8.38M","-0.82%"
"12/03/2015","524.73","526.34","528.22","520.41","5.50M","-0.28%"
"12/02/2015","526.19","535.74","535.74","525.35","6.40M","-1.70%"
"12/01/2015","535.27","539.73","543.21","532.27","5.90M","-0.82%"
"11/30/2015","539.68","530.80","544.84","523.96","18.11M","2.02%"
"11/27/2015","528.99","524.85","530.80","518.40","5.14M","1.33%"
"11/26/2015","522.07","516.39","525.59","515.95","9.85M","1.08%"
"11/24/2015","516.49","520.88","521.28","514.43","4.33M","-1.19%"
"11/23/2015","522.72","520.88","527.03","514.93","5.62M","0.12%"
"11/20/2015","522.07","519.89","527.43","516.94","6.08M","0.44%"
"11/19/2015","519.79","511.08","521.87","507.88","8.54M","2.73%"
"11/18/2015","506.00","516.42","518.48","501.66","10.13M","-3.91%"
"11/17/2015","526.59","535.76","537.20","521.87","7.18M","-1.73%"
"11/16/2015","535.86","537.57","542.71","529.41","6.81M","-1.87%"
"11/13/2015","546.08","545.66","548.66","540.73","3.52M","-0.62%"
"11/11/2015","549.46","554.62","554.62","547.17","707.30K","0.34%"
"11/10/2015","547.60","559.33","559.33","545.74","4.68M","-2.71%"
"11/09/2015","562.85","555.61","565.53","553.23","6.13M","-0.33%"
"11/06/2015","564.69","557.10","567.46","557.05","3.03M","1.37%"
"11/05/2015","557.05","566.99","568.01","555.31","2.35M","-1.22%"
"11/04/2015","563.94","570.54","574.26","561.71","3.21M","-0.76%"
"11/03/2015","568.26","562.25","570.71","562.25","3.61M","1.27%"
"11/02/2015","561.16","560.57","563.45","552.68","3.54M","-0.37%"
"10/30/2015","563.27","568.01","568.01","560.57","4.04M","-0.84%"
"10/29/2015","568.03","572.03","573.42","563.57","5.89M","-0.71%"
"10/28/2015","572.08","567.76","574.46","565.03","5.26M","0.33%"
"10/27/2015","570.19","570.49","572.97","567.56","5.26M","-0.24%"
"10/26/2015","571.56","572.47","574.71","567.09","3.20M","0.20%"
"10/23/2015","570.44","566.42","571.98","558.14","6.03M","1.01%"
"10/21/2015","564.74","558.09","568.93","558.09","7.28M","1.11%"
"10/20/2015","558.56","552.13","560.57","550.94","8.79M","1.26%"
"10/19/2015","551.61","546.68","553.62","545.93","7.35M","1.56%"
"10/16/2015","543.16","545.19","546.38","540.73","6.42M","-0.22%"
"10/15/2015","544.37","545.64","547.84","540.28","8.26M","-0.02%"
"10/14/2015","544.50","541.44","553.40","539.34","8.87M","-0.16%"
"10/13/2015","545.39","549.38","551.14","538.34","15.33M","-2.09%"
"10/12/2015","557.05","594.80","605.12","550.15","30.40M","-3.81%"
"10/09/2015","579.12","563.54","581.85","563.54","11.78M","3.11%"
"10/08/2015","561.63","563.74","570.29","558.61","9.08M","-0.09%"
"10/07/2015","562.16","573.47","579.79","559.80","9.18M","-1.85%"
"10/06/2015","572.77","588.87","591.60","569.55","8.71M","-2.30%"
"10/05/2015","586.24","581.90","590.01","576.44","6.88M","0.74%"
"10/01/2015","581.92","580.36","594.18","575.45","10.86M","0.95%"
"09/30/2015","576.42","562.75","579.89","558.56","9.50M","3.57%"
"09/29/2015","556.53","546.68","562.25","544.45","8.70M","1.48%"
"09/28/2015","548.44","565.50","566.94","546.18","9.79M","-3.07%"
"09/24/2015","565.80","552.38","571.83","550.65","13.40M","2.18%"
"09/23/2015","553.75","549.38","558.76","544.42","4.76M","0.80%"
"09/22/2015","549.38","553.13","563.52","546.23","9.63M","0.25%"
"09/21/2015","547.99","545.69","550.08","541.97","4.35M","0.02%"
"09/18/2015","547.89","551.54","554.57","545.21","11.58M","0.25%"
"09/16/2015","546.50","549.65","550.52","544.84","7.48M","0.22%"
"09/15/2015","545.29","545.39","547.27","539.81","5.29M","-0.05%"
"09/14/2015","545.56","545.19","547.67","537.08","6.56M","0.82%"
"09/11/2015","541.10","541.49","548.86","538.49","9.88M","0.95%"
"09/10/2015","535.99","538.20","541.47","526.34","8.36M","-0.76%"
"09/09/2015","540.08","539.29","545.49","531.80","9.15M","2.82%"
"09/08/2015","525.25","526.83","532.79","522.02","5.46M","0.01%"
"09/07/2015","525.22","538.22","538.24","523.36","5.18M","-1.42%"
"09/04/2015","532.76","547.17","551.14","529.32","7.32M","-2.31%"
"09/03/2015","545.36","550.72","551.64","541.97","8.59M","-0.01%"
"09/02/2015","545.41","544.69","553.13","540.73","11.17M","0.96%"
"09/01/2015","540.23","540.73","552.93","536.76","9.07M","-0.49%"
"08/31/2015","542.91","562.97","562.97","537.00","9.92M","-1.50%"
"08/28/2015","551.17","546.48","558.04","546.48","7.21M","2.61%"
"08/27/2015","537.15","539.73","545.74","534.80","15.34M","1.71%"
"08/26/2015","528.12","540.63","544.20","525.35","11.50M","-1.94%"
"08/25/2015","538.57","545.69","555.11","518.15","13.74M","-0.59%"
"08/24/2015","541.74","550.62","557.10","535.07","14.12M","-5.03%"
"08/21/2015","570.44","565.98","575.92","554.37","10.82M","1.35%"
"08/20/2015","562.83","574.95","579.67","559.58","8.37M","-3.49%"
"08/19/2015","583.16","580.41","588.45","576.84","6.87M","0.96%"
"08/18/2015","577.61","570.49","584.23","570.49","4.15M","1.94%"
"08/17/2015","566.60","570.49","572.20","556.85","3.11M","-0.62%"
"08/14/2015","570.12","577.93","579.77","567.07","5.11M","-0.76%"
"08/13/2015","574.46","569.00","578.85","523.64","9.79M","1.19%"
"08/12/2015","567.71","553.13","569.99","551.14","10.17M","3.18%"
"08/11/2015","550.22","545.09","554.07","543.55","7.57M","2.13%"
"08/10/2015","538.74","544.69","548.84","529.32","3.99M","-0.88%"
"08/07/2015","543.50","535.52","546.18","535.02","4.99M","0.80%"
"08/06/2015","539.21","542.71","548.41","534.28","7.24M","0.06%"
"08/05/2015","538.91","526.83","540.73","526.81","4.75M","2.75%"
"08/04/2015","524.48","534.77","535.24","521.38","9.10M","-2.01%"
"08/03/2015","535.24","534.77","541.72","530.28","7.96M","0.18%"
"07/31/2015","534.30","535.04","536.43","525.84","7.93M","0.66%"
"07/30/2015","530.80","540.73","540.73","524.85","11.96M","-1.42%"
"07/29/2015","538.44","532.79","541.72","528.32","7.07M","2.12%"
"07/28/2015","527.26","530.06","533.78","522.99","8.48M","-0.23%"
"07/27/2015","528.47","539.19","539.71","526.07","6.75M","-2.05%"
"07/24/2015","539.53","543.48","548.89","537.30","4.48M","-0.95%"
"07/23/2015","544.69","547.65","554.12","540.73","7.71M","-0.47%"
"07/22/2015","547.25","548.17","551.64","534.10","12.67M","-0.85%"
"07/21/2015","551.96","513.44","569.99","513.44","38.31M","11.13%"
"07/20/2015","496.70","496.77","501.44","489.83","4.38M","-0.06%"
"07/17/2015","497.00","491.61","498.31","490.67","3.45M","1.29%"
"07/16/2015","490.65","489.98","491.86","485.91","3.47M","0.51%"
"07/15/2015","488.14","481.20","489.11","480.20","4.13M","1.31%"
"07/14/2015","481.82","473.75","482.93","469.04","5.37M","2.22%"
"07/13/2015","471.35","466.81","473.75","463.36","6.53M","1.35%"
"07/10/2015","465.07","470.33","472.32","462.67","7.41M","-0.05%"
"07/09/2015","465.32","474.99","479.21","463.36","8.59M","-2.04%"
"07/08/2015","474.99","485.66","485.66","473.66","7.02M","-2.35%"
"07/07/2015","486.40","488.64","491.12","485.66","3.50M","-0.28%"
"07/06/2015","487.79","488.64","490.13","483.68","4.31M","-0.71%"
"07/03/2015","491.27","490.13","492.61","487.15","2.70M","0.23%"
"07/02/2015","490.13","495.58","496.77","488.66","4.01M","-0.94%"
"07/01/2015","494.79","490.62","498.56","489.13","6.88M","1.33%"
"06/30/2015","488.31","491.12","492.83","486.16","6.21M","-0.59%"
"06/29/2015","491.19","489.63","495.83","487.40","5.69M","-1.50%"
"06/26/2015","498.68","495.58","501.83","495.14","5.32M","1.49%"
"06/25/2015","491.34","495.68","497.81","489.95","7.12M","-0.47%"
"06/24/2015","493.65","503.52","503.52","491.71","7.07M","-0.53%"
"06/23/2015","496.28","508.48","509.67","495.16","6.95M","-2.29%"
"06/22/2015","507.91","498.51","510.34","494.59","5.71M","2.86%"
"06/19/2015","493.77","501.19","501.24","492.66","6.67M","-0.66%"
"06/18/2015","497.05","498.86","500.02","493.99","3.47M","0.63%"
"06/17/2015","493.94","501.53","506.50","492.21","6.41M","-0.37%"
"06/16/2015","495.76","493.28","497.57","488.64","5.22M","0.90%"
"06/15/2015","491.34","484.64","495.48","480.20","5.24M","0.30%"
"06/12/2015","489.89","497.32","502.42","485.04","9.85M","-1.13%"
"06/11/2015","495.50","505.00","507.18","494.85","9.23M","-1.42%"
"06/10/2015","502.65","493.60","505.84","492.36","6.39M","1.73%"
"06/09/2015","494.12","497.01","497.98","491.86","7.56M","-0.40%"
"06/08/2015","496.09","501.04","502.19","492.85","6.14M","-0.58%"
"06/05/2015","498.97","503.52","506.99","498.10","6.13M","-0.81%"
"06/04/2015","503.04","503.52","509.72","499.20","7.49M","0.36%"
"06/03/2015","501.26","500.59","505.86","498.06","5.50M","0.61%"
"06/02/2015","498.22","508.01","509.74","497.32","4.67M","-1.91%"
"06/01/2015","507.93","504.21","511.95","501.84","5.72M","1.22%"
"05/29/2015","501.82","497.28","510.08","496.33","18.99M","0.32%"
"05/28/2015","500.20","489.93","504.02","489.93","10.98M","2.45%"
"05/27/2015","488.26","497.81","498.31","484.92","8.45M","-1.93%"
"05/26/2015","497.89","501.04","503.88","496.61","3.97M","-0.47%"
"05/25/2015","500.25","508.60","510.10","497.83","4.68M","-1.45%"
"05/22/2015","507.60","506.99","508.86","503.54","6.89M","-0.10%"
"05/21/2015","508.10","508.21","511.43","505.32","10.06M","0.06%"
"05/20/2015","507.81","506.00","508.98","504.41","5.88M","1.23%"
"05/19/2015","501.62","492.93","504.93","492.61","10.27M","1.47%"
"05/18/2015","494.35","488.64","495.81","486.55","6.47M","1.59%"
"05/15/2015","486.59","479.96","487.79","479.29","5.19M","1.39%"
"05/14/2015","479.91","486.16","486.35","473.26","6.23M","-1.12%"
"05/13/2015","485.34","484.11","487.37","478.34","7.10M","0.49%"
"05/12/2015","482.96","494.50","494.74","481.69","8.28M","-2.33%"
"05/11/2015","494.50","487.40","496.08","484.22","4.79M","1.82%"
"05/08/2015","485.65","485.66","488.03","482.50","5.78M","0.72%"
"05/07/2015","482.19","476.73","487.92","473.75","6.78M","1.14%"
"05/06/2015","476.74","489.88","489.88","475.07","10.51M","-2.07%"
"05/05/2015","486.84","496.08","497.00","484.18","9.41M","-1.52%"
"05/04/2015","494.37","486.03","496.08","483.65","13.36M","2.62%"
"04/30/2015","481.75","486.16","487.40","479.29","13.13M","-0.96%"
"04/29/2015","486.44","486.38","489.13","480.69","8.29M","0.01%"
"04/28/2015","486.38","491.61","491.61","484.17","10.39M","-1.20%"
"04/27/2015","492.27","496.08","496.57","483.20","19.82M","-0.53%"
"04/24/2015","494.89","529.79","533.33","491.12","43.57M","-5.98%"
"04/23/2015","526.34","532.96","533.28","523.86","11.89M","-0.73%"
"04/22/2015","530.23","533.54","534.52","520.37","12.35M","-0.23%"
"04/21/2015","531.45","532.79","534.55","525.87","8.88M","0.49%"
"04/20/2015","528.86","539.73","540.73","524.64","12.83M","-2.16%"
"04/17/2015","540.54","540.74","544.43","534.14","6.45M","-0.70%"
"04/16/2015","544.36","551.14","553.38","535.89","9.01M","-0.86%"
"04/15/2015","549.08","554.74","556.85","544.46","6.24M","-1.12%"
"04/13/2015","555.31","555.11","556.60","549.68","4.87M","0.22%"
"04/10/2015","554.11","548.22","555.11","548.22","7.12M","0.86%"
"04/09/2015","549.41","548.51","550.37","541.82","10.58M","0.66%"
"04/08/2015","545.82","541.35","546.90","539.00","10.19M","1.90%"
"04/07/2015","535.64","539.48","541.42","530.31","8.54M","-0.86%"
"04/06/2015","540.28","540.48","541.89","535.86","7.74M","0.20%"
"04/01/2015","539.22","545.41","545.56","535.19","6.74M","-2.00%"
"03/31/2015","550.24","556.85","563.95","546.76","8.02M","-0.43%"
"03/30/2015","552.63","547.07","555.61","544.42","4.62M","1.17%"
"03/27/2015","546.22","536.76","551.81","536.51","10.07M","2.60%"
"03/26/2015","532.38","547.67","549.38","528.82","15.74M","-3.28%"
"03/25/2015","550.42","551.37","552.92","545.87","6.17M","0.34%"
"03/24/2015","548.53","554.34","558.93","547.17","6.74M","-0.98%"
"03/23/2015","553.98","558.83","564.29","552.01","5.08M","-1.06%"
"03/20/2015","559.94","555.86","562.78","553.86","6.43M","1.21%"
"03/19/2015","553.24","554.27","557.84","551.33","6.89M","0.04%"
"03/18/2015","553.00","559.20","561.28","551.28","4.91M","-0.49%"
"03/17/2015","555.73","562.22","565.40","549.96","5.54M","-1.15%"
"03/16/2015","562.22","548.30","566.02","548.30","6.82M","2.08%"
"03/13/2015","550.75","551.89","553.13","543.80","6.18M","0.10%"
"03/12/2015","550.22","540.48","552.25","539.98","5.69M","1.65%"
"03/11/2015","541.27","544.22","555.61","538.02","6.78M","-0.72%"
"03/10/2015","545.19","545.21","547.41","535.81","6.33M","0.36%"
"03/09/2015","543.22","560.32","560.32","540.48","7.98M","-2.56%"
"03/05/2015","557.49","562.32","570.18","553.96","5.68M","-1.19%"
"03/04/2015","564.20","570.49","573.94","558.56","4.38M","-1.01%"
"03/03/2015","569.96","568.01","571.22","565.11","4.91M","0.27%"
"03/02/2015","568.43","571.23","572.60","565.05","7.04M","-0.21%"
"02/28/2015","569.61","564.23","572.45","559.63","3.20M","1.36%"
"02/27/2015","561.99","564.26","565.69","558.46","7.80M","0.34%"
"02/26/2015","560.10","572.35","572.72","556.95","6.45M","-2.57%"
"02/25/2015","574.86","567.74","579.12","565.53","6.04M","1.97%"
"02/24/2015","563.74","565.28","569.49","559.97","6.44M","0.32%"
"02/23/2015","561.96","570.49","572.77","557.62","5.09M","-0.77%"
"02/20/2015","566.30","577.56","579.42","564.76","6.97M","-1.79%"
"02/19/2015","576.62","569.00","578.92","568.52","9.67M","1.23%"
"02/18/2015","569.62","568.15","571.72","560.11","8.61M","0.78%"
"02/16/2015","565.22","565.60","572.20","561.87","6.24M","-0.76%"
"02/13/2015","569.52","570.39","577.11","567.02","5.66M","-0.65%"
"02/12/2015","573.27","566.27","575.93","563.79","6.29M","1.15%"
"02/11/2015","566.73","565.65","568.80","559.64","5.80M","0.29%"
"02/10/2015","565.11","556.35","569.99","555.86","8.52M","1.31%"
"02/09/2015","557.81","545.69","559.08","545.69","6.54M","0.82%"
"02/06/2015","553.25","546.93","557.54","542.83","7.45M","1.67%"
"02/05/2015","544.15","533.48","550.65","532.79","11.88M","2.38%"
"02/04/2015","531.51","530.78","533.28","527.43","5.16M","1.03%"
"02/03/2015","526.07","530.02","530.79","521.38","5.27M","-0.75%"
"02/02/2015","530.02","531.18","533.78","527.34","8.70M","-0.24%"
"01/30/2015","531.27","536.14","536.40","527.57","10.83M","-0.17%"
"01/29/2015","532.17","532.04","533.26","527.73","15.37M","0.05%"
"01/28/2015","531.93","533.28","534.47","528.40","13.13M","0.38%"
"01/27/2015","529.94","550.89","550.89","528.35","13.74M","-3.55%"
"01/23/2015","549.42","545.69","551.89","537.03","9.49M","0.85%"
"01/22/2015","544.81","539.44","546.43","536.09","9.96M","1.22%"
"01/21/2015","538.22","528.70","539.72","525.35","8.49M","2.15%"
"01/20/2015","526.88","522.62","529.07","521.24","6.80M","1.03%"
"01/19/2015","521.50","525.84","528.91","519.54","4.09M","-0.75%"
"01/16/2015","525.42","532.79","535.76","523.86","6.69M","-0.75%"
"01/15/2015","529.38","529.61","533.98","523.92","8.34M","0.26%"
"01/14/2015","527.99","520.51","529.07","519.05","9.92M","1.90%"
"01/13/2015","518.13","522.82","522.82","514.68","8.80M","-1.28%"
"01/12/2015","524.84","518.90","525.64","514.68","12.76M","2.00%"
"01/09/2015","514.54","491.14","523.11","474.51","44.86M","5.12%"
"01/08/2015","489.49","492.51","495.33","483.68","13.56M","0.50%"
"01/07/2015","487.04","487.40","489.82","483.68","7.25M","0.48%"
"01/06/2015","484.72","491.12","492.36","479.73","9.67M","-2.09%"
"01/05/2015","495.06","498.53","503.52","490.50","9.94M","-0.86%"
"01/02/2015","499.35","489.13","500.80","489.13","6.78M","1.96%"
"01/01/2015","489.73","488.38","491.61","485.39","2.00M","0.09%"
"12/31/2014","489.27","484.92","490.86","483.68","6.97M","0.32%"
"12/30/2014","487.73","486.71","489.88","485.36","4.64M","0.44%"
"12/29/2014","485.61","485.18","489.33","484.30","2.79M","0.28%"
"12/26/2014","484.23","482.46","486.33","478.95","2.27M","1.12%"
"12/24/2014","478.85","490.13","492.85","475.01","27.34M","-2.09%"
"12/23/2014","489.05","496.29","501.51","487.05","8.20M","-1.40%"
"12/22/2014","495.98","497.57","498.58","489.96","10.47M","0.05%"
"12/19/2014","495.74","495.48","498.06","492.61","14.29M","1.67%"
"12/18/2014","487.62","484.67","491.56","482.37","19.95M","1.41%"
"12/17/2014","480.82","480.20","485.04","470.36","17.85M","0.02%"
"12/16/2014","480.70","477.65","484.07","477.65","17.79M","0.68%"
"12/15/2014","477.43","472.50","485.47","472.49","12.97M","-0.71%"
"12/12/2014","480.86","480.96","486.26","475.76","14.57M","0.92%"
"12/11/2014","476.50","483.92","484.66","474.99","8.29M","-2.17%"
"12/10/2014","487.09","487.64","492.36","485.93","7.80M","-0.05%"
"12/09/2014","487.35","491.80","492.61","484.28","10.05M","-0.27%"
"12/08/2014","488.67","498.31","500.79","485.60","166.32M","-4.84%"
"12/05/2014","513.52","524.60","525.00","510.91","7.36M","-1.50%"
"12/04/2014","521.33","523.36","532.02","519.64","9.40M","-1.02%"
"12/03/2014","526.71","521.25","529.05","517.05","12.78M","-0.15%"
"12/02/2014","527.48","536.99","536.99","524.60","10.65M","-2.22%"
"12/01/2014","539.47","544.07","545.96","532.37","18.34M","-0.23%"
"11/28/2014","540.71","541.98","545.44","538.67","14.35M","-0.14%"
"11/27/2014","541.46","536.00","542.76","534.77","17.39M","1.52%"
"11/26/2014","533.34","533.28","535.48","529.76","7.93M","-0.06%"
"11/25/2014","533.68","532.66","535.76","526.59","14.89M","0.66%"
"11/24/2014","530.20","520.88","531.01","519.88","11.05M","3.11%"
"11/21/2014","514.20","517.16","518.28","508.68","10.46M","-1.88%"
"11/20/2014","524.06","519.64","524.91","518.88","5.35M","1.25%"
"11/19/2014","517.58","518.40","519.64","513.41","5.20M","-0.21%"
"11/18/2014","518.69","523.98","524.33","517.42","5.27M","-0.86%"
"11/17/2014","523.17","519.02","524.34","514.45","5.46M","0.64%"
"11/14/2014","519.85","520.14","522.30","517.66","5.23M","0.31%"
"11/13/2014","518.23","511.21","521.01","510.02","4.96M","1.77%"
"11/12/2014","509.22","511.08","514.77","508.12","5.39M","-0.47%"
"11/11/2014","511.61","516.54","516.54","508.95","6.26M","-0.97%"
"11/10/2014","516.60","517.79","518.54","513.44","5.59M","-0.03%"
"11/07/2014","516.74","510.75","518.77","510.75","9.97M","1.01%"
"11/05/2014","511.56","506.62","515.18","503.15","10.24M","0.95%"
"11/03/2014","506.73","505.62","509.72","500.10","8.58M","0.86%"
"10/31/2014","502.43","494.47","504.26","494.47","8.67M","2.65%"
"10/30/2014","489.45","483.18","493.75","483.18","15.25M","1.68%"
"10/29/2014","481.38","472.88","482.77","472.88","8.23M","2.46%"
"10/28/2014","469.82","466.93","472.81","466.93","6.67M","-0.39%"
"10/27/2014","471.65","477.48","477.48","469.07","4.77M","-0.05%"
"10/23/2014","471.90","471.88","472.94","470.92","650.42K","0.24%"
"10/22/2014","470.78","472.43","472.75","468.32","5.35M","0.61%"
"10/21/2014","467.92","477.46","477.46","460.11","26.08M","-1.03%"
"10/20/2014","472.81","477.85","479.03","471.53","7.70M","-1.02%"
"10/17/2014","477.68","479.32","486.50","475.88","8.19M","-0.35%"
"10/16/2014","479.37","483.69","488.43","478.01","10.02M","-1.35%"
"10/14/2014","485.95","491.74","491.74","483.68","6.86M","-0.61%"
"10/13/2014","488.95","482.35","494.22","482.35","17.73M","1.39%"
"10/10/2014","482.27","453.91","484.67","443.08","45.89M","6.63%"
"10/09/2014","452.27","458.87","460.61","449.68","12.43M","-0.09%"
"10/08/2014","452.69","469.41","470.28","451.55","20.33M","-4.73%"
"10/07/2014","475.16","467.47","482.80","467.47","20.06M","-0.41%"
"10/01/2014","477.14","461.60","478.71","461.60","9.47M","2.66%"
"09/30/2014","464.79","464.35","465.85","459.01","6.93M","-0.04%"
"09/29/2014","464.96","459.00","466.43","456.53","5.00M","1.87%"
"09/26/2014","456.41","457.01","461.38","453.97","8.86M","-0.29%"
"09/25/2014","457.76","452.67","461.20","452.18","24.98M","1.27%"
"09/24/2014","452.03","450.19","455.43","446.25","5.56M","1.05%"
"09/23/2014","447.35","452.05","456.82","445.92","12.96M","-1.19%"
"09/22/2014","452.75","456.39","456.73","450.44","8.61M","-1.39%"
"09/19/2014","459.13","458.75","469.77","456.55","14.76M","0.14%"
"09/18/2014","458.50","455.64","462.56","453.22","9.10M","-1.18%"
"09/17/2014","463.96","456.38","464.84","455.29","7.93M","2.46%"
"09/16/2014","452.83","452.18","457.69","449.40","5.03M","0.27%"
"09/15/2014","451.59","454.53","454.90","449.86","4.96M","-0.78%"
"09/12/2014","455.14","457.38","459.86","452.67","3.91M","-0.39%"
"09/11/2014","456.91","455.65","458.83","450.27","5.01M","0.46%"
"09/10/2014","454.82","459.86","459.86","453.91","5.08M","-1.84%"
"09/09/2014","463.34","464.83","465.75","461.35","4.32M","-1.21%"
"09/08/2014","469.00","462.93","470.10","462.93","6.52M","1.36%"
"09/05/2014","462.69","462.84","470.65","459.54","6.47M","0.59%"
"09/04/2014","459.96","461.97","461.97","458.61","6.24M","-0.68%"
"09/03/2014","463.12","447.71","464.63","447.71","11.86M","3.33%"
"09/02/2014","448.18","446.47","449.57","440.96","3.58M","0.39%"
"09/01/2014","446.43","447.72","448.81","444.61","3.64M","0.02%"
"08/28/2014","446.32","450.07","450.64","444.14","7.60M","-0.88%"
"08/27/2014","450.26","450.19","452.67","446.61","5.57M","0.18%"
"08/26/2014","449.47","449.20","451.43","446.47","5.84M","-0.10%"
"08/25/2014","449.92","446.35","450.90","441.76","4.20M","0.75%"
"08/22/2014","446.59","440.14","447.46","440.02","4.86M","1.47%"
"08/21/2014","440.14","441.04","441.93","437.79","4.30M","-0.16%"
"08/20/2014","440.83","441.88","444.30","439.90","3.94M","0.19%"
"08/19/2014","440.00","441.63","445.11","437.79","6.42M","-0.34%"
"08/18/2014","441.48","447.96","447.96","440.27","6.78M","-1.46%"
"08/14/2014","448.03","447.46","449.91","444.81","6.76M","0.12%"
"08/13/2014","447.51","441.52","449.57","440.36","8.94M","0.88%"
"08/12/2014","443.59","446.35","446.35","439.15","5.92M","0.09%"
"08/11/2014","443.18","437.04","444.45","435.31","5.63M","2.61%"
"08/08/2014","431.92","434.07","436.55","430.97","3.81M","-0.70%"
"08/07/2014","434.98","433.94","439.57","431.88","7.75M","-1.92%"
"08/06/2014","443.48","437.17","447.51","437.17","18.00M","1.79%"
"08/05/2014","435.68","431.09","436.55","430.35","10.99M","1.37%"
"08/04/2014","429.80","416.09","431.95","415.38","13.09M","3.72%"
"08/01/2014","414.39","415.47","420.67","412.98","7.61M","-0.78%"
"07/31/2014","417.65","419.19","421.03","414.62","8.46M","-0.14%"
"07/30/2014","418.22","420.92","420.92","414.92","9.93M","0.03%"
"07/28/2014","418.08","414.85","420.05","411.85","4.60M","0.56%"
"07/25/2014","415.74","421.54","421.54","409.85","5.34M","-0.89%"
"07/24/2014","419.46","414.72","421.05","411.92","5.57M","0.98%"
"07/23/2014","415.40","402.94","416.09","402.94","11.83M","3.58%"
"07/22/2014","401.04","397.48","402.65","396.62","8.73M","1.03%"
"07/21/2014","396.95","403.68","405.96","395.39","7.44M","-1.56%"
"07/18/2014","403.26","403.44","406.13","402.27","4.10M","0.38%"
"07/17/2014","401.74","404.32","414.96","400.79","4.95M","0.30%"
"07/16/2014","400.53","401.82","402.44","397.27","4.59M","0.12%"
"07/15/2014","400.04","401.70","404.05","398.98","4.14M","0.01%"
"07/14/2014","399.99","411.12","411.12","395.10","8.23M","-3.05%"
"07/11/2014","412.57","421.84","425.63","409.31","15.83M","1.03%"
"07/10/2014","408.36","411.12","419.40","403.14","11.35M","-0.53%"
"07/09/2014","410.55","412.98","419.68","408.02","8.27M","-0.95%"
"07/08/2014","414.49","415.34","422.45","409.64","11.46M","-0.10%"
"07/07/2014","414.90","404.92","417.70","404.30","11.64M","3.07%"
"07/04/2014","402.56","396.87","404.11","396.87","5.75M","1.10%"
"07/03/2014","398.19","398.13","400.38","395.68","7.50M","-0.14%"
"07/02/2014","398.76","398.35","402.27","396.64","6.12M","-0.18%"
"07/01/2014","399.47","402.44","403.66","397.61","4.66M","-1.06%"
"06/30/2014","403.75","399.34","404.68","398.28","7.29M","1.00%"
"06/27/2014","399.76","396.86","401.28","393.39","6.89M","1.28%"
"06/26/2014","394.69","399.34","401.20","392.99","7.38M","-0.90%"
"06/25/2014","398.26","402.44","402.44","397.61","6.43M","0.23%"
"06/24/2014","397.33","400.58","401.19","395.89","10.64M","-0.89%"
"06/23/2014","400.90","409.26","410.37","399.52","6.33M","-2.53%"
"06/20/2014","411.32","411.74","414.15","408.38","8.85M","0.14%"
"06/19/2014","410.74","402.55","412.12","402.46","11.31M","2.20%"
"06/18/2014","401.89","402.44","406.16","398.44","9.79M","-0.19%"
"06/17/2014","402.67","402.94","405.17","399.16","10.08M","0.08%"
"06/16/2014","402.34","395.13","404.27","394.38","9.38M","1.79%"
"06/13/2014","395.25","395.44","397.73","388.31","10.15M","0.38%"
"06/12/2014","393.77","406.78","408.90","387.03","21.13M","-0.57%"
"06/11/2014","396.04","385.08","403.96","383.26","20.38M","3.84%"
"06/10/2014","381.38","372.06","383.12","371.61","10.48M","2.97%"
"06/09/2014","370.38","372.80","373.92","369.09","10.86M","-0.55%"
"06/06/2014","372.44","372.08","373.30","365.86","16.88M","-1.25%"
"06/05/2014","377.16","372.06","380.54","367.35","12.15M","1.90%"
"06/04/2014","370.14","373.92","375.45","366.29","5.51M","-1.08%"
"06/03/2014","374.19","373.05","376.64","368.93","6.82M","0.80%"
"06/02/2014","371.21","367.16","371.77","367.16","6.23M","1.83%"
"05/30/2014","364.54","364.62","367.03","357.18","28.04M","0.51%"
"05/29/2014","362.70","375.16","375.16","361.52","41.34M","-7.84%"
"05/28/2014","393.55","387.37","395.37","386.69","5.39M","1.25%"
"05/27/2014","388.68","384.46","391.28","384.40","4.98M","1.27%"
"05/26/2014","383.82","380.86","385.82","378.28","5.75M","0.82%"
"05/23/2014","380.68","387.56","393.27","373.57","9.08M","-1.42%"
"05/22/2014","386.18","391.90","394.38","382.12","9.83M","-1.37%"
"05/21/2014","391.54","386.69","392.43","384.34","6.79M","1.12%"
"05/20/2014","387.21","378.14","389.28","377.29","8.79M","3.55%"
"05/19/2014","373.92","396.61","396.61","372.07","17.25M","-5.12%"
"05/16/2014","394.08","409.14","414.23","379.38","14.19M","-2.90%"
"05/15/2014","405.85","403.57","408.63","397.51","8.41M","0.56%"
"05/14/2014","403.57","403.09","404.92","398.99","5.18M","-0.34%"
"05/13/2014","404.95","394.75","406.16","394.75","7.30M","2.84%"
"05/12/2014","393.77","386.72","395.19","385.09","7.04M","2.04%"
"05/09/2014","385.88","380.12","387.56","378.61","6.18M","1.50%"
"05/08/2014","380.16","380.74","383.02","377.82","9.16M","-0.07%"
"05/07/2014","380.41","390.79","393.14","378.26","15.60M","-3.09%"
"05/06/2014","392.54","394.00","394.94","391.28","4.57M","-0.37%"
"05/05/2014","394.00","395.87","400.96","393.71","4.20M","-1.33%"
"05/02/2014","399.31","395.00","402.69","395.00","4.76M","1.22%"
"04/30/2014","394.48","394.09","395.62","393.27","7.74M","0.10%"
"04/29/2014","394.10","394.75","396.24","393.27","4.84M","-0.01%"
"04/28/2014","394.14","393.02","395.99","392.52","6.04M","0.08%"
"04/25/2014","393.84","395.37","396.86","392.32","5.96M","0.09%"
"04/23/2014","393.47","393.64","395.85","392.40","12.02M","0.70%"
"04/22/2014","390.74","393.40","396.86","389.72","6.63M","-1.02%"
"04/21/2014","394.75","398.10","399.34","393.14","6.12M","-0.29%"
"04/17/2014","395.88","394.38","398.11","391.70","8.39M","1.10%"
"04/16/2014","391.57","402.07","402.07","390.35","13.20M","-3.14%"
"04/15/2014","404.28","413.26","420.18","402.75","20.78M","0.76%"
"04/11/2014","401.22","398.10","403.76","392.52","18.68M","1.06%"
"04/10/2014","397.01","403.62","404.02","395.14","21.26M","-1.64%"
"04/09/2014","403.63","406.91","410.48","400.64","10.66M","-1.18%"
"04/07/2014","408.45","409.02","411.06","403.81","7.10M","-0.68%"
"04/04/2014","411.25","415.59","416.21","410.02","3.93M","-0.66%"
"04/03/2014","414.00","414.16","415.22","411.63","4.70M","0.49%"
"04/02/2014","412.00","415.32","415.47","410.57","5.64M","0.25%"
"04/01/2014","410.99","407.16","412.36","406.16","8.63M","0.95%"
"03/31/2014","407.13","407.44","409.88","400.59","9.18M","0.62%"
"03/28/2014","404.63","401.84","406.66","400.25","7.15M","0.98%"
"03/27/2014","400.71","402.82","404.66","398.84","13.60M","-0.55%"
"03/26/2014","402.93","404.30","405.41","400.66","8.46M","-0.17%"
"03/25/2014","403.61","402.82","406.75","402.57","7.55M","-0.65%"
"03/24/2014","406.26","405.82","411.55","405.54","8.16M","-0.61%"
"03/22/2014","408.77","408.52","410.98","406.93","413.35K","-0.29%"
"03/21/2014","409.97","412.98","413.98","405.61","12.38M","0.08%"
"03/20/2014","409.64","405.54","415.40","405.54","8.02M","0.96%"
"03/19/2014","405.76","415.47","416.44","401.67","15.78M","-2.35%"
"03/18/2014","415.53","421.67","423.14","414.23","11.80M","-1.29%"
"03/14/2014","420.94","414.23","422.15","413.61","11.17M","1.09%"
"03/13/2014","416.41","424.15","426.61","414.23","40.79M","-8.54%"
"03/12/2014","455.31","455.57","459.29","452.92","3.94M","-0.11%"
"03/11/2014","455.82","453.04","459.98","450.32","4.12M","0.10%"
"03/10/2014","455.35","462.56","462.56","452.09","7.43M","-1.84%"
"03/07/2014","463.87","474.62","475.49","459.90","15.07M","-2.39%"
"03/06/2014","475.23","475.99","477.47","473.43","6.23M","0.27%"
"03/05/2014","473.97","474.73","476.78","472.50","4.94M","0.58%"
"03/04/2014","471.22","467.55","474.31","466.55","6.94M","0.03%"
"03/03/2014","471.06","474.37","477.47","470.28","7.20M","-0.70%"
"02/28/2014","474.36","466.45","475.88","466.45","9.84M","0.46%"
"02/26/2014","472.20","468.79","473.48","467.81","7.35M","0.65%"
"02/25/2014","469.15","465.69","470.29","465.69","8.10M","0.88%"
"02/24/2014","465.06","464.58","465.53","462.59","4.36M","-0.02%"
"02/21/2014","465.16","463.34","465.74","462.25","5.52M","1.06%"
"02/20/2014","460.27","464.44","464.44","459.62","8.82M","-1.12%"
"02/19/2014","465.49","458.33","466.56","458.26","7.06M","1.94%"
"02/18/2014","456.64","452.30","458.20","452.30","4.98M","0.65%"
"02/17/2014","453.68","457.01","457.01","452.53","13.57M","0.38%"
"02/14/2014","451.96","448.40","454.41","446.87","5.96M","1.63%"
"02/13/2014","444.71","447.07","448.70","444.00","3.59M","-0.40%"
"02/12/2014","446.48","446.53","449.87","445.63","4.21M","0.11%"
"02/11/2014","446.01","444.49","449.20","443.18","5.83M","0.63%"
"02/10/2014","443.22","443.98","444.73","441.20","6.05M","0.20%"
"02/07/2014","442.32","444.86","446.70","440.13","7.55M","0.08%"
"02/06/2014","441.97","443.00","444.36","439.15","5.75M","-0.49%"
"02/05/2014","444.14","443.99","445.11","439.37","4.33M","0.56%"
"02/04/2014","441.65","444.11","445.47","439.84","4.54M","-1.88%"
"02/03/2014","450.09","457.01","457.88","449.55","4.38M","-1.94%"
"01/31/2014","459.01","458.87","463.80","457.20","5.37M","-0.08%"
"01/30/2014","459.40","459.33","460.94","453.91","7.18M","-0.36%"
"01/29/2014","461.08","454.66","464.29","453.12","8.10M","1.16%"
"01/28/2014","455.78","459.74","459.95","454.76","14.11M","-1.53%"
"01/27/2014","462.87","461.35","466.80","460.26","8.10M","-0.69%"
"01/24/2014","466.08","466.93","470.90","465.66","6.88M","-0.91%"
"01/23/2014","470.34","469.30","471.15","466.42","7.91M","0.70%"
"01/22/2014","467.05","463.98","468.55","463.84","6.77M","0.20%"
"01/21/2014","466.11","465.07","467.55","461.15","12.10M","0.24%"
"01/20/2014","464.99","460.36","466.31","459.42","9.76M","0.53%"
"01/17/2014","462.56","462.47","466.89","461.35","25.67M","0.13%"
"01/16/2014","461.98","458.75","463.52","458.08","17.61M","0.35%"
"01/15/2014","460.37","458.29","461.89","456.52","17.13M","0.69%"
"01/14/2014","457.23","452.05","458.25","451.49","7.43M","0.59%"
"01/13/2014","454.53","444.24","455.77","444.24","17.12M","3.20%"
"01/10/2014","440.42","432.83","443.37","427.62","30.26M","2.91%"
"01/09/2014","427.97","426.63","431.84","423.88","12.59M","0.66%"
"01/08/2014","425.15","429.23","430.97","424.27","8.99M","-0.84%"
"01/07/2014","428.75","436.43","437.28","427.46","7.71M","-1.73%"
"01/06/2014","436.29","443.38","444.05","430.17","11.10M","-1.33%"
"01/03/2014","442.15","430.97","443.37","428.39","10.05M","2.43%"
"01/02/2014","431.66","429.51","435.06","429.51","4.40M","0.36%"
"01/01/2014","430.10","433.08","433.94","429.36","1.48M","-0.51%"
"12/31/2013","432.29","434.07","436.76","431.62","3.59M","-0.48%"
"12/30/2013","434.36","442.46","443.37","430.97","11.86M","-1.66%"
"12/27/2013","441.67","437.79","443.00","437.78","7.38M","1.15%"
"12/26/2013","436.63","432.46","438.33","432.05","6.87M","0.98%"
"12/24/2013","432.38","432.33","434.43","429.86","7.11M","0.52%"
"12/23/2013","430.16","434.07","439.02","429.18","8.85M","-2.33%"
"12/20/2013","440.44","437.17","443.12","435.11","8.69M","1.11%"
"12/19/2013","435.59","429.42","439.64","428.49","7.33M","1.59%"
"12/18/2013","428.79","427.87","430.81","427.56","9.18M","0.03%"
"12/17/2013","428.65","427.26","432.20","427.26","10.71M","0.12%"
"12/16/2013","428.15","419.19","429.60","415.94","10.12M","2.33%"
"12/13/2013","418.42","414.85","419.19","414.85","8.32M","0.30%"
"12/12/2013","417.18","417.25","419.89","415.22","5.52M","-0.31%"
"12/11/2013","418.49","417.33","419.40","414.23","6.26M","0.11%"
"12/10/2013","418.05","413.61","420.41","413.18","12.35M","0.96%"
"12/09/2013","414.08","417.33","419.69","411.87","8.86M","0.39%"
"12/06/2013","412.46","414.11","415.34","411.52","6.54M","-0.76%"
"12/05/2013","415.63","419.19","421.54","414.47","6.32M","-0.42%"
"12/04/2013","417.37","415.47","419.93","413.83","8.44M","0.50%"
"12/03/2013","415.31","411.74","416.64","411.74","7.00M","0.30%"
"12/02/2013","414.06","415.71","418.80","412.38","4.71M","-0.47%"
"11/29/2013","416.03","413.73","417.45","410.50","5.41M","0.80%"
"11/28/2013","412.71","409.44","413.98","404.92","7.50M","1.05%"
"11/27/2013","408.43","411.74","413.71","407.50","6.78M","-0.69%"
"11/26/2013","411.27","411.74","415.34","408.35","7.32M","-0.30%"
"11/25/2013","412.49","415.71","419.04","410.13","5.71M","-0.65%"
"11/22/2013","415.17","414.97","418.57","413.73","2.72M","0.10%"
"11/21/2013","414.76","421.17","421.67","410.89","8.50M","-1.70%"
"11/20/2013","421.94","422.78","427.04","421.05","4.31M","-1.18%"
"11/19/2013","426.99","422.41","427.62","421.67","8.98M","1.14%"
"11/18/2013","422.17","420.55","423.53","420.16","6.33M","1.49%"
"11/14/2013","415.99","415.75","418.57","415.47","4.34M","0.67%"
"11/13/2013","413.24","411.25","416.53","411.25","4.69M","-0.14%"
"11/12/2013","413.83","417.02","418.57","412.75","6.45M","-0.77%"
"11/11/2013","417.03","415.47","421.42","414.24","7.80M","0.08%"
"11/08/2013","416.71","415.47","420.33","415.47","8.62M","0.07%"
"11/07/2013","416.41","411.95","421.66","410.95","7.19M","1.56%"
"11/06/2013","410.03","406.20","410.78","406.20","3.70M","1.23%"
"11/05/2013","405.03","403.31","408.09","400.96","5.32M","-0.41%"
"11/03/2013","406.71","406.78","408.74","405.94","404.02K","0.08%"
"11/01/2013","406.37","409.26","411.12","405.47","6.17M","-1.00%"
"10/31/2013","410.49","409.80","412.74","408.79","9.69M","-0.42%"
"10/30/2013","412.23","410.63","414.08","410.19","5.59M","-0.35%"
"10/29/2013","413.68","411.68","417.32","410.10","5.20M","0.37%"
"10/28/2013","412.17","411.40","413.59","408.41","3.41M","-0.24%"
"10/25/2013","413.18","412.74","415.47","410.05","6.01M","0.69%"
"10/24/2013","410.35","409.55","418.57","408.03","6.48M","-0.48%"
"10/23/2013","412.34","411.74","414.08","406.66","6.56M","-0.53%"
"10/22/2013","414.52","413.98","417.23","412.41","7.21M","0.21%"
"10/21/2013","413.66","413.36","418.90","404.94","9.38M","0.63%"
"10/18/2013","411.07","407.53","412.23","404.43","10.94M","1.41%"
"10/17/2013","405.36","413.01","416.45","404.30","11.51M","-2.57%"
"10/15/2013","416.06","412.24","417.58","410.85","9.22M","0.92%"
"10/14/2013","412.28","403.81","413.67","403.81","12.23M","1.52%"
"10/11/2013","406.10","413.61","413.98","391.50","41.29M","4.70%"
"10/10/2013","387.88","387.57","392.02","383.31","17.43M","0.57%"
"10/09/2013","385.68","375.41","388.35","373.30","17.37M","2.50%"
"10/08/2013","376.29","377.06","378.51","374.82","17.98M","0.41%"
"10/07/2013","374.77","373.92","376.99","372.85","9.80M","0.18%"
"10/04/2013","374.09","375.31","376.90","372.68","7.35M","-0.68%"
"10/03/2013","376.67","376.40","377.89","374.54","14.69M","0.74%"
"10/01/2013","373.92","375.78","376.81","372.43","5.31M","0.07%"
"09/30/2013","373.67","374.56","378.88","371.75","8.68M","0.21%"
"09/27/2013","372.88","375.03","378.38","370.94","5.70M","-0.19%"
"09/26/2013","373.58","376.28","376.63","372.18","10.68M","0.09%"
"09/25/2013","373.26","376.00","376.40","371.15","8.08M","-0.18%"
"09/24/2013","373.93","375.78","375.90","371.67","11.75M","-0.14%"
"09/23/2013","374.46","372.68","377.51","372.19","8.89M","0.81%"
"09/20/2013","371.46","372.06","376.03","370.01","7.99M","-0.79%"
"09/19/2013","374.41","371.93","376.40","371.10","15.33M","0.06%"
"09/18/2013","374.19","375.16","375.69","372.68","7.44M","-0.18%"
"09/17/2013","374.86","374.17","375.77","370.94","8.03M","0.98%"
"09/16/2013","371.24","375.16","379.25","369.59","6.33M","-1.15%"
"09/13/2013","375.54","379.53","380.23","373.71","9.26M","-1.23%"
"09/12/2013","380.23","385.08","386.83","378.01","6.96M","-1.71%"
"09/11/2013","386.83","390.04","393.51","385.42","9.15M","-1.26%"
"09/10/2013","391.77","376.03","395.37","376.03","21.88M","4.29%"
"09/06/2013","375.66","372.79","380.98","372.79","13.47M","0.81%"
"09/05/2013","372.65","384.05","384.05","371.45","9.46M","-3.47%"
"09/04/2013","386.04","379.46","389.41","378.95","8.98M","2.60%"
"09/03/2013","376.24","380.99","383.78","374.14","6.27M","-1.69%"
"09/02/2013","382.71","381.62","387.88","380.07","5.13M","-0.64%"
"08/30/2013","385.19","383.47","387.30","376.71","12.68M","0.04%"
"08/29/2013","385.03","380.74","387.80","379.62","20.09M","-0.38%"
"08/28/2013","386.48","378.51","388.18","378.51","14.33M","1.97%"
"08/27/2013","379.01","376.03","381.98","376.01","8.53M","0.84%"
"08/26/2013","375.87","374.53","378.24","373.11","5.57M","1.00%"
"08/23/2013","372.15","372.68","374.53","369.86","5.50M","-0.64%"
"08/22/2013","374.56","370.69","376.58","367.59","10.97M","2.08%"
"08/21/2013","366.94","371.41","371.41","362.40","7.53M","-1.59%"
"08/20/2013","372.88","374.54","374.66","369.89","10.36M","0.05%"
"08/19/2013","372.68","370.83","375.40","365.98","5.26M","0.89%"
"08/16/2013","369.38","374.54","377.01","368.05","12.09M","-2.97%"
"08/14/2013","380.70","380.74","383.83","377.34","9.21M","-0.45%"
"08/13/2013","382.43","373.06","383.72","373.05","10.33M","2.60%"
"08/12/2013","372.73","369.08","374.54","368.46","7.59M","1.38%"
"08/08/2013","367.66","364.62","369.33","364.62","5.77M","0.04%"
"08/07/2013","367.51","368.96","372.41","366.01","6.50M","-0.80%"
"08/06/2013","370.49","373.05","373.55","365.99","10.03M","-0.72%"
"08/05/2013","373.18","371.91","375.16","371.62","8.50M","0.01%"
"08/02/2013","373.15","370.20","374.54","369.71","11.96M","1.15%"
"08/01/2013","368.91","370.57","371.46","366.69","8.69M","0.17%"
"07/31/2013","368.29","368.21","371.02","363.15","11.81M","0.47%"
"07/30/2013","366.56","363.50","368.71","363.50","6.34M","1.18%"
"07/29/2013","362.29","360.90","365.11","360.90","4.36M","0.27%"
"07/26/2013","361.31","363.38","366.23","359.98","6.90M","-0.07%"
"07/25/2013","361.55","360.77","365.28","359.78","7.18M","0.23%"
"07/24/2013","360.72","357.18","363.01","357.18","4.88M","0.23%"
"07/23/2013","359.90","358.42","361.78","358.42","6.17M","0.88%"
"07/22/2013","356.77","350.01","359.02","349.98","6.75M","1.03%"
"07/19/2013","353.14","347.63","355.32","347.63","16.40M","1.67%"
"07/18/2013","347.35","341.55","349.42","339.67","13.08M","1.81%"
"07/17/2013","341.16","338.78","342.09","338.78","6.58M","0.81%"
"07/16/2013","338.42","335.11","343.61","332.50","6.30M","-0.51%"
"07/15/2013","340.15","345.40","346.01","338.36","12.87M","-2.19%"
"07/12/2013","347.78","344.92","360.35","341.05","52.87M","10.91%"
"07/11/2013","313.56","314.39","317.92","311.26","15.70M","1.09%"
"07/10/2013","310.19","310.67","312.53","309.18","6.87M","0.12%"
"07/09/2013","309.83","307.69","311.79","307.69","8.61M","1.22%"
"07/08/2013","306.10","308.19","309.30","305.15","5.42M","0.49%"
"07/05/2013","304.62","305.96","308.01","302.45","4.34M","-0.48%"
"07/04/2013","306.08","301.74","306.97","300.13","5.21M","2.64%"
"07/03/2013","298.20","297.77","304.08","296.73","5.35M","0.02%"
"07/02/2013","298.14","303.61","305.53","297.65","5.11M","-1.92%"
"07/01/2013","303.97","306.20","306.76","302.74","4.21M","-1.92%"
"06/28/2013","309.91","306.48","311.01","300.62","11.71M","0.65%"
"06/27/2013","307.92","300.25","310.04","299.21","10.67M","3.48%"
"06/26/2013","297.57","296.61","299.46","294.13","5.57M","1.07%"
"06/25/2013","294.41","295.17","296.02","290.83","5.79M","-0.27%"
"06/24/2013","295.22","297.96","298.05","291.68","7.34M","-1.58%"
"06/21/2013","299.97","294.00","301.62","294.00","6.16M","2.10%"
"06/20/2013","293.81","301.12","303.60","290.55","6.80M","-2.84%"
"06/19/2013","302.40","303.35","303.69","298.55","5.84M","-0.34%"
"06/18/2013","303.42","301.37","305.09","300.71","4.28M","0.99%"
"06/17/2013","300.45","299.07","300.87","297.01","2.72M","1.15%"
"06/14/2013","297.02","296.62","298.76","294.81","5.58M","0.63%"
"06/13/2013","295.15","300.62","300.75","294.55","4.15M","-1.71%"
"06/12/2013","300.29","305.37","310.84","299.24","5.93M","-2.19%"
"06/11/2013","307.01","308.81","311.85","305.81","5.96M","-0.45%"
"06/10/2013","308.41","305.09","309.80","304.74","4.29M","1.63%"
"06/07/2013","303.45","300.75","306.69","300.13","6.62M","0.71%"
"06/06/2013","301.32","303.85","304.42","299.62","7.51M","-1.28%"
"06/05/2013","305.24","307.57","308.83","304.47","5.08M","-1.39%"
"06/04/2013","309.54","308.81","312.46","305.53","11.71M","-0.72%"
"06/03/2013","311.80","313.15","325.55","306.97","33.22M","4.25%"
"05/31/2013","299.10","290.45","301.98","290.45","18.50M","3.00%"
"05/30/2013","290.39","289.40","291.28","287.29","6.34M","-0.46%"
"05/29/2013","291.74","293.93","296.53","289.34","5.17M","-0.58%"
"05/28/2013","293.45","293.93","295.17","291.90","4.23M","-0.28%"
"05/27/2013","294.26","290.35","295.91","289.00","3.33M","1.05%"
"05/24/2013","291.19","292.88","295.79","289.46","3.69M","-0.51%"
"05/23/2013","292.67","294.67","300.03","292.21","5.10M","-1.06%"
"05/22/2013","295.82","297.65","301.74","294.95","6.25M","-0.51%"
"05/21/2013","297.35","293.95","299.76","293.55","5.66M","1.08%"
"05/20/2013","294.18","290.95","295.54","290.70","8.76M","0.86%"
"05/17/2013","291.66","289.82","293.80","289.59","6.43M","0.82%"
"05/16/2013","289.29","291.88","292.66","286.89","6.99M","-1.18%"
"05/15/2013","292.74","291.82","294.26","291.12","8.89M","0.44%"
"05/14/2013","291.45","289.87","294.03","289.87","4.48M","0.44%"
"05/13/2013","290.16","292.07","292.95","289.00","5.01M","-0.95%"
"05/11/2013","292.93","292.70","293.93","291.58","206.43K","-0.40%"
"05/10/2013","294.12","292.95","295.79","292.33","4.53M","0.43%"
"05/09/2013","292.86","291.68","293.79","291.45","4.56M","0.46%"
"05/08/2013","291.53","293.31","295.17","289.96","7.28M","0.08%"
"05/07/2013","291.30","291.45","292.07","288.31","6.98M","0.33%"
"05/06/2013","290.34","287.11","290.83","287.11","6.00M","1.44%"
"05/03/2013","286.23","284.84","288.22","282.54","9.12M","0.93%"
"05/02/2013","283.60","277.31","284.18","277.31","9.38M","2.29%"
"04/30/2013","277.24","277.06","278.10","275.60","8.84M","0.27%"
"04/29/2013","276.48","273.59","278.90","271.11","8.97M","0.78%"
"04/26/2013","274.33","275.34","277.53","273.15","11.13M","-0.71%"
"04/25/2013","276.28","278.80","279.04","275.71","13.76M","-1.53%"
"04/23/2013","280.56","279.04","281.60","278.35","7.87M","0.79%"
"04/22/2013","278.37","284.20","284.38","275.76","15.40M","-2.23%"
"04/18/2013","284.71","283.56","288.10","282.93","13.22M","0.52%"
"04/17/2013","283.24","285.24","286.73","279.04","15.15M","-0.54%"
"04/16/2013","284.78","287.60","288.47","283.63","14.30M","-1.83%"
"04/15/2013","290.09","284.00","292.31","273.34","66.56M","1.85%"
"04/12/2013","284.83","325.56","325.56","281.36","98.03M","-21.26%"
"04/11/2013","361.73","355.50","364.07","351.58","17.02M","3.59%"
"04/10/2013","349.20","347.63","350.70","344.31","6.55M","1.78%"
"04/09/2013","343.08","351.42","352.09","341.83","10.84M","-2.31%"
"04/08/2013","351.21","353.46","356.39","350.63","3.72M","-1.18%"
"04/05/2013","355.42","357.05","359.53","353.46","4.37M","-0.49%"
"04/04/2013","357.18","365.24","365.75","356.19","7.50M","-2.98%"
"04/03/2013","368.15","365.72","372.00","365.61","8.36M","-0.02%"
"04/02/2013","368.22","363.38","370.78","361.50","9.72M","0.84%"
"04/01/2013","365.14","360.99","366.30","360.99","7.42M","1.90%"
"03/28/2013","358.34","355.32","359.28","353.60","12.35M","1.22%"
"03/26/2013","354.02","352.84","355.89","351.47","3.42M","0.06%"
"03/25/2013","353.80","352.86","355.32","351.30","5.04M","-0.36%"
"03/22/2013","355.09","353.45","356.62","350.98","7.37M","-0.33%"
"03/21/2013","356.28","357.55","358.97","354.94","9.94M","0.25%"
"03/20/2013","355.40","355.29","356.52","350.67","8.99M","0.34%"
"03/19/2013","354.20","356.56","357.95","352.35","11.98M","-0.17%"
"03/18/2013","354.79","355.47","358.42","353.58","6.45M","-0.61%"
"03/15/2013","356.96","356.72","361.10","355.69","7.26M","0.15%"
"03/14/2013","356.44","355.44","358.28","352.58","8.33M","0.37%"
"03/13/2013","355.12","358.42","358.42","353.47","10.73M","-1.87%"
"03/12/2013","361.90","364.62","365.20","361.14","5.71M","-0.94%"
"03/11/2013","365.33","369.80","370.82","363.38","4.87M","-0.83%"
"03/08/2013","368.37","370.57","370.69","366.76","6.16M","-1.14%"
"03/07/2013","372.60","369.73","373.27","369.58","13.72M","1.15%"
"03/06/2013","368.35","365.49","369.17","362.91","12.21M","1.67%"
"03/05/2013","362.30","362.70","364.54","361.30","7.17M","0.62%"
"03/04/2013","360.08","362.88","364.93","356.20","10.11M","-0.36%"
"03/01/2013","361.37","361.39","367.27","358.66","8.41M","0.24%"
"02/28/2013","360.52","361.55","364.10","357.85","11.81M","-0.12%"
"02/27/2013","360.96","365.61","365.61","359.92","7.03M","-1.66%"
"02/26/2013","367.07","361.64","368.26","361.64","12.17M","1.44%"
"02/25/2013","361.86","355.94","362.38","355.64","10.46M","2.72%"
"02/22/2013","352.28","347.09","354.08","346.89","8.70M","1.17%"
"02/21/2013","348.22","347.45","349.72","346.41","5.56M","-0.41%"
"02/20/2013","349.67","350.39","351.27","348.31","5.55M","-0.03%"
"02/19/2013","349.79","344.79","350.36","343.17","4.64M","1.45%"
"02/18/2013","344.79","345.15","345.61","342.67","2.75M","-0.30%"
"02/15/2013","345.84","346.01","348.31","344.32","5.19M","-0.86%"
"02/14/2013","348.84","346.56","350.73","346.55","6.89M","0.83%"
"02/13/2013","345.96","341.92","346.90","340.43","6.32M","1.25%"
"02/12/2013","341.70","343.53","344.04","340.03","4.44M","-1.32%"
"02/11/2013","346.27","347.41","349.11","345.38","7.39M","0.09%"
"02/08/2013","345.95","345.16","349.33","343.81","5.48M","0.00%"
"02/07/2013","345.95","345.52","347.13","344.78","10.70M","0.49%"
"02/06/2013","344.28","344.19","345.77","341.78","9.10M","0.73%"
"02/05/2013","341.79","342.70","345.07","340.50","6.17M","-0.42%"
"02/04/2013","343.24","344.90","346.01","340.43","7.50M","-0.12%"
"02/01/2013","343.65","346.15","347.49","341.30","7.90M","-0.66%"
"01/31/2013","345.95","346.26","348.14","343.53","17.48M","-0.04%"
"01/30/2013","346.10","347.84","347.99","344.84","6.81M","-0.30%"
"01/29/2013","347.13","348.00","350.36","345.83","6.20M","-0.42%"
"01/28/2013","348.58","348.74","350.68","347.38","6.72M","-0.14%"
"01/25/2013","349.07","348.49","350.73","346.16","8.44M","0.59%"
"01/24/2013","347.03","348.49","350.73","346.11","11.21M","0.31%"
"01/23/2013","345.96","344.90","347.01","344.90","7.46M","0.22%"
"01/22/2013","345.21","346.46","347.09","344.40","5.11M","-0.46%"
"01/21/2013","346.80","342.67","348.57","342.67","5.90M","0.30%"
"01/18/2013","345.77","347.87","348.49","344.46","7.29M","-0.35%"
"01/17/2013","347.00","346.26","348.08","344.67","11.77M","1.10%"
"01/16/2013","343.22","344.90","345.87","341.74","11.66M","-0.70%"
"01/15/2013","345.65","348.00","348.43","344.09","20.38M","-0.69%"
"01/14/2013","348.06","342.27","351.84","341.33","50.92M","3.48%"
"01/11/2013","336.35","312.65","337.58","312.65","92.85M","16.78%"
"01/10/2013","288.01","289.09","290.53","286.39","10.90M","-0.37%"
"01/09/2013","289.09","290.23","292.91","288.13","6.15M","-0.55%"
"01/08/2013","290.70","293.31","293.67","288.16","12.87M","-1.30%"
"01/07/2013","294.52","291.58","295.15","289.65","8.76M","1.07%"
"01/04/2013","291.39","291.25","292.06","289.21","8.45M","0.50%"
"01/03/2013","289.95","287.11","291.30","286.61","10.60M","1.24%"
"01/02/2013","286.39","287.25","288.72","285.68","4.35M","0.02%"
"01/01/2013","286.34","288.67","288.95","285.93","2.96M","-0.42%"
"12/31/2012","287.56","287.11","288.23","285.70","3.45M","-0.19%"
"12/28/2012","288.12","285.51","288.41","283.81","7.06M","1.55%"
"12/27/2012","283.73","288.69","288.84","282.35","8.11M","-1.19%"
"12/26/2012","287.14","288.10","289.08","285.78","3.26M","-0.30%"
"12/24/2012","288.01","287.86","288.77","286.86","4.32M","1.11%"
"12/21/2012","284.85","285.12","287.89","283.61","6.92M","-0.12%"
"12/20/2012","285.20","286.00","286.49","282.52","8.44M","0.15%"
"12/19/2012","284.77","282.02","285.23","281.53","9.99M","1.11%"
"12/18/2012","281.65","280.28","282.05","278.42","8.29M","0.21%"
"12/17/2012","281.06","281.15","284.23","279.91","10.96M","-0.55%"
"12/14/2012","282.62","281.90","284.63","281.03","8.51M","-0.20%"
"12/13/2012","283.20","285.86","286.94","281.82","9.97M","-0.62%"
"12/12/2012","284.97","286.49","288.20","283.54","15.36M","0.16%"
"12/11/2012","284.51","287.23","289.72","283.12","11.38M","-0.84%"
"12/10/2012","286.93","287.84","290.70","285.12","6.83M","-0.33%"
"12/07/2012","287.87","287.85","291.26","286.62","9.49M","-0.73%"
"12/06/2012","289.99","296.90","296.90","286.97","11.01M","-1.86%"
"12/05/2012","295.48","301.24","301.37","294.86","14.00M","-2.25%"
"12/04/2012","302.29","301.24","303.48","299.51","4.51M","-0.07%"
"12/03/2012","302.50","302.24","304.22","300.67","5.20M","0.09%"
"11/30/2012","302.22","302.81","307.13","300.75","7.05M","-0.34%"
"11/29/2012","303.26","303.85","304.99","300.93","10.37M","-1.03%"
"11/27/2012","306.41","300.38","307.57","300.36","5.72M","2.20%"
"11/26/2012","299.80","296.50","300.25","296.50","3.79M","1.68%"
"11/23/2012","294.86","295.41","297.52","292.32","3.48M","-0.21%"
"11/22/2012","295.49","291.20","296.65","289.59","5.83M","1.39%"
"11/21/2012","291.43","288.93","293.17","287.90","6.99M","1.08%"
"11/20/2012","288.31","294.81","294.81","286.83","5.44M","-1.44%"
"11/19/2012","292.51","290.70","295.32","289.79","4.04M","0.65%"
"11/16/2012","290.62","284.13","296.03","284.13","13.69M","2.05%"
"11/15/2012","284.79","289.60","289.83","282.62","9.13M","-1.79%"
"11/13/2012","289.99","291.94","292.69","289.34","563.26K","-0.88%"
"11/12/2012","292.56","292.07","293.80","289.41","3.70M","0.44%"
"11/09/2012","291.28","293.31","293.31","290.83","5.94M","-1.12%"
"11/08/2012","294.58","294.17","295.73","293.31","5.23M","-1.21%"
"11/07/2012","298.19","295.41","299.38","294.55","4.70M","0.95%"
"11/06/2012","295.37","295.66","298.45","294.08","6.82M","0.14%"
"11/05/2012","294.97","295.55","296.48","293.62","4.96M","-0.41%"
"11/02/2012","296.17","294.05","298.22","293.81","7.05M","0.99%"
"11/01/2012","293.26","292.93","293.93","290.34","7.01M","0.07%"
"10/31/2012","293.06","291.45","294.48","290.89","6.52M","0.20%"
"10/30/2012","292.48","288.47","293.31","288.47","5.73M","0.98%"
"10/29/2012","289.65","287.85","290.08","286.15","4.74M","0.25%"
"10/26/2012","288.92","289.55","290.80","287.86","3.42M","-0.64%"
"10/25/2012","290.79","290.58","292.33","288.98","11.26M","-0.36%"
"10/23/2012","291.83","292.93","295.66","291.45","4.74M","-1.36%"
"10/22/2012","295.85","293.71","297.40","293.71","4.57M","0.09%"
"10/19/2012","295.58","293.43","297.27","293.43","10.94M","0.24%"
"10/18/2012","294.87","293.18","297.27","290.84","10.19M","0.32%"
"10/17/2012","293.94","294.68","295.04","292.34","5.71M","0.61%"
"10/16/2012","292.15","295.15","296.28","291.07","7.28M","-0.42%"
"10/15/2012","293.38","295.87","299.14","291.79","14.79M","-1.24%"
"10/12/2012","297.07","291.45","303.58","286.61","56.70M","-5.44%"
"10/11/2012","314.17","309.55","319.98","307.72","14.97M","1.16%"
"10/10/2012","310.56","310.93","313.54","308.76","5.93M","-1.27%"
"10/09/2012","314.54","310.67","316.25","308.06","9.08M","1.93%"
"10/08/2012","308.59","313.12","315.37","305.09","8.08M","-1.53%"
"10/05/2012","313.38","320.59","320.59","255.55","11.63M","-1.89%"
"10/04/2012","319.43","319.36","321.82","317.12","7.16M","-0.10%"
"10/03/2012","319.75","323.10","324.83","317.55","7.82M","-1.21%"
"10/01/2012","323.65","316.41","324.96","316.13","8.83M","2.95%"
"09/28/2012","314.38","317.61","319.96","313.30","9.69M","-0.57%"
"09/27/2012","316.17","321.52","321.58","314.36","13.82M","-1.54%"
"09/26/2012","321.12","319.72","322.45","318.38","8.49M","-0.34%"
"09/25/2012","322.21","321.21","323.81","320.97","8.85M","-0.08%"
"09/24/2012","322.47","322.45","323.68","319.37","8.85M","0.26%"
"09/21/2012","321.62","324.35","328.65","320.42","12.29M","-0.91%"
"09/20/2012","324.58","317.07","328.03","317.07","11.63M","0.63%"
"09/18/2012","322.55","319.97","324.81","319.72","7.18M","1.41%"
"09/17/2012","318.05","328.53","328.53","315.88","9.86M","-2.57%"
"09/14/2012","326.43","320.96","327.99","320.73","10.63M","3.01%"
"09/13/2012","316.88","314.86","318.35","312.28","5.25M","0.61%"
"09/12/2012","314.97","313.89","316.24","312.67","5.08M","0.40%"
"09/11/2012","313.71","310.05","314.51","306.90","5.44M","0.68%"
"09/10/2012","311.58","309.55","313.40","307.41","7.34M","0.66%"
"09/08/2012","309.55","307.22","310.04","307.22","632.63K","0.35%"
"09/07/2012","308.47","304.47","309.30","303.98","6.08M","2.69%"
"09/06/2012","300.38","291.51","301.11","291.51","7.62M","3.53%"
"09/05/2012","290.14","291.07","292.31","289.24","4.01M","-0.91%"
"09/04/2012","292.79","292.73","294.17","290.71","2.33M","-0.18%"
"09/03/2012","293.32","293.43","297.51","292.44","4.32M","0.15%"
"08/31/2012","292.89","295.91","295.91","292.03","5.81M","-1.30%"
"08/30/2012","296.74","295.64","298.41","293.93","11.18M","0.18%"
"08/29/2012","296.20","300.38","300.38","295.47","5.62M","-1.36%"
"08/28/2012","300.27","297.27","304.03","297.27","5.67M","0.38%"
"08/27/2012","299.12","301.39","303.41","298.34","7.89M","-1.35%"
"08/24/2012","303.20","303.60","304.88","301.86","6.72M","-1.31%"
"08/23/2012","307.22","301.99","307.94","300.65","14.72M","1.79%"
"08/22/2012","301.81","298.01","302.61","296.92","5.15M","1.02%"
"08/21/2012","298.76","293.31","302.48","293.31","12.21M","2.46%"
"08/17/2012","291.58","288.22","292.07","287.27","8.49M","1.54%"
"08/16/2012","287.16","288.74","288.74","285.38","3.73M","-0.60%"
"08/14/2012","288.88","286.89","289.59","283.92","4.04M","0.40%"
"08/13/2012","287.74","285.41","289.09","285.26","4.01M","0.31%"
"08/10/2012","286.86","282.52","287.85","280.78","5.64M","1.36%"
"08/09/2012","283.02","284.04","286.67","282.14","6.93M","-0.07%"
"08/08/2012","283.21","280.53","284.62","280.28","8.04M","1.35%"
"08/07/2012","279.45","276.81","281.45","275.58","5.47M","1.64%"
"08/06/2012","274.93","275.60","277.17","273.76","3.25M","0.38%"
"08/03/2012","273.90","272.38","274.99","271.00","3.10M","0.12%"
"08/02/2012","273.56","275.08","276.17","272.22","2.42M","-0.57%"
"08/01/2012","275.14","274.70","276.61","272.94","3.05M","-0.38%"
"07/31/2012","276.19","274.70","277.31","270.98","6.91M","0.78%"
"07/30/2012","274.05","267.88","274.70","267.58","7.17M","2.84%"
"07/27/2012","266.47","268.13","268.38","261.59","9.86M","1.17%"
"07/26/2012","263.39","268.75","268.75","260.60","11.98M","-2.06%"
"07/25/2012","268.94","269.62","270.36","266.64","7.04M","0.00%"
"07/24/2012","268.95","271.66","274.33","268.51","7.15M","-0.94%"
"07/23/2012","271.49","272.84","274.07","270.68","3.89M","-1.34%"
"07/20/2012","275.17","278.41","278.41","273.50","5.15M","-1.18%"
"07/19/2012","278.45","272.84","279.04","272.01","10.91M","3.04%"
"07/18/2012","270.23","269.28","271.47","268.25","7.87M","0.35%"
"07/17/2012","269.28","270.97","272.59","268.17","13.50M","0.00%"
"07/16/2012","269.28","276.56","277.98","268.29","18.44M","-2.63%"
"07/13/2012","276.54","275.08","280.14","275.08","26.76M","-1.53%"
"07/12/2012","280.83","279.04","282.76","275.20","54.27M","-8.36%"
"07/11/2012","306.45","303.85","310.35","303.23","16.95M","0.47%"
"07/10/2012","305.01","303.10","305.50","302.78","7.05M","0.88%"
"07/09/2012","302.35","300.26","306.19","297.89","7.31M","-0.27%"
"07/06/2012","303.18","307.07","308.19","302.61","4.89M","-1.44%"
"07/05/2012","307.60","307.60","308.56","305.40","5.78M","0.04%"
"07/04/2012","307.49","310.05","310.65","306.20","6.39M","-0.45%"
"07/03/2012","308.88","312.06","312.06","307.15","6.43M","-0.35%"
"07/02/2012","309.97","310.42","312.38","308.90","5.18M","-0.39%"
"06/29/2012","311.19","309.30","312.41","307.10","9.36M","1.45%"
"06/28/2012","306.74","305.71","309.68","303.64","7.61M","0.21%"
"06/27/2012","306.09","304.10","306.95","303.66","8.68M","1.13%"
"06/26/2012","302.66","304.23","305.08","301.31","10.33M","-1.12%"
"06/25/2012","306.10","306.94","308.56","304.87","7.95M","-0.25%"
"06/22/2012","306.88","303.82","308.13","300.93","6.41M","-0.68%"
"06/21/2012","308.97","304.59","310.42","302.63","6.54M","0.86%"
"06/20/2012","306.34","307.57","308.19","304.21","6.54M","-0.28%"
"06/19/2012","307.20","310.05","310.67","304.83","6.41M","-1.38%"
"06/18/2012","311.50","314.39","315.55","309.61","7.12M","-0.43%"
"06/15/2012","312.85","311.30","314.02","310.39","6.31M","0.97%"
"06/14/2012","309.84","305.21","311.29","305.21","7.88M","1.14%"
"06/13/2012","306.34","304.00","308.77","302.86","6.16M","0.49%"
"06/12/2012","304.85","297.92","306.33","297.92","4.13M","1.34%"
"06/11/2012","300.83","301.00","304.19","299.49","3.55M","0.27%"
"06/08/2012","300.03","308.67","308.67","296.75","5.56M","-1.37%"
"06/07/2012","304.21","303.60","305.69","302.13","6.65M","1.55%"
"06/06/2012","299.57","297.30","301.78","297.20","8.78M","1.12%"
"06/05/2012","296.26","295.79","299.12","294.51","5.99M","0.14%"
"06/04/2012","295.86","294.42","297.19","290.83","4.81M","-0.15%"
"06/01/2012","296.31","299.51","301.55","295.54","6.54M","-1.65%"
"05/31/2012","301.29","298.64","316.50","296.54","21.63M","-0.12%"
"05/30/2012","301.65","298.51","304.94","296.74","8.05M","0.95%"
"05/29/2012","298.82","296.53","300.75","294.92","5.14M","0.99%"
"05/28/2012","295.89","296.90","297.40","293.01","4.73M","0.55%"
"05/25/2012","294.28","293.06","295.79","291.58","4.31M","-0.34%"
"05/24/2012","295.27","291.32","296.27","286.86","7.61M","1.39%"
"05/23/2012","291.22","292.07","293.28","286.14","5.40M","0.30%"
"05/22/2012","290.34","292.07","293.68","288.18","5.82M","0.03%"
"05/21/2012","290.26","295.77","295.85","288.22","4.78M","-1.78%"
"05/18/2012","295.52","288.39","298.27","285.51","5.94M","0.52%"
"05/17/2012","293.99","293.73","294.85","291.00","5.81M","0.09%"
"05/16/2012","293.73","294.92","295.79","291.94","8.59M","-1.94%"
"05/15/2012","299.53","285.86","301.24","285.86","10.27M","3.26%"
"05/14/2012","290.08","287.75","290.89","285.75","7.92M","1.20%"
"05/11/2012","286.65","290.70","292.69","284.26","8.90M","-1.40%"
"05/10/2012","290.73","293.68","295.77","288.01","9.08M","-0.93%"
"05/09/2012","293.46","293.68","297.00","291.77","10.50M","-1.16%"
"05/08/2012","296.89","297.03","298.61","288.86","11.53M","-1.79%"
"05/07/2012","302.31","298.76","303.70","293.67","10.71M","-0.18%"
"05/04/2012","302.85","307.82","309.80","300.55","10.80M","-1.65%"
"05/03/2012","307.93","305.09","309.71","305.09","11.40M","0.44%"
"05/02/2012","306.58","305.71","308.56","305.31","10.12M","0.40%"
"04/30/2012","305.35","296.65","306.08","296.45","10.87M","2.77%"
"04/28/2012","297.13","297.37","298.18","296.05","494.95K","0.20%"
"04/27/2012","296.53","292.31","297.40","292.07","14.06M","1.48%"
"04/26/2012","292.21","291.45","295.02","290.50","17.14M","0.26%"
"04/25/2012","291.44","291.41","293.31","285.65","24.64M","0.02%"
"04/24/2012","291.39","286.57","293.28","272.63","53.04M","1.67%"
"04/23/2012","286.60","296.41","296.41","285.86","18.14M","-4.01%"
"04/20/2012","298.56","297.00","301.17","293.00","11.51M","0.08%"
"04/19/2012","298.32","295.15","299.50","293.68","17.11M","1.44%"
"04/18/2012","294.08","297.65","297.96","292.07","19.17M","-0.40%"
"04/17/2012","295.25","297.52","297.52","289.72","23.69M","0.68%"
"04/16/2012","293.25","297.65","300.94","289.34","33.49M","-1.58%"
"04/13/2012","297.96","312.28","312.86","296.29","75.26M","-12.66%"
"04/12/2012","341.13","350.08","351.20","339.62","11.81M","-1.92%"
"04/11/2012","347.80","343.40","350.36","340.21","8.18M","1.19%"
"04/10/2012","343.71","352.46","353.16","339.44","7.24M","-1.82%"
"04/09/2012","350.08","351.91","354.62","348.79","6.54M","-0.99%"
"04/04/2012","353.59","353.33","356.55","352.71","5.25M","-0.26%"
"04/03/2012","354.50","355.48","356.88","352.53","5.45M","0.29%"
"04/02/2012","353.48","355.19","358.26","352.34","4.85M","-0.56%"
"03/30/2012","355.48","348.48","356.31","347.63","7.96M","2.66%"
"03/29/2012","346.26","349.80","352.01","343.26","14.00M","-1.80%"
"03/28/2012","352.60","355.44","356.52","350.23","5.92M","-1.14%"
"03/27/2012","356.67","354.70","360.12","351.26","7.59M","1.60%"
"03/26/2012","351.07","355.81","355.81","349.87","4.92M","-1.46%"
"03/23/2012","356.27","351.35","357.52","351.02","5.50M","1.57%"
"03/22/2012","350.76","356.43","356.50","349.03","5.66M","-1.36%"
"03/21/2012","355.60","351.28","358.42","349.86","6.25M","1.27%"
"03/20/2012","351.14","350.48","353.85","347.63","9.23M","-0.22%"
"03/19/2012","351.91","359.04","359.66","348.66","6.06M","-0.96%"
"03/16/2012","355.31","360.28","361.27","353.10","9.03M","-0.59%"
"03/15/2012","357.41","359.04","360.30","356.00","6.25M","0.11%"
"03/14/2012","357.03","358.42","361.52","353.95","10.60M","0.67%"
"03/13/2012","354.67","352.71","355.92","352.46","7.71M","1.51%"
"03/12/2012","349.41","361.52","361.52","344.90","7.29M","-1.33%"
"03/09/2012","354.11","358.91","360.03","353.21","6.64M","-0.99%"
"03/07/2012","357.65","352.46","359.04","351.61","7.91M","1.10%"
"03/06/2012","353.76","347.89","357.18","347.39","10.35M","1.52%"
"03/05/2012","348.48","354.46","355.17","346.85","5.78M","-1.69%"
"03/03/2012","354.46","353.06","355.86","353.06","173.55K","0.44%"
"03/02/2012","352.92","355.32","355.32","348.88","6.08M","-0.38%"
"03/01/2012","354.28","353.65","356.56","347.87","9.81M","-0.93%"
"02/29/2012","357.60","358.91","360.66","355.22","8.87M","0.38%"
"02/28/2012","356.23","357.92","360.90","354.07","7.95M","-0.38%"
"02/27/2012","357.59","367.72","367.72","356.18","6.91M","-2.20%"
"02/24/2012","365.62","363.63","368.83","362.57","8.54M","0.51%"
"02/23/2012","363.77","364.49","369.90","361.67","10.47M","-0.65%"
"02/22/2012","366.14","360.30","371.31","360.30","10.41M","0.48%"
"02/21/2012","364.40","363.38","367.09","361.05","6.05M","-0.32%"
"02/17/2012","365.58","361.67","369.33","359.68","11.46M","1.33%"
"02/16/2012","360.77","355.19","361.85","354.76","8.26M","1.57%"
"02/15/2012","355.20","349.11","356.56","349.11","7.18M","2.25%"
"02/14/2012","347.38","344.28","348.48","342.79","5.48M","0.45%"
"02/13/2012","345.82","344.19","347.32","341.93","5.73M","-0.07%"
"02/10/2012","346.06","347.13","347.50","341.20","5.18M","-0.69%"
"02/09/2012","348.48","340.93","350.00","338.80","10.16M","1.47%"
"02/08/2012","343.43","340.81","345.02","339.98","6.67M","1.53%"
"02/07/2012","338.26","347.87","347.87","336.55","7.22M","-1.79%"
"02/06/2012","344.41","347.89","348.23","341.31","7.94M","-0.22%"
"02/03/2012","345.18","339.82","346.26","339.82","11.64M","0.95%"
"02/02/2012","341.92","339.83","345.15","338.57","11.54M","0.52%"
"02/01/2012","340.15","339.78","340.81","334.31","6.27M","-0.12%"
"01/31/2012","340.56","336.34","341.63","335.60","8.66M","1.24%"
"01/30/2012","336.38","334.72","337.98","333.61","9.59M","-0.46%"
"01/27/2012","337.95","335.10","339.19","333.14","12.22M","2.22%"
"01/25/2012","330.61","326.79","331.75","325.55","10.55M","1.72%"
"01/24/2012","325.03","324.68","327.36","321.83","5.65M","0.79%"
"01/23/2012","322.49","321.21","324.37","321.09","5.16M","0.45%"
"01/20/2012","321.06","321.95","323.65","319.51","11.64M","-0.23%"
"01/19/2012","321.79","324.44","325.28","319.55","9.65M","-0.67%"
"01/18/2012","323.95","327.91","327.91","320.59","9.70M","-1.88%"
"01/17/2012","330.15","328.65","331.48","326.65","8.74M","0.83%"
"01/16/2012","327.43","320.13","327.91","319.86","13.19M","2.17%"
"01/13/2012","320.49","324.68","324.81","316.53","20.90M","-0.16%"
"01/12/2012","320.99","341.05","341.05","319.73","48.97M","-8.43%"
"01/11/2012","350.55","355.69","359.02","348.87","13.80M","-1.29%"
"01/10/2012","355.14","355.94","356.61","353.48","11.18M","0.95%"
"01/09/2012","351.79","353.15","355.48","349.39","8.27M","0.05%"
"01/07/2012","351.62","352.08","353.64","350.73","764.17K","0.11%"
"01/06/2012","351.24","351.97","355.64","348.63","7.09M","-0.28%"
"01/05/2012","352.23","352.12","356.68","351.16","7.13M","-0.50%"
"01/04/2012","354.00","352.84","356.56","352.35","7.34M","-0.35%"
"01/03/2012","355.23","350.24","358.04","349.73","8.90M","1.97%"
"01/02/2012","348.36","342.19","349.32","340.06","5.83M","1.49%"
"12/30/2011","343.24","340.31","344.15","340.00","5.31M","0.93%"
"12/29/2011","340.07","342.05","344.14","338.70","8.84M","-1.43%"
"12/28/2011","345.02","343.41","347.75","341.25","6.85M","0.82%"
"12/27/2011","342.22","342.91","347.13","339.35","6.18M","-0.59%"
"12/26/2011","344.26","333.74","345.64","333.74","4.24M","3.01%"
"12/23/2011","334.20","339.81","339.81","332.78","7.05M","-0.96%"
"12/22/2011","337.44","328.65","340.81","328.65","12.71M","-0.81%"
"12/21/2011","340.19","337.21","341.65","332.37","8.42M","2.78%"
"12/20/2011","330.98","333.61","334.62","328.79","10.48M","-0.29%"
"12/19/2011","331.93","333.61","335.29","329.37","12.06M","-1.76%"
"12/16/2011","337.89","334.23","345.87","333.85","13.67M","0.30%"
"12/15/2011","336.88","338.11","339.11","330.51","10.05M","-0.87%"
"12/14/2011","339.84","341.05","343.19","337.95","9.86M","-0.44%"
"12/13/2011","341.33","338.73","342.90","335.93","9.65M","0.44%"
"12/12/2011","339.84","337.32","341.80","334.58","11.03M","1.10%"
"12/09/2011","336.13","330.90","339.79","329.92","10.57M","-0.48%"
"12/08/2011","337.76","340.68","342.05","334.37","7.30M","-1.29%"
"12/07/2011","342.16","335.47","343.83","332.87","8.07M","2.14%"
"12/05/2011","335.00","333.61","337.05","331.78","7.47M","0.26%"
"12/02/2011","334.13","328.78","336.77","328.39","9.45M","1.46%"
"12/01/2011","329.32","331.63","333.72","326.25","8.13M","1.86%"
"11/30/2011","323.30","320.09","325.55","317.61","11.64M","0.34%"
"11/29/2011","322.20","325.20","325.93","320.13","10.66M","-1.45%"
"11/28/2011","326.93","324.94","328.64","323.99","7.29M","1.40%"
"11/25/2011","322.41","329.27","329.27","321.33","8.02M","-2.50%"
"11/24/2011","330.66","327.54","332.87","320.79","13.23M","0.51%"
"11/23/2011","328.98","331.75","333.56","324.60","12.79M","-2.62%"
"11/22/2011","337.83","322.45","342.90","322.45","14.86M","2.02%"
"11/21/2011","331.14","337.33","339.17","325.71","9.37M","-2.58%"
"11/18/2011","339.91","338.70","342.85","337.33","4.74M","-0.46%"
"11/17/2011","341.49","343.32","345.89","338.93","6.37M","-0.89%"
"11/16/2011","344.56","346.63","347.75","342.08","6.55M","-0.71%"
"11/15/2011","347.04","347.27","349.73","344.97","5.10M","-0.38%"
"11/14/2011","348.35","348.51","351.27","347.01","4.63M","1.19%"
"11/11/2011","344.24","323.78","348.21","323.78","9.44M","-2.10%"
"11/09/2011","351.63","352.84","355.59","350.36","6.68M","-0.24%"
"11/08/2011","352.48","349.12","353.21","346.12","6.11M","0.57%"
"11/04/2011","350.47","352.84","353.57","346.21","7.64M","0.85%"
"11/03/2011","347.52","351.47","352.46","343.19","10.78M","-1.14%"
"11/02/2011","351.52","349.73","353.94","349.41","5.32M","-0.08%"
"11/01/2011","351.79","352.22","356.44","349.49","7.91M","-1.42%"
"10/31/2011","356.87","354.20","359.38","354.20","10.29M","0.66%"
"10/28/2011","354.53","362.26","368.51","352.84","24.87M","0.70%"
"10/26/2011","352.05","354.93","355.93","351.15","1.83M","-0.70%"
"10/25/2011","354.53","348.62","359.53","348.62","15.68M","3.30%"
"10/24/2011","343.20","341.05","344.13","339.96","6.08M","1.64%"
"10/21/2011","337.66","340.75","340.93","335.72","6.86M","-0.91%"
"10/20/2011","340.75","333.86","341.92","333.31","5.57M","0.73%"
"10/19/2011","338.29","337.58","339.19","334.99","10.14M","0.97%"
"10/18/2011","335.04","334.84","337.95","333.33","10.52M","-1.64%"
"10/17/2011","340.63","342.43","342.90","337.36","14.15M","0.10%"
"10/14/2011","340.28","336.23","341.88","333.15","19.60M","1.75%"
"10/13/2011","334.44","337.21","338.45","332.99","18.04M","0.65%"
"10/12/2011","332.29","321.83","333.36","321.83","34.63M","6.98%"
"10/11/2011","310.61","321.63","321.83","308.81","22.34M","-3.30%"
"10/10/2011","321.20","315.63","322.56","313.57","16.95M","3.24%"
"10/07/2011","311.13","317.49","319.34","308.52","18.46M","2.52%"
"10/05/2011","303.47","304.83","309.92","301.13","10.77M","0.35%"
"10/04/2011","302.42","304.12","307.79","299.33","7.84M","-1.51%"
"10/03/2011","307.06","308.81","312.28","306.04","9.89M","-2.26%"
"09/30/2011","314.15","314.00","317.99","311.07","10.73M","-0.71%"
"09/29/2011","316.39","307.82","318.72","306.48","23.26M","3.27%"
"09/28/2011","306.36","307.57","315.01","304.16","20.06M","1.07%"
"09/27/2011","303.12","294.82","306.16","294.82","10.34M","3.78%"
"09/26/2011","292.07","290.83","293.31","285.38","6.54M","0.69%"
"09/23/2011","290.06","288.72","296.38","287.85","10.45M","-0.59%"
"09/22/2011","291.77","295.66","299.11","289.79","9.04M","-3.41%"
"09/21/2011","302.07","302.61","304.46","300.13","7.40M","-0.04%"
"09/20/2011","302.18","294.79","302.61","294.56","9.01M","3.13%"
"09/19/2011","293.01","297.52","299.09","292.20","6.56M","-1.36%"
"09/16/2011","297.05","304.83","304.83","294.37","11.30M","-0.61%"
"09/15/2011","298.87","294.92","301.18","288.97","13.70M","2.48%"
"09/14/2011","291.65","279.17","293.54","278.92","17.24M","5.83%"
"09/13/2011","275.58","275.71","280.25","272.32","10.37M","1.07%"
"09/12/2011","272.65","273.84","274.99","270.44","8.20M","-3.34%"
"09/09/2011","282.06","288.73","288.73","280.41","12.39M","-2.74%"
"09/08/2011","290.01","285.24","291.94","285.12","11.03M","2.05%"
"09/07/2011","284.18","284.98","287.02","281.23","13.16M","-0.48%"
"09/06/2011","285.56","279.53","287.73","275.60","10.82M","1.65%"
"09/05/2011","280.92","284.46","284.46","277.83","10.90M","-2.33%"
"09/02/2011","287.63","295.79","295.79","282.18","14.96M","-1.01%"
"08/30/2011","290.57","289.09","292.69","282.76","12.14M","2.03%"
"08/29/2011","284.78","277.68","286.76","276.81","11.22M","4.25%"
"08/26/2011","273.16","271.17","279.40","270.69","21.02M","0.88%"
"08/25/2011","270.78","279.07","280.92","268.07","26.85M","-3.00%"
"08/24/2011","279.16","282.76","283.38","276.56","8.61M","-1.14%"
"08/23/2011","282.39","273.00","285.57","272.10","17.14M","3.76%"
"08/22/2011","272.17","274.57","278.44","269.74","15.71M","-1.36%"
"08/19/2011","275.91","282.02","282.02","269.32","28.90M","-5.49%"
"08/18/2011","291.95","305.71","306.09","290.58","10.67M","-3.88%"
"08/17/2011","303.72","297.15","305.77","297.15","8.53M","2.07%"
"08/16/2011","297.56","301.37","302.39","294.21","10.15M","1.02%"
"08/12/2011","294.57","308.56","308.56","290.50","14.10M","-2.68%"
"08/11/2011","302.68","301.62","306.20","299.50","8.21M","-0.27%"
"08/10/2011","303.49","303.60","307.12","299.02","13.96M","3.06%"
"08/09/2011","294.49","291.57","302.60","291.47","16.85M","-3.88%"
"08/08/2011","306.39","310.05","310.05","301.49","16.17M","-4.66%"
"08/05/2011","321.36","327.86","327.86","313.15","15.76M","-4.35%"
"08/04/2011","335.99","339.81","342.29","335.35","6.53M","-0.86%"
"08/03/2011","338.90","339.19","339.78","335.91","5.65M","-0.67%"
"08/02/2011","341.17","347.07","347.07","340.43","4.93M","-2.28%"
"08/01/2011","349.13","344.79","350.21","344.79","6.09M","1.41%"
"07/29/2011","344.27","339.94","345.08","338.00","9.76M","0.90%"
"07/28/2011","341.19","342.91","344.02","339.13","9.48M","-1.63%"
"07/27/2011","346.84","347.38","351.71","346.16","8.51M","-0.18%"
"07/26/2011","347.48","348.37","350.23","345.70","6.85M","-0.21%"
"07/25/2011","348.22","349.49","350.36","346.15","7.40M","-0.72%"
"07/22/2011","350.76","345.31","352.71","343.53","7.75M","2.17%"
"07/21/2011","343.30","340.46","345.33","339.42","5.90M","0.57%"
"07/20/2011","341.36","343.88","343.88","340.43","6.22M","0.07%"
"07/19/2011","341.12","337.46","342.54","336.92","8.32M","1.37%"
"07/18/2011","336.51","339.19","340.22","335.76","9.41M","-0.66%"
"07/15/2011","338.74","340.31","342.66","337.33","6.39M","-0.33%"
"07/14/2011","339.86","342.32","342.79","338.70","10.89M","-1.33%"
"07/13/2011","344.44","343.04","348.17","342.42","13.34M","-0.51%"
"07/12/2011","346.21","353.46","353.46","340.66","29.65M","-4.44%"
"07/11/2011","362.28","366.34","369.09","358.24","9.21M","-1.86%"
"07/08/2011","369.15","372.06","375.02","368.00","5.67M","-0.64%"
"07/07/2011","371.53","366.50","372.06","364.99","5.75M","1.42%"
"07/06/2011","366.32","365.49","368.64","364.26","3.44M","-0.09%"
"07/05/2011","366.66","366.73","368.33","362.88","6.42M","0.60%"
"07/04/2011","364.49","367.92","369.21","364.00","4.11M","0.16%"
"07/01/2011","363.89","364.00","368.33","362.65","6.40M","0.81%"
"06/30/2011","360.95","357.93","362.01","357.36","11.34M","1.00%"
"06/29/2011","357.39","355.69","360.52","355.69","4.80M","0.57%"
"06/28/2011","355.35","355.94","356.79","352.69","4.49M","-0.20%"
"06/27/2011","356.07","351.18","362.51","349.77","10.72M","0.39%"
"06/24/2011","354.69","346.14","356.89","346.14","11.22M","2.91%"
"06/23/2011","344.66","341.05","345.90","339.26","4.16M","0.87%"
"06/22/2011","341.68","341.43","344.99","340.07","5.63M","1.02%"
"06/21/2011","338.22","337.71","341.67","334.02","7.54M","0.65%"
"06/20/2011","336.04","343.32","344.74","328.96","12.46M","-2.17%"
"06/17/2011","343.49","347.27","347.67","338.73","8.53M","-1.09%"
"06/16/2011","347.29","350.85","350.85","346.64","7.63M","-1.25%"
"06/15/2011","351.67","354.91","354.91","350.59","7.34M","-1.28%"
"06/14/2011","356.22","356.90","357.61","355.28","7.87M","-0.18%"
"06/13/2011","356.88","353.27","357.45","349.70","7.73M","0.53%"
"06/10/2011","354.99","355.75","357.28","353.60","7.19M","0.03%"
"06/09/2011","354.88","357.36","357.36","354.02","4.22M","-0.36%"
"06/08/2011","356.15","358.29","358.69","355.59","5.95M","-0.72%"
"06/07/2011","358.73","350.98","360.15","350.98","7.98M","1.93%"
"06/06/2011","351.95","349.98","352.95","346.65","3.77M","0.77%"
"06/03/2011","349.26","348.62","352.56","348.61","6.29M","0.47%"
"06/02/2011","347.63","344.77","349.73","344.40","7.12M","-0.30%"
"06/01/2011","348.69","346.51","350.23","345.27","8.11M","0.93%"
"05/31/2011","345.47","346.39","349.49","344.35","20.41M","0.18%"
"05/30/2011","344.85","348.01","348.01","342.42","6.87M","-0.25%"
"05/27/2011","345.70","342.29","348.12","342.29","6.26M","0.39%"
"05/26/2011","344.35","346.51","346.98","342.05","8.48M","-0.43%"
"05/25/2011","345.85","350.69","350.69","341.87","11.08M","-1.96%"
"05/24/2011","352.77","351.35","355.17","351.35","7.63M","0.26%"
"05/23/2011","351.85","353.19","353.80","350.71","6.78M","-0.45%"
"05/20/2011","353.44","352.84","355.15","351.24","8.02M","0.12%"
"05/19/2011","353.02","354.66","354.66","351.67","7.46M","0.14%"
"05/18/2011","352.53","353.46","357.47","347.63","10.18M","-0.06%"
"05/17/2011","352.73","353.26","356.84","350.22","7.57M","-0.22%"
"05/16/2011","353.51","356.68","356.68","352.51","6.47M","-0.97%"
"05/13/2011","356.97","357.57","361.14","356.09","8.28M","-0.10%"
"05/12/2011","357.33","359.40","360.77","356.18","5.00M","-0.85%"
"05/11/2011","360.41","357.42","362.63","357.17","6.41M","0.90%"
"05/10/2011","357.18","360.61","362.74","356.18","4.87M","-0.98%"
"05/09/2011","360.72","360.90","361.76","355.63","4.94M","0.54%"
"05/06/2011","358.79","354.44","360.90","353.21","11.93M","1.56%"
"05/05/2011","353.27","355.60","357.04","351.84","12.66M","-0.74%"
"05/04/2011","355.90","359.78","360.28","352.56","16.92M","-1.42%"
"05/03/2011","361.03","362.14","366.74","359.65","13.23M","-0.39%"
"05/02/2011","362.45","362.02","365.11","360.90","13.47M","0.56%"
"04/29/2011","360.43","360.90","363.25","358.16","16.25M","-0.78%"
"04/28/2011","363.27","365.73","366.85","362.26","23.42M","-0.81%"
"04/27/2011","366.25","365.24","367.67","364.93","9.98M","0.37%"
"04/26/2011","364.91","364.00","366.47","362.14","18.23M","0.04%"
"04/25/2011","364.78","361.52","367.59","360.57","15.53M","1.08%"
"04/21/2011","360.90","361.98","364.68","359.79","23.95M","0.09%"
"04/20/2011","360.56","362.01","363.12","358.54","17.95M","0.69%"
"04/19/2011","358.09","360.40","363.01","357.30","19.21M","-0.64%"
"04/18/2011","360.41","362.01","367.97","357.18","41.09M","-2.79%"
"04/15/2011","370.76","408.79","409.09","369.27","81.02M","-9.58%"
"04/13/2011","410.03","398.23","411.39","396.37","11.07M","1.99%"
"04/11/2011","402.02","396.28","404.53","394.51","8.00M","0.44%"
"04/08/2011","400.25","402.07","404.88","397.79","4.83M","-0.57%"
"04/07/2011","402.55","404.54","404.54","401.54","3.80M","-0.89%"
"04/06/2011","406.18","406.66","409.14","403.32","6.77M","-0.25%"
"04/05/2011","407.19","406.41","408.40","400.72","4.30M","0.00%"
"04/04/2011","407.17","399.96","408.77","399.47","7.38M","2.02%"
"04/01/2011","399.11","401.22","403.84","397.85","5.59M","-0.71%"
"03/31/2011","401.98","394.63","404.92","392.39","18.84M","2.22%"
"03/30/2011","393.25","393.39","397.30","391.49","5.61M","-0.08%"
"03/29/2011","393.56","388.43","395.46","388.05","9.86M","1.08%"
"03/28/2011","389.37","389.30","391.60","385.67","12.06M","-0.74%"
"03/25/2011","392.28","377.52","395.00","377.03","12.66M","5.34%"
"03/24/2011","372.41","371.18","373.57","369.42","8.19M","0.32%"
"03/23/2011","371.23","363.97","371.91","363.01","7.27M","1.71%"
"03/22/2011","365.00","364.02","366.69","362.63","5.12M","0.71%"
"03/21/2011","362.42","366.03","366.73","360.20","6.61M","-0.64%"
"03/18/2011","364.75","369.60","371.41","363.70","7.47M","-1.26%"
"03/17/2011","369.42","370.09","371.93","368.46","8.32M","-1.72%"
"03/16/2011","375.89","375.16","379.68","374.55","5.59M","0.02%"
"03/15/2011","375.80","376.03","379.36","372.80","9.04M","-2.28%"
"03/14/2011","384.56","376.40","385.45","375.86","3.56M","1.54%"
"03/11/2011","378.74","380.49","381.86","377.64","7.28M","-1.18%"
"03/10/2011","383.25","383.84","384.46","379.81","3.44M","-0.17%"
"03/09/2011","383.90","386.94","388.53","380.86","6.68M","-0.67%"
"03/08/2011","386.48","375.81","388.43","374.56","8.51M","2.42%"
"03/07/2011","377.35","376.52","381.36","375.22","7.36M","-0.64%"
"03/04/2011","379.77","380.37","383.22","378.01","9.77M","1.19%"
"03/03/2011","375.30","379.26","379.38","372.18","12.57M","-1.83%"
"03/01/2011","382.28","375.78","385.45","373.05","8.38M","2.85%"
"02/28/2011","371.70","374.79","388.78","368.02","14.51M","-0.34%"
"02/25/2011","372.96","374.94","377.35","367.84","10.37M","-0.05%"
"02/24/2011","373.15","378.26","381.98","371.44","16.49M","-2.27%"
"02/23/2011","381.83","385.19","385.19","380.75","7.08M","-2.01%"
"02/22/2011","389.65","389.45","392.77","386.20","6.09M","-0.74%"
"02/21/2011","392.55","384.46","394.11","381.48","9.40M","2.09%"
"02/18/2011","384.50","387.56","390.04","383.11","7.10M","-0.42%"
"02/17/2011","386.12","386.75","387.93","384.73","3.39M","0.34%"
"02/16/2011","384.83","382.26","387.40","382.12","2.92M","-0.11%"
"02/15/2011","385.27","384.46","388.06","381.25","4.60M","0.06%"
"02/14/2011","385.02","377.52","386.73","377.08","6.98M","2.09%"
"02/11/2011","377.12","375.80","380.58","374.58","11.21M","-0.41%"
"02/10/2011","378.66","385.16","386.20","377.14","8.25M","-2.48%"
"02/09/2011","388.27","382.60","391.86","380.48","7.50M","1.10%"
"02/08/2011","384.04","384.46","386.94","380.99","6.02M","0.30%"
"02/07/2011","382.90","381.35","386.18","379.62","7.34M","1.30%"
"02/04/2011","378.00","384.34","387.40","375.33","6.96M","-2.23%"
"02/03/2011","386.64","384.63","391.03","382.75","6.05M","0.92%"
"02/02/2011","383.13","386.07","392.40","380.12","9.17M","0.00%"
"02/01/2011","383.12","387.72","387.98","377.40","10.30M","-0.92%"
"01/31/2011","386.66","389.24","389.24","382.75","7.75M","-1.59%"
"01/28/2011","392.91","397.58","405.36","389.50","12.68M","-0.90%"
"01/27/2011","396.48","405.42","405.42","395.06","12.71M","-1.92%"
"01/25/2011","404.26","404.92","409.87","401.33","9.93M","-0.76%"
"01/24/2011","407.36","401.82","408.02","400.25","7.50M","1.26%"
"01/21/2011","402.30","405.67","406.54","400.71","4.63M","-1.58%"
"01/20/2011","408.76","400.83","410.18","399.11","7.23M","1.43%"
"01/19/2011","403.01","410.15","411.00","401.30","6.94M","-2.21%"
"01/18/2011","412.12","403.06","413.69","403.06","9.80M","1.66%"
"01/17/2011","405.39","396.86","406.99","395.78","8.22M","2.01%"
"01/14/2011","397.40","395.14","406.52","395.00","10.32M","-0.03%"
"01/13/2011","397.51","408.40","409.14","396.24","22.35M","-5.09%"
"01/12/2011","418.85","415.47","420.43","411.52","10.04M","1.55%"
"01/11/2011","412.45","414.23","424.57","407.79","12.32M","-2.06%"
"01/10/2011","421.14","418.57","427.02","415.71","10.39M","0.74%"
"01/07/2011","418.04","429.52","433.45","416.25","8.55M","-3.09%"
"01/06/2011","431.36","431.59","433.20","427.14","4.69M","0.54%"
"01/05/2011","429.06","429.73","431.22","427.26","3.52M","-0.63%"
"01/04/2011","431.77","428.74","433.94","428.74","8.12M","0.67%"
"01/03/2011","428.90","427.12","430.31","425.10","5.05M","0.45%"