"Date","Price","Open","High","Low","Vol.","Change %"
"07/28/2026","16.950","17.000","17.050","16.950","1.51M","0.00%"
"07/27/2026","16.950","16.610","16.950","16.600","2.45M","2.11%"
"07/26/2026","16.600","16.500","16.750","16.490","819.23K","0.61%"
"07/23/2026","16.500","16.550","16.620","16.460","2.65M","-0.30%"
"07/22/2026","16.550","16.750","16.790","16.550","3.42M","-0.90%"
"07/21/2026","16.700","16.790","16.830","16.650","2.65M","0.00%"
"07/20/2026","16.700","16.940","16.940","16.640","5.05M","0.00%"
"07/19/2026","16.700","17.000","17.200","16.700","2.79M","-3.02%"
"07/12/2026","17.220","17.390","17.390","17.150","1.15M","-1.03%"
"07/09/2026","17.400","17.530","17.530","17.200","2.28M","-0.68%"
"07/08/2026","17.520","17.690","17.760","17.310","1.39M","-0.96%"
"07/07/2026","17.690","17.520","17.690","17.450","2.42M","1.09%"
"07/06/2026","17.500","17.540","17.620","17.400","1.51M","-0.23%"
"07/05/2026","17.540","17.500","17.660","17.500","81.50K","0.23%"
"07/02/2026","17.500","17.810","17.810","17.500","1.25M","-1.69%"
"07/01/2026","17.800","17.350","17.800","17.330","1.30M","3.19%"
"06/30/2026","17.250","17.630","17.700","17.250","2.83M","-2.16%"
"06/29/2026","17.630","17.690","17.800","17.530","1.09M","0.00%"
"06/28/2026","17.630","17.690","17.760","17.420","582.40K","0.74%"
"06/25/2026","17.500","17.720","17.800","17.500","2.82M","-1.19%"
"06/24/2026","17.710","17.910","18.120","17.710","2.61M","-1.77%"
"06/23/2026","18.030","17.760","18.210","17.760","2.38M","0.78%"
"06/22/2026","17.890","18.060","18.220","17.890","1.01M","-1.05%"
"06/21/2026","18.080","18.220","18.220","17.900","354.75K","-0.77%"
"06/18/2026","18.220","18.180","18.370","18.170","7.55M","-0.44%"
"06/17/2026","18.300","18.250","18.330","18.120","2.77M","0.27%"
"06/16/2026","18.250","18.050","18.270","18.050","1.80M","0.44%"
"06/15/2026","18.170","17.700","18.180","17.700","3.92M","3.00%"
"06/14/2026","17.640","17.400","17.640","17.400","1.55M","3.76%"
"06/11/2026","17.000","17.070","17.250","17.000","2.38M","-1.45%"
"06/10/2026","17.250","17.110","17.250","17.010","1.98M","0.82%"
"06/09/2026","17.110","17.100","17.380","17.100","1.84M","1.24%"
"06/08/2026","16.900","17.000","17.010","16.800","2.61M","-1.17%"
"06/07/2026","17.100","17.310","17.350","17.000","1.39M","-1.16%"
"06/04/2026","17.300","17.410","17.500","17.300","1.74M","-1.14%"
"06/03/2026","17.500","17.450","17.500","17.350","1.30M","0.00%"
"06/02/2026","17.500","17.560","17.690","17.500","2.01M","0.00%"
"06/01/2026","17.500","17.650","17.880","17.410","6.48M","-1.13%"
"05/31/2026","17.700","17.970","18.230","17.700","1.15M","-0.56%"
"05/25/2026","17.800","18.000","18.010","17.670","12.68M","-1.11%"
"05/24/2026","18.000","17.400","18.100","17.400","1.99M","4.65%"
"05/21/2026","17.200","17.250","17.320","17.200","1.71M","-0.06%"
"05/20/2026","17.210","17.220","17.350","17.210","1.65M","-0.52%"
"05/19/2026","17.300","17.350","17.350","17.170","1.94M","0.29%"
"05/18/2026","17.250","17.300","17.420","17.110","2.27M","-1.03%"
"05/17/2026","17.430","17.250","17.500","17.250","366.52K","0.52%"
"05/14/2026","17.340","17.550","17.550","17.230","1.62M","0.23%"
"05/13/2026","17.300","17.500","17.660","17.300","1.86M","-1.14%"
"05/12/2026","17.500","17.720","17.840","17.500","2.66M","-1.13%"
"05/11/2026","17.700","17.920","17.920","17.700","2.23M","-1.23%"
"05/10/2026","17.920","18.170","18.170","17.920","979.25K","-1.54%"
"05/07/2026","18.200","18.200","18.300","17.880","1.75M","0.55%"
"05/06/2026","18.100","17.790","18.160","17.660","1.83M","1.69%"
"05/05/2026","17.800","17.760","17.810","17.560","2.88M","0.39%"
"05/04/2026","17.730","17.690","17.850","17.580","3.32M","0.74%"
"05/03/2026","17.600","17.580","17.630","17.350","443.94K","1.44%"
"04/30/2026","17.350","17.510","17.510","17.310","3.94M","-0.86%"
"04/29/2026","17.500","17.530","17.620","17.380","2.29M","-0.11%"
"04/28/2026","17.520","17.580","17.730","17.460","2.02M","-0.23%"
"04/27/2026","17.560","17.720","17.870","17.560","2.23M","-0.90%"
"04/26/2026","17.720","17.930","17.930","17.720","532.09K","-0.45%"
"04/23/2026","17.800","18.190","18.190","17.800","2.52M","-1.28%"
"04/22/2026","18.030","18.300","18.300","18.030","2.04M","-1.48%"
"04/21/2026","18.300","18.440","18.500","18.200","2.00M","-0.27%"
"04/20/2026","18.350","18.200","18.380","18.200","2.24M","0.27%"
"04/19/2026","18.300","18.300","18.490","18.020","1.46M","0.00%"
"04/16/2026","18.300","18.320","18.440","18.220","2.58M","0.00%"
"04/15/2026","18.300","18.170","18.480","18.170","2.82M","1.39%"
"04/14/2026","18.050","17.990","18.150","17.900","2.13M","0.89%"
"04/13/2026","17.890","17.960","18.050","17.710","3.21M","-0.33%"
"04/12/2026","17.950","17.550","18.000","17.550","1.31M","0.84%"
"04/09/2026","17.800","17.850","17.880","17.750","3.00M","-0.28%"
"04/08/2026","17.850","17.700","17.950","17.650","3.78M","4.20%"
"04/07/2026","17.130","17.240","17.550","17.130","1.97M","-1.55%"
"04/06/2026","17.400","17.120","17.460","17.050","1.80M","1.64%"
"04/05/2026","17.120","17.210","17.210","17.000","185.78K","-0.64%"
"04/02/2026","17.230","17.010","17.230","16.910","1.61M","0.76%"
"04/01/2026","17.100","17.300","17.540","17.100","3.71M","0.35%"
"03/31/2026","17.040","16.700","17.150","16.700","6.04M","2.16%"
"03/30/2026","16.680","16.600","16.840","16.340","3.06M","0.00%"
"03/29/2026","16.680","16.890","16.890","16.560","1.06M","-1.30%"
"03/26/2026","16.900","17.110","17.260","16.820","3.31M","-1.17%"
"03/25/2026","17.100","17.000","17.140","16.810","5.31M","1.18%"
"03/24/2026","16.900","17.510","17.670","16.540","9.23M","-3.48%"
"03/18/2026","17.510","17.680","17.940","17.510","8.04M","0.06%"
"03/17/2026","17.500","17.500","17.740","17.500","1.40M","0.23%"
"03/16/2026","17.460","17.810","17.810","17.460","2.37M","-1.97%"
"03/15/2026","17.810","18.000","18.000","17.800","775.92K","-1.33%"
"03/12/2026","18.050","18.380","18.380","17.960","1.65M","-1.80%"
"03/11/2026","18.380","18.530","18.530","18.140","1.19M","-2.08%"
"03/10/2026","18.770","18.060","18.770","17.980","2.97M","4.28%"
"03/09/2026","18.000","18.500","18.500","18.000","2.50M","-2.70%"
"03/08/2026","18.500","18.600","18.800","18.410","1.42M","-0.54%"
"03/05/2026","18.600","18.050","18.640","18.050","3.13M","3.22%"
"03/04/2026","18.020","18.000","18.250","17.910","3.51M","0.00%"
"03/03/2026","18.020","18.040","18.580","17.890","4.20M","-1.91%"
"03/02/2026","18.370","18.500","18.800","18.300","6.02M","-4.82%"
"02/26/2026","19.300","19.930","19.940","19.300","9.07M","-3.02%"
"02/25/2026","19.900","19.950","19.950","19.790","2.90M","-0.20%"
"02/24/2026","19.940","19.840","19.990","19.650","5.32M","0.50%"
"02/23/2026","19.840","19.390","19.840","19.390","3.64M","2.22%"
"02/22/2026","19.410","19.680","19.680","19.320","372.80K","-1.37%"
"02/19/2026","19.680","19.990","19.990","19.120","3.08M","-1.55%"
"02/18/2026","19.990","19.980","20.000","19.760","2.06M","0.55%"
"02/17/2026","19.880","20.310","20.310","19.820","1.36M","-2.55%"
"02/16/2026","20.400","20.400","20.420","20.350","2.84M","0.00%"
"02/15/2026","20.400","20.400","20.420","20.330","1.05M","0.00%"
"02/12/2026","20.400","20.280","20.400","20.280","2.36M","0.25%"
"02/11/2026","20.350","20.350","20.360","20.300","3.31M","0.05%"
"02/09/2026","20.340","20.340","20.390","20.180","2.41M","0.00%"
"02/08/2026","20.340","20.390","20.400","20.300","1.20M","-0.15%"
"02/05/2026","20.370","20.240","20.400","20.240","1.51M","-0.10%"
"02/04/2026","20.390","20.350","20.390","20.130","2.42M","0.20%"
"02/03/2026","20.350","20.250","20.350","20.100","3.25M","0.54%"
"02/02/2026","20.240","20.080","20.250","20.070","3.16M","0.70%"
"02/01/2026","20.100","20.150","20.230","20.070","1.32M","1.52%"
"01/29/2026","19.800","20.050","20.140","19.800","5.58M","-1.25%"
"01/28/2026","20.050","20.190","20.250","19.910","3.33M","-0.45%"
"01/27/2026","20.140","20.100","20.190","20.090","3.42M","-0.05%"
"01/26/2026","20.150","19.960","20.200","19.960","4.37M","1.00%"
"01/25/2026","19.950","19.840","20.120","19.840","482.91K","-1.48%"
"01/22/2026","20.250","19.910","20.400","19.910","12.34M","1.30%"
"01/21/2026","19.990","19.900","20.000","19.800","2.71M","0.45%"
"01/20/2026","19.900","19.850","20.000","19.800","2.82M","-0.45%"
"01/19/2026","19.990","19.650","19.990","19.200","2.40M","1.22%"
"01/18/2026","19.750","19.980","20.040","19.750","960.82K","-0.60%"
"01/15/2026","19.870","19.810","20.000","19.800","1.92M","-0.85%"
"01/14/2026","20.040","19.900","20.040","19.870","2.93M","0.20%"
"01/13/2026","20.000","19.890","20.000","19.810","3.91M","1.01%"
"01/12/2026","19.800","19.680","19.910","19.560","2.56M","0.61%"
"01/11/2026","19.680","19.350","19.770","19.350","692.60K","1.71%"
"01/08/2026","19.350","19.570","19.570","19.320","1.45M","-1.28%"
"01/07/2026","19.600","19.450","19.600","19.360","3.20M","0.77%"
"01/06/2026","19.450","19.200","19.500","19.070","5.04M","1.30%"
"01/05/2026","19.200","18.790","19.200","18.740","4.13M","2.18%"
"01/04/2026","18.790","18.650","18.840","18.650","530.48K","0.70%"
"12/31/2025","18.660","18.970","18.980","18.660","2.72M","-1.63%"
"12/30/2025","18.970","18.750","18.970","18.720","656.49K","0.00%"
"12/29/2025","18.970","18.600","18.970","18.560","2.89M","1.99%"
"12/28/2025","18.600","18.800","18.850","18.600","2.46M","-1.06%"
"12/25/2025","18.800","18.970","18.980","18.760","2.33M","-0.74%"
"12/24/2025","18.940","18.890","18.960","18.860","2.32M","0.48%"
"12/23/2025","18.850","18.600","18.850","18.600","1.55M","0.59%"
"12/22/2025","18.740","18.530","18.740","18.350","1.32M","1.46%"
"12/21/2025","18.470","18.310","18.550","18.310","278.40K","0.65%"
"12/17/2025","18.350","18.600","18.640","18.350","6.57M","-1.34%"
"12/16/2025","18.600","18.600","18.650","18.420","945.91K","0.00%"
"12/15/2025","18.600","18.790","18.790","18.530","2.25M","-1.01%"
"12/14/2025","18.790","18.940","18.940","18.700","583.44K","-0.79%"
"12/11/2025","18.940","18.720","18.980","18.710","1.24M","0.64%"
"12/10/2025","18.820","18.700","18.820","18.590","3.57M","0.64%"
"12/09/2025","18.700","18.490","18.700","18.270","6.16M","1.08%"
"12/08/2025","18.500","18.150","18.500","18.150","2.58M","1.93%"
"12/07/2025","18.150","18.200","18.360","18.150","823.65K","-0.27%"
"12/04/2025","18.200","18.200","18.370","18.150","3.13M","0.00%"
"12/03/2025","18.200","18.100","18.280","18.070","1.49M","0.00%"
"12/02/2025","18.200","18.150","18.200","17.960","2.80M","0.22%"
"12/01/2025","18.160","17.920","18.160","17.860","3.89M","1.40%"
"11/30/2025","17.910","18.100","18.140","17.910","377.64K","-1.05%"
"11/27/2025","18.100","18.290","18.390","18.060","2.79M","-1.04%"
"11/26/2025","18.290","18.040","18.290","17.990","1.44M","1.61%"
"11/25/2025","18.000","18.170","18.230","17.960","2.25M","-1.04%"
"11/24/2025","18.190","18.000","18.190","17.800","13.80M","0.39%"
"11/23/2025","18.120","18.170","18.170","17.780","573.60K","1.06%"
"11/20/2025","17.930","18.080","18.150","17.800","3.46M","-1.10%"
"11/19/2025","18.130","18.030","18.250","18.030","2.43M","0.44%"
"11/18/2025","18.050","18.250","18.330","18.020","3.77M","-0.82%"
"11/17/2025","18.200","18.400","18.430","18.110","2.85M","-1.09%"
"11/16/2025","18.400","18.400","18.460","18.300","826.72K","-0.59%"
"11/13/2025","18.510","18.860","18.910","18.510","2.24M","-1.54%"
"11/12/2025","18.800","19.000","19.000","18.800","2.33M","-0.74%"
"11/11/2025","18.940","18.780","19.000","18.780","2.88M","1.23%"
"11/10/2025","18.710","18.470","18.800","18.470","2.45M","0.32%"
"11/09/2025","18.650","18.650","18.800","18.510","1.29M","0.00%"
"11/06/2025","18.650","18.480","18.650","18.480","2.29M","0.81%"
"11/05/2025","18.500","18.390","18.500","18.330","1.96M","0.05%"
"11/04/2025","18.490","18.450","18.490","18.320","1.78M","0.22%"
"11/03/2025","18.450","18.480","18.480","18.130","2.65M","-0.22%"
"11/02/2025","18.490","18.340","18.490","18.250","1.07M","0.00%"
"10/30/2025","18.490","18.500","18.500","18.330","2.88M","-0.05%"
"10/29/2025","18.500","18.360","18.500","18.200","2.71M","0.11%"
"10/28/2025","18.480","18.480","18.590","18.310","7.51M","0.00%"
"10/27/2025","18.480","18.450","18.500","18.330","2.21M","-0.05%"
"10/26/2025","18.490","18.420","18.500","18.370","751.68K","-0.05%"
"10/23/2025","18.500","18.500","18.520","18.410","1.39M","-0.22%"
"10/22/2025","18.540","18.520","18.570","18.360","1.25M","0.00%"
"10/21/2025","18.540","18.240","18.550","18.240","1.07M","0.49%"
"10/20/2025","18.450","18.460","18.500","18.210","1.05M","0.00%"
"10/19/2025","18.450","18.450","18.550","18.310","732.82K","0.00%"
"10/16/2025","18.450","18.010","18.450","18.000","2.14M","2.44%"
"10/15/2025","18.010","18.110","18.300","18.010","2.07M","-0.50%"
"10/14/2025","18.100","18.500","18.580","18.100","3.42M","-2.16%"
"10/13/2025","18.500","18.420","18.570","18.360","2.06M","0.54%"
"10/12/2025","18.400","18.480","18.480","18.100","928.09K","-0.81%"
"10/09/2025","18.550","18.530","18.550","18.440","1.12M","0.11%"
"10/08/2025","18.530","18.480","18.550","18.320","1.32M","0.27%"
"10/07/2025","18.480","18.250","18.480","18.150","1.75M","0.43%"
"10/06/2025","18.400","18.300","18.400","18.140","2.00M","0.55%"
"10/05/2025","18.300","18.200","18.360","18.200","299.23K","0.99%"
"10/02/2025","18.120","18.240","18.310","18.120","1.46M","-1.25%"
"10/01/2025","18.350","18.560","18.560","18.220","1.48M","-1.24%"
"09/30/2025","18.580","18.220","18.580","18.140","3.27M","1.98%"
"09/29/2025","18.220","18.200","18.390","18.060","2.06M","0.11%"
"09/28/2025","18.200","18.020","18.250","18.010","1.32M","0.55%"
"09/25/2025","18.100","18.590","18.880","18.100","2.77M","-2.69%"
"09/24/2025","18.600","18.990","19.030","18.600","2.03M","-1.12%"
"09/23/2025","18.810","19.360","19.400","18.810","2.24M","-3.04%"
"09/22/2025","19.400","19.270","19.450","19.270","1.19M","0.73%"
"09/21/2025","19.260","19.280","19.400","19.240","1.53M","0.00%"
"09/18/2025","19.260","19.090","19.260","19.010","6.98M","1.42%"
"09/17/2025","18.990","18.800","19.000","18.690","2.04M","1.28%"
"09/16/2025","18.750","18.510","18.810","18.510","1.78M","0.81%"
"09/15/2025","18.600","18.690","18.690","18.410","2.29M","0.49%"
"09/14/2025","18.510","18.520","18.790","18.510","457.82K","0.05%"
"09/11/2025","18.500","18.510","18.720","18.310","1.84M","-0.32%"
"09/10/2025","18.560","18.620","18.840","18.560","2.19M","-0.48%"
"09/09/2025","18.650","18.800","18.850","18.650","2.13M","-1.27%"
"09/08/2025","18.890","18.920","18.940","18.810","1.05M","0.48%"
"09/07/2025","18.800","18.940","18.980","18.800","483.54K","-0.42%"
"09/04/2025","18.880","18.900","18.900","18.710","1.54M","0.37%"
"09/03/2025","18.810","18.900","19.160","18.810","2.66M","-1.00%"
"09/02/2025","19.000","18.970","19.000","18.810","1.15M","0.37%"
"09/01/2025","18.930","18.980","18.980","18.800","798.83K","-0.37%"
"08/31/2025","19.000","19.000","19.050","18.900","735.07K","0.00%"
"08/28/2025","19.000","19.400","19.400","19.000","1.80M","-2.06%"
"08/27/2025","19.400","19.500","19.500","19.210","1.50M","-0.46%"
"08/26/2025","19.490","18.790","19.490","18.650","10.99M","3.45%"
"08/25/2025","18.840","19.040","19.190","18.840","1.74M","-1.15%"
"08/24/2025","19.060","19.250","19.350","19.050","524.89K","-0.99%"
"08/21/2025","19.250","19.220","19.390","19.110","1.09M","-0.26%"
"08/20/2025","19.300","19.550","19.550","19.250","1.70M","-1.53%"
"08/19/2025","19.600","19.390","19.600","19.300","2.14M","1.14%"
"08/18/2025","19.380","19.870","19.870","19.380","755.56K","-0.87%"
"08/17/2025","19.550","19.770","19.990","19.550","717.74K","-1.21%"
"08/14/2025","19.790","19.770","20.490","19.770","3.62M","0.10%"
"08/13/2025","19.770","19.180","19.770","19.180","2.55M","2.92%"
"08/12/2025","19.210","19.100","19.210","18.930","1.00M","0.68%"
"08/11/2025","19.080","19.020","19.100","18.920","468.29K","0.00%"
"08/10/2025","19.080","19.100","19.190","19.030","492.19K","-0.21%"
"08/07/2025","19.120","18.940","19.190","18.910","2.13M","0.95%"
"08/06/2025","18.940","18.720","18.950","18.720","1.04M","0.21%"
"08/05/2025","18.900","18.600","18.900","18.510","1.88M","1.23%"
"08/04/2025","18.670","18.650","18.820","18.470","1.41M","0.11%"
"08/03/2025","18.650","18.860","18.890","18.140","1.10M","-0.53%"
"07/31/2025","18.750","18.650","18.750","18.540","1.88M","0.54%"
"07/30/2025","18.650","18.640","18.670","18.500","1.54M","0.16%"
"07/29/2025","18.620","18.330","18.630","18.240","2.37M","1.58%"
"07/28/2025","18.330","18.250","18.330","18.110","1.17M","0.44%"
"07/27/2025","18.250","18.450","18.500","18.250","674.54K","-1.35%"
"07/24/2025","18.500","18.180","18.850","18.160","2.55M","1.82%"
"07/23/2025","18.170","18.070","18.200","17.970","2.41M","0.50%"
"07/22/2025","18.080","17.740","18.090","17.740","1.89M","0.44%"
"07/21/2025","18.000","17.740","18.000","17.740","2.54M","1.47%"
"07/20/2025","17.740","17.600","17.780","17.500","963.06K","-0.39%"
"07/17/2025","17.810","17.690","17.960","17.690","5.46M","0.45%"
"07/16/2025","17.730","17.470","17.750","17.470","5.25M","0.74%"
"07/15/2025","17.600","17.300","17.600","17.290","3.24M","1.73%"
"07/14/2025","17.300","17.420","17.440","17.300","2.78M","-0.69%"
"07/13/2025","17.420","17.500","17.550","17.420","988.66K","-0.46%"
"07/10/2025","17.500","17.500","17.600","17.350","3.03M","0.11%"
"07/09/2025","17.480","17.600","17.600","17.340","1.68M","-0.11%"
"07/08/2025","17.500","17.500","17.640","17.450","1.82M","0.00%"
"07/07/2025","17.500","17.490","17.500","17.440","1.03M","0.17%"
"07/06/2025","17.470","17.480","17.490","17.440","481.67K","-0.06%"
"07/03/2025","17.480","17.440","17.480","17.220","1.56M","0.46%"
"07/02/2025","17.400","17.210","17.400","17.210","1.60M","0.81%"
"07/01/2025","17.260","17.240","17.400","17.240","725.32K","-0.52%"
"06/30/2025","17.350","17.400","17.440","17.290","2.35M","-0.29%"
"06/29/2025","17.400","17.240","17.400","17.240","726.84K","1.16%"
"06/26/2025","17.200","17.200","17.210","17.060","1.70M","0.00%"
"06/25/2025","17.200","16.990","17.200","16.990","3.09M","1.78%"
"06/24/2025","16.900","16.930","17.030","16.800","2.07M","0.90%"
"06/23/2025","16.750","16.700","16.980","16.700","2.29M","0.30%"
"06/22/2025","16.700","16.740","16.850","16.600","792.09K","-0.89%"
"06/19/2025","16.850","16.800","16.850","16.550","4.50M","0.18%"
"06/18/2025","16.820","16.800","16.910","16.720","1.20M","0.12%"
"06/17/2025","16.800","16.920","17.020","16.800","1.80M","-0.77%"
"06/16/2025","16.930","16.540","17.030","16.540","1.92M","2.54%"
"06/15/2025","16.510","17.000","17.000","16.100","1.35M","-4.18%"
"06/12/2025","17.230","17.370","17.370","17.050","1.53M","0.00%"
"06/11/2025","17.230","17.290","17.400","17.100","1.29M","-0.35%"
"06/10/2025","17.290","16.970","17.290","16.970","1.70M","1.41%"
"06/04/2025","17.050","17.050","17.120","16.940","1.65M","0.00%"
"06/03/2025","17.050","17.100","17.140","17.020","1.71M","-0.53%"
"06/02/2025","17.140","17.140","17.140","16.940","2.13M","0.00%"
"06/01/2025","17.140","17.000","17.150","16.940","545.44K","1.12%"
"05/29/2025","16.950","17.050","17.090","16.840","29.54M","-0.59%"
"05/28/2025","17.050","17.100","17.150","16.830","3.33M","-0.29%"
"05/27/2025","17.100","17.290","17.300","17.020","3.15M","-1.10%"
"05/26/2025","17.290","17.350","17.450","17.100","2.27M","-0.12%"
"05/25/2025","17.310","17.450","17.450","17.310","643.42K","-0.80%"
"05/22/2025","17.450","17.380","17.450","17.260","5.24M","0.40%"
"05/21/2025","17.380","17.340","17.380","17.280","3.70M","0.23%"
"05/20/2025","17.340","17.280","17.380","17.280","2.15M","-0.06%"
"05/19/2025","17.350","17.170","17.370","17.100","2.71M","1.05%"
"05/18/2025","17.170","17.200","17.200","17.160","481.16K","-0.17%"
"05/15/2025","17.200","17.100","17.200","17.050","2.25M","0.00%"
"05/14/2025","17.200","17.200","17.200","17.000","2.06M","0.58%"
"05/13/2025","17.100","17.190","17.200","17.090","1.79M","-0.52%"
"05/12/2025","17.190","16.940","17.200","16.910","3.86M","1.96%"
"05/11/2025","16.860","17.000","17.000","16.860","396.60K","-0.24%"
"05/08/2025","16.900","16.900","17.040","16.890","1.95M","0.42%"
"05/07/2025","16.830","16.900","17.050","16.810","3.23M","-0.41%"
"05/06/2025","16.900","16.870","16.900","16.760","1.58M","1.08%"
"05/05/2025","16.720","16.750","16.890","16.720","987.53K","0.00%"
"05/04/2025","16.720","16.660","16.790","16.640","793.55K","0.36%"
"05/01/2025","16.660","16.690","16.750","16.550","1.62M","-0.24%"
"04/30/2025","16.700","16.350","16.700","16.350","2.84M","2.14%"
"04/29/2025","16.350","16.200","16.350","16.150","2.40M","0.93%"
"04/28/2025","16.200","16.200","16.200","15.960","2.30M","0.75%"
"04/27/2025","16.080","16.200","16.250","16.080","1.11M","-0.74%"
"04/24/2025","16.200","16.190","16.250","16.160","4.85M","0.06%"
"04/23/2025","16.190","16.000","16.190","16.000","1.44M","0.94%"
"04/22/2025","16.040","15.910","16.070","15.910","1.10M","0.82%"
"04/21/2025","15.910","16.010","16.050","15.910","678.79K","-0.93%"
"04/20/2025","16.060","15.970","16.110","15.900","134.48K","0.63%"
"04/17/2025","15.960","16.030","16.040","15.920","1.09M","-0.44%"
"04/16/2025","16.030","15.990","16.080","15.940","1.08M","0.19%"
"04/15/2025","16.000","15.950","16.000","15.900","1.00M","0.63%"
"04/14/2025","15.900","15.830","15.900","15.750","1.83M","0.95%"
"04/13/2025","15.750","15.700","15.840","15.630","1.14M","0.06%"
"04/10/2025","15.740","15.650","15.800","15.620","3.99M","3.21%"
"04/09/2025","15.250","15.040","15.420","14.920","2.49M","0.79%"
"04/08/2025","15.130","15.160","15.640","15.130","3.38M","0.13%"
"04/07/2025","15.110","15.600","15.640","14.820","4.23M","-2.26%"
"04/06/2025","15.460","15.390","15.580","15.210","2.19M","-3.98%"
"03/27/2025","16.100","16.030","16.100","16.000","2.85M","0.94%"
"03/26/2025","15.950","15.900","16.090","15.850","3.11M","0.31%"
"03/25/2025","15.900","15.870","16.090","15.850","1.78M","0.19%"
"03/24/2025","15.870","16.100","16.100","15.870","1.46M","-0.81%"
"03/23/2025","16.000","16.050","16.140","15.900","1.33M","-0.68%"
"03/20/2025","16.110","16.190","16.200","15.950","6.91M","0.06%"
"03/19/2025","16.100","16.480","16.480","15.510","6.81M","-1.65%"
"03/18/2025","16.370","16.320","16.410","16.260","2.49M","0.31%"
"03/17/2025","16.320","16.380","16.480","16.320","3.52M","-0.37%"
"03/16/2025","16.380","16.450","16.450","16.250","923.09K","-0.12%"
"03/13/2025","16.400","16.400","16.450","16.270","3.19M","-0.30%"
"03/12/2025","16.450","16.530","16.600","16.370","3.82M","-0.48%"
"03/11/2025","16.530","16.700","16.700","16.530","2.55M","-1.02%"
"03/10/2025","16.700","16.650","16.700","16.560","4.00M","0.30%"
"03/09/2025","16.650","16.700","16.700","16.600","1.35M","0.00%"
"03/06/2025","16.650","16.600","16.650","16.490","1.88M","0.30%"
"03/05/2025","16.600","16.430","16.600","16.430","2.65M","0.30%"
"03/04/2025","16.550","16.590","16.600","16.410","3.87M","-0.30%"
"03/03/2025","16.600","16.370","16.600","16.340","2.85M","0.00%"
"02/27/2025","16.600","16.210","16.600","16.190","7.58M","1.84%"
"02/26/2025","16.300","16.650","16.650","16.300","5.39M","-2.10%"
"02/25/2025","16.650","16.570","16.650","16.400","4.51M","0.30%"
"02/24/2025","16.600","16.500","16.600","16.290","7.49M","-0.84%"
"02/23/2025","16.740","16.750","16.800","16.650","1.69M","-0.06%"
"02/20/2025","16.750","16.690","16.750","16.600","3.10M","0.36%"
"02/19/2025","16.690","16.580","16.740","16.580","3.20M","0.85%"
"02/18/2025","16.550","16.420","16.590","16.360","4.67M","0.73%"
"02/17/2025","16.430","16.510","16.580","16.430","1.38M","-0.60%"
"02/16/2025","16.530","16.580","16.670","16.530","1.12M","0.18%"
"02/13/2025","16.500","16.520","16.540","16.450","2.67M","-0.48%"
"02/12/2025","16.580","16.580","16.640","16.500","8.58M","0.00%"
"02/10/2025","16.580","16.530","16.610","16.530","3.84M","0.30%"
"02/09/2025","16.530","16.600","16.670","16.530","691.74K","-0.42%"
"02/06/2025","16.600","16.790","16.800","16.560","2.40M","-0.90%"
"02/05/2025","16.750","16.740","16.800","16.610","3.24M","0.00%"
"02/04/2025","16.750","16.700","16.750","16.510","2.72M","0.30%"
"02/03/2025","16.700","16.790","16.790","16.550","3.88M","-0.71%"
"02/02/2025","16.820","16.800","16.830","16.710","1.30M","0.72%"
"01/30/2025","16.700","16.840","16.840","16.700","1.94M","-0.60%"
"01/29/2025","16.800","16.890","16.890","16.700","1.14M","0.30%"
"01/28/2025","16.750","16.840","16.920","16.750","1.54M","-0.24%"
"01/27/2025","16.790","16.780","16.790","16.650","1.60M","0.24%"
"01/26/2025","16.750","16.890","16.890","16.650","2.40M","0.90%"
"01/23/2025","16.600","16.500","16.820","16.500","7.03M","0.61%"
"01/22/2025","16.500","16.500","16.650","16.500","5.64M","0.00%"
"01/21/2025","16.500","16.580","16.600","16.500","4.15M","-0.60%"
"01/20/2025","16.600","16.740","16.740","16.600","1.33M","-0.30%"
"01/19/2025","16.650","16.830","16.840","16.650","918.51K","-0.89%"
"01/16/2025","16.800","16.850","16.920","16.790","3.37M","-0.12%"
"01/15/2025","16.820","16.700","16.820","16.630","3.36M","0.12%"
"01/14/2025","16.800","16.750","16.880","16.610","3.87M","2.13%"
"01/13/2025","16.450","16.650","16.790","16.330","4.10M","-1.50%"
"01/12/2025","16.700","17.000","17.000","16.700","1.08M","-1.07%"
"01/09/2025","16.880","16.910","17.020","16.830","3.11M","-0.82%"
"01/08/2025","17.020","17.130","17.130","16.900","3.64M","0.00%"
"01/07/2025","17.020","17.140","17.160","17.020","1.12M","-0.70%"
"01/06/2025","17.140","17.070","17.140","17.050","968.51K","0.41%"
"01/05/2025","17.070","17.230","17.230","17.050","736.00K","-1.27%"
"12/31/2024","17.290","17.140","17.290","17.100","1.73M","0.99%"
"12/30/2024","17.120","17.120","17.300","17.120","1.50M","-0.75%"
"12/29/2024","17.250","17.100","17.250","17.050","725.37K","0.94%"
"12/26/2024","17.090","17.140","17.190","17.000","2.37M","-0.41%"
"12/25/2024","17.160","17.300","17.300","17.110","619.81K","-0.75%"
"12/24/2024","17.290","17.230","17.310","17.100","1.57M","0.35%"
"12/23/2024","17.230","17.260","17.380","17.230","2.89M","-0.69%"
"12/22/2024","17.350","17.330","17.380","17.220","3.04M","0.58%"
"12/17/2024","17.250","17.280","17.350","17.240","4.66M","-0.17%"
"12/16/2024","17.280","17.220","17.300","17.160","2.81M","0.00%"
"12/15/2024","17.280","17.230","17.400","17.230","243.61K","-0.23%"
"12/12/2024","17.320","17.380","17.400","17.310","2.04M","-0.35%"
"12/11/2024","17.380","17.170","17.380","17.100","1.56M","1.05%"
"12/10/2024","17.200","17.030","17.300","17.030","2.89M","0.58%"
"12/09/2024","17.100","16.910","17.110","16.910","1.81M","1.30%"
"12/08/2024","16.880","17.190","17.190","16.880","1.65M","-1.86%"
"12/05/2024","17.200","17.100","17.200","17.040","1.73M","0.58%"
"12/04/2024","17.100","17.150","17.160","17.050","1.56M","0.29%"
"12/03/2024","17.050","17.040","17.170","17.030","2.44M","0.06%"
"12/02/2024","17.040","17.000","17.200","17.000","1.84M","-0.35%"
"12/01/2024","17.100","16.930","17.200","16.930","757.60K","0.00%"
"11/28/2024","17.100","16.870","17.100","16.740","2.51M","1.42%"
"11/27/2024","16.860","17.020","17.100","16.860","3.41M","-0.94%"
"11/26/2024","17.020","17.120","17.150","16.900","1.27M","0.12%"
"11/25/2024","17.000","17.120","17.200","17.000","12.22M","-0.99%"
"11/24/2024","17.170","17.090","17.240","17.090","689.47K","0.41%"
"11/21/2024","17.100","17.220","17.260","17.090","1.84M","-0.06%"
"11/20/2024","17.110","17.030","17.240","17.030","2.63M","0.53%"
"11/19/2024","17.020","17.060","17.190","17.020","1.37M","-0.41%"
"11/18/2024","17.090","16.880","17.140","16.880","2.76M","1.67%"
"11/17/2024","16.810","17.050","17.160","16.810","954.06K","-1.41%"
"11/14/2024","17.050","17.210","17.250","17.040","2.91M","-0.81%"
"11/13/2024","17.190","17.060","17.210","17.040","2.76M","1.12%"
"11/12/2024","17.000","17.300","17.350","17.000","2.96M","-2.30%"
"11/11/2024","17.400","17.330","17.440","17.200","2.80M","0.29%"
"11/10/2024","17.350","17.400","17.410","17.170","2.48M","0.35%"
"11/05/2024","17.290","17.290","17.290","17.170","2.23M","-0.06%"
"11/04/2024","17.300","17.260","17.300","17.170","1.99M","0.23%"
"11/03/2024","17.260","17.330","17.330","17.220","730.39K","-0.52%"
"10/31/2024","17.350","17.210","17.350","17.160","4.40M","0.81%"
"10/30/2024","17.210","17.380","17.380","17.210","4.59M","-1.04%"
"10/29/2024","17.390","17.300","17.420","17.170","3.65M","1.05%"
"10/28/2024","17.210","17.320","17.490","17.210","2.40M","-0.52%"
"10/27/2024","17.300","17.400","17.450","17.300","805.86K","0.58%"
"10/24/2024","17.200","17.350","17.460","17.000","4.36M","0.23%"
"10/23/2024","17.160","17.650","17.650","17.160","2.52M","-2.78%"
"10/22/2024","17.650","17.580","17.710","17.550","2.31M","-0.28%"
"10/21/2024","17.700","17.510","17.700","17.410","2.50M","1.09%"
"10/20/2024","17.510","17.750","17.750","17.510","1.02M","-1.46%"
"10/17/2024","17.770","17.800","17.800","17.570","6.00M","0.00%"
"10/16/2024","17.770","17.580","17.770","17.510","4.64M","1.20%"
"10/15/2024","17.560","17.250","17.560","17.170","7.10M","1.80%"
"10/14/2024","17.250","17.220","17.400","17.220","1.63M","-0.06%"
"10/13/2024","17.260","17.350","17.350","17.220","297.02K","-0.17%"
"10/10/2024","17.290","17.310","17.360","17.240","1.13M","-0.12%"
"10/09/2024","17.310","17.400","17.500","17.310","2.81M","0.52%"
"10/08/2024","17.220","16.900","17.240","16.900","2.06M","1.89%"
"10/07/2024","16.900","16.880","16.990","16.760","3.04M","0.12%"
"10/06/2024","16.880","16.930","16.940","16.700","2.47M","-0.35%"
"10/03/2024","16.940","17.120","17.120","16.650","3.34M","0.24%"
"10/02/2024","16.900","16.950","17.150","16.880","2.50M","-0.59%"
"10/01/2024","17.000","16.950","17.150","16.880","2.86M","0.29%"
"09/30/2024","16.950","16.890","16.970","16.870","5.22M","0.77%"
"09/29/2024","16.820","16.900","16.900","16.820","819.32K","-0.41%"
"09/26/2024","16.890","16.800","16.900","16.800","3.26M","0.24%"
"09/25/2024","16.850","16.630","16.850","16.580","2.46M","1.32%"
"09/24/2024","16.630","16.650","16.700","16.500","3.70M","0.18%"
"09/23/2024","16.600","16.700","16.820","16.600","2.62M","-0.36%"
"09/22/2024","16.660","16.880","16.880","16.660","837.47K","-0.83%"
"09/19/2024","16.800","16.530","16.800","16.510","7.76M","2.00%"
"09/18/2024","16.470","16.420","16.540","16.420","2.54M","0.12%"
"09/17/2024","16.450","16.410","16.540","16.410","2.29M","0.24%"
"09/16/2024","16.410","16.360","16.480","16.360","2.56M","0.06%"
"09/15/2024","16.400","16.460","16.570","16.360","2.44M","-0.36%"
"09/12/2024","16.460","16.020","16.900","16.020","5.72M","4.84%"
"09/11/2024","15.700","15.800","15.800","15.630","3.12M","-0.38%"
"09/10/2024","15.760","15.770","15.890","15.720","3.15M","1.03%"
"09/09/2024","15.600","15.690","15.830","15.600","1.18M","-0.64%"
"09/08/2024","15.700","15.900","15.900","15.700","1.21M","-1.38%"
"09/05/2024","15.920","15.870","15.970","15.840","897.68K","0.13%"
"09/04/2024","15.900","15.970","15.970","15.850","965.58K","-0.13%"
"09/03/2024","15.920","15.950","15.990","15.840","2.18M","-0.50%"
"09/02/2024","16.000","15.900","16.040","15.900","3.04M","0.82%"
"09/01/2024","15.870","15.830","15.900","15.800","1.04M","0.19%"
"08/29/2024","15.840","15.700","15.840","15.660","9.23M","1.21%"
"08/28/2024","15.650","15.790","15.790","15.600","3.19M","-0.89%"
"08/27/2024","15.790","15.860","15.870","15.780","1.79M","-0.44%"
"08/26/2024","15.860","15.600","15.860","15.550","2.71M","1.99%"
"08/25/2024","15.550","15.520","15.620","15.450","1.08M","0.32%"
"08/22/2024","15.500","15.590","15.640","15.500","2.02M","-0.58%"
"08/21/2024","15.590","15.620","15.650","15.530","1.36M","-0.64%"
"08/20/2024","15.690","15.710","15.770","15.580","1.49M","0.00%"
"08/19/2024","15.690","15.770","15.800","15.440","1.20M","-0.44%"
"08/18/2024","15.760","15.850","15.950","15.760","1.66M","-0.25%"
"08/15/2024","15.800","15.890","15.950","15.800","1.78M","-0.57%"
"08/14/2024","15.890","15.590","15.920","15.590","3.10M","1.92%"
"08/13/2024","15.590","15.450","15.590","15.450","2.49M","0.78%"
"08/12/2024","15.470","15.360","15.470","15.360","1.67M","0.85%"
"08/11/2024","15.340","15.400","15.400","15.250","683.47K","0.26%"
"08/08/2024","15.300","15.140","15.310","15.140","2.73M","0.07%"
"08/07/2024","15.290","15.290","15.300","15.100","2.04M","-0.07%"
"08/06/2024","15.300","15.330","15.330","15.200","2.80M","-0.78%"
"08/05/2024","15.420","15.360","15.420","14.870","9.26M","0.13%"
"08/04/2024","15.400","15.340","15.400","15.320","3.09M","0.00%"
"08/01/2024","15.400","15.300","15.400","15.300","1.34M","0.72%"
"07/31/2024","15.290","15.330","15.380","15.290","7.01M","-0.26%"
"07/30/2024","15.330","15.330","15.410","15.330","3.14M","-0.13%"
"07/29/2024","15.350","15.290","15.350","15.270","2.83M","0.52%"
"07/28/2024","15.270","15.280","15.350","15.270","1.86M","0.00%"
"07/25/2024","15.270","15.240","15.330","15.220","3.54M","0.46%"
"07/24/2024","15.200","15.150","15.220","15.080","2.65M","0.66%"
"07/23/2024","15.100","15.100","15.180","15.060","2.25M","0.33%"
"07/22/2024","15.050","14.950","15.050","14.890","2.57M","1.01%"
"07/21/2024","14.900","14.780","14.900","14.740","1.45M","0.81%"
"07/18/2024","14.780","14.900","14.900","14.740","3.39M","-2.64%"
"07/17/2024","15.180","15.150","15.180","14.900","3.23M","0.20%"
"07/16/2024","15.150","15.200","15.240","15.140","1.91M","-0.33%"
"07/15/2024","15.200","15.200","15.200","15.010","3.12M","0.46%"
"07/14/2024","15.130","15.110","15.150","15.060","753.23K","0.20%"
"07/11/2024","15.100","15.100","15.130","15.050","4.10M","0.13%"
"07/10/2024","15.080","15.080","15.130","14.980","6.71M","0.53%"
"07/09/2024","15.000","14.980","15.000","14.830","3.96M","0.40%"
"07/08/2024","14.940","14.900","14.960","14.810","6.25M","0.27%"
"07/07/2024","14.900","14.920","14.990","14.900","3.07M","0.34%"
"07/04/2024","14.850","14.880","14.960","14.850","8.69M","-0.13%"
"07/03/2024","14.870","14.800","14.870","14.760","3.51M","0.61%"
"07/02/2024","14.780","14.740","14.780","14.620","4.32M","0.41%"
"07/01/2024","14.720","14.680","14.790","14.640","4.90M","0.48%"
"06/30/2024","14.650","14.690","14.690","14.600","2.05M","0.27%"
"06/27/2024","14.610","14.590","14.680","14.560","4.11M","0.41%"
"06/26/2024","14.550","14.500","14.570","14.470","7.86M","0.48%"
"06/25/2024","14.480","14.340","14.500","14.340","4.96M","1.05%"
"06/24/2024","14.330","14.290","14.370","14.230","4.87M","0.77%"
"06/23/2024","14.220","14.220","14.300","14.190","1.45M","0.14%"
"06/20/2024","14.200","14.210","14.240","14.190","10.02M","0.00%"
"06/19/2024","14.200","14.200","14.260","14.000","2.70M","0.14%"
"06/13/2024","14.180","14.010","14.190","14.010","6.52M","0.57%"
"06/12/2024","14.100","14.080","14.190","13.700","4.32M","0.36%"
"06/11/2024","14.050","13.910","14.060","13.910","2.17M","1.30%"
"06/10/2024","13.870","13.690","13.920","13.660","2.03M","1.24%"
"06/09/2024","13.700","13.660","13.710","13.630","1.65M","0.22%"
"06/06/2024","13.670","13.630","13.680","13.500","4.27M","0.29%"
"06/05/2024","13.630","13.640","13.640","13.500","5.08M","0.22%"
"06/04/2024","13.600","13.570","13.640","13.550","3.54M","0.37%"
"06/03/2024","13.550","13.520","13.670","13.520","5.34M","0.22%"
"06/02/2024","13.520","13.550","13.760","13.440","3.15M","0.15%"
"05/30/2024","13.500","13.090","13.500","12.830","25.53M","4.17%"
"05/29/2024","12.960","13.050","13.050","12.890","5.77M","-0.31%"
"05/28/2024","13.000","13.000","13.180","12.910","5.70M","0.00%"
"05/27/2024","13.000","13.320","13.320","12.980","6.64M","-1.52%"
"05/26/2024","13.200","13.560","13.560","13.110","2.65M","-2.22%"
"05/23/2024","13.500","13.780","13.790","13.500","3.60M","-1.68%"
"05/22/2024","13.730","13.890","13.920","13.730","5.24M","-0.87%"
"05/21/2024","13.850","13.710","13.910","13.660","4.11M","1.09%"
"05/20/2024","13.700","13.940","13.960","13.620","5.18M","-1.23%"
"05/19/2024","13.870","13.950","13.990","13.860","1.97M","-0.79%"
"05/16/2024","13.980","13.800","13.990","13.680","5.08M","1.45%"
"05/15/2024","13.780","13.970","13.970","13.690","3.33M","-1.01%"
"05/14/2024","13.920","14.000","14.020","13.860","2.40M","0.00%"
"05/13/2024","13.920","13.910","13.990","13.860","889.15K","0.29%"
"05/12/2024","13.880","14.090","14.090","13.870","662.14K","-0.29%"
"05/09/2024","13.920","14.010","14.100","13.920","5.50M","-0.93%"
"05/08/2024","14.050","14.060","14.170","13.880","8.84M","0.93%"
"05/07/2024","13.920","14.090","14.100","13.920","3.59M","-0.50%"
"05/06/2024","13.990","14.060","14.100","13.900","2.63M","-0.43%"
"05/05/2024","14.050","13.850","14.050","13.850","2.27M","1.15%"
"05/02/2024","13.890","13.900","13.950","13.770","3.67M","-0.07%"
"05/01/2024","13.900","13.900","13.920","13.850","1.42M","0.22%"
"04/30/2024","13.870","13.940","13.950","13.870","4.29M","0.00%"
"04/29/2024","13.870","13.870","13.950","13.840","3.08M","0.14%"
"04/28/2024","13.850","13.860","13.970","13.850","1.74M","0.00%"
"04/25/2024","13.850","13.900","13.940","13.800","4.55M","-0.36%"
"04/24/2024","13.900","13.970","13.970","13.870","8.61M","0.00%"
"04/23/2024","13.900","13.850","13.960","13.800","7.15M","1.24%"
"04/22/2024","13.730","14.170","14.170","13.730","7.21M","-2.14%"
"04/21/2024","14.030","14.190","14.190","14.030","2.27M","-0.50%"
"04/18/2024","14.100","14.250","14.330","14.100","5.44M","-1.05%"
"04/17/2024","14.250","14.100","14.270","14.080","3.03M","1.06%"
"04/16/2024","14.100","14.180","14.240","14.100","5.08M","-0.56%"
"04/15/2024","14.180","14.160","14.230","14.120","4.49M","0.14%"
"04/14/2024","14.160","14.090","14.160","13.940","2.06M","-1.19%"
"04/08/2024","14.330","14.240","14.330","14.170","2.04M","0.92%"
"04/07/2024","14.200","14.190","14.210","14.100","1.99M","0.71%"
"04/04/2024","14.100","13.910","14.200","13.910","3.25M","1.44%"
"04/03/2024","13.900","14.160","14.180","13.900","5.72M","-1.84%"
"04/02/2024","14.160","14.310","14.340","14.160","4.16M","-0.84%"
"04/01/2024","14.280","14.310","14.360","14.240","7.18M","0.35%"
"03/31/2024","14.230","14.370","14.370","14.190","1.29M","0.21%"
"03/28/2024","14.200","14.220","14.310","14.140","4.53M","-0.07%"
"03/27/2024","14.210","14.300","14.400","14.210","4.55M","-0.63%"
"03/26/2024","14.300","14.250","14.400","14.250","8.89M","0.63%"
"03/25/2024","14.210","14.700","14.710","14.200","5.66M","-3.33%"
"03/24/2024","14.700","14.750","14.780","14.700","1.16M","-0.34%"
"03/21/2024","14.750","14.710","14.750","14.680","1.36M","0.27%"
"03/20/2024","14.710","14.740","14.770","14.690","2.06M","0.07%"
"03/19/2024","14.700","14.720","14.810","14.700","2.62M","0.00%"
"03/18/2024","14.700","14.750","14.760","14.680","3.31M","-0.07%"
"03/17/2024","14.710","14.800","14.810","14.680","2.32M","-0.61%"
"03/14/2024","14.800","14.780","14.930","14.720","12.46M","0.68%"
"03/13/2024","14.700","14.780","14.870","14.660","3.50M","-0.20%"
"03/12/2024","14.730","14.910","14.960","14.710","1.77M","-1.34%"
"03/11/2024","14.930","14.900","15.050","14.870","3.82M","0.40%"
"03/10/2024","14.870","14.820","14.940","14.800","1.98M","0.41%"
"03/07/2024","14.810","14.640","14.840","14.640","3.63M","1.30%"
"03/06/2024","14.620","14.700","14.710","14.550","3.36M","-0.81%"
"03/05/2024","14.740","15.050","15.060","14.670","5.14M","-1.80%"
"03/04/2024","15.010","15.070","15.180","15.010","2.71M","-1.44%"
"02/29/2024","15.230","15.080","15.230","14.970","7.75M","1.20%"
"02/28/2024","15.050","15.010","15.090","14.970","1.55M","-0.27%"
"02/27/2024","15.090","15.040","15.090","14.830","2.89M","0.60%"
"02/26/2024","15.000","15.050","15.100","15.000","2.72M","-0.33%"
"02/25/2024","15.050","14.990","15.090","14.950","1.50M","0.40%"
"02/22/2024","14.990","14.950","15.090","14.920","3.30M","-0.46%"
"02/21/2024","15.060","15.100","15.110","14.920","3.59M","-0.13%"
"02/20/2024","15.080","15.110","15.110","14.910","3.27M","0.07%"
"02/19/2024","15.070","15.110","15.180","15.060","3.72M","-0.86%"
"02/18/2024","15.200","14.860","15.200","14.850","3.26M","2.43%"
"02/15/2024","14.840","14.580","14.880","14.580","4.21M","1.30%"
"02/14/2024","14.650","14.440","14.650","14.410","3.85M","1.17%"
"02/12/2024","14.480","14.450","14.490","14.260","2.66M","-2.49%"
"02/11/2024","14.850","15.000","15.060","14.810","2.91M","-1.00%"
"02/08/2024","15.000","15.050","15.180","14.710","4.95M","-0.33%"
"02/07/2024","15.050","15.240","15.280","14.950","3.40M","-1.51%"
"02/06/2024","15.280","15.150","15.280","14.950","2.81M","1.19%"
"02/05/2024","15.100","15.400","15.400","15.040","5.30M","-2.45%"
"02/04/2024","15.480","15.390","15.520","15.290","1.29M","-0.06%"
"02/01/2024","15.490","15.590","15.760","15.380","4.24M","-0.13%"
"01/31/2024","15.510","15.630","15.830","15.510","4.14M","-1.21%"
"01/30/2024","15.700","15.910","16.010","15.540","3.04M","-0.44%"
"01/29/2024","15.770","16.110","16.110","15.770","2.92M","-2.05%"
"01/28/2024","16.100","16.090","16.150","16.090","1.11M","0.31%"
"01/25/2024","16.050","16.100","16.150","16.050","2.92M","-0.25%"
"01/24/2024","16.090","16.080","16.130","16.040","3.49M","0.75%"
"01/23/2024","15.970","16.150","16.200","15.970","3.64M","-1.11%"
"01/22/2024","16.150","16.120","16.170","16.030","4.33M","0.37%"
"01/21/2024","16.090","16.100","16.300","16.090","2.30M","-0.06%"
"01/18/2024","16.100","16.000","16.240","15.910","8.78M","0.31%"
"01/17/2024","16.050","16.250","16.250","16.030","7.64M","-1.47%"
"01/16/2024","16.290","16.100","16.300","16.000","2.44M","0.80%"
"01/15/2024","16.160","16.300","16.300","16.050","3.78M","-1.10%"
"01/14/2024","16.340","16.420","16.500","16.300","1.34M","-0.18%"
"01/11/2024","16.370","16.350","16.490","16.300","4.51M","0.12%"
"01/10/2024","16.350","16.370","16.500","16.260","2.43M","-0.12%"
"01/09/2024","16.370","16.490","16.550","16.260","3.08M","-0.91%"
"01/08/2024","16.520","16.400","16.580","16.400","5.03M","0.73%"
"01/07/2024","16.400","16.270","16.490","16.270","2.96M","1.42%"
"01/04/2024","16.170","16.370","16.530","15.910","4.20M","-0.37%"
"01/03/2024","16.230","16.660","16.730","16.150","5.73M","-2.70%"
"01/02/2024","16.680","16.340","16.720","16.340","6.94M","0.91%"
"12/31/2023","16.530","15.930","16.530","15.900","10.53M","2.99%"
"12/28/2023","16.050","15.680","16.100","15.480","18.77M","1.52%"
"12/27/2023","15.810","15.680","15.810","15.570","11.59M","1.54%"
"12/26/2023","15.570","15.800","15.810","15.510","7.88M","-1.14%"
"12/25/2023","15.750","15.780","15.950","15.750","7.07M","-0.32%"
"12/24/2023","15.800","15.830","15.890","15.760","4.52M","-0.25%"
"12/21/2023","15.840","15.570","15.840","15.480","4.83M","1.41%"
"12/20/2023","15.620","15.360","15.620","15.270","4.24M","1.43%"
"12/19/2023","15.400","15.300","15.500","15.210","9.55M","1.58%"
"12/14/2023","15.160","14.930","15.280","14.930","12.63M","2.43%"
"12/13/2023","14.800","14.990","15.130","14.800","6.57M","-1.66%"
"12/12/2023","15.050","15.200","15.230","14.900","7.98M","-0.99%"
"12/11/2023","15.200","15.590","15.590","15.170","3.37M","-1.94%"
"12/10/2023","15.500","15.600","15.680","15.480","1.92M","-1.71%"
"12/07/2023","15.770","15.450","15.770","15.430","3.95M","1.09%"
"12/06/2023","15.600","15.690","15.750","15.510","3.69M","-1.27%"
"12/05/2023","15.800","15.710","15.820","15.590","1.77M","0.77%"
"12/04/2023","15.680","15.780","15.840","15.600","2.44M","-0.44%"
"12/03/2023","15.750","15.700","15.840","15.690","1.66M","0.32%"
"11/30/2023","15.700","15.830","15.880","15.630","9.77M","-0.95%"
"11/29/2023","15.850","15.710","15.850","15.710","3.14M","0.63%"
"11/28/2023","15.750","15.660","15.800","15.490","3.01M","0.83%"
"11/27/2023","15.620","15.690","15.710","15.530","1.60M","-0.64%"
"11/26/2023","15.720","15.840","15.900","15.710","2.23M","-0.51%"
"11/23/2023","15.800","15.900","15.910","15.750","3.56M","0.06%"
"11/22/2023","15.790","15.660","15.830","15.660","2.37M","-0.19%"
"11/21/2023","15.820","15.860","15.890","15.600","4.04M","0.06%"
"11/20/2023","15.810","15.980","15.990","15.670","2.77M","-1.06%"
"11/19/2023","15.980","16.000","16.100","15.880","2.43M","0.95%"
"11/16/2023","15.830","15.910","16.060","15.830","4.20M","-0.94%"
"11/15/2023","15.980","15.760","15.980","15.740","2.95M","2.24%"
"11/14/2023","15.630","15.940","15.940","15.630","2.59M","-1.76%"
"11/13/2023","15.910","15.920","15.970","15.750","4.23M","0.13%"
"11/12/2023","15.890","15.820","16.000","15.820","1.01M","0.06%"
"11/09/2023","15.880","15.860","15.960","15.760","2.89M","-0.13%"
"11/08/2023","15.900","15.790","15.970","15.690","4.61M","0.32%"
"11/07/2023","15.850","15.660","15.930","15.660","5.25M","1.02%"
"11/06/2023","15.690","15.430","15.900","15.370","6.07M","1.69%"
"11/05/2023","15.430","15.250","15.470","15.240","2.52M","2.19%"
"11/02/2023","15.100","15.080","15.350","15.080","3.34M","0.73%"
"11/01/2023","14.990","14.710","15.120","14.700","3.06M","0.67%"
"10/31/2023","14.890","14.760","14.900","14.650","4.01M","1.43%"
"10/30/2023","14.680","14.550","14.940","14.320","7.29M","1.38%"
"10/29/2023","14.480","14.940","14.940","14.360","3.03M","-2.16%"
"10/26/2023","14.800","15.190","15.200","14.800","4.25M","-2.57%"
"10/25/2023","15.190","15.170","15.420","15.160","2.67M","-0.72%"
"10/24/2023","15.300","15.320","15.450","15.010","2.52M","0.00%"
"10/23/2023","15.300","15.190","15.400","15.180","2.80M","0.86%"
"10/22/2023","15.170","15.470","15.470","15.110","2.93M","-2.13%"
"10/19/2023","15.500","15.630","15.660","15.460","5.42M","-1.40%"
"10/18/2023","15.720","15.530","15.720","15.520","4.98M","1.55%"
"10/17/2023","15.480","15.700","15.740","15.440","4.66M","-1.71%"
"10/16/2023","15.750","15.800","15.910","15.650","5.53M","-0.32%"
"10/15/2023","15.800","15.900","16.050","15.780","1.35M","-1.00%"
"10/12/2023","15.960","15.820","15.960","15.700","5.43M","0.69%"
"10/11/2023","15.850","15.340","16.070","15.330","8.29M","5.32%"
"10/10/2023","15.050","14.980","15.150","14.980","4.26M","0.67%"
"10/09/2023","14.950","15.310","15.310","14.910","3.64M","-2.61%"
"10/08/2023","15.350","15.270","15.350","15.240","1.47M","0.00%"
"10/05/2023","15.350","15.360","15.400","15.220","3.74M","-0.20%"
"10/04/2023","15.380","15.550","15.550","15.310","2.16M","-0.39%"
"10/03/2023","15.440","15.510","15.680","15.440","3.07M","-0.39%"
"10/02/2023","15.500","15.260","15.520","15.240","3.35M","1.64%"
"10/01/2023","15.250","15.410","15.520","15.220","1.60M","-0.97%"
"09/28/2023","15.400","15.550","15.640","15.400","3.08M","-1.47%"
"09/27/2023","15.630","15.700","15.750","15.600","2.96M","-0.26%"
"09/26/2023","15.670","15.190","15.780","15.190","4.48M","2.42%"
"09/25/2023","15.300","15.150","15.300","15.150","4.30M","1.06%"
"09/24/2023","15.140","15.230","15.230","15.100","1.60M","-0.66%"
"09/21/2023","15.240","15.290","15.290","15.120","2.45M","0.40%"
"09/20/2023","15.180","15.270","15.340","15.140","2.93M","0.07%"
"09/19/2023","15.170","15.240","15.240","15.150","1.64M","0.46%"
"09/18/2023","15.100","15.190","15.300","15.100","1.62M","-0.40%"
"09/17/2023","15.160","15.330","15.340","15.150","1.46M","-1.24%"
"09/14/2023","15.350","15.270","15.360","15.210","7.32M","0.33%"
"09/13/2023","15.300","15.260","15.300","15.130","3.31M","-0.33%"
"09/12/2023","15.350","15.280","15.370","15.210","3.03M","0.00%"
"09/11/2023","15.350","15.300","15.350","15.180","1.89M","0.79%"
"09/10/2023","15.230","15.110","15.330","15.100","2.22M","0.33%"
"09/07/2023","15.180","15.180","15.180","15.040","2.66M","0.53%"
"09/06/2023","15.100","15.150","15.310","15.100","3.36M","0.13%"
"09/05/2023","15.080","15.400","15.400","15.080","3.88M","-1.63%"
"09/04/2023","15.330","15.520","15.700","15.330","4.21M","-1.10%"
"09/03/2023","15.500","15.650","15.700","15.500","2.21M","-0.64%"
"08/31/2023","15.600","15.950","15.950","15.570","12.11M","-1.76%"
"08/30/2023","15.880","15.920","16.030","15.880","3.31M","-0.19%"
"08/29/2023","15.910","15.890","16.200","15.810","2.80M","0.32%"
"08/28/2023","15.860","16.000","16.050","15.860","1.60M","-0.88%"
"08/27/2023","16.000","16.090","16.090","15.870","969.32K","0.19%"
"08/24/2023","15.970","15.990","16.050","15.900","2.97M","0.69%"
"08/23/2023","15.860","16.080","16.080","15.820","3.00M","-1.37%"
"08/22/2023","16.080","16.150","16.500","16.080","2.70M","0.12%"
"08/21/2023","16.060","16.320","16.320","16.060","2.58M","-0.74%"
"08/20/2023","16.180","16.220","16.500","16.130","733.02K","-0.25%"
"08/17/2023","16.220","16.550","16.550","16.160","2.72M","-1.10%"
"08/16/2023","16.400","16.480","16.670","16.350","3.57M","-0.49%"
"08/15/2023","16.480","16.580","16.620","16.460","1.10M","-0.12%"
"08/14/2023","16.500","16.750","16.750","16.430","1.94M","-1.02%"
"08/13/2023","16.670","16.680","16.720","16.560","1.03M","0.66%"
"08/10/2023","16.560","16.750","16.790","16.560","3.08M","-1.13%"
"08/09/2023","16.750","16.790","16.830","16.750","1.78M","-0.59%"
"08/08/2023","16.850","16.850","16.940","16.760","3.20M","-0.30%"
"08/07/2023","16.900","17.000","17.000","16.860","2.68M","0.00%"
"08/06/2023","16.900","16.970","16.970","16.720","441.16K","-0.59%"
"08/03/2023","17.000","16.980","17.000","16.700","3.43M","0.00%"
"08/02/2023","17.000","17.150","17.150","16.950","2.43M","-0.87%"
"08/01/2023","17.150","16.920","17.150","16.760","4.74M","1.00%"
"07/31/2023","16.980","16.900","16.980","16.720","4.96M","0.47%"
"07/30/2023","16.900","16.800","16.980","16.750","1.09M","0.60%"
"07/27/2023","16.800","16.230","16.800","16.230","3.32M","3.07%"
"07/26/2023","16.300","16.100","16.400","16.010","4.84M","1.87%"
"07/25/2023","16.000","15.990","16.160","15.940","5.03M","0.25%"
"07/24/2023","15.960","16.100","16.100","15.940","2.75M","-0.50%"
"07/23/2023","16.040","16.000","16.140","15.880","1.72M","0.25%"
"07/20/2023","16.000","16.010","16.100","15.950","3.53M","0.19%"
"07/19/2023","15.970","15.690","16.050","15.690","6.20M","1.78%"
"07/18/2023","15.690","15.600","15.740","15.600","2.29M","0.00%"
"07/17/2023","15.690","15.610","15.700","15.500","2.82M","0.51%"
"07/16/2023","15.610","15.590","15.840","15.590","1.16M","-0.19%"
"07/13/2023","15.640","15.660","15.790","15.550","2.17M","0.77%"
"07/12/2023","15.520","15.710","15.770","15.520","2.78M","-1.34%"
"07/11/2023","15.730","16.000","16.000","15.510","3.35M","0.13%"
"07/10/2023","15.710","16.000","16.150","15.710","5.20M","-2.84%"
"07/09/2023","16.170","16.070","16.220","16.060","1.22M","-0.19%"
"07/06/2023","16.200","15.940","16.200","15.920","2.94M","1.25%"
"07/05/2023","16.000","15.820","16.100","15.810","3.33M","0.95%"
"07/04/2023","15.850","15.550","15.990","15.550","3.44M","1.08%"
"07/03/2023","15.680","15.740","15.830","15.520","3.98M","-0.13%"
"07/02/2023","15.700","15.550","15.740","15.460","1.52M","1.82%"
"06/26/2023","15.420","14.800","15.560","14.800","3.78M","2.12%"
"06/25/2023","15.100","15.700","15.700","15.100","2.01M","-3.21%"
"06/22/2023","15.600","16.040","16.050","15.570","3.40M","-2.50%"
"06/21/2023","16.000","16.100","16.100","15.890","5.56M","-0.62%"
"06/20/2023","16.100","16.130","16.400","16.070","4.76M","-1.23%"
"06/19/2023","16.300","16.180","16.300","16.040","2.11M","0.74%"
"06/18/2023","16.180","16.180","16.280","16.150","1.81M","-0.19%"
"06/15/2023","16.210","16.150","16.230","16.000","10.09M","-0.49%"
"06/14/2023","16.290","16.120","16.300","16.120","1.42M","1.05%"
"06/13/2023","16.120","16.070","16.240","16.020","2.40M","1.38%"
"06/12/2023","15.900","16.000","16.160","15.850","1.88M","-0.63%"
"06/11/2023","16.000","16.160","16.160","15.940","1.48M","-0.62%"
"06/08/2023","16.100","16.060","16.150","15.980","1.97M","-0.31%"
"06/07/2023","16.150","16.210","16.210","16.000","3.13M","0.62%"
"06/06/2023","16.050","16.300","16.390","16.050","3.14M","-1.41%"
"06/05/2023","16.280","16.440","16.440","16.230","3.18M","-0.18%"
"06/04/2023","16.310","16.250","16.480","16.160","1.74M","1.56%"
"06/01/2023","16.060","16.340","16.900","16.060","5.90M","0.31%"
"05/31/2023","16.010","16.360","16.410","16.010","16.68M","-1.78%"
"05/30/2023","16.300","16.350","16.690","16.300","4.91M","0.06%"
"05/29/2023","16.290","16.420","16.440","16.290","2.24M","-0.55%"
"05/28/2023","16.380","16.570","16.570","16.350","1.68M","-0.73%"
"05/25/2023","16.500","16.600","16.680","16.500","2.71M","-0.60%"
"05/24/2023","16.600","16.800","16.820","16.520","3.31M","-0.78%"
"05/23/2023","16.730","16.890","16.940","16.730","2.36M","-1.06%"
"05/22/2023","16.910","16.980","16.990","16.870","2.22M","-0.41%"
"05/21/2023","16.980","16.890","16.980","16.810","834.62K","0.18%"
"05/18/2023","16.950","16.800","17.100","16.760","6.51M","0.59%"
"05/17/2023","16.850","16.320","16.850","16.320","6.13M","3.88%"
"05/16/2023","16.220","16.200","16.520","16.090","3.70M","0.12%"
"05/15/2023","16.200","16.680","16.690","16.150","5.59M","-2.53%"
"05/14/2023","16.620","16.620","16.760","16.610","2.40M","0.06%"
"05/11/2023","16.610","16.560","16.670","16.370","5.00M","0.36%"
"05/10/2023","16.550","16.880","16.880","16.550","3.19M","-1.95%"
"05/09/2023","16.880","16.900","17.000","16.730","2.89M","-0.71%"
"05/08/2023","17.000","17.090","17.120","16.790","3.74M","-0.76%"
"05/07/2023","17.130","16.830","17.290","16.740","3.35M","1.00%"
"05/04/2023","16.960","16.290","16.980","16.280","7.73M","4.31%"
"05/03/2023","16.260","15.600","16.260","15.600","6.13M","3.57%"
"05/02/2023","15.700","15.520","15.890","15.490","2.96M","0.32%"
"05/01/2023","15.650","15.390","15.650","15.160","4.54M","2.29%"
"04/30/2023","15.300","15.400","15.470","15.300","1.30M","-0.39%"
"04/27/2023","15.360","15.330","15.410","14.310","6.43M","0.20%"
"04/26/2023","15.330","15.180","15.500","15.160","5.92M","1.66%"
"04/20/2023","15.080","15.180","15.200","15.010","1.71M","-0.66%"
"04/19/2023","15.180","15.070","15.220","14.980","2.20M","0.86%"
"04/18/2023","15.050","15.110","15.350","15.040","2.37M","-0.27%"
"04/17/2023","15.090","15.470","15.600","15.020","3.78M","-2.01%"
"04/16/2023","15.400","15.560","15.770","15.380","2.85M","-0.65%"
"04/13/2023","15.500","16.020","16.040","15.320","6.72M","-3.37%"
"04/12/2023","16.040","16.100","16.150","15.950","2.65M","-0.25%"
"04/11/2023","16.080","16.220","16.290","16.010","1.97M","-0.37%"
"04/10/2023","16.140","16.130","16.200","16.100","1.38M","0.25%"
"04/09/2023","16.100","16.210","16.280","16.070","333.04K","-0.62%"
"04/06/2023","16.200","16.120","16.320","16.120","1.98M","-0.55%"
"04/05/2023","16.290","16.300","16.320","16.130","1.11M","-0.06%"
"04/04/2023","16.300","16.110","16.490","16.080","4.49M","0.62%"
"04/03/2023","16.200","15.940","16.340","15.780","2.28M","3.65%"
"04/02/2023","15.630","16.110","16.170","15.630","1.73M","-2.74%"
"03/30/2023","16.070","16.160","16.350","16.040","3.24M","-0.74%"
"03/29/2023","16.190","16.400","16.400","15.960","3.82M","-1.28%"
"03/28/2023","16.400","16.210","16.400","16.160","2.72M","1.23%"
"03/27/2023","16.200","16.230","16.410","16.130","3.22M","-1.22%"
"03/26/2023","16.400","15.990","16.400","15.820","900.59K","3.08%"
"03/23/2023","15.910","15.720","15.980","15.670","2.50M","0.70%"
"03/22/2023","15.800","15.670","15.950","15.670","4.40M","0.25%"
"03/21/2023","15.760","15.320","15.960","15.310","3.65M","2.87%"
"03/20/2023","15.320","15.690","15.790","15.160","3.66M","-2.42%"
"03/19/2023","15.700","15.800","15.800","15.640","1.40M","-0.44%"
"03/16/2023","15.770","15.670","15.900","15.560","9.87M","0.70%"
"03/15/2023","15.660","15.800","16.130","15.660","3.84M","-0.57%"
"03/14/2023","15.750","16.000","16.200","15.610","3.34M","-1.62%"
"03/13/2023","16.010","16.390","16.530","15.820","4.01M","-2.79%"
"03/12/2023","16.470","16.600","16.600","16.250","952.67K","-0.36%"
"03/09/2023","16.530","16.750","16.860","16.530","915.06K","-1.43%"
"03/08/2023","16.770","16.410","16.770","16.410","2.52M","1.02%"
"03/07/2023","16.600","16.310","16.680","16.280","3.21M","1.84%"
"03/06/2023","16.300","16.400","16.510","16.200","4.39M","0.56%"
"03/02/2023","16.210","16.550","16.650","16.210","3.47M","-2.29%"
"03/01/2023","16.590","16.580","16.720","16.500","3.08M","-1.54%"
"02/28/2023","16.850","16.460","16.850","16.420","8.86M","1.94%"
"02/27/2023","16.530","16.300","16.530","16.170","2.81M","1.79%"
"02/26/2023","16.240","16.270","16.340","16.020","716.18K","0.81%"
"02/23/2023","16.110","16.360","16.520","16.110","2.53M","-2.07%"
"02/22/2023","16.450","16.600","16.600","16.410","1.89M","-1.73%"
"02/21/2023","16.740","16.610","16.740","16.510","4.16M","0.84%"
"02/20/2023","16.600","16.750","16.750","16.280","3.38M","-0.90%"
"02/19/2023","16.750","16.410","16.880","16.400","3.23M","3.40%"
"02/16/2023","16.200","15.700","16.480","15.680","3.68M","1.50%"
"02/15/2023","15.960","15.820","15.960","15.540","5.55M","-1.48%"
"02/13/2023","16.200","16.120","16.700","16.110","4.13M","1.25%"
"02/12/2023","16.000","16.380","16.510","15.980","1.87M","-1.72%"
"02/09/2023","16.280","16.740","16.940","16.200","7.94M","-2.81%"
"02/08/2023","16.750","16.970","17.200","16.660","6.31M","-0.89%"
"02/07/2023","16.900","17.400","17.450","16.900","4.40M","-3.43%"
"02/06/2023","17.500","17.330","17.800","17.200","5.06M","-2.34%"
"02/05/2023","17.920","17.250","17.920","16.920","1.44M","3.46%"
"02/02/2023","17.320","17.520","18.030","17.140","6.95M","-0.92%"
"02/01/2023","17.480","18.110","18.280","17.480","8.11M","-2.89%"
"01/31/2023","18.000","18.500","18.500","17.760","7.32M","-2.96%"
"01/30/2023","18.550","18.570","18.640","18.270","4.92M","-0.54%"
"01/29/2023","18.650","18.500","18.690","18.490","888.32K","0.87%"
"01/26/2023","18.490","18.570","18.580","18.420","955.43K","-0.59%"
"01/25/2023","18.600","18.600","18.860","18.460","1.92M","-0.21%"
"01/24/2023","18.640","18.600","18.730","18.290","1.96M","0.22%"
"01/23/2023","18.600","18.000","18.600","18.000","3.76M","3.33%"
"01/22/2023","18.000","17.600","18.300","17.600","2.84M","2.27%"
"01/19/2023","17.600","17.000","17.960","16.860","4.40M","3.53%"
"01/18/2023","17.000","17.000","17.960","16.990","5.63M","-0.35%"
"01/17/2023","17.060","17.500","17.510","16.670","7.24M","-2.51%"
"01/16/2023","17.500","18.100","18.130","17.250","4.79M","-3.15%"
"01/15/2023","18.070","17.950","18.100","17.840","1.48M","0.67%"
"01/12/2023","17.950","18.970","18.970","17.870","7.99M","-4.52%"
"01/11/2023","18.800","19.550","19.570","18.700","5.65M","-3.09%"
"01/10/2023","19.400","19.510","19.640","19.350","6.69M","-1.02%"
"01/09/2023","19.600","19.160","19.600","19.160","5.22M","2.46%"
"01/08/2023","19.130","18.900","19.180","18.900","2.94M","0.68%"
"01/05/2023","19.000","18.020","19.550","18.020","5.73M","4.68%"
"01/04/2023","18.150","18.210","18.210","17.970","3.00M","-0.33%"
"01/03/2023","18.210","18.290","18.320","18.140","3.27M","-0.44%"
"01/02/2023","18.290","18.190","18.350","18.030","2.13M","1.61%"
"12/29/2022","18.000","18.180","18.490","17.900","4.70M","-1.10%"
"12/28/2022","18.200","18.300","18.340","18.070","1.91M","0.05%"
"12/27/2022","18.190","17.810","18.380","17.810","3.00M","1.06%"
"12/26/2022","18.000","18.000","18.010","17.780","1.28M","-0.28%"
"12/25/2022","18.050","18.220","18.230","17.970","427.24K","-0.22%"
"12/22/2022","18.090","18.200","18.240","17.990","1.85M","-0.44%"
"12/21/2022","18.170","18.000","18.170","17.960","2.51M","0.94%"
"12/20/2022","18.000","18.090","18.250","17.880","2.40M","-0.06%"
"12/19/2022","18.010","17.720","18.010","17.500","3.00M","2.62%"
"12/15/2022","17.550","17.630","17.920","17.540","7.72M","-0.79%"
"12/14/2022","17.690","17.930","17.930","17.500","3.68M","-0.23%"
"12/13/2022","17.730","18.130","18.150","17.730","4.16M","-2.48%"
"12/12/2022","18.180","18.100","18.230","17.800","3.65M","-0.60%"
"12/11/2022","18.290","18.150","18.290","18.030","1.35M","1.78%"
"12/08/2022","17.970","17.900","18.170","17.770","4.86M","1.53%"
"12/07/2022","17.700","18.550","18.710","17.700","6.90M","-4.58%"
"12/06/2022","18.550","19.440","19.520","18.550","4.14M","-4.87%"
"12/05/2022","19.500","19.450","19.760","19.330","3.81M","0.52%"
"12/04/2022","19.400","19.550","19.640","19.340","1.16M","-0.61%"
"12/01/2022","19.520","19.660","19.710","19.460","2.22M","-0.41%"
"11/30/2022","19.600","19.460","19.700","19.140","17.16M","1.55%"
"11/29/2022","19.300","18.950","19.560","18.920","3.14M","2.01%"
"11/28/2022","18.920","18.800","19.070","18.600","4.67M","-0.42%"
"11/27/2022","19.000","18.990","19.080","18.910","1.32M","-0.78%"
"11/24/2022","19.150","18.990","19.220","18.900","3.23M","0.79%"
"11/23/2022","19.000","18.950","19.230","18.840","5.63M","0.26%"
"11/22/2022","18.950","18.840","19.000","18.500","3.21M","1.61%"
"11/21/2022","18.650","19.170","19.190","18.650","5.82M","-2.71%"
"11/20/2022","19.170","19.160","19.250","19.090","753.33K","0.16%"
"11/17/2022","19.140","19.410","19.420","19.080","3.95M","-1.34%"
"11/16/2022","19.400","19.630","19.900","19.110","4.66M","-1.32%"
"11/15/2022","19.660","20.000","20.200","19.630","1.33M","-1.70%"
"11/14/2022","20.000","20.190","20.250","19.730","2.59M","0.00%"
"11/13/2022","20.000","20.270","20.400","20.000","1.40M","-0.60%"
"11/10/2022","20.120","20.370","20.630","19.970","5.39M","-1.81%"
"11/09/2022","20.490","20.380","20.620","20.280","3.01M","0.44%"
"11/08/2022","20.400","19.500","20.600","19.470","3.90M","-0.49%"
"11/07/2022","20.500","20.250","20.500","20.020","4.27M","1.49%"
"11/06/2022","20.200","19.950","20.970","19.900","2.19M","1.87%"
"11/03/2022","19.830","19.950","19.950","19.590","2.41M","-0.85%"
"11/02/2022","20.000","19.980","20.050","19.920","3.85M","0.25%"
"11/01/2022","19.950","19.680","20.090","19.410","3.08M","0.05%"
"10/31/2022","19.940","19.250","19.940","19.200","5.56M","3.58%"
"10/30/2022","19.250","19.280","19.590","19.250","5.18M","-0.41%"
"10/27/2022","19.330","19.110","19.340","18.940","3.71M","1.15%"
"10/26/2022","19.110","19.140","19.140","18.750","2.40M","0.63%"
"10/25/2022","18.990","19.360","19.360","18.900","3.37M","-1.45%"
"10/24/2022","19.270","19.350","19.390","19.020","3.10M","-0.41%"
"10/23/2022","19.350","19.500","19.520","19.350","1.96M","-0.31%"
"10/20/2022","19.410","19.600","19.600","19.370","3.39M","-0.97%"
"10/19/2022","19.600","19.610","19.790","19.480","2.38M","-0.51%"
"10/18/2022","19.700","19.510","19.700","19.500","2.36M","1.81%"
"10/17/2022","19.350","19.540","19.610","19.350","7.77M","-0.77%"
"10/16/2022","19.500","19.730","19.730","19.500","1.19M","-0.51%"
"10/13/2022","19.600","20.000","20.000","19.600","2.02M","-2.00%"
"10/12/2022","20.000","19.710","20.000","19.670","1.26M","2.04%"
"10/11/2022","19.600","20.320","20.320","19.600","1.66M","-2.15%"
"10/10/2022","20.030","20.430","20.530","20.030","2.63M","-2.77%"
"10/09/2022","20.600","20.700","20.780","20.370","5.71M","0.49%"
"10/06/2022","20.500","20.430","20.880","20.430","3.31M","0.39%"
"10/05/2022","20.420","20.410","20.990","20.410","2.48M","0.34%"
"10/04/2022","20.350","19.860","20.400","19.860","3.23M","2.78%"
"10/03/2022","19.800","19.510","19.960","19.510","4.23M","0.81%"
"10/02/2022","19.640","19.850","19.990","19.340","1.61M","-1.31%"
"09/29/2022","19.900","19.430","19.900","19.150","3.41M","3.11%"
"09/28/2022","19.300","19.060","19.380","18.910","7.31M","2.12%"
"09/27/2022","18.900","19.050","19.300","18.790","3.92M","-0.53%"
"09/26/2022","19.000","19.640","19.640","19.000","5.78M","-2.06%"
"09/25/2022","19.400","19.200","19.600","19.080","977.61K","-1.27%"
"09/22/2022","19.650","19.990","20.000","19.070","4.23M","0.00%"
"09/21/2022","19.650","20.260","20.260","19.650","3.43M","-2.04%"
"09/20/2022","20.060","20.690","20.690","20.060","6.54M","-0.45%"
"09/19/2022","20.150","20.960","20.960","20.150","2.73M","-2.84%"
"09/18/2022","20.740","21.120","21.120","20.550","1.71M","0.19%"
"09/15/2022","20.700","20.530","20.950","20.400","8.79M","1.82%"
"09/14/2022","20.330","20.700","20.700","20.150","2.92M","-3.05%"
"09/13/2022","20.970","20.310","21.270","20.310","7.32M","3.30%"
"09/12/2022","20.300","19.680","20.500","19.670","4.63M","3.05%"
"09/11/2022","19.700","19.850","19.890","19.580","2.13M","1.03%"
"09/08/2022","19.500","19.980","20.000","19.500","5.04M","-1.91%"
"09/07/2022","19.880","19.950","20.000","19.650","3.49M","0.66%"
"09/06/2022","19.750","19.800","20.100","19.600","4.29M","0.77%"
"09/05/2022","19.600","20.300","20.300","19.600","3.49M","-2.00%"
"09/04/2022","20.000","20.210","20.210","19.810","2.92M","0.00%"
"09/01/2022","20.000","21.180","21.180","19.850","4.80M","-3.10%"
"08/31/2022","20.640","20.990","21.200","20.640","9.04M","-1.01%"
"08/30/2022","20.850","21.090","21.090","20.720","5.13M","-0.71%"
"08/29/2022","21.000","20.710","21.170","20.710","1.86M","0.96%"
"08/28/2022","20.800","21.100","21.200","20.800","1.06M","-1.42%"
"08/25/2022","21.100","21.200","21.300","21.020","3.03M","0.00%"
"08/24/2022","21.100","21.200","21.680","21.100","2.84M","-0.94%"
"08/23/2022","21.300","22.000","22.000","20.970","2.57M","-3.18%"
"08/22/2022","22.000","22.310","22.320","22.000","2.86M","-1.39%"
"08/21/2022","22.310","22.500","22.500","22.240","1.10M","-1.28%"
"08/18/2022","22.600","22.700","22.730","22.330","16.30M","-0.53%"
"08/17/2022","22.720","22.300","23.000","22.020","3.11M","3.13%"
"08/16/2022","22.030","22.400","22.400","21.900","3.44M","-0.77%"
"08/15/2022","22.200","22.410","22.410","22.020","2.60M","0.00%"
"08/14/2022","22.200","22.010","22.380","22.010","1.70M","0.18%"
"08/11/2022","22.160","21.750","22.500","21.750","3.28M","1.65%"
"08/10/2022","21.800","21.410","21.800","21.310","1.94M","1.87%"
"08/09/2022","21.400","21.570","21.800","21.390","3.07M","-0.47%"
"08/08/2022","21.500","21.200","21.760","21.200","4.38M","0.47%"
"08/07/2022","21.400","21.010","21.500","21.010","1.51M","0.71%"
"08/04/2022","21.250","20.990","21.270","20.810","3.11M","1.43%"
"08/03/2022","20.950","20.790","20.960","20.580","4.03M","0.72%"
"08/02/2022","20.800","20.950","20.950","20.470","2.87M","0.00%"
"08/01/2022","20.800","20.670","21.330","20.400","5.39M","1.41%"
"07/31/2022","20.510","20.600","20.760","20.440","2.00M","1.99%"
"07/28/2022","20.110","20.500","20.610","20.110","3.16M","-1.66%"
"07/27/2022","20.450","20.020","20.450","19.900","1.77M","1.49%"
"07/26/2022","20.150","20.500","20.500","19.980","2.31M","-1.71%"
"07/25/2022","20.500","20.510","20.510","20.250","4.02M","-0.10%"
"07/24/2022","20.520","20.490","20.600","20.250","1.01M","0.49%"
"07/21/2022","20.420","19.910","20.420","19.890","4.75M","3.18%"
"07/20/2022","19.790","19.180","20.670","18.860","5.45M","5.27%"
"07/19/2022","18.800","19.300","19.450","18.800","3.27M","-2.59%"
"07/18/2022","19.300","19.220","19.710","19.220","5.03M","0.00%"
"07/17/2022","19.300","18.800","19.330","18.800","453.61K","1.63%"
"07/14/2022","18.990","18.720","19.100","18.400","3.18M","1.44%"
"07/13/2022","18.720","19.210","19.530","18.400","8.68M","-2.55%"
"07/07/2022","19.210","19.200","19.460","19.200","3.47M","-1.49%"
"07/06/2022","19.500","20.240","20.240","19.270","3.23M","-0.76%"
"07/05/2022","19.650","19.980","19.980","19.550","2.34M","-1.11%"
"07/04/2022","19.870","20.290","20.300","19.800","2.81M","-2.12%"
"07/03/2022","20.300","20.000","20.450","20.000","957.25K","1.60%"
"06/30/2022","19.980","20.110","20.110","19.900","8.85M","-0.65%"
"06/29/2022","20.110","20.450","20.450","20.020","9.34M","-1.76%"
"06/28/2022","20.470","19.990","20.470","19.880","5.53M","2.35%"
"06/27/2022","20.000","19.970","20.030","19.850","4.46M","1.32%"
"06/26/2022","19.740","19.380","19.820","19.380","749.97K","-0.10%"
"06/23/2022","19.760","19.850","19.900","19.430","3.97M","-0.20%"
"06/22/2022","19.800","19.670","19.950","19.660","3.92M","0.66%"
"06/21/2022","19.670","19.990","19.990","19.670","3.37M","0.10%"
"06/20/2022","19.650","19.360","20.000","19.160","5.51M","1.81%"
"06/19/2022","19.300","19.650","19.700","19.200","3.02M","-2.67%"
"06/16/2022","19.830","20.090","20.090","19.670","12.60M","-1.25%"
"06/15/2022","20.080","20.000","20.080","19.700","8.68M","0.90%"
"06/14/2022","19.900","19.570","20.020","19.250","7.09M","2.16%"
"06/13/2022","19.480","19.850","20.110","19.440","4.53M","-2.11%"
"06/12/2022","19.900","20.000","20.040","19.700","3.71M","-0.50%"
"06/09/2022","20.000","20.100","20.160","19.920","3.61M","-0.50%"
"06/08/2022","20.100","20.140","20.340","19.900","5.76M","-0.99%"
"06/07/2022","20.300","20.930","20.930","20.300","6.20M","-3.01%"
"06/06/2022","20.930","21.000","21.020","20.880","2.72M","-0.33%"
"06/05/2022","21.000","21.050","21.260","20.950","1.98M","-1.41%"
"06/02/2022","21.300","21.300","21.570","20.650","10.34M","-0.23%"
"06/01/2022","21.350","21.330","21.530","21.030","6.45M","-0.93%"
"05/31/2022","21.550","20.910","21.550","20.800","25.68M","2.67%"
"05/30/2022","20.990","20.850","20.990","20.700","5.62M","1.40%"
"05/29/2022","20.700","20.750","21.000","20.650","2.43M","0.98%"
"05/26/2022","20.500","20.770","21.030","20.500","3.50M","-2.38%"
"05/25/2022","21.000","20.660","21.280","20.500","9.05M","1.69%"
"05/24/2022","20.650","21.000","21.000","20.600","2.92M","-0.96%"
"05/23/2022","20.850","20.640","20.930","20.460","6.59M","1.26%"
"05/22/2022","20.590","20.960","21.090","20.590","2.89M","-0.53%"
"05/19/2022","20.700","21.990","21.990","20.700","8.85M","-5.91%"
"05/18/2022","22.000","21.900","22.180","21.900","7.18M","-0.41%"
"05/17/2022","22.090","21.500","22.150","21.500","10.66M","2.74%"
"05/16/2022","21.500","21.700","22.240","21.110","7.19M","-2.27%"
"05/15/2022","22.000","23.000","23.000","21.560","1.62M","-4.35%"
"05/12/2022","23.000","23.250","23.250","22.970","6.37M","-1.29%"
"05/11/2022","23.300","23.250","23.530","23.230","10.78M","0.22%"
"05/10/2022","23.250","23.070","23.330","23.060","8.43M","0.69%"
"05/09/2022","23.090","23.000","23.400","22.860","7.53M","0.39%"
"05/08/2022","23.000","23.370","23.370","23.000","2.07M","-1.08%"
"04/28/2022","23.250","23.250","23.320","23.200","9.35M","0.00%"
"04/27/2022","23.250","23.300","23.320","23.220","7.50M","0.00%"
"04/26/2022","23.250","23.160","23.340","23.150","3.57M","0.26%"
"04/25/2022","23.190","23.500","23.500","23.030","3.97M","0.13%"
"04/24/2022","23.160","23.200","23.310","23.110","532.66K","-0.60%"
"04/21/2022","23.300","23.240","23.360","23.010","3.79M","0.87%"
"04/20/2022","23.100","23.410","23.410","23.000","3.05M","-0.43%"
"04/19/2022","23.200","23.750","24.060","23.200","2.94M","-1.94%"
"04/18/2022","23.660","23.800","24.020","23.280","2.24M","-0.84%"
"04/17/2022","23.860","24.400","24.410","23.780","1.10M","-2.13%"
"04/14/2022","24.380","24.400","25.130","24.200","5.63M","0.04%"
"04/13/2022","24.370","24.040","24.760","23.930","2.46M","1.46%"
"04/12/2022","24.020","25.950","25.950","24.020","5.05M","-7.40%"
"04/11/2022","25.940","25.250","27.000","25.250","11.51M","3.43%"
"04/10/2022","25.080","24.480","25.600","24.390","2.77M","3.25%"
"04/07/2022","24.290","23.500","25.000","23.450","5.78M","3.36%"
"04/06/2022","23.500","23.190","24.580","23.160","3.90M","2.17%"
"04/05/2022","23.000","23.200","23.240","22.900","1.71M","-0.86%"
"04/04/2022","23.200","22.990","23.200","22.980","4.58M","1.05%"
"04/03/2022","22.960","23.150","23.230","22.950","1.33M","-0.48%"
"03/31/2022","23.070","23.130","23.130","22.840","4.74M","-0.26%"
"03/30/2022","23.130","23.220","23.300","22.860","3.78M","-0.34%"
"03/29/2022","23.210","23.340","23.400","23.150","6.32M","-0.81%"
"03/28/2022","23.400","23.480","23.500","23.290","4.13M","-0.34%"
"03/27/2022","23.480","23.100","23.510","23.100","6.95M","0.99%"
"03/24/2022","23.250","22.880","23.250","22.700","12.93M","1.53%"
"03/23/2022","22.900","22.470","22.900","22.370","12.60M","0.66%"
"03/22/2022","22.750","22.470","22.750","22.340","4.88M","0.66%"
"03/21/2022","22.600","22.590","22.790","22.240","5.70M","0.40%"
"03/20/2022","22.510","22.720","22.750","22.420","728.83K","-1.05%"
"03/17/2022","22.750","22.560","22.990","22.560","14.39M","0.00%"
"03/16/2022","22.750","22.510","22.800","22.500","5.78M","0.22%"
"03/15/2022","22.700","22.710","22.770","22.670","6.96M","0.00%"
"03/14/2022","22.700","22.200","22.990","22.200","9.83M","2.02%"
"03/13/2022","22.250","22.850","22.850","22.250","1.88M","-1.98%"
"03/10/2022","22.700","22.990","23.000","22.650","6.18M","-1.09%"
"03/09/2022","22.950","23.000","23.150","22.910","9.69M","-0.22%"
"03/08/2022","23.000","23.090","23.260","22.850","9.77M","-0.86%"
"03/07/2022","23.200","23.050","23.400","22.850","10.40M","-1.28%"
"03/03/2022","23.500","23.700","23.770","23.060","10.29M","-0.84%"
"03/02/2022","23.700","23.300","23.700","22.990","17.29M","1.72%"
"03/01/2022","23.300","21.700","23.980","21.680","9.66M","6.88%"
"02/28/2022","21.800","20.550","21.800","20.550","15.81M","6.08%"
"02/27/2022","20.550","20.680","20.980","20.550","1.27M","-1.20%"
"02/24/2022","20.800","20.520","20.800","20.520","10.04M","-0.43%"
"02/23/2022","20.890","20.790","20.900","20.550","2.05M","0.63%"
"02/22/2022","20.760","20.550","20.810","20.510","3.03M","0.63%"
"02/21/2022","20.630","20.700","20.700","20.560","2.73M","-0.10%"
"02/20/2022","20.650","20.850","20.910","20.600","571.12K","-0.96%"
"02/17/2022","20.850","20.960","20.970","20.820","10.32M","-0.67%"
"02/16/2022","20.990","21.000","21.000","20.860","3.70M","-0.05%"
"02/15/2022","21.000","21.070","21.070","20.750","4.72M","-0.33%"
"02/14/2022","21.070","21.000","21.100","20.550","6.97M","-1.54%"
"02/13/2022","21.400","21.570","21.650","21.300","716.59K","-0.70%"
"02/10/2022","21.550","21.440","21.790","21.440","2.66M","-0.23%"
"02/09/2022","21.600","21.800","21.800","21.000","3.35M","-1.05%"
"02/07/2022","21.830","21.800","21.830","21.750","2.14M","0.14%"
"02/06/2022","21.800","21.840","21.840","21.700","915.40K","0.00%"
"02/03/2022","21.800","21.640","21.810","21.640","4.13M","0.00%"
"02/02/2022","21.800","21.680","21.830","21.580","2.24M","0.23%"
"02/01/2022","21.750","21.950","21.950","21.750","1.07M","-0.41%"
"01/31/2022","21.840","21.820","22.000","21.820","2.14M","-0.73%"
"01/30/2022","22.000","21.750","22.000","21.750","3.09M","0.55%"
"01/27/2022","21.880","21.800","21.880","21.730","4.56M","0.23%"
"01/26/2022","21.830","21.570","21.830","21.570","3.10M","0.14%"
"01/25/2022","21.800","21.520","21.800","21.420","3.06M","0.00%"
"01/24/2022","21.800","21.750","21.800","21.400","1.91M","0.23%"
"01/23/2022","21.750","21.790","21.800","21.310","1.06M","-0.23%"
"01/20/2022","21.800","21.800","21.850","21.650","4.48M","0.00%"
"01/19/2022","21.800","21.840","21.840","21.710","3.90M","-0.23%"
"01/18/2022","21.850","21.800","21.880","21.760","6.91M","0.23%"
"01/17/2022","21.800","21.050","21.800","21.050","4.30M","2.35%"
"01/16/2022","21.300","20.990","21.500","20.950","1.85M","1.43%"
"01/13/2022","21.000","20.570","21.000","20.570","13.30M","1.35%"
"01/12/2022","20.720","20.200","20.720","20.200","9.89M","2.47%"
"01/11/2022","20.220","20.150","20.220","20.130","4.26M","-0.05%"
"01/10/2022","20.230","20.120","20.230","20.120","2.83M","0.10%"
"01/09/2022","20.210","20.200","20.210","20.140","2.19M","0.25%"
"01/06/2022","20.160","20.190","20.190","20.070","1.64M","-0.15%"
"01/05/2022","20.190","20.100","20.210","20.070","5.71M","0.10%"
"01/04/2022","20.170","20.040","20.190","20.040","1.98M","-0.05%"
"01/03/2022","20.180","20.200","20.200","20.040","855.79K","0.45%"
"01/02/2022","20.090","20.020","20.180","20.010","367.57K","-0.50%"
"12/30/2021","20.190","20.190","20.190","20.000","3.24M","0.10%"
"12/29/2021","20.170","20.150","20.170","20.030","3.76M","0.35%"
"12/28/2021","20.100","20.000","20.110","19.910","2.35M","1.01%"
"12/27/2021","19.900","20.040","20.060","19.900","2.08M","-0.70%"
"12/26/2021","20.040","20.180","20.190","20.000","668.26K","-0.74%"
"12/23/2021","20.190","20.010","20.190","19.940","2.71M","0.85%"
"12/22/2021","20.020","19.740","20.020","19.740","2.25M","0.60%"
"12/21/2021","19.900","19.930","19.990","19.800","1.84M","-0.15%"
"12/20/2021","19.930","19.740","19.990","19.650","2.41M","0.15%"
"12/16/2021","19.900","19.800","19.950","19.550","6.62M","0.61%"
"12/15/2021","19.780","19.990","19.990","19.770","1.74M","-1.10%"
"12/14/2021","20.000","19.990","20.000","19.770","2.48M","0.05%"
"12/13/2021","19.990","19.960","19.990","19.660","3.17M","-0.05%"
"12/12/2021","20.000","20.010","20.010","19.950","316.69K","-0.10%"
"12/09/2021","20.020","19.760","20.020","19.760","5.40M","0.15%"
"12/08/2021","19.990","19.910","20.000","19.800","2.92M","0.76%"
"12/07/2021","19.840","20.200","20.200","19.840","2.55M","-0.80%"
"12/06/2021","20.000","19.960","20.000","19.860","5.16M","-0.05%"
"12/05/2021","20.010","20.290","20.290","19.870","1.80M","-1.09%"
"12/02/2021","20.230","19.770","20.580","19.700","4.31M","2.85%"
"12/01/2021","19.670","19.770","19.770","19.510","1.97M","1.44%"
"11/30/2021","19.390","19.720","19.860","19.390","17.05M","-0.56%"
"11/29/2021","19.500","19.750","20.240","19.500","6.21M","-2.50%"
"11/28/2021","20.000","20.550","20.560","19.780","2.24M","-2.91%"
"11/25/2021","20.600","20.610","20.650","20.550","4.87M","0.00%"
"11/24/2021","20.600","20.650","20.690","20.600","2.01M","-0.24%"
"11/23/2021","20.650","20.610","20.700","20.580","2.34M","0.00%"
"11/22/2021","20.650","20.830","20.900","20.510","2.12M","-0.72%"
"11/21/2021","20.800","21.000","21.000","20.800","593.31K","-0.95%"
"11/18/2021","21.000","20.910","21.010","20.910","3.61M","0.00%"
"11/17/2021","21.000","20.950","21.010","20.860","6.10M","0.05%"
"11/16/2021","20.990","20.990","21.000","20.810","2.82M","-0.05%"
"11/15/2021","21.000","21.000","21.000","20.880","5.17M","0.00%"
"11/14/2021","21.000","21.010","21.010","20.950","556.76K","-0.24%"
"11/11/2021","21.050","21.000","21.050","20.860","3.96M","0.24%"
"11/10/2021","21.000","20.980","21.000","20.860","886.64K","0.00%"
"11/09/2021","21.000","20.950","21.000","20.880","2.42M","-0.05%"
"11/08/2021","21.010","20.990","21.010","20.880","2.46M","0.10%"
"11/07/2021","20.990","20.840","20.990","20.830","1.48M","0.67%"
"11/04/2021","20.850","20.550","20.850","20.550","3.16M","1.21%"
"11/03/2021","20.600","20.410","20.600","20.410","4.99M","0.00%"
"11/02/2021","20.600","20.370","20.600","20.370","2.81M","1.08%"
"11/01/2021","20.380","20.270","20.490","20.270","3.84M","-0.10%"
"10/31/2021","20.400","20.480","20.480","20.260","1.19M","-0.49%"
"10/28/2021","20.500","19.990","20.500","19.960","9.37M","3.33%"
"10/27/2021","19.840","20.020","20.100","19.630","4.81M","-0.30%"
"10/26/2021","19.900","19.520","20.010","19.520","3.35M","-0.50%"
"10/25/2021","20.000","20.030","20.060","19.900","2.68M","-0.10%"
"10/24/2021","20.020","20.060","20.180","20.020","270.87K","-0.89%"
"10/21/2021","20.200","20.250","20.250","20.100","2.88M","-0.10%"
"10/20/2021","20.220","20.150","20.220","20.150","5.24M","0.10%"
"10/19/2021","20.200","20.190","20.230","20.080","3.84M","1.00%"
"10/18/2021","20.000","20.200","20.210","20.000","3.34M","-0.94%"
"10/17/2021","20.190","19.900","20.290","19.900","4.06M","1.76%"
"10/14/2021","19.840","19.620","19.840","19.620","7.22M","1.12%"
"10/13/2021","19.620","19.550","19.650","19.500","4.64M","0.41%"
"10/12/2021","19.540","19.500","19.540","19.390","4.56M","0.21%"
"10/11/2021","19.500","19.310","19.530","19.310","7.53M","0.52%"
"10/10/2021","19.400","19.400","19.420","19.280","3.00M","0.00%"
"10/07/2021","19.400","19.500","19.500","19.360","1.90M","-0.51%"
"10/06/2021","19.500","19.160","19.500","19.160","5.74M","1.56%"
"10/05/2021","19.200","19.150","19.200","19.100","4.30M","0.26%"
"10/04/2021","19.150","19.080","19.150","19.020","3.31M","0.79%"
"10/03/2021","19.000","19.170","19.170","19.000","405.63K","-0.78%"
"09/30/2021","19.150","19.020","19.150","19.020","4.13M","0.74%"
"09/29/2021","19.010","19.000","19.040","19.000","2.18M","0.05%"
"09/28/2021","19.000","19.080","19.080","19.000","2.17M","0.00%"
"09/27/2021","19.000","19.050","19.120","19.000","2.39M","-0.16%"
"09/26/2021","19.030","19.100","19.140","19.000","2.10M","-0.37%"
"09/23/2021","19.100","19.000","19.160","18.990","2.39M","0.53%"
"09/22/2021","19.000","18.990","19.030","18.990","1.07M","0.26%"
"09/21/2021","18.950","19.020","19.030","18.910","2.23M","-0.42%"
"09/20/2021","19.030","19.150","19.150","19.010","958.02K","-0.63%"
"09/19/2021","19.150","19.300","19.300","19.100","935.55K","-0.78%"
"09/16/2021","19.300","19.000","19.300","18.950","8.32M","1.58%"
"09/15/2021","19.000","19.000","19.000","18.960","1.46M","-0.26%"
"09/14/2021","19.050","19.050","19.150","19.010","1.73M","0.00%"
"09/13/2021","19.050","18.980","19.050","18.970","2.41M","0.26%"
"09/12/2021","19.000","19.050","19.050","18.950","699.79K","-0.37%"
"09/09/2021","19.070","19.000","19.070","18.970","3.03M","0.05%"
"09/08/2021","19.060","19.000","19.060","18.920","3.20M","0.32%"
"09/07/2021","19.000","19.000","19.050","18.950","2.78M","0.05%"
"09/06/2021","18.990","18.980","19.000","18.880","1.77M","0.11%"
"09/05/2021","18.970","18.990","19.000","18.900","674.53K","0.16%"
"09/02/2021","18.940","19.080","19.110","18.880","3.09M","-1.15%"
"09/01/2021","19.160","19.170","19.230","19.070","1.95M","-0.05%"
"08/31/2021","19.170","19.000","19.170","18.980","6.66M","0.31%"
"08/30/2021","19.110","19.030","19.110","18.970","2.13M","0.31%"
"08/29/2021","19.050","19.130","19.150","18.860","509.57K","-0.42%"
"08/26/2021","19.130","19.200","19.200","19.000","1.67M","-0.26%"
"08/25/2021","19.180","19.100","19.200","19.020","2.07M","0.42%"
"08/24/2021","19.100","19.100","19.150","19.000","2.42M","-0.16%"
"08/23/2021","19.130","19.150","19.150","19.000","3.91M","-0.10%"
"08/22/2021","19.150","19.200","19.200","19.050","736.82K","-0.16%"
"08/19/2021","19.180","19.500","19.600","19.180","1.98M","-1.13%"
"08/18/2021","19.400","19.100","19.440","19.100","3.78M","1.04%"
"08/17/2021","19.200","19.080","19.200","18.970","5.38M","1.05%"
"08/16/2021","19.000","19.090","19.090","18.930","4.99M","0.00%"
"08/15/2021","19.000","19.100","19.100","18.940","1.05M","-0.21%"
"08/12/2021","19.040","18.850","19.040","18.670","4.77M","1.28%"
"08/11/2021","18.800","18.460","18.800","18.460","3.46M","1.62%"
"08/10/2021","18.500","18.310","18.640","18.310","2.33M","0.05%"
"08/09/2021","18.490","18.490","18.530","18.400","2.32M","0.00%"
"08/08/2021","18.490","18.320","18.490","18.320","902.97K","0.93%"
"08/05/2021","18.320","18.200","18.320","18.160","2.37M","0.60%"
"08/04/2021","18.210","18.100","18.210","18.100","2.40M","0.61%"
"08/03/2021","18.100","18.070","18.100","18.000","2.62M","0.00%"
"08/02/2021","18.100","18.170","18.180","18.000","2.09M","0.56%"
"08/01/2021","18.000","18.240","18.240","18.000","2.16M","-1.10%"
"07/29/2021","18.200","18.090","18.200","18.000","3.09M","0.61%"
"07/28/2021","18.090","18.000","18.090","17.900","1.82M","0.17%"
"07/27/2021","18.060","18.000","18.060","17.930","1.87M","0.33%"
"07/26/2021","18.000","18.120","18.120","17.890","3.46M","0.00%"
"07/25/2021","18.000","18.050","18.130","17.810","860.33K","1.12%"
"07/15/2021","17.800","17.990","18.070","17.800","2.53M","-1.55%"
"07/14/2021","18.080","17.820","18.080","17.810","2.24M","1.29%"
"07/13/2021","17.850","17.890","17.910","17.820","2.70M","0.17%"
"07/12/2021","17.820","17.970","17.970","17.790","1.83M","0.11%"
"07/11/2021","17.800","17.990","18.020","17.800","2.64M","-0.56%"
"07/08/2021","17.900","17.990","18.020","17.850","2.70M","-0.44%"
"07/07/2021","17.980","17.830","18.020","17.830","1.69M","0.84%"
"07/06/2021","17.830","17.880","17.890","17.820","2.63M","-0.34%"
"07/05/2021","17.890","18.000","18.000","17.890","2.55M","-0.61%"
"07/04/2021","18.000","18.000","18.000","17.950","692.48K","0.06%"
"07/01/2021","17.990","17.990","18.000","17.910","1.17M","0.22%"
"06/30/2021","17.950","17.990","17.990","17.930","2.37M","-0.72%"
"06/29/2021","18.080","18.060","18.080","17.920","1.69M","1.01%"
"06/28/2021","17.900","18.050","18.080","17.850","785.27K","-0.83%"
"06/27/2021","18.050","18.080","18.100","17.950","627.69K","-0.17%"
"06/24/2021","18.080","18.000","18.100","17.950","1.13M","-0.11%"
"06/23/2021","18.100","17.810","18.110","17.810","3.44M","1.69%"
"06/22/2021","17.800","17.760","17.930","17.740","2.11M","0.00%"
"06/21/2021","17.800","17.840","17.840","17.670","2.09M","-0.28%"
"06/20/2021","17.850","17.800","17.850","17.720","748.56K","0.28%"
"06/17/2021","17.800","17.900","18.020","17.620","7.93M","-0.95%"
"06/16/2021","17.970","18.020","18.060","17.860","1.45M","-0.72%"
"06/15/2021","18.100","18.140","18.140","17.950","1.40M","-0.28%"
"06/14/2021","18.150","18.000","18.250","17.930","2.38M","1.00%"
"06/13/2021","17.970","17.750","17.980","17.740","1.17M","0.67%"
"06/10/2021","17.850","17.670","17.850","17.640","2.58M","1.71%"
"06/09/2021","17.550","17.720","17.720","17.500","3.53M","0.23%"
"06/08/2021","17.510","17.600","17.860","17.510","2.58M","-1.07%"
"06/07/2021","17.700","17.900","17.900","17.700","2.10M","-0.56%"
"06/06/2021","17.800","17.830","17.960","17.800","771.07K","-0.34%"
"06/03/2021","17.860","18.000","18.040","17.830","2.18M","-0.72%"
"06/02/2021","17.990","17.750","18.080","17.640","4.31M","1.41%"
"06/01/2021","17.740","17.670","17.760","17.600","1.60M","0.23%"
"05/31/2021","17.700","17.600","17.780","17.400","3.84M","0.28%"
"05/30/2021","17.650","17.750","17.750","17.480","616.55K","0.34%"
"05/27/2021","17.590","17.390","17.740","17.380","11.47M","1.27%"
"05/26/2021","17.370","17.620","17.620","17.370","3.79M","-0.74%"
"05/25/2021","17.500","17.600","17.640","17.460","2.64M","-0.57%"
"05/24/2021","17.600","17.750","17.750","17.600","2.19M","-0.73%"
"05/23/2021","17.730","17.800","17.800","17.700","1.09M","0.00%"
"05/20/2021","17.730","17.730","17.840","17.710","3.73M","0.06%"
"05/19/2021","17.720","17.860","17.900","17.720","1.78M","-1.01%"
"05/18/2021","17.900","17.940","17.970","17.820","2.41M","0.34%"
"05/17/2021","17.840","17.900","17.990","17.800","3.24M","-0.89%"
"05/11/2021","18.000","18.100","18.130","17.900","2.50M","-0.50%"
"05/10/2021","18.090","17.990","18.090","17.930","3.25M","0.56%"
"05/09/2021","17.990","17.980","18.030","17.950","2.41M","0.00%"
"05/06/2021","17.990","17.920","17.990","17.850","3.13M","0.39%"
"05/05/2021","17.920","17.900","17.960","17.900","1.63M","0.00%"
"05/04/2021","17.920","17.910","17.980","17.890","2.40M","-0.33%"
"05/03/2021","17.980","17.980","17.990","17.940","2.39M","0.00%"
"05/02/2021","17.980","18.000","18.000","17.890","357.14K","0.45%"
"04/29/2021","17.900","18.000","18.020","17.850","1.49M","-0.56%"
"04/28/2021","18.000","17.900","18.000","17.900","1.85M","0.06%"
"04/27/2021","17.990","17.990","18.000","17.900","2.26M","0.00%"
"04/26/2021","17.990","17.920","17.990","17.880","2.43M","0.39%"
"04/25/2021","17.920","17.990","17.990","17.880","2.30M","-0.17%"
"04/22/2021","17.950","17.920","17.990","17.890","2.21M","0.22%"
"04/21/2021","17.910","17.920","17.960","17.840","2.22M","-0.50%"
"04/20/2021","18.000","17.890","18.000","17.820","2.68M","0.00%"
"04/19/2021","18.000","17.890","18.030","17.780","4.17M","1.07%"
"04/18/2021","17.810","17.870","17.900","17.770","777.80K","-0.45%"
"04/15/2021","17.890","17.910","18.150","17.720","8.16M","-1.11%"
"04/14/2021","18.090","17.730","18.090","17.730","2.08M","0.56%"
"04/13/2021","17.990","18.000","18.050","17.700","3.64M","-0.17%"
"04/12/2021","18.020","17.900","18.070","17.810","3.33M","0.67%"
"04/11/2021","17.900","17.620","17.900","17.620","647.79K","0.22%"
"04/08/2021","17.860","17.720","17.880","17.680","2.15M","0.79%"
"04/07/2021","17.720","17.850","17.850","17.550","3.60M","-0.62%"
"04/06/2021","17.830","17.820","17.830","17.650","642.47K","0.06%"
"04/05/2021","17.820","17.940","17.940","17.750","488.20K","-0.11%"
"04/04/2021","17.840","17.950","17.950","17.810","219.58K","-0.61%"
"04/01/2021","17.950","17.990","18.000","17.800","1.02M","-0.22%"
"03/31/2021","17.990","17.770","17.990","17.760","4.26M","1.18%"
"03/30/2021","17.780","17.570","17.780","17.430","2.79M","1.08%"
"03/29/2021","17.590","17.170","17.590","17.170","3.31M","2.15%"
"03/28/2021","17.220","17.210","17.400","17.210","449.80K","-0.52%"
"03/25/2021","17.310","17.380","17.440","17.300","1.82M","-0.52%"
"03/24/2021","17.400","17.200","17.400","17.150","1.77M","1.16%"
"03/23/2021","17.200","17.180","17.220","17.150","870.66K","0.12%"
"03/22/2021","17.180","17.380","17.420","17.010","2.88M","-1.04%"
"03/21/2021","17.360","17.400","17.400","17.350","788.50K","-0.23%"
"03/18/2021","17.400","17.440","17.500","17.160","7.50M","0.46%"
"03/17/2021","17.320","17.550","17.670","17.320","2.44M","-1.03%"
"03/16/2021","17.500","17.450","17.500","17.300","2.77M","0.52%"
"03/15/2021","17.410","17.180","17.460","17.160","3.86M","1.04%"
"03/14/2021","17.230","17.330","17.380","17.150","1.08M","-0.58%"
"03/11/2021","17.330","17.330","17.440","17.110","1.41M","0.17%"
"03/10/2021","17.300","17.040","17.300","17.020","3.73M","1.76%"
"03/09/2021","17.000","16.850","17.000","16.780","3.12M","1.49%"
"03/08/2021","16.750","16.870","16.890","16.680","3.85M","0.42%"
"03/04/2021","16.680","16.900","17.010","16.680","4.49M","-0.54%"
"03/03/2021","16.770","16.880","17.030","16.750","6.01M","-0.47%"
"03/02/2021","16.850","17.170","17.250","16.850","3.65M","-1.46%"
"03/01/2021","17.100","16.920","17.140","16.860","4.21M","0.71%"
"02/28/2021","16.980","17.290","17.310","16.900","2.61M","-1.57%"
"02/25/2021","17.250","17.000","17.300","16.900","9.31M","2.37%"
"02/24/2021","16.850","16.960","16.960","16.770","6.41M","0.24%"
"02/23/2021","16.810","16.600","16.900","16.550","7.83M","2.38%"
"02/22/2021","16.420","16.770","16.920","16.360","5.05M","-1.97%"
"02/21/2021","16.750","16.500","16.770","16.370","1.97M","2.45%"
"02/18/2021","16.350","16.550","16.680","16.350","6.94M","-1.03%"
"02/17/2021","16.520","16.750","16.900","16.510","5.33M","-2.42%"
"02/16/2021","16.930","16.990","17.000","16.740","3.07M","-0.35%"
"02/15/2021","16.990","17.020","17.020","16.960","1.95M","-0.18%"
"02/14/2021","17.020","17.230","17.230","17.010","414.82K","0.00%"
"02/11/2021","17.020","17.050","17.050","16.950","2.49M","-0.18%"
"02/10/2021","17.050","17.120","17.320","16.970","5.09M","-0.41%"
"02/08/2021","17.120","17.380","17.410","17.120","2.95M","-1.50%"
"02/07/2021","17.380","17.360","17.490","17.350","1.53M","0.75%"
"02/04/2021","17.250","17.500","17.500","17.250","2.97M","-0.35%"
"02/03/2021","17.310","17.690","17.690","17.310","4.95M","-0.80%"
"02/02/2021","17.450","17.600","17.600","17.410","2.71M","-0.29%"
"02/01/2021","17.500","17.520","17.750","17.500","4.35M","-2.29%"
"01/31/2021","17.910","17.830","18.020","17.710","2.18M","-0.56%"
"01/28/2021","18.010","18.000","18.070","17.910","6.12M","0.50%"
"01/27/2021","17.920","18.030","18.100","17.920","5.16M","0.56%"
"01/26/2021","17.820","18.020","18.070","17.790","2.53M","-1.00%"
"01/25/2021","18.000","18.100","18.280","18.000","4.03M","-0.55%"
"01/24/2021","18.100","18.240","18.340","18.100","919.18K","-0.82%"
"01/21/2021","18.250","18.300","18.450","18.220","1.32M","-0.98%"
"01/20/2021","18.430","18.400","18.430","18.200","5.87M","-0.38%"
"01/19/2021","18.500","18.700","18.750","18.500","2.37M","-0.32%"
"01/18/2021","18.560","18.550","18.750","18.470","5.57M","0.38%"
"01/17/2021","18.490","18.620","18.700","18.420","702.06K","-0.70%"
"01/14/2021","18.620","18.860","18.860","18.620","3.49M","-1.27%"
"01/13/2021","18.860","18.820","18.860","18.800","9.61M","0.16%"
"01/12/2021","18.830","18.710","18.890","18.700","973.65K","-0.48%"
"01/11/2021","18.920","18.770","18.930","18.560","4.80M","1.18%"
"01/10/2021","18.700","18.710","18.940","18.550","1.65M","-0.21%"
"01/07/2021","18.740","18.500","18.740","18.430","4.12M","1.35%"
"01/06/2021","18.490","18.490","18.640","18.220","5.78M","0.00%"
"01/05/2021","18.490","18.400","19.000","18.330","4.74M","2.44%"
"01/04/2021","18.050","18.060","18.080","17.990","2.38M","0.73%"
"01/03/2021","17.920","17.840","18.000","17.840","382.19K","0.50%"
"12/31/2020","17.830","18.010","18.090","17.720","4.66M","-1.49%"
"12/30/2020","18.100","18.000","18.100","17.940","3.25M","0.61%"
"12/29/2020","17.990","18.090","18.100","17.970","2.64M","-0.55%"
"12/28/2020","18.090","18.070","18.120","18.070","912.72K","0.11%"
"12/27/2020","18.070","18.100","18.150","18.070","1.53M","-0.17%"
"12/24/2020","18.100","18.100","18.120","18.030","2.12M","0.17%"
"12/23/2020","18.070","18.080","18.080","17.990","1.31M","0.00%"
"12/22/2020","18.070","18.070","18.100","17.970","1.37M","0.00%"
"12/21/2020","18.070","18.100","18.180","17.960","3.94M","-0.17%"
"12/20/2020","18.100","18.140","18.210","17.980","1.64M","0.84%"
"12/16/2020","17.950","18.230","18.450","17.950","6.64M","-1.43%"
"12/15/2020","18.210","18.170","18.450","18.170","1.60M","-0.60%"
"12/14/2020","18.320","18.270","18.340","18.160","2.11M","0.49%"
"12/13/2020","18.230","18.200","18.270","18.120","928.51K","0.77%"
"12/10/2020","18.090","18.260","18.290","18.030","3.11M","-0.77%"
"12/09/2020","18.230","18.390","18.420","18.230","1.81M","-0.92%"
"12/08/2020","18.400","18.420","18.560","18.250","1.66M","-0.70%"
"12/07/2020","18.530","18.510","18.600","18.220","2.49M","0.16%"
"12/06/2020","18.500","18.450","18.870","18.400","1.46M","1.09%"
"12/03/2020","18.300","18.210","18.330","18.050","4.65M","1.67%"
"12/02/2020","18.000","18.290","18.380","18.000","3.85M","-1.59%"
"12/01/2020","18.290","17.720","18.290","17.720","4.71M","3.22%"
"11/30/2020","17.720","18.170","18.250","17.720","16.21M","-1.88%"
"11/29/2020","18.060","18.130","18.200","18.010","1.37M","-0.06%"
"11/26/2020","18.070","18.260","18.260","18.010","2.97M","-0.33%"
"11/25/2020","18.130","18.190","18.300","18.100","2.37M","-0.22%"
"11/24/2020","18.170","18.510","18.660","18.170","2.09M","-2.42%"
"11/23/2020","18.620","18.740","18.740","18.410","2.26M","-0.96%"
"11/22/2020","18.800","18.010","18.800","18.010","3.34M","4.44%"
"11/19/2020","18.000","18.970","18.970","18.000","2.99M","-3.64%"
"11/18/2020","18.680","18.590","18.680","18.240","3.03M","0.70%"
"11/17/2020","18.550","18.970","19.000","18.550","2.88M","-1.85%"
"11/16/2020","18.900","18.970","18.970","18.800","2.34M","0.48%"
"11/15/2020","18.810","18.990","19.000","18.750","998.98K","-0.95%"
"11/12/2020","18.990","18.400","19.000","18.340","6.75M","2.98%"
"11/11/2020","18.440","18.340","18.440","18.120","2.30M","1.21%"
"11/10/2020","18.220","18.280","18.400","18.090","3.41M","0.11%"
"11/09/2020","18.200","18.080","18.250","18.010","2.76M","0.61%"
"11/08/2020","18.090","18.000","18.220","17.910","581.28K","-0.82%"
"11/05/2020","18.240","17.870","18.240","17.790","2.73M","2.47%"
"11/04/2020","17.800","17.850","17.850","17.730","1.10M","0.00%"
"11/03/2020","17.800","17.800","17.890","17.750","2.34M","-0.06%"
"11/02/2020","17.810","17.800","17.810","17.680","2.46M","0.06%"
"11/01/2020","17.800","17.700","17.810","17.680","521.65K","0.56%"
"10/29/2020","17.700","17.790","17.810","17.690","2.74M","-1.01%"
"10/28/2020","17.880","17.950","17.950","17.700","2.49M","-0.39%"
"10/27/2020","17.950","17.870","17.950","17.680","4.53M","0.84%"
"10/26/2020","17.800","17.720","17.800","17.560","808.54K","0.68%"
"10/25/2020","17.680","17.800","17.800","17.620","570.68K","-0.67%"
"10/22/2020","17.800","17.700","17.880","17.580","2.45M","0.56%"
"10/21/2020","17.700","17.960","17.960","17.700","2.25M","-0.06%"
"10/20/2020","17.710","17.870","18.200","17.710","3.63M","-0.23%"
"10/19/2020","17.750","17.980","17.980","17.750","1.16M","0.00%"
"10/18/2020","17.750","17.770","17.970","17.750","770.12K","-0.84%"
"10/15/2020","17.900","18.100","18.100","17.900","2.49M","-0.89%"
"10/14/2020","18.060","18.140","18.140","17.920","3.56M","-0.22%"
"10/13/2020","18.100","18.120","18.150","17.990","2.27M","0.00%"
"10/12/2020","18.100","17.960","18.100","17.870","2.35M","1.34%"
"10/11/2020","17.860","17.930","18.040","17.850","496.44K","-1.71%"
"10/08/2020","18.170","17.950","18.170","17.670","2.45M","1.23%"
"10/07/2020","17.950","18.050","18.060","17.910","2.20M","-0.55%"
"10/06/2020","18.050","17.950","18.050","17.820","1.71M","0.89%"
"10/05/2020","17.890","17.950","17.950","17.700","2.27M","0.00%"
"10/04/2020","17.890","18.190","18.190","17.770","331.50K","-0.61%"
"10/01/2020","18.000","18.200","18.230","18.000","644.61K","-1.10%"
"09/30/2020","18.200","17.760","18.200","17.760","1.72M","1.11%"
"09/29/2020","18.000","17.700","18.090","17.700","4.27M","1.69%"
"09/28/2020","17.700","17.450","17.900","17.450","2.63M","1.43%"
"09/27/2020","17.450","17.580","17.580","17.400","209.27K","0.58%"
"09/24/2020","17.350","17.510","17.520","17.300","3.11M","-0.91%"
"09/23/2020","17.510","17.620","17.750","17.510","2.57M","-0.91%"
"09/22/2020","17.670","17.700","17.750","17.600","2.15M","-0.17%"
"09/21/2020","17.700","17.820","17.840","17.610","1.88M","-0.51%"
"09/20/2020","17.790","17.900","18.100","17.790","1.01M","-0.61%"
"09/17/2020","17.900","17.800","17.930","17.750","9.00M","-0.22%"
"09/16/2020","17.940","17.730","17.950","17.730","1.42M","0.79%"
"09/15/2020","17.800","17.700","17.840","17.700","1.32M","0.85%"
"09/14/2020","17.650","18.070","18.070","17.650","2.69M","-2.43%"
"09/13/2020","18.090","17.890","18.100","17.760","710.57K","2.09%"
"09/10/2020","17.720","17.800","17.860","17.600","2.44M","0.23%"
"09/09/2020","17.680","17.760","17.800","17.680","2.13M","-0.45%"
"09/08/2020","17.760","17.820","17.820","17.700","2.18M","-0.22%"
"09/07/2020","17.800","17.930","17.930","17.800","1.86M","-0.22%"
"09/06/2020","17.840","18.080","18.080","17.700","807.08K","-0.89%"
"09/03/2020","18.000","17.960","18.000","17.820","3.61M","0.61%"
"09/02/2020","17.890","17.880","18.080","17.810","2.37M","0.17%"
"09/01/2020","17.860","18.040","18.150","17.860","4.21M","-0.78%"
"08/31/2020","18.000","18.300","18.390","18.000","8.89M","-1.80%"
"08/30/2020","18.330","18.440","18.440","18.280","1.46M","-0.16%"
"08/27/2020","18.360","18.240","18.360","18.240","1.11M","0.16%"
"08/26/2020","18.330","18.450","18.450","18.260","2.21M","0.16%"
"08/25/2020","18.300","18.310","18.390","18.220","750.59K","0.00%"
"08/24/2020","18.300","18.450","18.460","18.270","1.08M","-0.76%"
"08/23/2020","18.440","18.430","18.440","18.300","179.92K","-0.32%"
"08/20/2020","18.500","18.500","18.500","18.300","2.62M","-0.27%"
"08/19/2020","18.550","18.620","18.620","18.420","2.57M","0.16%"
"08/18/2020","18.520","18.400","18.600","18.340","3.27M","0.11%"
"08/17/2020","18.500","18.210","18.530","18.200","3.60M","1.54%"
"08/16/2020","18.220","18.100","18.220","18.040","1.05M","0.22%"
"08/13/2020","18.180","18.150","18.180","18.000","2.56M","0.17%"
"08/12/2020","18.150","18.040","18.150","18.030","1.01M","0.83%"
"08/11/2020","18.000","18.050","18.170","18.000","3.22M","-0.17%"
"08/10/2020","18.030","18.090","18.190","18.030","2.58M","-0.33%"
"08/09/2020","18.090","18.170","18.170","18.010","141.41K","-0.50%"
"08/06/2020","18.180","18.100","18.180","17.950","2.57M","1.00%"
"08/05/2020","18.000","18.150","18.300","18.000","3.98M","0.00%"
"07/29/2020","18.000","18.100","18.100","18.000","759.41K","-0.50%"
"07/28/2020","18.090","18.070","18.090","17.990","2.14M","0.11%"
"07/27/2020","18.070","18.180","18.180","18.010","2.21M","-0.11%"
"07/26/2020","18.090","18.100","18.160","18.050","399.37K","0.00%"
"07/23/2020","18.090","18.140","18.140","18.060","2.70M","-0.28%"
"07/22/2020","18.140","18.150","18.190","18.050","2.48M","-0.06%"
"07/21/2020","18.150","18.150","18.150","17.920","3.83M","0.28%"
"07/20/2020","18.100","17.810","18.100","17.810","3.82M","0.39%"
"07/19/2020","18.030","18.190","18.190","18.000","317.26K","-0.83%"
"07/16/2020","18.180","18.290","18.290","18.050","3.56M","-0.38%"
"07/15/2020","18.250","18.070","18.300","18.050","1.90M","1.11%"
"07/14/2020","18.050","18.050","18.120","18.050","3.15M","-0.39%"
"07/13/2020","18.120","18.110","18.160","18.110","6.78M","-0.44%"
"07/12/2020","18.200","17.900","18.200","17.900","491.18K","0.28%"
"07/09/2020","18.150","17.680","18.150","17.680","4.71M","2.77%"
"07/08/2020","17.660","17.540","17.720","17.540","2.77M","0.34%"
"07/07/2020","17.600","17.620","17.750","17.600","1.56M","-0.06%"
"07/06/2020","17.610","17.780","17.810","17.610","2.18M","-0.96%"
"07/05/2020","17.780","17.780","17.900","17.740","973.22K","-1.00%"
"07/02/2020","17.960","17.460","17.960","17.460","3.51M","2.57%"
"07/01/2020","17.510","17.390","17.720","17.390","1.11M","0.69%"
"06/30/2020","17.390","17.790","17.790","17.390","2.90M","-1.25%"
"06/29/2020","17.610","17.900","17.900","17.610","1.85M","-1.57%"
"06/28/2020","17.890","18.160","18.160","17.850","345.43K","-0.61%"
"06/25/2020","18.000","18.170","18.170","18.000","1.55M","-1.59%"
"06/24/2020","18.290","18.300","18.310","18.000","1.85M","-0.05%"
"06/23/2020","18.300","17.830","18.360","17.830","3.34M","1.72%"
"06/22/2020","17.990","17.890","17.990","17.700","2.04M","0.50%"
"06/21/2020","17.900","17.850","18.000","17.650","880.29K","0.00%"
"06/18/2020","17.900","17.900","18.050","17.650","8.03M","0.06%"
"06/17/2020","17.890","17.610","17.890","17.610","2.18M","1.65%"
"06/16/2020","17.600","17.600","17.670","17.480","2.13M","0.86%"
"06/15/2020","17.450","17.690","17.690","17.410","2.26M","-0.85%"
"06/14/2020","17.600","17.700","17.700","17.440","664.98K","-0.56%"
"06/11/2020","17.700","17.600","17.700","17.390","2.67M","0.57%"
"06/10/2020","17.600","17.790","17.790","17.560","2.20M","-1.12%"
"06/09/2020","17.800","17.940","18.100","17.600","1.48M","-0.73%"
"06/08/2020","17.930","18.140","18.220","17.900","2.89M","-1.10%"
"06/07/2020","18.130","18.200","18.300","18.130","1.34M","0.67%"
"06/04/2020","18.010","17.950","18.120","17.880","4.19M","0.61%"
"06/03/2020","17.900","17.740","17.950","17.660","4.21M","1.19%"
"06/02/2020","17.690","17.550","17.730","17.430","4.25M","1.14%"
"06/01/2020","17.490","17.350","17.700","17.100","5.60M","1.98%"
"05/31/2020","17.150","17.330","17.460","17.150","3.04M","-3.00%"
"05/21/2020","17.680","17.200","17.680","16.960","15.02M","2.79%"
"05/20/2020","17.200","17.140","17.250","16.970","2.87M","0.58%"
"05/19/2020","17.100","17.010","17.200","16.960","3.72M","0.65%"
"05/18/2020","16.990","16.950","17.030","16.930","4.72M","-0.23%"
"05/17/2020","17.030","17.250","17.250","16.880","1.54M","-0.70%"
"05/14/2020","17.150","17.080","17.150","17.010","1.49M","0.47%"
"05/13/2020","17.070","17.400","17.410","16.960","2.89M","-1.67%"
"05/12/2020","17.360","17.240","17.390","17.140","2.64M","1.58%"
"05/11/2020","17.090","17.250","17.250","17.050","2.08M","-0.47%"
"05/10/2020","17.170","17.400","17.400","17.080","620.00K","-0.46%"
"05/07/2020","17.250","17.450","17.450","17.250","2.27M","0.29%"
"05/06/2020","17.200","17.290","17.750","17.200","2.78M","-0.86%"
"05/05/2020","17.350","17.050","17.390","17.020","3.25M","2.00%"
"05/04/2020","17.010","17.000","17.140","17.000","3.10M","-0.53%"
"05/03/2020","17.100","17.220","17.230","17.100","541.13K","-0.75%"
"04/30/2020","17.230","17.250","17.370","17.200","4.64M","0.17%"
"04/29/2020","17.200","17.160","17.230","17.060","1.61M","0.58%"
"04/28/2020","17.100","17.010","17.150","16.910","3.03M","0.29%"
"04/27/2020","17.050","17.240","17.250","17.030","3.27M","0.00%"
"04/26/2020","17.050","17.020","17.170","16.980","891.33K","0.29%"
"04/23/2020","17.000","17.190","17.280","17.000","2.67M","0.29%"
"04/22/2020","16.950","16.700","17.100","16.600","2.76M","2.36%"
"04/21/2020","16.560","16.890","16.890","16.550","3.39M","-2.30%"
"04/20/2020","16.950","17.700","17.700","16.950","4.92M","-4.24%"
"04/19/2020","17.700","18.000","18.000","17.600","743.35K","0.00%"
"04/16/2020","17.700","18.230","18.480","17.700","4.79M","-3.28%"
"04/15/2020","18.300","18.650","18.650","18.220","3.22M","-1.08%"
"04/14/2020","18.500","18.500","18.700","18.370","2.74M","1.09%"
"04/13/2020","18.300","18.730","18.730","18.300","1.02M","-2.30%"
"04/12/2020","18.730","19.090","19.090","18.700","226.73K","-1.42%"
"04/09/2020","19.000","19.080","19.180","18.900","1.68M","-0.42%"
"04/08/2020","19.080","18.450","19.080","18.350","2.16M","0.95%"
"04/07/2020","18.900","18.300","18.900","18.270","2.21M","4.83%"
"04/06/2020","18.030","17.950","18.250","17.630","2.10M","1.69%"
"04/05/2020","17.730","17.980","17.990","17.610","231.84K","-1.50%"
"04/02/2020","18.000","17.180","18.000","17.030","2.45M","5.82%"
"04/01/2020","17.010","17.140","17.190","16.800","2.64M","1.25%"
"03/31/2020","16.800","17.250","17.560","16.800","5.47M","-2.61%"
"03/30/2020","17.250","17.590","17.950","17.190","5.26M","-1.88%"
"03/29/2020","17.580","17.500","17.730","17.100","1.20M","-0.11%"
"03/26/2020","17.600","18.130","18.230","17.600","3.03M","-3.46%"
"03/25/2020","18.230","18.200","18.400","18.010","3.22M","4.77%"
"03/24/2020","17.400","17.380","18.300","17.380","4.85M","-0.17%"
"03/23/2020","17.430","18.290","18.700","17.430","4.22M","-6.04%"
"03/22/2020","18.550","18.440","18.830","18.430","2.36M","-1.38%"
"03/19/2020","18.810","17.860","19.200","17.860","12.56M","2.79%"
"03/18/2020","18.300","17.260","18.500","17.260","3.97M","5.78%"
"03/17/2020","17.300","16.730","17.700","16.730","3.71M","2.85%"
"03/16/2020","16.820","17.980","17.980","16.820","6.36M","2.00%"
"03/15/2020","16.490","16.190","16.790","15.910","2.73M","0.00%"
"03/12/2020","16.490","15.710","16.490","15.710","4.96M","-5.50%"
"03/11/2020","17.450","17.500","17.940","16.250","2.65M","-0.29%"
"03/10/2020","17.500","17.000","17.740","17.000","5.32M","6.25%"
"03/09/2020","16.470","17.560","17.560","16.470","7.70M","-10.00%"
"03/08/2020","18.300","18.120","18.550","18.020","3.10M","-4.69%"
"03/05/2020","19.200","18.800","19.400","18.530","5.90M","2.13%"
"03/04/2020","18.800","18.350","18.800","18.000","1.65M","2.79%"
"03/03/2020","18.290","18.310","18.790","18.220","2.66M","0.77%"
"03/02/2020","18.150","17.800","18.700","17.800","5.17M","-3.66%"
"02/27/2020","18.840","18.850","18.990","18.120","4.44M","0.59%"
"02/26/2020","18.730","19.240","19.250","18.490","3.50M","-3.00%"
"02/25/2020","19.310","19.500","19.500","19.070","3.04M","0.00%"
"02/24/2020","19.310","19.300","19.480","19.210","2.88M","-0.97%"
"02/23/2020","19.500","19.210","19.620","19.210","777.13K","0.00%"
"02/20/2020","19.500","19.500","19.650","19.410","3.74M","0.00%"
"02/19/2020","19.500","19.310","19.650","19.310","5.26M","0.36%"
"02/18/2020","19.430","19.230","19.480","19.210","1.78M","1.62%"
"02/17/2020","19.120","19.180","19.450","19.120","2.28M","-0.57%"
"02/16/2020","19.230","19.250","19.470","19.220","372.59K","-0.88%"
"02/13/2020","19.400","19.500","19.500","19.290","3.63M","-0.41%"
"02/12/2020","19.480","19.800","19.800","19.290","3.62M","-0.51%"
"02/10/2020","19.580","20.240","20.240","19.260","4.20M","-3.93%"
"02/09/2020","20.380","20.380","20.590","20.300","446.10K","0.34%"
"02/06/2020","20.310","20.360","20.560","20.200","4.02M","-1.36%"
"02/05/2020","20.590","20.640","20.640","20.200","4.06M","-0.24%"
"02/04/2020","20.640","20.490","20.700","20.450","3.12M","1.67%"
"02/03/2020","20.300","20.490","20.490","20.200","5.03M","-0.68%"
"02/02/2020","20.440","20.440","20.490","20.350","365.83K","0.00%"
"01/30/2020","20.440","20.590","20.660","20.350","3.23M","0.15%"
"01/29/2020","20.410","20.200","20.650","20.200","1.78M","0.99%"
"01/28/2020","20.210","20.600","20.600","20.150","2.28M","-1.41%"
"01/27/2020","20.500","20.600","20.700","20.500","1.01M","-0.97%"
"01/26/2020","20.700","20.800","20.800","20.630","800.53K","-0.38%"
"01/23/2020","20.780","20.850","20.940","20.770","1.14M","-0.86%"
"01/22/2020","20.960","20.890","20.970","20.800","3.01M","0.34%"
"01/21/2020","20.890","20.900","20.900","20.800","1.01M","-0.05%"
"01/20/2020","20.900","21.000","21.000","20.810","2.56M","-0.48%"
"01/19/2020","21.000","21.000","21.000","20.950","2.41M","0.29%"
"01/16/2020","20.940","20.940","20.950","20.910","4.70M","-0.05%"
"01/15/2020","20.950","20.850","20.970","20.830","2.52M","-0.24%"
"01/14/2020","21.000","20.980","21.000","20.830","2.67M","0.24%"
"01/13/2020","20.950","20.650","21.250","20.650","2.55M","1.40%"
"01/12/2020","20.660","20.700","20.700","20.470","1.02M","-0.15%"
"01/09/2020","20.690","20.600","20.700","20.500","2.84M","0.83%"
"01/08/2020","20.520","20.350","20.590","20.350","2.24M","-0.15%"
"01/07/2020","20.550","20.550","20.550","20.400","1.56M","0.29%"
"01/06/2020","20.490","20.220","20.580","20.220","2.68M","0.94%"
"01/05/2020","20.300","20.540","20.540","20.130","2.60M","-1.36%"
"01/02/2020","20.580","20.450","20.680","20.450","840.29K","-0.05%"
"12/31/2019","20.590","20.590","20.690","20.370","8.80M","-0.44%"
"12/30/2019","20.680","20.580","20.680","20.350","3.08M","1.37%"
"12/29/2019","20.400","20.360","20.480","20.360","2.48M","-0.97%"
"12/26/2019","20.600","20.590","20.650","20.590","630.11K","-0.48%"
"12/25/2019","20.700","20.550","20.700","20.550","25.41K","0.73%"
"12/24/2019","20.550","20.900","20.900","20.430","745.42K","-1.63%"
"12/23/2019","20.890","20.120","20.890","20.120","2.77M","1.16%"
"12/22/2019","20.650","20.890","20.980","20.120","3.22M","2.94%"
"12/17/2019","20.060","19.320","20.060","19.320","10.52M","3.88%"
"12/16/2019","19.310","19.450","19.690","19.250","2.92M","0.05%"
"12/15/2019","19.300","19.550","19.550","19.240","2.27M","-0.21%"
"12/12/2019","19.340","19.350","19.670","19.340","3.02M","-0.67%"
"12/11/2019","19.470","19.450","19.660","19.450","1.24M","0.10%"
"12/10/2019","19.450","19.350","19.480","19.290","2.00M","0.73%"
"12/09/2019","19.310","19.620","19.650","19.310","2.44M","-2.43%"
"12/08/2019","19.790","19.510","19.800","19.510","1.50M","0.20%"
"12/05/2019","19.750","19.590","19.800","19.570","2.60M","0.87%"
"12/04/2019","19.580","19.410","19.580","19.400","7.33M","0.72%"
"12/03/2019","19.440","19.270","19.440","19.270","2.36M","0.31%"
"12/02/2019","19.380","19.430","19.450","19.380","3.44M","-0.31%"
"12/01/2019","19.440","19.400","19.440","19.130","539.15K","0.99%"
"11/28/2019","19.250","19.260","19.370","19.240","2.59M","0.10%"
"11/27/2019","19.230","19.230","19.240","19.190","3.34M","0.52%"
"11/26/2019","19.130","19.420","19.420","19.120","17.85M","-1.85%"
"11/25/2019","19.490","19.310","19.500","19.300","2.95M","0.41%"
"11/24/2019","19.410","19.450","19.470","19.280","1.17M","0.10%"
"11/21/2019","19.390","19.500","19.500","19.350","3.31M","-0.62%"
"11/20/2019","19.510","19.480","19.530","19.330","2.65M","0.10%"
"11/19/2019","19.490","19.310","19.490","19.300","2.75M","0.00%"
"11/18/2019","19.490","19.290","19.500","19.250","3.18M","0.57%"
"11/17/2019","19.380","19.580","19.580","19.380","459.84K","-1.07%"
"11/14/2019","19.590","19.220","19.590","19.140","2.80M","1.93%"
"11/13/2019","19.220","19.290","19.380","19.200","2.33M","-0.41%"
"11/12/2019","19.300","19.500","19.600","19.300","3.23M","-1.38%"
"11/11/2019","19.570","19.480","19.580","19.450","2.40M","1.08%"
"11/10/2019","19.360","19.470","19.550","19.350","86.59K","-0.62%"
"11/07/2019","19.480","19.480","19.590","19.380","2.34M","-0.51%"
"11/06/2019","19.580","19.400","19.600","19.400","877.85K","-0.56%"
"11/05/2019","19.690","19.260","19.690","19.100","2.38M","2.39%"
"11/04/2019","19.230","19.150","19.290","19.080","2.26M","0.42%"
"11/03/2019","19.150","19.410","19.410","19.150","508.67K","-0.26%"
"10/31/2019","19.200","19.630","19.630","19.200","3.53M","-1.49%"
"10/30/2019","19.490","19.400","19.490","19.220","1.29M","0.72%"
"10/29/2019","19.350","19.410","19.570","19.350","3.73M","-0.41%"
"10/28/2019","19.430","19.700","19.700","19.430","2.16M","-1.37%"
"10/27/2019","19.700","19.800","19.800","19.510","303.73K","-0.51%"
"10/24/2019","19.800","19.680","19.800","19.640","2.47M","0.61%"
"10/23/2019","19.680","19.710","19.710","19.520","1.08M","-0.20%"
"10/22/2019","19.720","19.260","19.760","19.260","2.33M","1.13%"
"10/21/2019","19.500","19.400","19.500","19.210","2.43M","0.15%"
"10/20/2019","19.470","19.460","19.560","19.380","92.51K","-0.51%"
"10/17/2019","19.570","19.330","19.570","19.330","2.16M","0.36%"
"10/16/2019","19.500","19.230","19.500","19.230","2.18M","0.52%"
"10/15/2019","19.400","19.220","19.400","19.210","4.97M","0.47%"
"10/14/2019","19.310","19.350","19.370","19.250","2.17M","-0.16%"
"10/13/2019","19.340","19.110","19.340","19.110","390.20K","0.26%"
"10/10/2019","19.290","19.280","19.290","19.090","2.00M","1.21%"
"10/09/2019","19.060","19.180","19.240","19.010","757.34K","-0.68%"
"10/08/2019","19.190","19.250","19.290","19.100","2.12M","-0.21%"
"10/07/2019","19.230","19.220","19.250","19.060","2.14M","-0.26%"
"10/06/2019","19.280","19.390","19.390","19.190","2.00M","-0.10%"
"10/03/2019","19.300","19.390","19.390","19.210","872.52K","-0.57%"
"10/02/2019","19.410","19.390","19.420","19.300","1.40M","0.05%"
"10/01/2019","19.400","19.200","19.400","19.160","2.53M","0.57%"
"09/30/2019","19.290","19.180","19.350","19.180","3.58M","0.47%"
"09/29/2019","19.200","19.370","19.370","19.200","505.22K","-0.05%"
"09/26/2019","19.210","19.400","19.450","19.170","1.69M","-0.98%"
"09/25/2019","19.400","19.160","19.400","19.040","1.91M","1.20%"
"09/24/2019","19.170","19.220","19.380","19.170","1.52M","-0.93%"
"09/23/2019","19.350","19.350","19.410","19.300","2.26M","0.00%"
"09/22/2019","19.350","19.500","19.510","19.290","1.24M","-2.12%"
"09/19/2019","19.770","19.500","19.770","19.110","10.94M","1.38%"
"09/18/2019","19.500","19.400","19.500","19.390","3.26M","0.00%"
"09/17/2019","19.500","19.400","19.500","19.250","1.86M","0.26%"
"09/16/2019","19.450","19.340","19.450","19.200","3.37M","1.25%"
"09/15/2019","19.210","19.220","19.350","19.200","989.13K","-1.23%"
"09/12/2019","19.450","19.300","19.500","19.200","2.52M","-0.21%"
"09/11/2019","19.490","19.300","19.490","19.080","2.85M","0.98%"
"09/10/2019","19.300","19.100","19.300","19.070","2.42M","1.21%"
"09/09/2019","19.070","19.200","19.330","19.000","3.38M","-0.63%"
"09/08/2019","19.190","19.300","19.310","19.050","628.16K","-0.42%"
"09/05/2019","19.270","19.500","19.500","19.270","2.75M","-1.18%"
"09/04/2019","19.500","19.300","19.500","19.150","3.03M","1.04%"
"09/03/2019","19.300","19.280","19.380","19.140","2.38M","1.05%"
"09/02/2019","19.100","19.210","19.380","19.100","2.47M","-0.57%"
"09/01/2019","19.210","19.140","19.300","19.000","2.05M","0.31%"
"08/29/2019","19.150","18.450","19.150","18.450","3.85M","3.40%"
"08/28/2019","18.520","18.500","18.590","18.250","1.37M","-0.22%"
"08/27/2019","18.560","18.250","18.560","17.900","12.64M","3.00%"
"08/26/2019","18.020","18.490","18.490","17.800","1.77M","-0.99%"
"08/25/2019","18.200","18.580","18.580","18.200","1.31M","-2.57%"
"08/22/2019","18.680","18.690","18.950","18.530","3.15M","0.32%"
"08/21/2019","18.620","18.060","18.650","18.060","3.17M","1.42%"
"08/20/2019","18.360","18.290","18.440","18.020","2.89M","2.00%"
"08/19/2019","18.000","18.400","18.400","17.900","2.71M","0.33%"
"08/18/2019","17.940","17.710","18.250","17.710","240.95K","1.36%"
"08/15/2019","17.700","17.000","17.890","16.960","3.31M","0.00%"
"08/14/2019","17.700","18.500","18.520","17.640","4.11M","-2.91%"
"08/08/2019","18.230","18.270","18.700","18.230","3.21M","-0.60%"
"08/07/2019","18.340","18.270","18.840","18.270","3.21M","0.49%"
"08/06/2019","18.250","18.210","18.700","18.210","4.39M","1.28%"
"08/05/2019","18.020","19.160","19.160","18.020","5.37M","-5.95%"
"08/04/2019","19.160","19.130","19.290","19.120","631.75K","-0.83%"
"08/01/2019","19.320","19.400","19.550","19.300","2.22M","-0.97%"
"07/31/2019","19.510","19.700","19.700","19.410","3.18M","-0.56%"
"07/30/2019","19.620","19.490","19.650","19.350","3.15M","0.62%"
"07/29/2019","19.500","19.320","19.500","19.320","2.33M","1.04%"
"07/28/2019","19.300","19.490","19.490","19.300","118.75K","-1.03%"
"07/25/2019","19.500","19.350","19.500","19.330","2.11M","0.78%"
"07/24/2019","19.350","19.250","19.350","19.240","2.17M","0.68%"
"07/23/2019","19.220","19.340","19.350","19.200","2.19M","-0.31%"
"07/22/2019","19.280","19.050","19.290","19.010","2.07M","1.47%"
"07/21/2019","19.000","19.250","19.280","19.000","329.32K","-1.30%"
"07/18/2019","19.250","19.140","19.300","19.140","2.04M","-0.41%"
"07/17/2019","19.330","19.250","19.350","19.110","2.38M","0.42%"
"07/16/2019","19.250","19.300","19.300","19.170","2.37M","-0.05%"
"07/15/2019","19.260","19.270","19.280","19.170","2.00M","0.52%"
"07/14/2019","19.160","19.250","19.250","19.110","144.44K","-0.47%"
"07/11/2019","19.250","19.220","19.250","19.000","2.54M","0.21%"
"07/10/2019","19.210","19.000","19.210","19.000","1.54M","1.69%"
"07/09/2019","18.890","18.830","19.070","18.820","1.91M","0.37%"
"07/08/2019","18.820","19.200","19.200","18.820","2.25M","-1.47%"
"07/07/2019","19.100","19.390","19.390","19.060","684.97K","-0.93%"
"07/04/2019","19.280","19.100","19.300","19.100","1.00M","-0.10%"
"07/03/2019","19.300","19.010","19.300","19.000","837.23K","0.78%"
"07/02/2019","19.150","19.060","19.180","19.010","1.02M","-0.31%"
"07/01/2019","19.210","19.210","19.290","18.820","1.03M","0.00%"
"06/30/2019","19.210","19.000","19.330","19.000","398.24K","0.95%"
"06/27/2019","19.030","19.000","19.100","18.950","3.47M","0.42%"
"06/26/2019","18.950","19.110","19.150","18.900","2.64M","-0.26%"
"06/25/2019","19.000","19.320","19.320","18.750","2.19M","-0.37%"
"06/24/2019","19.070","19.390","19.390","19.030","970.14K","-1.40%"
"06/23/2019","19.340","19.450","19.600","19.340","1.56M","-1.93%"
"06/20/2019","19.720","19.050","19.720","18.710","7.25M","3.52%"
"06/19/2019","19.050","19.100","19.100","18.800","1.44M","-0.26%"
"06/18/2019","19.100","19.190","19.190","18.710","2.06M","-0.47%"
"06/17/2019","19.190","19.430","19.430","18.820","3.58M","0.58%"
"06/16/2019","19.080","19.000","19.150","19.000","641.66K","2.20%"
"06/13/2019","18.670","19.700","19.800","18.670","3.48M","-4.31%"
"06/12/2019","19.510","19.400","19.610","19.350","3.19M","0.05%"
"06/11/2019","19.500","19.250","19.577","19.101","4.13M","2.09%"
"06/10/2019","19.100","18.738","19.100","18.599","4.59M","3.78%"
"06/09/2019","18.405","18.420","18.850","18.405","1.10M","-1.05%"
"06/03/2019","18.600","18.393","18.800","18.150","9.86M","1.64%"
"06/02/2019","18.300","18.799","18.799","18.200","2.53M","-2.66%"
"05/30/2019","18.800","17.999","19.300","17.850","5.47M","4.44%"
"05/29/2019","18.000","17.300","18.100","17.300","1.54M","3.75%"
"05/28/2019","17.350","17.000","17.398","17.000","16.76M","1.76%"
"05/27/2019","17.050","16.465","17.400","16.465","2.12M","2.22%"
"05/26/2019","16.680","16.999","16.999","16.550","1.30M","-0.12%"
"05/23/2019","16.700","16.900","16.900","16.552","2.27M","-1.18%"
"05/22/2019","16.900","16.850","17.249","16.850","1.05M","0.30%"
"05/21/2019","16.850","17.260","17.265","16.850","2.28M","-2.38%"
"05/20/2019","17.260","17.699","17.706","17.260","2.05M","-1.32%"
"05/19/2019","17.490","17.500","17.589","17.460","953.32K","-0.34%"
"05/16/2019","17.550","17.794","17.794","17.550","3.51M","-0.28%"
"05/15/2019","17.600","17.600","17.898","17.580","3.69M","0.00%"
"05/14/2019","17.600","17.651","17.989","17.600","5.34M","0.00%"
"05/13/2019","17.600","18.011","18.011","17.500","3.25M","-2.77%"
"05/12/2019","18.101","18.300","18.400","18.101","196.72K","-0.82%"
"05/09/2019","18.250","18.501","18.649","18.099","3.70M","-2.41%"
"05/08/2019","18.700","18.652","18.750","18.501","2.58M","-0.50%"
"05/07/2019","18.794","18.601","19.200","18.601","2.59M","-1.34%"
"05/06/2019","19.050","19.380","19.380","18.901","2.19M","-2.30%"
"05/05/2019","19.499","19.550","19.790","19.499","232.38K","-0.21%"
"05/02/2019","19.540","19.499","19.540","19.401","2.17M","0.46%"
"05/01/2019","19.450","19.599","19.599","19.202","2.16M","-0.76%"
"04/30/2019","19.599","19.500","19.599","19.323","1.58M","0.00%"
"04/29/2019","19.599","19.300","19.600","19.300","2.13M","0.25%"
"04/28/2019","19.550","19.511","19.700","19.505","1.16M","-1.10%"
"04/25/2019","19.767","19.600","19.802","19.499","2.54M","0.65%"
"04/24/2019","19.640","19.100","19.640","19.100","3.91M","2.83%"
"04/23/2019","19.100","18.800","19.100","18.800","2.94M","2.14%"
"04/22/2019","18.700","18.320","18.798","18.300","2.54M","2.19%"
"04/21/2019","18.300","18.300","18.390","18.299","2.33M","0.00%"
"04/18/2019","18.300","17.860","18.300","17.860","2.72M","1.12%"
"04/17/2019","18.098","17.900","18.098","17.800","2.30M","0.27%"
"04/16/2019","18.050","17.990","18.050","17.961","2.29M","0.56%"
"04/15/2019","17.950","18.000","18.030","17.950","3.36M","-0.50%"
"04/14/2019","18.040","18.002","18.048","17.999","2.12M","0.22%"
"04/11/2019","18.000","18.000","18.023","17.930","2.13M","-0.55%"
"04/10/2019","18.099","17.999","18.099","17.900","2.59M","0.00%"
"04/09/2019","18.099","18.099","18.099","17.998","2.90M","-0.01%"
"04/08/2019","18.100","17.850","18.100","17.850","1.44M","1.17%"
"04/07/2019","17.890","17.711","17.890","17.711","472.04K","1.07%"
"04/04/2019","17.700","17.576","17.850","17.576","893.63K","0.83%"
"04/03/2019","17.555","17.615","17.699","17.510","1.60M","-1.04%"
"04/02/2019","17.740","17.995","17.995","17.740","947.46K","-0.39%"
"04/01/2019","17.810","18.000","18.080","17.810","1.52M","-1.48%"
"03/31/2019","18.077","18.080","18.080","18.022","257.07K","0.15%"
"03/28/2019","18.050","18.079","18.080","17.900","6.06M","-0.17%"
"03/27/2019","18.080","17.710","18.080","17.710","5.98M","2.09%"
"03/26/2019","17.710","17.655","17.899","17.655","4.02M","-1.59%"
"03/25/2019","17.997","17.800","17.999","17.621","1.80M","1.05%"
"03/24/2019","17.810","17.901","17.902","17.810","218.24K","-1.06%"
"03/21/2019","18.000","18.060","18.060","17.806","1.48M","0.01%"
"03/20/2019","17.999","17.823","17.999","17.820","1.37M","1.12%"
"03/19/2019","17.800","18.060","18.060","17.800","1.43M","-1.22%"
"03/18/2019","18.020","17.969","18.060","17.781","4.13M","1.47%"
"03/17/2019","17.759","17.900","18.050","17.750","506.20K","-0.79%"
"03/14/2019","17.900","17.726","17.900","17.525","7.18M","0.56%"
"03/13/2019","17.801","17.751","17.890","17.751","758.52K","0.29%"
"03/12/2019","17.750","17.979","17.979","17.750","563.57K","0.23%"
"03/11/2019","17.710","17.999","17.999","17.710","708.45K","-0.39%"
"03/10/2019","17.780","17.701","18.000","17.701","664.59K","-0.67%"
"03/07/2019","17.900","18.010","18.140","17.900","1.37M","-1.32%"
"03/06/2019","18.140","18.200","18.200","18.005","1.16M","-0.33%"
"03/05/2019","18.200","18.700","18.710","18.200","1.52M","-2.67%"
"03/04/2019","18.700","18.914","18.940","18.700","2.89M","-0.64%"
"02/28/2019","18.820","18.900","18.920","18.801","5.00M","-0.37%"
"02/27/2019","18.890","18.707","19.000","18.698","2.73M","1.02%"
"02/26/2019","18.700","18.000","18.790","17.999","4.99M","3.89%"
"02/25/2019","17.999","17.801","18.000","17.801","2.81M","0.83%"
"02/24/2019","17.850","17.998","18.000","17.820","1.09M","-0.83%"
"02/21/2019","17.999","17.700","18.000","17.700","4.11M","2.04%"
"02/20/2019","17.640","17.545","17.780","17.400","8.02M","0.94%"
"02/19/2019","17.475","17.789","17.789","17.450","2.63M","-1.24%"
"02/18/2019","17.695","17.800","17.800","17.648","3.03M","-0.59%"
"02/17/2019","17.800","17.870","17.870","17.700","848.22K","0.51%"
"02/14/2019","17.710","17.800","18.089","17.710","3.98M","-1.12%"
"02/13/2019","17.910","18.200","18.250","17.900","4.56M","-1.05%"
"02/11/2019","18.100","18.500","18.674","18.100","2.46M","-5.19%"
"02/10/2019","19.090","19.000","19.090","18.950","648.06K","-0.05%"
"02/07/2019","19.099","19.170","19.390","19.099","841.06K","-1.55%"
"02/06/2019","19.400","19.399","19.400","19.170","1.81M","-0.49%"
"02/05/2019","19.495","19.499","19.500","19.073","824.25K","-0.28%"
"02/04/2019","19.549","19.550","19.550","19.500","2.01M","-0.26%"
"02/03/2019","19.600","19.750","19.750","19.581","698.65K","-1.01%"
"01/31/2019","19.799","19.798","19.799","19.650","3.87M","-0.01%"
"01/30/2019","19.800","19.799","19.800","19.700","2.04M","0.01%"
"01/29/2019","19.799","19.700","19.800","19.698","3.32M","-0.26%"
"01/28/2019","19.850","19.750","19.850","19.700","3.23M","0.00%"
"01/27/2019","19.850","19.850","19.850","19.798","1.29M","0.00%"
"01/24/2019","19.850","19.800","19.850","19.600","2.28M","0.26%"
"01/23/2019","19.798","19.800","19.800","19.500","1.55M","-0.01%"
"01/22/2019","19.800","19.602","19.800","19.602","2.49M","0.01%"
"01/21/2019","19.799","19.800","19.800","19.761","2.34M","0.02%"
"01/20/2019","19.795","19.800","19.800","19.750","849.59K","-0.03%"
"01/17/2019","19.800","19.900","19.900","19.499","2.30M","-0.50%"
"01/16/2019","19.900","19.690","20.000","19.600","4.12M","-0.50%"
"01/15/2019","20.000","19.800","20.000","19.600","2.46M","1.01%"
"01/14/2019","19.800","19.710","19.800","19.500","3.30M","0.76%"
"01/13/2019","19.651","19.800","19.801","19.611","1.36M","-0.50%"
"01/10/2019","19.750","19.435","19.750","19.400","3.16M","0.77%"
"01/09/2019","19.600","19.500","19.601","19.490","2.53M","0.51%"
"01/08/2019","19.500","19.600","19.600","19.499","2.34M","-1.01%"
"01/07/2019","19.698","19.400","19.720","19.300","3.86M","1.09%"
"01/06/2019","19.486","19.301","19.499","19.301","445.15K","0.78%"
"01/03/2019","19.335","19.200","19.379","18.999","2.31M","0.29%"
"01/02/2019","19.280","19.499","19.499","19.199","1.24M","-1.13%"
"12/31/2018","19.500","19.265","19.500","19.265","1.01M","0.52%"
"12/30/2018","19.400","19.500","19.500","19.300","324.10K","-0.51%"
"12/27/2018","19.500","19.270","19.500","19.270","1.11M","0.78%"
"12/26/2018","19.349","19.300","19.349","19.260","69.54K","0.25%"
"12/25/2018","19.300","19.400","19.400","19.260","36.59K","-1.53%"
"12/24/2018","19.600","19.398","19.600","19.121","1.00M","1.03%"
"12/23/2018","19.400","19.500","19.500","19.110","623.31K","-0.14%"
"12/20/2018","19.428","19.798","19.799","19.100","5.70M","-1.87%"
"12/19/2018","19.799","19.799","19.800","19.650","2.47M","-0.01%"
"12/17/2018","19.800","19.451","19.800","19.451","2.99M","1.02%"
"12/16/2018","19.600","19.499","19.600","19.498","1.18M","-0.25%"
"12/13/2018","19.650","19.450","19.650","19.380","2.76M","0.77%"
"12/12/2018","19.500","19.788","19.788","19.453","1.10M","0.00%"
"12/11/2018","19.500","19.750","19.799","19.500","2.42M","-1.01%"
"12/10/2018","19.699","19.600","19.750","19.600","1.25M","0.25%"
"12/09/2018","19.650","19.680","19.800","19.600","470.39K","-0.15%"
"12/06/2018","19.680","19.402","19.680","19.399","1.58M","1.44%"
"12/05/2018","19.400","19.900","19.999","19.304","2.34M","-2.51%"
"12/04/2018","19.900","20.050","20.050","19.900","2.38M","-0.74%"
"12/03/2018","20.049","19.898","20.049","19.895","4.06M","1.77%"
"12/02/2018","19.701","19.800","19.800","19.701","114.21K","-1.25%"
"11/29/2018","19.950","19.790","19.950","19.700","8.42M","0.76%"
"11/28/2018","19.800","19.600","19.800","19.600","2.67M","0.00%"
"11/27/2018","19.800","19.780","19.800","19.675","3.27M","0.06%"
"11/26/2018","19.789","19.747","19.800","19.412","1.96M","1.85%"
"11/25/2018","19.430","19.501","19.785","19.401","198.16K","-1.86%"
"11/22/2018","19.799","19.400","19.900","19.400","1.58M","0.60%"
"11/21/2018","19.680","19.310","19.680","19.115","2.24M","1.92%"
"11/20/2018","19.310","19.601","19.899","19.200","1.88M","-3.44%"
"11/19/2018","19.998","19.520","19.998","19.330","3.88M","1.93%"
"11/18/2018","19.619","19.200","19.690","19.200","653.05K","0.11%"
"11/15/2018","19.597","18.955","19.597","18.955","1.72M","2.87%"
"11/14/2018","19.050","19.300","19.300","18.689","1.46M","-1.51%"
"11/13/2018","19.343","19.300","19.490","19.300","728.24K","-0.75%"
"11/12/2018","19.489","19.400","19.490","19.252","1.29M","1.52%"
"11/11/2018","19.198","19.400","19.401","19.000","170.55K","-0.01%"
"11/08/2018","19.200","19.000","19.348","19.000","3.25M","3.14%"
"11/07/2018","18.616","19.270","19.600","18.616","1.52M","-3.29%"
"11/06/2018","19.250","19.999","19.999","19.101","2.68M","-3.74%"
"11/05/2018","19.998","19.650","19.998","19.500","3.71M","2.29%"
"11/04/2018","19.550","19.301","19.745","19.301","995.29K","0.77%"
"11/01/2018","19.400","19.004","19.701","19.004","1.00M","-0.51%"
"10/31/2018","19.500","18.501","19.540","18.501","5.06M","5.41%"
"10/30/2018","18.500","18.950","19.120","18.500","2.10M","-2.63%"
"10/29/2018","19.000","18.802","19.001","18.802","5.03M","1.05%"
"10/28/2018","18.802","18.999","18.999","18.802","280.52K","0.00%"
"10/25/2018","18.802","18.750","18.998","18.699","1.37M","0.01%"
"10/24/2018","18.800","18.703","18.800","18.700","2.85M","0.00%"
"10/23/2018","18.800","18.599","18.800","18.597","2.06M","1.08%"
"10/22/2018","18.600","18.380","18.610","18.216","3.68M","1.64%"
"10/21/2018","18.300","18.320","18.320","18.264","187.88K","-0.22%"
"10/18/2018","18.341","18.199","18.341","18.100","3.15M","0.77%"
"10/17/2018","18.200","18.000","18.200","18.000","3.91M","1.23%"
"10/16/2018","17.979","17.700","17.979","17.700","1.38M","1.57%"
"10/15/2018","17.701","17.990","17.990","17.626","1.29M","-0.61%"
"10/14/2018","17.810","17.851","18.000","17.610","579.53K","-1.06%"
"10/11/2018","18.000","17.883","18.200","17.700","1.91M","0.00%"
"10/10/2018","18.000","17.870","18.200","17.800","2.95M","2.21%"
"10/09/2018","17.610","17.651","17.750","17.610","572.91K","-0.51%"
"10/08/2018","17.700","17.901","18.079","17.700","780.48K","-1.06%"
"10/07/2018","17.890","17.949","17.950","17.820","383.15K","-0.60%"
"10/04/2018","17.998","17.999","18.050","17.900","2.97M","0.49%"
"10/03/2018","17.910","17.840","18.000","17.795","1.88M","0.73%"
"10/02/2018","17.780","17.602","17.848","17.602","1.36M","0.00%"
"10/01/2018","17.780","17.745","17.900","17.650","1.20M","0.45%"
"09/30/2018","17.700","17.552","17.980","17.500","1.76M","0.00%"
"09/27/2018","17.700","17.540","17.790","17.330","2.82M","1.73%"
"09/26/2018","17.399","17.402","17.550","17.320","3.28M","-0.57%"
"09/25/2018","17.499","17.300","17.700","17.300","3.51M","-0.01%"
"09/24/2018","17.500","17.630","17.699","17.359","3.59M","-0.74%"
"09/23/2018","17.630","17.501","17.800","17.500","2.23M","0.74%"
"09/20/2018","17.500","17.501","17.550","17.402","5.23M","0.00%"
"09/19/2018","17.500","17.500","17.650","17.400","2.39M","0.00%"
"09/18/2018","17.500","17.400","17.650","17.400","2.54M","0.57%"
"09/17/2018","17.400","17.800","17.800","17.400","860.34K","-2.82%"
"09/16/2018","17.904","17.900","18.050","17.850","1.07M","-0.81%"
"09/13/2018","18.050","18.001","18.080","17.950","2.65M","0.27%"
"09/12/2018","18.001","17.902","18.200","17.902","4.02M","0.49%"
"09/11/2018","17.914","17.811","17.928","17.620","2.19M","0.34%"
"09/10/2018","17.853","17.600","17.890","17.600","2.21M","1.72%"
"09/09/2018","17.551","17.801","17.801","17.551","680.83K","-1.45%"
"09/06/2018","17.810","17.550","17.810","17.550","2.17M","-0.22%"
"09/05/2018","17.850","17.500","17.850","17.401","2.29M","1.70%"
"09/04/2018","17.551","17.340","17.699","17.340","429.38K","0.29%"
"09/03/2018","17.500","17.750","17.800","17.500","749.12K","-1.35%"
"09/02/2018","17.740","17.800","17.800","17.700","451.66K","-0.34%"
"08/30/2018","17.800","17.500","17.800","17.499","4.34M","1.71%"
"08/29/2018","17.500","17.005","17.700","17.000","2.20M","0.00%"
"08/28/2018","17.500","17.210","17.745","17.210","2.34M","0.57%"
"08/27/2018","17.400","16.451","17.400","16.451","2.36M","6.10%"
"08/26/2018","16.400","16.697","16.697","16.380","685.05K","0.29%"
"08/16/2018","16.352","16.351","16.402","16.302","2.49M","0.01%"
"08/15/2018","16.350","16.350","16.363","16.300","1.75M","0.00%"
"08/14/2018","16.350","16.200","16.435","16.175","2.07M","0.93%"
"08/13/2018","16.200","16.630","16.700","16.200","1.78M","-2.56%"
"08/12/2018","16.625","17.299","17.299","16.625","2.15M","-4.73%"
"08/09/2018","17.450","17.540","17.540","17.400","2.31M","-0.29%"
"08/08/2018","17.500","17.550","17.550","17.400","4.90M","0.57%"
"08/07/2018","17.400","17.350","17.550","17.350","1.69M","-0.51%"
"08/06/2018","17.490","17.410","17.500","17.330","2.30M","-0.06%"
"08/05/2018","17.500","17.990","17.990","17.500","1.16M","-2.23%"
"08/02/2018","17.899","17.800","17.997","17.766","1.20M","-0.01%"
"08/01/2018","17.900","17.399","17.900","17.200","3.43M","2.29%"
"07/31/2018","17.500","16.599","17.500","16.595","5.11M","5.42%"
"07/30/2018","16.600","16.480","16.600","16.399","3.82M","0.73%"
"07/29/2018","16.479","16.480","16.480","16.253","345.45K","-0.01%"
"07/26/2018","16.480","16.460","16.480","16.220","1.97M","0.00%"
"07/25/2018","16.480","16.150","16.480","16.150","5.56M","0.00%"
"07/24/2018","16.480","16.149","16.480","16.140","3.50M","2.04%"
"07/23/2018","16.150","15.995","16.150","15.980","1.44M","2.09%"
"07/22/2018","15.820","15.550","16.075","15.550","392.98K","-0.50%"
"07/19/2018","15.900","15.900","15.949","15.853","1.44M","0.00%"
"07/18/2018","15.900","16.100","16.100","15.900","5.86M","-1.24%"
"07/17/2018","16.100","16.100","16.100","15.900","426.28K","0.00%"
"07/16/2018","16.100","15.899","16.100","15.899","2.47M","1.24%"
"07/15/2018","15.903","15.803","15.903","15.803","107.63K","0.62%"
"07/12/2018","15.805","15.802","16.100","15.802","1.26M","-1.59%"
"07/11/2018","16.060","15.940","16.080","15.935","1.23M","0.44%"
"07/10/2018","15.990","15.850","15.990","15.662","1.43M","2.17%"
"07/09/2018","15.650","15.900","16.000","15.600","986.06K","-0.95%"
"07/08/2018","15.800","15.500","15.980","15.500","808.24K","1.94%"
"07/05/2018","15.500","15.450","15.500","15.450","2.05M","0.65%"
"07/04/2018","15.400","15.356","15.479","15.355","239.49K","-0.32%"
"07/03/2018","15.450","15.300","15.496","15.300","3.48M","0.52%"
"07/02/2018","15.370","15.390","15.430","15.230","3.95M","-0.13%"
"07/01/2018","15.390","15.400","15.400","15.299","784.84K","1.25%"
"06/28/2018","15.200","15.150","15.200","15.150","3.97M","0.63%"
"06/27/2018","15.105","15.201","15.220","15.101","2.61M","-0.30%"
"06/26/2018","15.151","15.250","15.250","15.133","1.00M","-0.33%"
"06/25/2018","15.201","15.475","15.475","15.200","2.02M","-1.29%"
"06/24/2018","15.400","15.300","15.445","15.211","3.17M","1.32%"
"06/21/2018","15.200","15.070","15.406","15.070","5.25M","0.40%"
"06/20/2018","15.140","15.700","15.700","15.070","10.02M","-4.42%"
"06/14/2018","15.840","15.820","15.840","15.511","100.20M","0.51%"
"06/13/2018","15.760","15.651","15.900","15.650","12.22M","-0.36%"
"06/12/2018","15.817","16.000","16.000","15.800","11.95M","-1.54%"
"06/11/2018","16.065","16.213","16.300","16.051","15.22M","-1.42%"
"06/10/2018","16.297","16.399","16.399","16.206","4.28M","-0.63%"
"06/07/2018","16.400","16.400","16.440","16.400","9.05M","-0.30%"
"06/06/2018","16.450","16.449","16.500","16.400","5.64M","0.00%"
"06/05/2018","16.450","16.240","16.499","16.240","6.73M","0.49%"
"06/04/2018","16.370","16.080","16.370","16.074","15.73M","2.76%"
"06/03/2018","15.931","15.999","16.050","15.900","6.47M","0.43%"
"05/31/2018","15.862","15.999","16.300","15.300","115.49M","-0.49%"
"05/30/2018","15.940","16.025","16.229","15.700","15.16M","-2.06%"
"05/29/2018","16.275","16.200","16.500","16.200","27.85M","0.47%"
"05/28/2018","16.199","15.770","16.300","15.770","21.08M","2.85%"
"05/27/2018","15.750","15.990","15.999","15.711","3.53M","-1.50%"
"05/24/2018","15.990","15.989","16.000","15.985","6.80M","0.01%"
"05/23/2018","15.989","16.000","16.070","15.800","7.28M","-0.07%"
"05/22/2018","16.000","15.900","16.000","15.810","11.87M","0.64%"
"05/21/2018","15.899","15.225","15.900","15.225","11.33M","3.92%"
"05/20/2018","15.300","15.499","15.499","15.210","1.52M","-1.26%"
"05/17/2018","15.495","15.499","15.500","15.358","15.70M","-0.01%"
"05/16/2018","15.497","15.301","15.500","15.301","7.39M","0.96%"
"05/15/2018","15.350","15.500","15.560","15.350","14.11M","2.41%"
"05/14/2018","14.989","14.500","15.000","14.500","2.84M","3.37%"
"05/13/2018","14.500","14.400","14.500","14.400","1.17M","1.18%"
"05/10/2018","14.331","14.600","14.890","14.275","2.24M","-1.51%"
"05/09/2018","14.551","14.969","14.969","14.501","825.78K","-1.07%"
"05/08/2018","14.709","14.820","14.979","14.709","1.15M","-2.52%"
"05/07/2018","15.090","14.850","15.090","14.797","604.00K","1.62%"
"05/06/2018","14.850","14.948","14.948","14.800","749.94K","0.58%"
"05/03/2018","14.764","14.997","14.998","14.764","2.36M","-1.90%"
"05/02/2018","15.050","14.915","15.050","14.725","1.35M","0.91%"
"05/01/2018","14.915","15.150","15.151","14.915","806.25K","-1.23%"
"04/30/2018","15.100","15.005","15.149","14.950","1.90M","0.53%"
"04/29/2018","15.021","15.050","15.100","15.020","910.43K","0.06%"
"04/26/2018","15.012","15.170","15.197","15.011","639.42K","-0.91%"
"04/25/2018","15.150","15.062","15.201","15.060","1.14M","0.58%"
"04/24/2018","15.062","15.300","15.302","15.062","1.57M","-1.55%"
"04/23/2018","15.299","15.490","15.500","15.201","1.95M","-0.01%"
"04/22/2018","15.300","15.900","15.900","15.300","398.92K","-0.33%"
"04/19/2018","15.350","14.700","15.500","14.700","8.94M","5.14%"
"04/18/2018","14.600","14.350","14.650","14.350","2.28M","1.40%"
"04/17/2018","14.399","14.398","14.399","14.212","1.64M","0.47%"
"04/16/2018","14.332","14.399","14.399","14.200","2.20M","0.94%"
"04/15/2018","14.199","14.400","14.400","14.150","1.63M","-0.71%"
"04/12/2018","14.300","14.251","14.300","14.102","1.17M","-0.69%"
"04/11/2018","14.399","13.805","14.450","13.805","2.99M","0.56%"
"04/10/2018","14.319","14.022","14.319","13.998","4.08M","1.55%"
"04/09/2018","14.100","13.750","14.100","13.750","3.18M","2.10%"
"04/08/2018","13.810","13.768","13.820","13.768","1.07M","0.07%"
"04/05/2018","13.800","13.599","13.800","13.420","1.44M","2.60%"
"04/04/2018","13.450","13.399","13.551","13.399","1.63M","0.46%"
"04/03/2018","13.389","13.279","13.389","13.248","2.45M","0.29%"
"04/02/2018","13.350","13.220","13.380","13.220","2.75M","1.05%"
"04/01/2018","13.211","13.101","13.400","13.100","262.25K","1.62%"
"03/29/2018","13.000","13.001","13.252","13.000","3.78M","-0.01%"
"03/28/2018","13.001","13.370","13.370","12.960","2.38M","-2.25%"
"03/27/2018","13.300","13.600","13.600","13.211","1.77M","0.00%"
"03/26/2018","13.300","13.300","13.600","13.300","822.53K","-0.38%"
"03/25/2018","13.351","13.500","13.550","13.311","1.29M","-1.10%"
"03/22/2018","13.500","13.532","13.670","13.500","1.20M","-0.16%"
"03/21/2018","13.521","13.650","13.700","13.521","1.76M","-1.23%"
"03/20/2018","13.689","13.530","13.729","13.530","5.86M","-0.43%"
"03/19/2018","13.748","13.700","13.780","13.690","2.40M","1.75%"
"03/18/2018","13.511","13.661","13.700","13.511","2.71M","-3.48%"
"03/15/2018","13.998","13.600","13.998","13.500","6.22M","2.93%"
"03/14/2018","13.600","13.700","13.700","13.250","3.31M","-2.02%"
"03/13/2018","13.880","14.278","14.278","13.600","14.59M","6.93%"
"03/12/2018","12.980","12.100","12.980","12.100","8.60M","10.00%"
"03/11/2018","11.800","11.950","11.950","11.666","443.53K","0.85%"
"03/08/2018","11.701","11.970","11.970","11.701","883.62K","-0.85%"
"03/07/2018","11.801","11.950","11.950","11.801","778.86K","-0.42%"
"03/06/2018","11.851","12.000","12.050","11.850","865.45K","-0.41%"
"03/05/2018","11.900","12.101","12.350","11.800","2.09M","-1.65%"
"03/01/2018","12.100","12.080","12.200","12.080","655.35K","1.26%"
"02/28/2018","11.950","12.180","12.289","11.950","2.52M","-1.89%"
"02/27/2018","12.180","12.400","12.400","12.180","1.14M","-0.98%"
"02/26/2018","12.301","12.625","12.630","12.301","999.11K","-3.13%"
"02/25/2018","12.699","12.700","12.700","12.560","361.42K","-0.01%"
"02/22/2018","12.700","12.700","12.705","12.680","437.99K","-0.62%"
"02/21/2018","12.779","12.750","12.779","12.600","1.28M","-0.08%"
"02/20/2018","12.789","12.770","12.800","12.730","604.41K","-0.24%"
"02/19/2018","12.820","12.800","12.949","12.800","1.46M","0.31%"
"02/18/2018","12.780","12.700","12.871","12.699","3.12M","0.63%"
"02/15/2018","12.700","12.700","12.774","12.631","1.23M","0.79%"
"02/14/2018","12.600","12.560","12.730","12.560","1.41M","-0.03%"
"02/12/2018","12.604","12.780","12.780","12.412","2.01M","-4.62%"
"02/11/2018","13.215","12.900","13.290","12.600","2.06M","3.24%"
"02/08/2018","12.800","12.939","12.939","12.800","2.04M","0.01%"
"02/07/2018","12.799","12.770","12.900","12.761","2.27M","1.98%"
"02/06/2018","12.550","12.850","12.900","12.550","2.13M","-3.46%"
"02/05/2018","13.000","13.300","13.300","12.911","1.95M","-2.99%"
"02/04/2018","13.400","13.697","13.697","13.300","1.36M","-1.25%"
"02/01/2018","13.570","13.599","13.600","13.455","679.13K","0.37%"
"01/31/2018","13.520","13.650","13.700","13.520","2.50M","-2.03%"
"01/30/2018","13.800","13.800","13.890","13.750","1.36M","-1.08%"
"01/29/2018","13.950","13.651","13.950","13.650","1.82M","2.35%"
"01/28/2018","13.630","13.900","13.950","13.630","578.19K","-2.57%"
"01/25/2018","13.989","13.700","13.989","13.700","3.06M","1.96%"
"01/24/2018","13.720","13.738","13.748","13.600","2.00M","-0.14%"
"01/23/2018","13.739","13.650","13.750","13.650","2.01M","-0.08%"
"01/22/2018","13.750","13.600","13.755","13.505","1.62M","1.10%"
"01/21/2018","13.600","13.700","13.725","13.570","2.32M","-1.37%"
"01/18/2018","13.789","13.749","13.789","13.699","1.31M","0.65%"
"01/17/2018","13.700","13.650","13.780","13.431","3.84M","0.74%"
"01/16/2018","13.600","13.540","13.600","13.400","2.37M","2.09%"
"01/15/2018","13.321","13.450","13.650","13.321","3.06M","-0.96%"
"01/14/2018","13.450","13.320","13.520","13.320","2.94M","1.13%"
"01/11/2018","13.300","13.100","13.300","13.100","1.84M","1.53%"
"01/10/2018","13.100","13.000","13.100","12.960","2.94M","0.19%"
"01/09/2018","13.075","13.100","13.100","12.901","1.87M","-0.11%"
"01/08/2018","13.090","12.899","13.090","12.850","2.72M","2.43%"
"01/07/2018","12.780","12.701","12.799","12.698","1.65M","0.63%"
"01/04/2018","12.700","12.735","12.785","12.700","2.19M","-0.78%"
"01/03/2018","12.800","12.730","12.899","12.730","1.24M","0.71%"
"01/02/2018","12.710","12.600","12.725","12.600","1.60M","0.87%"
"12/31/2017","12.601","12.443","12.879","12.443","786.28K","-0.77%"
"12/28/2017","12.699","12.800","12.800","12.599","1.54M","-0.71%"
"12/27/2017","12.790","12.995","12.995","12.716","2.36M","-0.24%"
"12/26/2017","12.821","12.950","12.950","12.800","1.32M","0.12%"
"12/25/2017","12.805","12.990","12.990","12.805","777.17K","-0.51%"
"12/24/2017","12.870","13.100","13.100","12.810","499.34K","-1.20%"
"12/21/2017","13.026","12.950","13.099","12.950","2.12M","0.20%"
"12/20/2017","13.000","13.099","13.099","12.860","2.78M","-0.52%"
"12/19/2017","13.068","12.350","13.070","12.350","5.69M","4.97%"
"12/14/2017","12.449","12.350","12.449","12.251","6.29M","0.73%"
"12/13/2017","12.359","12.299","12.395","12.299","1.80M","0.56%"
"12/12/2017","12.290","12.275","12.290","12.199","973.73K","0.16%"
"12/11/2017","12.270","11.910","12.270","11.900","1.43M","2.25%"
"12/10/2017","12.000","11.802","12.100","11.802","171.85K","1.18%"
"12/07/2017","11.860","11.710","11.970","11.710","1.68M","0.51%"
"12/06/2017","11.800","11.860","12.035","11.800","3.40M","-3.28%"
"12/05/2017","12.200","12.000","12.200","11.999","5.39M","1.70%"
"12/04/2017","11.996","11.711","12.000","11.711","3.90M","2.51%"
"12/03/2017","11.702","11.602","11.800","11.602","836.98K","0.02%"
"11/30/2017","11.700","11.740","11.750","11.551","7.45M","-0.09%"
"11/29/2017","11.710","11.610","11.720","11.610","6.31M","-0.09%"
"11/28/2017","11.720","11.630","11.741","11.501","2.30M","0.43%"
"11/27/2017","11.670","11.600","11.700","11.600","4.74M","0.60%"
"11/26/2017","11.600","11.700","11.700","11.593","6.25M","-1.04%"
"11/23/2017","11.722","11.950","11.950","11.722","1.63M","-1.83%"
"11/22/2017","11.940","11.890","11.950","11.890","2.37M","0.34%"
"11/21/2017","11.900","11.900","11.900","11.600","2.99M","0.85%"
"11/20/2017","11.800","12.050","12.050","11.800","2.49M","-1.87%"
"11/19/2017","12.025","11.901","12.120","11.901","2.99M","-0.58%"
"11/16/2017","12.095","12.060","12.095","12.000","3.06M","0.97%"
"11/15/2017","11.979","12.002","12.120","11.979","2.89M","-0.84%"
"11/14/2017","12.080","12.100","12.100","12.000","3.64M","0.09%"
"11/13/2017","12.069","12.150","12.150","12.008","2.75M","-0.01%"
"11/12/2017","12.070","12.112","12.149","12.000","1.12M","-0.65%"
"11/09/2017","12.149","12.001","12.150","12.001","2.44M","0.99%"
"11/08/2017","12.030","12.050","12.050","12.000","3.37M","-0.17%"
"11/07/2017","12.050","11.950","12.050","11.810","8.13M","0.42%"
"11/06/2017","12.000","12.005","12.090","11.910","1.08M","-0.83%"
"11/05/2017","12.100","12.101","12.101","12.005","1.45M","-0.08%"
"11/02/2017","12.110","12.149","12.185","12.110","2.08M","0.00%"
"11/01/2017","12.110","12.130","12.130","12.039","2.55M","-0.33%"
"10/31/2017","12.150","12.110","12.174","12.100","754.50K","-0.21%"
"10/30/2017","12.175","12.200","12.200","12.160","1.94M","-0.19%"
"10/29/2017","12.198","12.100","12.210","12.100","3.22M","0.15%"
"10/26/2017","12.180","12.199","12.200","12.060","813.29K","-0.16%"
"10/25/2017","12.199","12.210","12.210","12.100","2.59M","-0.09%"
"10/24/2017","12.210","12.250","12.250","12.151","2.39M","0.08%"
"10/23/2017","12.200","12.203","12.205","12.110","2.73M","-0.33%"
"10/22/2017","12.240","12.360","12.360","12.235","348.75K","-0.72%"
"10/19/2017","12.329","12.410","12.410","12.235","210.21K","0.15%"
"10/18/2017","12.310","12.400","12.450","12.310","2.27M","-0.88%"
"10/17/2017","12.419","12.400","12.449","12.340","3.22M","-0.48%"
"10/16/2017","12.479","12.351","12.500","12.350","2.40M","0.64%"
"10/15/2017","12.400","12.300","12.520","12.260","1.60M","1.22%"
"10/12/2017","12.250","12.200","12.250","12.099","4.77M","0.57%"
"10/11/2017","12.180","12.121","12.180","12.120","1.61M","0.26%"
"10/10/2017","12.149","12.200","12.200","12.010","852.74K","0.02%"
"10/09/2017","12.146","12.080","12.198","12.080","3.66M","0.59%"
"10/08/2017","12.075","12.013","12.075","11.850","3.99M","0.00%"
"10/05/2017","12.075","12.102","12.170","12.010","3.87M","-0.22%"
"10/04/2017","12.102","12.200","12.200","12.102","4.40M","-0.78%"
"10/03/2017","12.197","12.280","12.280","12.182","3.15M","-0.10%"
"10/02/2017","12.209","12.210","12.250","12.181","3.32M","0.07%"
"10/01/2017","12.200","12.200","12.250","12.180","3.48M","0.00%"
"09/28/2017","12.200","12.350","12.351","12.180","3.48M","-1.37%"
"09/27/2017","12.370","12.530","12.680","12.360","7.17M","-1.28%"
"09/26/2017","12.530","12.500","12.550","12.480","4.22M","0.40%"
"09/25/2017","12.480","12.500","12.500","12.450","2.76M","0.24%"
"09/24/2017","12.450","12.330","12.480","12.290","5.82M","0.97%"
"09/21/2017","12.330","12.370","12.370","12.328","1.04M","-0.16%"
"09/20/2017","12.350","12.300","12.350","12.268","7.80M","0.40%"
"09/19/2017","12.301","12.289","12.364","12.288","2.59M","0.09%"
"09/18/2017","12.290","12.365","12.365","12.260","1.03M","-0.62%"
"09/17/2017","12.367","12.369","12.369","12.270","1.04M","-0.02%"
"09/14/2017","12.370","12.356","12.398","12.200","6.49M","0.00%"
"09/13/2017","12.370","12.500","12.500","12.361","1.76M","-1.02%"
"09/12/2017","12.498","12.520","12.520","12.350","2.32M","-0.41%"
"09/11/2017","12.550","12.701","12.799","12.550","3.85M","-1.95%"
"09/10/2017","12.800","12.872","12.872","12.699","403.23K","0.02%"
"09/07/2017","12.797","12.800","12.900","12.750","2.89M","-0.02%"
"09/06/2017","12.800","13.058","13.058","12.776","5.13M","-1.99%"
"08/30/2017","13.060","13.150","13.150","12.799","3.20M","-0.23%"
"08/29/2017","13.090","13.105","13.250","13.090","2.89M","-1.28%"
"08/28/2017","13.260","13.270","13.270","13.170","3.79M","-0.08%"
"08/27/2017","13.270","13.150","13.300","13.105","3.10M","1.30%"
"08/24/2017","13.100","13.390","13.390","13.100","2.17M","-2.24%"
"08/23/2017","13.400","13.400","13.410","13.150","2.49M","0.00%"
"08/22/2017","13.400","13.410","13.560","13.400","1.21M","-0.74%"
"08/21/2017","13.500","13.500","13.600","13.490","815.25K","0.00%"
"08/20/2017","13.500","13.500","13.590","13.410","627.06K","-0.66%"
"08/17/2017","13.590","13.400","13.680","13.400","1.09M","1.80%"
"08/16/2017","13.350","13.530","13.590","13.350","1.33M","-2.20%"
"08/15/2017","13.650","13.700","13.700","13.600","1.12M","-0.87%"
"08/14/2017","13.770","13.600","13.850","13.590","3.75M","0.88%"
"08/13/2017","13.650","13.600","13.650","13.550","894.58K","0.00%"
"08/10/2017","13.650","13.650","13.800","13.650","1.88M","-0.73%"
"08/09/2017","13.750","13.800","13.800","13.750","743.16K","-1.01%"
"08/08/2017","13.890","13.870","13.890","13.630","1.64M","1.02%"
"08/07/2017","13.750","13.870","13.870","13.740","2.81M","0.00%"
"08/06/2017","13.750","13.760","13.760","13.650","1.30M","0.00%"
"08/03/2017","13.750","13.850","13.850","13.700","850.78K","-1.01%"
"08/02/2017","13.890","13.760","13.890","13.600","1.65M","0.94%"
"08/01/2017","13.760","13.700","13.900","13.590","2.97M","-0.29%"
"07/31/2017","13.800","14.100","14.100","13.800","2.40M","-2.13%"
"07/30/2017","14.100","14.350","14.350","14.000","667.72K","0.14%"
"07/27/2017","14.080","14.030","14.350","14.030","1.73M","-0.78%"
"07/26/2017","14.190","14.200","14.200","14.150","884.65K","-0.21%"
"07/25/2017","14.220","14.140","14.220","14.000","1.73M","1.21%"
"07/24/2017","14.050","14.100","14.200","14.000","2.29M","0.21%"
"07/23/2017","14.020","14.200","14.200","14.020","899.27K","-1.27%"
"07/20/2017","14.200","14.300","14.380","14.160","768.05K","-0.70%"
"07/19/2017","14.300","13.690","14.320","13.690","3.47M","4.38%"
"07/18/2017","13.700","13.770","13.770","13.540","144.07K","0.00%"
"07/17/2017","13.700","13.490","13.700","13.440","1.79M","1.56%"
"07/16/2017","13.490","13.650","13.670","13.430","1.95M","-1.32%"
"07/13/2017","13.670","13.120","13.680","13.120","3.72M","4.19%"
"07/12/2017","13.120","12.880","13.140","12.830","4.87M","2.10%"
"07/11/2017","12.850","12.800","12.970","12.800","2.39M","1.18%"
"07/10/2017","12.700","12.500","12.890","12.500","14.36M","1.93%"
"07/09/2017","12.460","12.360","12.490","12.340","2.19M","1.30%"
"07/06/2017","12.300","12.290","12.400","12.270","1.30M","-0.16%"
"07/05/2017","12.320","12.370","12.400","12.170","4.24M","0.08%"
"07/04/2017","12.310","12.720","12.720","12.310","1.70M","-3.07%"
"07/03/2017","12.700","12.400","12.700","12.400","2.81M","1.20%"
"07/02/2017","12.550","12.630","12.630","12.250","5.27M","-1.18%"
"06/22/2017","12.700","12.490","12.770","12.480","4.70M","3.00%"
"06/21/2017","12.330","12.510","12.600","12.210","7.04M","-2.14%"
"06/20/2017","12.600","12.980","12.980","12.590","5.10M","-1.56%"
"06/19/2017","12.800","13.150","13.150","12.750","3.02M","-2.29%"
"06/18/2017","13.100","13.430","13.440","13.100","3.03M","-2.53%"
"06/15/2017","13.440","13.450","13.470","13.410","8.62M","0.30%"
"06/14/2017","13.400","13.310","13.440","13.310","1.75M","0.60%"
"06/13/2017","13.320","13.400","13.400","13.300","2.14M","-1.33%"
"06/12/2017","13.500","13.300","13.500","13.300","3.03M","0.00%"
"06/11/2017","13.500","13.650","13.650","13.300","3.94M","-0.52%"
"06/08/2017","13.570","13.360","13.710","13.350","4.34M","1.65%"
"06/07/2017","13.350","13.480","13.510","13.250","6.77M","-0.96%"
"06/06/2017","13.480","13.580","13.800","13.290","11.57M","-1.25%"
"06/05/2017","13.650","13.860","13.900","13.420","11.09M","-6.06%"
"06/04/2017","14.530","14.750","14.750","14.510","957.64K","-0.41%"
"06/01/2017","14.590","14.690","14.690","14.520","1.52M","-0.75%"
"05/31/2017","14.700","14.700","14.740","14.610","5.13M","0.07%"
"05/30/2017","14.690","14.700","14.700","14.500","2.60M","-0.68%"
"05/29/2017","14.790","14.600","14.790","14.600","3.34M","-0.07%"
"05/28/2017","14.800","14.500","14.800","14.270","1.38M","1.37%"
"05/25/2017","14.600","14.200","14.600","14.200","3.84M","2.46%"
"05/24/2017","14.250","14.290","14.290","14.170","1.08M","0.35%"
"05/23/2017","14.200","14.090","14.200","14.070","1.62M","1.21%"
"05/22/2017","14.030","13.760","14.030","13.760","751.90K","1.74%"
"05/21/2017","13.790","14.000","14.000","13.790","598.61K","-1.50%"
"05/18/2017","14.000","13.960","14.000","13.950","638.66K","-0.64%"
"05/17/2017","14.090","13.970","14.090","13.950","2.81M","1.00%"
"05/16/2017","13.950","14.190","14.190","13.950","976.24K","-1.06%"
"05/15/2017","14.100","13.950","14.100","13.950","966.22K","0.71%"
"05/14/2017","14.000","14.000","14.150","14.000","1.24M","-1.27%"
"05/11/2017","14.180","13.800","14.180","13.800","881.93K","1.72%"
"05/10/2017","13.940","13.950","13.950","13.700","1.17M","1.68%"
"05/09/2017","13.710","13.770","13.900","13.710","1.15M","-0.80%"
"05/08/2017","13.820","13.850","13.950","13.790","3.00M","-0.22%"
"05/07/2017","13.850","13.900","13.900","13.750","644.11K","-1.07%"
"05/04/2017","14.000","14.010","14.010","13.800","1.39M","1.45%"
"05/03/2017","13.800","13.900","13.900","13.800","1.29M","-0.72%"
"05/02/2017","13.900","14.210","14.300","13.900","2.66M","-2.46%"
"05/01/2017","14.250","14.460","14.500","14.200","1.08M","-1.45%"
"04/30/2017","14.460","14.380","14.490","14.380","249.83K","0.56%"
"04/27/2017","14.380","14.690","14.700","14.350","3.12M","-2.18%"
"04/26/2017","14.700","14.790","14.790","14.550","998.00K","0.68%"
"04/25/2017","14.600","14.580","14.600","14.520","1.49M","0.00%"
"04/24/2017","14.600","14.690","14.700","14.600","901.02K","-0.68%"
"04/23/2017","14.700","14.780","14.780","14.700","207.36K","-0.54%"
"04/20/2017","14.780","14.710","14.800","14.700","836.43K","0.07%"
"04/19/2017","14.770","14.650","14.780","14.650","607.82K","0.27%"
"04/18/2017","14.730","14.750","14.890","14.600","1.01M","0.89%"
"04/17/2017","14.600","14.990","14.990","14.600","837.31K","-2.08%"
"04/16/2017","14.910","15.000","15.000","14.900","323.03K","-0.27%"
"04/13/2017","14.950","14.910","14.970","14.910","634.48K","-0.33%"
"04/12/2017","15.000","14.980","15.050","14.970","1.39M","1.01%"
"04/11/2017","14.850","14.960","15.000","14.850","3.13M","-0.74%"
"04/10/2017","14.960","15.000","15.100","14.900","1.71M","-0.60%"
"04/09/2017","15.050","14.800","15.100","14.750","1.18M","1.35%"
"04/06/2017","14.850","14.710","14.860","14.710","668.94K","0.75%"
"04/05/2017","14.740","14.600","14.740","14.600","1.16M","0.61%"
"04/04/2017","14.650","14.520","14.650","14.440","924.32K","0.34%"
"04/03/2017","14.600","14.690","14.690","14.560","840.30K","-0.14%"
"04/02/2017","14.620","14.700","14.700","14.600","1.28M","0.07%"
"03/30/2017","14.610","14.680","14.700","14.600","2.19M","-0.48%"
"03/29/2017","14.680","14.690","14.690","14.600","842.19K","-0.14%"
"03/28/2017","14.700","14.590","14.700","14.580","3.70M","0.68%"
"03/27/2017","14.600","14.670","14.670","14.530","1.58M","0.00%"
"03/26/2017","14.600","14.690","14.700","14.550","280.89K","-0.68%"
"03/23/2017","14.700","14.570","14.700","14.550","1.20M","1.38%"
"03/22/2017","14.500","14.600","14.650","14.500","713.82K","-1.36%"
"03/21/2017","14.700","14.690","14.700","14.610","1.76M","0.07%"
"03/20/2017","14.690","14.570","14.690","14.530","2.73M","0.96%"
"03/19/2017","14.550","14.590","14.590","14.400","1.15M","-0.21%"
"03/16/2017","14.580","14.480","14.650","14.300","27.03M","1.60%"
"03/15/2017","14.350","14.550","14.550","14.300","5.37M","-0.69%"
"03/14/2017","14.450","14.600","14.610","14.280","6.71M","0.00%"
"03/13/2017","14.450","14.880","14.880","14.450","6.53M","-2.69%"
"03/12/2017","14.850","14.960","14.970","14.820","4.24M","-0.54%"
"03/09/2017","14.930","14.700","14.980","14.600","3.30M","1.91%"
"03/08/2017","14.650","14.780","14.780","14.600","1.59M","-0.34%"
"03/07/2017","14.700","14.990","15.000","14.700","1.81M","-1.87%"
"03/06/2017","14.980","15.050","15.100","14.950","5.26M","-0.60%"
"03/02/2017","15.070","15.450","15.450","15.070","2.36M","-1.50%"
"03/01/2017","15.300","15.160","15.340","15.160","1.64M","1.32%"
"02/28/2017","15.100","15.550","15.550","15.100","5.46M","-2.89%"
"02/27/2017","15.550","15.560","15.640","15.550","3.65M","-0.70%"
"02/26/2017","15.660","15.560","15.710","15.550","3.08M","0.71%"
"02/23/2017","15.550","15.400","15.560","15.400","1.88M","0.97%"
"02/22/2017","15.400","15.350","15.400","15.330","1.49M","0.26%"
"02/21/2017","15.360","15.200","15.360","15.000","1.56M","1.05%"
"02/20/2017","15.200","14.930","15.290","14.930","2.78M","0.53%"
"02/19/2017","15.120","14.800","15.120","14.620","1.23M","1.82%"
"02/16/2017","14.850","14.790","14.910","14.760","2.17M","0.47%"
"02/15/2017","14.780","14.710","14.800","14.710","2.47M","0.61%"
"02/13/2017","14.690","14.900","14.900","14.600","1.33M","0.00%"
"02/12/2017","14.690","14.640","14.700","14.600","745.86K","1.31%"
"02/09/2017","14.500","14.530","14.640","14.500","1.74M","-0.68%"
"02/08/2017","14.600","14.630","14.630","14.500","1.50M","-0.21%"
"02/07/2017","14.630","14.300","14.800","14.300","3.71M","-1.87%"
"02/02/2017","14.909","15.009","15.091","14.773","2.00M","1.11%"
"02/01/2017","14.745","14.800","14.936","14.745","2.00M","-0.31%"
"01/31/2017","14.791","14.964","14.964","14.791","1.42M","-1.51%"
"01/30/2017","15.018","15.227","15.227","15.000","874.77K","-1.37%"
"01/29/2017","15.227","15.364","15.364","15.227","636.62K","-1.35%"
"01/26/2017","15.436","15.518","15.682","15.291","1.15M","-1.28%"
"01/25/2017","15.636","15.636","15.682","15.500","532.16K","0.00%"
"01/24/2017","15.636","15.455","15.700","15.455","881.35K","0.23%"
"01/23/2017","15.600","15.636","15.727","15.509","597.60K","-0.23%"
"01/22/2017","15.636","15.273","15.636","15.264","1.05M","2.38%"
"01/19/2017","15.273","14.909","15.273","14.909","3.78M","2.50%"
"01/18/2017","14.900","15.009","15.009","14.836","1.38M","-0.73%"
"01/17/2017","15.009","15.000","15.073","14.991","893.71K","-0.84%"
"01/16/2017","15.136","15.000","15.136","14.755","4.85M","0.36%"
"01/15/2017","15.082","15.009","15.091","15.000","865.29K","-0.06%"
"01/12/2017","15.091","15.000","15.091","15.000","610.81K","0.00%"
"01/11/2017","15.091","15.027","15.091","15.000","910.95K","0.55%"
"01/10/2017","15.009","15.045","15.091","14.918","991.69K","-0.48%"
"01/09/2017","15.082","15.000","15.091","15.000","1.06M","0.06%"
"01/08/2017","15.073","14.918","15.091","14.918","252.17K","0.55%"
"01/05/2017","14.991","15.091","15.091","14.918","1.05M","-0.66%"
"01/04/2017","15.091","15.082","15.109","14.864","1.86M","0.00%"
"01/03/2017","15.091","14.664","15.091","14.664","1.53M","2.47%"
"01/02/2017","14.727","14.818","14.955","14.709","299.57K","-0.55%"
"12/29/2016","14.809","14.664","14.845","14.664","891.03K","1.12%"
"12/28/2016","14.645","14.618","14.727","14.618","1.18M","-0.25%"
"12/27/2016","14.682","14.636","14.736","14.582","507.04K","0.75%"
"12/26/2016","14.573","14.818","14.818","14.555","352.10K","-0.43%"
"12/25/2016","14.636","14.909","14.945","14.636","289.54K","-1.77%"
"12/22/2016","14.900","14.773","15.000","14.655","6.15M","-0.12%"
"12/21/2016","14.918","14.655","15.000","14.655","5.08M","1.86%"
"12/20/2016","14.645","14.545","14.909","14.545","2.33M","2.48%"
"12/19/2016","14.291","14.273","14.564","14.273","1.06M","-0.51%"
"12/15/2016","14.364","14.364","14.473","14.318","2.45M","-0.94%"
"12/14/2016","14.500","14.364","14.536","14.327","944.48K","-0.19%"
"12/13/2016","14.527","14.182","14.545","14.182","2.09M","2.43%"
"12/12/2016","14.182","13.818","14.182","13.818","2.25M","2.63%"
"12/11/2016","13.818","13.727","13.855","13.727","2.23M","0.66%"
"12/08/2016","13.727","13.727","13.727","13.664","1.49M","0.00%"
"12/07/2016","13.727","13.564","13.727","13.555","604.45K","0.00%"
"12/06/2016","13.727","13.636","13.727","13.636","1.47M","0.80%"
"12/05/2016","13.618","13.818","13.818","13.545","1.95M","-1.38%"
"12/04/2016","13.809","13.682","13.855","13.682","1.49M","0.93%"
"12/01/2016","13.682","13.645","13.727","13.645","2.06M","1.08%"
"11/30/2016","13.536","13.227","13.536","13.118","7.16M","3.76%"
"11/29/2016","13.045","13.564","13.636","13.045","2.18M","-3.69%"
"11/28/2016","13.545","13.664","13.691","13.545","1.81M","-1.07%"
"11/27/2016","13.691","13.682","13.745","13.664","936.04K","0.20%"
"11/24/2016","13.664","13.727","13.727","13.664","1.19M","-0.39%"
"11/23/2016","13.718","13.773","13.791","13.645","2.61M","-0.66%"
"11/22/2016","13.809","14.000","14.000","13.682","7.43M","-0.78%"
"11/21/2016","13.918","13.882","14.082","13.864","2.52M","0.26%"
"11/20/2016","13.882","14.000","14.045","13.882","1.13M","0.40%"
"11/17/2016","13.827","13.909","14.000","13.827","1.22M","0.07%"
"11/16/2016","13.818","13.764","13.864","13.764","2.32M","0.66%"
"11/15/2016","13.727","13.818","13.909","13.727","2.53M","-0.66%"
"11/14/2016","13.818","13.909","13.991","13.818","1.94M","-0.65%"
"11/13/2016","13.909","13.964","14.000","13.900","1.42M","0.00%"
"11/10/2016","13.909","14.091","14.273","13.909","1.74M","-1.92%"
"11/09/2016","14.182","14.082","14.182","13.764","1.10M","0.00%"
"11/08/2016","14.182","14.264","14.264","14.100","1.78M","0.33%"
"11/07/2016","14.136","14.245","14.318","14.136","1.90M","-0.06%"
"11/06/2016","14.145","14.164","14.209","14.091","1.61M","-0.70%"
"11/03/2016","14.245","14.536","14.536","14.236","2.35M","-2.06%"
"11/02/2016","14.545","14.545","14.591","14.509","1.40M","-0.56%"
"11/01/2016","14.627","14.491","14.627","14.491","1.06M","0.56%"
"10/31/2016","14.545","14.627","14.627","14.545","1.48M","0.00%"
"10/30/2016","14.545","14.718","14.727","14.545","755.90K","-1.24%"
"10/27/2016","14.727","14.791","14.818","14.727","672.18K","0.00%"
"10/26/2016","14.727","14.700","14.791","14.700","1.57M","-0.25%"
"10/25/2016","14.764","14.636","14.773","14.636","2.21M","0.44%"
"10/24/2016","14.700","14.682","14.773","14.655","821.40K","-0.18%"
"10/23/2016","14.727","14.727","14.809","14.455","1.13M","0.25%"
"10/20/2016","14.691","14.582","14.791","14.555","1.22M","0.93%"
"10/19/2016","14.555","14.464","14.573","14.464","975.12K","0.13%"
"10/18/2016","14.536","14.355","14.591","14.355","1.75M","1.26%"
"10/17/2016","14.355","14.100","14.382","14.100","1.97M","1.55%"
"10/16/2016","14.136","14.082","14.173","14.082","571.36K","0.38%"
"10/13/2016","14.082","13.936","14.145","13.936","1.89M","-0.32%"
"10/12/2016","14.127","14.055","14.173","14.055","340.61K","-0.20%"
"10/11/2016","14.155","14.236","14.273","14.091","1.20M","0.45%"
"10/10/2016","14.091","14.045","14.091","14.045","853.52K","0.00%"
"10/09/2016","14.091","13.955","14.182","13.955","345.76K","0.52%"
"10/06/2016","14.018","14.027","14.045","13.964","1.77M","0.00%"
"10/05/2016","14.018","13.955","14.091","13.955","996.32K","-0.13%"
"10/04/2016","14.036","14.027","14.073","13.964","695.82K","0.19%"
"10/03/2016","14.009","14.182","14.191","14.000","1.86M","-1.85%"
"10/02/2016","14.273","14.191","14.291","14.191","1.92M","0.64%"
"09/29/2016","14.182","14.273","14.409","14.182","2.64M","-0.06%"
"09/28/2016","14.191","14.182","14.245","14.136","866.04K","0.06%"
"09/27/2016","14.182","14.045","14.273","14.045","1.55M","-0.64%"
"09/26/2016","14.273","14.136","14.273","14.118","1.32M","1.23%"
"09/25/2016","14.100","14.273","14.273","14.091","893.98K","-1.21%"
"09/22/2016","14.273","14.018","14.273","14.009","3.58M","1.82%"
"09/21/2016","14.018","13.909","14.082","13.900","2.52M","0.13%"
"09/20/2016","14.000","13.900","14.182","13.900","2.77M","0.72%"
"09/19/2016","13.900","14.236","14.236","13.827","21.37M","-1.99%"
"09/18/2016","14.182","14.345","14.382","14.109","11.16M","0.58%"
"09/08/2016","14.100","14.136","14.282","14.100","6.37M","-1.15%"
"09/07/2016","14.264","14.091","14.264","14.091","3.58M","0.77%"
"09/06/2016","14.155","14.509","14.509","14.000","5.63M","-2.32%"
"09/05/2016","14.491","14.545","14.545","14.455","2.72M","-0.37%"
"09/04/2016","14.545","14.727","14.727","14.455","2.71M","-0.62%"
"09/01/2016","14.636","15.000","15.082","14.455","7.65M","-1.23%"
"08/31/2016","14.818","15.345","15.436","14.818","7.49M","-3.84%"
"08/30/2016","15.409","15.318","15.427","15.318","3.73M","0.54%"
"08/29/2016","15.327","15.182","15.327","15.182","1.38M","0.96%"
"08/28/2016","15.182","15.045","15.182","15.045","2.23M","1.52%"
"08/25/2016","14.955","15.000","15.045","14.909","1.77M","-0.24%"
"08/24/2016","14.991","14.909","15.000","14.900","1.35M","1.23%"
"08/23/2016","14.809","14.800","14.818","14.736","1.65M","0.06%"
"08/22/2016","14.800","14.727","15.000","14.645","1.37M","-1.63%"
"08/21/2016","15.045","14.909","15.100","14.909","428.48K","0.00%"
"08/18/2016","15.045","15.227","15.282","15.045","2.50M","-2.13%"
"08/17/2016","15.373","15.200","15.409","15.182","4.59M","0.36%"
"08/16/2016","15.318","14.791","15.400","14.791","8.22M","6.64%"
"08/15/2016","14.364","14.409","14.455","14.364","1.30M","-0.19%"
"08/14/2016","14.391","14.364","14.409","14.336","1.21M","0.95%"
"08/11/2016","14.255","14.364","14.364","14.109","778.55K","-0.76%"
"08/10/2016","14.364","14.373","14.427","14.282","1.40M","0.00%"
"08/09/2016","14.364","14.455","14.545","14.364","2.26M","-0.31%"
"08/08/2016","14.409","14.200","14.500","14.200","1.66M","2.26%"
"08/07/2016","14.091","14.073","14.455","14.064","1.15M","0.00%"
"08/04/2016","14.091","13.882","14.091","13.882","1.60M","1.51%"
"08/03/2016","13.882","14.000","14.000","13.855","1.02M","-1.16%"
"08/02/2016","14.045","13.773","14.045","13.773","1.53M","1.31%"
"08/01/2016","13.864","13.782","13.864","13.782","1.08M","0.59%"
"07/31/2016","13.782","13.909","14.073","13.745","612.47K","-0.91%"
"07/28/2016","13.909","13.636","13.909","13.636","2.13M","1.39%"
"07/27/2016","13.718","13.682","13.727","13.682","2.52M","0.07%"
"07/26/2016","13.709","13.682","13.727","13.682","952.64K","-0.07%"
"07/25/2016","13.718","13.718","13.727","13.655","2.09M","0.00%"
"07/24/2016","13.718","13.655","13.718","13.645","1.15M","0.46%"
"07/21/2016","13.655","13.682","13.700","13.655","1.98M","-0.26%"
"07/20/2016","13.691","13.636","13.709","13.627","1.76M","-0.26%"
"07/19/2016","13.727","13.764","13.764","13.691","1.49M","-0.27%"
"07/18/2016","13.764","13.636","13.773","13.582","5.88M","0.73%"
"07/17/2016","13.664","13.673","13.682","13.573","1.45M","-0.46%"
"07/14/2016","13.727","13.636","13.727","13.364","2.41M","0.67%"
"07/13/2016","13.636","13.400","13.636","13.191","1.89M","1.83%"
"07/12/2016","13.391","13.236","13.400","13.091","1.12M","1.03%"
"07/11/2016","13.255","12.882","13.255","12.882","3.31M","2.90%"
"07/05/2016","12.882","12.727","12.909","12.727","644.26K","0.78%"
"07/04/2016","12.782","13.000","13.045","12.709","1.08M","-0.98%"
"07/03/2016","12.909","12.873","12.909","12.727","474.23K","1.43%"
"06/30/2016","12.727","12.727","12.809","12.727","1.37M","0.07%"
"06/29/2016","12.718","12.655","12.718","12.636","573.03K","-0.29%"
"06/28/2016","12.755","12.636","12.809","12.636","1.14M","0.65%"
"06/27/2016","12.673","12.727","12.727","12.455","727.11K","0.29%"
"06/26/2016","12.636","12.282","12.664","12.282","325.81K","-1.42%"
"06/23/2016","12.818","12.718","12.818","12.664","1.21M","1.07%"
"06/22/2016","12.682","12.755","12.809","12.682","1.45M","-0.64%"
"06/21/2016","12.764","12.664","12.809","12.664","965.90K","0.79%"
"06/20/2016","12.664","12.600","12.718","12.600","521.89K","0.58%"
"06/19/2016","12.591","12.536","12.591","12.536","526.91K","0.95%"
"06/16/2016","12.473","12.591","12.591","12.455","1.36M","-0.94%"
"06/15/2016","12.591","12.545","12.727","12.545","1.81M","0.87%"
"06/14/2016","12.482","12.545","12.545","12.409","875.35K","-0.50%"
"06/13/2016","12.545","12.555","12.555","12.509","553.93K","-0.08%"
"06/12/2016","12.555","12.636","12.636","12.555","175.64K","-1.35%"
"06/09/2016","12.727","12.873","12.873","12.727","715.01K","-1.13%"
"06/08/2016","12.873","12.727","12.900","12.718","2.94M","1.22%"
"06/07/2016","12.718","12.300","12.718","12.300","2.05M","2.71%"
"06/06/2016","12.382","12.182","12.427","12.182","890.99K","-0.15%"
"06/05/2016","12.400","12.200","12.400","12.182","585.36K","1.64%"
"06/02/2016","12.200","12.209","12.345","12.200","1.34M","0.00%"
"06/01/2016","12.200","12.264","12.318","12.136","2.01M","0.53%"
"05/31/2016","12.136","12.436","12.436","12.136","5.27M","-0.16%"
"05/30/2016","12.155","12.318","12.327","12.136","717.79K","-1.32%"
"05/29/2016","12.318","12.318","12.436","12.200","159.74K","-0.37%"
"05/26/2016","12.364","12.218","12.364","12.218","1.12M","1.19%"
"05/25/2016","12.218","12.218","12.327","12.209","1.22M","0.22%"
"05/24/2016","12.191","12.255","12.255","12.182","1.10M","-0.60%"
"05/23/2016","12.264","12.273","12.273","12.236","994.05K","0.60%"
"05/22/2016","12.191","12.327","12.618","12.191","488.40K","-1.47%"
"05/19/2016","12.373","12.500","12.545","12.373","1.43M","-1.73%"
"05/18/2016","12.591","12.518","12.627","12.500","1.08M","0.00%"
"05/17/2016","12.591","12.545","12.591","12.509","625.88K","0.21%"
"05/16/2016","12.564","12.600","12.600","12.527","1.22M","-0.29%"
"05/15/2016","12.600","12.718","12.718","12.564","296.30K","0.07%"
"05/12/2016","12.591","12.645","12.682","12.573","1.62M","0.07%"
"05/11/2016","12.582","12.709","12.727","12.582","901.52K","-0.50%"
"05/10/2016","12.645","12.555","12.682","12.545","1.32M","0.14%"
"05/09/2016","12.627","12.500","12.627","12.500","1.01M","0.73%"
"05/08/2016","12.536","12.591","12.591","12.482","696.54K","0.65%"
"05/05/2016","12.455","12.582","12.591","12.455","623.92K","-1.01%"
"05/04/2016","12.582","12.591","12.636","12.482","1.96M","-0.86%"
"05/03/2016","12.691","12.818","12.836","12.691","1.62M","-1.28%"
"05/02/2016","12.855","13.000","13.000","12.773","1.42M","-1.46%"
"05/01/2016","13.045","13.073","13.073","12.918","642.74K","-0.35%"
"04/28/2016","13.091","13.000","13.091","13.000","2.53M","0.21%"
"04/27/2016","13.064","12.782","13.064","12.782","1.73M","0.70%"
"04/26/2016","12.973","12.782","12.973","12.773","960.93K","0.57%"
"04/25/2016","12.900","12.900","12.900","12.773","840.91K","0.00%"
"04/24/2016","12.900","12.818","12.955","12.818","401.47K","0.07%"
"04/21/2016","12.891","12.836","12.891","12.709","869.27K","0.64%"
"04/20/2016","12.809","12.800","12.818","12.727","1.43M","0.21%"
"04/19/2016","12.782","12.818","12.818","12.773","617.62K","-0.42%"
"04/18/2016","12.836","12.809","12.836","12.718","2.36M","0.35%"
"04/17/2016","12.791","12.809","12.927","12.764","1.02M","0.36%"
"04/14/2016","12.745","12.827","12.827","12.745","880.33K","-0.57%"
"04/13/2016","12.818","12.818","12.818","12.727","4.26M","0.35%"
"04/12/2016","12.773","12.682","12.773","12.682","1.05M","0.50%"
"04/11/2016","12.709","12.636","12.727","12.591","1.15M","0.87%"
"04/10/2016","12.600","12.818","12.818","12.545","1.14M","-0.93%"
"04/07/2016","12.718","12.727","12.727","12.664","1.07M","1.38%"
"04/06/2016","12.545","12.782","12.782","12.527","885.75K","-0.37%"
"04/05/2016","12.591","12.727","12.727","12.582","1.41M","-1.07%"
"04/04/2016","12.727","12.727","12.736","12.636","1.32M","0.65%"
"04/03/2016","12.645","12.773","12.773","12.645","432.32K","-1.21%"
"03/31/2016","12.800","12.809","12.809","12.645","4.11M","0.00%"
"03/30/2016","12.800","12.818","12.818","12.700","2.21M","-0.14%"
"03/29/2016","12.818","12.618","12.818","12.464","1.61M","2.54%"
"03/28/2016","12.500","12.555","12.591","12.491","1.25M","-0.72%"
"03/27/2016","12.591","12.573","12.591","12.545","1.02M","-0.36%"
"03/24/2016","12.636","12.727","12.727","12.591","1.29M","-1.35%"
"03/23/2016","12.809","12.764","12.909","12.582","2.13M","-0.07%"
"03/22/2016","12.818","12.773","12.891","12.773","2.59M","0.00%"
"03/21/2016","12.818","12.745","12.818","12.727","2.18M","0.00%"
"03/20/2016","12.818","12.818","12.836","12.773","1.79M","0.07%"
"03/17/2016","12.809","12.555","12.809","12.545","4.82M","0.79%"
"03/16/2016","12.709","12.455","12.709","12.391","3.17M","1.97%"
"03/15/2016","12.464","12.545","12.545","12.364","2.01M","-1.36%"
"03/14/2016","12.636","12.527","12.645","12.527","1.68M","0.87%"
"03/13/2016","12.527","12.700","12.700","12.518","775.09K","-0.86%"
"03/10/2016","12.636","12.545","12.636","12.473","980.61K","0.73%"
"03/09/2016","12.545","12.636","12.636","12.455","1.78M","-0.72%"
"03/08/2016","12.636","12.727","12.727","12.509","2.18M","-0.43%"
"03/07/2016","12.691","12.736","12.818","12.636","1.95M","0.14%"
"03/03/2016","12.673","12.582","12.673","12.455","3.42M","0.65%"
"03/02/2016","12.591","12.455","12.627","12.455","2.34M","1.76%"
"03/01/2016","12.373","12.364","12.455","12.282","4.47M","0.59%"
"02/29/2016","12.300","12.382","12.427","12.300","3.28M","-0.88%"
"02/28/2016","12.409","12.300","12.500","12.300","597.56K","0.89%"
"02/25/2016","12.300","12.500","12.509","12.300","1.86M","-1.95%"
"02/24/2016","12.545","12.527","12.545","12.409","1.36M","0.00%"
"02/23/2016","12.545","12.536","12.591","12.527","1.06M","0.36%"
"02/22/2016","12.500","12.473","12.627","12.464","2.02M","-1.08%"
"02/21/2016","12.636","12.464","12.682","12.464","976.78K","0.43%"
"02/18/2016","12.582","12.636","12.727","12.582","2.25M","0.37%"
"02/17/2016","12.536","12.545","12.545","12.455","762.43K","0.43%"
"02/16/2016","12.482","12.636","12.691","12.409","1.57M","-0.87%"
"02/15/2016","12.591","12.473","12.591","12.318","1.61M","1.69%"
"02/14/2016","12.382","12.455","12.545","12.382","686.44K","0.81%"
"02/11/2016","12.282","12.545","12.545","12.282","1.61M","-2.24%"
"02/10/2016","12.564","12.518","12.564","12.355","1.31M","-1.21%"
"02/08/2016","12.718","12.727","12.882","12.555","1.01M","0.00%"
"02/07/2016","12.718","12.855","12.864","12.718","338.55K","-1.34%"
"02/04/2016","12.891","12.527","12.909","12.527","2.02M","2.91%"
"02/03/2016","12.527","12.545","12.545","12.273","2.13M","-0.07%"
"02/02/2016","12.536","12.536","12.636","12.373","3.83M","0.96%"
"01/28/2016","12.417","11.818","12.424","11.818","5.05M","5.47%"
"01/27/2016","11.773","11.523","11.773","11.523","3.45M","2.85%"
"01/26/2016","11.447","11.439","11.515","11.364","3.51M","-0.59%"
"01/25/2016","11.515","11.598","11.659","11.364","4.15M","0.80%"
"01/24/2016","11.424","11.667","11.765","11.417","603.13K","2.59%"
"01/21/2016","11.136","11.136","11.205","11.136","2.56M","-0.75%"
"01/20/2016","11.220","11.432","11.432","11.220","4.89M","-1.85%"
"01/19/2016","11.432","11.364","11.583","11.288","2.91M","0.94%"
"01/18/2016","11.326","11.553","11.591","11.220","4.32M","-1.64%"
"01/17/2016","11.515","11.371","11.553","11.371","2.01M","-2.32%"
"01/14/2016","11.788","11.659","11.894","11.447","8.56M","0.20%"
"01/13/2016","11.765","12.121","12.189","11.765","1.28M","-1.40%"
"01/12/2016","11.932","12.197","12.273","11.932","1.91M","-3.08%"
"01/11/2016","12.311","12.235","12.386","12.182","4.14M","0.25%"
"01/10/2016","12.280","12.492","12.492","12.167","624.32K","-2.29%"
"01/07/2016","12.568","12.629","12.629","12.348","3.11M","-2.13%"
"01/06/2016","12.841","12.727","12.841","12.727","831.44K","1.49%"
"01/05/2016","12.652","12.803","12.939","12.598","1.30M","-1.24%"
"01/04/2016","12.811","13.174","13.174","12.811","323.10K","-2.81%"
"01/03/2016","13.182","13.038","13.220","13.030","307.39K","-0.57%"
"12/31/2015","13.258","13.402","13.402","13.189","2.49M","-1.13%"
"12/30/2015","13.409","13.114","13.485","13.106","1.46M","0.57%"
"12/29/2015","13.333","13.030","13.333","13.030","882.93K","2.92%"
"12/28/2015","12.955","12.955","13.258","12.955","824.12K","0.00%"
"12/27/2015","12.955","13.023","13.023","12.917","141.44K","0.54%"
"12/24/2015","12.886","12.500","12.886","12.500","1.22M","0.71%"
"12/23/2015","12.795","12.455","12.795","12.447","560.74K","1.74%"
"12/22/2015","12.576","12.500","12.576","12.424","2.42M","0.67%"
"12/21/2015","12.492","12.189","12.492","12.189","1.81M","0.00%"
"12/17/2015","12.492","12.311","12.492","12.121","1.71M","2.04%"
"12/16/2015","12.242","12.311","12.311","12.174","1.72M","0.68%"
"12/15/2015","12.159","12.098","12.197","12.083","1.09M","0.50%"
"12/14/2015","12.098","12.083","12.227","12.083","1.18M","0.12%"
"12/13/2015","12.083","12.114","12.235","12.023","693.87K","-2.15%"
"12/10/2015","12.348","12.265","12.348","12.129","3.00M","0.00%"
"12/09/2015","12.348","12.258","12.348","11.985","4.76M","1.75%"
"12/08/2015","12.136","12.508","12.508","12.121","5.31M","-4.64%"
"12/07/2015","12.727","12.561","12.727","12.386","2.86M","0.59%"
"12/06/2015","12.652","12.424","12.652","12.402","864.88K","0.97%"
"12/03/2015","12.530","12.318","12.530","12.318","1.34M","-1.49%"
"12/02/2015","12.720","12.500","12.727","12.409","4.81M","-0.06%"
"12/01/2015","12.727","12.500","12.803","12.273","7.63M","5.00%"
"11/30/2015","12.121","12.780","12.780","12.121","6.83M","-5.33%"
"11/29/2015","12.803","12.500","12.803","12.462","682.33K","2.42%"
"11/26/2015","12.500","12.727","12.727","12.432","2.20M","-0.06%"
"11/25/2015","12.508","12.727","12.727","12.508","494.54K","-1.72%"
"11/24/2015","12.727","12.742","12.947","12.394","2.13M","-0.30%"
"11/23/2015","12.765","12.924","12.992","12.765","1.45M","-1.63%"
"11/22/2015","12.977","13.030","13.030","12.955","436.55K","-0.41%"
"11/19/2015","13.030","13.030","13.030","12.977","1.04M","0.12%"
"11/18/2015","13.015","13.030","13.030","12.917","2.04M","-0.12%"
"11/17/2015","13.030","13.030","13.038","12.955","3.82M","-0.06%"
"11/16/2015","13.038","13.091","13.129","12.992","1.84M","-0.81%"
"11/15/2015","13.144","13.159","13.174","12.985","1.40M","-0.29%"
"11/12/2015","13.182","12.992","13.182","12.992","5.49M","1.52%"
"11/11/2015","12.985","13.485","13.485","12.985","2.42M","-3.71%"
"11/10/2015","13.485","13.636","14.773","13.485","2.53M","-1.27%"
"11/09/2015","13.659","13.674","13.674","13.636","927.13K","0.17%"
"11/08/2015","13.636","13.712","13.712","13.636","2.37M","-0.72%"
"11/05/2015","13.735","13.788","13.788","13.636","763.04K","-0.38%"
"11/04/2015","13.788","13.826","13.924","13.788","1.19M","-0.27%"
"11/03/2015","13.826","13.879","13.879","13.826","585.86K","-0.27%"
"11/02/2015","13.864","13.977","14.015","13.864","1.89M","-0.87%"
"11/01/2015","13.985","13.992","13.992","13.848","702.04K","1.15%"
"10/29/2015","13.826","14.015","14.015","13.788","1.26M","-1.30%"
"10/28/2015","14.008","13.939","14.015","13.939","617.39K","-0.05%"
"10/27/2015","14.015","14.015","14.023","14.000","2.12M","0.00%"
"10/26/2015","14.015","13.977","14.091","13.977","2.42M","0.00%"
"10/25/2015","14.015","13.864","14.015","13.864","278.18K","1.65%"
"10/22/2015","13.788","13.985","13.985","13.750","2.55M","-1.62%"
"10/21/2015","14.015","14.076","14.076","13.939","1.65M","-0.38%"
"10/20/2015","14.068","14.091","14.091","14.061","511.80K","-0.43%"
"10/19/2015","14.129","14.167","14.242","14.114","1.25M","-0.79%"
"10/18/2015","14.242","14.242","14.250","14.205","251.09K","0.00%"
"10/15/2015","14.242","14.235","14.318","14.212","2.32M","0.26%"
"10/14/2015","14.205","14.205","14.235","14.205","603.24K","0.00%"
"10/13/2015","14.205","14.174","14.242","14.174","2.36M","0.06%"
"10/12/2015","14.197","14.242","14.242","14.167","2.20M","-0.32%"
"10/11/2015","14.242","14.311","14.311","14.091","363.61K","0.05%"
"10/08/2015","14.235","14.280","14.394","14.220","871.86K","-0.32%"
"10/07/2015","14.280","14.250","14.318","14.250","2.45M","0.32%"
"10/06/2015","14.235","14.038","14.235","14.038","2.21M","1.30%"
"10/05/2015","14.053","14.015","14.091","14.015","1.94M","0.27%"
"10/04/2015","14.015","14.053","14.083","13.955","1.07M","-0.27%"
"10/01/2015","14.053","14.182","14.182","14.053","1.90M","-1.07%"
"09/30/2015","14.205","13.970","14.242","13.932","4.35M","2.69%"
"09/29/2015","13.833","13.992","13.992","13.788","1.93M","-1.30%"
"09/22/2015","14.015","14.030","14.038","13.985","3.04M","-0.86%"
"09/21/2015","14.136","14.129","14.205","14.053","745.58K","0.86%"
"09/20/2015","14.015","14.091","14.205","14.015","1.61M","-0.27%"
"09/17/2015","14.053","14.394","14.394","14.015","3.68M","-2.37%"
"09/16/2015","14.394","14.167","14.394","14.167","857.97K","1.83%"
"09/15/2015","14.136","14.167","14.288","14.015","889.10K","-0.74%"
"09/14/2015","14.242","14.318","14.341","14.121","2.29M","-1.68%"
"09/13/2015","14.485","14.705","14.773","14.485","1.59M","-2.35%"
"09/10/2015","14.833","14.394","14.833","14.394","3.32M","2.51%"
"09/09/2015","14.470","14.318","14.485","14.318","5.34M","1.06%"
"09/08/2015","14.318","14.167","14.379","14.091","3.44M","1.50%"
"09/07/2015","14.106","14.076","14.167","13.947","1.35M","1.20%"
"09/06/2015","13.939","13.977","13.977","13.811","244.13K","-0.27%"
"09/03/2015","13.977","13.871","14.152","13.871","1.46M","-0.75%"
"09/02/2015","14.083","13.826","14.174","13.636","3.91M","2.14%"
"09/01/2015","13.788","13.561","13.939","13.417","4.25M","1.67%"
"08/31/2015","13.561","13.629","13.659","13.561","3.73M","0.00%"
"08/30/2015","13.561","13.636","13.636","13.447","1.23M","1.25%"
"08/27/2015","13.394","12.955","13.394","12.955","2.36M","5.56%"
"08/26/2015","12.689","12.621","12.917","12.462","1.77M","0.29%"
"08/25/2015","12.652","12.273","12.652","12.273","3.34M","3.09%"
"08/24/2015","12.273","12.492","12.576","12.114","2.97M","-1.93%"
"08/23/2015","12.515","12.538","12.576","12.500","2.98M","-3.90%"
"08/20/2015","13.023","13.258","13.258","12.917","3.36M","-2.33%"
"08/19/2015","13.333","13.348","13.409","13.144","2.23M","-0.63%"
"08/18/2015","13.417","13.553","13.583","13.417","1.03M","-0.95%"
"08/17/2015","13.545","13.705","13.720","13.545","1.89M","-1.22%"
"08/16/2015","13.712","13.712","13.780","13.712","1.50M","0.00%"
"08/13/2015","13.712","13.636","13.712","13.636","2.96M","0.28%"
"08/12/2015","13.674","13.644","13.674","13.598","2.83M","0.05%"
"08/11/2015","13.667","13.682","13.735","13.667","1.08M","-0.11%"
"08/10/2015","13.682","13.720","13.788","13.667","2.41M","-0.28%"
"08/09/2015","13.720","13.795","14.015","13.720","466.13K","-0.71%"
"08/06/2015","13.818","13.833","13.833","13.765","1.63M","-0.06%"
"08/05/2015","13.826","14.008","14.015","13.826","520.20K","-1.35%"
"08/04/2015","14.015","13.856","14.015","13.811","1.17M","-0.48%"
"08/03/2015","14.083","13.826","14.083","13.826","1.18M","1.86%"
"08/02/2015","13.826","13.864","13.864","13.750","614.84K","0.00%"
"07/30/2015","13.826","13.780","13.879","13.758","996.69K","0.33%"
"07/29/2015","13.780","13.841","13.841","13.758","2.52M","-0.33%"
"07/28/2015","13.826","13.924","13.970","13.826","928.08K","-0.60%"
"07/27/2015","13.909","14.159","14.159","13.909","1.45M","-0.11%"
"07/26/2015","13.924","13.939","13.939","13.826","876.61K","-0.11%"
"07/23/2015","13.939","13.848","13.992","13.848","854.75K","0.77%"
"07/22/2015","13.833","14.015","14.015","13.833","901.31K","-1.30%"
"07/16/2015","14.015","14.015","14.030","13.947","432.15K","0.00%"
"07/15/2015","14.015","13.977","14.023","13.939","1.27M","0.32%"
"07/14/2015","13.970","14.015","14.159","13.962","605.67K","0.06%"
"07/13/2015","13.962","14.038","14.152","13.962","960.51K","-1.13%"
"07/12/2015","14.121","14.167","14.167","14.098","725.29K","0.21%"
"07/09/2015","14.091","14.182","14.242","14.091","3.40M","0.21%"
"07/08/2015","14.061","14.174","14.174","14.061","1.34M","-1.01%"
"07/07/2015","14.205","14.424","14.424","14.167","938.14K","-0.79%"
"07/06/2015","14.318","14.136","14.356","14.136","814.48K","0.37%"
"07/05/2015","14.265","14.462","14.462","14.265","128.95K","-1.42%"
"07/02/2015","14.470","14.455","14.508","14.311","3.63M","1.11%"
"07/01/2015","14.311","14.394","14.470","14.242","2.07M","-2.07%"
"06/30/2015","14.614","13.939","14.614","13.939","5.87M","4.33%"
"06/29/2015","14.008","13.947","14.076","13.939","1.46M","-0.43%"
"06/28/2015","14.068","14.015","14.068","13.955","3.12M","0.21%"
"06/25/2015","14.038","14.015","14.121","14.015","3.05M","-0.38%"
"06/24/2015","14.091","13.939","14.091","13.939","5.57M","1.09%"
"06/23/2015","13.939","13.962","14.129","13.939","2.90M","-0.60%"
"06/22/2015","14.023","14.114","14.114","13.735","5.05M","-1.02%"
"06/21/2015","14.167","14.235","14.242","14.053","1.49M","-0.53%"
"06/18/2015","14.242","13.947","14.242","13.939","2.48M","2.17%"
"06/17/2015","13.939","13.992","14.015","13.932","971.65K","-0.38%"
"06/16/2015","13.992","14.159","14.159","13.985","1.69M","-0.16%"
"06/15/2015","14.015","14.106","14.106","14.015","1.47M","-0.65%"
"06/14/2015","14.106","13.992","14.106","13.803","1.23M","0.81%"
"06/11/2015","13.992","14.053","14.167","13.864","1.96M","-0.22%"
"06/10/2015","14.023","14.326","14.394","14.015","3.28M","-2.58%"
"06/09/2015","14.394","14.402","14.455","14.356","1.53M","0.43%"
"06/08/2015","14.333","14.606","14.606","14.303","1.41M","-0.53%"
"06/07/2015","14.409","14.523","14.659","14.288","3.10M","-1.45%"
"06/04/2015","14.621","14.697","14.773","14.470","7.63M","-0.98%"
"06/03/2015","14.765","14.394","14.765","14.242","5.61M","0.62%"
"06/02/2015","14.674","14.697","14.758","14.652","1.26M","0.31%"
"06/01/2015","14.629","14.500","14.705","14.394","2.42M","1.63%"
"05/31/2015","14.394","14.318","14.606","14.318","1.84M","1.12%"
"05/28/2015","14.235","14.742","14.742","14.235","6.42M","-2.19%"
"05/27/2015","14.553","15.000","15.000","14.477","2.60M","-2.49%"
"05/26/2015","14.924","14.939","15.000","14.924","3.11M","0.46%"
"05/25/2015","14.856","14.871","15.053","14.856","248.27K","-0.05%"
"05/24/2015","14.864","14.871","14.939","14.856","462.65K","-0.15%"
"05/21/2015","14.886","15.144","15.144","14.886","1.26M","-0.76%"
"05/20/2015","15.000","15.000","15.129","15.000","567.86K","-0.05%"
"05/19/2015","15.008","15.061","15.152","15.000","386.43K","-0.95%"
"05/18/2015","15.152","15.136","15.152","15.008","751.90K","0.11%"
"05/17/2015","15.136","15.076","15.152","14.932","1.34M","0.40%"
"05/14/2015","15.076","15.295","15.295","15.076","1.60M","0.25%"
"05/13/2015","15.038","15.220","15.220","15.038","2.08M","-1.20%"
"05/12/2015","15.220","15.197","15.227","15.152","729.59K","0.20%"
"05/11/2015","15.189","15.076","15.364","15.000","5.29M","0.75%"
"05/10/2015","15.076","15.076","15.076","15.023","176.25K","0.00%"
"05/07/2015","15.076","15.152","15.152","15.038","2.56M","-0.50%"
"05/06/2015","15.152","15.076","15.152","15.000","5.03M","0.60%"
"05/05/2015","15.061","15.038","15.061","14.932","1.54M","0.92%"
"05/04/2015","14.924","14.932","14.932","14.848","2.97M","-0.15%"
"05/03/2015","14.947","15.076","15.076","14.924","37.53K","-0.35%"
"04/30/2015","15.000","15.144","15.144","15.000","2.05M","-0.35%"
"04/29/2015","15.053","14.848","15.144","14.848","4.81M","1.38%"
"04/28/2015","14.848","14.848","14.977","14.803","1.69M","0.00%"
"04/27/2015","14.848","14.477","14.848","14.402","2.67M","2.56%"
"04/26/2015","14.477","14.508","14.545","14.470","488.76K","-0.98%"
"04/23/2015","14.621","14.341","14.621","14.341","3.50M","0.89%"
"04/22/2015","14.492","14.182","14.508","14.182","1.70M","0.42%"
"04/21/2015","14.432","14.318","14.470","14.280","1.93M","1.17%"
"04/20/2015","14.265","14.341","14.341","14.197","1.13M","0.42%"
"04/19/2015","14.205","14.212","14.235","14.167","553.53K","-0.53%"
"04/16/2015","14.280","14.250","14.356","14.212","1.97M","0.00%"
"04/15/2015","14.280","14.318","14.364","14.121","1.67M","-0.63%"
"04/14/2015","14.371","14.394","14.394","14.356","1.44M","-0.06%"
"04/13/2015","14.379","14.326","14.402","14.318","1.77M","0.43%"
"04/12/2015","14.318","14.470","14.470","14.295","1.06M","-1.05%"
"04/09/2015","14.470","14.432","14.545","14.432","1.76M","0.85%"
"04/08/2015","14.348","14.470","14.485","14.318","1.48M","-0.32%"
"04/07/2015","14.394","14.470","14.568","14.394","1.36M","-0.53%"
"04/06/2015","14.470","14.470","14.508","14.409","194.33K","0.00%"
"04/05/2015","14.470","14.470","14.477","14.432","686.93K","-0.31%"
"04/02/2015","14.515","14.394","14.583","14.394","1.12M","1.38%"
"04/01/2015","14.318","14.727","14.727","14.318","2.89M","-2.33%"
"03/31/2015","14.659","14.356","14.659","14.258","5.18M","1.04%"
"03/30/2015","14.508","14.265","14.545","14.265","2.92M","2.41%"
"03/29/2015","14.167","14.348","14.348","14.167","3.00M","-0.05%"
"03/26/2015","14.174","14.015","14.379","14.015","6.46M","-1.06%"
"03/25/2015","14.326","14.621","14.621","14.318","1.86M","-2.02%"
"03/24/2015","14.621","14.576","14.621","14.265","3.21M","2.39%"
"03/23/2015","14.280","14.288","14.303","14.182","1.50M","0.27%"
"03/22/2015","14.242","14.212","14.500","14.212","452.14K","0.53%"
"03/19/2015","14.167","14.659","14.735","14.167","2.87M","-0.69%"
"03/18/2015","14.265","14.697","15.106","14.121","1.29M","-2.94%"
"03/17/2015","14.697","15.152","15.152","14.697","1.33M","-1.27%"
"03/16/2015","14.886","15.000","15.212","14.886","1.04M","-1.26%"
"03/15/2015","15.076","15.083","15.152","15.000","711.07K","-0.05%"
"03/12/2015","15.083","15.152","15.227","15.083","1.18M","0.00%"
"03/11/2015","15.083","15.152","15.152","15.076","1.45M","-0.46%"
"03/10/2015","15.152","15.076","15.303","15.076","1.49M","0.50%"
"03/09/2015","15.076","15.076","15.227","15.076","1.22M","0.00%"
"03/08/2015","15.076","15.152","15.152","15.038","235.41K","-0.55%"
"03/05/2015","15.159","15.076","15.379","15.000","3.71M","1.06%"
"03/04/2015","15.000","15.227","15.341","14.780","1.37M","-2.94%"
"03/03/2015","15.455","15.530","15.530","15.341","1.61M","-0.48%"
"03/02/2015","15.530","15.402","15.591","15.402","1.44M","0.83%"
"02/26/2015","15.402","15.682","15.682","15.402","2.01M","-1.31%"
"02/25/2015","15.606","15.659","15.795","15.606","2.87M","-0.24%"
"02/24/2015","15.644","15.492","15.720","15.492","4.23M","0.49%"
"02/23/2015","15.568","15.379","15.606","15.379","1.90M","1.28%"
"02/22/2015","15.371","15.318","15.530","15.311","905.28K","0.39%"
"02/19/2015","15.311","15.235","15.477","15.235","1.13M","-0.44%"
"02/18/2015","15.379","15.152","15.455","15.152","2.85M","1.50%"
"02/17/2015","15.152","15.189","15.189","14.970","2.73M","-0.24%"
"02/16/2015","15.189","15.303","15.447","15.076","885.97K","-1.48%"
"02/15/2015","15.417","15.189","15.470","15.189","553.17K","2.21%"
"02/12/2015","15.083","15.098","15.303","15.000","1.02M","-0.10%"
"02/11/2015","15.098","14.848","15.189","14.848","4.37M","1.68%"
"02/09/2015","14.848","14.841","14.924","14.818","3.61M","1.50%"
"02/08/2015","14.629","14.629","14.826","14.545","1.82M","0.58%"
"02/05/2015","14.545","14.697","14.697","14.470","1.20M","-0.57%"
"02/04/2015","14.629","14.697","14.765","14.561","1.62M","-0.72%"
"02/03/2015","14.735","14.886","14.894","14.697","2.31M","0.26%"
"02/02/2015","14.697","15.000","15.000","14.553","4.63M","-2.02%"
"01/29/2015","15.000","15.220","15.288","15.000","2.63M","-1.49%"
"01/28/2015","15.227","15.076","15.242","15.023","5.60M","0.49%"
"01/27/2015","15.152","15.227","15.227","15.008","1.93M","0.00%"
"01/26/2015","15.152","14.841","15.152","14.841","2.24M","1.27%"
"01/25/2015","14.962","14.583","15.000","14.583","2.79M","3.89%"
"01/22/2015","14.402","14.962","14.962","14.402","2.58M","-3.00%"
"01/21/2015","14.848","15.227","15.258","14.773","4.81M","-2.97%"
"01/20/2015","15.303","15.455","15.455","15.303","2.72M","-1.22%"
"01/19/2015","15.492","15.689","15.697","15.455","2.86M","-0.30%"
"01/18/2015","15.538","15.674","15.674","15.500","49.13K","0.54%"
"01/15/2015","15.455","15.758","15.758","15.455","4.33M","-0.73%"
"01/14/2015","15.568","15.455","15.833","15.152","8.57M","-2.14%"
"01/13/2015","15.909","15.856","15.985","15.530","3.68M","0.00%"
"01/12/2015","15.909","15.902","16.061","15.841","6.49M","0.00%"
"01/11/2015","15.909","16.121","16.121","15.841","2.49M","-1.41%"
"01/08/2015","16.136","15.477","16.167","15.477","2.71M","3.95%"
"01/07/2015","15.523","15.758","15.758","15.424","2.87M","-1.01%"
"01/06/2015","15.682","15.265","15.750","15.265","2.20M","-0.48%"
"01/05/2015","15.758","15.833","15.879","15.758","820.91K","-1.89%"
"01/04/2015","16.061","16.212","16.212","15.909","304.79K","-0.42%"
"12/31/2014","16.129","16.061","16.129","16.038","1.09M","0.62%"
"12/30/2014","16.030","15.833","16.083","15.833","13.98M","0.76%"
"12/29/2014","15.909","15.848","16.091","15.848","1.77M","-0.95%"
"12/28/2014","16.061","16.076","16.129","16.023","528.73K","0.24%"
"12/25/2014","16.023","16.061","16.061","15.750","1.29M","-0.24%"
"12/24/2014","16.061","15.833","16.083","15.689","2.01M","2.42%"
"12/23/2014","15.682","15.924","16.364","15.682","2.77M","-4.17%"
"12/22/2014","16.364","15.985","16.364","15.606","2.76M","2.86%"
"12/21/2014","15.909","16.742","17.045","15.909","13.04M","0.00%"
"12/17/2014","15.909","15.371","16.061","14.924","4.53M","3.35%"
"12/16/2014","15.394","15.152","15.530","14.621","5.04M","0.00%"
"12/15/2014","15.394","14.553","15.417","14.553","3.46M","5.29%"
"12/14/2014","14.621","14.394","14.697","14.386","3.71M","-3.60%"
"12/11/2014","15.167","15.455","15.455","15.076","4.55M","-2.34%"
"12/10/2014","15.530","15.530","15.758","15.462","3.25M","0.00%"
"12/09/2014","15.530","15.530","15.561","15.386","2.84M","-0.97%"
"12/08/2014","15.682","15.758","15.758","15.629","3.35M","0.64%"
"12/07/2014","15.583","15.871","15.871","15.530","2.31M","-1.81%"
"12/04/2014","15.871","15.833","15.871","15.788","4.40M","0.24%"
"12/03/2014","15.833","16.364","16.364","15.795","9.01M","-3.11%"
"12/02/2014","16.341","16.667","16.742","16.341","5.13M","-1.96%"
"12/01/2014","16.667","16.485","16.727","16.364","7.54M","1.15%"
"11/30/2014","16.477","17.273","17.273","16.477","4.97M","-5.02%"
"11/27/2014","17.348","17.500","17.500","17.083","4.34M","-0.35%"
"11/26/2014","17.409","17.424","17.500","17.129","6.67M","-0.13%"
"11/25/2014","17.432","17.500","17.879","17.159","70.12M","1.82%"
"11/24/2014","17.121","17.424","17.538","17.045","9.77M","-1.52%"
"11/23/2014","17.386","17.545","17.545","17.356","3.33M","-0.91%"
"11/20/2014","17.545","17.492","17.795","17.356","4.27M","1.14%"
"11/19/2014","17.348","17.636","17.955","17.348","6.81M","-0.48%"
"11/18/2014","17.432","17.341","17.576","17.341","4.48M","0.92%"
"11/17/2014","17.273","16.970","17.386","16.970","3.46M","0.89%"
"11/16/2014","17.121","17.045","17.121","17.000","2.00M","0.45%"
"11/13/2014","17.045","17.045","17.061","16.992","4.28M","0.31%"
"11/12/2014","16.992","16.992","17.114","16.992","4.93M","-0.31%"
"11/11/2014","17.045","16.970","17.045","16.841","5.82M","0.04%"
"11/10/2014","17.038","17.038","17.038","16.864","6.90M","1.35%"
"11/09/2014","16.811","16.811","16.932","16.667","3.21M","1.74%"
"11/06/2014","16.523","16.614","16.742","16.523","2.40M","0.93%"
"11/05/2014","16.371","16.818","16.818","16.371","4.69M","-3.53%"
"11/04/2014","16.970","16.864","17.076","16.788","1.74M","0.90%"
"11/03/2014","16.818","16.439","16.818","16.439","4.71M","2.07%"
"11/02/2014","16.477","16.242","16.553","16.242","1.33M","1.49%"
"10/30/2014","16.235","16.439","16.439","16.152","6.37M","-1.24%"
"10/29/2014","16.439","16.439","16.447","16.364","2.96M","0.00%"
"10/28/2014","16.439","16.227","16.591","16.227","4.43M","1.31%"
"10/27/2014","16.227","15.765","16.227","15.765","5.10M","1.51%"
"10/26/2014","15.985","15.833","15.985","15.758","1.09M","1.00%"
"10/23/2014","15.826","15.606","15.826","15.606","2.28M","1.41%"
"10/22/2014","15.606","15.455","15.667","15.379","2.35M","1.98%"
"10/21/2014","15.303","15.197","15.455","15.197","2.70M","0.95%"
"10/20/2014","15.159","15.303","15.348","15.159","3.40M","-0.94%"
"10/19/2014","15.303","15.311","15.455","15.227","5.65M","0.40%"
"10/16/2014","15.242","15.606","15.606","15.152","8.09M","-3.13%"
"10/15/2014","15.735","15.742","15.765","15.636","6.00M","-0.24%"
"10/14/2014","15.773","15.379","15.795","15.379","4.04M","2.16%"
"10/13/2014","15.439","15.341","15.455","15.303","7.89M","0.49%"
"10/12/2014","15.364","15.530","15.530","15.227","2.61M","-2.45%"
"10/02/2014","15.750","15.455","15.795","15.379","3.98M","1.91%"
"10/01/2014","15.455","15.341","15.523","15.341","3.65M","0.59%"
"09/30/2014","15.364","15.447","15.447","15.303","4.89M","-0.59%"
"09/29/2014","15.455","15.379","15.455","15.280","3.97M","0.00%"
"09/28/2014","15.455","15.379","15.455","15.303","1.14M","0.49%"
"09/25/2014","15.379","15.394","15.538","15.371","1.31M","-0.54%"
"09/24/2014","15.462","15.644","15.758","15.424","2.79M","-1.40%"
"09/23/2014","15.682","15.833","15.833","15.455","4.50M","-0.95%"
"09/22/2014","15.833","15.758","15.833","15.682","2.09M","0.48%"
"09/21/2014","15.758","16.068","16.068","15.720","2.89M","-2.34%"
"09/18/2014","16.136","15.788","16.136","15.727","3.86M","2.20%"
"09/17/2014","15.788","15.833","15.833","15.682","907.29K","1.61%"
"09/16/2014","15.538","15.894","15.917","15.538","3.94M","-1.86%"
"09/15/2014","15.833","15.561","15.871","15.561","3.17M","1.75%"
"09/14/2014","15.561","15.795","15.803","15.492","1.44M","-1.15%"
"09/11/2014","15.742","15.462","15.742","15.303","4.06M","1.86%"
"09/10/2014","15.455","15.606","15.644","15.432","1.86M","-0.97%"
"09/09/2014","15.606","15.750","15.750","15.606","4.21M","-0.24%"
"09/08/2014","15.644","15.530","15.720","15.470","9.99M","0.24%"
"09/07/2014","15.606","15.909","15.909","15.530","2.32M","-1.81%"
"09/04/2014","15.894","15.530","16.288","15.530","7.04M","2.59%"
"09/03/2014","15.492","15.341","15.492","15.295","4.24M","0.98%"
"09/02/2014","15.341","14.932","15.341","14.932","6.51M","2.79%"
"09/01/2014","14.924","14.758","14.924","14.659","3.71M","1.81%"
"08/31/2014","14.659","15.303","15.303","14.394","8.54M","-4.21%"
"08/28/2014","15.303","14.848","15.341","14.811","31.94M","1.76%"
"08/27/2014","15.038","15.076","15.220","14.924","7.50M","-0.40%"
"08/26/2014","15.098","14.947","15.136","14.848","8.37M","1.01%"
"08/25/2014","14.947","14.947","15.114","14.924","5.21M","0.25%"
"08/24/2014","14.909","14.773","14.970","14.591","2.78M","1.18%"
"08/21/2014","14.735","14.697","14.780","14.697","3.25M","0.00%"
"08/20/2014","14.735","14.856","14.856","14.629","6.62M","-1.42%"
"08/19/2014","14.947","14.742","15.152","14.742","4.70M","1.54%"
"08/18/2014","14.720","14.303","14.720","14.303","5.68M","2.92%"
"08/17/2014","14.303","14.242","14.318","14.091","2.45M","-0.10%"
"08/14/2014","14.318","14.356","14.439","14.318","10.95M","0.58%"
"08/13/2014","14.235","13.788","14.235","13.788","5.51M","2.68%"
"08/12/2014","13.864","13.667","13.939","13.636","3.70M","1.44%"
"08/11/2014","13.667","13.621","13.667","13.523","2.75M","1.30%"
"08/10/2014","13.492","13.773","13.773","13.470","1.68M","-1.82%"
"08/07/2014","13.742","13.818","13.818","13.561","629.86K","1.91%"
"08/06/2014","13.485","13.902","13.902","13.485","2.52M","-3.00%"
"08/05/2014","13.902","13.864","13.902","13.826","2.70M","0.27%"
"08/04/2014","13.864","13.644","13.886","13.568","2.94M","1.67%"
"08/03/2014","13.636","13.712","13.864","13.636","1.10M","-0.55%"
"07/27/2014","13.712","13.886","13.886","13.629","1.02M","-1.25%"
"07/24/2014","13.886","13.788","13.939","13.409","3.13M","0.71%"
"07/23/2014","13.788","13.856","13.856","13.644","1.36M","-0.49%"
"07/22/2014","13.856","13.561","13.939","13.561","4.04M","2.18%"
"07/21/2014","13.561","13.333","13.561","13.295","2.04M","1.71%"
"07/20/2014","13.333","13.545","13.545","13.250","1.61M","-0.74%"
"07/17/2014","13.432","13.470","13.485","13.432","1.46M","-0.39%"
"07/16/2014","13.485","13.477","13.712","13.447","5.59M","0.06%"
"07/15/2014","13.477","13.485","13.545","13.295","5.79M","-0.50%"
"07/14/2014","13.545","13.333","13.561","13.333","1.27M","1.01%"
"07/13/2014","13.409","13.409","13.470","13.288","487.85K","0.00%"
"07/10/2014","13.409","13.258","13.409","13.182","1.38M","1.26%"
"07/09/2014","13.242","13.333","13.409","13.121","4.96M","-0.12%"
"07/08/2014","13.258","13.114","13.258","13.114","1.16M","1.75%"
"07/07/2014","13.030","13.394","13.394","12.962","2.09M","-1.09%"
"07/06/2014","13.174","13.273","13.561","13.174","2.64M","-2.31%"
"07/03/2014","13.485","13.409","13.553","13.220","2.44M","0.57%"
"07/02/2014","13.409","13.258","13.523","12.894","6.71M","1.61%"
"07/01/2014","13.197","12.121","13.258","12.121","7.99M","6.68%"
"06/30/2014","12.371","12.689","12.689","12.326","4.78M","-1.03%"
"06/29/2014","12.500","12.167","12.576","12.167","4.13M","1.85%"
"06/26/2014","12.273","12.833","12.833","12.242","8.23M","-2.70%"
"06/25/2014","12.614","13.205","13.205","12.614","6.38M","-3.25%"
"06/24/2014","13.038","13.371","13.386","13.038","5.07M","-2.21%"
"06/23/2014","13.333","13.485","13.485","13.333","2.47M","-1.13%"
"06/22/2014","13.485","13.629","13.629","13.462","496.54K","1.14%"
"06/19/2014","13.333","13.864","13.871","13.333","4.49M","-3.83%"
"06/18/2014","13.864","13.508","13.902","13.508","4.66M","3.28%"
"06/17/2014","13.424","13.258","14.015","13.220","6.32M","0.00%"
"06/16/2014","13.424","13.644","13.644","13.409","3.03M","-1.67%"
"06/15/2014","13.652","13.788","13.992","13.636","3.79M","-2.59%"
"06/12/2014","14.015","13.909","14.015","13.795","1.70M","1.09%"
"06/11/2014","13.864","13.644","13.864","13.644","3.18M","0.89%"
"06/10/2014","13.742","13.621","13.750","13.621","3.32M","0.33%"
"06/09/2014","13.697","13.788","13.788","13.621","5.01M","-0.39%"
"06/08/2014","13.750","13.727","13.848","13.727","886.17K","0.56%"
"06/05/2014","13.674","13.712","13.939","13.636","3.37M","-0.06%"
"06/04/2014","13.682","13.636","13.727","13.568","5.03M","1.29%"
"06/03/2014","13.508","13.788","13.939","13.508","8.36M","-2.57%"
"06/02/2014","13.864","14.167","14.167","13.712","10.63M","-1.34%"
"06/01/2014","14.053","13.788","14.311","13.788","6.39M","1.92%"
"05/29/2014","13.788","14.394","14.523","13.712","34.17M","-2.68%"
"05/28/2014","14.167","14.735","14.735","13.970","7.25M","-0.58%"
"05/27/2014","14.250","14.508","14.614","14.250","4.70M","-1.52%"
"05/26/2014","14.470","14.500","14.530","14.280","4.50M","-0.52%"
"05/25/2014","14.545","14.621","14.621","14.212","4.09M","0.00%"
"05/22/2014","14.545","14.023","14.545","13.955","4.71M","5.49%"
"05/21/2014","13.788","14.015","14.053","13.788","3.97M","-1.62%"
"05/20/2014","14.015","14.091","14.167","13.939","6.86M","0.00%"
"05/19/2014","14.015","14.364","14.371","13.894","4.67M","-2.12%"
"05/18/2014","14.318","14.432","14.477","14.318","1.89M","-0.53%"
"05/15/2014","14.394","14.773","14.773","14.364","5.18M","-2.57%"
"05/14/2014","14.773","14.848","14.902","14.735","3.44M","-0.81%"
"05/13/2014","14.894","14.697","14.894","14.697","4.26M","1.34%"
"05/12/2014","14.697","14.773","14.773","14.621","2.70M","-0.77%"
"05/11/2014","14.811","15.038","15.076","13.455","1.50M","-0.61%"
"05/08/2014","14.902","14.705","15.076","14.705","3.43M","1.13%"
"05/07/2014","14.735","14.773","14.848","14.659","1.36M","-0.76%"
"05/06/2014","14.848","14.864","14.864","14.773","3.40M","-0.11%"
"05/05/2014","14.864","14.697","14.894","14.697","3.12M","1.77%"
"05/04/2014","14.606","14.659","14.659","14.470","1.01M","0.68%"
"05/01/2014","14.508","14.538","14.538","14.432","404.22K","0.79%"
"04/30/2014","14.394","14.409","14.621","14.364","5.05M","-0.53%"
"04/29/2014","14.470","14.621","14.667","14.394","1.43M","-0.77%"
"04/28/2014","14.583","14.841","14.848","14.485","4.32M","-2.28%"
"04/27/2014","14.924","14.924","14.962","14.705","1.18M","-0.25%"
"04/24/2014","14.962","14.773","14.962","14.758","2.20M","0.61%"
"04/23/2014","14.871","14.621","14.902","14.477","4.51M","1.71%"
"04/22/2014","14.621","14.394","14.621","14.394","2.37M","1.58%"
"04/21/2014","14.394","14.470","14.470","14.326","1.13M","-0.53%"
"04/20/2014","14.470","14.545","14.553","14.402","870.69K","-0.52%"
"04/17/2014","14.545","14.773","14.773","14.492","2.26M","-1.03%"
"04/16/2014","14.697","14.765","14.765","14.530","4.10M","-0.46%"
"04/15/2014","14.765","14.341","14.765","14.341","3.33M","2.58%"
"04/14/2014","14.394","14.568","14.583","14.205","7.52M","-1.30%"
"04/13/2014","14.583","14.848","14.848","14.583","3.35M","-1.74%"
"04/10/2014","14.841","15.076","15.076","14.705","5.77M","-0.05%"
"04/09/2014","14.848","14.470","14.848","14.470","3.80M","1.29%"
"04/08/2014","14.659","14.674","14.674","14.409","1.59M","-0.26%"
"04/07/2014","14.697","14.621","14.697","14.364","2.66M","0.52%"
"04/06/2014","14.621","14.545","14.697","14.205","989.68K","-0.77%"
"04/03/2014","14.735","14.697","14.735","14.659","3.93M","1.04%"
"04/02/2014","14.583","14.636","14.636","14.470","2.77M","-0.26%"
"04/01/2014","14.621","14.235","14.644","14.235","3.96M","2.88%"
"03/31/2014","14.212","14.068","14.235","14.053","5.10M","1.90%"
"03/30/2014","13.947","13.788","14.015","13.788","3.17M","1.43%"
"03/27/2014","13.750","13.447","13.750","13.379","7.98M","2.25%"
"03/26/2014","13.447","13.485","13.485","13.371","1.64M","0.11%"
"03/25/2014","13.432","13.477","13.485","13.424","4.36M","0.22%"
"03/24/2014","13.402","13.485","13.485","13.348","2.22M","-0.62%"
"03/23/2014","13.485","13.409","13.545","13.409","771.20K","0.57%"
"03/20/2014","13.409","13.523","13.523","13.371","3.77M","-0.95%"
"03/19/2014","13.538","13.598","13.598","13.508","4.98M","-0.22%"
"03/18/2014","13.568","13.864","13.864","13.568","7.06M","-1.32%"
"03/17/2014","13.750","13.788","13.939","13.720","6.69M","-0.28%"
"03/16/2014","13.788","13.712","13.788","13.705","1.46M","-0.27%"
"03/13/2014","13.826","13.818","13.826","13.735","1.52M","0.00%"
"03/12/2014","13.826","14.265","14.356","13.659","3.26M","-2.92%"
"03/11/2014","14.242","14.424","14.614","14.167","2.80M","-2.59%"
"03/10/2014","14.621","14.523","14.659","14.515","5.05M","0.73%"
"03/09/2014","14.515","14.470","14.697","14.470","5.68M","0.31%"
"03/06/2014","14.470","14.379","14.545","14.280","10.39M","3.19%"
"03/05/2014","14.023","14.765","14.765","13.636","5.62M","-3.34%"
"03/04/2014","14.508","14.583","14.621","14.508","1.64M","-0.15%"
"03/03/2014","14.530","14.636","14.879","14.394","3.69M","-1.64%"
"02/27/2014","14.773","14.773","14.917","14.720","2.84M","0.88%"
"02/26/2014","14.644","14.773","14.917","14.553","3.46M","-1.53%"
"02/25/2014","14.871","14.848","15.000","14.780","4.45M","-0.05%"
"02/24/2014","14.879","14.629","14.879","14.629","1.78M","1.03%"
"02/23/2014","14.727","14.773","14.773","14.545","1.90M","-0.31%"
"02/20/2014","14.773","14.591","15.076","14.591","5.99M","1.30%"
"02/19/2014","14.583","14.242","14.583","14.205","10.41M","2.83%"
"02/18/2014","14.182","14.356","14.356","14.091","1.92M","0.11%"
"02/17/2014","14.167","14.318","14.356","14.053","3.03M","-0.05%"
"02/16/2014","14.174","14.394","14.394","14.167","727.82K","-1.27%"
"02/13/2014","14.356","13.947","14.409","13.886","2.09M","0.80%"
"02/12/2014","14.242","13.977","14.242","13.871","2.76M","1.56%"
"02/10/2014","14.023","13.689","14.030","13.689","4.05M","2.04%"
"02/09/2014","13.742","13.636","13.742","13.636","765.72K","0.78%"
"02/06/2014","13.636","13.636","13.697","13.621","3.43M","0.00%"
"02/05/2014","13.636","13.568","13.636","13.553","2.02M","0.50%"
"02/04/2014","13.568","13.455","13.629","13.348","3.93M","-0.45%"
"02/03/2014","13.629","13.636","13.636","13.485","3.89M","-2.49%"
"01/30/2014","13.977","14.129","14.167","13.962","4.77M","-1.02%"
"01/29/2014","14.121","13.939","14.121","13.833","2.73M","1.85%"
"01/28/2014","13.864","13.902","14.023","13.864","2.36M","-1.61%"
"01/27/2014","14.091","14.091","14.091","13.939","2.40M","-0.11%"
"01/26/2014","14.106","13.864","14.235","13.864","2.47M","-0.95%"
"01/23/2014","14.242","14.015","14.280","13.871","7.30M","1.56%"
"01/22/2014","14.023","13.636","14.023","13.583","6.45M","1.54%"
"01/21/2014","13.811","13.652","13.826","13.636","4.13M","1.11%"
"01/20/2014","13.659","13.492","13.705","13.492","3.77M","1.24%"
"01/19/2014","13.492","13.591","13.788","13.492","2.80M","-1.06%"
"01/16/2014","13.636","13.341","13.674","12.917","11.05M","1.12%"
"01/15/2014","13.485","13.553","13.591","13.258","12.25M","-2.03%"
"01/14/2014","13.765","13.492","13.826","13.492","9.86M","1.50%"
"01/13/2014","13.561","13.386","13.629","13.205","5.93M","1.31%"
"01/12/2014","13.386","13.258","13.409","12.811","3.89M","1.26%"
"01/09/2014","13.220","13.182","13.258","13.129","6.13M","0.58%"
"01/08/2014","13.144","13.106","13.182","13.098","4.90M","0.40%"
"01/07/2014","13.091","13.106","13.174","13.015","3.61M","-0.05%"
"01/06/2014","13.098","13.144","13.144","13.030","3.60M","0.00%"
"01/05/2014","13.098","13.106","13.106","13.045","1.08M","-0.06%"
"01/02/2014","13.106","13.106","13.106","13.091","1.87M","0.58%"
"12/31/2013","13.030","12.962","13.030","12.955","2.03M","0.00%"
"12/30/2013","13.030","13.008","13.068","12.955","1.49M","-0.58%"
"12/29/2013","13.106","13.030","13.144","13.015","1.55M","0.18%"
"12/26/2013","13.083","13.106","13.106","13.030","545.45K","-0.24%"
"12/25/2013","13.114","13.114","13.189","13.098","982.07K","-0.52%"
"12/24/2013","13.182","13.038","13.235","13.038","288.00K","-0.51%"
"12/23/2013","13.250","13.045","13.250","13.030","1.59M","0.46%"
"12/22/2013","13.189","13.182","13.250","13.106","1.17M","0.05%"
"12/17/2013","13.182","13.061","13.189","13.030","2.14M","0.06%"
"12/16/2013","13.174","13.136","13.182","13.030","2.28M","0.29%"
"12/15/2013","13.136","13.182","13.182","13.136","1.35M","-0.35%"
"12/12/2013","13.182","13.106","13.182","13.030","2.59M","0.35%"
"12/11/2013","13.136","13.205","13.205","13.106","2.52M","-0.52%"
"12/10/2013","13.205","13.030","13.220","13.030","6.36M","1.69%"
"12/09/2013","12.985","12.841","12.992","12.841","1.31M","0.53%"
"12/08/2013","12.917","12.886","12.970","12.788","1.53M","0.30%"
"12/05/2013","12.879","12.795","12.879","12.773","1.74M","0.66%"
"12/04/2013","12.795","12.841","12.841","12.697","935.42K","-0.54%"
"12/03/2013","12.864","12.879","12.955","12.841","2.10M","-0.12%"
"12/02/2013","12.879","13.008","13.008","12.879","1.09M","-1.16%"
"12/01/2013","13.030","12.955","13.068","12.955","378.25K","0.00%"
"11/28/2013","13.030","13.106","13.106","12.955","451.35K","-0.58%"
"11/27/2013","13.106","12.879","13.114","12.879","2.51M","1.76%"
"11/26/2013","12.879","13.030","13.045","12.879","1.46M","-1.62%"
"11/25/2013","13.091","13.076","13.182","13.076","2.20M","0.23%"
"11/24/2013","13.061","13.106","13.258","13.061","2.06M","-0.34%"
"11/21/2013","13.106","13.174","13.220","13.106","4.59M","-0.52%"
"11/20/2013","13.174","13.091","13.258","13.091","2.66M","-92.45%"
"11/19/2013","174.500","173.300","175.000","173.300","29.08M","1,216.19%"
"11/18/2013","13.258","13.258","13.265","13.076","2.03M","0.00%"
"11/17/2013","13.258","13.182","13.409","13.182","1.71M","0.87%"
"11/14/2013","13.144","13.008","13.144","12.947","3.11M","1.05%"
"11/13/2013","13.008","12.879","13.030","12.848","2.53M","1.00%"
"11/12/2013","12.879","12.803","12.879","12.742","2.03M","0.59%"
"11/11/2013","12.803","12.545","12.803","12.538","4.75M","2.24%"
"11/10/2013","12.523","12.568","12.568","12.523","297.94K","-0.36%"
"11/07/2013","12.568","12.576","12.629","12.447","1.60M","-0.42%"
"11/06/2013","12.621","12.614","12.727","12.545","6.06M","0.06%"
"11/05/2013","12.614","12.538","12.614","12.530","4.75M","1.15%"
"11/04/2013","12.470","12.568","12.568","12.439","535.04K","0.06%"
"11/03/2013","12.462","12.576","12.606","12.432","1.22M","-0.91%"
"10/31/2013","12.576","12.174","12.576","12.174","1.89M","2.09%"
"10/30/2013","12.318","12.364","12.364","12.152","1.71M","-0.24%"
"10/29/2013","12.348","12.098","12.348","12.045","1.97M","1.75%"
"10/28/2013","12.136","12.197","12.197","12.098","785.91K","-0.43%"
"10/27/2013","12.189","12.121","12.250","12.121","734.13K","0.56%"
"10/24/2013","12.121","12.333","12.333","12.008","3.47M","-1.72%"
"10/23/2013","12.333","12.576","12.576","12.280","2.31M","-1.99%"
"10/22/2013","12.583","12.636","12.636","12.576","1.49M","-0.36%"
"10/21/2013","12.629","12.636","12.636","12.576","2.08M","-0.06%"
"10/20/2013","12.636","12.864","12.871","12.636","928.04K","-1.30%"
"10/10/2013","12.803","12.871","12.871","12.803","962.24K","-0.53%"
"10/09/2013","12.871","12.803","12.939","12.803","1.87M","0.53%"
"10/08/2013","12.803","12.652","12.871","12.652","1.05M","0.60%"
"10/07/2013","12.727","12.803","12.803","12.652","858.30K","0.00%"
"10/06/2013","12.727","12.803","12.803","12.712","1.39M","-0.18%"
"10/03/2013","12.750","12.652","12.750","12.545","1.89M","0.54%"
"10/02/2013","12.682","12.667","12.780","12.667","1.66M","-0.18%"
"10/01/2013","12.705","12.652","12.727","12.576","2.20M","0.55%"
"09/30/2013","12.636","12.614","12.712","12.614","2.39M","-0.42%"
"09/29/2013","12.689","12.659","12.727","12.659","3.17M","0.36%"
"09/26/2013","12.644","12.727","12.727","12.598","1.99M","1.15%"
"09/25/2013","12.500","12.947","13.015","12.500","821.34K","-2.77%"
"09/24/2013","12.856","12.992","12.992","12.788","1.59M","-1.05%"
"09/23/2013","12.992","13.106","13.106","12.917","2.93M","-1.10%"
"09/22/2013","13.136","13.220","13.220","12.992","1.02M","-0.69%"
"09/19/2013","13.227","13.295","13.409","13.227","1.77M","-0.23%"
"09/18/2013","13.258","13.250","13.295","13.220","2.83M","0.17%"
"09/17/2013","13.235","13.008","13.235","13.008","2.37M","1.87%"
"09/16/2013","12.992","12.917","13.030","12.879","1.81M","-0.29%"
"09/15/2013","13.030","12.955","13.030","12.894","1.87M","1.29%"
"09/12/2013","12.864","12.727","12.879","12.697","855.29K","0.00%"
"09/11/2013","12.864","12.879","12.909","12.424","2.34M","0.24%"
"09/10/2013","12.833","12.424","12.955","12.424","2.97M","6.14%"
"09/09/2013","12.091","12.258","12.258","11.970","3.02M","-0.56%"
"09/08/2013","12.159","12.197","12.258","12.121","1.02M","0.00%"
"09/05/2013","12.159","12.417","12.417","12.121","3.45M","-2.08%"
"09/04/2013","12.417","12.727","12.727","12.394","5.65M","-2.44%"
"09/03/2013","12.727","12.606","12.886","12.606","1.95M","0.42%"
"09/02/2013","12.674","12.689","12.841","12.652","886.39K","-0.95%"
"09/01/2013","12.795","12.727","12.939","12.727","1.92M","0.84%"
"08/29/2013","12.689","12.727","12.780","12.652","3.31M","-1.12%"
"08/28/2013","12.833","12.879","13.030","12.583","3.99M","-1.80%"
"08/27/2013","13.068","13.121","13.182","12.894","4.59M","-0.52%"
"08/26/2013","13.136","13.333","13.348","13.136","5.00M","-1.59%"
"08/25/2013","13.348","13.348","13.409","13.348","450.32K","-0.51%"
"08/22/2013","13.417","13.417","13.705","13.333","2.89M","-0.50%"
"08/21/2013","13.485","13.492","13.492","13.409","464.88K","-0.05%"
"08/20/2013","13.492","13.561","13.561","13.485","1.47M","-0.51%"
"08/19/2013","13.561","13.485","13.591","13.455","1.60M","2.05%"
"08/18/2013","13.288","13.311","13.318","13.114","838.65K","-0.34%"
"08/15/2013","13.333","13.538","13.538","13.333","1.02M","-2.06%"
"08/14/2013","13.614","13.636","13.636","13.538","508.68K","-0.16%"
"08/13/2013","13.636","13.333","13.636","13.333","3.39M","1.98%"
"08/07/2013","13.371","13.205","13.371","13.205","809.79K","1.09%"
"08/06/2013","13.227","13.311","13.371","13.106","1.78M","-0.11%"
"08/05/2013","13.242","13.212","13.258","13.212","1.11M","0.23%"
"08/04/2013","13.212","13.045","13.280","13.045","767.00K","0.52%"
"08/01/2013","13.144","13.432","13.561","13.114","4.68M","-1.98%"
"07/31/2013","13.409","13.068","13.439","12.682","4.74M","2.37%"
"07/30/2013","13.098","12.742","13.098","12.742","1.29M","2.92%"
"07/29/2013","12.727","12.689","12.765","12.689","1.15M","0.00%"
"07/28/2013","12.727","12.682","12.735","12.682","594.77K","-1.18%"
"07/25/2013","12.879","12.727","12.879","12.727","1.03M","0.95%"
"07/24/2013","12.758","12.795","12.811","12.727","1.11M","-0.41%"
"07/23/2013","12.811","12.742","12.856","12.742","1.55M","-0.35%"
"07/22/2013","12.856","12.576","12.879","12.568","3.48M","3.16%"
"07/21/2013","12.462","12.576","12.591","12.386","2.06M","-0.91%"
"07/18/2013","12.576","12.462","12.614","12.432","2.20M","1.85%"
"07/17/2013","12.348","12.129","12.439","12.129","3.87M","1.75%"
"07/16/2013","12.136","12.121","12.136","12.114","1.51M","0.18%"
"07/15/2013","12.114","12.106","12.189","12.083","674.12K","-0.18%"
"07/14/2013","12.136","12.273","12.273","12.121","426.60K","-0.81%"
"07/11/2013","12.235","12.121","12.265","12.121","1.01M","1.26%"
"07/10/2013","12.083","12.053","12.159","12.053","2.50M","0.32%"
"07/09/2013","12.045","12.008","12.121","12.008","884.73K","0.25%"
"07/08/2013","12.015","12.235","12.235","12.008","1.42M","-1.85%"
"07/07/2013","12.242","12.258","12.265","12.212","979.12K","-0.56%"
"07/04/2013","12.311","12.265","12.326","12.258","1.95M","-0.12%"
"07/03/2013","12.326","12.273","12.333","12.212","2.96M","0.12%"
"07/02/2013","12.311","12.197","12.311","12.197","3.32M","0.93%"
"07/01/2013","12.197","11.932","12.212","11.932","8.80M","2.29%"
"06/30/2013","11.924","12.106","12.106","11.841","2.53M","-1.00%"
"06/27/2013","12.045","11.856","12.129","11.826","10.61M","1.92%"
"06/26/2013","11.818","11.515","11.856","11.508","6.15M","2.97%"
"06/24/2013","11.477","11.477","11.508","11.394","4.05M","0.26%"
"06/23/2013","11.447","11.371","11.515","11.371","2.42M","0.07%"
"06/20/2013","11.439","11.515","11.515","11.409","1.56M","-0.86%"
"06/19/2013","11.538","11.500","11.561","11.485","1.26M","0.40%"
"06/18/2013","11.492","11.614","11.614","11.439","2.23M","-1.43%"
"06/17/2013","11.659","11.667","11.667","11.591","2.08M","-0.07%"
"06/16/2013","11.667","11.591","11.667","11.515","2.25M","0.27%"
"06/13/2013","11.636","11.652","11.765","11.636","4.67M","-1.16%"
"06/12/2013","11.773","11.667","11.773","11.629","26.70M","4.02%"
"06/11/2013","11.318","11.212","11.318","11.167","2.87M","0.47%"
"06/10/2013","11.265","11.212","11.280","11.114","1.63M","0.47%"
"06/09/2013","11.212","11.212","11.220","11.129","2.56M","0.00%"
"06/06/2013","11.212","11.280","11.280","11.159","967.36K","-0.67%"
"06/05/2013","11.288","11.212","11.288","11.212","1.05M","0.00%"
"06/04/2013","11.288","11.152","11.288","11.076","1.44M","1.22%"
"06/03/2013","11.152","10.985","11.159","10.985","2.43M","1.11%"
"06/02/2013","11.030","11.280","11.280","11.030","2.84M","-2.54%"
"05/30/2013","11.318","11.061","11.318","11.061","2.49M","1.91%"
"05/29/2013","11.106","10.917","11.288","10.917","2.85M","1.87%"
"05/28/2013","10.902","10.909","10.909","10.871","877.81K","-0.06%"
"05/27/2013","10.909","10.833","10.970","10.833","312.88K","0.35%"
"05/26/2013","10.871","10.803","10.879","10.803","1.47M","0.28%"
"05/23/2013","10.841","10.833","10.856","10.765","3.63M","-0.62%"
"05/22/2013","10.909","10.932","10.932","10.803","643.45K","0.35%"
"05/21/2013","10.871","10.909","10.909","10.803","527.67K","-0.56%"
"05/20/2013","10.932","10.909","10.985","10.841","1.84M","0.07%"
"05/19/2013","10.924","10.833","10.947","10.833","1.20M","1.76%"
"05/16/2013","10.735","10.765","10.826","10.735","1.59M","-0.90%"
"05/15/2013","10.833","10.833","10.864","10.811","2.07M","-0.35%"
"05/14/2013","10.871","10.833","10.871","10.818","2.03M","0.70%"
"05/13/2013","10.795","10.833","10.833","10.780","17.33M","0.34%"
"05/12/2013","10.758","10.833","10.833","10.735","3.27M","-0.69%"
"05/09/2013","10.833","10.932","10.932","10.833","3.83M","-0.70%"
"05/08/2013","10.909","10.758","10.924","10.758","3.33M","1.06%"
"05/07/2013","10.795","10.682","10.902","10.682","2.96M","1.06%"
"05/06/2013","10.682","10.386","10.682","10.386","4.30M","2.85%"
"05/05/2013","10.386","10.341","10.447","10.333","1.56M","0.44%"
"05/02/2013","10.341","10.227","10.341","10.220","2.54M","1.71%"
"05/01/2013","10.167","10.189","10.220","10.152","66.95K","-0.59%"
"04/30/2013","10.227","10.227","10.227","10.121","418.72K","0.07%"
"04/29/2013","10.220","10.235","10.235","10.220","1.41M","-0.07%"
"04/28/2013","10.227","10.182","10.227","10.182","3.16M","0.67%"
"04/25/2013","10.159","10.152","10.197","10.152","1.12M","-0.66%"
"04/24/2013","10.227","10.129","10.227","10.129","1.64M","0.90%"
"04/23/2013","10.136","10.015","10.144","10.008","940.59K","1.28%"
"04/22/2013","10.008","10.008","10.023","10.000","956.83K","-0.07%"
"04/21/2013","10.015","10.045","10.045","10.000","228.70K","-0.46%"
"04/18/2013","10.061","10.000","10.076","10.000","2.31M","0.69%"
"04/17/2013","9.992","9.924","10.008","9.924","1.85M","0.69%"
"04/16/2013","9.924","9.924","9.955","9.924","1.14M","-0.23%"
"04/15/2013","9.947","10.000","10.000","9.917","552.43K","-0.53%"
"04/14/2013","10.000","10.008","10.023","10.000","223.04K","-0.61%"
"04/11/2013","10.061","10.106","10.106","10.061","1.29M","-0.15%"
"04/10/2013","10.076","10.152","10.152","10.076","582.69K","-0.38%"
"04/09/2013","10.114","10.091","10.121","10.083","746.04K","0.08%"
"04/08/2013","10.106","10.189","10.189","10.083","841.70K","-0.81%"
"04/07/2013","10.189","10.205","10.205","10.182","2.01M","-0.67%"
"04/04/2013","10.258","10.235","10.295","10.235","238.95K","-0.66%"
"04/03/2013","10.326","10.212","10.326","10.205","1.77M","1.19%"
"04/02/2013","10.205","10.182","10.227","10.182","1.31M","0.98%"
"04/01/2013","10.106","10.129","10.129","10.068","4.48M","-0.15%"
"03/31/2013","10.121","10.144","10.152","10.114","729.29K","-0.31%"
"03/28/2013","10.152","10.152","10.152","10.136","2.48M","0.00%"
"03/27/2013","10.152","10.114","10.152","10.114","6.40M","0.38%"
"03/26/2013","10.114","10.152","10.152","10.076","1.36M","-0.37%"
"03/25/2013","10.152","10.091","10.182","10.091","3.86M","0.08%"
"03/24/2013","10.144","10.152","10.152","10.144","62.52K","-0.08%"
"03/21/2013","10.152","10.083","10.212","10.083","1.89M","0.68%"
"03/20/2013","10.083","10.091","10.091","10.083","356.99K","0.00%"
"03/19/2013","10.083","10.114","10.114","9.970","1.21M","-0.38%"
"03/18/2013","10.121","10.045","10.121","9.962","1.44M","0.98%"
"03/17/2013","10.023","10.083","10.083","10.008","699.51K","-0.90%"
"03/14/2013","10.114","10.076","10.227","10.076","1.36M","-1.04%"
"03/13/2013","10.220","10.098","10.220","10.076","1.63M","0.98%"
"03/12/2013","10.121","10.076","10.121","10.076","1.33M","0.30%"
"03/11/2013","10.091","10.076","10.091","10.061","2.07M","0.23%"
"03/10/2013","10.068","10.076","10.098","10.045","2.25M","-0.23%"
"03/07/2013","10.091","10.023","10.114","10.015","2.41M","0.83%"
"03/06/2013","10.008","9.848","10.008","9.848","5.33M","1.54%"
"03/05/2013","9.856","9.848","9.856","9.818","758.46K","-0.08%"
"03/04/2013","9.864","9.811","9.909","9.735","8.88M","0.54%"
"02/28/2013","9.811","9.795","9.811","9.795","2.61M","0.16%"
"02/27/2013","9.795","9.727","9.795","9.712","325.96K","0.70%"
"02/26/2013","9.727","9.811","9.811","9.727","1.59M","-0.78%"
"02/25/2013","9.803","9.848","9.871","9.735","929.85K","-0.46%"
"02/24/2013","9.848","9.856","9.856","9.833","1.54M","0.00%"
"02/21/2013","9.848","9.818","9.864","9.818","1.15M","-0.38%"
"02/20/2013","9.886","9.848","9.886","9.833","1.22M","0.30%"
"02/19/2013","9.856","9.879","9.879","9.826","1.40M","-0.53%"
"02/18/2013","9.909","9.848","9.924","9.848","996.61K","0.46%"
"02/17/2013","9.864","9.848","9.864","9.848","1.86M","-0.22%"
"02/14/2013","9.886","9.856","9.924","9.848","3.21M","0.15%"
"02/13/2013","9.871","9.773","9.871","9.773","3.90M","0.85%"
"02/11/2013","9.788","9.803","9.811","9.712","1.10M","-0.15%"
"02/10/2013","9.803","9.826","9.856","9.803","683.17K","-0.15%"
"02/07/2013","9.818","9.826","9.848","9.818","672.55K","-0.30%"
"02/06/2013","9.848","9.833","9.856","9.780","1.25M","0.00%"
"02/05/2013","9.848","9.803","9.848","9.780","1.18M","0.15%"
"02/04/2013","9.833","9.886","9.917","9.788","1.48M","-0.38%"
"02/03/2013","9.871","9.947","9.947","9.848","2.08M","-0.08%"
"01/31/2013","9.879","9.955","9.962","9.758","5.18M","-3.40%"
"01/29/2013","10.227","10.174","10.288","10.174","5.92M","0.37%"
"01/28/2013","10.189","10.152","10.189","10.114","1.49M","0.36%"
"01/27/2013","10.152","10.197","10.318","10.129","2.44M","-1.47%"
"01/24/2013","10.303","10.189","10.303","10.189","2.69M","1.04%"
"01/23/2013","10.197","10.182","10.205","10.182","3.61M","0.15%"
"01/22/2013","10.182","10.189","10.212","10.167","3.26M","-0.07%"
"01/21/2013","10.189","10.167","10.212","10.167","4.98M","-0.16%"
"01/20/2013","10.205","10.197","10.250","10.189","2.04M","0.16%"
"01/17/2013","10.189","10.159","10.227","10.159","2.31M","0.30%"
"01/16/2013","10.159","10.121","10.167","10.121","2.55M","0.52%"
"01/15/2013","10.106","10.152","10.152","10.068","3.46M","-0.75%"
"01/14/2013","10.182","10.455","10.455","10.144","10.24M","-2.61%"
"01/13/2013","10.455","10.614","10.735","10.417","1.58M","-1.70%"
"01/10/2013","10.636","10.379","10.682","10.364","3.46M","2.85%"
"01/09/2013","10.341","10.303","10.341","10.288","1.82M","0.52%"
"01/08/2013","10.288","10.288","10.295","10.265","1.10M","0.00%"
"01/07/2013","10.288","10.303","10.303","10.242","1.37M","-0.15%"
"01/06/2013","10.303","10.227","10.386","10.205","3.77M","1.12%"
"01/03/2013","10.189","9.992","10.265","9.970","2.36M","2.28%"
"01/02/2013","9.962","9.924","9.970","9.864","2.39M","0.45%"
"12/31/2012","9.917","9.811","9.924","9.788","645.11K","1.32%"
"12/30/2012","9.788","9.977","9.977","9.788","1.79M","-0.23%"
"12/27/2012","9.811","9.848","9.848","9.803","1.28M","-0.38%"
"12/26/2012","9.848","9.848","9.856","9.826","2.26M","0.00%"
"12/25/2012","9.848","9.848","9.871","9.833","1.79M","0.07%"
"12/24/2012","9.841","9.932","9.955","9.833","2.54M","-0.99%"
"12/23/2012","9.939","9.962","10.000","9.939","520.69K","-0.16%"
"12/20/2012","9.955","9.894","10.015","9.894","3.23M","0.62%"
"12/19/2012","9.894","9.886","9.924","9.879","4.70M","0.08%"
"12/17/2012","9.886","9.924","9.924","9.856","3.15M","-0.16%"
"12/16/2012","9.902","9.871","9.932","9.856","1.16M","-0.53%"
"12/13/2012","9.955","9.864","9.992","9.848","5.26M","0.92%"
"12/12/2012","9.864","9.864","9.864","9.848","1.45M","0.08%"
"12/11/2012","9.856","9.848","9.856","9.848","1.57M","0.08%"
"12/10/2012","9.848","9.818","9.864","9.818","1.76M","0.38%"
"12/09/2012","9.811","9.848","9.864","9.811","1.04M","-0.22%"
"12/06/2012","9.833","9.848","9.886","9.833","1.09M","0.00%"
"12/05/2012","9.833","9.879","9.879","9.811","879.90K","-0.15%"
"12/04/2012","9.848","9.841","9.848","9.826","1.56M","0.22%"
"12/03/2012","9.826","9.848","9.848","9.788","1.21M","-0.30%"
"12/02/2012","9.856","9.902","9.902","9.848","950.64K","-0.38%"
"11/29/2012","9.894","9.917","9.917","9.886","1.27M","-0.23%"
"11/28/2012","9.917","9.886","9.924","9.871","1.50M","0.31%"
"11/27/2012","9.886","9.947","9.947","9.841","2.10M","-0.69%"
"11/26/2012","9.955","9.985","9.992","9.955","2.98M","-0.30%"
"11/25/2012","9.985","9.992","10.008","9.977","5.71M","-0.07%"
"11/22/2012","9.992","9.985","10.000","9.970","2.88M","0.00%"
"11/21/2012","9.992","9.977","10.000","9.970","1.17M","0.15%"
"11/20/2012","9.977","9.992","10.000","9.977","1.55M","-0.08%"
"11/19/2012","9.985","9.985","10.015","9.977","2.39M","0.15%"
"11/18/2012","9.970","10.015","10.015","9.962","1.79M","-0.68%"
"11/15/2012","10.038","10.015","10.038","10.000","542.76K","0.00%"
"11/14/2012","10.038","10.038","10.076","10.000","1.92M","-0.07%"
"11/13/2012","10.045","10.098","10.098","10.045","672.30K","-0.23%"
"11/12/2012","10.068","10.114","10.114","9.992","1.77M","-0.15%"
"11/11/2012","10.083","10.136","10.136","10.083","3.11M","-0.45%"
"11/08/2012","10.129","10.098","10.136","10.076","657.25K","-0.07%"
"11/07/2012","10.136","10.152","10.152","10.129","1.29M","0.00%"
"11/06/2012","10.136","10.144","10.144","10.129","2.45M","-0.16%"
"11/05/2012","10.152","10.136","10.159","10.121","3.02M","0.38%"
"11/04/2012","10.114","10.182","10.182","10.114","1.26M","-0.30%"
"11/01/2012","10.144","10.152","10.152","10.136","1.56M","0.00%"
"10/31/2012","10.144","10.152","10.152","10.136","404.16K","0.08%"
"10/30/2012","10.136","10.114","10.227","10.114","434.32K","-0.89%"
"10/24/2012","10.227","10.197","10.235","10.197","663.70K","0.29%"
"10/23/2012","10.197","10.235","10.235","10.197","580.39K","-0.37%"
"10/22/2012","10.235","10.227","10.280","10.227","509.20K","-0.29%"
"10/21/2012","10.265","10.295","10.303","10.227","1.26M","0.00%"
"10/18/2012","10.265","10.288","10.295","10.235","1.26M","-0.29%"
"10/17/2012","10.295","10.379","10.379","10.265","2.56M","0.07%"
"10/16/2012","10.288","10.242","10.318","10.242","2.42M","0.45%"
"10/15/2012","10.242","10.227","10.242","10.212","2.33M","0.29%"
"10/14/2012","10.212","10.265","10.265","10.212","892.56K","-0.15%"
"10/11/2012","10.227","10.205","10.295","10.205","1.85M","0.29%"
"10/10/2012","10.197","10.182","10.220","10.144","1.14M","-0.08%"
"10/09/2012","10.205","10.273","10.273","10.205","1.33M","-0.66%"
"10/08/2012","10.273","10.303","10.303","10.258","2.49M","-0.29%"
"10/07/2012","10.303","10.265","10.303","10.265","728.20K","0.29%"
"10/04/2012","10.273","10.265","10.295","10.265","755.50K","0.08%"
"10/03/2012","10.265","10.288","10.379","10.265","547.83K","-0.22%"
"10/02/2012","10.288","10.265","10.288","10.265","1.80M","0.15%"
"10/01/2012","10.273","10.295","10.326","10.227","991.20K","-0.15%"
"09/30/2012","10.288","10.265","10.303","10.265","555.01K","0.22%"
"09/27/2012","10.265","10.235","10.273","10.235","876.15K","0.29%"
"09/26/2012","10.235","10.265","10.273","10.220","1.37M","-0.66%"
"09/25/2012","10.303","10.318","10.318","10.280","1.67M","-0.37%"
"09/24/2012","10.341","10.318","10.356","10.295","1.52M","-0.37%"
"09/23/2012","10.379","10.356","10.417","10.348","877.11K","-0.73%"
"09/20/2012","10.455","10.470","10.538","10.447","3.19M","0.00%"
"09/19/2012","10.455","10.295","10.492","10.295","2.56M","1.48%"
"09/18/2012","10.303","10.227","10.341","10.220","2.60M","0.81%"
"09/17/2012","10.220","10.227","10.235","10.205","2.11M","0.23%"
"09/16/2012","10.197","10.227","10.235","10.189","666.45K","-0.15%"
"09/13/2012","10.212","10.227","10.235","10.182","1.17M","-0.15%"
"09/12/2012","10.227","10.091","10.227","10.091","2.32M","1.20%"
"09/11/2012","10.106","10.136","10.136","10.068","1.56M","0.30%"
"09/10/2012","10.076","10.129","10.152","10.076","2.15M","-0.67%"
"09/09/2012","10.144","10.144","10.152","10.136","731.33K","0.15%"
"09/06/2012","10.129","10.136","10.144","10.129","582.60K","-0.07%"
"09/05/2012","10.136","10.129","10.136","10.121","528.41K","0.07%"
"09/04/2012","10.129","10.144","10.144","10.121","931.67K","-0.15%"
"09/03/2012","10.144","10.152","10.152","10.121","179.27K","0.23%"
"09/02/2012","10.121","10.167","10.167","10.121","898.22K","-0.37%"
"08/30/2012","10.159","10.098","10.182","10.098","679.21K","0.44%"
"08/29/2012","10.114","10.136","10.136","10.098","439.39K","-0.22%"
"08/28/2012","10.136","10.152","10.182","10.114","787.12K","-0.08%"
"08/27/2012","10.144","10.144","10.152","10.144","336.67K","0.08%"
"08/26/2012","10.136","10.144","10.152","10.114","952.05K","-0.16%"
"08/23/2012","10.152","10.152","10.159","10.114","536.24K","0.00%"
"08/22/2012","10.152","10.189","10.189","10.144","512.15K","-0.36%"
"08/16/2012","10.189","10.144","10.189","10.129","1.03M","0.44%"
"08/15/2012","10.144","10.091","10.152","10.091","788.01K","0.00%"
"08/14/2012","10.144","10.121","10.159","10.114","2.24M","-0.08%"
"08/13/2012","10.152","10.152","10.152","10.136","508.35K","-0.07%"
"08/12/2012","10.159","10.152","10.220","10.091","590.71K","-0.60%"
"08/09/2012","10.220","10.076","10.220","10.076","4.23M","1.43%"
"08/08/2012","10.076","10.083","10.114","10.076","2.77M","-0.38%"
"08/07/2012","10.114","10.076","10.114","10.076","2.03M","0.38%"
"08/06/2012","10.076","10.114","10.114","10.053","6.93M","-0.38%"
"08/05/2012","10.114","10.129","10.129","10.114","768.95K","0.00%"
"08/02/2012","10.114","10.098","10.121","10.083","255.55K","0.00%"
"08/01/2012","10.114","10.106","10.114","10.076","951.21K","0.38%"
"07/31/2012","10.076","10.098","10.106","10.076","1.35M","0.00%"
"07/30/2012","10.076","10.076","10.091","10.076","1.31M","-0.38%"
"07/29/2012","10.114","9.977","10.114","9.977","1.73M","1.37%"
"07/26/2012","9.977","10.023","10.023","9.970","138.49K","0.15%"
"07/25/2012","9.962","9.924","9.970","9.909","368.43K","0.38%"
"07/24/2012","9.924","9.962","9.962","9.917","1.66M","-0.38%"
"07/23/2012","9.962","9.970","10.000","9.962","597.10K","0.00%"
"07/22/2012","9.962","9.970","9.985","9.962","897.63K","-0.15%"
"07/19/2012","9.977","10.015","10.015","9.977","1.07M","-0.38%"
"07/18/2012","10.015","10.000","10.038","9.962","915.43K","0.15%"
"07/17/2012","10.000","9.992","10.038","9.962","1.09M","0.38%"
"07/16/2012","9.962","9.992","10.008","9.932","963.34K","-0.15%"
"07/15/2012","9.977","10.000","10.000","9.977","2.03M","0.07%"
"07/12/2012","9.970","9.924","9.977","9.917","631.61K","0.38%"
"07/11/2012","9.932","9.992","9.992","9.917","1.03M","-0.60%"
"07/10/2012","9.992","9.992","10.000","9.985","648.19K","-0.08%"
"07/09/2012","10.000","10.015","10.015","10.000","803.51K","-0.90%"
"07/08/2012","10.091","10.083","10.098","10.076","286.74K","-0.44%"
"07/05/2012","10.136","10.045","10.167","10.045","1.76M","0.91%"
"07/04/2012","10.045","10.114","10.114","10.038","294.23K","-0.46%"
"07/03/2012","10.091","10.076","10.091","10.076","916.28K","0.23%"
"07/02/2012","10.068","10.098","10.152","10.023","864.42K","-0.08%"
"07/01/2012","10.076","10.008","10.076","9.977","1.77M","1.30%"
"06/28/2012","9.947","9.970","10.000","9.947","1.57M","-0.23%"
"06/27/2012","9.970","9.924","10.000","9.924","2.63M","0.31%"
"06/26/2012","9.939","10.000","10.000","9.939","1.21M","-0.61%"
"06/25/2012","10.000","9.924","10.038","9.864","729.43K","0.45%"
"06/24/2012","9.955","9.924","10.000","9.924","1.33M","0.31%"
"06/21/2012","9.924","10.076","10.076","9.894","1.39M","-1.51%"
"06/20/2012","10.076","10.076","10.091","10.038","465.75K","-0.15%"
"06/19/2012","10.091","9.871","10.091","9.871","1.02M","1.68%"
"06/18/2012","9.924","9.909","10.000","9.909","274.48K","0.22%"
"06/17/2012","9.902","9.886","9.947","9.886","1.28M","-0.07%"
"06/14/2012","9.909","9.871","9.939","9.856","484.31K","-0.23%"
"06/13/2012","9.932","9.894","9.970","9.894","595.14K","-0.23%"
"06/12/2012","9.955","9.894","9.985","9.879","1.01M","-0.07%"
"06/11/2012","9.962","10.000","10.000","9.947","1.03M","-0.38%"
"06/10/2012","10.000","10.000","10.000","9.985","628.43K","0.00%"
"06/07/2012","10.000","10.023","10.023","9.985","996.01K","-0.61%"
"06/06/2012","10.061","10.061","10.061","10.015","1.73M","0.08%"
"06/05/2012","10.053","9.939","10.076","9.939","536.00K","-0.08%"
"06/04/2012","10.061","10.045","10.076","10.008","931.76K","0.16%"
"06/03/2012","10.045","10.023","10.114","9.992","987.84K","-0.16%"
"05/31/2012","10.061","10.152","10.152","10.061","935.66K","-0.67%"
"05/30/2012","10.129","10.106","10.152","10.106","324.81K","0.00%"
"05/29/2012","10.129","10.182","10.182","10.129","726.46K","-0.52%"
"05/28/2012","10.182","10.189","10.197","10.159","1.46M","-0.07%"
"05/27/2012","10.189","10.136","10.212","10.098","2.41M","0.44%"
"05/24/2012","10.144","10.091","10.144","10.083","1.48M","0.38%"
"05/23/2012","10.106","10.144","10.152","10.091","472.23K","-0.67%"
"05/22/2012","10.174","10.091","10.174","10.091","1.80M","0.75%"
"05/21/2012","10.098","10.076","10.121","10.076","2.59M","0.22%"
"05/20/2012","10.076","10.144","10.144","10.076","1.55M","-0.44%"
"05/17/2012","10.121","10.114","10.205","10.098","1.05M","-0.08%"
"05/16/2012","10.129","10.045","10.159","10.038","2.55M","0.08%"
"05/15/2012","10.121","10.015","10.121","10.015","1.03M","0.07%"
"05/14/2012","10.114","10.068","10.114","10.068","804.00K","0.00%"
"05/13/2012","10.114","10.076","10.114","10.076","581.84K","0.31%"
"05/10/2012","10.083","10.098","10.114","10.068","845.79K","-0.15%"
"05/09/2012","10.098","10.114","10.114","10.091","826.33K","-0.08%"
"05/08/2012","10.106","10.114","10.152","10.083","211.90K","0.08%"
"05/07/2012","10.098","10.061","10.152","10.061","582.17K","-0.31%"
"05/06/2012","10.129","10.098","10.129","10.076","1.11M","0.08%"
"05/03/2012","10.121","10.129","10.129","10.038","704.99K","0.53%"
"05/02/2012","10.068","10.098","10.136","10.045","727.65K","-0.45%"
"05/01/2012","10.114","10.144","10.144","10.106","958.32K","0.08%"
"04/30/2012","10.106","10.091","10.136","10.076","666.45K","-0.08%"
"04/29/2012","10.114","10.083","10.144","10.083","471.33K","0.16%"
"04/26/2012","10.098","10.098","10.114","9.924","1.04M","-0.08%"
"04/25/2012","10.106","10.152","10.152","10.106","1.41M","-0.15%"
"04/24/2012","10.121","10.152","10.159","10.121","1.44M","-0.31%"
"04/23/2012","10.152","10.182","10.220","10.152","500.66K","-0.29%"
"04/22/2012","10.182","10.167","10.227","10.159","811.35K","0.15%"
"04/19/2012","10.167","10.152","10.189","10.083","1.31M","0.00%"
"04/18/2012","10.167","10.174","10.182","10.167","938.03K","0.00%"
"04/17/2012","10.167","10.227","10.227","10.159","620.68K","-0.52%"
"04/16/2012","10.220","10.174","10.220","10.129","1.52M","0.52%"
"04/15/2012","10.167","10.167","10.220","10.159","1.30M","-0.07%"
"04/12/2012","10.174","10.189","10.189","10.144","1.32M","-0.08%"
"04/11/2012","10.182","10.212","10.212","10.174","1.56M","-0.07%"
"04/10/2012","10.189","10.189","10.220","10.152","587.93K","0.07%"
"04/09/2012","10.182","10.167","10.189","10.144","1.14M","-0.44%"
"04/08/2012","10.227","10.265","10.295","10.174","1.92M","-0.37%"
"04/05/2012","10.265","10.303","10.303","10.174","4.43M","-0.29%"
"04/04/2012","10.295","10.318","10.386","10.295","1.67M","-0.67%"
"04/03/2012","10.364","10.402","10.402","10.341","7.13M","-0.51%"
"04/02/2012","10.417","10.341","10.417","10.303","1.36M","0.36%"
"04/01/2012","10.380","10.242","10.447","10.242","1.59M","1.42%"
"03/29/2012","10.235","10.227","10.235","10.220","1.03M","0.08%"
"03/28/2012","10.227","10.235","10.265","10.212","2.10M","0.00%"
"03/27/2012","10.227","10.227","10.235","10.220","2.49M","0.07%"
"03/26/2012","10.220","10.227","10.288","10.212","1.22M","-0.07%"
"03/25/2012","10.227","10.265","10.265","10.212","326.03K","0.07%"
"03/22/2012","10.220","10.227","10.258","10.197","2.27M","-0.07%"
"03/21/2012","10.227","10.227","10.280","10.227","907.30K","0.00%"
"03/20/2012","10.227","10.250","10.250","10.212","2.54M","-0.22%"
"03/19/2012","10.250","10.227","10.273","10.227","1.48M","0.08%"
"03/18/2012","10.242","10.288","10.288","10.182","944.24K","-0.51%"
"03/15/2012","10.295","10.250","10.295","10.197","659.87K","0.44%"
"03/14/2012","10.250","10.235","10.250","10.189","922.17K","0.15%"
"03/13/2012","10.235","10.227","10.250","10.212","1.40M","0.08%"
"03/12/2012","10.227","10.152","10.227","10.144","2.29M","0.74%"
"03/11/2012","10.152","10.129","10.159","10.129","1.52M","0.23%"
"03/08/2012","10.129","10.114","10.136","10.106","630.68K","0.00%"
"03/07/2012","10.129","10.121","10.152","10.098","1.90M","-0.23%"
"03/06/2012","10.152","10.159","10.174","10.144","2.27M","-0.15%"
"03/05/2012","10.167","10.152","10.167","10.129","2.04M","0.23%"
"03/01/2012","10.144","10.152","10.167","10.136","1.75M","-0.15%"
"02/29/2012","10.159","10.167","10.167","10.152","1.48M","0.00%"
"02/28/2012","10.159","10.189","10.189","10.136","5.39M","0.07%"
"02/27/2012","10.152","10.076","10.152","10.008","1.30M","0.08%"
"02/26/2012","10.144","10.152","10.152","10.106","1.10M","0.53%"
"02/23/2012","10.091","10.106","10.121","10.083","3.84M","-0.15%"
"02/22/2012","10.106","10.152","10.152","10.091","1.24M","-0.45%"
"02/21/2012","10.152","10.152","10.152","10.129","1.41M","0.08%"
"02/20/2012","10.144","10.159","10.182","10.129","884.08K","-0.15%"
"02/19/2012","10.159","10.220","10.220","10.129","3.75M","0.38%"
"02/16/2012","10.121","10.303","10.303","10.091","2.65M","-0.75%"
"02/15/2012","10.197","10.280","10.288","10.197","1.98M","-1.25%"
"02/13/2012","10.326","10.341","10.341","10.265","1.32M","0.22%"
"02/12/2012","10.303","10.273","10.318","10.265","1.63M","-0.51%"
"02/09/2012","10.356","10.303","10.379","10.303","2.57M","0.59%"
"02/08/2012","10.295","10.242","10.333","10.189","2.09M","0.88%"
"02/07/2012","10.205","10.235","10.242","10.182","3.50M","-0.95%"
"02/06/2012","10.303","10.265","10.303","10.212","2.99M","0.37%"
"02/05/2012","10.265","10.076","10.273","10.076","3.22M","1.88%"
"02/02/2012","10.076","10.076","10.076","9.939","3.77M","0.76%"
"02/01/2012","10.000","10.083","10.152","9.977","9.51M","-0.82%"
"01/31/2012","10.083","10.114","10.152","9.848","5.74M","0.07%"
"01/26/2012","10.076","10.083","10.131","10.076","7.53M","0.14%"
"01/25/2012","10.062","10.103","10.124","10.055","1.96M","-0.41%"
"01/24/2012","10.103","10.090","10.124","10.083","1.75M","0.07%"
"01/23/2012","10.096","10.096","10.145","10.083","2.24M","0.00%"
"01/22/2012","10.096","10.103","10.110","10.083","1.57M","0.20%"
"01/19/2012","10.076","10.090","10.110","10.048","2.88M","-0.20%"
"01/18/2012","10.096","10.124","10.131","10.096","1.85M","-0.14%"
"01/17/2012","10.110","10.028","10.172","10.028","1.73M","-0.21%"
"01/16/2012","10.131","10.179","10.220","10.076","2.06M","0.07%"
"01/15/2012","10.124","10.220","10.220","10.117","1.26M","-0.33%"
"01/12/2012","10.158","10.172","10.227","10.124","2.18M","0.00%"
"01/11/2012","10.158","10.124","10.200","10.103","6.74M","1.72%"
"01/10/2012","9.986","9.924","10.248","9.876","9.33M","-5.17%"
"01/09/2012","10.530","10.544","10.606","10.503","1.19M","-0.33%"
"01/08/2012","10.565","10.737","10.737","10.565","2.93M","-1.60%"
"01/05/2012","10.737","10.744","10.744","10.661","1.03M","0.07%"
"01/04/2012","10.730","10.716","10.813","10.696","3.56M","0.13%"
"01/03/2012","10.716","10.482","10.771","10.482","2.13M","1.70%"
"01/02/2012","10.537","10.523","10.572","10.468","1.81M","0.66%"
"12/29/2011","10.468","10.468","10.468","10.379","2.13M","0.00%"
"12/28/2011","10.468","10.399","10.468","10.399","2.30M","0.66%"
"12/27/2011","10.399","10.399","10.441","10.365","2.85M","0.46%"
"12/26/2011","10.351","10.351","10.399","10.337","424.38K","-0.66%"
"12/25/2011","10.420","10.331","10.420","10.324","2.43M","1.20%"
"12/22/2011","10.296","10.296","10.337","10.282","2.74M","-0.34%"
"12/21/2011","10.331","10.365","10.365","10.303","1.25M","-0.06%"
"12/20/2011","10.337","10.275","10.399","10.275","1.97M","0.60%"
"12/19/2011","10.275","10.282","10.310","10.275","929.77K","-0.07%"
"12/15/2011","10.282","10.234","10.351","10.234","3.31M","-0.93%"
"12/14/2011","10.379","10.413","10.427","10.379","975.87K","-0.39%"
"12/13/2011","10.420","10.399","10.434","10.351","1.58M","0.20%"
"12/12/2011","10.399","10.475","10.475","10.379","1.20M","-0.34%"
"12/11/2011","10.434","10.455","10.461","10.399","1.67M","0.00%"
"12/08/2011","10.434","10.365","10.448","10.365","17.46M","0.67%"
"12/07/2011","10.365","10.358","10.413","10.358","1.36M","0.14%"
"12/06/2011","10.351","10.468","10.475","10.337","2.13M","-1.12%"
"12/05/2011","10.468","10.434","10.489","10.399","2.27M","0.66%"
"12/04/2011","10.399","10.337","10.434","10.331","3.73M","0.93%"
"12/01/2011","10.303","10.227","10.317","10.227","3.86M","1.36%"
"11/30/2011","10.165","10.193","10.214","10.124","2.58M","-0.27%"
"11/29/2011","10.193","10.255","10.337","10.193","2.17M","-0.07%"
"11/28/2011","10.200","10.110","10.227","10.090","2.30M","1.37%"
"11/27/2011","10.062","10.124","10.193","10.055","892.65K","-0.07%"
"11/24/2011","10.069","10.090","10.124","10.055","1.41M","-0.34%"
"11/23/2011","10.103","10.193","10.193","10.076","5.27M","-0.88%"
"11/22/2011","10.193","10.193","10.262","10.096","2.12M","0.40%"
"11/21/2011","10.152","10.337","10.399","10.124","6.43M","-2.12%"
"11/20/2011","10.372","10.496","10.503","9.642","3.29M","-0.85%"
"11/17/2011","10.461","10.475","10.503","10.455","793.14K","-0.07%"
"11/16/2011","10.468","10.434","10.503","10.434","1.61M","0.12%"
"11/15/2011","10.455","10.489","10.489","10.386","2.78M","-0.32%"
"11/14/2011","10.489","10.399","10.496","10.351","2.79M","0.87%"
"11/13/2011","10.399","10.324","10.427","10.296","2.39M","1.34%"
"11/10/2011","10.262","10.131","10.331","10.131","1.88M","0.47%"
"11/09/2011","10.214","9.986","10.227","9.986","1.02M","1.58%"
"11/03/2011","10.055","10.055","10.062","10.041","873.03K","0.07%"
"11/02/2011","10.048","9.966","10.055","9.917","3.59M","0.69%"
"11/01/2011","9.979","10.028","10.028","9.917","2.55M","-1.16%"
"10/31/2011","10.096","10.117","10.117","9.952","2.19M","0.34%"
"10/30/2011","10.062","9.986","10.090","9.966","2.39M","1.18%"
"10/27/2011","9.945","9.848","9.952","9.835","2.36M","0.98%"
"10/26/2011","9.848","9.848","9.855","9.800","2.77M","0.27%"
"10/25/2011","9.821","9.787","9.821","9.780","2.29M","0.00%"
"10/24/2011","9.821","9.780","9.821","9.780","1.56M","0.07%"
"10/23/2011","9.814","9.676","9.828","9.669","3.06M","2.15%"
"10/20/2011","9.607","9.614","9.642","9.552","5.17M","-0.07%"
"10/19/2011","9.614","9.800","9.800","9.614","4.50M","-1.42%"
"10/18/2011","9.752","9.780","9.787","9.745","1.26M","-0.36%"
"10/17/2011","9.787","9.780","9.848","9.745","2.64M","-0.42%"
"10/16/2011","9.828","9.745","9.842","9.745","1.32M","0.49%"
"10/13/2011","9.780","9.848","9.862","9.780","2.27M","-0.49%"
"10/12/2011","9.828","9.780","9.848","9.780","2.07M","0.56%"
"10/11/2011","9.773","9.745","9.793","9.745","1.45M","0.29%"
"10/10/2011","9.745","9.745","9.752","9.718","1.25M","0.14%"
"10/09/2011","9.731","9.718","9.759","9.683","3.30M","0.57%"
"10/06/2011","9.676","9.642","9.718","9.614","7.59M","0.72%"
"10/05/2011","9.607","9.642","9.711","9.601","4.08M","0.00%"
"10/04/2011","9.607","9.752","9.752","9.566","7.09M","-1.77%"
"10/03/2011","9.780","9.787","9.787","9.725","5.21M","0.00%"
"10/02/2011","9.780","9.759","9.814","9.745","1.26M","-0.20%"
"09/29/2011","9.800","9.835","9.862","9.793","1.85M","-0.49%"
"09/28/2011","9.848","9.835","9.848","9.745","1.24M","0.56%"
"09/27/2011","9.793","9.842","9.842","9.780","1.88M","0.20%"
"09/26/2011","9.773","9.814","9.814","9.766","2.31M","-0.35%"
"09/25/2011","9.807","9.814","9.876","9.766","1.80M","-0.42%"
"09/22/2011","9.848","9.814","9.917","9.814","2.37M","0.00%"
"09/21/2011","9.848","9.787","9.883","9.787","1.55M","0.62%"
"09/20/2011","9.787","9.780","9.842","9.752","2.92M","0.00%"
"09/19/2011","9.787","9.759","9.800","9.759","480.66K","0.14%"
"09/18/2011","9.773","9.835","9.855","9.752","2.01M","0.29%"
"09/15/2011","9.745","9.780","9.780","9.718","3.03M","0.21%"
"09/14/2011","9.725","9.835","9.835","9.725","2.90M","-1.12%"
"09/13/2011","9.835","9.910","9.910","9.773","1.57M","0.49%"
"09/12/2011","9.787","9.842","9.848","9.780","2.83M","-0.62%"
"09/11/2011","9.848","9.718","9.848","9.718","1.29M","0.77%"
"09/08/2011","9.773","9.952","9.952","9.731","6.69M","-0.97%"
"09/07/2011","9.869","9.917","9.979","9.869","4.56M","-0.14%"
"09/06/2011","9.883","9.848","9.917","9.828","4.17M","0.36%"
"09/05/2011","9.848","9.917","10.021","9.800","3.06M","-1.31%"
"09/04/2011","9.979","9.814","10.007","9.759","2.56M","2.33%"
"08/29/2011","9.752","9.759","9.793","9.683","1.79M","0.79%"
"08/28/2011","9.676","9.573","9.683","9.545","988.29K","1.81%"
"08/25/2011","9.504","9.490","9.559","9.490","899.21K","0.22%"
"08/24/2011","9.483","9.511","9.511","9.456","2.43M","-0.22%"
"08/23/2011","9.504","9.483","9.532","9.435","4.03M","0.28%"
"08/22/2011","9.477","9.477","9.518","9.463","2.76M","0.07%"
"08/21/2011","9.470","9.463","9.477","9.428","4.56M","-0.14%"
"08/18/2011","9.483","9.504","9.539","9.483","1.89M","-0.72%"
"08/17/2011","9.552","9.442","9.573","9.442","1.95M","0.58%"
"08/16/2011","9.497","9.401","9.539","9.394","3.13M","0.29%"
"08/15/2011","9.470","9.408","9.504","9.408","2.69M","-0.36%"
"08/14/2011","9.504","9.539","9.539","9.401","1.96M","0.36%"
"08/11/2011","9.470","9.456","9.504","9.456","3.11M","-0.28%"
"08/10/2011","9.497","9.539","9.580","9.435","5.09M","0.36%"
"08/09/2011","9.463","9.366","9.490","9.366","4.42M","0.07%"
"08/08/2011","9.456","9.373","9.573","9.373","1.96M","-0.51%"
"08/07/2011","9.504","9.366","9.614","9.298","5.95M","-2.54%"
"08/04/2011","9.752","9.683","9.793","9.676","2.61M","0.79%"
"08/03/2011","9.676","9.676","9.690","9.656","902.71K","-0.64%"
"08/02/2011","9.738","9.738","9.745","9.690","618.87K","0.42%"
"08/01/2011","9.697","9.711","9.773","9.697","1.38M","-0.49%"
"07/31/2011","9.745","9.663","9.745","9.663","2.06M","-0.29%"
"07/28/2011","9.773","9.683","9.773","9.635","1.82M","0.78%"
"07/27/2011","9.697","9.711","9.745","9.676","864.91K","-0.42%"
"07/26/2011","9.738","9.725","9.766","9.711","1.38M","-0.14%"
"07/25/2011","9.752","9.745","9.766","9.745","71.86K","0.07%"
"07/24/2011","9.745","9.752","9.780","9.704","2.16M","-0.07%"
"07/21/2011","9.752","9.780","9.780","9.752","1.12M","-0.21%"
"07/20/2011","9.773","9.787","9.787","9.766","3.14M","0.29%"
"07/19/2011","9.745","9.787","9.835","9.718","871.88K","-0.92%"
"07/18/2011","9.835","9.848","9.883","9.821","754.27K","-0.76%"
"07/17/2011","9.910","9.848","9.917","9.835","539.77K","0.27%"
"07/14/2011","9.883","9.897","9.910","9.828","1.17M","-0.14%"
"07/13/2011","9.897","9.738","9.910","9.738","1.30M","1.20%"
"07/12/2011","9.780","9.890","9.890","9.745","1.41M","-0.49%"
"07/11/2011","9.828","9.663","9.917","9.663","2.98M","0.14%"
"07/10/2011","9.814","9.862","9.862","9.642","3.08M","-0.56%"
"07/07/2011","9.869","10.028","10.124","9.862","3.63M","-0.97%"
"07/06/2011","9.966","9.917","10.000","9.855","3.14M","0.49%"
"07/05/2011","9.917","9.897","9.917","9.821","1.65M","0.00%"
"07/04/2011","9.917","9.883","9.979","9.883","2.04M","-0.07%"
"07/03/2011","9.924","9.793","9.938","9.752","2.72M","2.19%"
"06/30/2011","9.711","9.800","9.800","9.649","2.12M","-0.14%"
"06/29/2011","9.725","9.773","9.897","9.704","2.58M","-0.21%"
"06/28/2011","9.745","9.594","9.745","9.559","3.40M","1.65%"
"06/27/2011","9.587","9.373","9.607","9.360","2.94M","1.98%"
"06/26/2011","9.401","9.346","9.415","9.339","768.53K","0.15%"
"06/23/2011","9.387","9.380","9.401","9.229","2.92M","0.00%"
"06/22/2011","9.387","9.497","9.504","9.366","5.48M","-0.51%"
"06/21/2011","9.435","9.573","9.573","9.332","1.42M","0.00%"
"06/20/2011","9.435","9.635","9.649","9.435","1.77M","-2.08%"
"06/19/2011","9.635","9.642","9.676","9.573","1.53M","0.07%"
"06/16/2011","9.628","9.573","9.669","9.518","2.37M","0.15%"
"06/15/2011","9.614","9.442","9.676","9.435","2.97M","1.97%"
"06/14/2011","9.428","9.401","9.442","9.401","722.99K","0.00%"
"06/13/2011","9.428","9.497","9.497","9.415","929.29K","0.14%"
"06/12/2011","9.415","9.435","9.470","9.373","2.55M","-0.21%"
"06/09/2011","9.435","9.332","9.435","9.311","6.70M","0.59%"
"06/08/2011","9.380","9.408","9.408","9.311","1.50M","-0.22%"
"06/07/2011","9.401","9.366","9.401","9.339","2.14M","0.97%"
"06/06/2011","9.311","9.332","9.366","9.263","3.22M","0.14%"
"06/05/2011","9.298","9.380","9.380","9.298","1.85M","-0.87%"
"06/02/2011","9.380","9.380","9.401","9.311","3.29M","-0.88%"
"06/01/2011","9.463","9.559","9.559","9.373","5.13M","-0.43%"
"05/31/2011","9.504","9.490","9.511","9.298","6.97M","0.73%"
"05/30/2011","9.435","9.456","9.456","9.366","1.51M","0.00%"
"05/29/2011","9.435","9.539","9.539","9.373","2.52M","-0.51%"
"05/26/2011","9.483","9.504","9.559","9.470","1.96M","0.06%"
"05/25/2011","9.477","9.539","9.539","9.421","2.11M","-0.06%"
"05/24/2011","9.483","9.594","9.594","9.435","4.02M","-1.79%"
"05/23/2011","9.656","9.883","9.910","9.642","4.90M","-2.50%"
"05/22/2011","9.904","9.979","9.986","9.904","2.66M","-0.82%"
"05/19/2011","9.986","9.986","9.993","9.959","5.70M","0.07%"
"05/18/2011","9.979","9.986","10.007","9.917","2.97M","-0.21%"
"05/17/2011","10.000","9.986","10.055","9.986","1.67M","0.14%"
"05/16/2011","9.986","9.883","10.021","9.883","2.45M","0.55%"
"05/15/2011","9.931","10.041","10.041","9.848","2.79M","-1.16%"
"05/12/2011","10.048","10.117","10.117","10.048","2.05M","-0.68%"
"05/11/2011","10.117","9.890","10.255","9.890","7.49M","2.37%"
"05/10/2011","9.883","9.580","9.883","9.580","2.57M","3.16%"
"05/09/2011","9.580","9.539","9.580","9.511","1.21M","0.80%"
"05/08/2011","9.504","9.442","9.539","9.435","1.27M","-0.72%"
"05/05/2011","9.573","9.711","9.711","9.497","1.37M","-0.99%"
"05/04/2011","9.669","9.642","9.780","9.642","3.76M","0.00%"
"05/03/2011","9.669","9.504","9.669","9.504","3.94M","1.74%"
"05/02/2011","9.504","9.463","9.518","9.463","2.49M","0.43%"
"05/01/2011","9.463","9.511","9.539","9.366","2.88M","0.66%"
"04/28/2011","9.401","9.298","9.428","9.298","7.28M","0.97%"
"04/27/2011","9.311","9.497","9.497","9.291","5.47M","-0.23%"
"04/26/2011","9.332","9.442","9.442","9.263","2.70M","-1.09%"
"04/25/2011","9.435","9.580","9.614","9.435","2.86M","-1.09%"
"04/24/2011","9.539","9.539","9.842","9.401","7.13M","-0.78%"
"04/21/2011","9.614","9.389","9.634","9.389","8.25M","2.81%"
"04/20/2011","9.351","9.389","9.396","9.331","3.86M","-0.48%"
"04/19/2011","9.396","9.479","9.479","9.389","3.78M","-0.95%"
"04/18/2011","9.486","9.582","9.601","9.454","1.30M","-1.27%"
"04/17/2011","9.608","9.627","9.634","9.582","1.50M","-0.27%"
"04/14/2011","9.634","9.582","9.646","9.582","3.21M","0.27%"
"04/13/2011","9.608","9.640","9.704","9.582","4.47M","0.14%"
"04/12/2011","9.595","9.582","9.634","9.428","5.59M","0.20%"
"04/11/2011","9.576","9.228","9.589","9.228","5.17M","3.40%"
"04/10/2011","9.261","9.132","9.261","9.132","4.92M","0.85%"
"04/07/2011","9.183","9.261","9.286","9.132","11.42M","2.58%"
"04/06/2011","8.952","8.862","8.952","8.862","7.15M","0.87%"
"04/05/2011","8.875","8.843","8.939","8.785","4.05M","0.51%"
"04/04/2011","8.830","8.881","8.881","8.823","3.39M","-0.28%"
"04/03/2011","8.855","8.849","8.933","8.830","2.48M","0.36%"
"03/31/2011","8.823","8.746","8.843","8.695","2.83M","1.55%"
"03/30/2011","8.688","8.624","8.714","8.624","1.87M","0.15%"
"03/29/2011","8.675","8.540","8.695","8.502","5.47M","2.19%"
"03/28/2011","8.489","8.630","8.630","8.450","4.87M","-1.50%"
"03/27/2011","8.618","8.733","8.810","8.618","8.76M","0.30%"
"03/24/2011","8.592","8.650","8.656","8.585","2.33M","0.46%"
"03/23/2011","8.553","8.765","8.765","8.508","4.81M","-1.41%"
"03/22/2011","8.675","8.823","8.843","8.656","8.47M","-1.61%"
"03/21/2011","8.817","8.952","9.010","8.817","3.72M","-1.44%"
"03/20/2011","8.946","8.881","9.100","8.881","4.53M","2.20%"
"03/17/2011","8.753","8.810","8.810","8.727","1.87M","0.08%"
"03/16/2011","8.746","8.875","9.003","8.695","2.88M","-1.38%"
"03/15/2011","8.868","8.810","8.868","8.682","2.13M","-1.15%"
"03/14/2011","8.971","9.068","9.132","8.971","2.44M","-2.11%"
"03/13/2011","9.164","8.881","9.222","8.881","4.51M","3.26%"
"03/10/2011","8.875","8.868","8.933","8.682","3.24M","-0.15%"
"03/09/2011","8.888","8.810","9.003","8.810","3.36M","1.25%"
"03/08/2011","8.778","8.425","8.881","8.425","5.52M","5.73%"
"03/07/2011","8.302","8.296","8.425","8.296","3.25M","1.65%"
"03/03/2011","8.167","8.232","8.290","8.167","2.66M","-0.16%"
"03/02/2011","8.180","8.167","8.264","8.045","3.83M","-1.40%"
"03/01/2011","8.296","8.200","8.360","8.200","5.00M","1.02%"
"02/28/2011","8.212","8.399","8.399","8.167","7.59M","-2.23%"
"02/27/2011","8.399","8.225","8.457","8.142","3.63M","3.25%"
"02/24/2011","8.135","8.103","8.135","8.039","3.92M","1.19%"
"02/23/2011","8.039","8.039","8.103","7.884","5.87M","0.89%"
"02/22/2011","7.968","8.109","8.232","7.917","7.37M","-3.50%"
"02/21/2011","8.257","8.425","8.495","8.200","5.45M","-2.06%"
"02/20/2011","8.431","8.360","8.457","8.232","5.60M","-2.17%"
"02/17/2011","8.618","8.939","8.939","8.618","4.89M","-2.90%"
"02/16/2011","8.875","8.971","8.971","8.849","2.99M","-1.36%"
"02/15/2011","8.997","8.991","8.997","8.958","865.57K","0.65%"
"02/14/2011","8.939","8.991","8.991","8.900","1.61M","-0.21%"
"02/13/2011","8.958","9.003","9.003","8.913","2.58M","0.94%"
"02/10/2011","8.875","8.907","9.003","8.855","2.31M","-0.28%"
"02/09/2011","8.900","9.003","9.061","8.875","2.68M","-1.85%"
"02/08/2011","9.068","8.810","9.100","8.753","7.43M","3.37%"
"02/07/2011","8.772","8.991","8.991","8.753","5.72M","-1.87%"
"02/06/2011","8.939","9.389","9.389","8.791","13.63M","-4.79%"
"02/03/2011","9.389","9.499","9.518","9.389","1.47M","-0.34%"
"02/02/2011","9.421","9.640","9.743","9.421","4.46M","-1.48%"
"02/01/2011","9.563","9.460","9.646","9.383","5.94M","-3.82%"
"01/27/2011","9.943","9.938","9.988","9.919","5.03M","0.50%"
"01/26/2011","9.894","9.894","9.943","9.894","4.93M","-0.05%"
"01/25/2011","9.899","9.904","9.948","9.899","3.87M","0.00%"
"01/24/2011","9.899","9.894","9.904","9.889","3.46M","0.15%"
"01/23/2011","9.884","9.894","9.933","9.869","5.21M","-0.10%"
"01/20/2011","9.894","9.894","9.943","9.849","6.52M","-0.49%"
"01/19/2011","9.943","9.904","10.003","9.869","3.21M","-0.50%"
"01/18/2011","9.993","9.943","10.062","9.879","5.05M","0.95%"
"01/17/2011","9.899","9.909","9.909","9.825","6.33M","0.05%"
"01/16/2011","9.894","9.825","9.953","9.795","5.29M","0.46%"
"01/13/2011","9.849","9.993","10.037","9.820","7.33M","-1.34%"
"01/12/2011","9.983","9.899","10.092","9.899","6.12M","0.50%"
"01/11/2011","9.933","9.993","10.141","9.933","12.00M","2.55%"
"01/10/2011","9.686","9.740","9.745","9.671","1.42M","-0.61%"
"01/09/2011","9.745","9.795","9.795","9.642","2.17M","-0.51%"
"01/06/2011","9.795","9.795","9.795","9.696","1.23M","-0.31%"
"01/05/2011","9.825","9.770","9.894","9.736","4.06M","1.33%"
"01/04/2011","9.696","9.572","9.696","9.572","2.88M","1.55%"
"01/03/2011","9.548","9.251","9.548","9.251","2.61M","3.21%"
"01/02/2011","9.251","9.201","9.275","9.201","339.83K","1.08%"