"Date","Price","Open","High","Low","Vol.","Change %"
"08/06/2026","130.05","131.00","137.70","128.01","6.03M","0.04%"
"08/05/2026","130.00","138.00","141.90","127.27","5.11M","-3.20%"
"08/04/2026","134.30","148.00","156.00","132.12","7.15M","-10.32%"
"08/03/2026","149.76","149.76","149.76","141.06","6.95M","20.00%"
"08/02/2026","124.80","118.00","124.80","104.20","2.82M","20.00%"
"07/30/2026","104.00","97.08","104.88","95.75","4.63M","7.77%"
"07/29/2026","96.50","93.94","97.89","93.40","2.74M","3.32%"
"07/28/2026","93.40","93.86","94.79","92.85","1.00M","0.65%"
"07/27/2026","92.80","92.90","97.90","92.10","3.61M","3.00%"
"07/26/2026","90.10","92.25","93.50","90.01","544.00K","-1.53%"
"07/22/2026","91.50","90.70","93.00","90.65","511.08K","0.88%"
"07/21/2026","90.70","91.50","92.20","90.66","365.88K","-0.38%"
"07/20/2026","91.05","91.95","91.98","90.50","539.03K","0.19%"
"07/19/2026","90.88","89.79","92.50","89.10","1.07M","2.15%"
"07/16/2026","88.97","88.55","90.48","88.05","658.52K","0.75%"
"07/15/2026","88.31","86.47","89.49","86.00","804.19K","2.13%"
"07/14/2026","86.47","85.80","86.47","85.40","72.11K","0.78%"
"07/13/2026","85.80","86.12","87.00","85.40","205.46K","-0.31%"
"07/12/2026","86.07","86.49","87.65","86.03","74.14K","-0.02%"
"07/09/2026","86.09","87.50","87.50","86.00","99.69K","-1.05%"
"07/08/2026","87.00","87.99","88.10","86.60","102.21K","-0.56%"
"07/07/2026","87.49","88.00","88.80","87.01","84.68K","-0.58%"
"07/06/2026","88.00","88.80","88.80","87.50","154.46K","-0.98%"
"07/05/2026","88.87","88.54","89.33","88.21","86.00K","0.75%"
"07/01/2026","88.21","87.40","88.50","87.05","259.51K","0.94%"
"06/30/2026","87.39","85.00","89.00","84.20","599.98K","3.19%"
"06/29/2026","84.69","85.22","86.00","83.60","55.02K","-0.62%"
"06/28/2026","85.22","88.40","88.40","85.18","62.85K","-3.71%"
"06/25/2026","88.50","88.50","88.70","86.70","105.18K","0.02%"
"06/24/2026","88.48","87.40","88.50","86.02","154.45K","1.27%"
"06/23/2026","87.37","89.70","89.99","87.22","106.68K","-2.60%"
"06/22/2026","89.70","89.48","89.80","87.95","214.10K","0.79%"
"06/21/2026","89.00","85.00","89.47","84.51","1.98M","5.70%"
"06/17/2026","84.20","84.10","84.50","83.80","73.61K","0.24%"
"06/16/2026","84.00","84.00","84.50","83.50","153.69K","-0.02%"
"06/15/2026","84.02","84.59","85.01","83.02","241.42K","-0.57%"
"06/14/2026","84.50","86.00","86.50","84.00","238.99K","-0.09%"
"06/11/2026","84.58","85.50","85.50","83.02","155.94K","-1.09%"
"06/10/2026","85.51","86.45","87.00","85.51","165.79K","-1.09%"
"06/09/2026","86.45","86.71","87.20","86.04","102.58K","-0.17%"
"06/08/2026","86.60","86.60","87.25","86.28","84.35K","0.00%"
"06/07/2026","86.60","87.90","87.93","86.50","343.77K","-1.59%"
"06/04/2026","88.00","86.86","88.20","86.50","731.48K","1.31%"
"06/03/2026","86.86","87.00","87.30","85.55","97.90K","-0.07%"
"06/02/2026","86.92","87.40","87.40","85.50","476.38K","0.49%"
"06/01/2026","86.50","85.00","87.80","84.50","2.04M","2.57%"
"05/25/2026","84.33","84.97","85.48","83.96","335.79K","-0.33%"
"05/24/2026","84.61","84.92","86.00","84.15","191.18K","-0.22%"
"05/21/2026","84.80","84.80","85.90","84.00","105.75K","0.12%"
"05/20/2026","84.70","87.00","87.72","84.50","184.27K","-2.60%"
"05/19/2026","86.96","86.28","87.13","86.00","312.68K","0.82%"
"05/18/2026","86.25","89.46","89.46","86.22","127.13K","-3.81%"
"05/17/2026","89.67","90.06","91.44","88.88","305.09K","-2.41%"
"05/14/2026","91.88","91.90","92.10","91.10","137.40K","-0.01%"
"05/13/2026","91.89","90.00","92.40","89.95","649.40K","2.17%"
"05/12/2026","89.94","89.55","90.00","88.90","322.66K","0.50%"
"05/11/2026","89.49","89.75","90.50","88.90","424.92K","-0.12%"
"05/10/2026","89.60","87.50","89.75","87.04","491.01K","2.52%"
"05/06/2026","87.40","86.91","88.40","86.59","367.43K","0.81%"
"05/05/2026","86.70","85.95","87.90","84.92","535.73K","0.81%"
"05/04/2026","86.00","85.75","86.20","84.81","311.76K","0.41%"
"05/03/2026","85.65","84.95","85.90","84.13","302.77K","0.82%"
"04/30/2026","84.95","85.27","85.70","83.97","214.33K","-0.36%"
"04/29/2026","85.26","84.53","85.40","84.10","526.65K","0.90%"
"04/28/2026","84.50","84.49","84.60","83.50","462.29K","-2.30%"
"04/27/2026","86.49","86.75","87.30","86.10","189.50K","0.01%"
"04/26/2026","86.48","86.00","86.90","86.00","188.85K","0.69%"
"04/23/2026","85.89","86.89","87.00","85.80","120.17K","-0.34%"
"04/22/2026","86.18","87.02","87.98","85.51","436.55K","-0.94%"
"04/21/2026","87.00","88.73","88.99","86.52","575.34K","-0.40%"
"04/20/2026","87.35","85.02","88.50","84.54","801.04K","2.81%"
"04/19/2026","84.96","85.14","85.70","84.50","107.86K","-0.06%"
"04/16/2026","85.01","86.20","86.50","84.25","181.77K","-1.32%"
"04/15/2026","86.15","86.00","86.98","84.50","475.04K","0.41%"
"04/14/2026","85.80","84.00","86.19","83.70","342.68K","2.61%"
"04/12/2026","83.62","82.00","83.62","83.62","486.54K","0.00%"
"04/09/2026","83.62","82.10","84.50","81.21","486.54K","1.98%"
"04/08/2026","82.00","81.50","82.30","81.17","169.59K","1.80%"
"04/07/2026","80.55","81.75","82.40","80.50","177.60K","-0.92%"
"04/06/2026","81.30","79.84","82.50","79.84","489.74K","2.47%"
"04/05/2026","79.34","79.00","80.23","78.81","117.82K","0.43%"
"04/02/2026","79.00","78.70","79.80","78.27","164.61K","0.68%"
"04/01/2026","78.47","78.00","78.90","77.70","134.38K","0.91%"
"03/31/2026","77.76","77.56","78.30","77.31","124.82K","0.28%"
"03/30/2026","77.54","79.00","79.20","77.50","79.12K","-1.85%"
"03/29/2026","79.00","78.97","79.00","78.25","385.64K","0.88%"
"03/26/2026","78.31","79.17","79.50","78.26","124.65K","-0.89%"
"03/25/2026","79.01","79.19","79.35","78.82","72.24K","0.14%"
"03/24/2026","78.90","80.04","80.33","78.51","188.18K","-1.37%"
"03/18/2026","80.00","80.30","80.73","79.80","532.53K","-0.32%"
"03/17/2026","80.26","78.90","80.30","78.53","102.07K","2.20%"
"03/16/2026","78.53","79.50","79.50","78.10","79.16K","-1.26%"
"03/15/2026","79.53","80.79","80.79","79.21","50.00K","-1.56%"
"03/12/2026","80.79","81.53","81.90","79.00","180.06K","-0.91%"
"03/11/2026","81.53","80.99","81.53","79.85","345.24K","1.57%"
"03/10/2026","80.27","80.80","82.00","80.21","168.71K","-0.58%"
"03/09/2026","80.74","82.92","83.00","80.62","394.62K","-0.93%"
"03/08/2026","81.50","79.50","82.55","79.20","197.81K","2.94%"
"03/05/2026","79.17","79.97","80.50","79.00","290.44K","-0.81%"
"03/04/2026","79.82","79.29","80.00","78.20","140.61K","2.19%"
"03/03/2026","78.11","78.10","79.50","77.00","223.40K","-0.12%"
"03/02/2026","78.20","78.02","78.87","77.00","201.24K","0.26%"
"03/01/2026","78.00","76.20","78.70","72.11","282.03K","-1.28%"
"02/26/2026","79.01","79.11","80.45","78.50","139.98K","-0.10%"
"02/25/2026","79.09","82.50","82.55","78.10","197.05K","-3.03%"
"02/24/2026","81.56","82.49","83.80","81.15","378.62K","-0.55%"
"02/23/2026","82.01","81.05","82.80","81.03","138.19K","1.18%"
"02/22/2026","81.05","83.51","84.95","81.00","145.19K","-2.34%"
"02/19/2026","82.99","85.90","86.00","82.90","253.13K","-3.38%"
"02/18/2026","85.89","85.95","86.42","84.82","457.71K","0.46%"
"02/17/2026","85.50","83.10","85.95","82.51","823.81K","3.32%"
"02/16/2026","82.75","83.70","84.00","82.70","982.02K","-0.01%"
"02/15/2026","82.76","83.70","84.50","82.50","244.05K","-0.39%"
"02/12/2026","83.08","83.71","84.80","83.01","229.68K","-0.97%"
"02/11/2026","83.89","83.60","84.39","82.10","232.39K","0.73%"
"02/10/2026","83.28","83.50","83.89","82.01","439.78K","-0.14%"
"02/09/2026","83.40","86.19","86.75","82.75","1.06M","-2.46%"
"02/08/2026","85.50","84.01","87.12","84.01","526.54K","2.11%"
"02/05/2026","83.73","83.48","84.25","83.00","447.30K","0.88%"
"02/04/2026","83.00","81.15","84.84","81.02","1.24M","2.34%"
"02/03/2026","81.10","79.01","81.76","79.01","664.90K","3.31%"
"02/02/2026","78.50","79.11","79.96","78.31","268.45K","-1.23%"
"02/01/2026","79.48","77.42","79.99","77.10","407.21K","2.67%"
"01/28/2026","77.41","78.60","79.44","76.60","149.72K","-1.39%"
"01/27/2026","78.50","80.02","80.94","78.02","228.48K","-1.20%"
"01/26/2026","79.45","77.70","79.45","77.05","399.86K","2.52%"
"01/25/2026","77.50","78.50","78.50","77.00","381.31K","-0.96%"
"01/22/2026","78.25","79.00","79.99","78.14","193.19K","-2.18%"
"01/21/2026","79.99","78.90","79.99","77.50","126.05K","1.38%"
"01/20/2026","78.90","79.00","79.49","78.07","347.04K","0.01%"
"01/19/2026","78.89","77.65","79.00","76.73","415.14K","2.20%"
"01/18/2026","77.19","76.73","77.90","76.73","28.83K","1.07%"
"01/15/2026","76.37","76.80","77.94","75.91","80.93K","-0.92%"
"01/14/2026","77.08","77.61","78.41","75.45","149.15K","-0.68%"
"01/13/2026","77.61","79.10","79.89","76.90","187.73K","-1.76%"
"01/12/2026","79.00","81.31","81.73","78.55","621.00K","-2.43%"
"01/11/2026","80.97","80.98","82.00","80.50","435.19K","1.21%"
"01/08/2026","80.00","79.20","81.20","79.20","729.45K","1.29%"
"01/06/2026","78.98","78.37","79.01","78.04","493.98K","1.20%"
"01/05/2026","78.04","78.00","80.00","77.20","439.15K","0.18%"
"01/04/2026","77.90","78.10","79.75","77.50","82.55K","0.52%"
"12/31/2025","77.50","78.11","79.00","77.50","214.68K","-0.64%"
"12/30/2025","78.00","79.00","80.85","78.00","323.36K","-0.83%"
"12/29/2025","78.65","76.97","80.00","76.97","822.06K","3.17%"
"12/28/2025","76.23","74.70","77.00","74.30","1.16M","2.96%"
"12/25/2025","74.04","74.00","74.75","73.25","187.08K","0.71%"
"12/24/2025","73.52","73.80","74.90","67.50","256.88K","-0.24%"
"12/23/2025","73.70","73.01","73.70","72.39","115.73K","1.35%"
"12/22/2025","72.72","72.00","73.35","71.88","437.38K","0.89%"
"12/21/2025","72.08","72.07","72.99","71.93","58.11K","0.06%"
"12/18/2025","72.04","73.11","73.50","71.70","316.98K","-1.44%"
"12/17/2025","73.09","74.31","74.50","73.00","121.20K","-1.30%"
"12/16/2025","74.05","75.39","75.70","73.65","184.47K","-0.71%"
"12/15/2025","74.58","72.00","75.79","72.00","809.99K","4.15%"
"12/14/2025","71.61","73.00","73.50","71.61","667.20K","0.96%"
"12/11/2025","70.93","71.50","71.75","70.56","145.13K","-0.08%"
"12/10/2025","70.99","71.63","72.46","70.80","298.52K","-0.56%"
"12/09/2025","71.39","70.00","71.99","69.88","574.46K","2.26%"
"12/08/2025","69.81","70.44","70.79","69.70","377.75K","-0.89%"
"12/07/2025","70.44","71.25","71.25","70.08","148.67K","-0.23%"
"12/04/2025","70.60","72.40","72.90","70.00","630.40K","-2.51%"
"12/03/2025","72.42","72.49","73.26","72.21","298.00K","0.50%"
"12/02/2025","72.06","71.85","72.59","70.66","701.32K","2.21%"
"12/01/2025","70.50","70.15","73.00","69.91","840.02K","0.73%"
"11/30/2025","69.99","71.70","71.70","69.50","170.23K","0.13%"
"11/27/2025","69.90","69.52","70.70","69.15","291.61K","0.37%"
"11/26/2025","69.64","71.17","72.89","69.63","160.46K","-2.15%"
"11/25/2025","71.17","73.00","73.50","71.00","200.63K","-2.48%"
"11/24/2025","72.98","72.80","74.00","72.66","347.75K","0.41%"
"11/23/2025","72.68","73.89","74.94","72.05","153.74K","-1.64%"
"11/20/2025","73.89","74.01","75.15","73.80","323.81K","-0.16%"
"11/19/2025","74.01","75.51","76.20","73.24","205.42K","-1.99%"
"11/18/2025","75.51","76.30","77.30","75.26","169.16K","-1.55%"
"11/17/2025","76.70","76.97","78.24","76.00","412.89K","0.66%"
"11/16/2025","76.20","78.50","78.50","76.00","364.13K","-1.80%"
"11/13/2025","77.60","78.02","78.77","77.52","371.93K","-0.35%"
"11/12/2025","77.87","78.51","79.00","77.87","134.49K","-0.82%"
"11/11/2025","78.51","79.85","81.30","78.25","531.01K","-1.38%"
"11/10/2025","79.61","78.20","79.99","77.01","444.86K","1.80%"
"11/09/2025","78.20","78.00","80.00","78.00","174.50K","0.26%"
"11/06/2025","78.00","76.24","79.00","75.11","725.10K","2.62%"
"11/05/2025","76.01","78.00","79.40","75.70","288.88K","-2.39%"
"11/04/2025","77.87","80.40","80.44","77.81","181.69K","-2.32%"
"11/03/2025","79.72","78.52","80.64","78.21","366.48K","1.93%"
"11/02/2025","78.21","78.61","80.49","77.50","120.58K","-0.92%"
"10/30/2025","78.94","80.00","81.50","78.61","416.69K","-0.70%"
"10/29/2025","79.50","79.42","80.60","77.50","446.73K","0.14%"
"10/28/2025","79.39","82.22","82.93","79.00","336.96K","-3.18%"
"10/27/2025","82.00","82.50","83.96","81.21","524.43K","0.00%"
"10/26/2025","82.00","80.11","83.00","79.00","588.19K","2.45%"
"10/23/2025","80.04","82.74","83.43","79.12","953.03K","-3.26%"
"10/22/2025","82.74","83.70","83.93","81.70","636.66K","-1.11%"
"10/21/2025","83.67","79.70","83.99","78.01","1.46M","5.91%"
"10/20/2025","79.00","73.90","81.50","73.90","1.27M","7.05%"
"10/19/2025","73.80","73.51","74.70","73.21","238.31K","0.53%"
"10/16/2025","73.41","72.60","74.60","72.60","686.75K","1.26%"
"10/15/2025","72.50","70.80","73.40","70.75","506.18K","2.40%"
"10/14/2025","70.80","70.47","72.54","69.63","937.43K","2.24%"
"10/13/2025","69.25","68.00","69.35","67.55","337.50K","2.59%"
"10/12/2025","67.50","68.03","69.00","67.14","365.01K","-1.04%"
"10/08/2025","68.21","68.21","69.44","67.80","935.65K","1.04%"
"10/07/2025","67.51","66.82","69.24","66.00","846.06K","1.05%"
"10/06/2025","66.81","65.64","66.87","65.00","199.70K","2.09%"
"10/05/2025","65.44","65.88","65.90","65.30","95.29K","0.05%"
"10/02/2025","65.41","66.95","66.95","65.30","574.07K","-1.58%"
"10/01/2025","66.46","66.40","67.79","66.14","202.49K","0.30%"
"09/30/2025","66.26","68.00","68.05","65.81","421.89K","-1.98%"
"09/29/2025","67.60","66.02","69.36","66.02","709.67K","2.41%"
"09/28/2025","66.01","67.49","67.49","65.67","172.04K","-0.74%"
"09/25/2025","66.50","64.45","68.48","64.06","1.58M","3.95%"
"09/24/2025","63.97","62.25","63.97","61.77","2.29M","3.56%"
"09/23/2025","61.77","63.98","63.99","61.55","185.56K","-2.72%"
"09/22/2025","63.50","63.10","64.70","63.00","295.39K","0.63%"
"09/21/2025","63.10","64.80","64.80","62.35","536.97K","-1.56%"
"09/18/2025","64.10","65.00","65.90","64.00","382.89K","-0.93%"
"09/17/2025","64.70","64.70","65.50","63.80","566.35K","0.00%"
"09/16/2025","64.70","67.40","68.00","63.62","1.77M","-3.46%"
"09/15/2025","67.02","64.31","67.48","63.35","1.40M","4.72%"
"09/14/2025","64.00","61.60","64.05","61.01","1.07M","4.15%"
"09/11/2025","61.45","62.10","63.49","61.08","598.41K","-0.89%"
"09/10/2025","62.00","59.32","62.19","59.20","806.53K","4.55%"
"09/09/2025","59.30","61.01","62.48","59.13","863.30K","-2.80%"
"09/08/2025","61.01","64.14","67.79","60.40","1.85M","-3.92%"
"09/07/2025","63.50","54.50","64.39","54.10","4.30M","17.59%"
"09/03/2025","54.00","53.85","55.00","53.85","240.28K","0.00%"
"09/02/2025","54.00","54.00","54.65","53.64","165.59K","0.00%"
"09/01/2025","54.00","54.40","54.40","53.35","78.19K","0.24%"
"08/31/2025","53.87","55.00","55.19","53.52","158.41K","-1.52%"
"08/28/2025","54.70","54.02","55.50","54.02","362.15K","1.30%"
"08/27/2025","54.00","53.24","54.00","53.10","202.93K","1.43%"
"08/26/2025","53.24","54.19","54.19","53.16","93.75K","-0.47%"
"08/25/2025","53.49","53.95","54.50","53.25","227.42K","-0.69%"
"08/24/2025","53.86","53.63","54.80","53.63","348.47K","0.45%"
"08/21/2025","53.62","54.00","54.60","53.30","312.06K","-0.70%"
"08/20/2025","54.00","55.70","55.90","54.00","431.77K","-3.10%"
"08/19/2025","55.73","56.00","56.50","55.67","410.79K","0.25%"
"08/18/2025","55.59","53.88","56.39","53.70","1.90M","3.83%"
"08/17/2025","53.54","52.30","53.68","43.60","138.03K","2.37%"
"08/14/2025","52.30","52.03","52.69","51.61","61.05K","0.52%"
"08/13/2025","52.03","52.49","52.50","51.93","43.46K","-0.40%"
"08/12/2025","52.24","52.20","52.70","51.77","307.34K","0.08%"
"08/11/2025","52.20","52.60","52.95","51.76","70.58K","-1.14%"
"08/10/2025","52.80","51.08","52.88","50.73","125.44K","3.41%"
"08/07/2025","51.06","50.80","51.25","50.60","40.63K","1.49%"
"08/06/2025","50.31","51.25","51.55","50.11","60.71K","-1.83%"
"08/05/2025","51.25","51.10","51.50","50.53","31.81K","0.29%"
"08/04/2025","51.10","50.50","51.30","50.03","41.53K","1.55%"
"08/03/2025","50.32","51.00","51.29","50.20","80.43K","-1.29%"
"07/31/2025","50.98","50.89","51.50","49.51","84.29K","0.18%"
"07/30/2025","50.89","51.77","51.96","50.51","85.52K","-1.70%"
"07/29/2025","51.77","51.93","52.41","51.54","43.06K","0.17%"
"07/28/2025","51.68","53.08","53.08","51.53","106.95K","-1.73%"
"07/27/2025","52.59","52.00","53.00","51.70","168.44K","1.51%"
"07/23/2025","51.81","52.49","52.50","51.15","109.18K","-0.29%"
"07/22/2025","51.96","52.49","52.49","51.80","50.42K","-0.71%"
"07/21/2025","52.33","52.70","53.24","52.00","186.06K","-0.49%"
"07/20/2025","52.59","52.99","53.45","52.50","173.46K","-0.75%"
"07/17/2025","52.99","52.85","53.26","52.77","370.49K","0.36%"
"07/16/2025","52.80","53.25","58.00","52.70","135.31K","-0.85%"
"07/15/2025","53.25","53.79","54.01","53.10","409.37K","-0.58%"
"07/14/2025","53.56","52.51","53.85","52.51","766.57K","2.00%"
"07/13/2025","52.51","52.84","53.00","52.47","147.83K","0.08%"
"07/10/2025","52.47","53.44","53.80","51.70","285.42K","-1.54%"
"07/09/2025","53.29","52.40","53.80","52.40","508.16K","1.82%"
"07/07/2025","52.34","50.90","53.00","50.61","1.79M","2.81%"
"07/06/2025","50.91","50.71","51.00","50.70","37.70K","0.20%"
"07/02/2025","50.81","51.01","51.17","50.61","27.21K","-0.39%"
"07/01/2025","51.01","50.99","51.09","50.59","58.11K","0.85%"
"06/30/2025","50.58","50.98","51.49","50.50","61.15K","-0.12%"
"06/29/2025","50.64","51.15","51.60","50.55","177.30K","-0.76%"
"06/25/2025","51.03","49.20","51.10","49.11","94.77K","3.91%"
"06/24/2025","49.11","48.51","49.29","48.50","63.26K","1.59%"
"06/23/2025","48.34","48.50","48.66","48.05","27.08K","0.65%"
"06/22/2025","48.03","46.51","48.40","46.51","49.48K","1.54%"
"06/19/2025","47.30","48.49","48.50","47.00","35.44K","-1.50%"
"06/18/2025","48.02","47.35","48.20","46.77","85.37K","1.09%"
"06/17/2025","47.50","48.45","48.97","47.48","66.73K","-2.20%"
"06/16/2025","48.57","47.50","49.00","47.50","36.17K","2.30%"
"06/15/2025","47.48","48.01","49.00","44.00","113.26K","-5.04%"
"06/12/2025","50.00","50.38","50.74","49.75","138.84K","-0.75%"
"06/11/2025","50.38","50.30","51.00","50.22","48.49K","0.28%"
"06/10/2025","50.24","50.12","50.49","49.92","52.20K","0.26%"
"06/04/2025","50.11","50.72","51.00","50.03","141.94K","-1.16%"
"06/03/2025","50.70","50.79","50.79","50.30","18.66K","1.18%"
"06/02/2025","50.11","50.61","50.95","50.00","125.64K","-1.07%"
"06/01/2025","50.65","51.00","51.37","50.50","27.94K","-0.71%"
"05/29/2025","51.01","51.15","51.37","50.07","41.59K","-0.18%"
"05/28/2025","51.10","51.69","51.79","50.70","120.65K","-0.70%"
"05/27/2025","51.46","51.38","52.00","51.00","69.94K","0.55%"
"05/26/2025","51.18","50.72","51.57","50.50","222.77K","1.35%"
"05/25/2025","50.50","49.40","50.50","49.20","179.74K","2.68%"
"05/22/2025","49.18","48.90","49.35","48.35","83.33K","0.68%"
"05/21/2025","48.85","49.77","49.77","48.72","101.18K","-1.47%"
"05/20/2025","49.58","49.59","49.90","49.40","75.71K","-0.02%"
"05/19/2025","49.59","49.98","49.99","49.43","83.85K","-0.20%"
"05/18/2025","49.69","50.00","50.30","49.60","55.17K","-0.56%"
"05/15/2025","49.97","50.71","51.00","49.77","94.48K","-1.17%"
"05/14/2025","50.56","50.97","51.24","50.25","37.04K","-0.43%"
"05/13/2025","50.78","50.75","51.35","50.60","54.90K","0.26%"
"05/12/2025","50.65","51.48","51.67","50.36","89.27K","-0.84%"
"05/11/2025","51.08","49.81","52.00","49.81","123.61K","2.76%"
"05/08/2025","49.71","50.40","50.90","49.01","48.21K","-1.49%"
"05/07/2025","50.46","51.25","51.40","50.17","19.86K","-1.69%"
"05/06/2025","51.33","51.40","52.00","51.26","52.76K","-0.58%"
"05/05/2025","51.63","51.48","51.90","51.00","40.43K","1.12%"
"05/04/2025","51.06","52.00","52.12","50.26","138.86K","-0.91%"
"04/30/2025","51.53","50.04","52.05","50.04","426.28K","2.34%"
"04/29/2025","50.35","50.62","51.40","50.20","176.63K","-0.28%"
"04/28/2025","50.49","50.00","50.52","49.22","574.52K","1.00%"
"04/27/2025","49.99","49.06","49.99","48.80","1.09M","1.98%"
"04/23/2025","49.02","48.03","49.20","48.00","75.82K","2.06%"
"04/22/2025","48.03","47.25","48.48","47.25","131.85K","-4.44%"
"04/17/2025","50.26","50.53","50.89","50.25","86.20K","-0.87%"
"04/16/2025","50.70","51.10","51.10","50.25","105.31K","-0.63%"
"04/15/2025","51.02","51.19","51.50","50.88","75.66K","-0.55%"
"04/14/2025","51.30","51.71","52.00","51.21","40.18K","-0.45%"
"04/13/2025","51.53","51.25","52.22","51.00","102.18K","1.06%"
"04/10/2025","50.99","50.55","51.25","50.15","168.33K","1.98%"
"04/09/2025","50.00","50.34","50.79","49.71","276.53K","-0.10%"
"04/08/2025","50.05","50.06","50.48","49.90","83.81K","0.00%"
"04/07/2025","50.05","49.51","50.19","49.02","163.61K","0.10%"
"04/06/2025","50.00","49.00","50.20","48.33","377.87K","-0.97%"
"04/03/2025","50.49","50.60","51.29","50.05","21.52K","-0.28%"
"03/27/2025","50.63","51.49","51.50","50.04","70.96K","-0.71%"
"03/26/2025","50.99","50.57","51.50","50.50","304.61K","0.83%"
"03/25/2025","50.57","50.96","51.30","49.90","386.94K","-0.78%"
"03/24/2025","50.97","50.55","51.20","49.55","342.65K","0.93%"
"03/23/2025","50.50","50.20","50.50","50.04","152.38K","1.00%"
"03/20/2025","50.00","49.36","50.20","49.00","342.44K","1.01%"
"03/19/2025","49.50","49.80","49.89","48.80","256.76K","-0.40%"
"03/18/2025","49.70","48.50","49.70","47.70","209.54K","2.47%"
"03/17/2025","48.50","49.39","49.59","48.50","181.44K","-1.78%"
"03/16/2025","49.38","50.52","50.75","49.00","169.00K","-1.63%"
"03/13/2025","50.20","50.50","51.71","50.00","284.52K","0.40%"
"03/12/2025","50.00","49.50","50.50","49.05","472.09K","1.01%"
"03/11/2025","49.50","49.20","49.75","49.01","332.20K","-0.20%"
"03/10/2025","49.60","49.93","49.98","49.00","268.12K","-0.56%"
"03/09/2025","49.88","48.50","50.00","48.00","654.85K","2.85%"
"03/06/2025","48.50","48.50","48.67","48.00","649.34K","0.00%"
"03/05/2025","48.50","48.49","48.57","47.74","194.03K","0.00%"
"03/04/2025","48.50","48.50","48.68","48.30","196.08K","0.25%"
"03/03/2025","48.38","47.70","48.88","47.51","1.15M","1.70%"
"03/02/2025","47.57","47.70","47.80","47.00","1.09M","-0.08%"
"02/27/2025","47.61","47.20","47.75","47.01","101.97K","1.00%"
"02/26/2025","47.14","47.05","47.45","47.00","28.17K","0.19%"
"02/25/2025","47.05","47.48","47.80","47.01","165.99K","-0.97%"
"02/24/2025","47.51","47.44","47.55","46.67","95.79K","0.91%"
"02/23/2025","47.08","47.00","47.25","46.75","89.34K","0.04%"
"02/20/2025","47.06","47.79","47.80","47.00","135.59K","-1.69%"
"02/19/2025","47.87","47.86","48.20","47.62","272.74K","0.02%"
"02/18/2025","47.86","47.50","48.00","47.02","295.88K","0.84%"
"02/17/2025","47.46","47.16","53.85","46.60","207.73K","0.72%"
"02/16/2025","47.12","45.60","47.70","45.03","260.39K","3.42%"
"02/13/2025","45.56","45.10","45.80","44.95","153.26K","0.98%"
"02/12/2025","45.12","44.00","45.50","43.51","203.64K","2.50%"
"02/11/2025","44.02","44.80","44.80","44.00","85.61K","-1.41%"
"02/10/2025","44.65","44.99","45.00","44.60","145.02K","-0.58%"
"02/09/2025","44.91","44.95","44.99","44.70","39.26K","0.29%"
"02/06/2025","44.78","44.97","44.97","44.65","44.96K","0.27%"
"02/05/2025","44.66","44.55","44.90","44.52","71.13K","0.25%"
"02/04/2025","44.55","44.59","45.00","44.52","78.83K","-0.09%"
"02/03/2025","44.59","45.53","45.53","44.50","99.74K","-1.37%"
"02/02/2025","45.21","44.60","45.95","44.55","161.10K","1.55%"
"01/30/2025","44.52","45.15","45.49","44.51","227.15K","-1.24%"
"01/29/2025","45.08","45.50","45.60","44.93","108.46K","-0.66%"
"01/28/2025","45.38","45.75","46.25","44.91","223.86K","-0.63%"
"01/27/2025","45.67","46.00","46.30","45.55","183.96K","-0.76%"
"01/26/2025","46.02","46.25","46.46","46.00","152.67K","0.39%"
"01/23/2025","45.84","46.16","46.50","45.63","228.73K","-0.69%"
"01/22/2025","46.16","46.82","46.99","46.02","278.14K","-1.41%"
"01/21/2025","46.82","47.90","48.20","46.70","549.75K","-1.80%"
"01/20/2025","47.68","48.00","48.08","47.49","463.11K","0.27%"
"01/19/2025","47.55","46.35","48.47","46.35","783.83K","3.23%"
"01/16/2025","46.06","45.59","46.68","45.15","184.49K","2.08%"
"01/15/2025","45.12","45.60","45.79","44.91","328.50K","-0.27%"
"01/14/2025","45.24","45.65","45.87","44.50","61.80K","-0.92%"
"01/13/2025","45.66","46.00","46.00","45.56","62.10K","-0.52%"
"01/12/2025","45.90","46.00","46.69","45.43","107.33K","-0.65%"
"01/09/2025","46.20","45.20","48.48","45.00","178.72K","2.67%"
"01/08/2025","45.00","45.60","45.70","44.91","31.78K","-1.19%"
"01/06/2025","45.54","46.10","46.38","45.50","38.74K","-1.39%"
"01/05/2025","46.18","46.11","46.50","45.64","148.30K","0.15%"
"01/02/2025","46.11","45.85","46.50","45.25","66.48K","0.44%"
"12/31/2024","45.91","43.85","45.98","43.55","181.49K","4.77%"
"12/30/2024","43.82","44.00","44.21","43.52","62.11K","-0.41%"
"12/29/2024","44.00","44.36","44.50","43.50","154.47K","-0.54%"
"12/26/2024","44.24","44.62","44.62","44.00","53.76K","0.07%"
"12/25/2024","44.21","44.60","44.96","44.07","49.36K","0.23%"
"12/24/2024","44.11","44.85","45.27","43.90","235.74K","-1.98%"
"12/23/2024","45.00","44.75","45.38","44.75","73.65K","0.45%"
"12/22/2024","44.80","44.58","45.55","44.58","24.08K","0.70%"
"12/19/2024","44.49","45.49","45.50","44.36","112.96K","-1.77%"
"12/18/2024","45.29","45.53","45.83","45.26","167.80K","-0.29%"
"12/17/2024","45.42","45.80","45.80","45.20","126.59K","-0.83%"
"12/16/2024","45.80","46.05","46.37","45.45","134.98K","-0.48%"
"12/15/2024","46.02","46.60","46.90","45.70","102.42K","-0.82%"
"12/12/2024","46.40","46.46","46.98","45.45","107.01K","-0.13%"
"12/11/2024","46.46","44.50","46.50","44.50","217.68K","4.40%"
"12/10/2024","44.50","44.70","44.90","44.15","320.34K","-0.38%"
"12/09/2024","44.67","44.51","45.39","44.48","221.41K","0.36%"
"12/08/2024","44.51","44.75","44.78","44.00","212.89K","-0.56%"
"12/05/2024","44.76","44.85","45.27","44.30","135.24K","-0.18%"
"12/04/2024","44.84","45.10","45.39","44.76","171.65K","-0.58%"
"12/03/2024","45.10","45.17","45.44","45.00","118.06K","-0.15%"
"12/02/2024","45.17","45.56","45.88","45.06","307.74K","-0.79%"
"12/01/2024","45.53","44.99","45.60","44.50","170.86K","2.52%"
"11/28/2024","44.41","45.21","45.75","44.35","92.17K","-1.77%"
"11/27/2024","45.21","45.80","46.24","45.20","60.20K","-1.40%"
"11/26/2024","45.85","46.45","46.45","45.75","78.03K","-0.61%"
"11/25/2024","46.13","46.80","46.80","46.02","179.41K","-0.80%"
"11/24/2024","46.50","47.30","47.46","46.26","214.53K","-1.48%"
"11/21/2024","47.20","47.10","47.60","47.02","99.75K","0.21%"
"11/20/2024","47.10","47.38","47.68","47.00","392.00K","-0.78%"
"11/19/2024","47.47","47.85","47.85","47.30","179.45K","-0.69%"
"11/18/2024","47.80","48.15","48.40","47.73","826.29K","-0.69%"
"11/17/2024","48.13","48.10","48.50","47.80","163.95K","0.04%"
"11/14/2024","48.11","48.03","48.25","48.00","113.79K","-0.08%"
"11/13/2024","48.15","47.85","48.44","47.80","230.40K","0.73%"
"11/12/2024","47.80","48.40","48.40","47.70","230.24K","-0.62%"
"11/11/2024","48.10","48.14","48.45","48.00","247.44K","0.04%"
"11/10/2024","48.08","48.10","48.22","48.00","185.67K","0.17%"
"11/07/2024","48.00","47.99","48.19","47.63","522.72K","0.80%"
"11/06/2024","47.62","47.49","48.35","47.48","307.26K","0.27%"
"11/05/2024","47.49","47.94","48.10","47.44","158.44K","-0.94%"
"11/04/2024","47.94","48.45","48.68","47.82","252.65K","-0.81%"
"11/03/2024","48.33","48.00","48.70","48.00","135.13K","0.75%"
"10/31/2024","47.97","48.04","48.25","47.83","85.14K","-0.12%"
"10/30/2024","48.03","48.61","49.08","48.00","156.95K","-1.98%"
"10/29/2024","49.00","49.00","49.10","48.52","368.04K","0.00%"
"10/28/2024","49.00","49.50","49.50","48.61","502.85K","0.00%"
"10/27/2024","49.00","49.00","49.14","47.66","863.66K","0.00%"
"10/24/2024","49.00","52.83","52.83","48.52","2.77M","-6.35%"
"10/23/2024","52.32","53.75","53.85","51.90","309.32K","-0.61%"
"10/22/2024","52.64","53.25","54.47","52.55","341.80K","-0.34%"
"10/21/2024","52.82","52.70","53.50","51.56","220.39K","0.23%"
"10/20/2024","52.70","54.50","54.50","52.50","254.61K","-2.41%"
"10/17/2024","54.00","53.85","54.70","52.30","650.40K","0.97%"
"10/16/2024","53.48","49.30","53.59","49.30","1.45M","8.52%"
"10/15/2024","49.28","49.97","50.44","45.30","533.94K","-0.77%"
"10/14/2024","49.66","49.00","49.96","48.75","377.94K","1.35%"
"10/13/2024","49.00","49.70","50.00","48.60","432.41K","-1.05%"
"10/10/2024","49.52","48.70","50.30","48.60","280.50K","1.27%"
"10/09/2024","48.90","48.49","49.44","48.00","146.49K","0.85%"
"10/08/2024","48.49","49.10","49.43","47.60","875.41K","-1.12%"
"10/07/2024","49.04","50.27","51.97","48.91","647.07K","-1.82%"
"10/03/2024","49.95","49.00","50.38","49.00","559.68K","1.73%"
"10/02/2024","49.10","49.00","49.51","48.01","466.82K","-0.81%"
"10/01/2024","49.50","49.47","49.55","48.80","534.19K","0.90%"
"09/30/2024","49.06","48.45","49.90","48.30","1.17M","2.14%"
"09/29/2024","48.03","47.48","48.03","46.04","742.62K","1.91%"
"09/26/2024","47.13","46.12","47.59","46.12","529.52K","1.57%"
"09/25/2024","46.40","46.50","46.94","46.05","261.24K","-1.15%"
"09/24/2024","46.94","45.60","47.10","45.10","1.37M","2.49%"
"09/23/2024","45.80","45.11","46.50","45.00","1.28M","1.53%"
"09/22/2024","45.11","43.30","45.39","43.00","2.44M","4.91%"
"09/19/2024","43.00","43.78","43.80","42.90","456.84K","-0.92%"
"09/18/2024","43.40","43.00","43.70","42.50","493.31K","0.93%"
"09/17/2024","43.00","43.01","43.19","42.30","350.96K","0.07%"
"09/16/2024","42.97","43.12","43.80","42.85","619.41K","0.23%"
"09/12/2024","42.87","42.70","43.20","42.70","957.64K","0.40%"
"09/11/2024","42.70","42.30","42.90","41.35","517.24K","0.80%"
"09/10/2024","42.36","41.97","42.52","41.80","1.01M","2.20%"
"09/09/2024","41.45","40.99","42.38","40.99","520.66K","1.17%"
"09/08/2024","40.97","41.70","42.00","40.50","428.09K","-1.75%"
"09/05/2024","41.70","42.13","42.68","41.60","388.48K","-0.67%"
"09/04/2024","41.98","41.72","42.90","41.25","1.67M","0.19%"
"09/03/2024","41.90","41.10","42.29","41.10","1.40M","2.22%"
"09/02/2024","40.99","41.30","41.50","40.86","937.11K","0.00%"
"09/01/2024","40.99","40.92","41.50","40.80","1.06M","0.17%"
"08/29/2024","40.92","41.30","41.50","40.58","491.08K","-0.37%"
"08/28/2024","41.07","41.22","41.46","40.63","382.00K","0.42%"
"08/27/2024","40.90","40.90","41.70","40.85","1.01M","0.99%"
"08/26/2024","40.50","40.16","41.00","39.55","785.17K","0.90%"
"08/25/2024","40.14","39.98","40.86","39.62","942.24K","1.62%"
"08/22/2024","39.50","39.89","40.20","39.40","950.96K","-0.10%"
"08/21/2024","39.54","38.50","41.24","38.50","2.40M","3.56%"
"08/20/2024","38.18","37.90","38.30","37.90","302.91K","0.87%"
"08/19/2024","37.85","37.95","38.12","37.81","233.95K","0.40%"
"08/18/2024","37.70","37.95","38.15","37.65","201.92K","-0.34%"
"08/15/2024","37.83","37.80","38.18","37.70","457.04K","0.77%"
"08/14/2024","37.54","38.96","38.96","37.50","435.18K","-0.61%"
"08/13/2024","37.77","38.01","38.23","37.75","168.84K","-0.21%"
"08/12/2024","37.85","39.00","39.12","37.76","410.87K","-2.45%"
"08/11/2024","38.80","38.85","39.20","38.62","337.77K","1.09%"
"08/08/2024","38.38","39.00","39.09","38.26","312.44K","-1.56%"
"08/07/2024","38.99","37.59","38.99","37.49","683.27K","6.47%"
"08/06/2024","36.62","36.50","37.49","36.50","191.55K","0.33%"
"08/05/2024","36.50","37.50","37.50","35.06","685.31K","-3.57%"
"08/04/2024","37.85","38.00","38.30","37.11","461.07K","-2.47%"
"08/01/2024","38.81","39.42","39.43","38.79","309.79K","-0.84%"
"07/31/2024","39.14","39.21","39.48","39.01","204.43K","0.05%"
"07/30/2024","39.12","39.11","39.44","39.06","312.94K","0.20%"
"07/29/2024","39.04","39.40","40.00","39.01","285.07K","-0.84%"
"07/28/2024","39.37","39.69","39.69","39.17","179.49K","-0.28%"
"07/24/2024","39.48","40.15","40.67","39.33","608.19K","-1.30%"
"07/23/2024","40.00","40.00","40.25","39.61","466.46K","0.03%"
"07/22/2024","39.99","39.98","40.50","39.85","857.42K","0.45%"
"07/21/2024","39.81","40.01","40.15","39.65","705.65K","0.53%"
"07/18/2024","39.60","39.29","39.85","39.00","365.77K","1.96%"
"07/17/2024","38.84","38.55","38.90","38.51","343.74K","0.75%"
"07/16/2024","38.55","39.00","39.15","38.50","187.64K","-0.44%"
"07/15/2024","38.72","39.19","39.39","38.60","351.68K","-0.72%"
"07/14/2024","39.00","38.85","39.35","38.61","167.52K","0.52%"
"07/10/2024","38.80","38.88","38.95","38.53","136.58K","0.75%"
"07/09/2024","38.51","38.62","39.20","38.50","497.48K","-0.75%"
"07/08/2024","38.80","39.50","39.68","38.80","214.70K","-1.35%"
"07/07/2024","39.33","39.68","40.35","39.19","530.25K","-0.56%"
"07/04/2024","39.55","39.76","40.19","39.20","646.87K","-0.13%"
"07/03/2024","39.60","40.95","40.95","39.00","1.36M","-1.74%"
"07/02/2024","40.30","41.55","41.79","40.15","786.25K","-2.56%"
"07/01/2024","41.36","40.89","42.40","40.00","852.17K","2.58%"
"06/27/2024","40.32","38.50","41.50","38.40","1.67M","5.05%"
"06/26/2024","38.38","37.95","38.45","37.76","334.23K","1.70%"
"06/25/2024","37.74","37.26","38.38","37.08","514.42K","1.32%"
"06/24/2024","37.25","37.30","37.99","37.00","326.33K","0.40%"
"06/23/2024","37.10","36.85","37.50","36.55","305.34K","1.73%"
"06/13/2024","36.47","36.09","36.65","36.01","138.51K","1.14%"
"06/12/2024","36.06","36.35","36.69","35.82","198.91K","0.03%"
"06/11/2024","36.05","36.66","37.00","36.00","304.82K","-1.66%"
"06/10/2024","36.66","36.09","36.90","35.85","108.60K","1.58%"
"06/09/2024","36.09","36.40","36.76","35.65","200.42K","-0.85%"
"06/06/2024","36.40","37.33","37.55","36.32","493.16K","-2.33%"
"06/05/2024","37.27","38.00","38.29","37.00","307.53K","-1.90%"
"06/04/2024","37.99","37.15","38.01","37.10","604.67K","2.34%"
"06/03/2024","37.12","37.71","37.84","37.12","275.43K","-1.04%"
"06/02/2024","37.51","38.85","38.85","37.37","270.81K","-1.32%"
"05/30/2024","38.01","39.00","39.00","37.50","356.49K","-1.02%"
"05/29/2024","38.40","40.30","40.55","38.31","1.21M","-1.54%"
"05/28/2024","39.00","38.32","40.18","38.02","746.02K","0.00%"
"05/27/2024","39.00","37.51","39.30","37.51","970.38K","4.73%"
"05/26/2024","37.24","37.79","38.10","37.18","205.50K","-0.48%"
"05/23/2024","37.42","37.80","38.50","37.38","430.56K","-0.95%"
"05/22/2024","37.78","37.00","37.97","36.70","311.24K","2.11%"
"05/21/2024","37.00","37.35","37.38","36.55","120.47K","0.76%"
"05/20/2024","36.72","36.44","37.45","35.75","489.44K","2.48%"
"05/19/2024","35.83","35.80","36.36","35.01","270.40K","2.02%"
"05/16/2024","35.12","34.19","35.18","33.85","365.15K","4.90%"
"05/15/2024","33.48","34.48","34.48","33.38","63.05K","-0.95%"
"05/14/2024","33.80","33.67","34.98","33.05","196.82K","0.90%"
"05/13/2024","33.50","34.00","34.47","32.33","213.01K","-1.44%"
"05/12/2024","33.99","35.50","35.97","33.90","207.17K","-3.02%"
"05/09/2024","35.05","34.49","35.48","34.11","113.61K","1.62%"
"05/08/2024","34.49","35.20","36.48","33.82","261.25K","-1.74%"
"05/07/2024","35.10","35.90","35.90","34.89","99.28K","-2.42%"
"05/02/2024","35.97","35.47","36.21","34.50","167.80K","2.77%"
"05/01/2024","35.00","34.66","35.99","32.23","282.19K","1.30%"
"04/30/2024","34.55","38.93","38.93","33.45","366.69K","-10.40%"
"04/29/2024","38.56","38.00","38.72","37.50","165.66K","1.47%"
"04/28/2024","38.00","40.99","40.99","37.80","439.67K","-9.11%"
"04/24/2024","41.81","43.18","43.50","41.41","561.32K","-3.17%"
"04/23/2024","43.18","45.03","45.80","43.04","317.98K","-4.11%"
"04/22/2024","45.03","44.70","45.50","44.50","369.37K","0.74%"
"04/21/2024","44.70","44.98","45.89","44.25","232.52K","-0.62%"
"04/18/2024","44.98","46.75","47.00","44.20","740.48K","-3.79%"
"04/17/2024","46.75","45.40","48.00","45.40","845.36K","2.97%"
"04/16/2024","45.40","44.17","45.80","44.02","332.72K","2.78%"
"04/15/2024","44.17","43.66","44.37","43.66","171.35K","1.17%"
"04/08/2024","43.66","43.25","43.79","42.70","112.35K","0.95%"
"04/07/2024","43.25","44.56","45.60","42.51","381.68K","-2.94%"
"04/04/2024","44.56","43.10","46.00","43.00","305.64K","3.39%"
"04/03/2024","43.10","44.20","44.49","43.00","263.65K","-2.49%"
"04/02/2024","44.20","44.14","44.80","44.05","172.64K","0.14%"
"04/01/2024","44.14","44.21","44.90","43.50","131.97K","-0.16%"
"03/31/2024","44.21","46.00","46.20","44.00","119.18K","-3.89%"
"03/28/2024","46.00","47.11","47.70","45.50","154.32K","-2.36%"
"03/27/2024","47.11","47.57","48.30","47.02","69.70K","-0.97%"
"03/26/2024","47.57","48.00","48.65","47.50","55.68K","-0.90%"
"03/25/2024","48.00","47.58","48.60","47.60","304.80K","0.88%"
"03/24/2024","47.58","48.41","49.61","47.50","73.11K","-1.71%"
"03/21/2024","48.41","49.35","49.99","48.30","137.35K","-1.90%"
"03/20/2024","49.35","47.47","49.49","47.10","617.96K","3.96%"
"03/19/2024","47.47","47.43","47.99","45.03","487.10K","0.08%"
"03/18/2024","47.43","48.54","49.00","46.51","442.59K","-2.29%"
"03/17/2024","48.54","48.50","51.50","48.50","1.22M","0.08%"
"03/14/2024","48.50","48.87","49.25","46.80","983.86K","-0.76%"
"03/13/2024","48.87","48.13","49.00","47.00","1.34M","1.54%"
"03/12/2024","48.13","49.50","49.83","47.80","121.12K","-2.77%"
"03/11/2024","49.50","49.99","51.89","49.25","295.75K","-0.98%"
"03/10/2024","49.99","47.04","49.99","47.20","1.52M","6.27%"
"03/07/2024","47.04","47.08","47.72","46.70","582.66K","-0.08%"
"03/06/2024","47.08","48.59","49.20","47.01","790.69K","-3.11%"
"03/05/2024","48.59","48.63","49.45","48.50","544.80K","-0.08%"
"03/04/2024","48.63","49.00","49.80","47.70","553.45K","-0.76%"
"03/03/2024","49.00","48.00","50.05","48.11","595.32K","2.08%"
"02/29/2024","48.00","49.20","49.90","47.62","290.19K","-2.44%"
"02/28/2024","49.20","52.01","52.00","49.04","317.41K","-5.40%"
"02/27/2024","52.01","51.60","53.49","50.50","987.73K","0.79%"
"02/26/2024","51.60","47.39","52.25","47.53","1.89M","8.88%"
"02/25/2024","47.39","47.50","49.64","44.40","2.26M","-0.23%"
"02/22/2024","47.50","48.40","48.54","46.72","940.19K","-1.86%"
"02/21/2024","48.40","47.01","48.87","46.41","1.38M","2.96%"
"02/20/2024","47.01","45.80","47.60","45.80","1.44M","2.64%"
"02/19/2024","45.80","46.40","46.60","45.20","692.30K","-1.29%"
"02/18/2024","46.40","47.39","47.39","45.68","1.31M","-2.09%"
"02/15/2024","47.39","44.20","47.39","43.91","3.76M","7.22%"
"02/14/2024","44.20","42.00","44.98","41.75","3.56M","5.24%"
"02/13/2024","42.00","41.00","42.80","41.63","1.14M","2.44%"
"02/12/2024","41.00","41.70","42.00","40.40","718.11K","-1.68%"
"02/11/2024","41.70","42.09","43.29","41.70","1.43M","-0.93%"
"02/08/2024","42.09","41.00","42.50","40.51","717.80K","2.66%"
"02/07/2024","41.00","41.00","41.40","40.25","467.86K","0.00%"
"02/06/2024","41.00","42.30","42.79","40.90","946.58K","-3.07%"
"02/05/2024","42.30","43.00","43.90","42.10","1.22M","-1.63%"
"02/04/2024","43.00","40.98","43.39","41.00","2.23M","4.93%"
"02/01/2024","40.98","39.85","41.35","38.21","1.79M","2.84%"
"01/31/2024","39.85","42.07","42.70","37.00","2.97M","-0.50%"
"01/30/2024","40.05","40.00","40.15","39.49","837.06K","1.52%"
"01/29/2024","39.45","39.67","40.50","39.35","556.12K","-0.18%"
"01/28/2024","39.52","39.52","40.31","39.45","476.60K","0.79%"
"01/24/2024","39.21","39.62","39.94","39.13","286.58K","-0.98%"
"01/23/2024","39.60","40.20","40.45","39.40","386.24K","-1.17%"
"01/22/2024","40.07","40.98","41.03","39.99","935.42K","-0.82%"
"01/21/2024","40.40","40.20","41.20","39.90","915.64K","1.87%"
"01/18/2024","39.66","39.69","40.39","39.58","505.42K","0.69%"
"01/17/2024","39.39","39.00","41.50","38.90","2.40M","1.31%"
"01/16/2024","38.88","38.80","38.90","38.21","654.24K","1.30%"
"01/15/2024","38.38","38.87","39.00","38.00","952.10K","-0.83%"
"01/14/2024","38.70","39.00","39.02","38.66","453.03K","-0.69%"
"01/11/2024","38.97","39.98","39.98","38.86","181.15K","-1.37%"
"01/10/2024","39.51","40.12","40.12","39.25","739.28K","-1.23%"
"01/09/2024","40.00","39.81","40.40","39.80","627.78K","0.65%"
"01/08/2024","39.74","39.10","39.74","38.60","234.80K","2.29%"
"01/04/2024","38.85","39.21","39.69","37.53","190.34K","-0.89%"
"01/03/2024","39.20","38.50","39.50","38.50","374.36K","2.08%"
"01/02/2024","38.40","37.19","38.65","37.00","355.10K","5.21%"
"12/31/2023","36.50","37.50","37.58","36.50","384.28K","-1.78%"
"12/28/2023","37.16","37.00","37.50","37.00","349.25K","0.65%"
"12/27/2023","36.92","36.77","37.09","36.55","407.40K","1.62%"
"12/26/2023","36.33","36.24","36.97","36.00","496.98K","1.62%"
"12/25/2023","35.75","36.80","36.80","35.50","847.72K","-2.93%"
"12/24/2023","36.83","39.01","39.29","36.60","935.16K","-4.61%"
"12/21/2023","38.61","38.93","39.40","38.52","122.55K","-0.90%"
"12/20/2023","38.96","39.42","39.42","38.77","361.14K","-0.31%"
"12/19/2023","39.08","40.39","40.59","39.00","273.73K","-2.03%"
"12/18/2023","39.89","39.50","41.00","39.20","736.74K","2.23%"
"12/17/2023","39.02","39.11","39.60","38.86","313.55K","0.05%"
"12/14/2023","39.00","39.40","39.50","39.00","140.92K","-0.08%"
"12/13/2023","39.03","38.30","39.30","38.20","333.55K","2.71%"
"12/12/2023","38.00","38.35","39.20","38.00","216.55K","-0.86%"
"12/11/2023","38.33","39.00","39.15","38.23","454.73K","-1.72%"
"12/10/2023","39.00","40.50","40.75","39.00","440.31K","-2.50%"
"12/07/2023","40.00","40.21","41.00","39.50","697.04K","-1.43%"
"12/06/2023","40.58","42.00","42.39","40.51","848.39K","-3.56%"
"12/05/2023","42.08","43.15","43.21","41.90","500.31K","-2.00%"
"12/04/2023","42.94","43.00","43.48","41.95","1.64M","-0.14%"
"12/03/2023","43.00","40.51","43.50","40.06","1.51M","6.23%"
"11/30/2023","40.48","41.00","41.45","40.36","438.72K","-1.27%"
"11/29/2023","41.00","41.65","42.00","40.41","392.55K","-1.56%"
"11/28/2023","41.65","42.15","42.87","41.33","1.26M","-0.83%"
"11/27/2023","42.00","39.70","42.40","39.40","1.84M","5.87%"
"11/26/2023","39.67","40.28","40.80","39.66","283.97K","-0.83%"
"11/23/2023","40.00","40.94","41.00","40.00","614.28K","-1.60%"
"11/22/2023","40.65","40.00","41.35","39.97","1.05M","1.63%"
"11/21/2023","40.00","37.34","40.00","37.30","1.94M","7.24%"
"11/20/2023","37.30","37.89","37.99","37.25","534.75K","-0.96%"
"11/19/2023","37.66","38.15","38.40","37.60","813.69K","-0.45%"
"11/16/2023","37.83","37.70","38.20","37.32","692.89K","1.80%"
"11/15/2023","37.16","37.25","37.86","37.10","506.73K","0.41%"
"11/14/2023","37.01","38.00","38.05","36.90","678.76K","-2.12%"
"11/13/2023","37.81","37.30","38.00","36.90","918.34K","1.23%"
"11/12/2023","37.35","38.52","38.87","36.90","644.45K","-2.84%"
"11/09/2023","38.44","39.40","39.40","38.03","368.53K","-1.44%"
"11/08/2023","39.00","39.00","39.60","38.52","425.03K","0.39%"
"11/07/2023","38.85","39.99","39.99","38.50","745.50K","-2.19%"
"11/06/2023","39.72","40.20","40.70","39.64","527.56K","-0.65%"
"11/05/2023","39.98","39.95","40.88","39.50","571.73K","2.02%"
"11/02/2023","39.19","38.59","40.50","38.56","1.59M","1.53%"
"11/01/2023","38.60","38.20","38.70","37.65","602.06K","1.26%"
"10/31/2023","38.12","38.57","39.20","37.88","773.45K","-1.12%"
"10/30/2023","38.55","38.63","39.79","38.40","1.24M","2.20%"
"10/29/2023","37.72","38.00","38.50","37.40","563.67K","-0.47%"
"10/26/2023","37.90","38.00","38.10","37.10","673.11K","1.17%"
"10/25/2023","37.46","37.46","38.80","37.00","784.51K","1.30%"
"10/24/2023","36.98","37.90","38.40","36.50","1.29M","-1.12%"
"10/23/2023","37.40","38.34","39.29","37.12","1.53M","-2.35%"
"10/22/2023","38.30","37.50","38.99","37.50","881.76K","4.47%"
"10/19/2023","36.66","35.20","37.50","35.01","1.63M","4.65%"
"10/18/2023","35.03","36.37","36.50","34.92","691.26K","-2.07%"
"10/17/2023","35.77","35.00","35.88","34.54","724.25K","2.49%"
"10/16/2023","34.90","35.75","36.40","34.50","804.13K","-2.49%"
"10/15/2023","35.79","34.81","36.95","34.81","942.38K","2.84%"
"10/12/2023","34.80","32.91","35.17","32.81","1.14M","5.84%"
"10/11/2023","32.88","33.50","33.69","32.80","330.28K","-1.32%"
"10/10/2023","33.32","32.09","33.90","32.00","686.75K","4.03%"
"10/09/2023","32.03","31.90","32.70","31.75","107.03K","0.63%"
"10/08/2023","31.83","32.67","33.40","30.65","619.89K","-3.84%"
"10/04/2023","33.10","32.00","33.29","31.60","527.35K","3.57%"
"10/03/2023","31.96","33.30","33.31","31.85","868.88K","-2.65%"
"10/02/2023","32.83","33.77","33.95","31.79","617.51K","-3.18%"
"10/01/2023","33.91","34.25","34.25","33.66","262.35K","-0.26%"
"09/27/2023","34.00","34.60","34.60","33.77","487.84K","-1.02%"
"09/26/2023","34.35","34.80","34.97","34.30","418.06K","-1.24%"
"09/25/2023","34.78","35.27","35.27","34.52","233.44K","-0.94%"
"09/24/2023","35.11","34.74","35.40","34.30","585.95K","1.12%"
"09/21/2023","34.72","34.99","35.28","34.35","405.06K","-0.26%"
"09/20/2023","34.81","35.89","35.89","34.57","650.08K","-1.36%"
"09/19/2023","35.29","34.06","36.00","34.00","1.44M","4.38%"
"09/18/2023","33.81","34.30","34.54","33.70","466.13K","-1.11%"
"09/17/2023","34.19","34.93","35.34","34.11","462.48K","-2.12%"
"09/14/2023","34.93","34.50","35.25","34.32","557.73K","1.07%"
"09/13/2023","34.56","34.40","34.64","34.00","511.42K","0.82%"
"09/12/2023","34.28","33.95","35.45","33.80","1.06M","0.85%"
"09/11/2023","33.99","33.90","34.29","33.50","458.66K","0.21%"
"09/10/2023","33.92","34.40","34.50","33.81","210.18K","-0.35%"
"09/07/2023","34.04","33.49","34.60","33.08","1.28M","1.49%"
"09/06/2023","33.54","33.50","33.67","32.96","363.45K","0.12%"
"09/05/2023","33.50","33.60","34.55","33.40","711.81K","-0.03%"
"09/04/2023","33.51","32.50","33.88","32.31","1.40M","3.27%"
"09/03/2023","32.45","31.97","33.19","31.40","1.05M","2.08%"
"08/31/2023","31.79","32.37","32.38","31.51","596.09K","-1.85%"
"08/30/2023","32.39","32.86","32.86","31.60","561.86K","-1.67%"
"08/29/2023","32.94","33.00","33.87","32.60","1.71M","0.40%"
"08/28/2023","32.81","31.31","32.97","31.00","2.08M","5.19%"
"08/27/2023","31.19","31.12","31.88","30.83","549.16K","0.26%"
"08/24/2023","31.11","31.30","31.50","30.70","890.23K","-0.77%"
"08/23/2023","31.35","30.18","32.24","29.62","4.05M","3.81%"
"08/22/2023","30.20","27.26","30.20","27.11","5.16M","10.46%"
"08/21/2023","27.34","27.21","27.54","27.10","293.82K","-0.04%"
"08/20/2023","27.35","27.11","27.77","27.11","294.51K","0.92%"
"08/17/2023","27.10","27.77","27.80","26.99","370.97K","-1.99%"
"08/16/2023","27.65","26.99","27.99","26.97","1.41M","2.98%"
"08/15/2023","26.85","27.09","27.15","26.70","212.05K","-0.52%"
"08/14/2023","26.99","26.42","27.59","26.42","735.19K","2.39%"
"08/13/2023","26.36","26.20","26.49","26.10","90.87K","0.84%"
"08/10/2023","26.14","26.40","26.50","26.02","79.05K","-1.47%"
"08/09/2023","26.53","26.33","26.63","26.05","196.78K","0.64%"
"08/08/2023","26.36","26.38","26.69","26.20","154.35K","-0.23%"
"08/07/2023","26.42","26.14","26.48","26.01","191.09K","1.62%"
"08/06/2023","26.00","25.82","26.14","25.52","200.91K","1.21%"
"08/03/2023","25.69","25.90","25.90","25.46","221.55K","-0.43%"
"08/02/2023","25.80","26.23","26.24","25.75","229.60K","-0.73%"
"08/01/2023","25.99","26.44","26.44","25.97","222.03K","-1.55%"
"07/31/2023","26.40","26.34","26.40","26.11","151.82K","0.80%"
"07/30/2023","26.19","26.42","26.42","26.05","155.58K","0.04%"
"07/27/2023","26.18","26.53","26.61","26.14","167.38K","-1.47%"
"07/26/2023","26.57","26.57","26.73","26.36","126.40K","0.00%"
"07/25/2023","26.57","26.75","26.94","26.50","132.42K","-0.60%"
"07/24/2023","26.73","26.83","27.20","26.70","112.54K","-0.48%"
"07/19/2023","26.86","26.70","26.91","26.61","77.75K","0.49%"
"07/18/2023","26.73","26.94","26.94","26.60","101.54K","0.22%"
"07/17/2023","26.67","26.69","26.98","26.51","158.03K","-0.07%"
"07/16/2023","26.69","27.00","27.10","26.65","161.56K","-1.15%"
"07/13/2023","27.00","26.70","27.20","26.70","214.36K","0.93%"
"07/12/2023","26.75","27.20","27.40","26.70","153.93K","-0.96%"
"07/11/2023","27.01","27.20","27.20","26.56","276.45K","-0.70%"
"07/10/2023","27.20","26.03","27.29","25.80","421.71K","4.62%"
"07/09/2023","26.00","27.78","27.78","26.00","466.66K","-6.47%"
"07/06/2023","27.80","28.15","28.17","27.66","787.54K","-1.28%"
"07/05/2023","28.16","28.24","28.46","27.90","659.00K","-0.14%"
"07/04/2023","28.20","27.10","28.48","27.10","1.86M","4.44%"
"06/26/2023","27.00","26.05","27.20","25.90","508.81K","3.65%"
"06/25/2023","26.05","26.00","26.25","25.95","520.86K","0.85%"
"06/22/2023","25.83","26.00","26.00","25.75","682.68K","-0.54%"
"06/21/2023","25.97","26.70","26.70","25.90","405.17K","-2.73%"
"06/20/2023","26.70","26.60","26.71","26.30","656.24K","1.06%"
"06/19/2023","26.42","26.89","26.90","26.29","471.71K","-1.16%"
"06/18/2023","26.73","26.78","26.95","26.52","649.51K","0.53%"
"06/15/2023","26.59","26.82","26.93","26.45","1.05M","-0.71%"
"06/14/2023","26.78","27.20","27.26","26.50","1.09M","-0.81%"
"06/13/2023","27.00","27.50","27.60","26.91","3.85M","0.37%"
"06/12/2023","26.90","27.25","27.60","26.70","1.17M","-1.10%"
"06/11/2023","27.20","26.00","27.40","25.80","1.92M","5.75%"
"06/08/2023","25.72","26.00","26.20","25.50","1.17M","-0.85%"
"06/07/2023","25.94","27.00","27.10","25.80","1.69M","-2.74%"
"06/06/2023","26.67","26.72","27.55","26.66","1.92M","0.04%"
"06/05/2023","26.66","26.51","26.97","26.31","1.35M","0.30%"
"06/04/2023","26.58","26.35","26.77","26.10","874.30K","1.80%"
"06/01/2023","26.11","26.30","26.60","25.97","640.01K","-0.53%"
"05/31/2023","26.25","26.65","26.90","26.16","650.63K","-1.39%"
"05/30/2023","26.62","26.80","27.10","26.00","790.05K","-1.04%"
"05/29/2023","26.90","25.80","26.92","25.71","621.32K","4.71%"
"05/28/2023","25.69","24.98","25.77","24.71","526.91K","4.01%"
"05/25/2023","24.70","24.75","25.19","24.50","652.57K","0.53%"
"05/24/2023","24.57","25.02","25.37","24.50","650.34K","-1.33%"
"05/23/2023","24.90","25.69","25.87","24.89","367.42K","-3.08%"
"05/22/2023","25.69","26.13","26.20","25.65","172.17K","-1.00%"
"05/21/2023","25.95","25.90","26.48","25.68","133.64K","0.74%"
"05/18/2023","25.76","26.10","26.21","25.60","142.03K","-1.34%"
"05/17/2023","26.11","26.36","26.48","25.87","161.83K","-0.38%"
"05/16/2023","26.21","27.50","27.73","25.81","324.15K","-4.62%"
"05/15/2023","27.48","28.49","28.74","27.30","664.97K","-2.79%"
"05/14/2023","28.27","26.70","28.30","26.30","204.47K","7.25%"
"05/11/2023","26.36","24.65","26.75","24.50","364.11K","5.38%"
"05/10/2023","25.01","25.00","25.19","24.92","449.46K","0.06%"
"05/09/2023","25.00","25.54","25.73","24.86","513.96K","-1.84%"
"05/08/2023","25.47","25.84","25.84","25.44","428.56K","-1.22%"
"05/07/2023","25.78","25.69","25.88","25.42","52.37K","0.66%"
"05/03/2023","25.61","25.79","25.80","25.47","248.42K","-0.60%"
"05/02/2023","25.77","25.77","25.92","25.44","236.63K","0.06%"
"05/01/2023","25.75","25.77","26.15","25.40","80.44K","-0.21%"
"04/30/2023","25.81","26.00","26.00","25.74","145.07K","-0.74%"
"04/27/2023","26.00","25.87","26.00","25.84","242.86K","0.48%"
"04/26/2023","25.87","26.15","26.15","25.77","352.00K","0.06%"
"04/19/2023","25.86","26.15","26.15","25.77","203.17K","-3.94%"
"04/18/2023","26.92","26.70","27.00","26.47","719.45K","1.66%"
"04/13/2023","26.48","26.14","26.54","26.04","409.02K","1.92%"
"04/12/2023","25.98","26.34","26.34","25.79","307.51K","-1.34%"
"04/11/2023","26.34","26.42","26.61","26.31","119.36K","-0.32%"
"04/10/2023","26.42","26.46","26.84","26.16","111.83K","0.38%"
"04/09/2023","26.32","26.77","26.77","26.15","29.22K","-0.20%"
"04/06/2023","26.37","26.53","26.91","26.27","161.42K","0.06%"
"04/05/2023","26.36","26.11","26.65","26.00","246.12K","1.21%"
"04/04/2023","26.04","26.15","26.19","25.84","54.08K","0.27%"
"04/03/2023","25.97","25.72","26.15","25.64","83.06K","0.60%"
"04/02/2023","25.82","26.04","26.17","25.77","112.18K","-0.24%"
"03/30/2023","25.88","26.49","26.49","25.84","36.41K","-0.27%"
"03/29/2023","25.95","26.66","26.66","25.85","24.97K","-0.30%"
"03/28/2023","26.03","25.84","26.76","25.84","297.24K","0.62%"
"03/27/2023","25.87","25.93","25.96","25.77","30.51K","-0.09%"
"03/26/2023","25.89","26.34","26.72","25.81","98.66K","0.48%"
"03/23/2023","25.77","25.50","26.07","25.39","534.95K","0.39%"
"03/22/2023","25.67","26.04","26.12","25.58","104.18K","-0.74%"
"03/21/2023","25.86","25.38","26.04","25.31","49.81K","1.82%"
"03/20/2023","25.40","25.46","25.84","25.09","157.20K","0.43%"
"03/19/2023","25.29","25.77","25.77","25.07","48.90K","-0.81%"
"03/16/2023","25.50","25.42","26.13","25.00","260.90K","0.30%"
"03/15/2023","25.42","26.15","26.50","25.06","269.81K","-2.79%"
"03/14/2023","26.15","25.57","26.51","24.96","238.50K","1.52%"
"03/13/2023","25.76","26.06","26.34","25.41","190.91K","-1.15%"
"03/12/2023","26.06","26.53","26.54","25.97","99.28K","-1.71%"
"03/09/2023","26.51","26.19","26.61","26.19","51.53K","0.85%"
"03/08/2023","26.29","26.60","26.60","26.15","67.73K","-0.84%"
"03/07/2023","26.51","26.81","26.86","26.34","165.33K","-1.12%"
"03/06/2023","26.81","26.88","27.25","26.77","136.36K","-0.06%"
"03/05/2023","26.83","26.93","27.15","26.71","77.05K","-0.37%"
"03/02/2023","26.93","27.38","27.38","26.84","206.52K","-0.48%"
"03/01/2023","27.06","26.93","27.67","26.92","356.57K","0.51%"
"02/28/2023","26.92","27.31","27.54","26.84","102.68K","-1.10%"
"02/27/2023","27.22","27.54","27.57","27.00","129.11K","0.34%"
"02/26/2023","27.13","27.65","27.97","26.93","222.00K","-0.93%"
"02/23/2023","27.38","26.73","27.51","26.61","649.16K","2.56%"
"02/22/2023","26.70","28.15","28.22","26.61","665.04K","-4.85%"
"02/21/2023","28.06","28.24","28.84","27.95","268.20K","-0.57%"
"02/20/2023","28.22","29.84","29.84","27.92","1.21M","-3.75%"
"02/19/2023","29.32","31.24","31.69","29.32","1.47M","-5.57%"
"02/16/2023","31.05","31.56","31.56","30.88","858.63K","-1.61%"
"02/15/2023","31.56","31.92","31.92","31.27","610.32K","0.24%"
"02/14/2023","31.48","30.74","31.88","30.23","1.19M","3.78%"
"02/13/2023","30.34","30.77","31.06","30.11","575.50K","-0.43%"
"02/12/2023","30.47","29.42","30.77","29.42","241.83K","1.98%"
"02/09/2023","29.87","29.54","30.19","29.48","153.20K","1.04%"
"02/08/2023","29.57","29.65","29.94","29.41","94.59K","-0.29%"
"02/07/2023","29.65","30.00","30.38","29.59","123.63K","0.44%"
"02/06/2023","29.52","29.46","32.22","29.46","409.48K","1.00%"
"02/05/2023","29.23","29.42","29.61","27.75","68.26K","-0.24%"
"02/02/2023","29.30","29.54","30.34","29.23","64.33K","-0.99%"
"02/01/2023","29.59","29.42","29.99","29.42","54.49K","-0.41%"
"01/31/2023","29.71","30.61","31.07","29.23","294.26K","-2.33%"
"01/30/2023","30.42","30.77","31.38","30.38","268.60K","-0.80%"
"01/29/2023","30.67","30.61","31.15","30.54","988.84K","0.15%"
"01/25/2023","30.62","30.77","31.38","30.50","147.19K","0.28%"
"01/24/2023","30.54","30.54","30.92","30.44","1.40M","-0.03%"
"01/23/2023","30.54","31.15","31.51","30.44","216.16K","-1.78%"
"01/22/2023","31.10","30.51","31.84","30.51","84.57K","1.48%"
"01/19/2023","30.64","31.31","32.06","30.38","170.89K","-1.36%"
"01/18/2023","31.07","30.31","32.22","30.00","152.50K","3.33%"
"01/17/2023","30.07","29.95","30.68","29.66","128.92K","1.09%"
"01/16/2023","29.74","29.61","30.00","29.61","191.09K","0.36%"
"01/15/2023","29.64","29.97","29.97","29.43","121.95K","-0.05%"
"01/12/2023","29.65","30.16","30.37","29.61","143.83K","-1.66%"
"01/11/2023","30.15","29.02","30.75","28.94","394.51K","3.92%"
"01/10/2023","29.01","29.73","29.73","28.94","205.06K","-2.25%"
"01/09/2023","29.68","30.46","30.46","29.62","427.22K","-0.75%"
"01/05/2023","29.91","29.21","30.73","28.69","682.78K","3.68%"
"01/04/2023","28.84","28.84","28.99","28.10","449.33K","0.00%"
"01/03/2023","28.84","29.23","29.23","28.74","263.35K","-0.71%"
"01/02/2023","29.05","28.46","29.23","28.10","223.97K","3.45%"
"12/29/2022","28.08","28.41","28.46","28.02","157.85K","-0.90%"
"12/28/2022","28.34","28.31","28.46","28.00","75.31K","0.74%"
"12/27/2022","28.13","28.07","28.38","28.00","22.16K","0.38%"
"12/26/2022","28.02","27.88","28.38","27.82","54.09K","0.52%"
"12/25/2022","27.87","28.49","28.49","27.77","91.19K","-2.16%"
"12/22/2022","28.49","28.65","28.84","28.45","40.55K","-0.78%"
"12/21/2022","28.71","28.84","28.84","28.33","95.37K","0.38%"
"12/20/2022","28.61","28.88","29.17","28.47","106.24K","-0.19%"
"12/19/2022","28.66","28.84","28.99","28.54","123.92K","-0.77%"
"12/18/2022","28.88","28.86","29.15","28.85","109.43K","-0.66%"
"12/15/2022","29.07","29.61","29.61","28.98","206.51K","-0.53%"
"12/14/2022","29.23","29.18","29.61","28.54","698.27K","2.15%"
"12/13/2022","28.61","28.18","29.22","28.11","624.67K","1.22%"
"12/12/2022","28.27","28.27","28.84","27.77","301.26K","-0.33%"
"12/11/2022","28.36","28.16","29.23","28.16","932.11K","0.33%"
"12/08/2022","28.27","27.89","28.46","27.61","182.59K","1.30%"
"12/07/2022","27.91","27.71","28.44","27.71","221.47K","-0.03%"
"12/06/2022","27.91","27.54","28.07","27.16","299.69K","1.94%"
"12/05/2022","27.38","27.69","28.31","27.23","506.98K","-0.28%"
"12/04/2022","27.46","26.91","27.70","26.69","361.93K","3.63%"
"12/01/2022","26.50","26.54","26.92","26.38","131.99K","-0.26%"
"11/30/2022","26.57","26.82","26.84","25.62","373.98K","-0.43%"
"11/29/2022","26.68","26.74","27.23","26.54","831.38K","1.11%"
"11/28/2022","26.39","26.07","26.54","25.92","373.42K","2.42%"
"11/27/2022","25.77","25.38","25.84","25.23","247.58K","4.30%"
"11/24/2022","24.71","25.30","25.30","24.47","117.83K","0.37%"
"11/23/2022","24.61","24.72","25.35","24.57","148.49K","-0.22%"
"11/22/2022","24.67","24.82","24.99","24.31","260.64K","-2.26%"
"11/21/2022","25.24","26.07","26.07","24.85","150.52K","-1.62%"
"11/20/2022","25.65","25.01","26.04","25.01","222.40K","1.77%"
"11/17/2022","25.21","24.61","25.35","24.61","273.47K","2.34%"
"11/16/2022","24.63","24.72","24.92","24.48","533.98K","0.13%"
"11/15/2022","24.60","24.61","24.95","24.38","304.70K","-0.81%"
"11/14/2022","24.80","24.91","25.04","24.23","185.62K","1.29%"
"11/13/2022","24.48","24.15","25.00","23.96","241.38K","2.68%"
"11/10/2022","23.84","23.26","24.58","22.78","1.39M","3.75%"
"11/09/2022","22.98","23.08","23.31","22.71","58.23K","-0.57%"
"11/08/2022","23.11","23.55","23.77","23.08","71.87K","-2.44%"
"11/07/2022","23.69","23.92","23.95","23.65","39.24K","-0.06%"
"11/06/2022","23.71","23.54","23.98","23.54","123.26K","0.16%"
"11/03/2022","23.67","23.81","23.84","23.46","32.01K","-0.61%"
"11/02/2022","23.81","24.61","24.61","23.74","101.96K","-2.95%"
"11/01/2022","24.54","24.15","24.61","23.57","272.75K","3.14%"
"10/31/2022","23.79","23.84","24.00","23.24","155.32K","1.05%"
"10/30/2022","23.54","23.61","24.31","23.23","143.57K","1.63%"
"10/27/2022","23.17","22.31","23.84","22.31","384.04K","4.62%"
"10/26/2022","22.14","22.24","22.61","22.00","219.67K","-0.21%"
"10/25/2022","22.19","22.23","22.27","22.08","61.67K","0.03%"
"10/24/2022","22.18","22.15","22.77","22.15","229.95K","0.21%"
"10/23/2022","22.14","22.15","22.23","22.12","24.77K","0.17%"
"10/20/2022","22.10","22.15","22.23","22.01","21.82K","-0.17%"
"10/19/2022","22.14","22.31","22.31","21.96","104.31K","-0.76%"
"10/18/2022","22.31","22.19","22.31","22.18","123.22K","0.62%"
"10/17/2022","22.17","22.61","22.61","22.16","52.78K","-1.37%"
"10/16/2022","22.48","22.53","22.68","22.31","67.17K","0.79%"
"10/13/2022","22.30","22.64","22.64","22.11","72.48K","0.55%"
"10/12/2022","22.18","22.84","22.88","22.01","112.66K","-3.03%"
"10/11/2022","22.87","22.69","22.90","22.54","24.37K","0.81%"
"10/10/2022","22.68","22.85","23.08","22.54","104.32K","-0.71%"
"10/09/2022","22.84","22.96","23.31","22.69","40.39K","-1.07%"
"10/05/2022","23.09","22.97","23.81","22.74","20.57K","0.07%"
"10/04/2022","23.08","22.96","23.08","22.93","45.59K","0.47%"
"10/03/2022","22.97","22.96","23.08","22.96","26.78K","-0.99%"
"10/02/2022","23.20","23.77","23.77","23.08","36.39K","-0.79%"
"09/29/2022","23.38","23.46","23.64","23.20","78.50K","0.10%"
"09/28/2022","23.36","23.61","23.84","23.31","35.63K","-1.62%"
"09/27/2022","23.74","23.85","24.15","23.53","34.54K","-0.78%"
"09/26/2022","23.93","24.07","24.31","23.89","30.42K","-1.07%"
"09/25/2022","24.19","24.41","24.41","23.99","26.06K","-0.17%"
"09/22/2022","24.23","24.00","24.42","23.84","30.49K","0.00%"
"09/21/2022","24.23","24.55","24.55","23.92","61.58K","0.04%"
"09/20/2022","24.22","24.11","24.23","23.73","41.27K","1.47%"
"09/19/2022","23.87","23.76","24.01","22.69","30.42K","1.79%"
"09/18/2022","23.45","24.52","24.60","23.23","70.22K","-2.94%"
"09/15/2022","24.16","24.34","24.54","24.09","35.04K","-0.94%"
"09/14/2022","24.39","24.61","25.00","24.23","190.04K","0.16%"
"09/13/2022","24.35","24.35","25.00","24.34","6.12M","-0.86%"
"09/12/2022","24.56","24.57","24.81","24.38","82.43K","0.82%"
"09/11/2022","24.36","24.61","24.61","24.24","141.19K","-0.69%"
"09/08/2022","24.53","24.23","24.61","24.23","132.73K","1.20%"
"09/07/2022","24.24","24.38","24.92","24.23","56.38K","-0.90%"
"09/06/2022","24.46","24.57","25.00","24.05","128.50K","1.20%"
"09/05/2022","24.17","24.27","24.42","23.84","76.64K","-0.29%"
"09/04/2022","24.24","24.60","24.84","24.23","28.45K","-0.04%"
"09/01/2022","24.25","24.92","24.92","24.11","67.09K","-0.74%"
"08/31/2022","24.43","24.60","25.15","24.35","259.45K","-0.89%"
"08/30/2022","24.65","23.50","25.00","23.46","243.51K","4.58%"
"08/29/2022","23.57","24.07","24.34","23.46","91.81K","-1.26%"
"08/28/2022","23.87","24.14","24.61","23.54","187.35K","0.13%"
"08/25/2022","23.84","23.63","24.02","23.46","204.26K","2.23%"
"08/24/2022","23.32","23.52","23.67","23.10","76.80K","-2.35%"
"08/23/2022","23.88","24.13","24.13","23.50","54.09K","1.70%"
"08/22/2022","23.48","23.84","24.21","23.32","86.87K","-0.72%"
"08/21/2022","23.65","22.69","24.13","22.69","225.35K","4.23%"
"08/18/2022","22.69","22.95","22.96","22.68","36.94K","-0.04%"
"08/17/2022","22.70","23.24","23.38","22.61","130.43K","-1.65%"
"08/16/2022","23.08","22.72","23.39","22.69","26.85K","0.74%"
"08/15/2022","22.91","23.38","23.38","22.87","53.66K","-2.05%"
"08/14/2022","23.39","23.45","23.84","23.12","82.97K","1.43%"
"08/11/2022","23.06","23.08","23.27","22.85","25.86K","-0.09%"
"08/10/2022","23.08","22.98","23.31","22.69","102.27K","1.76%"
"08/09/2022","22.68","23.08","23.46","22.61","87.67K","-1.95%"
"08/08/2022","23.13","23.34","24.04","23.08","110.00K","-1.15%"
"08/07/2022","23.40","23.08","24.61","23.08","86.60K","1.30%"
"08/04/2022","23.10","23.08","23.46","22.77","132.83K","0.09%"
"08/03/2022","23.08","23.64","23.82","23.08","49.63K","-1.49%"
"08/02/2022","23.43","22.50","23.68","22.50","150.16K","1.91%"
"08/01/2022","22.99","23.61","23.97","22.92","103.54K","-2.46%"
"07/31/2022","23.57","22.38","24.50","22.31","154.08K","5.70%"
"07/28/2022","22.30","21.94","22.45","21.93","19.23K","1.32%"
"07/27/2022","22.01","22.89","22.89","21.96","27.52K","-1.48%"
"07/26/2022","22.34","21.93","22.84","21.54","1.11M","2.10%"
"07/25/2022","21.88","22.31","22.46","21.77","13.92K","-0.59%"
"07/24/2022","22.01","21.61","22.54","21.54","49.66K","1.85%"
"07/21/2022","21.61","21.91","21.92","21.54","78.43K","0.28%"
"07/20/2022","21.55","21.84","22.48","21.38","92.85K","-1.33%"
"07/19/2022","21.84","22.99","23.00","21.58","43.90K","-2.19%"
"07/18/2022","22.33","21.74","23.04","21.74","48.25K","1.41%"
"07/17/2022","22.02","21.92","22.15","21.65","14.71K","-0.68%"
"07/07/2022","22.17","22.29","22.30","21.75","16.89K","1.51%"
"07/06/2022","21.84","21.88","22.22","21.61","13.81K","-0.27%"
"07/05/2022","21.90","22.11","22.31","21.61","14.64K","-2.49%"
"07/04/2022","22.46","22.61","23.00","22.08","14.82K","-1.53%"
"07/03/2022","22.81","23.00","23.44","22.54","24.16K","-2.56%"
"06/29/2022","23.41","23.00","23.45","22.69","13.21K","2.72%"
"06/28/2022","22.79","22.00","23.00","21.99","17.85K","1.79%"
"06/27/2022","22.39","22.53","23.08","21.94","39.56K","-2.82%"
"06/26/2022","23.04","23.45","23.45","22.61","24.06K","1.01%"
"06/23/2022","22.81","22.63","23.03","22.63","19.99K","-0.44%"
"06/22/2022","22.91","22.98","22.98","22.51","28.74K","-0.39%"
"06/21/2022","23.00","23.08","23.38","22.77","109.47K","-0.17%"
"06/20/2022","23.04","23.56","23.81","22.88","74.70K","-2.46%"
"06/19/2022","23.62","24.18","24.23","23.54","14.59K","-0.55%"
"06/16/2022","23.75","24.38","24.46","23.61","14.46K","-0.34%"
"06/15/2022","23.83","24.45","24.51","23.70","26.91K","0.21%"
"06/14/2022","23.78","24.22","24.22","23.61","2.65K","0.00%"
"06/13/2022","23.78","24.54","24.54","23.65","32.41K","-3.22%"
"06/12/2022","24.57","24.38","24.81","24.00","13.03K","0.12%"
"06/09/2022","24.54","24.42","24.92","23.84","35.18K","1.11%"
"06/08/2022","24.27","23.61","24.46","23.54","42.50K","2.23%"
"06/07/2022","23.74","23.46","23.84","23.34","26.76K","0.72%"
"06/06/2022","23.57","23.10","23.83","23.10","113.81K","1.95%"
"06/05/2022","23.12","23.83","24.21","23.00","30.58K","-1.24%"
"06/02/2022","23.41","23.54","24.21","23.38","62.97K","-0.97%"
"06/01/2022","23.64","23.77","24.41","23.61","34.28K","-2.48%"
"05/31/2022","24.24","23.84","24.46","23.84","56.53K","1.68%"
"05/30/2022","23.84","23.61","24.23","23.61","88.00K","0.00%"
"05/29/2022","23.84","24.47","24.54","23.84","46.51K","0.55%"
"05/26/2022","23.71","23.88","24.32","23.46","27.24K","-1.94%"
"05/25/2022","24.18","24.61","24.61","23.46","12.63K","0.71%"
"05/24/2022","24.01","24.04","24.38","23.85","23.90K","-2.16%"
"05/23/2022","24.54","23.90","24.61","23.90","28.27K","2.12%"
"05/22/2022","24.03","24.07","24.07","24.04","7.15K","0.00%"
"05/19/2022","24.03","24.50","24.61","23.87","13.35K","-2.36%"
"05/18/2022","24.61","24.95","24.95","23.87","39.00K","0.20%"
"05/17/2022","24.56","23.92","24.99","23.84","28.92K","1.66%"
"05/16/2022","24.16","24.39","24.51","23.84","46.12K","-0.86%"
"05/15/2022","24.37","24.92","25.00","24.31","15.81K","-0.93%"
"05/12/2022","24.60","24.42","24.61","24.23","19.51K","-0.04%"
"05/11/2022","24.61","25.22","25.38","24.50","71.26K","-0.36%"
"05/10/2022","24.70","25.88","26.07","24.61","46.47K","-3.18%"
"05/09/2022","25.51","26.48","26.48","25.38","47.89K","-2.45%"
"05/08/2022","26.15","26.16","26.84","25.77","15.11K","-0.08%"
"04/28/2022","26.17","26.84","26.84","25.77","35.91K","0.08%"
"04/27/2022","26.15","27.17","27.17","25.85","24.21K","-0.04%"
"04/26/2022","26.16","27.04","27.31","26.15","28.03K","-3.25%"
"04/21/2022","27.04","27.69","28.38","26.71","35.84K","-0.84%"
"04/20/2022","27.27","27.30","27.84","26.54","18.25K","-6.45%"
"04/19/2022","29.15","29.03","29.22","28.69","30.16K","2.42%"
"04/18/2022","28.46","28.46","29.07","28.11","12.27K","0.00%"
"04/17/2022","28.46","28.46","28.84","28.09","6.58K","0.00%"
"04/14/2022","28.46","29.15","29.54","28.46","21.68K","-2.37%"
"04/13/2022","29.15","28.84","29.23","28.50","13.01K","0.90%"
"04/12/2022","28.89","29.22","29.22","28.47","26.70K","1.23%"
"04/11/2022","28.54","29.04","29.23","28.47","15.70K","-2.49%"
"04/10/2022","29.27","29.38","29.88","28.84","5.46K","0.00%"
"04/07/2022","29.27","30.34","30.34","29.23","21.55K","-2.43%"
"04/06/2022","30.00","30.00","30.00","29.41","3.13K","0.00%"
"04/05/2022","30.00","29.69","30.61","29.69","14.70K","0.00%"
"04/04/2022","30.00","29.84","30.57","29.64","12.76K","-1.77%"
"04/03/2022","30.54","29.63","30.61","29.27","56.23K","3.63%"
"03/31/2022","29.47","29.39","29.96","29.24","35.29K","-0.47%"
"03/30/2022","29.61","29.61","29.61","29.33","9.21K","0.00%"
"03/29/2022","29.61","29.66","29.66","29.24","15.07K","-2.41%"
"03/28/2022","30.34","29.81","30.74","29.61","8.51K","0.00%"
"03/27/2022","30.34","30.12","30.76","29.64","7.17K","0.00%"
"03/24/2022","30.34","30.01","30.76","30.00","11.38K","-0.75%"
"03/23/2022","30.57","32.27","32.27","30.00","33.52K","-2.14%"
"03/22/2022","31.24","30.84","33.07","30.77","75.33K","1.69%"
"03/21/2022","30.72","30.30","30.77","29.81","258.02K","3.05%"
"03/20/2022","29.81","30.30","30.30","29.81","10.83K","-0.60%"
"03/17/2022","29.99","29.27","30.30","29.27","18.32K","2.53%"
"03/16/2022","29.25","29.90","30.00","29.11","11.74K","-0.88%"
"03/15/2022","29.51","29.76","29.76","29.23","7.85K","0.00%"
"03/14/2022","29.51","29.74","29.74","29.07","7.67K","0.00%"
"03/13/2022","29.51","29.35","29.84","29.00","48.95K","-0.20%"
"03/10/2022","29.57","29.92","30.00","29.04","12.98K","1.41%"
"03/09/2022","29.16","29.95","29.95","29.24","7.88K","0.00%"
"03/08/2022","29.16","29.93","29.93","29.04","15.00K","-0.61%"
"03/07/2022","29.34","30.01","30.01","29.24","26.36K","-1.11%"
"03/06/2022","29.67","30.51","30.51","29.31","11.35K","-0.24%"
"03/03/2022","29.74","30.00","30.37","29.69","57.93K","-0.87%"
"03/02/2022","30.00","30.38","30.38","29.73","10.56K","0.00%"
"03/01/2022","30.00","30.00","30.17","29.70","11.71K","1.21%"
"02/28/2022","29.64","29.69","30.38","29.61","118.40K","0.10%"
"02/27/2022","29.61","30.01","31.14","29.26","36.01K","-3.05%"
"02/24/2022","30.54","30.04","30.77","28.65","68.44K","-0.75%"
"02/23/2022","30.77","31.14","31.15","30.47","72.92K","0.75%"
"02/22/2022","30.54","30.57","30.95","30.09","8.82K","0.00%"
"02/21/2022","30.54","30.69","31.15","30.69","8.12K","0.00%"
"02/20/2022","30.54","30.87","31.14","30.08","17.69K","-0.75%"
"02/17/2022","30.77","30.77","30.77","30.70","1.87K","0.00%"
"02/16/2022","30.77","30.77","31.15","30.77","11.07K","0.07%"
"02/15/2022","30.75","30.77","31.38","30.65","11.30K","0.07%"
"02/14/2022","30.73","30.77","30.77","30.04","18.05K","-0.26%"
"02/13/2022","30.81","30.97","31.15","30.77","84.58K","-0.52%"
"02/10/2022","30.97","30.96","31.37","30.81","12.98K","0.03%"
"02/09/2022","30.96","31.42","31.49","30.81","69.56K","-2.21%"
"02/08/2022","31.66","31.92","31.92","31.17","6.76K","0.00%"
"02/07/2022","31.66","31.57","31.92","31.39","32.17K","1.18%"
"02/06/2022","31.29","32.11","32.11","31.54","2.06K","0.00%"
"02/03/2022","31.29","31.40","31.54","31.15","13.48K","-0.32%"
"02/02/2022","31.39","31.69","31.69","31.38","23.56K","-0.66%"
"02/01/2022","31.60","32.14","32.31","31.54","19.94K","0.83%"
"01/31/2022","31.34","32.18","32.18","31.38","0.24K","0.00%"
"01/30/2022","31.34","31.54","31.54","31.32","1.95K","0.00%"
"01/26/2022","31.34","32.04","32.04","31.32","15.55K","-0.57%"
"01/25/2022","31.52","31.93","31.93","31.38","47.12K","-1.62%"
"01/24/2022","32.04","32.31","32.31","32.04","11.20K","-0.80%"
"01/23/2022","32.30","32.25","32.83","32.25","101.61K","1.54%"
"01/20/2022","31.81","31.98","32.31","31.69","36.48K","0.73%"
"01/19/2022","31.58","32.17","32.31","31.54","39.86K","-0.44%"
"01/18/2022","31.72","31.77","32.31","31.62","18.68K","-1.83%"
"01/17/2022","32.31","31.69","32.31","31.69","169.78K","1.06%"
"01/16/2022","31.97","31.92","32.28","31.20","6.78K","0.00%"
"01/13/2022","31.97","32.29","32.31","31.92","147.60K","-0.99%"
"01/12/2022","32.29","32.40","32.40","32.00","320.58K","-0.37%"
"01/11/2022","32.41","32.18","32.69","31.85","180.54K","0.31%"
"01/10/2022","32.31","32.54","32.68","32.00","89.99K","0.53%"
"01/09/2022","32.14","32.68","32.69","32.11","27.38K","-0.53%"
"01/05/2022","32.31","32.69","32.92","31.73","46.44K","-0.65%"
"01/04/2022","32.52","32.42","33.46","32.31","112.88K","2.52%"
"01/03/2022","31.72","31.24","32.27","31.15","15.31K","0.70%"
"01/02/2022","31.50","32.23","32.31","31.23","15.78K","-2.26%"
"12/30/2021","32.23","31.92","32.23","31.77","53.65K","1.86%"
"12/29/2021","31.64","31.54","31.91","31.00","435.39K","0.32%"
"12/28/2021","31.54","31.38","31.54","31.07","10.60K","1.38%"
"12/27/2021","31.11","31.15","31.54","31.07","380.91K","-0.13%"
"12/26/2021","31.15","31.49","31.54","31.07","158.19K","0.03%"
"12/23/2021","31.14","31.52","32.27","30.80","43.24K","0.16%"
"12/22/2021","31.09","31.61","31.61","30.78","34.65K","-1.55%"
"12/21/2021","31.58","32.23","32.69","31.54","75.96K","0.13%"
"12/20/2021","31.54","31.62","31.91","31.54","39.99K","-0.35%"
"12/19/2021","31.65","31.41","32.31","31.41","25.26K","-0.35%"
"12/16/2021","31.76","31.67","32.31","31.42","276.52K","-1.70%"
"12/15/2021","32.31","32.31","32.31","31.56","451.77K","1.00%"
"12/14/2021","31.99","31.83","32.69","31.83","168.40K","3.16%"
"12/13/2021","31.01","31.69","31.92","30.90","7.59K","0.00%"
"12/12/2021","31.01","30.86","32.07","30.86","10.95K","0.49%"
"12/09/2021","30.86","30.46","32.04","30.46","8.73K","0.00%"
"12/08/2021","30.86","30.77","31.42","30.77","0.45K","0.00%"
"12/07/2021","30.86","31.15","31.54","30.80","41.07K","-2.06%"
"12/06/2021","31.51","31.46","32.11","30.38","84.00K","1.84%"
"12/05/2021","30.94","30.77","31.46","30.64","26.66K","0.98%"
"12/02/2021","30.64","29.84","31.49","29.61","11.16K","4.04%"
"12/01/2021","29.45","29.91","29.91","29.27","17.66K","0.72%"
"11/30/2021","29.24","29.53","29.53","29.04","10.07K","0.00%"
"11/29/2021","29.24","29.23","29.45","28.84","2.10K","0.00%"
"11/28/2021","29.24","29.99","29.99","29.09","7.00K","0.00%"
"11/25/2021","29.24","29.23","29.62","29.23","9.97K","0.00%"
"11/24/2021","29.24","29.25","29.37","29.23","970.67K","-0.10%"
"11/23/2021","29.27","29.23","29.93","28.97","88.11K","0.17%"
"11/22/2021","29.22","29.51","29.81","29.05","117.34K","-0.98%"
"11/21/2021","29.51","29.31","32.29","29.23","306.73K","0.96%"
"11/18/2021","29.23","29.23","29.23","28.96","1.02M","1.60%"
"11/17/2021","28.77","29.19","29.61","28.77","62.93K","-0.24%"
"11/16/2021","28.84","29.23","29.54","28.47","266.30K","-1.44%"
"11/15/2021","29.26","29.69","29.91","29.22","48.78K","-1.18%"
"11/14/2021","29.61","30.00","30.00","29.42","57.38K","0.34%"
"11/11/2021","29.51","30.31","30.38","29.24","95.28K","-3.09%"
"11/10/2021","30.45","30.46","30.69","30.19","5.14K","0.00%"
"11/09/2021","30.45","30.42","30.77","30.31","17.20K","-0.59%"
"11/08/2021","30.63","30.77","31.00","30.42","18.02K","0.86%"
"11/07/2021","30.37","30.69","31.54","30.11","32.02K","-1.97%"
"11/04/2021","30.98","30.84","30.96","30.00","3.77K","0.00%"
"11/03/2021","30.98","31.15","31.15","30.78","20.59K","-1.78%"
"11/02/2021","31.54","30.94","32.19","30.94","38.97K","1.74%"
"11/01/2021","31.00","31.16","31.45","30.85","38.93K","-0.61%"
"10/31/2021","31.19","31.15","31.72","30.97","4.04K","0.00%"
"10/28/2021","31.19","31.00","31.91","30.86","24.04K","0.71%"
"10/27/2021","30.97","30.81","31.15","30.78","14.59K","-4.62%"
"10/26/2021","32.47","32.31","32.31","31.11","8.64K","0.00%"
"10/25/2021","32.47","31.64","32.31","30.96","8.19K","0.00%"
"10/24/2021","32.47","32.19","32.31","31.57","8.06K","0.00%"
"10/20/2021","32.47","33.07","33.07","32.16","7.48K","0.00%"
"10/19/2021","32.47","33.84","34.17","32.31","119.23K","-1.81%"
"10/18/2021","33.07","33.07","33.07","32.71","77.39K","0.00%"
"10/17/2021","33.07","33.60","33.84","32.52","4.16K","0.00%"
"10/14/2021","33.07","33.07","33.07","33.04","7.16K","0.00%"
"10/13/2021","33.07","33.07","33.07","32.54","4.53K","0.00%"
"10/12/2021","33.07","33.07","33.07","33.07","4.87K","0.00%"
"10/11/2021","33.07","33.07","33.07","33.07","33.16K","-1.99%"
"10/10/2021","33.74","33.20","33.20","33.06","5.40K","0.00%"
"10/06/2021","33.74","33.84","33.84","33.17","1.31K","0.00%"
"10/05/2021","33.74","33.46","33.46","33.23","2.73K","0.00%"
"10/04/2021","33.74","33.30","33.84","33.30","3.49K","0.00%"
"10/03/2021","33.74","34.23","34.23","33.17","2.35K","0.00%"
"09/30/2021","33.74","34.23","34.23","33.14","1.72K","0.00%"
"09/29/2021","33.74","34.04","34.60","34.04","8.13K","0.00%"
"09/28/2021","33.74","33.84","34.20","33.11","2.61K","0.00%"
"09/27/2021","33.74","33.11","34.21","33.11","113.29K","3.15%"
"09/26/2021","32.71","34.23","34.23","33.47","3.86K","0.00%"
"09/23/2021","32.71","34.23","34.23","34.07","3.87K","0.00%"
"09/22/2021","32.71","33.08","34.46","33.08","2.04K","0.00%"
"09/21/2021","32.71","33.84","33.84","32.32","11.34K","-8.14%"
"09/20/2021","35.61","34.69","34.69","33.84","7.59K","0.00%"
"09/19/2021","35.61","35.38","35.38","34.84","3.67K","0.00%"
"09/16/2021","35.61","35.54","36.11","35.38","2.74K","0.00%"
"09/15/2021","35.61","36.14","36.91","35.38","82.46K","-0.84%"
"09/14/2021","35.91","35.16","36.14","35.16","28.85K","0.11%"
"09/13/2021","35.87","35.74","35.76","35.74","0.87K","0.00%"
"09/12/2021","35.87","36.10","36.12","35.11","0.75K","0.00%"
"09/09/2021","35.87","35.00","36.15","35.00","11.45K","1.76%"
"09/08/2021","35.25","35.00","35.89","35.00","9.75K","0.71%"
"09/07/2021","35.00","34.61","35.15","34.61","1.11K","0.00%"
"09/06/2021","35.00","34.96","35.57","34.80","336.71K","-0.46%"
"09/05/2021","35.16","35.57","36.15","34.89","9.10K","-0.34%"
"09/02/2021","35.28","35.60","35.60","35.19","7.94K","-0.82%"
"09/01/2021","35.57","35.19","36.10","35.00","19.50K","1.14%"
"08/31/2021","35.17","34.70","35.55","34.70","46.46K","-1.24%"
"08/30/2021","35.61","35.44","35.77","35.00","155.52K","0.88%"
"08/29/2021","35.30","34.69","35.52","34.23","57.64K","0.37%"
"08/26/2021","35.17","35.30","35.38","34.61","34.77K","-0.40%"
"08/25/2021","35.31","34.61","35.46","34.61","352.48K","4.34%"
"08/24/2021","33.84","33.93","33.93","33.64","35.84K","-1.17%"
"08/23/2021","34.24","34.61","35.38","33.84","25.17K","1.39%"
"08/22/2021","33.77","33.55","34.38","33.47","6.37K","-1.11%"
"08/19/2021","34.15","34.70","34.80","33.84","11.73K","-2.06%"
"08/18/2021","34.87","36.43","36.43","34.61","14.74K","-2.60%"
"08/17/2021","35.80","35.77","36.50","35.20","8.31K","0.28%"
"08/16/2021","35.70","36.14","36.45","35.05","61.77K","0.59%"
"08/15/2021","35.49","35.77","36.27","34.65","12.08K","0.80%"
"08/11/2021","35.21","35.61","35.61","34.63","20.37K","-0.42%"
"08/10/2021","35.36","35.58","36.53","35.07","31.63K","-0.62%"
"08/09/2021","35.58","36.31","36.31","35.08","9.67K","-2.97%"
"08/08/2021","36.67","36.84","37.30","35.77","35.20K","1.75%"
"08/05/2021","36.04","35.38","37.22","35.38","11.32K","-0.63%"
"08/04/2021","36.27","35.15","35.15","35.11","0.94K","0.00%"
"08/03/2021","36.27","35.66","35.66","35.04","1.68K","0.00%"
"08/02/2021","36.27","36.92","37.69","35.84","9.44K","1.63%"
"08/01/2021","35.69","35.59","36.15","35.46","41.14K","-1.52%"
"07/29/2021","36.24","36.15","37.30","35.60","46.10K","-0.19%"
"07/28/2021","36.31","35.24","36.90","35.24","27.77K","0.61%"
"07/27/2021","36.09","35.77","36.15","35.30","62.38K","2.44%"
"07/26/2021","35.23","34.65","36.15","34.61","111.53K","1.67%"
"07/25/2021","34.65","33.86","34.98","33.86","140.78K","0.06%"
"07/18/2021","34.63","34.61","35.22","33.50","33.85K","-0.69%"
"07/15/2021","34.87","34.62","35.30","34.61","3.89K","0.49%"
"07/14/2021","34.70","34.61","35.38","34.61","146.23K","0.35%"
"07/13/2021","34.58","34.22","35.00","33.56","149.20K","3.04%"
"07/12/2021","33.56","33.84","34.29","33.50","7.15K","0.09%"
"07/11/2021","33.53","33.11","33.84","33.11","1.96K","0.00%"
"07/08/2021","33.53","33.50","33.84","33.46","50.57K","-0.80%"
"07/07/2021","33.80","33.47","33.84","33.47","11.07K","0.21%"
"07/06/2021","33.73","33.50","34.23","33.50","9.26K","-2.43%"
"07/05/2021","34.57","34.91","35.37","34.08","25.01K","-0.97%"
"07/04/2021","34.91","34.80","35.38","34.38","7.53K","1.66%"
"06/30/2021","34.34","33.84","34.61","33.84","231.47K","2.54%"
"06/29/2021","33.49","33.54","33.65","33.38","8.90K","-0.30%"
"06/28/2021","33.59","33.10","33.84","33.07","18.07K","1.17%"
"06/27/2021","33.20","33.07","33.84","33.07","38.00K","0.48%"
"06/24/2021","33.04","33.07","33.07","32.71","9.84K","-0.09%"
"06/23/2021","33.07","33.07","33.07","32.69","208.37K","-0.06%"
"06/22/2021","33.09","33.07","33.77","33.07","189.99K","0.06%"
"06/21/2021","33.07","33.07","33.61","32.78","196.35K","-0.18%"
"06/20/2021","33.13","33.11","33.47","33.07","28.85K","0.09%"
"06/17/2021","33.10","33.13","33.14","33.07","45.33K","-0.60%"
"06/16/2021","33.30","33.08","33.61","33.08","23.21K","0.00%"
"06/15/2021","33.30","33.45","33.72","33.07","56.54K","0.24%"
"06/14/2021","33.22","32.98","33.40","32.98","46.85K","1.13%"
"06/13/2021","32.85","33.07","33.38","32.46","31.65K","-0.67%"
"06/10/2021","33.07","33.07","33.07","32.61","10.89K","0.30%"
"06/09/2021","32.97","32.31","33.07","32.31","36.21K","0.83%"
"06/08/2021","32.70","32.31","32.99","32.31","35.59K","1.11%"
"06/07/2021","32.34","32.46","32.67","32.31","41.44K","0.06%"
"06/06/2021","32.32","32.31","32.68","32.04","63.53K","0.09%"
"06/03/2021","32.29","31.54","33.00","31.54","183.79K","2.28%"
"06/02/2021","31.57","31.45","32.20","31.45","157.39K","-0.13%"
"06/01/2021","31.61","31.41","31.73","31.41","13.02K","0.06%"
"05/31/2021","31.59","31.67","31.91","31.40","13.85K","-1.22%"
"05/30/2021","31.98","32.24","32.30","31.31","1.20K","0.00%"
"05/27/2021","31.98","31.58","32.27","31.58","15.90K","0.92%"
"05/26/2021","31.69","31.56","32.27","31.54","173.53K","0.48%"
"05/25/2021","31.54","32.23","32.23","31.39","41.61K","-2.17%"
"05/24/2021","32.24","32.38","32.38","31.92","335.38K","-0.37%"
"05/23/2021","32.36","32.35","32.38","32.31","7.16K","-0.03%"
"05/20/2021","32.37","32.35","32.38","32.31","17.05K","-0.06%"
"05/19/2021","32.39","32.34","32.61","32.27","64.42K","0.22%"
"05/18/2021","32.32","32.69","32.69","32.31","40.16K","0.15%"
"05/17/2021","32.27","32.23","32.68","31.92","132.17K","1.13%"
"05/11/2021","31.91","31.15","32.23","31.15","77.64K","1.08%"
"05/10/2021","31.57","31.54","31.87","31.54","33.25K","0.13%"
"05/09/2021","31.53","31.87","31.87","31.20","34.80K","-0.03%"
"05/06/2021","31.54","31.54","31.87","31.54","16.84K","0.00%"
"05/05/2021","31.54","31.84","31.84","31.54","59.96K","0.00%"
"05/04/2021","31.54","31.55","31.88","30.77","161.64K","-0.06%"
"04/28/2021","31.56","32.07","32.07","31.31","41.83K","-0.19%"
"04/27/2021","31.62","32.14","32.28","31.26","38.62K","0.41%"
"04/26/2021","31.49","31.51","31.84","30.85","112.06K","-4.60%"
"04/25/2021","33.01","33.04","33.07","32.73","31.91K","1.04%"
"04/22/2021","32.67","32.44","32.92","32.31","298.90K","1.43%"
"04/21/2021","32.21","32.13","32.46","31.56","45.82K","2.55%"
"04/20/2021","31.41","31.54","32.21","31.15","55.07K","1.19%"
"04/19/2021","31.04","31.15","31.46","30.84","6.67K","0.81%"
"04/18/2021","30.79","31.04","31.38","30.77","4.83K","0.39%"
"04/15/2021","30.67","30.15","31.45","30.11","24.25K","-2.14%"
"04/14/2021","31.34","31.92","31.92","30.01","214.95K","-2.61%"
"04/13/2021","32.18","32.21","32.29","31.61","3.97K","0.16%"
"04/12/2021","32.13","31.69","32.31","31.69","31.84K","1.48%"
"04/11/2021","31.66","31.89","32.25","31.54","34.17K","0.54%"
"04/08/2021","31.49","31.15","31.88","31.15","218.88K","1.12%"
"04/07/2021","31.14","30.89","31.42","30.89","172.97K","0.81%"
"04/06/2021","30.89","30.77","31.54","30.46","72.76K","0.10%"
"04/05/2021","30.86","31.55","31.92","30.00","175.26K","-4.66%"
"04/04/2021","32.37","32.91","32.92","31.92","134.31K","-0.92%"
"04/01/2021","32.67","33.05","33.07","32.58","132.15K","-0.64%"
"03/31/2021","32.88","33.07","33.07","32.39","109.35K","0.52%"
"03/30/2021","32.71","32.50","33.07","32.50","1.18M","0.00%"
"03/29/2021","32.71","33.84","33.84","32.46","2.45M","-3.85%"
"03/28/2021","34.02","33.15","34.42","33.15","338.20K","2.56%"
"03/25/2021","33.17","32.69","33.68","32.69","146.56K","1.34%"
"03/24/2021","32.73","32.52","33.40","32.47","304.24K","0.89%"
"03/23/2021","32.44","32.69","33.30","31.61","53.49K","-0.80%"
"03/22/2021","32.70","33.74","33.74","32.37","78.22K","-3.02%"
"03/21/2021","33.72","33.69","34.44","33.08","207.49K","1.54%"
"03/18/2021","33.21","33.60","33.60","32.71","51.78K","-0.48%"
"03/17/2021","33.37","33.64","33.65","33.14","31.70K","0.94%"
"03/16/2021","33.06","33.73","33.73","32.69","64.18K","-0.60%"
"03/15/2021","33.26","33.92","33.92","33.00","140.00K","-1.71%"
"03/14/2021","33.84","33.86","34.19","33.65","287.19K","0.03%"
"03/11/2021","33.83","33.80","34.15","33.47","108.06K","0.99%"
"03/10/2021","33.50","33.73","33.77","33.07","91.30K","0.48%"
"03/09/2021","33.34","33.25","33.70","33.25","107.83K","0.27%"
"03/08/2021","33.25","33.80","33.80","33.07","184.76K","-1.28%"
"03/07/2021","33.68","34.31","34.59","33.30","191.27K","2.34%"
"03/04/2021","32.91","33.00","33.07","32.31","182.99K","-0.03%"
"03/03/2021","32.92","32.31","33.84","32.31","483.66K","1.92%"
"03/02/2021","32.30","32.68","32.68","32.17","289.68K","-0.28%"
"03/01/2021","32.39","32.31","33.04","32.31","92.58K","-1.13%"
"02/28/2021","32.76","33.05","33.42","32.31","202.48K","0.09%"
"02/25/2021","32.73","32.39","32.98","32.38","108.45K","0.99%"
"02/24/2021","32.41","32.96","33.00","32.31","88.91K","-0.89%"
"02/23/2021","32.70","33.07","33.37","32.39","77.78K","-1.18%"
"02/22/2021","33.09","32.94","33.45","32.80","99.45K","0.00%"
"02/21/2021","33.09","33.57","33.74","32.88","57.88K","0.42%"
"02/18/2021","32.95","33.45","33.76","32.46","65.58K","-0.54%"
"02/17/2021","33.13","33.92","34.18","32.31","275.71K","0.03%"
"02/16/2021","33.12","32.84","33.61","31.94","299.89K","2.13%"
"02/15/2021","32.43","33.54","33.83","31.92","478.90K","-4.42%"
"02/14/2021","33.93","33.07","34.57","32.69","376.86K","2.60%"
"02/11/2021","33.07","33.46","33.46","32.68","91.39K","0.64%"
"02/10/2021","32.86","32.31","33.42","31.67","352.43K","3.53%"
"02/09/2021","31.74","32.07","32.14","31.54","111.93K","-0.87%"
"02/08/2021","32.02","32.70","33.00","31.38","292.19K","-1.99%"
"02/07/2021","32.67","33.07","33.27","32.07","277.08K","0.80%"
"02/04/2021","32.41","32.88","33.04","32.15","91.00K","-1.49%"
"02/03/2021","32.90","31.91","33.84","31.87","351.63K","3.85%"
"02/02/2021","31.68","31.92","32.02","31.38","74.39K","0.83%"
"02/01/2021","31.42","31.54","31.54","31.01","49.99K","0.74%"
"01/31/2021","31.19","30.78","31.31","30.77","61.65K","1.13%"
"01/27/2021","30.84","31.15","31.54","30.77","553.69K","-0.58%"
"01/26/2021","31.02","31.46","31.46","30.65","256.07K","-1.15%"
"01/25/2021","31.38","32.22","32.22","30.90","97.68K","-1.17%"
"01/24/2021","31.75","32.11","32.23","31.57","10.89K","-0.44%"
"01/21/2021","31.89","31.87","32.26","31.54","32.84K","0.98%"
"01/20/2021","31.58","32.60","32.60","30.84","313.48K","-3.10%"
"01/19/2021","32.59","32.61","32.69","32.36","70.53K","-0.37%"
"01/18/2021","32.71","33.07","33.07","32.34","133.30K","-1.03%"
"01/17/2021","33.05","33.09","33.09","33.00","22.83K","-0.09%"
"01/14/2021","33.08","33.77","33.77","32.97","94.87K","0.03%"
"01/13/2021","33.07","33.23","33.23","33.04","23.00K","-0.24%"
"01/12/2021","33.15","33.65","33.65","32.93","41.74K","-1.25%"
"01/11/2021","33.57","33.84","33.84","33.38","7.77K","-0.77%"
"01/10/2021","33.83","33.23","33.84","33.23","9.87K","1.99%"
"01/06/2021","33.17","33.80","33.80","33.07","17.16K","-1.78%"
"01/05/2021","33.77","34.30","34.30","33.30","9.25K","0.36%"
"01/04/2021","33.65","33.38","33.75","33.24","3.26K","0.93%"
"01/03/2021","33.34","33.20","33.64","33.07","8.39K","-0.24%"
"12/31/2020","33.42","33.84","33.84","33.07","131.41K","-1.30%"
"12/30/2020","33.86","34.53","34.53","33.70","135.01K","-1.71%"
"12/29/2020","34.45","34.60","34.61","34.22","50.51K","-0.61%"
"12/28/2020","34.66","35.38","35.46","34.38","82.05K","-2.34%"
"12/27/2020","35.49","36.15","36.15","36.14","0.18K","0.00%"
"12/24/2020","35.49","35.69","35.77","35.38","15.96K","-1.22%"
"12/23/2020","35.93","37.30","37.30","35.08","38.12K","-1.45%"
"12/22/2020","36.46","35.00","36.50","35.00","2.81K","1.87%"
"12/21/2020","35.79","36.61","36.61","34.64","18.49K","-3.06%"
"12/20/2020","36.92","37.00","37.00","36.77","0.91K","0.00%"
"12/17/2020","36.92","38.07","38.07","36.61","111.99K","-1.02%"
"12/16/2020","37.30","37.29","37.29","36.93","0.13K","0.00%"
"12/15/2020","37.30","36.96","36.96","36.93","1.89K","0.00%"
"12/14/2020","37.30","37.30","37.30","37.30","85.87K","0.00%"
"12/13/2020","37.30","36.93","36.93","36.92","0.99K","0.00%"
"12/10/2020","37.30","37.69","37.69","37.15","147.39K","0.00%"
"12/09/2020","37.30","37.69","38.07","37.19","36.84K","-1.03%"
"12/08/2020","37.69","38.34","38.37","38.34","1.69K","0.00%"
"12/07/2020","37.69","37.69","37.70","37.69","73.79K","-0.13%"
"12/06/2020","37.74","37.75","38.45","37.69","43.90K","-0.03%"
"12/03/2020","37.75","38.04","38.04","37.69","9.23K","-0.76%"
"12/02/2020","38.04","38.07","38.07","37.73","6.02K","-1.09%"
"12/01/2020","38.46","38.46","38.46","38.46","6.50K","-0.13%"
"11/30/2020","38.51","38.83","39.21","38.07","43.49K","-0.05%"
"11/29/2020","38.53","38.46","38.77","38.45","8.66K","2.09%"
"11/26/2020","37.74","38.46","38.46","37.69","20.96K","-1.87%"
"11/25/2020","38.46","38.46","38.84","37.41","82.98K","0.00%"
"11/24/2020","38.46","38.07","38.46","38.07","200.01K","0.76%"
"11/23/2020","38.17","37.50","37.69","37.32","2.08K","0.00%"
"11/22/2020","38.17","37.07","37.30","37.07","2.12K","0.00%"
"11/19/2020","38.17","37.69","38.46","37.54","134.45K","-0.44%"
"11/18/2020","38.34","37.03","38.83","37.03","181.43K","3.15%"
"11/17/2020","37.17","37.17","37.38","36.92","30.85K","-0.38%"
"11/16/2020","37.31","36.07","38.07","35.92","135.29K","2.92%"
"11/15/2020","36.25","36.14","36.61","35.92","37.78K","0.33%"
"11/12/2020","36.13","35.54","36.15","35.54","9.93K","0.14%"
"11/11/2020","36.08","36.79","36.83","35.77","73.78K","-0.52%"
"11/10/2020","36.27","36.35","36.83","36.15","44.64K","0.33%"
"11/09/2020","36.15","36.07","36.16","36.07","49.35K","1.06%"
"11/08/2020","35.77","35.77","35.97","35.77","43.23K","-0.89%"
"11/05/2020","36.09","36.15","36.50","35.54","263.82K","-0.19%"
"11/04/2020","36.16","36.14","36.50","36.14","147.30K","1.09%"
"11/03/2020","35.77","35.77","35.82","35.77","37.88K","0.00%"
"11/02/2020","35.77","35.77","35.80","35.77","55.86K","-0.78%"
"11/01/2020","36.05","36.00","36.54","35.77","6.98K","-1.29%"
"10/28/2020","36.52","36.65","36.69","36.19","121.01K","-0.81%"
"10/27/2020","36.82","36.49","36.93","36.49","166.66K","3.34%"
"10/26/2020","35.63","35.77","35.77","35.54","4.85K","0.08%"
"10/25/2020","35.60","35.57","35.77","35.39","21.90K","-0.48%"
"10/22/2020","35.77","35.77","35.99","35.77","35.32K","-0.08%"
"10/21/2020","35.80","36.46","36.46","35.77","28.45K","-0.97%"
"10/20/2020","36.15","35.86","36.54","35.54","15.11K","1.15%"
"10/19/2020","35.74","35.75","37.11","35.38","269.67K","2.44%"
"10/18/2020","34.89","34.61","36.07","34.61","171.89K","0.93%"
"10/15/2020","34.57","34.54","34.84","34.41","200.36K","0.09%"
"10/14/2020","34.54","34.61","34.62","34.38","46.42K","-0.20%"
"10/13/2020","34.61","34.61","34.94","34.46","186.91K","-0.03%"
"10/12/2020","34.62","34.69","34.84","34.61","505.28K","0.23%"
"10/11/2020","34.54","34.61","34.61","34.46","6.46K","-0.14%"
"10/07/2020","34.59","34.61","34.61","34.38","75.58K","-0.06%"
"10/06/2020","34.61","34.80","34.80","34.50","33.57K","-0.46%"
"10/05/2020","34.77","35.37","35.38","34.43","237.68K","0.38%"
"10/04/2020","34.64","35.00","35.07","34.61","233.31K","0.09%"
"10/01/2020","34.61","34.61","34.62","34.46","104.56K","0.00%"
"09/30/2020","34.61","34.61","34.61","34.46","51.52K","-0.29%"
"09/29/2020","34.71","35.04","35.30","34.61","394.15K","0.20%"
"09/28/2020","34.64","34.96","34.96","34.96","0.46K","0.00%"
"09/27/2020","34.64","35.00","35.00","34.61","24.96K","-0.43%"
"09/24/2020","34.79","35.00","35.00","34.67","9.46K","-0.43%"
"09/23/2020","34.94","35.00","35.38","34.78","10.99K","-0.74%"
"09/22/2020","35.20","35.00","35.38","35.00","10.55K","0.77%"
"09/21/2020","34.93","35.27","36.07","34.61","18.82K","-1.55%"
"09/20/2020","35.48","36.88","36.88","35.19","19.11K","-1.99%"
"09/17/2020","36.20","37.21","37.21","35.84","24.58K","-0.58%"
"09/16/2020","36.41","35.37","36.93","35.37","87.95K","3.73%"
"09/15/2020","35.10","35.00","35.14","35.00","10.43K","-0.11%"
"09/14/2020","35.14","34.98","35.38","34.98","2.50K","0.49%"
"09/13/2020","34.97","35.37","35.37","34.96","10.39K","0.49%"
"09/10/2020","34.80","35.73","35.77","34.73","380.16K","0.52%"
"09/09/2020","34.62","34.62","35.00","34.61","40.84K","-0.46%"
"09/08/2020","34.78","34.92","35.04","34.64","9.20K","-1.05%"
"09/07/2020","35.15","35.40","35.40","34.88","2.57K","-0.65%"
"09/06/2020","35.38","34.80","35.52","34.80","20.61K","-0.51%"
"09/03/2020","35.56","35.77","36.11","35.38","232.19K","0.28%"
"09/02/2020","35.46","35.47","36.14","35.38","106.63K","0.17%"
"09/01/2020","35.40","35.37","36.15","35.37","64.64K","1.84%"
"08/31/2020","34.76","35.73","35.73","34.61","37.70K","-3.01%"
"08/30/2020","35.84","36.15","36.15","35.67","22.84K","-0.86%"
"08/27/2020","36.15","35.77","36.15","35.77","354.92K","0.84%"
"08/26/2020","35.85","36.15","36.15","35.77","3.32K","-0.97%"
"08/25/2020","36.20","36.54","36.54","35.77","154.61K","-0.11%"
"08/24/2020","36.24","36.23","36.54","36.20","37.33K","-0.11%"
"08/23/2020","36.28","36.54","36.91","36.19","33.17K","-0.11%"
"08/19/2020","36.32","36.54","36.54","36.15","5.10K","-0.79%"
"08/18/2020","36.61","36.69","36.69","36.30","6.26K","-0.46%"
"08/17/2020","36.78","36.92","36.92","36.70","4.95K","-0.33%"
"08/16/2020","36.90","37.60","37.60","36.79","4.98K","-0.08%"
"08/13/2020","36.93","37.04","37.09","36.84","40.58K","-0.38%"
"08/12/2020","37.07","37.69","37.69","36.77","16.63K","-0.86%"
"08/11/2020","37.39","37.61","37.61","37.19","9.69K","-0.85%"
"08/10/2020","37.71","37.69","38.07","37.47","20.65K","0.05%"
"08/09/2020","37.69","37.00","37.97","37.00","161.18K","0.94%"
"08/06/2020","37.34","37.99","38.00","36.94","45.44K","-0.05%"
"08/05/2020","37.36","37.67","37.69","37.28","9.55K","-0.64%"
"08/04/2020","37.60","37.77","38.34","37.30","25.83K","0.27%"
"07/29/2020","37.50","38.44","38.44","37.11","36.28K","-4.34%"
"07/28/2020","39.20","40.76","40.76","37.50","111.46K","5.77%"
"07/27/2020","37.06","36.92","38.38","36.91","10.13K","0.35%"
"07/26/2020","36.93","36.92","37.53","36.92","145.19K","1.57%"
"07/22/2020","36.36","38.42","38.42","36.16","11.14K","-2.31%"
"07/21/2020","37.22","37.69","38.44","36.92","162.83K","1.81%"
"07/20/2020","36.56","37.69","38.00","36.16","2.09K","-2.95%"
"07/19/2020","37.67","37.30","37.30","37.30","0.20K","0.00%"
"07/16/2020","37.67","36.92","38.46","36.92","179.99K","-0.79%"
"07/15/2020","37.97","39.24","39.24","36.92","25.55K","-3.24%"
"07/14/2020","39.24","39.23","39.61","39.23","4.00K","0.69%"
"07/13/2020","38.97","39.27","39.61","38.69","2.18K","-0.97%"
"07/12/2020","39.35","40.15","40.15","39.23","1.02K","-2.53%"
"07/09/2020","40.37","41.13","41.13","39.15","14.17K","-0.05%"
"07/08/2020","40.39","40.60","40.60","40.00","1.24K","-0.74%"
"07/07/2020","40.69","41.42","41.42","40.50","1.98K","-1.74%"
"07/06/2020","41.41","41.54","41.73","40.57","58.79K","-1.96%"
"07/05/2020","42.24","44.60","44.61","41.54","35.00K","3.81%"
"06/30/2020","40.69","40.00","41.84","40.00","57.35K","2.47%"
"06/29/2020","39.71","37.50","40.00","37.50","22.43K","1.38%"
"06/28/2020","39.17","39.99","39.99","38.57","31.78K","0.51%"
"06/25/2020","38.97","38.23","39.23","36.92","14.09K","1.33%"
"06/24/2020","38.46","38.46","38.47","38.23","48.23K","-1.41%"
"06/23/2020","39.01","39.96","40.46","38.46","31.91K","1.14%"
"06/22/2020","38.57","38.61","38.61","38.23","0.78K","-1.36%"
"06/21/2020","39.10","39.10","39.48","38.84","66.05K","0.00%"
"06/18/2020","39.10","38.84","39.23","38.84","2.29K","2.57%"
"06/17/2020","38.12","38.46","38.46","37.88","2.69K","-2.63%"
"06/16/2020","39.15","39.11","39.42","39.04","1.95K","-0.18%"
"06/15/2020","39.22","37.88","39.54","37.88","1.84K","-0.05%"
"06/14/2020","39.24","38.47","39.24","38.38","68.24K","0.56%"
"06/11/2020","39.02","39.23","39.23","38.80","15.72K","0.05%"
"06/10/2020","39.00","39.23","39.24","39.23","0.33K","0.00%"
"06/09/2020","39.00","38.67","40.00","38.46","22.97K","0.88%"
"06/08/2020","38.66","37.79","39.22","37.79","213.38K","0.49%"
"06/07/2020","38.47","38.69","39.20","37.88","34.63K","0.05%"
"06/04/2020","38.45","37.97","38.68","37.80","524.31K","2.70%"
"06/03/2020","37.44","37.23","37.98","36.94","15.07K","2.46%"
"06/02/2020","36.54","36.92","37.27","36.54","270.92K","0.00%"
"06/01/2020","36.54","36.91","36.92","36.54","266.45K","0.72%"
"05/31/2020","36.28","36.16","36.92","36.00","4.49K","0.36%"
"05/21/2020","36.15","36.15","36.15","35.77","1.30M","0.00%"
"05/20/2020","36.15","36.15","36.54","36.15","384.35K","-0.06%"
"05/19/2020","36.17","36.87","36.87","36.15","229.37K","0.36%"
"05/18/2020","36.04","35.38","36.60","35.38","19.46K","2.44%"
"05/17/2020","35.18","35.04","35.40","34.63","33.19K","-0.62%"
"05/14/2020","35.40","35.44","35.50","35.38","21.90K","-1.80%"
"05/13/2020","36.05","36.92","36.92","35.38","168.03K","-1.18%"
"05/12/2020","36.48","36.93","36.93","36.15","31.15K","-0.65%"
"05/11/2020","36.72","38.07","38.07","36.54","39.45K","-2.57%"
"05/10/2020","37.69","37.69","37.73","37.42","115.31K","0.08%"
"05/07/2020","37.66","39.23","39.23","36.93","16.73K","-4.59%"
"05/06/2020","39.47","39.38","40.00","39.23","13.76K","1.13%"
"05/05/2020","39.03","39.14","39.37","38.47","11.44K","1.27%"
"05/04/2020","38.54","37.46","39.23","37.46","6.92K","2.04%"
"05/03/2020","37.77","38.44","38.44","37.30","22.51K","0.00%"
"04/30/2020","37.77","38.36","38.65","37.30","152.70K","1.61%"
"04/29/2020","37.17","37.11","37.69","36.92","22.13K","-1.51%"
"04/28/2020","37.74","37.84","38.90","37.00","23.64K","-2.33%"
"04/27/2020","38.64","38.84","38.88","38.12","43.96K","-2.00%"
"04/26/2020","39.43","39.23","39.61","39.23","16.29K","0.28%"
"04/23/2020","39.32","39.61","40.36","38.85","63.60K","-6.38%"
"04/22/2020","42.00","42.25","42.25","41.58","69.66K","-0.57%"
"04/21/2020","42.24","41.96","42.30","41.92","22.92K","0.28%"
"04/16/2020","42.12","42.30","43.07","41.30","29.58K","-0.45%"
"04/15/2020","42.31","43.07","43.07","41.73","86.86K","0.02%"
"04/14/2020","42.30","42.30","43.07","42.30","906.04K","0.00%"
"04/13/2020","42.30","42.30","42.30","42.03","48.14K","0.00%"
"04/12/2020","42.30","42.92","42.92","41.55","77.08K","-0.47%"
"04/09/2020","42.50","43.07","43.07","41.94","98.67K","-1.32%"
"04/08/2020","43.07","43.15","43.15","43.06","115.13K","0.00%"
"04/07/2020","43.07","44.46","44.46","43.07","291.57K","3.68%"
"04/06/2020","41.54","41.58","42.69","41.58","0.46K","0.00%"
"04/05/2020","41.54","44.37","44.37","41.54","414.62K","-1.63%"
"04/02/2020","42.23","45.68","45.68","41.54","586.61K","-0.28%"
"04/01/2020","42.35","43.46","43.46","42.31","689.64K","-2.58%"
"03/31/2020","43.47","45.00","46.15","43.46","874.98K","-3.40%"
"03/30/2020","45.00","45.00","45.07","44.80","414.47K","0.00%"
"03/29/2020","45.00","45.15","45.15","45.00","130.78K","0.87%"
"03/26/2020","44.61","44.61","44.61","44.61","6.50K","0.02%"
"03/25/2020","44.60","44.60","44.61","44.60","14.37K","-0.02%"
"03/24/2020","44.61","42.50","44.61","42.50","24.19K","-0.04%"
"03/23/2020","44.63","46.14","46.15","44.60","60.03K","5.51%"
"03/22/2020","42.30","42.50","42.50","42.30","14.54K","0.00%"
"03/19/2020","42.30","40.77","44.61","40.77","83.05K","-0.07%"
"03/18/2020","42.33","46.07","46.07","41.54","60.02K","-4.96%"
"03/17/2020","44.54","44.61","44.61","43.15","66.26K","-0.16%"
"03/16/2020","44.61","44.61","44.61","42.84","10.44K","-5.09%"
"03/11/2020","47.00","47.61","47.67","46.20","56.53K","-1.05%"
"03/10/2020","47.50","49.23","49.23","47.50","80.71K","-0.46%"
"03/09/2020","47.72","49.23","49.23","47.69","21.40K","-8.79%"
"03/08/2020","52.32","50.19","52.23","49.23","0.32K","0.00%"
"03/05/2020","52.32","49.63","53.06","49.23","0.08K","0.00%"
"03/04/2020","52.32","53.07","53.07","51.53","2.60K","0.10%"
"03/03/2020","52.27","51.57","51.57","51.57","0.02K","0.00%"
"03/02/2020","52.27","53.83","53.83","51.54","36.84K","-2.79%"
"03/01/2020","53.77","52.30","53.84","52.30","13.91K","-4.24%"
"02/27/2020","56.15","53.84","53.84","53.07","0.49K","0.00%"
"02/26/2020","56.15","53.96","53.96","53.85","0.15K","0.00%"
"02/25/2020","56.15","53.92","55.38","53.85","0.37K","0.00%"
"02/24/2020","56.15","56.15","56.15","53.92","59.21K","0.00%"
"02/20/2020","56.15","56.15","56.15","56.15","75.56K","-0.07%"
"02/19/2020","56.19","56.15","56.53","56.15","54.29K","-0.37%"
"02/18/2020","56.40","56.53","56.53","56.40","302.35K","0.00%"
"02/17/2020","56.40","56.40","56.40","56.15","491.95K","0.00%"
"02/16/2020","56.40","56.15","56.42","56.15","340.64K","0.00%"
"02/13/2020","56.40","55.57","56.54","55.57","41.38K","1.84%"
"02/12/2020","55.38","55.38","55.39","55.38","2.47K","0.00%"
"02/11/2020","55.38","55.37","55.38","55.37","0.39K","0.00%"
"02/10/2020","55.38","55.38","55.38","55.36","261.53K","1.41%"
"02/09/2020","54.61","54.61","55.38","54.60","131.86K","0.00%"
"02/06/2020","54.61","54.61","54.62","54.61","4.21K","0.00%"
"02/05/2020","54.61","54.69","54.69","53.92","326.40K","0.00%"
"02/04/2020","54.61","54.61","54.69","54.61","103.72K","0.00%"
"02/03/2020","54.61","54.61","55.16","54.61","45.44K","0.00%"
"02/02/2020","54.61","53.07","53.07","53.07","0.06K","0.00%"
"01/30/2020","54.61","54.57","55.23","54.57","71.69K","1.20%"
"01/29/2020","53.96","54.03","54.23","53.84","4.00K","0.52%"
"01/28/2020","53.68","52.30","53.92","50.07","32.70K","-0.30%"
"01/27/2020","53.84","53.84","53.84","53.84","109.64K","0.04%"
"01/26/2020","53.82","53.46","53.84","53.46","0.65K","1.39%"
"01/23/2020","53.08","53.46","53.73","53.07","36.54K","-1.08%"
"01/22/2020","53.66","52.69","53.84","52.30","169.31K","1.63%"
"01/21/2020","52.80","51.53","53.07","51.53","14.92K","2.46%"
"01/20/2020","51.53","50.79","51.54","50.77","8.37K","2.51%"
"01/19/2020","50.27","50.77","51.53","50.77","0.58K","0.00%"
"01/15/2020","50.27","50.77","50.77","50.00","6.14K","-0.79%"
"01/14/2020","50.67","50.77","50.77","50.00","10.71K","4.11%"
"01/12/2020","48.67","49.23","49.23","48.50","0.65K","0.43%"
"01/08/2020","48.46","48.50","49.23","48.50","0.52K","0.00%"
"01/06/2020","48.46","48.98","48.98","48.46","15.56K","-0.55%"
"01/05/2020","48.73","49.23","49.23","46.92","1.58K","-5.03%"
"01/02/2020","51.31","51.53","51.53","49.42","8.55K","0.35%"
"12/31/2019","51.13","49.61","54.61","49.23","60.46K","2.20%"
"12/30/2019","50.03","50.77","50.77","49.99","20.95K","-1.46%"
"12/29/2019","50.77","50.46","50.46","50.46","0.00K","0.00%"
"12/26/2019","50.77","50.84","50.84","50.77","6.38K","0.00%"
"12/24/2019","50.77","50.77","50.77","50.46","66.55K","-0.94%"
"12/23/2019","51.25","51.23","51.53","51.15","15.93K","0.23%"
"12/22/2019","51.13","51.15","51.15","50.77","118.38K","-0.04%"
"12/19/2019","51.15","51.15","51.15","50.77","0.16K","0.00%"
"12/18/2019","51.15","51.15","51.15","51.14","68.07K","0.00%"
"12/17/2019","51.15","51.92","52.30","51.15","98.21K","-0.87%"
"12/12/2019","51.60","51.61","51.61","51.53","2.60K","1.57%"
"12/11/2019","50.80","52.31","52.31","50.77","7.86K","-4.90%"
"12/09/2019","53.42","53.46","53.46","52.70","125.51K","1.42%"
"12/08/2019","52.67","52.57","52.69","52.57","0.81K","-0.75%"
"12/05/2019","53.07","53.07","53.08","53.07","1.36K","0.00%"
"12/04/2019","53.07","53.07","53.07","53.07","5.87K","1.24%"
"12/03/2019","52.42","52.39","53.07","52.30","8.59K","-0.44%"
"12/02/2019","52.65","53.09","53.09","52.38","8.74K","-2.19%"
"12/01/2019","53.83","53.84","54.95","53.09","3.77K","0.11%"
"11/28/2019","53.77","53.09","53.84","53.09","1.78K","-2.24%"
"11/27/2019","55.00","54.99","55.38","54.60","15.22K","0.02%"
"11/26/2019","54.99","54.99","55.00","54.96","1.80K","4.01%"
"11/25/2019","52.87","53.84","53.84","52.30","5.44K","-3.87%"
"11/24/2019","55.00","53.07","53.07","53.07","0.01K","0.00%"
"11/21/2019","55.00","53.83","55.36","53.83","141.44K","5.91%"
"11/20/2019","51.93","50.77","54.21","50.77","24.40K","3.76%"
"11/19/2019","50.05","50.00","50.77","50.00","211.38K","0.16%"
"11/18/2019","49.97","49.42","50.00","49.42","30.18K","0.89%"
"11/17/2019","49.53","50.30","50.30","49.23","116.14K","-1.39%"
"11/14/2019","50.23","50.72","50.73","50.00","75.80K","2.66%"
"11/13/2019","48.93","49.90","50.77","48.83","392.09K","-2.04%"
"11/12/2019","49.95","50.13","50.13","49.65","265.95K","-0.36%"
"11/11/2019","50.13","50.00","50.77","48.84","257.16K","1.83%"
"11/07/2019","49.23","49.69","49.69","48.84","29.80K","-1.05%"
"11/05/2019","49.75","50.00","50.00","49.61","0.14K","0.00%"
"10/31/2019","49.75","50.00","50.00","49.61","21.02K","1.04%"
"10/30/2019","49.24","50.00","50.00","50.00","0.25K","0.00%"
"10/29/2019","49.24","49.23","50.00","49.23","101.84K","-0.79%"
"10/28/2019","49.63","49.65","49.65","49.23","0.66K","0.00%"
"10/27/2019","49.63","50.00","50.00","49.61","2.93K","-0.80%"
"10/24/2019","50.03","50.75","50.77","50.00","138.14K","0.06%"
"10/23/2019","50.00","50.00","50.00","50.00","34.44K","-4.40%"
"10/22/2019","52.30","49.31","49.31","49.30","0.68K","0.00%"
"10/20/2019","52.30","52.30","52.30","52.30","3.25K","3.01%"
"10/17/2019","50.77","50.00","50.77","50.00","0.46K","0.00%"
"10/16/2019","50.77","50.00","50.77","50.00","65.06K","0.00%"
"10/15/2019","50.77","50.99","50.99","50.75","52.47K","-5.68%"
"10/10/2019","53.83","53.82","53.83","53.82","9.10K","6.03%"
"10/09/2019","50.77","50.77","50.84","50.77","44.59K","0.00%"
"10/08/2019","50.77","50.77","50.81","50.77","114.18K","-5.70%"
"10/03/2019","53.84","53.84","53.84","53.84","0.81K","8.48%"
"10/02/2019","49.63","50.00","50.00","49.23","2.52K","-8.99%"
"10/01/2019","54.53","52.69","55.38","52.69","2.72K","6.01%"
"09/30/2019","51.44","52.69","52.69","52.69","0.33K","0.00%"
"09/29/2019","51.44","50.00","55.76","50.00","35.96K","1.34%"
"09/26/2019","50.76","50.75","50.77","50.75","10.40K","0.04%"
"09/25/2019","50.74","50.00","50.00","50.00","0.39K","0.00%"
"09/24/2019","50.74","46.16","46.16","45.67","0.25K","0.00%"
"09/23/2019","50.74","49.23","49.23","46.38","0.31K","0.00%"
"09/22/2019","50.74","51.15","51.15","48.84","5.83K","-1.53%"
"09/19/2019","51.53","51.53","51.53","51.15","44.77K","0.00%"
"09/18/2019","51.53","51.53","51.54","51.53","35.34K","0.00%"
"09/17/2019","51.53","51.53","51.53","51.42","140.86K","-0.04%"
"09/16/2019","51.55","52.30","52.80","51.53","53.62K","-0.21%"
"09/15/2019","51.66","52.30","52.30","51.00","13.16K","-0.06%"
"09/11/2019","51.69","53.07","53.07","51.47","220.38K","-1.84%"
"09/10/2019","52.66","52.50","53.15","52.30","13.32K","-1.29%"
"09/09/2019","53.35","53.84","53.84","53.84","0.02K","0.00%"
"09/08/2019","53.35","55.38","55.38","53.07","9.44K","-2.57%"
"09/05/2019","54.76","55.76","55.76","54.23","2.86K","-4.18%"
"09/03/2019","57.15","57.66","57.66","56.53","1.38K","-1.23%"
"09/02/2019","57.86","58.45","58.45","58.06","0.32K","0.00%"
"09/01/2019","57.86","58.38","58.38","58.38","0.20K","0.00%"
"08/29/2019","57.86","57.86","57.86","57.86","0.20K","0.00%"
"08/27/2019","57.86","58.80","58.83","56.61","0.80K","-1.62%"
"08/26/2019","58.81","56.63","58.83","56.63","156.74K","-0.03%"
"08/25/2019","58.83","59.60","59.61","56.62","165.03K","-1.95%"
"08/21/2019","60.00","57.69","57.69","57.69","0.01K","0.00%"
"08/15/2019","60.00","57.69","60.32","57.69","4.44K","0.02%"
"08/14/2019","59.99","60.00","60.76","57.16","28.31K","-1.27%"
"08/08/2019","60.76","60.75","60.80","57.39","75.79K","1.62%"
"08/07/2019","59.79","59.67","60.00","59.65","148.83K","0.17%"
"08/06/2019","59.69","59.69","59.69","59.69","1.41K","-0.23%"
"08/05/2019","59.83","59.83","59.83","59.83","36.40K","0.00%"
"08/04/2019","59.83","57.69","57.69","57.69","0.13K","0.00%"
"08/01/2019","59.83","57.69","60.00","57.35","15.02K","-0.20%"
"07/31/2019","59.95","59.90","60.00","59.90","2.63K","-0.07%"
"07/30/2019","59.99","60.73","60.73","59.99","50.89K","-0.02%"
"07/29/2019","60.00","60.00","60.00","60.00","15.83K","0.00%"
"07/24/2019","60.00","60.00","60.38","60.00","18.64K","0.00%"
"07/22/2019","60.00","60.00","60.00","60.00","52.83K","2.28%"
"07/18/2019","58.66","57.11","60.61","56.92","22.52K","2.36%"
"07/16/2019","57.31","57.31","57.50","57.30","2.09K","-5.63%"
"07/11/2019","60.73","57.69","58.46","57.69","0.16K","0.00%"
"07/10/2019","60.73","55.76","57.11","55.76","0.11K","0.00%"
"07/08/2019","60.73","55.76","55.76","55.76","0.02K","0.00%"
"07/07/2019","60.73","60.76","60.76","60.76","0.08K","0.00%"
"07/04/2019","60.73","59.69","59.69","59.23","0.49K","0.00%"
"07/03/2019","60.73","60.73","60.73","60.73","35.10K","-0.03%"
"07/02/2019","60.75","60.76","60.76","60.00","53.91K","-0.02%"
"06/27/2019","60.76","60.76","60.76","60.76","117.98K","0.00%"
"06/26/2019","60.76","60.76","60.76","60.76","59.15K","0.00%"
"06/25/2019","60.76","60.76","60.76","60.76","23.41K","0.00%"
"06/20/2019","60.76","60.76","60.76","60.76","154.71K","0.00%"
"06/19/2019","60.76","60.76","60.76","56.92","257.76K","0.00%"
"06/17/2019","60.76","60.76","60.76","60.76","76.09K","0.00%"
"06/16/2019","60.76","60.76","60.76","60.76","33.80K","0.00%"
"06/12/2019","60.76","57.50","57.50","57.50","0.16K","0.00%"
"06/11/2019","60.76","57.50","57.50","57.50","0.06K","0.00%"
"06/10/2019","60.76","60.80","61.15","60.69","72.06K","-0.02%"
"06/09/2019","60.77","60.76","60.76","60.76","0.04K","0.00%"
"06/03/2019","60.77","60.76","61.48","60.76","144.22K","1.28%"
"05/30/2019","60.00","59.39","60.01","59.39","0.65K","0.00%"
"05/29/2019","60.00","60.00","60.00","60.00","160.05K","-4.85%"
"05/28/2019","63.06","59.34","59.34","59.34","0.16K","0.00%"
"05/26/2019","63.06","62.30","62.30","59.61","0.11K","0.00%"
"05/23/2019","63.06","60.96","60.96","60.96","0.10K","0.00%"
"05/22/2019","63.06","62.99","63.07","62.99","1.93K","0.03%"
"05/21/2019","63.04","62.99","63.06","62.99","0.26K","0.00%"
"05/20/2019","63.04","62.29","63.07","62.29","162.99K","1.16%"
"05/19/2019","62.32","64.38","64.40","57.74","2.31K","-0.75%"
"05/16/2019","62.79","55.76","63.46","55.76","16.32K","7.21%"
"05/14/2019","58.57","56.23","61.76","56.23","9.53K","4.29%"
"05/13/2019","56.16","56.15","57.69","56.15","258.81K","-3.93%"
"05/09/2019","58.46","58.46","58.46","58.46","1.30K","4.11%"
"05/07/2019","56.15","57.07","57.07","56.15","439.51K","-2.80%"
"05/05/2019","57.77","59.23","59.23","59.23","0.18K","0.00%"
"05/02/2019","57.77","57.88","57.88","57.77","0.16K","0.00%"
"04/30/2019","57.77","59.03","59.03","59.03","0.12K","0.00%"
"04/24/2019","57.77","57.77","59.03","57.76","5.40K","-1.18%"
"04/23/2019","58.46","58.53","58.53","58.46","585.04K","-0.46%"
"04/22/2019","58.73","59.23","60.07","59.23","0.38K","0.00%"
"04/21/2019","58.73","57.70","57.76","57.70","0.03K","0.00%"
"04/18/2019","58.73","58.46","58.46","58.46","0.18K","0.00%"
"04/17/2019","58.73","57.07","61.53","57.07","3.82K","2.50%"
"04/16/2019","57.30","56.92","57.69","56.92","0.81K","-0.66%"
"04/15/2019","57.68","56.92","56.92","56.92","0.44K","0.00%"
"04/11/2019","57.68","57.65","57.69","57.65","0.23K","0.00%"
"04/10/2019","57.68","57.67","57.69","57.57","229.03K","5.85%"
"04/09/2019","54.49","55.38","55.40","55.38","0.20K","0.00%"
"04/08/2019","54.49","53.08","59.23","53.08","0.73K","-6.58%"
"04/07/2019","58.33","59.82","59.82","58.30","0.65K","0.52%"
"04/04/2019","58.03","57.69","59.23","57.69","68.55K","0.59%"
"04/03/2019","57.69","55.38","55.38","55.38","0.06K","0.00%"
"04/02/2019","57.69","57.69","57.69","57.69","21.93K","-0.19%"
"04/01/2019","57.80","59.03","59.03","59.03","0.01K","0.00%"
"03/31/2019","57.80","57.68","59.23","57.68","1.66K","5.19%"
"03/28/2019","54.95","53.46","57.68","53.46","2.60K","4.01%"
"03/27/2019","52.83","52.53","53.00","52.53","1.00K","0.27%"
"03/26/2019","52.69","54.60","54.60","54.60","0.01K","0.00%"
"03/24/2019","52.69","52.38","52.69","52.38","0.88K","-0.70%"
"03/21/2019","53.06","53.07","53.76","52.30","29.52K","1.14%"
"03/20/2019","52.46","53.76","53.76","52.30","0.08K","0.00%"
"03/19/2019","52.46","53.83","53.83","52.30","4.43K","-2.56%"
"03/18/2019","53.84","52.88","54.61","51.83","4.42M","6.61%"
"03/17/2019","50.50","50.77","52.96","50.07","1.74K","2.08%"
"03/14/2019","49.47","54.60","54.60","49.23","20.76K","-9.40%"
"03/12/2019","54.60","55.37","55.38","53.07","229.17K","-1.41%"
"03/11/2019","55.38","55.38","55.38","55.37","44.20K","-1.39%"
"03/10/2019","56.16","57.68","57.68","56.15","26.28K","4.12%"
"03/07/2019","53.94","54.61","54.61","53.93","13.00K","-9.98%"
"03/05/2019","59.92","59.03","59.03","59.03","0.04K","0.00%"
"03/04/2019","59.92","59.14","59.14","59.14","0.01K","0.00%"
"02/28/2019","59.92","67.46","67.46","59.91","9.20K","9.16%"
"02/27/2019","54.89","57.83","57.84","54.76","85.99K","-3.11%"
"02/26/2019","56.65","58.30","58.30","58.00","0.00K","0.00%"
"02/25/2019","56.65","57.22","57.84","57.22","0.01K","0.00%"
"02/24/2019","56.65","57.84","57.84","56.61","3.63K","-0.98%"
"02/20/2019","57.21","57.22","57.22","56.61","5.38K","0.02%"
"02/19/2019","57.20","57.21","57.22","56.31","46.60K","-0.49%"
"02/18/2019","57.48","57.48","57.48","57.46","1.38K","0.00%"
"02/17/2019","57.48","57.53","57.53","57.23","30.88K","-0.09%"
"02/14/2019","57.53","57.53","57.53","57.46","4.95K","0.00%"
"02/13/2019","57.53","57.85","57.85","56.36","221.70K","-1.02%"
"02/11/2019","58.12","57.53","58.15","57.43","25.21K","-0.46%"
"02/10/2019","58.39","57.84","57.84","57.84","0.02K","0.00%"
"02/05/2019","58.39","58.45","58.45","58.30","0.61K","0.14%"
"02/04/2019","58.31","58.46","58.46","55.38","247.74K","-0.26%"
"02/03/2019","58.46","58.46","58.46","58.11","0.01K","0.00%"
"01/31/2019","58.46","58.46","58.46","58.46","0.81K","0.00%"
"01/30/2019","58.46","58.46","58.46","58.46","9.94K","0.00%"
"01/29/2019","58.46","58.46","58.46","58.46","22.35K","-3.94%"
"01/28/2019","60.86","60.92","60.92","60.00","4.47K","1.43%"
"01/27/2019","60.00","60.04","60.04","60.00","5.20K","0.02%"
"01/22/2019","59.99","58.46","60.00","58.46","16.33K","-1.53%"
"01/20/2019","60.92","60.92","60.92","60.92","2.93K","3.13%"
"01/17/2019","59.07","59.07","59.07","58.52","145.30K","0.00%"
"01/16/2019","59.07","59.07","59.07","59.07","326.07K","-0.52%"
"01/15/2019","59.38","59.69","59.69","59.37","406.77K","-0.42%"
"01/14/2019","59.63","59.63","59.63","59.63","325.03K","0.00%"
"01/13/2019","59.63","59.63","59.69","59.63","412.10K","-0.05%"
"01/10/2019","59.66","59.68","59.68","59.63","260.18K","-0.05%"
"01/09/2019","59.69","64.49","64.49","59.63","326.80K","0.00%"
"01/08/2019","59.69","60.31","60.31","59.68","340.45K","-0.07%"
"01/03/2019","59.73","65.63","65.63","59.69","0.90K","-8.99%"
"12/31/2018","65.63","64.60","65.66","64.60","0.76K","9.95%"
"12/25/2018","59.69","60.30","60.30","59.69","349.40K","-2.99%"
"12/23/2018","61.53","61.53","61.53","61.53","1.63K","0.62%"
"12/20/2018","61.15","61.53","61.53","60.92","5.35K","1.41%"
"12/18/2018","60.30","60.92","60.92","60.30","342.01K","-1.02%"
"12/17/2018","60.92","60.92","60.98","60.92","410.70K","-1.02%"
"12/16/2018","61.55","62.15","62.15","61.53","166.54K","-0.97%"
"12/12/2018","62.15","62.15","62.15","62.15","2.30K","-1.46%"
"12/10/2018","63.07","63.07","63.07","63.07","487.54K","0.00%"
"12/06/2018","63.07","63.38","63.38","62.76","1.63K","-1.44%"
"12/03/2018","63.99","63.99","63.99","63.99","113.85K","0.00%"
"11/28/2018","63.99","63.99","63.99","63.99","8.17K","-0.31%"
"11/27/2018","64.19","63.99","68.29","63.99","0.50K","0.31%"
"11/25/2018","63.99","63.99","63.99","63.99","48.75K","-0.96%"
"11/21/2018","64.61","64.61","64.61","64.61","122.00K","-1.85%"
"11/19/2018","65.83","65.84","65.84","65.83","0.80K","-0.02%"
"11/14/2018","65.84","65.84","65.84","65.84","203.14K","0.00%"
"11/13/2018","65.84","65.84","65.84","65.84","158.75K","-1.83%"
"11/12/2018","67.07","67.07","70.15","65.54","50.02K","0.00%"
"11/11/2018","67.07","67.69","67.69","67.69","0.16K","0.00%"
"11/06/2018","67.07","67.07","67.69","67.07","35.61K","-0.92%"
"11/04/2018","67.69","64.65","64.65","64.65","0.11K","0.00%"
"11/01/2018","67.69","64.64","64.64","64.64","0.07K","0.00%"
"10/31/2018","67.69","67.69","67.69","64.61","549.63K","0.00%"
"10/28/2018","67.69","67.69","67.69","64.61","0.02K","0.00%"
"10/23/2018","67.69","67.69","67.69","67.68","128.55K","0.00%"
"10/22/2018","67.69","67.69","67.69","67.69","405.17K","0.00%"
"10/15/2018","67.69","67.69","67.69","67.69","7.52K","0.00%"
"10/14/2018","67.69","67.69","67.69","67.69","436.65K","0.00%"
"10/11/2018","67.69","67.69","67.69","67.69","0.49K","0.00%"
"10/10/2018","67.69","67.69","67.69","67.69","2.00K","0.03%"
"10/09/2018","67.67","67.69","67.69","64.91","404.40K","-0.94%"
"10/08/2018","68.31","68.92","71.38","67.69","330.00K","0.66%"
"10/04/2018","67.86","67.99","67.99","67.69","2.93K","-1.54%"
"10/02/2018","68.92","69.53","69.53","68.92","341.42K","-0.88%"
"10/01/2018","69.53","69.53","69.53","69.53","457.22K","0.38%"
"09/27/2018","69.27","67.69","71.38","67.69","174.78K","0.51%"
"09/26/2018","68.92","68.92","68.92","68.92","163.08K","2.74%"
"09/25/2018","67.08","67.07","71.38","66.94","885.65K","0.21%"
"09/19/2018","66.94","69.23","69.23","66.15","246.83K","-4.58%"
"09/18/2018","70.15","70.15","70.15","69.23","47.55K","0.00%"
"09/17/2018","70.15","68.92","70.46","68.92","331.60K","-0.44%"
"09/16/2018","70.46","69.53","69.53","68.92","0.28K","0.00%"
"09/13/2018","70.46","70.46","70.76","70.46","62.81K","-0.41%"
"09/12/2018","70.75","70.46","70.76","69.53","82.95K","-0.01%"
"09/10/2018","70.76","70.76","70.76","70.76","60.94K","-1.12%"
"09/06/2018","71.56","69.53","71.69","69.07","5.09K","2.01%"
"09/05/2018","70.15","70.15","70.15","70.15","5.39K","-2.16%"
"09/04/2018","71.70","70.64","72.61","70.52","55.28K","-1.96%"
"09/03/2018","73.13","73.22","73.22","69.04","4.00K","-0.11%"
"09/02/2018","73.21","73.21","73.21","73.21","4.45K","-0.01%"
"08/30/2018","73.22","73.22","73.22","73.22","4.88K","0.04%"
"08/28/2018","73.19","73.19","73.19","73.19","24.38K","0.00%"
"08/26/2018","73.19","73.84","73.84","73.84","0.08K","0.00%"
"08/14/2018","73.19","73.21","73.21","73.14","276.77K","-0.03%"
"08/13/2018","73.21","73.84","73.84","72.61","1.00K","-2.69%"
"08/09/2018","75.23","75.21","75.69","75.21","1.87K","-0.71%"
"08/05/2018","75.77","83.07","83.07","76.30","0.04K","0.00%"
"08/02/2018","75.77","76.91","76.91","68.71","5.54K","-0.68%"
"07/30/2018","76.29","76.30","76.30","76.23","78.72K","-0.95%"
"07/29/2018","77.02","76.90","76.90","76.90","0.16K","0.00%"
"07/26/2018","77.02","77.53","77.53","76.92","206.18K","-1.03%"
"07/22/2018","77.82","76.30","79.22","76.30","0.14K","0.00%"
"07/17/2018","77.82","79.37","79.37","77.77","127.26K","-2.59%"
"07/11/2018","79.89","79.87","79.89","79.87","2.66K","-0.05%"
"07/10/2018","79.93","79.95","79.95","79.65","1.54K","-0.25%"
"07/09/2018","80.13","80.00","81.22","75.69","27.63K","-3.53%"
"07/08/2018","83.06","87.99","87.99","87.99","0.07K","0.00%"
"07/05/2018","83.06","83.69","83.69","78.76","0.32K","0.00%"
"06/28/2018","83.06","81.16","83.07","81.16","4.88K","6.21%"
"06/25/2018","78.20","81.81","88.30","76.98","0.80K","-2.76%"
"06/21/2018","80.42","76.98","81.10","76.98","1.95K","3.73%"
"06/20/2018","77.53","77.53","77.53","76.92","41.49K","-4.39%"
"06/14/2018","81.09","77.56","81.75","76.92","12.45K","-0.82%"
"06/06/2018","81.76","81.76","81.76","81.76","10.56K","0.00%"
"06/05/2018","81.76","77.54","81.84","77.54","32.87K","-0.10%"
"06/03/2018","81.84","76.93","76.93","76.92","0.33K","0.00%"
"05/31/2018","81.84","81.84","81.84","81.84","1.63K","4.72%"
"05/30/2018","78.15","78.15","78.15","78.15","1.63K","-0.79%"
"05/29/2018","78.77","78.78","78.78","78.76","4.69K","0.60%"
"05/27/2018","78.30","79.99","79.99","77.54","0.57K","-2.11%"
"05/23/2018","79.99","79.99","79.99","79.99","4.88K","0.00%"
"05/21/2018","79.99","79.99","82.95","79.99","0.20K","0.00%"
"05/20/2018","79.99","80.30","80.30","79.99","32.76K","-0.01%"
"05/16/2018","80.00","80.00","80.00","80.00","0.49K","-4.05%"
"05/14/2018","83.38","80.41","80.41","80.41","0.08K","0.00%"
"05/10/2018","83.38","83.38","83.38","83.38","0.73K","-0.14%"
"05/09/2018","83.50","83.69","83.69","83.38","0.81K","-2.17%"
"05/08/2018","85.35","85.65","85.65","85.22","173.08K","-0.35%"
"05/07/2018","85.65","86.15","86.15","85.56","2.88K","-0.50%"
"05/06/2018","86.08","85.53","85.53","85.53","0.04K","0.00%"
"05/03/2018","86.08","85.24","85.24","85.24","0.00K","0.00%"
"05/02/2018","86.08","85.25","86.15","85.25","111.04K","1.37%"
"04/30/2018","84.92","86.15","86.15","86.15","0.42K","0.00%"
"04/26/2018","84.92","84.92","84.92","84.92","26.10K","0.75%"
"04/23/2018","84.29","84.61","84.61","84.15","1.79K","0.17%"
"04/22/2018","84.15","86.76","86.76","83.07","0.81K","-3.63%"
"04/19/2018","87.32","87.07","87.37","87.07","69.88K","-0.06%"
"04/17/2018","87.37","87.38","87.38","87.06","226.76K","-4.08%"
"04/16/2018","91.09","90.14","91.68","86.15","3.80K","1.55%"
"04/15/2018","89.70","90.60","90.60","84.92","1.03K","-0.95%"
"04/12/2018","90.56","88.76","91.07","88.76","0.81K","8.39%"
"04/10/2018","83.55","79.38","91.07","79.38","1.33K","-3.04%"
"04/05/2018","86.17","86.76","86.79","86.15","70.75K","0.01%"
"04/04/2018","86.16","87.07","87.07","86.15","266.82K","-3.42%"
"04/03/2018","89.21","89.22","89.22","89.07","4.58K","2.81%"
"04/02/2018","86.77","86.80","87.07","86.76","12.71K","-2.76%"
"04/01/2018","89.23","86.30","91.01","86.30","6.90K","0.01%"
"03/29/2018","89.22","86.76","91.38","86.76","210.31K","2.84%"
"03/28/2018","86.76","86.76","86.77","86.76","18.69K","0.00%"
"03/27/2018","86.76","85.56","85.56","85.56","0.05K","0.00%"
"03/26/2018","86.76","86.76","86.76","86.76","260.06K","-0.01%"
"03/25/2018","86.77","91.53","91.53","84.61","52.61K","-0.41%"
"03/22/2018","87.13","86.15","89.22","86.15","90.49K","-0.64%"
"03/21/2018","87.69","88.95","89.22","86.15","6.06K","-1.39%"
"03/20/2018","88.93","91.67","91.67","88.60","11.54K","-0.35%"
"03/19/2018","89.24","89.84","89.84","86.58","11.05K","-0.02%"
"03/15/2018","89.26","89.84","89.84","89.84","0.12K","0.00%"
"03/14/2018","89.26","92.29","92.29","89.22","180.07K","-3.29%"
"03/13/2018","92.30","92.30","92.36","92.29","340.83K","0.00%"
"03/12/2018","92.30","89.85","93.84","89.84","72.97K","7.39%"
"03/08/2018","85.95","84.92","88.61","84.92","2.42K","1.21%"
"03/07/2018","84.92","84.92","84.92","84.92","43.29K","0.00%"
"03/06/2018","84.92","84.92","84.92","84.92","70.69K","0.00%"
"03/05/2018","84.92","86.09","86.09","84.92","81.27K","-1.38%"
"03/01/2018","86.11","87.38","87.38","83.84","8.80K","1.40%"
"02/28/2018","84.92","88.60","88.60","84.92","162.53K","0.00%"
"02/27/2018","84.92","85.81","85.81","85.81","0.16K","0.00%"
"02/26/2018","84.92","84.92","84.92","84.85","1.37M","0.00%"
"02/25/2018","84.92","84.92","84.92","84.92","2.44K","-1.54%"
"02/22/2018","86.25","88.61","88.61","85.53","44.29K","-2.66%"
"02/21/2018","88.61","88.61","88.61","88.61","0.02K","0.00%"
"02/20/2018","88.61","86.21","89.53","86.21","122.26K","0.00%"
"02/19/2018","88.61","89.84","89.84","88.61","13.78K","-0.68%"
"02/18/2018","89.22","89.84","89.84","88.61","24.98K","-0.68%"
"02/15/2018","89.83","89.81","89.84","89.81","54.64K","0.75%"
"02/14/2018","89.16","89.84","89.84","88.61","37.22K","-0.76%"
"02/11/2018","89.84","89.84","89.84","89.83","63.57K","-0.01%"
"02/08/2018","89.85","89.84","91.06","89.84","28.65K","-2.00%"
"02/07/2018","91.68","91.68","91.68","91.68","0.49K","2.05%"
"02/06/2018","89.84","89.24","91.07","89.24","77.24K","0.00%"
"02/05/2018","89.84","91.68","92.30","89.84","777.31K","0.60%"
"02/01/2018","89.30","89.22","92.28","89.22","8.85K","0.45%"
"01/30/2018","88.90","92.30","92.30","92.30","0.16K","0.00%"
"01/29/2018","88.90","88.61","88.92","88.61","7.06K","-2.51%"
"01/28/2018","91.19","91.19","91.19","91.19","6.58K","0.00%"
"01/24/2018","91.19","89.22","92.30","89.22","1.71K","2.54%"
"01/23/2018","88.93","88.92","89.22","88.92","86.38K","0.36%"
"01/22/2018","88.61","88.61","89.22","88.61","206.02K","-0.40%"
"01/21/2018","88.97","89.22","89.22","88.61","84.51K","-0.63%"
"01/18/2018","89.53","89.53","89.53","89.53","3.90K","0.58%"
"01/17/2018","89.01","88.61","89.22","88.61","24.80K","0.45%"
"01/16/2018","88.61","88.61","88.61","88.61","1.14K","2.16%"
"01/15/2018","86.74","84.82","86.77","84.82","275.30K","4.42%"
"01/14/2018","83.07","83.08","83.08","83.07","0.65K","-8.49%"
"01/11/2018","90.78","84.30","91.68","84.30","1.57K","6.14%"
"01/10/2018","85.53","85.53","85.53","85.53","5.88K","-3.56%"
"01/09/2018","88.69","88.00","92.29","86.76","0.65K","-3.90%"
"01/08/2018","92.29","92.29","92.30","92.29","43.81K","0.00%"
"01/04/2018","92.29","92.30","92.30","92.29","3.88K","-0.01%"
"01/03/2018","92.30","92.30","92.30","92.30","178.99K","0.42%"
"01/02/2018","91.91","94.15","94.15","86.15","0.87K","-2.38%"
"12/31/2017","94.15","94.15","94.15","94.15","0.57K","9.30%"
"12/28/2017","86.14","83.07","86.15","83.07","227.85K","3.70%"
"12/27/2017","83.07","83.07","83.07","83.07","7.27K","0.00%"
"12/26/2017","83.07","83.07","83.08","83.07","75.77K","2.28%"
"12/21/2017","81.22","81.23","81.23","81.22","5.07K","0.12%"
"12/20/2017","81.12","82.45","82.45","80.00","23.64K","1.41%"
"12/19/2017","79.99","79.99","79.99","79.99","2.33K","0.77%"
"12/18/2017","79.38","79.38","82.45","79.38","296.20K","3.20%"
"12/17/2017","76.92","76.92","76.92","76.92","1.79K","0.00%"
"12/14/2017","76.92","76.92","76.92","76.92","3.74K","0.00%"
"12/12/2017","76.92","76.92","76.92","76.92","2.11K","0.00%"
"12/07/2017","76.92","76.92","76.92","76.86","308.07K","0.00%"
"12/06/2017","76.92","76.30","76.92","76.30","423.76K","3.28%"
"12/05/2017","74.48","74.46","74.48","74.46","111.33K","0.03%"
"12/04/2017","74.46","74.46","74.46","74.46","44.04K","0.00%"
"11/29/2017","74.46","74.46","74.46","74.46","61.76K","-2.01%"
"11/28/2017","75.99","75.07","76.30","75.07","44.77K","2.83%"
"11/27/2017","73.90","76.29","76.91","73.84","5.45K","1.59%"
"11/26/2017","72.74","74.46","74.46","72.61","19.60K","-3.90%"
"11/23/2017","75.69","75.69","75.69","75.69","51.88K","-1.20%"
"11/21/2017","76.61","76.92","76.92","76.61","33.46K","0.00%"
"11/20/2017","76.61","76.61","76.61","76.60","472.63K","-0.40%"
"11/19/2017","76.92","76.92","76.92","75.07","47.96K","0.00%"
"11/16/2017","76.92","76.92","76.92","76.92","6.29K","0.00%"
"11/15/2017","76.92","76.92","76.92","76.92","49.62K","0.00%"
"11/14/2017","76.92","76.92","76.92","76.92","41.12K","0.00%"
"11/13/2017","76.92","76.92","76.92","76.92","29.30K","0.00%"
"11/12/2017","76.92","76.92","76.92","76.92","81.26K","-3.12%"
"11/09/2017","79.40","78.15","79.99","78.15","4.67K","1.60%"
"11/08/2017","78.15","78.15","78.15","78.15","82.84K","1.10%"
"11/07/2017","77.30","78.62","78.62","76.92","7.18K","-1.68%"
"11/06/2017","78.62","80.61","80.61","80.61","0.11K","0.00%"
"11/05/2017","78.62","80.61","80.61","80.61","0.00K","0.00%"
"11/02/2017","78.62","78.62","78.62","77.53","26.74K","0.00%"
"11/01/2017","78.62","78.62","78.62","78.62","18.53K","0.00%"
"10/31/2017","78.62","76.92","79.99","76.92","7.30K","2.21%"
"10/29/2017","76.92","76.92","76.92","76.92","169.01K","0.77%"
"10/26/2017","76.33","75.07","76.92","75.07","2.37K","3.43%"
"10/25/2017","73.80","74.46","74.46","73.84","0.04K","0.00%"
"10/24/2017","73.80","73.22","73.84","73.22","53.03K","0.79%"
"10/22/2017","73.22","73.22","73.22","73.22","4.00K","-1.68%"
"10/19/2017","74.47","72.61","76.92","72.61","32.86K","3.44%"
"10/18/2017","71.99","73.85","73.85","71.99","3.99M","-2.91%"
"10/16/2017","74.15","74.46","74.46","74.15","233.15K","0.07%"
"10/15/2017","74.10","73.85","74.15","73.85","0.26K","-3.95%"
"10/12/2017","77.15","76.55","77.84","76.55","14.42K","1.97%"
"10/11/2017","75.66","76.30","76.30","75.07","3.41K","1.43%"
"10/10/2017","74.59","75.69","75.69","73.84","6.09K","1.02%"
"10/09/2017","73.84","73.84","73.84","73.84","82.68K","-3.22%"
"10/04/2017","76.30","76.30","76.30","76.30","23.11K","-0.66%"
"10/02/2017","76.81","76.30","76.92","76.30","41.74K","0.67%"
"10/01/2017","76.30","76.30","76.30","76.30","12.09K","-0.26%"
"09/28/2017","76.50","73.84","76.92","73.84","106.85K","2.97%"
"09/27/2017","74.29","73.84","76.92","73.84","323.50K","0.61%"
"09/26/2017","73.84","73.84","73.84","73.84","30.35K","0.68%"
"09/25/2017","73.34","73.84","73.84","73.22","3.59K","-6.88%"
"09/20/2017","78.76","78.76","78.76","78.76","0.81K","9.80%"
"09/19/2017","71.73","71.76","73.84","71.38","35.84K","1.03%"
"09/18/2017","71.00","71.76","71.76","70.76","437.86K","-3.03%"
"09/14/2017","73.22","71.08","71.08","71.08","0.41K","0.00%"
"09/13/2017","73.22","73.22","73.22","73.22","56.88K","-0.27%"
"09/12/2017","73.42","75.09","75.09","73.22","114.38K","-2.18%"
"09/11/2017","75.06","74.46","82.45","74.46","0.17K","0.00%"
"09/10/2017","75.06","74.46","75.08","74.46","0.93K","-4.70%"
"09/07/2017","78.76","78.76","78.76","78.76","176.95K","-3.60%"
"09/06/2017","81.70","86.15","86.15","86.15","0.00K","0.00%"
"09/05/2017","81.70","79.99","81.84","79.99","16.25K","-0.37%"
"08/29/2017","82.00","81.84","82.45","81.22","107.53K","-2.01%"
"08/23/2017","83.68","83.62","83.69","83.62","40.63K","0.07%"
"08/22/2017","83.62","83.67","83.67","83.07","4.25K","-0.08%"
"08/21/2017","83.69","82.15","82.15","82.15","0.23K","0.00%"
"08/20/2017","83.69","85.53","85.53","83.69","1.38K","0.00%"
"08/16/2017","83.69","83.69","83.69","83.69","65.01K","0.75%"
"08/14/2017","83.07","83.07","83.07","83.07","3.09K","-0.74%"
"08/13/2017","83.69","83.69","83.69","83.69","106.88K","0.06%"
"08/10/2017","83.64","83.84","83.84","83.22","42.46K","-2.04%"
"08/09/2017","85.38","86.15","86.15","84.91","1.07K","-0.18%"
"08/07/2017","85.53","85.53","85.53","85.53","0.41K","2.20%"
"08/06/2017","83.69","83.69","83.69","83.69","11.38K","0.12%"
"08/03/2017","83.59","83.22","83.69","83.22","37.80K","0.63%"
"08/02/2017","83.07","83.08","83.08","83.06","18.69K","-0.91%"
"08/01/2017","83.83","84.30","85.10","83.07","3.98K","3.99%"
"07/31/2017","80.61","79.99","86.15","79.99","30.56K","-1.16%"
"07/30/2017","81.56","82.45","82.45","81.22","1.93K","2.85%"
"07/27/2017","79.30","78.76","79.38","78.76","1.23K","3.31%"
"07/26/2017","76.76","76.59","76.92","76.59","2.28K","3.70%"
"07/25/2017","74.02","74.15","74.15","73.84","1.34K","2.48%"
"07/20/2017","72.23","71.26","73.22","71.26","31.42K","1.80%"
"07/19/2017","70.95","70.95","70.95","70.95","4.47K","-0.07%"
"07/18/2017","71.00","70.76","71.08","70.76","36.51K","2.75%"
"07/16/2017","69.10","69.10","69.10","69.10","10.29K","0.00%"
"07/13/2017","69.10","69.07","69.66","69.07","17.64K","0.26%"
"07/12/2017","68.92","68.92","68.92","68.92","4.11K","-0.04%"
"07/11/2017","68.95","70.76","70.76","68.92","19.83K","0.04%"
"07/10/2017","68.92","68.92","68.92","68.92","0.33K","0.00%"
"07/04/2017","68.92","68.92","68.92","68.92","325.03K","1.34%"
"07/03/2017","68.01","68.01","70.76","68.01","158.83K","0.00%"
"07/02/2017","68.01","67.69","68.01","67.69","161.62K","0.00%"
"06/28/2017","68.01","68.30","68.30","67.99","48.54K","-0.19%"
"06/22/2017","68.14","68.30","68.30","68.30","0.16K","0.00%"
"06/21/2017","68.14","66.15","68.92","66.15","26.11K","3.02%"
"06/20/2017","66.14","63.75","63.75","63.75","0.49K","0.00%"
"06/15/2017","66.14","65.84","66.15","65.84","3.60K","1.36%"
"06/14/2017","65.25","65.26","65.26","65.23","21.79K","0.97%"
"06/13/2017","64.62","64.62","64.92","64.62","18.58K","0.25%"
"06/12/2017","64.46","63.69","64.61","63.69","10.05K","-0.23%"
"06/11/2017","64.61","63.44","63.44","63.44","0.09K","0.00%"
"06/08/2017","64.61","64.61","64.61","64.61","2.44K","0.11%"
"06/07/2017","64.54","63.99","64.61","63.99","10.45K","0.99%"
"06/06/2017","63.91","63.66","63.69","63.66","0.52K","0.00%"
"06/04/2017","63.91","63.69","63.99","63.69","11.01K","-0.13%"
"06/01/2017","63.99","63.99","63.99","63.68","566.09K","0.00%"
"05/30/2017","63.99","62.76","63.99","62.76","114.90K","0.00%"
"05/29/2017","63.99","68.30","68.30","63.99","27.90K","0.31%"
"05/25/2017","63.79","62.76","63.99","62.76","245.38K","0.69%"
"05/24/2017","63.35","62.76","63.44","62.76","3.98K","-1.92%"
"05/18/2017","64.59","62.76","64.61","62.76","8.86K","0.94%"
"05/17/2017","63.99","63.99","63.99","63.99","1.63K","0.96%"
"05/16/2017","63.38","63.38","63.39","63.38","30.88K","-0.03%"
"05/15/2017","63.40","63.38","63.41","63.38","2.44K","0.03%"
"05/14/2017","63.38","63.38","63.38","63.38","1.09K","-0.86%"
"05/11/2017","63.93","64.30","64.30","64.30","0.04K","0.00%"
"05/10/2017","63.93","61.84","63.99","61.84","2.51K","-6.40%"
"05/09/2017","68.30","67.67","67.67","67.67","0.12K","0.00%"
"05/08/2017","68.30","67.68","67.68","67.68","0.08K","0.00%"
"05/07/2017","68.30","67.69","67.69","67.69","0.16K","0.00%"
"05/04/2017","68.30","68.30","68.30","68.30","15.85K","-0.01%"
"04/27/2017","68.31","68.31","68.31","68.31","34.45K","0.00%"
"04/26/2017","68.31","68.31","68.92","68.31","1.70M","0.00%"
"04/24/2017","68.31","68.30","68.31","68.30","1.27M","0.01%"
"04/23/2017","68.30","68.30","68.30","68.30","0.42K","0.00%"
"04/20/2017","68.30","68.30","68.30","68.30","1.30K","-0.01%"
"04/19/2017","68.31","68.30","69.74","68.30","2.13K","0.01%"
"04/18/2017","68.30","68.30","68.30","68.30","1.43M","0.04%"
"04/13/2017","68.27","70.76","71.36","67.69","5.69K","1.79%"
"04/12/2017","67.07","67.07","67.07","67.07","1.09K","2.63%"
"04/11/2017","65.35","65.54","65.54","65.23","0.80K","0.17%"
"04/09/2017","65.24","65.53","71.32","65.53","0.16K","0.00%"
"04/06/2017","65.24","65.23","65.84","65.23","6.82K","-0.81%"
"04/05/2017","65.77","66.45","66.45","66.45","0.49K","0.00%"
"04/04/2017","65.77","65.23","65.23","65.23","0.00K","0.00%"
"04/03/2017","65.77","65.23","66.45","65.23","1.64K","0.83%"
"03/30/2017","65.23","64.61","65.23","64.61","315.12K","0.26%"
"03/29/2017","65.06","66.46","66.46","64.55","0.21K","0.00%"
"03/28/2017","65.06","65.23","65.23","59.07","16.81K","-0.18%"
"03/27/2017","65.18","66.46","66.46","64.61","1.17K","-0.08%"
"03/26/2017","65.23","65.23","65.23","65.23","2.15M","0.00%"
"03/23/2017","65.23","65.23","65.23","65.23","8.13K","0.96%"
"03/21/2017","64.61","64.61","64.62","64.61","8.26K","0.00%"
"03/20/2017","64.61","64.61","64.61","64.61","12.51K","-2.64%"
"03/19/2017","66.36","66.27","66.46","66.27","1.06K","2.69%"
"03/16/2017","64.62","64.61","66.36","64.61","6.53K","-0.45%"
"03/15/2017","64.91","64.91","66.39","64.91","1.95M","0.00%"
"03/13/2017","64.91","64.87","65.23","64.86","164.32K","0.06%"
"03/12/2017","64.87","64.87","64.87","64.87","67.30K","0.00%"
"03/09/2017","64.87","62.76","62.76","62.76","0.05K","0.00%"
"03/07/2017","64.87","64.61","65.35","64.61","1.25K","0.46%"
"03/06/2017","64.57","64.57","65.84","64.57","1.32M","0.00%"
"03/05/2017","64.57","63.07","63.07","63.07","0.05K","0.00%"
"03/02/2017","64.57","63.99","64.61","63.99","13.02K","1.89%"
"03/01/2017","63.37","62.76","63.38","62.76","23.11K","1.00%"
"02/28/2017","62.74","63.38","63.38","63.38","0.02K","0.00%"
"02/23/2017","62.74","62.76","63.38","61.53","26.58K","-0.03%"
"02/22/2017","62.76","62.76","62.76","62.76","14.79K","0.00%"
"02/21/2017","62.76","62.76","62.76","62.76","25.19K","2.00%"
"02/20/2017","61.53","61.53","61.53","61.53","0.94K","-1.82%"
"02/19/2017","62.67","56.44","56.44","56.44","0.05K","0.00%"
"02/16/2017","62.67","56.01","63.84","56.01","3.58K","1.80%"
"02/15/2017","61.56","61.53","61.56","61.53","27.06K","-0.42%"
"02/14/2017","61.82","62.76","63.38","58.46","6.21K","0.47%"
"02/13/2017","61.53","60.92","61.55","60.92","80.35K","-0.03%"
"02/09/2017","61.55","61.55","61.55","61.53","75.80K","0.03%"
"02/08/2017","61.53","61.53","61.54","61.53","576.95K","0.16%"
"02/07/2017","61.43","60.32","61.84","60.32","6.29K","1.84%"
"02/06/2017","60.32","60.92","60.92","60.92","0.16K","0.00%"
"02/02/2017","60.32","60.63","60.92","60.30","5.04K","-0.10%"
"02/01/2017","60.38","56.61","60.63","56.61","307.95K","9.54%"
"01/31/2017","55.12","54.76","55.38","54.76","2.04K","-0.38%"
"01/30/2017","55.33","55.23","55.38","55.23","28.03K","6.61%"
"01/24/2017","51.90","51.69","51.69","51.69","0.33K","0.00%"
"01/23/2017","51.90","51.69","52.30","51.69","0.49K","0.41%"
"01/19/2017","51.69","51.69","52.30","51.69","28.34K","0.00%"
"01/18/2017","51.69","51.69","51.75","51.69","99.81K","0.00%"
"01/17/2017","51.69","51.69","51.70","51.69","24.48K","-0.04%"
"01/15/2017","51.71","51.69","52.30","51.69","4.05K","-6.63%"
"01/11/2017","55.38","55.38","55.38","55.38","25.11K","0.56%"
"01/10/2017","55.07","55.07","55.07","55.07","153.65K","-0.54%"
"01/09/2017","55.37","54.76","55.38","54.76","162.51K","-0.02%"
"01/08/2017","55.38","55.38","55.38","55.04","422.79K","3.01%"
"01/05/2017","53.76","52.30","55.38","52.30","185.71K","-0.11%"
"01/02/2017","53.82","53.53","53.84","53.53","8.28K","-0.04%"
"12/29/2016","53.84","53.84","53.84","53.84","1.63K","6.85%"
"12/28/2016","50.39","49.23","50.40","49.23","57.72K","1.10%"
"12/27/2016","49.84","49.84","49.84","49.84","9.11K","0.91%"
"12/26/2016","49.39","49.22","49.84","49.22","9.22K","7.72%"
"12/25/2016","45.85","45.85","45.85","45.84","0.49K","-9.97%"
"12/22/2016","50.93","51.07","51.07","49.23","169.79K","-1.15%"
"12/21/2016","51.52","51.07","52.30","51.07","17.69K","-0.33%"
"12/19/2016","51.69","51.75","51.75","51.69","56.91K","-1.17%"
"12/15/2016","52.30","52.30","52.30","52.30","176.60K","0.00%"
"12/14/2016","52.30","52.30","52.61","52.30","17.53K","-0.02%"
"12/13/2016","52.31","52.31","53.53","52.30","348.38K","1.00%"
"12/12/2016","51.79","49.23","52.30","47.38","4.87K","-0.98%"
"12/08/2016","52.30","52.30","52.30","52.30","75.34K","-2.32%"
"12/07/2016","53.54","55.07","55.07","53.53","97.95K","-3.32%"
"12/04/2016","55.38","55.38","55.38","55.32","209.66K","-0.02%"
"12/01/2016","55.39","55.38","60.30","55.37","396.32K","-0.25%"
"11/29/2016","55.53","55.53","55.53","55.53","1.63K","0.25%"
"11/28/2016","55.39","54.76","55.40","54.76","72.60K","-0.02%"
"11/27/2016","55.40","55.53","55.53","55.38","35.37K","0.02%"
"11/24/2016","55.39","54.64","55.47","54.64","19.37K","1.71%"
"11/23/2016","54.46","54.46","54.64","54.46","5.54K","0.57%"
"11/22/2016","54.15","54.15","54.15","54.15","21.85K","3.32%"
"11/21/2016","52.41","52.30","54.69","52.30","1.57K","0.15%"
"11/20/2016","52.33","52.33","52.33","52.33","0.89K","-3.06%"
"11/17/2016","53.98","53.53","54.46","53.53","64.78K","0.86%"
"11/16/2016","53.52","53.53","53.53","52.92","65.21K","0.06%"
"11/15/2016","53.49","52.92","53.53","52.92","8.72K","0.53%"
"11/14/2016","53.21","52.92","53.53","52.92","77.29K","0.55%"
"11/13/2016","52.92","52.91","53.07","52.91","35.75K","1.57%"
"11/10/2016","52.10","51.08","52.30","51.07","58.45K","1.58%"
"11/09/2016","51.29","49.23","52.30","49.23","70.43K","4.65%"
"11/08/2016","49.01","47.38","49.87","47.38","134.71K","5.88%"
"11/07/2016","46.29","46.15","46.46","46.15","115.81K","0.46%"
"11/06/2016","46.08","45.53","46.15","45.53","85.98K","1.21%"
"11/03/2016","45.53","46.14","46.15","43.07","2.56K","5.71%"
"11/02/2016","43.07","43.07","43.07","43.07","0.33K","0.00%"
"11/01/2016","43.07","43.07","43.07","43.07","98.47K","-2.27%"
"10/31/2016","44.07","44.00","44.92","43.07","25.53K","5.28%"
"10/30/2016","41.86","43.38","43.38","43.38","0.16K","0.00%"
"10/27/2016","41.86","41.84","43.07","41.84","0.28K","0.00%"
"10/26/2016","41.86","41.85","41.86","41.85","3.99K","0.05%"
"10/25/2016","41.84","41.84","41.87","41.84","37.07K","0.00%"
"10/24/2016","41.84","41.84","41.84","41.84","4.88K","-2.33%"
"10/23/2016","42.84","41.84","41.84","41.84","0.16K","0.00%"
"10/20/2016","42.84","43.01","43.07","42.46","29.71K","-0.53%"
"10/17/2016","43.07","43.07","43.07","43.07","153.56K","0.00%"
"10/16/2016","43.07","43.07","43.07","43.07","174.39K","-0.37%"
"10/13/2016","43.23","43.69","43.69","39.47","51.02K","-1.05%"
"10/12/2016","43.69","43.69","43.69","43.63","8.14K","1.39%"
"10/11/2016","43.09","43.07","43.09","43.07","20.71K","0.05%"
"10/10/2016","43.07","43.07","43.07","43.07","0.24K","0.00%"
"10/09/2016","43.07","43.07","43.07","43.07","311.03K","0.00%"
"10/05/2016","43.07","43.07","43.08","43.07","617.77K","0.00%"
"10/04/2016","43.07","43.07","43.07","43.07","464.15K","0.89%"
"09/29/2016","42.69","43.07","43.07","41.32","14.67K","1.31%"
"09/28/2016","42.14","42.46","42.46","41.85","3.41K","0.69%"
"09/27/2016","41.85","41.84","41.90","41.84","1.19K","-2.83%"
"09/25/2016","43.07","43.07","43.07","43.07","10.40K","-2.78%"
"09/21/2016","44.30","44.30","44.30","44.30","11.09K","-0.65%"
"09/20/2016","44.59","44.61","44.61","44.30","10.89K","-0.73%"
"09/14/2016","44.92","44.92","44.92","44.92","252.22K","0.13%"
"09/08/2016","44.86","44.86","44.86","44.61","101.97K","0.11%"
"09/07/2016","44.81","44.61","44.92","44.61","17.91K","0.16%"
"09/05/2016","44.74","43.69","44.92","43.69","212.34K","2.40%"
"09/01/2016","43.69","43.69","43.69","43.69","1.63K","1.44%"
"08/31/2016","43.07","43.07","43.07","43.07","10.30K","-0.05%"
"08/30/2016","43.09","43.07","43.69","43.07","60.03K","0.19%"
"08/29/2016","43.01","41.26","43.07","38.86","13.36K","-0.14%"
"08/28/2016","43.07","43.07","43.07","43.07","81.26K","0.00%"
"08/25/2016","43.07","43.07","43.07","43.07","0.24K","0.00%"
"08/23/2016","43.07","43.07","43.07","43.07","608.88K","1.44%"
"08/22/2016","42.46","42.46","43.07","42.46","55.12K","0.00%"
"08/18/2016","42.46","42.46","43.07","42.46","157.00K","1.48%"
"08/17/2016","41.84","41.84","41.84","41.84","0.33K","-1.46%"
"08/16/2016","42.46","42.46","42.46","42.46","87.76K","1.48%"
"08/15/2016","41.84","41.84","41.85","41.84","17.79K","0.00%"
"08/11/2016","41.84","41.84","41.84","41.84","1.41K","0.24%"
"08/10/2016","41.74","41.84","41.84","41.26","3.18K","0.41%"
"08/09/2016","41.57","41.84","41.84","41.26","0.46K","0.82%"
"08/08/2016","41.23","41.23","41.23","41.23","1.46M","-0.05%"
"08/07/2016","41.25","41.84","41.84","41.23","9.05K","-1.60%"
"08/04/2016","41.92","41.23","42.15","41.23","10.80K","-0.52%"
"08/03/2016","42.14","42.15","42.15","41.84","8.53K","-0.02%"
"08/01/2016","42.15","42.18","42.18","42.14","296.46K","-4.14%"
"07/31/2016","43.97","44.24","44.92","41.55","8.29K","4.32%"
"07/28/2016","42.15","42.15","42.15","40.62","612.89K","-0.07%"
"07/27/2016","42.18","43.07","43.07","41.84","23.28K","-2.11%"
"07/25/2016","43.09","43.69","43.69","43.07","17.03K","0.02%"
"07/24/2016","43.08","43.08","43.08","43.07","12.19K","-2.75%"
"07/21/2016","44.30","44.30","44.30","44.30","48.75K","-1.29%"
"07/20/2016","44.88","44.92","44.92","44.33","8.13K","-1.75%"
"07/19/2016","45.68","44.92","46.13","44.92","1.30K","-1.02%"
"07/18/2016","46.15","46.15","46.15","46.15","46.36K","-3.55%"
"07/14/2016","47.85","46.15","46.15","46.15","0.16K","0.00%"
"06/29/2016","47.85","46.76","48.00","43.09","11.56K","6.52%"
"06/28/2016","44.92","44.92","44.92","44.92","227.41K","0.00%"
"06/23/2016","44.92","43.07","44.92","43.07","0.05K","0.00%"
"06/22/2016","44.92","44.92","44.92","44.92","208.02K","0.00%"
"06/21/2016","44.92","44.92","44.92","44.92","17.85K","0.00%"
"06/20/2016","44.92","44.92","44.92","43.38","264.64K","-3.96%"
"06/13/2016","46.77","43.08","46.15","43.08","0.20K","0.00%"
"06/12/2016","46.77","46.77","46.77","46.77","21.91K","0.00%"
"06/07/2016","46.77","46.77","46.77","46.77","314.11K","1.34%"
"06/06/2016","46.15","46.15","46.15","46.15","0.89K","-1.33%"
"06/01/2016","46.77","46.16","46.80","46.15","142.14K","-0.02%"
"05/31/2016","46.78","47.38","47.38","46.77","39.10K","-2.42%"
"05/30/2016","47.94","47.38","48.00","47.38","1.79K","3.10%"
"05/29/2016","46.50","46.14","47.07","46.14","40.02K","3.40%"
"05/26/2016","44.97","44.89","45.53","44.89","4.88K","2.74%"
"05/25/2016","43.77","42.46","45.29","42.46","11.85K","-2.54%"
"05/24/2016","44.91","42.46","42.46","42.46","0.20K","0.00%"
"05/22/2016","44.91","44.91","44.91","44.91","0.90K","8.93%"
"05/19/2016","41.23","41.23","41.23","41.23","39.88K","0.02%"
"05/18/2016","41.22","40.00","41.23","40.00","246.99K","-2.97%"
"05/17/2016","42.48","41.17","45.37","38.53","8.21K","2.98%"
"05/12/2016","41.25","40.61","41.84","40.61","0.78K","2.97%"
"05/11/2016","40.06","40.00","40.61","40.00","9.50K","-0.62%"
"05/09/2016","40.31","40.18","40.32","40.18","56.61K","-0.27%"
"05/05/2016","40.42","40.43","40.43","40.30","42.26K","0.30%"
"05/04/2016","40.30","40.30","40.30","40.30","88.11K","-0.79%"
"05/03/2016","40.62","41.78","41.78","40.61","9.33K","-0.95%"
"04/28/2016","41.01","39.69","41.84","39.69","13.18K","7.81%"
"04/27/2016","38.04","38.15","38.15","36.92","2.28K","-4.97%"
"04/26/2016","40.03","41.84","41.84","40.12","0.16K","0.00%"
"04/24/2016","40.03","40.00","40.10","39.38","5.36K","-3.22%"
"04/21/2016","41.36","42.15","42.15","41.23","2.84K","0.93%"
"04/20/2016","40.98","40.61","41.54","40.61","37.10K","0.91%"
"04/19/2016","40.61","40.00","40.62","40.00","6.33K","1.53%"
"04/18/2016","40.00","40.00","40.00","40.00","8.13K","0.81%"
"04/17/2016","39.68","39.69","39.69","39.57","3.42K","0.89%"
"04/14/2016","39.33","38.15","39.38","38.15","23.88K","3.15%"
"04/13/2016","38.13","37.54","38.15","35.08","81.74K","0.74%"
"04/12/2016","37.85","37.84","37.85","37.84","30.64K","0.03%"
"04/11/2016","37.84","37.51","37.84","37.51","65.18K","0.88%"
"04/10/2016","37.51","35.38","37.54","34.30","59.65K","1.60%"
"04/07/2016","36.92","36.92","36.92","36.92","85.83K","0.00%"
"04/06/2016","36.92","36.92","36.92","36.30","29.38K","0.00%"
"04/05/2016","36.92","36.92","36.92","36.92","148.71K","0.00%"
"04/04/2016","36.92","36.61","36.92","36.61","217.77K","0.00%"
"03/31/2016","36.92","36.92","36.92","36.92","1.63K","0.00%"
"03/28/2016","36.92","36.92","36.92","36.92","1.63K","0.11%"
"03/24/2016","36.88","36.30","36.91","36.30","0.69K","-0.08%"
"03/23/2016","36.91","36.61","36.92","36.61","2.72K","1.79%"
"03/21/2016","36.26","36.26","36.30","36.26","117.01K","0.00%"
"03/20/2016","36.26","35.69","35.69","35.69","0.03K","0.00%"
"03/17/2016","36.26","36.00","36.91","35.08","60.32K","-1.49%"
"03/16/2016","36.81","34.61","36.91","34.46","33.37K","-0.27%"
"03/15/2016","36.91","36.92","36.92","36.67","25.63K","-1.55%"
"03/14/2016","37.49","36.92","38.77","36.92","20.86K","3.88%"
"03/13/2016","36.09","36.91","36.91","35.69","27.80K","-2.25%"
"03/09/2016","36.92","36.92","36.92","36.92","1.06K","-3.22%"
"03/08/2016","38.15","37.84","38.46","37.84","32.93K","-0.81%"
"03/03/2016","38.46","38.46","38.46","38.46","0.01K","0.00%"
"03/02/2016","38.46","38.46","38.46","38.46","38.68K","0.00%"
"03/01/2016","38.46","38.46","38.46","38.46","112.38K","-0.16%"
"02/29/2016","38.52","40.00","40.00","38.46","228.10K","-3.70%"
"02/23/2016","40.00","40.00","40.00","40.00","4.16K","-2.79%"
"02/22/2016","41.15","36.92","41.23","36.30","465.33K","2.90%"
"02/09/2016","39.99","39.99","39.99","39.99","0.81K","-0.02%"
"02/04/2016","40.00","40.00","40.00","40.00","92.13K","0.00%"
"02/03/2016","40.00","40.00","40.00","40.00","12.19K","0.13%"
"02/02/2016","39.95","39.99","40.00","39.38","47.35K","-0.12%"
"02/01/2016","40.00","40.00","40.00","40.00","235.40K","-1.50%"
"01/28/2016","40.61","40.61","40.61","40.61","2.19K","3.12%"
"01/26/2016","39.38","39.38","39.38","39.38","29.25K","-3.39%"
"01/20/2016","40.76","42.46","42.46","38.26","59.82K","-4.00%"
"01/19/2016","42.46","42.46","42.46","42.46","10.55K","0.00%"
"01/18/2016","42.46","40.00","40.00","40.00","0.09K","0.00%"
"01/17/2016","42.46","42.46","42.46","42.46","81.40K","-3.50%"
"01/13/2016","44.00","43.68","43.68","40.00","0.23K","0.00%"
"01/11/2016","44.00","42.77","42.77","42.77","0.11K","0.00%"
"01/10/2016","44.00","46.15","46.15","42.77","0.44K","2.16%"
"01/06/2016","43.07","43.07","43.07","43.07","5.04K","0.00%"
"01/05/2016","43.07","43.08","43.08","43.07","16.83K","-0.71%"
"01/04/2016","43.38","43.38","43.38","43.38","0.53K","0.00%"
"01/03/2016","43.38","43.38","43.38","43.37","57.49K","-1.34%"
"12/31/2015","43.97","43.07","44.30","43.07","35.12K","2.09%"
"12/30/2015","43.07","43.08","44.92","43.07","130.89K","0.02%"
"12/29/2015","43.06","42.77","43.07","42.77","123.02K","0.00%"
"12/28/2015","43.06","43.07","43.07","42.92","96.82K","-0.02%"
"12/27/2015","43.07","43.07","43.08","43.07","10.94K","1.44%"
"12/24/2015","42.46","42.46","42.46","42.46","61.76K","2.98%"
"12/22/2015","41.23","41.23","41.23","41.23","32.50K","3.49%"
"12/21/2015","39.84","39.84","39.84","39.82","0.40K","-3.35%"
"12/17/2015","41.22","41.20","41.23","41.20","4.07K","3.99%"
"12/14/2015","39.64","39.65","39.72","39.60","343.55K","-0.90%"
"12/13/2015","40.00","40.00","40.06","40.00","0.95K","0.00%"
"12/10/2015","40.00","40.00","40.00","40.00","0.50K","-2.98%"
"12/09/2015","41.23","41.23","41.23","41.22","11.88K","-1.46%"
"12/07/2015","41.84","38.92","42.46","38.77","175.38K","-0.38%"
"12/03/2015","42.00","43.07","43.07","41.84","89.20K","-2.48%"
"12/02/2015","43.07","43.07","43.07","43.07","36.57K","2.94%"
"12/01/2015","41.84","41.84","44.00","41.84","356.55K","0.00%"
"11/30/2015","41.84","41.84","41.84","41.84","31.09K","-5.55%"
"11/24/2015","44.30","44.30","44.30","44.30","9.79K","0.00%"
"11/23/2015","44.30","43.69","44.30","43.69","25.71K","-3.53%"
"11/19/2015","45.92","45.23","46.08","45.23","41.28K","1.75%"
"11/18/2015","45.13","45.53","45.53","44.30","88.56K","-0.88%"
"11/17/2015","45.53","45.53","45.53","45.53","0.27K","-1.19%"
"11/16/2015","46.08","43.84","46.08","43.84","127.39K","5.93%"
"11/15/2015","43.50","43.50","43.50","43.50","1.81K","-9.64%"
"11/12/2015","48.14","48.15","48.15","48.00","46.52K","-0.29%"
"11/11/2015","48.28","48.28","48.28","48.28","49.89K","0.00%"
"11/09/2015","48.28","45.10","45.10","45.10","0.18K","0.00%"
"11/05/2015","48.28","47.38","48.29","47.38","20.79K","-0.02%"
"11/03/2015","48.29","47.07","49.22","47.07","95.88K","2.59%"
"10/28/2015","47.07","47.07","47.07","47.07","8.21K","-2.12%"
"10/27/2015","48.09","48.61","48.61","47.69","55.12K","-1.07%"
"10/22/2015","48.61","48.61","48.61","48.61","40.80K","0.00%"
"10/21/2015","48.61","48.61","48.61","48.57","49.05K","0.00%"
"10/20/2015","48.61","48.61","48.61","48.61","17.33K","0.00%"
"10/19/2015","48.61","48.61","48.61","48.61","49.02K","0.00%"
"10/18/2015","48.61","48.00","48.00","48.00","0.09K","0.00%"
"10/15/2015","48.61","48.61","48.61","48.61","8.75K","0.00%"
"10/13/2015","48.61","48.61","48.61","48.61","4.98K","0.00%"
"10/11/2015","48.61","48.61","48.61","48.61","14.63K","0.00%"
"10/08/2015","48.61","48.61","48.61","48.00","661.68K","0.00%"
"10/04/2015","48.61","48.61","48.61","48.30","46.15K","-0.02%"
"10/01/2015","48.62","49.81","49.81","49.81","0.16K","0.00%"
"09/30/2015","48.62","49.84","49.84","48.61","24.54K","0.02%"
"09/29/2015","48.61","48.61","48.61","48.61","17.55K","0.00%"
"09/28/2015","48.61","48.61","48.61","48.00","154.36K","0.00%"
"09/22/2015","48.61","48.61","48.61","48.61","0.16K","0.00%"
"09/21/2015","48.61","48.61","48.61","48.61","8.29K","0.00%"
"09/20/2015","48.61","48.61","48.61","48.61","1.06K","-2.47%"
"09/16/2015","49.84","49.84","49.84","49.84","48.75K","0.63%"
"09/15/2015","49.53","48.61","50.46","48.61","0.34K","-0.62%"
"09/14/2015","49.84","49.84","49.84","49.84","59.93K","-1.21%"
"09/10/2015","50.45","50.45","50.45","50.45","4.41K","0.00%"
"09/09/2015","50.45","50.46","50.46","48.06","57.22K","1.37%"
"09/08/2015","49.77","49.90","49.90","49.23","79.53K","0.00%"
"09/07/2015","49.77","50.75","50.75","49.26","0.56K","-1.37%"
"09/06/2015","50.46","50.46","50.46","50.46","4.06K","0.00%"
"09/03/2015","50.46","50.46","50.46","50.46","67.24K","-0.02%"
"09/02/2015","50.47","50.77","50.77","50.21","129.77K","0.02%"
"09/01/2015","50.46","50.46","50.46","50.46","175.70K","1.49%"
"08/31/2015","49.72","49.84","49.84","49.84","0.08K","0.00%"
"08/30/2015","49.72","49.72","49.72","49.72","0.33K","-7.12%"
"08/17/2015","53.53","53.53","53.53","52.92","24.33K","1.23%"
"08/16/2015","52.88","51.84","53.53","49.63","2.57K","-2.54%"
"08/13/2015","54.26","54.15","54.46","54.15","10.25K","0.17%"
"08/12/2015","54.17","54.12","54.61","54.12","86.84K","0.61%"
"08/11/2015","53.84","53.84","53.84","53.84","145.45K","0.28%"
"08/10/2015","53.69","53.69","53.69","53.69","49.89K","0.28%"
"08/05/2015","53.54","53.53","53.54","53.53","58.48K","0.02%"
"08/04/2015","53.53","53.53","53.53","53.53","1.79K","1.21%"
"07/30/2015","52.89","52.92","52.92","50.00","33.56K","-0.04%"
"07/29/2015","52.91","52.91","52.91","52.91","0.77K","1.01%"
"07/28/2015","52.38","52.30","52.92","52.30","8.00K","1.33%"
"07/27/2015","51.69","51.69","51.69","51.69","5.24K","0.08%"
"07/21/2015","51.65","51.65","52.00","51.65","58.28K","0.00%"
"07/16/2015","51.65","49.87","52.30","49.87","1.53K","1.73%"
"07/14/2015","50.77","50.77","50.77","50.77","11.93K","1.68%"
"07/13/2015","49.93","49.93","49.93","49.93","0.81K","-2.82%"
"07/09/2015","51.38","51.07","52.30","51.07","43.36K","0.55%"
"07/07/2015","51.10","51.07","51.23","51.07","2.31K","-2.26%"
"06/29/2015","52.28","51.69","52.30","51.69","25.76K","3.24%"
"06/25/2015","50.64","50.46","51.08","50.46","34.06K","-0.43%"
"06/24/2015","50.86","50.77","51.07","50.77","55.36K","0.79%"
"06/23/2015","50.46","50.49","50.49","50.46","608.33K","0.00%"
"06/22/2015","50.46","50.46","50.46","50.46","51.51K","0.00%"
"06/17/2015","50.46","50.46","50.46","50.46","0.24K","-0.45%"
"06/11/2015","50.69","49.94","51.07","49.93","0.78K","0.46%"
"06/10/2015","50.46","50.46","50.46","50.46","3.96K","0.00%"
"06/08/2015","50.46","49.32","49.32","49.32","0.16K","0.00%"
"06/07/2015","50.46","49.38","49.38","49.38","0.04K","0.00%"
"06/03/2015","50.46","50.46","50.95","50.46","17.73K","-0.36%"
"06/02/2015","50.64","49.84","51.99","49.84","1.78K","1.61%"
"06/01/2015","49.84","49.84","50.40","49.84","162.62K","1.24%"
"05/31/2015","49.23","49.23","49.23","49.23","107.33K","0.00%"
"05/28/2015","49.23","49.23","49.29","49.23","288.44K","0.00%"
"05/27/2015","49.23","49.29","49.29","49.23","153.36K","0.00%"
"05/26/2015","49.23","49.29","49.29","49.29","0.18K","0.00%"
"05/25/2015","49.23","49.23","49.23","49.23","2.75K","-2.44%"
"05/20/2015","50.46","50.46","50.46","50.46","47.02K","-0.45%"
"05/19/2015","50.69","49.29","50.77","49.29","59.14K","-0.16%"
"05/18/2015","50.77","50.77","50.77","50.77","0.36K","0.00%"
"05/14/2015","50.77","50.77","50.77","50.77","0.74K","-1.89%"
"05/12/2015","51.75","50.70","53.23","50.70","19.17K","5.12%"
"05/07/2015","49.23","49.23","49.84","49.23","94.75K","0.00%"
"05/06/2015","49.23","49.24","49.24","49.23","94.01K","-0.32%"
"05/05/2015","49.39","49.84","49.84","49.23","1.95K","-0.90%"
"05/04/2015","49.84","49.23","51.26","49.23","79.04K","1.34%"
"05/03/2015","49.18","48.92","49.24","48.92","0.50K","-0.71%"
"04/30/2015","49.53","48.00","49.84","48.00","7.51K","1.89%"
"04/29/2015","48.61","48.61","48.61","48.61","1.79K","-1.36%"
"04/28/2015","49.28","49.29","49.29","49.23","0.29K","-3.50%"
"04/26/2015","51.07","51.07","51.07","51.07","0.47K","0.00%"
"04/23/2015","51.07","51.07","51.07","51.07","66.24K","1.81%"
"04/22/2015","50.16","50.15","52.12","50.15","107.87K","0.02%"
"04/21/2015","50.15","50.15","50.15","50.15","4.30K","0.60%"
"04/19/2015","49.85","49.87","49.87","49.87","0.06K","0.00%"
"04/16/2015","49.85","49.97","49.97","49.84","32.12K","0.02%"
"04/15/2015","49.84","49.84","49.97","49.84","4.30K","-0.02%"
"04/14/2015","49.85","49.97","49.97","49.97","0.19K","0.00%"
"04/09/2015","49.85","49.85","49.85","49.85","0.38K","-0.89%"
"04/08/2015","50.30","50.32","50.32","48.61","49.19K","-0.04%"
"04/07/2015","50.32","50.40","50.40","50.30","27.38K","-0.10%"
"04/06/2015","50.37","50.30","50.45","50.30","0.30K","-0.18%"
"04/05/2015","50.46","50.46","50.46","50.46","112.42K","0.40%"
"03/31/2015","50.26","50.28","50.46","49.84","9.75K","-0.04%"
"03/30/2015","50.28","50.29","50.29","49.25","8.22K","-0.02%"
"03/26/2015","50.29","49.45","52.30","49.45","6.46K","-0.34%"
"03/25/2015","50.46","50.46","50.46","50.46","0.52K","0.62%"
"03/24/2015","50.15","50.46","50.46","50.15","29.55K","-2.75%"
"03/23/2015","51.57","47.38","47.38","47.38","0.05K","0.00%"
"03/19/2015","51.57","50.61","52.28","47.08","25.55K","-1.40%"
"03/18/2015","52.30","52.28","52.28","52.28","0.00K","0.00%"
"03/12/2015","52.30","52.30","52.30","52.30","12.17K","0.00%"
"03/11/2015","52.30","52.30","52.30","52.30","28.46K","0.04%"
"03/10/2015","52.28","52.30","52.30","50.61","34.64K","-0.04%"
"03/09/2015","52.30","52.24","52.30","52.24","40.74K","1.87%"
"03/08/2015","51.34","49.84","52.27","49.84","1.63K","-0.68%"
"03/05/2015","51.69","51.69","51.69","51.69","32.55K","1.21%"
"03/04/2015","51.07","51.07","51.07","51.07","15.20K","-0.02%"
"03/03/2015","51.08","51.07","51.08","51.07","16.25K","0.02%"
"03/02/2015","51.07","51.07","51.07","51.07","81.26K","3.11%"
"02/25/2015","49.53","49.53","49.65","49.53","71.66K","-0.44%"
"02/24/2015","49.75","49.84","49.84","49.65","49.80K","0.20%"
"02/23/2015","49.65","44.92","44.92","44.92","0.02K","0.00%"
"02/22/2015","49.65","48.00","48.00","48.00","0.00K","0.00%"
"02/17/2015","49.65","46.77","46.77","46.77","0.13K","0.00%"
"02/15/2015","49.65","52.30","52.30","49.23","3.58K","2.14%"
"02/12/2015","48.61","48.61","48.61","48.61","91.64K","0.00%"
"02/05/2015","48.61","47.69","47.69","47.69","0.09K","0.00%"
"02/04/2015","48.61","48.61","48.61","47.69","155.24K","0.00%"
"02/03/2015","48.61","48.61","48.61","48.46","57.39K","0.75%"
"02/02/2015","48.25","48.30","48.30","48.00","1.95K","0.52%"
"01/28/2015","48.00","48.00","48.00","46.77","18.33K","0.00%"
"01/27/2015","48.00","48.00","48.00","48.00","0.09K","0.00%"
"01/26/2015","48.00","48.00","48.00","48.00","0.31K","-0.31%"
"01/20/2015","48.15","48.15","48.15","48.15","86.13K","0.31%"
"01/19/2015","48.00","48.00","48.00","48.00","71.29K","-1.03%"
"01/18/2015","48.50","48.61","48.61","47.39","1.79K","1.04%"
"01/15/2015","48.00","48.00","48.00","48.00","33.19K","-2.46%"
"01/14/2015","49.21","47.69","47.69","47.69","0.03K","0.00%"
"01/13/2015","49.21","49.23","49.23","49.17","69.50K","-0.04%"
"01/12/2015","49.23","49.22","49.23","49.22","234.85K","0.04%"
"01/08/2015","49.21","48.62","49.23","48.62","138.70K","0.02%"
"01/06/2015","49.20","48.71","49.23","48.70","84.68K","1.21%"
"01/05/2015","48.61","48.61","48.62","48.61","43.12K","0.00%"
"01/04/2015","48.61","48.61","48.61","48.61","101.54K","0.64%"
"12/31/2014","48.30","48.30","48.30","48.30","119.41K","0.31%"
"12/30/2014","48.15","48.00","48.15","48.00","40.38K","0.31%"
"12/29/2014","48.00","48.00","48.15","48.00","24.26K","0.23%"
"12/25/2014","47.89","46.30","48.01","44.46","8.57K","-0.23%"
"12/24/2014","48.00","48.00","48.00","48.00","65.01K","0.65%"
"12/23/2014","47.69","47.69","47.69","44.92","29.34K","0.65%"
"12/21/2014","47.38","47.38","47.99","47.38","125.35K","0.00%"
"12/18/2014","47.38","47.38","47.41","47.38","206.19K","0.00%"
"12/17/2014","47.38","47.38","47.38","47.38","281.57K","1.30%"
"12/16/2014","46.77","47.26","47.26","46.77","280.71K","0.58%"
"12/15/2014","46.50","46.15","46.77","46.15","18.65K","-1.92%"
"12/11/2014","47.41","47.38","48.92","46.15","162.82K","0.06%"
"12/10/2014","47.38","47.38","47.38","47.38","0.58K","0.57%"
"12/09/2014","47.11","45.84","47.11","45.84","162.70K","0.00%"
"12/08/2014","47.11","46.15","46.77","46.15","0.03K","0.00%"
"12/07/2014","47.11","44.92","48.59","44.92","2.21K","1.29%"
"12/04/2014","46.51","46.51","46.77","46.51","8.17K","0.00%"
"12/03/2014","46.51","45.53","47.38","45.53","53.96K","3.54%"
"12/02/2014","44.92","44.92","44.92","44.92","18.28K","0.81%"
"12/01/2014","44.56","44.30","44.92","44.30","7.95K","-0.04%"
"11/27/2014","44.58","44.30","44.92","44.30","0.36K","0.38%"
"11/25/2014","44.41","44.55","44.55","44.30","0.39K","0.14%"
"11/24/2014","44.35","44.30","44.61","44.30","33.33K","0.20%"
"11/23/2014","44.26","43.69","44.29","43.69","3.41K","-0.07%"
"11/20/2014","44.29","43.69","44.30","43.69","16.63K","1.30%"
"11/19/2014","43.72","43.72","43.72","43.69","46.32K","0.07%"
"11/18/2014","43.69","43.69","43.69","43.69","113.18K","0.00%"
"11/17/2014","43.69","43.69","43.69","43.69","82.84K","0.00%"
"11/16/2014","43.69","43.69","43.69","43.69","1.63K","0.00%"
"11/13/2014","43.69","43.69","43.69","43.69","28.17K","0.00%"
"11/12/2014","43.69","43.69","43.69","43.69","249.77K","1.02%"
"11/11/2014","43.25","43.07","43.69","43.07","394.42K","0.42%"
"11/10/2014","43.07","43.07","43.63","43.07","196.84K","-0.19%"
"11/06/2014","43.15","43.26","43.38","43.07","16.90K","-2.20%"
"11/04/2014","44.12","44.12","44.12","44.12","0.23K","2.44%"
"11/03/2014","43.07","41.84","43.07","41.84","172.10K","1.51%"
"10/30/2014","42.43","41.87","42.46","41.87","3.10K","1.26%"
"10/29/2014","41.90","41.84","42.15","41.84","169.80K","1.70%"
"10/28/2014","41.20","41.20","41.20","41.20","120.24K","0.00%"
"10/23/2014","41.20","41.20","41.23","40.00","339.73K","2.31%"
"10/22/2014","40.27","43.01","43.01","38.83","0.35K","0.68%"
"10/21/2014","40.00","40.00","40.00","40.00","0.26K","0.00%"
"10/19/2014","40.00","40.00","40.03","40.00","14.16K","0.08%"
"10/16/2014","39.97","39.97","39.97","39.97","0.16K","0.00%"
"10/14/2014","39.97","38.18","43.07","38.18","0.18K","0.00%"
"10/13/2014","39.97","38.77","40.00","38.77","175.52K","3.02%"
"10/09/2014","38.80","38.77","38.83","38.77","15.57K","0.05%"
"10/08/2014","38.78","38.40","39.07","38.40","76.34K","0.99%"
"10/02/2014","38.40","37.54","38.77","37.54","51.01K","3.53%"
"09/25/2014","37.09","37.07","37.11","36.92","35.68K","-1.96%"
"09/24/2014","37.83","37.93","37.93","37.07","13.93K","-0.26%"
"09/23/2014","37.93","38.00","38.00","37.90","7.20K","-0.63%"
"09/22/2014","38.17","38.15","38.24","38.15","20.15K","-3.83%"
"09/18/2014","39.69","36.93","39.38","36.93","0.22K","0.00%"
"09/17/2014","39.69","39.69","39.69","39.69","24.74K","-0.05%"
"09/16/2014","39.71","39.69","39.75","39.69","305.46K","0.05%"
"09/15/2014","39.69","39.69","39.69","39.69","68.26K","0.00%"
"09/14/2014","39.69","39.69","39.69","39.69","35.38K","0.79%"
"09/11/2014","39.38","39.38","39.38","39.38","50.62K","0.00%"
"09/10/2014","39.38","39.38","39.69","39.38","33.95K","0.05%"
"09/09/2014","39.36","39.27","39.38","39.27","9.26K","0.20%"
"09/08/2014","39.28","38.46","39.38","38.46","12.33K","1.52%"
"09/07/2014","38.69","38.15","39.07","38.15","53.63K","2.25%"
"09/04/2014","37.84","37.84","37.85","37.55","29.66K","1.01%"
"09/03/2014","37.46","37.41","37.54","37.41","4.71K","0.35%"
"09/02/2014","37.33","37.33","37.33","37.33","0.85K","0.05%"
"09/01/2014","37.31","35.71","35.71","35.71","0.08K","0.00%"
"08/27/2014","37.31","36.92","37.54","35.69","82.10K","-1.01%"
"08/26/2014","37.69","38.15","38.46","36.92","0.41K","5.60%"
"08/25/2014","35.69","35.70","35.70","35.69","8.13K","0.42%"
"08/24/2014","35.54","35.70","35.70","35.08","0.91K","-3.76%"
"08/21/2014","36.93","35.69","38.64","35.69","427.82K","5.12%"
"08/20/2014","35.13","35.07","35.26","35.07","13.23K","3.75%"
"08/19/2014","33.86","33.84","34.00","33.84","0.85K","-1.74%"
"08/18/2014","34.46","33.85","34.46","33.85","17.83K","3.39%"
"08/17/2014","33.33","35.07","35.07","32.61","0.67K","-4.96%"
"08/14/2014","35.07","34.61","35.07","34.61","605.20K","3.48%"
"08/13/2014","33.89","33.24","34.46","33.22","1.81K","1.01%"
"08/12/2014","33.55","34.00","34.00","33.38","0.87K","-1.38%"
"08/11/2014","34.02","35.06","35.06","33.24","0.57K","0.53%"
"08/10/2014","33.84","33.84","33.84","33.84","1.63K","-3.48%"
"08/07/2014","35.06","35.07","35.07","35.06","0.53K","8.51%"
"08/06/2014","32.31","32.31","32.31","32.31","0.81K","-4.52%"
"08/05/2014","33.84","33.84","33.84","33.84","3.24K","1.84%"
"08/04/2014","33.23","33.84","33.84","33.23","18.04K","0.00%"
"08/03/2014","33.23","33.84","33.84","33.84","0.17K","0.00%"
"07/31/2014","33.23","33.23","33.23","33.23","229.99K","-1.66%"
"07/24/2014","33.79","33.22","33.84","33.22","72.39K","2.64%"
"07/21/2014","32.92","32.92","32.92","32.92","4.07K","-0.90%"
"07/17/2014","33.22","33.04","33.23","33.04","4.06K","2.82%"
"07/16/2014","32.31","32.63","32.63","32.06","22.87K","-0.92%"
"07/14/2014","32.61","32.00","32.61","32.00","30.18K","0.93%"
"07/13/2014","32.31","32.31","32.31","32.31","0.81K","-0.25%"
"07/10/2014","32.39","32.00","32.61","32.00","13.99K","3.22%"
"07/09/2014","31.38","31.38","31.40","31.38","41.06K","0.03%"
"07/08/2014","31.37","30.46","31.38","30.46","206.64K","1.95%"
"07/07/2014","30.77","30.47","30.47","30.46","0.12K","0.00%"
"07/03/2014","30.77","30.77","30.77","30.77","0.38K","-1.60%"
"07/02/2014","31.27","29.59","29.59","29.59","0.24K","0.00%"
"06/30/2014","31.27","30.77","31.38","30.77","13.98K","2.26%"
"06/29/2014","30.58","29.60","31.23","29.60","0.46K","2.17%"
"06/25/2014","29.93","29.84","31.38","29.84","95.34K","0.30%"
"06/24/2014","29.84","29.84","30.15","29.84","0.30K","0.00%"
"06/19/2014","29.84","29.86","29.86","29.84","26.06K","-0.07%"
"06/18/2014","29.86","30.03","30.15","29.84","82.02K","-1.97%"
"06/16/2014","30.46","30.49","30.49","30.46","4.81K","-0.33%"
"06/15/2014","30.56","30.55","30.55","30.55","0.13K","0.00%"
"06/12/2014","30.56","30.71","30.77","30.46","161.92K","0.33%"
"06/11/2014","30.46","30.46","30.46","30.45","5.53K","0.00%"
"06/10/2014","30.46","30.46","30.46","30.16","7.76K","0.40%"
"06/09/2014","30.34","30.64","30.64","30.34","8.17K","-0.78%"
"06/05/2014","30.58","29.55","30.77","29.54","17.06K","3.52%"
"06/04/2014","29.54","29.54","29.69","29.54","88.89K","3.14%"
"06/03/2014","28.64","28.92","28.92","28.61","18.36K","-3.47%"
"05/29/2014","29.67","28.31","30.76","28.31","3.63K","4.99%"
"05/28/2014","28.26","28.31","28.31","28.31","0.10K","0.00%"
"05/26/2014","28.26","28.92","28.92","28.00","474.21K","-3.32%"
"05/25/2014","29.23","29.69","29.69","28.77","53.28K","-6.37%"
"05/21/2014","31.22","31.31","31.31","30.77","0.98K","5.69%"
"05/20/2014","29.54","29.54","29.54","29.54","434.89K","0.00%"
"05/19/2014","29.54","29.54","29.54","29.54","0.81K","0.96%"
"05/15/2014","29.26","29.26","29.26","29.23","317.78K","0.00%"
"05/14/2014","29.26","29.26","29.26","29.26","52.63K","0.00%"
"05/13/2014","29.26","29.54","29.54","29.23","12.90K","-0.95%"
"05/12/2014","29.54","29.54","29.54","29.54","3.41K","-4.46%"
"05/08/2014","30.92","30.92","31.36","30.92","86.91K","-1.47%"
"05/06/2014","31.38","31.38","31.54","31.38","83.88K","0.00%"
"05/05/2014","31.38","31.38","31.38","31.38","0.80K","0.00%"
"05/04/2014","31.38","31.38","31.38","31.38","301.15K","-0.06%"
"04/30/2014","31.40","31.69","31.69","31.38","24.21K","-0.22%"
"04/29/2014","31.47","32.00","32.00","31.38","34.62K","-3.35%"
"04/27/2014","32.56","32.61","33.23","32.00","16.25K","1.75%"
"04/23/2014","32.00","30.77","32.00","30.77","139.47K","0.00%"
"04/22/2014","32.00","32.00","32.00","32.00","199.01K","4.00%"
"04/17/2014","30.77","30.77","30.77","30.77","5.36K","-3.84%"
"04/16/2014","32.00","32.00","32.00","31.99","395.30K","0.00%"
"04/15/2014","32.00","32.00","32.00","32.00","53.62K","0.03%"
"04/14/2014","31.99","32.00","32.00","30.77","85.63K","-0.03%"
"04/13/2014","32.00","32.00","32.00","32.00","97.51K","0.03%"
"04/10/2014","31.99","31.26","32.00","31.26","298.46K","2.96%"
"04/09/2014","31.07","31.26","31.26","30.77","1.09K","0.97%"
"04/08/2014","30.77","30.77","30.77","30.77","83.54K","0.42%"
"04/07/2014","30.64","30.15","31.32","30.15","8.18K","7.55%"
"04/06/2014","28.49","28.92","28.92","27.71","1.07K","-6.53%"
"04/02/2014","30.48","30.52","30.52","30.46","0.61K","1.06%"
"04/01/2014","30.16","30.15","30.15","30.15","0.10K","0.00%"
"03/31/2014","30.16","30.34","30.34","30.15","2.78K","0.00%"
"03/30/2014","30.16","30.15","30.74","30.15","64.55K","0.00%"
"03/27/2014","30.16","30.15","30.16","30.15","72.22K","1.07%"
"03/23/2014","29.84","29.84","29.84","29.84","0.47K","1.02%"
"03/20/2014","29.54","29.54","30.01","29.54","57.11K","0.00%"
"03/19/2014","29.54","29.54","29.54","29.54","32.76K","0.17%"
"03/18/2014","29.49","29.23","29.54","29.23","103.37K","1.83%"
"03/17/2014","28.96","27.70","28.98","27.70","0.78K","-1.96%"
"03/13/2014","29.54","29.40","29.55","29.40","37.93K","1.06%"
"03/12/2014","29.23","29.23","29.23","29.23","0.85K","0.00%"
"03/11/2014","29.23","29.23","29.23","29.23","24.38K","1.07%"
"03/10/2014","28.92","28.92","28.92","28.92","94.59K","0.00%"
"03/09/2014","28.92","28.92","28.92","28.78","249.27K","0.00%"
"03/06/2014","28.92","28.92","28.92","28.92","22.10K","0.17%"
"03/05/2014","28.87","28.47","29.23","28.47","2.90K","-2.10%"
"03/03/2014","29.49","27.75","27.75","27.75","0.16K","0.00%"
"03/02/2014","29.49","27.70","29.54","27.70","6.53K","-0.17%"
"02/27/2014","29.54","29.54","29.54","29.54","1.87K","3.83%"
"02/26/2014","28.45","28.31","28.49","28.31","0.45K","-3.69%"
"02/24/2014","29.54","29.54","29.69","29.54","36.37K","0.10%"
"02/23/2014","29.51","29.51","29.54","28.49","28.62K","0.00%"
"02/20/2014","29.51","28.31","29.54","28.31","24.06K","-0.10%"
"02/19/2014","29.54","29.97","29.97","29.97","0.33K","0.00%"
"02/18/2014","29.54","29.53","29.54","29.53","31.53K","3.79%"
"02/17/2014","28.46","28.46","28.86","28.31","32.62K","0.42%"
"02/12/2014","28.34","28.61","28.61","28.31","3.25K","2.35%"
"02/10/2014","27.69","29.54","29.54","29.54","0.33K","0.00%"
"02/06/2014","27.69","30.13","30.13","30.13","0.33K","0.00%"
"02/05/2014","27.69","27.69","27.69","27.69","180.39K","0.00%"
"02/04/2014","27.69","27.69","27.69","27.69","81.42K","0.00%"
"02/02/2014","27.69","27.63","27.70","27.63","138.95K","0.04%"
"01/30/2014","27.68","27.07","27.69","27.07","81.26K","2.56%"
"01/29/2014","26.99","27.08","27.08","26.47","2.05K","-0.30%"
"01/28/2014","27.07","27.07","27.08","27.07","82.96K","0.00%"
"01/27/2014","27.07","27.08","27.08","26.77","0.18K","0.00%"
"01/26/2014","27.07","27.07","27.07","27.07","9.65K","0.00%"
"01/23/2014","27.07","27.09","27.38","27.07","15.98K","-0.37%"
"01/22/2014","27.17","26.00","27.20","26.00","19.56K","-0.04%"
"01/21/2014","27.18","26.00","27.38","26.00","26.37K","-0.73%"
"01/20/2014","27.38","27.38","27.39","27.38","23.49K","1.18%"
"01/19/2014","27.06","27.07","27.07","25.95","190.04K","-0.04%"
"01/16/2014","27.07","27.07","27.07","27.07","487.51K","0.00%"
"01/15/2014","27.07","27.07","27.07","27.07","143.53K","0.86%"
"01/14/2014","26.84","26.47","27.07","26.47","42.84K","1.40%"
"01/12/2014","26.47","26.58","26.58","26.58","0.24K","0.00%"
"01/09/2014","26.47","26.60","26.60","26.46","22.32K","0.04%"
"01/06/2014","26.46","26.46","26.46","26.46","17.71K","-0.26%"
"12/31/2013","26.53","26.00","26.67","26.00","3.29K","-0.38%"
"12/26/2013","26.63","26.61","26.74","26.61","12.69K","0.60%"
"12/25/2013","26.47","26.77","26.77","26.46","15.37K","0.04%"
"12/24/2013","26.46","26.46","26.46","26.46","24.38K","1.65%"
"12/23/2013","26.03","26.03","26.03","26.03","1.07K","0.46%"
"12/22/2013","25.91","25.91","25.91","25.91","0.65K","-0.84%"
"12/19/2013","26.13","25.94","26.46","25.94","21.43K","0.42%"
"12/17/2013","26.02","26.02","26.02","26.02","1.67K","-0.04%"
"12/16/2013","26.03","26.00","26.09","26.00","3.53K","0.15%"
"12/15/2013","25.99","26.18","26.18","25.85","0.97K","-3.95%"
"12/11/2013","27.06","26.61","27.07","26.61","68.29K","2.42%"
"12/10/2013","26.42","26.46","26.46","26.21","0.81K","-0.11%"
"12/09/2013","26.45","26.46","26.46","26.46","0.12K","0.00%"
"12/05/2013","26.45","26.46","26.46","26.16","1.77K","-1.20%"
"12/04/2013","26.77","26.77","26.77","26.77","5.80K","0.00%"
"12/02/2013","26.77","26.74","26.77","26.74","75.78K","0.00%"
"12/01/2013","26.77","26.77","26.77","26.77","61.93K","1.06%"
"11/28/2013","26.49","26.51","26.51","26.46","5.85K","0.08%"
"11/27/2013","26.47","26.77","26.77","26.00","67.86K","-0.23%"
"11/26/2013","26.53","26.46","26.46","26.46","0.33K","0.00%"
"11/21/2013","26.53","26.46","26.53","26.46","24.43K","0.00%"
"11/20/2013","26.53","25.85","27.07","25.85","156.74K","0.26%"
"11/19/2013","26.46","26.46","26.46","26.46","378.73K","0.00%"
"11/18/2013","26.46","26.46","26.46","26.46","198.37K","3.60%"
"11/17/2013","25.54","25.54","25.54","25.54","1.63K","-4.59%"
"11/14/2013","26.77","26.77","26.77","26.77","81.26K","1.17%"
"11/10/2013","26.46","26.77","26.77","26.46","45.33K","-1.16%"
"11/07/2013","26.77","26.77","26.77","26.77","348.59K","-0.78%"
"11/06/2013","26.98","26.45","27.07","26.45","5.50K","2.00%"
"11/04/2013","26.45","26.45","26.45","26.45","428.06K","3.28%"
"11/03/2013","25.61","25.60","25.61","25.60","1.87K","-3.07%"
"10/31/2013","26.42","25.84","26.46","25.84","16.11K","2.24%"
"10/30/2013","25.84","25.84","25.84","25.84","162.51K","-1.19%"
"10/29/2013","26.15","26.00","26.15","26.00","15.44K","-1.17%"
"10/28/2013","26.46","26.45","26.46","26.45","52.69K","-1.08%"
"10/21/2013","26.75","26.47","27.07","26.46","123.77K","1.06%"
"10/20/2013","26.47","26.46","26.49","26.46","138.52K","0.04%"
"10/13/2013","26.46","26.46","26.46","26.46","174.05K","0.00%"
"10/10/2013","26.46","26.45","26.46","26.45","243.77K","3.60%"
"10/09/2013","25.54","25.54","25.54","25.54","11.94K","1.27%"
"10/08/2013","25.22","25.17","25.23","25.17","1.75K","-0.04%"
"10/07/2013","25.23","25.22","25.23","25.20","344.37K","1.24%"
"10/03/2013","24.92","24.92","24.92","24.91","93.12K","-1.23%"
"10/01/2013","25.23","25.16","25.23","25.16","81.26K","2.39%"
"09/30/2013","24.64","24.64","24.64","24.61","90.62K","-0.12%"
"09/29/2013","24.67","24.83","24.83","24.64","70.53K","-0.60%"
"09/26/2013","24.82","24.92","24.92","24.80","49.31K","0.20%"
"09/25/2013","24.77","24.77","24.77","24.77","1.63K","-0.48%"
"09/24/2013","24.89","24.77","24.92","24.77","9.75K","-0.28%"
"09/23/2013","24.96","25.17","25.17","24.92","10.28K","-1.03%"
"09/18/2013","25.22","25.22","25.23","25.22","81.26K","0.00%"
"09/17/2013","25.22","25.22","25.22","25.20","126.06K","-0.04%"
"09/16/2013","25.23","25.23","25.23","25.23","89.38K","0.00%"
"09/15/2013","25.23","25.54","25.78","25.23","79.20K","-0.55%"
"09/12/2013","25.37","25.38","25.41","25.23","24.96K","-0.67%"
"09/11/2013","25.54","25.54","25.57","25.53","3.83K","0.00%"
"09/10/2013","25.54","25.54","25.54","25.54","28.72K","0.08%"
"09/05/2013","25.52","25.54","25.54","25.43","11.87K","-0.08%"
"09/04/2013","25.54","25.54","25.54","25.54","12.76K","0.43%"
"09/03/2013","25.43","25.54","25.54","25.29","0.89K","-0.43%"
"09/02/2013","25.54","25.54","25.54","25.54","1.63K","-0.85%"
"08/29/2013","25.76","25.35","25.84","25.23","43.56K","-0.31%"
"08/28/2013","25.84","25.83","25.84","25.83","18.85K","0.70%"
"08/26/2013","25.66","25.66","25.66","25.66","30.88K","1.46%"
"08/25/2013","25.29","25.23","25.30","25.23","2.55K","-2.13%"
"08/22/2013","25.84","25.84","25.84","25.84","33.70K","-2.34%"
"08/21/2013","26.46","26.46","26.46","26.46","90.52K","2.40%"
"08/20/2013","25.84","25.84","25.84","25.84","61.40K","-1.60%"
"08/13/2013","26.26","24.80","25.54","24.80","0.29K","0.00%"
"08/06/2013","26.26","26.27","26.27","26.18","28.30K","0.11%"
"07/31/2013","26.23","26.23","26.23","26.23","19.81K","0.04%"
"07/30/2013","26.22","26.16","26.27","26.16","33.26K","0.96%"
"07/28/2013","25.97","25.97","25.97","25.95","12.19K","0.08%"
"07/25/2013","25.95","24.93","26.46","24.93","0.55K","-0.80%"
"07/24/2013","26.16","25.22","25.22","25.22","0.04K","0.00%"
"07/22/2013","26.16","26.16","26.16","26.16","3.98K","0.00%"
"07/18/2013","26.16","26.16","26.16","26.16","0.26K","0.00%"
"07/11/2013","26.16","26.46","26.46","26.15","32.50K","1.24%"
"07/10/2013","25.84","25.84","25.84","25.84","96.42K","4.87%"
"07/09/2013","24.64","24.62","26.46","24.61","12.02K","0.33%"
"07/08/2013","24.56","24.61","24.61","24.00","51.95K","-0.20%"
"07/07/2013","24.61","24.61","24.61","24.61","0.41K","-8.55%"
"07/02/2013","26.91","27.07","27.07","23.51","99.22K","3.50%"
"06/27/2013","26.00","25.84","26.46","25.84","71.68K","0.62%"
"06/26/2013","25.84","25.84","25.84","25.84","9.75K","0.00%"
"06/25/2013","25.84","25.85","25.85","25.84","6.90K","-1.22%"
"06/24/2013","26.16","26.15","26.46","26.15","5.31K","0.04%"
"06/23/2013","26.15","26.15","26.15","26.15","1.79K","-2.32%"
"06/20/2013","26.77","26.77","26.77","26.77","1.63K","0.79%"
"06/19/2013","26.56","25.43","26.77","25.43","10.96K","-1.88%"
"06/18/2013","27.07","25.29","25.29","25.29","0.00K","0.00%"
"06/16/2013","27.07","27.07","27.07","27.07","0.33K","0.00%"
"06/09/2013","27.07","26.77","27.07","26.77","22.75K","0.00%"
"06/06/2013","27.07","27.07","27.07","27.07","354.54K","1.35%"
"06/05/2013","26.71","26.71","26.71","26.71","0.70K","-1.33%"
"06/04/2013","27.07","27.07","27.08","27.07","33.79K","0.00%"
"06/03/2013","27.07","27.07","27.07","27.07","55.91K","0.00%"
"06/02/2013","27.07","27.07","27.07","27.07","0.65K","1.81%"
"05/30/2013","26.59","26.47","27.07","26.46","80.04K","0.34%"
"05/29/2013","26.50","26.47","27.32","26.46","5.92K","2.47%"
"05/28/2013","25.86","26.03","27.07","26.03","0.26K","0.00%"
"05/26/2013","25.86","25.84","25.86","25.84","0.40K","-1.41%"
"05/23/2013","26.23","26.00","26.77","26.00","0.67K","-0.83%"
"05/22/2013","26.45","26.04","26.46","26.04","4.43K","-0.04%"
"05/21/2013","26.46","26.46","26.47","26.46","1.00K","0.04%"
"05/20/2013","26.45","26.15","26.46","26.15","86.11K","2.36%"
"05/19/2013","25.84","25.84","25.84","25.84","0.33K","0.00%"
"05/15/2013","25.84","25.84","25.84","25.84","57.78K","0.00%"
"05/14/2013","25.84","25.84","25.84","25.84","121.88K","3.69%"
"05/12/2013","24.92","24.93","24.93","24.92","8.94K","0.00%"
"05/02/2013","24.92","24.92","24.92","24.92","2.06K","-3.30%"
"04/30/2013","25.77","25.57","25.84","25.57","0.91K","0.90%"
"04/29/2013","25.54","25.54","25.54","25.54","1.52K","-1.16%"
"04/28/2013","25.84","25.84","25.84","25.84","3.87K","-4.54%"
"04/24/2013","27.07","27.07","27.07","27.07","8.09K","1.01%"
"04/23/2013","26.80","27.04","27.04","26.77","18.96K","1.09%"
"04/22/2013","26.51","26.47","26.77","26.47","1.69K","0.15%"
"04/21/2013","26.47","26.47","26.47","26.46","3.12K","-2.11%"
"04/18/2013","27.04","26.48","27.07","26.48","2.56K","4.12%"
"04/17/2013","25.97","26.21","26.21","26.16","0.15K","0.00%"
"04/16/2013","25.97","26.46","27.07","25.91","2.20K","-2.77%"
"04/15/2013","26.71","26.71","26.71","26.71","4.92K","-0.56%"
"04/14/2013","26.86","26.47","26.47","26.47","0.02K","0.00%"
"04/11/2013","26.86","26.00","27.04","26.00","0.99K","3.67%"
"04/10/2013","25.91","25.91","26.46","25.91","9.76K","-2.15%"
"04/07/2013","26.48","26.58","26.58","26.48","16.25K","0.08%"
"04/04/2013","26.46","26.21","26.21","26.21","0.20K","0.00%"
"04/03/2013","26.46","26.46","26.46","26.46","33.24K","-0.94%"
"03/31/2013","26.71","26.18","26.18","26.18","0.17K","0.00%"
"03/27/2013","26.71","26.74","26.77","26.17","20.37K","-0.22%"
"03/25/2013","26.77","26.74","26.77","26.72","209.15K","0.11%"
"03/24/2013","26.74","26.74","26.74","26.74","16.25K","1.10%"
"03/21/2013","26.45","26.43","26.46","26.43","49.24K","1.11%"
"03/19/2013","26.16","26.16","26.44","26.16","611.31K","0.04%"
"03/18/2013","26.15","26.15","26.15","26.15","40.99K","0.00%"
"03/17/2013","26.15","26.16","26.16","26.15","1.24K","0.00%"
"03/14/2013","26.15","26.15","26.15","26.15","17.88K","0.00%"
"03/11/2013","26.15","26.15","26.15","25.87","100.23K","1.16%"
"03/10/2013","25.85","25.85","25.85","25.84","3.90K","0.04%"
"03/07/2013","25.84","25.84","25.84","25.84","0.78K","0.00%"
"03/06/2013","25.84","25.84","25.84","25.84","0.57K","0.00%"
"03/05/2013","25.84","25.84","25.84","25.84","1.46K","-0.04%"
"03/04/2013","25.85","25.84","25.87","25.84","3.67K","-0.04%"
"03/03/2013","25.86","25.85","25.87","25.84","3.25K","0.08%"
"02/28/2013","25.84","25.84","25.84","25.84","3.91K","0.00%"
"02/27/2013","25.84","25.85","25.85","25.84","7.57K","0.00%"
"02/25/2013","25.84","25.84","25.84","25.84","4.47K","-0.04%"
"02/24/2013","25.85","25.85","25.85","25.85","31.69K","0.04%"
"02/21/2013","25.84","25.84","25.87","25.84","5.43K","0.00%"
"02/20/2013","25.84","25.84","25.84","25.84","2.44K","0.00%"
"02/19/2013","25.84","25.84","25.84","25.84","3.26K","-0.04%"
"02/18/2013","25.85","25.84","25.86","25.84","2.44K","0.04%"
"02/17/2013","25.84","25.14","25.14","25.14","0.08K","0.00%"
"02/14/2013","25.84","25.84","25.91","25.72","48.24K","0.43%"
"02/13/2013","25.73","25.54","25.84","25.54","4.39K","0.55%"
"02/12/2013","25.59","24.92","25.66","24.92","170.01K","1.59%"
"02/11/2013","25.19","25.21","25.21","24.80","26.16K","-0.08%"
"02/10/2013","25.21","25.22","25.23","25.22","0.16K","0.00%"
"02/07/2013","25.21","25.23","25.23","24.62","23.40K","2.15%"
"02/05/2013","24.68","24.62","24.71","24.62","41.62K","0.04%"
"02/04/2013","24.67","24.67","24.67","24.67","1.30K","0.24%"
"02/03/2013","24.61","24.61","24.61","24.61","1.14K","-0.04%"
"01/31/2013","24.62","24.61","24.71","24.61","4.85K","-0.36%"
"01/30/2013","24.71","24.71","24.71","24.71","252.91K","-0.12%"
"01/23/2013","24.74","24.62","24.62","24.62","0.07K","0.00%"
"01/22/2013","24.74","24.74","25.23","24.61","1.45M","0.53%"
"01/21/2013","24.61","24.61","24.61","24.61","13.38K","0.00%"
"01/17/2013","24.61","24.61","24.61","24.61","3.30K","0.00%"
"01/14/2013","24.61","24.61","25.19","24.61","86.95K","0.00%"
"01/13/2013","24.61","24.61","24.61","24.61","115.38K","0.00%"
"01/10/2013","24.61","24.61","24.61","24.61","84.02K","-0.08%"
"01/09/2013","24.63","24.91","24.91","24.61","18.43K","0.08%"
"01/08/2013","24.61","24.61","24.61","24.61","36.32K","0.00%"
"01/06/2013","24.61","24.61","24.61","24.61","0.33K","0.00%"
"01/03/2013","24.61","24.62","24.62","24.61","3.05K","-0.61%"
"01/02/2013","24.76","24.74","24.77","24.74","1.96K","0.61%"
"12/31/2012","24.61","24.61","24.61","24.61","18.04K","0.00%"
"12/30/2012","24.61","24.61","24.61","24.61","366.43K","0.00%"
"12/27/2012","24.61","24.63","24.63","24.61","46.42K","-1.20%"
"12/25/2012","24.91","24.91","24.91","24.91","1.09M","1.22%"
"12/24/2012","24.61","24.61","24.61","24.61","52.00K","0.00%"
"12/23/2012","24.61","24.61","24.61","24.61","112.48K","0.00%"
"12/20/2012","24.61","24.55","24.61","24.55","33.14K","0.00%"
"12/18/2012","24.61","24.60","24.61","24.60","136.48K","0.00%"
"12/17/2012","24.61","24.61","24.61","24.61","26.95K","-0.77%"
"12/13/2012","24.80","24.61","24.89","24.61","6.99K","0.85%"
"12/11/2012","24.59","24.49","24.61","24.49","73.17K","0.41%"
"12/10/2012","24.49","24.47","24.49","24.47","38.61K","1.41%"
"12/09/2012","24.15","24.43","24.43","23.38","11.04K","5.69%"
"12/06/2012","22.85","22.46","23.39","22.15","74.47K","-7.04%"
"12/05/2012","24.58","24.61","24.61","24.00","9.94K","-0.12%"
"12/04/2012","24.61","24.60","24.61","24.60","8.13K","5.26%"
"12/03/2012","23.38","23.38","23.38","23.38","14.87K","-3.83%"
"12/02/2012","24.31","24.31","24.31","24.31","46.55K","0.00%"
"11/29/2012","24.31","24.31","24.31","24.31","0.70K","5.15%"
"11/28/2012","23.12","23.14","23.38","23.14","0.16K","0.00%"
"11/27/2012","23.12","23.22","23.22","23.08","0.60K","9.52%"
"11/26/2012","21.11","20.64","24.58","20.15","10.25K","-5.67%"
"11/25/2012","22.38","22.25","22.77","22.21","1.30K","-9.06%"
"11/21/2012","24.61","24.61","24.61","24.61","567.80K","-0.20%"
"11/20/2012","24.66","24.61","24.92","24.61","9.72K","0.20%"
"11/19/2012","24.61","24.61","24.61","24.00","58.25K","0.00%"
"11/18/2012","24.61","24.61","24.61","24.61","127.33K","0.20%"
"11/14/2012","24.56","24.21","24.61","22.16","31.89K","0.00%"
"11/08/2012","24.56","24.05","24.61","24.00","94.75K","-0.20%"
"11/07/2012","24.61","24.61","24.61","24.61","46.57K","2.07%"
"11/06/2012","24.11","24.07","24.15","24.07","5.69K","0.46%"
"11/05/2012","24.00","24.06","24.06","24.06","0.08K","0.00%"
"11/04/2012","24.00","24.00","24.00","24.00","33.80K","0.00%"
"11/01/2012","24.00","24.06","24.06","24.00","34.13K","-1.60%"
"10/31/2012","24.39","24.16","24.16","24.16","0.30K","0.00%"
"10/30/2012","24.39","24.61","25.23","24.00","8.63K","-0.77%"
"10/29/2012","24.58","24.61","24.61","24.61","0.05K","0.00%"
"10/24/2012","24.58","23.99","24.61","23.99","379.53K","2.46%"
"10/23/2012","23.99","23.65","24.00","23.65","131.81K","2.61%"
"10/22/2012","23.38","23.38","23.39","23.38","0.96K","0.00%"
"10/21/2012","23.38","23.38","23.38","23.38","7.33K","0.21%"
"10/18/2012","23.33","23.38","23.38","22.46","2.66K","-0.21%"
"10/17/2012","23.38","23.38","23.39","23.38","1.56K","-0.04%"
"10/16/2012","23.39","23.29","24.00","23.29","70.68K","3.86%"
"10/15/2012","22.52","22.28","23.38","22.21","12.20K","0.27%"
"10/10/2012","22.46","22.46","22.58","22.46","5.91K","1.40%"
"10/09/2012","22.15","22.18","22.18","21.91","11.62K","-1.56%"
"10/02/2012","22.50","22.52","22.53","22.28","0.75K","-0.53%"
"10/01/2012","22.62","22.61","22.68","22.61","3.15K","-0.26%"
"09/27/2012","22.68","22.46","22.77","22.46","8.11K","0.31%"
"09/26/2012","22.61","22.61","22.61","22.61","18.57K","-0.70%"
"09/25/2012","22.77","22.45","22.77","22.45","58.25K","1.52%"
"09/24/2012","22.43","22.43","22.43","22.43","1.83K","-0.13%"
"09/19/2012","22.46","22.46","22.46","22.46","1.63K","4.27%"
"09/18/2012","21.54","21.54","21.54","21.54","0.62K","0.00%"
"09/17/2012","21.54","21.55","21.55","21.54","32.50K","-1.46%"
"09/13/2012","21.86","21.78","22.37","21.78","4.83K","0.37%"
"09/12/2012","21.78","21.54","21.84","21.54","206.28K","1.11%"
"09/11/2012","21.54","21.35","21.54","21.35","41.74K","0.00%"
"09/10/2012","21.54","21.54","21.54","21.54","40.63K","0.05%"
"09/06/2012","21.53","21.29","21.29","21.29","0.06K","0.00%"
"09/04/2012","21.53","21.23","21.54","21.23","225.30K","1.89%"
"09/03/2012","21.13","21.11","21.17","21.11","0.63K","-1.45%"
"08/30/2012","21.44","21.38","21.44","21.38","146.39K","0.14%"
"08/29/2012","21.41","21.41","21.41","21.38","50.38K","0.80%"
"08/28/2012","21.24","21.23","21.37","21.23","0.85K","3.06%"
"08/27/2012","20.61","20.61","20.61","20.61","0.33K","-3.60%"
"08/26/2012","21.38","20.91","21.41","20.91","76.10K","2.39%"
"08/23/2012","20.88","20.62","20.90","20.62","0.58K","-0.19%"
"08/22/2012","20.92","20.92","20.92","20.92","17.55K","0.00%"
"08/21/2012","20.92","20.92","20.92","20.92","3.58K","0.00%"
"08/16/2012","20.92","20.92","20.92","20.92","16.25K","3.00%"
"08/13/2012","20.31","20.31","20.31","20.31","24.55K","0.00%"
"08/09/2012","20.31","20.31","20.31","20.31","1.63K","-2.92%"
"08/08/2012","20.92","20.60","20.92","19.16","251.86K","1.60%"
"08/06/2012","20.59","20.61","20.61","20.24","1.76K","1.38%"
"08/05/2012","20.31","20.31","20.31","20.31","0.85K","0.00%"
"08/02/2012","20.31","20.31","20.31","20.31","0.16K","0.15%"
"07/31/2012","20.28","20.28","20.28","20.28","0.65K","3.00%"
"07/26/2012","19.69","19.69","19.69","19.69","45.90K","-0.15%"
"07/19/2012","19.72","19.69","20.00","19.38","2.98K","0.20%"
"07/18/2012","19.68","19.68","19.68","19.68","154.34K","0.00%"
"07/16/2012","19.68","19.69","19.69","19.20","8.98K","-0.05%"
"07/15/2012","19.69","19.69","19.69","19.69","1.63K","1.70%"
"07/12/2012","19.36","19.20","19.38","19.08","44.39K","0.41%"
"07/11/2012","19.28","19.68","19.68","19.08","0.53K","0.73%"
"07/09/2012","19.14","19.14","19.14","19.14","0.81K","-1.80%"
"07/08/2012","19.49","19.38","19.69","19.38","0.49K","-1.02%"
"07/05/2012","19.69","19.68","19.69","19.68","6.87K","0.00%"
"07/03/2012","19.69","19.63","19.69","19.63","37.90K","0.00%"
"07/02/2012","19.69","19.69","19.69","19.60","97.05K","0.56%"
"06/28/2012","19.58","19.14","19.69","19.14","24.05K","1.03%"
"06/27/2012","19.38","19.38","19.38","19.38","0.80K","-1.57%"
"06/26/2012","19.69","19.69","19.69","19.69","8.27K","0.10%"
"06/25/2012","19.67","19.08","19.69","19.08","57.45K","3.09%"
"06/24/2012","19.08","19.20","19.20","19.20","0.08K","0.00%"
"06/21/2012","19.08","19.08","19.08","19.08","8.76K","0.00%"
"06/20/2012","19.08","19.08","19.08","19.08","0.49K","-1.40%"
"06/19/2012","19.35","19.08","19.38","19.08","1.95K","2.82%"
"06/18/2012","18.82","19.39","19.39","18.80","1.95K","-0.53%"
"06/14/2012","18.92","18.92","18.92","18.92","1.63K","0.80%"
"06/12/2012","18.77","18.77","18.77","18.77","1.24K","-3.79%"
"06/07/2012","19.51","19.38","19.69","19.38","7.15K","2.25%"
"06/06/2012","19.08","19.08","19.08","19.08","103.93K","3.36%"
"06/04/2012","18.46","19.08","19.08","19.08","0.08K","0.00%"
"06/03/2012","18.46","18.46","18.46","18.46","0.24K","-3.25%"
"05/31/2012","19.08","18.80","19.14","18.80","463.13K","0.00%"
"05/30/2012","19.08","18.74","19.08","18.74","37.30K","2.64%"
"05/29/2012","18.59","18.64","18.64","18.46","5.19K","-2.57%"
"05/28/2012","19.08","19.08","19.08","19.08","9.18K","-9.01%"
"05/27/2012","20.97","20.71","21.23","20.71","22.71K","-1.04%"
"05/24/2012","21.19","21.17","21.23","21.17","2.29K","2.42%"
"05/23/2012","20.69","20.74","20.74","20.68","1.46K","-0.58%"
"05/22/2012","20.81","20.94","20.94","20.51","76.08K","-0.57%"
"05/21/2012","20.93","21.24","21.24","20.92","97.75K","0.05%"
"05/20/2012","20.92","20.93","20.93","20.92","37.84K","-1.51%"
"05/17/2012","21.24","21.23","21.53","21.23","2.04K","1.53%"
"05/14/2012","20.92","20.92","20.92","20.92","4.98K","0.00%"
"05/13/2012","20.92","20.92","20.92","20.92","12.35K","0.00%"
"05/10/2012","20.92","20.92","20.95","20.92","76.94K","-0.05%"
"05/08/2012","20.93","20.93","20.96","20.92","30.06K","0.29%"
"05/07/2012","20.87","20.86","20.92","20.86","44.85K","0.05%"
"05/06/2012","20.86","20.86","20.86","20.86","1.63K","0.00%"
"05/03/2012","20.86","20.61","20.61","20.61","0.15K","0.00%"
"05/02/2012","20.86","20.86","20.86","20.86","4.35K","1.16%"
"04/30/2012","20.62","20.61","20.86","20.61","77.02K","0.00%"
"04/29/2012","20.62","20.86","20.86","20.61","115.98K","-1.15%"
"04/26/2012","20.86","20.86","20.86","20.80","5.83K","0.00%"
"04/24/2012","20.86","20.86","20.86","20.86","0.24K","-0.29%"
"04/22/2012","20.92","20.95","20.95","20.92","127.07K","0.00%"
"04/19/2012","20.92","20.92","20.92","20.91","3.62K","1.50%"
"04/18/2012","20.61","20.61","20.92","20.46","113.94K","-1.48%"
"04/17/2012","20.92","20.92","20.92","20.86","195.75K","1.45%"
"04/12/2012","20.62","20.92","20.92","20.61","190.42K","-0.10%"
"04/11/2012","20.64","20.92","20.92","20.61","324.95K","0.15%"
"04/10/2012","20.61","20.61","20.61","20.61","97.87K","0.39%"
"04/09/2012","20.53","20.31","20.61","20.31","1.54K","-1.86%"
"04/05/2012","20.92","20.92","20.92","20.92","16.74K","0.00%"
"04/04/2012","20.92","20.92","20.92","20.92","140.75K","-1.92%"
"04/03/2012","21.33","21.38","21.38","21.23","2.42K","0.47%"
"04/02/2012","21.23","21.23","21.23","21.23","165.36K","0.19%"
"04/01/2012","21.19","21.01","21.23","21.01","0.86K","-0.14%"
"03/29/2012","21.22","20.92","21.53","20.92","0.75K","1.43%"
"03/28/2012","20.92","20.92","20.92","20.92","13.61K","0.00%"
"03/27/2012","20.92","20.92","20.92","20.92","7.07K","0.00%"
"03/26/2012","20.92","21.22","21.22","20.92","34.43K","-1.41%"
"03/25/2012","21.22","20.93","21.23","20.93","6.50K","1.43%"
"03/21/2012","20.92","20.93","20.93","20.86","55.21K","1.41%"
"03/20/2012","20.63","20.92","20.93","20.61","162.99K","-1.39%"
"03/14/2012","20.92","20.32","20.32","20.32","0.08K","0.00%"
"03/13/2012","20.92","20.32","20.92","20.32","5.28K","2.50%"
"03/12/2012","20.41","20.92","20.92","20.31","3.24K","-4.89%"
"03/11/2012","21.46","21.48","21.48","21.46","122.21K","1.13%"
"03/08/2012","21.22","20.95","21.48","20.92","171.20K","2.31%"
"03/07/2012","20.74","20.74","20.74","20.74","6.30K","0.48%"
"03/06/2012","20.64","20.63","20.92","20.63","30.06K","-0.24%"
"03/05/2012","20.69","20.69","20.69","20.69","1.63K","0.05%"
"03/04/2012","20.68","20.68","20.68","20.68","4.76K","0.34%"
"03/01/2012","20.61","20.63","20.63","20.61","2.84K","-1.90%"
"02/29/2012","21.01","21.23","21.23","20.92","8.14K","-1.04%"
"02/28/2012","21.23","21.20","21.23","21.20","35.01K","0.05%"
"02/27/2012","21.22","21.22","21.22","21.22","0.20K","2.86%"
"02/23/2012","20.63","20.64","20.64","20.61","23.55K","0.00%"
"02/22/2012","20.63","20.65","20.65","20.61","3.22K","0.10%"
"02/21/2012","20.61","20.62","20.62","20.61","98.32K","0.00%"
"02/20/2012","20.61","20.61","20.61","20.61","0.02K","0.00%"
"02/19/2012","20.61","20.61","20.61","20.61","209.20K","-2.87%"
"02/16/2012","21.22","21.22","21.23","21.22","14.14K","0.19%"
"02/15/2012","21.18","21.23","21.23","20.62","139.26K","1.97%"
"02/14/2012","20.77","19.78","20.92","19.78","91.65K","-3.22%"
"02/13/2012","21.46","21.46","21.46","21.46","0.88K","4.12%"
"02/09/2012","20.61","20.61","20.61","20.61","1.09K","0.00%"
"02/08/2012","20.61","20.61","20.61","20.61","12.19K","0.00%"
"02/06/2012","20.61","20.80","20.80","20.61","112.19K","0.10%"
"02/02/2012","20.59","20.61","20.61","20.31","55.66K","-1.62%"
"02/01/2012","20.93","20.92","21.48","20.92","3.33K","0.10%"
"01/31/2012","20.91","20.80","20.92","20.80","46.98K","1.46%"
"01/30/2012","20.61","20.61","20.61","20.61","0.38K","0.00%"
"01/29/2012","20.61","20.61","20.61","20.61","171.96K","-0.39%"
"01/26/2012","20.69","20.61","20.92","20.61","109.72K","1.87%"
"01/24/2012","20.31","19.72","20.31","19.70","331.26K","-0.05%"
"01/23/2012","20.32","20.31","20.92","20.31","16.51K","0.05%"
"01/18/2012","20.31","20.31","20.31","20.31","0.50K","-2.92%"
"01/17/2012","20.92","20.92","20.92","20.92","134.73K","0.00%"
"01/15/2012","20.92","20.92","20.92","20.92","2.93K","0.00%"
"01/12/2012","20.92","20.92","20.92","20.92","1.63K","1.31%"
"01/10/2012","20.65","20.61","20.92","20.61","5.10K","3.41%"
"01/09/2012","19.97","20.04","20.04","19.76","1.02K","-5.85%"
"01/05/2012","21.21","21.17","21.23","21.17","6.42K","4.43%"
"01/04/2012","20.31","20.31","20.31","20.31","9.75K","0.05%"
"01/03/2012","20.30","20.03","20.31","20.03","8.36K","-2.96%"
"12/29/2011","20.92","20.61","21.22","20.61","0.65K","5.50%"
"12/28/2011","19.83","19.84","19.84","19.69","44.84K","0.25%"
"12/27/2011","19.78","19.78","19.78","19.78","0.45K","-2.61%"
"12/26/2011","20.31","20.31","20.31","20.31","0.49K","0.00%"
"12/21/2011","20.31","20.30","20.31","20.30","1.63K","0.15%"
"12/20/2011","20.28","20.00","20.31","20.00","57.87K","-0.15%"
"12/15/2011","20.31","20.31","20.31","20.31","1.63K","-0.05%"
"12/13/2011","20.32","20.92","21.38","20.31","269.16K","-0.68%"
"12/12/2011","20.46","21.04","21.04","20.46","203.07K","-2.90%"
"12/11/2011","21.07","21.07","21.07","21.07","0.18K","2.98%"
"12/08/2011","20.46","20.98","20.98","20.46","32.38K","0.54%"
"12/07/2011","20.35","21.00","21.03","20.31","3.45K","-3.23%"
"12/06/2011","21.03","20.92","21.06","20.92","1.23K","3.55%"
"12/05/2011","20.31","20.31","20.77","20.31","163.33K","0.00%"
"12/04/2011","20.31","20.31","20.31","20.31","163.92K","-0.54%"
"12/01/2011","20.42","20.55","20.61","19.69","56.35K","0.54%"
"11/30/2011","20.31","20.31","20.31","20.31","58.95K","4.15%"
"11/29/2011","19.50","19.70","19.70","19.23","119.25K","-0.96%"
"11/24/2011","19.69","19.69","19.69","19.69","35.25K","0.00%"
"11/22/2011","19.69","19.69","19.69","19.69","15.11K","-0.56%"
"11/20/2011","19.80","20.00","20.00","19.69","45.54K","-2.51%"
"11/17/2011","20.31","20.31","20.31","20.31","7.07K","-0.64%"
"11/16/2011","20.44","21.34","21.34","20.42","7.23K","0.34%"
"11/15/2011","20.37","20.42","20.42","20.37","107.79K","-0.24%"
"11/14/2011","20.42","20.61","20.61","20.31","21.90K","-2.02%"
"11/13/2011","20.84","20.77","20.92","20.77","6.24K","-2.30%"
"11/10/2011","21.33","21.38","21.38","21.23","0.24K","0.47%"
"11/09/2011","21.23","21.23","21.23","21.23","0.16K","1.38%"
"11/03/2011","20.94","20.92","21.11","20.92","3.66K","0.10%"
"11/02/2011","20.92","20.83","20.92","20.83","9.18K","0.05%"
"11/01/2011","20.91","20.31","20.31","20.31","0.04K","0.00%"
"10/31/2011","20.91","20.91","20.91","20.91","0.16K","2.90%"
"10/30/2011","20.32","20.31","20.61","20.31","1.71K","0.49%"
"10/27/2011","20.22","19.12","20.82","19.12","0.17K","1.05%"
"10/25/2011","20.01","20.31","20.31","20.00","0.18K","-1.86%"
"10/24/2011","20.39","20.31","20.83","20.31","2.77K","0.39%"
"10/20/2011","20.31","20.31","20.31","20.31","0.33K","2.84%"
"10/19/2011","19.75","19.69","19.75","19.69","130.08K","-0.35%"
"10/18/2011","19.82","20.12","20.12","19.69","1.80K","-0.90%"
"10/17/2011","20.00","20.00","20.01","20.00","1.35K","1.52%"
"10/16/2011","19.70","19.70","19.70","19.70","0.33K","-5.83%"
"10/13/2011","20.92","20.98","20.98","20.12","242.92K","0.00%"
"10/12/2011","20.92","20.61","20.92","20.51","140.41K","2.05%"
"10/11/2011","20.50","20.49","20.53","20.49","21.54K","0.05%"
"10/09/2011","20.49","20.24","20.92","20.00","16.74K","5.73%"
"10/05/2011","19.38","19.39","19.39","19.08","46.77K","-0.10%"
"10/04/2011","19.40","19.24","19.69","19.23","49.34K","-2.95%"
"10/03/2011","19.99","19.69","20.31","19.69","6.66K","1.32%"
"10/02/2011","19.73","19.70","20.31","19.69","6.83K","0.20%"
"09/29/2011","19.69","19.69","19.69","19.42","895.78K","0.00%"
"09/28/2011","19.69","20.00","20.00","19.69","168.47K","-3.05%"
"09/27/2011","20.31","20.31","20.31","20.31","73.13K","0.40%"
"09/26/2011","20.23","19.69","20.31","19.69","53.07K","-1.32%"
"09/25/2011","20.50","20.89","20.89","20.31","4.93K","-0.77%"
"09/22/2011","20.66","19.88","21.08","19.88","48.92K","0.00%"
"09/21/2011","0.00","34.00","34.00","33.25","0.07K","-100.00%"
"09/20/2011","20.84","20.86","20.86","20.82","15.33K","-0.38%"
"09/19/2011","20.92","20.92","20.92","20.37","23.80K","-0.29%"
"09/18/2011","20.98","21.23","21.23","20.61","13.00K","-0.62%"
"09/15/2011","21.11","21.11","21.54","21.07","31.54K","1.30%"
"09/14/2011","20.84","20.92","21.08","20.15","5.34K","-1.19%"
"09/13/2011","21.09","21.51","21.51","20.93","1.93K","-2.09%"
"09/12/2011","21.54","21.54","21.54","21.54","2.28K","1.41%"
"09/11/2011","21.24","21.54","21.54","20.95","3.25K","0.00%"
"09/06/2011","0.00","34.01","34.01","34.01","0.10K","-100.00%"
"09/05/2011","21.54","21.54","21.54","21.54","268.15K","0.00%"
"09/04/2011","21.54","21.54","21.54","21.54","2.75K","2.96%"
"08/29/2011","20.92","20.92","20.92","20.92","1.17K","-0.05%"
"08/25/2011","20.93","20.93","20.93","20.93","0.45K","0.05%"
"08/23/2011","20.92","20.93","20.94","20.92","85.31K","1.36%"
"08/21/2011","20.64","20.65","20.65","20.62","2.29K","-4.22%"
"08/18/2011","21.55","21.38","21.75","21.29","83.04K","0.09%"
"08/17/2011","21.53","21.54","21.54","21.24","70.95K","1.32%"
"08/16/2011","21.25","21.27","21.27","21.23","0.98K","-1.21%"
"08/15/2011","21.51","23.11","23.11","21.23","25.78K","2.38%"
"08/14/2011","21.01","21.11","21.11","20.92","191.77K","0.48%"
"08/11/2011","20.91","20.61","20.92","20.61","76.43K","-1.23%"
"08/10/2011","21.17","20.92","21.54","20.92","31.24K","3.83%"
"08/09/2011","20.39","22.00","22.00","20.31","39.00K","-8.40%"
"08/08/2011","22.26","22.46","22.46","22.15","92.96K","-0.89%"
"08/07/2011","22.46","22.46","22.47","22.46","51.44K","-0.13%"
"08/04/2011","22.49","22.49","22.50","22.49","5.91K","0.09%"
"08/03/2011","22.47","22.68","22.68","22.46","140.57K","0.00%"
"08/02/2011","22.47","22.46","22.47","22.46","88.35K","0.45%"
"08/01/2011","22.37","22.37","22.37","22.37","19.60K","0.27%"
"07/31/2011","22.31","22.31","22.31","22.31","7.67K","0.04%"
"07/27/2011","22.30","22.31","22.31","22.21","27.64K","-0.04%"
"07/26/2011","22.31","22.31","22.31","22.18","15.99K","0.00%"
"07/25/2011","22.31","22.34","22.34","22.31","2.44K","0.00%"
"07/21/2011","22.31","22.31","22.31","22.31","8.16K","0.13%"
"07/20/2011","22.28","22.28","22.46","22.19","83.63K","0.00%"
"07/19/2011","22.28","22.20","22.31","22.20","14.80K","0.59%"
"07/17/2011","22.15","22.15","22.15","22.15","16.25K","0.00%"
"07/14/2011","22.15","22.15","22.15","22.15","1.06K","0.00%"
"07/13/2011","22.15","22.15","22.15","22.15","1.14K","0.00%"
"07/12/2011","22.15","21.55","22.21","21.55","65.38K","-0.27%"
"07/11/2011","22.21","22.21","22.21","22.21","0.32K","0.00%"
"07/10/2011","22.21","22.21","22.21","22.21","0.16K","-2.46%"
"07/07/2011","22.77","22.77","23.38","22.77","6.59K","-1.00%"
"07/06/2011","23.00","23.08","23.08","22.80","163.00K","-0.13%"
"07/05/2011","23.03","23.08","23.38","22.77","72.78K","-0.52%"
"07/04/2011","23.15","23.38","23.38","22.78","123.70K","-1.57%"
"06/30/2011","23.52","23.38","24.29","22.22","38.55K","0.56%"
"06/28/2011","23.39","23.40","23.40","23.39","3.22K","-0.64%"
"06/27/2011","23.54","23.54","23.54","23.54","26.00K","-1.59%"
"06/26/2011","23.92","23.92","23.92","23.92","192.21K","0.00%"
"06/23/2011","23.92","24.00","24.00","23.39","65.71K","-0.04%"
"06/21/2011","23.93","24.00","24.00","23.69","306.51K","-0.29%"
"06/20/2011","24.00","24.01","24.27","24.00","916.13K","0.00%"
"06/19/2011","24.00","24.31","24.31","24.00","44.74K","-1.03%"
"06/16/2011","24.25","24.25","24.25","24.25","0.28K","0.00%"
"06/15/2011","0.00","39.10","39.10","39.10","0.05K","-100.00%"
"06/14/2011","24.57","24.58","24.59","24.55","1.63K","1.11%"
"06/13/2011","24.30","24.55","24.60","24.27","5.59K","0.25%"
"06/12/2011","24.24","24.02","24.43","24.00","41.26K","1.00%"
"06/09/2011","24.00","24.00","24.12","24.00","160.26K","0.00%"
"06/08/2011","24.00","23.99","24.00","23.99","435.91K","1.39%"
"06/07/2011","23.67","23.69","23.87","23.54","11.28K","0.17%"
"06/06/2011","23.63","23.63","23.63","23.63","4.40K","-0.67%"
"06/05/2011","23.79","23.81","24.00","23.78","10.12K","0.55%"
"06/02/2011","23.66","23.51","23.70","23.51","23.52K","-0.38%"
"06/01/2011","23.75","23.51","24.61","23.51","230.85K","1.11%"
"05/31/2011","23.49","23.50","23.51","23.48","303.93K","-0.84%"
"05/30/2011","23.69","23.69","23.70","23.68","35.22K","0.00%"
"05/29/2011","23.69","23.70","23.70","23.69","10.56K","-0.04%"
"05/26/2011","23.70","23.65","23.99","23.63","111.88K","0.59%"
"05/25/2011","23.56","23.40","23.69","23.40","93.70K","0.13%"
"05/24/2011","23.53","23.38","23.54","23.38","0.89K","0.60%"
"05/23/2011","23.39","23.40","23.54","23.38","111.61K","0.04%"
"05/22/2011","23.38","23.39","23.40","23.38","9.58K","-0.64%"
"05/19/2011","23.53","23.42","23.63","23.42","25.79K","0.56%"
"05/18/2011","23.40","23.41","23.41","23.39","14.70K","0.00%"
"05/17/2011","23.40","23.38","23.54","23.38","29.13K","0.00%"
"05/16/2011","23.40","23.14","23.62","23.14","7.66K","0.47%"
"05/15/2011","23.29","22.77","23.69","22.77","56.96K","1.26%"
"05/12/2011","23.00","22.70","23.38","22.46","157.53K","1.41%"
"05/11/2011","22.68","22.46","22.77","22.46","204.80K","1.20%"
"05/10/2011","22.41","22.34","22.46","22.24","224.77K","0.18%"
"05/09/2011","22.37","22.31","22.60","22.24","224.74K","0.27%"
"05/08/2011","22.31","22.16","22.46","22.15","224.75K","0.45%"
"05/05/2011","22.21","22.16","22.34","22.15","44.32K","-0.58%"
"05/04/2011","22.34","22.16","22.46","22.15","277.95K","0.31%"
"05/03/2011","22.27","23.31","23.31","21.54","197.81K","-4.99%"
"05/02/2011","23.44","23.32","23.54","23.32","74.83K","0.34%"
"04/28/2011","23.36","23.38","23.38","23.32","26.09K","0.30%"
"04/27/2011","23.29","23.54","23.54","23.23","48.19K","-0.30%"
"04/26/2011","23.36","23.38","23.38","22.77","12.31K","-0.09%"
"04/21/2011","23.38","23.69","23.69","23.08","199.69K","0.00%"
"04/20/2011","23.38","23.63","23.63","22.77","18.61K","4.05%"
"04/19/2011","22.47","22.47","23.41","22.46","49.49K","0.04%"
"04/18/2011","22.46","22.47","22.49","22.46","250.68K","-1.23%"
"04/17/2011","22.74","22.77","22.77","22.71","4.07K","1.20%"
"04/14/2011","22.47","22.61","23.26","22.46","629.12K","-2.64%"
"04/13/2011","23.08","23.43","23.68","23.04","109.65K","0.17%"
"04/12/2011","23.04","23.20","23.43","22.49","0.23K","-1.37%"
"04/11/2011","23.36","23.53","23.53","22.77","18.01K","-0.43%"
"04/10/2011","23.46","23.45","23.54","23.38","12.98K","0.04%"
"04/07/2011","23.45","22.95","23.51","22.95","45.20K","2.99%"
"04/06/2011","22.77","22.77","22.77","22.77","1.56K","1.97%"
"04/05/2011","22.33","23.50","23.51","22.15","1.87K","-3.04%"
"04/04/2011","23.03","22.92","23.08","22.09","150.03K","-0.35%"
"04/03/2011","23.11","22.73","23.87","22.73","122.65K","5.09%"
"03/31/2011","21.99","22.03","22.03","21.97","41.28K","-0.72%"
"03/30/2011","22.15","22.07","22.46","21.54","209.94K","0.36%"
"03/29/2011","22.07","21.54","22.37","21.53","159.58K","0.32%"
"03/28/2011","22.00","21.60","22.15","21.60","6.33K","5.11%"
"03/27/2011","20.93","20.92","21.54","20.92","472.25K","2.35%"
"03/24/2011","20.45","20.38","21.23","20.38","294.68K","-9.67%"
"01/27/2011","22.64","22.47","22.77","20.92","130.51K","-0.57%"
"01/26/2011","22.77","22.77","22.78","22.77","120.36K","-1.17%"
"01/24/2011","23.04","23.01","23.38","23.01","81.04K","-0.09%"
"01/20/2011","23.06","22.87","23.09","22.84","66.44K","1.50%"
"01/19/2011","22.72","22.77","22.77","22.68","129.56K","-0.70%"
"01/18/2011","22.88","22.77","23.08","22.46","51.51K","-1.21%"
"01/17/2011","23.16","23.40","23.40","22.28","133.99K","-1.70%"
"01/16/2011","23.56","23.54","23.91","23.40","16.95K","-1.67%"
"01/13/2011","23.96","23.59","23.99","23.59","7.99K","2.39%"
"01/12/2011","23.40","23.08","23.99","23.08","70.28K","0.17%"
"01/11/2011","23.36","23.35","23.39","22.95","220.66K","0.00%"
"01/10/2011","23.36","23.38","23.38","23.14","36.66K","0.26%"
"01/06/2011","23.30","23.09","23.38","23.09","93.22K","0.95%"
"01/05/2011","23.08","23.08","23.08","23.08","2.66K","0.83%"
"01/04/2011","22.89","22.79","22.89","22.79","5.38K","0.44%"
"01/03/2011","22.79","22.77","23.08","22.77","36.73K","-0.57%"
"01/02/2011","22.92","22.77","23.08","22.77","3.54K","0.57%"