Date,Price,Open,High,Low,Vol.,Change %
08/31/2026,25.72,25.5,25.88,25.5,8.72M,0.86%
08/30/2026,25.5,25.84,25.9,25.5,3.41M,-1.32%
08/27/2026,25.84,25.9,25.98,25.66,5.29M,-0.23%
08/26/2026,25.9,25.46,26.0,25.36,10.49M,1.89%
08/25/2026,25.42,25.2,25.5,25.12,7.85M,0.71%
08/24/2026,25.24,25.22,25.44,25.16,7.47M,0.08%
08/23/2026,25.22,24.86,25.26,24.86,6.64M,1.45%
08/20/2026,24.86,24.77,25.0,24.63,5.55M,0.28%
08/19/2026,24.79,24.8,24.91,24.63,3.35M,-0.04%
08/18/2026,24.8,24.9,25.12,24.74,8.78M,-0.40%
08/17/2026,24.9,24.68,24.99,24.62,7.35M,0.89%
08/16/2026,24.68,24.75,24.8,24.6,5.56M,1.82%
08/13/2026,24.24,24.25,24.5,24.19,3.04M,-0.04%
08/12/2026,24.25,24.1,24.25,24.1,3.65M,0.62%
08/11/2026,24.1,24.03,24.17,23.96,3.05M,0.29%
08/10/2026,24.03,24.0,24.24,24.0,3.90M,0.17%
08/09/2026,23.99,23.91,24.02,23.91,1.69M,0.33%
08/06/2026,23.91,24.14,24.22,23.91,3.80M,-0.91%
08/05/2026,24.13,24.1,24.22,24.0,4.02M,0.25%
08/04/2026,24.07,23.75,24.3,23.7,6.73M,0.08%
08/03/2026,24.05,23.89,24.05,23.65,7.39M,0.67%
08/02/2026,23.89,23.36,23.93,23.36,5.12M,2.27%
07/30/2026,23.36,23.18,23.42,23.11,4.67M,0.78%
07/29/2026,23.18,23.32,23.44,23.04,5.27M,-0.73%
07/28/2026,23.35,23.81,23.85,23.28,6.93M,-2.14%
07/27/2026,23.86,23.78,23.93,23.73,2.75M,0.25%
07/26/2026,23.8,23.8,23.85,23.72,1.69M,0.00%
07/23/2026,23.8,23.72,23.8,23.62,3.37M,0.34%
07/22/2026,23.72,23.53,23.74,23.45,5.72M,0.89%
07/21/2026,23.51,24.28,24.3,23.51,14.10M,-4.43%
07/20/2026,24.6,24.06,24.6,24.05,3.73M,2.24%
07/19/2026,24.06,24.2,24.23,24.0,2.03M,-0.58%
07/16/2026,24.2,24.0,24.2,24.0,2.42M,0.83%
07/15/2026,24.0,24.02,24.16,23.91,3.62M,-0.08%
07/14/2026,24.02,24.34,24.39,24.0,4.05M,-1.56%
07/13/2026,24.4,24.26,24.48,24.2,2.72M,0.45%
07/12/2026,24.29,24.32,24.39,24.19,2.26M,-0.86%
07/09/2026,24.5,24.3,24.52,24.28,1.99M,0.25%
07/08/2026,24.44,24.2,24.45,24.11,3.81M,0.99%
07/07/2026,24.2,24.15,24.2,23.94,4.75M,0.21%
07/06/2026,24.15,24.16,24.34,24.11,2.38M,-0.04%
07/05/2026,24.16,24.18,24.25,24.1,1.99M,-0.17%
07/02/2026,24.2,24.09,24.29,24.06,2.93M,0.46%
07/01/2026,24.09,24.44,24.63,24.09,4.44M,-1.43%
06/30/2026,24.44,24.6,24.65,24.42,3.35M,-0.65%
06/29/2026,24.6,24.83,24.84,24.53,2.97M,-0.93%
06/28/2026,24.83,24.99,24.99,24.74,2.07M,-0.64%
06/25/2026,24.99,25.1,25.12,24.86,4.02M,-0.52%
06/24/2026,25.12,25.22,25.28,25.12,2.89M,-0.32%
06/23/2026,25.2,25.16,25.34,25.08,3.64M,0.16%
06/22/2026,25.16,25.12,25.2,25.04,2.33M,0.08%
06/21/2026,25.14,25.12,25.26,25.12,2.40M,-0.24%
06/18/2026,25.2,25.22,25.32,25.2,3.90M,0.00%
06/17/2026,25.2,25.3,25.32,25.18,3.21M,-0.40%
06/16/2026,25.3,25.16,25.38,25.12,5.82M,0.88%
06/15/2026,25.08,25.12,25.24,24.86,8.27M,-0.08%
06/14/2026,25.1,24.87,25.2,24.87,5.09M,1.25%
06/11/2026,24.79,24.63,24.79,24.55,5.25M,0.65%
06/10/2026,24.63,24.82,24.88,24.63,6.74M,-0.81%
06/09/2026,24.83,24.5,24.9,24.5,9.25M,1.60%
06/08/2026,24.44,24.06,24.59,24.0,8.63M,1.54%
06/07/2026,24.07,24.0,24.1,23.95,4.82M,0.12%
06/04/2026,24.04,24.01,24.1,23.97,2.99M,0.12%
06/03/2026,24.01,23.92,24.1,23.92,3.34M,0.17%
06/02/2026,23.97,23.87,24.1,23.87,3.28M,0.42%
06/01/2026,23.87,24.03,24.08,23.8,6.33M,-0.75%
05/31/2026,24.05,24.0,24.14,23.91,2.13M,0.21%
05/21/2026,24.0,23.9,24.08,23.86,7.25M,0.59%
05/20/2026,23.86,23.68,23.93,23.65,6.32M,0.97%
05/19/2026,23.63,23.6,23.7,23.57,4.65M,0.13%
05/18/2026,23.6,23.58,23.64,23.51,3.26M,0.00%
05/17/2026,23.6,23.56,23.67,23.52,2.69M,0.17%
05/14/2026,23.56,23.61,23.8,23.56,3.02M,-0.21%
05/13/2026,23.61,23.53,23.69,23.53,3.08M,0.38%
05/12/2026,23.52,23.75,23.83,23.52,5.21M,-0.97%
05/11/2026,23.75,23.75,23.85,23.56,4.27M,-0.13%
05/10/2026,23.78,23.53,23.99,23.5,3.85M,1.06%
05/07/2026,23.53,23.6,23.62,23.5,4.27M,-0.76%
05/06/2026,23.71,23.74,23.91,23.71,6.41M,-0.04%
05/05/2026,23.72,24.04,24.04,23.7,5.19M,-1.33%
05/04/2026,24.04,24.44,24.44,24.04,5.05M,-1.44%
05/03/2026,24.39,24.3,24.46,24.22,2.22M,0.29%
04/30/2026,24.32,24.62,24.64,24.3,5.13M,-1.18%
04/29/2026,24.61,24.68,24.75,24.56,5.08M,-0.28%
04/28/2026,24.68,24.39,24.71,24.37,4.93M,1.31%
04/27/2026,24.36,24.51,24.55,24.26,5.70M,-0.57%
04/26/2026,24.5,24.2,24.5,23.96,5.00M,1.24%
04/23/2026,24.2,24.22,24.42,24.05,7.28M,-1.39%
04/22/2026,24.54,24.68,24.78,24.45,6.49M,-0.45%
04/21/2026,24.65,24.72,24.97,24.62,7.44M,-0.27%
04/20/2026,24.72,24.9,24.95,24.67,5.17M,-0.87%
04/19/2026,24.93,25.17,25.25,24.88,3.54M,-1.71%
04/16/2026,25.37,25.48,25.5,25.22,4.19M,-0.39%
04/15/2026,25.47,24.92,25.53,24.92,9.86M,2.07%
04/14/2026,24.95,24.75,25.0,24.75,6.70M,0.47%
04/13/2026,24.83,24.48,24.83,24.48,7.51M,1.36%
04/12/2026,24.5,24.45,24.62,24.45,2.32M,-0.68%
04/09/2026,24.67,24.52,24.78,24.37,5.78M,0.41%
04/08/2026,24.57,24.4,24.75,24.4,7.60M,2.29%
04/07/2026,24.02,24.25,24.27,24.0,6.26M,-1.03%
04/06/2026,24.27,24.17,24.3,24.13,4.90M,0.41%
04/05/2026,24.17,24.17,24.28,24.12,3.68M,-0.21%
04/02/2026,24.22,24.17,24.23,24.12,4.54M,0.21%
04/01/2026,24.17,24.17,24.2,24.08,4.91M,0.49%
03/31/2026,24.05,23.9,24.27,23.87,8.66M,0.70%
03/30/2026,23.88,23.85,23.97,23.8,4.98M,0.21%
03/29/2026,23.83,23.92,23.98,23.77,2.80M,-0.49%
03/26/2026,23.95,24.12,24.15,23.92,5.06M,-0.69%
03/25/2026,24.12,23.52,24.13,23.43,9.91M,3.51%
03/24/2026,23.3,23.5,23.58,23.07,9.88M,-0.43%
03/16/2026,23.4,23.23,23.48,23.02,6.67M,0.72%
03/15/2026,23.23,23.7,23.72,22.93,6.95M,-1.90%
03/12/2026,23.68,23.87,23.92,23.52,6.03M,-0.84%
03/11/2026,23.88,23.83,24.0,23.7,5.43M,0.07%
03/10/2026,23.87,23.33,23.87,23.32,5.65M,1.78%
03/09/2026,23.45,23.68,23.68,23.23,6.67M,-0.99%
03/08/2026,23.68,23.4,23.78,23.4,5.01M,0.50%
03/05/2026,23.57,23.33,23.83,23.33,6.79M,1.00%
03/04/2026,23.33,22.72,23.48,22.68,13.36M,2.34%
03/03/2026,22.8,22.4,22.83,22.38,6.29M,1.33%
03/02/2026,22.5,22.4,22.93,22.22,9.31M,0.45%
03/01/2026,22.4,22.08,22.7,22.08,11.40M,-3.93%
02/26/2026,23.32,23.17,23.32,23.1,4.76M,0.14%
02/25/2026,23.28,23.15,23.33,23.0,5.80M,0.14%
02/24/2026,23.25,23.35,23.55,23.12,6.69M,-0.99%
02/23/2026,23.48,23.33,23.7,23.25,7.68M,0.50%
02/19/2026,23.37,24.05,24.05,23.35,6.64M,-2.98%
02/18/2026,24.08,23.58,24.15,23.55,3.11M,1.98%
02/17/2026,23.62,24.0,24.0,23.52,6.82M,-1.60%
02/16/2026,24.0,24.17,24.18,23.95,3.67M,-0.83%
02/15/2026,24.2,24.33,24.35,23.88,6.33M,-0.75%
02/12/2026,24.38,23.93,24.38,23.88,14.10M,1.74%
02/11/2026,23.97,23.92,24.03,23.8,6.91M,0.21%
02/10/2026,23.92,23.83,23.92,23.67,6.44M,0.35%
02/09/2026,23.83,23.55,23.83,23.37,8.50M,1.27%
02/08/2026,23.53,23.78,23.92,23.5,6.72M,-1.05%
02/05/2026,23.78,23.75,23.78,23.6,6.94M,-0.07%
02/04/2026,23.8,23.48,23.85,23.38,9.42M,1.42%
02/03/2026,23.47,23.5,23.7,23.33,7.44M,-0.14%
02/02/2026,23.5,22.75,23.5,22.72,8.49M,2.92%
02/01/2026,22.83,23.77,23.77,22.72,13.90M,-3.79%
01/29/2026,23.73,23.55,23.77,23.43,12.09M,0.78%
01/28/2026,23.55,23.33,23.68,23.3,20.01M,3.21%
01/27/2026,22.82,22.73,22.82,22.63,8.68M,0.74%
01/26/2026,22.65,22.8,22.82,22.4,6.48M,-0.88%
01/25/2026,22.85,22.73,22.92,22.67,8.58M,0.44%
01/22/2026,22.75,22.27,22.75,22.22,10.87M,2.25%
01/21/2026,22.25,22.2,22.25,22.12,2.97M,0.07%
01/20/2026,22.23,22.23,22.32,22.15,6.83M,0.00%
01/19/2026,22.23,22.25,22.3,22.05,6.52M,-0.07%
01/18/2026,22.25,21.9,22.27,21.9,6.88M,1.83%
01/15/2026,21.85,22.08,22.2,21.75,9.77M,-1.80%
01/14/2026,22.25,21.67,22.33,21.57,19.05M,2.69%
01/13/2026,21.67,21.6,21.67,21.43,11.74M,0.00%
01/12/2026,21.67,21.17,21.67,21.13,9.19M,2.36%
01/11/2026,21.17,21.07,21.3,21.0,4.40M,0.87%
01/08/2026,20.98,20.75,21.17,20.48,11.54M,1.12%
01/07/2026,20.75,20.92,20.93,20.42,13.49M,3.23%
01/06/2026,20.1,20.25,20.27,20.04,5.29M,-0.21%
01/05/2026,20.14,20.26,20.36,20.14,4.49M,-0.49%
01/04/2026,20.24,20.51,20.51,20.18,3.91M,-1.30%
01/01/2026,20.51,20.33,20.53,20.33,1.61M,0.94%
12/31/2025,20.32,20.14,20.33,20.13,2.66M,1.33%
12/30/2025,20.05,20.27,20.27,20.02,5.35M,-1.11%
12/29/2025,20.27,20.23,20.27,20.17,4.78M,0.21%
12/28/2025,20.23,20.34,20.37,20.17,2.64M,-0.53%
12/25/2025,20.34,20.42,20.42,20.32,1.29M,-0.37%
12/24/2025,20.42,20.54,20.54,20.38,4.24M,-0.61%
12/23/2025,20.54,20.33,20.59,20.31,4.74M,1.02%
12/22/2025,20.33,20.2,20.33,20.11,4.69M,0.74%
12/21/2025,20.18,20.17,20.4,20.17,2.99M,0.08%
12/18/2025,20.17,20.27,20.32,20.13,8.47M,-0.41%
12/17/2025,20.25,20.42,20.42,20.18,4.53M,-0.82%
12/16/2025,20.42,20.59,20.63,20.4,3.28M,-0.89%
12/15/2025,20.6,20.42,20.6,20.35,3.37M,0.08%
12/14/2025,20.58,20.63,20.63,20.45,2.56M,-0.24%
12/11/2025,20.63,20.54,20.63,20.5,5.50M,0.57%
12/10/2025,20.52,20.62,20.7,20.5,3.98M,-0.49%
12/09/2025,20.62,20.3,20.62,20.3,5.22M,1.35%
12/08/2025,20.34,20.29,20.35,20.22,4.66M,0.37%
12/07/2025,20.27,20.27,20.34,20.22,2.60M,0.00%
12/04/2025,20.27,20.22,20.43,20.21,6.79M,0.21%
12/03/2025,20.22,20.17,20.22,20.02,6.48M,0.25%
12/02/2025,20.17,20.24,20.24,20.1,6.55M,-0.33%
12/01/2025,20.24,20.25,20.29,20.14,4.56M,0.00%
11/30/2025,20.24,20.18,20.27,20.09,2.88M,0.29%
11/27/2025,20.18,20.17,20.27,20.14,4.56M,0.50%
11/26/2025,20.08,20.33,20.37,19.95,9.26M,-1.23%
11/25/2025,20.33,20.42,20.52,20.24,4.75M,-0.16%
11/24/2025,20.37,20.67,20.73,20.37,13.92M,-1.45%
11/23/2025,20.67,20.62,20.74,20.59,2.31M,0.20%
11/20/2025,20.62,20.62,20.71,20.54,5.29M,0.16%
11/19/2025,20.59,20.79,20.8,20.59,3.92M,-0.92%
11/18/2025,20.78,20.62,20.79,20.58,5.63M,0.93%
11/17/2025,20.59,20.73,20.82,20.54,4.85M,-0.72%
11/16/2025,20.74,20.83,20.83,20.63,3.92M,-0.44%
11/13/2025,20.83,21.08,21.1,20.83,4.99M,-1.03%
11/12/2025,21.05,21.07,21.2,21.05,3.06M,-0.24%
11/11/2025,21.1,21.02,21.1,20.97,3.67M,0.40%
11/10/2025,21.02,21.08,21.15,21.02,3.20M,-0.24%
11/09/2025,21.07,21.15,21.17,20.95,2.86M,-0.47%
11/06/2025,21.17,21.0,21.18,21.0,5.44M,0.79%
11/05/2025,21.0,21.22,21.23,20.97,7.70M,-2.02%
11/04/2025,21.43,21.6,21.73,21.43,6.48M,-0.77%
11/03/2025,21.6,21.57,21.62,21.47,7.27M,0.15%
11/02/2025,21.57,21.52,21.7,21.43,6.96M,-0.08%
10/30/2025,21.58,22.05,22.05,21.52,18.68M,-2.12%
10/29/2025,22.05,21.98,22.05,21.93,13.08M,0.30%
10/28/2025,21.98,22.02,22.12,21.92,9.62M,-0.08%
10/27/2025,22.0,22.05,22.13,21.98,5.90M,-0.30%
10/26/2025,22.07,22.07,22.07,21.98,2.97M,0.00%
10/23/2025,22.07,21.95,22.12,21.88,5.31M,0.53%
10/22/2025,21.95,21.83,21.98,21.78,4.72M,0.53%
10/21/2025,21.83,21.95,21.95,21.6,9.76M,-0.53%
10/20/2025,21.95,22.08,22.12,21.92,5.32M,-0.60%
10/19/2025,22.08,22.12,22.2,22.07,4.23M,-0.15%
10/16/2025,22.12,22.05,22.18,22.02,8.18M,0.30%
10/15/2025,22.05,21.98,22.07,21.95,8.60M,0.30%
10/14/2025,21.98,21.98,22.03,21.92,6.79M,0.08%
10/13/2025,21.97,22.22,22.22,21.92,11.16M,-0.83%
10/12/2025,22.15,21.82,22.17,21.55,10.81M,-0.08%
10/09/2025,22.17,22.25,22.33,22.17,6.05M,-0.37%
10/08/2025,22.25,22.38,22.38,22.22,4.39M,-0.52%
10/07/2025,22.37,22.43,22.45,22.28,4.77M,-0.30%
10/06/2025,22.43,22.37,22.5,22.33,8.64M,0.52%
10/05/2025,22.32,22.42,22.45,22.2,7.40M,-0.22%
10/02/2025,22.37,22.62,22.72,22.33,11.92M,-0.81%
10/01/2025,22.55,22.38,22.63,22.28,10.09M,0.97%
09/30/2025,22.33,22.22,22.48,22.13,14.90M,0.53%
09/29/2025,22.22,22.15,22.3,22.08,14.85M,0.30%
09/28/2025,22.15,22.15,22.32,21.92,8.70M,0.00%
09/25/2025,22.15,23.33,23.35,21.83,44.37M,-4.94%
09/24/2025,23.3,23.3,23.3,22.33,53.07M,9.99%
09/22/2025,21.18,20.74,21.2,20.72,10.60M,2.25%
09/21/2025,20.72,20.77,20.78,20.68,6.59M,0.04%
09/18/2025,20.71,20.87,20.88,20.65,10.11M,-0.76%
09/17/2025,20.87,20.62,20.9,20.39,12.90M,1.46%
09/16/2025,20.57,20.62,20.72,20.49,15.11M,-0.12%
09/15/2025,20.59,20.66,20.66,20.5,3.85M,-0.04%
09/14/2025,20.6,20.67,20.7,20.52,3.74M,-0.32%
09/11/2025,20.67,20.7,20.74,20.6,3.36M,-0.16%
09/10/2025,20.7,20.57,20.72,20.5,3.32M,0.61%
09/09/2025,20.57,20.53,20.59,20.42,6.53M,0.24%
09/08/2025,20.52,20.61,20.7,20.52,4.80M,-0.77%
09/07/2025,20.68,20.71,20.74,20.59,2.74M,-0.08%
09/04/2025,20.7,20.63,20.77,20.58,5.43M,0.24%
09/03/2025,20.65,20.62,20.71,20.6,4.53M,0.16%
09/02/2025,20.62,20.64,20.75,20.53,5.14M,-0.12%
09/01/2025,20.64,20.83,20.83,20.62,5.91M,-0.72%
08/31/2025,20.79,21.0,21.08,20.79,5.36M,-0.99%
08/28/2025,21.0,21.23,21.25,21.0,5.36M,-1.10%
08/27/2025,21.23,21.4,21.4,21.17,5.08M,-0.31%
08/26/2025,21.3,21.58,21.6,21.3,8.16M,-1.24%
08/25/2025,21.57,21.5,21.67,21.48,5.67M,0.31%
08/24/2025,21.5,21.47,21.6,21.45,4.11M,0.86%
08/21/2025,21.32,21.33,21.47,21.27,6.04M,0.00%
08/20/2025,21.32,21.3,21.43,21.25,5.22M,0.16%
08/19/2025,21.28,21.23,21.3,21.22,3.24M,0.24%
08/18/2025,21.23,21.35,21.4,21.22,5.61M,-0.55%
08/17/2025,21.35,21.27,21.35,21.22,3.70M,0.63%
08/14/2025,21.22,21.17,21.28,21.12,5.31M,0.16%
08/13/2025,21.18,21.25,21.45,21.02,5.01M,-0.31%
08/12/2025,21.25,21.33,21.4,21.18,5.28M,-0.39%
08/11/2025,21.33,21.48,21.55,21.33,3.58M,-0.70%
08/10/2025,21.48,21.67,21.67,21.45,5.18M,-1.38%
08/07/2025,21.78,21.8,21.92,21.77,5.70M,-0.15%
08/06/2025,21.82,21.68,21.83,21.63,3.81M,0.61%
08/05/2025,21.68,21.67,21.68,21.57,6.13M,0.00%
08/04/2025,21.68,21.68,21.72,21.53,6.84M,0.00%
08/03/2025,21.68,21.52,21.75,21.42,3.76M,0.77%
07/31/2025,21.52,21.58,21.58,21.4,5.36M,-0.54%
07/30/2025,21.63,21.4,21.63,21.35,4.93M,1.09%
07/29/2025,21.4,21.53,21.53,21.3,7.19M,-0.70%
07/28/2025,21.55,21.67,21.67,21.47,4.77M,-0.23%
07/27/2025,21.6,21.6,21.83,21.53,5.24M,0.39%
07/24/2025,21.52,21.98,21.98,21.4,12.43M,-1.60%
07/23/2025,21.87,21.45,21.9,21.28,7.69M,2.50%
07/22/2025,21.33,21.58,21.65,21.3,3.75M,-1.08%
07/21/2025,21.57,21.5,21.6,21.37,6.11M,0.47%
07/20/2025,21.47,21.57,21.77,21.45,3.21M,-0.46%
07/17/2025,21.57,21.58,21.65,21.45,5.60M,0.23%
07/16/2025,21.52,21.78,21.95,21.52,5.58M,-1.07%
07/15/2025,21.75,21.87,22.02,21.73,4.39M,-1.44%
07/14/2025,22.07,22.27,22.3,21.93,5.61M,-0.68%
07/13/2025,22.22,22.2,22.28,22.2,2.48M,0.08%
07/10/2025,22.2,22.25,22.33,22.17,3.22M,-0.15%
07/09/2025,22.23,22.48,22.5,22.08,6.62M,-1.19%
07/08/2025,22.5,22.67,22.83,22.47,6.20M,-0.74%
07/07/2025,22.67,22.87,22.9,22.67,5.14M,-0.87%
07/06/2025,22.87,22.63,22.92,22.53,5.52M,1.11%
07/03/2025,22.62,22.23,22.63,22.22,5.92M,1.80%
07/02/2025,22.22,22.2,22.33,22.08,4.79M,0.08%
07/01/2025,22.2,22.17,22.32,21.98,4.36M,-0.67%
06/30/2025,22.35,22.47,22.48,22.35,6.59M,-0.37%
06/29/2025,22.43,22.4,22.58,22.33,7.10M,0.26%
06/26/2025,22.37,22.17,22.37,22.04,3.39M,0.94%
06/25/2025,22.17,22.46,22.46,22.04,8.25M,-0.75%
06/24/2025,22.33,21.71,22.42,21.67,15.45M,5.10%
06/23/2025,21.25,21.21,21.42,21.08,7.16M,0.59%
06/22/2025,21.12,21.04,21.5,21.04,6.86M,0.60%
06/19/2025,21.0,20.82,21.17,20.72,7.42M,0.80%
06/18/2025,20.83,20.87,20.96,20.75,4.78M,-0.20%
06/17/2025,20.87,21.04,21.17,20.87,5.30M,-0.60%
06/16/2025,21.0,21.17,21.46,21.0,7.81M,-0.40%
06/15/2025,21.08,20.43,21.17,20.43,7.89M,-0.98%
06/12/2025,21.29,21.5,21.58,21.21,6.32M,-0.97%
06/11/2025,21.5,22.04,22.21,21.42,11.62M,-2.09%
06/04/2025,21.96,21.46,21.96,21.46,6.13M,2.73%
06/03/2025,21.37,21.54,21.54,21.33,3.74M,-0.58%
06/02/2025,21.5,21.5,21.67,21.46,7.44M,0.00%
06/01/2025,21.5,21.58,21.62,21.08,10.53M,-0.19%
05/29/2025,21.54,22.21,22.21,21.54,28.28M,-2.45%
05/28/2025,22.08,22.29,22.33,22.08,8.26M,-0.56%
05/27/2025,22.21,22.25,22.33,22.12,6.00M,0.38%
05/26/2025,22.12,22.0,22.25,21.96,7.79M,1.14%
05/25/2025,21.87,22.79,22.83,21.83,14.89M,-3.85%
05/22/2025,22.75,22.92,23.08,22.71,6.07M,-0.73%
05/21/2025,22.92,22.96,23.12,22.92,5.23M,-0.18%
05/20/2025,22.96,22.83,23.12,22.58,8.22M,0.55%
05/19/2025,22.83,23.29,23.33,22.75,8.78M,-1.97%
05/18/2025,23.29,23.29,23.33,23.21,1.88M,0.36%
05/15/2025,23.21,23.37,23.42,23.17,5.79M,-0.71%
05/14/2025,23.37,23.46,23.5,23.21,6.01M,-0.36%
05/13/2025,23.46,23.75,23.75,23.42,10.52M,-1.05%
05/12/2025,23.71,23.5,23.75,23.5,9.99M,0.89%
05/11/2025,23.5,23.62,23.67,23.42,6.65M,0.00%
05/08/2025,23.5,23.83,24.0,23.46,9.59M,-1.05%
05/07/2025,23.75,23.71,23.83,23.62,4.22M,0.35%
05/06/2025,23.67,23.58,23.79,23.54,3.80M,0.71%
05/05/2025,23.5,23.54,23.75,23.33,7.90M,-0.70%
05/04/2025,23.67,23.92,23.96,23.54,3.55M,-1.05%
05/01/2025,23.92,24.21,24.21,23.67,7.05M,-1.03%
04/30/2025,24.17,24.37,24.42,24.12,7.07M,-0.68%
04/29/2025,24.33,24.83,24.92,24.33,10.91M,-2.18%
04/28/2025,24.87,24.79,24.87,24.67,4.95M,0.34%
04/27/2025,24.79,24.92,24.92,24.75,3.69M,-0.83%
04/24/2025,25.0,25.04,25.21,24.96,8.79M,-0.17%
04/23/2025,25.04,24.92,25.12,24.83,8.56M,0.84%
04/22/2025,24.83,24.46,24.83,24.33,6.35M,1.36%
04/21/2025,24.5,24.54,24.67,24.42,2.16M,-0.17%
04/20/2025,24.54,24.5,24.71,24.46,3.15M,0.17%
04/17/2025,24.5,24.37,24.58,24.37,3.93M,0.00%
04/16/2025,24.5,24.33,24.67,24.29,7.36M,0.51%
04/15/2025,24.37,24.42,24.42,24.21,4.66M,0.17%
04/14/2025,24.33,24.33,24.54,24.21,5.03M,0.34%
04/13/2025,24.25,24.21,24.37,24.08,4.21M,1.04%
04/10/2025,24.0,24.42,24.62,23.87,16.17M,2.67%
04/09/2025,23.37,23.96,24.25,23.37,11.67M,-2.43%
04/08/2025,23.96,24.33,24.42,23.87,9.78M,0.52%
04/07/2025,23.83,23.33,24.25,22.92,15.22M,0.18%
04/06/2025,23.79,24.08,24.42,23.71,16.29M,-6.70%
04/03/2025,25.5,25.46,25.75,25.12,7.63M,-0.33%
03/27/2025,25.58,25.5,26.08,25.5,9.21M,0.49%
03/26/2025,25.46,24.83,25.62,24.83,10.96M,2.52%
03/25/2025,24.83,24.92,25.08,24.79,2.76M,-0.17%
03/24/2025,24.87,24.83,25.08,24.75,2.84M,0.00%
03/23/2025,24.87,25.08,25.25,24.87,2.72M,-1.00%
03/20/2025,25.12,25.17,25.21,25.0,5.15M,-0.33%
03/19/2025,25.21,25.12,25.29,25.04,4.53M,0.33%
03/18/2025,25.12,25.12,25.33,25.0,5.56M,0.00%
03/17/2025,25.12,24.79,25.17,24.79,5.93M,1.52%
03/16/2025,24.75,24.37,24.75,24.37,4.77M,1.71%
03/13/2025,24.33,24.33,24.37,23.92,8.41M,0.17%
03/12/2025,24.29,24.58,24.58,24.25,7.54M,-1.35%
03/11/2025,24.62,24.75,24.79,24.42,5.20M,-1.01%
03/10/2025,24.87,25.0,25.12,24.75,5.10M,-0.50%
03/09/2025,25.0,24.92,25.12,24.67,3.29M,-0.33%
03/06/2025,25.08,25.17,25.29,24.71,7.45M,-0.17%
03/05/2025,25.12,25.08,25.5,25.04,5.17M,0.50%
03/04/2025,25.0,25.33,25.46,24.96,7.52M,-1.32%
03/03/2025,25.33,25.08,25.67,25.08,11.12M,1.16%
03/02/2025,25.04,25.25,25.42,24.96,3.37M,-0.83%
02/27/2025,25.25,25.42,25.42,25.08,6.61M,-0.33%
02/26/2025,25.33,25.67,25.67,25.25,6.26M,-1.46%
02/25/2025,25.71,25.62,25.75,25.46,4.99M,0.33%
02/24/2025,25.62,25.58,25.79,25.58,5.53M,0.00%
02/20/2025,25.62,25.58,25.75,25.46,8.22M,0.16%
02/19/2025,25.58,25.62,25.75,25.46,5.15M,-0.16%
02/18/2025,25.62,25.46,25.67,25.42,3.38M,0.65%
02/17/2025,25.46,25.75,25.75,25.37,4.19M,-1.13%
02/16/2025,25.75,25.75,25.92,25.62,4.30M,0.00%
02/13/2025,25.75,25.58,25.79,25.5,3.55M,0.32%
02/12/2025,25.67,25.58,25.83,25.42,6.29M,0.33%
02/11/2025,25.58,25.87,25.87,25.54,6.72M,-0.97%
02/10/2025,25.83,25.71,26.0,25.71,10.32M,0.49%
02/09/2025,25.71,25.58,25.71,25.5,3.71M,0.33%
02/06/2025,25.62,25.58,25.83,25.46,9.93M,0.33%
02/05/2025,25.54,24.83,25.58,24.79,25.28M,3.03%
02/04/2025,24.79,24.62,24.96,24.58,7.71M,0.68%
02/03/2025,24.62,24.71,24.71,24.46,7.18M,-0.51%
02/02/2025,24.75,24.87,25.0,24.67,7.04M,-0.50%
01/30/2025,24.87,25.42,25.42,24.75,18.65M,-2.29%
01/29/2025,25.46,25.25,25.46,25.04,13.24M,1.83%
01/28/2025,25.0,24.92,25.29,24.83,7.19M,0.33%
01/27/2025,24.92,25.04,25.08,24.83,7.44M,-0.50%
01/26/2025,25.04,25.08,25.25,25.04,3.36M,-0.17%
01/23/2025,25.08,25.17,25.25,25.08,4.31M,-0.33%
01/22/2025,25.17,25.12,25.42,25.12,7.27M,0.17%
01/21/2025,25.12,25.12,25.29,25.04,5.23M,0.17%
01/20/2025,25.08,25.21,25.46,25.04,8.91M,-0.17%
01/19/2025,25.12,24.92,25.29,24.87,8.83M,1.01%
01/16/2025,24.87,24.75,24.92,24.71,5.86M,0.84%
01/15/2025,24.67,24.92,25.0,24.62,10.20M,-1.00%
01/14/2025,24.92,24.83,24.96,24.79,5.56M,0.34%
01/13/2025,24.83,24.92,25.0,24.79,4.63M,-0.33%
01/12/2025,24.92,25.0,25.12,24.87,3.47M,-0.33%
01/09/2025,25.0,24.58,25.0,24.46,7.53M,1.69%
01/08/2025,24.58,24.75,24.92,24.5,5.05M,-0.51%
01/07/2025,24.71,24.92,25.08,24.58,6.58M,-0.84%
01/06/2025,24.92,25.0,25.17,24.75,7.70M,-0.17%
01/05/2025,24.96,24.92,25.04,24.67,8.05M,0.84%
01/02/2025,24.75,24.58,24.83,24.46,7.18M,0.68%
01/01/2025,24.58,24.12,24.67,24.12,7.21M,1.90%
12/31/2024,24.12,24.12,24.17,24.0,5.31M,0.17%
12/30/2024,24.08,23.79,24.12,23.79,5.56M,1.23%
12/29/2024,23.79,23.62,23.87,23.42,3.92M,0.71%
12/26/2024,23.62,23.83,23.87,23.62,3.57M,-1.05%
12/25/2024,23.87,23.87,23.92,23.62,3.16M,-0.17%
12/24/2024,23.92,23.92,24.04,23.58,5.36M,0.17%
12/23/2024,23.87,23.5,23.92,23.46,7.35M,1.60%
12/22/2024,23.5,23.33,23.54,23.33,5.46M,0.71%
12/19/2024,23.33,23.42,23.46,22.96,13.44M,-1.06%
12/18/2024,23.58,23.75,23.92,23.46,7.20M,-0.70%
12/17/2024,23.75,24.12,24.25,23.75,4.63M,-1.38%
12/16/2024,24.08,24.0,24.17,23.92,4.11M,0.17%
12/15/2024,24.04,24.17,24.37,24.04,4.20M,-0.52%
12/12/2024,24.17,24.25,24.37,24.12,4.29M,0.00%
12/11/2024,24.17,24.37,24.42,24.17,4.69M,-0.68%
12/10/2024,24.33,24.21,24.5,24.17,9.34M,0.52%
12/09/2024,24.21,24.17,24.42,24.12,9.83M,0.35%
12/08/2024,24.12,23.96,24.17,23.96,5.61M,0.87%
12/05/2024,23.92,23.67,23.92,23.58,7.33M,1.23%
12/04/2024,23.62,23.46,23.71,23.33,5.34M,1.07%
12/03/2024,23.37,23.29,23.54,23.17,5.84M,0.36%
12/02/2024,23.29,23.12,23.33,23.08,3.77M,0.72%
12/01/2024,23.12,23.12,23.29,23.04,4.00M,-0.18%
11/28/2024,23.17,23.0,23.17,23.0,4.21M,0.91%
11/27/2024,22.96,23.04,23.21,22.96,5.40M,0.00%
11/26/2024,22.96,23.0,23.21,22.92,8.12M,-0.18%
11/25/2024,23.0,23.37,23.42,23.0,10.54M,-1.43%
11/24/2024,23.33,23.21,23.46,23.21,5.27M,1.27%
11/21/2024,23.04,22.96,23.33,22.96,7.04M,0.73%
11/20/2024,22.87,22.83,22.96,22.83,4.18M,0.37%
11/19/2024,22.79,22.92,23.04,22.79,7.22M,-0.36%
11/18/2024,22.87,23.04,23.12,22.83,6.71M,-0.72%
11/17/2024,23.04,22.92,23.12,22.92,3.93M,0.91%
11/14/2024,22.83,23.25,23.33,22.83,12.96M,-1.62%
11/13/2024,23.21,23.46,23.5,23.21,7.75M,-0.89%
11/12/2024,23.42,24.0,24.0,23.42,10.18M,-2.26%
11/11/2024,23.96,23.62,24.17,23.5,10.89M,1.59%
11/10/2024,23.58,23.54,23.67,23.46,7.94M,-0.35%
11/07/2024,23.67,23.75,23.79,23.54,12.38M,0.35%
11/06/2024,23.58,23.58,24.04,23.46,11.93M,0.53%
11/05/2024,23.46,23.54,23.58,23.29,6.48M,-0.35%
11/04/2024,23.54,23.58,23.62,23.42,4.20M,0.00%
11/03/2024,23.54,23.46,23.71,23.46,4.76M,0.53%
10/31/2024,23.42,23.71,23.71,23.37,8.84M,-0.88%
10/30/2024,23.62,23.58,23.83,23.54,8.55M,-0.53%
10/29/2024,23.75,24.0,24.12,23.54,16.98M,-1.04%
10/28/2024,24.0,24.42,24.42,23.96,5.03M,-1.37%
10/27/2024,24.33,24.25,24.62,24.17,9.83M,3.55%
10/24/2024,23.5,23.83,23.92,23.33,6.68M,-1.23%
10/23/2024,23.79,23.92,24.04,23.67,5.95M,-0.87%
10/22/2024,24.0,24.37,24.37,23.96,4.94M,-1.37%
10/21/2024,24.33,23.62,24.33,23.62,10.72M,3.18%
10/20/2024,23.58,23.75,23.83,23.54,3.58M,-0.70%
10/17/2024,23.75,24.0,24.08,23.67,6.72M,-1.04%
10/16/2024,24.0,23.96,24.08,23.75,9.03M,0.35%
10/15/2024,23.92,24.0,24.08,23.92,6.11M,-0.35%
10/14/2024,24.0,24.21,24.25,24.0,6.39M,-0.69%
10/13/2024,24.17,23.92,24.25,23.92,6.19M,1.22%
10/10/2024,23.87,23.5,23.92,23.33,8.27M,1.24%
10/09/2024,23.58,23.92,23.96,23.42,8.86M,-0.88%
10/08/2024,23.79,23.04,23.79,23.04,17.72M,3.82%
10/07/2024,22.92,23.12,23.21,22.83,13.49M,-0.54%
10/06/2024,23.04,23.25,23.5,22.83,8.02M,-0.90%
10/03/2024,23.25,23.37,23.58,23.04,13.27M,-0.53%
10/02/2024,23.37,23.67,23.87,23.33,17.48M,-2.43%
10/01/2024,23.96,23.83,24.21,23.75,8.54M,0.88%
09/30/2024,23.75,24.08,24.12,23.75,11.56M,-1.55%
09/29/2024,24.12,24.17,24.29,24.0,7.26M,-0.86%
09/26/2024,24.33,24.46,24.5,24.08,11.71M,-0.85%
09/25/2024,24.54,24.54,24.58,24.21,7.01M,0.00%
09/24/2024,24.54,24.5,24.54,24.21,7.48M,0.34%
09/22/2024,24.46,24.67,24.79,24.42,4.38M,-0.51%
09/19/2024,24.58,24.71,24.87,24.17,12.19M,0.68%
09/18/2024,24.42,24.29,24.54,23.92,13.79M,0.34%
09/17/2024,24.33,24.54,24.58,24.08,12.23M,-0.85%
09/16/2024,24.54,24.96,25.0,24.42,7.06M,-1.67%
09/15/2024,24.96,24.96,25.12,24.83,4.71M,0.50%
09/12/2024,24.83,24.62,24.83,24.21,9.19M,1.71%
09/11/2024,24.42,25.08,25.08,24.37,10.22M,-2.33%
09/10/2024,25.0,25.33,25.5,24.75,12.98M,-0.66%
09/09/2024,25.17,25.37,25.42,25.17,6.89M,-0.82%
09/08/2024,25.37,25.62,25.62,25.17,7.13M,-1.14%
09/05/2024,25.67,25.87,25.92,25.67,6.58M,-0.96%
09/04/2024,25.92,25.79,25.92,25.46,8.30M,0.16%
09/03/2024,25.87,26.17,26.21,25.83,8.64M,-1.11%
09/02/2024,26.17,26.46,26.71,26.12,7.54M,-0.79%
09/01/2024,26.37,26.12,26.46,26.08,4.57M,1.44%
08/29/2024,26.0,26.46,26.54,26.0,13.33M,-1.42%
08/28/2024,26.37,26.54,26.75,26.33,4.64M,-0.63%
08/27/2024,26.54,26.75,26.79,26.33,19.81M,-0.78%
08/26/2024,26.75,26.96,27.04,26.67,12.50M,-0.93%
08/25/2024,27.0,27.29,27.42,26.92,6.53M,0.31%
08/22/2024,26.92,27.42,27.46,26.79,14.83M,-1.67%
08/21/2024,27.37,26.92,27.67,26.83,16.89M,1.86%
08/20/2024,26.87,26.25,26.92,26.17,10.18M,2.38%
08/19/2024,26.25,26.12,26.29,26.04,4.71M,-0.16%
08/18/2024,26.29,26.25,26.42,26.08,4.49M,0.16%
08/15/2024,26.25,26.25,26.33,26.08,3.30M,0.16%
08/14/2024,26.21,26.42,26.5,26.21,5.02M,-0.63%
08/13/2024,26.37,26.37,26.58,26.21,3.40M,0.00%
08/12/2024,26.37,25.96,26.5,25.87,4.71M,1.61%
08/11/2024,25.96,25.75,26.0,25.71,2.49M,0.97%
08/08/2024,25.71,25.75,25.87,25.58,4.10M,-0.16%
08/07/2024,25.75,25.83,26.0,25.54,5.49M,0.00%
08/06/2024,25.75,26.12,26.25,25.58,7.28M,-0.48%
08/05/2024,25.87,26.0,26.21,25.08,11.78M,-0.48%
08/04/2024,26.0,26.29,26.62,26.0,5.59M,-2.80%
08/01/2024,26.75,26.96,27.04,26.62,4.97M,-0.93%
07/31/2024,27.0,27.0,27.08,26.79,3.09M,0.00%
07/30/2024,27.0,26.87,27.12,26.71,3.65M,0.47%
07/29/2024,26.87,27.21,27.29,26.87,4.70M,-1.23%
07/28/2024,27.21,26.87,27.21,26.83,4.04M,1.24%
07/25/2024,26.87,26.75,26.96,26.54,2.93M,0.16%
07/24/2024,26.83,27.0,27.04,26.54,4.27M,-0.62%
07/23/2024,27.0,27.25,27.29,26.96,3.37M,-1.22%
07/22/2024,27.33,27.25,27.46,27.17,4.70M,0.31%
07/21/2024,27.25,26.92,27.42,26.92,4.88M,0.31%
07/18/2024,27.17,26.96,27.17,26.71,5.75M,0.62%
07/17/2024,27.0,26.96,27.25,26.79,4.87M,0.00%
07/16/2024,27.0,26.75,27.0,26.62,4.71M,0.78%
07/15/2024,26.79,26.42,26.83,26.33,6.01M,1.42%
07/14/2024,26.42,26.17,26.46,26.17,3.04M,0.96%
07/11/2024,26.17,26.25,26.33,26.08,4.55M,-0.32%
07/10/2024,26.25,26.21,26.5,26.08,2.98M,0.32%
07/09/2024,26.17,26.08,26.33,26.04,4.49M,0.32%
07/08/2024,26.08,25.71,26.12,25.71,4.87M,1.46%
07/07/2024,25.71,25.83,25.92,25.67,1.86M,-0.16%
07/04/2024,25.75,25.71,25.83,25.58,2.34M,0.16%
07/03/2024,25.71,25.75,25.92,25.5,2.26M,0.00%
07/02/2024,25.71,25.75,25.87,25.62,2.53M,-0.48%
07/01/2024,25.83,25.96,25.96,25.75,4.26M,-0.32%
06/30/2024,25.92,25.92,26.08,25.83,2.14M,0.00%
06/27/2024,25.92,26.12,26.37,25.92,5.22M,-0.96%
06/26/2024,26.17,26.54,26.54,25.92,4.77M,-1.57%
06/25/2024,26.58,26.62,26.83,26.42,3.74M,-0.47%
06/24/2024,26.71,26.5,27.12,26.42,6.65M,0.00%
06/23/2024,26.71,26.62,27.0,26.33,4.45M,2.40%
06/13/2024,26.08,26.37,26.92,26.08,8.13M,-0.63%
06/12/2024,26.25,26.67,27.0,26.25,5.48M,-1.56%
06/11/2024,26.67,27.29,27.33,26.67,6.29M,-2.14%
06/10/2024,27.25,27.33,27.75,27.0,7.37M,-0.30%
06/09/2024,27.33,26.08,27.33,26.08,8.90M,4.79%
06/06/2024,26.08,25.87,26.25,25.71,5.43M,1.62%
06/05/2024,25.67,26.0,26.0,25.42,6.06M,-0.16%
06/04/2024,25.71,26.33,26.33,25.67,9.39M,-2.22%
06/03/2024,26.29,26.33,26.58,26.0,10.13M,0.64%
06/02/2024,26.12,25.58,26.33,25.58,4.57M,2.45%
05/30/2024,25.5,25.83,26.25,25.5,9.79M,-1.29%
05/29/2024,25.83,25.62,26.08,25.25,7.56M,0.81%
05/28/2024,25.62,25.75,25.83,25.33,6.14M,-0.16%
05/27/2024,25.67,25.33,25.75,25.08,5.01M,1.15%
05/26/2024,25.37,25.71,25.87,25.17,4.14M,-1.30%
05/23/2024,25.71,26.46,26.46,25.62,9.25M,-2.68%
05/22/2024,26.42,26.54,26.54,26.21,3.98M,-0.47%
05/21/2024,26.54,26.17,26.54,26.08,4.12M,1.43%
05/20/2024,26.17,26.17,26.25,25.96,3.72M,-1.10%
05/19/2024,26.46,26.42,26.62,26.17,3.52M,0.16%
05/16/2024,26.42,26.21,26.92,26.12,9.22M,0.96%
05/15/2024,26.17,26.25,26.42,26.04,5.30M,0.00%
05/14/2024,26.17,26.54,26.62,26.0,6.20M,-1.41%
05/13/2024,26.54,26.54,26.67,26.04,6.65M,-0.31%
05/12/2024,26.62,26.67,26.79,26.08,5.24M,-0.62%
05/09/2024,26.79,26.67,26.87,26.54,4.55M,-0.16%
05/08/2024,26.83,27.25,27.29,26.58,5.38M,-1.38%
05/07/2024,27.21,27.21,27.29,26.96,3.32M,0.15%
05/06/2024,27.17,26.67,27.54,26.67,6.86M,1.88%
05/05/2024,26.67,27.04,27.42,26.67,5.94M,-0.78%
05/02/2024,26.87,27.25,27.29,26.62,7.42M,-1.07%
05/01/2024,27.17,27.87,27.92,27.04,7.90M,-2.25%
04/30/2024,27.79,28.29,28.29,27.79,4.93M,-1.19%
04/29/2024,28.12,27.25,28.29,27.21,10.56M,3.85%
04/28/2024,27.08,27.12,27.21,26.58,4.96M,-0.15%
04/25/2024,27.12,27.75,27.75,27.08,4.33M,-1.06%
04/24/2024,27.42,28.04,28.33,27.33,6.85M,-2.08%
04/23/2024,28.0,28.0,28.33,27.87,8.01M,0.36%
04/22/2024,27.9,28.07,28.13,27.53,8.49M,-0.48%
04/21/2024,28.03,28.3,28.5,28.0,4.72M,-0.12%
04/18/2024,28.07,28.33,28.6,28.0,5.95M,-0.36%
04/17/2024,28.17,28.0,28.33,27.8,8.55M,0.84%
04/16/2024,27.93,28.87,28.9,27.93,8.79M,-3.23%
04/15/2024,28.87,29.07,29.4,28.83,6.38M,-0.57%
04/14/2024,29.03,28.67,29.4,28.67,4.36M,-2.02%
04/04/2024,29.63,29.33,29.67,29.0,4.03M,1.48%
04/03/2024,29.2,28.47,29.53,28.37,5.04M,3.42%
04/02/2024,28.23,28.23,28.57,27.8,5.57M,0.83%
04/01/2024,28.0,28.37,28.57,27.9,2.94M,-1.29%
03/31/2024,28.37,29.2,29.23,28.27,2.99M,-2.85%
03/28/2024,29.2,29.2,29.57,28.83,3.03M,0.46%
03/27/2024,29.07,29.63,29.87,28.9,5.45M,-2.02%
03/26/2024,29.67,29.27,29.67,29.13,6.94M,1.37%
03/25/2024,29.27,28.83,29.3,28.67,4.91M,1.50%
03/24/2024,28.83,29.23,29.33,28.83,1.57M,-1.03%
03/21/2024,29.13,28.5,29.6,28.5,8.94M,2.58%
03/20/2024,28.4,28.67,28.67,28.27,2.94M,-0.70%
03/19/2024,28.6,28.53,28.73,28.13,4.09M,0.23%
03/18/2024,28.53,28.33,28.57,27.77,3.50M,0.71%
03/17/2024,28.33,28.9,28.97,28.33,2.54M,-1.96%
03/14/2024,28.9,29.33,29.73,28.77,6.68M,-1.25%
03/13/2024,29.27,28.7,29.4,28.7,5.44M,1.86%
03/12/2024,28.73,28.33,28.9,28.33,3.21M,0.70%
03/11/2024,28.53,28.37,28.63,28.13,2.24M,0.47%
03/10/2024,28.4,28.47,28.63,28.33,1.54M,-0.23%
03/07/2024,28.47,28.7,29.13,28.33,4.47M,-0.70%
03/06/2024,28.67,28.1,28.8,27.93,5.52M,2.02%
03/05/2024,28.1,28.33,28.4,27.97,5.81M,-0.82%
03/04/2024,28.33,28.8,29.0,28.2,6.57M,-1.62%
03/03/2024,28.8,29.3,29.4,28.57,3.43M,-1.71%
02/29/2024,29.3,29.53,29.67,29.3,5.21M,-0.68%
02/28/2024,29.5,29.77,29.8,29.5,3.88M,-0.90%
02/27/2024,29.77,29.97,29.97,29.57,4.51M,-0.67%
02/26/2024,29.97,29.6,30.0,29.53,6.20M,1.24%
02/25/2024,29.6,29.67,29.83,29.4,3.40M,-0.22%
02/21/2024,29.67,29.5,29.8,29.4,4.73M,0.56%
02/20/2024,29.5,29.4,29.53,29.13,4.28M,0.57%
02/19/2024,29.33,29.27,29.43,29.0,3.71M,0.46%
02/18/2024,29.2,29.27,29.5,29.0,4.09M,-0.23%
02/15/2024,29.27,29.07,29.6,29.0,4.97M,0.80%
02/14/2024,29.03,29.0,29.3,28.87,4.53M,-0.34%
02/13/2024,29.13,28.37,29.37,28.37,11.09M,2.34%
02/12/2024,28.47,28.67,28.67,28.17,5.11M,-0.70%
02/11/2024,28.67,28.67,28.93,28.6,3.24M,-0.35%
02/08/2024,28.77,28.0,28.87,27.97,8.95M,2.86%
02/07/2024,27.97,27.47,28.07,27.47,5.14M,0.24%
02/06/2024,27.9,28.43,28.63,27.4,12.78M,-0.95%
02/05/2024,28.17,28.43,28.57,27.93,4.72M,-0.35%
02/04/2024,28.27,28.13,28.43,28.07,2.55M,0.47%
02/01/2024,28.13,27.57,28.4,27.53,7.03M,1.81%
01/31/2024,27.63,28.0,28.47,27.63,8.56M,-1.89%
01/30/2024,28.17,28.7,28.97,28.1,7.41M,-2.42%
01/29/2024,28.87,28.93,29.2,28.77,5.02M,0.00%
01/28/2024,28.87,28.6,29.13,28.6,6.80M,0.93%
01/25/2024,28.6,28.9,28.93,28.57,4.99M,-1.04%
01/24/2024,28.9,28.57,28.9,28.5,6.49M,1.17%
01/23/2024,28.57,28.93,28.97,28.4,6.47M,-1.27%
01/22/2024,28.93,28.57,29.07,28.47,7.11M,1.28%
01/21/2024,28.57,28.37,28.77,28.33,5.08M,1.30%
01/18/2024,28.2,28.8,29.0,27.9,14.64M,-2.08%
01/17/2024,28.8,28.07,29.07,27.93,16.04M,2.61%
01/16/2024,28.07,28.33,28.57,28.03,6.43M,-1.17%
01/15/2024,28.4,27.83,28.6,27.83,8.64M,2.16%
01/14/2024,27.8,27.47,27.93,27.33,4.59M,0.72%
01/11/2024,27.6,27.6,27.93,27.6,7.32M,0.12%
01/10/2024,27.57,27.53,27.8,27.33,4.59M,0.12%
01/09/2024,27.53,27.47,27.77,27.23,6.05M,0.36%
01/08/2024,27.43,27.87,27.97,27.43,8.36M,-1.56%
01/07/2024,27.87,26.63,28.07,26.6,18.66M,4.89%
01/04/2024,26.57,25.5,26.63,25.37,10.50M,3.51%
01/03/2024,25.67,26.33,26.4,25.53,9.88M,-2.53%
01/02/2024,26.33,26.67,26.73,26.23,8.64M,-1.00%
01/01/2024,26.6,26.23,26.67,26.23,14.10M,3.23%
12/31/2023,25.77,25.67,25.83,25.67,2.52M,-0.26%
12/28/2023,25.83,25.8,25.87,25.6,3.33M,0.13%
12/27/2023,25.8,25.77,26.03,25.53,6.49M,0.26%
12/26/2023,25.73,25.27,26.0,25.27,10.64M,1.85%
12/25/2023,25.27,25.27,25.4,25.07,7.86M,0.13%
12/24/2023,25.23,24.87,25.37,24.87,5.66M,1.47%
12/21/2023,24.87,25.03,25.13,24.73,5.02M,-1.32%
12/20/2023,25.2,25.2,25.23,24.87,4.09M,0.00%
12/19/2023,25.2,25.2,25.37,25.03,5.71M,-0.26%
12/18/2023,25.27,25.13,25.4,24.83,7.92M,0.40%
12/17/2023,25.17,25.13,25.4,24.97,6.32M,0.13%
12/14/2023,25.13,24.67,25.23,24.67,13.84M,2.31%
12/13/2023,24.57,24.13,24.57,24.07,3.83M,1.80%
12/12/2023,24.13,24.5,24.7,24.1,4.92M,-1.09%
12/11/2023,24.4,24.0,24.8,23.97,12.16M,1.67%
12/10/2023,24.0,23.7,24.03,23.67,4.50M,1.55%
12/07/2023,23.63,23.53,23.93,23.53,3.74M,-0.42%
12/06/2023,23.73,23.4,23.77,23.27,4.58M,1.42%
12/05/2023,23.4,23.87,23.97,23.37,4.82M,-1.96%
12/04/2023,23.87,24.0,24.03,23.83,2.16M,-0.56%
12/03/2023,24.0,23.83,24.0,23.8,2.45M,0.56%
11/30/2023,23.87,23.5,23.87,23.33,8.44M,1.27%
11/29/2023,23.57,23.83,23.83,23.5,3.22M,-0.42%
11/28/2023,23.67,23.63,23.73,23.4,2.45M,0.14%
11/27/2023,23.63,23.33,23.67,23.17,3.99M,0.85%
11/26/2023,23.43,23.43,23.53,23.23,1.88M,0.14%
11/23/2023,23.4,23.73,23.83,23.23,3.35M,-1.68%
11/22/2023,23.8,23.87,23.9,23.7,2.25M,-0.42%
11/21/2023,23.9,23.8,23.93,23.67,2.49M,0.14%
11/20/2023,23.87,23.8,23.87,23.67,5.15M,0.00%
11/19/2023,23.87,23.8,24.07,23.7,2.63M,-0.28%
11/16/2023,23.93,24.1,24.1,23.67,5.55M,-0.28%
11/15/2023,24.0,23.67,24.07,23.63,8.95M,2.56%
11/14/2023,23.4,22.8,23.6,22.8,6.03M,2.78%
11/13/2023,22.77,23.23,23.23,22.73,4.49M,-1.73%
11/12/2023,23.17,23.2,23.47,23.1,2.55M,-0.29%
11/09/2023,23.23,23.3,23.4,22.87,4.52M,-1.41%
11/08/2023,23.57,23.4,23.7,23.37,5.97M,0.14%
11/07/2023,23.53,23.53,23.7,23.27,5.73M,-0.56%
11/06/2023,23.67,23.8,24.0,23.27,7.80M,-0.42%
11/05/2023,23.77,23.87,24.1,23.67,5.96M,0.42%
11/02/2023,23.67,23.03,23.97,23.0,12.67M,2.75%
11/01/2023,23.03,22.1,23.33,21.93,12.21M,5.02%
10/31/2023,21.93,22.0,22.47,21.9,8.84M,0.15%
10/30/2023,21.9,21.57,22.07,21.57,5.96M,1.70%
10/29/2023,21.53,21.53,21.77,21.3,3.13M,0.00%
10/26/2023,21.53,21.8,22.0,21.5,7.45M,-1.67%
10/25/2023,21.9,22.07,22.4,21.7,14.68M,3.14%
10/24/2023,21.23,20.4,21.33,20.33,9.20M,4.43%
10/23/2023,20.33,20.83,21.07,20.2,11.17M,-2.09%
10/22/2023,20.77,21.63,21.67,20.77,5.42M,-3.86%
10/19/2023,21.6,22.0,22.17,21.57,6.34M,-1.82%
10/18/2023,22.0,21.67,22.0,21.4,5.23M,1.69%
10/17/2023,21.63,21.2,21.8,21.2,6.89M,2.04%
10/16/2023,21.2,21.1,21.3,21.0,5.42M,0.95%
10/15/2023,21.0,21.1,21.27,20.87,3.48M,-0.47%
10/12/2023,21.1,21.33,21.47,20.67,11.91M,-0.78%
10/11/2023,21.27,21.83,22.1,21.03,7.91M,-2.74%
10/10/2023,21.87,21.8,22.27,21.67,6.39M,0.61%
10/09/2023,21.73,21.57,21.87,21.43,6.30M,0.15%
10/08/2023,21.7,21.93,21.97,21.5,5.13M,-1.51%
10/05/2023,22.03,22.27,22.27,22.0,4.33M,-0.90%
10/04/2023,22.23,22.6,22.63,22.13,4.17M,-1.91%
10/03/2023,22.67,22.67,22.83,22.37,6.60M,0.00%
10/02/2023,22.67,22.37,22.8,22.37,5.74M,1.04%
10/01/2023,22.43,22.3,22.63,22.13,4.99M,0.75%
09/28/2023,22.27,22.3,22.53,22.2,8.02M,0.15%
09/27/2023,22.23,22.1,22.4,21.93,11.03M,0.60%
09/26/2023,22.1,22.27,22.4,21.93,12.21M,-1.04%
09/25/2023,22.33,22.0,22.73,21.87,10.62M,0.75%
09/21/2023,22.17,22.83,22.93,22.07,10.02M,-2.92%
09/20/2023,22.83,22.93,22.97,22.67,4.08M,-0.44%
09/19/2023,22.93,22.5,22.97,22.37,7.61M,1.93%
09/18/2023,22.5,22.63,22.77,22.33,4.51M,-0.59%
09/17/2023,22.63,22.93,23.0,22.6,3.01M,-1.74%
09/14/2023,23.03,22.97,23.03,22.77,4.74M,0.73%
09/13/2023,22.87,22.8,22.97,22.6,4.61M,-0.29%
09/12/2023,22.93,23.3,23.33,22.87,4.65M,-1.43%
09/11/2023,23.27,23.13,23.33,22.8,6.62M,0.72%
09/10/2023,23.1,23.4,23.43,22.83,6.62M,-1.70%
09/07/2023,23.5,23.67,23.73,23.23,5.17M,-0.70%
09/06/2023,23.67,24.0,24.03,23.5,6.44M,-1.66%
09/05/2023,24.07,24.03,24.27,23.83,4.52M,0.00%
09/04/2023,24.07,24.2,24.33,23.83,3.65M,-0.14%
09/03/2023,24.1,24.57,24.63,23.97,2.62M,-2.03%
08/31/2023,24.6,24.6,24.6,24.33,4.97M,0.54%
08/30/2023,24.47,23.67,24.73,23.63,10.23M,3.53%
08/29/2023,23.63,23.63,23.8,23.5,2.30M,0.28%
08/28/2023,23.57,23.6,23.73,23.53,3.15M,0.00%
08/27/2023,23.57,23.57,23.83,23.53,3.24M,-0.14%
08/24/2023,23.6,23.53,23.77,23.5,3.20M,0.57%
08/23/2023,23.47,23.6,23.83,23.47,4.41M,-0.85%
08/22/2023,23.67,23.7,23.8,23.53,5.05M,-0.84%
08/21/2023,23.87,24.03,24.1,23.87,3.45M,-0.69%
08/20/2023,24.03,23.97,24.2,23.9,3.20M,0.28%
08/17/2023,23.97,23.43,24.07,23.33,5.17M,1.99%
08/16/2023,23.5,23.53,23.8,23.37,3.21M,-0.42%
08/15/2023,23.6,23.93,23.93,23.6,3.20M,-1.39%
08/14/2023,23.93,24.23,24.27,23.93,4.27M,-1.37%
08/13/2023,24.27,24.13,24.43,24.1,4.27M,-0.14%
08/10/2023,24.3,23.87,24.33,23.7,7.30M,1.53%
08/09/2023,23.93,23.7,24.17,23.23,8.26M,1.27%
08/08/2023,23.63,23.6,24.0,23.57,4.54M,0.57%
08/07/2023,23.5,23.8,23.97,23.5,6.50M,-1.26%
08/06/2023,23.8,24.03,24.2,23.67,5.65M,-0.83%
08/03/2023,24.0,24.17,24.27,23.83,12.32M,-1.77%
08/02/2023,24.43,24.6,24.73,24.43,8.84M,-0.68%
08/01/2023,24.6,24.67,25.07,24.57,7.27M,-0.27%
07/31/2023,24.67,25.07,25.07,24.67,7.02M,-1.07%
07/30/2023,24.93,25.03,25.47,24.87,5.15M,-1.19%
07/27/2023,25.23,25.57,25.77,25.23,5.43M,-1.30%
07/26/2023,25.57,26.5,26.5,25.47,12.14M,-3.52%
07/25/2023,26.5,25.17,26.53,25.17,23.06M,8.46%
07/24/2023,24.43,24.33,24.53,24.23,4.40M,0.41%
07/23/2023,24.33,24.47,24.5,24.17,2.55M,-0.14%
07/20/2023,24.37,24.37,24.57,24.27,2.82M,0.27%
07/19/2023,24.3,24.37,24.67,24.3,4.00M,-0.27%
07/18/2023,24.37,23.9,24.73,23.87,10.34M,1.95%
07/17/2023,23.9,23.9,24.1,23.57,8.70M,0.14%
07/16/2023,23.87,24.13,24.3,23.87,4.02M,-0.83%
07/13/2023,24.07,24.13,24.3,23.87,4.79M,-0.28%
07/12/2023,24.13,23.8,24.2,23.8,7.46M,1.69%
07/11/2023,23.73,23.27,23.73,23.27,4.28M,2.01%
07/10/2023,23.27,23.23,23.4,23.17,4.23M,-0.29%
07/09/2023,23.33,22.97,23.33,22.93,5.25M,1.60%
07/06/2023,22.97,22.67,23.0,22.57,5.05M,1.32%
07/05/2023,22.67,22.6,22.73,22.43,2.92M,0.29%
07/04/2023,22.6,22.67,22.8,22.6,2.22M,-0.29%
07/03/2023,22.67,22.53,22.67,22.43,3.70M,0.15%
07/02/2023,22.63,22.43,22.63,22.43,2.92M,1.34%
06/22/2023,22.33,22.63,22.63,22.27,3.97M,-1.47%
06/21/2023,22.67,22.23,22.67,22.23,3.57M,1.95%
06/20/2023,22.23,22.1,22.23,22.03,2.02M,0.15%
06/19/2023,22.2,22.4,22.43,22.1,4.49M,-0.89%
06/18/2023,22.4,22.67,22.73,22.4,3.21M,-1.18%
06/15/2023,22.67,22.67,22.77,22.57,5.53M,0.00%
06/14/2023,22.67,22.67,22.93,22.63,4.21M,-0.29%
06/13/2023,22.73,22.57,22.8,22.57,4.41M,0.74%
06/12/2023,22.57,22.7,22.8,22.43,3.70M,-0.59%
06/11/2023,22.7,22.57,22.9,22.57,3.18M,1.04%
06/08/2023,22.47,22.53,22.9,22.4,4.69M,0.15%
06/07/2023,22.43,22.23,23.0,22.23,8.35M,1.20%
06/06/2023,22.17,21.87,22.4,21.87,8.79M,0.76%
06/05/2023,22.0,21.77,22.3,21.73,10.38M,1.07%
06/04/2023,21.77,21.47,21.87,21.47,4.64M,1.87%
06/01/2023,21.37,21.43,21.77,21.37,4.18M,-1.84%
05/31/2023,21.77,21.47,21.77,21.0,21.63M,0.46%
05/30/2023,21.67,21.5,22.0,21.5,4.95M,0.31%
05/29/2023,21.6,21.37,21.8,21.37,5.00M,1.25%
05/28/2023,21.33,21.87,22.13,21.33,5.18M,-2.44%
05/25/2023,21.87,22.03,22.27,21.83,5.45M,-1.50%
05/24/2023,22.2,21.9,22.3,21.83,8.84M,0.76%
05/23/2023,22.03,21.87,22.17,21.87,7.99M,0.15%
05/22/2023,22.0,21.43,22.0,21.37,9.59M,2.64%
05/21/2023,21.43,21.53,21.7,21.4,3.29M,-0.31%
05/18/2023,21.5,21.0,21.8,21.0,14.50M,2.54%
05/17/2023,20.97,20.93,21.03,20.8,4.69M,0.48%
05/16/2023,20.87,20.9,21.1,20.87,6.20M,0.32%
05/15/2023,20.8,21.07,21.07,20.73,6.00M,-0.79%
05/14/2023,20.97,21.13,21.2,20.97,6.10M,-0.32%
05/11/2023,21.03,20.8,21.03,20.8,5.51M,1.28%
05/10/2023,20.77,20.9,20.97,20.77,3.23M,-0.80%
05/09/2023,20.93,21.0,21.03,20.77,6.59M,-0.48%
05/08/2023,21.03,20.97,21.03,20.77,9.04M,0.32%
05/07/2023,20.97,20.87,21.0,20.87,9.65M,0.96%
05/04/2023,20.77,20.57,20.93,20.4,11.43M,0.81%
05/03/2023,20.6,21.23,21.23,20.57,34.28M,-5.65%
05/02/2023,21.83,21.5,21.83,21.33,8.67M,1.39%
05/01/2023,21.53,21.17,21.73,21.0,13.87M,1.25%
04/30/2023,21.27,21.2,21.33,21.17,6.84M,0.79%
04/27/2023,21.1,21.2,21.2,20.83,9.69M,-0.63%
04/26/2023,21.23,21.1,21.27,20.87,8.71M,0.47%
04/25/2023,21.13,21.37,21.43,20.8,6.55M,-1.09%
04/17/2023,21.37,21.5,21.57,21.33,4.96M,-0.62%
04/16/2023,21.5,21.4,21.63,21.37,3.58M,0.47%
04/13/2023,21.4,21.33,21.67,21.27,5.99M,0.31%
04/12/2023,21.33,20.93,21.53,20.93,7.70M,1.91%
04/11/2023,20.93,21.03,21.1,20.73,3.60M,-0.48%
04/10/2023,21.03,21.17,21.27,20.97,2.72M,-0.63%
04/09/2023,21.17,21.07,21.47,21.07,3.88M,0.63%
04/06/2023,21.03,21.23,21.3,20.87,4.87M,-1.10%
04/05/2023,21.27,21.03,21.47,20.77,9.12M,1.27%
04/04/2023,21.0,20.67,21.03,20.63,9.87M,1.78%
04/03/2023,20.63,19.9,20.7,19.87,19.69M,4.38%
04/02/2023,19.77,19.87,19.9,19.7,9.48M,0.68%
03/30/2023,19.63,19.5,19.8,19.5,8.46M,0.86%
03/29/2023,19.47,19.73,19.83,19.23,7.32M,-1.35%
03/28/2023,19.73,19.77,19.9,19.63,5.48M,0.00%
03/27/2023,19.73,19.77,19.97,19.63,6.74M,-0.17%
03/26/2023,19.77,19.67,19.83,19.6,3.03M,0.34%
03/23/2023,19.7,19.6,19.7,19.4,4.00M,0.34%
03/22/2023,19.63,19.87,20.07,19.57,7.84M,-1.17%
03/21/2023,19.87,19.47,19.93,19.4,7.19M,2.41%
03/20/2023,19.4,19.53,19.63,19.33,9.89M,-1.36%
03/19/2023,19.67,19.27,19.73,19.13,6.18M,3.15%
03/16/2023,19.07,18.93,19.67,18.83,13.78M,0.35%
03/15/2023,19.0,19.63,19.67,18.87,8.07M,-1.38%
03/14/2023,19.27,19.27,19.7,19.13,8.68M,-1.37%
03/13/2023,19.53,20.07,20.37,19.53,9.58M,-2.17%
03/12/2023,19.97,20.33,20.33,19.63,10.27M,-2.44%
03/09/2023,20.47,20.57,20.93,20.47,6.33M,-0.49%
03/08/2023,20.57,20.4,20.67,20.13,6.44M,-0.96%
03/07/2023,20.77,20.37,20.93,20.3,9.40M,1.80%
03/06/2023,20.4,20.47,20.53,20.17,5.18M,-0.33%
03/05/2023,20.47,20.07,20.57,20.07,8.68M,2.33%
03/02/2023,20.0,19.47,20.13,19.43,8.61M,3.09%
03/01/2023,19.4,19.67,19.9,19.3,7.24M,-1.19%
02/28/2023,19.63,18.57,19.63,18.5,10.23M,5.94%
02/27/2023,18.53,18.43,18.63,18.27,8.35M,-0.36%
02/26/2023,18.6,18.73,18.8,18.43,5.14M,-1.06%
02/23/2023,18.8,18.8,18.9,18.6,4.90M,-0.53%
02/21/2023,18.9,19.4,19.53,18.9,6.87M,-2.74%
02/20/2023,19.43,19.87,19.9,19.43,5.37M,-2.18%
02/19/2023,19.87,19.87,19.97,19.7,2.21M,0.00%
02/16/2023,19.87,20.0,20.07,19.87,3.78M,-0.67%
02/15/2023,20.0,19.8,20.0,19.7,3.70M,0.33%
02/14/2023,19.93,20.33,20.4,19.93,5.42M,-1.64%
02/13/2023,20.27,19.83,20.27,19.73,9.11M,2.01%
02/12/2023,19.87,19.5,19.97,19.47,7.37M,2.23%
02/09/2023,19.43,19.57,19.67,19.17,15.58M,-0.51%
02/08/2023,19.53,19.17,19.7,19.07,16.12M,1.91%
02/07/2023,19.17,19.73,19.87,19.17,17.65M,-2.38%
02/06/2023,19.63,20.13,20.13,19.5,21.62M,-3.13%
02/05/2023,20.27,21.0,21.0,20.27,10.71M,-3.65%
02/02/2023,21.03,21.9,21.9,20.63,22.61M,-4.25%
02/01/2023,21.97,21.83,22.03,21.77,3.52M,0.30%
01/31/2023,21.9,22.03,22.03,21.67,6.21M,-0.45%
01/30/2023,22.0,22.27,22.3,21.87,6.02M,-0.75%
01/29/2023,22.17,22.1,22.27,21.97,3.81M,0.91%
01/26/2023,21.97,22.0,22.13,21.9,3.74M,-0.15%
01/25/2023,22.0,21.97,22.03,21.9,2.83M,0.15%
01/24/2023,21.97,21.93,22.13,21.87,5.23M,0.15%
01/23/2023,21.93,21.6,21.93,21.53,2.35M,1.23%
01/22/2023,21.67,21.67,21.8,21.57,2.60M,0.62%
01/19/2023,21.53,21.33,21.67,21.17,5.22M,0.94%
01/18/2023,21.33,22.07,22.37,21.33,9.19M,-4.05%
01/17/2023,22.23,22.3,22.4,21.97,6.26M,-0.15%
01/16/2023,22.27,21.9,22.4,21.8,5.06M,1.52%
01/15/2023,21.93,21.57,22.07,21.57,7.66M,2.17%
01/12/2023,21.47,21.33,21.57,21.33,5.65M,0.62%
01/11/2023,21.33,21.53,21.77,21.33,4.80M,-0.93%
01/10/2023,21.53,21.6,21.6,21.43,3.17M,-0.15%
01/09/2023,21.57,21.57,21.67,21.43,4.10M,0.31%
01/08/2023,21.5,21.77,21.9,21.47,2.33M,-1.07%
01/05/2023,21.73,21.67,21.83,21.57,2.75M,0.00%
01/04/2023,21.73,22.0,22.23,21.67,4.72M,-1.21%
01/03/2023,22.0,21.87,22.13,21.83,3.20M,0.61%
01/02/2023,21.87,21.73,21.87,21.7,2.29M,0.61%
01/01/2023,21.73,21.7,21.87,21.6,1.25M,0.15%
12/29/2022,21.7,21.6,21.87,21.4,4.78M,0.31%
12/28/2022,21.63,21.37,21.63,21.27,3.76M,0.93%
12/27/2022,21.43,21.17,21.63,21.07,3.27M,1.58%
12/26/2022,21.1,21.17,21.33,21.07,1.96M,-0.78%
12/25/2022,21.27,21.47,21.53,21.27,1.67M,-0.93%
12/22/2022,21.47,21.8,21.83,21.47,2.51M,-0.92%
12/21/2022,21.67,21.73,22.0,21.57,5.33M,0.62%
12/20/2022,21.53,21.07,21.6,20.77,3.21M,1.73%
12/19/2022,21.17,21.3,21.4,20.97,3.43M,-0.78%
12/18/2022,21.33,21.33,21.73,21.23,2.95M,-0.47%
12/15/2022,21.43,21.3,21.43,21.07,5.69M,0.47%
12/14/2022,21.33,21.77,22.23,21.2,6.78M,-1.08%
12/13/2022,21.57,20.63,21.97,20.53,8.12M,5.89%
12/12/2022,20.37,20.03,20.67,19.47,6.80M,1.66%
12/11/2022,20.03,20.93,21.27,20.03,5.18M,-4.30%
12/08/2022,20.93,21.07,21.5,20.7,10.90M,-0.63%
12/07/2022,21.07,21.57,21.6,21.07,5.19M,-2.32%
12/06/2022,21.57,21.33,21.7,20.73,6.85M,1.09%
12/05/2022,21.33,22.0,22.13,21.33,7.03M,-3.03%
12/04/2022,22.0,22.53,22.67,22.0,2.79M,-2.37%
12/01/2022,22.53,23.0,23.33,22.47,7.75M,-2.03%
11/30/2022,23.0,22.0,23.0,21.73,11.55M,4.55%
11/29/2022,22.0,22.3,22.73,21.9,6.23M,-1.35%
11/28/2022,22.3,21.33,22.5,21.17,5.78M,1.83%
11/27/2022,21.9,22.4,22.4,21.67,3.51M,-2.23%
11/24/2022,22.4,23.0,23.0,22.13,7.08M,-2.47%
11/22/2022,22.97,22.9,23.0,22.63,5.56M,0.15%
11/21/2022,22.93,23.63,23.63,22.37,12.69M,-3.23%
11/20/2022,23.7,24.03,24.03,23.5,5.47M,-1.66%
11/17/2022,24.1,24.63,24.63,23.87,6.25M,-2.17%
11/16/2022,24.63,24.73,24.87,24.43,5.59M,-1.07%
11/15/2022,24.9,25.2,25.27,24.77,3.66M,-1.45%
11/14/2022,25.27,25.33,25.33,24.87,4.86M,-0.26%
11/13/2022,25.33,25.67,25.7,25.33,5.53M,-0.39%
11/10/2022,25.43,25.67,25.67,25.07,5.04M,-1.17%
11/09/2022,25.73,25.53,26.0,25.5,7.31M,0.13%
11/08/2022,25.7,25.6,25.77,25.37,6.12M,0.26%
11/07/2022,25.63,25.07,25.63,24.87,11.40M,2.53%
11/06/2022,25.0,25.0,25.17,24.87,4.03M,1.35%
11/03/2022,24.67,25.1,25.33,24.6,9.46M,-2.63%
11/02/2022,25.33,24.93,25.33,24.7,11.21M,1.60%
11/01/2022,24.93,25.0,25.03,24.73,5.06M,-0.27%
10/31/2022,25.0,24.67,25.03,24.57,8.53M,1.35%
10/30/2022,24.67,24.83,25.1,24.6,5.63M,-0.80%
10/27/2022,24.87,24.23,25.0,24.17,16.56M,2.61%
10/26/2022,24.23,24.57,24.57,24.0,8.75M,-0.95%
10/25/2022,24.47,24.67,24.67,24.2,6.92M,-0.81%
10/24/2022,24.67,24.33,24.73,24.2,7.78M,0.95%
10/23/2022,24.43,24.77,24.87,24.33,9.62M,-0.27%
10/20/2022,24.5,23.93,24.5,23.9,16.69M,2.65%
10/19/2022,23.87,24.47,24.63,23.83,11.97M,-2.19%
10/18/2022,24.4,24.03,24.67,24.03,12.29M,2.23%
10/17/2022,23.87,23.77,23.97,23.53,6.37M,0.85%
10/16/2022,23.67,23.87,24.0,23.53,5.81M,-0.84%
10/13/2022,23.87,24.17,24.3,23.77,7.36M,-1.38%
10/12/2022,24.2,24.4,24.57,24.1,8.14M,-0.55%
10/11/2022,24.33,24.17,24.57,24.13,6.30M,0.00%
10/10/2022,24.33,24.47,24.8,24.07,5.65M,-0.95%
10/09/2022,24.57,24.87,25.0,24.43,4.21M,-2.25%
10/06/2022,25.13,25.2,25.4,25.13,2.46M,-0.26%
10/05/2022,25.2,25.7,25.87,25.07,7.39M,-1.43%
10/04/2022,25.57,25.43,25.77,25.43,9.32M,1.05%
10/03/2022,25.3,24.77,25.3,24.73,10.97M,2.71%
10/02/2022,24.63,24.2,24.63,24.0,5.90M,1.93%
09/29/2022,24.17,23.63,24.2,23.63,8.40M,3.57%
09/28/2022,23.33,23.43,23.6,23.23,7.23M,0.29%
09/27/2022,23.27,23.03,23.53,22.97,9.69M,1.16%
09/26/2022,23.0,23.47,23.77,22.87,14.55M,-2.95%
09/25/2022,23.7,24.0,24.03,23.5,6.91M,-3.27%
09/21/2022,24.5,24.5,24.6,24.03,6.06M,0.68%
09/20/2022,24.33,24.4,24.63,24.33,6.26M,1.39%
09/19/2022,24.0,24.07,24.43,24.0,5.53M,-0.96%
09/18/2022,24.23,24.57,24.57,24.17,5.39M,-1.36%
09/15/2022,24.57,24.6,24.87,24.53,6.84M,0.96%
09/14/2022,24.33,24.4,24.57,24.03,6.58M,-1.75%
09/13/2022,24.77,25.33,25.4,24.57,14.83M,-1.98%
09/12/2022,25.27,25.23,25.3,24.73,5.71M,2.02%
09/11/2022,24.77,24.67,25.17,24.6,6.68M,1.78%
09/08/2022,24.33,23.77,24.33,23.67,8.63M,1.96%
09/07/2022,23.87,24.13,24.4,23.47,10.02M,-1.10%
09/06/2022,24.13,24.7,25.0,24.13,6.83M,-2.69%
09/05/2022,24.8,24.67,25.2,24.67,4.69M,0.40%
09/04/2022,24.7,24.7,24.8,24.6,6.95M,-0.40%
09/01/2022,24.8,25.03,25.07,24.63,19.72M,-2.11%
08/31/2022,25.33,25.67,25.7,25.27,7.16M,-1.55%
08/30/2022,25.73,25.67,25.83,25.6,4.45M,0.26%
08/29/2022,25.67,25.33,25.7,25.33,7.90M,1.45%
08/28/2022,25.3,25.33,25.4,25.23,5.60M,-0.91%
08/25/2022,25.53,25.4,25.63,25.33,6.18M,0.79%
08/24/2022,25.33,25.53,25.6,25.07,7.23M,-1.04%
08/23/2022,25.6,26.0,26.1,25.57,9.05M,-1.66%
08/22/2022,26.03,26.0,26.33,25.97,6.74M,-0.13%
08/21/2022,26.07,26.27,26.3,25.93,5.49M,-0.76%
08/18/2022,26.27,26.2,26.5,26.2,6.39M,0.38%
08/17/2022,26.17,25.6,26.33,25.57,11.60M,2.35%
08/16/2022,25.57,25.27,25.57,25.2,5.67M,1.19%
08/15/2022,25.27,25.53,25.53,25.2,5.20M,-1.04%
08/14/2022,25.53,25.43,25.67,25.43,3.90M,0.39%
08/11/2022,25.43,25.4,25.63,25.3,5.26M,0.39%
08/10/2022,25.33,25.13,25.33,25.1,4.12M,0.93%
08/09/2022,25.1,25.33,25.37,25.1,4.37M,-0.79%
08/08/2022,25.3,25.03,25.43,25.03,6.09M,1.07%
08/07/2022,25.03,25.1,25.17,24.87,3.27M,-0.27%
08/04/2022,25.1,24.93,25.2,24.93,4.41M,0.80%
08/03/2022,24.9,25.0,25.03,24.77,5.74M,-0.80%
08/02/2022,25.1,25.2,25.2,24.97,5.91M,-0.66%
08/01/2022,25.27,25.2,25.3,25.07,6.59M,-0.13%
07/31/2022,25.3,25.43,25.57,25.2,5.57M,-0.26%
07/28/2022,25.37,25.43,25.83,25.3,13.82M,-0.13%
07/27/2022,25.4,25.23,25.73,25.1,15.79M,1.87%
07/26/2022,24.93,24.87,25.07,24.73,3.79M,0.40%
07/25/2022,24.83,24.93,24.97,24.63,7.77M,-0.80%
07/24/2022,25.03,25.13,25.2,24.83,7.46M,-0.13%
07/21/2022,25.07,25.0,25.13,24.47,10.20M,0.80%
07/20/2022,24.87,24.43,25.47,24.43,16.77M,2.75%
07/19/2022,24.2,23.13,24.33,23.13,13.48M,4.91%
07/18/2022,23.07,22.13,23.07,22.07,17.55M,4.37%
07/17/2022,22.1,21.93,22.27,21.7,8.37M,3.59%
07/14/2022,21.33,22.1,22.37,21.33,6.53M,-4.05%
07/13/2022,22.23,22.17,22.67,21.93,9.66M,0.15%
07/06/2022,22.2,22.0,22.47,21.8,8.75M,0.45%
07/05/2022,22.1,22.2,22.3,21.83,6.55M,-0.75%
07/04/2022,22.27,22.13,22.33,22.0,5.04M,0.60%
07/03/2022,22.13,22.4,22.6,21.87,4.37M,-0.60%
06/30/2022,22.27,22.67,22.8,22.27,5.98M,-1.76%
06/29/2022,22.67,22.73,22.87,22.5,4.73M,-0.73%
06/28/2022,22.83,22.6,22.87,22.0,5.13M,0.88%
06/27/2022,22.63,22.8,23.1,22.6,11.00M,0.15%
06/26/2022,22.6,22.3,22.83,22.27,7.73M,3.83%
06/23/2022,21.77,22.0,22.13,21.5,9.82M,-0.46%
06/22/2022,21.87,22.67,22.67,21.87,9.48M,-3.53%
06/21/2022,22.67,21.83,22.8,21.83,14.37M,4.62%
06/20/2022,21.67,21.47,22.13,20.8,16.09M,0.46%
06/19/2022,21.57,22.37,22.53,21.43,16.72M,-6.50%
06/16/2022,23.07,23.93,24.2,23.07,10.95M,-2.54%
06/15/2022,23.67,24.0,24.13,23.67,7.37M,-0.70%
06/14/2022,23.83,23.6,24.2,22.9,18.94M,0.99%
06/13/2022,23.6,23.33,24.17,23.27,23.42M,0.57%
06/12/2022,23.47,23.67,23.67,23.2,10.69M,-2.22%
06/09/2022,24.0,24.2,24.33,23.9,9.91M,-0.83%
06/08/2022,24.2,24.77,25.0,24.2,13.62M,-1.89%
06/07/2022,24.67,24.87,25.03,24.6,7.73M,-0.80%
06/06/2022,24.87,25.07,25.4,24.87,12.72M,-0.13%
06/05/2022,24.9,24.53,25.03,24.43,5.54M,0.67%
06/02/2022,24.73,25.0,25.0,24.37,11.35M,-1.07%
06/01/2022,25.0,25.7,25.9,25.0,13.85M,-2.60%
05/31/2022,25.67,26.33,26.37,25.43,27.92M,-1.91%
05/30/2022,26.17,25.87,26.17,25.73,12.66M,1.55%
05/29/2022,25.77,25.47,25.77,25.47,7.55M,1.71%
05/26/2022,25.33,25.43,25.93,25.07,16.03M,-0.13%
05/25/2022,25.37,24.1,25.43,24.07,16.52M,5.40%
05/24/2022,24.07,23.33,24.07,23.07,9.91M,3.14%
05/23/2022,23.33,23.7,23.9,22.97,14.04M,-0.71%
05/22/2022,23.5,24.2,24.23,22.93,16.36M,-1.95%
05/19/2022,23.97,23.33,24.1,23.2,13.34M,-2.18%
05/18/2022,24.5,24.8,25.0,24.17,14.51M,-0.41%
05/17/2022,24.6,24.33,24.6,22.57,28.95M,1.10%
05/16/2022,24.33,25.3,25.43,24.33,11.64M,-2.41%
05/15/2022,24.93,24.93,25.2,24.47,17.16M,1.91%
05/12/2022,24.47,26.33,26.33,24.13,26.39M,-7.09%
05/11/2022,26.33,27.2,27.67,26.33,9.56M,-3.19%
05/10/2022,27.2,27.8,27.87,27.2,10.46M,-2.39%
05/09/2022,27.87,27.73,28.2,27.7,14.29M,0.60%
05/08/2022,27.7,27.77,28.0,27.67,7.66M,0.24%
04/28/2022,27.63,27.87,27.87,27.6,7.53M,0.12%
04/27/2022,27.6,27.47,27.6,27.4,5.94M,0.12%
04/26/2022,27.57,27.8,27.9,27.27,9.02M,-0.84%
04/25/2022,27.8,27.0,27.8,26.7,10.13M,2.96%
04/24/2022,27.0,27.1,27.1,26.57,5.78M,-0.37%
04/21/2022,27.1,27.37,27.5,26.8,6.42M,-0.85%
04/20/2022,27.33,27.33,27.33,26.8,13.69M,-0.12%
04/19/2022,27.37,27.73,27.83,27.33,12.00M,-1.32%
04/18/2022,27.73,27.67,28.0,27.67,7.51M,0.24%
04/17/2022,27.67,27.77,27.9,27.27,7.19M,-0.60%
04/14/2022,27.83,27.6,28.0,26.6,11.71M,0.36%
04/13/2022,27.73,28.1,28.3,27.4,15.65M,-1.19%
04/12/2022,28.07,27.83,28.2,27.8,15.14M,0.84%
04/11/2022,27.83,27.97,28.1,27.83,13.84M,-0.48%
04/10/2022,27.97,28.07,28.27,27.9,11.17M,-0.12%
04/07/2022,28.0,25.83,28.23,25.83,17.63M,0.48%
04/06/2022,27.87,26.87,28.07,26.73,27.58M,3.72%
04/05/2022,26.87,26.5,26.93,26.47,18.04M,1.51%
04/04/2022,26.47,25.7,26.47,25.67,16.72M,2.58%
04/03/2022,25.8,26.07,26.07,25.73,3.87M,-0.39%
03/31/2022,25.9,25.8,26.0,25.7,9.60M,0.00%
03/30/2022,25.9,26.1,26.1,25.77,8.99M,-0.77%
03/29/2022,26.1,26.2,26.27,25.93,14.70M,-0.13%
03/28/2022,26.13,25.93,26.13,25.8,11.70M,0.77%
03/27/2022,25.93,25.77,26.1,25.73,12.72M,0.13%
03/24/2022,25.9,25.73,25.93,25.4,14.48M,0.91%
03/23/2022,25.67,25.1,25.73,25.1,13.94M,2.26%
03/22/2022,25.1,25.47,25.5,24.97,14.72M,-1.44%
03/21/2022,25.47,26.17,26.2,25.33,27.77M,-2.30%
03/20/2022,26.07,24.9,26.33,24.9,35.64M,4.97%
03/17/2022,24.83,24.17,24.9,24.07,40.50M,3.47%
03/16/2022,24.0,23.1,24.0,23.1,35.52M,3.90%
03/15/2022,23.1,22.77,23.1,22.57,11.50M,1.32%
03/14/2022,22.8,22.7,23.03,22.5,11.90M,0.00%
03/13/2022,22.8,23.07,23.13,22.7,8.30M,-0.73%
03/10/2022,22.97,22.77,23.07,22.77,10.11M,1.17%
03/09/2022,22.7,22.43,23.13,22.4,14.71M,1.19%
03/08/2022,22.43,21.97,22.63,21.67,20.20M,1.97%
03/07/2022,22.0,22.9,22.93,21.73,26.21M,-3.93%
03/06/2022,22.9,23.73,23.87,22.9,13.83M,-3.38%
03/03/2022,23.7,23.73,23.93,23.57,16.37M,0.14%
03/02/2022,23.67,23.9,23.97,23.27,16.76M,-0.70%
03/01/2022,23.83,23.67,24.17,23.67,21.86M,0.70%
02/28/2022,23.67,23.13,23.77,22.77,26.33M,2.31%
02/27/2022,23.13,23.07,23.43,22.93,20.58M,2.97%
02/24/2022,22.47,22.0,22.67,21.8,47.22M,-2.46%
02/23/2022,23.03,23.0,23.7,22.73,34.39M,-0.86%
02/21/2022,23.23,22.57,24.1,22.57,54.09M,2.95%
02/20/2022,22.57,21.43,22.77,21.4,40.83M,5.78%
02/17/2022,21.33,21.33,21.57,21.2,16.27M,0.16%
02/16/2022,21.3,20.77,21.5,20.77,28.58M,2.57%
02/15/2022,20.77,20.2,20.77,20.17,28.19M,2.47%
02/14/2022,20.27,19.7,20.27,19.6,22.65M,2.70%
02/13/2022,19.73,19.77,19.87,19.47,18.76M,-1.33%
02/10/2022,20.0,19.6,20.07,19.6,20.24M,2.04%
02/09/2022,19.6,19.57,19.7,19.47,9.61M,0.17%
02/08/2022,19.57,19.37,19.6,19.27,12.02M,0.86%
02/07/2022,19.4,19.6,19.7,19.4,20.30M,-1.85%
02/06/2022,19.77,19.67,19.77,19.27,14.92M,0.85%
02/03/2022,19.6,19.7,19.8,19.53,12.58M,-0.51%
02/02/2022,19.7,19.83,20.0,19.67,15.03M,0.00%
02/01/2022,19.7,19.97,20.2,19.5,27.24M,-1.34%
01/31/2022,19.97,19.4,20.0,19.4,36.87M,3.28%
01/30/2022,19.33,18.97,19.5,18.97,25.06M,2.29%
01/27/2022,18.9,18.67,18.97,18.53,20.20M,1.07%
01/26/2022,18.7,18.63,18.73,18.53,13.42M,0.36%
01/25/2022,18.63,18.4,18.67,18.37,19.43M,1.27%
01/24/2022,18.4,18.27,18.47,18.27,12.75M,0.55%
01/23/2022,18.3,18.43,18.43,18.23,7.60M,-0.72%
01/20/2022,18.43,18.43,18.5,18.3,10.64M,0.00%
01/19/2022,18.43,18.47,18.6,18.3,11.00M,-0.36%
01/18/2022,18.5,18.57,18.8,18.47,14.88M,-0.54%
01/17/2022,18.6,18.43,18.6,18.27,14.02M,0.90%
01/16/2022,18.43,18.33,18.53,18.13,19.47M,1.65%
01/13/2022,18.13,17.77,18.17,17.73,19.62M,1.68%
01/12/2022,17.83,17.77,17.93,17.73,8.63M,0.38%
01/11/2022,17.77,17.43,17.83,17.23,18.67M,1.91%
01/10/2022,17.43,17.43,17.67,17.33,15.35M,0.19%
01/09/2022,17.4,16.97,17.47,16.93,22.32M,2.76%
01/06/2022,16.93,16.67,17.0,16.64,12.90M,1.20%
01/05/2022,16.73,16.63,16.83,16.63,13.45M,0.64%
01/04/2022,16.63,16.47,16.73,16.47,14.00M,1.30%
01/03/2022,16.41,16.53,16.7,16.31,14.74M,-0.73%
01/02/2022,16.53,15.99,16.63,15.96,11.69M,3.51%
12/30/2021,15.97,15.93,16.05,15.89,13.10M,0.42%
12/29/2021,15.91,16.0,16.08,15.83,13.71M,-0.58%
12/28/2021,16.0,15.83,16.0,15.83,9.97M,1.27%
12/27/2021,15.8,15.76,15.87,15.61,8.03M,0.00%
12/26/2021,15.8,15.75,15.84,15.72,6.07M,0.17%
12/23/2021,15.77,15.76,15.84,15.72,4.91M,0.17%
12/22/2021,15.75,15.91,15.97,15.69,6.97M,-0.59%
12/21/2021,15.84,15.75,15.92,15.75,7.80M,0.51%
12/20/2021,15.76,15.67,15.81,15.55,10.64M,0.00%
12/19/2021,15.76,15.84,15.96,15.59,11.70M,-1.50%
12/16/2021,16.0,15.67,16.04,15.63,17.92M,3.00%
12/15/2021,15.53,15.27,15.6,15.25,10.66M,1.75%
12/14/2021,15.27,15.35,15.37,15.24,5.79M,-0.52%
12/13/2021,15.35,15.47,15.53,15.35,8.15M,0.09%
12/12/2021,15.33,15.27,15.4,15.2,4.82M,0.09%
12/09/2021,15.32,15.37,15.44,15.2,7.24M,-0.17%
12/08/2021,15.35,15.55,15.55,15.33,6.72M,-0.95%
12/07/2021,15.49,15.55,15.6,15.43,9.82M,0.96%
12/06/2021,15.35,15.53,15.76,15.35,15.11M,-0.78%
12/05/2021,15.47,15.03,15.47,15.03,12.01M,3.11%
12/02/2021,15.0,15.08,15.15,14.96,10.08M,-0.71%
12/01/2021,15.11,15.19,15.36,15.01,13.07M,-0.53%
11/30/2021,15.19,15.31,15.31,14.8,24.79M,-1.04%
11/29/2021,15.35,15.47,15.65,15.27,16.77M,0.52%
11/28/2021,15.27,15.2,15.65,15.13,27.25M,-5.76%
11/25/2021,16.2,16.04,16.29,16.04,12.43M,1.08%
11/24/2021,16.03,15.89,16.13,15.89,15.17M,1.52%
11/23/2021,15.79,15.53,15.96,15.41,26.28M,0.85%
11/22/2021,15.65,16.43,16.47,15.65,23.47M,-5.02%
11/21/2021,16.48,16.73,16.8,16.43,14.47M,-3.06%
11/18/2021,17.0,17.0,17.1,16.87,8.97M,0.00%
11/17/2021,17.0,17.03,17.17,17.0,7.58M,-0.39%
11/16/2021,17.07,17.03,17.17,16.97,8.17M,0.20%
11/15/2021,17.03,17.17,17.2,17.0,7.14M,-0.97%
11/14/2021,17.2,17.07,17.23,16.93,10.15M,1.57%
11/11/2021,16.93,17.1,17.3,16.9,12.86M,-1.17%
11/10/2021,17.13,16.65,17.23,16.61,23.75M,2.96%
11/09/2021,16.64,16.65,16.77,16.64,9.66M,0.00%
11/08/2021,16.64,16.73,16.87,16.64,13.97M,-0.56%
11/07/2021,16.73,16.67,16.87,16.64,15.27M,0.64%
11/04/2021,16.63,16.63,16.7,16.55,6.49M,-0.24%
11/03/2021,16.67,16.73,16.83,16.55,12.66M,-0.79%
11/02/2021,16.8,16.7,16.83,16.7,6.13M,0.80%
11/01/2021,16.67,16.7,16.87,16.67,10.37M,-0.20%
10/31/2021,16.7,16.77,16.93,16.65,8.45M,-0.40%
10/28/2021,16.77,16.73,16.87,16.61,9.74M,0.20%
10/27/2021,16.73,16.93,17.0,16.73,9.52M,-1.18%
10/26/2021,16.93,16.97,17.03,16.87,7.05M,0.40%
10/25/2021,16.87,17.0,17.03,16.73,11.75M,-0.78%
10/24/2021,17.0,17.13,17.17,16.83,12.35M,-0.20%
10/21/2021,17.03,16.7,17.07,16.67,14.99M,2.00%
10/20/2021,16.7,16.67,16.77,16.61,13.62M,0.00%
10/19/2021,16.7,16.53,16.7,16.52,14.02M,1.17%
10/18/2021,16.51,16.55,16.55,16.44,7.02M,-0.24%
10/17/2021,16.55,16.52,16.56,16.51,6.21M,0.40%
10/14/2021,16.48,16.44,16.49,16.41,6.90M,0.24%
10/13/2021,16.44,16.4,16.45,16.36,5.66M,0.24%
10/12/2021,16.4,16.27,16.47,16.23,10.53M,0.99%
10/11/2021,16.24,16.33,16.4,16.11,10.48M,-0.57%
10/10/2021,16.33,16.31,16.57,16.28,13.46M,0.16%
10/07/2021,16.31,16.24,16.33,16.24,8.11M,0.33%
10/06/2021,16.25,16.4,16.4,16.24,11.77M,-0.16%
10/05/2021,16.28,16.32,16.44,16.27,11.92M,-0.25%
10/04/2021,16.32,16.09,16.4,16.09,15.61M,1.41%
10/03/2021,16.09,16.0,16.16,15.93,13.25M,0.58%
09/30/2021,16.0,15.83,16.0,15.81,16.82M,1.18%
09/29/2021,15.81,15.67,15.81,15.67,8.56M,0.94%
09/28/2021,15.67,15.73,15.81,15.67,9.19M,-0.09%
09/27/2021,15.68,15.8,15.84,15.67,10.02M,-0.68%
09/26/2021,15.79,15.81,15.92,15.73,6.35M,0.42%
09/22/2021,15.72,15.8,15.93,15.71,8.58M,-1.09%
09/21/2021,15.89,15.69,15.91,15.57,9.51M,0.42%
09/20/2021,15.83,15.95,15.96,15.8,7.67M,-1.00%
09/19/2021,15.99,16.03,16.03,15.93,9.33M,-0.25%
09/16/2021,16.03,16.0,16.08,16.0,9.91M,0.00%
09/15/2021,16.03,15.91,16.08,15.87,15.63M,0.75%
09/14/2021,15.91,15.95,15.99,15.89,6.91M,-0.25%
09/13/2021,15.95,15.67,15.95,15.67,11.10M,1.53%
09/12/2021,15.71,15.95,15.95,15.59,12.47M,-1.51%
09/09/2021,15.95,15.99,16.0,15.89,9.76M,-0.25%
09/08/2021,15.99,15.91,16.0,15.83,13.97M,0.59%
09/07/2021,15.89,15.83,16.0,15.83,12.53M,0.42%
09/06/2021,15.83,15.57,15.89,15.57,14.97M,1.63%
09/05/2021,15.57,15.37,15.61,15.35,12.86M,1.21%
09/02/2021,15.39,15.33,15.39,15.29,10.31M,0.35%
09/01/2021,15.33,15.27,15.37,15.27,11.47M,0.44%
08/31/2021,15.27,15.33,15.35,15.25,12.42M,-0.43%
08/30/2021,15.33,15.2,15.33,15.19,12.59M,0.97%
08/29/2021,15.19,14.88,15.19,14.88,10.87M,2.34%
08/26/2021,14.84,14.87,14.93,14.81,6.09M,-0.18%
08/25/2021,14.87,14.93,14.93,14.83,5.75M,0.00%
08/24/2021,14.87,14.8,14.95,14.76,6.69M,1.00%
08/23/2021,14.72,14.69,14.95,14.67,14.83M,0.36%
08/22/2021,14.67,14.99,15.01,14.63,13.85M,-1.96%
08/19/2021,14.96,15.17,15.17,14.91,15.89M,-1.58%
08/18/2021,15.2,15.27,15.29,15.17,6.42M,-0.44%
08/17/2021,15.27,15.23,15.29,15.21,6.89M,0.17%
08/16/2021,15.24,15.28,15.33,15.23,7.98M,-0.35%
08/15/2021,15.29,15.33,15.33,15.25,6.45M,-0.17%
08/12/2021,15.32,15.33,15.39,15.23,12.66M,-0.09%
08/11/2021,15.33,15.25,15.43,15.24,17.61M,0.61%
08/10/2021,15.24,15.07,15.29,15.05,9.96M,1.42%
08/09/2021,15.03,15.07,15.12,14.95,12.37M,-1.57%
08/08/2021,15.27,15.23,15.33,15.23,11.04M,0.26%
08/05/2021,15.23,15.16,15.25,14.99,14.77M,0.44%
08/04/2021,15.16,15.24,15.39,15.16,18.06M,-0.52%
08/03/2021,15.24,14.99,15.33,14.97,29.71M,1.78%
08/02/2021,14.97,14.77,15.07,14.77,20.31M,1.35%
08/01/2021,14.77,14.49,14.8,14.49,21.67M,2.12%
07/29/2021,14.47,14.45,14.47,14.4,7.07M,0.37%
07/28/2021,14.41,14.47,14.49,14.41,8.12M,-0.37%
07/27/2021,14.47,14.41,14.51,14.35,9.47M,0.65%
07/26/2021,14.37,14.48,14.52,14.33,8.85M,-0.74%
07/25/2021,14.48,14.33,14.55,14.33,9.87M,1.59%
07/15/2021,14.25,14.19,14.33,14.16,12.35M,0.47%
07/14/2021,14.19,13.99,14.23,13.99,10.23M,1.43%
07/13/2021,13.99,14.04,14.11,13.99,12.02M,-0.38%
07/12/2021,14.04,13.87,14.05,13.87,12.78M,0.86%
07/11/2021,13.92,14.13,14.23,13.89,21.62M,-1.32%
07/08/2021,14.11,14.37,14.37,14.07,17.58M,-1.95%
07/07/2021,14.39,14.45,14.51,14.33,9.39M,-0.55%
07/06/2021,14.47,14.51,14.61,14.45,10.07M,-0.37%
07/05/2021,14.52,14.63,14.75,14.29,25.06M,-0.82%
07/04/2021,14.64,14.27,14.64,14.25,27.36M,2.62%
07/01/2021,14.27,14.04,14.37,14.04,22.98M,1.71%
06/30/2021,14.03,14.05,14.13,13.95,22.45M,0.00%
06/29/2021,14.03,13.68,14.05,13.68,28.37M,2.73%
06/28/2021,13.65,13.56,13.67,13.52,18.08M,0.69%
06/27/2021,13.56,13.49,13.57,13.48,15.63M,0.49%
06/24/2021,13.49,13.48,13.52,13.44,8.79M,0.20%
06/23/2021,13.47,13.49,13.51,13.45,7.64M,-0.20%
06/22/2021,13.49,13.45,13.52,13.45,11.98M,0.50%
06/21/2021,13.43,13.41,13.47,13.35,10.60M,0.10%
06/20/2021,13.41,13.45,13.47,13.39,12.19M,-0.59%
06/17/2021,13.49,13.48,13.49,13.44,13.43M,0.10%
06/16/2021,13.48,13.47,13.51,13.43,9.08M,0.10%
06/15/2021,13.47,13.52,13.53,13.45,12.15M,-0.39%
06/14/2021,13.52,13.52,13.57,13.44,27.37M,0.20%
06/13/2021,13.49,13.45,13.55,13.44,15.75M,0.30%
06/10/2021,13.45,13.49,13.57,13.44,18.14M,-0.30%
06/09/2021,13.49,13.41,13.51,13.4,15.84M,0.50%
06/08/2021,13.43,13.45,13.45,13.32,18.66M,-0.20%
06/07/2021,13.45,13.45,13.47,13.43,9.85M,0.00%
06/06/2021,13.45,13.49,13.53,13.44,15.00M,-0.20%
06/03/2021,13.48,13.45,13.53,13.43,24.85M,0.10%
06/02/2021,13.47,13.41,13.47,13.37,16.46M,0.60%
06/01/2021,13.39,13.37,13.44,13.36,10.82M,0.10%
05/31/2021,13.37,13.41,13.47,13.36,10.78M,-0.20%
05/30/2021,13.4,13.4,13.47,13.35,14.60M,0.50%
05/27/2021,13.33,13.37,13.43,13.33,13.12M,-0.30%
05/26/2021,13.37,13.45,13.49,13.37,16.04M,-0.50%
05/25/2021,13.44,13.27,13.48,13.27,26.57M,1.31%
05/24/2021,13.27,13.21,13.37,13.09,31.02M,1.43%
05/23/2021,13.08,13.07,13.13,13.03,8.14M,0.00%
05/20/2021,13.08,13.09,13.13,13.0,13.70M,-0.41%
05/19/2021,13.13,13.31,13.32,13.11,16.68M,-1.30%
05/18/2021,13.31,13.27,13.4,13.25,20.41M,0.40%
05/17/2021,13.25,13.03,13.27,13.0,14.85M,1.95%
05/10/2021,13.0,12.79,13.01,12.79,12.49M,1.67%
05/09/2021,12.79,12.81,12.89,12.77,6.92M,-0.10%
05/06/2021,12.8,12.88,12.88,12.71,18.44M,-0.62%
05/05/2021,12.88,13.03,13.04,12.87,13.23M,-1.23%
05/04/2021,13.04,12.99,13.05,12.97,11.97M,0.41%
05/03/2021,12.99,13.15,13.15,12.97,15.05M,-1.22%
05/02/2021,13.15,13.21,13.23,13.03,14.74M,-0.60%
04/29/2021,13.23,13.33,13.45,13.16,35.54M,-0.80%
04/28/2021,13.33,12.93,13.4,12.87,76.99M,3.73%
04/27/2021,12.85,12.57,12.88,12.55,36.44M,2.55%
04/26/2021,12.53,12.29,12.55,12.29,25.69M,1.95%
04/25/2021,12.29,12.31,12.35,12.27,22.72M,0.33%
04/22/2021,12.25,12.21,12.33,12.17,27.55M,1.66%
04/21/2021,12.05,12.0,12.15,12.0,22.83M,0.44%
04/20/2021,12.0,12.03,12.07,11.97,15.59M,-0.22%
04/19/2021,12.03,11.99,12.04,11.92,19.44M,0.78%
04/18/2021,11.93,11.81,11.97,11.81,19.60M,1.02%
04/15/2021,11.81,11.71,11.83,11.69,15.40M,1.37%
04/14/2021,11.65,11.56,11.69,11.56,15.30M,0.81%
04/13/2021,11.56,11.73,11.75,11.55,24.79M,-1.25%
04/12/2021,11.71,11.84,11.85,11.71,22.96M,-1.13%
04/11/2021,11.84,11.99,11.99,11.8,23.27M,-1.22%
04/08/2021,11.99,12.07,12.08,11.95,21.22M,-1.32%
04/07/2021,12.15,12.08,12.2,12.07,33.55M,0.55%
04/06/2021,12.08,12.09,12.17,12.05,16.77M,-0.11%
04/05/2021,12.09,12.13,12.16,12.05,17.43M,-0.44%
04/04/2021,12.15,12.12,12.24,12.08,12.40M,0.22%
04/01/2021,12.12,12.2,12.28,12.11,26.32M,-1.20%
03/31/2021,12.27,12.27,12.28,11.92,60.02M,3.60%
03/30/2021,11.84,11.85,11.92,11.8,13.72M,0.11%
03/29/2021,11.83,11.76,11.83,11.72,12.28M,0.57%
03/28/2021,11.76,11.67,11.83,11.61,13.25M,1.03%
03/25/2021,11.64,11.71,11.75,11.63,11.27M,-0.57%
03/24/2021,11.71,11.72,11.77,11.61,17.32M,-0.34%
03/23/2021,11.75,11.95,11.97,11.72,19.96M,-1.56%
03/22/2021,11.93,11.87,11.96,11.81,11.23M,0.56%
03/21/2021,11.87,11.85,11.96,11.85,10.89M,-0.89%
03/18/2021,11.97,11.87,12.0,11.81,20.18M,1.24%
03/17/2021,11.83,11.97,11.99,11.77,21.10M,-1.22%
03/16/2021,11.97,11.99,12.05,11.88,22.96M,0.11%
03/15/2021,11.96,12.2,12.28,11.89,50.63M,-1.21%
03/14/2021,12.11,11.67,12.12,11.65,61.85M,4.25%
03/11/2021,11.61,11.29,11.61,11.27,52.97M,3.08%
03/10/2021,11.27,11.15,11.39,11.13,48.23M,1.32%
03/09/2021,11.12,10.97,11.27,10.97,69.00M,1.21%
03/08/2021,10.99,11.0,11.03,10.96,15.02M,-0.24%
03/07/2021,11.01,11.03,11.07,10.99,15.32M,0.24%
03/04/2021,10.99,11.05,11.07,10.99,18.36M,-0.60%
03/03/2021,11.05,11.04,11.11,10.99,31.13M,0.48%
03/02/2021,11.0,10.89,11.07,10.89,30.16M,1.10%
03/01/2021,10.88,10.8,11.03,10.8,32.75M,0.74%
02/28/2021,10.8,10.77,10.84,10.76,14.31M,0.00%
02/25/2021,10.8,10.84,10.92,10.8,33.42M,-0.12%
02/24/2021,10.81,10.81,10.88,10.77,29.00M,0.12%
02/23/2021,10.8,10.81,10.85,10.8,13.96M,0.00%
02/22/2021,10.8,10.8,10.83,10.77,7.19M,0.00%
02/21/2021,10.8,10.8,10.85,10.77,10.98M,0.00%
02/18/2021,10.8,10.81,10.84,10.79,10.73M,-0.25%
02/17/2021,10.83,10.87,10.88,10.81,9.33M,-0.49%
02/16/2021,10.88,10.88,10.88,10.83,9.29M,0.00%
02/15/2021,10.88,10.81,10.92,10.81,24.04M,0.62%
02/14/2021,10.81,10.77,10.84,10.75,19.54M,-0.61%
02/11/2021,10.88,10.85,10.89,10.85,8.46M,0.12%
02/10/2021,10.87,10.88,10.92,10.84,17.39M,0.00%
02/09/2021,10.87,10.83,10.89,10.81,18.98M,0.37%
02/08/2021,10.83,10.76,10.87,10.76,14.66M,0.62%
02/07/2021,10.76,10.67,10.79,10.67,11.28M,0.75%
02/04/2021,10.68,10.67,10.73,10.6,14.59M,-0.50%
02/03/2021,10.73,10.76,10.77,10.67,14.43M,-0.25%
02/02/2021,10.76,10.79,10.83,10.75,8.44M,-0.25%
02/01/2021,10.79,10.8,10.84,10.79,11.41M,-0.25%
01/31/2021,10.81,10.89,10.91,10.79,15.26M,-0.73%
01/28/2021,10.89,10.88,10.95,10.87,9.76M,-0.37%
01/27/2021,10.93,10.91,10.93,10.88,5.53M,0.24%
01/26/2021,10.91,10.92,10.93,10.87,8.83M,-0.12%
01/25/2021,10.92,10.93,10.97,10.92,9.03M,0.00%
01/24/2021,10.92,10.92,10.96,10.89,11.07M,0.00%
01/21/2021,10.92,10.92,10.95,10.91,8.90M,0.12%
01/20/2021,10.91,10.97,10.99,10.89,10.36M,-0.37%
01/19/2021,10.95,10.91,11.04,10.89,33.01M,0.37%
01/18/2021,10.91,10.84,10.92,10.84,14.83M,0.49%
01/17/2021,10.85,10.84,10.88,10.83,11.75M,-0.37%
01/14/2021,10.89,10.92,10.92,10.85,10.90M,-0.24%
01/13/2021,10.92,10.85,10.96,10.84,19.09M,0.86%
01/12/2021,10.83,10.85,10.89,10.83,9.76M,-0.49%
01/11/2021,10.88,10.87,10.89,10.84,10.30M,0.12%
01/10/2021,10.87,10.83,10.88,10.83,16.34M,0.74%
01/07/2021,10.79,10.75,10.81,10.73,12.25M,0.37%
01/06/2021,10.75,10.79,10.79,10.75,6.04M,-0.37%
01/05/2021,10.79,10.8,10.81,10.75,11.50M,0.00%
01/04/2021,10.79,10.75,10.79,10.73,9.20M,0.50%
01/03/2021,10.73,10.77,10.79,10.69,12.63M,-0.49%
12/31/2020,10.79,10.81,10.84,10.79,11.09M,-0.49%
12/30/2020,10.84,10.81,10.87,10.79,11.09M,0.00%
12/29/2020,10.84,10.83,10.85,10.79,12.14M,0.25%
12/28/2020,10.81,10.84,10.88,10.79,19.58M,-0.49%
12/27/2020,10.87,10.8,10.91,10.79,20.73M,0.62%
12/24/2020,10.8,10.84,10.85,10.76,13.21M,-0.25%
12/23/2020,10.83,10.75,10.85,10.73,16.98M,0.37%
12/22/2020,10.79,10.61,10.79,10.61,15.02M,1.63%
12/21/2020,10.61,10.64,10.68,10.57,31.22M,-1.36%
12/20/2020,10.76,10.89,10.92,10.76,13.85M,-1.22%
12/17/2020,10.89,10.95,10.96,10.89,16.50M,-0.49%
12/16/2020,10.95,10.91,10.96,10.87,14.49M,0.61%
12/15/2020,10.88,10.85,10.91,10.84,10.41M,0.12%
12/14/2020,10.87,10.84,10.89,10.8,11.42M,0.25%
12/13/2020,10.84,10.96,10.99,10.83,17.98M,-1.33%
12/10/2020,10.99,11.01,11.04,10.91,26.27M,-0.36%
12/09/2020,11.03,10.73,11.03,10.73,36.69M,2.86%
12/08/2020,10.72,10.73,10.83,10.71,17.93M,-0.12%
12/07/2020,10.73,10.69,10.73,10.63,15.53M,0.50%
12/06/2020,10.68,10.8,10.8,10.68,12.05M,-0.87%
12/03/2020,10.77,10.79,10.8,10.75,9.47M,0.00%
12/02/2020,10.77,10.77,10.81,10.75,11.74M,0.00%
12/01/2020,10.77,10.76,10.81,10.75,15.26M,0.12%
11/30/2020,10.76,10.83,10.83,10.76,18.08M,-0.62%
11/29/2020,10.83,10.85,10.88,10.79,17.47M,0.12%
11/26/2020,10.81,10.71,10.89,10.68,28.73M,0.75%
11/25/2020,10.73,10.79,10.8,10.72,16.37M,0.00%
11/24/2020,10.73,10.79,10.79,10.72,12.27M,0.12%
11/23/2020,10.72,10.71,10.81,10.64,16.36M,0.12%
11/22/2020,10.71,10.73,10.76,10.68,14.53M,0.00%
11/19/2020,10.71,10.79,10.79,10.69,18.85M,-0.62%
11/18/2020,10.77,10.76,10.79,10.73,15.02M,0.00%
11/17/2020,10.77,10.8,10.84,10.77,14.43M,-0.12%
11/16/2020,10.79,10.83,10.83,10.75,12.90M,-0.25%
11/15/2020,10.81,10.81,10.84,10.77,15.99M,0.37%
11/12/2020,10.77,10.76,10.8,10.72,12.19M,0.00%
11/11/2020,10.77,10.76,10.8,10.71,15.58M,0.12%
11/10/2020,10.76,10.68,10.83,10.64,34.96M,1.13%
11/09/2020,10.64,10.41,10.64,10.41,17.69M,2.57%
11/08/2020,10.37,10.27,10.41,10.27,13.24M,0.78%
11/05/2020,10.29,10.31,10.31,10.23,13.41M,-0.52%
11/04/2020,10.35,10.33,10.41,10.27,12.60M,1.17%
11/03/2020,10.23,10.32,10.36,10.21,11.87M,-0.65%
11/02/2020,10.29,10.09,10.31,10.09,15.00M,1.98%
11/01/2020,10.09,10.09,10.19,10.07,12.39M,-0.92%
10/29/2020,10.19,10.32,10.33,10.12,20.07M,-2.30%
10/28/2020,10.43,10.6,10.69,10.41,19.18M,-1.64%
10/27/2020,10.6,10.65,10.67,10.49,11.09M,-0.13%
10/26/2020,10.61,10.59,10.73,10.47,22.17M,0.25%
10/25/2020,10.59,10.89,10.91,10.59,21.47M,-2.82%
10/22/2020,10.89,10.88,10.89,10.83,14.03M,-0.12%
10/21/2020,10.91,10.91,10.99,10.89,11.97M,0.00%
10/20/2020,10.91,10.93,10.95,10.88,16.70M,-0.49%
10/19/2020,10.96,11.07,11.08,10.95,23.56M,-0.72%
10/18/2020,11.04,11.09,11.15,11.04,15.09M,-0.48%
10/15/2020,11.09,11.16,11.16,11.0,23.00M,-0.72%
10/14/2020,11.17,11.24,11.25,11.12,21.62M,-0.48%
10/13/2020,11.23,11.16,11.31,11.16,37.28M,0.84%
10/12/2020,11.13,11.08,11.17,11.04,42.08M,0.60%
10/11/2020,11.07,11.01,11.07,10.97,34.45M,1.22%
10/08/2020,10.93,10.95,10.99,10.89,13.92M,0.12%
10/07/2020,10.92,11.0,11.03,10.91,20.35M,-0.85%
10/06/2020,11.01,10.88,11.03,10.84,28.16M,1.47%
10/05/2020,10.85,10.77,10.85,10.67,18.22M,0.74%
10/04/2020,10.77,10.85,10.88,10.76,19.49M,-0.98%
10/01/2020,10.88,10.91,10.95,10.83,26.37M,-0.12%
09/30/2020,10.89,10.85,10.91,10.77,19.43M,0.25%
09/29/2020,10.87,10.97,11.0,10.84,21.13M,-0.85%
09/28/2020,10.96,10.88,11.04,10.88,28.58M,0.86%
09/27/2020,10.87,10.75,10.88,10.73,16.35M,1.12%
09/24/2020,10.75,10.84,10.84,10.69,20.14M,-0.86%
09/22/2020,10.84,10.88,10.91,10.79,21.71M,-0.85%
09/21/2020,10.93,11.03,11.07,10.93,25.16M,-0.85%
09/20/2020,11.03,11.04,11.11,10.97,20.26M,0.24%
09/17/2020,11.0,10.92,11.0,10.92,22.31M,0.00%
09/16/2020,11.0,11.09,11.12,10.91,30.60M,-0.72%
09/15/2020,11.08,10.93,11.2,10.91,58.86M,1.96%
09/14/2020,10.87,10.43,10.88,10.4,78.83M,4.35%
09/13/2020,10.41,10.37,10.43,10.36,23.85M,0.51%
09/10/2020,10.36,10.36,10.43,10.33,26.80M,0.13%
09/09/2020,10.35,10.31,10.35,10.28,17.22M,0.13%
09/08/2020,10.33,10.43,10.43,10.33,25.60M,-0.64%
09/07/2020,10.4,10.36,10.44,10.35,19.60M,0.39%
09/06/2020,10.36,10.33,10.39,10.32,17.89M,-0.38%
09/03/2020,10.4,10.39,10.45,10.33,27.23M,0.13%
09/02/2020,10.39,10.29,10.4,10.24,20.39M,0.65%
09/01/2020,10.32,10.36,10.41,10.29,22.99M,-0.13%
08/31/2020,10.33,10.4,10.47,10.33,27.40M,-0.51%
08/30/2020,10.39,10.33,10.41,10.33,14.69M,0.52%
08/27/2020,10.33,10.32,10.39,10.29,14.02M,0.26%
08/26/2020,10.31,10.29,10.35,10.27,18.11M,-0.13%
08/25/2020,10.32,10.41,10.44,10.32,22.76M,-0.77%
08/24/2020,10.4,10.37,10.44,10.32,30.28M,0.65%
08/23/2020,10.33,10.25,10.33,10.25,16.33M,0.78%
08/20/2020,10.25,10.24,10.32,10.19,19.51M,-0.13%
08/19/2020,10.27,10.25,10.32,10.23,26.45M,0.26%
08/18/2020,10.24,10.15,10.27,10.11,20.07M,0.92%
08/17/2020,10.15,10.24,10.28,10.11,31.71M,-0.78%
08/16/2020,10.23,10.16,10.25,10.15,25.46M,1.19%
08/13/2020,10.11,10.05,10.12,10.04,21.63M,0.66%
08/12/2020,10.04,10.08,10.12,9.99,24.11M,-0.26%
08/11/2020,10.07,9.88,10.09,9.85,40.92M,1.89%
08/10/2020,9.88,9.89,9.91,9.84,11.89M,-0.13%
08/09/2020,9.89,9.88,9.92,9.87,13.44M,0.27%
08/06/2020,9.87,9.85,9.91,9.85,12.44M,0.27%
08/05/2020,9.84,9.83,9.91,9.8,22.78M,0.68%
07/28/2020,9.77,9.79,9.79,9.73,9.89M,-0.14%
07/27/2020,9.79,9.75,9.79,9.75,8.29M,0.27%
07/26/2020,9.76,9.73,9.79,9.72,11.13M,0.27%
07/23/2020,9.73,9.72,9.76,9.71,6.34M,0.14%
07/22/2020,9.72,9.76,9.77,9.71,7.20M,-0.27%
07/21/2020,9.75,9.68,9.75,9.67,10.81M,0.69%
07/20/2020,9.68,9.75,9.76,9.57,21.84M,-0.82%
07/19/2020,9.76,9.79,9.8,9.75,9.04M,-0.14%
07/16/2020,9.77,9.77,9.8,9.76,9.01M,0.00%
07/15/2020,9.77,9.79,9.83,9.75,14.78M,-0.14%
07/14/2020,9.79,9.8,9.81,9.75,12.67M,-0.14%
07/13/2020,9.8,9.84,9.85,9.8,15.64M,-0.27%
07/12/2020,9.83,9.83,9.87,9.8,11.97M,0.14%
07/09/2020,9.81,9.76,9.83,9.75,16.24M,0.55%
07/08/2020,9.76,9.8,9.83,9.75,13.21M,-0.41%
07/07/2020,9.8,9.8,9.84,9.79,16.65M,-0.14%
07/06/2020,9.81,9.88,9.96,9.8,42.36M,-0.14%
07/05/2020,9.83,9.72,9.87,9.72,32.13M,1.24%
07/02/2020,9.71,9.72,9.73,9.69,13.89M,-0.14%
07/01/2020,9.72,9.69,9.73,9.67,15.13M,0.28%
06/30/2020,9.69,9.77,9.79,9.69,15.56M,-0.82%
06/29/2020,9.77,9.79,9.79,9.72,19.35M,0.00%
06/28/2020,9.77,9.81,9.85,9.77,17.39M,0.00%
06/25/2020,9.77,9.67,9.8,9.65,17.23M,0.41%
06/24/2020,9.73,9.81,9.83,9.72,12.93M,-0.95%
06/23/2020,9.83,9.83,9.84,9.75,9.57M,0.00%
06/22/2020,9.83,9.92,9.92,9.77,23.64M,-0.94%
06/21/2020,9.92,9.96,9.97,9.88,17.39M,0.00%
06/18/2020,9.92,9.95,9.99,9.92,23.75M,-0.40%
06/17/2020,9.96,10.0,10.03,9.92,19.48M,-0.40%
06/16/2020,10.0,9.95,10.07,9.95,26.29M,0.81%
06/15/2020,9.92,9.92,9.93,9.88,15.37M,-0.40%
06/14/2020,9.96,9.96,9.99,9.93,11.73M,-0.27%
06/11/2020,9.99,10.0,10.01,9.93,16.44M,-0.40%
06/10/2020,10.03,10.03,10.05,9.97,15.68M,0.13%
06/09/2020,10.01,10.07,10.07,9.99,17.96M,-0.40%
06/08/2020,10.05,9.99,10.08,9.93,35.03M,0.80%
06/07/2020,9.97,9.99,10.03,9.95,19.10M,0.54%
06/04/2020,9.92,9.96,9.97,9.85,17.80M,-0.40%
06/03/2020,9.96,10.08,10.08,9.95,21.40M,-0.53%
06/02/2020,10.01,10.08,10.17,10.01,31.99M,-0.53%
06/01/2020,10.07,10.09,10.11,10.01,28.55M,0.13%
05/31/2020,10.05,10.4,10.4,9.99,38.24M,2.72%
05/21/2020,9.79,9.8,9.81,9.72,16.60M,0.27%
05/20/2020,9.76,9.87,9.87,9.71,17.54M,-0.95%
05/19/2020,9.85,9.81,9.92,9.81,19.41M,1.23%
05/18/2020,9.73,9.67,9.79,9.67,21.98M,1.25%
05/17/2020,9.61,9.6,9.64,9.49,28.25M,-0.69%
05/14/2020,9.68,9.71,9.72,9.63,15.71M,0.00%
05/13/2020,9.68,9.67,9.71,9.6,20.70M,0.41%
05/12/2020,9.64,9.72,9.77,9.63,18.15M,0.28%
05/11/2020,9.61,9.36,9.69,9.36,33.58M,-1.90%
05/10/2020,9.8,9.76,9.83,9.71,14.49M,0.96%
05/07/2020,9.71,9.76,9.81,9.67,16.61M,-0.68%
05/06/2020,9.77,9.96,9.97,9.77,24.14M,-0.54%
05/05/2020,9.83,9.87,9.95,9.77,35.32M,1.10%
05/04/2020,9.72,9.57,9.77,9.39,43.93M,1.25%
05/03/2020,9.6,9.95,9.99,9.59,74.29M,-9.77%
04/30/2020,10.64,10.48,10.65,10.47,27.18M,2.84%
04/29/2020,10.35,10.29,10.49,10.29,24.22M,0.78%
04/28/2020,10.27,10.24,10.31,10.16,18.82M,0.39%
04/27/2020,10.23,10.23,10.37,10.13,40.81M,0.52%
04/26/2020,10.17,9.87,10.17,9.87,38.98M,5.24%
04/23/2020,9.67,9.73,9.77,9.6,40.53M,1.26%
04/22/2020,9.55,9.49,9.59,9.44,44.82M,0.14%
04/21/2020,9.53,9.59,9.68,9.48,36.64M,-3.12%
04/20/2020,9.84,10.05,10.05,9.81,27.26M,-2.25%
04/19/2020,10.07,10.21,10.21,10.03,26.44M,-0.53%
04/16/2020,10.12,10.24,10.24,10.11,20.64M,-1.17%
04/15/2020,10.24,10.24,10.39,10.13,31.42M,0.00%
04/14/2020,10.24,10.53,10.53,10.19,47.18M,-2.78%
04/13/2020,10.53,10.93,10.93,10.52,34.14M,-3.30%
04/12/2020,10.89,11.08,11.11,10.85,24.62M,-1.57%
04/09/2020,11.07,11.33,11.33,11.05,56.08M,0.70%
04/08/2020,10.99,11.02,11.05,10.86,36.13M,-0.18%
04/07/2020,11.01,11.42,11.43,10.96,68.53M,-3.51%
04/06/2020,11.41,11.34,11.55,11.34,43.75M,1.42%
04/05/2020,11.25,10.99,11.41,10.8,56.11M,5.34%
04/02/2020,10.68,10.47,10.68,10.46,38.45M,2.99%
04/01/2020,10.37,10.36,10.43,10.3,22.49M,-0.29%
03/31/2020,10.4,10.04,10.42,10.04,37.34M,4.21%
03/30/2020,9.98,9.98,10.08,9.93,19.83M,0.10%
03/29/2020,9.97,9.84,10.05,9.84,25.36M,-0.30%
03/26/2020,10.0,9.83,10.03,9.81,28.01M,3.63%
03/25/2020,9.65,9.9,10.19,9.6,69.82M,0.21%
03/24/2020,9.63,9.47,9.72,9.47,44.80M,2.99%
03/23/2020,9.35,9.39,9.5,9.28,28.74M,-1.06%
03/22/2020,9.45,9.45,9.52,9.36,30.95M,-0.63%
03/19/2020,9.51,9.42,9.63,9.3,77.88M,0.63%
03/18/2020,9.45,9.36,9.54,9.35,45.23M,0.43%
03/17/2020,9.41,9.28,9.56,9.22,59.54M,1.62%
03/16/2020,9.26,9.45,9.7,9.17,56.57M,-2.63%
03/15/2020,9.51,10.25,10.25,9.5,54.49M,-3.16%
03/12/2020,9.82,9.5,9.98,9.15,51.22M,-2.00%
03/11/2020,10.02,10.4,10.43,9.87,62.78M,-3.28%
03/10/2020,10.36,10.13,10.36,9.84,68.06M,9.98%
03/09/2020,9.42,9.16,9.8,9.16,92.22M,-7.37%
03/08/2020,10.17,10.5,10.58,10.17,102.45M,-10.00%
03/05/2020,11.3,11.51,11.54,11.28,23.13M,-1.22%
03/04/2020,11.44,11.25,11.49,11.23,38.07M,-0.52%
03/03/2020,11.5,11.5,11.53,11.4,30.31M,2.22%
03/02/2020,11.25,11.36,11.59,11.25,36.41M,0.18%
03/01/2020,11.23,11.39,11.44,11.13,36.04M,-3.44%
02/27/2020,11.63,11.65,11.68,11.53,22.36M,-0.51%
02/26/2020,11.69,11.75,11.75,11.55,22.65M,-1.18%
02/25/2020,11.83,11.82,11.93,11.73,26.49M,-0.42%
02/24/2020,11.88,12.18,12.18,11.85,35.74M,-2.94%
02/23/2020,12.24,12.34,12.34,12.17,15.47M,-1.13%
02/20/2020,12.38,12.36,12.48,12.34,17.80M,0.24%
02/19/2020,12.35,12.14,12.35,12.12,12.43M,1.90%
02/18/2020,12.12,12.15,12.16,12.08,11.61M,-0.25%
02/17/2020,12.15,12.05,12.16,12.05,13.68M,1.08%
02/16/2020,12.02,12.15,12.17,11.96,21.67M,1.01%
02/13/2020,11.9,12.16,12.2,11.83,31.92M,-1.98%
02/12/2020,12.14,12.2,12.23,12.14,16.02M,-0.41%
02/11/2020,12.19,12.19,12.29,12.16,13.19M,-0.16%
02/10/2020,12.21,12.17,12.34,12.13,16.60M,0.49%
02/09/2020,12.15,12.35,12.35,12.07,24.97M,-1.54%
02/06/2020,12.34,12.49,12.52,12.29,21.92M,-0.96%
02/05/2020,12.46,12.55,12.6,12.45,24.05M,-0.52%
02/04/2020,12.52,12.48,12.57,12.43,19.49M,0.68%
02/03/2020,12.44,12.47,12.49,12.36,22.96M,-0.24%
02/02/2020,12.47,12.7,12.7,12.45,47.95M,-3.71%
01/30/2020,12.95,12.9,13.02,12.85,24.50M,0.58%
01/29/2020,12.87,12.85,13.0,12.8,24.27M,0.39%
01/28/2020,12.82,12.75,12.85,12.7,15.26M,0.20%
01/27/2020,12.8,12.9,12.95,12.72,18.26M,-0.97%
01/26/2020,12.92,12.92,13.0,12.87,14.76M,-0.39%
01/23/2020,12.97,12.72,12.97,12.65,19.91M,1.57%
01/22/2020,12.77,12.8,12.82,12.75,8.79M,0.00%
01/21/2020,12.77,12.82,12.82,12.7,10.58M,-0.58%
01/20/2020,12.85,12.8,12.85,12.77,10.74M,0.39%
01/19/2020,12.8,12.82,12.87,12.8,9.14M,-0.19%
01/16/2020,12.82,12.77,12.82,12.72,10.55M,0.39%
01/15/2020,12.77,12.8,12.87,12.75,12.33M,-0.20%
01/14/2020,12.8,12.75,12.85,12.65,13.93M,0.39%
01/13/2020,12.75,12.62,12.8,12.6,14.68M,1.19%
01/12/2020,12.6,12.65,12.7,12.57,14.03M,0.00%
01/09/2020,12.6,12.42,12.62,12.42,23.82M,2.61%
01/08/2020,12.28,12.01,12.28,12.01,24.02M,0.24%
01/07/2020,12.25,12.35,12.42,12.25,25.10M,-0.49%
01/06/2020,12.31,12.42,12.45,12.21,32.83M,-0.97%
01/05/2020,12.43,12.44,12.57,12.4,18.86M,-1.93%
01/02/2020,12.67,12.65,12.67,12.55,14.15M,0.20%
01/01/2020,12.65,12.67,12.7,12.57,12.91M,-0.20%
12/31/2019,12.67,12.44,12.67,12.41,21.28M,1.89%
12/30/2019,12.44,12.67,12.67,12.44,33.36M,-2.05%
12/29/2019,12.7,12.85,12.87,12.62,30.38M,-1.17%
12/26/2019,12.85,12.9,12.9,12.82,12.10M,-0.39%
12/25/2019,12.9,12.9,12.92,12.85,14.25M,-0.19%
12/24/2019,12.92,12.95,12.95,12.87,11.16M,0.00%
12/23/2019,12.92,12.9,12.95,12.87,15.66M,0.19%
12/22/2019,12.9,12.95,12.97,12.85,16.31M,-0.58%
12/19/2019,12.97,13.05,13.05,12.82,33.37M,-0.57%
12/18/2019,13.05,12.95,13.05,12.9,21.44M,0.38%
12/17/2019,13.0,13.02,13.07,12.92,23.60M,0.00%
12/16/2019,13.0,12.9,13.05,12.75,36.21M,1.56%
12/15/2019,12.8,12.52,12.9,12.38,59.59M,6.49%
12/12/2019,12.02,12.18,12.18,12.0,16.19M,-1.31%
12/11/2019,12.18,12.0,12.2,11.99,21.69M,1.50%
12/10/2019,12.0,12.03,12.08,11.94,24.03M,-0.66%
12/09/2019,12.08,12.05,12.32,11.98,40.93M,0.67%
12/08/2019,12.0,11.54,12.0,11.52,30.11M,3.99%
12/05/2019,11.54,11.5,11.54,11.47,12.74M,0.17%
12/04/2019,11.52,11.55,11.56,11.43,18.64M,-0.26%
12/03/2019,11.55,11.44,11.56,11.44,21.04M,0.87%
12/02/2019,11.45,11.49,11.53,11.41,15.00M,-0.35%
12/01/2019,11.49,11.43,11.51,11.43,14.31M,0.79%
11/28/2019,11.4,11.3,11.42,11.28,13.29M,0.97%
11/27/2019,11.29,11.41,11.48,11.27,12.71M,-1.57%
11/26/2019,11.47,11.43,11.47,11.38,17.39M,0.26%
11/25/2019,11.44,11.38,11.44,11.25,16.41M,0.35%
11/24/2019,11.4,11.5,11.52,11.37,13.62M,-0.87%
11/21/2019,11.5,11.44,11.54,11.42,20.26M,0.44%
11/20/2019,11.45,11.44,11.49,11.41,17.37M,0.17%
11/19/2019,11.43,11.33,11.43,11.31,24.78M,1.15%
11/18/2019,11.3,11.15,11.31,11.14,25.46M,1.53%
11/17/2019,11.13,11.03,11.13,11.01,18.51M,0.91%
11/14/2019,11.03,11.03,11.16,10.99,27.16M,-0.36%
11/13/2019,11.07,11.0,11.28,10.96,35.16M,0.64%
11/12/2019,11.0,10.93,11.02,10.9,23.38M,0.64%
11/11/2019,10.93,10.9,11.01,10.89,22.42M,0.64%
11/10/2019,10.86,10.6,10.9,10.6,28.04M,2.94%
11/07/2019,10.55,10.43,10.66,10.43,24.46M,0.96%
11/06/2019,10.45,10.6,10.6,10.44,15.95M,-1.23%
11/05/2019,10.58,10.57,10.61,10.51,22.63M,0.28%
11/04/2019,10.55,10.45,10.58,10.41,22.81M,1.25%
11/03/2019,10.42,10.35,10.48,10.27,18.55M,-0.57%
10/31/2019,10.48,10.57,10.57,10.43,18.53M,-0.85%
10/30/2019,10.57,10.32,10.58,10.25,26.71M,2.22%
10/29/2019,10.34,10.51,10.53,10.3,30.67M,-1.99%
10/28/2019,10.55,10.73,10.73,10.51,28.70M,-1.95%
10/27/2019,10.76,10.84,10.84,10.75,13.61M,-0.83%
10/24/2019,10.85,10.9,10.93,10.78,14.82M,-0.37%
10/23/2019,10.89,10.76,10.96,10.68,24.36M,1.30%
10/22/2019,10.75,10.42,10.81,10.42,37.37M,4.88%
10/21/2019,10.25,10.4,10.4,10.25,17.69M,-1.06%
10/20/2019,10.36,10.25,10.41,10.25,34.00M,3.39%
10/17/2019,10.02,10.05,10.13,9.89,37.03M,0.20%
10/16/2019,10.0,9.85,10.03,9.79,25.94M,1.52%
10/15/2019,9.85,10.02,10.03,9.85,24.56M,-1.50%
10/14/2019,10.0,10.17,10.19,9.99,33.70M,-0.99%
10/13/2019,10.1,10.24,10.33,10.08,14.45M,-1.27%
10/10/2019,10.23,10.3,10.36,10.17,21.85M,-0.78%
10/09/2019,10.31,10.63,10.63,10.31,21.40M,-3.01%
10/08/2019,10.63,10.75,10.78,10.56,16.96M,-1.12%
10/07/2019,10.75,10.91,10.92,10.75,17.01M,-1.47%
10/06/2019,10.91,11.01,11.07,10.91,16.22M,-0.09%
10/03/2019,10.92,10.95,10.98,10.91,15.46M,-0.73%
10/02/2019,11.0,11.1,11.1,10.94,24.94M,-1.08%
10/01/2019,11.12,11.3,11.34,11.12,17.66M,-1.07%
09/30/2019,11.24,11.18,11.35,11.16,21.05M,0.90%
09/29/2019,11.14,11.04,11.18,11.01,14.92M,1.00%
09/26/2019,11.03,11.01,11.07,10.97,13.37M,0.18%
09/25/2019,11.01,11.1,11.11,10.99,16.45M,-0.72%
09/24/2019,11.09,10.96,11.09,10.94,15.00M,1.28%
09/22/2019,10.95,10.94,11.0,10.89,10.47M,0.09%
09/19/2019,10.94,10.71,10.94,10.62,41.06M,1.96%
09/18/2019,10.73,10.9,10.96,10.73,23.79M,-0.92%
09/17/2019,10.83,10.8,11.01,10.76,22.31M,0.28%
09/16/2019,10.8,10.72,10.86,10.65,19.08M,0.93%
09/15/2019,10.7,10.45,10.75,10.35,21.63M,0.28%
09/12/2019,10.67,10.59,10.75,10.55,21.47M,0.57%
09/11/2019,10.61,10.89,10.89,10.53,33.13M,-2.57%
09/10/2019,10.89,11.04,11.04,10.84,22.02M,-1.36%
09/09/2019,11.04,11.05,11.06,10.98,17.61M,-0.18%
09/08/2019,11.06,11.06,11.11,11.02,13.75M,0.27%
09/05/2019,11.03,11.11,11.16,10.97,26.79M,-0.45%
09/04/2019,11.08,10.97,11.12,10.97,22.41M,1.19%
09/03/2019,10.95,11.03,11.09,10.93,18.16M,-0.82%
09/02/2019,11.04,10.91,11.09,10.88,23.28M,1.28%
09/01/2019,10.9,11.0,11.05,10.8,19.25M,-0.91%
08/29/2019,11.0,11.16,11.21,10.98,32.27M,-1.43%
08/28/2019,11.16,11.25,11.32,11.11,21.25M,-1.59%
08/27/2019,11.34,11.61,11.63,11.03,107.25M,-1.48%
08/26/2019,11.51,11.42,11.56,11.3,20.49M,0.88%
08/25/2019,11.41,11.8,11.8,11.38,20.81M,-4.04%
08/22/2019,11.89,11.96,12.0,11.79,32.53M,-0.67%
08/21/2019,11.97,12.05,12.07,11.96,14.11M,-0.58%
08/20/2019,12.04,12.11,12.16,12.04,13.38M,-0.50%
08/19/2019,12.1,12.05,12.14,12.05,14.38M,0.75%
08/18/2019,12.01,12.07,12.16,12.0,14.98M,-1.15%
08/08/2019,12.15,12.18,12.27,12.14,20.10M,-0.65%
08/07/2019,12.23,12.2,12.25,12.18,14.76M,0.49%
08/06/2019,12.17,12.08,12.2,11.99,22.14M,0.08%
08/05/2019,12.16,12.44,12.46,12.16,16.50M,-2.25%
08/04/2019,12.44,12.3,12.44,12.22,17.57M,0.32%
08/01/2019,12.4,12.44,12.47,12.35,15.32M,-1.39%
07/31/2019,12.57,12.44,12.7,12.36,18.09M,1.25%
07/30/2019,12.42,12.5,12.55,12.3,16.15M,0.40%
07/29/2019,12.37,12.77,12.77,12.37,35.78M,-3.74%
07/28/2019,12.85,12.72,12.92,12.67,13.63M,0.78%
07/25/2019,12.75,12.67,12.77,12.55,18.36M,0.79%
07/24/2019,12.65,12.65,12.77,12.5,16.45M,-0.20%
07/23/2019,12.67,12.85,12.92,12.67,15.09M,-1.74%
07/22/2019,12.9,12.85,12.95,12.8,11.18M,0.39%
07/21/2019,12.85,12.9,13.0,12.65,18.60M,-1.72%
07/18/2019,13.07,13.15,13.17,13.07,11.70M,-0.57%
07/17/2019,13.15,13.12,13.2,13.05,14.22M,0.19%
07/16/2019,13.12,13.2,13.27,13.1,17.48M,-0.57%
07/15/2019,13.2,13.05,13.22,12.92,18.08M,1.15%
07/14/2019,13.05,12.95,13.17,12.95,19.48M,1.16%
07/11/2019,12.9,12.77,13.0,12.75,29.19M,1.18%
07/10/2019,12.75,12.49,12.8,12.48,23.95M,2.00%
07/09/2019,12.5,12.52,12.6,12.47,14.76M,-0.20%
07/08/2019,12.52,12.25,12.52,12.23,17.59M,2.08%
07/07/2019,12.27,12.25,12.29,12.22,7.21M,0.16%
07/04/2019,12.25,12.17,12.29,12.16,9.57M,0.57%
07/03/2019,12.18,12.2,12.22,12.15,9.10M,-0.33%
07/02/2019,12.22,12.29,12.32,12.2,8.01M,-0.65%
07/01/2019,12.3,12.32,12.33,12.26,11.85M,0.00%
06/30/2019,12.3,12.25,12.32,12.24,11.92M,0.99%
06/27/2019,12.18,12.15,12.25,12.15,14.59M,0.33%
06/26/2019,12.14,12.15,12.26,12.13,14.82M,-0.08%
06/25/2019,12.15,11.95,12.15,11.91,17.72M,1.67%
06/24/2019,11.95,12.0,12.03,11.85,12.72M,-0.42%
06/23/2019,12.0,12.13,12.14,11.99,14.35M,-1.15%
06/20/2019,12.14,12.15,12.2,12.01,36.06M,0.00%
06/19/2019,12.14,12.35,12.35,12.14,26.54M,-1.30%
06/18/2019,12.3,12.42,12.43,12.27,32.19M,-1.05%
06/17/2019,12.43,12.4,12.57,12.4,23.36M,0.08%
06/16/2019,12.42,12.39,12.5,12.31,17.21M,0.40%
06/13/2019,12.37,12.57,12.62,12.36,26.01M,-2.21%
06/12/2019,12.65,12.48,12.65,12.39,24.48M,1.36%
06/11/2019,12.48,12.35,12.55,12.3,27.13M,1.22%
06/10/2019,12.33,12.29,12.48,12.27,31.47M,0.49%
06/09/2019,12.27,12.1,12.29,12.05,14.38M,1.83%
05/30/2019,12.05,11.9,12.07,11.86,15.22M,0.92%
05/29/2019,11.94,12.0,12.05,11.84,18.50M,-0.50%
05/28/2019,12.0,12.05,12.2,11.85,109.78M,0.00%
05/27/2019,12.0,12.06,12.13,11.77,22.75M,0.00%
05/26/2019,12.0,12.48,12.48,11.95,27.35M,-3.61%
05/23/2019,12.45,12.57,12.65,12.41,18.67M,-0.60%
05/22/2019,12.52,12.65,12.82,12.52,26.88M,-0.60%
05/21/2019,12.6,12.48,12.67,12.47,17.25M,1.86%
05/20/2019,12.37,12.46,12.55,12.32,20.21M,-0.88%
05/19/2019,12.48,12.62,12.87,12.47,19.26M,-1.15%
05/16/2019,12.62,12.5,12.72,12.5,20.68M,1.32%
05/15/2019,12.46,12.27,12.72,12.27,33.33M,2.55%
05/14/2019,12.15,12.15,12.55,11.98,39.74M,-0.33%
05/13/2019,12.19,12.55,12.65,12.19,26.62M,-3.83%
05/12/2019,12.67,12.75,12.77,12.5,20.05M,-1.74%
05/09/2019,12.9,12.9,12.97,12.77,13.93M,0.00%
05/08/2019,12.9,12.8,12.92,12.6,16.33M,0.78%
05/07/2019,12.8,13.0,13.12,12.8,19.44M,-1.54%
05/06/2019,13.0,13.15,13.17,12.82,21.78M,-2.07%
05/05/2019,13.27,13.5,13.5,13.17,17.87M,-1.67%
05/02/2019,13.5,13.47,13.55,13.42,11.24M,0.00%
05/01/2019,13.5,13.5,13.55,13.35,14.02M,-0.37%
04/30/2019,13.55,13.42,13.7,13.3,31.71M,0.93%
04/29/2019,13.42,13.65,13.7,13.42,17.62M,-1.65%
04/28/2019,13.65,13.77,13.87,13.6,13.23M,-1.09%
04/25/2019,13.8,13.87,13.87,13.5,21.55M,-0.54%
04/24/2019,13.87,13.87,13.97,13.8,16.21M,0.00%
04/23/2019,13.87,13.82,14.1,13.77,17.97M,0.00%
04/22/2019,13.87,14.02,14.12,13.82,20.36M,-0.89%
04/21/2019,14.0,13.4,14.12,13.32,34.05M,5.26%
04/18/2019,13.3,13.47,13.5,13.25,19.16M,-0.93%
04/17/2019,13.42,12.9,13.42,12.87,30.97M,4.07%
04/16/2019,12.9,12.52,12.9,12.52,27.61M,2.99%
04/15/2019,12.52,12.47,12.55,12.46,11.44M,0.44%
04/14/2019,12.47,12.52,12.55,12.44,7.97M,-0.64%
04/11/2019,12.55,12.5,12.57,12.49,16.92M,0.56%
04/10/2019,12.48,12.39,12.48,12.37,12.48M,0.73%
04/09/2019,12.39,12.36,12.43,12.34,14.23M,0.24%
04/08/2019,12.36,12.34,12.39,12.25,11.94M,-0.08%
04/07/2019,12.37,12.31,12.48,12.31,13.30M,0.49%
04/04/2019,12.31,12.25,12.33,12.21,12.68M,0.49%
04/03/2019,12.25,12.23,12.29,12.23,13.45M,0.08%
04/02/2019,12.24,12.15,12.24,12.13,17.69M,0.82%
04/01/2019,12.14,12.12,12.16,12.12,10.82M,0.08%
03/31/2019,12.13,12.1,12.14,12.06,6.99M,0.17%
03/28/2019,12.11,12.13,12.16,12.07,15.62M,-0.16%
03/27/2019,12.13,12.07,12.15,12.01,21.28M,-2.88%
03/26/2019,12.49,12.48,12.5,12.43,10.34M,0.16%
03/25/2019,12.47,12.5,12.52,12.46,10.61M,-0.24%
03/24/2019,12.5,12.45,12.52,12.39,13.87M,0.40%
03/21/2019,12.45,12.21,12.45,12.21,12.22M,1.97%
03/20/2019,12.21,12.23,12.25,12.19,9.33M,-0.25%
03/19/2019,12.24,12.22,12.26,12.2,9.93M,0.25%
03/18/2019,12.21,12.16,12.24,12.16,11.11M,0.08%
03/17/2019,12.2,12.2,12.22,12.1,19.28M,0.00%
03/14/2019,12.2,12.13,12.2,12.1,18.04M,0.74%
03/13/2019,12.11,12.1,12.13,12.08,10.72M,0.25%
03/12/2019,12.08,12.05,12.11,12.03,8.52M,0.33%
03/11/2019,12.04,12.06,12.07,12.0,10.37M,-0.25%
03/10/2019,12.07,12.08,12.16,12.04,10.64M,0.17%
03/07/2019,12.05,12.16,12.18,12.0,16.13M,-1.23%
03/06/2019,12.2,12.15,12.21,12.13,11.93M,0.41%
03/05/2019,12.15,12.15,12.16,12.12,9.57M,0.00%
03/04/2019,12.15,12.12,12.15,12.09,11.43M,0.25%
03/03/2019,12.12,12.05,12.15,12.05,11.04M,0.41%
02/28/2019,12.07,11.98,12.07,11.98,11.17M,0.58%
02/27/2019,12.0,12.02,12.03,11.97,10.12M,-0.08%
02/26/2019,12.01,11.96,12.03,11.94,7.82M,0.42%
02/25/2019,11.96,11.98,12.0,11.95,8.47M,-0.42%
02/24/2019,12.01,12.02,12.05,12.01,5.68M,-0.25%
02/21/2019,12.04,12.01,12.04,12.0,7.58M,0.17%
02/20/2019,12.02,12.0,12.04,11.98,8.54M,0.08%
02/19/2019,12.01,12.0,12.04,11.94,11.00M,0.08%
02/18/2019,12.0,12.0,12.04,11.94,14.75M,-0.08%
02/17/2019,12.01,12.05,12.08,11.99,8.81M,-0.25%
02/14/2019,12.04,12.0,12.04,11.99,10.54M,0.33%
02/13/2019,12.0,12.01,12.09,11.98,13.07M,-0.25%
02/12/2019,12.03,12.0,12.04,11.99,9.25M,0.17%
02/11/2019,12.01,12.04,12.05,11.98,7.69M,-0.17%
02/10/2019,12.03,12.07,12.11,11.96,10.89M,-0.33%
02/07/2019,12.07,12.13,12.13,12.02,14.69M,-0.33%
02/06/2019,12.11,12.14,12.19,12.09,15.89M,-0.25%
02/05/2019,12.14,12.08,12.18,12.07,15.90M,0.33%
02/04/2019,12.1,12.11,12.19,12.08,11.15M,0.00%
02/03/2019,12.1,12.09,12.15,12.06,9.07M,0.25%
01/31/2019,12.07,12.2,12.22,12.07,14.20M,-1.07%
01/30/2019,12.2,12.29,12.3,12.18,20.23M,-0.73%
01/29/2019,12.29,12.29,12.3,12.21,17.26M,0.08%
01/28/2019,12.28,12.13,12.28,12.12,21.94M,1.15%
01/27/2019,12.14,11.96,12.15,11.96,25.72M,1.00%
01/24/2019,12.02,12.05,12.05,11.99,14.89M,-0.25%
01/23/2019,12.05,12.0,12.05,11.99,9.98M,0.33%
01/22/2019,12.01,12.0,12.03,11.95,10.06M,0.08%
01/21/2019,12.0,11.92,12.06,11.83,30.14M,0.59%
01/20/2019,11.93,12.01,12.03,11.92,15.37M,-0.67%
01/17/2019,12.01,12.0,12.01,11.97,14.04M,0.08%
01/16/2019,12.0,12.04,12.05,11.98,16.27M,-0.25%
01/15/2019,12.03,12.0,12.04,11.99,15.77M,0.33%
01/14/2019,11.99,12.01,12.07,11.97,15.44M,-0.33%
01/13/2019,12.03,12.0,12.05,11.97,10.30M,0.33%
01/10/2019,11.99,11.94,12.03,11.94,12.08M,0.25%
01/09/2019,11.96,11.94,11.99,11.89,11.65M,0.34%
01/08/2019,11.92,11.92,12.0,11.82,21.64M,0.17%
01/07/2019,11.9,11.8,11.94,11.78,14.69M,1.10%
01/06/2019,11.77,11.74,11.81,11.72,23.13M,0.68%
01/03/2019,11.69,11.53,11.7,11.51,13.01M,1.56%
01/02/2019,11.51,11.57,11.59,11.49,22.39M,-0.43%
01/01/2019,11.56,11.49,11.6,11.45,18.00M,0.61%
12/31/2018,11.49,11.37,11.49,11.37,11.98M,1.06%
12/30/2018,11.37,11.33,11.41,11.32,11.18M,0.35%
12/27/2018,11.33,11.38,11.43,11.31,14.66M,0.09%
12/26/2018,11.32,11.22,11.33,11.22,11.32M,0.89%
12/25/2018,11.22,11.34,11.35,11.2,22.53M,-1.58%
12/24/2018,11.4,11.18,11.41,11.17,24.89M,1.97%
12/23/2018,11.18,11.07,11.18,11.03,28.31M,0.63%
12/20/2018,11.11,11.1,11.15,11.07,13.48M,0.09%
12/19/2018,11.1,11.11,11.12,11.08,9.23M,-0.36%
12/18/2018,11.14,11.08,11.14,11.05,13.22M,0.36%
12/17/2018,11.1,11.08,11.14,11.07,12.71M,0.09%
12/16/2018,11.09,11.1,11.12,11.03,12.01M,-0.27%
12/13/2018,11.12,11.13,11.13,11.06,19.00M,0.00%
12/12/2018,11.12,11.11,11.14,11.09,11.16M,0.00%
12/11/2018,11.12,11.02,11.13,11.02,11.12M,0.91%
12/10/2018,11.02,11.12,11.14,10.99,17.02M,-0.99%
12/09/2018,11.13,11.06,11.16,11.06,13.49M,0.72%
12/06/2018,11.05,11.03,11.07,10.99,29.39M,0.00%
12/05/2018,11.05,11.0,11.07,10.93,20.77M,-0.36%
12/04/2018,11.09,11.18,11.18,11.02,67.66M,-0.72%
12/03/2018,11.17,11.1,11.23,11.07,57.77M,1.18%
12/02/2018,11.04,10.63,11.14,10.63,31.96M,5.95%
11/29/2018,10.42,10.38,10.48,10.37,33.42M,0.58%
11/28/2018,10.36,10.34,10.39,10.31,47.76M,0.00%
11/27/2018,10.36,10.36,10.37,10.32,25.41M,0.10%
11/26/2018,10.35,10.34,10.38,10.32,21.56M,0.19%
11/25/2018,10.33,10.37,10.38,10.29,33.53M,-0.77%
11/22/2018,10.41,10.39,10.46,10.33,39.60M,0.29%
11/21/2018,10.38,10.38,10.42,10.31,29.05M,0.10%
11/20/2018,10.37,10.35,10.43,10.32,26.60M,0.10%
11/19/2018,10.36,10.35,10.44,10.34,26.94M,0.29%
11/18/2018,10.33,10.5,10.5,10.26,35.10M,-1.53%
11/15/2018,10.49,10.58,10.6,10.44,35.17M,-0.66%
11/14/2018,10.56,10.6,10.65,10.5,38.70M,-1.31%
11/13/2018,10.7,10.7,10.74,10.63,31.93M,-0.28%
11/12/2018,10.73,10.7,10.75,10.69,28.09M,0.37%
11/11/2018,10.69,10.68,10.71,10.59,24.03M,-0.09%
11/08/2018,10.7,10.77,10.78,10.7,30.57M,-0.65%
11/07/2018,10.77,10.72,10.77,10.69,30.85M,0.47%
11/06/2018,10.72,10.71,10.77,10.71,27.72M,0.19%
11/05/2018,10.7,10.73,10.8,10.69,35.75M,-0.28%
11/04/2018,10.73,10.84,10.86,10.7,31.18M,-1.11%
11/01/2018,10.85,10.9,10.92,10.79,44.35M,-0.28%
10/31/2018,10.88,10.86,10.99,10.86,41.91M,0.46%
10/30/2018,10.83,10.93,10.96,10.8,48.46M,-1.10%
10/29/2018,10.95,10.8,11.04,10.8,57.89M,1.48%
10/28/2018,10.79,10.67,10.84,10.55,32.41M,1.22%
10/25/2018,10.66,10.25,10.73,10.25,56.45M,4.00%
10/24/2018,10.25,10.35,10.36,10.2,26.28M,-0.39%
10/23/2018,10.29,9.99,10.38,9.91,41.42M,3.11%
10/22/2018,9.98,10.11,10.15,9.81,44.03M,-1.87%
10/21/2018,10.17,9.85,10.22,9.85,50.52M,-1.74%
10/18/2018,10.35,10.52,10.62,10.35,34.38M,0.00%
10/17/2018,10.35,10.46,10.52,10.29,36.19M,0.00%
10/16/2018,10.35,10.1,10.41,9.85,51.15M,0.58%
10/15/2018,10.29,10.18,10.29,9.97,40.69M,5.11%
10/14/2018,9.79,10.3,10.31,9.48,39.89M,-5.04%
10/11/2018,10.31,10.35,10.62,10.18,42.66M,-3.28%
10/10/2018,10.66,10.78,10.79,10.65,36.17M,-1.11%
10/09/2018,10.78,10.77,10.79,10.7,32.93M,0.19%
10/08/2018,10.76,10.7,10.77,10.61,37.17M,0.37%
10/07/2018,10.72,10.76,10.78,10.59,36.29M,-0.37%
10/04/2018,10.76,10.77,10.79,10.72,35.77M,-0.19%
10/03/2018,10.78,10.71,10.79,10.6,47.65M,0.28%
10/02/2018,10.75,10.91,10.94,10.72,42.77M,-1.38%
10/01/2018,10.9,10.79,10.92,10.78,48.12M,1.30%
09/30/2018,10.76,10.57,10.76,10.52,33.24M,1.80%
09/27/2018,10.57,10.5,10.59,10.47,32.11M,0.86%
09/26/2018,10.48,10.55,10.61,10.47,31.13M,-0.76%
09/25/2018,10.56,10.49,10.58,10.45,27.18M,0.67%
09/20/2018,10.49,10.44,10.53,10.38,25.46M,0.58%
09/19/2018,10.43,10.29,10.54,10.22,29.29M,1.56%
09/18/2018,10.27,10.19,10.3,10.11,27.53M,1.08%
09/17/2018,10.16,9.78,10.16,9.71,31.81M,3.67%
09/16/2018,9.8,9.97,10.03,9.8,30.48M,-1.51%
09/13/2018,9.95,9.88,9.97,9.71,38.29M,0.81%
09/12/2018,9.87,10.0,10.03,9.82,40.96M,-1.00%
09/11/2018,9.97,10.01,10.09,9.95,37.17M,-0.60%
09/10/2018,10.03,10.36,10.37,9.96,39.71M,-3.09%
09/09/2018,10.35,10.32,10.35,10.09,32.64M,0.58%
09/06/2018,10.29,10.39,10.45,10.0,49.98M,-1.06%
09/05/2018,10.4,10.68,10.68,9.82,69.59M,-2.62%
09/04/2018,10.68,10.58,10.75,10.57,35.22M,0.95%
09/03/2018,10.58,10.53,10.62,10.52,48.13M,0.47%
09/02/2018,10.53,10.86,10.86,10.51,53.42M,-2.95%
08/30/2018,10.85,10.94,10.96,10.77,36.46M,-0.73%
08/29/2018,10.93,10.99,11.01,10.87,23.02M,-0.64%
08/28/2018,11.0,11.03,11.04,10.97,24.48M,0.00%
08/27/2018,11.0,11.03,11.07,10.95,20.23M,-0.27%
08/26/2018,11.03,11.0,11.09,10.94,21.53M,1.01%
08/16/2018,10.92,10.91,10.94,10.84,32.85M,0.28%
08/15/2018,10.89,11.0,11.05,10.83,41.59M,-0.91%
08/14/2018,10.99,10.93,11.09,10.9,67.03M,0.55%
08/13/2018,10.93,11.1,11.16,10.86,72.28M,-1.53%
08/12/2018,11.1,11.27,11.37,11.03,64.88M,-1.94%
08/09/2018,11.32,11.38,11.39,11.25,110.01M,-0.44%
08/08/2018,11.37,11.27,11.44,11.27,93.77M,0.89%
08/07/2018,11.27,11.34,11.35,11.27,105.20M,-0.44%
08/06/2018,11.32,11.44,11.44,11.32,106.60M,-0.96%
08/05/2018,11.43,11.43,11.48,11.4,87.69M,0.00%
08/02/2018,11.43,11.62,11.63,11.43,79.21M,-1.64%
08/01/2018,11.62,11.5,11.76,11.5,82.43M,0.87%
07/31/2018,11.52,11.4,11.53,11.4,70.00M,1.14%
07/30/2018,11.39,11.18,11.49,11.16,84.40M,1.88%
07/29/2018,11.18,11.14,11.19,11.13,47.34M,0.36%
07/26/2018,11.14,11.16,11.17,11.11,47.26M,-0.18%
07/25/2018,11.16,11.15,11.21,11.12,41.47M,0.09%
07/24/2018,11.15,11.14,11.18,11.13,44.64M,0.09%
07/23/2018,11.14,11.15,11.21,11.13,39.41M,-0.09%
07/22/2018,11.15,11.15,11.19,11.11,43.70M,0.45%
07/19/2018,11.1,11.0,11.21,11.0,54.90M,1.56%
07/18/2018,10.93,10.9,10.96,10.9,37.33M,0.18%
07/17/2018,10.91,10.98,11.05,10.89,38.01M,-0.73%
07/16/2018,10.99,10.79,11.03,10.77,52.69M,1.85%
07/15/2018,10.79,10.65,10.79,10.65,35.34M,1.22%
07/12/2018,10.66,10.7,10.73,10.64,40.19M,-0.56%
07/11/2018,10.72,10.78,10.79,10.71,37.58M,-0.46%
07/10/2018,10.77,10.66,10.78,10.66,53.92M,1.13%
07/09/2018,10.65,10.54,10.68,10.54,45.17M,1.14%
07/08/2018,10.53,10.55,10.58,10.51,43.80M,0.00%
07/05/2018,10.53,10.6,10.62,10.52,37.44M,-0.75%
07/04/2018,10.61,10.64,10.66,10.51,52.66M,-0.28%
07/03/2018,10.64,10.69,10.7,10.6,54.80M,-0.47%
07/02/2018,10.69,10.75,10.75,10.65,60.44M,-0.56%
07/01/2018,10.75,10.72,10.8,10.72,66.37M,0.37%
06/28/2018,10.71,10.75,10.8,10.68,57.94M,-0.37%
06/27/2018,10.75,10.68,10.75,10.66,33.12M,0.84%
06/26/2018,10.66,10.67,10.73,10.63,31.58M,-0.09%
06/25/2018,10.67,10.83,10.86,10.64,46.21M,-1.48%
06/24/2018,10.83,10.69,10.92,10.69,19.06M,1.69%
06/21/2018,10.65,10.71,10.74,10.62,6.85M,0.09%
06/20/2018,10.64,10.86,10.86,10.54,13.02M,-1.94%
06/12/2018,10.85,10.76,10.86,10.71,32.22M,0.74%
06/11/2018,10.77,10.7,10.81,10.68,34.00M,0.65%
06/10/2018,10.7,10.77,10.82,10.64,31.34M,-0.65%
06/07/2018,10.77,10.91,10.94,10.74,46.80M,-1.19%
06/06/2018,10.9,10.96,11.07,10.87,40.55M,-0.46%
06/05/2018,10.95,10.9,10.96,10.85,43.80M,0.55%
06/04/2018,10.89,10.78,10.97,10.77,58.08M,1.11%
06/03/2018,10.77,10.53,10.84,10.53,73.26M,2.28%
05/31/2018,10.53,10.41,10.53,10.41,44.96M,1.15%
05/30/2018,10.41,10.3,10.43,10.28,45.52M,1.07%
05/29/2018,10.3,10.26,10.32,10.26,57.54M,0.39%
05/28/2018,10.26,10.19,10.27,10.17,40.05M,0.69%
05/27/2018,10.19,10.25,10.27,10.19,13.81M,-0.68%
05/24/2018,10.26,10.25,10.29,10.23,26.39M,0.20%
05/23/2018,10.24,10.21,10.26,10.2,25.93M,0.24%
05/22/2018,10.21,10.18,10.26,10.15,36.07M,0.44%
05/21/2018,10.17,10.2,10.22,10.16,31.52M,-0.29%
05/20/2018,10.2,10.22,10.25,10.16,29.66M,-0.15%
05/17/2018,10.21,10.15,10.24,10.11,32.11M,1.14%
05/16/2018,10.1,10.24,10.26,10.08,44.60M,-1.42%
05/15/2018,10.24,10.29,10.31,10.24,47.58M,-0.19%
05/14/2018,10.26,10.27,10.3,10.22,53.96M,0.10%
05/13/2018,10.25,10.19,10.32,10.18,41.04M,0.74%
05/10/2018,10.18,10.13,10.21,10.02,48.23M,-0.05%
05/09/2018,10.18,10.37,10.38,10.13,41.47M,-1.50%
05/08/2018,10.34,10.41,10.43,10.34,53.47M,-0.82%
05/07/2018,10.42,10.45,10.47,10.4,45.92M,-0.24%
05/06/2018,10.45,10.39,10.48,10.39,49.61M,0.72%
05/03/2018,10.37,10.42,10.43,10.36,60.04M,-0.29%
05/02/2018,10.4,10.41,10.44,10.36,72.50M,0.00%
05/01/2018,10.4,10.44,10.45,10.36,43.53M,-0.19%
04/30/2018,10.42,10.38,10.45,10.31,55.29M,0.72%
04/29/2018,10.35,10.43,10.49,10.33,57.72M,-0.58%
04/26/2018,10.41,10.49,10.51,10.36,52.26M,-0.43%
04/25/2018,10.45,10.45,10.5,10.42,38.27M,-0.05%
04/24/2018,10.46,10.52,10.55,10.45,39.26M,-0.38%
04/23/2018,10.5,10.46,10.53,10.42,40.60M,0.38%
04/22/2018,10.46,10.53,10.56,10.44,39.57M,-0.81%
04/19/2018,10.54,10.41,10.6,10.39,69.42M,1.44%
04/18/2018,10.39,10.41,10.43,10.35,47.67M,-0.05%
04/17/2018,10.4,10.45,10.48,10.38,69.39M,-0.38%
04/16/2018,10.44,10.31,10.46,10.31,40.00M,1.56%
04/15/2018,10.28,10.2,10.33,10.2,43.91M,1.78%
04/12/2018,10.1,10.29,10.35,10.05,53.28M,-2.13%
04/11/2018,10.32,10.43,10.47,10.22,56.17M,-3.73%
04/10/2018,10.72,10.72,10.75,10.63,19.15M,0.19%
04/09/2018,10.7,10.7,10.79,10.69,58.19M,0.23%
04/08/2018,10.67,10.56,10.73,10.54,61.33M,1.09%
04/05/2018,10.56,10.45,10.57,10.43,73.09M,1.34%
04/04/2018,10.42,10.35,10.5,10.35,72.87M,0.77%
04/03/2018,10.34,10.25,10.37,10.23,63.38M,0.73%
04/02/2018,10.26,10.22,10.35,10.18,62.16M,0.44%
04/01/2018,10.22,10.3,10.35,10.21,51.46M,-0.73%
03/29/2018,10.29,10.44,10.46,10.25,59.24M,-0.96%
03/28/2018,10.39,10.35,10.42,10.29,52.91M,0.58%
03/27/2018,10.33,10.27,10.36,10.27,32.90M,0.73%
03/26/2018,10.26,10.14,10.29,10.12,46.50M,1.13%
03/25/2018,10.14,10.19,10.22,10.14,30.66M,-0.29%
03/22/2018,10.17,10.11,10.2,10.11,41.12M,0.79%
03/21/2018,10.09,10.04,10.14,10.03,38.63M,0.55%
03/20/2018,10.04,9.95,10.07,9.92,35.39M,0.55%
03/19/2018,9.98,10.06,10.09,9.95,47.01M,-0.55%
03/18/2018,10.04,10.1,10.12,10.03,41.18M,-0.40%
03/15/2018,10.08,10.07,10.11,10.04,46.83M,0.05%
03/14/2018,10.07,10.04,10.11,10.04,42.99M,0.15%
03/13/2018,10.06,10.11,10.16,10.03,49.69M,-0.45%
03/12/2018,10.1,10.13,10.2,10.09,54.56M,-0.05%
03/11/2018,10.11,10.04,10.16,10.04,51.64M,1.05%
03/08/2018,10.0,9.76,10.05,9.76,68.94M,2.99%
03/07/2018,9.71,9.8,9.81,9.7,56.89M,-0.82%
03/06/2018,9.79,9.71,9.84,9.71,65.62M,1.24%
03/05/2018,9.67,9.6,9.77,9.58,73.53M,0.73%
03/04/2018,9.6,9.75,9.78,9.57,81.06M,-1.74%
03/01/2018,9.77,9.9,9.92,9.75,97.75M,-1.46%
02/28/2018,9.92,9.96,9.98,9.91,50.83M,-0.40%
02/27/2018,9.96,10.01,10.02,9.94,32.02M,-0.15%
02/26/2018,9.97,10.0,10.05,9.92,35.68M,-0.20%
02/25/2018,9.99,10.04,10.07,9.97,37.05M,-0.35%
02/22/2018,10.03,10.11,10.12,10.0,36.57M,-0.59%
02/21/2018,10.09,10.12,10.15,10.06,37.40M,-0.30%
02/20/2018,10.12,10.1,10.16,10.1,31.28M,0.10%
02/19/2018,10.11,10.07,10.14,10.05,36.88M,0.15%
02/18/2018,10.09,10.1,10.16,9.86,39.76M,-0.39%
02/15/2018,10.13,10.16,10.19,10.11,40.41M,0.15%
02/14/2018,10.12,10.19,10.22,10.11,37.54M,-0.59%
02/13/2018,10.18,10.05,10.28,10.05,43.29M,1.60%
02/12/2018,10.02,9.89,10.09,9.89,44.40M,1.83%
02/11/2018,9.84,9.87,9.96,9.82,39.00M,-1.16%
02/08/2018,9.95,9.95,10.08,9.88,48.96M,-0.25%
02/07/2018,9.98,10.1,10.19,9.91,53.64M,-0.84%
02/06/2018,10.06,9.78,10.12,9.78,57.38M,-2.14%
02/05/2018,10.28,10.28,10.32,10.25,59.29M,-0.10%
02/04/2018,10.29,10.37,10.37,10.25,44.22M,-0.34%
02/01/2018,10.33,10.37,10.38,10.31,82.34M,-0.24%
01/31/2018,10.35,10.39,10.43,10.34,70.92M,-0.24%
01/30/2018,10.38,10.31,10.41,10.28,82.61M,0.58%
01/29/2018,10.32,10.25,10.42,10.24,54.23M,0.83%
01/28/2018,10.23,10.2,10.26,10.19,21.91M,0.24%
01/25/2018,10.21,10.11,10.25,10.06,21.08M,1.04%
01/24/2018,10.1,10.29,10.32,10.06,29.71M,-1.70%
01/23/2018,10.28,10.27,10.34,10.26,19.60M,0.00%
01/22/2018,10.28,10.29,10.39,10.26,21.96M,-0.19%
01/21/2018,10.3,10.25,10.36,10.25,18.58M,0.24%
01/18/2018,10.27,10.27,10.33,10.24,21.57M,0.29%
01/17/2018,10.24,10.27,10.33,10.23,28.25M,-0.34%
01/16/2018,10.28,10.2,10.35,10.16,24.59M,1.13%
01/15/2018,10.16,10.05,10.22,9.98,33.81M,1.45%
01/14/2018,10.02,9.86,10.04,9.86,30.57M,1.83%
01/11/2018,9.84,9.76,9.86,9.75,30.10M,0.82%
01/10/2018,9.76,9.73,9.82,9.7,32.45M,0.72%
01/09/2018,9.69,9.7,9.75,9.67,32.35M,0.00%
01/08/2018,9.69,9.71,9.74,9.67,39.92M,-0.31%
01/07/2018,9.72,9.73,9.79,9.66,36.82M,0.57%
01/04/2018,9.66,9.69,9.73,9.6,55.57M,-0.10%
01/03/2018,9.67,9.55,9.84,9.55,65.63M,1.26%
01/02/2018,9.55,9.55,9.62,9.54,53.67M,0.21%
01/01/2018,9.53,9.56,9.57,9.52,35.29M,-0.31%
12/31/2017,9.56,9.58,9.64,9.55,50.24M,-0.10%
12/28/2017,9.57,9.55,9.65,9.5,57.38M,0.58%
12/27/2017,9.52,9.78,9.84,9.48,60.91M,-2.86%
12/26/2017,9.8,9.47,9.86,9.43,56.29M,3.32%
12/25/2017,9.48,9.42,9.54,9.4,40.88M,0.48%
12/24/2017,9.44,9.49,9.49,9.41,23.48M,-0.53%
12/21/2017,9.49,9.58,9.61,9.47,41.73M,-0.99%
12/20/2017,9.58,9.67,9.67,9.56,35.65M,-0.57%
12/19/2017,9.64,9.65,9.71,9.54,46.43M,0.10%
12/18/2017,9.63,9.25,9.67,9.25,61.30M,4.00%
12/17/2017,9.26,9.25,9.29,9.2,46.13M,0.00%
12/14/2017,9.26,9.35,9.35,9.23,65.46M,2.04%
12/13/2017,9.07,9.09,9.11,9.01,49.66M,-0.11%
12/12/2017,9.08,9.04,9.11,9.03,50.77M,0.61%
12/11/2017,9.03,9.05,9.09,9.02,48.10M,-0.22%
12/10/2017,9.05,9.06,9.18,9.04,67.34M,0.11%
12/07/2017,9.04,8.9,9.06,8.89,62.89M,1.40%
12/06/2017,8.91,8.96,8.97,8.91,62.13M,-0.34%
12/05/2017,8.94,8.99,9.07,8.93,76.36M,-0.83%
12/04/2017,9.02,9.14,9.16,8.95,85.30M,-1.26%
12/03/2017,9.13,9.01,9.25,9.01,87.79M,1.67%
11/30/2017,8.98,9.01,9.05,8.97,74.64M,-0.22%
11/29/2017,9.0,8.98,9.05,8.94,87.84M,0.45%
11/28/2017,8.96,8.85,8.99,8.84,76.49M,1.36%
11/27/2017,8.84,8.83,8.92,8.83,68.66M,0.17%
11/26/2017,8.83,8.82,8.89,8.79,30.70M,0.23%
11/23/2017,8.81,8.75,8.83,8.73,62.01M,0.74%
11/22/2017,8.74,8.7,8.77,8.69,46.80M,0.58%
11/21/2017,8.69,8.68,8.73,8.6,33.90M,-0.11%
11/20/2017,8.7,8.75,8.77,8.7,34.42M,-0.51%
11/19/2017,8.75,8.73,8.78,8.7,36.77M,0.11%
11/16/2017,8.74,8.76,8.79,8.71,52.15M,-0.29%
11/15/2017,8.76,8.8,8.84,8.74,44.38M,-0.28%
11/14/2017,8.79,8.74,8.83,8.73,49.05M,0.46%
11/13/2017,8.75,8.75,8.8,8.73,47.33M,0.11%
11/12/2017,8.74,8.83,8.84,8.69,59.81M,-1.30%
11/09/2017,8.85,8.85,8.87,8.78,80.55M,0.00%
11/08/2017,8.85,8.83,8.94,8.82,67.11M,0.00%
11/07/2017,8.85,8.9,9.0,8.69,69.80M,-0.39%
11/06/2017,8.89,8.87,8.95,8.76,86.24M,0.28%
11/05/2017,8.86,8.75,8.88,8.66,64.86M,0.80%
11/02/2017,8.79,8.82,8.83,8.77,69.81M,-0.51%
11/01/2017,8.84,8.75,8.85,8.73,81.93M,1.20%
10/31/2017,8.73,8.75,8.77,8.68,61.14M,-0.11%
10/30/2017,8.74,8.87,8.88,8.73,69.23M,-1.02%
10/29/2017,8.83,8.8,8.86,8.77,59.48M,0.86%
10/26/2017,8.76,8.69,8.78,8.61,46.61M,0.92%
10/25/2017,8.68,8.71,8.74,8.59,35.81M,0.58%
10/24/2017,8.63,8.69,8.79,8.54,41.13M,-0.69%
10/23/2017,8.69,8.87,8.9,8.58,62.38M,-1.97%
10/22/2017,8.86,8.96,8.99,8.85,46.42M,-1.06%
10/19/2017,8.96,8.94,9.04,8.9,80.46M,0.62%
10/18/2017,8.9,8.99,9.0,8.88,51.00M,-0.95%
10/17/2017,8.99,9.07,9.07,8.87,61.34M,-0.33%
10/16/2017,9.02,8.8,9.07,8.75,86.04M,4.64%
10/15/2017,8.62,8.73,8.75,8.61,40.77M,-0.92%
10/12/2017,8.7,8.5,8.75,8.5,54.87M,1.81%
10/11/2017,8.54,8.8,8.85,8.51,66.38M,-3.06%
10/10/2017,8.81,8.84,8.9,8.76,56.93M,-0.28%
10/09/2017,8.84,8.8,8.85,8.75,59.02M,0.28%
10/08/2017,8.81,8.87,8.93,8.79,57.56M,-0.68%
10/05/2017,8.87,8.95,8.99,8.82,60.82M,-0.89%
10/04/2017,8.95,8.8,9.03,8.8,85.18M,1.82%
10/03/2017,8.79,8.6,8.83,8.6,71.94M,2.45%
10/02/2017,8.58,8.64,8.64,8.58,61.60M,-0.52%
10/01/2017,8.63,8.5,8.7,8.5,57.01M,-1.20%
09/28/2017,8.73,8.8,8.83,8.72,81.05M,-0.68%
09/27/2017,8.79,8.87,8.88,8.79,44.97M,-0.73%
09/26/2017,8.86,8.85,8.93,8.85,34.12M,-0.06%
09/25/2017,8.86,8.96,8.96,8.82,38.12M,-0.84%
09/21/2017,8.94,9.05,9.11,8.93,34.81M,-0.67%
09/20/2017,9.0,8.93,9.04,8.85,53.25M,0.90%
09/19/2017,8.92,9.1,9.14,8.91,59.42M,-1.71%
09/18/2017,9.07,9.03,9.23,9.02,58.28M,0.55%
09/17/2017,9.02,8.95,9.09,8.95,44.04M,0.78%
09/14/2017,8.95,8.98,8.99,8.94,40.32M,-0.11%
09/13/2017,8.96,8.95,9.0,8.95,45.93M,0.17%
09/12/2017,8.95,9.09,9.21,8.94,53.41M,-1.49%
09/11/2017,9.08,8.83,9.17,8.8,63.20M,3.47%
09/10/2017,8.78,8.64,8.83,8.63,59.41M,1.68%
09/07/2017,8.63,8.49,8.71,8.48,36.83M,1.65%
09/06/2017,8.49,8.48,8.5,8.45,26.09M,0.59%
08/29/2017,8.44,8.53,8.55,8.41,63.07M,-1.00%
08/28/2017,8.53,8.38,8.6,8.38,60.37M,1.73%
08/27/2017,8.38,8.44,8.46,8.38,31.10M,-0.77%
08/24/2017,8.45,8.5,8.53,8.43,37.45M,-0.35%
08/23/2017,8.48,8.28,8.5,8.28,54.56M,2.60%
08/22/2017,8.26,8.23,8.29,8.23,38.00M,0.43%
08/21/2017,8.23,8.23,8.27,8.22,41.19M,-0.06%
08/20/2017,8.23,8.22,8.29,8.22,44.39M,0.37%
08/17/2017,8.2,8.17,8.22,8.16,48.88M,0.49%
08/16/2017,8.16,8.13,8.18,8.12,36.73M,0.25%
08/15/2017,8.14,8.19,8.22,8.12,49.62M,-0.61%
08/14/2017,8.19,8.2,8.25,8.19,44.81M,-0.06%
08/13/2017,8.2,8.18,8.22,8.16,41.76M,0.31%
08/10/2017,8.17,8.2,8.24,8.17,48.43M,-0.24%
08/09/2017,8.19,8.19,8.26,8.19,46.52M,0.06%
08/08/2017,8.19,8.13,8.23,8.13,56.81M,0.74%
08/07/2017,8.13,8.05,8.23,8.04,69.49M,0.93%
08/06/2017,8.05,8.06,8.1,8.04,48.23M,-0.06%
08/03/2017,8.06,7.98,8.08,7.98,57.44M,1.07%
08/02/2017,7.97,8.03,8.04,7.96,62.99M,-0.62%
08/01/2017,8.02,7.99,8.11,7.99,80.86M,0.44%
07/31/2017,7.99,7.95,8.02,7.9,57.59M,0.95%
07/30/2017,7.91,7.9,7.95,7.87,49.64M,0.00%
07/27/2017,7.91,8.05,8.09,7.91,49.20M,-1.55%
07/26/2017,8.04,8.1,8.14,8.03,38.57M,-0.37%
07/25/2017,8.07,8.07,8.15,8.01,37.81M,0.19%
07/24/2017,8.05,8.06,8.25,7.97,39.06M,-0.12%
07/23/2017,8.06,7.89,8.24,7.81,49.98M,3.13%
07/20/2017,7.82,7.57,7.9,7.57,67.25M,3.30%
07/19/2017,7.57,7.48,7.87,7.48,91.48M,2.92%
07/18/2017,7.35,7.44,7.45,7.35,57.43M,-1.08%
07/17/2017,7.43,7.5,7.5,7.42,45.05M,-0.60%
07/16/2017,7.48,7.44,7.52,7.44,52.68M,0.61%
07/13/2017,7.43,7.44,7.52,7.41,56.36M,0.68%
07/12/2017,7.38,7.39,7.43,7.38,53.10M,0.48%
07/11/2017,7.35,7.38,7.44,7.35,53.64M,-0.54%
07/10/2017,7.39,7.32,7.44,7.32,53.29M,1.03%
07/09/2017,7.31,7.31,7.35,7.28,41.31M,0.07%
07/06/2017,7.31,7.48,7.53,7.29,73.95M,-2.40%
07/05/2017,7.49,7.56,7.61,7.43,54.40M,-1.25%
07/04/2017,7.58,7.67,7.69,7.57,43.70M,-0.98%
07/03/2017,7.66,7.66,7.73,7.59,50.41M,-0.07%
07/02/2017,7.66,7.59,7.83,7.59,49.31M,0.66%
06/22/2017,7.61,7.75,7.81,7.54,76.54M,-0.20%
06/21/2017,7.63,7.24,7.81,7.21,136.87M,6.71%
06/20/2017,7.15,7.24,7.3,7.14,71.68M,-1.17%
06/19/2017,7.23,7.1,7.31,7.1,76.60M,1.90%
06/18/2017,7.1,7.12,7.14,7.09,57.09M,-0.42%
06/15/2017,7.13,7.14,7.17,7.09,74.86M,-0.07%
06/14/2017,7.13,7.12,7.16,7.11,48.63M,0.35%
06/13/2017,7.11,7.12,7.14,7.09,43.26M,0.00%
06/12/2017,7.11,7.12,7.14,7.09,50.51M,-0.07%
06/11/2017,7.11,7.15,7.2,7.11,47.78M,-0.70%
06/08/2017,7.16,7.18,7.2,7.15,52.71M,-0.42%
06/07/2017,7.19,7.19,7.22,7.16,76.23M,0.42%
06/06/2017,7.16,7.19,7.25,7.15,65.46M,-0.42%
06/05/2017,7.19,7.2,7.22,7.13,94.04M,0.00%
06/04/2017,7.2,7.05,7.24,7.05,69.00M,1.98%
06/01/2017,7.06,7.1,7.12,7.05,49.28M,-0.63%
05/31/2017,7.1,7.1,7.15,7.1,38.11M,0.07%
05/30/2017,7.1,7.05,7.15,7.05,48.24M,0.92%
05/29/2017,7.03,7.1,7.12,7.02,69.08M,-0.78%
05/28/2017,7.09,7.1,7.12,7.02,35.47M,0.00%
05/25/2017,7.09,7.27,7.32,7.07,113.94M,-2.34%
05/24/2017,7.26,7.35,7.37,7.22,39.43M,-1.42%
05/23/2017,7.37,7.3,7.37,7.2,50.05M,0.41%
05/22/2017,7.34,7.4,7.4,7.3,49.12M,-0.27%
05/21/2017,7.36,7.32,7.45,7.32,40.55M,0.89%
05/18/2017,7.29,7.27,7.35,7.27,40.49M,0.07%
05/17/2017,7.29,7.2,7.32,7.17,54.37M,1.11%
05/16/2017,7.21,7.12,7.25,7.1,58.29M,1.34%
05/15/2017,7.11,7.15,7.17,7.1,38.80M,-0.63%
05/14/2017,7.16,7.17,7.17,7.12,29.94M,-0.07%
05/11/2017,7.16,7.17,7.2,7.12,53.54M,-0.28%
05/10/2017,7.18,7.15,7.2,7.12,40.61M,0.56%
05/09/2017,7.14,7.07,7.17,7.05,45.39M,1.06%
05/08/2017,7.07,7.02,7.1,7.02,41.16M,0.57%
05/07/2017,7.03,7.02,7.1,7.02,39.71M,0.00%
05/04/2017,7.03,7.17,7.2,7.0,64.17M,-2.09%
05/03/2017,7.18,7.22,7.22,7.17,51.01M,-0.28%
05/02/2017,7.2,7.22,7.25,7.17,51.69M,-0.07%
05/01/2017,7.21,7.22,7.25,7.2,49.24M,-0.35%
04/30/2017,7.23,7.2,7.3,7.17,61.77M,0.77%
04/27/2017,7.18,7.12,7.2,7.1,55.80M,0.98%
04/26/2017,7.11,7.1,7.12,7.07,35.29M,0.07%
04/25/2017,7.1,7.22,7.25,7.07,55.06M,-1.46%
04/24/2017,7.21,7.25,7.25,7.2,33.24M,-0.48%
04/23/2017,7.24,7.3,7.35,7.22,51.38M,0.28%
04/20/2017,7.22,7.3,7.3,7.2,56.51M,-0.55%
04/19/2017,7.26,7.3,7.32,7.22,57.69M,-0.21%
04/18/2017,7.28,7.35,7.35,7.27,45.41M,-0.27%
04/17/2017,7.3,7.3,7.35,7.27,43.02M,-0.07%
04/16/2017,7.3,7.32,7.35,7.3,35.03M,-0.34%
04/13/2017,7.33,7.37,7.37,7.32,41.43M,-0.34%
04/12/2017,7.35,7.32,7.37,7.3,40.08M,0.75%
04/11/2017,7.3,7.32,7.35,7.3,36.22M,-0.21%
04/10/2017,7.31,7.32,7.35,7.3,41.66M,0.14%
04/09/2017,7.3,7.35,7.35,7.27,44.54M,-2.79%
04/06/2017,7.51,7.5,7.57,7.5,58.42M,0.07%
04/05/2017,7.51,7.47,7.52,7.45,50.31M,0.60%
04/04/2017,7.46,7.47,7.5,7.45,43.84M,0.00%
04/03/2017,7.46,7.5,7.52,7.45,36.97M,-0.53%
04/02/2017,7.5,7.55,7.57,7.5,40.91M,-0.07%
03/30/2017,7.51,7.45,7.55,7.42,77.15M,0.81%
03/29/2017,7.45,7.45,7.47,7.42,53.82M,0.13%
03/28/2017,7.44,7.42,7.47,7.42,58.89M,0.34%
03/27/2017,7.41,7.45,7.47,7.4,47.75M,-0.34%
03/26/2017,7.44,7.5,7.52,7.42,36.00M,-0.20%
03/23/2017,7.45,7.27,7.5,7.27,63.85M,2.40%
03/22/2017,7.28,7.32,7.37,7.25,56.26M,-0.75%
03/21/2017,7.33,7.3,7.37,7.3,46.83M,0.41%
03/20/2017,7.3,7.32,7.35,7.3,39.37M,0.00%
03/19/2017,7.3,7.3,7.35,7.27,35.26M,0.07%
03/16/2017,7.3,7.27,7.35,7.25,57.67M,0.97%
03/15/2017,7.23,7.17,7.27,7.15,50.55M,1.19%
03/14/2017,7.14,7.17,7.2,7.1,58.45M,-0.21%
03/13/2017,7.16,7.2,7.22,7.15,62.40M,-0.42%
03/12/2017,7.19,7.27,7.3,7.17,35.37M,-0.69%
03/09/2017,7.24,7.27,7.3,7.2,65.16M,-0.62%
03/08/2017,7.28,7.3,7.32,7.27,46.51M,-0.27%
03/07/2017,7.3,7.3,7.35,7.27,41.29M,0.34%
03/06/2017,7.28,7.3,7.32,7.25,39.73M,-0.07%
03/05/2017,7.28,7.32,7.35,7.27,47.32M,-0.61%
03/02/2017,7.33,7.35,7.37,7.32,45.39M,-0.07%
03/01/2017,7.33,7.37,7.4,7.3,50.02M,-0.47%
02/28/2017,7.37,7.27,7.4,7.27,54.83M,1.10%
02/27/2017,7.29,7.32,7.37,7.25,59.52M,-0.55%
02/26/2017,7.33,7.32,7.35,7.27,41.47M,0.62%
02/23/2017,7.28,7.35,7.37,7.27,31.48M,-0.82%
02/22/2017,7.34,7.3,7.37,7.3,30.91M,0.96%
02/21/2017,7.27,7.4,7.42,7.2,30.61M,-1.82%
02/20/2017,7.41,7.4,7.45,7.4,21.16M,-0.20%
02/19/2017,7.42,7.4,7.47,7.4,41.73M,0.61%
02/16/2017,7.38,7.4,7.42,7.35,40.01M,0.00%
02/15/2017,7.38,7.32,7.42,7.32,43.65M,0.61%
02/14/2017,7.33,7.37,7.4,7.32,46.04M,-0.61%
02/13/2017,7.38,7.3,7.4,7.3,41.05M,0.96%
02/12/2017,7.31,7.27,7.4,7.27,47.55M,0.97%
02/09/2017,7.24,7.12,7.3,7.07,60.39M,1.83%
02/08/2017,7.11,7.1,7.12,7.05,62.28M,-0.14%
02/07/2017,7.12,7.15,7.15,7.07,54.90M,-0.07%
02/06/2017,7.12,7.17,7.2,7.07,82.37M,-0.42%
02/05/2017,7.15,7.32,7.32,7.15,56.05M,-1.78%
02/02/2017,7.28,7.37,7.42,7.2,92.01M,-1.22%
02/01/2017,7.37,7.55,7.57,7.3,106.60M,-2.19%
01/31/2017,7.54,7.55,7.57,7.5,47.40M,-0.13%
01/30/2017,7.55,7.57,7.65,7.52,48.20M,-0.40%
01/29/2017,7.58,7.57,7.62,7.55,46.11M,0.33%
01/26/2017,7.55,7.52,7.6,7.5,63.48M,0.40%
01/25/2017,7.52,7.52,7.57,7.52,42.43M,-0.27%
01/24/2017,7.54,7.55,7.57,7.5,49.27M,0.27%
01/23/2017,7.52,7.37,7.55,7.37,61.39M,2.10%
01/22/2017,7.37,7.35,7.4,7.27,53.53M,0.41%
01/19/2017,7.34,7.27,7.37,7.25,58.86M,0.69%
01/18/2017,7.29,7.17,7.42,7.15,64.91M,2.82%
01/17/2017,7.09,7.0,7.1,6.97,56.15M,1.14%
01/16/2017,7.01,7.17,7.17,7.0,59.38M,-1.96%
01/15/2017,7.15,7.15,7.22,7.12,41.72M,0.21%
01/12/2017,7.13,7.12,7.17,7.1,43.17M,0.42%
01/11/2017,7.1,7.3,7.32,7.07,55.05M,-2.80%
01/10/2017,7.31,7.32,7.35,7.25,48.18M,-0.27%
01/09/2017,7.33,7.45,7.47,7.3,54.73M,-1.61%
01/08/2017,7.45,7.55,7.57,7.45,44.23M,-1.39%
01/05/2017,7.55,7.5,7.57,7.5,44.15M,0.60%
01/04/2017,7.51,7.55,7.57,7.5,34.24M,-0.60%
01/03/2017,7.55,7.55,7.6,7.52,40.26M,0.00%
01/02/2017,7.55,7.55,7.65,7.5,65.75M,0.40%
01/01/2017,7.52,7.55,7.57,7.5,34.91M,-0.13%
12/29/2016,7.53,7.57,7.57,7.5,55.81M,-0.26%
12/28/2016,7.55,7.62,7.65,7.55,62.43M,-0.53%
12/27/2016,7.59,7.47,7.75,7.47,94.55M,1.47%
12/26/2016,7.48,7.52,7.55,7.47,29.38M,-0.13%
12/25/2016,7.49,7.4,7.65,7.37,72.92M,1.83%
12/22/2016,7.36,7.32,7.37,7.3,33.51M,0.75%
12/21/2016,7.3,7.32,7.37,7.27,33.13M,0.14%
12/20/2016,7.29,7.35,7.35,7.27,38.50M,-0.48%
12/19/2016,7.33,7.32,7.4,7.32,47.60M,-0.07%
12/18/2016,7.33,7.4,7.42,7.32,43.81M,-0.14%
12/15/2016,7.34,7.35,7.4,7.25,60.02M,0.69%
12/14/2016,7.29,7.32,7.35,7.25,40.39M,-0.21%
12/13/2016,7.31,7.3,7.32,7.25,25.62M,0.07%
12/12/2016,7.3,7.4,7.42,7.3,46.65M,-0.68%
12/11/2016,7.35,7.3,7.5,7.3,71.24M,0.89%
12/08/2016,7.29,7.27,7.32,7.25,39.11M,0.28%
12/07/2016,7.27,7.35,7.37,7.25,50.25M,-0.75%
12/06/2016,7.32,7.27,7.35,7.22,54.31M,0.83%
12/05/2016,7.26,7.27,7.32,7.2,55.36M,-0.34%
12/04/2016,7.29,7.2,7.4,7.17,79.55M,1.60%
12/01/2016,7.17,7.15,7.25,7.15,83.51M,0.99%
11/30/2016,7.1,7.1,7.17,7.07,74.71M,0.42%
11/29/2016,7.07,7.07,7.12,7.07,54.18M,-0.21%
11/28/2016,7.09,7.12,7.12,7.07,39.46M,-0.21%
11/27/2016,7.1,7.05,7.15,7.05,40.74M,0.50%
11/24/2016,7.07,7.12,7.17,7.05,43.39M,-0.56%
11/23/2016,7.11,7.05,7.17,7.05,54.68M,1.07%
11/22/2016,7.03,7.0,7.07,7.0,48.42M,0.79%
11/21/2016,6.98,7.1,7.15,6.95,41.25M,-1.55%
11/20/2016,7.09,7.1,7.12,7.05,33.92M,0.07%
11/17/2016,7.08,7.12,7.15,7.05,38.01M,-0.35%
11/16/2016,7.11,7.02,7.15,7.02,44.77M,1.94%
11/15/2016,6.97,7.02,7.07,6.92,56.48M,-1.06%
11/14/2016,7.05,7.15,7.15,7.02,42.65M,-0.70%
11/13/2016,7.1,7.1,7.15,7.07,43.10M,-0.14%
11/10/2016,7.11,7.15,7.2,7.1,70.73M,0.00%
11/09/2016,7.11,6.9,7.17,6.82,74.85M,1.50%
11/08/2016,7.0,7.02,7.05,7.0,59.29M,-0.07%
11/07/2016,7.01,7.0,7.05,7.0,47.60M,0.00%
11/06/2016,7.01,6.92,7.02,6.9,65.37M,1.08%
11/03/2016,6.94,6.85,6.95,6.85,61.99M,1.76%
11/02/2016,6.82,6.72,6.85,6.7,66.62M,1.11%
11/01/2016,6.74,6.72,6.77,6.67,41.70M,0.45%
10/31/2016,6.71,6.72,6.75,6.65,41.13M,0.00%
10/30/2016,6.71,6.65,6.77,6.65,46.09M,0.90%
10/27/2016,6.65,6.6,6.7,6.55,46.10M,0.76%
10/26/2016,6.6,6.55,6.67,6.52,47.31M,0.61%
10/25/2016,6.56,6.45,6.6,6.45,40.89M,1.86%
10/24/2016,6.44,6.32,6.47,6.3,52.47M,1.98%
10/23/2016,6.32,6.25,6.4,6.22,47.67M,1.69%
10/20/2016,6.21,5.9,6.32,5.87,92.72M,5.88%
10/19/2016,5.87,5.8,5.95,5.77,58.99M,1.65%
10/18/2016,5.77,5.85,5.95,5.72,43.17M,-0.94%
10/17/2016,5.83,5.92,5.92,5.75,61.42M,-3.32%
10/16/2016,6.03,6.0,6.07,5.9,40.53M,0.50%
10/13/2016,6.0,5.92,6.05,5.87,63.68M,1.27%
10/12/2016,5.92,5.82,6.0,5.82,59.68M,1.89%
10/11/2016,5.81,5.7,5.87,5.7,61.17M,2.02%
10/10/2016,5.7,5.57,5.72,5.57,44.88M,2.06%
10/09/2016,5.58,5.72,5.75,5.57,52.45M,-2.02%
10/06/2016,5.7,5.65,5.85,5.62,88.58M,0.53%
10/05/2016,5.67,5.62,5.72,5.6,95.77M,0.89%
10/04/2016,5.62,5.52,5.65,5.5,81.78M,1.81%
10/03/2016,5.52,5.45,5.65,5.42,112.64M,1.38%
10/02/2016,5.44,5.72,5.8,5.42,65.62M,-4.31%
09/29/2016,5.69,5.47,5.77,5.42,126.91M,4.50%
09/28/2016,5.44,5.95,5.97,5.37,186.27M,-8.41%
09/27/2016,5.94,6.2,6.2,5.87,171.37M,-4.57%
09/26/2016,6.23,6.22,6.27,6.22,59.85M,0.89%
09/25/2016,6.17,6.22,6.22,6.15,62.29M,-0.64%
09/21/2016,6.21,6.2,6.25,6.17,69.21M,0.49%
09/20/2016,6.18,6.25,6.27,6.17,79.53M,-0.80%
09/19/2016,6.23,6.3,6.32,6.2,72.25M,-0.32%
09/18/2016,6.25,6.32,6.35,6.25,41.97M,-1.65%
09/08/2016,6.36,6.35,6.4,6.3,54.02M,0.55%
09/07/2016,6.32,6.32,6.37,6.3,78.67M,-0.32%
09/06/2016,6.34,6.4,6.42,6.32,75.58M,-0.63%
09/05/2016,6.38,6.3,6.42,6.3,126.66M,1.27%
09/04/2016,6.3,6.22,6.35,6.2,107.67M,1.69%
09/01/2016,6.2,6.22,6.25,6.15,107.24M,-0.48%
08/31/2016,6.23,6.3,6.32,6.22,98.84M,-1.19%
08/30/2016,6.3,6.32,6.35,6.3,85.97M,-0.16%
08/29/2016,6.31,6.32,6.35,6.27,79.71M,-0.47%
08/28/2016,6.34,6.3,6.37,6.2,89.83M,0.63%
08/25/2016,6.3,6.35,6.35,6.15,88.23M,-1.10%
08/24/2016,6.37,6.55,6.55,6.35,115.17M,-2.00%
08/23/2016,6.5,6.52,6.57,6.47,80.23M,-0.61%
08/22/2016,6.54,6.55,6.57,6.5,50.89M,-0.15%
08/21/2016,6.55,6.57,6.65,6.52,78.73M,-0.08%
08/18/2016,6.56,6.57,6.6,6.52,73.96M,0.00%
08/17/2016,6.56,6.6,6.62,6.55,77.52M,-0.83%
08/16/2016,6.62,6.65,6.67,6.6,73.34M,-0.23%
08/15/2016,6.63,6.65,6.67,6.6,65.31M,0.08%
08/14/2016,6.63,6.62,6.7,6.6,79.81M,0.68%
08/11/2016,6.58,6.6,6.65,6.57,98.85M,-0.30%
08/10/2016,6.6,6.65,6.67,6.6,77.08M,-0.75%
08/09/2016,6.65,6.6,6.67,6.57,90.28M,1.06%
08/08/2016,6.58,6.57,6.62,6.57,83.80M,0.30%
08/07/2016,6.56,6.52,6.6,6.52,62.09M,0.84%
08/04/2016,6.51,6.52,6.55,6.5,90.14M,-0.15%
08/03/2016,6.52,6.55,6.57,6.5,103.14M,-0.53%
08/02/2016,6.55,6.6,6.6,6.5,108.63M,-0.83%
08/01/2016,6.61,6.6,6.62,6.57,94.21M,0.76%
07/31/2016,6.56,6.57,6.62,6.52,75.79M,-0.30%
07/28/2016,6.58,6.62,6.62,6.55,62.58M,-0.60%
07/27/2016,6.62,6.62,6.62,6.57,63.11M,0.15%
07/26/2016,6.61,6.67,6.67,6.57,66.01M,-0.83%
07/25/2016,6.66,6.75,6.75,6.6,110.92M,-0.89%
07/24/2016,6.72,6.85,6.87,6.7,71.74M,-1.61%
07/21/2016,6.83,6.9,6.92,6.82,87.64M,-0.80%
07/20/2016,6.89,6.87,6.9,6.87,69.40M,0.07%
07/19/2016,6.88,7.0,7.0,6.87,81.80M,-1.15%
07/18/2016,6.96,6.97,7.0,6.92,74.58M,-0.21%
07/17/2016,6.98,6.87,7.02,6.87,98.99M,2.42%
07/14/2016,6.81,6.85,6.87,6.8,111.92M,-0.51%
07/13/2016,6.85,6.75,6.9,6.72,106.85M,2.01%
07/12/2016,6.71,6.67,6.77,6.65,104.34M,1.05%
07/11/2016,6.64,6.6,6.7,6.55,79.40M,0.91%
07/10/2016,6.58,6.55,6.6,6.52,26.61M,0.84%
06/30/2016,6.53,6.57,6.6,6.5,127.89M,-0.46%
06/29/2016,6.56,6.55,6.57,6.55,74.30M,0.46%
06/28/2016,6.53,6.55,6.57,6.5,98.60M,-0.08%
06/27/2016,6.53,6.62,6.62,6.52,95.25M,-0.46%
06/26/2016,6.56,6.5,6.62,6.45,119.25M,-2.23%
06/23/2016,6.71,6.75,6.8,6.7,90.51M,-0.15%
06/22/2016,6.72,6.75,6.85,6.72,78.16M,0.37%
06/21/2016,6.7,6.72,6.75,6.67,69.21M,-0.15%
06/20/2016,6.71,6.75,6.75,6.7,77.74M,0.37%
06/19/2016,6.68,6.72,6.75,6.67,70.64M,0.00%
06/16/2016,6.69,6.67,6.75,6.62,83.85M,0.22%
06/15/2016,6.67,6.8,6.82,6.65,98.20M,-1.62%
06/14/2016,6.78,6.67,6.82,6.67,102.60M,1.57%
06/13/2016,6.68,6.67,6.77,6.65,76.78M,0.00%
06/12/2016,6.68,6.67,6.72,6.67,45.92M,-0.37%
06/09/2016,6.7,6.7,6.77,6.65,116.42M,0.30%
06/08/2016,6.68,6.62,6.77,6.6,108.95M,1.29%
06/07/2016,6.6,6.65,6.67,6.57,105.12M,-0.23%
06/06/2016,6.61,6.52,6.65,6.52,108.82M,1.30%
06/05/2016,6.53,6.6,6.65,6.5,142.40M,-1.06%
06/02/2016,6.6,6.57,6.62,6.55,91.86M,1.07%
06/01/2016,6.53,6.6,6.62,6.5,97.91M,-0.76%
05/31/2016,6.58,6.5,6.62,6.5,56.59M,1.46%
05/30/2016,6.48,6.57,6.6,6.47,77.54M,-1.07%
05/29/2016,6.55,6.62,6.65,6.52,50.57M,-0.61%
05/26/2016,6.59,6.65,6.75,6.57,87.44M,-0.08%
05/25/2016,6.6,6.57,6.65,6.57,72.20M,0.99%
05/24/2016,6.53,6.5,6.57,6.5,68.87M,0.85%
05/23/2016,6.48,6.77,6.77,6.45,129.56M,-4.42%
05/22/2016,6.78,6.9,6.92,6.75,99.33M,-1.60%
05/19/2016,6.89,6.95,6.95,6.85,101.83M,-0.93%
05/18/2016,6.95,6.95,6.97,6.95,72.66M,0.00%
05/17/2016,6.95,6.95,7.02,6.92,106.88M,0.65%
05/16/2016,6.91,6.97,7.0,6.87,124.52M,-0.93%
05/15/2016,6.97,7.0,7.02,6.95,81.33M,-0.36%
05/12/2016,7.0,7.0,7.05,6.97,87.43M,0.29%
05/11/2016,6.98,7.02,7.05,6.95,97.15M,0.00%
05/10/2016,6.98,7.0,7.02,6.95,91.89M,-0.71%
05/09/2016,7.03,7.07,7.07,7.0,96.79M,0.00%
05/08/2016,7.03,7.05,7.12,7.0,98.10M,0.57%
05/05/2016,6.99,6.97,7.07,6.97,137.69M,1.16%
05/04/2016,6.91,6.92,6.97,6.87,119.77M,-0.36%
05/03/2016,6.93,7.1,7.12,6.87,125.16M,-2.05%
05/02/2016,7.08,7.1,7.12,7.0,95.65M,-0.21%
05/01/2016,7.09,7.22,7.3,7.0,146.79M,-1.60%
04/28/2016,7.21,7.22,7.27,7.17,79.87M,-0.07%
04/27/2016,7.21,7.12,7.25,7.1,86.56M,1.98%
04/26/2016,7.07,7.07,7.12,7.02,98.18M,-0.35%
04/25/2016,7.1,6.92,7.15,6.82,166.82M,2.75%
04/24/2016,6.91,6.77,6.95,6.77,111.86M,2.67%
04/21/2016,6.73,6.67,6.8,6.67,96.43M,1.51%
04/20/2016,6.63,6.62,6.7,6.62,71.95M,-0.08%
04/19/2016,6.63,6.6,6.67,6.57,94.96M,1.53%
04/18/2016,6.53,6.5,6.57,6.5,106.76M,-0.76%
04/17/2016,6.58,6.7,6.7,6.55,123.47M,-1.42%
04/14/2016,6.68,6.65,6.75,6.6,109.99M,0.75%
04/13/2016,6.63,6.65,6.67,6.6,104.28M,0.45%
04/12/2016,6.6,6.52,6.67,6.52,140.71M,1.15%
04/11/2016,6.52,6.52,6.6,6.47,181.89M,0.23%
04/10/2016,6.51,6.52,6.55,6.5,71.67M,0.77%
04/07/2016,6.46,6.52,6.55,6.45,100.91M,0.00%
04/06/2016,6.46,6.42,6.52,6.42,128.70M,1.17%
04/05/2016,6.38,6.4,6.42,6.37,99.27M,-0.39%
04/04/2016,6.41,6.35,6.42,6.32,93.78M,1.18%
04/03/2016,6.33,6.35,6.4,6.3,64.14M,-1.17%
03/31/2016,6.41,6.47,6.47,6.4,82.79M,-1.16%
03/30/2016,6.48,6.5,6.52,6.47,58.05M,0.15%
03/29/2016,6.47,6.6,6.6,6.45,72.12M,-4.71%
03/28/2016,6.79,6.82,6.87,6.75,45.46M,0.22%
03/27/2016,6.78,6.85,6.9,6.77,93.25M,-0.51%
03/24/2016,6.81,6.82,6.87,6.77,84.10M,-0.51%
03/23/2016,6.85,6.85,6.87,6.82,61.44M,0.29%
03/22/2016,6.83,6.92,6.95,6.77,110.08M,-1.51%
03/21/2016,6.93,6.92,7.0,6.87,59.08M,0.51%
03/20/2016,6.9,6.8,6.92,6.8,107.10M,2.15%
03/17/2016,6.75,6.75,6.85,6.72,107.32M,0.90%
03/16/2016,6.69,6.65,6.72,6.65,84.03M,0.98%
03/15/2016,6.63,6.67,6.7,6.6,84.02M,-0.67%
03/14/2016,6.67,6.75,6.77,6.67,95.29M,-1.26%
03/13/2016,6.76,6.75,6.8,6.72,85.19M,0.67%
03/10/2016,6.71,6.77,6.82,6.7,134.22M,-0.22%
03/09/2016,6.73,6.77,6.77,6.67,163.43M,-0.88%
03/08/2016,6.79,6.8,6.82,6.72,145.59M,0.74%
03/07/2016,6.74,6.75,6.87,6.7,211.03M,0.07%
03/06/2016,6.73,6.7,6.8,6.67,150.06M,1.97%
03/03/2016,6.6,6.57,6.65,6.55,95.44M,0.46%
03/02/2016,6.57,6.67,6.7,6.55,110.98M,-1.28%
03/01/2016,6.66,6.65,6.7,6.62,114.63M,0.99%
02/29/2016,6.59,6.6,6.67,6.57,139.63M,0.00%
02/28/2016,6.59,6.52,6.62,6.52,60.80M,1.70%
02/25/2016,6.48,6.52,6.55,6.45,102.43M,0.00%
02/24/2016,6.48,6.6,6.6,6.45,117.36M,-2.19%
02/23/2016,6.63,6.57,6.65,6.55,113.31M,0.61%
02/22/2016,6.59,6.52,6.6,6.5,94.41M,1.85%
02/21/2016,6.47,6.55,6.57,6.4,109.37M,-0.61%
02/18/2016,6.51,6.52,6.57,6.45,143.11M,0.85%
02/17/2016,6.45,6.35,6.55,6.32,126.61M,1.49%
02/16/2016,6.36,6.47,6.5,6.32,132.16M,-0.39%
02/15/2016,6.38,6.3,6.42,6.3,124.90M,2.57%
02/14/2016,6.22,6.45,6.5,6.2,123.12M,-1.97%
02/11/2016,6.35,6.55,6.55,6.32,137.78M,-2.68%
02/10/2016,6.52,6.52,6.57,6.5,167.90M,-0.46%
02/09/2016,6.55,6.6,6.65,6.52,126.58M,-0.08%
02/08/2016,6.56,6.57,6.65,6.52,82.43M,0.08%
02/07/2016,6.55,6.6,6.62,6.5,69.34M,-1.06%
02/04/2016,6.62,6.82,6.87,6.6,132.73M,-1.05%
02/03/2016,6.69,6.57,6.72,6.55,100.56M,1.83%
02/02/2016,6.57,6.7,6.75,6.55,114.39M,-2.45%
02/01/2016,6.74,6.7,6.82,6.67,118.72M,0.07%
01/31/2016,6.73,6.9,6.92,6.7,107.37M,0.37%
01/28/2016,6.71,6.55,6.75,6.55,131.35M,2.99%
01/27/2016,6.51,6.57,6.65,6.47,128.73M,-0.46%
01/26/2016,6.54,6.42,6.57,6.3,139.15M,0.61%
01/25/2016,6.5,6.55,6.62,6.45,131.40M,-1.29%
01/24/2016,6.59,6.7,6.77,6.52,155.77M,6.29%
01/21/2016,6.2,6.05,6.3,6.05,151.33M,2.06%
01/20/2016,6.07,6.37,6.42,6.05,249.99M,-7.53%
01/19/2016,6.57,6.5,6.65,6.37,177.59M,5.37%
01/18/2016,6.23,6.02,6.3,6.02,174.67M,2.72%
01/17/2016,6.07,6.05,6.15,5.9,162.87M,-4.78%
01/14/2016,6.37,6.6,6.7,6.27,164.51M,-4.64%
01/13/2016,6.68,6.62,6.82,6.6,156.84M,1.91%
01/12/2016,6.56,6.57,6.75,6.52,164.18M,-2.31%
01/11/2016,6.71,6.52,6.77,6.45,162.33M,2.75%
01/10/2016,6.53,6.8,6.87,6.47,140.51M,-3.04%
01/07/2016,6.74,6.9,6.92,6.7,130.34M,-3.85%
01/06/2016,7.01,7.3,7.32,6.9,105.17M,-3.58%
01/05/2016,7.27,7.22,7.32,7.2,77.69M,1.18%
01/04/2016,7.18,7.42,7.52,7.17,112.89M,-3.69%
01/03/2016,7.46,7.4,7.52,7.37,63.97M,1.02%
12/31/2015,7.38,7.4,7.45,7.27,85.68M,-0.34%
12/30/2015,7.41,7.6,7.62,7.32,95.40M,-2.05%
12/29/2015,7.56,7.12,7.6,7.0,125.72M,4.42%
12/28/2015,7.24,7.2,7.3,7.15,132.01M,1.19%
12/27/2015,7.16,7.12,7.2,7.0,91.43M,1.20%
12/24/2015,7.07,7.22,7.3,7.05,112.77M,-1.80%
12/23/2015,7.2,7.45,7.5,7.15,128.76M,-2.90%
12/22/2015,7.42,7.37,7.45,7.32,115.21M,1.85%
12/21/2015,7.28,7.37,7.45,7.2,139.92M,-1.22%
12/20/2015,7.37,7.55,7.57,7.35,109.81M,-2.83%
12/17/2015,7.59,7.2,7.8,7.17,241.19M,6.75%
12/16/2015,7.11,7.1,7.17,7.02,138.75M,0.99%
12/15/2015,7.04,6.97,7.07,6.95,111.79M,1.88%
12/14/2015,6.91,7.07,7.1,6.87,103.95M,-1.85%
12/13/2015,7.04,6.97,7.07,6.82,115.84M,-0.71%
12/10/2015,7.09,7.02,7.2,7.02,123.26M,1.21%
12/09/2015,7.0,6.92,7.02,6.92,123.33M,1.89%
12/08/2015,6.87,6.95,6.97,6.82,106.71M,-1.50%
12/07/2015,6.98,7.15,7.17,6.97,99.07M,-2.38%
12/06/2015,7.15,7.22,7.25,7.15,67.05M,-1.17%
12/03/2015,7.23,7.3,7.32,7.22,110.80M,-1.36%
12/02/2015,7.33,7.32,7.37,7.25,119.10M,0.55%
12/01/2015,7.29,7.25,7.32,7.25,86.22M,0.90%
11/30/2015,7.23,7.25,7.27,7.2,76.22M,-0.07%
11/29/2015,7.23,7.25,7.32,7.2,118.27M,0.07%
11/26/2015,7.23,7.2,7.27,7.15,94.07M,0.28%
11/25/2015,7.21,7.25,7.27,7.17,107.81M,0.14%
11/24/2015,7.2,7.12,7.25,7.12,119.97M,1.41%
11/23/2015,7.1,7.15,7.22,7.07,133.49M,-0.84%
11/22/2015,7.16,7.07,7.2,7.07,114.45M,1.56%
11/19/2015,7.05,7.02,7.1,7.0,121.33M,1.22%
11/18/2015,6.96,6.92,7.0,6.9,117.82M,0.58%
11/17/2015,6.92,7.17,7.17,6.9,137.83M,-2.67%
11/16/2015,7.11,7.07,7.15,7.0,122.78M,1.50%
11/15/2015,7.01,7.0,7.07,6.95,133.64M,-2.44%
11/12/2015,7.18,7.27,7.4,7.17,177.14M,-2.04%
11/11/2015,7.33,7.12,7.47,7.12,180.41M,3.09%
11/10/2015,7.11,7.22,7.25,7.07,146.45M,-1.32%
11/09/2015,7.21,7.15,7.25,7.1,141.84M,1.05%
11/08/2015,7.13,7.22,7.25,7.02,102.22M,-1.52%
11/05/2015,7.24,7.37,7.37,7.2,103.70M,-1.76%
11/04/2015,7.37,7.37,7.4,7.17,110.35M,1.17%
11/03/2015,7.29,7.42,7.55,7.27,122.50M,-1.82%
11/02/2015,7.42,7.3,7.52,7.25,99.81M,2.27%
11/01/2015,7.26,7.42,7.42,7.15,106.22M,-3.14%
10/29/2015,7.49,7.6,7.67,7.45,95.03M,-0.13%
10/28/2015,7.5,7.4,7.55,7.25,146.11M,2.39%
10/27/2015,7.33,7.85,7.87,7.22,162.87M,-6.80%
10/26/2015,7.86,7.92,7.92,7.75,131.34M,-0.13%
10/25/2015,7.87,8.12,8.17,7.85,100.50M,-2.17%
10/22/2015,8.05,8.27,8.32,7.97,109.61M,-2.84%
10/21/2015,8.28,8.45,8.45,8.25,101.42M,-2.01%
10/20/2015,8.45,8.55,8.6,8.45,74.22M,-1.23%
10/19/2015,8.56,8.72,8.75,8.55,95.27M,-1.83%
10/18/2015,8.72,8.75,8.77,8.7,88.81M,0.40%
10/15/2015,8.68,8.75,8.8,8.67,87.78M,-0.74%
10/14/2015,8.75,8.72,8.77,8.7,69.98M,0.23%
10/13/2015,8.73,8.77,8.8,8.7,89.20M,-0.85%
10/12/2015,8.8,8.87,8.92,8.8,82.77M,-0.56%
10/11/2015,8.85,8.82,9.0,8.82,102.04M,0.97%
10/08/2015,8.77,8.75,8.8,8.67,55.94M,0.52%
10/07/2015,8.72,8.82,8.87,8.7,99.41M,1.69%
10/06/2015,8.58,8.45,8.6,8.45,67.94M,1.36%
10/05/2015,8.46,8.37,8.47,8.35,54.16M,1.93%
10/04/2015,8.3,8.37,8.4,8.25,41.57M,-0.48%
10/01/2015,8.34,8.45,8.47,8.32,45.35M,-0.89%
09/30/2015,8.42,8.4,8.47,8.35,39.78M,0.60%
09/29/2015,8.37,8.45,8.45,8.22,45.33M,-0.71%
09/21/2015,8.43,8.45,8.5,8.27,92.37M,0.00%
09/20/2015,8.43,8.82,8.82,8.4,110.21M,-4.15%
09/17/2015,8.79,9.32,9.37,8.77,139.69M,-5.28%
09/16/2015,9.28,9.45,9.52,9.27,81.71M,-0.96%
09/15/2015,9.37,9.27,9.42,9.2,79.88M,1.02%
09/14/2015,9.28,9.52,9.55,9.25,65.91M,-2.21%
09/13/2015,9.49,9.6,9.67,9.47,50.49M,-0.99%
09/10/2015,9.58,9.6,9.67,9.52,77.52M,-1.13%
09/09/2015,9.69,9.67,9.77,9.57,76.33M,2.11%
09/08/2015,9.49,9.42,9.55,9.27,69.75M,1.23%
09/07/2015,9.38,9.4,9.45,9.35,63.50M,0.54%
09/06/2015,9.33,9.27,9.37,9.2,55.87M,0.32%
09/03/2015,9.3,9.37,9.42,9.27,76.42M,0.65%
09/02/2015,9.24,9.22,9.35,9.02,84.20M,-0.75%
09/01/2015,9.31,9.45,9.57,9.25,83.74M,-1.06%
08/31/2015,9.41,9.45,9.5,9.32,59.88M,-1.36%
08/30/2015,9.54,9.77,9.82,9.5,66.23M,2.91%
08/27/2015,9.27,9.5,9.7,9.2,112.57M,2.15%
08/26/2015,9.07,9.35,9.47,9.0,100.76M,-3.20%
08/25/2015,9.37,8.75,9.37,8.72,91.94M,9.84%
08/24/2015,8.53,9.0,9.15,8.25,117.30M,-4.53%
08/23/2015,8.94,8.87,9.32,8.87,86.66M,-5.99%
08/20/2015,9.51,9.02,9.62,8.97,86.81M,1.44%
08/19/2015,9.37,9.67,9.85,9.32,89.39M,-3.25%
08/18/2015,9.69,9.97,9.97,9.6,73.52M,-2.95%
08/17/2015,9.98,10.0,10.15,9.87,65.52M,-0.75%
08/16/2015,10.06,10.6,10.72,9.75,64.44M,-5.23%
08/13/2015,10.61,10.67,10.7,10.6,37.36M,0.00%
08/12/2015,10.61,10.62,10.67,10.5,41.27M,-1.07%
08/11/2015,10.73,10.87,10.92,10.67,32.00M,-1.20%
08/10/2015,10.86,10.55,10.87,10.55,36.88M,3.13%
08/09/2015,10.53,10.27,10.6,10.27,38.44M,-0.24%
08/06/2015,10.55,10.95,10.95,10.42,56.56M,-3.70%
08/05/2015,10.96,10.97,11.02,10.95,28.70M,0.23%
08/04/2015,10.93,11.02,11.05,10.82,42.55M,-0.77%
08/03/2015,11.02,10.87,11.07,10.87,36.10M,0.73%
08/02/2015,10.94,11.2,11.25,10.87,36.92M,-2.84%
07/30/2015,11.26,11.25,11.32,11.22,33.24M,0.22%
07/29/2015,11.23,11.15,11.3,11.12,30.04M,1.17%
07/28/2015,11.1,11.15,11.25,11.05,39.44M,-0.67%
07/27/2015,11.18,11.3,11.32,11.15,36.95M,-1.37%
07/26/2015,11.33,11.47,11.5,11.3,32.93M,-0.66%
07/23/2015,11.41,11.52,11.55,11.35,53.58M,-1.08%
07/22/2015,11.53,11.57,11.6,11.5,18.60M,-0.09%
07/15/2015,11.54,11.4,11.6,11.4,35.69M,1.23%
07/14/2015,11.4,11.42,11.45,11.37,25.57M,0.09%
07/13/2015,11.39,11.45,11.47,11.37,32.16M,-0.22%
07/12/2015,11.42,11.47,11.57,11.4,46.43M,0.26%
07/09/2015,11.39,11.32,11.67,11.27,83.79M,1.06%
07/08/2015,11.27,11.3,11.32,11.22,43.06M,-0.40%
07/07/2015,11.31,11.4,11.42,11.3,30.97M,-0.83%
07/06/2015,11.41,11.37,11.47,11.37,31.41M,-0.48%
07/05/2015,11.46,11.27,11.52,11.27,34.55M,1.51%
07/02/2015,11.29,11.27,11.42,11.25,34.88M,0.31%
07/01/2015,11.26,11.25,11.45,11.1,36.63M,-0.27%
06/30/2015,11.29,11.0,11.32,10.92,46.24M,1.57%
06/29/2015,11.11,11.4,11.42,11.0,55.16M,-3.43%
06/28/2015,11.51,11.67,11.7,11.37,32.54M,-1.41%
06/25/2015,11.67,11.67,11.72,11.62,35.95M,0.00%
06/24/2015,11.67,11.7,11.75,11.6,31.39M,0.04%
06/23/2015,11.67,11.7,11.8,11.57,37.58M,-0.04%
06/22/2015,11.67,11.6,11.75,11.5,49.79M,0.60%
06/21/2015,11.6,11.92,11.95,11.57,51.09M,-2.81%
06/18/2015,11.94,11.92,12.02,11.92,34.37M,0.08%
06/17/2015,11.93,11.97,11.97,11.87,44.75M,-0.29%
06/16/2015,11.96,11.95,11.97,11.9,51.85M,0.21%
06/15/2015,11.94,12.02,12.2,11.92,75.45M,-0.42%
06/14/2015,11.99,11.8,12.0,11.77,41.09M,1.87%
06/11/2015,11.77,11.92,11.95,11.72,61.29M,-1.22%
06/10/2015,11.91,11.9,11.95,11.9,29.64M,0.55%
06/09/2015,11.85,11.9,11.92,11.77,44.50M,-0.46%
06/08/2015,11.9,11.97,12.0,11.9,35.74M,-0.42%
06/07/2015,11.95,12.02,12.07,11.92,54.10M,-0.66%
06/04/2015,12.03,12.07,12.07,11.97,45.18M,-0.12%
06/03/2015,12.05,12.07,12.1,12.05,33.19M,0.04%
06/02/2015,12.04,12.05,12.1,12.02,33.24M,0.12%
06/01/2015,12.03,12.07,12.1,11.95,50.18M,-0.37%
05/31/2015,12.07,12.1,12.15,12.07,36.91M,-0.08%
05/28/2015,12.08,12.1,12.15,12.07,46.48M,0.00%
05/27/2015,12.08,12.12,12.15,12.07,43.76M,-0.21%
05/26/2015,12.11,12.1,12.17,12.07,48.68M,0.21%
05/25/2015,12.08,12.07,12.12,12.07,31.92M,0.29%
05/24/2015,12.05,12.1,12.12,12.0,45.94M,-0.45%
05/21/2015,12.1,12.07,12.12,12.05,187.98M,0.41%
05/20/2015,12.05,12.15,12.15,12.05,44.35M,-0.70%
05/19/2015,12.14,12.15,12.15,12.1,34.17M,0.00%
05/18/2015,12.14,12.12,12.17,12.12,42.67M,0.16%
05/17/2015,12.12,12.1,12.2,12.1,47.04M,0.29%
05/14/2015,12.09,12.02,12.17,12.0,71.25M,0.67%
05/13/2015,12.01,12.02,12.05,11.95,32.44M,0.08%
05/12/2015,12.0,11.87,12.02,11.87,27.76M,0.80%
05/11/2015,11.9,12.07,12.1,11.82,38.47M,-1.33%
05/10/2015,12.06,12.12,12.17,12.05,39.02M,-0.29%
05/07/2015,12.1,12.15,12.17,12.05,42.25M,-0.37%
05/06/2015,12.14,12.1,12.17,12.07,40.00M,0.12%
05/05/2015,12.13,12.25,12.25,12.12,53.63M,-0.21%
05/04/2015,12.15,12.1,12.2,12.1,42.09M,0.37%
05/03/2015,12.11,12.27,12.32,12.07,59.80M,-1.26%
04/30/2015,12.26,12.17,12.35,12.12,79.09M,0.95%
04/29/2015,12.15,12.27,12.3,12.05,109.69M,-0.16%
04/28/2015,12.17,12.1,12.27,12.05,86.52M,0.50%
04/27/2015,12.11,12.12,12.17,12.05,49.27M,0.00%
04/26/2015,12.11,12.1,12.17,12.07,62.67M,0.29%
04/23/2015,12.07,11.97,12.1,11.95,44.72M,0.58%
04/22/2015,12.0,12.27,12.4,11.97,79.93M,0.46%
04/21/2015,11.95,12.12,12.15,11.85,63.31M,-1.81%
04/20/2015,12.17,12.37,12.37,12.05,87.76M,-0.90%
04/19/2015,12.28,12.0,12.5,12.0,141.44M,7.44%
04/16/2015,11.43,11.32,11.55,11.3,87.30M,1.46%
04/15/2015,11.26,11.12,11.32,11.05,91.76M,2.97%
04/14/2015,10.94,11.05,11.12,10.92,69.99M,-1.08%
04/13/2015,11.06,10.85,11.17,10.82,75.16M,2.03%
04/12/2015,10.84,11.0,11.05,10.82,59.45M,-0.41%
04/09/2015,10.88,10.75,11.0,10.75,58.38M,0.97%
04/08/2015,10.78,10.9,11.0,10.75,66.95M,-0.69%
04/07/2015,10.85,10.8,10.95,10.75,49.34M,1.50%
04/06/2015,10.69,10.7,10.75,10.55,41.75M,0.52%
04/05/2015,10.64,10.92,10.95,10.47,49.40M,-2.30%
04/02/2015,10.89,11.12,11.15,10.8,43.93M,-1.00%
04/01/2015,11.0,11.02,11.17,10.97,51.59M,-0.23%
03/31/2015,11.02,11.2,11.32,10.95,56.21M,-2.26%
03/30/2015,11.28,11.45,11.5,11.17,36.53M,-1.57%
03/29/2015,11.46,11.5,11.6,11.4,58.77M,1.46%
03/26/2015,11.29,10.65,11.35,10.6,68.68M,1.48%
03/25/2015,11.13,11.85,11.87,11.02,71.40M,-6.27%
03/24/2015,11.87,11.8,12.0,11.7,69.05M,0.04%
03/23/2015,11.87,11.82,12.0,11.75,53.81M,0.76%
03/22/2015,11.78,11.6,11.82,11.55,59.47M,2.08%
03/19/2015,11.54,11.6,11.65,11.45,57.65M,0.57%
03/18/2015,11.47,11.55,11.6,10.97,75.30M,-1.03%
03/17/2015,11.59,11.52,11.65,11.47,72.48M,-1.11%
03/16/2015,11.72,12.15,12.22,11.62,113.04M,-3.81%
03/15/2015,12.19,11.97,12.25,11.92,90.72M,1.67%
03/12/2015,11.99,11.87,12.02,11.85,47.55M,1.27%
03/11/2015,11.84,11.82,11.9,11.75,55.06M,-0.04%
03/10/2015,11.84,11.9,11.95,11.7,57.96M,-0.88%
03/09/2015,11.95,12.0,12.02,11.92,30.56M,-0.13%
03/08/2015,11.96,12.1,12.15,11.9,77.02M,-1.07%
03/05/2015,12.09,11.95,12.12,11.92,53.62M,1.21%
03/04/2015,11.95,12.02,12.12,11.92,75.60M,-0.58%
03/03/2015,12.02,11.82,12.12,11.8,87.27M,2.12%
03/02/2015,11.77,11.6,11.82,11.55,59.11M,1.51%
03/01/2015,11.59,11.7,11.75,11.55,70.72M,-0.51%
02/26/2015,11.65,11.67,11.85,11.6,114.57M,0.60%
02/25/2015,11.58,11.32,11.65,11.22,94.90M,2.57%
02/24/2015,11.29,11.15,11.32,11.15,31.55M,1.12%
02/23/2015,11.17,11.27,11.32,11.15,51.10M,-0.98%
02/22/2015,11.28,11.35,11.45,11.25,57.14M,-0.31%
02/19/2015,11.31,11.35,11.37,11.25,42.88M,-0.92%
02/18/2015,11.42,11.55,11.6,11.35,56.33M,-1.13%
02/17/2015,11.55,11.47,11.7,11.45,114.65M,0.48%
02/16/2015,11.49,11.52,11.55,11.47,44.41M,-0.22%
02/15/2015,11.52,11.45,11.6,11.4,77.27M,2.31%
02/12/2015,11.26,11.17,11.32,11.17,55.66M,0.72%
02/11/2015,11.18,11.45,11.5,11.07,69.71M,-2.78%
02/10/2015,11.5,11.7,11.7,11.37,66.57M,-1.75%
02/09/2015,11.7,11.77,11.8,11.62,66.55M,-0.21%
02/08/2015,11.73,11.55,11.77,11.45,128.94M,2.49%
02/05/2015,11.44,11.3,11.5,11.25,51.01M,0.79%
02/04/2015,11.35,11.47,11.5,11.32,62.10M,-0.53%
02/03/2015,11.41,11.62,11.67,11.37,86.49M,-1.08%
02/02/2015,11.54,11.4,11.62,11.3,89.37M,1.27%
02/01/2015,11.39,11.4,11.6,11.27,134.90M,4.78%
01/29/2015,10.87,10.95,11.05,10.82,91.43M,-1.18%
01/28/2015,11.0,10.47,11.05,10.45,113.93M,5.36%
01/27/2015,10.44,10.05,10.67,10.02,118.70M,3.83%
01/26/2015,10.06,10.07,10.15,10.0,83.37M,0.55%
01/22/2015,10.0,9.9,10.07,9.85,48.17M,0.81%
01/21/2015,9.92,9.97,10.05,9.9,53.35M,-0.75%
01/20/2015,10.0,10.07,10.1,9.95,54.17M,-0.74%
01/19/2015,10.07,10.15,10.17,10.05,46.71M,-0.49%
01/18/2015,10.12,10.12,10.2,10.05,54.00M,0.95%
01/15/2015,10.03,10.27,10.3,9.97,82.88M,-1.76%
01/14/2015,10.21,10.07,10.32,10.02,120.20M,1.54%
01/13/2015,10.05,9.85,10.07,9.75,121.63M,0.50%
01/12/2015,10.0,10.0,10.15,9.95,113.93M,0.15%
01/11/2015,9.99,9.97,10.1,9.9,80.45M,0.15%
01/08/2015,9.97,10.05,10.1,9.95,84.50M,1.01%
01/07/2015,9.87,9.65,10.05,9.57,97.81M,1.44%
01/06/2015,9.73,9.45,9.85,9.27,81.79M,-1.22%
01/05/2015,9.85,9.95,9.97,9.82,37.48M,-2.33%
01/04/2015,10.09,10.12,10.27,10.07,60.12M,-1.94%
01/01/2015,10.29,10.37,10.47,10.07,61.64M,0.93%
12/31/2014,10.19,10.6,10.65,9.7,92.10M,-3.09%
12/30/2014,10.52,10.52,10.7,10.37,51.16M,-4.06%
12/29/2014,10.96,11.0,11.1,10.95,49.26M,-0.23%
12/28/2014,10.99,11.1,11.12,10.9,58.54M,-0.99%
12/25/2014,11.1,11.5,11.65,10.95,94.69M,4.32%
12/24/2014,10.64,10.6,10.95,10.6,100.91M,1.19%
12/23/2014,10.51,10.42,10.62,10.37,46.53M,-0.05%
12/22/2014,10.52,10.62,10.67,10.37,61.86M,-0.89%
12/21/2014,10.61,10.75,10.77,10.2,104.98M,7.22%
12/18/2014,9.9,9.65,9.9,9.57,45.93M,9.94%
12/17/2014,9.0,8.6,9.17,7.75,119.65M,5.01%
12/16/2014,8.57,9.0,9.1,8.57,68.82M,-9.97%
12/15/2014,9.52,10.15,10.22,9.42,66.06M,-4.70%
12/14/2014,9.99,10.0,10.27,9.92,82.24M,-4.85%
12/11/2014,10.5,10.02,10.55,9.92,75.43M,1.64%
12/10/2014,10.33,10.5,10.55,10.27,37.98M,-1.94%
12/09/2014,10.54,10.42,10.57,10.3,65.88M,-1.91%
12/08/2014,10.74,11.0,11.02,10.72,37.76M,-2.41%
12/07/2014,11.01,11.0,11.07,10.95,36.85M,-0.36%
12/04/2014,11.05,11.02,11.1,11.0,43.43M,0.96%
12/03/2014,10.94,10.97,11.05,10.9,54.31M,-0.36%
12/02/2014,10.98,11.12,11.22,10.95,70.73M,1.15%
12/01/2014,10.86,10.37,11.0,10.37,84.63M,4.67%
11/30/2014,10.37,10.1,10.6,10.07,57.15M,-6.07%
11/27/2014,11.04,10.82,11.1,10.72,52.87M,0.14%
11/26/2014,11.03,11.42,11.42,10.97,74.70M,-3.88%
11/25/2014,11.47,11.65,11.65,11.4,51.97M,-1.84%
11/24/2014,11.69,11.9,11.97,11.62,67.23M,-1.06%
11/23/2014,11.81,11.6,11.9,11.6,72.35M,2.83%
11/20/2014,11.49,11.47,11.57,11.45,38.77M,-0.09%
11/19/2014,11.5,11.57,11.57,11.42,40.19M,-0.43%
11/18/2014,11.55,11.52,11.62,11.47,62.68M,0.61%
11/17/2014,11.48,11.77,11.82,11.4,45.10M,-2.84%
11/16/2014,11.81,11.85,11.95,11.8,40.16M,-0.34%
11/13/2014,11.85,12.15,12.2,11.8,79.16M,-3.18%
11/12/2014,12.24,12.47,12.6,12.12,113.08M,0.49%
11/11/2014,12.18,11.62,12.25,11.57,140.74M,4.73%
11/10/2014,11.63,11.57,11.67,11.55,42.70M,0.74%
11/09/2014,11.55,11.75,11.77,11.35,40.58M,-0.82%
11/06/2014,11.64,11.5,11.67,11.4,60.58M,2.37%
11/05/2014,11.37,11.55,11.65,10.95,98.22M,-1.81%
11/04/2014,11.58,12.07,12.2,11.42,103.22M,-4.77%
11/03/2014,12.16,12.02,12.17,11.97,58.71M,1.38%
11/02/2014,12.0,12.07,12.12,11.97,41.10M,0.59%
10/30/2014,11.93,11.92,12.0,11.8,38.54M,0.25%
10/29/2014,11.9,12.0,12.12,11.87,55.06M,0.17%
10/28/2014,11.88,11.9,11.95,11.85,25.52M,-0.50%
10/27/2014,11.94,12.2,12.2,11.9,51.75M,-1.49%
10/26/2014,12.12,11.85,12.2,11.8,54.47M,2.84%
10/23/2014,11.78,11.8,11.9,11.62,46.10M,-1.22%
10/22/2014,11.93,12.12,12.2,11.75,75.16M,-0.75%
10/21/2014,12.02,11.85,12.07,11.8,69.34M,2.43%
10/20/2014,11.73,11.07,11.95,11.07,94.62M,6.88%
10/19/2014,10.98,10.7,11.05,10.57,55.51M,9.25%
10/16/2014,10.05,10.52,10.55,9.85,69.33M,-6.51%
10/15/2014,10.75,11.27,11.37,10.7,71.30M,-5.16%
10/14/2014,11.33,11.42,11.45,11.17,51.18M,-1.39%
10/13/2014,11.49,11.0,11.7,11.0,68.12M,3.98%
10/12/2014,11.05,11.65,11.72,10.95,47.48M,-8.03%
10/02/2014,12.02,11.95,12.05,11.87,24.76M,-0.04%
10/01/2014,12.02,12.25,12.3,12.0,42.09M,-2.08%
09/30/2014,12.28,12.05,12.32,11.97,51.13M,2.50%
09/29/2014,11.98,11.77,12.02,11.75,43.92M,1.91%
09/28/2014,11.75,11.97,12.02,11.72,44.55M,-1.51%
09/25/2014,11.93,11.97,12.1,11.87,44.88M,-0.08%
09/24/2014,11.94,12.2,12.22,11.75,52.91M,-2.49%
09/22/2014,12.25,12.25,12.35,12.12,41.00M,-0.73%
09/21/2014,12.34,12.6,12.65,12.3,59.88M,-1.44%
09/18/2014,12.52,12.4,12.55,12.35,38.15M,1.21%
09/17/2014,12.37,12.32,12.45,12.27,29.57M,0.57%
09/16/2014,12.3,12.27,12.37,12.22,33.87M,0.37%
09/15/2014,12.25,12.32,12.4,12.22,36.88M,-0.61%
09/14/2014,12.33,12.27,12.47,12.25,27.78M,0.08%
09/11/2014,12.32,12.45,12.5,12.27,26.66M,-1.04%
09/10/2014,12.45,12.5,12.55,12.4,27.63M,-0.44%
09/09/2014,12.5,12.55,12.55,12.45,33.58M,0.08%
09/08/2014,12.49,12.55,12.6,12.45,32.78M,-0.48%
09/07/2014,12.55,12.65,12.75,12.45,66.09M,0.40%
09/04/2014,12.5,12.17,12.6,12.12,63.81M,2.67%
09/03/2014,12.18,12.22,12.37,12.15,50.67M,-0.49%
09/02/2014,12.24,12.47,12.47,12.17,64.00M,-1.61%
09/01/2014,12.44,12.55,12.6,12.37,63.52M,-1.03%
08/31/2014,12.57,12.7,12.75,12.5,37.23M,-0.67%
08/28/2014,12.65,12.9,13.0,12.42,77.55M,-1.82%
08/27/2014,12.89,13.15,13.3,12.85,72.86M,-1.30%
08/26/2014,13.06,12.6,13.15,12.55,137.53M,4.61%
08/25/2014,12.48,13.0,13.9,12.3,241.62M,-1.69%
08/24/2014,12.7,11.62,12.7,11.62,104.01M,9.67%
08/21/2014,11.58,11.52,11.62,11.52,30.93M,0.61%
08/20/2014,11.51,11.35,11.57,11.32,49.74M,1.45%
08/19/2014,11.34,11.4,11.42,11.32,35.52M,0.31%
08/18/2014,11.31,10.97,11.47,10.97,58.09M,3.57%
08/17/2014,10.92,10.47,11.02,10.42,64.80M,4.35%
08/14/2014,10.46,10.57,10.6,10.45,40.21M,-0.90%
08/13/2014,10.56,10.57,10.65,10.55,30.85M,-0.19%
08/12/2014,10.58,10.57,10.65,10.45,48.47M,0.43%
08/11/2014,10.53,10.32,10.55,10.25,48.68M,2.78%
08/10/2014,10.25,10.1,10.3,10.07,42.17M,1.59%
08/07/2014,10.09,10.05,10.12,10.0,50.10M,0.40%
08/06/2014,10.05,10.05,10.12,10.02,42.29M,-0.25%
08/05/2014,10.07,10.0,10.15,10.0,50.83M,0.70%
08/04/2014,10.0,10.0,10.05,9.97,34.00M,0.05%
08/03/2014,10.0,10.0,10.07,9.9,38.62M,-0.35%
07/24/2014,10.03,9.97,10.15,9.92,58.46M,0.70%
07/23/2014,9.96,9.92,10.02,9.87,56.49M,0.71%
07/22/2014,9.89,9.6,10.07,9.55,101.69M,4.76%
07/21/2014,9.44,9.4,9.5,9.37,30.38M,0.69%
07/20/2014,9.38,9.37,9.42,9.32,24.61M,0.00%
07/17/2014,9.38,9.37,9.4,9.32,26.32M,0.27%
07/16/2014,9.35,9.37,9.4,9.35,20.10M,-0.11%
07/15/2014,9.36,9.42,9.45,9.35,29.87M,-0.69%
07/14/2014,9.43,9.4,9.45,9.37,27.73M,0.53%
07/13/2014,9.38,9.35,9.45,9.32,26.94M,0.59%
07/10/2014,9.32,9.35,9.37,9.3,29.53M,-0.11%
07/09/2014,9.33,9.4,9.4,9.27,46.06M,-1.74%
07/08/2014,9.5,9.45,9.6,9.42,35.04M,0.53%
07/07/2014,9.45,9.35,9.47,9.32,30.73M,1.18%
07/06/2014,9.34,9.32,9.35,9.3,18.70M,0.38%
07/03/2014,9.3,9.37,9.4,9.27,31.95M,-0.64%
07/02/2014,9.36,9.32,9.42,9.32,29.94M,0.70%
07/01/2014,9.3,9.12,9.32,9.12,28.15M,2.14%
06/30/2014,9.1,9.12,9.17,9.05,34.67M,-0.16%
06/29/2014,9.12,9.17,9.17,9.05,26.74M,-1.14%
06/26/2014,9.22,9.2,9.3,9.17,41.12M,0.38%
06/25/2014,9.19,9.05,9.2,9.02,41.74M,2.05%
06/24/2014,9.0,9.15,9.15,8.85,73.32M,-1.21%
06/23/2014,9.11,9.27,9.27,9.02,50.83M,-1.99%
06/22/2014,9.3,9.42,9.45,9.25,42.79M,-1.22%
06/19/2014,9.41,9.4,9.42,9.35,31.45M,0.86%
06/18/2014,9.33,9.27,9.4,9.27,37.73M,1.25%
06/17/2014,9.22,9.17,9.25,9.12,64.92M,0.27%
06/16/2014,9.19,9.55,9.57,9.17,52.00M,-3.57%
06/15/2014,9.53,9.67,9.7,9.5,58.07M,-1.75%
06/12/2014,9.7,9.75,9.77,9.67,43.22M,-0.51%
06/11/2014,9.75,9.82,9.82,9.75,26.61M,-0.56%
06/10/2014,9.81,9.82,9.82,9.77,42.55M,-0.05%
06/09/2014,9.81,9.8,9.85,9.77,30.88M,0.10%
06/08/2014,9.8,9.87,9.87,9.72,38.74M,-0.20%
06/05/2014,9.82,9.82,9.9,9.8,37.47M,0.15%
06/04/2014,9.81,9.77,9.85,9.77,43.61M,0.31%
06/03/2014,9.78,9.8,9.82,9.75,33.71M,-0.25%
06/02/2014,9.8,9.8,9.85,9.8,30.43M,0.20%
06/01/2014,9.78,9.75,9.85,9.72,34.32M,0.82%
05/29/2014,9.7,9.82,9.9,9.6,86.67M,-1.42%
05/28/2014,9.84,9.9,9.95,9.77,65.58M,-0.81%
05/27/2014,9.92,9.8,9.95,9.77,69.07M,1.95%
05/26/2014,9.73,9.57,9.75,9.57,62.22M,1.94%
05/25/2014,9.55,9.45,9.62,9.42,76.56M,1.00%
05/22/2014,9.45,9.3,9.57,9.3,117.94M,2.16%
05/21/2014,9.25,9.22,9.27,9.22,29.39M,0.27%
05/20/2014,9.23,9.22,9.27,9.22,24.41M,-0.22%
05/19/2014,9.25,9.25,9.3,9.22,45.75M,-0.05%
05/18/2014,9.25,9.27,9.3,9.22,44.21M,-0.22%
05/15/2014,9.27,9.22,9.3,9.22,36.66M,0.43%
05/14/2014,9.23,9.25,9.25,9.22,23.90M,-0.11%
05/13/2014,9.24,9.25,9.27,9.22,28.12M,0.05%
05/12/2014,9.24,9.22,9.25,9.2,28.00M,0.05%
05/11/2014,9.23,9.27,9.3,9.2,32.71M,-0.22%
05/08/2014,9.25,9.27,9.32,9.25,40.48M,-0.05%
05/07/2014,9.26,9.27,9.27,9.2,35.61M,-0.27%
05/06/2014,9.28,9.27,9.35,9.27,52.22M,0.27%
05/05/2014,9.26,9.27,9.27,9.25,34.13M,-0.11%
05/04/2014,9.27,9.27,9.32,9.22,50.48M,0.22%
05/01/2014,9.25,9.2,9.3,9.2,46.15M,0.54%
04/30/2014,9.2,9.2,9.22,9.17,43.24M,0.16%
04/29/2014,9.18,9.17,9.22,9.15,41.19M,-0.27%
04/28/2014,9.21,9.25,9.27,9.17,41.49M,-0.27%
04/27/2014,9.23,9.25,9.25,9.2,26.05M,0.00%
04/24/2014,9.23,9.22,9.25,9.17,37.60M,0.33%
04/23/2014,9.2,9.27,9.27,9.2,39.53M,-0.49%
04/22/2014,9.25,9.27,9.32,9.22,35.30M,-0.11%
04/21/2014,9.26,9.3,9.32,9.22,27.55M,-0.27%
04/20/2014,9.28,9.15,9.32,9.12,64.49M,1.81%
04/17/2014,9.12,9.1,9.15,9.07,36.26M,0.39%
04/16/2014,9.08,9.15,9.17,9.07,35.56M,-0.38%
04/15/2014,9.12,9.07,9.15,9.07,40.60M,0.77%
04/14/2014,9.05,8.92,9.07,8.92,47.87M,1.46%
04/13/2014,8.92,9.0,9.02,8.85,66.66M,-1.44%
04/10/2014,9.05,9.17,9.2,9.0,60.50M,-1.09%
04/09/2014,9.15,9.35,9.35,9.05,68.89M,-2.14%
04/08/2014,9.35,9.22,9.35,9.2,50.80M,1.36%
04/07/2014,9.22,9.32,9.35,9.15,77.23M,-0.81%
04/06/2014,9.3,9.37,9.4,9.3,35.05M,-0.53%
04/03/2014,9.35,9.37,9.4,9.32,36.28M,-0.27%
04/02/2014,9.37,9.35,9.4,9.32,34.49M,0.54%
04/01/2014,9.32,9.32,9.37,9.3,45.52M,0.00%
03/31/2014,9.32,9.35,9.37,9.3,35.40M,0.00%
03/30/2014,9.32,9.35,9.37,9.3,46.52M,0.27%
03/27/2014,9.3,9.37,9.37,9.25,50.49M,-0.53%
03/26/2014,9.35,9.37,9.4,9.35,30.11M,-0.27%
03/25/2014,9.37,9.37,9.4,9.3,34.72M,0.27%
03/24/2014,9.35,9.42,9.45,9.32,69.06M,-0.53%
03/23/2014,9.4,9.2,9.4,9.17,51.30M,2.45%
03/20/2014,9.17,9.22,9.27,9.12,56.62M,-0.81%
03/19/2014,9.25,9.27,9.32,9.2,60.84M,-0.54%
03/18/2014,9.3,9.35,9.37,9.22,68.17M,0.00%
03/17/2014,9.3,9.25,9.35,9.22,55.47M,0.81%
03/16/2014,9.22,9.17,9.27,9.15,64.68M,0.54%
03/13/2014,9.17,9.05,9.2,9.05,63.77M,1.38%
03/12/2014,9.05,9.07,9.1,8.97,61.55M,-0.55%
03/11/2014,9.1,9.12,9.2,9.1,62.79M,0.00%
03/10/2014,9.1,8.95,9.15,8.92,84.15M,1.68%
03/09/2014,8.95,8.9,8.97,8.9,47.77M,0.85%
03/06/2014,8.87,8.87,8.92,8.85,39.71M,0.28%
03/05/2014,8.85,8.9,8.95,8.8,56.38M,-0.56%
03/04/2014,8.9,8.82,8.9,8.82,42.52M,1.42%
03/03/2014,8.77,8.9,8.9,8.72,57.00M,-1.40%
03/02/2014,8.9,8.95,9.0,8.85,56.47M,-0.56%
02/27/2014,8.95,8.9,8.95,8.9,47.77M,0.56%
02/26/2014,8.9,8.95,8.95,8.9,39.97M,-0.28%
02/25/2014,8.92,8.97,9.0,8.9,45.95M,-0.56%
02/24/2014,8.97,9.0,9.02,8.92,76.76M,-0.28%
02/23/2014,9.0,8.8,9.0,8.8,65.70M,2.27%
02/20/2014,8.8,8.8,8.82,8.75,41.65M,-0.28%
02/19/2014,8.82,8.9,8.9,8.77,50.87M,-0.28%
02/18/2014,8.85,8.85,8.95,8.8,78.83M,0.00%
02/17/2014,8.85,8.7,8.85,8.67,54.01M,1.72%
02/16/2014,8.7,8.67,8.75,8.65,46.57M,0.87%
02/13/2014,8.62,8.7,8.7,8.62,38.70M,-0.58%
02/12/2014,8.67,8.7,8.72,8.65,41.96M,0.29%
02/11/2014,8.65,8.67,8.7,8.62,43.18M,-0.29%
02/10/2014,8.67,8.72,8.75,8.62,46.80M,-0.57%
02/09/2014,8.72,8.8,8.82,8.67,60.51M,0.00%
02/06/2014,8.72,8.67,8.72,8.62,62.88M,0.87%
02/05/2014,8.65,8.67,8.77,8.65,62.89M,0.29%
02/04/2014,8.62,8.52,8.72,8.5,88.40M,-0.86%
02/03/2014,8.7,8.75,8.85,8.62,88.08M,0.00%
02/02/2014,8.7,8.32,8.92,8.27,157.18M,4.82%
01/30/2014,8.3,8.17,8.3,8.15,121.02M,1.53%
01/29/2014,8.17,8.15,8.22,8.12,71.30M,0.62%
01/28/2014,8.12,8.05,8.17,8.02,63.73M,0.93%
01/27/2014,8.05,7.95,8.1,7.92,98.70M,1.58%
01/26/2014,7.92,7.85,7.95,7.8,60.13M,-0.63%
01/23/2014,7.97,7.87,8.0,7.87,37.09M,1.27%
01/22/2014,7.87,7.77,7.9,7.77,49.79M,0.96%
01/21/2014,7.8,7.82,7.82,7.72,52.68M,0.00%
01/20/2014,7.8,7.85,7.85,7.8,34.92M,-0.64%
01/19/2014,7.85,7.82,7.87,7.77,66.01M,-0.95%
01/16/2014,7.92,7.95,7.97,7.87,47.12M,-0.31%
01/15/2014,7.95,7.95,7.97,7.92,48.91M,0.32%
01/14/2014,7.92,7.9,7.97,7.9,69.84M,-0.31%
01/13/2014,7.95,7.87,8.02,7.85,100.68M,0.63%
01/12/2014,7.9,7.9,7.9,7.75,97.25M,0.00%
01/09/2014,7.9,7.7,7.9,7.67,87.33M,2.93%
01/08/2014,7.67,7.6,7.72,7.6,55.84M,0.66%
01/07/2014,7.62,7.65,7.7,7.57,71.67M,0.00%
01/06/2014,7.62,7.45,7.62,7.45,86.58M,2.35%
01/05/2014,7.45,7.45,7.47,7.42,32.09M,0.00%
01/02/2014,7.45,7.47,7.47,7.42,35.07M,-0.33%
01/01/2014,7.47,7.45,7.47,7.42,32.35M,0.34%
12/31/2013,7.45,7.45,7.47,7.42,31.54M,0.00%
12/30/2013,7.45,7.42,7.47,7.42,27.75M,0.00%
12/29/2013,7.45,7.42,7.45,7.4,29.79M,0.34%
12/26/2013,7.42,7.42,7.45,7.4,30.65M,0.34%
12/25/2013,7.4,7.45,7.47,7.4,25.29M,-0.67%
12/24/2013,7.45,7.45,7.5,7.45,28.58M,0.34%
12/23/2013,7.42,7.5,7.5,7.42,39.77M,-0.67%
12/22/2013,7.47,7.47,7.52,7.45,51.27M,0.00%
12/19/2013,7.47,7.42,7.47,7.4,48.49M,1.01%
12/18/2013,7.4,7.45,7.47,7.4,40.08M,-0.67%
12/17/2013,7.45,7.45,7.47,7.4,40.32M,0.00%
12/16/2013,7.45,7.45,7.5,7.42,26.19M,-0.33%
12/15/2013,7.47,7.45,7.5,7.42,37.32M,0.67%
12/12/2013,7.42,7.42,7.45,7.4,32.24M,-0.34%
12/11/2013,7.45,7.45,7.47,7.42,40.95M,-0.33%
12/10/2013,7.47,7.42,7.47,7.4,56.28M,1.01%
12/09/2013,7.4,7.4,7.4,7.35,42.65M,0.34%
12/08/2013,7.37,7.35,7.4,7.32,34.21M,0.68%
12/05/2013,7.32,7.3,7.32,7.27,50.90M,0.34%
12/04/2013,7.3,7.3,7.32,7.27,56.27M,0.34%
12/03/2013,7.27,7.42,7.45,7.27,81.53M,-1.69%
12/02/2013,7.4,7.27,7.42,7.27,82.22M,1.72%
12/01/2013,7.27,7.27,7.32,7.25,53.44M,0.00%
11/28/2013,7.27,7.25,7.3,7.25,30.50M,0.34%
11/27/2013,7.25,7.2,7.3,7.2,41.05M,0.35%
11/26/2013,7.22,7.27,7.27,7.2,38.20M,-0.69%
11/25/2013,7.27,7.3,7.32,7.25,27.47M,-0.68%
11/24/2013,7.32,7.27,7.32,7.25,36.85M,0.69%
11/21/2013,7.27,7.3,7.3,7.22,39.22M,-0.34%
11/20/2013,7.3,7.3,7.3,7.27,12.95M,0.00%
11/19/2013,7.3,7.35,7.35,7.27,40.45M,-0.68%
11/18/2013,7.35,7.3,7.4,7.27,45.33M,1.03%
11/17/2013,7.27,7.27,7.3,7.25,36.32M,0.34%
11/14/2013,7.25,7.22,7.27,7.2,40.15M,0.35%
11/13/2013,7.22,7.27,7.27,7.2,45.31M,-0.34%
11/12/2013,7.25,7.27,7.32,7.25,48.54M,-0.34%
11/11/2013,7.27,7.3,7.35,7.27,41.78M,0.00%
11/10/2013,7.27,7.22,7.32,7.2,50.40M,1.04%
11/07/2013,7.2,7.12,7.2,7.12,57.83M,1.05%
11/06/2013,7.12,7.12,7.15,7.1,37.76M,0.00%
11/05/2013,7.12,7.1,7.15,7.07,47.27M,0.35%
11/04/2013,7.1,7.1,7.12,7.07,15.46M,0.00%
11/03/2013,7.1,7.1,7.12,7.07,34.64M,0.00%
10/31/2013,7.1,7.1,7.1,7.05,24.44M,0.00%
10/30/2013,7.1,7.07,7.1,7.05,30.32M,0.71%
10/29/2013,7.05,7.1,7.1,7.02,30.25M,-0.70%
10/28/2013,7.1,7.1,7.12,7.07,19.53M,-0.35%
10/27/2013,7.12,7.1,7.15,7.07,28.59M,-0.35%
10/24/2013,7.15,7.1,7.15,7.07,38.94M,0.70%
10/23/2013,7.1,7.12,7.12,7.07,41.27M,0.00%
10/22/2013,7.1,7.15,7.17,7.1,62.24M,-1.05%
10/21/2013,7.17,7.15,7.2,7.12,43.38M,0.00%
10/20/2013,7.17,7.15,7.17,7.12,34.75M,1.77%
10/10/2013,7.05,7.02,7.1,6.97,54.45M,0.36%
10/09/2013,7.02,7.02,7.02,6.95,50.73M,0.36%
10/08/2013,7.0,7.05,7.1,7.0,61.38M,-1.06%
10/07/2013,7.07,7.12,7.17,7.05,67.37M,-1.05%
10/06/2013,7.15,7.2,7.25,7.05,59.01M,-0.69%
10/03/2013,7.2,7.1,7.2,7.07,41.57M,1.77%
10/02/2013,7.07,7.05,7.1,7.0,35.75M,0.35%
10/01/2013,7.05,7.02,7.05,7.02,21.74M,0.36%
09/30/2013,7.02,7.0,7.02,6.97,33.03M,0.00%
09/29/2013,7.02,7.07,7.07,7.0,28.63M,-0.71%
09/26/2013,7.07,7.07,7.1,7.05,28.03M,0.00%
09/25/2013,7.07,7.1,7.1,7.05,29.45M,-0.35%
09/24/2013,7.1,7.12,7.15,7.07,25.65M,-0.35%
09/19/2013,7.12,7.15,7.17,7.1,39.41M,0.35%
09/18/2013,7.1,7.1,7.12,7.05,26.74M,0.35%
09/17/2013,7.07,7.15,7.15,7.07,38.99M,-1.39%
09/16/2013,7.17,7.15,7.17,7.12,30.59M,0.35%
09/15/2013,7.15,7.07,7.15,7.05,44.68M,2.14%
09/12/2013,7.0,6.97,7.02,6.97,33.17M,0.36%
09/11/2013,6.97,7.02,7.02,6.95,43.29M,-0.36%
09/10/2013,7.0,6.95,7.02,6.95,70.10M,3.32%
09/09/2013,6.77,6.75,6.77,6.67,41.33M,0.37%
09/08/2013,6.75,6.8,6.82,6.75,35.71M,0.37%
09/05/2013,6.72,6.7,6.75,6.65,57.60M,0.00%
09/04/2013,6.72,6.85,6.85,6.7,64.84M,-2.89%
09/03/2013,6.92,7.02,7.05,6.85,66.06M,-1.77%
09/02/2013,7.05,7.02,7.07,6.97,54.01M,0.36%
09/01/2013,7.02,7.05,7.07,7.0,66.65M,0.72%
08/29/2013,6.97,7.0,7.05,6.9,51.12M,0.36%
08/28/2013,6.95,6.87,7.05,6.85,70.49M,0.00%
08/27/2013,6.95,7.25,7.25,6.95,89.32M,-5.76%
08/26/2013,7.37,7.45,7.45,7.3,48.88M,-1.01%
08/25/2013,7.45,7.45,7.5,7.42,34.78M,-0.33%
08/22/2013,7.47,7.47,7.5,7.45,16.48M,-0.33%
08/21/2013,7.5,7.45,7.55,7.42,65.09M,0.67%
08/20/2013,7.45,7.47,7.5,7.42,37.69M,-0.67%
08/19/2013,7.5,7.45,7.5,7.4,37.75M,0.67%
08/18/2013,7.45,7.45,7.5,7.37,58.97M,0.00%
08/15/2013,7.45,7.45,7.5,7.42,42.19M,0.00%
08/14/2013,7.45,7.5,7.52,7.42,38.68M,-1.00%
08/13/2013,7.52,7.55,7.57,7.47,38.26M,0.00%
08/05/2013,7.52,7.45,7.55,7.4,88.10M,1.01%
08/04/2013,7.45,7.45,7.45,7.37,56.46M,0.00%
08/01/2013,7.45,7.4,7.52,7.37,96.81M,1.02%
07/31/2013,7.37,7.37,7.42,7.32,49.70M,0.34%
07/30/2013,7.35,7.27,7.35,7.22,53.43M,0.68%
07/29/2013,7.3,7.15,7.3,7.15,61.73M,2.10%
07/28/2013,7.15,7.17,7.2,7.15,19.72M,-0.69%
07/25/2013,7.2,7.2,7.22,7.12,44.27M,-0.35%
07/24/2013,7.22,7.25,7.25,7.17,32.91M,-0.34%
07/23/2013,7.25,7.32,7.35,7.25,39.57M,-0.68%
07/22/2013,7.3,7.35,7.4,7.27,57.49M,-0.68%
07/21/2013,7.35,7.25,7.45,7.22,73.48M,1.03%
07/18/2013,7.27,7.3,7.35,7.22,125.24M,-0.34%
07/17/2013,7.3,7.2,7.3,7.15,69.34M,1.39%
07/16/2013,7.2,7.0,7.2,7.0,92.94M,2.49%
07/15/2013,7.02,7.02,7.02,6.97,19.43M,0.00%
07/14/2013,7.02,7.0,7.02,6.95,23.32M,0.72%
07/11/2013,6.97,6.97,6.97,6.95,19.14M,0.00%
07/10/2013,6.97,6.97,7.02,6.95,18.85M,0.00%
07/09/2013,6.97,6.97,7.0,6.95,24.41M,0.00%
07/08/2013,6.97,7.05,7.07,6.95,49.54M,-1.06%
07/07/2013,7.05,7.02,7.07,7.0,31.87M,1.08%
07/04/2013,6.97,6.97,7.02,6.95,42.20M,1.09%
07/03/2013,6.9,6.95,7.0,6.9,42.15M,-1.08%
07/02/2013,6.97,6.97,7.02,6.95,46.50M,0.00%
07/01/2013,6.97,6.85,6.97,6.85,33.80M,2.20%
06/30/2013,6.82,6.85,6.87,6.8,16.37M,-0.36%
06/26/2013,6.85,6.87,6.92,6.85,20.97M,-0.72%
06/25/2013,6.9,6.87,6.92,6.87,23.61M,0.36%
06/24/2013,6.87,6.92,6.92,6.85,29.31M,-0.72%
06/23/2013,6.92,6.92,7.0,6.9,47.65M,0.36%
06/22/2013,6.9,6.85,6.92,6.8,33.28M,0.36%
06/19/2013,6.87,6.92,6.95,6.85,25.72M,-0.36%
06/18/2013,6.9,6.92,7.0,6.9,30.66M,0.00%
06/17/2013,6.9,6.77,6.95,6.77,63.82M,2.60%
06/16/2013,6.72,6.62,6.75,6.62,62.50M,1.89%
06/15/2013,6.6,7.07,7.07,6.52,100.73M,-7.04%
06/12/2013,7.1,7.07,7.15,7.07,31.64M,0.00%
06/11/2013,7.1,7.12,7.17,7.05,40.76M,-0.70%
06/10/2013,7.15,7.15,7.17,7.1,35.25M,0.00%
06/09/2013,7.15,7.15,7.17,7.1,29.16M,0.00%
06/08/2013,7.15,7.17,7.2,7.15,48.08M,0.35%
06/05/2013,7.12,7.12,7.15,7.07,59.17M,0.00%
06/04/2013,7.12,7.2,7.3,7.12,71.00M,-0.70%
06/03/2013,7.17,7.15,7.27,7.1,89.93M,1.06%
06/02/2013,7.1,7.02,7.17,7.0,97.72M,1.43%
06/01/2013,7.0,6.9,7.02,6.87,60.31M,1.08%
05/29/2013,6.92,6.85,6.95,6.82,70.57M,1.09%
05/28/2013,6.85,6.8,6.85,6.77,32.14M,1.11%
05/27/2013,6.77,6.82,6.85,6.77,26.86M,-0.37%
05/26/2013,6.8,6.8,6.85,6.8,21.39M,-0.37%
05/25/2013,6.82,6.82,6.85,6.8,28.66M,-0.73%
05/22/2013,6.87,6.85,6.9,6.85,22.69M,0.36%
05/21/2013,6.85,6.85,6.9,6.82,39.77M,0.37%
05/20/2013,6.82,6.8,6.9,6.8,61.30M,0.37%
05/19/2013,6.8,6.67,6.8,6.65,69.55M,1.87%
05/18/2013,6.67,6.62,6.7,6.6,50.12M,0.75%
05/15/2013,6.62,6.62,6.62,6.57,31.24M,0.38%
05/14/2013,6.6,6.62,6.65,6.57,31.53M,-0.75%
05/13/2013,6.65,6.65,6.67,6.6,38.10M,0.00%
05/12/2013,6.65,6.67,6.7,6.62,25.51M,-0.37%
05/11/2013,6.67,6.67,6.72,6.65,36.09M,0.38%
05/08/2013,6.65,6.65,6.7,6.62,30.24M,0.00%
05/07/2013,6.65,6.65,6.67,6.62,22.80M,0.38%
05/06/2013,6.62,6.67,6.7,6.62,25.05M,-0.75%
05/05/2013,6.67,6.67,6.7,6.65,20.38M,0.00%
05/04/2013,6.67,6.62,6.72,6.62,43.00M,0.75%
05/01/2013,6.62,6.62,6.65,6.6,19.46M,-0.38%
04/30/2013,6.65,6.67,6.7,6.6,35.41M,-0.37%
04/29/2013,6.67,6.57,6.7,6.57,78.89M,1.52%
04/28/2013,6.57,6.57,6.62,6.55,37.32M,0.38%
04/27/2013,6.55,6.57,6.6,6.55,24.46M,0.00%
04/24/2013,6.55,6.57,6.6,6.55,28.79M,-0.38%
04/23/2013,6.57,6.55,6.57,6.52,30.56M,0.00%
04/22/2013,6.57,6.57,6.57,6.55,20.81M,0.00%
04/21/2013,6.57,6.57,6.6,6.55,19.69M,0.00%
04/20/2013,6.57,6.52,6.57,6.52,29.99M,0.77%
04/17/2013,6.52,6.57,6.57,6.5,34.01M,-0.38%
04/16/2013,6.55,6.55,6.57,6.52,35.82M,-0.76%
04/15/2013,6.6,6.6,6.62,6.57,30.00M,-0.38%
04/14/2013,6.62,6.62,6.62,6.57,36.56M,0.38%
04/13/2013,6.6,6.6,6.65,6.57,61.95M,0.00%
04/10/2013,6.6,6.62,6.65,6.6,39.01M,-0.38%
04/09/2013,6.62,6.6,6.62,6.57,33.64M,0.00%
04/08/2013,6.62,6.6,6.62,6.57,29.95M,0.76%
04/07/2013,6.57,6.57,6.57,6.55,24.72M,0.00%
04/06/2013,6.57,6.6,6.6,6.55,24.91M,-0.38%
04/03/2013,6.6,6.6,6.62,6.57,34.16M,-0.38%
04/02/2013,6.62,6.57,6.65,6.57,32.15M,0.76%
04/01/2013,6.57,6.6,6.6,6.57,17.15M,-0.38%
03/31/2013,6.6,6.6,6.62,6.57,14.11M,0.00%
03/30/2013,6.6,6.6,6.62,6.57,20.72M,0.00%
03/27/2013,6.6,6.62,6.65,6.57,39.00M,0.00%
03/26/2013,6.6,6.62,6.65,6.6,39.22M,-0.75%
03/25/2013,6.65,6.6,6.67,6.6,35.60M,0.38%
03/24/2013,6.62,6.6,6.62,6.57,39.62M,0.00%
03/23/2013,6.62,6.6,6.62,6.57,20.46M,0.38%
03/20/2013,6.6,6.62,6.62,6.57,27.56M,-0.38%
03/19/2013,6.62,6.6,6.67,6.6,42.16M,0.00%
03/18/2013,6.62,6.62,6.65,6.6,25.30M,-0.38%
03/17/2013,6.65,6.6,6.65,6.6,30.46M,0.38%
03/16/2013,6.62,6.62,6.65,6.6,24.59M,0.38%
03/13/2013,6.6,6.57,6.65,6.55,30.10M,0.38%
03/12/2013,6.57,6.65,6.65,6.57,27.16M,-0.75%
03/11/2013,6.62,6.65,6.67,6.62,23.14M,-0.38%
03/10/2013,6.65,6.65,6.67,6.62,24.60M,0.00%
03/09/2013,6.65,6.62,6.7,6.62,32.81M,0.38%
03/06/2013,6.62,6.62,6.65,6.6,24.53M,0.38%
03/05/2013,6.6,6.6,6.65,6.57,25.80M,0.00%
03/04/2013,6.6,6.62,6.65,6.55,31.36M,-0.38%
03/03/2013,6.62,6.67,6.7,6.62,18.42M,-0.75%
03/02/2013,6.67,6.67,6.7,6.65,25.39M,0.38%
02/27/2013,6.65,6.62,6.67,6.62,29.68M,0.00%
02/26/2013,6.65,6.7,6.7,6.6,54.14M,-1.85%
02/25/2013,6.77,6.77,6.82,6.75,57.39M,0.00%
02/24/2013,6.77,6.75,6.8,6.75,32.00M,0.00%
02/23/2013,6.77,6.77,6.8,6.75,21.05M,-0.37%
02/20/2013,6.8,6.75,6.8,6.75,21.18M,0.37%
02/19/2013,6.77,6.77,6.8,6.72,35.77M,0.00%
02/18/2013,6.77,6.77,6.8,6.72,24.65M,-0.37%
02/17/2013,6.8,6.8,6.82,6.75,27.09M,-0.37%
02/16/2013,6.82,6.82,6.82,6.77,31.17M,0.37%
02/13/2013,6.8,6.8,6.85,6.77,31.49M,0.00%
02/12/2013,6.8,6.82,6.87,6.75,47.56M,-0.37%
02/11/2013,6.82,6.8,6.85,6.8,27.32M,0.37%
02/10/2013,6.8,6.77,6.85,6.77,33.56M,0.37%
02/09/2013,6.77,6.77,6.8,6.75,27.04M,0.37%
02/06/2013,6.75,6.82,6.85,6.75,33.98M,0.00%
02/05/2013,6.75,6.72,6.77,6.7,27.18M,0.00%
02/04/2013,6.75,6.8,6.82,6.72,26.07M,-0.74%
02/03/2013,6.8,6.82,6.85,6.75,27.23M,-0.37%
02/02/2013,6.82,6.8,6.87,6.8,35.51M,1.11%
01/30/2013,6.75,6.8,6.82,6.75,29.97M,-0.74%
01/29/2013,6.8,6.82,6.85,6.77,20.96M,-0.73%
01/28/2013,6.85,6.82,6.92,6.82,55.54M,0.37%
01/27/2013,6.82,6.82,6.85,6.8,20.63M,0.37%
01/26/2013,6.8,6.82,6.85,6.77,25.32M,0.37%
01/23/2013,6.77,6.77,6.8,6.67,32.97M,0.00%
01/22/2013,6.77,6.77,6.8,6.75,24.94M,0.00%
01/21/2013,6.77,6.9,6.9,6.7,49.27M,-1.81%
01/20/2013,6.9,6.9,6.92,6.85,30.49M,0.00%
01/19/2013,6.9,6.77,6.9,6.77,41.19M,2.22%
01/16/2013,6.75,6.67,6.77,6.65,37.34M,1.12%
01/15/2013,6.67,6.87,6.87,6.67,70.47M,-3.26%
01/14/2013,6.9,6.87,6.92,6.85,41.39M,0.00%
01/13/2013,6.9,6.92,6.95,6.85,54.62M,-0.36%
01/12/2013,6.92,6.82,6.95,6.8,74.70M,1.84%
01/09/2013,6.8,6.6,6.8,6.6,89.16M,3.42%
01/08/2013,6.57,6.55,6.6,6.52,56.68M,0.38%
01/07/2013,6.55,6.55,6.55,6.5,39.27M,0.00%
01/06/2013,6.55,6.55,6.57,6.52,38.70M,0.00%
01/05/2013,6.55,6.55,6.6,6.52,57.65M,0.38%
01/02/2013,6.52,6.5,6.55,6.5,38.78M,0.77%
01/01/2013,6.47,6.47,6.52,6.47,23.59M,0.78%
12/31/2012,6.42,6.42,6.45,6.4,27.76M,0.00%
12/30/2012,6.42,6.5,6.5,6.42,23.29M,-1.53%
12/29/2012,6.52,6.47,6.55,6.47,26.83M,0.38%
12/26/2012,6.5,6.52,6.52,6.45,32.81M,-0.38%
12/25/2012,6.52,6.5,6.57,6.5,37.73M,0.00%
12/24/2012,6.52,6.55,6.55,6.47,44.54M,-0.38%
12/23/2012,6.55,6.55,6.57,6.52,45.99M,0.00%
12/22/2012,6.55,6.47,6.55,6.45,46.94M,0.38%
12/19/2012,6.52,6.45,6.55,6.45,59.20M,1.16%
12/18/2012,6.45,6.45,6.5,6.42,28.73M,0.00%
12/17/2012,6.45,6.47,6.5,6.42,32.07M,-0.39%
12/16/2012,6.47,6.42,6.47,6.4,37.23M,0.39%
12/15/2012,6.45,6.4,6.45,6.37,35.67M,1.57%
12/12/2012,6.35,6.35,6.4,6.32,27.27M,0.00%
12/11/2012,6.35,6.3,6.35,6.27,26.33M,0.40%
12/10/2012,6.32,6.3,6.32,6.27,30.19M,-0.39%
12/09/2012,6.35,6.37,6.4,6.3,30.81M,-0.39%
12/08/2012,6.37,6.42,6.47,6.35,31.93M,-0.39%
12/05/2012,6.4,6.3,6.4,6.27,42.33M,1.59%
12/04/2012,6.3,6.32,6.32,6.25,24.43M,-0.79%
12/03/2012,6.35,6.32,6.35,6.25,37.24M,0.00%
12/02/2012,6.35,6.32,6.37,6.25,38.00M,0.40%
12/01/2012,6.32,6.25,6.32,6.22,38.09M,2.02%
11/28/2012,6.2,6.12,6.2,6.12,30.62M,1.22%
11/27/2012,6.12,6.25,6.25,6.05,50.16M,-2.00%
11/26/2012,6.25,6.2,6.25,6.07,50.52M,1.21%
11/25/2012,6.17,6.35,6.35,6.17,30.10M,-3.14%
11/24/2012,6.37,6.35,6.4,6.32,28.99M,0.79%
11/21/2012,6.32,6.4,6.4,6.3,28.19M,-1.17%
11/20/2012,6.4,6.42,6.45,6.32,34.65M,0.00%
11/19/2012,6.4,6.45,6.47,6.35,34.90M,-0.78%
11/18/2012,6.45,6.52,6.52,6.42,35.31M,-1.15%
11/17/2012,6.52,6.47,6.55,6.45,26.24M,0.00%
11/14/2012,6.52,6.47,6.55,6.45,30.77M,1.16%
11/13/2012,6.45,6.47,6.5,6.42,19.96M,-0.77%
11/12/2012,6.5,6.45,6.5,6.42,16.50M,0.00%
11/11/2012,6.5,6.47,6.5,6.45,15.70M,0.00%
11/10/2012,6.5,6.52,6.52,6.45,26.62M,-1.14%
11/07/2012,6.57,6.55,6.62,6.55,29.43M,0.00%
11/06/2012,6.57,6.5,6.57,6.5,21.81M,0.77%
11/05/2012,6.52,6.45,6.52,6.45,18.22M,0.77%
11/04/2012,6.47,6.47,6.5,6.45,11.07M,-0.38%
11/03/2012,6.5,6.5,6.52,6.42,16.72M,0.00%
10/24/2012,6.5,6.4,6.5,6.4,17.39M,0.78%
10/23/2012,6.45,6.45,6.45,6.4,16.34M,0.00%
10/22/2012,6.45,6.5,6.52,6.42,23.92M,-0.39%
10/21/2012,6.47,6.55,6.57,6.45,35.02M,-0.77%
10/20/2012,6.52,6.52,6.57,6.47,37.96M,-0.76%
10/17/2012,6.57,6.52,6.6,6.52,30.64M,1.15%
10/16/2012,6.5,6.5,6.55,6.47,29.51M,0.39%
10/15/2012,6.47,6.4,6.52,6.4,31.52M,1.17%
10/14/2012,6.4,6.37,6.45,6.35,31.41M,0.39%
10/13/2012,6.37,6.5,6.52,6.37,30.88M,-1.92%
10/10/2012,6.5,6.5,6.52,6.4,32.50M,-0.38%
10/09/2012,6.52,6.47,6.55,6.45,33.52M,0.38%
10/08/2012,6.5,6.55,6.55,6.42,36.10M,-1.14%
10/07/2012,6.57,6.6,6.62,6.52,21.50M,-0.75%
10/06/2012,6.62,6.6,6.67,6.6,20.97M,0.38%
10/03/2012,6.6,6.57,6.6,6.5,18.86M,0.00%
10/02/2012,6.6,6.6,6.65,6.57,25.66M,0.00%
10/01/2012,6.6,6.52,6.65,6.5,28.58M,1.93%
09/30/2012,6.47,6.5,6.55,6.32,35.66M,-0.38%
09/29/2012,6.5,6.62,6.67,6.5,27.57M,-2.26%
09/26/2012,6.65,6.72,6.72,6.6,39.10M,-1.85%
09/25/2012,6.77,6.72,6.77,6.67,28.81M,0.37%
09/24/2012,6.75,6.82,6.82,6.67,35.07M,-1.10%
09/22/2012,6.82,6.85,6.87,6.77,25.06M,-0.73%
09/19/2012,6.87,6.9,6.9,6.8,32.28M,0.36%
09/18/2012,6.85,6.92,6.95,6.85,37.04M,-1.44%
09/17/2012,6.95,6.97,7.0,6.9,32.10M,-0.36%
09/16/2012,6.97,7.02,7.02,6.97,31.83M,-0.71%
09/15/2012,7.02,6.95,7.02,6.95,58.87M,1.81%
09/12/2012,6.9,6.87,6.92,6.87,25.67M,0.73%
09/11/2012,6.85,6.85,6.87,6.82,17.10M,0.00%
09/10/2012,6.85,6.85,6.9,6.82,28.04M,-0.36%
09/09/2012,6.87,6.87,6.95,6.82,52.30M,-0.36%
09/08/2012,6.9,6.9,6.92,6.87,31.00M,0.36%
09/05/2012,6.87,6.77,6.87,6.77,35.87M,1.10%
09/04/2012,6.8,6.87,6.87,6.75,42.61M,-1.09%
09/03/2012,6.87,6.87,6.92,6.85,26.80M,0.00%
09/02/2012,6.87,6.9,6.9,6.82,27.91M,-0.36%
09/01/2012,6.9,6.9,6.95,6.87,29.47M,0.36%
08/29/2012,6.87,6.85,6.92,6.82,47.02M,0.36%
08/28/2012,6.85,6.85,6.95,6.82,61.32M,-0.36%
08/27/2012,6.87,6.82,6.87,6.8,29.05M,0.36%
08/26/2012,6.85,6.9,6.92,6.8,34.94M,-0.72%
08/25/2012,6.9,6.8,6.92,6.8,43.85M,2.60%
08/15/2012,6.72,6.7,6.75,6.67,24.65M,0.37%
08/14/2012,6.7,6.7,6.72,6.65,55.26M,-0.37%
08/13/2012,6.72,6.72,6.75,6.7,19.49M,0.00%
08/12/2012,6.72,6.72,6.72,6.67,20.11M,0.00%
08/11/2012,6.72,6.72,6.77,6.7,31.59M,0.00%
08/08/2012,6.72,6.72,6.75,6.67,19.84M,-0.37%
08/07/2012,6.75,6.7,6.75,6.67,22.59M,0.75%
08/06/2012,6.7,6.72,6.72,6.67,15.38M,-0.37%
08/05/2012,6.72,6.7,6.72,6.67,22.37M,0.37%
08/04/2012,6.7,6.75,6.77,6.7,29.85M,0.37%
08/01/2012,6.67,6.67,6.67,6.65,20.69M,0.00%
07/31/2012,6.67,6.67,6.7,6.62,28.29M,0.38%
07/30/2012,6.65,6.62,6.7,6.62,27.68M,0.38%
07/29/2012,6.62,6.6,6.65,6.57,24.98M,0.00%
07/28/2012,6.62,6.65,6.7,6.57,41.51M,1.15%
07/25/2012,6.55,6.6,6.6,6.52,25.77M,-1.13%
07/24/2012,6.62,6.57,6.62,6.55,20.49M,1.15%
07/23/2012,6.55,6.65,6.67,6.55,37.94M,-2.24%
07/22/2012,6.7,6.65,6.7,6.6,25.68M,0.75%
07/21/2012,6.65,6.57,6.67,6.55,24.13M,0.76%
07/18/2012,6.6,6.45,6.6,6.45,44.07M,1.93%
07/17/2012,6.47,6.67,6.72,6.45,70.30M,-2.63%
07/16/2012,6.65,6.82,6.85,6.65,68.47M,-2.56%
07/15/2012,6.82,6.8,7.0,6.75,131.38M,-0.36%
07/14/2012,6.85,6.6,6.9,6.55,78.13M,4.18%
07/11/2012,6.57,6.6,6.6,6.45,58.02M,0.00%
07/10/2012,6.57,6.55,6.65,6.5,71.73M,1.15%
07/09/2012,6.5,6.6,6.62,6.45,69.84M,-1.89%
07/08/2012,6.62,6.72,6.82,6.62,70.88M,-1.49%
07/07/2012,6.72,6.52,6.8,6.42,89.66M,3.07%
07/04/2012,6.52,6.62,6.67,6.47,78.12M,-1.51%
07/03/2012,6.62,6.3,6.72,6.3,133.40M,6.43%
07/02/2012,6.22,6.1,6.25,6.1,53.67M,2.05%
07/01/2012,6.1,6.12,6.15,6.05,23.19M,-0.41%
06/30/2012,6.12,6.1,6.17,6.07,32.57M,2.51%
06/27/2012,5.97,6.12,6.12,5.9,42.74M,-2.45%
06/26/2012,6.12,6.12,6.15,6.07,27.01M,0.00%
06/25/2012,6.12,6.17,6.2,6.07,32.05M,-1.21%
06/24/2012,6.2,6.25,6.25,6.15,41.87M,-0.80%
06/23/2012,6.25,6.3,6.32,6.22,49.37M,-1.19%
06/20/2012,6.32,6.3,6.35,6.27,45.01M,0.80%
06/19/2012,6.27,6.2,6.27,6.17,51.54M,1.21%
06/18/2012,6.2,6.17,6.22,6.15,43.56M,1.22%
06/17/2012,6.12,6.1,6.15,6.1,31.78M,0.41%
06/16/2012,6.1,6.17,6.27,5.72,90.54M,-0.41%
06/13/2012,6.12,6.15,6.17,6.1,33.09M,0.00%
06/12/2012,6.12,6.15,6.22,6.1,68.39M,-1.61%
06/11/2012,6.22,6.25,6.32,6.22,47.20M,0.00%
06/10/2012,6.22,6.12,6.22,6.1,39.52M,2.05%
06/09/2012,6.1,6.2,6.2,6.0,51.17M,0.00%
06/06/2012,6.1,6.15,6.2,6.02,41.49M,-0.41%
06/05/2012,6.12,6.22,6.25,6.1,38.56M,-1.21%
06/04/2012,6.2,6.15,6.22,6.1,44.72M,-0.40%
06/03/2012,6.22,6.12,6.22,6.12,58.97M,2.05%
06/02/2012,6.1,6.17,6.3,6.05,62.94M,-5.79%
05/30/2012,6.47,6.57,6.57,6.42,38.80M,-1.15%
05/29/2012,6.55,6.67,6.7,6.52,48.35M,-1.50%
05/28/2012,6.65,6.52,6.67,6.52,76.76M,2.70%
05/27/2012,6.47,6.5,6.52,6.45,35.46M,-0.77%
05/26/2012,6.52,6.52,6.62,6.5,70.22M,0.00%
05/23/2012,6.52,6.6,6.6,6.5,32.63M,-1.14%
05/22/2012,6.6,6.57,6.65,6.55,61.61M,1.15%
05/21/2012,6.52,6.47,6.52,6.45,59.58M,1.16%
05/20/2012,6.45,6.45,6.5,6.42,53.80M,0.39%
05/19/2012,6.42,6.55,6.55,6.4,62.28M,-3.02%
05/16/2012,6.62,6.57,6.62,6.52,43.39M,-0.38%
05/15/2012,6.65,6.55,6.67,6.52,71.37M,2.31%
05/14/2012,6.5,6.62,6.7,6.5,73.70M,-4.06%
05/13/2012,6.77,6.92,6.92,6.75,50.04M,-2.17%
05/12/2012,6.92,6.95,6.97,6.55,64.47M,-1.07%
05/09/2012,7.0,7.17,7.22,7.0,65.57M,-3.11%
05/08/2012,7.22,7.27,7.27,7.15,45.74M,-0.69%
05/07/2012,7.27,7.22,7.3,7.12,76.56M,-0.34%
05/06/2012,7.3,7.4,7.42,7.27,58.31M,-1.35%
05/05/2012,7.4,7.35,7.4,7.27,70.78M,-1.33%
05/02/2012,7.5,7.55,7.57,7.45,64.61M,0.00%
05/01/2012,7.5,7.47,7.57,7.45,75.55M,0.33%
04/30/2012,7.47,7.52,7.52,7.4,54.80M,-0.66%
04/29/2012,7.52,7.6,7.62,7.5,46.47M,-1.31%
04/28/2012,7.62,7.62,7.67,7.57,71.53M,0.66%
04/25/2012,7.57,7.57,7.62,7.52,80.64M,0.00%
04/24/2012,7.57,7.55,7.65,7.47,107.67M,0.66%
04/23/2012,7.52,7.55,7.6,7.5,95.06M,-0.99%
04/22/2012,7.6,7.82,7.82,7.6,149.64M,-2.56%
04/21/2012,7.8,7.57,7.82,7.55,156.26M,2.63%
04/18/2012,7.6,7.72,7.77,7.52,166.84M,-1.30%
04/17/2012,7.7,7.42,7.72,7.37,232.73M,6.21%
04/16/2012,7.25,7.3,7.45,7.02,178.47M,-0.68%
04/15/2012,7.3,7.37,7.55,7.27,99.33M,-2.01%
04/14/2012,7.45,7.5,7.67,7.42,124.80M,0.34%
04/11/2012,7.42,7.42,7.5,6.85,192.98M,-1.00%
04/10/2012,7.5,7.82,7.87,7.45,145.75M,-3.54%
04/09/2012,7.77,7.7,7.9,7.65,162.46M,-2.51%
04/08/2012,7.97,8.15,8.3,7.67,397.84M,-1.85%
04/07/2012,8.12,7.97,8.15,7.87,307.35M,3.17%
04/04/2012,7.87,7.8,8.02,7.75,259.30M,0.64%
04/03/2012,7.82,7.65,7.97,7.6,167.48M,2.62%
04/02/2012,7.62,7.75,7.8,7.57,75.79M,-1.61%
04/01/2012,7.75,7.8,7.85,7.72,69.84M,-0.64%
03/31/2012,7.8,7.87,7.92,7.77,110.07M,0.00%
03/28/2012,7.8,7.72,7.85,7.5,168.42M,-0.32%
03/27/2012,7.82,8.05,8.1,7.82,111.35M,-2.49%
03/26/2012,8.02,8.15,8.17,7.95,122.13M,-1.23%
03/25/2012,8.12,8.12,8.42,8.0,247.12M,0.93%
03/24/2012,8.05,7.57,8.1,7.52,246.92M,7.33%
03/21/2012,7.5,7.75,7.92,7.42,243.40M,-4.15%
03/20/2012,7.82,8.12,8.3,7.57,462.11M,-3.69%
03/19/2012,8.12,7.47,8.12,7.47,288.06M,9.80%
03/18/2012,7.4,7.17,7.42,7.1,166.27M,3.86%
03/17/2012,7.12,7.02,7.17,6.97,151.71M,2.15%
03/14/2012,6.97,6.8,7.0,6.8,147.88M,4.10%
03/13/2012,6.7,6.6,6.8,6.57,182.46M,2.29%
03/12/2012,6.55,6.6,6.62,6.52,114.15M,-0.38%
03/11/2012,6.57,6.4,6.65,6.35,205.00M,3.14%
03/10/2012,6.37,6.35,6.45,6.32,79.45M,1.59%
03/07/2012,6.27,6.2,6.3,6.12,70.23M,-0.79%
03/06/2012,6.32,6.35,6.42,6.3,79.97M,-0.78%
03/05/2012,6.37,6.42,6.42,6.32,91.56M,-0.78%
03/04/2012,6.42,6.5,6.52,6.37,148.29M,-0.39%
03/03/2012,6.45,6.27,6.52,6.2,221.14M,4.88%
02/29/2012,6.15,5.8,6.22,5.67,201.74M,7.42%
02/28/2012,5.72,5.6,5.8,5.52,167.48M,2.69%
02/27/2012,5.57,5.5,5.6,5.47,67.12M,1.83%
02/26/2012,5.47,5.42,5.52,5.35,102.13M,0.92%
02/25/2012,5.42,5.35,5.45,5.35,75.87M,1.88%
02/22/2012,5.32,5.3,5.37,5.3,75.15M,0.00%
02/21/2012,5.32,5.3,5.32,5.27,48.79M,0.00%
02/20/2012,5.32,5.32,5.35,5.27,41.34M,0.00%
02/19/2012,5.32,5.25,5.32,5.25,54.47M,0.95%
02/18/2012,5.27,5.32,5.35,5.27,41.52M,-0.47%
02/15/2012,5.3,5.3,5.3,5.25,37.72M,0.00%
02/14/2012,5.3,5.4,5.4,5.27,67.75M,-1.40%
02/13/2012,5.37,5.37,5.4,5.32,61.02M,0.94%
02/12/2012,5.32,5.32,5.4,5.27,75.22M,-0.47%
02/11/2012,5.35,5.35,5.4,5.3,58.01M,-0.47%
02/08/2012,5.37,5.25,5.42,5.22,114.62M,2.38%
02/07/2012,5.25,5.12,5.25,5.1,109.63M,1.94%
02/06/2012,5.15,5.2,5.2,5.12,35.86M,-0.96%
02/05/2012,5.2,5.22,5.25,5.17,63.56M,0.48%
02/04/2012,5.17,5.1,5.27,5.07,137.67M,2.48%
02/01/2012,5.05,5.02,5.12,4.97,86.28M,0.50%
01/31/2012,5.02,4.97,5.02,4.95,58.87M,1.52%
01/30/2012,4.95,4.9,5.0,4.87,78.27M,1.54%
01/29/2012,4.87,4.8,4.9,4.75,68.44M,1.56%
01/28/2012,4.8,4.77,4.8,4.77,23.98M,0.52%
01/25/2012,4.77,4.77,4.8,4.75,33.63M,1.06%
01/24/2012,4.72,4.75,4.77,4.72,32.59M,-0.53%
01/23/2012,4.75,4.75,4.77,4.72,27.95M,0.00%
01/22/2012,4.75,4.72,4.77,4.7,34.15M,0.53%
01/21/2012,4.72,4.67,4.75,4.67,33.53M,1.07%
01/18/2012,4.67,4.65,4.67,4.62,33.84M,0.00%
01/17/2012,4.67,4.7,4.72,4.65,38.34M,0.00%
01/16/2012,4.67,4.75,4.77,4.67,54.93M,-2.60%
01/15/2012,4.8,4.85,4.87,4.77,39.03M,-1.03%
01/14/2012,4.85,4.8,4.85,4.77,44.96M,1.04%
01/11/2012,4.8,4.8,4.85,4.77,47.66M,0.52%
01/10/2012,4.77,4.77,4.82,4.75,36.06M,0.00%
01/09/2012,4.77,4.82,4.85,4.75,47.91M,-1.04%
01/08/2012,4.82,4.72,4.82,4.72,76.13M,2.66%
01/07/2012,4.7,4.67,4.75,4.67,68.08M,0.53%
01/04/2012,4.67,4.67,4.67,4.65,23.70M,0.00%
01/03/2012,4.67,4.65,4.7,4.65,35.59M,0.00%
01/02/2012,4.67,4.65,4.67,4.62,25.42M,0.54%
01/01/2012,4.65,4.67,4.7,4.62,27.07M,-0.53%
12/31/2011,4.67,4.67,4.7,4.62,23.52M,0.54%
12/28/2011,4.65,4.65,4.67,4.65,25.01M,-0.53%
12/27/2011,4.67,4.72,4.72,4.65,42.49M,-1.58%
12/26/2011,4.75,4.7,4.8,4.7,69.82M,1.06%
12/25/2011,4.7,4.67,4.77,4.65,102.67M,1.08%
12/24/2011,4.65,4.6,4.65,4.6,33.88M,1.09%
12/21/2011,4.6,4.6,4.62,4.57,18.27M,0.00%
12/20/2011,4.6,4.6,4.6,4.57,24.40M,0.00%
12/19/2011,4.6,4.57,4.65,4.55,71.11M,0.55%
12/18/2011,4.57,4.55,4.57,4.52,34.48M,0.55%
12/17/2011,4.55,4.55,4.55,4.52,12.32M,0.00%
12/14/2011,4.55,4.52,4.55,4.52,17.77M,0.55%
12/13/2011,4.52,4.55,4.57,4.52,22.59M,-0.55%
12/12/2011,4.55,4.57,4.57,4.52,28.20M,-0.55%
12/11/2011,4.57,4.55,4.57,4.55,15.99M,0.00%
12/10/2011,4.57,4.57,4.57,4.55,14.93M,0.00%
12/07/2011,4.57,4.52,4.57,4.52,31.95M,0.55%
12/06/2011,4.55,4.57,4.57,4.55,16.95M,0.00%
12/05/2011,4.55,4.55,4.57,4.55,12.93M,0.00%
12/04/2011,4.55,4.57,4.57,4.55,12.05M,-0.55%
12/03/2011,4.57,4.57,4.57,4.55,21.07M,0.00%
11/30/2011,4.57,4.57,4.57,4.55,11.35M,0.00%
11/29/2011,4.57,4.57,4.6,4.55,13.63M,-0.54%
11/28/2011,4.6,4.55,4.6,4.55,25.76M,1.10%
11/27/2011,4.55,4.55,4.57,4.55,10.38M,-0.55%
11/26/2011,4.57,4.57,4.57,4.55,21.78M,0.00%
11/23/2011,4.57,4.57,4.62,4.55,25.30M,-0.54%
11/22/2011,4.6,4.57,4.6,4.55,18.07M,0.55%
11/21/2011,4.57,4.6,4.6,4.57,9.45M,0.00%
11/20/2011,4.57,4.57,4.62,4.57,13.22M,-0.54%
11/19/2011,4.6,4.6,4.6,4.57,12.63M,-0.54%
11/16/2011,4.62,4.6,4.62,4.6,11.86M,0.00%
11/15/2011,4.62,4.6,4.62,4.6,13.38M,0.54%
11/14/2011,4.6,4.62,4.65,4.6,13.51M,-0.54%
11/13/2011,4.62,4.62,4.65,4.6,10.13M,0.00%
11/12/2011,4.62,4.65,4.65,4.62,8.96M,0.54%
11/02/2011,4.6,4.6,4.62,4.6,16.32M,-0.54%
11/01/2011,4.62,4.62,4.65,4.6,16.35M,-0.54%
10/31/2011,4.65,4.65,4.65,4.62,13.78M,0.00%
10/30/2011,4.65,4.65,4.65,4.62,14.90M,0.00%
10/29/2011,4.65,4.67,4.67,4.62,29.57M,0.00%
10/26/2011,4.65,4.65,4.67,4.62,16.45M,-0.53%
10/25/2011,4.67,4.65,4.67,4.62,18.17M,0.54%
10/24/2011,4.65,4.65,4.67,4.62,13.02M,0.00%
10/23/2011,4.65,4.62,4.65,4.62,19.52M,0.00%
10/22/2011,4.65,4.62,4.65,4.6,11.35M,0.00%
10/19/2011,4.65,4.62,4.65,4.6,16.57M,0.00%
10/18/2011,4.65,4.67,4.67,4.6,28.95M,-0.53%
10/17/2011,4.67,4.65,4.67,4.65,11.31M,0.00%
10/16/2011,4.67,4.67,4.67,4.65,16.90M,-0.53%
10/15/2011,4.7,4.7,4.72,4.67,23.56M,0.00%
10/12/2011,4.7,4.7,4.75,4.65,45.54M,-0.53%
10/11/2011,4.72,4.67,4.72,4.65,40.19M,1.07%
10/10/2011,4.67,4.65,4.67,4.62,33.94M,0.54%
10/09/2011,4.65,4.62,4.67,4.6,28.57M,0.54%
10/08/2011,4.62,4.6,4.65,4.6,26.98M,0.54%
10/05/2011,4.6,4.6,4.62,4.57,21.96M,0.00%
10/04/2011,4.6,4.62,4.62,4.57,19.20M,-0.54%
10/03/2011,4.62,4.65,4.65,4.62,15.08M,-1.07%
10/02/2011,4.67,4.7,4.72,4.62,33.38M,-0.53%
10/01/2011,4.7,4.62,4.7,4.6,37.29M,1.62%
09/28/2011,4.62,4.65,4.65,4.62,13.49M,-0.54%
09/27/2011,4.65,4.65,4.67,4.62,21.11M,0.00%
09/26/2011,4.65,4.62,4.67,4.62,21.07M,0.00%
09/25/2011,4.65,4.65,4.65,4.62,16.00M,-1.06%
09/21/2011,4.7,4.67,4.7,4.67,13.84M,0.00%
09/20/2011,4.7,4.7,4.7,4.67,14.72M,0.00%
09/19/2011,4.7,4.7,4.7,4.67,8.81M,-0.53%
09/18/2011,4.72,4.72,4.72,4.7,9.62M,0.53%
09/17/2011,4.7,4.75,4.75,4.7,43.02M,0.00%
09/14/2011,4.7,4.7,4.72,4.67,14.94M,0.00%
09/13/2011,4.7,4.65,4.72,4.62,39.01M,1.62%
09/12/2011,4.62,4.67,4.67,4.62,19.73M,-1.07%
09/11/2011,4.67,4.7,4.72,4.65,26.90M,-0.53%
09/10/2011,4.7,4.62,4.7,4.62,20.57M,0.00%
09/07/2011,4.7,4.7,4.7,4.65,21.78M,1.08%
09/06/2011,4.65,4.67,4.67,4.65,24.33M,-0.53%
09/05/2011,4.67,4.65,4.7,4.62,41.36M,0.54%
09/04/2011,4.65,4.65,4.67,4.62,24.61M,0.54%
09/03/2011,4.62,4.62,4.67,4.6,27.57M,1.65%
08/24/2011,4.55,4.6,4.6,4.55,20.46M,-0.55%
08/23/2011,4.57,4.57,4.57,4.55,14.42M,0.00%
08/22/2011,4.57,4.55,4.57,4.52,24.38M,0.55%
08/21/2011,4.55,4.55,4.57,4.52,20.72M,0.00%
08/20/2011,4.55,4.5,4.55,4.5,24.73M,-1.62%
08/17/2011,4.62,4.57,4.62,4.57,19.54M,1.09%
08/16/2011,4.57,4.62,4.65,4.57,14.07M,-1.08%
08/15/2011,4.62,4.62,4.65,4.6,13.97M,0.00%
08/14/2011,4.62,4.62,4.65,4.6,19.08M,0.00%
08/13/2011,4.62,4.62,4.65,4.6,18.84M,1.09%
08/10/2011,4.57,4.62,4.62,4.57,25.01M,0.00%
08/09/2011,4.57,4.5,4.57,4.4,36.59M,-0.54%
08/08/2011,4.6,4.65,4.67,4.57,27.07M,-1.08%
08/07/2011,4.65,4.65,4.67,4.6,27.63M,-0.53%
08/06/2011,4.67,4.75,4.77,4.65,43.21M,-4.59%
08/03/2011,4.9,4.87,4.9,4.85,23.60M,0.00%
08/02/2011,4.9,4.9,4.92,4.87,19.08M,-0.51%
08/01/2011,4.92,4.9,4.92,4.87,26.69M,0.51%
07/31/2011,4.9,4.87,4.9,4.85,24.24M,1.03%
07/30/2011,4.85,4.9,4.9,4.85,30.88M,-1.02%
07/27/2011,4.9,4.92,4.95,4.9,20.10M,-1.01%
07/26/2011,4.95,4.92,4.95,4.9,24.95M,0.51%
07/25/2011,4.92,4.95,4.95,4.9,36.99M,-0.51%
07/24/2011,4.95,4.95,4.97,4.95,10.82M,0.00%
07/23/2011,4.95,5.0,5.0,4.95,24.19M,-0.50%
07/20/2011,4.97,4.92,5.0,4.92,32.97M,1.02%
07/19/2011,4.92,4.92,4.95,4.92,16.41M,0.00%
07/18/2011,4.92,4.92,4.95,4.9,22.29M,0.00%
07/17/2011,4.92,4.97,4.97,4.92,28.51M,-0.51%
07/16/2011,4.95,4.97,5.0,4.95,22.05M,-0.50%
07/13/2011,4.97,5.0,5.0,4.97,26.45M,-0.50%
07/12/2011,5.0,4.97,5.0,4.95,24.53M,0.00%
07/11/2011,5.0,5.05,5.05,4.97,44.54M,-0.99%
07/10/2011,5.05,5.0,5.1,5.0,91.96M,1.51%
07/09/2011,4.97,4.97,4.97,4.95,36.49M,0.51%
07/06/2011,4.95,4.97,4.97,4.95,22.51M,-0.50%
07/05/2011,4.97,5.0,5.0,4.97,20.06M,-0.50%
07/04/2011,5.0,5.0,5.0,4.97,19.13M,-0.50%
07/03/2011,5.02,5.02,5.02,5.0,31.29M,0.00%
07/02/2011,5.02,5.0,5.02,4.97,45.44M,1.01%
06/29/2011,4.97,4.97,5.0,4.95,26.80M,-0.50%
06/28/2011,5.0,4.97,5.0,4.95,21.26M,0.50%
06/27/2011,4.97,4.97,5.0,4.95,15.01M,0.00%
06/26/2011,4.97,4.97,5.0,4.95,26.52M,-0.50%
06/25/2011,5.0,4.95,5.0,4.92,22.49M,0.50%
06/22/2011,4.97,4.97,5.0,4.95,19.93M,0.00%
06/21/2011,4.97,4.97,5.0,4.95,30.62M,0.51%
06/20/2011,4.95,4.97,5.0,4.92,37.55M,-1.00%
06/19/2011,5.0,5.0,5.0,4.95,25.14M,0.50%
06/18/2011,4.97,5.0,5.02,4.97,22.10M,-0.50%
06/15/2011,5.0,5.02,5.02,5.0,17.34M,-0.50%
06/14/2011,5.02,5.02,5.05,5.0,32.41M,0.00%
06/13/2011,5.02,5.02,5.05,5.0,28.61M,0.00%
06/12/2011,5.02,5.0,5.02,4.97,38.59M,0.50%
06/11/2011,5.0,5.0,5.0,4.97,26.18M,-0.50%
06/08/2011,5.02,5.02,5.05,5.0,38.66M,0.00%
06/07/2011,5.02,5.05,5.07,5.02,28.68M,-0.50%
06/06/2011,5.05,5.02,5.07,5.02,35.22M,0.00%
06/05/2011,5.05,5.05,5.05,5.0,40.86M,0.00%
06/04/2011,5.05,5.07,5.07,5.02,36.25M,-0.49%
06/01/2011,5.07,5.1,5.15,5.07,50.36M,0.00%
05/31/2011,5.07,5.1,5.12,5.07,28.43M,-0.49%
05/30/2011,5.1,5.12,5.12,5.07,32.05M,-0.49%
05/29/2011,5.12,5.12,5.12,5.1,34.40M,0.00%
05/28/2011,5.12,5.1,5.12,5.07,46.53M,0.99%
05/25/2011,5.07,5.05,5.1,5.05,28.00M,0.00%
05/24/2011,5.07,5.07,5.1,5.05,26.29M,0.50%
05/23/2011,5.05,5.07,5.1,5.05,33.15M,-0.49%
05/22/2011,5.07,5.07,5.12,5.07,45.64M,-0.49%
05/21/2011,5.1,5.07,5.1,5.07,19.18M,0.49%
05/18/2011,5.07,5.07,5.1,5.05,30.38M,0.00%
05/17/2011,5.07,5.05,5.07,5.05,15.43M,0.00%
05/16/2011,5.07,5.07,5.1,5.05,35.92M,0.00%
05/15/2011,5.07,5.15,5.17,5.07,45.29M,-1.46%
05/14/2011,5.15,5.1,5.22,5.1,68.95M,0.49%
05/11/2011,5.12,5.07,5.17,5.05,87.10M,0.99%
05/10/2011,5.07,5.05,5.07,5.05,34.12M,0.50%
05/09/2011,5.05,5.02,5.07,5.02,45.47M,0.50%
05/08/2011,5.02,5.0,5.02,5.0,28.17M,0.50%
05/07/2011,5.0,5.02,5.02,5.0,23.01M,-0.99%
05/04/2011,5.05,5.02,5.05,5.0,29.40M,0.50%
05/03/2011,5.02,5.05,5.05,5.02,25.58M,-0.50%
05/02/2011,5.05,5.02,5.07,5.02,38.90M,0.00%
05/01/2011,5.05,5.05,5.05,5.0,37.75M,0.00%
04/30/2011,5.05,5.07,5.1,5.02,32.11M,0.00%
04/27/2011,5.05,5.07,5.1,5.05,26.85M,-0.49%
04/26/2011,5.07,5.12,5.12,5.05,48.78M,-0.49%
04/25/2011,5.1,5.05,5.12,5.02,46.60M,0.99%
04/24/2011,5.05,5.0,5.07,4.97,49.33M,1.00%
04/23/2011,5.0,5.0,5.02,4.97,43.15M,0.00%
04/20/2011,5.0,5.0,5.02,4.97,43.96M,0.00%
04/19/2011,5.0,5.02,5.05,4.97,41.22M,-0.50%
04/18/2011,5.02,5.0,5.02,5.0,28.61M,0.00%
04/17/2011,5.02,5.05,5.05,5.0,29.53M,-0.50%
04/16/2011,5.05,5.1,5.1,5.02,38.81M,-0.49%
04/13/2011,5.07,5.0,5.1,4.95,86.60M,1.00%
04/12/2011,5.02,4.97,5.07,4.97,76.16M,0.50%
04/11/2011,5.0,4.97,5.0,4.95,28.39M,0.00%
04/10/2011,5.0,5.0,5.02,4.95,51.81M,0.00%
04/09/2011,5.0,4.95,5.02,4.92,50.62M,1.52%
04/06/2011,4.92,4.92,4.95,4.9,26.68M,-0.51%
04/05/2011,4.95,4.95,4.97,4.9,35.79M,-0.50%
04/04/2011,4.97,4.97,5.0,4.95,30.81M,0.00%
04/03/2011,4.97,5.0,5.0,4.95,22.98M,0.00%
04/02/2011,4.97,4.97,5.02,4.95,47.76M,1.02%
03/30/2011,4.92,4.95,4.97,4.9,34.09M,-0.51%
03/29/2011,4.95,4.9,4.95,4.9,32.69M,0.51%
03/28/2011,4.92,4.92,4.95,4.9,28.86M,0.00%
03/27/2011,4.92,4.97,5.02,4.9,79.13M,-0.51%
03/26/2011,4.95,4.82,5.05,4.82,93.25M,3.12%
03/23/2011,4.8,4.77,4.8,4.75,16.89M,0.00%
03/22/2011,4.8,4.85,4.85,4.77,27.14M,-0.52%
03/21/2011,4.82,4.82,4.87,4.8,38.13M,0.00%
03/20/2011,4.82,4.87,4.92,4.77,57.42M,3.76%
03/16/2011,4.65,4.62,4.67,4.62,28.90M,1.09%
03/15/2011,4.6,4.7,4.7,4.6,47.29M,-3.16%
03/14/2011,4.75,4.8,4.82,4.75,42.64M,-2.06%
03/13/2011,4.85,4.8,4.92,4.77,62.19M,2.11%
03/12/2011,4.75,4.65,4.77,4.65,75.12M,3.26%
03/09/2011,4.6,4.6,4.65,4.57,46.89M,0.55%
03/08/2011,4.57,4.55,4.67,4.5,84.10M,-0.54%
03/07/2011,4.6,4.55,4.65,4.45,72.37M,0.55%
03/06/2011,4.57,4.72,4.72,4.52,64.67M,-2.14%
03/05/2011,4.67,4.4,4.72,4.4,97.00M,5.65%
03/02/2011,4.42,4.55,4.6,4.37,63.00M,-3.80%
03/01/2011,4.6,5.0,5.0,4.55,54.59M,-7.54%
02/28/2011,4.97,4.9,4.97,4.87,58.71M,1.02%
02/27/2011,4.92,5.1,5.12,4.9,69.96M,-3.43%
02/23/2011,5.1,5.1,5.15,5.07,39.50M,0.00%
02/22/2011,5.1,5.1,5.1,5.05,35.37M,-0.49%
02/21/2011,5.12,5.1,5.12,5.1,19.51M,0.49%
02/20/2011,5.1,5.12,5.15,5.1,30.41M,-0.49%
02/19/2011,5.12,5.17,5.2,5.1,36.16M,-1.44%
02/16/2011,5.2,5.22,5.25,5.17,28.08M,-0.95%
02/15/2011,5.25,5.22,5.25,5.22,17.11M,0.00%
02/14/2011,5.25,5.22,5.25,5.22,18.52M,0.00%
02/13/2011,5.25,5.25,5.25,5.22,19.95M,0.00%
02/12/2011,5.25,5.25,5.27,5.22,30.20M,0.48%
02/09/2011,5.22,5.22,5.25,5.2,26.74M,0.00%
02/08/2011,5.22,5.22,5.22,5.17,30.49M,0.00%
02/07/2011,5.22,5.2,5.25,5.2,27.07M,0.00%
02/06/2011,5.22,5.2,5.22,5.17,23.88M,0.97%
02/05/2011,5.17,5.15,5.2,5.15,27.55M,0.49%
02/02/2011,5.15,5.15,5.2,5.12,44.18M,0.49%
02/01/2011,5.12,5.12,5.15,5.1,34.29M,0.49%
01/31/2011,5.1,5.15,5.17,5.07,45.50M,-0.97%
01/30/2011,5.15,5.07,5.2,5.07,39.73M,1.48%
01/29/2011,5.07,5.3,5.3,5.02,67.75M,-4.69%
01/26/2011,5.32,5.35,5.35,5.3,32.09M,-0.47%
01/25/2011,5.35,5.32,5.35,5.3,29.71M,0.47%
01/24/2011,5.32,5.32,5.35,5.3,23.15M,0.00%
01/23/2011,5.32,5.3,5.32,5.27,25.55M,0.95%
01/22/2011,5.27,5.32,5.35,5.27,42.80M,-0.47%
01/19/2011,5.3,5.3,5.3,5.27,21.36M,-0.47%
01/18/2011,5.32,5.32,5.32,5.27,24.02M,0.00%
01/17/2011,5.32,5.35,5.35,5.3,25.60M,-0.47%
01/16/2011,5.35,5.35,5.37,5.32,21.07M,0.00%
01/15/2011,5.35,5.32,5.4,5.32,68.08M,0.47%
01/12/2011,5.32,5.3,5.32,5.3,22.45M,0.47%
01/11/2011,5.3,5.3,5.32,5.3,28.79M,0.00%
01/10/2011,5.3,5.32,5.35,5.27,43.65M,0.00%
01/09/2011,5.3,5.4,5.4,5.3,63.75M,-1.85%
01/08/2011,5.4,5.27,5.4,5.27,90.18M,2.37%
01/05/2011,5.27,5.27,5.3,5.25,38.93M,0.00%
01/04/2011,5.27,5.27,5.27,5.25,23.93M,0.00%
01/03/2011,5.27,5.27,5.27,5.25,25.68M,0.48%
01/02/2011,5.25,5.27,5.3,5.25,20.36M,-0.47%
01/01/2011,5.27,5.27,5.3,5.25,24.37M,0.48%
