Date,Price,Open,High,Low,Vol.,Change %
07/26/2026,58.2,58.0,58.85,57.65,543.47K,-0.43%
07/23/2026,58.45,58.55,58.65,57.8,1.52M,-0.17%
07/22/2026,58.55,56.8,58.55,56.55,1.63M,3.08%
07/21/2026,56.8,56.9,57.3,56.3,829.74K,-0.35%
07/20/2026,57.0,57.3,57.4,56.65,868.64K,-0.52%
07/19/2026,57.3,56.2,57.8,55.85,948.86K,2.05%
07/16/2026,56.15,56.3,57.0,56.15,782.36K,-0.35%
07/15/2026,56.35,56.75,57.2,56.35,1.89M,-1.49%
07/14/2026,57.2,57.8,58.15,56.95,984.58K,-1.21%
07/13/2026,57.9,58.75,58.75,57.9,1.08M,-1.53%
07/12/2026,58.8,57.75,59.0,57.5,718.42K,1.82%
07/09/2026,57.75,58.4,58.4,57.15,1.50M,-1.11%
07/08/2026,58.4,59.0,59.0,58.1,925.86K,-1.10%
07/07/2026,59.05,58.95,59.05,57.9,2.36M,0.08%
07/06/2026,59.0,58.9,59.3,58.5,934.90K,0.17%
07/05/2026,58.9,59.3,59.8,58.2,746.31K,0.00%
07/02/2026,58.9,59.9,59.9,58.9,1.25M,-1.26%
07/01/2026,59.65,59.1,59.85,59.05,945.64K,0.42%
06/30/2026,59.4,59.35,59.4,58.55,1.62M,0.93%
06/29/2026,58.85,60.45,60.55,58.85,1.46M,-2.65%
06/28/2026,60.45,60.1,60.6,59.9,617.13K,0.58%
06/25/2026,60.1,61.65,61.65,59.7,3.32M,-2.51%
06/24/2026,61.65,62.9,63.3,61.65,1.54M,-2.30%
06/23/2026,63.1,62.55,63.85,62.55,1.49M,0.16%
06/22/2026,63.0,63.9,64.0,62.5,1.42M,-0.79%
06/21/2026,63.5,64.7,64.75,63.3,851.25K,-2.01%
06/18/2026,64.8,62.8,64.95,62.3,8.21M,3.10%
06/17/2026,62.85,61.85,63.2,61.4,2.50M,1.21%
06/16/2026,62.1,62.9,63.85,61.75,2.23M,-0.48%
06/15/2026,62.4,63.15,63.95,62.35,2.72M,0.56%
06/14/2026,62.05,60.6,63.15,60.5,3.16M,5.17%
06/11/2026,59.0,58.55,59.4,58.55,1.09M,0.77%
06/10/2026,58.55,60.35,60.4,58.55,2.18M,-3.46%
06/09/2026,60.65,60.1,61.0,59.75,2.96M,1.25%
06/08/2026,59.9,60.2,60.95,59.3,2.68M,-2.04%
06/07/2026,61.15,62.5,62.8,60.75,2.13M,-3.09%
06/04/2026,63.1,63.4,64.6,63.1,2.42M,0.08%
06/03/2026,63.05,63.0,63.6,62.65,1.25M,-0.08%
06/02/2026,63.1,62.85,64.25,62.7,1.97M,0.24%
06/01/2026,62.95,62.5,63.65,62.05,2.79M,-0.32%
05/31/2026,63.15,63.0,63.8,62.4,1.47M,1.61%
05/21/2026,62.15,61.15,62.7,60.8,16.72M,1.89%
05/20/2026,61.0,60.6,61.55,60.25,3.47M,0.00%
05/19/2026,61.0,62.0,62.1,61.0,2.75M,-1.21%
05/18/2026,61.75,62.55,63.25,61.75,2.19M,-1.52%
05/17/2026,62.7,64.0,64.1,62.45,924.62K,-2.26%
05/14/2026,64.15,64.6,65.05,64.05,2.03M,-0.62%
05/13/2026,64.55,65.95,66.1,64.55,1.89M,-2.05%
05/12/2026,65.9,66.5,66.8,65.75,1.55M,-0.08%
05/11/2026,65.95,65.8,67.15,65.2,2.54M,-0.83%
05/10/2026,66.5,66.05,67.45,65.85,1.53M,0.76%
05/07/2026,66.0,65.3,66.4,64.45,2.67M,1.23%
05/06/2026,65.2,64.0,65.7,63.7,4.06M,4.07%
05/05/2026,62.65,63.5,63.55,61.8,1.55M,-1.42%
05/04/2026,63.55,67.0,67.0,63.55,3.75M,-5.50%
05/03/2026,67.25,66.0,67.85,65.6,1.15M,2.52%
04/30/2026,65.6,65.65,66.45,64.8,2.38M,-0.23%
04/29/2026,65.75,66.2,66.2,65.45,1.07M,-0.75%
04/28/2026,66.25,66.1,66.65,66.1,806.03K,0.08%
04/27/2026,66.2,68.05,68.1,66.2,1.81M,-2.65%
04/26/2026,68.0,67.05,68.4,66.9,561.26K,1.42%
04/23/2026,67.05,68.0,68.4,66.75,1.30M,-1.54%
04/22/2026,68.1,68.8,69.2,68.0,925.40K,-1.02%
04/21/2026,68.8,69.2,69.75,68.65,1.12M,-0.07%
04/20/2026,68.85,70.05,70.55,68.85,1.25M,-2.06%
04/19/2026,70.3,71.6,71.6,70.0,890.09K,-1.54%
04/16/2026,71.4,72.9,73.2,71.0,1.86M,-1.92%
04/15/2026,72.8,73.0,73.8,72.65,2.29M,0.69%
04/14/2026,72.3,72.2,72.9,72.05,1.40M,0.28%
04/13/2026,72.1,69.55,72.5,69.45,2.34M,3.22%
04/12/2026,69.85,69.8,70.25,68.9,900.41K,-0.36%
04/09/2026,70.1,69.8,70.6,69.3,1.86M,0.14%
04/08/2026,70.0,67.5,70.5,66.95,4.14M,7.69%
04/07/2026,65.0,66.3,66.6,65.0,2.71M,-2.55%
04/06/2026,66.7,66.0,67.45,65.5,1.90M,1.52%
04/05/2026,65.7,65.4,66.15,65.2,810.22K,0.46%
04/02/2026,65.4,65.4,66.6,64.5,2.11M,0.00%
04/01/2026,65.4,65.4,65.95,65.05,2.58M,0.93%
03/31/2026,64.8,64.7,65.8,64.5,2.74M,0.62%
03/30/2026,64.4,63.8,64.55,63.6,1.47M,1.10%
03/29/2026,63.7,64.55,65.25,63.65,1.23M,-1.24%
03/26/2026,64.5,65.2,65.45,64.45,1.74M,-0.77%
03/25/2026,65.0,65.9,66.85,65.0,2.35M,0.23%
03/24/2026,64.85,67.5,68.65,64.85,4.33M,-6.76%
03/16/2026,69.55,69.0,70.0,69.0,2.46M,0.07%
03/15/2026,69.5,68.0,70.8,68.0,1.61M,0.80%
03/12/2026,68.95,69.35,69.9,68.15,2.06M,-0.51%
03/11/2026,69.3,69.0,70.35,69.0,1.57M,0.43%
03/10/2026,69.0,68.7,71.0,68.6,1.68M,0.00%
03/09/2026,69.0,71.7,71.7,68.8,1.96M,-3.77%
03/08/2026,71.7,72.4,73.0,71.5,1.49M,0.42%
03/05/2026,71.4,71.85,72.4,71.0,1.52M,-0.63%
03/04/2026,71.85,70.0,72.25,69.95,2.10M,2.64%
03/03/2026,70.0,70.0,70.8,69.75,1.52M,0.00%
03/02/2026,70.0,69.05,70.9,68.2,2.26M,1.45%
03/01/2026,69.0,66.0,71.1,65.9,2.09M,-1.71%
02/26/2026,70.2,71.05,71.4,69.75,2.18M,-1.89%
02/25/2026,71.55,71.15,71.7,70.65,1.00M,0.42%
02/24/2026,71.25,71.75,72.1,70.6,1.00M,-0.84%
02/23/2026,71.85,71.1,72.75,71.1,1.58M,1.48%
02/19/2026,70.8,72.1,72.15,70.55,983.00K,-1.67%
02/18/2026,72.0,70.8,72.0,70.6,660.71K,1.05%
02/17/2026,71.25,71.0,71.4,69.8,1.33M,-1.59%
02/16/2026,72.4,72.95,72.95,71.9,897.36K,-0.82%
02/15/2026,73.0,73.85,73.85,72.85,527.73K,-1.22%
02/12/2026,73.9,73.2,73.9,72.65,977.59K,0.48%
02/11/2026,73.55,73.0,73.85,72.5,2.05M,1.17%
02/10/2026,72.7,73.0,73.65,72.65,933.42K,-0.34%
02/09/2026,72.95,73.65,74.05,72.0,1.73M,-0.88%
02/08/2026,73.6,74.95,75.0,72.35,1.14M,1.45%
02/05/2026,72.55,75.2,75.7,72.25,2.96M,-5.41%
02/04/2026,76.7,75.85,77.5,75.55,2.70M,2.20%
02/03/2026,75.05,74.6,76.2,72.55,4.46M,2.18%
02/02/2026,73.45,68.0,73.45,67.5,6.21M,5.00%
02/01/2026,69.95,72.0,74.0,69.6,5.04M,-9.51%
01/29/2026,77.3,79.0,79.5,77.3,5.84M,-0.26%
01/28/2026,77.5,78.1,79.0,76.4,4.53M,0.13%
01/27/2026,77.4,79.3,79.9,77.05,2.91M,-2.64%
01/26/2026,79.5,78.2,79.55,76.4,3.18M,2.38%
01/25/2026,77.65,73.0,78.5,73.0,3.82M,7.18%
01/22/2026,72.45,72.25,73.05,71.45,2.74M,-1.43%
01/21/2026,73.5,74.8,74.8,72.9,2.19M,-0.68%
01/20/2026,74.0,72.35,74.5,72.2,2.15M,2.28%
01/19/2026,72.35,72.7,73.35,71.5,2.38M,0.00%
01/18/2026,72.35,71.5,72.55,71.5,1.56M,1.47%
01/15/2026,71.3,72.0,72.0,70.4,2.24M,-0.28%
01/14/2026,71.5,71.5,72.35,70.0,3.21M,0.99%
01/13/2026,70.8,69.95,70.8,67.5,5.15M,4.89%
01/12/2026,67.5,64.8,68.0,64.8,3.85M,4.73%
01/11/2026,64.45,63.75,64.65,63.75,737.52K,1.50%
01/08/2026,63.5,63.45,63.65,62.3,1.07M,-0.47%
01/07/2026,63.8,64.7,65.1,63.2,1.82M,-1.09%
01/06/2026,64.5,61.1,64.5,60.85,2.94M,5.74%
01/05/2026,61.0,59.85,61.0,59.5,1.66M,2.35%
01/04/2026,59.6,60.85,60.9,59.0,499.93K,-2.05%
01/01/2026,60.85,61.2,61.6,60.85,458.23K,-0.16%
12/31/2025,60.95,60.85,61.6,60.45,879.16K,0.25%
12/30/2025,60.8,61.6,62.1,60.0,1.23M,-2.64%
12/29/2025,62.45,62.4,62.65,61.6,715.05K,0.24%
12/28/2025,62.3,62.5,63.25,61.75,799.99K,-0.24%
12/25/2025,62.45,63.1,63.7,62.4,724.39K,-1.03%
12/24/2025,63.1,63.35,64.15,63.05,932.30K,-0.39%
12/23/2025,63.35,63.6,64.25,62.9,1.61M,-0.39%
12/22/2025,63.6,60.7,63.6,60.25,2.22M,5.30%
12/21/2025,60.4,60.3,61.5,60.1,1.04M,0.25%
12/18/2025,60.25,58.0,60.25,58.0,3.63M,3.97%
12/17/2025,57.95,57.0,58.0,56.7,895.17K,1.76%
12/16/2025,56.95,58.1,58.45,56.65,1.29M,-1.89%
12/15/2025,58.05,58.3,58.45,57.25,1.35M,-0.43%
12/14/2025,58.3,59.45,59.6,58.3,841.89K,-1.93%
12/11/2025,59.45,60.35,60.4,59.2,804.07K,-1.16%
12/10/2025,60.15,59.3,60.45,59.15,1.69M,1.95%
12/09/2025,59.0,59.4,59.7,58.65,1.63M,-1.09%
12/08/2025,59.65,58.8,59.65,58.25,1.82M,1.19%
12/07/2025,58.95,60.0,60.0,58.8,451.33K,-1.01%
12/04/2025,59.55,59.55,61.2,59.55,2.04M,0.00%
12/03/2025,59.55,60.1,60.25,59.0,1.51M,-1.08%
12/02/2025,60.2,59.65,60.2,59.2,908.71K,0.33%
12/01/2025,60.0,60.1,60.8,59.25,1.26M,0.59%
11/30/2025,59.65,61.35,61.4,59.65,722.25K,-2.21%
11/27/2025,61.0,61.85,62.8,60.8,1.43M,-1.37%
11/26/2025,61.85,61.55,62.0,60.7,1.29M,0.41%
11/25/2025,61.6,62.35,63.25,61.6,1.87M,-0.96%
11/24/2025,62.2,63.45,63.95,61.8,3.82M,-1.82%
11/23/2025,63.35,61.5,64.85,61.45,2.44M,3.34%
11/20/2025,61.3,59.5,61.5,59.5,2.16M,3.63%
11/19/2025,59.15,60.3,60.7,59.15,1.90M,-1.74%
11/18/2025,60.2,60.35,61.0,59.65,1.57M,-0.41%
11/17/2025,60.45,59.0,60.8,59.0,1.99M,1.68%
11/16/2025,59.45,59.2,60.45,59.0,697.82K,-0.08%
11/13/2025,59.5,61.0,61.2,59.5,1.43M,-2.54%
11/12/2025,61.05,61.05,61.3,60.35,751.06K,-0.41%
11/11/2025,61.3,61.3,61.75,60.95,1.20M,-0.24%
11/10/2025,61.45,59.3,61.45,59.15,2.19M,3.45%
11/09/2025,59.4,59.8,59.8,58.35,1.37M,-0.67%
11/06/2025,59.8,61.2,61.65,59.45,2.88M,-1.97%
11/05/2025,61.0,61.75,61.95,60.85,1.14M,-1.29%
11/04/2025,61.8,63.3,63.8,61.8,1.23M,-2.75%
11/03/2025,63.55,62.95,64.0,62.95,1.82M,1.27%
11/02/2025,62.75,64.0,64.0,62.75,472.25K,-2.33%
10/30/2025,64.25,64.4,65.1,63.9,1.39M,0.08%
10/29/2025,64.2,63.9,64.2,63.5,1.01M,1.02%
10/28/2025,63.55,63.5,63.75,62.45,1.61M,0.00%
10/27/2025,63.55,63.6,64.6,63.55,1.56M,-0.16%
10/26/2025,63.65,64.0,64.45,63.45,446.69K,-0.86%
10/23/2025,64.2,63.65,64.95,63.55,1.51M,0.86%
10/22/2025,63.65,66.6,66.6,63.55,2.00M,-4.43%
10/21/2025,66.6,66.95,67.0,66.4,1.36M,-0.67%
10/20/2025,67.05,66.55,67.45,66.55,1.64M,0.75%
10/19/2025,66.55,66.75,67.1,66.5,509.80K,-0.67%
10/16/2025,67.0,66.9,67.1,66.5,1.64M,0.22%
10/15/2025,66.85,66.9,67.5,66.8,1.59M,-0.07%
10/14/2025,66.9,66.25,67.65,66.25,2.15M,1.06%
10/13/2025,66.2,66.9,67.3,65.6,1.45M,-0.97%
10/12/2025,66.85,65.5,67.05,65.1,1.48M,-0.52%
10/09/2025,67.2,66.85,67.45,66.5,1.57M,1.13%
10/08/2025,66.45,66.6,68.45,66.25,2.76M,-0.30%
10/07/2025,66.65,67.9,68.1,66.65,1.83M,-1.84%
10/06/2025,67.9,64.9,68.1,64.9,3.10M,4.62%
10/05/2025,64.9,64.95,65.45,64.6,863.19K,-0.23%
10/02/2025,65.05,65.7,65.75,64.05,2.24M,-0.84%
10/01/2025,65.6,64.0,65.7,64.0,2.79M,2.50%
09/30/2025,64.0,62.5,64.0,62.2,2.69M,2.40%
09/29/2025,62.5,60.3,63.0,60.25,2.69M,3.56%
09/28/2025,60.35,60.65,61.3,59.85,1.44M,-1.23%
09/25/2025,61.1,62.0,62.1,60.2,3.48M,-0.97%
09/24/2025,61.7,59.95,61.7,59.35,4.99M,4.14%
09/22/2025,59.25,57.9,59.45,57.35,3.22M,2.16%
09/21/2025,58.0,57.0,58.0,57.0,1.79M,2.20%
09/18/2025,56.75,56.25,56.8,55.75,3.55M,0.89%
09/17/2025,56.25,56.6,56.9,55.5,1.39M,-0.53%
09/16/2025,56.55,56.25,56.55,55.55,1.13M,0.44%
09/15/2025,56.3,56.0,57.2,55.95,2.44M,0.63%
09/14/2025,55.95,54.15,56.2,54.0,1.43M,2.85%
09/11/2025,54.4,54.15,54.9,53.9,1.60M,0.37%
09/10/2025,54.2,53.65,54.3,53.5,1.19M,0.74%
09/09/2025,53.8,52.9,54.2,52.9,1.68M,1.70%
09/08/2025,52.9,53.15,54.0,52.5,1.67M,-0.75%
09/07/2025,53.3,54.0,54.2,53.05,734.16K,-0.56%
09/04/2025,53.6,52.6,54.0,52.6,1.72M,1.13%
09/03/2025,53.0,52.3,53.2,52.3,1.11M,0.66%
09/02/2025,52.65,52.35,52.9,51.55,1.65M,0.48%
09/01/2025,52.4,51.45,52.5,51.25,1.17M,1.85%
08/31/2025,51.45,52.2,52.4,51.3,862.99K,-1.44%
08/28/2025,52.2,52.55,52.85,52.0,1.08M,-1.04%
08/27/2025,52.75,52.4,53.0,52.35,891.84K,0.96%
08/26/2025,52.25,52.35,53.2,52.25,3.42M,-0.38%
08/25/2025,52.45,52.35,52.7,51.85,839.91K,-0.29%
08/24/2025,52.6,53.3,53.65,52.5,1.21M,-1.03%
08/21/2025,53.15,52.6,53.3,52.3,1.74M,0.76%
08/20/2025,52.75,52.65,53.15,52.55,1.39M,-0.19%
08/19/2025,52.85,53.0,53.0,52.25,1.29M,-0.28%
08/18/2025,53.0,53.4,53.85,52.65,1.52M,-1.12%
08/17/2025,53.6,53.6,53.8,53.2,1.06M,-0.09%
08/14/2025,53.65,52.75,53.65,52.5,1.73M,1.32%
08/13/2025,52.95,52.0,52.95,51.7,1.85M,1.92%
08/12/2025,51.95,52.9,53.0,51.3,1.93M,-1.80%
08/11/2025,52.9,53.55,53.55,52.2,2.38M,-1.03%
08/10/2025,53.45,53.25,54.35,53.0,1.88M,2.39%
08/07/2025,52.2,51.8,52.4,51.0,2.03M,0.00%
08/06/2025,52.2,52.95,53.0,51.95,1.19M,-1.42%
08/05/2025,52.95,52.0,52.95,51.8,1.08M,1.44%
08/04/2025,52.2,51.0,52.3,49.78,1.72M,2.15%
08/03/2025,51.1,51.95,52.0,51.0,950.85K,-1.73%
07/31/2025,52.0,51.6,52.1,51.35,1.43M,0.19%
07/30/2025,51.9,51.55,52.15,51.15,1.11M,0.10%
07/29/2025,51.85,52.25,52.5,51.5,1.06M,-0.86%
07/28/2025,52.3,52.3,52.65,51.8,917.20K,0.00%
07/27/2025,52.3,53.6,53.6,52.05,840.62K,-2.61%
07/24/2025,53.7,54.1,54.65,53.55,1.02M,-0.74%
07/23/2025,54.1,52.95,54.1,52.9,1.81M,1.88%
07/22/2025,53.1,54.55,54.65,52.9,1.39M,-2.66%
07/21/2025,54.55,54.3,55.0,54.1,2.10M,0.46%
07/20/2025,54.3,55.15,55.5,54.2,1.25M,-1.27%
07/17/2025,55.0,54.4,55.15,54.2,1.44M,0.92%
07/16/2025,54.5,54.35,55.1,54.15,981.41K,0.00%
07/15/2025,54.5,55.1,55.65,54.5,1.32M,-1.09%
07/14/2025,55.1,55.7,55.7,54.55,1.19M,-1.08%
07/13/2025,55.7,55.8,56.4,55.15,2.00M,0.18%
07/10/2025,55.6,55.2,56.2,54.85,3.03M,0.72%
07/09/2025,55.2,54.0,55.55,54.0,2.67M,1.85%
07/08/2025,54.2,54.65,55.3,54.2,1.83M,-0.82%
07/07/2025,54.65,54.95,55.6,54.3,2.34M,-0.09%
07/06/2025,54.7,53.45,54.9,52.9,2.04M,2.43%
07/03/2025,53.4,53.25,53.95,52.45,2.50M,0.28%
07/02/2025,53.25,52.35,53.5,51.2,2.57M,1.72%
07/01/2025,52.35,53.05,53.8,52.25,1.97M,-2.33%
06/30/2025,53.6,51.1,54.1,51.05,4.81M,4.89%
06/29/2025,51.1,51.0,51.5,50.5,952.30K,0.39%
06/26/2025,50.9,50.7,51.1,50.1,1.21M,0.39%
06/25/2025,50.7,50.8,51.1,49.95,1.21M,0.20%
06/24/2025,50.6,49.5,50.6,49.15,2.75M,4.22%
06/23/2025,48.55,47.4,48.7,47.1,1.42M,2.75%
06/22/2025,47.25,47.95,48.75,47.15,1.12M,-1.97%
06/19/2025,48.2,47.25,48.35,46.8,6.74M,1.90%
06/18/2025,47.3,48.0,48.45,47.3,2.11M,-1.97%
06/17/2025,48.25,49.1,49.95,47.9,2.74M,-2.03%
06/16/2025,49.25,49.15,50.7,49.1,2.00M,0.41%
06/15/2025,49.05,47.3,49.5,47.3,1.62M,-2.49%
06/12/2025,50.3,51.4,51.4,50.0,1.94M,-3.27%
06/11/2025,52.0,50.4,52.3,50.4,2.14M,3.17%
06/04/2025,50.4,49.9,50.5,49.9,1.68M,1.41%
06/03/2025,49.7,49.4,50.4,49.3,1.44M,0.40%
06/02/2025,49.5,50.0,50.7,49.0,2.36M,0.92%
06/01/2025,49.05,50.8,51.0,48.3,1.72M,-3.82%
05/29/2025,51.0,51.6,52.0,50.8,4.95M,0.00%
05/28/2025,51.0,50.5,51.3,50.5,1.64M,1.80%
05/27/2025,50.1,51.2,51.3,49.75,2.78M,-2.15%
05/26/2025,51.2,51.0,51.3,50.4,1.65M,1.79%
05/25/2025,50.3,51.6,51.8,50.3,1.17M,-2.71%
05/22/2025,51.7,51.1,51.8,50.9,1.54M,1.37%
05/21/2025,51.0,53.1,53.7,51.0,2.44M,-3.95%
05/20/2025,53.1,51.3,53.4,51.2,4.25M,3.31%
05/19/2025,51.4,51.2,51.6,51.0,1.46M,0.78%
05/18/2025,51.0,51.5,51.9,50.7,787.02K,-0.58%
05/15/2025,51.3,50.9,52.1,50.7,2.42M,0.59%
05/14/2025,51.0,51.1,51.4,50.7,1.81M,-0.20%
05/13/2025,51.1,51.1,51.8,50.6,2.67M,0.20%
05/12/2025,51.0,51.1,51.9,50.9,1.95M,0.00%
05/11/2025,51.0,51.3,51.3,50.3,847.20K,0.59%
05/08/2025,50.7,51.0,51.8,50.5,2.03M,-1.36%
05/07/2025,51.4,51.5,52.0,50.6,3.30M,0.59%
05/06/2025,51.1,51.0,52.1,50.7,2.64M,0.20%
05/05/2025,51.0,48.2,51.0,48.2,3.20M,6.47%
05/04/2025,47.9,49.95,51.1,47.9,3.35M,-4.10%
05/01/2025,49.95,51.1,51.7,49.9,4.18M,-2.25%
04/30/2025,51.1,49.9,51.2,49.55,5.92M,3.13%
04/29/2025,49.55,48.0,50.2,47.9,14.28M,3.23%
04/28/2025,48.0,48.05,48.7,47.95,2.04M,0.00%
04/27/2025,48.0,47.5,48.5,47.0,2.08M,2.13%
04/24/2025,47.0,44.55,47.45,44.35,6.34M,5.74%
04/23/2025,44.45,44.7,45.25,44.25,1.65M,0.34%
04/22/2025,44.3,44.65,45.0,44.15,1.66M,-0.78%
04/21/2025,44.65,44.7,45.0,44.55,518.00K,-0.56%
04/20/2025,44.9,44.75,45.2,44.6,965.56K,0.56%
04/17/2025,44.65,45.45,45.5,44.55,1.83M,-2.08%
04/16/2025,45.6,44.75,45.6,44.15,1.74M,1.22%
04/15/2025,45.05,45.0,45.65,44.7,1.84M,0.22%
04/14/2025,44.95,44.25,44.95,44.0,1.72M,2.39%
04/13/2025,43.9,43.7,43.95,43.1,1.26M,2.33%
04/10/2025,42.9,43.5,43.5,42.3,3.09M,4.63%
04/09/2025,41.0,40.5,42.8,40.35,5.00M,0.24%
04/08/2025,40.9,42.1,43.3,40.9,5.05M,-2.04%
04/07/2025,41.75,38.0,42.05,37.85,4.12M,4.77%
04/06/2025,39.85,42.0,42.05,39.75,4.04M,-9.53%
04/03/2025,44.05,45.5,46.15,44.0,2.92M,-4.86%
03/27/2025,46.3,45.45,47.1,45.45,3.27M,2.21%
03/26/2025,45.3,45.15,45.9,44.9,2.53M,0.89%
03/25/2025,44.9,46.7,46.9,44.8,2.19M,-3.65%
03/24/2025,46.6,45.8,46.95,45.55,2.38M,1.53%
03/23/2025,45.9,45.6,46.5,45.55,714.68K,0.88%
03/20/2025,45.5,45.5,46.15,45.4,3.98M,0.33%
03/19/2025,45.35,46.6,46.8,45.0,1.87M,-2.79%
03/18/2025,46.65,46.4,47.2,46.0,2.18M,0.54%
03/17/2025,46.4,46.2,46.9,45.8,2.64M,0.87%
03/16/2025,46.0,44.55,46.5,44.0,2.51M,4.43%
03/13/2025,44.05,43.8,44.65,43.5,1.96M,0.69%
03/12/2025,43.75,44.9,44.95,43.4,1.96M,-2.45%
03/11/2025,44.85,42.8,45.2,42.1,3.04M,4.30%
03/10/2025,43.0,45.45,45.45,42.95,3.74M,-5.49%
03/09/2025,45.5,43.85,45.7,43.4,2.00M,2.36%
03/06/2025,44.45,43.7,44.75,43.3,2.64M,1.72%
03/05/2025,43.7,43.65,44.4,43.25,2.37M,0.34%
03/04/2025,43.55,44.95,44.95,43.55,3.05M,-3.65%
03/03/2025,45.2,45.4,46.0,44.85,2.08M,-1.20%
03/02/2025,45.75,45.65,46.0,44.65,1.59M,0.22%
02/27/2025,45.65,45.65,46.4,45.05,6.47M,-0.33%
02/26/2025,45.8,47.0,47.2,45.35,4.04M,-2.55%
02/25/2025,47.0,47.5,47.75,46.8,2.13M,-1.26%
02/24/2025,47.6,49.3,49.55,47.05,3.05M,-3.45%
02/20/2025,49.3,48.7,49.5,48.55,2.58M,1.23%
02/19/2025,48.7,48.35,49.65,48.35,4.53M,0.31%
02/18/2025,48.55,48.3,48.8,48.2,2.22M,-0.21%
02/17/2025,48.65,49.05,49.05,48.05,1.88M,-0.92%
02/16/2025,49.1,49.1,49.45,49.1,770.80K,0.00%
02/13/2025,49.1,49.25,49.55,48.9,2.27M,-0.41%
02/12/2025,49.3,49.45,50.0,49.15,2.71M,-0.40%
02/11/2025,49.5,49.3,50.0,49.15,7.25M,0.41%
02/10/2025,49.3,49.95,49.95,49.2,2.24M,-1.30%
02/09/2025,49.95,50.5,51.4,49.85,3.46M,-0.30%
02/06/2025,50.1,48.15,50.8,48.1,5.92M,4.05%
02/05/2025,48.15,48.5,48.75,48.15,1.81M,-0.52%
02/04/2025,48.4,48.6,48.85,48.05,2.12M,-0.92%
02/03/2025,48.85,48.8,48.9,48.25,1.25M,-0.31%
02/02/2025,49.0,48.75,49.35,48.55,748.67K,0.62%
01/30/2025,48.7,49.0,49.1,48.7,683.61K,-0.81%
01/29/2025,49.1,49.1,49.4,48.6,1.24M,0.61%
01/28/2025,48.8,48.7,49.65,48.35,2.09M,0.00%
01/27/2025,48.8,49.75,49.95,48.8,1.13M,-2.11%
01/26/2025,49.85,49.55,50.1,49.3,978.53K,0.61%
01/23/2025,49.55,49.8,50.1,49.15,1.93M,-0.50%
01/22/2025,49.8,49.5,50.3,49.35,2.32M,0.81%
01/21/2025,49.4,48.5,49.65,48.0,3.32M,1.86%
01/20/2025,48.5,49.05,49.25,48.15,3.12M,-1.02%
01/19/2025,49.0,48.6,49.3,48.6,3.69M,1.66%
01/16/2025,48.2,48.2,48.65,47.6,3.88M,1.58%
01/15/2025,47.45,47.3,48.2,47.15,3.44M,1.50%
01/14/2025,46.75,47.35,47.6,46.65,2.41M,-0.85%
01/13/2025,47.15,48.3,48.5,47.1,2.34M,-1.77%
01/12/2025,48.0,48.4,48.95,48.0,871.74K,-0.62%
01/09/2025,48.3,48.2,48.8,48.0,1.17M,0.84%
01/08/2025,47.9,48.45,49.05,47.9,1.95M,-1.03%
01/07/2025,48.4,48.1,49.4,48.1,2.43M,0.62%
01/06/2025,48.1,48.65,48.75,48.05,1.92M,-1.43%
01/05/2025,48.8,49.55,49.6,48.55,870.48K,-1.11%
01/02/2025,49.35,50.1,50.4,49.35,1.62M,-1.89%
01/01/2025,50.3,50.3,50.7,50.0,508.94K,0.00%
12/31/2024,50.3,49.75,50.9,49.6,1.59M,0.90%
12/30/2024,49.85,49.9,50.4,49.5,1.45M,-0.70%
12/29/2024,50.2,49.9,50.8,49.75,602.69K,0.70%
12/26/2024,49.85,49.3,50.5,49.3,713.48K,0.71%
12/25/2024,49.5,49.2,49.7,48.6,473.90K,0.61%
12/24/2024,49.2,49.35,49.75,49.0,923.21K,-0.30%
12/23/2024,49.35,49.15,49.6,48.3,1.16M,0.51%
12/22/2024,49.1,49.5,50.4,49.1,803.21K,-1.31%
12/19/2024,49.75,49.8,50.1,48.9,4.28M,-0.90%
12/18/2024,50.2,51.0,51.1,49.95,2.48M,-1.95%
12/17/2024,51.2,51.9,51.9,51.0,2.11M,-1.73%
12/16/2024,52.1,52.9,53.1,51.9,1.53M,-1.51%
12/15/2024,52.9,52.8,53.8,52.8,1.07M,0.19%
12/12/2024,52.8,54.4,54.8,52.8,1.60M,-2.22%
12/11/2024,54.0,53.2,54.6,52.9,2.96M,1.50%
12/10/2024,53.2,52.6,53.5,52.4,3.17M,2.11%
12/09/2024,52.1,52.4,52.5,51.7,982.34K,0.19%
12/08/2024,52.0,52.3,52.6,51.7,738.21K,-0.57%
12/05/2024,52.3,51.4,52.4,50.8,1.79M,1.75%
12/04/2024,51.4,51.9,51.9,51.2,1.21M,-1.15%
12/03/2024,52.0,50.8,52.0,50.3,2.18M,1.96%
12/02/2024,51.0,51.6,51.8,50.6,1.91M,-1.54%
12/01/2024,51.8,52.0,52.5,51.8,814.66K,0.19%
11/28/2024,51.7,50.8,52.0,50.7,1.65M,1.57%
11/27/2024,50.9,52.5,53.0,50.9,3.10M,-3.05%
11/26/2024,52.5,52.6,53.1,51.8,1.49M,0.00%
11/25/2024,52.5,53.9,54.2,52.5,4.36M,-2.78%
11/24/2024,54.0,53.1,55.0,53.1,783.56K,1.89%
11/21/2024,53.0,53.5,54.0,52.8,1.19M,-0.93%
11/20/2024,53.5,54.1,54.6,53.1,1.53M,-1.11%
11/19/2024,54.1,54.4,55.3,53.4,1.69M,-0.37%
11/18/2024,54.3,54.1,55.9,53.9,2.08M,0.56%
11/17/2024,54.0,52.4,54.2,52.4,1.17M,2.86%
11/14/2024,52.5,53.0,53.6,51.3,3.56M,-1.50%
11/13/2024,53.3,54.0,54.2,53.2,1.46M,-0.93%
11/12/2024,53.8,52.3,54.5,52.2,1.88M,2.48%
11/11/2024,52.5,52.0,53.7,52.0,1.86M,0.77%
11/10/2024,52.1,53.9,54.2,52.0,2.47M,-3.34%
11/07/2024,53.9,57.0,57.4,53.7,4.00M,-4.09%
11/06/2024,56.2,54.2,57.2,54.2,3.02M,4.07%
11/05/2024,54.0,54.6,54.8,53.2,1.88M,-1.64%
11/04/2024,54.9,55.7,55.7,54.3,1.78M,-1.96%
11/03/2024,56.0,56.4,57.0,55.7,707.50K,-0.71%
10/31/2024,56.4,56.1,57.4,55.4,2.68M,0.36%
10/30/2024,56.2,56.4,57.2,56.2,2.25M,-0.53%
10/29/2024,56.5,54.9,56.7,54.9,4.04M,3.10%
10/28/2024,54.8,54.6,55.2,54.2,1.11M,0.92%
10/27/2024,54.3,55.0,55.5,54.3,2.56M,0.00%
10/24/2024,54.3,54.0,54.6,53.3,2.38M,0.56%
10/23/2024,54.0,52.3,54.3,52.1,2.06M,1.89%
10/22/2024,53.0,53.6,54.4,52.9,3.30M,-1.12%
10/21/2024,53.6,51.4,54.0,51.3,4.95M,4.28%
10/20/2024,51.4,50.9,51.6,50.4,1.22M,0.98%
10/17/2024,50.9,51.1,51.6,50.7,1.91M,-1.17%
10/16/2024,51.5,50.7,51.6,50.2,2.41M,1.38%
10/15/2024,50.8,49.9,51.6,49.5,3.02M,1.80%
10/14/2024,49.9,49.35,50.1,48.9,2.39M,1.11%
10/13/2024,49.35,49.1,50.3,49.05,4.20M,0.82%
10/10/2024,48.95,47.15,49.55,47.0,4.59M,3.71%
10/09/2024,47.2,48.25,48.3,46.65,1.51M,-2.18%
10/08/2024,48.25,48.45,49.05,47.9,1.94M,-0.41%
10/07/2024,48.45,48.05,49.85,47.15,3.63M,-0.21%
10/06/2024,48.55,50.2,50.7,48.1,3.30M,-2.90%
10/03/2024,50.0,49.0,51.0,48.95,6.72M,1.52%
10/02/2024,49.25,47.9,49.45,47.85,6.01M,0.72%
10/01/2024,48.9,48.8,49.7,48.55,2.67M,0.20%
09/30/2024,48.8,47.05,49.75,47.05,8.26M,3.83%
09/29/2024,47.0,46.8,47.8,46.0,4.00M,0.43%
09/26/2024,46.8,45.0,47.15,44.85,6.05M,4.00%
09/25/2024,45.0,44.0,45.0,43.85,5.76M,2.39%
09/24/2024,43.95,42.0,43.95,41.75,6.36M,4.39%
09/22/2024,42.1,41.95,42.15,41.7,1.55M,0.48%
09/19/2024,41.9,42.35,42.5,41.8,3.90M,-0.59%
09/18/2024,42.15,42.5,43.1,41.45,5.45M,0.48%
09/17/2024,41.95,40.0,42.8,40.0,8.98M,6.61%
09/16/2024,39.35,39.8,40.55,39.3,5.36M,0.38%
09/15/2024,39.2,39.45,39.6,39.05,1.87M,0.26%
09/12/2024,39.1,39.65,39.85,39.1,2.56M,-0.13%
09/11/2024,39.15,40.3,40.3,39.15,2.16M,-2.85%
09/10/2024,40.3,40.55,40.8,40.05,3.08M,-0.12%
09/09/2024,40.35,40.55,40.75,40.25,1.85M,-0.37%
09/08/2024,40.5,40.95,41.0,40.4,1.58M,-1.58%
09/05/2024,41.15,41.65,41.65,41.1,1.68M,-1.44%
09/04/2024,41.75,41.0,41.9,40.5,2.08M,-0.12%
09/03/2024,41.8,42.35,42.35,41.7,1.71M,-1.18%
09/02/2024,42.3,42.35,43.1,42.15,2.42M,0.00%
09/01/2024,42.3,42.2,42.5,42.15,906.69K,-0.35%
08/29/2024,42.45,42.0,42.45,41.85,3.25M,1.07%
08/28/2024,42.0,42.2,42.3,41.25,1.78M,-0.47%
08/27/2024,42.2,42.2,42.4,41.9,6.22M,0.12%
08/26/2024,42.15,42.3,42.55,41.95,1.43M,-0.35%
08/25/2024,42.3,42.9,43.15,42.15,1.88M,-0.47%
08/22/2024,42.5,42.0,42.75,41.65,1.99M,1.31%
08/21/2024,41.95,42.05,42.45,41.8,2.80M,-0.24%
08/20/2024,42.05,41.1,42.25,40.9,5.18M,2.81%
08/19/2024,40.9,41.15,41.25,40.75,2.26M,-0.37%
08/18/2024,41.05,41.4,41.85,41.05,2.06M,-0.36%
08/15/2024,41.2,41.1,41.45,40.9,2.51M,0.73%
08/14/2024,40.9,41.35,41.35,40.9,2.45M,0.12%
08/13/2024,40.85,41.65,41.8,40.7,2.43M,-0.73%
08/12/2024,41.15,43.4,43.45,41.15,4.78M,-2.02%
08/11/2024,42.0,40.4,42.0,40.15,2.67M,5.26%
08/08/2024,39.9,40.7,40.7,39.6,1.72M,-1.85%
08/07/2024,40.65,40.9,41.2,40.65,1.40M,-0.25%
08/06/2024,40.75,40.15,41.2,40.15,1.61M,2.00%
08/05/2024,39.95,41.0,41.3,39.0,2.53M,-4.88%
08/04/2024,42.0,42.0,42.8,41.4,1.58M,-1.87%
08/01/2024,42.8,43.25,43.55,42.6,913.28K,-0.58%
07/31/2024,43.05,43.15,43.55,42.5,1.64M,-0.12%
07/30/2024,43.1,43.75,43.85,43.0,840.02K,-1.49%
07/29/2024,43.75,44.0,44.4,43.5,1.52M,-0.34%
07/28/2024,43.9,42.65,44.0,42.65,1.16M,2.93%
07/25/2024,42.65,43.3,43.5,42.4,1.55M,-1.84%
07/24/2024,43.45,43.3,43.75,43.2,1.33M,0.46%
07/23/2024,43.25,43.85,43.9,43.25,1.07M,-1.48%
07/22/2024,43.9,44.35,44.6,43.4,1.65M,-1.01%
07/21/2024,44.35,44.85,44.85,44.35,764.80K,-1.33%
07/18/2024,44.95,44.9,44.95,44.45,1.34M,0.11%
07/17/2024,44.9,45.0,45.15,44.5,2.55M,0.11%
07/16/2024,44.85,44.25,44.95,44.25,1.89M,1.47%
07/15/2024,44.2,44.3,44.4,43.3,2.98M,-0.11%
07/14/2024,44.25,43.25,44.45,43.25,2.10M,2.43%
07/11/2024,43.2,42.8,43.4,42.8,2.59M,0.93%
07/10/2024,42.8,42.65,42.85,42.3,2.81M,0.47%
07/09/2024,42.6,41.9,42.6,41.8,2.42M,1.67%
07/08/2024,41.9,41.9,42.05,41.15,2.38M,0.00%
07/07/2024,41.9,42.55,42.7,41.8,1.32M,-0.71%
07/04/2024,42.2,41.75,42.5,41.75,1.48M,0.96%
07/03/2024,41.8,41.9,41.9,41.4,1.83M,0.36%
07/02/2024,41.65,42.15,42.4,41.6,1.92M,-1.88%
07/01/2024,42.45,42.5,43.0,42.2,2.02M,-0.12%
06/30/2024,42.5,43.0,43.05,42.5,1.47M,-1.28%
06/27/2024,43.05,43.9,44.05,42.8,2.69M,-1.49%
06/26/2024,43.7,44.25,44.3,43.7,1.65M,-1.47%
06/25/2024,44.35,45.0,45.15,44.2,1.59M,-1.44%
06/24/2024,45.0,44.9,45.55,44.3,2.91M,0.00%
06/23/2024,45.0,44.55,45.7,44.55,819.98K,1.35%
06/13/2024,44.4,45.1,45.25,44.4,5.58M,-1.44%
06/12/2024,45.05,45.7,45.9,44.8,1.81M,-1.42%
06/11/2024,45.7,45.3,45.85,45.1,2.27M,0.88%
06/10/2024,45.3,44.7,45.6,44.5,1.67M,1.57%
06/09/2024,44.6,43.9,45.0,43.75,1.99M,1.59%
06/06/2024,43.9,43.85,44.35,43.35,1.83M,0.00%
06/05/2024,43.9,44.55,44.8,43.3,2.39M,-1.35%
06/04/2024,44.5,46.3,46.4,44.45,3.55M,-4.09%
06/03/2024,46.4,45.2,47.4,44.9,3.52M,3.11%
06/02/2024,45.0,46.2,46.9,45.0,1.27M,-2.60%
05/30/2024,46.2,46.75,47.15,46.2,4.27M,-1.18%
05/29/2024,46.75,46.5,46.95,46.1,4.38M,-0.32%
05/28/2024,46.9,47.75,48.1,46.9,1.60M,-1.57%
05/27/2024,47.65,47.65,48.3,47.1,2.86M,0.00%
05/26/2024,47.65,49.9,50.0,47.35,1.84M,-4.60%
05/23/2024,49.95,51.4,51.4,49.95,1.65M,-2.82%
05/22/2024,51.4,51.8,52.0,51.0,1.68M,-0.77%
05/21/2024,51.8,50.4,51.8,50.2,3.10M,2.37%
05/20/2024,50.6,49.7,51.0,49.6,2.52M,1.50%
05/19/2024,49.85,50.3,50.4,49.65,723.27K,-0.10%
05/16/2024,49.9,49.4,50.1,49.2,2.17M,1.32%
05/15/2024,49.25,49.4,50.0,49.1,1.28M,-0.51%
05/14/2024,49.5,50.5,51.0,49.2,2.60M,-1.98%
05/13/2024,50.5,50.9,50.9,50.1,1.08M,-1.17%
05/12/2024,51.1,50.5,51.7,50.1,1.16M,0.99%
05/09/2024,50.6,51.9,52.0,50.6,2.31M,-2.69%
05/08/2024,52.0,49.6,52.0,49.6,3.29M,4.84%
05/07/2024,49.6,49.8,49.85,49.35,1.18M,-0.40%
05/06/2024,49.8,49.75,50.3,49.35,1.75M,0.10%
05/05/2024,49.75,49.75,50.2,49.05,1.86M,0.00%
05/02/2024,49.75,50.3,50.4,49.6,1.92M,-1.09%
05/01/2024,50.3,50.2,51.1,49.95,2.50M,-0.59%
04/30/2024,50.6,51.7,51.8,49.95,3.76M,-2.13%
04/29/2024,51.7,51.2,51.9,51.2,1.64M,1.17%
04/28/2024,51.1,52.0,53.0,50.9,1.05M,-1.35%
04/25/2024,51.8,51.6,52.2,51.3,1.20M,0.58%
04/24/2024,51.5,52.3,52.6,51.1,1.87M,-1.53%
04/23/2024,52.3,53.5,54.7,52.3,2.04M,-2.24%
04/22/2024,53.5,54.0,54.0,53.2,2.00M,-0.93%
04/21/2024,54.0,55.3,55.7,53.5,1.75M,-1.82%
04/18/2024,55.0,53.8,56.4,53.7,5.28M,3.00%
04/17/2024,53.4,53.5,54.0,52.7,3.20M,0.56%
04/16/2024,53.1,52.6,53.1,51.8,1.94M,0.95%
04/15/2024,52.6,52.2,53.7,52.1,2.26M,0.77%
04/14/2024,52.2,51.5,52.4,51.0,1.21M,-0.57%
04/04/2024,52.5,52.0,53.0,51.6,2.04M,1.55%
04/03/2024,51.7,50.1,51.9,50.0,1.53M,3.40%
04/02/2024,50.0,49.2,50.2,48.9,1.49M,1.11%
04/01/2024,49.45,49.0,50.3,48.9,1.11M,0.92%
03/31/2024,49.0,50.5,50.5,48.55,1.04M,-2.97%
03/28/2024,50.5,51.6,51.6,50.0,1.06M,-1.94%
03/27/2024,51.5,50.0,51.5,49.95,924.32K,3.00%
03/26/2024,50.0,50.4,50.9,49.7,1.39M,-1.19%
03/25/2024,50.6,51.9,51.9,50.4,963.02K,-2.69%
03/24/2024,52.0,52.9,53.0,51.2,664.56K,-0.38%
03/21/2024,52.2,51.5,52.5,51.4,1.17M,1.56%
03/20/2024,51.4,53.3,53.9,50.5,2.39M,-2.65%
03/19/2024,52.8,52.8,53.3,52.4,1.31M,-0.56%
03/18/2024,53.1,53.9,53.9,52.6,2.08M,-1.30%
03/17/2024,53.8,53.2,54.0,53.0,1.83M,1.13%
03/14/2024,53.2,51.9,53.2,51.6,5.69M,2.50%
03/13/2024,51.9,52.4,52.7,51.6,2.59M,-0.95%
03/12/2024,52.4,52.0,52.7,51.1,2.22M,0.77%
03/11/2024,52.0,50.5,52.0,49.9,3.77M,2.97%
03/10/2024,50.5,50.0,50.5,49.8,1.05M,1.00%
03/07/2024,50.0,49.95,50.3,49.35,1.33M,0.10%
03/06/2024,49.95,48.5,50.2,48.5,1.97M,2.57%
03/05/2024,48.7,48.25,48.95,47.9,1.50M,0.93%
03/04/2024,48.25,49.1,49.4,48.1,1.79M,-1.33%
03/03/2024,48.9,49.7,49.7,48.7,1.43M,-1.71%
02/29/2024,49.75,50.0,50.2,49.75,2.32M,-1.09%
02/28/2024,50.3,50.3,50.6,49.85,1.53M,0.00%
02/27/2024,50.3,49.35,50.3,49.2,2.08M,2.03%
02/26/2024,49.3,49.0,50.8,49.0,3.42M,0.10%
02/25/2024,49.25,50.1,50.3,49.15,1.56M,-2.09%
02/21/2024,50.3,50.6,50.7,50.0,1.59M,-0.98%
02/20/2024,50.8,51.0,51.2,50.2,1.60M,-0.39%
02/19/2024,51.0,50.0,51.3,49.9,3.21M,1.19%
02/18/2024,50.4,50.9,51.0,50.0,1.51M,-0.98%
02/15/2024,50.9,50.5,50.9,50.3,1.59M,-0.20%
02/14/2024,51.0,51.0,51.7,50.5,1.95M,-1.73%
02/13/2024,51.9,52.0,52.9,51.6,3.04M,-0.19%
02/12/2024,52.0,50.2,53.3,50.2,9.68M,3.79%
02/11/2024,50.1,49.0,50.8,49.0,4.07M,2.04%
02/08/2024,49.1,49.85,50.4,49.1,3.13M,-1.50%
02/07/2024,49.85,47.0,50.3,46.85,9.79M,5.28%
02/06/2024,47.35,47.45,47.55,46.05,3.18M,-0.21%
02/05/2024,47.45,46.9,47.85,46.85,2.27M,1.28%
02/04/2024,46.85,46.9,46.9,46.4,634.74K,0.21%
02/01/2024,46.75,46.35,46.9,45.65,2.44M,0.75%
01/31/2024,46.4,46.45,47.4,46.05,2.78M,-0.11%
01/30/2024,46.45,47.8,48.8,46.35,6.30M,-2.62%
01/29/2024,47.7,47.3,48.45,47.25,3.85M,1.06%
01/28/2024,47.2,47.0,47.4,46.8,1.12M,0.43%
01/25/2024,47.0,46.75,47.2,46.6,1.99M,0.53%
01/24/2024,46.75,46.6,47.55,46.5,2.16M,0.43%
01/23/2024,46.55,46.8,47.1,46.15,1.99M,-0.32%
01/22/2024,46.7,48.2,48.35,46.35,3.82M,-1.27%
01/21/2024,47.3,45.9,48.2,45.85,6.69M,5.94%
01/18/2024,44.65,44.2,44.95,43.7,3.16M,0.45%
01/17/2024,44.45,45.25,45.45,44.3,2.68M,-1.77%
01/16/2024,45.25,45.35,45.55,44.8,2.41M,-0.11%
01/15/2024,45.3,45.3,46.0,45.05,2.29M,0.00%
01/14/2024,45.3,45.8,45.85,45.0,1.84M,-1.20%
01/11/2024,45.85,47.45,47.55,45.8,2.53M,-2.34%
01/10/2024,46.95,48.0,48.7,46.95,5.46M,-0.21%
01/09/2024,47.05,46.95,47.8,46.75,2.68M,0.11%
01/08/2024,47.0,47.3,48.0,46.9,1.71M,-0.63%
01/07/2024,47.3,47.85,48.15,47.2,2.02M,-1.15%
01/04/2024,47.85,46.65,48.3,46.3,3.68M,2.24%
01/03/2024,46.8,48.1,49.05,46.7,3.98M,-3.31%
01/02/2024,48.4,49.85,49.9,48.2,4.06M,-2.81%
01/01/2024,49.8,51.4,52.0,49.45,7.21M,2.57%
12/31/2023,48.55,45.0,48.55,44.9,6.65M,9.97%
12/28/2023,44.15,43.15,44.5,43.0,2.55M,2.20%
12/27/2023,43.2,43.5,43.7,42.8,938.49K,-0.69%
12/26/2023,43.5,43.3,44.0,43.05,1.50M,0.58%
12/25/2023,43.25,42.25,43.45,42.15,1.45M,2.25%
12/24/2023,42.3,42.15,42.7,42.05,664.10K,1.20%
12/21/2023,41.8,41.6,42.2,41.25,746.09K,0.24%
12/20/2023,41.7,42.7,42.7,41.6,1.37M,-2.23%
12/19/2023,42.65,42.45,43.0,41.9,1.56M,0.35%
12/18/2023,42.5,41.5,42.5,41.2,2.15M,2.91%
12/17/2023,41.3,40.3,41.75,40.25,2.29M,2.99%
12/14/2023,40.1,39.95,40.8,39.5,4.63M,0.75%
12/13/2023,39.8,39.4,39.9,39.1,979.10K,1.02%
12/12/2023,39.4,39.1,39.4,38.75,637.74K,0.64%
12/11/2023,39.15,38.6,39.2,38.5,879.37K,1.69%
12/10/2023,38.5,38.95,39.2,38.5,543.86K,-1.28%
12/07/2023,39.0,39.5,39.55,39.0,699.74K,-1.52%
12/06/2023,39.6,39.3,39.6,39.0,492.25K,0.76%
12/05/2023,39.3,39.9,40.05,39.05,782.27K,-1.01%
12/04/2023,39.7,39.45,40.55,39.45,1.32M,0.38%
12/03/2023,39.55,39.8,39.85,39.25,313.93K,-0.75%
11/30/2023,39.85,38.8,39.85,38.7,3.12M,3.10%
11/29/2023,38.65,39.4,39.4,38.65,472.72K,-0.90%
11/28/2023,39.0,38.5,39.5,38.5,1.03M,1.30%
11/27/2023,38.5,39.2,39.5,38.5,509.37K,-1.53%
11/26/2023,39.1,39.0,39.7,39.0,280.38K,-0.38%
11/23/2023,39.25,40.15,40.15,39.25,1.10M,-2.24%
11/22/2023,40.15,39.6,40.15,39.3,701.81K,0.88%
11/21/2023,39.8,39.95,40.05,39.5,690.72K,-0.75%
11/20/2023,40.1,39.55,40.1,39.5,2.70M,0.50%
11/19/2023,39.9,40.2,40.35,39.9,372.80K,-0.75%
11/16/2023,40.2,39.8,40.2,39.7,1.35M,1.39%
11/15/2023,39.65,38.0,39.65,38.0,1.56M,4.76%
11/14/2023,37.85,37.45,38.2,37.25,966.60K,1.61%
11/13/2023,37.25,37.45,37.75,37.0,601.93K,0.00%
11/12/2023,37.25,36.9,37.35,36.9,399.24K,-0.13%
11/09/2023,37.3,37.2,37.4,36.5,600.45K,0.27%
11/08/2023,37.2,37.7,38.25,37.15,817.73K,-1.33%
11/07/2023,37.7,38.1,38.1,37.35,912.47K,-0.53%
11/06/2023,37.9,36.65,37.9,36.65,1.78M,3.41%
11/05/2023,36.65,36.5,36.9,36.3,818.72K,0.55%
11/02/2023,36.45,36.1,36.65,35.95,939.97K,1.96%
11/01/2023,35.75,36.0,37.0,35.45,1.65M,-0.69%
10/31/2023,36.0,36.0,36.4,35.4,2.27M,-2.70%
10/30/2023,37.0,36.9,37.6,36.9,798.48K,0.27%
10/29/2023,36.9,37.4,37.4,36.3,451.11K,-0.27%
10/26/2023,37.0,37.8,38.0,37.0,1.26M,-3.52%
10/25/2023,38.35,37.4,38.35,36.7,969.86K,3.09%
10/24/2023,37.2,37.35,37.8,36.2,1.24M,-0.13%
10/23/2023,37.25,38.5,38.9,37.25,1.56M,-3.99%
10/22/2023,38.8,39.4,39.4,38.8,359.57K,-1.40%
10/19/2023,39.35,39.5,39.5,38.8,638.98K,-0.38%
10/18/2023,39.5,39.35,39.8,39.05,483.58K,-0.13%
10/17/2023,39.55,39.3,40.1,38.95,828.08K,2.06%
10/16/2023,38.75,39.3,39.6,38.6,1.11M,-1.90%
10/15/2023,39.5,40.0,40.3,39.35,540.46K,-2.23%
10/12/2023,40.4,40.2,40.4,39.0,1.23M,0.50%
10/11/2023,40.2,39.4,40.25,39.15,2.10M,3.08%
10/10/2023,39.0,38.5,39.5,38.5,1.21M,2.09%
10/09/2023,38.2,37.8,38.8,37.8,719.12K,1.33%
10/08/2023,37.7,37.9,38.1,37.45,470.60K,-0.53%
10/05/2023,37.9,38.1,38.35,37.75,1.02M,-0.52%
10/04/2023,38.1,38.7,39.05,38.1,568.44K,-1.68%
10/03/2023,38.75,39.0,39.35,38.7,468.94K,-0.64%
10/02/2023,39.0,39.8,40.35,39.0,690.17K,-2.01%
10/01/2023,39.8,40.45,40.6,39.8,494.08K,-1.36%
09/28/2023,40.35,40.15,41.25,40.15,3.04M,1.51%
09/27/2023,39.75,39.7,40.1,39.5,989.03K,0.13%
09/26/2023,39.7,38.8,39.7,38.7,1.02M,2.19%
09/25/2023,38.85,38.5,40.0,38.45,1.58M,1.04%
09/21/2023,38.45,39.9,39.9,38.4,940.87K,-2.53%
09/20/2023,39.45,39.9,40.0,39.2,971.49K,-1.13%
09/19/2023,39.9,38.1,39.9,38.1,1.54M,4.86%
09/18/2023,38.05,38.25,38.6,38.0,734.16K,-0.52%
09/17/2023,38.25,38.85,38.95,38.2,416.71K,-1.42%
09/14/2023,38.8,38.8,38.95,38.2,2.12M,0.13%
09/13/2023,38.75,38.95,39.0,38.5,495.04K,-0.51%
09/12/2023,38.95,39.3,39.55,38.6,1.08M,-0.51%
09/11/2023,39.15,37.65,39.25,37.65,1.28M,3.98%
09/10/2023,37.65,38.0,38.05,37.5,883.93K,-1.18%
09/07/2023,38.1,38.65,38.75,37.85,1.40M,-2.06%
09/06/2023,38.9,39.85,40.15,38.5,1.46M,-2.38%
09/05/2023,39.85,40.0,40.0,39.6,970.11K,-0.38%
09/04/2023,40.0,40.35,40.45,40.0,864.28K,-0.62%
09/03/2023,40.25,40.5,40.6,40.15,517.28K,-0.62%
08/31/2023,40.5,40.8,40.95,40.4,2.21M,-0.98%
08/30/2023,40.9,40.3,40.9,40.2,1.13M,1.61%
08/29/2023,40.25,40.0,40.25,40.0,1.10M,0.25%
08/28/2023,40.15,40.45,40.45,40.1,687.30K,-0.62%
08/27/2023,40.4,40.5,40.5,40.2,448.09K,0.25%
08/24/2023,40.3,40.45,40.45,39.9,2.20M,0.50%
08/23/2023,40.1,40.7,41.2,40.1,1.65M,-1.47%
08/22/2023,40.7,41.4,41.5,40.7,841.28K,-1.93%
08/21/2023,41.5,41.75,41.75,41.3,1.33M,0.48%
08/20/2023,41.3,40.5,41.3,40.4,965.57K,2.35%
08/17/2023,40.35,40.5,40.8,40.35,845.36K,-0.49%
08/16/2023,40.55,40.7,41.15,40.5,1.12M,-0.49%
08/15/2023,40.75,41.0,41.05,40.4,967.89K,-0.61%
08/14/2023,41.0,41.4,41.45,40.8,1.19M,-0.97%
08/13/2023,41.4,41.0,41.8,40.25,2.23M,0.85%
08/10/2023,41.05,41.0,42.0,40.9,1.57M,-0.24%
08/09/2023,41.15,40.9,41.2,40.0,2.38M,0.86%
08/08/2023,40.8,42.1,42.4,40.2,3.67M,-2.86%
08/07/2023,42.0,43.0,43.0,42.0,1.22M,-2.55%
08/06/2023,43.1,43.0,43.15,42.6,761.11K,1.41%
08/03/2023,42.5,43.2,43.65,42.5,1.41M,-1.96%
08/02/2023,43.35,43.7,43.85,43.25,1.53M,-1.03%
08/01/2023,43.8,44.4,44.4,43.55,1.33M,-1.35%
07/31/2023,44.4,44.7,44.75,43.85,1.49M,-0.45%
07/30/2023,44.6,44.1,45.2,44.1,2.80M,1.71%
07/27/2023,43.85,44.45,44.45,43.85,1.12M,-1.24%
07/26/2023,44.4,43.2,44.4,42.9,3.22M,3.02%
07/25/2023,43.1,43.25,43.5,42.85,1.69M,0.70%
07/24/2023,42.8,43.35,43.4,42.75,1.59M,-1.27%
07/23/2023,43.35,43.3,43.5,43.1,441.39K,0.12%
07/20/2023,43.3,43.8,43.85,43.2,995.25K,-1.14%
07/19/2023,43.8,44.25,44.4,43.8,617.06K,-1.02%
07/18/2023,44.25,44.45,44.9,43.9,1.28M,-0.34%
07/17/2023,44.4,44.5,44.7,44.0,1.89M,-0.22%
07/16/2023,44.5,44.45,44.85,44.4,1.16M,0.45%
07/13/2023,44.3,44.8,45.35,44.3,2.56M,0.00%
07/12/2023,44.3,43.6,44.95,43.6,2.96M,1.61%
07/11/2023,43.6,43.65,44.15,43.6,1.11M,-0.11%
07/10/2023,43.65,43.55,44.45,43.2,1.62M,0.11%
07/09/2023,43.6,43.5,43.9,43.15,943.06K,0.23%
07/06/2023,43.5,44.5,45.25,43.4,4.50M,-2.36%
07/05/2023,44.55,42.1,45.7,42.1,6.49M,5.19%
07/04/2023,42.35,42.05,42.35,41.9,1.02M,-0.12%
07/03/2023,42.4,42.5,42.55,41.85,1.49M,-0.24%
07/02/2023,42.5,42.5,42.55,42.2,657.30K,0.71%
06/22/2023,42.2,42.3,42.55,42.0,769.11K,-0.24%
06/21/2023,42.3,41.9,42.35,41.4,1.21M,1.08%
06/20/2023,41.85,41.8,41.85,41.5,901.63K,0.12%
06/19/2023,41.8,41.7,42.25,41.4,1.26M,0.00%
06/18/2023,41.8,42.1,42.2,41.8,1.17M,-0.48%
06/15/2023,42.0,42.65,42.7,42.0,2.85M,-1.29%
06/14/2023,42.55,42.1,43.25,42.1,2.10M,0.83%
06/13/2023,42.2,42.55,42.7,42.2,1.68M,-1.17%
06/12/2023,42.7,42.75,42.8,42.25,1.49M,-1.39%
06/11/2023,43.3,44.0,44.0,43.2,1.06M,-1.25%
06/08/2023,43.85,44.2,45.2,43.2,3.42M,0.73%
06/07/2023,43.53,43.47,43.67,43.07,3.00M,0.77%
06/06/2023,43.2,42.8,43.2,42.2,1.38M,1.89%
06/05/2023,42.4,43.0,43.67,42.33,2.50M,-1.24%
06/04/2023,42.93,41.53,43.07,41.4,1.62M,5.23%
06/01/2023,40.8,41.53,41.8,40.8,1.44M,-1.45%
05/31/2023,41.4,42.33,42.4,41.4,4.71M,-2.51%
05/30/2023,42.47,42.93,43.4,42.47,1.11M,-1.09%
05/29/2023,42.93,42.73,43.4,42.67,1.12M,0.62%
05/28/2023,42.67,42.73,43.0,42.6,948.25K,0.00%
05/25/2023,42.67,42.93,43.0,42.67,1.56M,-1.54%
05/24/2023,43.33,43.73,43.87,42.67,1.83M,-1.22%
05/23/2023,43.87,44.33,44.33,43.8,1.45M,-1.05%
05/22/2023,44.33,44.0,44.6,43.73,2.75M,-2.64%
05/21/2023,45.53,45.53,45.73,45.27,699.36K,0.00%
05/18/2023,45.53,45.87,46.4,45.53,1.30M,-0.73%
05/17/2023,45.87,46.13,46.47,45.6,1.03M,-0.58%
05/16/2023,46.13,47.0,47.13,46.13,2.08M,-1.28%
05/15/2023,46.73,46.13,47.13,46.13,3.97M,1.89%
05/14/2023,45.87,45.8,45.93,45.73,761.10K,0.00%
05/11/2023,45.87,46.0,46.07,45.67,1.42M,-0.29%
05/10/2023,46.0,46.07,46.2,45.6,1.28M,-0.14%
05/09/2023,46.07,45.4,46.13,45.27,1.96M,1.47%
05/08/2023,45.4,46.2,46.2,45.4,1.16M,-1.73%
05/07/2023,46.2,45.4,46.2,45.4,996.40K,1.91%
05/04/2023,45.33,44.4,45.33,44.33,958.15K,1.49%
05/03/2023,44.67,45.0,45.0,44.33,1.40M,-1.33%
05/02/2023,45.27,46.0,46.0,45.2,1.58M,-1.59%
05/01/2023,46.0,46.53,46.53,45.47,2.03M,-0.43%
04/30/2023,46.2,46.4,46.93,46.2,1.48M,-0.14%
04/27/2023,46.27,46.13,46.27,45.87,1.14M,-0.29%
04/26/2023,46.4,46.13,46.53,45.67,1.81M,0.58%
04/25/2023,46.13,46.13,46.27,45.2,1.85M,0.14%
04/17/2023,46.07,46.47,46.53,45.6,1.99M,-0.86%
04/16/2023,46.47,45.8,47.0,45.4,4.79M,2.95%
04/13/2023,45.13,44.13,45.13,43.87,2.84M,2.42%
04/12/2023,44.07,43.4,44.13,43.33,1.39M,1.07%
04/11/2023,43.6,43.87,44.07,43.27,1.27M,-1.36%
04/10/2023,44.2,44.2,44.33,44.0,675.15K,0.00%
04/09/2023,44.2,43.87,44.47,43.87,672.21K,0.76%
04/06/2023,43.87,44.47,44.73,43.87,2.06M,-1.35%
04/05/2023,44.47,45.2,46.2,44.47,3.87M,-0.60%
04/04/2023,44.73,43.47,44.73,43.47,3.56M,3.23%
04/03/2023,43.33,42.93,43.53,42.67,2.07M,1.56%
04/02/2023,42.67,42.93,43.07,42.67,1.17M,0.00%
03/30/2023,42.67,42.93,43.27,42.6,1.94M,0.00%
03/29/2023,42.67,42.47,42.87,42.33,1.26M,0.47%
03/28/2023,42.47,42.33,42.67,42.13,1.34M,0.00%
03/27/2023,42.47,42.4,42.93,42.33,1.76M,0.16%
03/26/2023,42.4,42.13,42.6,42.0,1.18M,0.79%
03/23/2023,42.07,42.07,42.07,41.6,1.24M,0.16%
03/22/2023,42.0,41.93,42.6,41.67,2.33M,0.64%
03/21/2023,41.73,41.6,41.87,41.53,1.78M,0.32%
03/20/2023,41.6,41.27,41.73,40.87,1.84M,0.81%
03/19/2023,41.27,40.53,41.33,40.4,1.30M,2.48%
03/16/2023,40.27,40.4,41.33,40.0,4.49M,-0.17%
03/15/2023,40.33,42.07,42.4,40.2,3.93M,-3.51%
03/14/2023,41.8,42.4,42.87,41.8,2.28M,-1.42%
03/13/2023,42.4,42.6,43.47,42.33,2.12M,-0.47%
03/12/2023,42.6,43.0,43.0,42.53,1.11M,-0.62%
03/09/2023,42.87,43.07,43.2,42.67,1.67M,-0.77%
03/08/2023,43.2,43.0,43.2,42.4,1.93M,-0.15%
03/07/2023,43.27,43.07,44.0,42.93,2.55M,0.46%
03/06/2023,43.07,42.93,43.33,42.73,2.07M,0.47%
03/05/2023,42.87,42.33,42.93,42.27,1.38M,1.90%
03/02/2023,42.07,43.33,43.47,42.07,2.26M,-1.25%
03/01/2023,42.6,42.73,43.53,41.8,3.96M,0.47%
02/28/2023,42.4,41.8,42.93,41.07,7.54M,1.76%
02/27/2023,41.67,43.33,43.73,41.67,2.05M,-3.85%
02/26/2023,43.33,43.53,43.8,43.27,522.72K,-0.46%
02/23/2023,43.53,43.67,44.33,43.27,1.33M,-1.06%
02/21/2023,44.0,44.2,44.8,43.53,1.23M,-0.45%
02/20/2023,44.2,45.73,46.13,44.2,1.52M,-3.35%
02/19/2023,45.73,45.4,45.8,45.0,876.30K,0.88%
02/16/2023,45.33,46.6,46.6,45.33,1.33M,-2.44%
02/15/2023,46.47,46.13,47.0,46.13,1.18M,0.00%
02/14/2023,46.47,46.67,46.73,46.0,1.37M,-0.43%
02/13/2023,46.67,47.53,48.33,46.67,3.83M,-0.43%
02/12/2023,46.87,46.2,47.0,46.0,649.04K,1.15%
02/09/2023,46.33,47.0,47.13,46.13,1.07M,-1.42%
02/08/2023,47.0,46.87,47.6,46.8,1.07M,-0.70%
02/07/2023,47.33,48.07,48.33,47.07,1.07M,-1.39%
02/06/2023,48.0,47.4,48.53,46.67,1.74M,0.28%
02/05/2023,47.87,48.6,48.6,47.87,900.74K,-2.31%
02/02/2023,49.0,49.27,49.27,48.33,1.06M,-0.54%
02/01/2023,49.27,49.07,49.27,48.67,1.17M,0.27%
01/31/2023,49.13,49.33,49.47,49.0,1.50M,-0.54%
01/30/2023,49.4,49.47,49.47,48.93,1.54M,0.00%
01/29/2023,49.4,49.93,49.93,49.13,756.12K,-0.67%
01/26/2023,49.73,49.07,49.8,48.87,1.63M,1.36%
01/25/2023,49.07,49.47,49.53,48.93,1.17M,-0.81%
01/24/2023,49.47,50.0,50.13,49.2,1.89M,-1.07%
01/23/2023,50.0,50.27,50.4,49.8,983.36K,-0.27%
01/22/2023,50.13,50.47,50.47,49.73,1.04M,0.53%
01/19/2023,49.87,50.0,50.13,49.33,1.83M,-1.06%
01/18/2023,50.4,49.67,50.67,49.67,2.26M,1.61%
01/17/2023,49.6,48.87,49.6,47.67,2.51M,1.50%
01/16/2023,48.87,50.0,50.0,48.8,2.03M,-2.40%
01/15/2023,50.07,50.67,50.8,49.87,1.26M,-1.18%
01/12/2023,50.67,50.73,50.93,50.0,2.07M,0.26%
01/11/2023,50.53,50.13,51.13,49.67,5.98M,3.41%
01/10/2023,48.87,49.4,49.6,48.33,2.64M,-0.95%
01/09/2023,49.33,47.33,49.53,47.27,3.47M,4.52%
01/08/2023,47.2,46.2,47.2,46.2,1.99M,2.16%
01/05/2023,46.2,45.87,46.33,45.73,1.88M,0.73%
01/04/2023,45.87,45.4,46.53,45.4,2.86M,1.03%
01/03/2023,45.4,44.93,45.6,44.8,1.42M,1.34%
01/02/2023,44.8,44.4,44.93,44.13,1.71M,0.90%
01/01/2023,44.4,43.53,44.6,43.2,1.37M,2.94%
12/29/2022,43.13,42.47,43.67,42.33,2.56M,1.57%
12/28/2022,42.47,41.47,42.47,41.4,1.58M,2.08%
12/27/2022,41.6,41.13,42.13,41.0,1.42M,1.13%
12/26/2022,41.13,42.0,42.33,41.13,1.46M,-2.06%
12/25/2022,42.0,42.2,42.6,41.87,1.07M,-0.47%
12/22/2022,42.2,42.73,42.93,42.0,1.70M,-1.25%
12/21/2022,42.73,42.8,43.33,42.33,2.16M,-0.16%
12/20/2022,42.8,41.73,43.27,40.93,4.91M,1.58%
12/19/2022,42.13,43.53,43.67,41.67,3.37M,-3.22%
12/18/2022,43.53,43.33,44.07,42.67,2.12M,0.31%
12/15/2022,43.4,44.07,44.87,43.33,6.59M,-2.40%
12/14/2022,44.47,44.8,45.4,43.53,4.43M,-0.45%
12/13/2022,44.67,46.13,46.8,44.67,6.01M,-2.76%
12/12/2022,45.93,45.67,46.27,44.53,3.98M,0.58%
12/11/2022,45.67,46.0,46.8,45.4,4.14M,-0.15%
12/08/2022,45.73,44.47,45.93,44.13,2.96M,3.47%
12/07/2022,44.2,46.47,46.93,44.2,3.13M,-4.33%
12/06/2022,46.2,44.67,46.2,44.0,2.93M,2.97%
12/05/2022,44.87,45.33,46.4,44.4,4.16M,-0.74%
12/04/2022,45.2,46.73,46.93,45.07,1.93M,-2.87%
12/01/2022,46.53,45.8,47.67,45.67,3.50M,1.75%
11/30/2022,45.73,43.33,45.73,43.0,4.85M,5.70%
11/29/2022,43.27,42.47,43.93,42.33,2.24M,2.53%
11/28/2022,42.2,41.73,43.33,40.87,4.71M,-0.31%
11/27/2022,42.33,43.2,43.2,41.87,1.95M,-2.16%
11/24/2022,43.27,43.73,43.93,43.0,2.68M,-1.07%
11/22/2022,43.73,43.87,44.27,42.93,4.18M,-0.15%
11/21/2022,43.8,44.6,44.87,43.6,2.78M,-1.79%
11/20/2022,44.6,45.93,46.0,44.47,1.94M,-2.62%
11/17/2022,45.8,46.0,46.67,45.47,3.04M,-0.43%
11/16/2022,46.0,44.13,46.0,43.53,6.34M,4.07%
11/15/2022,44.2,46.0,46.13,44.0,3.97M,-3.77%
11/14/2022,45.93,46.8,46.93,45.53,3.99M,-1.85%
11/13/2022,46.8,48.73,48.87,46.4,4.65M,-1.68%
11/10/2022,47.6,48.33,48.6,47.2,3.14M,-2.19%
11/09/2022,48.67,49.0,49.07,48.27,2.35M,-0.27%
11/08/2022,48.8,49.33,49.8,48.4,3.32M,-1.21%
11/07/2022,49.4,49.07,49.47,46.67,5.61M,0.82%
11/06/2022,49.0,49.07,50.2,48.73,4.68M,1.52%
11/03/2022,48.27,48.6,49.33,47.73,8.22M,-2.16%
11/02/2022,49.33,48.67,50.2,45.27,26.12M,-1.86%
11/01/2022,50.27,54.67,54.93,50.27,12.47M,-9.92%
10/31/2022,55.8,56.93,57.0,54.93,3.56M,-1.99%
10/30/2022,56.93,56.0,57.2,55.93,3.94M,3.26%
10/27/2022,55.13,54.53,55.27,54.07,4.41M,1.72%
10/26/2022,54.2,55.2,56.2,52.67,7.36M,-0.73%
10/25/2022,54.6,54.93,57.73,53.93,9.14M,-0.12%
10/24/2022,54.67,52.8,54.93,52.67,7.03M,3.14%
10/23/2022,53.0,52.0,53.27,52.0,3.69M,2.45%
10/20/2022,51.73,50.47,51.87,50.33,3.73M,2.37%
10/19/2022,50.53,52.0,52.07,50.47,3.94M,-2.57%
10/18/2022,51.87,50.0,52.13,50.0,6.31M,4.43%
10/17/2022,49.67,48.73,49.87,48.4,3.93M,2.34%
10/16/2022,48.53,48.33,48.93,48.13,1.53M,0.28%
10/13/2022,48.4,48.47,49.2,48.13,3.67M,-0.27%
10/12/2022,48.53,47.8,49.0,47.73,3.56M,1.82%
10/11/2022,47.67,47.87,48.13,47.53,1.71M,-0.69%
10/10/2022,48.0,46.53,48.07,46.53,2.55M,3.15%
10/09/2022,46.53,48.13,48.6,46.47,2.25M,-3.32%
10/06/2022,48.13,48.6,48.87,48.13,2.47M,-0.55%
10/05/2022,48.4,48.33,49.0,47.33,5.30M,1.11%
10/04/2022,47.87,47.47,48.2,47.27,3.56M,1.84%
10/03/2022,47.0,46.07,47.33,46.07,2.75M,2.03%
10/02/2022,46.07,46.67,46.93,46.0,2.89M,-0.72%
09/29/2022,46.4,45.67,47.13,45.6,6.36M,3.42%
09/28/2022,44.87,43.27,46.13,43.0,8.78M,5.16%
09/27/2022,42.67,42.0,43.6,41.93,6.24M,2.56%
09/26/2022,41.6,42.13,43.07,41.6,7.32M,-2.04%
09/25/2022,42.47,40.93,42.67,40.93,3.80M,-0.93%
09/21/2022,42.87,42.4,43.0,41.87,3.73M,1.58%
09/20/2022,42.2,43.8,44.4,42.2,4.82M,-2.01%
09/19/2022,43.07,41.53,43.47,41.53,6.17M,3.03%
09/18/2022,41.8,43.33,43.53,39.4,10.48M,-4.27%
09/15/2022,43.67,45.13,45.67,43.2,7.50M,-2.24%
09/14/2022,44.67,45.13,45.8,44.53,4.51M,-3.04%
09/13/2022,46.07,47.53,47.53,45.4,9.56M,-3.76%
09/12/2022,47.87,46.93,47.87,46.13,4.14M,2.13%
09/11/2022,46.87,47.07,47.8,46.73,5.15M,1.59%
09/08/2022,46.13,47.13,47.33,44.4,12.57M,-2.12%
09/07/2022,47.13,48.4,48.67,46.93,7.72M,-2.62%
09/06/2022,48.4,49.73,50.0,48.4,5.09M,-2.81%
09/05/2022,49.8,50.0,51.27,49.8,6.64M,0.00%
09/04/2022,49.8,48.67,50.53,48.67,5.42M,1.63%
09/01/2022,49.0,49.87,50.13,48.07,6.36M,-1.34%
08/31/2022,49.67,50.33,51.33,49.53,7.89M,-1.59%
08/30/2022,50.47,52.2,52.4,50.4,4.45M,-2.95%
08/29/2022,52.0,52.6,53.53,51.53,8.81M,0.00%
08/28/2022,52.0,48.67,52.8,48.47,11.56M,5.83%
08/25/2022,49.13,48.0,49.53,47.87,7.79M,3.95%
08/24/2022,47.27,47.07,47.87,46.47,4.11M,1.00%
08/23/2022,46.8,47.87,48.53,46.8,2.78M,-2.50%
08/22/2022,48.0,47.13,48.6,46.8,4.82M,1.55%
08/21/2022,47.27,48.47,48.87,47.13,3.04M,-2.48%
08/18/2022,48.47,47.93,49.67,47.53,6.72M,1.11%
08/17/2022,47.93,49.33,50.07,47.8,6.73M,-2.57%
08/16/2022,49.2,49.93,53.27,48.93,16.63M,-1.47%
08/15/2022,49.93,46.27,50.8,45.67,10.61M,7.93%
08/14/2022,46.27,47.33,47.47,45.13,5.15M,-1.70%
08/11/2022,47.07,43.33,47.07,43.0,14.55M,9.97%
08/10/2022,42.8,42.33,43.0,41.93,3.66M,1.10%
08/09/2022,42.33,41.2,42.53,40.87,6.78M,3.59%
08/08/2022,40.87,40.67,41.27,40.13,4.07M,1.66%
08/07/2022,40.2,40.0,40.67,39.33,4.14M,1.01%
08/04/2022,39.8,39.8,40.2,39.2,3.08M,0.00%
08/03/2022,39.8,40.0,40.67,39.13,4.69M,-0.50%
08/02/2022,40.0,38.07,40.0,37.73,7.67M,5.45%
08/01/2022,37.93,37.6,38.07,37.47,2.88M,1.25%
07/31/2022,37.47,37.93,38.07,37.47,2.58M,0.00%
07/28/2022,37.47,38.33,38.4,37.47,3.21M,-0.53%
07/27/2022,37.67,37.13,38.8,37.0,5.71M,1.44%
07/26/2022,37.13,36.93,37.33,36.73,1.24M,0.54%
07/25/2022,36.93,37.33,37.67,36.53,3.38M,-1.25%
07/24/2022,37.4,37.6,38.2,37.33,2.50M,-0.53%
07/21/2022,37.6,36.93,37.67,36.6,4.71M,2.36%
07/20/2022,36.73,37.33,38.4,35.33,6.95M,-0.72%
07/19/2022,37.0,34.0,37.13,33.8,12.15M,9.47%
07/18/2022,33.8,30.93,33.8,30.9,6.06M,9.98%
07/17/2022,30.73,30.7,31.13,30.67,2.50M,1.21%
07/14/2022,30.37,31.0,31.2,30.07,2.03M,-2.04%
07/13/2022,31.0,32.4,32.67,31.0,4.24M,-4.52%
07/06/2022,32.47,32.33,32.8,32.2,3.69M,-2.01%
07/05/2022,33.13,33.27,33.93,32.17,2.60M,0.40%
07/04/2022,33.0,33.13,33.3,32.43,1.98M,-0.70%
07/03/2022,33.23,33.47,33.67,33.1,2.61M,0.00%
06/30/2022,33.23,34.27,35.0,33.23,7.68M,-3.02%
06/29/2022,34.27,34.13,34.93,33.73,4.50M,-0.58%
06/28/2022,34.47,33.53,34.47,32.8,4.20M,2.38%
06/27/2022,33.67,34.27,34.53,33.4,3.44M,-1.75%
06/26/2022,34.27,34.2,34.8,33.87,2.98M,2.80%
06/23/2022,33.33,34.0,34.4,32.93,5.11M,-1.96%
06/22/2022,34.0,36.67,36.67,33.87,4.61M,-7.27%
06/21/2022,36.67,36.13,37.73,35.93,2.79M,3.19%
06/20/2022,35.53,34.8,36.53,34.07,2.89M,1.91%
06/19/2022,34.87,36.0,36.27,34.0,4.04M,-5.25%
06/16/2022,36.8,38.47,38.87,36.73,8.62M,-4.17%
06/15/2022,38.4,38.67,39.2,37.73,3.22M,-0.69%
06/14/2022,38.67,36.67,39.2,36.0,5.71M,3.57%
06/13/2022,37.33,38.73,38.73,36.07,8.37M,-3.95%
06/12/2022,38.87,39.73,39.73,38.47,3.07M,-4.43%
06/09/2022,40.67,40.73,41.27,40.13,2.53M,-0.16%
06/08/2022,40.73,41.33,41.67,40.73,2.22M,-0.33%
06/07/2022,40.87,42.13,42.53,40.87,3.48M,-2.85%
06/06/2022,42.07,41.13,42.67,41.0,6.47M,2.60%
06/05/2022,41.0,39.07,41.6,38.8,7.86M,4.24%
06/02/2022,39.33,39.4,40.07,39.0,7.60M,-4.68%
06/01/2022,41.27,42.67,42.8,41.27,7.56M,-4.92%
05/31/2022,43.4,41.93,43.73,41.07,15.59M,8.32%
05/30/2022,40.07,41.13,41.2,40.07,6.04M,-1.48%
05/29/2022,40.67,41.33,41.67,40.53,4.17M,-0.81%
05/26/2022,41.0,41.33,42.0,40.67,6.91M,-0.49%
05/25/2022,41.2,39.33,41.2,39.2,6.96M,5.28%
05/24/2022,39.13,37.67,39.6,37.27,8.23M,3.89%
05/23/2022,37.67,37.73,37.87,37.0,5.31M,0.36%
05/22/2022,37.53,37.87,38.27,37.07,5.42M,0.54%
05/19/2022,37.33,37.4,37.87,36.87,10.34M,-4.27%
05/18/2022,39.0,40.13,40.33,38.53,5.15M,-1.68%
05/17/2022,39.67,40.87,41.13,39.2,7.38M,-1.65%
05/16/2022,40.33,41.67,42.27,40.13,4.76M,-2.26%
05/15/2022,41.27,40.0,42.13,38.93,4.79M,4.74%
05/12/2022,39.4,41.47,41.47,39.4,6.86M,-4.68%
05/11/2022,41.33,41.67,42.33,41.33,5.33M,-0.16%
05/10/2022,41.4,43.53,43.6,40.87,14.71M,-6.05%
05/09/2022,44.07,44.93,45.2,44.07,5.47M,-2.07%
05/08/2022,45.0,46.93,46.93,44.93,4.39M,-2.17%
04/28/2022,46.0,46.67,47.0,45.87,5.51M,0.00%
04/27/2022,46.0,45.67,46.33,44.8,2.20M,2.22%
04/26/2022,45.0,45.67,46.4,44.47,3.96M,2.27%
04/25/2022,44.0,43.67,44.0,42.33,3.93M,0.00%
04/24/2022,44.0,45.33,45.67,43.6,3.37M,-3.66%
04/21/2022,45.67,47.33,48.0,45.67,3.30M,-3.51%
04/20/2022,47.33,45.4,47.33,45.13,3.39M,4.26%
04/19/2022,45.4,46.33,47.67,45.4,4.78M,-2.01%
04/18/2022,46.33,46.13,46.6,45.87,1.56M,0.28%
04/17/2022,46.2,46.73,46.73,44.93,4.38M,-1.56%
04/14/2022,46.93,46.8,47.67,46.0,3.87M,0.56%
04/13/2022,46.67,48.87,49.07,46.07,6.10M,-5.39%
04/12/2022,49.33,49.33,49.33,48.8,2.63M,-0.40%
04/11/2022,49.53,49.2,49.67,48.33,3.61M,0.67%
04/10/2022,49.2,49.67,50.0,48.27,4.26M,0.26%
04/07/2022,49.07,47.67,49.07,46.67,4.96M,2.81%
04/06/2022,47.73,49.07,50.2,45.4,7.44M,-2.73%
04/05/2022,49.07,46.67,50.27,46.6,10.55M,5.14%
04/04/2022,46.67,44.67,46.67,44.33,7.66M,3.87%
04/03/2022,44.93,44.67,45.0,43.8,2.40M,0.58%
03/31/2022,44.67,44.6,45.0,43.73,4.68M,0.16%
03/30/2022,44.6,45.4,45.4,44.0,5.10M,-1.48%
03/29/2022,45.27,44.47,46.0,44.07,7.29M,1.80%
03/28/2022,44.47,44.27,44.6,43.93,2.76M,-0.29%
03/27/2022,44.6,44.6,44.87,43.67,4.18M,0.00%
03/24/2022,44.6,44.87,45.0,44.27,3.77M,0.00%
03/23/2022,44.6,44.07,44.6,43.0,7.98M,1.83%
03/22/2022,43.8,42.47,44.0,42.33,5.05M,3.47%
03/21/2022,42.33,43.13,44.33,42.2,8.23M,-2.01%
03/20/2022,43.2,41.6,43.33,41.33,5.84M,4.85%
03/17/2022,41.2,40.67,41.67,39.73,8.82M,1.30%
03/16/2022,40.67,37.4,40.67,36.73,9.60M,9.92%
03/15/2022,37.0,39.4,39.6,36.87,8.33M,-6.87%
03/14/2022,39.73,41.0,41.07,39.53,3.33M,-2.79%
03/13/2022,40.87,40.67,42.13,40.13,4.66M,0.67%
03/10/2022,40.6,41.13,41.2,39.27,9.08M,-1.77%
03/09/2022,41.33,42.6,43.2,39.73,6.98M,-3.14%
03/08/2022,42.67,43.33,43.93,42.07,7.24M,-1.52%
03/07/2022,43.33,41.47,43.33,41.0,9.71M,6.38%
03/06/2022,40.73,40.0,41.73,40.0,8.41M,2.85%
03/03/2022,39.6,37.6,40.4,37.53,13.69M,6.65%
03/02/2022,37.13,35.93,37.33,35.87,6.67M,3.34%
03/01/2022,35.93,35.53,36.47,35.2,6.36M,0.93%
02/28/2022,35.6,35.0,35.67,34.47,8.37M,2.30%
02/27/2022,34.8,35.33,36.0,34.47,11.12M,4.72%
02/24/2022,33.23,31.83,33.67,31.27,5.39M,1.93%
02/23/2022,32.6,32.8,33.33,32.6,2.74M,-0.31%
02/21/2022,32.7,32.07,33.33,32.07,3.24M,2.28%
02/20/2022,31.97,33.03,34.07,31.9,5.87M,-3.12%
02/17/2022,33.0,31.93,33.03,31.93,5.72M,3.45%
02/16/2022,31.9,31.17,31.9,31.0,3.62M,2.47%
02/15/2022,31.13,31.1,31.2,30.87,1.37M,-0.13%
02/14/2022,31.17,30.73,31.2,30.6,2.37M,1.10%
02/13/2022,30.83,31.33,31.33,30.2,2.22M,-1.60%
02/10/2022,31.33,31.33,31.4,31.17,1.22M,0.00%
02/09/2022,31.33,31.0,31.33,30.87,1.32M,1.16%
02/08/2022,30.97,31.2,31.4,30.83,1.52M,-0.83%
02/07/2022,31.23,31.03,31.4,31.0,1.99M,0.64%
02/06/2022,31.03,30.67,31.07,30.63,1.53M,1.17%
02/03/2022,30.67,30.73,30.87,30.47,1.53M,-0.65%
02/02/2022,30.87,30.6,30.9,30.53,1.53M,0.55%
02/01/2022,30.7,30.63,31.03,30.03,2.06M,0.23%
01/31/2022,30.63,30.6,31.13,30.57,2.96M,-0.13%
01/30/2022,30.67,30.97,31.2,30.67,2.64M,-0.65%
01/27/2022,30.87,30.53,30.9,30.43,2.42M,0.65%
01/26/2022,30.67,30.43,30.8,30.23,2.77M,1.12%
01/25/2022,30.33,30.13,30.37,29.77,3.37M,0.10%
01/24/2022,30.3,30.37,30.77,29.9,3.39M,-0.23%
01/23/2022,30.37,31.73,31.73,30.07,4.79M,-2.75%
01/20/2022,31.23,31.13,31.93,31.03,6.81M,1.63%
01/19/2022,30.73,29.53,30.77,29.53,4.58M,4.06%
01/18/2022,29.53,30.33,30.8,29.43,4.25M,-2.64%
01/17/2022,30.33,31.0,31.0,30.17,3.71M,-1.62%
01/16/2022,30.83,29.97,31.17,29.97,4.68M,3.35%
01/13/2022,29.83,29.53,29.83,29.47,4.66M,1.46%
01/12/2022,29.4,28.67,29.4,28.57,4.19M,2.69%
01/11/2022,28.63,28.3,28.63,28.07,2.61M,1.17%
01/10/2022,28.3,27.4,28.37,27.4,5.66M,3.55%
01/09/2022,27.33,26.83,27.73,26.83,3.98M,2.36%
01/06/2022,26.7,26.37,26.97,26.0,3.59M,1.25%
01/05/2022,26.37,26.2,26.37,26.07,1.52M,0.15%
01/04/2022,26.33,26.13,26.4,26.07,1.41M,0.77%
01/03/2022,26.13,26.27,26.27,25.83,897.76K,-0.53%
01/02/2022,26.27,26.13,26.5,26.1,856.06K,0.38%
12/30/2021,26.17,25.83,26.6,25.83,2.08M,1.04%
12/29/2021,25.9,26.27,26.43,25.67,2.40M,-1.41%
12/28/2021,26.27,25.8,26.3,25.6,3.09M,2.34%
12/27/2021,25.67,25.37,25.67,25.17,768.98K,0.55%
12/26/2021,25.53,25.07,25.7,25.07,943.29K,0.91%
12/23/2021,25.3,25.37,25.67,25.07,1.45M,-0.12%
12/22/2021,25.33,25.83,25.87,24.87,1.21M,-1.55%
12/21/2021,25.73,25.37,25.87,25.07,1.46M,1.70%
12/20/2021,25.3,24.97,25.3,24.63,1.53M,0.12%
12/19/2021,25.27,25.83,25.9,25.27,3.02M,-1.17%
12/16/2021,25.57,25.43,26.77,25.43,7.92M,0.95%
12/15/2021,25.33,24.53,25.33,24.5,2.11M,3.26%
12/14/2021,24.53,24.47,24.77,24.3,1.27M,0.25%
12/13/2021,24.47,24.23,25.13,24.2,2.92M,1.54%
12/12/2021,24.1,23.67,24.1,23.5,957.43K,2.55%
12/09/2021,23.5,24.0,24.2,23.47,1.59M,-2.08%
12/08/2021,24.0,24.03,24.43,23.8,1.93M,-0.12%
12/07/2021,24.03,24.3,24.53,24.0,2.17M,-0.29%
12/06/2021,24.1,25.0,25.17,24.1,3.02M,-3.10%
12/05/2021,24.87,24.67,25.0,24.67,1.23M,1.51%
12/02/2021,24.5,23.7,24.9,23.7,2.23M,2.38%
12/01/2021,23.93,23.67,24.27,23.43,2.22M,0.42%
11/30/2021,23.83,23.67,23.83,22.8,8.67M,0.42%
11/29/2021,23.73,23.87,25.0,23.63,3.91M,0.00%
11/28/2021,23.73,22.97,24.0,22.83,4.59M,-5.08%
11/25/2021,25.0,25.93,26.07,25.0,2.70M,-3.59%
11/24/2021,25.93,26.0,26.27,25.5,2.50M,0.50%
11/23/2021,25.8,24.67,25.87,24.33,3.92M,4.45%
11/22/2021,24.7,25.47,25.47,24.3,3.07M,-3.25%
11/21/2021,25.53,25.77,25.93,25.07,2.75M,-2.67%
11/18/2021,26.23,26.4,26.47,26.0,1.42M,-0.64%
11/17/2021,26.4,26.6,26.7,26.07,1.93M,-0.75%
11/16/2021,26.6,26.5,26.6,25.9,2.72M,0.38%
11/15/2021,26.5,26.13,26.53,25.97,2.07M,1.42%
11/14/2021,26.13,25.87,26.47,25.67,2.04M,1.67%
11/11/2021,25.7,26.0,26.13,25.67,1.50M,-1.80%
11/10/2021,26.17,26.33,26.5,25.87,2.22M,-0.61%
11/09/2021,26.33,25.5,26.4,25.43,3.44M,3.25%
11/08/2021,25.5,25.8,25.83,25.27,4.22M,-1.16%
11/07/2021,25.8,26.47,26.5,25.67,2.92M,-2.01%
11/04/2021,26.33,26.53,26.63,25.73,3.17M,-1.13%
11/03/2021,26.63,27.33,27.33,26.3,2.49M,-2.10%
11/02/2021,27.2,26.9,27.4,26.57,2.88M,1.23%
11/01/2021,26.87,26.23,26.87,25.67,3.81M,2.44%
10/31/2021,26.23,27.2,27.2,26.13,3.85M,-3.57%
10/28/2021,27.2,28.0,28.1,27.07,4.93M,-3.65%
10/27/2021,28.23,28.17,28.43,27.87,2.23M,0.46%
10/26/2021,28.1,27.93,28.7,27.93,2.67M,0.83%
10/25/2021,27.87,29.17,29.2,27.87,5.56M,-3.80%
10/24/2021,28.97,29.6,29.67,28.83,1.62M,-2.03%
10/21/2021,29.57,29.33,29.67,29.27,1.61M,0.14%
10/20/2021,29.53,29.47,29.6,29.23,2.28M,-0.14%
10/19/2021,29.57,29.6,29.67,29.2,1.50M,0.14%
10/18/2021,29.53,29.0,29.53,29.0,1.25M,-0.14%
10/17/2021,29.57,29.6,29.83,29.5,1.70M,-0.10%
10/14/2021,29.6,29.33,29.63,28.9,2.82M,1.27%
10/13/2021,29.23,28.17,29.23,28.0,3.60M,3.65%
10/12/2021,28.2,27.77,28.2,27.27,4.06M,2.06%
10/11/2021,27.63,27.63,27.67,26.47,1.94M,0.00%
10/10/2021,27.63,27.67,27.83,27.47,2.42M,0.58%
10/07/2021,27.47,27.43,27.53,27.1,1.68M,0.26%
10/06/2021,27.4,27.53,28.07,27.3,3.42M,-0.62%
10/05/2021,27.57,27.37,27.57,26.9,3.40M,0.73%
10/04/2021,27.37,28.43,28.53,27.17,4.12M,-3.96%
10/03/2021,28.5,27.97,28.6,27.93,2.75M,2.04%
09/30/2021,27.93,27.5,27.93,27.3,3.76M,1.56%
09/29/2021,27.5,26.83,27.5,26.17,3.49M,3.27%
09/28/2021,26.63,26.6,27.4,26.57,5.52M,-0.15%
09/27/2021,26.67,26.37,26.8,26.17,3.72M,1.14%
09/26/2021,26.37,26.23,26.57,26.17,1.17M,1.42%
09/22/2021,26.0,26.57,26.67,26.0,1.35M,-1.63%
09/21/2021,26.43,26.23,26.77,26.03,1.77M,-0.38%
09/20/2021,26.53,26.53,26.57,26.03,1.56M,0.00%
09/19/2021,26.53,26.33,26.9,26.3,2.35M,0.76%
09/16/2021,26.33,25.87,26.33,25.77,2.49M,1.27%
09/15/2021,26.0,26.03,26.27,25.7,3.04M,-0.12%
09/14/2021,26.03,26.0,26.6,26.0,3.31M,-0.27%
09/13/2021,26.1,26.33,26.33,25.9,2.07M,-0.76%
09/12/2021,26.3,26.0,26.57,25.93,2.77M,1.43%
09/09/2021,25.93,26.0,26.6,25.9,3.66M,-0.27%
09/08/2021,26.0,25.23,26.93,25.07,7.91M,2.89%
09/07/2021,25.27,24.47,25.27,24.47,3.95M,3.27%
09/06/2021,24.47,24.47,24.53,24.2,2.86M,0.16%
09/05/2021,24.43,24.37,24.6,24.2,2.28M,0.25%
09/02/2021,24.37,24.1,24.37,23.97,2.09M,0.99%
09/01/2021,24.13,24.37,24.37,23.97,1.82M,-0.58%
08/31/2021,24.27,23.7,24.27,23.67,5.00M,2.53%
08/30/2021,23.67,23.27,23.8,23.27,2.59M,1.46%
08/29/2021,23.33,23.07,23.4,23.07,828.76K,1.74%
08/26/2021,22.93,23.5,23.5,22.9,1.37M,-1.71%
08/25/2021,23.33,23.3,24.1,23.2,3.42M,0.43%
08/24/2021,23.23,22.67,23.27,22.57,4.08M,4.03%
08/23/2021,22.33,22.97,23.57,22.33,2.00M,-2.79%
08/22/2021,22.97,23.37,23.53,22.9,1.63M,-1.29%
08/19/2021,23.27,23.83,24.0,23.27,2.97M,-3.56%
08/18/2021,24.13,24.83,24.83,23.9,2.02M,-2.19%
08/17/2021,24.67,24.6,24.8,24.2,2.38M,0.00%
08/16/2021,24.67,24.67,24.93,24.6,1.62M,-0.52%
08/15/2021,24.8,24.47,24.87,24.27,1.57M,1.35%
08/12/2021,24.47,24.83,25.47,24.03,3.91M,-1.33%
08/11/2021,24.8,24.0,24.9,24.0,3.87M,3.46%
08/10/2021,23.97,23.67,23.97,23.5,3.25M,1.01%
08/09/2021,23.73,23.13,24.33,23.07,3.74M,1.98%
08/08/2021,23.27,22.73,23.3,22.73,2.76M,2.51%
08/05/2021,22.7,23.0,23.0,22.17,6.47M,-2.58%
08/04/2021,23.3,23.27,23.3,23.0,1.07M,0.13%
08/03/2021,23.27,22.67,23.27,22.57,2.30M,1.48%
08/02/2021,22.93,23.0,23.0,22.6,2.25M,-0.43%
08/01/2021,23.03,23.3,23.3,22.97,1.33M,-1.16%
07/29/2021,23.3,22.7,23.3,22.63,2.45M,1.88%
07/28/2021,22.87,22.77,22.93,22.6,1.48M,-0.57%
07/27/2021,23.0,22.83,23.1,22.7,1.45M,0.74%
07/26/2021,22.83,22.6,23.17,22.37,4.45M,1.47%
07/25/2021,22.5,21.6,22.63,21.57,4.46M,5.14%
07/15/2021,21.4,21.67,21.73,21.2,3.23M,-1.25%
07/14/2021,21.67,21.53,21.67,21.33,2.29M,0.79%
07/13/2021,21.5,21.33,21.73,21.17,2.84M,1.56%
07/12/2021,21.17,21.4,21.7,20.73,4.15M,-0.94%
07/11/2021,21.37,21.97,22.03,21.33,2.53M,-2.42%
07/08/2021,21.9,22.0,22.07,21.67,3.90M,0.00%
07/07/2021,21.9,21.9,22.13,21.73,3.23M,0.00%
07/06/2021,21.9,21.73,22.1,21.67,2.44M,2.19%
07/05/2021,21.43,21.17,22.33,21.17,7.60M,0.94%
07/04/2021,21.23,21.37,21.5,21.17,3.35M,-0.47%
07/01/2021,21.33,21.07,21.6,21.0,5.12M,1.23%
06/30/2021,21.07,20.77,21.1,20.5,6.13M,1.44%
06/29/2021,20.77,19.97,20.87,19.9,9.56M,4.01%
06/28/2021,19.97,19.63,20.0,19.5,6.47M,1.73%
06/27/2021,19.63,19.0,19.87,18.93,7.78M,3.70%
06/24/2021,18.93,18.93,19.0,18.8,2.68M,0.00%
06/23/2021,18.93,18.83,18.97,18.8,2.81M,0.53%
06/22/2021,18.83,18.87,19.0,18.73,3.42M,-0.53%
06/21/2021,18.93,18.77,19.0,18.53,3.26M,0.53%
06/20/2021,18.83,19.23,19.27,18.67,4.18M,-2.08%
06/17/2021,19.23,19.27,19.63,19.23,8.30M,-0.21%
06/16/2021,19.27,19.2,19.33,19.07,3.32M,0.52%
06/15/2021,19.17,19.4,19.4,19.13,4.00M,-1.34%
06/14/2021,19.43,19.43,19.57,18.97,6.23M,0.15%
06/13/2021,19.4,19.1,19.47,19.0,6.06M,1.94%
06/10/2021,19.03,19.27,19.27,18.97,3.63M,-1.40%
06/09/2021,19.3,19.53,19.63,19.23,4.68M,-1.88%
06/08/2021,19.67,19.83,19.93,19.47,2.52M,-0.81%
06/07/2021,19.83,20.0,20.17,19.73,1.36M,-1.00%
06/06/2021,20.03,20.0,20.27,19.87,987.79K,-0.20%
06/03/2021,20.07,20.0,20.07,19.8,2.57M,0.35%
06/02/2021,20.0,20.03,20.37,19.77,1.65M,0.00%
06/01/2021,20.0,19.67,20.5,19.67,8.58M,1.68%
05/31/2021,19.67,19.17,19.67,19.17,3.91M,1.76%
05/30/2021,19.33,18.9,19.33,18.9,2.04M,2.28%
05/27/2021,18.9,19.0,19.1,18.87,4.15M,-0.53%
05/26/2021,19.0,18.97,19.07,18.87,2.83M,0.16%
05/25/2021,18.97,18.77,18.97,18.67,1.68M,0.90%
05/24/2021,18.8,19.03,19.1,18.8,1.14M,-1.73%
05/23/2021,19.13,19.03,19.2,18.97,551.74K,0.16%
05/20/2021,19.1,19.17,19.3,19.1,1.28M,-1.19%
05/19/2021,19.33,19.33,19.37,19.0,1.92M,-0.36%
05/18/2021,19.4,18.93,19.53,18.93,6.76M,2.65%
05/17/2021,18.9,18.43,18.97,18.43,3.40M,2.00%
05/10/2021,18.53,18.4,18.6,18.4,4.96M,0.87%
05/09/2021,18.37,18.43,18.6,18.33,3.07M,0.00%
05/06/2021,18.37,18.43,18.43,18.13,5.03M,0.22%
05/05/2021,18.33,18.6,18.63,18.3,2.10M,-1.61%
05/04/2021,18.63,18.8,18.8,18.13,3.50M,0.70%
05/03/2021,18.5,18.7,18.93,18.5,2.40M,-1.07%
05/02/2021,18.7,19.03,19.13,18.67,2.00M,-2.09%
04/29/2021,19.1,19.33,19.43,19.0,2.97M,-1.19%
04/28/2021,19.33,19.07,19.4,18.87,7.03M,1.74%
04/27/2021,19.0,19.3,19.43,18.9,3.58M,-2.56%
04/26/2021,19.5,20.0,20.0,19.1,6.04M,-1.86%
04/25/2021,19.87,19.47,19.97,19.47,2.28M,2.05%
04/22/2021,19.47,19.17,19.53,19.17,2.54M,1.56%
04/21/2021,19.17,19.17,19.37,19.03,1.91M,-0.67%
04/20/2021,19.3,19.0,19.33,18.8,2.15M,1.21%
04/19/2021,19.07,19.1,19.2,18.83,1.68M,-0.16%
04/18/2021,19.1,19.07,19.2,18.9,2.39M,0.53%
04/15/2021,19.0,18.5,19.0,18.27,2.65M,2.70%
04/14/2021,18.5,18.27,18.5,18.03,943.93K,0.38%
04/13/2021,18.43,18.67,18.83,18.37,1.32M,-1.97%
04/12/2021,18.8,18.7,18.83,18.67,842.92K,-1.05%
04/11/2021,19.0,18.97,19.0,18.67,1.30M,-0.37%
04/08/2021,19.07,19.33,19.33,18.9,1.43M,-1.35%
04/07/2021,19.33,19.0,19.37,19.0,2.17M,1.74%
04/06/2021,19.0,19.43,19.43,19.0,985.44K,-2.21%
04/05/2021,19.43,19.2,19.5,19.17,1.54M,1.89%
04/04/2021,19.07,18.8,19.3,18.67,1.07M,1.27%
04/01/2021,18.83,18.87,18.93,18.7,880.45K,-0.89%
03/31/2021,19.0,18.97,19.03,18.73,2.34M,1.60%
03/30/2021,18.7,18.77,18.8,18.47,1.41M,-0.69%
03/29/2021,18.83,18.23,19.13,18.23,3.49M,3.63%
03/28/2021,18.17,17.57,18.53,17.43,4.72M,4.25%
03/25/2021,17.43,17.37,17.47,17.33,1.02M,0.35%
03/24/2021,17.37,17.43,17.6,17.37,1.30M,-0.34%
03/23/2021,17.43,17.4,17.83,17.4,1.88M,-0.80%
03/22/2021,17.57,17.5,17.6,17.37,1.41M,0.23%
03/21/2021,17.53,17.13,17.73,17.13,1.82M,1.74%
03/18/2021,17.23,17.17,17.57,17.17,4.48M,0.58%
03/17/2021,17.13,17.07,17.2,17.0,919.30K,0.35%
03/16/2021,17.07,17.1,17.23,17.0,1.42M,-0.58%
03/15/2021,17.17,17.3,17.37,17.13,1.18M,-1.15%
03/14/2021,17.37,17.5,17.5,17.27,600.91K,0.81%
03/11/2021,17.23,17.43,17.5,17.13,1.19M,-1.15%
03/10/2021,17.43,17.13,17.53,17.13,1.31M,1.16%
03/09/2021,17.23,17.1,17.43,17.1,2.01M,0.76%
03/08/2021,17.1,17.23,17.27,16.87,1.26M,-0.18%
03/07/2021,17.13,17.07,17.23,16.87,801.48K,0.76%
03/04/2021,17.0,17.23,17.33,17.0,1.49M,-1.33%
03/03/2021,17.23,17.3,17.4,17.2,1.03M,-0.58%
03/02/2021,17.33,17.5,17.53,17.3,1.55M,-0.40%
03/01/2021,17.4,17.43,17.6,17.23,1.62M,0.40%
02/28/2021,17.33,17.0,17.63,16.7,1.31M,1.17%
02/25/2021,17.13,17.83,17.93,17.13,4.08M,-1.15%
02/24/2021,17.33,17.83,17.87,17.2,3.55M,-2.80%
02/23/2021,17.83,17.67,18.07,17.63,3.83M,1.13%
02/22/2021,17.63,17.13,17.73,16.9,4.29M,2.92%
02/21/2021,17.13,16.83,17.2,16.83,1.82M,1.54%
02/18/2021,16.87,16.65,17.23,16.62,4.38M,1.02%
02/17/2021,16.7,16.02,16.7,16.02,4.16M,4.18%
02/16/2021,16.03,16.03,16.4,16.03,1.60M,0.19%
02/15/2021,16.0,16.35,16.77,15.98,4.97M,-1.96%
02/14/2021,16.32,15.67,16.52,15.65,4.25M,4.15%
02/11/2021,15.67,15.25,15.87,15.22,2.07M,2.62%
02/10/2021,15.27,15.48,15.6,15.27,1.65M,-2.43%
02/09/2021,15.65,15.98,16.0,15.65,4.37M,-2.00%
02/08/2021,15.97,14.67,16.0,14.67,8.95M,9.16%
02/07/2021,14.63,14.5,14.98,14.5,4.05M,1.39%
02/04/2021,14.43,14.03,14.47,13.83,8.80M,5.17%
02/03/2021,13.72,13.77,14.03,13.62,5.04M,1.63%
02/02/2021,13.5,13.48,13.53,13.38,1.24M,1.66%
02/01/2021,13.28,13.67,13.82,13.28,2.32M,-2.85%
01/31/2021,13.67,14.0,14.0,13.53,1.60M,-2.57%
01/28/2021,14.03,13.97,14.03,13.93,2.17M,0.07%
01/27/2021,14.02,13.98,14.05,13.98,1.36M,0.14%
01/26/2021,14.0,14.0,14.12,13.98,1.66M,-0.36%
01/25/2021,14.05,14.05,14.22,14.02,1.85M,0.00%
01/24/2021,14.05,14.02,14.05,13.98,2.43M,0.21%
01/21/2021,14.02,14.02,14.07,13.97,2.64M,-0.07%
01/20/2021,14.03,13.98,14.03,13.95,2.83M,0.00%
01/19/2021,14.03,14.0,14.07,13.97,2.99M,0.21%
01/18/2021,14.0,13.97,14.12,13.83,5.64M,-0.14%
01/17/2021,14.02,13.98,14.03,13.93,2.29M,0.14%
01/14/2021,14.0,14.07,14.07,13.92,4.60M,-0.36%
01/13/2021,14.05,13.83,14.05,13.83,8.57M,1.66%
01/12/2021,13.82,13.67,13.82,13.65,5.15M,0.73%
01/11/2021,13.72,13.72,13.73,13.63,4.02M,0.37%
01/10/2021,13.67,13.47,13.7,13.43,7.12M,2.01%
01/07/2021,13.4,13.37,13.4,13.32,1.81M,0.15%
01/06/2021,13.38,13.42,13.43,13.32,1.85M,0.00%
01/05/2021,13.38,13.43,13.45,13.32,1.95M,0.00%
01/04/2021,13.38,13.5,13.5,13.3,1.74M,0.38%
01/03/2021,13.33,13.5,13.52,13.32,1.37M,-1.26%
12/31/2020,13.5,13.68,13.68,13.5,1.98M,-1.32%
12/30/2020,13.68,13.7,13.73,13.6,3.43M,0.07%
12/29/2020,13.67,13.82,13.82,13.63,2.25M,-0.58%
12/28/2020,13.75,13.77,13.82,13.7,1.87M,-0.15%
12/27/2020,13.77,13.82,13.9,13.73,2.61M,-0.36%
12/24/2020,13.82,13.65,13.83,13.58,4.54M,1.47%
12/23/2020,13.62,13.7,13.72,13.62,2.08M,-0.58%
12/22/2020,13.7,13.6,13.72,13.6,2.93M,0.96%
12/21/2020,13.57,13.6,13.77,13.33,3.15M,-1.67%
12/20/2020,13.8,13.92,14.05,13.8,2.04M,-0.14%
12/17/2020,13.82,14.2,14.23,13.82,6.67M,-2.47%
12/16/2020,14.17,14.28,14.32,14.13,2.23M,-0.21%
12/15/2020,14.2,14.18,14.35,14.18,5.27M,-0.49%
12/14/2020,14.27,14.17,14.3,14.1,3.21M,0.49%
12/13/2020,14.2,13.95,14.32,13.95,3.87M,1.65%
12/10/2020,13.97,14.0,14.12,13.92,1.90M,-0.78%
12/09/2020,14.08,14.08,14.08,13.98,1.81M,0.00%
12/08/2020,14.08,14.0,14.13,13.9,3.60M,0.57%
12/07/2020,14.0,13.8,14.0,13.8,2.90M,-0.14%
12/06/2020,14.02,14.3,14.38,13.77,3.94M,-1.41%
12/03/2020,14.22,13.9,14.3,13.9,8.98M,1.94%
12/02/2020,13.95,13.88,13.97,13.85,2.40M,0.36%
12/01/2020,13.9,14.0,14.03,13.88,2.40M,-1.07%
11/30/2020,14.05,14.03,14.05,13.85,8.05M,0.36%
11/29/2020,14.0,13.7,14.0,13.7,6.06M,1.97%
11/26/2020,13.73,13.68,13.78,13.68,2.68M,-0.65%
11/25/2020,13.82,13.82,13.95,13.78,3.28M,0.29%
11/24/2020,13.78,13.68,13.83,13.68,2.78M,0.73%
11/23/2020,13.68,13.67,13.8,13.63,4.10M,-0.15%
11/22/2020,13.7,13.8,13.83,13.68,3.41M,-0.87%
11/19/2020,13.82,13.93,13.93,13.75,4.49M,-1.29%
11/18/2020,14.0,13.83,14.0,13.67,6.47M,0.94%
11/17/2020,13.87,13.5,13.87,13.5,10.00M,2.97%
11/16/2020,13.47,13.08,13.47,13.07,12.00M,3.46%
11/15/2020,13.02,12.62,13.02,12.62,6.26M,3.50%
11/12/2020,12.58,12.7,12.7,12.57,2.64M,-0.94%
11/11/2020,12.7,12.8,12.85,12.57,3.62M,-0.63%
11/10/2020,12.78,13.0,13.05,12.47,5.36M,-0.70%
11/09/2020,12.87,12.63,12.88,12.63,3.69M,2.31%
11/08/2020,12.58,12.5,12.58,12.5,1.34M,0.40%
11/05/2020,12.53,12.6,12.68,12.35,2.54M,-0.16%
11/04/2020,12.55,12.57,12.67,12.55,1.45M,0.64%
11/03/2020,12.47,12.52,12.6,12.4,1.34M,0.00%
11/02/2020,12.47,12.38,12.55,12.35,2.68M,0.00%
11/01/2020,12.47,12.33,12.5,12.33,596.14K,0.32%
10/29/2020,12.43,12.63,12.63,12.33,1.14M,-1.89%
10/28/2020,12.67,12.97,13.0,12.67,757.16K,-2.54%
10/27/2020,13.0,12.85,13.0,12.62,1.14M,1.17%
10/26/2020,12.85,12.77,13.17,12.77,1.77M,-0.93%
10/25/2020,12.97,13.67,13.72,12.7,1.20M,-5.19%
10/22/2020,13.68,13.67,13.72,13.48,1.45M,-0.29%
10/21/2020,13.72,13.75,13.9,13.72,1.75M,-0.44%
10/20/2020,13.78,13.77,13.82,13.72,1.13M,-0.65%
10/19/2020,13.87,13.68,13.98,13.67,2.53M,1.39%
10/18/2020,13.68,13.7,13.92,13.63,1.26M,-0.29%
10/15/2020,13.72,13.85,13.85,13.68,1.12M,-1.15%
10/14/2020,13.88,13.87,13.88,13.72,2.35M,0.07%
10/13/2020,13.87,14.05,14.05,13.87,2.31M,-1.63%
10/12/2020,14.1,14.05,14.1,13.85,3.59M,0.36%
10/11/2020,14.05,13.98,14.17,13.93,4.35M,1.22%
10/08/2020,13.88,13.62,13.97,13.5,2.97M,1.91%
10/07/2020,13.62,13.65,13.75,13.52,1.08M,-0.44%
10/06/2020,13.68,13.53,13.73,13.33,1.38M,1.71%
10/05/2020,13.45,13.4,13.5,13.17,1.89M,0.15%
10/04/2020,13.43,13.53,13.67,13.43,1.73M,-1.76%
10/01/2020,13.67,13.93,14.02,13.63,2.15M,-1.80%
09/30/2020,13.92,13.57,13.95,13.53,1.59M,2.58%
09/29/2020,13.57,13.93,13.93,13.57,2.34M,-1.88%
09/28/2020,13.83,13.63,14.03,13.62,2.59M,1.47%
09/27/2020,13.63,13.53,13.67,13.53,1.91M,0.22%
09/24/2020,13.6,13.83,13.83,13.5,893.47K,-0.95%
09/22/2020,13.73,13.75,13.92,13.67,1.21M,-0.51%
09/21/2020,13.8,14.0,14.0,13.73,1.31M,-1.43%
09/20/2020,14.0,14.02,14.03,13.9,1.61M,0.00%
09/17/2020,14.0,14.17,14.17,13.9,2.98M,-1.06%
09/16/2020,14.15,14.03,14.2,13.9,2.25M,0.71%
09/15/2020,14.05,14.02,14.12,13.93,1.98M,-0.71%
09/14/2020,14.15,14.42,14.47,13.8,2.33M,-2.21%
09/13/2020,14.47,14.5,14.67,14.42,2.09M,0.63%
09/10/2020,14.38,13.8,14.57,13.8,8.24M,4.81%
09/09/2020,13.72,13.35,13.88,13.3,5.58M,2.39%
09/08/2020,13.4,13.32,13.4,13.28,1.35M,0.60%
09/07/2020,13.32,13.33,13.42,13.32,1.28M,-0.08%
09/06/2020,13.33,13.2,13.4,13.1,1.41M,0.45%
09/03/2020,13.27,13.27,13.3,13.1,2.27M,0.68%
09/02/2020,13.18,13.05,13.2,12.87,2.50M,1.00%
09/01/2020,13.05,13.2,13.42,13.05,3.21M,-0.61%
08/31/2020,13.13,13.42,13.63,13.13,4.35M,-1.87%
08/30/2020,13.38,13.38,13.48,13.37,1.04M,0.00%
08/27/2020,13.38,13.52,13.52,13.28,2.36M,-0.89%
08/26/2020,13.5,13.33,13.53,13.32,1.57M,0.75%
08/25/2020,13.4,13.73,13.73,13.4,2.13M,-2.69%
08/24/2020,13.77,13.97,14.03,13.67,1.47M,-1.43%
08/23/2020,13.97,13.53,14.0,13.35,2.44M,3.25%
08/20/2020,13.53,13.42,13.58,13.25,2.33M,0.82%
08/19/2020,13.42,13.47,13.75,13.42,4.07M,0.15%
08/18/2020,13.4,13.15,13.5,13.03,4.29M,2.29%
08/17/2020,13.1,12.77,13.28,12.77,6.75M,2.75%
08/16/2020,12.75,12.48,12.78,12.47,3.28M,2.16%
08/13/2020,12.48,12.48,12.5,12.35,1.69M,0.00%
08/12/2020,12.48,12.52,12.6,12.28,2.29M,0.00%
08/11/2020,12.48,12.27,12.5,12.25,2.59M,1.63%
08/10/2020,12.28,12.32,12.33,12.22,772.53K,0.00%
08/09/2020,12.28,12.42,12.42,12.25,1.79M,0.08%
08/06/2020,12.27,12.4,12.6,12.27,2.19M,-0.49%
08/05/2020,12.33,12.08,12.47,12.08,3.45M,2.32%
07/28/2020,12.05,11.97,12.17,11.97,1.56M,0.42%
07/27/2020,12.0,11.9,12.02,11.87,1.06M,0.84%
07/26/2020,11.9,11.87,11.95,11.87,521.54K,-0.83%
07/23/2020,12.0,12.07,12.07,11.92,1.12M,-0.17%
07/22/2020,12.02,12.02,12.13,12.0,985.68K,0.17%
07/21/2020,12.0,11.98,12.03,11.87,1.41M,0.00%
07/20/2020,12.0,11.93,12.0,11.6,2.30M,-0.17%
07/19/2020,12.02,12.07,12.13,12.0,594.01K,-0.41%
07/16/2020,12.07,12.23,12.23,12.05,1.42M,-0.90%
07/15/2020,12.18,12.17,12.22,12.03,1.84M,0.41%
07/14/2020,12.13,12.0,12.25,11.95,3.75M,0.92%
07/13/2020,12.02,11.92,12.02,11.9,1.73M,1.01%
07/12/2020,11.9,11.88,12.0,11.88,847.36K,0.00%
07/09/2020,11.9,11.9,12.02,11.85,1.09M,0.00%
07/08/2020,11.9,11.9,12.0,11.88,918.65K,-0.58%
07/07/2020,11.97,11.97,12.02,11.9,790.27K,0.00%
07/06/2020,11.97,12.07,12.1,11.9,1.11M,-0.66%
07/05/2020,12.05,11.93,12.05,11.93,1.06M,1.52%
07/02/2020,11.87,11.7,11.87,11.7,1.47M,2.15%
07/01/2020,11.62,11.53,11.85,11.5,1.37M,0.17%
06/30/2020,11.6,11.9,11.98,11.6,1.61M,-1.94%
06/29/2020,11.83,11.72,11.98,11.67,1.97M,1.11%
06/28/2020,11.7,11.67,11.72,11.55,1.37M,0.00%
06/25/2020,11.7,11.68,11.85,11.67,3.06M,-0.59%
06/24/2020,11.77,12.13,12.13,11.77,2.07M,-2.89%
06/23/2020,12.12,12.27,12.32,12.1,1.64M,-0.90%
06/22/2020,12.23,12.43,12.48,12.23,1.11M,-1.53%
06/21/2020,12.42,12.32,12.53,12.28,1.51M,1.22%
06/18/2020,12.27,12.4,12.65,12.27,8.67M,-1.05%
06/17/2020,12.4,12.63,12.63,12.35,1.29M,-0.96%
06/16/2020,12.52,12.67,12.7,12.52,1.34M,-0.63%
06/15/2020,12.6,12.7,12.7,12.5,1.17M,-0.79%
06/14/2020,12.7,12.6,12.72,12.5,1.17M,0.40%
06/11/2020,12.65,12.67,12.67,12.47,1.18M,0.00%
06/10/2020,12.65,12.67,12.73,12.57,1.43M,0.24%
06/09/2020,12.62,12.67,12.67,12.53,823.33K,-0.24%
06/08/2020,12.65,12.55,12.7,12.5,2.28M,0.96%
06/07/2020,12.53,12.33,12.6,12.33,1.88M,2.29%
06/04/2020,12.25,12.47,12.47,12.13,2.62M,-2.00%
06/03/2020,12.5,12.67,12.7,12.27,2.36M,-1.03%
06/02/2020,12.63,12.57,12.88,12.37,4.39M,0.64%
06/01/2020,12.55,11.92,12.55,11.9,3.70M,5.29%
05/31/2020,11.92,11.65,11.97,11.52,2.52M,6.62%
05/21/2020,11.18,11.53,11.55,11.18,3.52M,-2.78%
05/20/2020,11.5,11.4,11.58,11.33,1.25M,0.26%
05/19/2020,11.47,11.32,11.5,11.32,2.42M,3.80%
05/18/2020,11.05,11.63,11.65,11.05,2.26M,-3.49%
05/17/2020,11.45,11.33,11.47,11.33,1.04M,2.23%
05/14/2020,11.2,11.07,11.33,11.0,1.24M,1.54%
05/13/2020,11.03,11.53,11.67,11.03,1.40M,-4.09%
05/12/2020,11.5,11.28,11.67,11.28,1.71M,1.95%
05/11/2020,11.28,10.7,11.43,10.7,1.75M,-0.18%
05/10/2020,11.3,10.98,11.35,10.87,1.68M,4.63%
05/07/2020,10.8,11.17,11.18,10.8,1.95M,-3.31%
05/06/2020,11.17,11.7,11.9,11.17,1.62M,-4.12%
05/05/2020,11.65,11.75,11.83,11.65,1.07M,0.00%
05/04/2020,11.65,11.27,11.72,11.2,2.22M,2.19%
05/03/2020,11.4,11.67,11.83,11.37,1.93M,-8.43%
04/30/2020,12.45,12.5,12.78,12.33,2.40M,-0.40%
04/29/2020,12.5,12.48,13.07,12.47,2.43M,0.16%
04/28/2020,12.48,12.13,12.5,12.03,2.02M,2.04%
04/27/2020,12.23,12.27,12.28,11.97,2.09M,0.41%
04/26/2020,12.18,11.87,12.25,11.67,1.41M,4.73%
04/23/2020,11.63,11.4,11.7,11.4,1.91M,3.56%
04/22/2020,11.23,10.98,11.47,10.95,1.06M,1.17%
04/21/2020,11.1,11.03,11.4,10.83,1.64M,-2.46%
04/20/2020,11.38,11.77,11.77,11.37,891.03K,-3.31%
04/19/2020,11.77,11.73,11.87,11.67,530.14K,0.34%
04/16/2020,11.73,12.0,12.03,11.73,1.91M,-3.62%
04/15/2020,12.17,12.18,12.32,12.1,1.75M,0.00%
04/14/2020,12.17,12.03,12.17,11.9,1.55M,1.84%
04/13/2020,11.95,11.73,11.95,11.67,1.22M,2.84%
04/12/2020,11.62,12.0,12.0,11.62,1.31M,-4.20%
04/09/2020,12.13,12.23,12.27,12.0,1.41M,-0.33%
04/08/2020,12.17,12.33,12.4,11.97,2.71M,-1.85%
04/07/2020,12.4,11.73,12.4,11.73,2.97M,5.98%
04/06/2020,11.7,11.2,11.77,10.98,2.33M,4.46%
04/05/2020,11.2,11.33,11.35,11.0,2.16M,1.82%
04/02/2020,11.0,10.5,11.0,10.5,3.62M,5.47%
04/01/2020,10.43,10.33,10.7,10.27,2.88M,0.97%
03/31/2020,10.33,10.15,10.5,10.15,3.23M,3.09%
03/30/2020,10.02,10.17,10.22,10.02,1.43M,-1.57%
03/29/2020,10.18,10.17,10.3,9.95,966.38K,0.10%
03/26/2020,10.17,10.2,10.32,10.12,950.05K,0.99%
03/25/2020,10.07,10.5,10.6,10.03,2.86M,-1.27%
03/24/2020,10.2,10.0,10.33,10.0,1.87M,4.83%
03/23/2020,9.73,9.8,9.92,9.57,1.57M,-1.42%
03/22/2020,9.87,10.5,10.5,9.87,2.13M,-4.91%
03/19/2020,10.38,9.73,10.63,9.72,7.81M,4.53%
03/18/2020,9.93,9.68,9.93,9.58,1.97M,2.58%
03/17/2020,9.68,9.43,10.08,9.27,2.52M,3.75%
03/16/2020,9.33,9.68,9.87,9.33,3.51M,-6.51%
03/15/2020,9.98,10.07,10.28,9.77,1.62M,3.21%
03/12/2020,9.67,9.73,9.97,9.5,2.71M,-4.54%
03/11/2020,10.13,10.37,10.8,10.13,3.21M,-1.17%
03/10/2020,10.25,9.87,10.35,9.67,4.72M,8.81%
03/09/2020,9.42,9.52,9.83,9.42,3.66M,-9.86%
03/08/2020,10.45,10.45,10.72,10.45,3.82M,-9.91%
03/05/2020,11.6,12.0,12.12,11.6,2.14M,-2.27%
03/04/2020,11.87,11.9,12.1,11.7,1.48M,-0.84%
03/03/2020,11.97,11.67,11.97,11.63,1.78M,5.65%
03/02/2020,11.33,11.97,12.03,11.33,4.04M,-1.73%
03/01/2020,11.53,12.23,12.23,11.53,3.53M,-9.21%
02/27/2020,12.7,12.88,12.88,12.4,2.39M,-1.40%
02/26/2020,12.88,12.87,12.88,12.67,2.54M,0.00%
02/25/2020,12.88,12.93,13.1,12.87,1.76M,-0.92%
02/24/2020,13.0,13.52,13.52,13.0,1.46M,-3.85%
02/23/2020,13.52,13.67,13.67,13.47,516.92K,-0.95%
02/20/2020,13.65,13.5,13.67,13.5,1.67M,0.59%
02/19/2020,13.57,13.03,13.57,13.02,1.50M,4.22%
02/18/2020,13.02,13.12,13.13,13.02,897.75K,-0.76%
02/17/2020,13.12,13.12,13.23,13.12,723.74K,0.00%
02/16/2020,13.12,13.18,13.23,13.0,594.01K,-0.23%
02/13/2020,13.15,13.23,13.33,13.0,1.67M,-0.90%
02/12/2020,13.27,13.3,13.33,13.0,3.81M,-0.45%
02/11/2020,13.33,13.43,13.45,13.28,1.35M,-0.67%
02/10/2020,13.42,13.37,13.43,13.28,1.98M,0.90%
02/09/2020,13.3,13.8,13.8,13.23,2.28M,-2.71%
02/06/2020,13.67,13.9,13.9,13.67,1.51M,-1.09%
02/05/2020,13.82,13.93,14.0,13.63,1.50M,-0.36%
02/04/2020,13.87,13.85,13.97,13.8,2.16M,0.73%
02/03/2020,13.77,13.83,14.0,13.77,1.39M,-0.43%
02/02/2020,13.83,13.83,14.03,13.67,1.75M,-3.29%
01/30/2020,14.3,14.23,14.4,14.13,1.58M,1.42%
01/29/2020,14.1,14.2,14.37,14.08,1.59M,-1.61%
01/28/2020,14.33,14.3,14.5,14.05,1.47M,0.92%
01/27/2020,14.2,14.53,14.62,14.2,949.01K,-2.07%
01/26/2020,14.5,14.67,14.67,14.5,1.06M,-1.83%
01/23/2020,14.77,15.02,15.02,14.7,1.69M,-1.66%
01/22/2020,15.02,15.17,15.22,15.0,1.82M,-0.86%
01/21/2020,15.15,15.45,15.45,15.15,1.01M,-1.94%
01/20/2020,15.45,15.4,15.5,15.35,2.33M,0.52%
01/19/2020,15.37,14.98,15.37,14.97,3.09M,2.67%
01/16/2020,14.97,14.85,15.0,14.78,931.46K,1.29%
01/15/2020,14.78,14.98,14.98,14.75,1.37M,-1.00%
01/14/2020,14.93,14.83,14.93,14.75,1.92M,1.01%
01/13/2020,14.78,14.5,14.87,14.5,2.40M,1.72%
01/12/2020,14.53,14.57,14.62,14.47,479.94K,0.00%
01/09/2020,14.53,14.28,14.53,14.25,1.13M,2.90%
01/08/2020,14.12,14.08,14.33,14.02,1.21M,-2.82%
01/07/2020,14.53,14.57,14.65,14.27,848.41K,0.00%
01/06/2020,14.53,14.12,14.53,14.02,1.20M,2.69%
01/05/2020,14.15,14.5,14.63,14.1,910.38K,-3.61%
01/02/2020,14.68,14.67,14.7,14.57,827.00K,0.00%
01/01/2020,14.68,14.72,14.73,14.65,257.73K,-0.81%
12/31/2019,14.8,14.73,14.8,14.6,923.99K,0.34%
12/30/2019,14.75,14.92,14.93,14.57,2.33M,-1.14%
12/29/2019,14.92,14.73,15.03,14.73,2.14M,0.61%
12/26/2019,14.83,14.67,14.83,14.65,666.86K,1.23%
12/25/2019,14.65,14.87,14.87,14.63,846.09K,-1.48%
12/24/2019,14.87,14.85,14.9,14.63,2.89M,0.00%
12/23/2019,14.87,14.08,14.87,14.07,2.58M,5.69%
12/22/2019,14.07,14.13,14.13,14.02,966.25K,-0.35%
12/19/2019,14.12,13.83,14.12,13.83,4.11M,1.95%
12/18/2019,13.85,13.67,13.87,13.65,3.09M,1.32%
12/17/2019,13.67,13.52,13.7,13.5,3.28M,1.48%
12/16/2019,13.47,13.52,13.72,13.47,3.47M,-0.59%
12/15/2019,13.55,13.8,13.8,13.5,1.11M,0.15%
12/12/2019,13.53,13.83,13.85,13.52,1.80M,-1.60%
12/11/2019,13.75,13.78,13.98,13.75,1.72M,-0.58%
12/10/2019,13.83,13.97,14.05,13.72,2.00M,-0.72%
12/09/2019,13.93,14.03,14.22,13.93,2.17M,-0.85%
12/08/2019,14.05,13.78,14.12,13.78,762.67K,1.96%
12/05/2019,13.78,13.95,13.95,13.78,612.48K,-1.22%
12/04/2019,13.95,14.13,14.13,13.87,1.22M,-1.55%
12/03/2019,14.17,14.2,14.3,14.12,1.54M,0.00%
12/02/2019,14.17,14.22,14.3,14.07,947.48K,-1.05%
12/01/2019,14.32,14.3,14.33,14.22,261.52K,0.00%
11/28/2019,14.32,14.2,14.33,13.67,1.25M,0.35%
11/27/2019,14.27,14.57,14.57,14.27,1.22M,-2.06%
11/26/2019,14.57,14.9,14.93,14.43,3.40M,-2.21%
11/25/2019,14.9,14.5,15.0,14.43,1.63M,2.26%
11/24/2019,14.57,14.8,14.83,14.57,751.74K,-1.69%
11/21/2019,14.82,14.72,14.83,14.67,590.51K,0.00%
11/20/2019,14.82,14.68,14.83,14.65,1.15M,-0.20%
11/19/2019,14.85,14.67,14.85,14.47,1.37M,1.23%
11/18/2019,14.67,14.27,14.67,14.23,1.08M,2.80%
11/17/2019,14.27,14.67,14.8,14.2,1.08M,-2.79%
11/14/2019,14.68,14.68,14.87,14.67,1.00M,-1.34%
11/13/2019,14.88,14.67,15.0,14.53,4.27M,0.54%
11/12/2019,14.8,14.1,15.0,14.08,4.26M,4.96%
11/11/2019,14.1,13.9,14.1,13.87,916.15K,1.29%
11/10/2019,13.92,13.87,14.07,13.87,874.54K,-0.43%
11/07/2019,13.98,13.8,14.07,13.8,651.78K,0.94%
11/06/2019,13.85,14.25,14.25,13.85,1.19M,-2.81%
11/05/2019,14.25,14.0,14.3,13.95,926.84K,2.00%
11/04/2019,13.97,13.77,13.97,13.68,965.55K,0.65%
11/03/2019,13.88,13.92,14.03,13.73,561.57K,-1.77%
10/31/2019,14.13,14.02,14.13,13.87,1.29M,0.00%
10/30/2019,14.13,14.0,14.13,13.9,846.48K,0.21%
10/29/2019,14.1,14.0,14.1,13.67,1.46M,0.71%
10/28/2019,14.0,14.2,14.3,14.0,583.77K,-2.10%
10/27/2019,14.3,14.32,14.4,14.22,356.21K,-0.21%
10/24/2019,14.33,14.17,14.33,13.97,1.24M,1.13%
10/23/2019,14.17,13.97,14.17,13.85,1.24M,-0.21%
10/22/2019,14.2,14.1,14.27,13.92,1.82M,0.71%
10/21/2019,14.1,14.1,14.1,13.78,1.35M,0.00%
10/20/2019,14.1,13.87,14.23,13.67,1.34M,3.15%
10/17/2019,13.67,13.4,13.67,13.2,1.97M,1.86%
10/16/2019,13.42,13.45,13.45,13.2,2.16M,0.52%
10/15/2019,13.35,13.78,13.78,13.35,1.08M,-3.47%
10/14/2019,13.83,14.0,14.07,13.73,5.44M,-1.71%
10/13/2019,14.07,14.17,14.3,14.03,1.14M,-1.61%
10/10/2019,14.3,14.35,14.35,14.07,799.41K,-0.35%
10/09/2019,14.35,14.37,14.42,14.27,1.80M,-1.17%
10/08/2019,14.52,14.13,14.52,14.03,2.57M,1.18%
10/07/2019,14.35,14.33,14.52,14.22,2.94M,0.14%
10/06/2019,14.33,14.43,14.43,14.28,1.16M,0.00%
10/03/2019,14.33,14.55,14.58,14.23,4.98M,-2.05%
10/02/2019,14.63,14.88,14.98,14.58,2.78M,-2.01%
10/01/2019,14.93,15.12,15.15,14.83,1.64M,-1.32%
09/30/2019,15.13,15.1,15.18,15.08,2.66M,0.40%
09/29/2019,15.07,15.25,15.25,15.05,908.72K,-1.18%
09/26/2019,15.25,15.23,15.27,15.13,1.40M,-0.46%
09/25/2019,15.32,15.33,15.38,15.17,1.66M,-0.52%
09/24/2019,15.4,15.27,15.4,15.2,1.98M,1.12%
09/22/2019,15.23,15.0,15.27,14.97,973.32K,0.40%
09/19/2019,15.17,14.77,15.17,14.63,13.68M,3.41%
09/18/2019,14.67,14.57,14.8,14.52,1.40M,1.03%
09/17/2019,14.52,14.72,14.82,14.25,1.65M,-1.56%
09/16/2019,14.75,14.35,14.75,14.22,2.73M,2.79%
09/15/2019,14.35,14.33,14.48,13.67,1.22M,-0.90%
09/12/2019,14.48,14.8,14.93,14.48,1.51M,-2.03%
09/11/2019,14.78,15.03,15.03,14.73,2.12M,-2.25%
09/10/2019,15.12,15.13,15.25,15.05,1.74M,-0.33%
09/09/2019,15.17,15.03,15.22,15.03,1.61M,-0.33%
09/08/2019,15.22,15.3,15.3,15.12,401.90K,0.46%
09/05/2019,15.15,15.27,15.48,15.0,2.62M,-0.98%
09/04/2019,15.3,15.07,15.3,15.0,2.06M,2.00%
09/03/2019,15.0,14.95,15.15,14.87,1.61M,0.47%
09/02/2019,14.93,14.6,14.93,14.6,1.53M,2.05%
09/01/2019,14.63,14.83,14.9,14.5,1.77M,-0.95%
08/29/2019,14.77,15.22,15.35,14.77,4.20M,-1.99%
08/28/2019,15.07,15.73,16.17,15.07,5.46M,-4.13%
08/27/2019,15.72,15.87,16.33,15.72,55.63M,-0.19%
08/26/2019,15.75,15.42,15.75,15.37,4.75M,1.16%
08/25/2019,15.57,16.1,16.1,15.4,2.68M,-3.41%
08/22/2019,16.12,16.42,16.42,15.93,2.25M,-1.10%
08/21/2019,16.3,16.32,16.43,16.27,1.24M,-0.61%
08/20/2019,16.4,16.08,16.4,16.08,2.73M,2.05%
08/19/2019,16.07,16.03,16.27,16.03,2.67M,0.25%
08/18/2019,16.03,16.0,16.13,15.8,1.48M,1.26%
08/08/2019,15.83,15.7,15.85,15.57,2.95M,1.80%
08/07/2019,15.55,15.4,15.7,15.4,1.92M,1.17%
08/06/2019,15.37,15.58,15.6,15.37,1.57M,-1.60%
08/05/2019,15.62,15.57,15.82,15.57,3.28M,0.13%
08/04/2019,15.6,15.63,15.77,15.52,926.94K,-1.89%
08/01/2019,15.9,15.67,15.93,15.63,850.39K,1.47%
07/31/2019,15.67,15.72,16.07,15.67,1.07M,-1.14%
07/30/2019,15.85,15.83,16.0,15.53,1.06M,-0.13%
07/29/2019,15.87,16.13,16.17,15.87,940.70K,-1.86%
07/28/2019,16.17,16.33,16.63,16.17,1.97M,-2.59%
07/25/2019,16.6,15.6,16.6,15.6,4.75M,6.55%
07/24/2019,15.58,15.4,15.7,15.03,2.29M,1.17%
07/23/2019,15.4,15.8,15.93,15.33,2.87M,-4.53%
07/22/2019,16.13,16.07,16.33,16.07,1.32M,0.19%
07/21/2019,16.1,16.63,16.67,16.1,1.44M,-3.19%
07/18/2019,16.63,16.48,16.73,16.48,2.61M,0.79%
07/17/2019,16.5,16.2,16.58,16.2,3.46M,1.85%
07/16/2019,16.2,16.13,16.3,16.08,3.05M,0.43%
07/15/2019,16.13,15.9,16.13,15.78,2.84M,1.64%
07/14/2019,15.87,16.12,16.15,15.85,2.02M,-1.43%
07/11/2019,16.1,15.47,16.1,15.47,3.87M,4.01%
07/10/2019,15.48,15.47,15.53,15.42,2.38M,0.32%
07/09/2019,15.43,15.2,15.5,15.2,2.19M,1.38%
07/08/2019,15.22,15.63,15.63,15.0,2.73M,-2.62%
07/07/2019,15.63,15.87,15.87,15.63,1.30M,-1.51%
07/04/2019,15.87,15.87,15.92,15.78,1.66M,-0.31%
07/03/2019,15.92,15.93,15.93,15.8,1.12M,-0.50%
07/02/2019,16.0,16.15,16.22,15.82,1.80M,-1.05%
07/01/2019,16.17,16.22,16.27,16.13,1.07M,-0.31%
06/30/2019,16.22,16.33,16.37,16.15,1.81M,0.12%
06/27/2019,16.2,16.52,16.52,16.17,4.37M,-1.64%
06/26/2019,16.47,16.43,16.83,16.42,5.82M,0.24%
06/25/2019,16.43,16.2,16.45,16.2,3.47M,1.61%
06/24/2019,16.17,16.55,16.55,16.03,3.91M,-2.30%
06/23/2019,16.55,17.03,17.33,16.53,3.71M,-4.50%
06/20/2019,17.33,17.4,17.43,16.9,18.26M,-0.97%
06/19/2019,17.5,18.0,18.0,17.33,5.36M,-2.07%
06/18/2019,17.87,17.9,18.07,17.57,4.18M,0.22%
06/17/2019,17.83,17.17,17.83,17.03,4.94M,3.84%
06/16/2019,17.17,17.3,17.33,16.87,2.42M,-0.35%
06/13/2019,17.23,17.33,17.33,16.87,3.50M,-0.58%
06/12/2019,17.33,16.67,17.33,16.65,4.71M,3.96%
06/11/2019,16.67,16.22,16.67,16.07,5.09M,3.09%
06/10/2019,16.17,15.85,16.25,15.82,5.31M,2.02%
06/09/2019,15.85,16.15,16.15,15.73,2.91M,-0.44%
05/30/2019,15.92,15.33,16.4,15.17,5.88M,3.85%
05/29/2019,15.33,15.2,15.83,15.17,6.19M,-4.01%
05/28/2019,15.97,14.92,15.97,14.6,49.58M,6.47%
05/27/2019,15.0,16.67,16.7,14.93,13.39M,-9.53%
05/26/2019,16.58,16.67,16.73,16.3,1.27M,-0.54%
05/23/2019,16.67,16.67,16.7,16.33,5.50M,0.12%
05/22/2019,16.65,16.62,16.87,16.5,6.16M,0.00%
05/21/2019,16.65,16.93,17.1,16.6,3.33M,-1.48%
05/20/2019,16.9,17.33,17.33,16.4,5.89M,-2.48%
05/19/2019,17.33,17.53,17.9,17.27,1.52M,-1.92%
05/16/2019,17.67,18.0,18.2,17.5,5.08M,-1.67%
05/15/2019,17.97,18.33,18.77,17.97,6.48M,-2.50%
05/14/2019,18.43,18.0,18.67,17.67,5.61M,0.55%
05/13/2019,18.33,19.0,19.17,18.23,5.21M,-4.03%
05/12/2019,19.1,19.37,19.37,18.97,1.28M,-2.40%
05/09/2019,19.57,19.43,19.67,19.23,3.63M,-0.31%
05/08/2019,19.63,19.63,19.67,19.43,2.06M,-0.20%
05/07/2019,19.67,19.7,19.87,19.5,1.68M,0.00%
05/06/2019,19.67,19.0,19.7,19.0,2.54M,1.76%
05/05/2019,19.33,19.33,19.6,18.77,1.97M,0.00%
05/02/2019,19.33,18.87,19.73,18.87,2.40M,1.74%
05/01/2019,19.0,18.6,19.0,18.57,2.60M,1.77%
04/30/2019,18.67,18.7,18.93,18.6,10.13M,0.00%
04/29/2019,18.67,18.5,18.67,18.43,1.59M,0.76%
04/28/2019,18.53,18.17,18.53,18.17,966.54K,1.09%
04/25/2019,18.33,18.3,18.43,18.17,1.91M,0.55%
04/24/2019,18.23,18.33,18.57,18.13,1.89M,-0.92%
04/23/2019,18.4,17.97,18.5,17.67,3.80M,-1.45%
04/22/2019,18.67,19.2,19.27,18.67,1.81M,-2.40%
04/21/2019,19.13,19.33,19.33,19.1,1.20M,-0.73%
04/18/2019,19.27,19.47,19.53,19.17,2.22M,-1.03%
04/17/2019,19.47,19.27,19.67,19.17,3.67M,0.88%
04/16/2019,19.3,18.53,19.53,18.5,4.09M,3.76%
04/15/2019,18.6,18.2,18.7,18.2,2.34M,1.81%
04/14/2019,18.27,18.23,18.37,18.2,845.91K,0.00%
04/11/2019,18.27,18.3,18.37,18.17,1.65M,-0.54%
04/10/2019,18.37,18.47,18.47,18.3,1.53M,-0.54%
04/09/2019,18.47,18.47,18.5,18.3,1.54M,0.00%
04/08/2019,18.47,18.2,18.5,18.2,2.05M,1.48%
04/07/2019,18.2,18.47,18.5,18.2,1.71M,-1.46%
04/04/2019,18.47,18.33,18.83,18.3,5.44M,0.54%
04/03/2019,18.37,18.37,18.4,18.2,1.90M,-0.16%
04/02/2019,18.4,18.33,18.4,18.23,1.08M,0.16%
04/01/2019,18.37,18.23,18.47,18.23,1.61M,0.38%
03/31/2019,18.3,18.13,18.47,18.13,2.11M,0.16%
03/28/2019,18.27,18.23,18.53,18.13,1.87M,-0.16%
03/27/2019,18.3,18.27,18.47,18.13,1.77M,0.16%
03/26/2019,18.27,18.23,18.3,18.17,614.14K,0.22%
03/25/2019,18.23,18.0,18.27,17.9,777.71K,1.11%
03/24/2019,18.03,18.2,18.27,18.0,814.21K,-1.64%
03/21/2019,18.33,18.2,18.4,18.03,1.63M,0.71%
03/20/2019,18.2,18.27,18.33,18.2,664.06K,-0.71%
03/19/2019,18.33,18.33,18.33,18.03,799.18K,0.00%
03/18/2019,18.33,17.83,18.33,17.73,2.06M,2.00%
03/17/2019,17.97,18.0,18.13,17.83,2.02M,-0.33%
03/14/2019,18.03,18.13,18.33,17.9,4.15M,-0.39%
03/13/2019,18.1,17.53,18.1,17.53,1.71M,3.61%
03/12/2019,17.47,17.43,17.8,17.37,1.32M,0.81%
03/11/2019,17.33,17.93,17.93,17.33,914.54K,-3.56%
03/10/2019,17.97,18.07,18.17,17.97,613.59K,-1.10%
03/07/2019,18.17,18.33,18.4,18.07,757.66K,-1.09%
03/06/2019,18.37,18.33,18.43,18.23,420.34K,0.00%
03/05/2019,18.37,18.4,18.43,18.3,740.59K,-0.16%
03/04/2019,18.4,18.4,18.47,18.33,1.33M,0.00%
03/03/2019,18.4,18.33,18.47,18.23,991.93K,0.93%
02/28/2019,18.23,18.23,18.33,18.17,786.93K,0.16%
02/27/2019,18.2,18.23,18.33,18.0,459.92K,-0.16%
02/26/2019,18.23,18.03,18.23,17.93,632.05K,0.33%
02/25/2019,18.17,18.23,18.23,17.97,704.60K,-0.71%
02/24/2019,18.3,18.33,18.33,18.27,162.80K,-0.16%
02/21/2019,18.33,18.33,18.33,18.17,336.69K,-0.22%
02/20/2019,18.37,18.13,18.37,18.13,380.62K,0.38%
02/19/2019,18.3,18.27,18.33,18.0,794.46K,-0.54%
02/18/2019,18.4,18.5,18.5,18.23,806.19K,-0.38%
02/17/2019,18.47,18.4,18.5,18.33,876.76K,-0.32%
02/14/2019,18.53,18.5,18.53,18.3,2.45M,0.16%
02/13/2019,18.5,18.3,18.5,18.27,2.75M,0.93%
02/12/2019,18.33,18.23,18.33,18.13,952.99K,0.00%
02/11/2019,18.33,18.33,18.33,18.13,770.63K,0.71%
02/10/2019,18.2,18.3,18.3,18.17,328.82K,0.00%
02/07/2019,18.2,18.23,18.33,18.17,680.12K,0.17%
02/06/2019,18.17,18.33,18.4,18.17,1.55M,-1.25%
02/05/2019,18.4,18.33,18.4,18.27,1.99M,0.55%
02/04/2019,18.3,18.23,18.37,18.1,557.31K,0.72%
02/03/2019,18.17,18.23,18.37,18.0,498.13K,-0.87%
01/31/2019,18.33,18.2,18.33,18.17,952.26K,0.71%
01/30/2019,18.2,18.33,18.4,18.2,811.81K,-0.71%
01/29/2019,18.33,18.5,18.53,18.17,1.81M,-0.54%
01/28/2019,18.43,17.93,18.43,17.93,2.68M,2.56%
01/27/2019,17.97,17.77,18.4,17.77,1.87M,-1.96%
01/24/2019,18.33,18.33,18.4,18.23,1.16M,-0.54%
01/23/2019,18.43,18.33,18.5,18.23,1.19M,0.33%
01/22/2019,18.37,18.23,18.47,18.23,1.26M,-0.33%
01/21/2019,18.43,18.2,18.5,17.87,1.27M,0.55%
01/20/2019,18.33,18.47,18.63,18.2,1.12M,-1.82%
01/17/2019,18.67,18.33,18.67,18.27,1.52M,1.08%
01/16/2019,18.47,18.33,18.47,18.23,1.45M,0.76%
01/15/2019,18.33,17.93,18.4,17.9,1.85M,2.23%
01/14/2019,17.93,18.07,18.33,17.93,1.55M,-0.94%
01/13/2019,18.1,17.67,18.27,17.5,1.99M,2.43%
01/10/2019,17.67,17.8,17.87,17.57,1.58M,-0.17%
01/09/2019,17.7,17.43,17.83,17.43,2.82M,1.14%
01/08/2019,17.5,17.33,17.6,17.13,1.75M,1.16%
01/07/2019,17.3,17.0,17.43,16.97,2.09M,1.94%
01/06/2019,16.97,16.57,17.0,16.47,1.28M,3.29%
01/03/2019,16.43,16.2,16.45,16.15,383.79K,1.42%
01/02/2019,16.2,16.15,16.2,16.13,481.57K,-0.49%
01/01/2019,16.28,16.33,16.37,16.28,172.93K,-0.91%
12/31/2018,16.43,16.3,16.48,16.23,587.57K,0.67%
12/30/2018,16.32,16.12,16.37,16.12,306.12K,1.24%
12/27/2018,16.12,16.18,16.4,16.12,806.68K,0.31%
12/26/2018,16.07,16.05,16.1,15.95,499.96K,-0.19%
12/25/2018,16.1,16.32,16.33,16.0,826.74K,-2.31%
12/24/2018,16.48,16.4,16.5,16.27,931.35K,0.61%
12/23/2018,16.38,16.27,16.4,16.0,520.91K,-0.91%
12/20/2018,16.53,16.73,16.73,16.4,669.10K,-1.43%
12/19/2018,16.77,17.03,17.1,16.73,721.76K,-1.53%
12/18/2018,17.03,17.13,17.23,17.03,760.19K,-0.58%
12/17/2018,17.13,17.03,17.23,17.03,699.13K,0.00%
12/16/2018,17.13,16.87,17.27,16.8,918.01K,1.18%
12/13/2018,16.93,17.03,17.13,16.87,800.27K,-0.59%
12/12/2018,17.03,16.8,17.07,16.8,669.61K,1.37%
12/11/2018,16.8,16.83,16.97,16.7,529.66K,-0.18%
12/10/2018,16.83,16.73,16.9,16.7,536.79K,0.78%
12/09/2018,16.7,16.87,17.2,16.7,1.07M,-0.18%
12/06/2018,16.73,16.67,16.87,16.67,1.27M,-0.24%
12/05/2018,16.77,16.77,16.87,16.5,1.46M,-0.95%
12/04/2018,16.93,16.9,16.97,16.58,1.09M,0.36%
12/03/2018,16.87,16.03,17.1,16.03,3.56M,5.97%
12/02/2018,15.92,15.62,15.95,15.62,853.16K,2.05%
11/29/2018,15.6,15.42,15.6,15.33,975.26K,0.84%
11/28/2018,15.47,15.35,15.53,15.33,666.53K,0.45%
11/27/2018,15.4,15.22,15.63,15.22,635.80K,1.18%
11/26/2018,15.22,15.62,15.67,15.22,934.60K,-2.56%
11/25/2018,15.62,15.83,15.83,15.58,809.43K,-1.76%
11/22/2018,15.9,16.0,16.1,15.83,1.79M,-0.13%
11/21/2018,15.92,15.82,15.97,15.67,1.57M,0.44%
11/20/2018,15.85,15.77,16.15,15.77,2.83M,1.28%
11/19/2018,15.65,15.6,15.73,15.37,732.07K,0.45%
11/18/2018,15.58,16.03,16.03,15.57,1.59M,-1.58%
11/15/2018,15.83,15.5,16.13,15.45,3.36M,2.66%
11/14/2018,15.42,15.28,15.53,15.27,1.57M,0.13%
11/13/2018,15.4,15.07,15.57,14.95,2.36M,2.19%
11/12/2018,15.07,14.85,15.12,14.85,775.79K,0.80%
11/11/2018,14.95,15.08,15.08,14.85,727.85K,-0.86%
11/08/2018,15.08,15.15,15.2,15.07,761.58K,-0.33%
11/07/2018,15.13,15.12,15.18,15.0,1.14M,-0.59%
11/06/2018,15.22,15.33,15.33,15.13,961.09K,-0.72%
11/05/2018,15.33,15.53,15.57,15.17,895.33K,-1.54%
11/04/2018,15.57,15.53,15.67,15.5,550.56K,0.26%
11/01/2018,15.53,15.9,15.97,15.52,1.11M,-2.94%
10/31/2018,16.0,15.85,16.03,15.85,657.92K,0.82%
10/30/2018,15.87,15.83,15.93,15.73,460.85K,0.25%
10/29/2018,15.83,15.7,16.17,15.7,1.96M,0.83%
10/28/2018,15.7,15.77,15.82,15.5,1.58M,-0.44%
10/25/2018,15.77,15.6,16.03,15.3,6.50M,2.20%
10/24/2018,15.43,14.63,15.47,14.43,3.85M,6.41%
10/23/2018,14.5,13.87,15.03,13.87,7.63M,6.07%
10/22/2018,13.67,14.62,14.72,13.63,3.11M,-6.37%
10/21/2018,14.6,14.33,14.87,14.33,1.75M,-2.67%
10/18/2018,15.0,15.1,15.53,14.97,1.45M,-0.99%
10/17/2018,15.15,15.0,15.43,15.0,1.73M,1.34%
10/16/2018,14.95,15.05,15.05,14.33,2.90M,-1.64%
10/15/2018,15.2,14.93,15.53,14.73,4.60M,3.61%
10/14/2018,14.67,15.78,15.83,14.33,2.76M,-6.98%
10/11/2018,15.77,16.67,16.7,15.68,3.95M,-7.24%
10/10/2018,17.0,17.03,17.13,16.93,608.47K,-0.58%
10/09/2018,17.1,17.13,17.17,16.97,1.58M,-0.41%
10/08/2018,17.17,17.2,17.4,17.03,1.06M,-0.35%
10/07/2018,17.23,17.3,17.3,17.0,894.20K,-0.58%
10/04/2018,17.33,17.1,17.43,17.0,1.40M,1.52%
10/03/2018,17.07,17.07,17.1,16.93,951.22K,-0.18%
10/02/2018,17.1,17.33,17.33,17.0,2.18M,-0.41%
10/01/2018,17.17,17.27,17.33,17.0,579.20K,-0.58%
09/30/2018,17.27,17.0,17.27,17.0,1.43M,1.77%
09/27/2018,16.97,16.8,16.97,16.7,483.03K,1.01%
09/26/2018,16.8,17.2,17.23,16.73,2.15M,-2.15%
09/25/2018,17.17,16.43,17.2,16.4,2.03M,4.82%
09/20/2018,16.38,16.63,16.65,16.33,919.20K,-1.03%
09/19/2018,16.55,16.3,16.6,16.28,1.03M,1.53%
09/18/2018,16.3,16.73,16.83,16.27,1.79M,-2.57%
09/17/2018,16.73,16.18,16.93,15.9,2.63M,3.27%
09/16/2018,16.2,16.47,16.47,16.1,1.31M,-1.40%
09/13/2018,16.43,16.67,16.67,16.35,746.27K,-1.32%
09/12/2018,16.65,16.77,16.8,16.63,1.41M,-0.72%
09/11/2018,16.77,16.8,16.8,16.67,570.97K,-0.36%
09/10/2018,16.83,16.93,17.07,16.77,429.01K,-0.59%
09/09/2018,16.93,17.03,17.1,16.7,916.86K,-0.59%
09/06/2018,17.03,17.33,17.33,16.5,3.57M,-1.73%
09/05/2018,17.33,18.0,18.0,16.58,3.16M,-3.18%
09/04/2018,17.9,17.87,18.03,17.83,389.38K,0.17%
09/03/2018,17.87,18.0,18.17,17.83,342.10K,-0.72%
09/02/2018,18.0,18.03,18.17,17.67,686.35K,-1.80%
08/30/2018,18.33,18.53,18.53,18.23,739.38K,-1.82%
08/29/2018,18.67,18.67,18.67,18.5,312.44K,-0.16%
08/28/2018,18.7,18.6,18.7,18.53,378.38K,1.08%
08/27/2018,18.5,18.67,18.67,18.43,285.21K,-0.91%
08/26/2018,18.67,18.57,18.67,18.5,431.87K,2.41%
08/16/2018,18.23,18.57,18.57,18.17,890.02K,-2.51%
08/15/2018,18.7,18.47,18.7,18.47,237.47K,0.38%
08/14/2018,18.63,18.5,18.67,18.4,511.84K,1.42%
08/13/2018,18.37,19.0,19.0,18.07,1.30M,-3.32%
08/12/2018,19.0,19.03,19.13,18.93,366.37K,0.00%
08/09/2018,19.0,19.0,19.1,18.93,312.85K,-0.16%
08/08/2018,19.03,19.17,19.4,19.0,1.23M,-0.73%
08/07/2018,19.17,18.93,19.17,18.87,478.74K,0.74%
08/06/2018,19.03,19.1,19.27,18.93,286.13K,-0.73%
08/05/2018,19.17,19.17,19.2,19.1,163.65K,0.00%
08/02/2018,19.17,19.13,19.23,19.1,208.41K,-0.52%
08/01/2018,19.27,19.1,19.3,19.1,380.82K,0.52%
07/31/2018,19.17,19.1,19.27,19.1,201.34K,0.00%
07/30/2018,19.17,19.17,19.3,19.1,960.31K,0.21%
07/29/2018,19.13,19.33,19.33,19.03,612.53K,-0.21%
07/26/2018,19.17,19.53,19.53,19.17,779.60K,-1.54%
07/25/2018,19.47,19.3,19.53,19.3,991.57K,1.04%
07/24/2018,19.27,19.37,19.63,19.17,1.23M,-0.31%
07/23/2018,19.33,19.57,19.7,19.33,833.25K,-1.38%
07/22/2018,19.6,19.5,19.67,19.4,1.53M,1.19%
07/19/2018,19.37,19.27,19.43,19.23,1.53M,0.73%
07/18/2018,19.23,19.4,19.4,19.13,569.94K,-0.52%
07/17/2018,19.33,19.33,19.43,19.17,694.89K,-0.87%
07/16/2018,19.5,19.2,19.5,19.1,1.30M,1.56%
07/15/2018,19.2,18.93,19.3,18.87,559.97K,0.68%
07/12/2018,19.07,18.77,19.13,18.77,223.84K,0.37%
07/11/2018,19.0,19.17,19.2,18.83,616.09K,-0.89%
07/10/2018,19.17,19.23,19.53,19.03,1.09M,-0.52%
07/09/2018,19.27,18.77,19.27,18.77,1.15M,2.66%
07/08/2018,18.77,18.5,18.9,18.5,722.44K,1.46%
07/05/2018,18.5,18.67,18.67,18.47,579.57K,-0.70%
07/04/2018,18.63,18.87,18.87,18.57,843.71K,-0.90%
07/03/2018,18.8,18.73,18.83,18.63,541.77K,0.37%
07/02/2018,18.73,19.0,19.07,18.7,539.10K,-1.27%
07/01/2018,18.97,19.0,19.17,18.97,363.10K,-0.52%
06/28/2018,19.07,19.3,19.37,19.03,629.93K,-1.35%
06/27/2018,19.33,19.03,19.33,19.03,376.00K,0.83%
06/26/2018,19.17,19.3,19.3,19.07,535.63K,-0.67%
06/25/2018,19.3,19.2,19.3,19.17,560.22K,0.52%
06/24/2018,19.2,19.13,19.27,19.13,623.93K,1.05%
06/21/2018,19.0,18.83,19.0,18.6,1.03M,1.06%
06/20/2018,18.8,19.27,19.27,18.73,814.93K,-1.42%
06/12/2018,19.07,19.17,19.3,19.07,1.20M,-0.16%
06/11/2018,19.1,19.43,19.43,19.07,827.11K,-2.05%
06/10/2018,19.5,19.83,19.83,19.47,802.61K,-1.02%
06/07/2018,19.7,19.83,19.83,19.3,1.54M,-0.66%
06/06/2018,19.83,19.83,19.83,19.53,1.10M,0.00%
06/05/2018,19.83,19.37,19.83,19.37,527.41K,0.81%
06/04/2018,19.67,19.5,19.73,19.43,810.18K,-0.15%
06/03/2018,19.7,19.7,20.0,19.67,2.33M,0.00%
05/31/2018,19.7,19.0,19.7,19.0,2.90M,4.07%
05/30/2018,18.93,18.83,19.0,18.83,873.82K,0.32%
05/29/2018,18.87,18.73,19.17,18.73,1.06M,0.53%
05/28/2018,18.77,18.53,18.87,18.53,362.87K,1.08%
05/27/2018,18.57,18.67,18.8,18.57,531.13K,-0.64%
05/24/2018,18.69,18.67,18.8,18.57,397.32K,-0.21%
05/23/2018,18.73,18.57,18.8,18.57,540.41K,0.21%
05/22/2018,18.69,18.57,18.73,18.4,496.30K,0.59%
05/21/2018,18.58,18.57,18.67,18.53,239.23K,0.05%
05/20/2018,18.57,18.57,18.67,18.37,331.46K,0.32%
05/17/2018,18.51,18.33,18.57,18.27,249.25K,0.54%
05/16/2018,18.41,18.57,18.57,18.33,291.52K,-1.13%
05/15/2018,18.62,18.67,18.7,18.57,257.16K,-0.27%
05/14/2018,18.67,18.5,18.7,18.5,971.91K,0.32%
05/13/2018,18.61,18.43,18.67,18.33,822.13K,1.20%
05/10/2018,18.39,18.23,18.5,18.03,1.07M,0.60%
05/09/2018,18.28,18.83,18.9,18.2,1.41M,-2.92%
05/08/2018,18.83,18.7,19.17,18.33,1.14M,-0.63%
05/07/2018,18.95,18.97,19.03,18.8,485.13K,-0.32%
05/06/2018,19.01,19.17,19.3,19.0,616.59K,-0.31%
05/03/2018,19.07,19.2,19.43,19.0,3.30M,2.20%
05/02/2018,18.66,18.8,18.83,18.53,801.20K,-0.74%
05/01/2018,18.8,18.97,19.0,18.67,750.38K,-0.69%
04/30/2018,18.93,18.67,19.1,18.6,1.44M,1.28%
04/29/2018,18.69,18.6,18.83,18.53,726.98K,0.32%
04/26/2018,18.63,18.57,18.77,18.4,663.52K,-0.16%
04/25/2018,18.66,18.77,18.9,18.5,788.96K,-0.59%
04/24/2018,18.77,19.0,19.13,18.7,1.22M,-2.14%
04/23/2018,19.18,19.0,19.57,19.0,1.32M,0.89%
04/22/2018,19.01,19.0,19.17,18.73,951.12K,-0.63%
04/19/2018,19.13,18.1,19.23,18.1,8.01M,6.10%
04/18/2018,18.03,17.9,18.07,17.83,2.32M,0.84%
04/17/2018,17.88,17.77,17.93,17.73,1.77M,0.45%
04/16/2018,17.8,17.83,18.03,17.7,1.59M,-0.06%
04/15/2018,17.81,17.67,17.9,17.67,596.87K,1.08%
04/12/2018,17.62,17.43,17.67,17.43,1.42M,0.34%
04/11/2018,17.56,17.87,17.97,17.47,2.76M,-1.84%
04/10/2018,17.89,18.0,18.1,17.87,569.85K,-0.67%
04/09/2018,18.01,17.83,18.07,17.77,1.32M,0.78%
04/08/2018,17.87,18.0,18.17,17.83,737.78K,-1.22%
04/05/2018,18.09,17.87,18.13,17.8,1.06M,1.46%
04/04/2018,17.83,17.6,17.87,17.6,1.09M,1.42%
04/03/2018,17.58,17.67,17.67,17.47,1.01M,0.06%
04/02/2018,17.57,17.5,17.63,17.4,923.14K,-0.06%
04/01/2018,17.58,18.1,18.27,17.5,1.86M,-3.67%
03/29/2018,18.25,18.47,18.47,17.97,2.35M,-1.08%
03/28/2018,18.45,18.33,18.5,18.27,1.79M,0.65%
03/27/2018,18.33,18.1,18.37,18.1,3.11M,1.33%
03/26/2018,18.09,17.53,18.17,17.53,2.23M,2.26%
03/25/2018,17.69,17.77,18.0,17.57,2.61M,-0.67%
03/22/2018,17.81,17.43,17.83,17.43,3.15M,2.59%
03/21/2018,17.36,17.0,17.67,17.0,3.87M,2.18%
03/20/2018,16.99,16.87,17.1,16.83,1.19M,0.47%
03/19/2018,16.91,17.07,17.13,16.9,1.47M,-1.28%
03/18/2018,17.13,17.43,17.43,17.07,855.89K,-1.38%
03/15/2018,17.37,17.23,17.4,17.0,1.21M,0.29%
03/14/2018,17.32,17.33,17.43,17.23,1.61M,0.06%
03/13/2018,17.31,17.27,17.33,17.17,1.04M,0.17%
03/12/2018,17.28,17.0,17.33,17.0,2.75M,1.65%
03/11/2018,17.0,16.7,17.1,16.7,2.32M,2.16%
03/08/2018,16.64,16.25,16.67,16.25,1.43M,2.40%
03/07/2018,16.25,16.3,16.5,16.22,1.24M,-0.18%
03/06/2018,16.28,16.5,16.7,16.2,1.64M,-0.73%
03/05/2018,16.4,16.33,16.53,16.17,985.83K,0.12%
03/04/2018,16.38,16.7,16.73,16.1,2.37M,-2.03%
03/01/2018,16.72,16.97,16.97,16.67,1.08M,-1.70%
02/28/2018,17.01,16.93,17.03,16.87,510.22K,0.35%
02/27/2018,16.95,17.17,17.23,16.9,2.01M,-1.63%
02/26/2018,17.23,17.03,17.27,17.03,617.83K,0.76%
02/25/2018,17.1,17.17,17.33,17.03,635.68K,-0.52%
02/22/2018,17.19,17.0,17.23,16.9,700.15K,1.12%
02/21/2018,17.0,17.0,17.1,16.97,591.06K,-0.06%
02/20/2018,17.01,17.23,17.23,17.0,1.24M,-1.05%
02/19/2018,17.19,17.37,17.37,17.17,1.14M,-1.09%
02/18/2018,17.38,17.4,17.5,17.37,522.79K,0.06%
02/15/2018,17.37,17.2,17.5,17.2,1.53M,1.34%
02/14/2018,17.14,17.0,17.27,16.9,918.00K,0.59%
02/13/2018,17.04,17.27,17.3,17.0,1.28M,-0.47%
02/12/2018,17.12,16.77,17.2,16.77,2.47M,2.33%
02/11/2018,16.73,16.83,17.0,16.63,1.53M,-1.47%
02/08/2018,16.98,16.83,17.1,16.83,1.71M,-0.06%
02/07/2018,16.99,17.4,17.47,16.93,2.69M,-1.85%
02/06/2018,17.31,17.5,17.5,17.27,2.43M,-2.31%
02/05/2018,17.72,17.67,17.8,17.57,1.28M,0.28%
02/04/2018,17.67,17.83,17.93,17.63,3.51M,-1.72%
02/01/2018,17.98,18.4,18.4,17.57,7.61M,-4.67%
01/31/2018,18.86,18.53,19.03,18.5,2.03M,1.56%
01/30/2018,18.57,18.53,18.6,18.4,801.01K,0.00%
01/29/2018,18.57,18.5,18.63,18.47,349.38K,0.05%
01/28/2018,18.56,18.5,18.63,18.5,490.94K,-0.54%
01/25/2018,18.66,18.43,18.73,18.4,1.54M,1.36%
01/24/2018,18.41,18.37,18.5,18.37,374.61K,-0.70%
01/23/2018,18.54,18.37,18.6,18.37,486.04K,0.76%
01/22/2018,18.4,18.4,18.53,18.4,583.16K,-0.27%
01/21/2018,18.45,18.5,18.6,18.33,818.91K,-0.86%
01/18/2018,18.61,18.57,18.83,18.53,1.15M,0.22%
01/17/2018,18.57,18.33,18.73,18.27,3.32M,1.03%
01/16/2018,18.38,18.47,18.53,18.23,2.07M,-0.38%
01/15/2018,18.45,18.0,18.5,18.0,4.37M,3.13%
01/14/2018,17.89,17.73,18.0,17.73,2.47M,1.25%
01/11/2018,17.67,17.57,17.7,17.47,1.15M,0.17%
01/10/2018,17.64,17.63,17.8,17.57,972.49K,0.23%
01/09/2018,17.6,17.43,17.67,17.43,886.18K,0.57%
01/08/2018,17.5,17.43,17.83,17.43,1.75M,-0.23%
01/07/2018,17.54,17.43,17.57,17.33,844.38K,1.10%
01/04/2018,17.35,17.33,17.53,17.3,1.07M,0.12%
01/03/2018,17.33,17.17,17.53,17.17,1.25M,0.58%
01/02/2018,17.23,17.27,17.4,17.17,617.87K,-0.23%
01/01/2018,17.27,17.07,17.33,17.07,555.58K,-0.17%
12/31/2017,17.3,17.43,17.57,17.27,1.18M,-0.86%
12/28/2017,17.45,17.23,17.7,17.17,3.54M,1.34%
12/27/2017,17.22,17.13,17.27,17.1,1.39M,0.41%
12/26/2017,17.15,17.07,17.2,17.07,695.70K,0.35%
12/25/2017,17.09,17.23,17.4,17.07,1.31M,-0.93%
12/24/2017,17.25,17.2,17.57,17.07,3.28M,1.17%
12/21/2017,17.05,17.07,17.33,17.0,1.80M,-0.12%
12/20/2017,17.07,17.4,17.47,17.03,1.90M,-1.16%
12/19/2017,17.27,17.23,17.4,17.07,2.69M,0.88%
12/18/2017,17.12,17.0,17.2,16.97,3.00M,1.12%
12/17/2017,16.93,17.07,17.2,16.87,1.30M,-0.65%
12/14/2017,17.04,17.33,17.33,16.93,1.12M,-0.87%
12/13/2017,17.19,17.63,17.67,17.13,1.88M,-2.39%
12/12/2017,17.61,17.83,17.87,17.6,1.76M,-1.23%
12/11/2017,17.83,17.97,18.0,17.77,749.02K,-0.89%
12/10/2017,17.99,17.77,18.0,17.67,1.70M,1.35%
12/07/2017,17.75,17.83,17.9,17.73,1.36M,-1.11%
12/06/2017,17.95,18.03,18.03,17.87,489.23K,-0.28%
12/05/2017,18.0,18.13,18.13,17.93,938.63K,-0.77%
12/04/2017,18.14,18.2,18.27,18.13,506.93K,-0.44%
12/03/2017,18.22,18.2,18.3,18.17,689.89K,0.44%
11/30/2017,18.14,18.07,18.27,18.07,623.50K,-0.44%
11/29/2017,18.22,18.17,18.33,18.13,895.16K,0.33%
11/28/2017,18.16,18.0,18.3,17.93,1.08M,0.94%
11/27/2017,17.99,17.93,18.1,17.93,626.12K,0.00%
11/26/2017,17.99,18.1,18.13,17.9,797.67K,0.00%
11/23/2017,17.99,18.0,18.23,17.93,1.20M,0.06%
11/22/2017,17.98,17.9,18.07,17.9,1.24M,-0.17%
11/21/2017,18.01,17.93,18.17,17.77,1.68M,-0.99%
11/20/2017,18.19,18.77,18.8,18.0,2.16M,-2.99%
11/19/2017,18.75,18.67,18.97,18.63,900.21K,0.05%
11/16/2017,18.74,18.57,18.77,18.5,986.11K,1.02%
11/15/2017,18.55,18.63,18.83,18.47,1.41M,-0.70%
11/14/2017,18.68,18.0,19.0,18.0,5.60M,3.78%
11/13/2017,18.0,17.6,18.03,17.47,5.12M,1.64%
11/12/2017,17.71,17.73,17.77,17.4,3.00M,0.00%
11/09/2017,17.71,17.63,17.9,17.37,4.31M,0.40%
11/08/2017,17.64,17.6,17.7,17.3,4.93M,0.11%
11/07/2017,17.62,17.67,17.8,16.87,13.59M,-0.45%
11/06/2017,17.7,17.5,17.87,17.17,7.38M,1.03%
11/05/2017,17.52,16.93,17.63,16.5,6.08M,3.18%
11/02/2017,16.98,17.17,17.17,16.97,732.41K,-1.05%
11/01/2017,17.16,17.2,17.4,17.07,1.38M,-0.12%
10/31/2017,17.18,16.8,17.3,16.67,2.64M,2.51%
10/30/2017,16.76,16.8,16.9,16.7,1.01M,-0.48%
10/29/2017,16.84,16.73,16.9,16.7,541.17K,0.54%
10/26/2017,16.75,16.8,16.9,16.7,604.65K,-0.65%
10/25/2017,16.86,16.8,16.93,16.67,602.25K,0.60%
10/24/2017,16.76,16.57,16.87,16.57,629.83K,0.90%
10/23/2017,16.61,16.57,16.7,16.57,698.82K,0.36%
10/22/2017,16.55,16.8,16.83,16.53,949.16K,-1.66%
10/19/2017,16.83,16.5,16.87,16.47,747.66K,1.69%
10/18/2017,16.55,16.6,16.63,16.53,384.28K,-0.54%
10/17/2017,16.64,16.6,16.65,16.5,386.23K,0.30%
10/16/2017,16.59,16.43,16.63,16.13,734.13K,2.03%
10/15/2017,16.26,16.38,16.7,16.23,1.15M,-2.17%
10/12/2017,16.62,16.08,16.67,16.0,1.23M,3.10%
10/11/2017,16.12,16.67,16.7,16.0,3.18M,-3.24%
10/10/2017,16.66,16.7,16.87,16.62,1.14M,-0.36%
10/09/2017,16.72,16.83,16.9,16.63,1.14M,-1.47%
10/08/2017,16.97,17.17,17.23,16.83,914.45K,-1.16%
10/05/2017,17.17,17.27,17.3,17.13,883.41K,-0.87%
10/04/2017,17.32,17.13,17.37,17.13,1.54M,0.70%
10/03/2017,17.2,17.23,17.23,17.1,638.19K,0.35%
10/02/2017,17.14,17.1,17.23,17.03,692.85K,0.23%
10/01/2017,17.1,17.07,17.17,16.9,1.39M,-1.67%
09/28/2017,17.39,17.2,17.43,17.07,1.95M,1.81%
09/27/2017,17.08,16.97,17.13,16.9,602.45K,0.53%
09/26/2017,16.99,17.1,17.17,16.9,1.54M,-0.35%
09/25/2017,17.05,17.27,17.33,16.87,1.92M,-1.73%
09/21/2017,17.35,17.5,17.6,17.27,1.04M,-0.80%
09/20/2017,17.49,17.27,17.57,17.27,749.31K,0.98%
09/19/2017,17.32,17.4,17.57,17.2,1.94M,-1.25%
09/18/2017,17.54,17.7,17.73,17.5,1.25M,-1.13%
09/17/2017,17.74,17.87,18.0,17.53,1.58M,-0.45%
09/14/2017,17.82,17.77,17.93,17.67,1.14M,0.06%
09/13/2017,17.81,17.6,18.0,17.47,2.14M,1.08%
09/12/2017,17.62,17.7,17.87,17.57,1.07M,-1.01%
09/11/2017,17.8,17.8,17.9,17.6,1.75M,0.45%
09/10/2017,17.72,17.53,17.83,17.47,2.61M,1.14%
09/07/2017,17.52,17.1,17.63,17.07,3.70M,2.46%
09/06/2017,17.1,16.97,17.3,16.97,2.27M,1.79%
08/29/2017,16.8,16.8,16.9,16.62,1.38M,0.96%
08/28/2017,16.64,16.53,16.83,16.52,1.32M,0.48%
08/27/2017,16.56,16.73,16.83,16.5,2.12M,-1.13%
08/24/2017,16.75,16.83,16.97,16.67,1.92M,-0.42%
08/23/2017,16.82,17.03,17.1,16.73,2.82M,-1.12%
08/22/2017,17.01,16.77,17.2,16.77,2.48M,1.55%
08/21/2017,16.75,16.8,17.07,16.73,2.19M,0.66%
08/20/2017,16.64,16.43,17.0,16.37,3.49M,1.90%
08/17/2017,16.33,16.13,16.55,16.13,2.10M,1.37%
08/16/2017,16.11,16.0,16.17,15.97,468.91K,0.31%
08/15/2017,16.06,16.17,16.3,16.03,624.79K,-0.62%
08/14/2017,16.16,16.33,16.38,16.13,1.31M,-0.92%
08/13/2017,16.31,16.17,16.53,16.17,1.71M,0.62%
08/10/2017,16.21,16.17,16.38,16.1,1.57M,0.50%
08/09/2017,16.13,16.07,16.45,16.02,1.61M,0.31%
08/08/2017,16.08,16.07,16.17,16.0,922.74K,0.00%
08/07/2017,16.08,16.07,16.23,16.0,791.70K,0.12%
08/06/2017,16.06,16.0,16.23,16.0,496.54K,-0.50%
08/03/2017,16.14,15.83,16.17,15.83,1.67M,1.00%
08/02/2017,15.98,16.05,16.07,15.9,985.47K,-0.87%
08/01/2017,16.12,16.52,16.73,16.08,5.35M,1.13%
07/31/2017,15.94,15.72,16.03,15.7,1.36M,1.27%
07/30/2017,15.74,15.93,16.0,15.73,924.57K,-1.25%
07/27/2017,15.94,16.0,16.1,15.93,510.35K,-0.50%
07/26/2017,16.02,16.07,16.17,15.97,656.77K,0.19%
07/25/2017,15.99,16.15,16.23,15.93,1.91M,-1.05%
07/24/2017,16.16,16.37,16.47,16.13,1.86M,-1.52%
07/23/2017,16.41,16.33,16.5,16.25,818.59K,0.67%
07/20/2017,16.3,16.4,16.42,16.15,1.77M,-0.67%
07/19/2017,16.41,16.38,16.55,16.35,905.95K,-0.61%
07/18/2017,16.51,16.53,16.6,16.35,1.04M,-0.24%
07/17/2017,16.55,16.93,17.03,16.53,1.38M,-2.24%
07/16/2017,16.93,16.9,17.07,16.87,685.35K,0.30%
07/13/2017,16.88,17.07,17.23,16.83,2.32M,-0.88%
07/12/2017,17.03,16.87,17.27,16.87,2.78M,1.01%
07/11/2017,16.86,17.17,17.17,16.83,2.36M,0.12%
07/10/2017,16.84,16.83,17.2,16.8,4.07M,0.78%
07/09/2017,16.71,16.58,17.03,16.58,2.45M,0.54%
07/06/2017,16.62,16.8,16.9,16.55,2.17M,-1.13%
07/05/2017,16.81,17.0,17.33,16.73,5.77M,-1.64%
07/04/2017,17.09,17.37,17.8,16.97,5.34M,-3.93%
07/03/2017,17.79,17.53,17.9,17.17,12.68M,0.62%
07/02/2017,17.68,16.1,17.93,15.78,22.72M,8.33%
06/22/2017,16.32,14.97,16.45,14.87,26.88M,9.02%
06/21/2017,14.97,13.67,14.97,13.67,27.01M,9.99%
06/20/2017,13.61,13.97,13.97,13.53,1.17M,-1.66%
06/19/2017,13.84,13.37,13.97,13.37,1.61M,3.13%
06/18/2017,13.42,13.37,13.47,13.17,639.22K,0.15%
06/15/2017,13.4,13.6,13.73,13.27,1.45M,-2.26%
06/14/2017,13.71,13.62,13.8,13.62,497.61K,0.59%
06/13/2017,13.63,13.62,13.85,13.62,285.29K,-0.22%
06/12/2017,13.66,13.6,13.67,13.58,416.39K,0.29%
06/11/2017,13.62,13.87,13.87,13.6,944.80K,-1.80%
06/08/2017,13.87,13.87,13.9,13.85,390.36K,-0.07%
06/07/2017,13.88,13.9,13.97,13.8,443.34K,0.00%
06/06/2017,13.88,14.0,14.07,13.83,495.92K,-0.64%
06/05/2017,13.97,13.93,14.0,13.83,999.28K,0.14%
06/04/2017,13.95,13.93,14.0,13.9,633.95K,0.58%
06/01/2017,13.87,13.77,13.97,13.77,568.77K,0.73%
05/31/2017,13.77,13.8,13.83,13.73,127.79K,-0.22%
05/30/2017,13.8,13.83,13.87,13.77,178.94K,0.15%
05/29/2017,13.78,13.67,13.83,13.67,260.66K,0.73%
05/28/2017,13.68,13.8,13.83,13.63,1.32M,-1.30%
05/25/2017,13.86,13.87,14.03,13.8,1.05M,0.22%
05/24/2017,13.83,13.87,13.93,13.8,913.14K,-0.79%
05/23/2017,13.94,14.17,14.2,13.9,1.83M,-2.38%
05/22/2017,14.28,14.3,14.33,14.17,1.33M,0.07%
05/21/2017,14.27,14.43,14.67,14.27,5.00M,1.86%
05/18/2017,14.01,13.87,14.17,13.83,3.05M,0.57%
05/17/2017,13.93,13.97,14.03,13.87,589.11K,-0.50%
05/16/2017,14.0,13.83,14.0,13.83,1.63M,0.72%
05/15/2017,13.9,13.83,13.93,13.83,883.41K,0.94%
05/14/2017,13.77,13.73,13.9,13.7,425.14K,-0.15%
05/11/2017,13.79,13.9,13.9,13.73,833.04K,-0.86%
05/10/2017,13.91,13.7,13.93,13.67,963.49K,1.53%
05/09/2017,13.7,13.77,13.8,13.67,1.35M,-0.58%
05/08/2017,13.78,13.9,13.9,13.7,1.76M,-0.79%
05/07/2017,13.89,14.03,14.23,13.83,4.98M,-0.64%
05/04/2017,13.98,13.73,14.0,13.73,1.90M,0.79%
05/03/2017,13.87,13.83,14.0,13.8,2.70M,0.29%
05/02/2017,13.83,13.73,13.83,13.7,840.13K,0.44%
05/01/2017,13.77,13.67,13.83,13.67,1.09M,0.15%
04/30/2017,13.75,13.5,13.8,13.5,898.87K,2.15%
04/27/2017,13.46,13.33,13.47,13.23,568.72K,0.37%
04/26/2017,13.41,13.5,13.5,13.33,1.03M,-0.45%
04/25/2017,13.47,13.77,13.77,13.43,668.44K,-1.89%
04/24/2017,13.73,13.77,13.77,13.67,409.12K,-0.44%
04/23/2017,13.79,13.63,14.0,13.63,1.54M,2.76%
04/20/2017,13.42,13.33,13.5,13.33,277.27K,0.15%
04/19/2017,13.4,13.4,13.47,13.3,420.03K,0.30%
04/18/2017,13.36,13.6,13.73,13.33,1.60M,-1.98%
04/17/2017,13.63,13.63,13.7,13.6,415.48K,-0.22%
04/16/2017,13.66,13.8,13.8,13.6,1.90M,-2.15%
04/13/2017,13.96,13.93,14.0,13.9,1.14M,0.50%
04/12/2017,13.89,13.87,14.0,13.8,894.94K,0.14%
04/11/2017,13.87,13.97,14.0,13.87,958.59K,-0.36%
04/10/2017,13.92,13.5,14.0,13.5,3.89M,2.58%
04/09/2017,13.57,13.53,13.63,13.53,311.68K,0.22%
04/06/2017,13.54,13.53,13.6,13.5,349.89K,-0.44%
04/05/2017,13.6,13.63,13.73,13.43,789.94K,-0.37%
04/04/2017,13.65,13.63,13.67,13.57,1.12M,0.29%
04/03/2017,13.61,13.5,13.9,13.4,2.96M,0.07%
04/02/2017,13.6,13.67,13.67,13.57,944.85K,-0.22%
03/30/2017,13.63,13.57,13.67,13.57,1.04M,0.29%
03/29/2017,13.59,13.5,13.63,13.5,664.23K,0.67%
03/28/2017,13.5,13.43,13.53,13.4,1.50M,0.60%
03/27/2017,13.42,13.23,13.43,13.2,384.40K,0.45%
03/26/2017,13.36,13.33,13.4,13.3,865.36K,0.98%
03/23/2017,13.23,13.1,13.3,13.1,460.45K,1.15%
03/22/2017,13.08,13.27,13.27,13.07,1.28M,-1.95%
03/21/2017,13.34,13.4,13.43,13.33,1.37M,-0.60%
03/20/2017,13.42,13.3,13.47,13.3,1.04M,0.60%
03/19/2017,13.34,13.27,13.37,13.2,669.60K,0.91%
03/16/2017,13.22,13.07,13.27,13.07,2.13M,-0.15%
03/15/2017,13.24,13.23,13.3,13.13,958.55K,-0.15%
03/14/2017,13.26,13.13,13.27,13.0,1.66M,0.68%
03/13/2017,13.17,13.0,13.3,13.0,972.82K,0.46%
03/12/2017,13.11,13.4,13.43,13.0,1.84M,-2.60%
03/09/2017,13.46,13.47,13.57,13.37,1.26M,-0.30%
03/08/2017,13.5,13.53,13.67,13.47,731.31K,-0.74%
03/07/2017,13.6,13.57,13.67,13.53,906.98K,0.52%
03/06/2017,13.53,13.43,13.53,13.37,614.15K,0.45%
03/05/2017,13.47,13.6,13.63,13.47,616.35K,-1.32%
03/02/2017,13.65,13.4,13.67,13.4,1.52M,1.56%
03/01/2017,13.44,13.5,13.5,13.37,549.48K,0.00%
02/28/2017,13.44,13.43,13.5,13.33,1.71M,-0.44%
02/27/2017,13.5,13.5,13.6,13.43,1.33M,-0.30%
02/26/2017,13.54,13.47,13.73,13.43,1.94M,0.52%
02/23/2017,13.47,13.33,13.5,13.2,836.89K,0.97%
02/22/2017,13.34,13.5,13.67,13.3,2.58M,-1.33%
02/21/2017,13.52,13.43,13.53,13.37,2.09M,0.82%
02/20/2017,13.41,13.67,13.7,13.37,3.62M,-1.97%
02/19/2017,13.68,13.8,13.8,13.67,1.31M,-0.65%
02/16/2017,13.77,13.87,13.9,13.77,1.07M,-0.29%
02/15/2017,13.81,13.63,13.87,13.63,1.13M,0.73%
02/14/2017,13.71,13.8,13.8,13.63,3.54M,-0.87%
02/13/2017,13.83,13.9,13.93,13.8,2.54M,-0.65%
02/12/2017,13.92,13.97,14.07,13.87,2.86M,0.51%
02/09/2017,13.85,13.73,14.0,13.67,1.91M,0.44%
02/08/2017,13.79,13.87,13.87,13.63,3.32M,-0.79%
02/07/2017,13.9,14.03,14.1,13.83,2.68M,-0.79%
02/06/2017,14.01,13.73,14.1,13.73,2.00M,1.74%
02/05/2017,13.77,13.93,13.93,13.77,2.05M,-0.72%
02/02/2017,13.87,14.23,14.6,13.77,5.21M,-3.48%
02/01/2017,14.37,14.23,14.4,14.2,2.17M,0.91%
01/31/2017,14.24,14.07,14.43,14.03,4.41M,0.71%
01/30/2017,14.14,13.97,14.37,13.97,10.34M,1.36%
01/29/2017,13.95,13.33,14.1,13.3,8.60M,4.57%
01/26/2017,13.34,13.33,13.4,13.3,2.34M,0.30%
01/25/2017,13.3,13.3,13.4,13.3,2.45M,-0.15%
01/24/2017,13.32,13.3,13.4,13.23,2.95M,0.15%
01/23/2017,13.3,13.07,13.33,13.03,4.22M,2.07%
01/22/2017,13.03,13.0,13.07,12.83,2.97M,-0.38%
01/19/2017,13.08,13.27,13.27,13.07,1.17M,-1.21%
01/18/2017,13.24,13.37,13.37,13.2,2.26M,-0.30%
01/17/2017,13.28,13.0,13.33,12.93,2.39M,1.76%
01/16/2017,13.05,13.3,13.3,13.0,2.67M,-2.10%
01/15/2017,13.33,13.37,13.43,13.27,1.36M,-0.07%
01/12/2017,13.34,13.4,13.5,13.27,5.09M,-0.22%
01/11/2017,13.37,13.2,13.4,13.17,4.51M,0.98%
01/10/2017,13.24,13.1,13.27,13.1,1.63M,0.15%
01/09/2017,13.22,13.2,13.27,13.07,2.61M,0.00%
01/08/2017,13.22,13.33,13.43,13.17,2.89M,-0.45%
01/05/2017,13.28,13.1,13.47,13.1,4.96M,0.84%
01/04/2017,13.17,13.1,13.23,13.07,4.93M,0.53%
01/03/2017,13.1,13.13,13.2,13.03,3.12M,-0.61%
01/02/2017,13.18,13.13,13.3,13.1,5.66M,1.07%
01/01/2017,13.04,13.03,13.1,12.97,2.16M,0.31%
12/29/2016,13.0,13.13,13.17,12.97,5.46M,-0.54%
12/28/2016,13.07,13.07,13.2,13.03,4.37M,0.00%
12/27/2016,13.07,13.0,13.13,12.97,4.06M,0.38%
12/26/2016,13.02,13.2,13.27,12.97,4.27M,-1.06%
12/25/2016,13.16,13.3,13.4,13.13,5.01M,-0.45%
12/22/2016,13.22,12.83,13.27,12.73,7.30M,3.44%
12/21/2016,12.78,12.67,12.83,12.57,2.38M,1.19%
12/20/2016,12.63,12.6,12.7,12.5,2.50M,-0.08%
12/19/2016,12.64,12.93,13.0,12.6,4.33M,-2.09%
12/18/2016,12.91,12.67,12.93,12.63,4.03M,1.97%
12/15/2016,12.66,12.63,12.77,12.5,2.46M,0.00%
12/14/2016,12.66,12.63,12.77,12.57,2.96M,0.16%
12/13/2016,12.64,12.97,12.97,12.6,2.78M,-2.62%
12/12/2016,12.98,13.2,13.2,12.93,3.19M,-1.29%
12/11/2016,13.15,13.27,13.3,13.13,3.99M,-0.23%
12/08/2016,13.18,13.23,13.3,13.17,2.24M,-0.75%
12/07/2016,13.28,13.3,13.33,13.13,3.89M,-0.15%
12/06/2016,13.3,13.33,13.37,13.17,3.97M,-0.23%
12/05/2016,13.33,13.1,13.37,13.0,5.25M,1.21%
12/04/2016,13.17,13.33,13.5,13.13,6.15M,-1.20%
12/01/2016,13.33,13.63,13.7,13.27,8.36M,-0.45%
11/30/2016,13.39,13.5,13.8,13.37,12.69M,1.21%
11/29/2016,13.23,13.57,13.77,13.17,5.36M,-3.01%
11/28/2016,13.64,13.33,13.7,13.3,7.41M,2.63%
11/27/2016,13.29,13.2,13.47,13.2,5.24M,0.76%
11/24/2016,13.19,13.37,13.73,13.13,10.76M,-0.60%
11/23/2016,13.27,13.0,13.33,13.0,5.20M,2.87%
11/22/2016,12.9,12.73,12.93,12.7,1.33M,1.82%
11/21/2016,12.67,12.77,12.9,12.6,1.24M,-0.71%
11/20/2016,12.76,12.87,12.93,12.67,1.60M,-1.62%
11/17/2016,12.97,12.97,13.03,12.87,1.58M,-0.23%
11/16/2016,13.0,12.97,13.07,12.77,2.92M,2.04%
11/15/2016,12.74,12.77,13.03,12.43,3.87M,-1.24%
11/14/2016,12.9,13.3,13.3,12.87,8.36M,-2.93%
11/13/2016,13.29,13.23,13.37,13.17,4.18M,0.23%
11/10/2016,13.26,13.33,13.4,13.2,4.70M,0.00%
11/09/2016,13.26,13.07,13.37,13.03,6.40M,-0.67%
11/08/2016,13.35,13.0,13.4,13.0,15.08M,2.85%
11/07/2016,12.98,13.1,13.2,12.9,4.85M,-0.46%
11/06/2016,13.04,13.03,13.3,12.93,5.40M,-0.69%
11/03/2016,13.13,12.77,13.17,12.77,3.62M,2.58%
11/02/2016,12.8,12.83,13.03,12.67,3.63M,-1.46%
11/01/2016,12.99,12.9,13.13,12.7,7.41M,0.39%
10/31/2016,12.94,12.5,13.0,12.5,5.40M,2.86%
10/30/2016,12.58,12.33,12.63,12.33,5.14M,1.86%
10/27/2016,12.35,12.3,12.47,12.23,2.36M,0.41%
10/26/2016,12.3,12.47,12.5,12.2,4.04M,-1.20%
10/25/2016,12.45,12.6,12.7,12.37,6.58M,0.97%
10/24/2016,12.33,12.03,12.47,12.03,6.80M,2.41%
10/23/2016,12.04,11.67,12.07,11.67,5.96M,3.17%
10/20/2016,11.67,11.3,11.73,11.3,6.10M,3.27%
10/19/2016,11.3,11.0,11.37,11.0,2.52M,2.08%
10/18/2016,11.07,10.93,11.17,10.73,3.13M,-0.90%
10/17/2016,11.17,11.13,11.27,10.87,2.72M,0.18%
10/16/2016,11.15,11.23,11.4,11.03,3.52M,-0.98%
10/13/2016,11.26,11.2,11.33,11.17,5.09M,0.99%
10/12/2016,11.15,10.87,11.17,10.83,1.82M,2.48%
10/11/2016,10.88,10.67,10.9,10.63,3.74M,2.06%
10/10/2016,10.66,10.47,10.67,10.4,3.32M,1.14%
10/09/2016,10.54,10.47,10.67,10.4,2.22M,-0.28%
10/06/2016,10.57,10.37,10.63,10.37,3.50M,2.03%
10/05/2016,10.36,10.27,10.43,10.23,2.61M,1.07%
10/04/2016,10.25,10.07,10.3,9.97,2.34M,2.50%
10/03/2016,10.0,9.73,10.13,9.53,3.45M,3.63%
10/02/2016,9.65,10.17,10.27,9.6,3.22M,-4.08%
09/29/2016,10.06,9.83,10.17,9.7,4.73M,3.60%
09/28/2016,9.71,10.0,10.23,9.27,5.58M,-2.71%
09/27/2016,9.98,10.3,10.43,9.9,4.24M,-6.99%
09/26/2016,10.73,10.73,11.03,10.67,2.86M,0.66%
09/25/2016,10.66,10.67,10.73,10.43,2.22M,0.66%
09/21/2016,10.59,10.63,10.7,10.47,1.56M,0.38%
09/20/2016,10.55,10.57,10.73,10.33,1.99M,0.09%
09/19/2016,10.54,11.1,11.1,10.17,2.91M,-4.09%
09/18/2016,10.99,11.37,11.4,10.97,1.56M,-4.52%
09/08/2016,11.51,11.53,11.57,11.43,1.95M,0.00%
09/07/2016,11.51,11.73,11.73,11.43,2.15M,-1.54%
09/06/2016,11.69,11.73,12.13,11.63,5.01M,0.69%
09/05/2016,11.61,11.53,11.83,11.5,1.82M,0.96%
09/04/2016,11.5,11.47,11.6,11.47,810.76K,1.05%
09/01/2016,11.38,11.43,11.43,11.27,1.40M,-1.22%
08/31/2016,11.52,11.63,11.63,11.5,1.05M,-0.78%
08/30/2016,11.61,11.27,11.77,11.27,1.94M,3.02%
08/29/2016,11.27,11.17,11.43,11.17,1.90M,0.45%
08/28/2016,11.22,11.07,11.3,11.07,2.30M,1.91%
08/25/2016,11.01,10.67,11.07,10.53,3.85M,1.47%
08/24/2016,10.85,11.33,11.37,10.77,2.32M,-4.15%
08/23/2016,11.32,11.07,11.43,11.07,2.91M,1.43%
08/22/2016,11.16,11.53,11.6,11.07,3.05M,-3.96%
08/21/2016,11.62,11.83,11.9,11.57,2.15M,-1.69%
08/18/2016,11.82,11.97,12.0,11.73,1.40M,-1.01%
08/17/2016,11.94,12.07,12.13,11.83,2.80M,-1.08%
08/16/2016,12.07,12.07,12.17,12.07,813.28K,-0.25%
08/15/2016,12.1,12.2,12.2,12.1,1.66M,-0.49%
08/14/2016,12.16,12.2,12.23,12.13,2.07M,0.66%
08/11/2016,12.08,12.07,12.13,12.03,1.01M,-0.25%
08/10/2016,12.11,12.2,12.2,12.07,2.40M,-0.57%
08/09/2016,12.18,12.0,12.2,11.97,2.91M,2.10%
08/08/2016,11.93,12.0,12.03,11.83,1.43M,-0.33%
08/07/2016,11.97,11.97,12.03,11.93,1.61M,0.93%
08/04/2016,11.86,11.97,12.0,11.83,1.37M,0.00%
08/03/2016,11.86,11.9,11.9,11.77,1.81M,-0.25%
08/02/2016,11.89,12.17,12.17,11.77,3.22M,-2.06%
08/01/2016,12.14,11.77,12.2,11.77,2.65M,3.94%
07/31/2016,11.68,11.8,11.93,11.6,3.43M,-1.43%
07/28/2016,11.85,12.17,12.23,11.8,6.54M,-2.55%
07/27/2016,12.16,12.07,12.2,12.03,1.32M,0.41%
07/26/2016,12.11,12.3,12.33,12.07,2.50M,-1.70%
07/25/2016,12.32,12.03,12.37,12.0,2.84M,2.07%
07/24/2016,12.07,12.2,12.37,11.97,3.22M,-1.23%
07/21/2016,12.22,12.3,12.33,12.2,2.58M,-0.41%
07/20/2016,12.27,12.47,12.47,12.23,3.67M,-0.97%
07/19/2016,12.39,12.47,12.67,12.23,10.41M,-4.03%
07/18/2016,12.91,13.1,13.1,12.8,4.43M,-1.45%
07/17/2016,13.1,13.03,13.2,13.03,3.80M,0.46%
07/14/2016,13.04,13.3,13.3,12.93,5.64M,-1.66%
07/13/2016,13.26,13.3,13.53,13.2,8.55M,1.38%
07/12/2016,13.08,12.43,13.23,12.43,7.92M,5.74%
07/11/2016,12.37,12.47,12.53,12.27,5.82M,-0.96%
07/10/2016,12.49,12.3,12.53,12.3,1.84M,2.04%
06/30/2016,12.24,12.5,12.5,12.17,2.68M,-1.61%
06/29/2016,12.44,12.53,12.67,12.43,1.68M,-0.96%
06/28/2016,12.56,12.43,12.57,12.33,2.31M,0.72%
06/27/2016,12.47,12.67,12.77,12.43,3.68M,-1.27%
06/26/2016,12.63,12.33,12.7,12.33,3.08M,-1.56%
06/23/2016,12.83,12.67,12.87,12.57,3.13M,1.26%
06/22/2016,12.67,12.6,12.73,12.53,2.29M,0.72%
06/21/2016,12.58,12.57,12.63,12.53,1.33M,0.24%
06/20/2016,12.55,12.53,12.6,12.5,2.04M,0.40%
06/19/2016,12.5,12.57,12.73,12.47,3.16M,0.32%
06/16/2016,12.46,12.5,12.53,12.33,3.05M,-0.64%
06/15/2016,12.54,12.67,12.77,12.53,3.27M,-1.34%
06/14/2016,12.71,12.7,12.77,12.6,2.92M,0.24%
06/13/2016,12.68,12.67,12.8,12.6,2.66M,-0.31%
06/12/2016,12.72,12.93,12.93,12.7,2.92M,-1.85%
06/09/2016,12.96,13.2,13.27,12.93,3.74M,-1.89%
06/08/2016,13.21,13.3,13.37,13.07,5.92M,0.38%
06/07/2016,13.16,13.13,13.27,13.03,5.01M,2.09%
06/06/2016,12.89,13.0,13.07,12.6,7.12M,-0.39%
06/05/2016,12.94,13.27,13.3,12.9,2.83M,-3.07%
06/02/2016,13.35,13.43,13.57,13.3,4.89M,-0.37%
06/01/2016,13.4,12.67,13.47,12.67,8.26M,4.93%
05/31/2016,12.77,12.37,12.8,12.27,5.08M,3.57%
05/30/2016,12.33,12.5,12.6,12.27,4.88M,-1.83%
05/29/2016,12.56,12.8,12.9,12.43,4.38M,-2.18%
05/26/2016,12.84,13.3,13.3,12.83,5.53M,-1.91%
05/25/2016,13.09,13.37,13.43,13.03,5.85M,-0.76%
05/24/2016,13.19,12.67,13.27,12.67,7.26M,3.37%
05/23/2016,12.76,13.17,13.17,12.57,7.46M,-3.63%
05/22/2016,13.24,13.57,13.57,13.2,3.67M,-2.07%
05/19/2016,13.52,13.77,13.77,13.33,10.82M,-2.31%
05/18/2016,13.84,13.83,13.97,13.73,4.80M,-0.22%
05/17/2016,13.87,13.97,14.13,13.83,8.56M,0.00%
05/16/2016,13.87,13.77,14.0,13.53,9.92M,1.24%
05/15/2016,13.7,13.4,14.4,13.37,20.94M,3.71%
05/12/2016,13.21,12.77,13.43,12.77,14.92M,3.45%
05/11/2016,12.77,12.77,12.9,12.67,2.32M,0.87%
05/10/2016,12.66,12.7,12.7,12.57,3.15M,-0.71%
05/09/2016,12.75,12.87,12.87,12.67,5.76M,-0.62%
05/08/2016,12.83,12.83,13.1,12.77,12.83M,1.91%
05/05/2016,12.59,12.63,12.83,12.53,6.91M,0.24%
05/04/2016,12.56,12.77,12.8,12.5,7.89M,-2.26%
05/03/2016,12.85,13.0,13.07,12.37,12.16M,-1.23%
05/02/2016,13.01,13.6,13.6,12.8,15.45M,-2.84%
05/01/2016,13.39,12.67,13.4,12.53,27.67M,9.84%
04/28/2016,12.19,12.1,12.5,11.93,7.49M,1.67%
04/27/2016,11.99,11.83,12.13,11.77,5.51M,1.87%
04/26/2016,11.77,11.77,12.43,11.57,15.69M,0.34%
04/25/2016,11.73,11.33,11.87,11.07,15.87M,4.36%
04/24/2016,11.24,10.97,11.33,10.93,8.61M,2.37%
04/21/2016,10.98,10.57,11.0,10.57,11.25M,4.57%
04/20/2016,10.5,10.37,10.63,10.3,6.64M,1.06%
04/19/2016,10.39,10.13,10.43,10.13,10.33M,3.08%
04/18/2016,10.08,9.67,10.17,9.57,11.35M,5.66%
04/17/2016,9.54,9.67,9.7,9.53,2.50M,-1.14%
04/14/2016,9.65,9.77,9.77,9.57,2.64M,-0.52%
04/13/2016,9.7,9.73,9.77,9.63,1.53M,0.41%
04/12/2016,9.66,9.6,9.73,9.6,2.24M,0.52%
04/11/2016,9.61,9.67,9.67,9.57,1.29M,-1.13%
04/10/2016,9.72,9.73,9.83,9.7,1.39M,0.41%
04/07/2016,9.68,9.8,9.8,9.67,1.58M,-0.21%
04/06/2016,9.7,9.7,9.8,9.67,879.28K,0.00%
04/05/2016,9.7,9.83,9.9,9.67,1.75M,-1.62%
04/04/2016,9.86,9.93,10.0,9.77,3.78M,0.10%
04/03/2016,9.85,9.43,9.93,9.4,8.20M,4.01%
03/31/2016,9.47,9.4,9.5,9.3,2.34M,0.21%
03/30/2016,9.45,9.53,9.53,9.4,2.94M,0.21%
03/29/2016,9.43,9.43,9.5,9.3,2.42M,-0.21%
03/28/2016,9.45,9.53,9.6,9.4,4.62M,0.00%
03/27/2016,9.45,9.83,9.9,9.37,5.65M,-4.74%
03/24/2016,9.92,10.03,10.03,9.9,2.26M,-1.59%
03/23/2016,10.08,10.13,10.17,10.03,2.17M,-0.49%
03/22/2016,10.13,10.23,10.33,10.07,5.41M,-1.27%
03/21/2016,10.26,10.3,10.4,10.17,4.74M,-0.58%
03/20/2016,10.32,10.4,10.53,10.27,8.23M,0.19%
03/17/2016,10.3,10.33,10.4,10.2,7.91M,0.88%
03/16/2016,10.21,10.17,10.23,10.07,5.45M,0.99%
03/15/2016,10.11,10.13,10.17,10.03,1.66M,-0.98%
03/14/2016,10.21,10.37,10.4,10.13,2.68M,-1.83%
03/13/2016,10.4,10.43,10.5,10.37,2.92M,-0.29%
03/10/2016,10.43,10.47,10.57,10.43,1.65M,-0.19%
03/09/2016,10.45,10.5,10.53,10.4,4.18M,-1.23%
03/08/2016,10.58,10.5,10.6,10.4,6.80M,0.86%
03/07/2016,10.49,10.5,10.6,10.43,1.39M,-0.66%
03/06/2016,10.56,10.5,10.67,10.5,2.25M,2.13%
03/03/2016,10.34,10.4,10.43,10.3,2.14M,-0.29%
03/02/2016,10.37,10.67,10.67,10.33,1.95M,-1.98%
03/01/2016,10.58,10.57,10.8,10.57,1.80M,0.57%
02/29/2016,10.52,10.57,10.7,10.47,1.39M,-0.57%
02/28/2016,10.58,10.5,10.63,10.5,1.50M,2.03%
02/25/2016,10.37,10.63,10.63,10.33,1.79M,-1.89%
02/24/2016,10.57,10.83,10.83,10.57,1.51M,-2.67%
02/23/2016,10.86,11.0,11.03,10.83,1.47M,-1.09%
02/22/2016,10.98,10.9,11.1,10.9,4.51M,0.46%
02/21/2016,10.93,11.0,11.03,10.9,3.30M,0.37%
02/18/2016,10.89,10.83,11.03,10.73,7.78M,2.06%
02/17/2016,10.67,10.17,10.7,10.1,7.43M,4.61%
02/16/2016,10.2,10.13,10.33,10.0,6.84M,1.69%
02/15/2016,10.03,9.9,10.07,9.87,6.49M,1.72%
02/14/2016,9.86,10.07,10.13,9.77,7.34M,-0.70%
02/11/2016,9.93,9.93,10.03,9.83,6.87M,0.40%
02/10/2016,9.89,9.83,9.97,9.83,2.60M,-0.10%
02/09/2016,9.9,9.73,10.1,9.73,7.80M,0.81%
02/08/2016,9.82,9.87,10.03,9.63,8.43M,0.10%
02/07/2016,9.81,9.93,9.93,9.77,5.13M,-1.60%
02/04/2016,9.97,10.1,10.13,9.9,6.30M,0.71%
02/03/2016,9.9,9.67,9.93,9.67,2.08M,0.92%
02/02/2016,9.81,9.9,9.97,9.8,5.49M,-1.80%
02/01/2016,9.99,9.9,10.1,9.83,6.89M,0.71%
01/31/2016,9.92,9.97,10.07,9.9,11.88M,1.74%
01/28/2016,9.75,9.7,9.9,9.7,10.78M,0.83%
01/27/2016,9.67,9.7,9.83,9.67,5.42M,0.21%
01/26/2016,9.65,9.43,9.73,9.37,4.65M,0.00%
01/25/2016,9.65,9.9,9.9,9.6,4.32M,-2.13%
01/24/2016,9.86,10.03,10.33,9.77,5.69M,3.46%
01/21/2016,9.53,8.9,9.67,8.7,5.49M,1.60%
01/20/2016,9.38,9.63,9.63,9.27,7.01M,-3.99%
01/19/2016,9.77,9.53,9.93,9.47,6.94M,5.74%
01/18/2016,9.24,8.93,9.5,8.87,7.67M,2.33%
01/17/2016,9.03,9.17,9.3,8.8,10.43M,-7.57%
01/14/2016,9.77,9.83,10.0,9.6,6.01M,-2.01%
01/13/2016,9.97,10.07,10.3,9.77,6.90M,0.00%
01/12/2016,9.97,9.0,10.1,8.93,13.84M,6.86%
01/11/2016,9.33,8.93,9.4,8.57,11.46M,4.36%
01/10/2016,8.94,9.77,9.93,8.83,15.16M,-8.31%
01/07/2016,9.75,9.73,10.1,9.6,13.73M,-6.88%
01/06/2016,10.47,11.3,11.3,10.27,13.40M,-6.93%
01/05/2016,11.25,11.37,11.43,11.13,8.74M,-0.35%
01/04/2016,11.29,11.23,11.57,11.2,18.20M,0.09%
01/03/2016,11.28,11.07,11.37,11.07,6.79M,1.99%
12/31/2015,11.06,11.17,11.2,11.03,3.62M,-1.25%
12/30/2015,11.2,11.4,11.47,11.2,7.79M,-1.23%
12/29/2015,11.34,11.63,11.63,11.07,15.10M,-4.71%
12/28/2015,11.9,11.6,12.0,11.5,10.50M,2.67%
12/27/2015,11.59,11.67,11.7,11.43,3.34M,-0.69%
12/24/2015,11.67,11.73,11.83,11.63,3.08M,0.00%
12/23/2015,11.67,11.9,12.03,11.6,7.49M,-1.10%
12/22/2015,11.8,11.63,12.03,11.63,6.82M,1.29%
12/21/2015,11.65,11.47,11.7,11.3,3.52M,1.92%
12/20/2015,11.43,11.53,11.8,11.33,6.32M,-2.97%
12/17/2015,11.78,11.87,12.03,11.7,7.55M,0.43%
12/16/2015,11.73,11.37,12.1,11.37,15.66M,4.27%
12/15/2015,11.25,11.03,11.37,10.73,10.58M,2.74%
12/14/2015,10.95,11.87,12.03,10.77,13.10M,-7.12%
12/13/2015,11.79,11.7,11.9,11.5,9.56M,-1.91%
12/10/2015,12.02,12.07,12.13,12.0,4.77M,-0.83%
12/09/2015,12.12,12.17,12.2,12.03,7.73M,0.08%
12/08/2015,12.11,12.23,12.33,11.97,13.22M,-1.30%
12/07/2015,12.27,12.23,12.5,11.97,17.25M,1.24%
12/06/2015,12.12,11.63,12.2,11.53,24.11M,5.67%
12/03/2015,11.47,11.7,11.77,11.4,11.42M,-2.30%
12/02/2015,11.74,11.8,11.9,11.7,11.30M,-0.93%
12/01/2015,11.85,11.63,12.13,11.57,11.83M,2.07%
11/30/2015,11.61,11.7,11.7,11.57,5.41M,-0.94%
11/29/2015,11.72,11.77,11.87,11.63,10.97M,-0.59%
11/26/2015,11.79,11.83,11.97,11.73,8.32M,-0.25%
11/25/2015,11.82,11.67,12.03,11.63,11.73M,1.11%
11/24/2015,11.69,11.63,11.77,11.6,10.36M,1.04%
11/23/2015,11.57,11.57,11.73,11.47,7.97M,-0.52%
11/22/2015,11.63,11.67,11.93,11.57,9.08M,0.43%
11/19/2015,11.58,11.1,11.67,11.07,21.29M,5.66%
11/18/2015,10.96,10.53,11.23,10.5,26.34M,4.48%
11/17/2015,10.49,10.6,10.83,10.47,17.90M,-1.13%
11/16/2015,10.61,9.87,10.73,9.87,15.97M,7.93%
11/15/2015,9.83,10.07,10.13,9.73,8.61M,-4.75%
11/12/2015,10.32,10.63,10.67,10.3,5.79M,-2.46%
11/11/2015,10.58,10.47,10.67,10.4,6.90M,1.44%
11/10/2015,10.43,10.03,10.67,10.03,20.93M,3.47%
11/09/2015,10.08,9.93,10.17,9.83,10.47M,2.86%
11/08/2015,9.8,9.73,9.83,9.57,6.54M,0.51%
11/05/2015,9.75,9.87,9.9,9.73,4.65M,-1.02%
11/04/2015,9.85,9.87,9.9,9.6,7.14M,1.86%
11/03/2015,9.67,9.87,10.03,9.63,8.61M,-1.63%
11/02/2015,9.83,9.8,9.93,9.8,9.76M,0.31%
11/01/2015,9.8,9.9,9.9,9.73,6.08M,-1.21%
10/29/2015,9.92,9.8,10.03,9.8,8.90M,2.27%
10/28/2015,9.7,9.6,9.77,9.43,7.95M,2.21%
10/27/2015,9.49,10.1,10.13,9.17,30.96M,-5.48%
10/26/2015,10.04,9.73,10.1,9.7,14.25M,3.51%
10/25/2015,9.7,9.73,9.87,9.67,15.24M,0.73%
10/22/2015,9.63,9.47,9.7,9.43,12.77M,1.58%
10/21/2015,9.48,9.57,9.57,9.43,13.12M,-1.25%
10/20/2015,9.6,9.67,9.73,9.57,21.92M,-1.13%
10/19/2015,9.71,9.8,9.8,9.47,18.58M,-4.33%
10/18/2015,10.15,10.27,10.4,10.1,8.72M,0.59%
10/15/2015,10.09,10.27,10.27,10.07,7.13M,-1.75%
10/14/2015,10.27,10.23,10.3,10.13,5.61M,-0.10%
10/13/2015,10.28,10.27,10.4,10.17,14.40M,-0.48%
10/12/2015,10.33,10.57,10.77,10.3,22.97M,-1.24%
10/11/2015,10.46,10.2,10.7,10.2,22.05M,3.56%
10/08/2015,10.1,9.8,10.13,9.67,20.05M,3.17%
10/07/2015,9.79,9.6,10.13,9.6,22.14M,2.62%
10/06/2015,9.54,9.5,9.6,9.43,7.93M,0.63%
10/05/2015,9.48,9.33,9.5,9.3,8.29M,2.27%
10/04/2015,9.27,9.47,9.5,9.2,9.72M,-1.80%
10/01/2015,9.44,9.73,9.77,9.4,7.15M,-2.88%
09/30/2015,9.72,9.77,9.83,9.63,11.90M,0.41%
09/29/2015,9.68,9.67,9.77,9.5,7.85M,-0.92%
09/21/2015,9.77,9.67,9.83,9.6,11.26M,1.56%
09/20/2015,9.62,9.7,9.87,9.57,8.31M,-2.14%
09/17/2015,9.83,9.93,10.0,9.7,11.65M,-0.41%
09/16/2015,9.87,10.13,10.17,9.83,16.17M,-1.00%
09/15/2015,9.97,10.1,10.17,9.77,21.59M,-1.19%
09/14/2015,10.09,10.43,10.47,10.07,12.85M,-3.35%
09/13/2015,10.44,10.67,10.83,10.4,19.38M,-1.51%
09/10/2015,10.6,10.43,10.63,10.37,15.98M,0.00%
09/09/2015,10.6,10.67,10.73,10.43,27.71M,3.52%
09/08/2015,10.24,10.1,10.3,9.93,17.99M,1.29%
09/07/2015,10.11,10.07,10.37,10.07,19.47M,0.80%
09/06/2015,10.03,10.07,10.17,9.97,19.53M,0.10%
09/03/2015,10.02,10.23,10.27,9.93,19.28M,0.20%
09/02/2015,10.0,9.83,10.07,9.53,26.72M,0.40%
09/01/2015,9.96,10.27,10.33,9.93,17.75M,-2.06%
08/31/2015,10.17,10.1,10.33,10.03,18.29M,-0.97%
08/30/2015,10.27,10.7,10.83,10.17,26.73M,0.79%
08/27/2015,10.19,10.5,10.73,10.07,43.48M,3.45%
08/26/2015,9.85,10.1,10.53,9.77,46.40M,-5.20%
08/25/2015,10.39,9.9,10.47,9.83,39.61M,8.57%
08/24/2015,9.57,10.47,10.77,9.43,45.15M,-8.60%
08/23/2015,10.47,10.6,11.1,10.47,33.37M,-9.82%
08/20/2015,11.61,10.67,11.8,10.67,18.95M,4.13%
08/19/2015,11.15,11.7,11.9,11.03,11.37M,-4.29%
08/18/2015,11.65,12.37,12.4,11.2,10.86M,-5.97%
08/17/2015,12.39,12.4,12.63,12.33,2.96M,-0.64%
08/16/2015,12.47,12.93,13.0,12.33,6.77M,-3.71%
08/13/2015,12.95,13.07,13.13,12.93,1.99M,-0.54%
08/12/2015,13.02,13.0,13.07,12.77,4.45M,-0.76%
08/11/2015,13.12,13.17,13.3,13.07,5.40M,0.15%
08/10/2015,13.1,12.97,13.23,12.97,4.98M,1.16%
08/09/2015,12.95,12.67,13.0,12.63,4.13M,0.39%
08/06/2015,12.9,13.3,13.33,12.8,6.20M,-3.30%
08/05/2015,13.34,13.47,13.67,13.17,6.16M,-0.97%
08/04/2015,13.47,13.47,13.6,13.33,8.72M,-0.30%
08/03/2015,13.51,13.03,13.6,13.03,12.23M,3.29%
08/02/2015,13.08,13.63,13.63,12.9,5.96M,-4.18%
07/30/2015,13.65,13.53,13.77,13.47,5.57M,1.04%
07/29/2015,13.51,13.6,13.67,13.4,3.83M,0.00%
07/28/2015,13.51,13.5,13.67,13.4,5.71M,-0.30%
07/27/2015,13.55,13.9,13.9,13.5,4.76M,-2.73%
07/26/2015,13.93,14.17,14.17,13.83,4.45M,-1.14%
07/23/2015,14.09,14.23,14.23,14.03,3.94M,-1.05%
07/22/2015,14.24,14.3,14.37,14.1,3.92M,-0.49%
07/15/2015,14.31,14.37,14.43,14.2,6.66M,-1.78%
07/14/2015,14.57,14.57,14.6,14.4,2.63M,-0.14%
07/13/2015,14.59,14.63,14.77,14.5,4.15M,0.69%
07/12/2015,14.49,14.53,15.07,14.37,25.53M,1.12%
07/09/2015,14.33,13.07,14.33,13.07,40.40M,9.89%
07/08/2015,13.04,13.07,13.17,12.93,7.44M,-0.46%
07/07/2015,13.1,13.17,13.27,13.0,14.20M,-1.28%
07/06/2015,13.27,13.33,13.4,13.2,8.15M,-1.70%
07/05/2015,13.5,13.3,13.63,13.17,7.14M,0.82%
07/02/2015,13.39,13.43,13.53,13.3,7.86M,0.15%
07/01/2015,13.37,13.23,13.53,13.03,16.09M,1.21%
06/30/2015,13.21,12.97,13.33,12.63,29.33M,1.38%
06/29/2015,13.03,13.57,13.57,12.73,50.70M,-5.03%
06/28/2015,13.72,14.03,14.03,13.57,11.31M,-2.21%
06/25/2015,14.03,14.03,14.1,13.9,6.90M,0.57%
06/24/2015,13.95,14.0,14.07,13.8,13.70M,0.36%
06/23/2015,13.9,14.0,14.23,13.5,29.70M,-0.14%
06/22/2015,13.92,14.07,14.43,13.77,30.16M,-1.69%
06/21/2015,14.16,14.8,14.8,14.1,11.64M,-4.39%
06/18/2015,14.81,14.93,15.03,14.8,2.83M,-0.80%
06/17/2015,14.93,15.0,15.07,14.83,3.53M,-0.33%
06/16/2015,14.98,15.13,15.2,14.97,5.69M,-1.06%
06/15/2015,15.14,15.53,15.6,15.1,12.52M,-2.01%
06/14/2015,15.45,15.0,15.5,15.0,10.05M,3.41%
06/11/2015,14.94,14.97,15.03,14.83,5.59M,-0.13%
06/10/2015,14.96,14.9,15.17,14.87,9.66M,1.08%
06/09/2015,14.8,14.93,14.93,14.6,10.63M,-1.14%
06/08/2015,14.97,15.1,15.13,14.93,5.36M,-0.86%
06/07/2015,15.1,15.33,15.47,15.07,7.66M,-1.95%
06/04/2015,15.4,15.43,15.47,15.3,4.99M,-0.32%
06/03/2015,15.45,15.57,15.63,15.4,6.19M,-0.77%
06/02/2015,15.57,15.67,15.73,15.53,5.67M,-0.26%
06/01/2015,15.61,15.6,15.73,15.43,10.25M,-0.06%
05/31/2015,15.62,16.0,16.13,15.57,17.30M,-1.58%
05/28/2015,15.87,15.57,15.97,15.4,20.89M,2.12%
05/27/2015,15.54,16.0,16.1,15.5,30.30M,-2.75%
05/26/2015,15.98,15.07,16.03,15.07,55.98M,6.46%
05/25/2015,15.01,14.73,15.33,14.73,39.14M,2.81%
05/24/2015,14.6,14.2,14.63,14.07,16.32M,2.82%
05/21/2015,14.2,14.27,14.37,14.17,9.38M,-0.35%
05/20/2015,14.25,14.57,14.6,14.23,12.10M,-2.40%
05/19/2015,14.6,14.63,14.67,14.57,2.65M,-0.41%
05/18/2015,14.66,14.67,14.7,14.57,4.27M,0.00%
05/17/2015,14.66,14.6,14.8,14.53,7.37M,0.34%
05/14/2015,14.61,14.67,14.77,14.5,10.54M,-0.34%
05/13/2015,14.66,14.87,14.87,14.6,10.62M,-1.08%
05/12/2015,14.82,14.57,14.83,14.57,5.58M,1.16%
05/11/2015,14.65,14.87,14.9,14.6,8.43M,-1.55%
05/10/2015,14.88,14.97,15.0,14.87,7.48M,-0.47%
05/07/2015,14.95,15.0,15.1,14.8,10.40M,-0.60%
05/06/2015,15.04,15.03,15.13,14.93,11.65M,-0.13%
05/05/2015,15.06,15.27,15.33,15.0,9.54M,-1.12%
05/04/2015,15.23,15.2,15.3,14.93,12.85M,0.07%
05/03/2015,15.22,15.2,15.4,15.17,21.19M,0.33%
04/30/2015,15.17,15.07,15.43,15.07,24.55M,0.53%
04/29/2015,15.09,14.97,15.17,14.87,26.96M,1.28%
04/28/2015,14.9,14.9,15.07,14.87,17.44M,0.00%
04/27/2015,14.9,14.87,14.97,14.7,17.05M,0.68%
04/26/2015,14.8,14.83,14.97,14.77,23.91M,0.34%
04/23/2015,14.75,14.5,14.8,14.4,12.84M,0.89%
04/22/2015,14.62,14.93,15.0,14.53,12.27M,-0.81%
04/21/2015,14.74,14.87,15.03,14.7,16.72M,-0.47%
04/20/2015,14.81,14.67,14.87,14.43,21.38M,0.82%
04/19/2015,14.69,14.77,15.27,14.6,47.24M,2.23%
04/16/2015,14.37,14.3,14.47,14.3,12.99M,0.49%
04/15/2015,14.3,14.13,14.5,14.13,23.87M,2.14%
04/14/2015,14.0,13.9,14.1,13.83,19.18M,0.57%
04/13/2015,13.92,13.43,14.07,13.43,38.37M,3.26%
04/12/2015,13.48,13.27,13.57,13.23,26.99M,2.51%
04/09/2015,13.15,12.87,13.23,12.77,16.73M,2.10%
04/08/2015,12.88,12.77,13.3,12.77,26.54M,1.18%
04/07/2015,12.73,12.67,12.8,12.6,12.89M,2.00%
04/06/2015,12.48,12.33,12.57,12.27,18.86M,1.96%
04/05/2015,12.24,12.6,12.67,11.83,21.45M,-3.32%
04/02/2015,12.66,12.97,13.0,12.6,16.69M,-1.33%
04/01/2015,12.83,12.7,12.87,12.6,20.40M,1.42%
03/31/2015,12.65,12.93,13.07,12.5,21.77M,-2.09%
03/30/2015,12.92,13.3,13.33,12.83,15.96M,-3.08%
03/29/2015,13.33,13.5,13.6,13.23,33.21M,1.52%
03/26/2015,13.13,12.33,13.17,12.3,44.05M,3.55%
03/25/2015,12.68,14.0,14.0,12.63,69.90M,-9.62%
03/24/2015,14.03,14.13,14.23,13.9,12.92M,-1.06%
03/23/2015,14.18,14.27,14.37,14.07,15.50M,-0.28%
03/22/2015,14.22,14.3,14.37,14.07,19.52M,0.28%
03/19/2015,14.18,14.17,14.27,13.9,28.54M,1.94%
03/18/2015,13.91,14.13,14.27,13.6,38.37M,-2.45%
03/17/2015,14.26,14.63,14.77,14.13,44.54M,-2.53%
03/16/2015,14.63,14.9,15.07,14.4,43.42M,-2.07%
03/15/2015,14.94,14.8,15.17,14.77,30.55M,-0.66%
03/12/2015,15.04,14.8,15.4,14.77,41.71M,1.83%
03/11/2015,14.77,14.53,14.83,14.47,24.03M,0.48%
03/10/2015,14.7,14.57,14.83,14.23,46.14M,0.34%
03/09/2015,14.65,15.17,15.4,14.6,36.28M,-4.06%
03/08/2015,15.27,15.03,15.43,14.97,36.47M,1.66%
03/05/2015,15.02,14.6,15.13,14.57,43.12M,3.02%
03/04/2015,14.58,14.1,14.7,14.1,57.82M,3.18%
03/03/2015,14.13,14.17,14.4,14.07,63.90M,-1.53%
03/02/2015,14.35,13.93,14.53,13.63,69.92M,3.02%
03/01/2015,13.93,14.2,14.2,13.7,54.49M,-2.04%
02/26/2015,14.22,14.23,14.43,14.17,56.71M,-0.14%
02/25/2015,14.24,13.4,14.33,13.33,125.22M,6.83%
02/24/2015,13.33,13.0,13.37,12.97,31.26M,2.15%
02/23/2015,13.05,13.0,13.13,12.9,17.21M,0.23%
02/22/2015,13.02,13.1,13.23,12.97,21.50M,0.00%
02/19/2015,13.02,12.7,13.03,12.63,20.93M,0.93%
02/18/2015,12.9,13.07,13.17,12.8,19.60M,-1.07%
02/17/2015,13.04,13.33,13.43,12.97,34.94M,-2.25%
02/16/2015,13.34,13.2,13.43,13.13,28.94M,0.68%
02/15/2015,13.25,13.17,13.3,13.1,26.00M,3.52%
02/12/2015,12.8,12.67,12.93,12.63,25.29M,0.47%
02/11/2015,12.74,13.17,13.27,12.63,23.78M,-3.26%
02/10/2015,13.17,13.43,13.43,12.97,22.45M,-1.64%
02/09/2015,13.39,13.13,13.67,13.07,28.03M,1.75%
02/08/2015,13.16,12.63,13.37,12.63,62.62M,5.20%
02/05/2015,12.51,12.27,12.57,12.23,15.02M,0.64%
02/04/2015,12.43,12.67,12.73,12.37,15.75M,-1.66%
02/03/2015,12.64,12.77,12.83,12.53,17.45M,-0.47%
02/02/2015,12.7,12.6,12.8,12.53,20.31M,0.47%
02/01/2015,12.64,12.67,12.9,12.5,48.41M,4.38%
01/29/2015,12.11,12.1,12.2,12.03,28.99M,-0.82%
01/28/2015,12.21,12.0,12.43,12.0,36.99M,2.01%
01/27/2015,11.97,11.3,12.0,11.3,49.29M,6.78%
01/26/2015,11.21,11.07,11.23,11.03,31.22M,3.51%
01/22/2015,10.83,10.7,11.03,10.67,22.67M,-0.46%
01/21/2015,10.88,11.17,11.23,10.83,56.38M,-6.21%
01/20/2015,11.6,11.67,11.7,11.53,24.10M,-0.51%
01/19/2015,11.66,11.63,11.83,11.47,43.33M,0.00%
01/18/2015,11.66,11.23,11.77,11.17,39.68M,4.95%
01/15/2015,11.11,11.53,11.6,11.03,38.31M,-3.05%
01/14/2015,11.46,11.27,11.63,11.2,58.40M,2.69%
01/13/2015,11.16,10.63,11.2,10.57,49.66M,2.29%
01/12/2015,10.91,10.47,11.17,10.43,58.42M,3.71%
01/11/2015,10.52,10.5,10.63,10.43,18.68M,0.19%
01/08/2015,10.5,10.67,10.77,10.43,51.61M,0.77%
01/07/2015,10.42,10.13,10.57,10.03,66.66M,3.17%
01/06/2015,10.1,9.67,10.17,9.47,62.46M,0.00%
01/05/2015,10.1,10.33,10.43,10.03,36.92M,-4.72%
01/04/2015,10.6,10.6,10.87,10.53,52.12M,-1.30%
01/01/2015,10.74,10.33,10.83,10.13,60.63M,5.40%
12/31/2014,10.19,10.9,10.9,9.53,93.30M,-3.60%
12/30/2014,10.57,10.53,10.93,10.43,53.44M,-3.56%
12/29/2014,10.96,11.07,11.67,10.87,57.35M,-0.45%
12/28/2014,11.01,10.4,11.07,10.37,53.35M,7.52%
12/25/2014,10.24,9.6,10.47,9.57,55.86M,7.23%
12/24/2014,9.55,9.53,9.87,9.5,33.20M,1.06%
12/23/2014,9.45,9.2,9.5,9.17,14.71M,1.29%
12/22/2014,9.33,9.5,9.57,9.07,24.99M,-1.69%
12/21/2014,9.49,9.7,9.77,9.03,43.26M,3.94%
12/18/2014,9.13,8.77,9.13,8.6,38.80M,9.87%
12/17/2014,8.31,8.03,8.43,7.73,21.99M,4.27%
12/16/2014,7.97,8.67,8.67,7.97,26.50M,-9.94%
12/15/2014,8.85,9.57,9.67,8.67,23.17M,-6.15%
12/14/2014,9.43,9.77,9.77,9.43,40.12M,-9.76%
12/11/2014,10.45,10.03,10.57,10.03,9.24M,0.77%
12/10/2014,10.37,10.67,10.8,10.23,8.59M,-4.51%
12/09/2014,10.86,10.13,11.0,10.07,9.51M,2.74%
12/08/2014,10.57,10.73,10.73,10.53,7.69M,-1.49%
12/07/2014,10.73,10.5,10.87,10.33,8.37M,3.57%
12/04/2014,10.36,9.77,10.43,9.77,11.55M,6.80%
12/03/2014,9.7,9.93,9.93,9.63,4.04M,-2.12%
12/02/2014,9.91,10.1,10.13,9.9,5.40M,0.92%
12/01/2014,9.82,9.6,10.07,9.6,7.56M,2.19%
11/30/2014,9.61,9.33,9.73,9.17,8.01M,-3.71%
11/27/2014,9.98,9.9,10.1,9.8,8.89M,0.40%
11/26/2014,9.94,10.07,10.1,9.9,7.66M,-2.17%
11/25/2014,10.16,10.33,10.33,10.1,8.60M,-3.24%
11/24/2014,10.5,10.83,10.83,10.47,6.78M,-2.96%
11/23/2014,10.82,11.0,11.0,10.8,3.66M,-0.73%
11/20/2014,10.9,11.03,11.1,10.87,4.92M,-1.36%
11/19/2014,11.05,11.0,11.2,10.93,9.91M,1.56%
11/18/2014,10.88,10.2,11.0,10.2,13.17M,6.67%
11/17/2014,10.2,10.67,10.7,10.0,8.77M,-4.76%
11/16/2014,10.71,11.0,11.0,10.67,7.50M,-3.77%
11/13/2014,11.13,11.23,11.36,11.08,14.11M,-0.80%
11/12/2014,11.22,11.08,11.39,11.02,12.09M,1.45%
11/11/2014,11.06,11.11,11.11,10.96,8.38M,-0.98%
11/10/2014,11.17,11.14,11.2,10.99,11.24M,0.27%
11/09/2014,11.14,11.23,11.23,11.08,7.24M,-0.45%
11/06/2014,11.19,11.23,11.3,11.08,12.78M,0.54%
11/05/2014,11.13,11.23,11.39,10.99,15.61M,-1.68%
11/04/2014,11.32,11.67,11.79,11.27,16.28M,-4.47%
11/03/2014,11.85,11.95,11.98,11.82,7.65M,-1.00%
11/02/2014,11.97,12.07,12.13,11.95,9.50M,0.59%
10/30/2014,11.9,11.7,11.95,11.67,10.98M,0.93%
10/29/2014,11.79,12.04,12.1,11.76,13.44M,-1.34%
10/28/2014,11.95,12.01,12.07,11.92,9.95M,-0.58%
10/27/2014,12.02,12.19,12.26,11.92,17.94M,-0.41%
10/26/2014,12.07,11.67,12.16,11.67,26.86M,5.05%
10/23/2014,11.49,11.27,11.51,11.23,9.56M,0.26%
10/22/2014,11.46,11.54,11.64,11.39,13.64M,-0.52%
10/21/2014,11.52,11.39,11.58,11.3,14.00M,2.04%
10/20/2014,11.29,11.3,11.36,11.17,9.63M,0.09%
10/19/2014,11.28,11.45,11.61,11.14,14.36M,2.73%
10/16/2014,10.98,11.14,11.36,10.49,21.22M,-4.10%
10/15/2014,11.45,11.73,11.76,11.39,12.73M,-2.39%
10/14/2014,11.73,11.7,11.76,11.39,10.81M,-0.76%
10/13/2014,11.82,11.48,11.85,11.48,13.91M,2.60%
10/12/2014,11.52,12.38,12.44,11.42,22.29M,-9.08%
10/02/2014,12.67,12.44,12.72,12.32,10.51M,1.28%
10/01/2014,12.51,12.57,12.57,12.47,4.51M,-0.56%
09/30/2014,12.58,12.44,12.6,12.44,7.19M,1.13%
09/29/2014,12.44,12.5,12.53,12.38,10.20M,-0.72%
09/28/2014,12.53,12.72,12.72,12.47,7.97M,-0.87%
09/25/2014,12.64,12.72,12.81,12.5,13.65M,-0.16%
09/24/2014,12.66,12.94,12.94,12.47,18.50M,-2.69%
09/22/2014,13.01,13.18,13.37,12.88,26.15M,-1.21%
09/21/2014,13.17,13.28,13.34,12.94,15.81M,-0.75%
09/18/2014,13.27,13.22,13.34,13.12,13.13M,0.15%
09/17/2014,13.25,12.91,13.34,12.91,23.10M,3.11%
09/16/2014,12.85,12.78,12.88,12.75,6.41M,0.78%
09/15/2014,12.75,12.78,12.91,12.69,7.90M,-0.47%
09/14/2014,12.81,12.88,13.03,12.69,8.25M,-1.16%
09/11/2014,12.96,13.09,13.15,12.84,15.03M,-1.29%
09/10/2014,13.13,13.28,13.28,13.0,14.99M,-1.13%
09/09/2014,13.28,13.31,13.34,13.22,8.41M,-0.08%
09/08/2014,13.29,13.34,13.4,13.22,12.19M,-0.60%
09/07/2014,13.37,13.28,13.43,13.28,11.47M,1.06%
09/04/2014,13.23,13.31,13.31,13.09,9.38M,-0.30%
09/03/2014,13.27,13.31,13.4,13.25,17.35M,-0.60%
09/02/2014,13.35,13.43,13.53,13.22,16.59M,-0.30%
09/01/2014,13.39,13.37,13.46,13.22,21.24M,0.83%
08/31/2014,13.28,13.15,13.34,13.09,19.51M,1.45%
08/28/2014,13.09,13.0,13.25,12.94,31.65M,1.16%
08/27/2014,12.94,12.84,13.0,12.81,22.31M,1.81%
08/26/2014,12.71,12.53,12.81,12.47,23.43M,1.92%
08/25/2014,12.47,12.57,12.69,12.35,19.49M,-0.64%
08/24/2014,12.55,12.41,12.6,12.38,19.48M,1.46%
08/21/2014,12.37,12.26,12.41,12.19,22.01M,0.90%
08/20/2014,12.26,12.19,12.38,12.19,16.26M,0.74%
08/19/2014,12.17,12.04,12.19,12.04,11.71M,1.08%
08/18/2014,12.04,12.01,12.1,11.98,6.27M,0.33%
08/17/2014,12.0,11.95,12.04,11.92,9.89M,0.17%
08/14/2014,11.98,12.04,12.13,11.98,8.25M,-0.91%
08/13/2014,12.09,12.01,12.19,12.01,15.40M,0.58%
08/12/2014,12.02,12.1,12.1,11.98,7.07M,-0.66%
08/11/2014,12.1,12.19,12.19,12.04,8.36M,-0.49%
08/10/2014,12.16,12.07,12.32,12.07,15.41M,1.50%
08/07/2014,11.98,12.01,12.1,11.95,10.48M,-0.25%
08/06/2014,12.01,11.98,12.1,11.95,9.69M,-0.41%
08/05/2014,12.06,11.98,12.19,11.98,28.82M,0.42%
08/04/2014,12.01,11.98,12.04,11.88,19.67M,0.33%
08/03/2014,11.97,11.88,12.04,11.82,18.37M,0.76%
07/24/2014,11.88,11.73,11.98,11.7,37.90M,1.97%
07/23/2014,11.65,11.48,11.7,11.45,37.36M,1.22%
07/22/2014,11.51,11.3,11.58,11.27,47.66M,3.23%
07/21/2014,11.15,11.14,11.2,11.08,6.81M,0.27%
07/20/2014,11.12,11.14,11.17,11.02,9.76M,-0.98%
07/17/2014,11.23,11.3,11.3,11.17,11.24M,-0.62%
07/16/2014,11.3,11.42,11.51,11.27,36.54M,1.80%
07/15/2014,11.1,11.2,11.27,11.08,7.79M,-0.80%
07/14/2014,11.19,11.2,11.27,11.14,8.13M,0.18%
07/13/2014,11.17,11.14,11.23,11.11,14.35M,0.99%
07/10/2014,11.06,11.05,11.14,11.02,7.93M,0.18%
07/09/2014,11.04,11.05,11.17,10.99,13.11M,-0.27%
07/08/2014,11.07,10.86,11.17,10.8,24.41M,1.37%
07/07/2014,10.92,10.86,10.99,10.86,15.57M,0.55%
07/06/2014,10.86,10.65,10.89,10.62,16.35M,1.78%
07/03/2014,10.67,10.83,10.83,10.65,15.53M,-1.57%
07/02/2014,10.84,10.86,10.89,10.74,18.19M,0.65%
07/01/2014,10.77,10.71,10.83,10.71,11.82M,1.32%
06/30/2014,10.63,10.62,10.68,10.55,4.78M,-0.47%
06/29/2014,10.68,10.65,10.68,10.55,8.30M,-0.28%
06/26/2014,10.71,10.8,10.8,10.71,10.53M,-0.74%
06/25/2014,10.79,10.89,10.89,10.77,8.51M,-0.92%
06/24/2014,10.89,10.96,10.99,10.71,24.30M,-1.63%
06/23/2014,11.07,11.05,11.23,10.93,48.82M,-0.27%
06/22/2014,11.1,10.77,11.14,10.71,36.87M,3.84%
06/19/2014,10.69,10.8,10.83,10.65,11.02M,-0.56%
06/18/2014,10.75,10.74,10.86,10.65,25.61M,0.75%
06/17/2014,10.67,10.58,10.8,10.58,14.25M,0.00%
06/16/2014,10.67,10.86,10.89,10.58,17.49M,-1.57%
06/15/2014,10.84,10.99,11.05,10.8,24.89M,-2.87%
06/12/2014,11.16,11.23,11.27,11.08,9.05M,-0.71%
06/11/2014,11.24,11.36,11.39,11.23,8.17M,-0.97%
06/10/2014,11.35,11.3,11.42,11.23,19.12M,0.62%
06/09/2014,11.28,11.23,11.3,11.14,8.85M,0.89%
06/08/2014,11.18,11.23,11.33,10.99,14.41M,0.00%
06/05/2014,11.18,11.14,11.3,11.14,16.59M,0.45%
06/04/2014,11.13,10.93,11.17,10.89,22.68M,2.20%
06/03/2014,10.89,11.02,11.05,10.86,8.16M,-1.00%
06/02/2014,11.0,10.89,11.08,10.86,10.09M,1.01%
06/01/2014,10.89,10.8,10.99,10.77,10.91M,0.65%
05/29/2014,10.82,11.02,11.11,10.74,22.84M,-1.90%
05/28/2014,11.03,11.17,11.17,10.99,15.09M,-1.25%
05/27/2014,11.17,11.36,11.39,11.11,21.86M,-1.50%
05/26/2014,11.34,11.36,11.45,11.3,11.47M,-0.09%
05/25/2014,11.35,11.27,11.48,11.23,17.43M,0.27%
05/22/2014,11.32,11.23,11.36,11.2,18.24M,0.44%
05/21/2014,11.27,11.33,11.36,11.2,14.24M,-0.53%
05/20/2014,11.33,11.45,11.48,11.3,18.17M,-0.79%
05/19/2014,11.42,11.51,11.51,11.3,23.28M,-0.87%
05/18/2014,11.52,11.61,11.64,11.39,30.36M,-0.86%
05/15/2014,11.62,12.07,12.13,11.58,71.54M,-4.05%
05/14/2014,12.11,11.54,12.13,11.54,88.89M,5.30%
05/13/2014,11.5,11.33,11.54,11.3,31.52M,2.22%
05/12/2014,11.25,11.27,11.27,11.14,10.54M,0.00%
05/11/2014,11.25,11.3,11.36,11.2,12.86M,0.18%
05/08/2014,11.23,11.33,11.36,11.2,11.94M,-0.62%
05/07/2014,11.3,11.27,11.45,11.17,21.63M,-0.35%
05/06/2014,11.34,11.48,11.54,11.27,15.07M,-1.56%
05/05/2014,11.52,11.61,11.61,11.39,19.40M,-0.60%
05/04/2014,11.59,11.67,11.82,11.58,40.23M,0.61%
05/01/2014,11.52,11.33,11.58,11.23,25.76M,1.86%
04/30/2014,11.31,11.39,11.51,11.2,25.13M,0.18%
04/29/2014,11.29,11.02,11.48,10.99,50.19M,2.92%
04/28/2014,10.97,10.83,11.02,10.83,11.83M,1.29%
04/27/2014,10.83,10.93,10.93,10.77,7.63M,-1.01%
04/24/2014,10.94,10.89,10.96,10.83,5.69M,0.00%
04/23/2014,10.94,11.05,11.05,10.89,6.04M,-0.64%
04/22/2014,11.01,11.14,11.17,10.99,8.61M,-1.26%
04/21/2014,11.15,11.2,11.33,11.11,14.02M,0.18%
04/20/2014,11.13,10.86,11.2,10.86,12.81M,2.68%
04/17/2014,10.84,10.71,10.86,10.62,6.17M,1.88%
04/16/2014,10.64,10.8,10.89,10.52,9.32M,-1.12%
04/15/2014,10.76,10.77,10.86,10.62,9.30M,-1.19%
04/14/2014,10.89,10.62,10.89,10.58,6.43M,2.25%
04/13/2014,10.65,10.83,10.83,10.62,8.66M,-2.20%
04/10/2014,10.89,11.14,11.17,10.83,11.95M,-2.24%
04/09/2014,11.14,11.3,11.33,11.05,12.97M,-1.42%
04/08/2014,11.3,11.3,11.33,11.27,7.55M,0.00%
04/07/2014,11.3,11.36,11.39,11.27,5.89M,-0.53%
04/06/2014,11.36,11.39,11.51,11.33,13.06M,0.26%
04/03/2014,11.33,11.39,11.51,11.33,7.65M,-0.53%
04/02/2014,11.39,11.3,11.45,11.3,6.86M,0.80%
04/01/2014,11.3,11.23,11.33,11.2,4.93M,0.89%
03/31/2014,11.2,11.42,11.42,11.14,6.66M,-1.67%
03/30/2014,11.39,11.42,11.51,11.36,10.18M,0.00%
03/27/2014,11.39,11.58,11.58,11.3,9.29M,-1.04%
03/26/2014,11.51,11.51,11.67,11.48,12.42M,0.26%
03/25/2014,11.48,11.54,11.54,11.45,11.84M,-0.52%
03/24/2014,11.54,11.61,11.64,11.45,10.52M,-0.35%
03/23/2014,11.58,11.45,11.7,11.45,21.43M,2.48%
03/20/2014,11.3,11.08,11.45,11.05,27.13M,2.26%
03/19/2014,11.05,11.08,11.14,11.02,7.16M,-0.27%
03/18/2014,11.08,11.14,11.17,11.02,14.69M,-0.54%
03/17/2014,11.14,11.2,11.23,11.05,14.01M,0.00%
03/16/2014,11.14,11.14,11.27,11.11,10.60M,0.00%
03/13/2014,11.14,11.08,11.17,11.08,15.62M,0.54%
03/12/2014,11.08,11.2,11.2,11.02,9.87M,-1.07%
03/11/2014,11.2,11.17,11.39,11.11,9.90M,0.27%
03/10/2014,11.17,11.3,11.3,11.14,11.37M,-1.15%
03/09/2014,11.3,11.36,11.42,11.27,6.20M,0.00%
03/06/2014,11.3,11.36,11.48,11.2,13.74M,-0.53%
03/05/2014,11.36,11.54,11.58,11.2,19.53M,-1.56%
03/04/2014,11.54,11.2,11.61,11.17,37.44M,4.72%
03/03/2014,11.02,10.89,11.36,10.71,48.81M,0.82%
03/02/2014,10.93,10.77,11.11,10.77,36.98M,2.05%
02/27/2014,10.71,10.55,10.93,10.55,34.55M,1.81%
02/26/2014,10.52,10.21,10.74,10.21,52.50M,3.95%
02/25/2014,10.12,10.09,10.12,10.0,5.86M,0.30%
02/24/2014,10.09,10.12,10.15,10.06,8.87M,-0.30%
02/23/2014,10.12,10.09,10.21,10.06,8.30M,0.30%
02/20/2014,10.09,9.97,10.09,9.93,7.17M,0.90%
02/19/2014,10.0,9.93,10.0,9.84,6.39M,0.70%
02/18/2014,9.93,9.93,10.03,9.9,3.68M,0.30%
02/17/2014,9.9,10.03,10.06,9.9,5.25M,-1.30%
02/16/2014,10.03,10.12,10.15,10.0,4.58M,-0.89%
02/13/2014,10.12,10.12,10.18,10.09,3.98M,0.00%
02/12/2014,10.12,10.15,10.21,10.06,9.69M,0.30%
02/11/2014,10.09,10.06,10.24,10.03,9.51M,0.60%
02/10/2014,10.03,10.0,10.12,10.0,13.94M,0.30%
02/09/2014,10.0,9.75,10.15,9.75,18.75M,3.20%
02/06/2014,9.69,9.66,9.75,9.59,7.21M,0.62%
02/05/2014,9.63,9.75,9.81,9.56,11.02M,-0.62%
02/04/2014,9.69,9.53,9.78,9.53,18.79M,1.04%
02/03/2014,9.59,9.53,9.72,9.5,10.42M,1.27%
02/02/2014,9.47,9.38,9.63,9.38,6.69M,0.96%
01/30/2014,9.38,9.44,9.44,9.29,8.08M,-0.95%
01/29/2014,9.47,9.47,9.56,9.41,9.56M,0.32%
01/28/2014,9.44,9.47,9.56,9.38,8.28M,-0.63%
01/27/2014,9.5,9.66,9.69,9.47,10.78M,-1.35%
01/26/2014,9.63,9.72,9.75,9.59,7.22M,-1.53%
01/23/2014,9.78,9.75,9.93,9.75,5.36M,0.31%
01/22/2014,9.75,9.75,9.93,9.29,8.64M,-2.79%
01/21/2014,10.03,9.9,10.06,9.78,4.44M,1.62%
01/20/2014,9.87,10.12,10.15,9.87,5.10M,-2.47%
01/19/2014,10.12,10.18,10.21,10.09,3.23M,-0.59%
01/16/2014,10.18,10.21,10.37,10.15,4.70M,0.59%
01/15/2014,10.12,10.15,10.43,10.12,8.98M,-0.30%
01/14/2014,10.15,10.12,10.21,10.09,1.74M,-0.59%
01/13/2014,10.21,10.24,10.34,10.12,3.93M,-0.68%
01/12/2014,10.28,10.37,10.37,10.15,4.96M,-0.87%
01/09/2014,10.37,10.46,10.55,10.31,6.32M,-0.86%
01/08/2014,10.46,10.28,10.52,10.28,7.79M,1.75%
01/07/2014,10.28,10.12,10.49,10.12,11.08M,1.58%
01/06/2014,10.12,10.03,10.18,10.0,3.58M,0.60%
01/05/2014,10.06,10.0,10.09,9.93,4.52M,0.30%
01/02/2014,10.03,10.15,10.18,10.0,4.83M,-0.89%
01/01/2014,10.12,10.06,10.18,10.03,3.38M,0.90%
12/31/2013,10.03,10.06,10.12,9.93,2.60M,-0.30%
12/30/2013,10.06,10.06,10.12,9.97,3.75M,0.00%
12/29/2013,10.06,9.97,10.06,9.97,3.68M,1.62%
12/26/2013,9.9,9.93,10.12,9.87,7.64M,-0.30%
12/25/2013,9.93,9.97,10.03,9.87,3.27M,-0.40%
12/24/2013,9.97,9.93,10.15,9.93,6.64M,1.32%
12/23/2013,9.84,9.97,9.97,9.81,4.27M,-1.60%
12/22/2013,10.0,9.93,10.03,9.9,2.08M,0.70%
12/19/2013,9.93,9.93,10.03,9.9,5.07M,0.91%
12/18/2013,9.84,9.9,10.06,9.81,7.97M,-0.91%
12/17/2013,9.93,9.81,9.93,9.78,4.95M,1.53%
12/16/2013,9.78,9.84,9.84,9.72,2.12M,-0.61%
12/15/2013,9.84,9.78,9.9,9.78,3.64M,0.31%
12/12/2013,9.81,9.81,9.84,9.75,2.78M,-0.30%
12/11/2013,9.84,9.9,9.97,9.81,4.79M,-0.61%
12/10/2013,9.9,9.59,10.0,9.53,18.74M,3.88%
12/09/2013,9.53,9.41,9.63,9.38,8.25M,1.28%
12/08/2013,9.41,9.29,9.44,9.29,4.14M,1.73%
12/05/2013,9.25,9.19,9.29,9.19,1.86M,0.33%
12/04/2013,9.22,9.16,9.25,9.1,4.01M,0.66%
12/03/2013,9.16,9.41,9.44,9.13,4.81M,-2.97%
12/02/2013,9.44,9.35,9.44,9.32,4.62M,0.96%
12/01/2013,9.35,9.16,9.38,9.16,9.66M,1.74%
11/28/2013,9.19,9.04,9.22,9.01,6.28M,2.00%
11/27/2013,9.01,8.98,9.07,8.94,3.06M,0.33%
11/26/2013,8.98,9.13,9.16,8.94,7.28M,-1.32%
11/25/2013,9.1,9.19,9.19,9.04,3.33M,-0.98%
11/24/2013,9.19,9.16,9.25,9.13,2.87M,0.33%
11/21/2013,9.16,9.19,9.25,9.01,4.75M,-0.65%
11/20/2013,9.22,9.19,9.25,9.19,3.29M,0.00%
11/19/2013,9.22,9.22,9.25,9.13,2.56M,0.00%
11/18/2013,9.22,9.16,9.25,9.13,3.49M,0.99%
11/17/2013,9.13,9.13,9.32,9.13,8.97M,0.33%
11/14/2013,9.1,8.94,9.19,8.94,10.76M,2.13%
11/13/2013,8.91,8.98,9.01,8.88,5.15M,-0.34%
11/12/2013,8.94,8.73,9.01,8.73,13.72M,1.71%
11/11/2013,8.79,8.73,8.82,8.7,2.67M,0.00%
11/10/2013,8.79,8.76,8.82,8.73,1.61M,0.00%
11/07/2013,8.79,8.73,8.79,8.67,4.44M,0.69%
11/06/2013,8.73,8.82,8.82,8.67,3.75M,-0.34%
11/05/2013,8.76,8.57,8.79,8.54,5.87M,1.86%
11/04/2013,8.6,8.6,8.6,8.57,631.85K,0.00%
11/03/2013,8.6,8.6,8.64,8.57,2.27M,-0.46%
10/31/2013,8.64,8.67,8.67,8.57,4.76M,-0.35%
10/30/2013,8.67,8.67,8.67,8.6,2.88M,0.35%
10/29/2013,8.64,8.7,8.73,8.64,2.28M,-0.69%
10/28/2013,8.7,8.67,8.73,8.64,2.14M,0.35%
10/27/2013,8.67,8.7,8.73,8.67,2.28M,-0.34%
10/24/2013,8.7,8.7,8.73,8.7,1.55M,0.00%
10/23/2013,8.7,8.7,8.73,8.67,1.15M,0.00%
10/22/2013,8.7,8.73,8.76,8.67,2.95M,-0.34%
10/21/2013,8.73,8.7,8.76,8.67,4.20M,0.34%
10/20/2013,8.7,8.73,8.76,8.64,6.83M,0.35%
10/10/2013,8.67,8.7,8.7,8.64,3.80M,0.00%
10/09/2013,8.67,8.82,8.88,8.64,13.05M,0.35%
10/08/2013,8.64,8.76,8.76,8.64,2.08M,-1.03%
10/07/2013,8.73,8.57,8.91,8.48,7.73M,1.87%
10/06/2013,8.57,8.64,8.64,8.48,3.23M,-0.35%
10/03/2013,8.6,8.67,8.67,8.57,2.21M,-0.81%
10/02/2013,8.67,8.67,8.67,8.57,3.16M,0.00%
10/01/2013,8.67,8.64,8.67,8.6,2.08M,0.35%
09/30/2013,8.64,8.7,8.73,8.6,4.10M,-1.03%
09/29/2013,8.73,8.85,8.85,8.67,5.97M,-1.02%
09/26/2013,8.82,8.91,8.91,8.82,3.74M,-1.34%
09/25/2013,8.94,8.94,8.98,8.88,3.67M,0.00%
09/24/2013,8.94,8.88,8.98,8.85,4.16M,0.34%
09/19/2013,8.91,8.94,8.98,8.88,4.04M,0.68%
09/18/2013,8.85,8.94,8.94,8.82,4.84M,-1.01%
09/17/2013,8.94,9.01,9.01,8.88,3.80M,-0.78%
09/16/2013,9.01,8.98,9.01,8.91,3.97M,0.33%
09/15/2013,8.98,8.91,9.04,8.91,12.86M,1.47%
09/12/2013,8.85,8.73,8.88,8.73,4.32M,1.37%
09/11/2013,8.73,8.82,8.82,8.7,2.53M,-0.68%
09/10/2013,8.79,8.79,8.85,8.7,5.31M,2.21%
09/09/2013,8.6,8.57,8.64,8.54,1.35M,0.35%
09/08/2013,8.57,8.6,8.7,8.57,2.12M,0.00%
09/05/2013,8.57,8.54,8.6,8.48,2.26M,0.35%
09/04/2013,8.54,8.64,8.64,8.48,4.38M,-1.84%
09/03/2013,8.7,8.76,8.79,8.57,4.82M,-0.68%
09/02/2013,8.76,8.85,8.88,8.7,4.93M,-0.68%
09/01/2013,8.82,8.85,8.91,8.67,3.94M,1.03%
08/29/2013,8.73,8.82,8.88,8.7,2.05M,0.00%
08/28/2013,8.73,8.6,8.85,8.57,7.16M,-0.34%
08/27/2013,8.76,9.1,9.1,8.7,6.74M,-4.68%
08/26/2013,9.19,9.29,9.32,9.13,3.19M,-1.39%
08/25/2013,9.32,9.25,9.41,9.13,9.33M,1.08%
08/22/2013,9.22,9.29,9.29,9.22,3.30M,-1.07%
08/21/2013,9.32,9.38,9.38,9.29,2.81M,-0.96%
08/20/2013,9.41,9.38,9.44,9.22,4.47M,0.00%
08/19/2013,9.41,9.35,9.53,9.22,9.85M,0.32%
08/18/2013,9.38,9.32,9.47,9.32,10.44M,1.41%
08/15/2013,9.25,8.98,9.35,8.98,10.55M,3.01%
08/14/2013,8.98,9.04,9.04,8.94,2.42M,-0.66%
08/13/2013,9.04,8.94,9.13,8.94,8.34M,2.49%
08/05/2013,8.82,8.7,8.91,8.7,6.14M,1.03%
08/04/2013,8.73,8.7,8.76,8.64,3.19M,0.34%
08/01/2013,8.7,8.64,8.79,8.57,6.07M,0.35%
07/31/2013,8.67,8.82,8.88,8.6,10.98M,-1.70%
07/30/2013,8.82,8.67,8.85,8.64,7.44M,1.73%
07/29/2013,8.67,8.73,8.76,8.64,4.17M,-0.69%
07/28/2013,8.73,8.85,8.88,8.73,3.65M,-1.36%
07/25/2013,8.85,8.94,8.98,8.82,2.61M,-1.01%
07/24/2013,8.94,8.82,8.94,8.76,2.62M,1.36%
07/23/2013,8.82,8.67,8.88,8.64,4.46M,1.73%
07/22/2013,8.67,8.73,8.76,8.67,3.73M,0.00%
07/21/2013,8.67,8.42,8.82,8.42,7.39M,2.24%
07/18/2013,8.48,8.64,8.64,8.48,3.01M,-2.19%
07/17/2013,8.67,8.76,8.76,8.6,2.70M,-1.03%
07/16/2013,8.76,8.82,8.85,8.73,3.24M,-0.68%
07/15/2013,8.82,8.91,8.91,8.79,2.92M,-1.01%
07/14/2013,8.91,9.01,9.01,8.88,2.68M,-0.78%
07/11/2013,8.98,8.82,9.01,8.79,7.10M,-1.32%
07/10/2013,9.1,9.04,9.1,9.04,770.46K,0.33%
07/09/2013,9.07,9.1,9.13,9.01,2.15M,0.00%
07/08/2013,9.07,9.13,9.13,9.04,1.85M,-0.66%
07/07/2013,9.13,9.16,9.19,9.1,1.46M,-0.65%
07/04/2013,9.19,8.98,9.19,8.98,2.48M,2.34%
07/03/2013,8.98,9.04,9.07,8.94,1.92M,-0.66%
07/02/2013,9.04,9.07,9.13,8.98,3.16M,-0.33%
07/01/2013,9.07,9.04,9.07,8.98,2.74M,0.67%
06/30/2013,9.01,9.07,9.07,8.98,1.69M,-0.99%
06/26/2013,9.1,9.16,9.16,9.07,2.16M,-0.66%
06/25/2013,9.16,9.19,9.22,9.1,2.17M,-0.65%
06/24/2013,9.22,9.29,9.32,9.16,1.75M,-1.07%
06/23/2013,9.32,9.1,9.32,9.07,2.68M,2.42%
06/22/2013,9.1,9.04,9.1,9.01,2.18M,-0.33%
06/19/2013,9.13,9.19,9.19,9.1,992.99K,-0.33%
06/18/2013,9.16,9.16,9.19,9.13,1.24M,0.00%
06/17/2013,9.16,9.07,9.19,9.07,1.90M,0.99%
06/16/2013,9.07,9.07,9.19,9.01,2.61M,-1.63%
06/15/2013,9.22,9.29,9.29,8.82,8.26M,-1.39%
06/12/2013,9.35,9.38,9.38,9.32,3.12M,0.00%
06/11/2013,9.35,9.44,9.44,9.35,1.52M,-0.95%
06/10/2013,9.44,9.44,9.47,9.38,2.59M,0.00%
06/09/2013,9.44,9.47,9.47,9.41,1.90M,-0.32%
06/08/2013,9.47,9.44,9.53,9.41,3.23M,0.32%
06/05/2013,9.44,9.38,9.47,9.35,4.68M,0.64%
06/04/2013,9.38,9.41,9.44,9.35,4.39M,-0.32%
06/03/2013,9.41,9.41,9.44,9.35,5.32M,0.00%
06/02/2013,9.41,9.56,9.56,9.38,6.34M,-0.95%
06/01/2013,9.5,9.41,9.53,9.38,2.78M,0.32%
05/29/2013,9.47,9.44,9.5,9.41,4.41M,0.00%
05/28/2013,9.47,9.41,9.59,9.41,5.10M,0.64%
05/27/2013,9.41,9.35,9.44,9.29,4.47M,0.64%
05/26/2013,9.35,9.47,9.47,9.35,4.14M,-1.58%
05/25/2013,9.5,9.38,9.5,9.38,5.60M,-0.63%
05/22/2013,9.56,9.59,9.63,9.53,1.82M,-0.31%
05/21/2013,9.59,9.56,9.66,9.56,3.08M,0.31%
05/20/2013,9.56,9.63,9.66,9.56,2.84M,-0.73%
05/19/2013,9.63,9.63,9.66,9.44,10.45M,0.42%
05/18/2013,9.59,9.5,9.63,9.5,1.84M,0.31%
05/15/2013,9.56,9.56,9.63,9.5,1.52M,0.00%
05/14/2013,9.56,9.63,9.69,9.5,2.81M,-1.04%
05/13/2013,9.66,9.78,9.78,9.63,2.69M,-1.23%
05/12/2013,9.78,9.87,9.87,9.78,931.82K,-0.31%
05/11/2013,9.81,9.87,9.9,9.81,1.31M,-0.30%
05/08/2013,9.84,9.84,9.87,9.84,1.13M,0.31%
05/07/2013,9.81,9.81,9.87,9.78,1.02M,0.31%
05/06/2013,9.78,9.72,9.81,9.72,1.09M,0.62%
05/05/2013,9.72,9.84,9.9,9.72,2.60M,-1.52%
05/04/2013,9.87,9.72,10.09,9.69,3.45M,1.86%
05/01/2013,9.69,9.75,9.75,9.69,1.19M,-0.62%
04/30/2013,9.75,9.69,9.75,9.66,1.44M,0.62%
04/29/2013,9.69,9.72,9.75,9.66,2.05M,-0.92%
04/28/2013,9.78,9.75,9.81,9.69,1.67M,0.31%
04/27/2013,9.75,9.81,9.87,9.72,2.28M,-0.61%
04/24/2013,9.81,9.84,9.87,9.78,882.88K,0.00%
04/23/2013,9.81,9.87,9.87,9.81,1.65M,-0.61%
04/22/2013,9.87,9.78,9.9,9.75,2.25M,0.92%
04/21/2013,9.78,9.81,9.84,9.72,1.74M,0.00%
04/20/2013,9.78,9.81,10.03,9.72,4.25M,0.00%
04/17/2013,9.78,10.06,10.09,9.78,3.60M,-2.78%
04/16/2013,10.06,10.12,10.21,10.03,2.93M,-1.18%
04/15/2013,10.18,10.21,10.24,10.12,2.01M,-0.59%
04/14/2013,10.24,10.21,10.28,10.15,1.49M,-0.39%
04/13/2013,10.28,10.31,10.4,10.03,6.38M,-2.56%
04/10/2013,10.55,10.55,10.58,10.4,2.54M,-0.28%
04/09/2013,10.58,10.52,10.62,10.49,1.70M,0.28%
04/08/2013,10.55,10.49,10.58,10.49,1.55M,0.57%
04/07/2013,10.49,10.46,10.55,10.43,913.65K,0.00%
04/06/2013,10.49,10.55,10.58,10.46,1.85M,-1.22%
04/03/2013,10.62,10.52,10.65,10.52,1.68M,0.95%
04/02/2013,10.52,10.52,10.58,10.49,1.85M,-0.28%
04/01/2013,10.55,10.49,10.65,10.49,1.33M,0.29%
03/31/2013,10.52,10.46,10.52,10.43,1.71M,-0.28%
03/30/2013,10.55,10.49,10.62,10.46,3.08M,0.57%
03/27/2013,10.49,10.46,10.58,10.43,2.75M,0.29%
03/26/2013,10.46,10.31,10.46,10.31,2.06M,0.87%
03/25/2013,10.37,10.31,10.4,10.31,1.23M,0.58%
03/24/2013,10.31,10.31,10.34,10.28,1.39M,-0.29%
03/23/2013,10.34,10.31,10.34,10.24,995.00K,0.29%
03/20/2013,10.31,10.46,10.52,10.24,4.01M,-1.43%
03/19/2013,10.46,10.21,10.49,10.21,4.48M,2.45%
03/18/2013,10.21,10.24,10.24,10.15,1.42M,-0.29%
03/17/2013,10.24,10.24,10.31,10.15,1.99M,0.00%
03/16/2013,10.24,10.15,10.31,10.15,1.02M,1.19%
03/13/2013,10.12,10.18,10.21,10.06,3.06M,-0.88%
03/12/2013,10.21,10.21,10.24,10.15,722.82K,-0.29%
03/11/2013,10.24,10.28,10.31,10.21,1.05M,-0.68%
03/10/2013,10.31,10.37,10.37,10.28,719.23K,-0.58%
03/09/2013,10.37,10.28,10.37,10.28,1.38M,0.29%
03/06/2013,10.34,10.34,10.34,10.28,739.40K,0.00%
03/05/2013,10.34,10.18,10.34,10.18,1.97M,1.57%
03/04/2013,10.18,10.15,10.21,10.06,1.74M,0.00%
03/03/2013,10.18,10.24,10.31,10.18,1.65M,-0.59%
03/02/2013,10.24,10.31,10.34,10.24,1.04M,-0.68%
02/27/2013,10.31,10.28,10.37,10.24,911.84K,0.29%
02/26/2013,10.28,10.31,10.34,10.21,1.58M,-0.58%
02/25/2013,10.34,10.34,10.37,10.31,494.26K,0.00%
02/24/2013,10.34,10.34,10.37,10.28,796.21K,0.00%
02/23/2013,10.34,10.37,10.43,10.31,1.42M,-0.29%
02/20/2013,10.37,10.34,10.49,10.34,1.67M,0.00%
02/19/2013,10.37,10.4,10.4,10.34,2.18M,-0.29%
02/18/2013,10.4,10.4,10.46,10.31,1.17M,0.00%
02/17/2013,10.4,10.49,10.49,10.37,2.47M,-0.86%
02/16/2013,10.49,10.55,10.58,10.46,2.81M,-0.57%
02/13/2013,10.55,10.71,10.77,10.52,3.57M,-1.77%
02/12/2013,10.74,10.55,10.77,10.55,3.22M,1.13%
02/11/2013,10.62,10.52,10.68,10.49,1.93M,0.66%
02/10/2013,10.55,10.52,10.58,10.49,1.36M,0.29%
02/09/2013,10.52,10.52,10.62,10.49,1.72M,0.00%
02/06/2013,10.52,10.71,10.89,10.43,3.41M,-2.86%
02/05/2013,10.83,10.34,10.93,10.28,7.25M,3.84%
02/04/2013,10.43,10.31,10.43,10.31,1.50M,1.16%
02/03/2013,10.31,10.31,10.37,10.24,1.44M,0.00%
02/02/2013,10.31,10.46,10.46,10.28,3.62M,-1.43%
01/30/2013,10.46,10.37,10.46,10.34,1.76M,0.58%
01/29/2013,10.4,10.49,10.49,10.37,963.26K,-1.14%
01/28/2013,10.52,10.58,10.58,10.46,2.86M,-1.22%
01/27/2013,10.65,10.68,10.68,10.58,1.02M,0.28%
01/26/2013,10.62,10.62,10.71,10.58,1.87M,-0.28%
01/23/2013,10.65,10.62,10.68,10.52,2.86M,0.28%
01/22/2013,10.62,10.68,10.74,10.58,2.38M,-0.84%
01/21/2013,10.71,10.8,10.99,10.58,6.38M,-0.83%
01/20/2013,10.8,10.8,10.89,10.71,2.38M,0.00%
01/19/2013,10.8,10.55,10.93,10.55,2.59M,1.41%
01/16/2013,10.65,10.49,10.74,10.49,2.21M,1.24%
01/15/2013,10.52,10.52,10.58,10.4,1.81M,0.00%
01/14/2013,10.52,10.65,10.65,10.49,3.65M,-1.77%
01/13/2013,10.71,10.83,10.83,10.68,1.86M,-0.83%
01/12/2013,10.8,10.83,10.89,10.74,3.16M,0.00%
01/09/2013,10.8,10.65,10.83,10.62,4.73M,1.41%
01/08/2013,10.65,10.52,10.68,10.52,3.63M,0.66%
01/07/2013,10.58,10.37,10.62,10.31,4.61M,2.03%
01/06/2013,10.37,10.4,10.43,10.31,1.36M,0.00%
01/05/2013,10.37,10.24,10.46,10.24,3.84M,1.57%
01/02/2013,10.21,10.21,10.31,10.18,2.66M,-0.29%
01/01/2013,10.24,10.09,10.24,10.06,2.58M,2.09%
12/31/2012,10.03,10.12,10.12,10.0,935.25K,-0.30%
12/30/2012,10.06,10.18,10.21,10.06,1.40M,-1.18%
12/29/2012,10.18,10.21,10.24,10.15,1.56M,-0.59%
12/26/2012,10.24,10.15,10.24,10.06,1.85M,0.89%
12/25/2012,10.15,10.12,10.18,10.09,1.03M,-0.29%
12/24/2012,10.18,10.15,10.21,10.12,1.84M,0.30%
12/23/2012,10.15,10.18,10.21,10.12,1.34M,-0.59%
12/22/2012,10.21,10.15,10.24,10.06,2.26M,0.29%
12/19/2012,10.18,10.21,10.24,10.12,1.70M,-0.29%
12/18/2012,10.21,10.24,10.31,10.18,3.17M,0.29%
12/17/2012,10.18,10.31,10.34,10.09,5.53M,-1.26%
12/16/2012,10.31,10.31,10.34,10.21,4.01M,0.00%
12/15/2012,10.31,10.12,10.34,10.0,6.50M,3.10%
12/12/2012,10.0,9.87,10.06,9.87,4.07M,1.01%
12/11/2012,9.9,9.81,9.97,9.81,1.83M,0.61%
12/10/2012,9.84,9.81,9.87,9.75,1.37M,0.31%
12/09/2012,9.81,9.72,9.81,9.72,1.59M,0.93%
12/08/2012,9.72,9.69,9.75,9.66,1.63M,0.62%
12/05/2012,9.66,9.72,9.78,9.66,2.81M,-0.62%
12/04/2012,9.72,9.9,9.9,9.66,3.41M,-1.52%
12/03/2012,9.87,9.84,10.0,9.75,5.13M,0.00%
12/02/2012,9.87,9.81,10.06,9.72,6.99M,1.54%
12/01/2012,9.72,9.78,9.9,9.66,4.38M,0.62%
11/28/2012,9.66,9.47,9.75,9.47,2.23M,0.73%
11/27/2012,9.59,9.72,9.81,9.47,2.02M,-2.24%
11/26/2012,9.81,9.78,9.87,9.53,2.12M,1.24%
11/25/2012,9.69,9.9,9.9,9.63,2.14M,-2.12%
11/24/2012,9.9,9.69,9.97,9.69,2.87M,3.56%
11/21/2012,9.56,9.41,9.84,9.41,6.40M,2.91%
11/20/2012,9.29,9.35,9.44,9.22,6.47M,-0.64%
11/19/2012,9.35,9.69,9.72,9.25,5.85M,-3.51%
11/18/2012,9.69,9.75,9.81,9.66,1.96M,-0.31%
11/17/2012,9.72,9.59,9.75,9.53,2.29M,0.62%
11/14/2012,9.66,9.93,9.93,9.63,3.34M,-2.72%
11/13/2012,9.93,9.9,9.97,9.81,614.85K,-0.40%
11/12/2012,9.97,10.09,10.09,9.93,1.34M,-1.48%
11/11/2012,10.12,10.21,10.21,10.09,1.23M,-0.88%
11/10/2012,10.21,10.12,10.21,10.09,1.00M,-0.29%
11/07/2012,10.24,10.21,10.31,10.15,3.03M,0.29%
11/06/2012,10.21,10.03,10.21,10.03,1.86M,1.49%
11/05/2012,10.06,9.97,10.09,9.93,1.95M,0.30%
11/04/2012,10.03,9.87,10.09,9.84,2.12M,1.01%
11/03/2012,9.93,9.87,9.97,9.81,1.20M,0.61%
10/24/2012,9.87,9.69,9.9,9.69,2.24M,0.61%
10/23/2012,9.81,9.63,9.84,9.56,3.61M,1.87%
10/22/2012,9.63,9.66,9.78,9.59,2.76M,-0.62%
10/21/2012,9.69,9.78,9.78,9.63,2.04M,-0.62%
10/20/2012,9.75,9.75,9.84,9.69,2.11M,-1.52%
10/17/2012,9.9,9.9,10.03,9.87,1.91M,0.00%
10/16/2012,9.9,9.9,10.03,9.87,1.72M,-0.30%
10/15/2012,9.93,9.66,10.09,9.66,7.71M,2.80%
10/14/2012,9.66,9.78,9.84,9.59,1.79M,-1.53%
10/13/2012,9.81,9.87,9.9,9.63,5.61M,0.62%
10/10/2012,9.75,9.59,9.75,9.5,1.82M,1.25%
10/09/2012,9.63,9.66,9.72,9.59,1.27M,-0.93%
10/08/2012,9.72,9.72,9.78,9.59,1.83M,-0.61%
10/07/2012,9.78,9.87,9.87,9.69,1.21M,-0.91%
10/06/2012,9.87,10.06,10.15,9.87,2.22M,-1.89%
10/03/2012,10.06,9.84,10.06,9.81,1.46M,1.62%
10/02/2012,9.9,9.72,9.97,9.66,1.79M,2.17%
10/01/2012,9.69,9.72,9.81,9.66,1.66M,0.00%
09/30/2012,9.69,9.63,9.81,9.63,993.77K,-0.31%
09/29/2012,9.72,9.78,9.9,9.63,1.32M,-0.61%
09/26/2012,9.78,9.84,9.87,9.72,1.07M,-1.21%
09/25/2012,9.9,9.84,9.97,9.78,1.47M,0.30%
09/24/2012,9.87,9.93,9.93,9.75,2.33M,-0.60%
09/22/2012,9.93,10.03,10.06,9.9,1.67M,-1.29%
09/19/2012,10.06,10.37,10.37,10.0,3.06M,-2.42%
09/18/2012,10.31,10.43,10.52,10.21,2.29M,-2.00%
09/17/2012,10.52,10.24,10.55,10.24,4.36M,2.04%
09/16/2012,10.31,10.24,10.37,10.21,1.69M,0.68%
09/15/2012,10.24,10.28,10.37,10.18,2.30M,1.19%
09/12/2012,10.12,10.03,10.18,10.03,1.33M,0.90%
09/11/2012,10.03,10.0,10.06,9.9,1.42M,0.30%
09/10/2012,10.0,10.06,10.09,9.9,2.52M,-1.19%
09/09/2012,10.12,10.21,10.21,9.9,3.18M,-0.59%
09/08/2012,10.18,10.34,10.34,10.12,2.23M,-0.29%
09/05/2012,10.21,10.31,10.34,10.18,2.36M,-1.26%
09/04/2012,10.34,10.34,10.4,10.28,2.16M,-0.29%
09/03/2012,10.37,10.37,10.43,10.34,2.41M,-0.86%
09/02/2012,10.46,10.34,10.46,10.31,1.42M,0.87%
09/01/2012,10.37,10.49,10.49,10.37,2.23M,-0.86%
08/29/2012,10.46,10.37,10.49,10.37,964.68K,0.29%
08/28/2012,10.43,10.37,10.43,10.37,2.15M,0.58%
08/27/2012,10.37,10.46,10.46,10.37,2.25M,-0.29%
08/26/2012,10.4,10.31,10.49,10.31,1.04M,0.00%
08/25/2012,10.4,10.31,10.46,10.24,1.17M,1.56%
08/15/2012,10.24,10.21,10.31,10.21,2.39M,0.29%
08/14/2012,10.21,10.09,10.28,10.06,3.61M,0.59%
08/13/2012,10.15,10.15,10.24,10.15,1.42M,-0.59%
08/12/2012,10.21,10.0,10.24,10.0,1.59M,1.49%
08/11/2012,10.06,9.87,10.09,9.87,1.57M,1.93%
08/08/2012,9.87,9.87,10.03,9.81,2.25M,0.00%
08/07/2012,9.87,9.84,9.9,9.75,807.45K,0.30%
08/06/2012,9.84,9.75,9.97,9.75,1.83M,0.31%
08/05/2012,9.81,9.75,9.84,9.66,1.84M,0.62%
08/04/2012,9.75,9.69,9.81,9.69,2.37M,1.67%
08/01/2012,9.59,9.56,9.66,9.5,2.41M,0.31%
07/31/2012,9.56,9.44,9.56,9.35,2.28M,1.27%
07/30/2012,9.44,9.38,9.5,9.38,1.17M,0.64%
07/29/2012,9.38,9.47,9.53,9.35,2.02M,-0.95%
07/28/2012,9.47,9.35,9.53,9.35,3.13M,1.94%
07/25/2012,9.29,9.29,9.38,9.29,2.53M,-0.96%
07/24/2012,9.38,9.22,9.38,9.19,1.09M,0.97%
07/23/2012,9.29,9.29,9.35,9.19,1.39M,0.43%
07/22/2012,9.25,9.19,9.32,9.19,1.22M,0.33%
07/21/2012,9.22,9.13,9.25,9.13,846.50K,-0.32%
07/18/2012,9.25,9.01,9.29,8.98,1.35M,1.31%
07/17/2012,9.13,9.19,9.22,9.01,4.87M,-1.30%
07/16/2012,9.25,9.35,9.41,9.22,3.05M,-1.39%
07/15/2012,9.38,9.5,9.5,9.35,2.35M,-1.26%
07/14/2012,9.5,9.5,9.56,9.44,860.48K,0.64%
07/11/2012,9.44,9.5,9.66,9.44,2.50M,-1.56%
07/10/2012,9.59,9.59,9.75,9.22,10.87M,-3.13%
07/09/2012,9.9,10.31,10.37,9.9,3.89M,-5.08%
07/08/2012,10.43,10.37,10.52,10.31,2.52M,-0.29%
07/07/2012,10.46,10.06,10.65,9.97,5.39M,3.05%
07/04/2012,10.15,9.69,10.28,9.66,9.90M,5.07%
07/03/2012,9.66,9.38,9.66,9.38,3.12M,2.66%
07/02/2012,9.41,9.35,9.44,9.35,1.08M,0.32%
07/01/2012,9.38,9.41,9.41,9.32,634.07K,-0.32%
06/30/2012,9.41,9.44,9.44,9.38,2.27M,0.97%
06/27/2012,9.32,9.41,9.44,9.29,3.11M,-0.96%
06/26/2012,9.41,9.35,9.44,9.35,513.12K,0.32%
06/25/2012,9.38,9.32,9.41,9.32,1.28M,-0.32%
06/24/2012,9.41,9.41,9.44,9.29,2.16M,0.00%
06/23/2012,9.41,9.44,9.47,9.35,1.26M,-0.63%
06/20/2012,9.47,9.47,9.5,9.35,1.70M,0.00%
06/19/2012,9.47,9.5,9.53,9.41,1.15M,-0.63%
06/18/2012,9.53,9.59,9.59,9.44,1.78M,1.28%
06/17/2012,9.41,9.19,9.44,9.19,1.38M,2.06%
06/16/2012,9.22,9.38,9.44,8.67,3.04M,-0.32%
06/13/2012,9.25,9.32,9.38,9.22,1.26M,-0.43%
06/12/2012,9.29,9.22,9.29,9.19,1.16M,-0.64%
06/11/2012,9.35,9.19,9.41,9.19,1.87M,1.74%
06/10/2012,9.19,9.04,9.22,9.04,1.09M,0.99%
06/09/2012,9.1,9.22,9.25,9.07,2.25M,-0.33%
06/06/2012,9.13,9.22,9.25,8.94,2.25M,0.00%
06/05/2012,9.13,9.22,9.29,9.13,1.76M,-0.98%
06/04/2012,9.22,9.04,9.22,8.94,1.60M,0.66%
06/03/2012,9.16,9.07,9.16,8.91,1.93M,1.33%
06/02/2012,9.04,8.82,9.1,8.79,6.13M,-3.62%
05/30/2012,9.38,9.41,9.41,9.22,2.32M,-0.64%
05/29/2012,9.44,9.38,9.5,9.35,2.95M,0.64%
05/28/2012,9.38,9.35,9.41,9.32,3.96M,0.97%
05/27/2012,9.29,9.29,9.32,9.19,3.33M,-0.32%
05/26/2012,9.32,9.53,9.53,9.29,5.09M,-2.20%
05/23/2012,9.53,9.59,9.72,9.47,1.72M,-1.35%
05/22/2012,9.66,9.47,9.72,9.47,4.14M,2.99%
05/21/2012,9.38,9.44,9.44,9.32,2.76M,0.00%
05/20/2012,9.38,9.35,9.44,9.32,2.26M,0.64%
05/19/2012,9.32,9.56,9.63,9.25,5.49M,-4.70%
05/16/2012,9.78,9.44,9.9,9.41,3.75M,1.24%
05/15/2012,9.66,9.47,9.72,9.47,2.29M,2.01%
05/14/2012,9.47,9.47,9.63,9.44,2.04M,-1.25%
05/13/2012,9.59,9.75,9.87,9.59,3.75M,-1.34%
05/12/2012,9.72,9.72,9.75,9.41,5.69M,-0.31%
05/09/2012,9.75,9.97,10.0,9.69,4.44M,-2.79%
05/08/2012,10.03,10.0,10.06,9.9,1.69M,0.00%
05/07/2012,10.03,9.87,10.03,9.84,6.43M,1.01%
05/06/2012,9.93,10.06,10.06,9.9,3.00M,-1.29%
05/05/2012,10.06,10.12,10.12,9.93,6.05M,-1.76%
05/02/2012,10.24,10.28,10.34,10.18,2.40M,-0.39%
05/01/2012,10.28,10.34,10.4,10.21,2.55M,-0.58%
04/30/2012,10.34,10.37,10.4,10.18,3.96M,0.29%
04/29/2012,10.31,10.49,10.49,10.31,4.60M,-1.72%
04/28/2012,10.49,10.46,10.62,10.46,2.98M,0.87%
04/25/2012,10.4,10.37,10.55,10.37,3.36M,0.29%
04/24/2012,10.37,10.52,10.55,10.37,3.10M,-0.86%
04/23/2012,10.46,10.55,10.68,10.46,4.54M,-2.06%
04/22/2012,10.68,10.77,10.8,10.62,3.21M,-1.39%
04/21/2012,10.83,10.58,10.83,10.58,5.10M,1.69%
04/18/2012,10.65,10.55,10.71,10.49,4.51M,0.95%
04/17/2012,10.55,10.24,10.71,10.21,7.23M,4.56%
04/16/2012,10.09,10.03,10.34,10.0,5.41M,-0.59%
04/15/2012,10.15,10.31,10.4,10.06,7.07M,-2.68%
04/14/2012,10.43,10.55,10.68,10.34,5.91M,-1.79%
04/11/2012,10.62,10.46,10.68,10.12,11.54M,-0.28%
04/10/2012,10.65,10.96,10.96,10.4,16.05M,-4.91%
04/09/2012,11.2,11.02,11.54,10.99,5.61M,-1.15%
04/08/2012,11.33,11.45,11.51,10.99,9.56M,-1.56%
04/07/2012,11.51,11.39,11.76,11.3,9.24M,-0.86%
04/04/2012,11.61,11.45,11.67,11.33,11.76M,1.13%
04/03/2012,11.48,11.14,11.54,11.11,7.08M,3.05%
04/02/2012,11.14,11.2,11.3,11.08,7.56M,-0.27%
04/01/2012,11.17,10.99,11.3,10.93,11.86M,1.64%
03/31/2012,10.99,10.96,11.14,10.93,8.83M,0.00%
03/28/2012,10.99,10.83,11.05,10.83,8.57M,1.20%
03/27/2012,10.86,10.77,11.17,10.74,23.85M,0.84%
03/26/2012,10.77,10.71,10.83,10.68,4.52M,0.00%
03/25/2012,10.77,10.86,10.93,10.68,7.97M,-0.83%
03/24/2012,10.86,10.77,10.89,10.74,8.68M,0.84%
03/21/2012,10.77,10.65,10.83,10.62,9.19M,1.41%
03/20/2012,10.62,10.4,10.62,10.37,7.91M,1.53%
03/19/2012,10.46,10.46,10.52,10.4,6.02M,0.00%
03/18/2012,10.46,10.55,10.55,10.4,5.89M,-1.13%
03/17/2012,10.58,10.71,10.71,10.52,6.93M,-1.49%
03/14/2012,10.74,10.77,10.83,10.65,4.60M,-0.28%
03/13/2012,10.77,10.93,10.93,10.68,7.22M,-1.46%
03/12/2012,10.93,10.49,10.99,10.46,21.26M,4.19%
03/11/2012,10.49,10.52,10.58,10.43,7.55M,0.00%
03/10/2012,10.49,10.55,10.58,10.43,9.41M,0.29%
03/07/2012,10.46,10.28,10.52,10.12,10.83M,0.87%
03/06/2012,10.37,10.49,10.52,10.31,7.34M,-1.43%
03/05/2012,10.52,10.4,10.71,10.28,16.77M,1.74%
03/04/2012,10.34,9.84,10.4,9.84,18.27M,4.76%
03/03/2012,9.87,9.63,9.97,9.56,14.26M,2.49%
02/29/2012,9.63,9.66,9.75,9.53,5.56M,-0.31%
02/28/2012,9.66,9.75,9.78,9.44,7.13M,-0.62%
02/27/2012,9.72,9.63,9.78,9.56,10.74M,0.93%
02/26/2012,9.63,9.63,9.72,9.47,8.05M,0.73%
02/25/2012,9.56,9.5,9.59,9.47,7.53M,0.95%
02/22/2012,9.47,9.38,9.53,9.38,13.60M,0.96%
02/21/2012,9.38,9.56,9.78,9.25,27.74M,0.97%
02/20/2012,9.29,9.07,9.47,9.04,18.01M,3.45%
02/19/2012,8.98,8.82,9.13,8.79,14.22M,2.51%
02/18/2012,8.76,8.76,8.79,8.7,4.67M,0.34%
02/15/2012,8.73,8.76,8.79,8.67,1.95M,-0.34%
02/14/2012,8.76,8.82,8.85,8.73,5.49M,-0.68%
02/13/2012,8.82,8.82,8.85,8.79,4.07M,0.00%
02/12/2012,8.82,8.91,8.94,8.73,5.23M,-1.01%
02/11/2012,8.91,8.88,8.94,8.82,5.03M,0.00%
02/08/2012,8.91,8.98,9.04,8.88,4.59M,-0.78%
02/07/2012,8.98,9.04,9.13,8.98,3.85M,-0.99%
02/06/2012,9.07,8.98,9.29,8.88,6.87M,1.00%
02/05/2012,8.98,8.91,8.98,8.85,3.08M,0.79%
02/04/2012,8.91,8.98,9.04,8.88,6.67M,-0.34%
02/01/2012,8.94,8.98,9.32,8.82,16.45M,-0.45%
01/31/2012,8.98,8.67,9.01,8.64,18.44M,3.58%
01/30/2012,8.67,8.6,8.7,8.57,9.83M,1.17%
01/29/2012,8.57,8.54,8.67,8.48,5.46M,0.00%
01/28/2012,8.57,8.2,8.57,8.2,14.92M,4.90%
01/25/2012,8.17,8.2,8.23,8.11,3.38M,-0.73%
01/24/2012,8.23,8.33,8.36,8.14,4.85M,-1.20%
01/23/2012,8.33,8.23,8.45,8.2,10.47M,1.22%
01/22/2012,8.23,8.33,8.33,8.14,11.88M,-1.56%
01/21/2012,8.36,7.92,8.42,7.92,15.99M,6.36%
01/18/2012,7.86,7.83,7.92,7.8,8.66M,1.95%
01/17/2012,7.71,7.72,7.74,7.68,3.09M,-0.39%
01/16/2012,7.74,7.8,7.86,7.71,4.76M,-1.15%
01/15/2012,7.83,7.8,7.83,7.74,3.66M,0.38%
01/14/2012,7.8,7.8,7.8,7.72,2.36M,0.00%
01/11/2012,7.8,7.72,7.83,7.68,3.65M,1.17%
01/10/2012,7.71,7.74,7.74,7.71,1.79M,-0.13%
01/09/2012,7.72,7.74,7.77,7.69,3.78M,-0.26%
01/08/2012,7.74,7.68,7.74,7.64,3.33M,0.78%
01/07/2012,7.68,7.69,7.72,7.64,4.77M,-0.39%
01/04/2012,7.71,7.74,7.74,7.68,2.03M,-0.13%
01/03/2012,7.72,7.74,7.77,7.71,3.88M,-0.26%
01/02/2012,7.74,7.74,7.74,7.69,2.65M,0.00%
01/01/2012,7.74,7.77,7.8,7.74,2.84M,-1.15%
12/31/2011,7.83,7.77,7.83,7.77,2.25M,0.77%
12/28/2011,7.77,7.83,7.86,7.72,3.72M,0.00%
12/27/2011,7.77,7.89,7.89,7.77,2.91M,-1.52%
12/26/2011,7.89,7.92,7.95,7.8,3.51M,0.00%
12/25/2011,7.89,7.99,8.08,7.86,4.67M,-1.62%
12/24/2011,8.02,7.95,8.02,7.92,4.82M,1.65%
12/21/2011,7.89,7.95,8.02,7.89,1.87M,-1.25%
12/20/2011,7.99,8.08,8.08,7.89,3.34M,-0.75%
12/19/2011,8.05,7.89,8.05,7.89,2.68M,2.03%
12/18/2011,7.89,7.8,7.89,7.77,1.95M,0.38%
12/17/2011,7.86,7.92,7.92,7.83,3.11M,-1.13%
12/14/2011,7.95,7.86,7.99,7.83,2.01M,1.15%
12/13/2011,7.86,8.05,8.08,7.74,2.89M,-2.72%
12/12/2011,8.08,8.14,8.2,8.05,2.73M,-0.74%
12/11/2011,8.14,8.08,8.14,8.02,3.22M,0.37%
12/10/2011,8.11,7.95,8.11,7.92,5.10M,2.01%
12/07/2011,7.95,7.95,7.95,7.89,1.02M,0.00%
12/06/2011,7.95,7.89,7.99,7.86,1.96M,0.00%
12/05/2011,7.95,7.83,7.95,7.77,2.07M,1.15%
12/04/2011,7.86,7.8,7.86,7.77,2.38M,0.38%
12/03/2011,7.83,7.77,7.89,7.77,3.17M,1.16%
11/30/2011,7.74,7.69,7.74,7.64,1.01M,0.78%
11/29/2011,7.68,7.71,7.74,7.66,1.98M,-0.39%
11/28/2011,7.71,7.68,7.74,7.66,1.62M,1.05%
11/27/2011,7.63,7.64,7.69,7.58,1.33M,-0.39%
11/26/2011,7.66,7.71,7.71,7.63,1.81M,-0.65%
11/23/2011,7.71,7.72,7.74,7.69,1.64M,-0.39%
11/22/2011,7.74,7.86,7.89,7.72,3.64M,-2.27%
11/21/2011,7.92,8.05,8.05,7.8,2.55M,-1.61%
11/20/2011,8.05,8.02,8.05,7.95,1.47M,0.37%
11/19/2011,8.02,7.99,8.05,7.95,1.89M,0.00%
11/16/2011,8.02,8.05,8.05,8.02,2.03M,-0.37%
11/15/2011,8.05,8.14,8.14,8.05,2.24M,-1.11%
11/14/2011,8.14,8.2,8.33,8.14,3.21M,-1.09%
11/13/2011,8.23,8.17,8.33,8.17,2.82M,0.00%
11/12/2011,8.23,8.26,8.29,8.14,1.64M,0.00%
11/02/2011,8.23,8.08,8.26,8.08,4.56M,1.48%
11/01/2011,8.11,8.05,8.11,7.99,4.77M,0.37%
10/31/2011,8.08,8.08,8.14,7.99,3.41M,0.00%
10/30/2011,8.08,8.05,8.17,8.02,5.01M,0.37%
10/29/2011,8.05,7.89,8.05,7.89,5.14M,3.60%
10/26/2011,7.77,7.8,7.83,7.74,1.50M,-0.77%
10/25/2011,7.83,7.83,7.89,7.77,2.23M,0.00%
10/24/2011,7.83,7.83,7.92,7.8,6.40M,0.38%
10/23/2011,7.8,7.69,7.86,7.69,4.44M,1.56%
10/22/2011,7.68,7.54,7.77,7.49,5.40M,1.45%
10/19/2011,7.57,7.57,7.58,7.51,2.57M,-0.13%
10/18/2011,7.58,7.57,7.6,7.49,3.23M,-0.26%
10/17/2011,7.6,7.52,7.6,7.51,2.66M,1.20%
10/16/2011,7.51,7.58,7.6,7.49,3.24M,-1.31%
10/15/2011,7.61,7.57,7.63,7.57,4.27M,0.53%
10/12/2011,7.57,7.63,7.63,7.57,2.72M,-0.39%
10/11/2011,7.6,7.71,7.71,7.58,4.37M,-1.81%
10/10/2011,7.74,7.77,7.8,7.72,1.89M,-0.39%
10/09/2011,7.77,7.74,7.86,7.72,5.82M,0.39%
10/08/2011,7.74,7.71,7.8,7.71,4.03M,1.71%
10/05/2011,7.61,7.69,7.72,7.61,3.38M,-0.39%
10/04/2011,7.64,7.71,7.71,7.61,2.44M,-1.04%
10/03/2011,7.72,7.8,7.8,7.72,3.76M,-1.78%
10/02/2011,7.86,7.89,7.92,7.8,2.51M,0.00%
10/01/2011,7.86,7.86,7.92,7.74,3.63M,-0.76%
09/28/2011,7.92,8.08,8.08,7.89,4.67M,-1.61%
09/27/2011,8.05,8.05,8.08,7.99,8.67M,1.26%
09/26/2011,7.95,7.95,7.95,7.86,5.80M,-0.50%
09/25/2011,7.99,8.11,8.11,7.92,15.42M,-4.43%
09/21/2011,8.36,8.17,8.39,8.11,3.92M,2.33%
09/20/2011,8.17,8.14,8.2,8.14,1.61M,-0.37%
09/19/2011,8.2,8.08,8.2,8.08,1.83M,0.00%
09/18/2011,8.2,8.23,8.26,8.14,1.21M,-0.36%
09/17/2011,8.23,8.26,8.29,8.23,2.47M,1.48%
09/14/2011,8.11,8.14,8.17,8.08,2.94M,-0.73%
09/13/2011,8.17,8.23,8.23,8.08,3.00M,0.74%
09/12/2011,8.11,8.29,8.29,8.11,2.95M,-2.64%
09/11/2011,8.33,8.33,8.36,8.29,1.55M,-0.36%
09/10/2011,8.36,8.26,8.36,8.2,3.44M,-0.36%
09/07/2011,8.39,8.36,8.45,8.33,2.48M,1.21%
09/06/2011,8.29,8.33,8.42,8.26,2.88M,-1.19%
09/05/2011,8.39,8.45,8.45,8.36,2.02M,-1.41%
09/04/2011,8.51,8.42,8.54,8.42,1.86M,1.07%
09/03/2011,8.42,8.36,8.51,8.33,2.86M,2.68%
08/24/2011,8.2,8.26,8.29,8.14,3.98M,0.00%
08/23/2011,8.2,8.11,8.33,8.11,3.74M,0.74%
08/22/2011,8.14,8.17,8.17,8.08,3.32M,0.37%
08/21/2011,8.11,7.89,8.2,7.89,3.52M,2.01%
08/20/2011,7.95,7.86,7.95,7.68,3.81M,-0.87%
08/17/2011,8.02,7.89,8.05,7.83,4.56M,1.26%
08/16/2011,7.92,7.83,7.95,7.83,4.73M,1.15%
08/15/2011,7.83,7.83,7.92,7.83,2.36M,0.38%
08/14/2011,7.8,7.89,7.89,7.72,6.01M,-1.14%
08/13/2011,7.89,7.77,7.92,7.77,3.14M,2.60%
08/10/2011,7.69,7.63,7.77,7.63,8.95M,2.26%
08/09/2011,7.52,7.27,7.52,7.09,19.15M,0.00%
08/08/2011,7.52,7.6,7.68,7.47,4.42M,-0.79%
08/07/2011,7.58,7.58,7.74,7.49,5.80M,-1.30%
08/06/2011,7.68,7.58,7.74,7.4,11.34M,-4.95%
08/03/2011,8.08,8.05,8.08,7.99,4.14M,-0.37%
08/02/2011,8.11,8.14,8.17,8.08,1.95M,-1.46%
08/01/2011,8.23,8.14,8.26,8.14,1.81M,1.48%
07/31/2011,8.11,8.02,8.17,8.02,2.14M,0.75%
07/30/2011,8.05,8.02,8.08,7.95,2.86M,-1.11%
07/27/2011,8.14,8.14,8.17,8.08,1.80M,-0.37%
07/26/2011,8.17,8.08,8.2,8.08,1.90M,0.74%
07/25/2011,8.11,8.2,8.23,8.11,3.29M,-1.82%
07/24/2011,8.26,8.26,8.26,8.2,1.96M,-0.36%
07/23/2011,8.29,8.23,8.29,8.17,3.49M,1.10%
07/20/2011,8.2,8.17,8.2,8.14,2.12M,0.37%
07/19/2011,8.17,8.17,8.2,8.08,2.66M,-0.37%
07/18/2011,8.2,8.14,8.2,8.08,3.74M,0.74%
07/17/2011,8.14,8.2,8.2,8.02,3.71M,-1.09%
07/16/2011,8.23,8.08,8.23,8.02,3.48M,1.86%
07/13/2011,8.08,8.17,8.2,8.02,4.74M,-0.37%
07/12/2011,8.11,8.23,8.26,8.08,5.92M,-1.82%
07/11/2011,8.26,8.26,8.29,8.23,1.72M,0.00%
07/10/2011,8.26,8.29,8.29,8.23,2.06M,-0.84%
07/09/2011,8.33,8.36,8.39,8.26,3.45M,-0.36%
07/06/2011,8.36,8.39,8.45,8.29,3.50M,-0.71%
07/05/2011,8.42,8.42,8.45,8.36,4.40M,0.00%
07/04/2011,8.42,8.48,8.48,8.39,4.88M,-1.06%
07/03/2011,8.51,8.54,8.54,8.48,2.85M,-0.70%
07/02/2011,8.57,8.51,8.57,8.45,4.62M,1.78%
06/29/2011,8.42,8.39,8.51,8.36,7.31M,0.72%
06/28/2011,8.36,8.36,8.42,8.29,4.51M,0.00%
06/27/2011,8.36,8.33,8.36,8.26,2.90M,0.36%
06/26/2011,8.33,8.2,8.36,8.17,3.79M,1.22%
06/25/2011,8.23,8.14,8.23,8.05,3.28M,0.37%
06/22/2011,8.2,8.29,8.33,8.17,5.23M,-1.09%
06/21/2011,8.29,8.23,8.29,8.17,6.74M,1.84%
06/20/2011,8.14,8.33,8.33,8.14,7.60M,-2.63%
06/19/2011,8.36,8.54,8.57,8.33,4.64M,-1.76%
06/18/2011,8.51,8.67,8.7,8.51,13.19M,0.00%
06/15/2011,8.51,8.54,8.67,8.42,9.57M,-0.35%
06/14/2011,8.54,8.36,8.57,8.36,8.57M,2.15%
06/13/2011,8.36,8.39,8.45,8.33,5.05M,0.00%
06/12/2011,8.36,8.33,8.42,8.26,6.41M,0.36%
06/11/2011,8.33,8.26,8.33,8.17,9.08M,-0.72%
06/08/2011,8.39,8.48,8.48,8.36,7.42M,-1.06%
06/07/2011,8.48,8.54,8.7,8.39,15.41M,-0.35%
06/06/2011,8.51,8.42,8.54,8.36,7.45M,1.43%
06/05/2011,8.39,8.48,8.48,8.36,4.83M,-0.71%
06/04/2011,8.45,8.42,8.51,8.36,7.31M,-1.05%
06/01/2011,8.54,8.57,8.6,8.51,4.67M,0.00%
05/31/2011,8.54,8.57,8.6,8.51,3.77M,-0.35%
05/30/2011,8.57,8.64,8.67,8.54,4.79M,-0.81%
05/29/2011,8.64,8.67,8.7,8.6,5.00M,-0.35%
05/28/2011,8.67,8.6,8.76,8.6,11.37M,1.17%
05/25/2011,8.57,8.42,8.67,8.42,17.42M,1.06%
05/24/2011,8.48,8.51,8.57,8.39,10.30M,1.07%
05/23/2011,8.39,8.36,8.42,8.33,5.76M,-0.71%
05/22/2011,8.45,8.54,8.57,8.42,6.81M,-0.35%
05/21/2011,8.48,8.42,8.54,8.42,5.98M,0.71%
05/18/2011,8.42,8.29,8.48,8.26,5.86M,1.57%
05/17/2011,8.29,8.23,8.36,8.17,6.03M,0.36%
05/16/2011,8.26,8.36,8.42,8.2,9.05M,-1.90%
05/15/2011,8.42,8.45,8.51,8.36,4.83M,-0.71%
05/14/2011,8.48,8.42,8.51,8.39,5.31M,-0.35%
05/11/2011,8.51,8.64,8.64,8.45,12.02M,-1.05%
05/10/2011,8.6,8.76,8.79,8.57,11.42M,-0.46%
05/09/2011,8.64,8.64,8.76,8.54,21.20M,2.98%
05/08/2011,8.39,8.33,8.51,8.26,8.27M,1.21%
05/07/2011,8.29,8.2,8.45,8.02,14.72M,-1.54%
05/04/2011,8.42,8.45,8.48,8.42,3.69M,0.36%
05/03/2011,8.39,8.48,8.54,8.39,8.56M,-1.41%
05/02/2011,8.51,8.51,8.64,8.45,11.35M,0.71%
05/01/2011,8.45,8.54,8.57,8.39,8.64M,-1.05%
04/30/2011,8.54,8.6,8.76,8.54,24.18M,0.00%
04/27/2011,8.54,8.45,8.67,8.42,13.84M,1.07%
04/26/2011,8.45,8.48,8.54,8.39,7.03M,-0.35%
04/25/2011,8.48,8.6,8.64,8.39,20.10M,-1.05%
04/24/2011,8.57,8.26,8.67,8.26,39.99M,4.51%
04/23/2011,8.2,8.23,8.48,8.08,16.99M,-0.36%
04/20/2011,8.23,7.74,8.33,7.74,29.57M,6.61%
04/19/2011,7.72,7.77,7.8,7.69,5.25M,-0.26%
04/18/2011,7.74,7.77,7.8,7.68,8.29M,-0.39%
04/17/2011,7.77,7.69,7.92,7.69,13.38M,1.04%
04/16/2011,7.69,7.71,7.72,7.69,2.19M,-0.39%
04/13/2011,7.72,7.68,7.74,7.63,3.43M,0.52%
04/12/2011,7.68,7.64,7.72,7.63,2.95M,-0.39%
04/11/2011,7.71,7.74,7.77,7.66,6.13M,-0.77%
04/10/2011,7.77,7.8,7.83,7.72,6.33M,-0.38%
04/09/2011,7.8,7.89,7.99,7.8,9.75M,-0.76%
04/06/2011,7.86,7.61,7.92,7.55,17.80M,3.42%
04/05/2011,7.6,7.69,7.74,7.57,8.52M,-1.43%
04/04/2011,7.71,7.74,7.8,7.68,8.51M,-0.77%
04/03/2011,7.77,7.86,7.86,7.69,12.90M,-0.38%
04/02/2011,7.8,7.6,7.8,7.6,13.49M,2.50%
03/30/2011,7.61,7.63,7.64,7.52,6.52M,0.00%
03/29/2011,7.61,7.6,7.66,7.58,4.51M,0.40%
03/28/2011,7.58,7.61,7.74,7.58,13.26M,-0.26%
03/27/2011,7.6,7.66,7.69,7.58,7.60M,-0.39%
03/26/2011,7.63,7.37,7.64,7.37,15.10M,3.95%
03/23/2011,7.34,7.27,7.34,7.21,4.98M,0.55%
03/22/2011,7.3,7.29,7.38,7.29,6.25M,0.41%
03/21/2011,7.27,7.27,7.37,7.27,8.00M,-0.41%
03/20/2011,7.3,7.32,7.34,7.21,15.92M,4.89%
03/16/2011,6.96,6.99,7.06,6.89,8.44M,0.87%
03/15/2011,6.9,6.96,7.09,6.87,8.57M,-3.50%
03/14/2011,7.15,7.03,7.21,6.99,10.92M,0.00%
03/13/2011,7.15,7.26,7.32,7.1,12.04M,-1.11%
03/12/2011,7.23,7.01,7.35,7.01,21.17M,4.33%
03/09/2011,6.93,7.03,7.07,6.93,19.17M,-1.42%
03/08/2011,7.03,7.01,7.1,6.99,25.99M,0.57%
03/07/2011,6.99,6.81,6.99,6.75,16.45M,1.01%
03/06/2011,6.92,6.86,6.98,6.67,25.76M,2.37%
03/05/2011,6.76,6.22,6.78,6.22,20.55M,9.56%
03/02/2011,6.17,6.25,6.31,5.83,37.08M,-4.19%
03/01/2011,6.44,6.89,6.89,6.24,31.95M,-5.43%
02/28/2011,6.81,6.72,6.92,6.69,27.82M,0.29%
02/27/2011,6.79,7.15,7.2,6.73,31.82M,-4.63%
02/23/2011,7.12,7.26,7.35,7.07,25.25M,-1.52%
02/22/2011,7.23,7.23,7.24,7.13,9.01M,-0.14%
02/21/2011,7.24,7.35,7.38,7.2,19.71M,0.00%
02/20/2011,7.24,7.26,7.37,7.23,10.97M,-1.50%
02/19/2011,7.35,7.4,7.4,7.18,12.35M,-1.08%
02/16/2011,7.43,7.47,7.47,7.37,19.55M,-1.20%
02/15/2011,7.52,7.61,7.64,7.51,11.84M,-1.44%
02/14/2011,7.63,7.64,7.68,7.58,13.84M,0.26%
02/13/2011,7.61,7.49,7.74,7.4,46.66M,3.54%
02/12/2011,7.35,7.46,7.47,7.35,11.24M,0.00%
02/09/2011,7.35,7.37,7.41,7.35,5.55M,0.00%
02/08/2011,7.35,7.43,7.44,7.34,6.30M,-1.08%
02/07/2011,7.43,7.43,7.46,7.41,5.45M,0.27%
02/06/2011,7.41,7.35,7.43,7.35,6.73M,1.51%
02/05/2011,7.3,7.23,7.35,7.23,8.98M,0.97%
02/02/2011,7.23,7.12,7.3,7.12,25.07M,3.58%
02/01/2011,6.98,6.89,7.04,6.89,20.04M,1.75%
01/31/2011,6.86,7.06,7.1,6.75,19.29M,-2.42%
01/30/2011,7.03,6.82,7.07,6.82,21.35M,3.53%
01/29/2011,6.79,7.29,7.29,6.79,50.03M,-9.95%
01/26/2011,7.54,7.52,7.61,7.51,10.37M,-0.40%
01/25/2011,7.57,7.57,7.64,7.51,9.99M,0.00%
01/24/2011,7.57,7.49,7.63,7.49,14.18M,1.34%
01/23/2011,7.47,7.21,7.52,7.21,17.91M,3.32%
01/22/2011,7.23,7.12,7.26,7.12,5.34M,0.98%
01/19/2011,7.16,7.04,7.2,6.96,15.47M,-0.97%
01/18/2011,7.23,7.29,7.35,7.18,6.55M,-0.82%
01/17/2011,7.29,7.38,7.38,7.27,6.17M,-1.22%
01/16/2011,7.38,7.4,7.43,7.35,8.63M,-0.67%
01/15/2011,7.43,7.38,7.51,7.38,12.92M,0.68%
01/12/2011,7.38,7.32,7.4,7.29,11.06M,0.54%
01/11/2011,7.34,7.29,7.34,7.24,10.22M,1.10%
01/10/2011,7.26,7.3,7.41,7.18,22.35M,-0.82%
01/09/2011,7.32,7.41,7.47,7.27,28.50M,-1.21%
01/08/2011,7.41,6.99,7.49,6.99,57.83M,7.39%
01/05/2011,6.9,6.9,6.92,6.87,8.43M,0.00%
01/04/2011,6.9,6.89,6.93,6.87,10.62M,0.44%
01/03/2011,6.87,6.87,6.9,6.84,13.39M,-0.29%
01/02/2011,6.89,6.82,6.93,6.82,23.90M,1.17%
01/01/2011,6.81,6.76,6.86,6.73,21.81M,0.89%
