Date,Price,Open,High,Low,Vol.,Change %
07/26/2026,64.5,64.0,64.7,64.0,2.57M,0.86%
07/23/2026,63.95,64.5,64.5,63.9,5.32M,-0.47%
07/22/2026,64.25,64.15,64.25,63.5,5.67M,0.39%
07/21/2026,64.0,65.4,65.5,63.8,7.17M,-1.84%
07/20/2026,65.2,64.7,65.2,64.45,3.97M,0.69%
07/19/2026,64.75,64.45,64.9,64.35,2.34M,0.47%
07/16/2026,64.45,64.4,64.85,64.4,2.42M,0.23%
07/15/2026,64.3,64.5,64.9,64.15,4.30M,-0.23%
07/14/2026,64.45,65.5,65.55,64.35,5.63M,-1.68%
07/13/2026,65.55,65.1,66.1,64.85,4.64M,0.69%
07/12/2026,65.1,65.45,65.45,65.0,2.34M,-0.15%
07/09/2026,65.2,65.55,65.6,65.2,3.28M,-0.38%
07/08/2026,65.45,65.85,65.85,65.4,3.46M,-0.76%
07/07/2026,65.95,65.75,65.95,65.45,4.48M,0.23%
07/06/2026,65.8,65.8,66.1,65.6,3.16M,0.15%
07/05/2026,65.7,66.2,66.3,65.3,3.04M,-0.45%
07/02/2026,66.0,66.0,66.3,65.9,3.35M,0.00%
07/01/2026,66.0,65.95,66.35,65.95,3.37M,0.15%
06/30/2026,65.9,65.8,66.15,65.6,5.57M,0.15%
06/29/2026,65.8,66.3,66.45,65.8,4.78M,-0.75%
06/28/2026,66.3,66.35,66.4,65.9,1.99M,-0.08%
06/25/2026,66.35,65.9,66.45,65.6,4.24M,0.53%
06/24/2026,66.0,66.75,67.0,66.0,8.94M,-1.42%
06/23/2026,66.95,67.0,67.0,66.55,4.84M,-0.07%
06/22/2026,67.0,67.0,67.15,66.85,2.97M,0.00%
06/21/2026,67.0,66.9,67.15,66.8,2.14M,0.37%
06/18/2026,66.75,67.1,67.35,66.75,7.89M,-0.67%
06/17/2026,67.2,67.5,67.55,67.0,4.10M,-0.44%
06/16/2026,67.5,66.7,67.55,66.6,7.52M,1.20%
06/15/2026,66.7,67.1,67.25,66.55,10.54M,-0.45%
06/14/2026,67.0,67.1,67.35,66.75,5.16M,0.15%
06/11/2026,66.9,66.7,66.9,66.5,7.68M,0.15%
06/10/2026,66.8,67.45,67.45,66.65,7.04M,-0.96%
06/09/2026,67.45,66.85,68.0,66.8,16.30M,0.90%
06/08/2026,66.85,66.3,66.9,66.0,9.93M,0.22%
06/07/2026,66.7,66.5,66.85,66.15,3.88M,0.08%
06/04/2026,66.65,66.85,66.9,66.65,5.10M,-0.15%
06/03/2026,66.75,66.75,66.95,66.5,4.37M,0.07%
06/02/2026,66.7,66.7,67.1,66.65,7.18M,0.00%
06/01/2026,66.7,66.8,67.15,66.7,9.37M,-0.82%
05/31/2026,67.25,67.7,67.7,66.9,4.07M,0.98%
05/21/2026,66.6,67.3,67.6,66.6,14.42M,-0.75%
05/20/2026,67.1,66.9,67.35,66.45,4.78M,0.30%
05/19/2026,66.9,66.4,66.9,66.2,6.15M,0.75%
05/18/2026,66.4,66.3,66.55,66.05,3.37M,0.15%
05/17/2026,66.3,66.2,66.45,65.9,1.94M,0.00%
05/14/2026,66.3,66.2,66.7,66.05,5.39M,0.76%
05/13/2026,65.8,65.95,66.5,65.8,8.41M,-0.23%
05/12/2026,65.95,67.1,67.3,65.95,9.81M,-1.64%
05/11/2026,67.05,67.9,67.95,67.05,7.07M,-1.03%
05/10/2026,67.75,66.75,68.55,66.55,5.03M,1.73%
05/07/2026,66.6,66.9,67.0,66.55,8.84M,0.15%
05/06/2026,66.5,67.4,67.4,66.5,7.37M,-0.67%
05/05/2026,66.95,67.65,67.7,66.7,5.18M,-1.03%
05/04/2026,67.65,68.8,68.85,67.5,7.53M,-1.60%
05/03/2026,68.75,69.0,69.25,68.55,3.20M,0.29%
04/30/2026,68.55,69.35,69.45,68.55,6.64M,-1.15%
04/29/2026,69.35,69.7,69.7,69.1,4.21M,0.36%
04/28/2026,69.1,69.65,70.05,69.1,5.42M,0.00%
04/27/2026,69.1,69.2,69.55,68.8,5.58M,0.00%
04/26/2026,69.1,68.75,69.3,68.15,3.91M,0.58%
04/23/2026,68.7,70.25,70.25,68.45,12.04M,-2.21%
04/22/2026,70.25,71.75,71.8,70.25,6.31M,-2.02%
04/21/2026,71.7,72.0,73.4,71.4,13.21M,0.42%
04/20/2026,71.4,72.27,72.27,71.13,6.24M,-1.20%
04/19/2026,72.27,72.87,73.07,71.87,5.47M,-0.73%
04/16/2026,72.8,72.87,73.07,72.4,5.20M,-0.09%
04/15/2026,72.87,72.0,73.27,72.0,7.71M,1.02%
04/14/2026,72.13,71.8,72.33,71.6,4.68M,0.56%
04/13/2026,71.73,72.07,72.73,71.73,9.13M,-0.46%
04/12/2026,72.07,71.67,72.33,71.33,3.64M,0.19%
04/09/2026,71.93,71.87,72.2,71.6,4.89M,0.19%
04/08/2026,71.8,71.33,72.2,71.07,8.89M,2.77%
04/07/2026,69.87,71.27,71.27,69.87,5.92M,-2.06%
04/06/2026,71.33,71.33,71.53,70.93,3.84M,0.09%
04/05/2026,71.27,70.93,71.47,70.73,2.47M,0.47%
04/02/2026,70.93,71.0,71.47,70.73,4.33M,-0.09%
04/01/2026,71.0,71.33,71.67,70.93,4.69M,-0.09%
03/31/2026,71.07,70.33,71.8,70.13,8.86M,1.14%
03/30/2026,70.27,69.67,70.6,69.6,7.51M,1.35%
03/29/2026,69.33,69.53,69.93,69.27,2.44M,-0.29%
03/26/2026,69.53,69.93,69.93,69.2,3.99M,-0.57%
03/25/2026,69.93,69.13,70.13,68.73,9.42M,0.38%
03/24/2026,69.67,67.67,69.67,67.2,11.86M,3.26%
03/16/2026,67.47,68.0,68.07,67.27,6.32M,-0.49%
03/15/2026,67.8,67.33,67.8,66.53,2.33M,0.49%
03/12/2026,67.47,67.0,67.8,67.0,5.63M,0.20%
03/11/2026,67.33,67.33,68.0,66.87,4.68M,0.20%
03/10/2026,67.2,66.0,67.8,66.0,5.72M,2.02%
03/09/2026,65.87,68.0,68.2,65.87,9.41M,-3.89%
03/08/2026,68.53,67.33,68.93,67.33,3.51M,1.78%
03/05/2026,67.33,66.23,67.47,66.23,5.56M,1.76%
03/04/2026,66.17,65.3,67.13,64.9,8.26M,1.33%
03/03/2026,65.3,64.7,65.63,64.4,7.56M,0.88%
03/02/2026,64.73,64.87,65.33,63.93,25.86M,-0.46%
03/01/2026,65.03,63.33,66.57,63.33,7.69M,-3.42%
02/26/2026,67.33,67.87,68.13,67.33,7.06M,-1.37%
02/25/2026,68.27,68.53,68.67,67.87,3.82M,-0.68%
02/24/2026,68.73,68.87,69.07,68.2,4.89M,-0.19%
02/23/2026,68.87,68.13,68.87,67.93,4.33M,1.27%
02/19/2026,68.0,69.87,69.87,67.93,5.78M,-2.86%
02/18/2026,70.0,69.47,70.67,69.47,3.74M,0.38%
02/17/2026,69.73,70.47,70.47,69.0,4.69M,-1.04%
02/16/2026,70.47,70.47,70.8,70.13,2.21M,0.00%
02/15/2026,70.47,70.67,70.8,70.47,1.44M,-0.47%
02/12/2026,70.8,70.53,70.8,70.13,4.30M,0.19%
02/11/2026,70.67,70.47,70.87,70.33,4.76M,0.00%
02/10/2026,70.67,71.33,71.33,70.4,6.26M,-0.93%
02/09/2026,71.33,71.53,71.67,70.8,3.81M,-0.47%
02/08/2026,71.67,71.93,72.0,71.27,1.71M,0.47%
02/05/2026,71.33,71.6,71.8,70.93,4.34M,-0.19%
02/04/2026,71.47,71.47,72.2,71.2,4.32M,0.00%
02/03/2026,71.47,71.93,72.13,71.4,3.50M,-0.74%
02/02/2026,72.0,70.67,72.0,70.13,5.72M,1.41%
02/01/2026,71.0,71.47,72.13,69.8,4.73M,-0.65%
01/29/2026,71.47,72.4,72.67,71.47,6.19M,-1.29%
01/28/2026,72.4,72.53,73.07,71.87,6.04M,0.18%
01/27/2026,72.27,71.33,72.53,71.0,7.57M,1.98%
01/26/2026,70.87,71.87,71.87,70.67,4.26M,-1.39%
01/25/2026,71.87,70.6,72.07,70.6,3.64M,1.79%
01/22/2026,70.6,68.67,70.6,68.47,7.32M,3.12%
01/21/2026,68.47,68.53,68.67,68.2,3.03M,-0.29%
01/20/2026,68.67,68.6,68.93,68.33,3.73M,-0.29%
01/19/2026,68.87,68.27,68.87,68.0,3.20M,1.27%
01/18/2026,68.0,68.07,69.0,68.0,3.21M,0.10%
01/15/2026,67.93,68.93,69.13,67.73,5.28M,-1.55%
01/14/2026,69.0,68.8,69.2,68.13,10.68M,0.98%
01/13/2026,68.33,67.13,68.33,66.87,6.14M,1.89%
01/12/2026,67.07,67.13,67.8,67.07,4.15M,-0.10%
01/11/2026,67.13,66.67,67.8,66.63,2.55M,0.90%
01/08/2026,66.53,66.13,66.8,65.47,3.40M,0.55%
01/07/2026,66.17,66.0,66.17,64.97,8.22M,3.44%
01/06/2026,63.97,64.4,64.87,63.93,2.75M,-0.83%
01/05/2026,64.5,64.03,64.67,64.03,3.05M,0.78%
01/04/2026,64.0,65.0,65.0,63.67,3.11M,-1.74%
01/01/2026,65.13,65.0,65.3,64.87,822.20K,0.21%
12/31/2025,65.0,64.33,65.3,64.33,3.26M,0.93%
12/30/2025,64.4,64.03,64.4,63.9,3.27M,-0.31%
12/29/2025,64.6,64.07,64.6,63.77,3.51M,0.94%
12/28/2025,64.0,64.67,64.67,64.0,1.62M,-1.08%
12/25/2025,64.7,64.67,64.77,64.47,650.17K,-0.05%
12/24/2025,64.73,65.3,65.33,64.43,3.04M,-0.87%
12/23/2025,65.3,64.87,65.37,64.73,4.30M,0.36%
12/22/2025,65.07,64.07,65.07,63.93,2.38M,1.61%
12/21/2025,64.03,64.03,64.67,64.0,1.61M,0.21%
12/18/2025,63.9,63.83,64.47,63.67,9.62M,0.37%
12/17/2025,63.67,63.47,63.67,62.83,6.24M,-0.10%
12/16/2025,63.73,65.17,65.4,63.53,4.75M,-2.05%
12/15/2025,65.07,64.8,65.07,64.07,3.69M,-0.05%
12/14/2025,65.1,65.3,65.6,64.8,3.08M,-1.31%
12/11/2025,65.97,65.6,65.97,65.23,3.10M,1.23%
12/10/2025,65.17,65.47,66.13,65.17,3.19M,-0.56%
12/09/2025,65.53,64.2,65.53,64.17,4.36M,2.08%
12/08/2025,64.2,64.0,64.2,63.5,4.71M,0.36%
12/07/2025,63.97,64.0,64.33,63.93,1.40M,-0.05%
12/04/2025,64.0,64.1,64.67,63.73,5.62M,0.16%
12/03/2025,63.9,63.73,64.1,63.43,3.54M,-0.16%
12/02/2025,64.0,64.23,64.43,63.47,4.16M,-0.36%
12/01/2025,64.23,64.53,64.6,63.53,3.65M,-0.46%
11/30/2025,64.53,64.0,64.93,63.93,2.12M,0.99%
11/27/2025,63.9,64.0,64.37,63.67,4.20M,0.37%
11/26/2025,63.67,64.0,64.6,63.2,6.51M,-1.14%
11/25/2025,64.4,65.07,65.6,64.0,3.19M,-0.92%
11/24/2025,65.0,66.63,66.63,65.0,7.56M,-2.60%
11/23/2025,66.73,66.43,66.87,66.4,1.09M,0.65%
11/20/2025,66.3,66.53,66.87,66.27,2.76M,-0.25%
11/19/2025,66.47,67.6,67.6,66.47,3.57M,-1.58%
11/18/2025,67.53,66.67,67.6,66.23,4.40M,1.30%
11/17/2025,66.67,66.87,67.33,66.63,4.10M,-0.30%
11/16/2025,66.87,67.33,67.67,66.73,1.86M,-0.69%
11/13/2025,67.33,68.0,68.13,67.33,2.13M,-0.59%
11/12/2025,67.73,68.13,68.4,67.67,2.75M,-0.88%
11/11/2025,68.33,67.87,68.33,67.73,2.90M,1.08%
11/10/2025,67.6,68.07,68.27,67.33,4.09M,-1.17%
11/09/2025,68.4,68.33,68.47,67.67,2.48M,0.00%
11/06/2025,68.4,68.0,68.6,68.0,4.45M,0.69%
11/05/2025,67.93,68.33,68.87,67.6,6.82M,-0.59%
11/04/2025,68.33,69.4,69.73,68.33,4.73M,-1.54%
11/03/2025,69.4,69.27,69.67,68.73,7.58M,0.97%
11/02/2025,68.73,69.07,70.33,68.0,9.28M,-2.46%
10/30/2025,70.47,73.27,73.33,70.07,12.24M,-3.91%
10/29/2025,73.33,72.67,73.33,72.6,3.99M,0.92%
10/28/2025,72.67,72.27,72.67,72.0,7.01M,0.00%
10/27/2025,72.67,71.33,72.67,71.33,7.95M,1.77%
10/26/2025,71.4,71.93,72.0,71.27,2.62M,-0.83%
10/23/2025,72.0,71.93,72.33,71.73,4.00M,0.00%
10/22/2025,72.0,71.4,72.13,71.0,4.62M,1.03%
10/21/2025,71.27,71.93,71.93,71.07,7.42M,-0.65%
10/20/2025,71.73,71.73,72.27,71.4,6.85M,0.00%
10/19/2025,71.73,72.0,72.33,71.73,2.16M,-0.55%
10/16/2025,72.13,71.67,72.53,71.53,5.17M,0.65%
10/15/2025,71.67,71.13,71.8,70.93,6.52M,0.84%
10/14/2025,71.07,71.13,71.4,71.0,3.78M,-0.37%
10/13/2025,71.33,71.33,71.4,70.87,4.72M,0.94%
10/12/2025,70.67,69.33,71.33,69.33,5.24M,-1.40%
10/09/2025,71.67,71.13,72.0,71.07,4.84M,0.75%
10/08/2025,71.13,71.13,71.47,70.93,4.50M,0.00%
10/07/2025,71.13,71.27,71.4,70.6,4.77M,0.09%
10/06/2025,71.07,70.53,71.93,70.47,5.11M,0.76%
10/05/2025,70.53,70.33,70.8,70.13,2.49M,0.47%
10/02/2025,70.2,70.67,71.0,69.8,8.70M,-1.13%
10/01/2025,71.0,71.47,71.67,70.67,6.86M,-0.65%
09/30/2025,71.47,70.0,72.0,69.53,13.43M,1.80%
09/29/2025,70.2,67.6,70.4,67.27,13.02M,3.74%
09/28/2025,67.67,69.33,69.8,67.6,6.72M,-3.15%
09/25/2025,69.87,75.33,75.33,67.67,49.54M,1.95%
09/24/2025,68.53,68.53,68.53,68.53,28.18M,9.95%
09/22/2025,62.33,61.9,62.43,61.77,3.09M,0.54%
09/21/2025,62.0,63.1,63.1,62.0,2.71M,-1.90%
09/18/2025,63.2,61.77,63.2,61.33,9.90M,2.32%
09/17/2025,61.77,61.33,61.8,61.0,3.37M,0.71%
09/16/2025,61.33,60.7,61.37,60.37,5.57M,1.10%
09/15/2025,60.67,61.67,61.67,60.1,10.87M,-2.10%
09/14/2025,61.97,61.87,62.07,61.8,1.70M,-0.43%
09/11/2025,62.23,62.23,62.3,61.8,2.71M,0.00%
09/10/2025,62.23,62.13,62.23,61.7,2.91M,0.16%
09/09/2025,62.13,61.9,62.13,61.27,4.34M,0.38%
09/08/2025,61.9,62.47,62.67,61.8,4.46M,-0.85%
09/07/2025,62.43,63.33,63.47,62.37,1.48M,-1.27%
09/04/2025,63.23,62.47,63.57,62.3,4.63M,1.66%
09/03/2025,62.2,62.9,63.2,62.2,4.07M,-1.43%
09/02/2025,63.1,62.5,63.17,62.37,3.50M,0.96%
09/01/2025,62.5,62.67,62.67,62.23,3.42M,-0.27%
08/31/2025,62.67,63.03,63.2,62.43,1.61M,-0.21%
08/28/2025,62.8,63.4,63.7,62.8,3.33M,-1.05%
08/27/2025,63.47,64.13,64.13,63.47,2.47M,-1.04%
08/26/2025,64.13,64.57,64.63,63.7,7.94M,-0.82%
08/25/2025,64.67,64.07,64.67,64.03,2.77M,0.94%
08/24/2025,64.07,64.37,64.7,64.07,2.96M,0.05%
08/21/2025,64.03,63.87,64.33,63.87,2.68M,-0.05%
08/20/2025,64.07,63.47,64.4,63.33,4.82M,0.89%
08/19/2025,63.5,63.4,63.73,63.4,2.32M,-0.05%
08/18/2025,63.53,63.23,63.53,62.8,1.72M,0.42%
08/17/2025,63.27,62.7,63.27,62.7,1.73M,0.42%
08/14/2025,63.0,62.13,63.0,61.93,4.17M,1.39%
08/13/2025,62.13,62.67,62.8,61.87,3.52M,-0.85%
08/12/2025,62.67,62.7,63.07,62.33,2.87M,-0.21%
08/11/2025,62.8,63.2,63.43,62.8,2.62M,-0.63%
08/10/2025,63.2,63.33,63.6,63.07,1.41M,-0.47%
08/07/2025,63.5,63.57,63.6,63.4,1.47M,-0.16%
08/06/2025,63.6,63.8,63.83,63.5,1.97M,-0.31%
08/05/2025,63.8,63.47,63.97,63.37,4.43M,0.58%
08/04/2025,63.43,63.07,63.43,62.5,3.03M,0.69%
08/03/2025,63.0,63.03,63.03,62.4,1.53M,-0.26%
07/31/2025,63.17,63.0,63.17,62.4,3.19M,0.26%
07/30/2025,63.0,62.33,63.0,61.93,3.79M,1.07%
07/29/2025,62.33,62.93,63.13,61.87,4.10M,-0.69%
07/28/2025,62.77,63.23,63.37,62.77,3.61M,-0.79%
07/27/2025,63.27,63.47,63.5,63.1,2.53M,-0.42%
07/24/2025,63.53,64.0,64.07,63.23,3.29M,-0.73%
07/23/2025,64.0,63.3,64.0,63.07,4.99M,1.05%
07/22/2025,63.33,64.0,64.03,63.3,3.30M,-1.04%
07/21/2025,64.0,63.4,64.2,63.33,5.70M,1.59%
07/20/2025,63.0,62.87,63.43,62.87,1.50M,0.32%
07/17/2025,62.8,62.87,63.37,62.23,4.09M,-0.32%
07/16/2025,63.0,63.27,63.6,62.73,3.44M,-0.42%
07/15/2025,63.27,63.93,64.07,63.0,4.44M,-1.25%
07/14/2025,64.07,63.97,64.1,63.53,3.14M,0.16%
07/13/2025,63.97,63.87,64.2,63.67,2.11M,0.16%
07/10/2025,63.87,63.87,64.3,63.63,3.36M,-0.47%
07/09/2025,64.17,63.97,64.17,63.8,2.30M,0.26%
07/08/2025,64.0,64.0,64.33,63.77,3.72M,-0.21%
07/07/2025,64.13,64.13,64.63,63.73,5.12M,0.00%
07/06/2025,64.13,63.8,64.13,63.37,2.56M,0.21%
07/03/2025,64.0,63.33,64.0,63.2,6.32M,1.43%
07/02/2025,63.1,63.33,63.67,62.97,3.46M,-0.16%
07/01/2025,63.2,63.3,63.6,62.87,4.04M,0.21%
06/30/2025,63.07,64.67,64.77,63.07,8.59M,-2.47%
06/29/2025,64.67,63.3,64.73,63.2,5.02M,2.43%
06/26/2025,63.13,62.47,63.13,62.07,4.04M,0.85%
06/25/2025,62.6,62.93,63.0,61.87,4.82M,-0.21%
06/24/2025,62.73,62.53,63.0,61.93,8.32M,2.84%
06/23/2025,61.0,60.07,61.0,59.93,3.08M,1.55%
06/22/2025,60.07,60.8,61.47,60.0,3.57M,-1.21%
06/19/2025,60.8,60.73,61.07,60.33,5.61M,-0.33%
06/18/2025,61.0,60.67,61.13,60.33,2.55M,-0.22%
06/17/2025,61.13,61.73,62.07,61.0,5.94M,-0.97%
06/16/2025,61.73,60.8,62.27,60.8,5.48M,1.54%
06/15/2025,60.8,58.73,61.33,58.73,4.18M,-1.51%
06/12/2025,61.73,62.47,62.53,61.33,5.16M,-1.17%
06/11/2025,62.47,62.67,63.47,62.13,7.37M,0.43%
06/04/2025,62.2,60.2,62.27,60.07,9.22M,3.67%
06/03/2025,60.0,60.67,60.73,59.87,4.49M,-0.44%
06/02/2025,60.27,59.33,60.27,59.13,6.74M,1.69%
06/01/2025,59.27,61.2,61.2,58.53,6.04M,-2.41%
05/29/2025,60.73,62.4,62.47,60.33,11.71M,-2.25%
05/28/2025,62.13,60.8,62.13,60.73,5.98M,2.42%
05/27/2025,60.67,61.47,61.67,59.87,7.34M,-1.62%
05/26/2025,61.67,61.53,61.87,60.6,5.29M,0.43%
05/25/2025,61.4,63.07,63.07,61.27,4.05M,-2.02%
05/22/2025,62.67,63.93,63.93,62.67,5.50M,-2.08%
05/21/2025,64.0,64.67,65.2,63.93,5.38M,-1.44%
05/20/2025,64.93,64.47,65.0,64.33,3.69M,0.41%
05/19/2025,64.67,64.6,64.73,64.2,2.68M,0.10%
05/18/2025,64.6,65.2,65.33,64.4,2.46M,-0.92%
05/15/2025,65.2,65.6,65.8,64.8,3.08M,-0.51%
05/14/2025,65.53,65.53,65.73,65.0,3.90M,0.20%
05/13/2025,65.4,64.93,65.6,64.8,4.72M,1.24%
05/12/2025,64.6,64.33,65.2,64.33,5.35M,0.94%
05/11/2025,64.0,64.33,64.47,63.93,2.75M,-0.52%
05/08/2025,64.33,63.93,64.6,63.67,4.88M,1.05%
05/07/2025,63.67,64.27,64.6,63.67,3.74M,-1.04%
05/06/2025,64.33,63.73,64.33,63.33,6.60M,0.94%
05/05/2025,63.73,64.0,64.27,63.13,5.45M,-0.93%
05/04/2025,64.33,64.4,64.67,63.8,1.90M,0.00%
05/01/2025,64.33,64.93,65.07,63.8,5.86M,-0.92%
04/30/2025,64.93,65.8,66.0,64.93,8.25M,-1.32%
04/29/2025,65.8,65.93,66.0,65.53,3.91M,-0.20%
04/28/2025,65.93,65.6,65.93,65.53,4.00M,0.71%
04/27/2025,65.47,65.93,66.0,65.47,2.11M,0.00%
04/24/2025,65.47,65.13,66.0,65.0,7.92M,0.82%
04/23/2025,64.93,66.33,66.6,64.93,11.13M,-0.61%
04/22/2025,65.33,65.2,65.67,65.07,5.63M,0.41%
04/21/2025,65.07,65.13,65.4,64.93,2.54M,-0.10%
04/20/2025,65.13,65.13,65.47,64.93,2.71M,0.10%
04/17/2025,65.07,65.2,65.8,64.93,3.76M,-0.51%
04/16/2025,65.4,65.0,65.47,64.93,6.83M,0.51%
04/15/2025,65.07,65.0,65.6,64.93,5.95M,0.51%
04/14/2025,64.73,64.73,65.07,64.53,5.19M,-0.92%
04/13/2025,65.33,65.27,66.0,65.2,5.23M,0.41%
04/10/2025,65.07,65.93,66.0,64.87,10.23M,3.17%
04/09/2025,63.07,64.13,65.07,62.47,7.76M,-1.77%
04/08/2025,64.2,66.0,66.0,64.2,10.12M,1.90%
04/07/2025,63.0,61.0,64.07,60.67,13.49M,-0.21%
04/06/2025,63.13,63.8,65.47,62.8,13.95M,-5.86%
04/03/2025,67.07,67.07,68.27,66.67,8.31M,-1.37%
03/27/2025,68.0,67.87,69.33,67.73,8.58M,0.00%
03/26/2025,68.0,66.07,68.0,66.0,6.70M,3.03%
03/25/2025,66.0,66.67,66.93,65.87,4.81M,-1.59%
03/24/2025,67.07,66.33,67.07,65.87,8.08M,1.41%
03/23/2025,66.13,66.93,67.33,66.13,3.12M,-1.59%
03/20/2025,67.2,67.47,67.6,66.67,6.54M,-0.59%
03/19/2025,67.6,67.87,67.87,66.93,4.21M,-0.39%
03/18/2025,67.87,68.13,68.93,67.33,5.95M,-0.59%
03/17/2025,68.27,67.87,68.4,67.73,6.93M,0.59%
03/16/2025,67.87,67.33,68.0,67.2,3.75M,0.59%
03/13/2025,67.47,66.93,68.0,66.8,4.37M,0.60%
03/12/2025,67.07,66.8,67.2,66.4,4.26M,0.40%
03/11/2025,66.8,67.47,67.6,66.0,7.97M,-1.57%
03/10/2025,67.87,67.2,68.0,67.07,4.97M,0.99%
03/09/2025,67.2,67.2,68.0,66.93,4.98M,-0.59%
03/06/2025,67.6,67.33,68.0,65.93,9.63M,0.40%
03/05/2025,67.33,67.07,67.73,66.4,6.51M,0.40%
03/04/2025,67.07,67.87,68.67,66.93,7.84M,-1.37%
03/03/2025,68.0,66.4,68.13,66.4,6.44M,2.62%
03/02/2025,66.27,66.67,66.93,66.13,2.42M,-0.40%
02/27/2025,66.53,67.07,67.47,66.47,10.37M,-0.99%
02/26/2025,67.2,66.67,67.33,66.53,7.90M,0.80%
02/25/2025,66.67,66.6,66.93,65.73,5.43M,0.30%
02/24/2025,66.47,66.67,67.47,66.47,9.26M,-0.50%
02/20/2025,66.8,66.47,67.07,66.47,3.95M,0.00%
02/19/2025,66.8,66.33,67.07,66.33,5.00M,0.30%
02/18/2025,66.6,66.0,66.67,66.0,3.95M,0.91%
02/17/2025,66.0,66.6,66.67,65.73,4.16M,-1.00%
02/16/2025,66.67,66.33,67.07,66.33,2.36M,0.50%
02/13/2025,66.33,66.4,66.8,66.27,2.68M,-0.10%
02/12/2025,66.4,66.33,66.6,66.27,4.51M,0.10%
02/11/2025,66.33,67.33,67.33,66.33,4.98M,-1.49%
02/10/2025,67.33,67.6,68.0,67.2,3.04M,-0.20%
02/09/2025,67.47,66.6,67.47,66.53,2.60M,1.30%
02/06/2025,66.6,66.67,67.47,66.27,7.90M,-1.28%
02/05/2025,67.47,67.6,68.13,67.47,7.50M,-0.59%
02/04/2025,67.87,66.8,68.0,66.47,7.78M,1.60%
02/03/2025,66.8,65.87,66.93,65.33,10.12M,1.42%
02/02/2025,65.87,66.0,66.27,65.53,5.14M,-0.20%
01/30/2025,66.0,67.07,67.2,65.87,8.25M,-1.39%
01/29/2025,66.93,65.07,67.07,65.07,22.30M,4.69%
01/28/2025,63.93,63.67,64.67,63.33,7.09M,0.42%
01/27/2025,63.67,64.0,64.27,63.67,2.96M,-0.52%
01/26/2025,64.0,64.07,64.33,63.73,1.92M,0.10%
01/23/2025,63.93,64.67,64.73,63.73,6.36M,-1.24%
01/22/2025,64.73,64.33,64.8,64.33,7.28M,0.62%
01/21/2025,64.33,64.13,64.6,63.93,5.24M,0.63%
01/20/2025,63.93,64.0,64.27,63.8,4.19M,-0.10%
01/19/2025,64.0,64.4,64.67,64.0,3.22M,-0.72%
01/16/2025,64.47,64.67,64.67,63.67,5.18M,0.52%
01/15/2025,64.13,64.33,64.67,63.93,7.94M,0.21%
01/14/2025,64.0,63.87,64.27,63.67,3.61M,0.21%
01/13/2025,63.87,63.8,64.13,63.67,4.80M,0.00%
01/12/2025,63.87,64.2,64.4,63.8,3.41M,0.00%
01/09/2025,63.87,63.87,64.73,63.53,4.07M,0.00%
01/08/2025,63.87,64.33,64.8,63.8,4.43M,-1.14%
01/07/2025,64.6,65.2,65.6,64.53,3.60M,-0.72%
01/06/2025,65.07,64.87,65.67,64.8,4.09M,0.31%
01/05/2025,64.87,65.6,65.67,64.4,4.36M,-1.22%
01/02/2025,65.67,63.53,66.13,63.53,13.18M,3.47%
01/01/2025,63.47,63.13,63.6,62.6,3.87M,0.63%
12/31/2024,63.07,62.67,63.27,62.27,6.27M,0.75%
12/30/2024,62.6,61.47,62.73,61.47,6.15M,2.07%
12/29/2024,61.33,61.13,61.53,60.87,2.16M,0.11%
12/26/2024,61.27,61.47,61.87,61.2,1.56M,-0.33%
12/25/2024,61.47,61.93,62.0,61.4,1.49M,-0.65%
12/24/2024,61.87,61.87,62.27,61.6,3.39M,0.00%
12/23/2024,61.87,60.33,61.87,60.27,6.81M,2.77%
12/22/2024,60.2,60.2,61.33,60.13,3.17M,0.44%
12/19/2024,59.93,60.67,60.67,59.47,15.73M,-2.60%
12/18/2024,61.53,61.47,61.87,61.0,4.89M,0.00%
12/17/2024,61.53,62.33,62.33,61.4,4.39M,-1.28%
12/16/2024,62.33,61.67,62.4,61.67,9.27M,0.75%
12/15/2024,61.87,62.13,62.8,61.8,2.63M,-0.32%
12/12/2024,62.07,62.8,63.07,62.07,4.19M,-1.17%
12/11/2024,62.8,63.07,63.2,62.53,4.89M,-0.42%
12/10/2024,63.07,62.8,63.33,62.53,9.15M,0.42%
12/09/2024,62.8,60.4,62.93,60.4,12.53M,4.09%
12/08/2024,60.33,60.87,61.07,60.33,3.34M,-0.88%
12/05/2024,60.87,60.67,61.33,60.6,4.96M,0.33%
12/04/2024,60.67,60.47,60.8,60.07,6.69M,0.33%
12/03/2024,60.47,60.8,61.07,60.0,6.02M,-0.77%
12/02/2024,60.93,61.73,61.87,60.8,4.15M,-1.51%
12/01/2024,61.87,60.87,61.87,60.33,9.70M,1.87%
11/28/2024,60.73,60.73,61.33,60.47,6.72M,0.11%
11/27/2024,60.67,61.8,62.53,60.6,7.51M,-1.94%
11/26/2024,61.87,61.73,62.07,61.27,4.04M,0.22%
11/25/2024,61.73,62.4,62.53,61.33,11.81M,-1.38%
11/24/2024,62.6,62.33,63.0,62.27,3.78M,0.43%
11/21/2024,62.33,61.87,62.53,61.8,3.99M,0.54%
11/20/2024,62.0,62.13,62.6,61.73,4.87M,-0.32%
11/19/2024,62.2,61.07,62.27,60.67,6.47M,1.97%
11/18/2024,61.0,59.53,61.0,59.13,7.30M,2.46%
11/17/2024,59.53,60.0,60.93,59.53,4.52M,-1.11%
11/14/2024,60.2,60.87,61.53,60.2,7.54M,-1.42%
11/13/2024,61.07,61.67,61.93,60.87,7.02M,-1.93%
11/12/2024,62.27,63.0,63.53,62.27,6.52M,-1.06%
11/11/2024,62.93,62.53,63.93,62.33,10.56M,0.64%
11/10/2024,62.53,62.07,64.0,62.0,14.11M,1.19%
11/07/2024,61.8,60.67,62.0,60.67,11.57M,1.98%
11/06/2024,60.6,59.33,61.53,59.27,19.42M,2.25%
11/05/2024,59.27,58.87,59.27,58.53,5.25M,0.34%
11/04/2024,59.07,58.6,59.13,58.47,5.55M,0.68%
11/03/2024,58.67,58.67,58.73,58.4,1.82M,0.00%
10/31/2024,58.67,58.87,58.93,58.27,5.73M,-0.34%
10/30/2024,58.87,58.8,59.33,58.67,10.14M,0.11%
10/29/2024,58.8,58.13,58.93,58.0,10.88M,1.38%
10/28/2024,58.0,57.73,58.07,57.53,6.04M,0.58%
10/27/2024,57.67,58.0,58.47,57.53,8.66M,1.88%
10/24/2024,56.6,56.4,56.6,56.0,2.81M,-0.12%
10/23/2024,56.67,57.2,57.2,56.33,4.31M,-0.93%
10/22/2024,57.2,56.87,57.2,56.53,7.92M,0.94%
10/21/2024,56.67,55.07,56.93,55.07,11.57M,2.78%
10/20/2024,55.13,55.13,55.73,54.53,6.98M,0.36%
10/17/2024,54.93,56.53,56.8,54.93,12.11M,-2.94%
10/16/2024,56.6,56.73,56.93,56.47,4.25M,-0.12%
10/15/2024,56.67,57.33,57.33,56.53,7.60M,0.00%
10/14/2024,56.67,57.47,57.6,56.27,8.03M,-1.62%
10/13/2024,57.6,56.93,57.87,56.93,3.18M,1.17%
10/10/2024,56.93,56.13,57.27,55.93,3.82M,1.67%
10/09/2024,56.0,57.2,57.6,56.0,5.26M,-1.98%
10/08/2024,57.13,56.13,57.33,55.6,7.36M,1.78%
10/07/2024,56.13,54.8,56.33,54.67,10.81M,5.12%
10/06/2024,53.4,56.13,56.2,53.4,7.08M,-4.76%
10/03/2024,56.07,56.53,57.0,56.0,7.69M,-0.94%
10/02/2024,56.6,58.0,58.0,56.53,10.69M,-2.86%
10/01/2024,58.27,58.13,59.07,58.07,5.15M,0.23%
09/30/2024,58.13,58.87,59.2,58.13,6.47M,-1.02%
09/29/2024,58.73,59.67,59.73,58.6,4.88M,-1.67%
09/26/2024,59.73,60.33,60.47,59.53,4.30M,-1.21%
09/25/2024,60.47,59.93,60.67,59.8,6.35M,0.89%
09/24/2024,59.93,59.6,60.0,59.47,6.20M,0.56%
09/22/2024,59.6,60.0,60.0,59.53,2.54M,-0.56%
09/19/2024,59.93,59.13,59.93,58.93,9.89M,2.04%
09/18/2024,58.73,58.4,59.07,58.13,3.52M,0.34%
09/17/2024,58.53,59.07,59.2,58.33,5.03M,-1.01%
09/16/2024,59.13,59.27,59.47,58.93,3.59M,-0.22%
09/15/2024,59.27,58.87,59.27,58.73,3.61M,1.14%
09/12/2024,58.6,58.4,58.87,58.07,6.57M,1.03%
09/11/2024,58.0,58.4,58.4,57.87,6.52M,-1.36%
09/10/2024,58.8,58.67,58.8,58.07,7.01M,0.34%
09/09/2024,58.6,58.0,58.67,57.8,6.93M,1.03%
09/08/2024,58.0,58.6,58.67,57.73,5.18M,-1.92%
09/05/2024,59.13,59.33,59.47,59.07,4.27M,-0.34%
09/04/2024,59.33,58.53,59.33,58.33,7.07M,0.56%
09/03/2024,59.0,58.13,59.0,58.13,4.89M,1.14%
09/02/2024,58.33,59.33,59.53,58.07,9.27M,-1.46%
09/01/2024,59.2,58.67,59.2,58.6,4.65M,0.79%
08/29/2024,58.73,57.87,58.73,57.8,13.85M,1.61%
08/28/2024,57.8,58.53,58.8,57.8,5.51M,-1.48%
08/27/2024,58.67,59.07,59.13,58.6,7.15M,-0.68%
08/26/2024,59.07,59.07,59.4,58.87,3.90M,-0.11%
08/25/2024,59.13,59.67,59.93,58.93,4.17M,-0.22%
08/22/2024,59.27,59.33,59.67,58.6,6.78M,-0.22%
08/21/2024,59.4,57.67,59.67,57.47,15.31M,3.01%
08/20/2024,57.67,56.2,57.87,56.07,18.72M,2.73%
08/19/2024,56.13,55.6,56.2,55.53,11.26M,1.20%
08/18/2024,55.47,55.87,56.2,55.47,4.44M,-0.72%
08/15/2024,55.87,56.0,56.2,55.73,4.99M,-0.24%
08/14/2024,56.0,56.33,56.6,55.87,5.31M,-0.59%
08/13/2024,56.33,56.67,56.87,56.13,5.77M,-1.17%
08/12/2024,57.0,57.27,57.33,56.93,3.89M,-0.58%
08/11/2024,57.33,57.6,57.73,57.0,5.48M,0.23%
08/08/2024,57.2,56.4,57.33,56.4,9.67M,1.30%
08/07/2024,56.47,56.67,56.8,56.13,5.07M,-0.35%
08/06/2024,56.67,56.33,57.0,55.8,8.22M,0.95%
08/05/2024,56.13,54.67,56.27,54.0,12.53M,1.81%
08/04/2024,55.13,55.73,56.13,55.13,5.89M,-2.71%
08/01/2024,56.67,56.73,57.07,55.93,5.86M,-0.70%
07/31/2024,57.07,56.53,57.07,56.27,6.77M,0.71%
07/30/2024,56.67,56.67,57.2,56.2,3.86M,-0.12%
07/29/2024,56.73,57.33,57.53,56.73,4.55M,-0.82%
07/28/2024,57.2,55.73,57.6,55.73,8.04M,2.75%
07/25/2024,55.67,56.27,56.27,55.4,3.96M,-1.07%
07/24/2024,56.27,55.73,56.33,55.33,3.05M,0.84%
07/23/2024,55.8,56.0,56.13,55.47,4.09M,-0.71%
07/22/2024,56.2,56.4,56.67,56.2,3.50M,-0.35%
07/21/2024,56.4,56.0,56.93,56.0,7.47M,0.71%
07/18/2024,56.0,55.33,56.0,55.13,5.82M,0.84%
07/17/2024,55.53,55.47,55.73,55.07,6.12M,0.24%
07/16/2024,55.4,55.33,55.6,55.2,14.67M,0.36%
07/15/2024,55.2,54.27,55.4,54.2,8.08M,1.72%
07/14/2024,54.27,53.67,54.6,53.67,3.07M,1.12%
07/11/2024,53.67,53.67,53.93,53.33,5.02M,0.00%
07/10/2024,53.67,53.8,54.13,53.33,2.59M,-0.37%
07/09/2024,53.87,53.4,53.87,53.27,3.67M,1.00%
07/08/2024,53.33,53.0,53.47,52.93,3.82M,0.63%
07/07/2024,53.0,53.07,53.27,52.8,1.41M,-0.13%
07/04/2024,53.07,52.73,53.07,52.47,3.00M,0.63%
07/03/2024,52.73,53.13,53.13,52.4,3.84M,-0.63%
07/02/2024,53.07,53.13,53.53,53.0,3.98M,-0.50%
07/01/2024,53.33,53.33,54.13,52.93,4.13M,0.00%
06/30/2024,53.33,54.4,54.47,53.33,3.84M,-1.84%
06/27/2024,54.33,54.13,54.73,54.0,6.76M,0.49%
06/26/2024,54.07,54.6,54.67,53.93,3.38M,-1.10%
06/25/2024,54.67,53.8,54.8,53.73,6.76M,0.86%
06/24/2024,54.2,53.6,55.07,53.4,12.90M,0.37%
06/23/2024,54.0,53.33,54.27,53.07,5.35M,2.53%
06/13/2024,52.67,53.53,53.73,52.67,16.92M,-1.00%
06/12/2024,53.2,53.33,54.0,53.13,7.55M,-0.25%
06/11/2024,53.33,54.0,54.33,53.27,13.09M,-1.11%
06/10/2024,53.93,54.6,55.93,53.67,7.23M,-1.10%
06/09/2024,54.53,53.2,55.0,52.8,11.22M,3.68%
06/06/2024,52.6,52.07,52.87,51.93,13.57M,1.41%
06/05/2024,51.87,51.87,52.13,51.27,9.28M,0.13%
06/04/2024,51.8,52.07,52.33,51.6,7.26M,-0.51%
06/03/2024,52.07,50.47,52.27,50.47,9.22M,3.31%
06/02/2024,50.4,51.0,51.53,50.33,10.96M,-0.66%
05/30/2024,50.73,51.47,51.47,50.47,17.28M,-1.42%
05/29/2024,51.47,51.73,51.73,50.73,11.20M,-0.52%
05/28/2024,51.73,52.07,52.13,51.53,8.81M,-0.26%
05/27/2024,51.87,51.93,52.4,51.33,12.37M,-0.26%
05/26/2024,52.0,52.67,52.73,51.87,9.56M,-1.39%
05/23/2024,52.73,53.4,53.47,52.6,6.03M,-1.37%
05/22/2024,53.47,52.8,53.47,52.6,5.14M,1.26%
05/21/2024,52.8,53.13,53.2,52.67,4.45M,-0.75%
05/20/2024,53.2,53.33,53.33,52.53,6.51M,-0.25%
05/19/2024,53.33,53.33,53.67,53.27,3.43M,-0.25%
05/16/2024,53.47,53.6,53.93,53.07,9.60M,0.12%
05/15/2024,53.4,53.13,53.67,53.13,7.25M,0.38%
05/14/2024,53.2,52.6,53.47,52.6,7.63M,1.14%
05/13/2024,52.6,52.67,52.8,52.07,5.61M,-0.13%
05/12/2024,52.67,53.2,53.2,52.53,3.69M,-0.63%
05/09/2024,53.0,53.47,53.53,52.87,8.09M,-1.00%
05/08/2024,53.53,53.8,53.8,53.33,5.60M,-0.62%
05/07/2024,53.87,53.53,53.87,53.27,4.53M,0.62%
05/06/2024,53.53,54.0,54.93,53.27,11.51M,-0.86%
05/05/2024,54.0,53.47,54.67,53.47,4.13M,1.50%
05/02/2024,53.2,53.33,53.6,53.07,6.28M,-0.13%
05/01/2024,53.27,53.07,53.6,52.8,7.23M,0.00%
04/30/2024,53.27,53.53,53.53,52.93,6.82M,-0.50%
04/29/2024,53.53,53.0,53.53,52.47,12.41M,2.16%
04/28/2024,52.4,51.73,52.4,51.53,3.23M,1.42%
04/25/2024,51.67,52.67,52.8,51.47,7.80M,-1.40%
04/24/2024,52.4,52.67,52.93,51.8,6.82M,-0.13%
04/23/2024,52.47,52.53,53.07,51.93,8.37M,0.13%
04/22/2024,52.4,52.8,53.07,52.0,8.62M,-0.63%
04/21/2024,52.73,54.0,54.0,52.53,5.66M,-1.86%
04/18/2024,53.73,53.53,54.13,53.47,8.82M,0.12%
04/17/2024,53.67,53.73,54.47,53.0,9.84M,0.12%
04/16/2024,53.6,55.27,55.33,53.6,10.20M,-2.90%
04/15/2024,55.2,55.33,56.27,54.93,9.29M,-0.60%
04/14/2024,55.53,55.2,56.07,55.07,4.89M,-1.42%
04/04/2024,56.33,56.47,56.67,55.53,5.11M,0.12%
04/03/2024,56.27,54.8,56.33,54.8,6.28M,2.68%
04/02/2024,54.8,54.4,54.93,54.2,5.09M,0.86%
04/01/2024,54.33,54.8,55.47,54.27,3.95M,-0.97%
03/31/2024,54.87,55.47,55.6,54.47,3.58M,-0.96%
03/28/2024,55.4,56.33,56.8,55.0,7.15M,-1.42%
03/27/2024,56.2,56.33,56.67,55.47,5.37M,-0.24%
03/26/2024,56.33,56.6,57.07,55.73,7.38M,-0.71%
03/25/2024,56.73,57.93,58.27,56.73,6.11M,-3.51%
03/24/2024,58.8,59.13,59.6,58.73,5.29M,0.23%
03/21/2024,58.67,56.4,59.13,56.4,10.70M,4.51%
03/20/2024,56.13,56.67,56.93,55.87,4.78M,-1.06%
03/19/2024,56.73,56.73,56.93,56.13,2.82M,0.00%
03/18/2024,56.73,56.73,57.07,55.93,4.57M,0.00%
03/17/2024,56.73,57.47,57.6,56.73,2.58M,-1.28%
03/14/2024,57.47,57.93,58.47,57.0,9.17M,-0.81%
03/13/2024,57.93,57.13,58.2,57.07,11.71M,1.52%
03/12/2024,57.07,56.8,57.13,56.67,3.61M,0.35%
03/11/2024,56.87,56.93,57.33,56.53,3.57M,-0.12%
03/10/2024,56.93,57.2,57.53,56.53,2.96M,-0.47%
03/07/2024,57.2,57.6,58.13,56.93,5.81M,-0.69%
03/06/2024,57.6,57.2,57.87,56.73,2.84M,0.58%
03/05/2024,57.27,57.4,58.27,57.0,6.03M,-0.58%
03/04/2024,57.6,58.53,59.0,57.6,6.53M,-1.48%
03/03/2024,58.47,59.33,59.47,58.0,3.71M,-1.46%
02/29/2024,59.33,59.33,59.47,58.87,5.83M,0.00%
02/28/2024,59.33,59.6,59.87,59.27,4.53M,-1.00%
02/27/2024,59.93,59.67,60.13,59.53,4.26M,0.45%
02/26/2024,59.67,59.87,60.33,59.6,4.62M,-0.33%
02/25/2024,59.87,60.4,60.53,59.6,3.56M,-0.88%
02/21/2024,60.4,60.4,61.07,60.13,6.82M,-0.11%
02/20/2024,60.47,60.0,60.67,59.4,6.78M,0.78%
02/19/2024,60.0,59.53,60.07,59.0,5.57M,0.56%
02/18/2024,59.67,60.0,60.33,59.6,3.18M,-0.22%
02/15/2024,59.8,60.07,60.33,59.67,5.36M,-0.44%
02/14/2024,60.07,60.2,60.47,59.67,5.20M,-0.77%
02/13/2024,60.53,59.93,60.93,59.93,7.87M,1.11%
02/12/2024,59.87,59.87,59.93,59.4,6.00M,-0.11%
02/11/2024,59.93,59.73,60.13,59.27,6.29M,0.45%
02/08/2024,59.67,58.6,59.73,58.47,9.03M,1.82%
02/07/2024,58.6,57.47,58.6,57.47,4.32M,1.03%
02/06/2024,58.0,58.0,58.13,57.13,6.46M,0.00%
02/05/2024,58.0,58.33,58.87,57.4,6.62M,0.00%
02/04/2024,58.0,57.33,58.33,56.93,3.27M,1.16%
02/01/2024,57.33,55.87,57.93,55.53,6.73M,2.38%
01/31/2024,56.0,57.93,58.67,56.0,13.65M,-4.65%
01/30/2024,58.73,60.33,60.87,58.4,7.99M,-2.65%
01/29/2024,60.33,61.13,61.67,60.27,6.44M,-1.09%
01/28/2024,61.0,59.0,61.2,59.0,9.29M,3.39%
01/25/2024,59.0,58.6,59.33,58.53,11.17M,0.68%
01/24/2024,58.6,58.07,59.27,57.87,8.91M,1.03%
01/23/2024,58.0,57.87,58.53,57.6,10.87M,0.23%
01/22/2024,57.87,57.33,58.0,57.13,6.34M,1.76%
01/21/2024,56.87,56.93,57.67,56.8,3.00M,0.24%
01/18/2024,56.73,57.87,58.53,56.13,14.47M,-1.85%
01/17/2024,57.8,58.13,58.6,57.4,7.70M,-0.57%
01/16/2024,58.13,58.67,58.73,58.0,4.97M,-0.91%
01/15/2024,58.67,57.6,58.67,57.47,19.23M,1.85%
01/14/2024,57.6,57.6,57.87,57.07,3.16M,-0.69%
01/11/2024,58.0,58.33,58.67,57.67,4.31M,0.23%
01/10/2024,57.87,58.07,58.47,57.33,5.26M,-0.46%
01/09/2024,58.13,59.2,59.53,58.13,3.77M,-1.80%
01/08/2024,59.2,59.2,59.6,58.87,3.29M,0.00%
01/07/2024,59.2,58.67,59.93,58.47,8.85M,1.49%
01/04/2024,58.33,56.0,58.33,55.53,8.23M,3.31%
01/03/2024,56.47,57.4,57.67,56.47,6.43M,-2.53%
01/02/2024,57.93,57.87,57.93,57.27,5.24M,0.12%
01/01/2024,57.87,57.67,58.2,57.67,4.31M,0.35%
12/31/2023,57.67,58.0,58.0,57.67,3.08M,-0.57%
12/28/2023,58.0,57.73,58.0,57.27,4.52M,0.58%
12/27/2023,57.67,58.0,58.33,57.07,7.42M,-0.12%
12/26/2023,57.73,57.33,58.67,57.33,8.49M,0.93%
12/25/2023,57.2,55.6,57.4,55.6,8.88M,2.63%
12/24/2023,55.73,55.07,55.87,55.0,3.32M,1.33%
12/21/2023,55.0,55.33,55.4,54.6,4.06M,-1.32%
12/20/2023,55.73,55.8,55.87,55.2,4.47M,-0.12%
12/19/2023,55.8,55.2,55.87,55.2,2.77M,0.12%
12/18/2023,55.73,55.4,56.2,54.4,9.05M,0.60%
12/17/2023,55.4,55.67,56.27,55.0,6.69M,-0.12%
12/14/2023,55.47,54.0,55.53,54.0,15.96M,3.61%
12/13/2023,53.53,53.4,53.87,53.2,4.60M,0.25%
12/12/2023,53.4,53.47,54.13,53.13,8.03M,-0.12%
12/11/2023,53.47,52.27,54.13,52.0,13.29M,2.17%
12/10/2023,52.33,50.8,52.4,50.73,9.28M,2.75%
12/07/2023,50.93,50.2,51.13,49.93,6.58M,1.46%
12/06/2023,50.2,50.2,50.67,50.07,6.98M,0.00%
12/05/2023,50.2,51.27,51.33,50.0,6.72M,-1.95%
12/04/2023,51.2,51.2,51.33,50.87,4.28M,0.00%
12/03/2023,51.2,51.0,51.27,50.93,3.07M,0.52%
11/30/2023,50.93,50.2,51.0,50.13,12.48M,0.92%
11/29/2023,50.47,50.53,50.67,50.13,3.92M,0.00%
11/28/2023,50.47,50.33,50.47,50.13,4.35M,0.00%
11/27/2023,50.47,50.07,50.47,49.93,4.48M,0.66%
11/26/2023,50.13,50.0,50.27,49.87,1.84M,0.27%
11/23/2023,50.0,50.07,50.2,49.87,3.81M,-0.53%
11/22/2023,50.27,50.27,50.47,50.0,3.73M,-0.13%
11/21/2023,50.33,49.93,50.53,49.87,5.37M,0.67%
11/20/2023,50.0,49.53,50.0,49.53,8.75M,0.13%
11/19/2023,49.93,49.67,50.13,49.4,4.13M,0.54%
11/16/2023,49.67,49.33,50.0,49.07,9.43M,0.68%
11/15/2023,49.33,48.07,49.33,48.07,15.18M,3.93%
11/14/2023,47.47,46.53,47.47,46.53,6.14M,1.71%
11/13/2023,46.67,47.13,47.13,46.6,5.11M,-0.99%
11/12/2023,47.13,47.13,47.2,46.93,2.45M,-0.14%
11/09/2023,47.2,47.27,47.53,46.8,4.35M,-0.28%
11/08/2023,47.33,46.87,47.47,46.6,5.28M,0.57%
11/07/2023,47.07,46.93,47.2,46.73,4.28M,0.28%
11/06/2023,46.93,46.47,46.93,45.93,7.07M,0.57%
11/05/2023,46.67,47.33,47.47,46.4,7.00M,0.00%
11/02/2023,46.67,46.6,48.27,46.4,12.12M,0.14%
11/01/2023,46.6,44.73,47.13,44.13,11.73M,4.17%
10/31/2023,44.73,43.6,44.8,43.47,7.86M,3.07%
10/30/2023,43.4,43.33,44.0,43.33,5.34M,0.31%
10/29/2023,43.27,42.8,43.33,42.53,3.89M,1.09%
10/26/2023,42.8,43.2,43.67,42.6,7.48M,-1.53%
10/25/2023,43.47,43.4,43.53,42.93,6.11M,0.46%
10/24/2023,43.27,42.4,43.67,42.33,7.62M,2.20%
10/23/2023,42.33,42.67,43.2,42.07,8.87M,-0.78%
10/22/2023,42.67,43.6,43.6,42.67,5.90M,-2.14%
10/19/2023,43.6,44.07,44.07,43.47,3.85M,-1.06%
10/18/2023,44.07,44.07,44.33,43.67,5.76M,0.15%
10/17/2023,44.0,43.53,45.13,43.53,8.68M,1.07%
10/16/2023,43.53,43.4,43.67,43.13,6.16M,0.46%
10/15/2023,43.33,43.47,43.87,43.13,5.09M,0.00%
10/12/2023,43.33,43.33,43.6,42.47,10.05M,0.00%
10/11/2023,43.33,43.47,43.8,43.2,6.43M,-0.15%
10/10/2023,43.4,44.2,44.27,43.4,5.70M,-1.21%
10/09/2023,43.93,43.33,44.47,43.0,10.24M,1.23%
10/08/2023,43.4,44.33,44.47,43.4,5.84M,-2.11%
10/05/2023,44.33,44.47,44.6,44.0,5.52M,-0.15%
10/04/2023,44.4,44.6,44.6,44.33,4.15M,-0.60%
10/03/2023,44.67,45.2,45.27,44.67,3.85M,-0.89%
10/02/2023,45.07,45.13,45.47,45.07,3.44M,-0.15%
10/01/2023,45.13,45.47,45.47,45.13,2.53M,-0.29%
09/28/2023,45.27,46.0,46.0,45.27,5.48M,-1.16%
09/27/2023,45.8,45.27,45.8,45.13,5.37M,1.63%
09/26/2023,45.07,44.6,45.4,44.2,7.11M,1.35%
09/25/2023,44.47,45.2,45.6,44.47,8.85M,-1.91%
09/21/2023,45.33,46.27,46.33,45.33,7.67M,-1.45%
09/20/2023,46.0,46.13,46.33,45.67,6.57M,0.00%
09/19/2023,46.0,46.53,46.67,45.6,12.33M,-0.86%
09/18/2023,46.4,47.07,47.07,46.2,7.69M,-1.42%
09/17/2023,47.07,47.6,47.67,47.0,2.83M,-1.12%
09/14/2023,47.6,47.2,47.6,46.93,8.03M,0.85%
09/13/2023,47.2,47.0,47.33,46.87,3.49M,-0.14%
09/12/2023,47.27,47.33,47.33,47.07,3.01M,0.14%
09/11/2023,47.2,47.0,47.2,46.8,4.01M,0.85%
09/10/2023,46.8,47.2,47.33,46.6,6.46M,-0.85%
09/07/2023,47.2,47.87,47.93,47.2,6.67M,-1.53%
09/06/2023,47.93,48.0,48.13,47.6,4.34M,-0.28%
09/05/2023,48.07,48.0,48.07,47.6,3.23M,0.28%
09/04/2023,47.93,48.33,48.33,47.93,3.33M,-0.42%
09/03/2023,48.13,48.2,48.33,48.07,1.98M,0.00%
08/31/2023,48.13,48.47,48.67,48.13,6.97M,-0.41%
08/30/2023,48.33,48.33,48.87,48.2,5.45M,0.14%
08/29/2023,48.27,48.27,48.33,48.0,3.26M,0.14%
08/28/2023,48.2,48.4,48.47,48.2,1.99M,-0.28%
08/27/2023,48.33,48.33,48.67,48.27,2.15M,0.28%
08/24/2023,48.2,48.4,48.6,48.2,2.65M,-0.28%
08/23/2023,48.33,48.47,48.73,48.33,2.85M,-0.28%
08/22/2023,48.47,48.33,48.73,47.93,4.31M,0.28%
08/21/2023,48.33,48.87,48.93,48.33,3.17M,-0.82%
08/20/2023,48.73,48.8,49.07,48.6,3.06M,0.14%
08/17/2023,48.67,48.07,48.8,47.93,5.99M,0.97%
08/16/2023,48.2,48.07,48.6,47.73,5.14M,-0.41%
08/15/2023,48.4,48.4,48.47,48.13,3.30M,0.00%
08/14/2023,48.4,48.53,48.73,48.2,5.52M,-0.14%
08/13/2023,48.47,48.13,48.6,48.13,4.04M,0.97%
08/10/2023,48.0,48.13,48.4,47.87,6.08M,-0.14%
08/09/2023,48.07,47.6,48.27,47.4,5.82M,1.41%
08/08/2023,47.4,47.67,47.8,47.4,3.90M,0.00%
08/07/2023,47.4,47.47,47.8,47.33,4.05M,-0.14%
08/06/2023,47.47,47.67,48.0,47.33,4.26M,-0.28%
08/03/2023,47.6,47.87,48.13,47.6,7.95M,-0.83%
08/02/2023,48.0,49.0,49.07,48.0,8.37M,-2.57%
08/01/2023,49.27,49.27,49.33,48.67,11.95M,-0.94%
07/31/2023,49.73,49.93,49.93,49.2,7.20M,-0.53%
07/30/2023,50.0,50.27,50.33,49.73,3.72M,-0.53%
07/27/2023,50.27,50.67,50.73,50.27,5.96M,-0.92%
07/26/2023,50.73,50.07,50.8,49.87,11.47M,1.47%
07/25/2023,50.0,49.33,50.0,49.07,13.42M,1.49%
07/24/2023,49.27,47.6,49.33,47.33,19.73M,3.65%
07/23/2023,47.53,47.2,47.6,46.87,4.43M,0.71%
07/20/2023,47.2,47.33,47.33,46.93,4.32M,0.00%
07/19/2023,47.2,47.27,47.4,47.0,6.91M,0.14%
07/18/2023,47.13,47.53,47.6,46.8,15.61M,-0.70%
07/17/2023,47.47,47.47,47.67,47.13,10.58M,0.00%
07/16/2023,47.47,47.87,48.0,47.07,14.69M,-0.84%
07/13/2023,47.87,48.27,48.33,47.8,19.45M,-0.69%
07/12/2023,48.2,48.53,48.93,48.0,12.84M,-0.55%
07/11/2023,48.47,48.13,48.53,48.07,6.66M,0.83%
07/10/2023,48.07,48.33,48.33,48.07,4.93M,-0.55%
07/09/2023,48.33,48.27,48.53,48.07,5.17M,0.00%
07/06/2023,48.33,48.47,48.47,48.0,4.66M,-0.41%
07/05/2023,48.53,48.67,48.73,48.33,4.78M,-0.14%
07/04/2023,48.6,48.6,48.67,48.33,4.34M,0.14%
07/03/2023,48.53,48.67,48.8,48.27,5.11M,-0.14%
07/02/2023,48.6,48.67,49.13,48.53,3.91M,-0.14%
06/22/2023,48.67,48.6,48.8,48.33,4.24M,0.14%
06/21/2023,48.6,48.47,48.6,48.2,3.29M,0.14%
06/20/2023,48.53,48.4,48.73,47.93,5.52M,0.00%
06/19/2023,48.53,49.07,49.13,48.13,8.30M,-1.36%
06/18/2023,49.2,49.53,49.6,49.2,4.35M,-0.67%
06/15/2023,49.53,49.4,49.53,49.13,8.11M,0.41%
06/14/2023,49.33,49.07,49.47,49.0,5.52M,1.09%
06/13/2023,48.8,49.0,49.33,48.73,6.71M,-0.41%
06/12/2023,49.0,49.07,49.07,48.6,6.00M,0.00%
06/11/2023,49.0,48.93,49.33,48.87,4.74M,0.14%
06/08/2023,48.93,48.8,48.93,48.33,5.80M,0.41%
06/07/2023,48.73,48.87,48.93,48.67,6.95M,-0.14%
06/06/2023,48.8,48.93,49.0,48.47,5.02M,-0.14%
06/05/2023,48.87,49.53,49.53,48.87,6.92M,-1.08%
06/04/2023,49.4,48.67,49.4,48.47,6.65M,2.49%
06/01/2023,48.2,47.33,48.4,47.27,7.41M,2.26%
05/31/2023,47.13,47.47,47.67,47.07,18.28M,-1.26%
05/30/2023,47.73,48.13,48.27,47.73,7.44M,-0.69%
05/29/2023,48.07,48.07,48.2,47.87,6.79M,0.00%
05/28/2023,48.07,48.73,49.13,47.93,6.33M,-0.96%
05/25/2023,48.53,48.73,48.93,48.47,5.62M,-0.68%
05/24/2023,48.87,49.47,49.53,48.73,6.32M,-1.08%
05/23/2023,49.4,49.67,49.8,49.33,6.52M,-0.54%
05/22/2023,49.67,49.87,50.0,49.6,4.34M,-0.27%
05/21/2023,49.8,50.0,50.07,49.8,2.15M,-0.27%
05/18/2023,49.93,50.2,50.2,49.8,5.05M,-0.13%
05/17/2023,50.0,49.87,50.07,49.73,3.37M,0.40%
05/16/2023,49.8,49.87,50.4,49.73,5.77M,0.00%
05/15/2023,49.8,50.27,50.47,49.8,4.89M,-1.06%
05/14/2023,50.33,50.53,50.8,50.27,3.08M,-0.13%
05/11/2023,50.4,50.13,50.53,50.07,4.04M,0.53%
05/10/2023,50.13,50.33,50.47,49.87,2.91M,-0.40%
05/09/2023,50.33,50.53,50.67,50.2,4.00M,-0.26%
05/08/2023,50.47,50.0,50.47,50.0,5.08M,0.93%
05/07/2023,50.0,49.8,50.13,49.8,3.74M,0.81%
05/04/2023,49.6,49.27,49.87,49.2,5.55M,0.40%
05/03/2023,49.4,49.8,50.0,49.13,7.72M,-1.46%
05/02/2023,50.13,50.73,50.87,49.87,6.95M,-1.18%
05/01/2023,50.73,51.4,51.4,50.47,7.07M,-1.04%
04/30/2023,51.27,51.4,51.53,51.27,4.17M,0.13%
04/27/2023,51.2,51.67,51.67,50.87,8.56M,-1.66%
04/26/2023,52.07,51.33,52.4,51.27,18.36M,1.30%
04/25/2023,51.4,51.07,51.47,50.87,5.72M,0.78%
04/17/2023,51.0,51.0,51.2,50.67,4.01M,0.00%
04/16/2023,51.0,50.4,51.0,50.33,15.76M,1.19%
04/13/2023,50.4,50.13,50.67,50.07,10.59M,0.53%
04/12/2023,50.13,49.67,50.27,49.67,3.78M,0.80%
04/11/2023,49.73,50.27,50.27,49.33,4.27M,-1.19%
04/10/2023,50.33,51.2,51.2,50.33,3.64M,-1.56%
04/09/2023,51.13,50.73,51.33,50.73,4.72M,1.05%
04/06/2023,50.6,50.33,50.6,50.0,4.40M,0.13%
04/05/2023,50.53,50.53,50.6,50.07,5.28M,0.13%
04/04/2023,50.47,49.67,50.53,49.67,7.72M,2.02%
04/03/2023,49.47,49.27,49.47,49.13,6.59M,0.68%
04/02/2023,49.13,49.2,49.47,48.93,5.37M,0.27%
03/30/2023,49.0,48.53,49.07,48.33,5.48M,1.66%
03/29/2023,48.2,48.47,48.6,48.07,4.85M,-0.28%
03/28/2023,48.33,49.33,49.47,47.87,6.45M,-1.49%
03/27/2023,49.07,49.07,49.6,48.8,4.68M,0.00%
03/26/2023,49.07,49.0,49.2,48.73,2.42M,0.14%
03/23/2023,49.0,48.27,49.0,48.2,4.54M,1.24%
03/22/2023,48.4,49.07,49.47,48.4,6.63M,-2.02%
03/21/2023,49.4,49.07,49.87,49.07,6.50M,0.27%
03/20/2023,49.27,48.33,49.27,47.87,7.29M,1.37%
03/19/2023,48.6,47.6,48.67,47.4,5.16M,3.26%
03/16/2023,47.07,47.27,47.93,46.67,13.19M,-0.28%
03/15/2023,47.2,48.07,48.47,46.93,9.69M,-1.39%
03/14/2023,47.87,48.33,49.0,47.87,7.03M,-1.10%
03/13/2023,48.4,49.4,49.67,48.4,6.16M,-1.49%
03/12/2023,49.13,49.6,49.93,48.93,4.38M,-1.73%
03/09/2023,50.0,49.53,50.2,49.4,4.42M,1.21%
03/08/2023,49.4,49.53,49.53,48.87,6.12M,-1.07%
03/07/2023,49.93,50.53,50.67,49.93,4.37M,-0.93%
03/06/2023,50.4,50.2,50.4,49.8,4.45M,0.67%
03/05/2023,50.07,49.87,50.27,49.6,4.68M,1.90%
03/02/2023,49.13,48.27,49.53,48.2,9.52M,2.22%
03/01/2023,48.07,47.07,48.2,47.0,9.47M,2.56%
02/28/2023,46.87,46.67,47.07,46.0,16.06M,0.57%
02/27/2023,46.6,47.33,47.4,46.53,11.59M,-1.55%
02/26/2023,47.33,48.2,48.4,47.13,4.95M,-1.80%
02/23/2023,48.2,48.93,49.13,48.2,7.81M,-2.56%
02/21/2023,49.47,49.67,50.27,49.13,5.99M,-0.40%
02/20/2023,49.67,50.07,50.27,49.67,4.11M,-1.32%
02/19/2023,50.33,50.87,50.93,50.2,3.85M,-0.92%
02/16/2023,50.8,51.13,51.4,50.8,4.99M,-0.65%
02/15/2023,51.13,50.67,51.27,50.67,6.27M,0.52%
02/14/2023,50.87,51.27,51.47,50.67,5.10M,-0.52%
02/13/2023,51.13,51.0,51.33,50.87,4.90M,0.26%
02/12/2023,51.0,51.47,51.47,50.93,3.37M,-1.03%
02/09/2023,51.53,52.47,52.53,51.07,7.44M,-1.78%
02/08/2023,52.47,52.27,52.6,52.0,2.69M,0.64%
02/07/2023,52.13,53.0,53.2,52.13,4.18M,-1.64%
02/06/2023,53.0,52.67,53.0,52.13,6.57M,0.63%
02/05/2023,52.67,53.53,53.53,52.2,6.50M,-1.86%
02/02/2023,53.67,54.0,54.07,53.27,5.20M,-0.74%
02/01/2023,54.07,54.67,54.8,53.8,8.08M,-1.10%
01/31/2023,54.67,54.6,54.67,53.93,11.32M,0.12%
01/30/2023,54.6,54.8,54.87,53.2,15.46M,-0.36%
01/29/2023,54.8,54.33,54.8,54.13,4.47M,1.61%
01/26/2023,53.93,53.33,54.2,52.93,12.27M,1.38%
01/25/2023,53.2,53.0,53.2,52.8,3.09M,0.38%
01/24/2023,53.0,52.53,53.33,52.53,4.08M,0.76%
01/23/2023,52.6,52.07,52.6,51.8,2.76M,1.02%
01/22/2023,52.07,52.07,52.2,51.67,2.98M,0.51%
01/19/2023,51.8,51.33,51.93,51.13,2.92M,0.26%
01/18/2023,51.67,52.0,52.13,51.4,4.44M,-0.64%
01/17/2023,52.0,51.93,52.0,51.4,3.86M,0.26%
01/16/2023,51.87,51.87,52.33,51.73,4.61M,0.00%
01/15/2023,51.87,52.33,52.8,51.8,5.60M,-0.13%
01/12/2023,51.93,50.6,51.93,50.6,7.37M,2.91%
01/11/2023,50.47,50.67,51.07,50.4,3.62M,-0.26%
01/10/2023,50.6,51.0,51.07,50.47,3.85M,-0.78%
01/09/2023,51.0,50.4,51.07,50.33,3.73M,1.32%
01/08/2023,50.33,50.67,51.0,50.07,3.01M,-0.26%
01/05/2023,50.47,51.0,51.0,50.4,4.39M,-0.66%
01/04/2023,50.8,51.33,52.2,50.73,5.99M,-1.42%
01/03/2023,51.53,50.87,51.53,50.87,3.71M,1.44%
01/02/2023,50.8,50.4,50.93,50.13,2.74M,0.93%
01/01/2023,50.33,50.27,50.67,50.2,2.27M,0.40%
12/29/2022,50.13,50.67,50.93,50.13,5.26M,-1.05%
12/28/2022,50.67,50.13,50.67,49.8,5.41M,0.93%
12/27/2022,50.2,49.53,50.6,49.47,4.65M,1.76%
12/26/2022,49.33,49.2,49.67,49.2,1.59M,0.14%
12/25/2022,49.27,49.0,49.53,48.8,2.38M,0.96%
12/22/2022,48.8,50.0,50.27,48.8,3.44M,-2.01%
12/21/2022,49.8,50.6,51.0,49.73,5.57M,-1.32%
12/20/2022,50.47,48.33,50.47,48.27,5.75M,3.70%
12/19/2022,48.67,49.07,49.13,48.2,4.58M,-0.68%
12/18/2022,49.0,48.8,49.33,48.6,2.82M,0.14%
12/15/2022,48.93,49.27,49.8,48.6,9.80M,-1.21%
12/14/2022,49.53,50.67,51.53,48.93,7.70M,-0.93%
12/13/2022,50.0,48.67,50.33,48.33,7.79M,4.02%
12/12/2022,48.07,49.53,49.53,47.87,8.01M,-2.96%
12/11/2022,49.53,50.27,50.8,49.33,5.70M,-0.93%
12/08/2022,50.0,49.53,50.87,49.2,10.01M,1.35%
12/07/2022,49.33,51.87,52.07,49.33,7.35M,-4.88%
12/06/2022,51.87,51.33,51.87,50.2,14.05M,1.04%
12/05/2022,51.33,53.4,53.4,51.33,6.79M,-3.75%
12/04/2022,53.33,53.33,53.6,53.27,3.24M,-0.12%
12/01/2022,53.4,53.67,53.93,53.27,10.03M,-0.50%
11/30/2022,53.67,53.67,53.67,52.93,16.76M,0.25%
11/29/2022,53.53,54.27,54.73,53.53,6.05M,-1.83%
11/28/2022,54.53,53.67,54.8,53.0,6.92M,0.00%
11/27/2022,54.53,55.2,55.2,53.87,3.76M,-1.21%
11/24/2022,55.2,55.13,55.2,54.33,6.21M,-0.12%
11/22/2022,55.27,55.47,55.6,54.67,5.34M,-0.36%
11/21/2022,55.47,55.67,55.73,55.2,5.02M,-0.36%
11/20/2022,55.67,55.8,56.13,55.53,3.33M,-1.18%
11/17/2022,56.33,56.4,56.53,56.0,7.12M,-0.12%
11/16/2022,56.4,56.0,56.47,55.8,6.25M,0.24%
11/15/2022,56.27,56.27,56.27,55.73,6.51M,0.48%
11/14/2022,56.0,56.0,56.07,55.13,6.13M,0.00%
11/13/2022,56.0,56.4,56.6,55.8,6.68M,-0.12%
11/10/2022,56.07,56.67,56.67,55.8,8.04M,-1.41%
11/09/2022,56.87,56.93,57.13,56.47,6.09M,-0.12%
11/08/2022,56.93,57.07,57.2,56.33,8.16M,-0.12%
11/07/2022,57.0,56.47,57.0,56.27,5.82M,0.94%
11/06/2022,56.47,56.67,57.47,56.47,9.39M,0.47%
11/03/2022,56.2,56.67,56.93,56.0,8.51M,-1.63%
11/02/2022,57.13,56.53,57.13,56.0,8.51M,0.82%
11/01/2022,56.67,56.93,56.93,56.33,5.81M,-0.23%
10/31/2022,56.8,57.33,57.53,56.2,10.29M,-0.81%
10/30/2022,57.27,58.0,58.33,57.27,4.63M,-1.26%
10/27/2022,58.0,57.73,58.6,57.67,10.87M,0.58%
10/26/2022,57.67,58.73,58.87,57.4,6.71M,-1.70%
10/25/2022,58.67,58.73,58.8,58.33,8.13M,-0.11%
10/24/2022,58.73,58.13,58.73,57.8,7.46M,0.69%
10/23/2022,58.33,58.93,59.13,58.27,9.55M,-0.23%
10/20/2022,58.47,57.33,58.47,57.2,10.35M,2.33%
10/19/2022,57.13,57.67,58.0,56.73,6.56M,-0.35%
10/18/2022,57.33,56.13,57.33,55.93,7.83M,3.12%
10/17/2022,55.6,54.8,56.0,54.67,4.44M,2.08%
10/16/2022,54.47,54.27,54.73,53.73,2.79M,0.49%
10/13/2022,54.2,54.8,55.07,54.2,3.22M,-1.22%
10/12/2022,54.87,54.73,55.33,54.6,4.20M,0.49%
10/11/2022,54.6,55.0,55.07,54.2,4.34M,-0.73%
10/10/2022,55.0,54.93,55.47,54.33,3.29M,0.12%
10/09/2022,54.93,56.13,56.13,54.93,3.53M,-2.14%
10/06/2022,56.13,56.67,56.8,56.13,3.10M,-0.71%
10/05/2022,56.53,57.2,57.2,56.07,5.65M,0.36%
10/04/2022,56.33,56.07,56.47,56.0,5.39M,1.81%
10/03/2022,55.33,55.33,56.0,55.2,5.02M,0.61%
10/02/2022,55.0,54.2,55.2,53.6,5.65M,1.48%
09/29/2022,54.2,53.67,54.27,53.47,9.25M,1.75%
09/28/2022,53.27,53.6,53.93,53.0,9.87M,0.25%
09/27/2022,53.13,53.0,53.93,52.4,8.33M,1.53%
09/26/2022,52.33,54.33,54.73,52.33,11.82M,-3.92%
09/25/2022,54.47,54.47,55.07,54.27,6.75M,-3.31%
09/21/2022,56.33,56.67,56.93,56.0,4.03M,-0.59%
09/20/2022,56.67,56.8,57.33,56.67,5.00M,0.47%
09/19/2022,56.4,57.13,57.4,55.87,5.54M,-1.28%
09/18/2022,57.13,58.4,58.53,57.0,4.15M,-2.17%
09/15/2022,58.4,59.07,60.0,58.4,11.60M,-1.02%
09/14/2022,59.0,58.67,59.87,58.6,9.44M,-2.21%
09/13/2022,60.33,59.27,60.33,59.2,7.42M,2.03%
09/12/2022,59.13,58.27,59.13,57.87,6.68M,2.07%
09/11/2022,57.93,57.8,58.13,57.53,6.36M,1.40%
09/08/2022,57.13,57.2,57.6,56.33,10.51M,0.00%
09/07/2022,57.13,57.6,58.2,56.87,7.20M,-0.81%
09/06/2022,57.6,58.53,58.87,57.47,7.65M,-1.59%
09/05/2022,58.53,58.67,59.27,58.47,6.93M,-0.79%
09/04/2022,59.0,59.2,59.2,58.67,4.29M,-0.45%
09/01/2022,59.27,60.13,60.27,58.67,7.16M,-1.44%
08/31/2022,60.13,60.27,60.27,59.53,8.33M,-0.44%
08/30/2022,60.4,60.87,61.13,60.33,5.77M,-0.55%
08/29/2022,60.73,60.47,61.07,60.33,8.04M,0.44%
08/28/2022,60.47,60.67,61.0,60.4,7.06M,-1.41%
08/25/2022,61.33,60.67,61.33,60.6,6.60M,1.55%
08/24/2022,60.4,60.6,60.87,59.87,6.09M,-0.33%
08/23/2022,60.6,61.2,61.87,60.53,10.34M,-0.98%
08/22/2022,61.2,60.6,61.53,60.4,9.66M,0.88%
08/21/2022,60.67,60.8,61.07,60.27,8.34M,0.11%
08/18/2022,60.6,59.73,60.87,59.73,12.74M,1.68%
08/17/2022,59.6,58.67,59.6,58.6,10.83M,1.59%
08/16/2022,58.67,58.73,58.8,58.47,6.29M,0.00%
08/15/2022,58.67,58.73,58.93,58.4,5.48M,0.00%
08/14/2022,58.67,58.87,59.13,58.47,4.99M,0.11%
08/11/2022,58.6,58.67,59.53,58.27,10.00M,0.57%
08/10/2022,58.27,57.4,58.33,57.27,7.40M,1.75%
08/09/2022,57.27,57.33,57.53,56.93,5.72M,-0.12%
08/08/2022,57.33,57.47,58.13,57.2,5.30M,-0.23%
08/07/2022,57.47,58.4,58.47,57.33,4.63M,-1.49%
08/04/2022,58.33,58.33,58.93,57.93,6.15M,0.23%
08/03/2022,58.2,58.73,58.8,57.93,6.30M,-0.91%
08/02/2022,58.73,59.53,59.53,58.6,7.61M,-1.34%
08/01/2022,59.53,59.53,59.73,59.0,6.63M,0.45%
07/31/2022,59.27,60.2,60.33,59.07,8.06M,-0.78%
07/28/2022,59.73,59.67,60.33,59.33,10.25M,1.13%
07/27/2022,59.07,58.53,59.53,58.4,7.36M,1.26%
07/26/2022,58.33,58.27,58.6,57.73,4.45M,0.23%
07/25/2022,58.2,58.73,58.73,57.8,5.48M,-1.02%
07/24/2022,58.8,59.47,59.93,58.53,6.87M,-0.90%
07/21/2022,59.33,58.93,59.33,57.67,6.42M,1.71%
07/20/2022,58.33,56.93,59.67,56.93,13.05M,3.06%
07/19/2022,56.6,55.53,56.6,55.2,7.81M,2.29%
07/18/2022,55.33,54.2,55.33,54.13,7.65M,2.34%
07/17/2022,54.07,54.87,55.07,53.93,4.30M,1.00%
07/14/2022,53.53,54.07,54.33,53.07,3.77M,-0.99%
07/13/2022,54.07,54.67,55.6,53.93,8.14M,-0.61%
07/06/2022,54.4,53.33,55.0,52.93,6.93M,2.00%
07/05/2022,53.33,53.33,53.8,52.93,6.51M,0.00%
07/04/2022,53.33,53.67,53.87,52.47,8.99M,-0.50%
07/03/2022,53.6,55.33,55.53,53.33,10.70M,-2.55%
06/30/2022,55.0,56.53,56.87,54.93,10.88M,-2.60%
06/29/2022,56.47,56.6,56.93,56.07,4.71M,-0.35%
06/28/2022,56.67,56.2,56.67,55.6,4.34M,0.95%
06/27/2022,56.13,57.33,57.6,56.0,8.35M,-0.47%
06/26/2022,56.4,56.8,57.07,56.13,7.17M,1.93%
06/23/2022,55.33,55.33,56.2,54.87,8.44M,0.97%
06/22/2022,54.8,57.2,57.2,54.8,10.42M,-4.31%
06/21/2022,57.27,55.8,57.47,55.6,9.66M,3.37%
06/20/2022,55.4,55.0,56.07,54.47,9.01M,1.09%
06/19/2022,54.8,56.67,57.0,54.8,11.66M,-4.64%
06/16/2022,57.47,60.33,60.87,57.47,17.93M,-3.69%
06/15/2022,59.67,60.07,60.93,59.67,10.39M,-0.67%
06/14/2022,60.07,60.8,61.4,58.07,18.59M,-1.21%
06/13/2022,60.8,62.0,62.6,60.73,12.68M,-2.04%
06/12/2022,62.07,62.0,62.53,61.27,5.68M,-1.17%
06/09/2022,62.8,62.67,62.8,61.87,7.88M,0.21%
06/08/2022,62.67,63.33,63.93,62.47,8.78M,-1.16%
06/07/2022,63.4,64.73,64.87,63.27,10.15M,-1.86%
06/06/2022,64.6,64.0,65.47,64.0,8.62M,1.04%
06/05/2022,63.93,63.6,64.13,63.07,5.58M,0.52%
06/02/2022,63.6,64.67,64.67,63.27,11.00M,-1.24%
06/01/2022,64.4,66.0,66.33,64.4,8.38M,-2.33%
05/31/2022,65.93,67.07,68.13,65.6,24.37M,-1.30%
05/30/2022,66.8,64.13,66.8,64.13,14.57M,4.27%
05/29/2022,64.07,63.13,64.27,63.13,10.92M,2.34%
05/26/2022,62.6,63.33,63.73,62.27,12.06M,-0.11%
05/25/2022,62.67,61.07,63.13,60.8,14.51M,3.18%
05/24/2022,60.73,60.53,61.27,60.13,11.25M,0.33%
05/23/2022,60.53,62.6,62.67,60.33,12.55M,-2.26%
05/22/2022,61.93,63.2,63.27,60.6,16.08M,-0.64%
05/19/2022,62.33,63.27,63.6,61.73,15.81M,-2.81%
05/18/2022,64.13,64.4,66.47,64.13,16.67M,0.21%
05/17/2022,64.0,66.67,67.2,63.6,23.64M,-4.00%
05/16/2022,66.67,70.0,70.27,66.67,19.04M,-3.66%
05/15/2022,69.2,67.47,69.87,66.33,14.09M,3.59%
05/12/2022,66.8,71.47,71.6,66.8,21.23M,-6.53%
05/11/2022,71.47,72.0,72.0,69.33,17.48M,-0.74%
05/10/2022,72.0,75.07,75.33,71.47,12.59M,-4.09%
05/09/2022,75.07,76.53,78.27,74.8,20.46M,0.20%
05/08/2022,74.92,74.58,75.0,73.92,11.04M,1.81%
04/28/2022,73.58,74.83,74.92,72.92,14.12M,-1.34%
04/27/2022,74.58,75.33,75.58,73.75,10.99M,-1.10%
04/26/2022,75.42,76.58,77.25,74.42,14.57M,-1.42%
04/25/2022,76.5,74.92,76.5,74.5,8.35M,2.11%
04/24/2022,74.92,74.5,75.58,73.67,4.82M,0.00%
04/21/2022,74.92,75.5,76.08,74.67,9.82M,-0.44%
04/20/2022,75.25,73.42,75.25,72.75,10.55M,2.50%
04/19/2022,73.42,76.33,76.5,73.42,14.61M,-3.50%
04/18/2022,76.08,74.0,76.17,74.0,13.45M,2.82%
04/17/2022,74.0,72.08,74.75,71.5,13.92M,3.62%
04/14/2022,71.42,70.42,71.42,69.25,9.48M,1.42%
04/13/2022,70.42,71.83,72.08,70.33,14.74M,-1.97%
04/12/2022,71.83,70.0,71.83,69.75,14.11M,2.99%
04/11/2022,69.75,69.0,69.83,68.83,9.93M,1.33%
04/10/2022,68.83,68.58,69.08,68.42,7.33M,0.49%
04/07/2022,68.5,67.75,68.67,66.67,9.44M,1.23%
04/06/2022,67.67,67.25,68.25,67.17,13.79M,-0.25%
04/05/2022,67.83,67.17,67.92,66.92,7.40M,0.99%
04/04/2022,67.17,67.0,67.25,66.33,5.99M,0.25%
04/03/2022,67.0,67.42,67.67,66.83,4.70M,0.12%
03/31/2022,66.92,66.58,67.08,66.42,8.16M,0.50%
03/30/2022,66.58,67.08,67.17,66.08,9.99M,-0.75%
03/29/2022,67.08,66.83,67.33,66.42,8.09M,0.62%
03/28/2022,66.67,66.17,66.83,65.83,9.05M,0.63%
03/27/2022,66.25,65.0,66.25,64.92,6.12M,1.79%
03/24/2022,65.08,65.58,65.67,65.0,5.81M,-0.76%
03/23/2022,65.58,64.75,65.67,64.67,6.36M,1.42%
03/22/2022,64.67,65.92,66.17,64.58,11.11M,-1.90%
03/21/2022,65.92,66.25,67.0,65.92,11.23M,-0.38%
03/20/2022,66.17,66.33,67.08,65.75,7.53M,-0.13%
03/17/2022,66.25,65.67,66.75,64.92,18.95M,3.38%
03/16/2022,64.08,63.5,64.5,63.17,10.09M,1.85%
03/15/2022,62.92,62.83,63.33,62.5,12.23M,0.00%
03/14/2022,62.92,64.42,64.75,62.92,9.40M,-1.95%
03/13/2022,64.17,64.92,65.08,64.17,8.43M,-0.13%
03/10/2022,64.25,64.17,64.5,63.75,10.27M,0.39%
03/09/2022,64.0,64.58,65.17,64.0,9.53M,-1.03%
03/08/2022,64.67,64.08,65.17,63.75,13.92M,0.91%
03/07/2022,64.08,65.17,65.17,63.83,10.12M,-1.41%
03/06/2022,65.0,65.42,65.83,64.83,7.42M,-0.38%
03/03/2022,65.25,65.83,66.33,65.17,12.40M,-0.13%
03/02/2022,65.33,67.08,67.25,65.33,9.63M,-2.00%
03/01/2022,66.67,66.83,68.25,66.33,13.32M,-0.25%
02/28/2022,66.83,64.67,66.83,64.25,11.72M,3.35%
02/27/2022,64.67,66.25,66.58,64.58,11.37M,0.13%
02/24/2022,64.58,64.58,65.67,63.5,57.82M,-2.52%
02/23/2022,66.25,67.92,68.33,66.17,14.38M,-3.28%
02/21/2022,68.5,70.08,70.42,68.5,12.99M,-2.14%
02/20/2022,70.0,68.33,70.75,68.33,22.15M,5.93%
02/17/2022,66.08,66.42,66.5,65.5,9.26M,-0.50%
02/16/2022,66.42,65.08,67.0,65.0,15.33M,2.18%
02/15/2022,65.0,62.5,65.0,62.42,23.99M,4.00%
02/14/2022,62.5,61.75,62.5,61.33,12.05M,1.35%
02/13/2022,61.67,61.83,62.25,61.25,6.75M,-1.20%
02/10/2022,62.42,61.67,62.42,61.58,6.28M,1.22%
02/09/2022,61.67,62.0,62.08,61.33,5.53M,-0.27%
02/08/2022,61.83,62.33,62.58,61.67,6.20M,-0.67%
02/07/2022,62.25,62.0,62.33,61.92,6.37M,0.40%
02/06/2022,62.0,61.75,62.08,61.67,5.14M,0.54%
02/03/2022,61.67,61.67,61.92,61.5,4.89M,0.14%
02/02/2022,61.58,61.67,61.92,61.58,5.16M,0.00%
02/01/2022,61.58,62.17,62.33,61.33,7.15M,-0.27%
01/31/2022,61.75,61.67,62.5,61.67,10.25M,0.14%
01/30/2022,61.67,61.75,62.08,61.58,6.66M,0.14%
01/27/2022,61.58,61.92,62.08,61.58,9.42M,-0.67%
01/26/2022,62.0,61.58,62.25,61.33,7.08M,0.68%
01/25/2022,61.58,61.5,61.75,60.83,8.84M,0.27%
01/24/2022,61.42,62.25,62.42,61.42,5.68M,-1.34%
01/23/2022,62.25,62.58,62.58,61.67,4.55M,-0.66%
01/20/2022,62.67,62.83,62.92,62.17,8.51M,0.00%
01/19/2022,62.67,61.75,62.67,61.17,8.78M,1.48%
01/18/2022,61.75,62.5,62.67,61.75,7.53M,-1.20%
01/17/2022,62.5,62.75,62.92,62.08,7.25M,-0.13%
01/16/2022,62.58,62.92,63.25,62.33,9.64M,-0.53%
01/13/2022,62.92,62.75,63.08,62.42,8.90M,0.27%
01/12/2022,62.75,62.5,62.75,62.0,9.16M,0.53%
01/11/2022,62.42,60.83,62.42,60.5,11.72M,2.88%
01/10/2022,60.67,59.75,60.75,59.75,12.55M,1.53%
01/09/2022,59.75,59.33,59.83,59.25,5.56M,0.70%
01/06/2022,59.33,59.25,59.83,59.08,6.55M,-0.14%
01/05/2022,59.42,59.42,59.75,59.17,5.71M,-0.14%
01/04/2022,59.5,59.92,59.92,59.0,6.98M,0.00%
01/03/2022,59.5,59.42,60.33,58.83,10.01M,-0.28%
01/02/2022,59.67,59.25,59.83,58.92,6.95M,0.99%
12/30/2021,59.08,58.83,59.83,58.08,10.24M,0.57%
12/29/2021,58.75,59.58,60.17,58.33,11.83M,-1.40%
12/28/2021,59.58,58.33,59.58,58.25,6.88M,2.88%
12/27/2021,57.92,58.25,58.58,57.83,4.12M,-0.71%
12/26/2021,58.33,58.83,59.17,58.25,3.46M,-0.85%
12/23/2021,58.83,58.58,59.0,58.33,4.73M,0.86%
12/22/2021,58.33,59.17,59.42,58.08,5.93M,-1.27%
12/21/2021,59.08,58.25,59.08,58.08,6.40M,1.58%
12/20/2021,58.17,57.92,58.17,57.17,6.89M,-0.14%
12/19/2021,58.25,58.42,59.08,57.83,4.74M,-1.55%
12/16/2021,59.17,58.33,60.0,58.17,14.15M,2.16%
12/15/2021,57.92,57.08,58.08,56.83,7.16M,1.61%
12/14/2021,57.0,57.0,57.17,56.17,5.39M,0.44%
12/13/2021,56.75,56.42,57.25,56.42,5.27M,1.04%
12/12/2021,56.17,56.08,56.5,55.58,6.02M,0.00%
12/09/2021,56.17,56.75,57.33,55.75,6.13M,-0.74%
12/08/2021,56.58,58.0,58.08,56.58,5.59M,-2.30%
12/07/2021,57.92,57.75,58.33,57.5,7.38M,1.46%
12/06/2021,57.08,58.42,59.42,57.08,13.48M,-0.87%
12/05/2021,57.58,55.75,57.58,55.75,9.37M,3.60%
12/02/2021,55.58,55.83,56.17,55.42,7.21M,-0.74%
12/01/2021,56.0,56.0,56.67,55.5,8.32M,1.66%
11/30/2021,55.08,56.25,56.25,54.17,19.85M,-2.07%
11/29/2021,56.25,56.67,57.25,55.58,13.10M,0.90%
11/28/2021,55.75,55.08,57.08,55.08,15.56M,-5.37%
11/25/2021,58.92,59.08,60.42,58.92,8.39M,-0.42%
11/24/2021,59.17,58.08,59.67,57.83,8.47M,2.90%
11/23/2021,57.5,56.0,58.5,54.83,13.47M,2.07%
11/22/2021,56.33,58.5,59.58,56.08,10.31M,-4.52%
11/21/2021,59.0,59.92,59.92,58.42,7.97M,-2.21%
11/18/2021,60.33,61.33,61.67,60.33,5.70M,-1.76%
11/17/2021,61.42,61.67,61.83,61.25,5.18M,-0.41%
11/16/2021,61.67,61.83,62.0,61.25,5.35M,-0.13%
11/15/2021,61.75,62.0,62.25,61.58,5.16M,-0.40%
11/14/2021,62.0,62.33,62.42,61.67,4.83M,-0.13%
11/11/2021,62.08,62.08,62.5,61.75,6.75M,0.00%
11/10/2021,62.08,61.25,62.33,61.17,7.63M,1.36%
11/09/2021,61.25,62.33,62.92,61.25,12.94M,-1.61%
11/08/2021,62.25,60.67,62.42,60.67,15.36M,2.89%
11/07/2021,60.5,59.33,60.67,59.0,11.70M,2.25%
11/04/2021,59.17,58.92,59.17,58.17,6.50M,0.42%
11/03/2021,58.92,59.0,59.5,58.42,6.36M,-0.14%
11/02/2021,59.0,58.08,59.08,58.08,7.97M,1.72%
11/01/2021,58.0,58.0,58.33,58.0,3.77M,0.14%
10/31/2021,57.92,57.75,58.33,57.75,4.05M,0.29%
10/28/2021,57.75,57.83,58.33,57.0,9.11M,-0.14%
10/27/2021,57.83,58.0,58.42,57.75,5.45M,-0.29%
10/26/2021,58.0,58.33,58.75,58.0,6.58M,-0.57%
10/25/2021,58.33,57.42,58.58,56.33,5.48M,1.60%
10/24/2021,57.42,59.17,59.17,57.25,9.26M,-2.96%
10/21/2021,59.17,59.17,59.5,58.75,6.84M,0.57%
10/20/2021,58.83,58.0,59.08,57.67,8.92M,1.58%
10/19/2021,57.92,56.33,57.92,56.33,8.79M,3.12%
10/18/2021,56.17,56.08,56.5,55.92,3.90M,0.15%
10/17/2021,56.08,56.25,56.58,56.08,3.74M,0.15%
10/14/2021,56.0,56.08,56.17,55.75,4.83M,-0.15%
10/13/2021,56.08,56.17,56.25,55.75,4.13M,-0.30%
10/12/2021,56.25,56.25,56.42,55.58,5.10M,0.75%
10/11/2021,55.83,56.25,57.0,55.5,10.83M,-0.15%
10/10/2021,55.92,54.5,56.33,54.42,9.79M,2.91%
10/07/2021,54.33,53.83,54.42,53.83,6.38M,0.93%
10/06/2021,53.83,53.75,54.58,53.67,10.15M,0.78%
10/05/2021,53.42,52.25,53.75,52.25,10.16M,2.23%
10/04/2021,52.25,51.42,52.67,51.42,15.52M,1.62%
10/03/2021,51.42,51.0,51.83,50.83,7.94M,0.65%
09/30/2021,51.08,50.42,51.17,50.33,9.09M,1.32%
09/29/2021,50.42,50.42,50.67,50.17,4.57M,-0.33%
09/28/2021,50.58,50.58,51.0,50.33,5.71M,0.00%
09/27/2021,50.58,50.75,50.83,50.42,5.21M,-0.33%
09/26/2021,50.75,50.83,50.92,50.5,3.70M,0.66%
09/22/2021,50.42,50.58,51.0,50.42,3.62M,-0.98%
09/21/2021,50.92,50.5,51.0,50.08,5.41M,0.49%
09/20/2021,50.67,50.67,50.83,50.42,5.62M,-0.49%
09/19/2021,50.92,51.17,51.25,50.75,4.53M,-0.97%
09/16/2021,51.42,50.92,51.42,50.83,7.80M,0.98%
09/15/2021,50.92,50.92,51.08,50.67,4.25M,0.33%
09/14/2021,50.75,50.92,51.17,50.67,4.86M,-0.16%
09/13/2021,50.83,50.83,51.0,50.42,7.04M,-0.33%
09/12/2021,51.0,51.5,51.67,50.83,8.97M,-1.13%
09/09/2021,51.58,51.58,51.75,51.33,4.62M,-0.16%
09/08/2021,51.67,51.25,51.67,51.08,5.99M,1.14%
09/07/2021,51.08,50.92,51.83,50.92,7.97M,0.49%
09/06/2021,50.83,50.25,50.83,50.25,6.17M,1.16%
09/05/2021,50.25,50.25,50.42,50.17,3.60M,0.17%
09/02/2021,50.17,50.17,50.42,50.17,3.52M,0.00%
09/01/2021,50.17,50.42,50.5,50.17,5.45M,-0.50%
08/31/2021,50.42,50.25,50.5,50.0,11.31M,0.33%
08/30/2021,50.25,50.5,50.5,49.92,5.76M,-0.17%
08/29/2021,50.33,50.08,50.42,49.75,4.89M,1.17%
08/26/2021,49.75,50.42,50.42,49.75,5.02M,-1.32%
08/25/2021,50.42,50.75,50.83,50.17,4.95M,-0.66%
08/24/2021,50.75,50.5,50.75,50.5,3.95M,0.50%
08/23/2021,50.5,50.08,50.83,50.08,6.42M,1.00%
08/22/2021,50.0,50.92,51.17,49.92,5.90M,-1.80%
08/19/2021,50.92,50.83,51.25,50.25,8.09M,-0.16%
08/18/2021,51.0,50.83,51.17,50.67,4.23M,0.33%
08/17/2021,50.83,50.25,50.83,50.0,7.19M,0.99%
08/16/2021,50.33,50.67,51.08,50.25,8.05M,-0.82%
08/15/2021,50.75,50.42,50.75,50.25,3.52M,0.66%
08/12/2021,50.42,49.83,50.83,49.83,8.89M,1.34%
08/11/2021,49.75,49.58,50.0,49.58,6.78M,0.34%
08/10/2021,49.58,49.25,49.75,49.25,5.77M,0.68%
08/09/2021,49.25,49.17,49.42,48.92,4.82M,0.17%
08/08/2021,49.17,48.75,49.33,48.75,4.46M,0.68%
08/05/2021,48.83,49.0,49.0,48.5,5.24M,-0.51%
08/04/2021,49.08,49.33,49.42,48.75,5.29M,-0.51%
08/03/2021,49.33,48.75,49.58,48.75,8.37M,1.20%
08/02/2021,48.75,47.5,48.75,47.5,13.50M,3.36%
08/01/2021,47.17,46.42,47.58,46.33,13.06M,1.98%
07/29/2021,46.25,45.75,46.25,45.75,5.48M,1.09%
07/28/2021,45.75,45.5,45.92,45.5,4.32M,0.37%
07/27/2021,45.58,45.58,46.0,45.58,3.97M,-0.55%
07/26/2021,45.83,45.83,45.92,45.42,3.69M,0.55%
07/25/2021,45.58,45.42,46.33,45.42,4.15M,1.11%
07/15/2021,45.08,45.25,45.83,45.08,5.49M,0.19%
07/14/2021,45.0,44.83,45.25,44.67,4.56M,0.37%
07/13/2021,44.83,44.92,45.25,44.58,5.92M,0.00%
07/12/2021,44.83,44.25,45.17,44.08,9.57M,0.94%
07/11/2021,44.42,45.42,45.58,44.0,9.73M,-1.66%
07/08/2021,45.17,45.92,46.0,45.17,8.64M,-2.17%
07/07/2021,46.17,46.25,46.33,45.83,5.85M,-0.89%
07/06/2021,46.58,46.75,47.0,46.58,4.97M,-0.53%
07/05/2021,46.83,46.83,47.17,46.58,6.76M,-0.35%
07/04/2021,47.0,46.5,47.25,46.5,8.81M,1.26%
07/01/2021,46.42,46.25,46.5,46.08,6.03M,0.36%
06/30/2021,46.25,46.17,46.33,46.0,8.20M,0.54%
06/29/2021,46.0,46.17,46.42,46.0,5.95M,-0.72%
06/28/2021,46.33,46.17,46.42,46.0,4.63M,0.36%
06/27/2021,46.17,45.92,46.5,45.92,4.82M,0.18%
06/24/2021,46.08,45.75,46.17,45.75,4.99M,0.91%
06/23/2021,45.67,45.92,46.17,45.58,3.99M,-0.36%
06/22/2021,45.83,46.25,46.5,45.67,6.41M,-0.54%
06/21/2021,46.08,45.0,46.08,44.75,8.12M,2.41%
06/20/2021,45.0,45.83,45.92,44.83,7.79M,-1.82%
06/17/2021,45.83,46.17,46.33,45.83,11.31M,-0.54%
06/16/2021,46.08,46.17,46.5,46.0,4.95M,0.00%
06/15/2021,46.08,47.17,47.42,45.92,10.71M,-2.12%
06/14/2021,47.08,45.67,47.92,45.67,19.26M,3.10%
06/13/2021,45.67,44.25,45.75,44.17,9.70M,3.79%
06/10/2021,44.0,43.75,44.5,43.75,9.78M,0.57%
06/09/2021,43.75,43.42,43.75,43.42,7.90M,0.77%
06/08/2021,43.42,43.08,43.42,43.08,9.02M,0.77%
06/07/2021,43.08,43.0,43.25,43.0,4.80M,0.00%
06/06/2021,43.08,43.08,43.42,43.0,5.82M,0.00%
06/03/2021,43.08,43.25,43.42,43.0,9.90M,-0.58%
06/02/2021,43.33,43.5,43.58,43.17,5.13M,0.00%
06/01/2021,43.33,43.0,43.5,43.0,12.04M,0.78%
05/31/2021,43.0,43.17,43.33,42.83,6.71M,-0.39%
05/30/2021,43.17,42.83,43.42,42.75,7.07M,0.58%
05/27/2021,42.92,42.42,42.92,42.25,11.50M,1.18%
05/26/2021,42.42,42.5,42.75,42.25,6.15M,-0.20%
05/25/2021,42.5,41.83,42.5,41.83,10.26M,1.80%
05/24/2021,41.75,41.92,42.25,41.67,7.93M,-0.40%
05/23/2021,41.92,42.25,42.5,41.54,7.82M,-0.79%
05/20/2021,42.25,42.58,42.75,41.75,8.45M,-0.59%
05/19/2021,42.5,43.0,43.17,42.5,6.52M,-0.97%
05/18/2021,42.92,42.5,43.42,42.5,8.96M,1.38%
05/17/2021,42.33,41.63,42.42,41.54,11.00M,1.91%
05/10/2021,41.54,41.29,41.67,41.25,7.48M,0.50%
05/09/2021,41.33,41.42,41.58,41.25,4.45M,-0.30%
05/06/2021,41.46,41.29,41.63,40.88,10.73M,0.40%
05/05/2021,41.29,41.54,41.67,41.29,7.32M,-0.70%
05/04/2021,41.58,41.46,41.83,41.21,8.82M,0.40%
05/03/2021,41.42,41.17,41.54,41.08,6.40M,0.51%
05/02/2021,41.21,41.21,41.38,40.83,6.47M,0.00%
04/29/2021,41.21,42.08,42.25,41.17,17.34M,-3.04%
04/28/2021,42.5,41.04,42.5,40.92,29.82M,4.29%
04/27/2021,40.75,40.83,40.88,40.5,8.48M,-0.20%
04/26/2021,40.83,40.08,40.88,40.08,11.02M,1.77%
04/25/2021,40.13,40.33,40.42,40.08,5.80M,-0.52%
04/22/2021,40.33,40.04,40.46,39.92,10.20M,0.83%
04/21/2021,40.0,40.0,40.58,39.88,15.16M,0.84%
04/20/2021,39.67,39.46,39.83,39.38,6.66M,0.63%
04/19/2021,39.42,39.5,39.54,39.0,8.16M,0.11%
04/18/2021,39.38,39.38,40.0,39.33,7.31M,0.32%
04/15/2021,39.25,38.33,39.42,38.29,14.82M,2.61%
04/14/2021,38.25,38.0,38.29,37.38,15.19M,0.77%
04/13/2021,37.96,38.38,38.71,37.92,9.28M,-0.98%
04/12/2021,38.33,38.96,39.0,38.17,12.76M,-1.50%
04/11/2021,38.92,39.58,39.63,38.83,7.08M,-1.89%
04/08/2021,39.67,39.58,40.0,39.46,6.93M,0.21%
04/07/2021,39.58,39.88,40.0,39.54,10.71M,-0.73%
04/06/2021,39.88,40.58,40.75,39.83,9.60M,-1.64%
04/05/2021,40.54,40.79,41.04,40.54,4.48M,-0.51%
04/04/2021,40.75,40.88,41.13,40.42,4.64M,-0.81%
04/01/2021,41.08,41.17,41.46,40.79,13.51M,-0.20%
03/31/2021,41.17,40.0,41.17,39.71,21.90M,5.11%
03/30/2021,39.17,39.21,39.33,39.04,5.18M,-0.95%
03/29/2021,39.54,39.13,39.54,39.04,8.39M,1.50%
03/28/2021,38.96,38.79,39.46,38.67,6.16M,0.54%
03/25/2021,38.75,38.92,39.17,38.67,6.25M,-0.53%
03/24/2021,38.96,39.0,39.17,38.33,5.31M,-0.11%
03/23/2021,39.0,39.17,39.63,38.96,7.16M,-0.43%
03/22/2021,39.17,38.38,39.71,38.17,9.51M,2.06%
03/21/2021,38.38,38.13,38.54,37.88,9.26M,0.33%
03/18/2021,38.25,39.63,39.79,38.25,17.67M,-3.67%
03/17/2021,39.71,40.08,40.08,39.42,5.10M,-0.94%
03/16/2021,40.08,40.04,40.33,39.92,9.45M,-0.10%
03/15/2021,40.13,40.71,40.75,39.67,10.56M,-1.23%
03/14/2021,40.63,40.67,41.04,40.58,5.69M,0.21%
03/11/2021,40.54,41.29,41.63,40.29,13.25M,-1.72%
03/10/2021,41.25,40.13,41.63,40.13,21.62M,3.12%
03/09/2021,40.0,38.13,40.42,38.13,22.73M,4.80%
03/08/2021,38.17,37.5,38.17,37.33,10.90M,2.00%
03/07/2021,37.42,37.42,37.58,37.38,6.19M,0.90%
03/04/2021,37.08,37.29,37.5,37.08,7.35M,-0.78%
03/03/2021,37.38,37.33,37.75,36.88,9.17M,0.22%
03/02/2021,37.29,36.29,37.5,36.25,11.70M,2.52%
03/01/2021,36.38,37.38,37.75,36.29,11.60M,-2.35%
02/28/2021,37.25,37.04,37.92,36.96,10.84M,-1.76%
02/25/2021,37.92,37.5,38.33,37.46,17.37M,2.02%
02/24/2021,37.17,36.71,37.71,36.21,20.27M,1.48%
02/23/2021,36.63,35.38,36.67,35.29,22.25M,4.02%
02/22/2021,35.21,35.13,35.5,35.0,9.64M,0.36%
02/21/2021,35.08,34.75,35.63,34.75,8.42M,0.96%
02/18/2021,34.75,34.83,35.0,34.58,7.83M,-0.71%
02/17/2021,35.0,34.79,35.21,34.79,6.86M,0.48%
02/16/2021,34.83,35.46,35.58,34.5,12.42M,-1.65%
02/15/2021,35.42,35.0,36.29,35.0,20.77M,1.80%
02/14/2021,34.79,33.33,34.79,33.33,12.38M,4.37%
02/11/2021,33.33,32.96,33.33,32.96,12.66M,0.88%
02/10/2021,33.04,33.04,33.33,32.92,11.17M,0.38%
02/09/2021,32.92,32.13,33.13,32.13,16.45M,2.86%
02/08/2021,32.0,31.29,32.29,31.29,17.26M,2.13%
02/07/2021,31.33,30.88,31.42,30.83,13.87M,1.35%
02/04/2021,30.92,29.83,30.96,29.83,14.69M,3.49%
02/03/2021,29.88,29.79,30.08,29.75,12.03M,0.28%
02/02/2021,29.79,30.13,30.21,29.79,7.17M,-0.69%
02/01/2021,30.0,30.13,30.29,30.0,7.31M,-0.41%
01/31/2021,30.13,30.25,30.42,30.13,8.31M,-0.96%
01/28/2021,30.42,30.42,30.5,30.25,9.46M,0.00%
01/27/2021,30.42,30.5,30.58,30.42,6.58M,0.00%
01/26/2021,30.42,30.67,30.67,30.42,6.55M,-0.95%
01/25/2021,30.71,30.63,30.79,30.63,4.56M,0.27%
01/24/2021,30.63,30.83,30.83,30.63,4.20M,-0.54%
01/21/2021,30.79,30.88,30.92,30.79,5.94M,-0.14%
01/20/2021,30.83,31.0,31.04,30.83,5.97M,-0.27%
01/19/2021,30.92,31.04,31.21,30.92,7.51M,-0.40%
01/18/2021,31.04,31.0,31.04,30.88,6.32M,0.13%
01/17/2021,31.0,31.04,31.08,30.96,3.87M,-0.40%
01/14/2021,31.13,31.25,31.25,31.04,4.82M,-0.40%
01/13/2021,31.25,31.25,31.29,31.13,5.56M,0.00%
01/12/2021,31.25,31.25,31.42,31.17,8.03M,0.00%
01/11/2021,31.25,31.13,31.25,31.04,10.27M,0.67%
01/10/2021,31.04,30.96,31.21,30.92,7.15M,0.68%
01/07/2021,30.83,30.46,30.83,30.46,6.55M,1.23%
01/06/2021,30.46,30.67,30.67,30.33,5.59M,-0.81%
01/05/2021,30.71,30.63,30.71,30.42,7.50M,0.27%
01/04/2021,30.63,30.42,30.67,30.29,7.87M,1.10%
01/03/2021,30.29,30.67,30.79,30.29,8.66M,-1.22%
12/31/2020,30.67,30.88,30.96,30.67,4.99M,-0.67%
12/30/2020,30.88,30.88,31.04,30.75,5.18M,0.00%
12/29/2020,30.88,31.0,31.08,30.79,5.66M,-0.13%
12/28/2020,30.92,31.08,31.17,30.92,4.59M,-0.67%
12/27/2020,31.13,31.0,31.17,31.0,4.76M,0.27%
12/24/2020,31.04,31.25,31.38,31.0,4.99M,-0.67%
12/23/2020,31.25,30.92,31.5,30.88,9.12M,0.81%
12/22/2020,31.0,30.42,31.0,30.42,7.50M,1.64%
12/21/2020,30.5,30.46,30.58,30.0,8.94M,-0.81%
12/20/2020,30.75,30.88,30.96,30.71,5.04M,-0.27%
12/17/2020,30.83,30.79,30.96,30.79,14.61M,0.14%
12/16/2020,30.79,30.54,30.88,30.5,7.72M,1.09%
12/15/2020,30.46,30.63,30.71,30.46,5.71M,-0.68%
12/14/2020,30.67,30.54,30.67,30.46,4.67M,0.41%
12/13/2020,30.54,30.67,30.79,30.5,4.24M,-0.41%
12/10/2020,30.67,30.83,30.83,30.67,5.14M,-0.54%
12/09/2020,30.83,30.71,30.88,30.71,5.02M,0.54%
12/08/2020,30.67,30.83,30.96,30.67,4.77M,-0.81%
12/07/2020,30.92,30.83,30.92,30.67,6.87M,0.27%
12/06/2020,30.83,30.88,31.04,30.83,5.16M,0.00%
12/03/2020,30.83,31.04,31.04,30.71,5.40M,-0.94%
12/02/2020,31.13,31.04,31.17,30.83,6.01M,-0.13%
12/01/2020,31.17,31.17,31.17,31.0,7.55M,0.00%
11/30/2020,31.17,30.83,31.17,30.75,18.63M,1.08%
11/29/2020,30.83,31.04,31.04,30.75,5.34M,-0.27%
11/26/2020,30.92,30.79,30.92,30.71,9.85M,0.13%
11/25/2020,30.88,30.79,30.96,30.75,5.96M,0.54%
11/24/2020,30.71,30.46,30.88,30.46,8.06M,0.55%
11/23/2020,30.54,30.67,30.75,30.33,8.80M,-0.41%
11/22/2020,30.67,30.71,30.88,30.67,3.58M,-0.14%
11/19/2020,30.71,30.88,30.96,30.71,6.17M,-0.67%
11/18/2020,30.92,30.63,31.0,30.5,9.03M,0.68%
11/17/2020,30.71,30.38,30.71,30.38,10.13M,1.10%
11/16/2020,30.38,30.04,30.38,29.96,9.50M,0.97%
11/15/2020,30.08,29.67,30.08,29.67,11.55M,1.40%
11/12/2020,29.67,29.67,29.67,29.5,7.96M,0.00%
11/11/2020,29.67,29.71,29.92,29.42,10.11M,0.28%
11/10/2020,29.58,29.29,30.0,29.13,20.28M,1.43%
11/09/2020,29.17,28.54,29.17,28.54,18.74M,2.04%
11/08/2020,28.58,28.29,28.71,28.29,11.65M,0.88%
11/05/2020,28.33,28.21,28.33,28.08,10.92M,0.44%
11/04/2020,28.21,28.13,28.33,28.13,11.43M,0.45%
11/03/2020,28.08,28.08,28.33,27.92,10.03M,0.00%
11/02/2020,28.08,27.38,28.17,27.33,10.80M,2.59%
11/01/2020,27.38,27.38,27.42,27.08,5.92M,-0.15%
10/29/2020,27.42,27.38,27.5,27.29,8.35M,-0.45%
10/28/2020,27.54,27.63,27.79,27.5,9.30M,-0.30%
10/27/2020,27.63,27.5,27.71,27.38,7.41M,0.45%
10/26/2020,27.5,27.58,27.79,27.38,14.70M,-0.30%
10/25/2020,27.58,27.63,28.08,27.54,9.24M,-1.19%
10/22/2020,27.92,27.71,27.92,27.63,7.35M,0.75%
10/21/2020,27.71,27.79,28.08,27.71,8.16M,-0.30%
10/20/2020,27.79,27.75,27.83,27.63,7.07M,-0.15%
10/19/2020,27.83,27.92,27.96,27.63,7.11M,-0.30%
10/18/2020,27.92,28.08,28.21,27.83,7.79M,0.15%
10/15/2020,27.88,28.13,28.17,27.75,9.87M,-0.89%
10/14/2020,28.13,28.33,28.38,28.13,7.11M,-0.74%
10/13/2020,28.33,28.17,28.46,28.17,11.68M,0.44%
10/12/2020,28.21,28.0,28.25,27.88,12.46M,0.89%
10/11/2020,27.96,27.75,28.08,27.58,12.17M,1.05%
10/08/2020,27.67,27.92,27.92,27.46,9.68M,-0.60%
10/07/2020,27.83,27.79,27.88,27.67,5.83M,0.00%
10/06/2020,27.83,27.42,27.83,27.33,9.66M,1.67%
10/05/2020,27.38,27.08,27.38,26.67,7.37M,1.08%
10/04/2020,27.08,27.38,27.38,27.08,5.39M,-1.37%
10/01/2020,27.46,27.46,27.63,27.38,6.46M,0.30%
09/30/2020,27.38,27.54,27.63,27.38,7.45M,-0.61%
09/29/2020,27.54,27.71,27.83,27.54,9.62M,-0.60%
09/28/2020,27.71,27.79,27.92,27.71,8.25M,-0.30%
09/27/2020,27.79,27.83,28.0,27.79,6.39M,-0.15%
09/24/2020,27.83,27.75,27.88,27.67,5.01M,0.30%
09/22/2020,27.75,27.96,28.0,27.5,9.09M,-1.04%
09/21/2020,28.04,28.21,28.33,28.04,6.79M,-0.59%
09/20/2020,28.21,28.33,28.38,27.96,7.78M,-0.15%
09/17/2020,28.25,28.46,28.5,28.17,12.96M,-0.73%
09/16/2020,28.46,28.58,28.71,28.29,10.11M,-0.44%
09/15/2020,28.58,28.29,28.67,28.29,11.95M,1.03%
09/14/2020,28.29,28.0,28.29,27.67,14.37M,1.19%
09/13/2020,27.96,27.75,28.0,27.75,9.66M,0.90%
09/10/2020,27.71,27.54,27.88,27.54,11.36M,0.45%
09/09/2020,27.58,27.5,27.63,27.46,10.32M,0.00%
09/08/2020,27.58,27.5,27.63,27.5,10.19M,0.15%
09/07/2020,27.54,27.46,27.54,27.42,7.16M,0.15%
09/06/2020,27.5,27.46,27.5,27.21,14.59M,0.00%
09/03/2020,27.5,26.88,27.5,26.88,12.72M,2.33%
09/02/2020,26.88,26.46,26.96,26.13,13.67M,1.74%
09/01/2020,26.42,27.13,27.25,26.42,19.02M,-2.31%
08/31/2020,27.04,27.46,27.5,27.04,15.54M,-1.52%
08/30/2020,27.46,27.42,27.54,27.38,8.76M,0.15%
08/27/2020,27.42,27.5,27.54,27.33,9.92M,-0.30%
08/26/2020,27.5,27.5,27.54,27.29,9.93M,0.00%
08/25/2020,27.5,27.46,27.67,27.46,11.92M,0.30%
08/24/2020,27.42,27.13,27.42,27.13,12.06M,1.08%
08/23/2020,27.13,27.04,27.13,26.96,9.46M,0.31%
08/20/2020,27.04,26.88,27.04,26.79,9.26M,0.31%
08/19/2020,26.96,26.88,27.0,26.88,10.55M,0.31%
08/18/2020,26.88,26.79,26.88,26.54,13.39M,0.62%
08/17/2020,26.71,26.63,27.0,26.58,19.06M,0.47%
08/16/2020,26.58,26.17,26.63,26.17,10.99M,1.59%
08/13/2020,26.17,26.08,26.29,26.08,13.48M,0.48%
08/12/2020,26.04,25.83,26.13,25.75,15.55M,0.97%
08/11/2020,25.79,25.0,25.79,24.96,16.78M,3.17%
08/10/2020,25.0,25.0,25.0,24.88,11.74M,0.00%
08/09/2020,25.0,24.83,25.0,24.79,8.78M,0.84%
08/06/2020,24.79,24.54,24.88,24.54,11.10M,1.02%
08/05/2020,24.54,24.58,24.58,24.5,10.60M,0.00%
07/28/2020,24.54,24.54,24.58,24.46,13.74M,-0.17%
07/27/2020,24.58,24.54,24.63,24.42,17.86M,0.17%
07/26/2020,24.54,24.17,24.54,24.08,18.02M,1.90%
07/23/2020,24.08,23.96,24.13,23.92,6.98M,0.35%
07/22/2020,24.0,23.96,24.04,23.92,7.64M,0.35%
07/21/2020,23.92,23.75,23.92,23.75,7.81M,0.70%
07/20/2020,23.75,23.83,23.92,23.54,11.17M,-0.52%
07/19/2020,23.88,23.92,23.96,23.79,7.06M,-0.17%
07/16/2020,23.92,23.92,23.96,23.83,8.90M,0.17%
07/15/2020,23.88,23.83,24.0,23.83,7.55M,0.35%
07/14/2020,23.79,24.0,24.08,23.79,9.18M,-0.70%
07/13/2020,23.96,24.17,24.17,23.96,6.84M,-0.69%
07/12/2020,24.13,24.17,24.25,24.08,6.55M,0.35%
07/09/2020,24.04,24.13,24.21,24.04,8.67M,-0.17%
07/08/2020,24.08,24.08,24.17,24.0,7.02M,0.00%
07/07/2020,24.08,24.17,24.21,24.08,6.34M,-0.34%
07/06/2020,24.17,24.17,24.25,24.04,11.90M,0.00%
07/05/2020,24.17,24.04,24.21,24.04,11.94M,0.87%
07/02/2020,23.96,23.83,24.04,23.83,8.83M,0.70%
07/01/2020,23.79,23.58,23.92,23.58,8.70M,0.88%
06/30/2020,23.58,23.83,24.0,23.58,15.87M,-1.05%
06/29/2020,23.83,24.13,24.13,23.79,16.11M,-1.04%
06/28/2020,24.08,24.17,24.25,24.04,13.55M,0.00%
06/25/2020,24.08,23.92,24.21,23.75,12.65M,0.52%
06/24/2020,23.96,24.42,24.46,23.96,11.73M,-1.88%
06/23/2020,24.42,24.46,24.5,24.33,8.56M,-0.17%
06/22/2020,24.46,24.5,24.58,24.38,11.79M,-0.17%
06/21/2020,24.5,24.58,24.67,24.5,8.00M,-0.17%
06/18/2020,24.54,24.42,24.63,24.38,28.21M,0.00%
06/17/2020,24.54,24.58,24.63,24.46,11.07M,0.17%
06/16/2020,24.5,24.58,24.67,24.5,11.14M,0.17%
06/15/2020,24.46,24.46,24.63,24.46,21.51M,-0.84%
06/14/2020,24.67,24.46,24.67,24.42,10.71M,0.00%
06/11/2020,24.67,24.58,24.67,24.38,15.98M,-0.34%
06/10/2020,24.75,24.71,24.79,24.58,18.03M,0.17%
06/09/2020,24.71,24.58,24.75,24.42,16.26M,0.68%
06/08/2020,24.54,24.5,24.88,24.42,20.72M,0.34%
06/07/2020,24.46,24.29,24.58,24.29,16.21M,1.03%
06/04/2020,24.21,24.04,24.21,23.75,14.88M,0.52%
06/03/2020,24.08,24.54,24.58,24.08,26.15M,-1.03%
06/02/2020,24.33,24.21,24.58,24.21,20.87M,0.52%
06/01/2020,24.21,24.08,24.25,24.0,20.95M,0.69%
05/31/2020,24.04,25.0,25.0,23.71,30.73M,2.67%
05/21/2020,23.42,23.75,23.79,23.42,19.80M,-1.23%
05/20/2020,23.71,23.63,23.83,23.54,15.06M,0.35%
05/19/2020,23.63,23.5,23.71,23.46,14.76M,1.25%
05/18/2020,23.33,23.08,23.38,23.08,26.97M,1.63%
05/17/2020,22.96,22.63,22.96,22.63,13.92M,2.04%
05/14/2020,22.5,22.5,22.63,22.29,11.60M,0.19%
05/13/2020,22.46,22.42,22.58,22.17,17.36M,1.13%
05/12/2020,22.21,22.21,22.42,22.17,10.14M,0.38%
05/11/2020,22.13,21.79,22.25,21.58,25.25M,-1.48%
05/10/2020,22.46,22.54,22.75,22.42,8.58M,0.56%
05/07/2020,22.33,22.33,22.79,22.08,16.35M,0.19%
05/06/2020,22.29,22.71,22.75,22.29,12.79M,-0.74%
05/05/2020,22.46,22.46,22.63,22.21,15.48M,2.28%
05/04/2020,21.96,21.67,22.29,21.67,24.69M,0.19%
05/03/2020,21.92,22.71,22.71,21.88,27.38M,-8.04%
04/30/2020,23.83,23.75,24.08,23.67,16.78M,1.24%
04/29/2020,23.54,22.92,24.08,22.92,27.31M,2.73%
04/28/2020,22.92,22.67,22.96,22.54,19.35M,1.10%
04/27/2020,22.67,22.67,22.83,22.46,15.57M,0.37%
04/26/2020,22.58,22.29,22.67,22.17,16.25M,3.04%
04/23/2020,21.92,22.13,22.25,21.88,13.55M,0.38%
04/22/2020,21.83,21.58,21.96,21.46,12.12M,0.96%
04/21/2020,21.63,21.46,21.71,21.29,13.86M,-0.57%
04/20/2020,21.75,22.17,22.17,21.63,15.39M,-2.06%
04/19/2020,22.21,22.29,22.33,22.04,10.56M,0.57%
04/16/2020,22.08,22.46,22.46,22.08,12.35M,-1.30%
04/15/2020,22.38,22.67,22.79,22.29,14.76M,-0.92%
04/14/2020,22.58,22.42,22.58,22.21,9.96M,1.31%
04/13/2020,22.29,22.75,22.83,22.25,14.84M,-1.65%
04/12/2020,22.67,23.08,23.08,22.58,11.76M,-1.63%
04/09/2020,23.04,23.13,23.29,22.92,16.27M,0.00%
04/08/2020,23.04,22.83,23.04,22.67,20.91M,0.55%
04/07/2020,22.92,22.71,22.92,22.58,17.41M,1.10%
04/06/2020,22.67,22.54,22.79,22.42,24.30M,1.30%
04/05/2020,22.38,22.92,23.04,22.25,25.22M,-1.47%
04/02/2020,22.71,22.54,22.71,22.5,18.27M,1.11%
04/01/2020,22.46,22.38,22.5,22.29,12.54M,0.19%
03/31/2020,22.42,22.46,22.58,22.38,31.25M,0.19%
03/30/2020,22.38,22.5,22.5,22.21,17.78M,-2.36%
03/29/2020,22.92,22.5,22.92,22.33,13.98M,1.85%
03/26/2020,22.5,22.29,22.63,22.29,17.65M,1.69%
03/25/2020,22.13,22.58,23.04,22.0,40.27M,-0.19%
03/24/2020,22.17,21.92,22.29,21.88,22.51M,2.50%
03/23/2020,21.63,21.88,21.88,21.29,24.07M,-1.14%
03/22/2020,21.88,21.92,22.29,21.75,16.59M,-0.38%
03/19/2020,21.96,21.63,22.42,21.33,37.20M,1.35%
03/18/2020,21.67,21.58,22.08,21.58,29.35M,0.39%
03/17/2020,21.58,21.25,22.0,21.25,23.56M,1.57%
03/16/2020,21.25,21.92,22.17,21.25,36.26M,-4.85%
03/15/2020,22.33,22.92,23.13,22.08,25.43M,-1.11%
03/12/2020,22.58,22.33,22.88,21.38,42.01M,-1.45%
03/11/2020,22.92,23.75,23.75,22.71,34.80M,-3.00%
03/10/2020,23.63,23.67,23.71,22.67,45.87M,8.83%
03/09/2020,21.71,21.33,22.71,21.33,43.91M,-8.11%
03/08/2020,23.63,23.42,23.96,23.33,44.42M,-7.05%
03/05/2020,25.42,25.71,25.71,25.25,19.44M,-0.49%
03/04/2020,25.54,25.08,25.58,24.79,22.38M,-0.65%
03/03/2020,25.71,25.42,25.75,25.25,20.42M,3.35%
03/02/2020,24.88,25.29,25.58,24.83,26.62M,0.34%
03/01/2020,24.79,25.0,25.21,24.46,24.64M,-3.88%
02/27/2020,25.79,25.88,26.04,25.75,18.72M,-1.43%
02/26/2020,26.17,26.04,26.21,25.83,16.04M,-0.32%
02/25/2020,26.25,26.25,26.46,26.17,14.17M,0.16%
02/24/2020,26.21,27.08,27.08,26.21,17.91M,-3.68%
02/23/2020,27.21,27.29,27.29,26.96,10.02M,-0.31%
02/20/2020,27.29,27.08,27.29,27.08,10.10M,0.92%
02/19/2020,27.04,26.75,27.04,26.71,6.80M,1.41%
02/18/2020,26.67,26.71,26.79,26.58,6.83M,0.00%
02/17/2020,26.67,26.67,26.79,26.63,8.04M,0.31%
02/16/2020,26.58,26.5,26.67,26.46,7.56M,0.31%
02/13/2020,26.5,26.63,26.83,26.38,15.24M,-0.47%
02/12/2020,26.63,26.25,26.63,26.25,10.13M,1.27%
02/11/2020,26.29,26.63,26.63,26.08,25.59M,-2.62%
02/10/2020,27.0,27.08,27.17,26.92,10.83M,-0.15%
02/09/2020,27.04,27.63,27.63,26.96,11.21M,-1.67%
02/06/2020,27.5,27.71,27.83,27.46,11.71M,-0.60%
02/05/2020,27.67,27.75,27.88,27.58,11.23M,0.15%
02/04/2020,27.63,27.58,27.67,27.38,12.08M,0.76%
02/03/2020,27.42,27.42,27.71,27.38,14.61M,0.15%
02/02/2020,27.38,27.46,27.54,27.21,8.50M,-1.05%
01/30/2020,27.67,27.33,27.79,27.17,13.96M,1.22%
01/29/2020,27.33,26.92,27.33,26.92,10.81M,1.39%
01/28/2020,26.96,26.96,27.08,26.88,9.76M,0.00%
01/27/2020,26.96,27.29,27.42,26.92,11.37M,-1.22%
01/26/2020,27.29,27.42,27.54,27.25,6.61M,-0.61%
01/23/2020,27.46,27.5,27.5,27.33,6.14M,-0.30%
01/22/2020,27.54,27.54,27.63,27.5,5.95M,0.00%
01/21/2020,27.54,27.67,27.67,27.46,6.50M,-0.45%
01/20/2020,27.67,27.58,27.71,27.54,7.10M,0.30%
01/19/2020,27.58,27.63,27.83,27.58,7.12M,-0.15%
01/16/2020,27.63,27.58,27.67,27.5,7.18M,0.45%
01/15/2020,27.5,27.67,27.71,27.5,7.43M,-0.60%
01/14/2020,27.67,27.54,27.71,27.46,10.05M,0.76%
01/13/2020,27.46,27.33,27.67,27.33,11.95M,0.30%
01/12/2020,27.38,27.5,27.67,27.33,8.74M,-0.15%
01/09/2020,27.42,27.13,27.42,27.13,10.91M,2.33%
01/08/2020,26.79,26.67,26.96,26.67,11.63M,-0.92%
01/07/2020,27.04,27.0,27.25,26.92,11.41M,0.62%
01/06/2020,26.88,26.79,27.0,26.75,10.03M,0.16%
01/05/2020,26.83,27.0,27.25,26.75,12.01M,-2.13%
01/02/2020,27.42,27.21,27.46,27.17,8.70M,1.08%
01/01/2020,27.13,27.21,27.29,27.13,6.76M,-0.46%
12/31/2019,27.25,27.21,27.33,27.04,10.78M,0.15%
12/30/2019,27.21,27.5,27.54,27.21,8.12M,-1.06%
12/29/2019,27.5,27.21,27.63,27.21,9.21M,1.23%
12/26/2019,27.17,27.13,27.46,26.96,6.69M,0.00%
12/25/2019,27.17,27.67,27.71,27.08,10.22M,-1.81%
12/24/2019,27.67,27.71,27.88,27.54,15.23M,-0.15%
12/23/2019,27.71,27.63,27.71,27.5,10.57M,0.30%
12/22/2019,27.63,27.5,27.67,27.38,10.65M,0.61%
12/19/2019,27.46,27.04,27.54,26.92,23.05M,1.54%
12/18/2019,27.04,26.79,27.08,26.71,19.34M,0.93%
12/17/2019,26.79,26.63,26.79,26.42,18.71M,0.94%
12/16/2019,26.54,26.08,26.71,26.08,17.26M,1.92%
12/15/2019,26.04,26.21,26.33,26.0,12.64M,0.00%
12/12/2019,26.04,26.54,26.54,26.04,11.79M,-1.73%
12/11/2019,26.5,26.42,26.58,26.42,10.80M,0.63%
12/10/2019,26.33,26.5,26.58,26.25,14.37M,-0.47%
12/09/2019,26.46,26.88,27.04,26.46,21.33M,-1.09%
12/08/2019,26.75,26.38,26.88,26.38,18.23M,1.58%
12/05/2019,26.33,26.25,26.38,26.13,9.46M,0.32%
12/04/2019,26.25,26.33,26.33,26.04,12.00M,-0.47%
12/03/2019,26.38,26.08,26.42,26.04,13.50M,1.12%
12/02/2019,26.08,26.29,26.54,25.92,17.40M,-0.95%
12/01/2019,26.33,25.96,26.5,25.96,10.45M,1.61%
11/28/2019,25.92,25.96,26.29,25.79,12.63M,0.65%
11/27/2019,25.75,26.25,26.5,25.71,16.76M,-0.96%
11/26/2019,26.0,26.88,26.96,26.0,26.26M,-3.26%
11/25/2019,26.88,26.71,26.92,26.25,16.16M,0.47%
11/24/2019,26.75,27.08,27.13,26.71,11.34M,-1.08%
11/21/2019,27.04,26.71,27.04,26.58,16.30M,1.25%
11/20/2019,26.71,26.92,27.04,26.63,14.97M,-0.77%
11/19/2019,26.92,26.79,27.13,26.67,17.90M,0.62%
11/18/2019,26.75,26.46,26.79,26.46,14.05M,1.10%
11/17/2019,26.46,26.0,26.46,25.67,13.21M,2.42%
11/14/2019,25.83,25.83,26.25,25.71,13.71M,-0.16%
11/13/2019,25.88,26.25,26.46,25.71,16.41M,-1.27%
11/12/2019,26.21,26.21,26.46,26.08,12.82M,0.00%
11/11/2019,26.21,26.0,26.46,26.0,17.54M,0.80%
11/10/2019,26.0,25.54,26.08,25.54,15.37M,2.30%
11/07/2019,25.42,25.13,25.67,25.08,14.03M,1.16%
11/06/2019,25.13,25.17,25.17,25.0,9.36M,-0.17%
11/05/2019,25.17,24.71,25.17,24.67,19.49M,1.85%
11/04/2019,24.71,24.71,24.83,24.38,14.51M,0.00%
11/03/2019,24.71,24.92,24.96,24.42,12.44M,-1.82%
10/31/2019,25.17,25.38,25.5,25.08,13.42M,-0.98%
10/30/2019,25.42,24.88,25.42,24.58,45.95M,2.35%
10/29/2019,24.83,25.21,25.21,24.42,24.35M,-1.00%
10/28/2019,25.08,25.75,25.83,25.0,12.81M,-2.90%
10/27/2019,25.83,25.83,26.08,25.75,8.81M,-0.48%
10/24/2019,25.96,25.88,26.13,25.75,10.62M,0.32%
10/23/2019,25.88,25.75,25.96,25.54,12.97M,0.65%
10/22/2019,25.71,25.0,25.75,25.0,20.12M,2.83%
10/21/2019,25.0,25.29,25.33,24.75,14.18M,-0.99%
10/20/2019,25.25,25.25,25.5,25.17,16.21M,1.68%
10/17/2019,24.83,24.17,24.88,24.0,18.67M,3.11%
10/16/2019,24.08,23.79,24.13,23.63,14.60M,1.23%
10/15/2019,23.79,24.21,24.33,23.79,12.24M,-1.55%
10/14/2019,24.17,24.17,24.38,24.0,17.29M,0.00%
10/13/2019,24.17,24.21,24.88,24.17,9.71M,0.00%
10/10/2019,24.17,24.5,24.58,23.92,15.18M,-1.19%
10/09/2019,24.46,25.08,25.08,24.46,13.95M,-2.49%
10/08/2019,25.08,25.46,25.54,24.83,13.11M,-1.31%
10/07/2019,25.42,25.75,25.83,25.42,10.96M,-1.13%
10/06/2019,25.71,25.75,25.88,25.71,5.90M,0.33%
10/03/2019,25.63,25.83,25.83,25.54,10.30M,-1.13%
10/02/2019,25.92,26.21,26.29,25.71,14.95M,-1.11%
10/01/2019,26.21,26.38,26.54,26.17,17.14M,-0.63%
09/30/2019,26.38,26.25,26.5,26.25,15.10M,0.64%
09/29/2019,26.21,26.33,26.42,26.17,8.01M,-0.16%
09/26/2019,26.25,26.04,26.42,26.0,20.47M,0.48%
09/25/2019,26.13,26.25,26.25,25.92,15.95M,-0.32%
09/24/2019,26.21,25.92,26.25,25.92,10.15M,1.29%
09/22/2019,25.88,25.88,26.25,25.83,7.64M,-0.32%
09/19/2019,25.96,25.46,25.96,25.29,46.16M,1.96%
09/18/2019,25.46,25.21,25.5,25.08,18.54M,1.83%
09/17/2019,25.0,24.96,25.21,24.71,15.27M,0.33%
09/16/2019,24.92,24.79,25.0,24.5,18.10M,1.36%
09/15/2019,24.58,24.17,24.71,23.67,17.37M,-1.17%
09/12/2019,24.88,24.63,24.96,24.54,9.81M,0.34%
09/11/2019,24.79,25.04,25.08,24.25,20.88M,-1.16%
09/10/2019,25.08,25.46,25.54,25.0,16.00M,-1.95%
09/09/2019,25.58,25.42,25.58,25.13,14.82M,0.66%
09/08/2019,25.42,25.5,25.58,25.25,10.77M,0.33%
09/05/2019,25.33,25.42,25.71,25.0,24.88M,0.00%
09/04/2019,25.33,24.71,25.33,24.71,21.93M,2.70%
09/03/2019,24.67,24.96,25.13,24.67,20.91M,-1.00%
09/02/2019,24.92,24.63,25.0,24.42,28.78M,1.53%
09/01/2019,24.54,25.17,25.42,24.25,30.81M,-2.64%
08/29/2019,25.21,26.08,26.21,25.21,32.93M,-3.35%
08/28/2019,26.08,26.46,26.63,26.04,22.69M,-2.03%
08/27/2019,26.63,27.08,27.17,26.04,169.01M,-1.24%
08/26/2019,26.96,27.04,27.13,26.5,17.07M,-0.46%
08/25/2019,27.08,27.63,27.63,27.0,13.44M,-2.26%
08/22/2019,27.71,27.67,27.83,27.29,40.98M,0.00%
08/21/2019,27.71,28.13,28.13,27.67,12.03M,-1.34%
08/20/2019,28.08,28.21,28.33,27.92,12.07M,-0.30%
08/19/2019,28.17,28.0,28.42,28.0,13.30M,0.75%
08/18/2019,27.96,27.92,28.08,27.75,7.48M,-0.15%
08/08/2019,28.0,27.88,28.13,27.83,14.42M,0.30%
08/07/2019,27.92,27.71,28.08,27.71,12.08M,1.06%
08/06/2019,27.63,27.67,27.71,27.29,13.10M,-0.45%
08/05/2019,27.75,27.92,27.92,27.46,16.69M,-0.45%
08/04/2019,27.88,28.08,28.08,27.67,12.41M,-1.04%
08/01/2019,28.17,28.54,28.58,27.88,18.92M,-1.74%
07/31/2019,28.67,28.63,28.71,28.46,10.02M,0.15%
07/30/2019,28.63,28.54,28.79,28.42,10.71M,1.03%
07/29/2019,28.33,29.08,29.08,28.33,17.81M,-3.00%
07/28/2019,29.21,28.96,29.25,28.83,8.29M,1.01%
07/25/2019,28.92,29.13,29.17,28.88,22.93M,-2.39%
07/24/2019,29.63,29.58,29.83,29.42,14.39M,-0.14%
07/23/2019,29.67,29.96,30.08,29.67,12.47M,-0.56%
07/22/2019,29.83,29.96,30.17,29.83,12.90M,0.00%
07/21/2019,29.83,29.5,29.96,29.42,8.97M,0.85%
07/18/2019,29.58,29.83,29.88,29.54,13.69M,-0.70%
07/17/2019,29.79,30.0,30.08,29.79,12.08M,-0.69%
07/16/2019,30.0,30.08,30.21,30.0,13.35M,-0.28%
07/15/2019,30.08,30.17,30.21,29.79,11.86M,-0.28%
07/14/2019,30.17,29.96,30.33,29.92,12.19M,0.98%
07/11/2019,29.88,29.58,29.92,29.58,16.84M,1.13%
07/10/2019,29.54,29.33,29.54,29.25,10.08M,0.71%
07/09/2019,29.33,29.29,29.38,29.21,8.17M,0.14%
07/08/2019,29.29,29.08,29.29,28.96,9.13M,0.57%
07/07/2019,29.13,29.25,29.33,29.08,7.37M,-0.43%
07/04/2019,29.25,29.25,29.5,29.17,10.13M,0.00%
07/03/2019,29.25,28.96,29.29,28.92,6.68M,0.57%
07/02/2019,29.08,29.25,29.42,29.0,8.90M,-0.71%
07/01/2019,29.29,29.08,29.29,29.0,8.85M,0.86%
06/30/2019,29.04,29.17,29.46,28.96,10.23M,0.14%
06/27/2019,29.0,28.58,29.08,28.46,15.50M,1.90%
06/26/2019,28.46,28.5,28.71,28.46,19.71M,0.00%
06/25/2019,28.46,28.54,28.63,28.08,25.47M,-0.29%
06/24/2019,28.54,29.17,29.29,27.88,29.14M,-2.28%
06/23/2019,29.21,29.5,29.63,29.13,12.57M,-1.27%
06/20/2019,29.58,29.67,29.92,29.29,44.89M,0.00%
06/19/2019,29.58,29.92,30.0,29.58,23.91M,-0.70%
06/18/2019,29.79,29.54,29.79,29.5,18.58M,0.99%
06/17/2019,29.5,29.58,29.79,29.46,25.61M,0.00%
06/16/2019,29.5,29.96,30.13,29.38,16.40M,-1.39%
06/13/2019,29.92,30.42,30.42,29.92,18.85M,-1.91%
06/12/2019,30.5,30.08,30.5,29.96,19.29M,0.97%
06/11/2019,30.21,29.83,30.38,29.67,24.56M,1.54%
06/10/2019,29.75,29.58,30.25,29.5,27.43M,0.56%
06/09/2019,29.58,28.88,29.67,28.79,14.21M,3.20%
05/30/2019,28.67,28.33,28.75,28.29,13.79M,0.73%
05/29/2019,28.46,28.25,28.71,28.0,14.99M,-0.87%
05/28/2019,28.71,28.33,28.71,27.63,164.14M,2.07%
05/27/2019,28.13,28.25,28.33,27.5,20.14M,-0.15%
05/26/2019,28.17,28.75,28.75,27.71,20.06M,-1.89%
05/23/2019,28.71,29.21,29.29,28.46,24.00M,-1.71%
05/22/2019,29.21,29.33,29.58,29.17,16.68M,-0.14%
05/21/2019,29.25,28.75,29.25,28.71,14.57M,2.18%
05/20/2019,28.63,28.79,28.83,28.13,23.39M,-0.72%
05/19/2019,28.83,29.17,29.67,28.71,14.88M,-1.14%
05/16/2019,29.17,28.75,29.17,28.46,25.75M,2.49%
05/15/2019,28.46,28.38,29.13,28.38,32.13M,2.09%
05/14/2019,27.88,27.21,28.5,27.21,37.93M,1.36%
05/13/2019,27.5,28.5,28.71,27.38,36.69M,-4.62%
05/12/2019,28.83,29.08,29.08,28.38,10.58M,-0.86%
05/09/2019,29.08,29.29,29.38,28.96,19.30M,-0.43%
05/08/2019,29.21,29.79,29.79,29.13,19.39M,-1.96%
05/07/2019,29.79,30.13,30.29,29.71,12.13M,-1.11%
05/06/2019,30.13,30.46,30.46,29.5,15.69M,-1.36%
05/05/2019,30.54,31.25,31.29,30.54,12.00M,-2.53%
05/02/2019,31.33,31.33,31.63,31.25,10.46M,0.00%
05/01/2019,31.33,31.25,31.33,31.08,7.22M,0.27%
04/30/2019,31.25,31.25,31.63,31.08,31.68M,0.00%
04/29/2019,31.25,31.29,31.38,31.0,8.44M,0.00%
04/28/2019,31.25,31.75,31.79,31.21,10.18M,-1.32%
04/25/2019,31.67,31.88,32.04,31.25,14.96M,-0.65%
04/24/2019,31.88,31.42,31.92,31.38,22.60M,1.59%
04/23/2019,31.38,31.33,31.5,31.25,12.83M,0.27%
04/22/2019,31.29,31.29,31.58,31.25,9.91M,-0.13%
04/21/2019,31.33,31.13,31.33,31.08,8.79M,0.94%
04/18/2019,31.04,31.29,31.46,30.92,10.32M,-0.80%
04/17/2019,31.29,30.58,31.58,30.54,25.17M,2.32%
04/16/2019,30.58,30.38,30.58,30.29,11.80M,0.82%
04/15/2019,30.33,30.33,30.42,30.25,6.88M,0.28%
04/14/2019,30.25,30.33,30.46,30.21,5.45M,-0.55%
04/11/2019,30.42,30.33,30.5,30.29,10.12M,0.41%
04/10/2019,30.29,30.0,30.29,29.88,11.53M,0.97%
04/09/2019,30.0,30.17,30.17,29.88,11.15M,-0.55%
04/08/2019,30.17,30.33,30.33,29.71,15.54M,-1.09%
04/07/2019,30.5,31.0,31.38,30.08,20.95M,-1.08%
04/04/2019,30.83,29.75,31.0,29.17,23.44M,3.12%
04/03/2019,29.9,29.79,30.01,29.74,14.49M,0.36%
04/02/2019,29.79,30.01,30.06,29.58,16.93M,-0.36%
04/01/2019,29.9,29.41,29.9,29.41,18.34M,1.85%
03/31/2019,29.36,28.87,29.41,28.87,18.03M,1.69%
03/28/2019,28.87,28.6,29.09,28.38,15.61M,0.95%
03/27/2019,28.6,27.95,28.6,27.9,12.38M,2.33%
03/26/2019,27.95,27.95,28.06,27.84,7.12M,-0.19%
03/25/2019,28.0,27.73,28.0,27.46,10.53M,0.78%
03/24/2019,27.79,27.84,27.9,27.57,8.92M,-0.39%
03/21/2019,27.9,27.25,27.9,27.25,10.61M,2.18%
03/20/2019,27.3,27.08,27.41,27.06,10.06M,0.60%
03/19/2019,27.14,27.19,27.41,27.06,12.99M,-0.40%
03/18/2019,27.25,27.03,27.25,27.03,11.96M,0.80%
03/17/2019,27.03,27.03,27.25,27.0,10.57M,0.10%
03/14/2019,27.0,26.81,27.03,26.79,20.22M,0.91%
03/13/2019,26.76,26.57,26.89,26.57,12.96M,0.92%
03/12/2019,26.51,26.54,26.57,26.43,11.40M,-0.10%
03/11/2019,26.54,26.54,26.57,26.22,6.58M,0.20%
03/10/2019,26.49,26.84,26.87,26.41,9.73M,-0.10%
03/07/2019,26.51,26.98,26.98,26.3,12.87M,-2.00%
03/06/2019,27.06,27.06,27.19,26.92,8.06M,0.00%
03/05/2019,27.06,27.14,27.14,26.98,8.99M,-0.30%
03/04/2019,27.14,27.35,27.41,27.06,13.06M,-0.60%
03/03/2019,27.3,27.25,27.52,27.25,6.14M,0.40%
02/28/2019,27.19,27.14,27.25,26.98,16.55M,0.20%
02/27/2019,27.14,27.06,27.14,26.79,5.80M,0.30%
02/26/2019,27.06,26.79,27.08,26.68,6.97M,0.71%
02/25/2019,26.87,27.08,27.08,26.65,7.87M,-0.60%
02/24/2019,27.03,27.3,27.35,27.03,10.66M,-0.99%
02/21/2019,27.3,27.35,27.46,27.19,7.18M,-0.20%
02/20/2019,27.35,27.35,27.52,27.25,4.85M,0.00%
02/19/2019,27.35,27.35,27.46,27.14,9.98M,0.00%
02/18/2019,27.35,27.35,27.57,27.25,8.51M,0.20%
02/17/2019,27.3,27.46,27.57,27.3,5.99M,-0.59%
02/14/2019,27.46,27.52,27.63,27.25,9.35M,-0.20%
02/13/2019,27.52,27.63,27.9,27.52,9.53M,-0.39%
02/12/2019,27.63,27.14,27.63,27.14,8.73M,1.80%
02/11/2019,27.14,27.35,27.41,27.08,8.99M,-0.79%
02/10/2019,27.35,27.63,27.63,27.25,6.48M,-0.98%
02/07/2019,27.63,27.73,27.79,27.52,18.48M,-0.39%
02/06/2019,27.73,27.9,28.11,27.63,11.12M,-0.39%
02/05/2019,27.84,27.52,27.95,27.46,13.18M,1.38%
02/04/2019,27.46,27.79,27.84,27.3,10.08M,0.20%
02/03/2019,27.41,27.63,27.79,27.19,6.66M,0.00%
01/31/2019,27.41,27.73,27.84,27.41,7.46M,-1.17%
01/30/2019,27.73,27.73,27.9,27.57,6.76M,-0.39%
01/29/2019,27.84,28.17,28.17,27.63,10.65M,-0.77%
01/28/2019,28.06,27.46,28.06,27.35,11.39M,2.17%
01/27/2019,27.46,27.03,27.57,26.98,13.71M,1.60%
01/24/2019,27.03,26.95,27.08,26.84,5.32M,0.20%
01/23/2019,26.98,26.89,27.0,26.84,5.60M,0.61%
01/22/2019,26.81,26.98,27.08,26.79,7.42M,-0.50%
01/21/2019,26.95,26.76,27.0,26.41,9.30M,0.61%
01/20/2019,26.79,27.06,27.19,26.73,9.84M,-1.10%
01/17/2019,27.08,27.08,27.08,26.87,8.56M,0.00%
01/16/2019,27.08,27.08,27.25,27.03,7.81M,0.10%
01/15/2019,27.06,26.79,27.25,26.7,11.87M,1.32%
01/14/2019,26.7,26.73,27.0,26.62,12.76M,0.00%
01/13/2019,26.7,26.16,26.95,26.11,14.40M,2.07%
01/10/2019,26.16,25.86,26.27,25.76,15.17M,1.58%
01/09/2019,25.76,25.43,25.76,25.35,14.37M,1.39%
01/08/2019,25.4,25.46,25.59,25.27,10.76M,-0.21%
01/07/2019,25.46,24.92,25.73,24.89,19.89M,2.17%
01/06/2019,24.92,24.59,25.05,24.59,25.42M,5.14%
01/03/2019,23.7,23.51,23.86,23.43,7.94M,0.81%
01/02/2019,23.51,23.43,23.64,23.35,3.44M,0.23%
01/01/2019,23.45,23.7,23.7,23.45,3.05M,-1.03%
12/31/2018,23.7,23.45,23.78,23.45,6.48M,1.16%
12/30/2018,23.43,23.29,23.43,23.21,4.19M,0.70%
12/27/2018,23.26,23.16,23.29,23.08,5.41M,1.06%
12/26/2018,23.02,22.94,23.16,22.83,2.28M,0.47%
12/25/2018,22.91,23.02,23.02,22.72,5.78M,-1.63%
12/24/2018,23.29,23.18,23.43,23.1,4.83M,0.23%
12/23/2018,23.24,21.94,23.35,21.67,14.74M,1.18%
12/20/2018,22.97,23.29,23.35,22.97,13.35M,-1.40%
12/19/2018,23.29,23.54,23.59,23.29,11.12M,-1.38%
12/18/2018,23.62,23.56,23.89,23.45,9.20M,0.11%
12/17/2018,23.59,23.37,23.62,23.37,6.45M,1.04%
12/16/2018,23.35,23.48,23.48,23.26,3.46M,-0.58%
12/13/2018,23.48,23.54,23.62,23.45,5.11M,-0.34%
12/12/2018,23.56,23.48,23.59,23.43,5.38M,0.23%
12/11/2018,23.51,23.37,23.51,23.18,7.25M,0.46%
12/10/2018,23.4,23.43,23.51,23.26,3.92M,-0.12%
12/09/2018,23.43,23.43,23.54,23.4,3.24M,-0.23%
12/06/2018,23.48,23.64,23.7,23.35,6.75M,-0.80%
12/05/2018,23.67,23.67,23.83,23.51,5.13M,-0.57%
12/04/2018,23.81,23.86,23.91,23.62,5.82M,-0.23%
12/03/2018,23.86,23.83,23.94,23.78,6.92M,0.46%
12/02/2018,23.75,23.18,23.86,23.18,10.03M,2.45%
11/29/2018,23.18,22.89,23.18,22.83,7.50M,1.30%
11/28/2018,22.89,22.78,22.91,22.78,5.94M,0.36%
11/27/2018,22.8,22.89,23.02,22.72,9.30M,-0.24%
11/26/2018,22.86,22.8,23.1,22.78,7.53M,0.36%
11/25/2018,22.78,22.99,23.02,22.72,4.06M,-1.52%
11/22/2018,23.13,22.72,23.13,22.72,6.53M,2.28%
11/21/2018,22.61,22.64,22.78,22.43,9.10M,-0.48%
11/20/2018,22.72,22.45,22.8,22.34,9.59M,1.08%
11/19/2018,22.48,22.21,22.59,22.1,8.85M,1.34%
11/18/2018,22.18,22.89,22.91,22.15,12.26M,-2.85%
11/15/2018,22.83,22.94,23.05,22.75,8.95M,-0.47%
11/14/2018,22.94,22.99,23.13,22.78,10.68M,-0.82%
11/13/2018,23.13,23.21,23.35,23.02,4.71M,-0.70%
11/12/2018,23.29,23.1,23.32,23.1,6.69M,1.06%
11/11/2018,23.05,23.16,23.16,22.83,3.75M,-0.23%
11/08/2018,23.1,23.37,23.43,23.08,3.80M,-0.93%
11/07/2018,23.32,23.43,23.43,23.26,2.97M,-0.12%
11/06/2018,23.35,23.48,23.64,23.29,4.41M,-0.35%
11/05/2018,23.43,23.48,23.7,23.4,4.50M,-0.46%
11/04/2018,23.54,23.7,23.7,23.54,2.74M,-0.69%
11/01/2018,23.7,23.7,23.78,23.62,3.28M,0.00%
10/31/2018,23.7,23.56,23.78,23.51,4.01M,0.46%
10/30/2018,23.59,23.7,23.75,23.43,4.73M,-0.46%
10/29/2018,23.7,23.73,23.94,23.62,5.44M,0.00%
10/28/2018,23.7,23.94,24.0,23.64,6.06M,-2.13%
10/25/2018,24.21,23.29,24.21,22.83,46.21M,6.56%
10/24/2018,22.72,23.29,23.43,22.67,14.83M,-2.33%
10/23/2018,23.26,23.59,23.89,23.24,27.60M,-3.48%
10/22/2018,24.1,23.48,24.1,22.83,41.94M,1.14%
10/21/2018,23.83,22.48,23.83,22.26,24.79M,2.33%
10/18/2018,23.29,23.24,23.45,22.86,18.76M,-0.46%
10/17/2018,23.4,23.43,23.51,23.05,14.30M,-0.12%
10/16/2018,23.43,22.45,23.43,21.96,54.78M,1.88%
10/15/2018,22.99,22.61,23.02,22.51,44.22M,1.68%
10/14/2018,22.61,22.21,22.61,21.18,30.52M,0.72%
10/11/2018,22.45,23.02,23.02,22.34,18.26M,-4.38%
10/10/2018,23.48,23.86,24.0,23.48,11.39M,-1.92%
10/09/2018,23.94,24.05,24.08,23.83,6.31M,-0.45%
10/08/2018,24.05,23.62,24.1,23.59,11.50M,1.60%
10/07/2018,23.67,23.75,23.83,23.59,5.06M,-0.46%
10/04/2018,23.78,23.78,23.94,23.67,5.59M,0.00%
10/03/2018,23.78,23.83,23.94,23.64,7.62M,-0.45%
10/02/2018,23.89,23.97,24.21,23.73,8.79M,-0.56%
10/01/2018,24.02,23.81,24.1,23.75,10.92M,0.91%
09/30/2018,23.81,23.43,23.81,23.43,5.41M,1.97%
09/27/2018,23.35,23.48,23.64,23.35,5.58M,-0.81%
09/26/2018,23.54,23.48,23.62,23.29,7.30M,0.23%
09/25/2018,23.48,23.02,23.48,23.02,11.36M,2.60%
09/20/2018,22.89,22.51,22.94,22.45,7.83M,1.68%
09/19/2018,22.51,22.15,22.53,22.07,6.53M,1.47%
09/18/2018,22.18,22.4,22.4,22.02,11.74M,-0.73%
09/17/2018,22.34,21.91,22.4,21.69,10.50M,1.73%
09/16/2018,21.96,22.45,22.56,21.94,6.34M,-2.29%
09/13/2018,22.48,22.61,22.67,22.24,6.54M,-1.19%
09/12/2018,22.75,22.86,23.05,22.43,6.09M,-0.24%
09/11/2018,22.8,22.61,23.02,22.48,6.33M,0.84%
09/10/2018,22.61,22.7,22.86,22.48,6.02M,0.24%
09/09/2018,22.56,22.67,22.7,22.1,4.55M,0.00%
09/06/2018,22.56,22.75,22.78,21.75,19.22M,-1.07%
09/05/2018,22.8,23.48,23.51,22.02,11.07M,-3.00%
09/04/2018,23.51,23.08,23.62,23.08,5.29M,1.52%
09/03/2018,23.16,23.02,23.24,23.02,3.42M,0.59%
09/02/2018,23.02,23.05,23.18,22.89,2.17M,-0.12%
08/30/2018,23.05,23.26,23.26,23.05,3.53M,-1.05%
08/29/2018,23.29,23.29,23.29,23.05,7.68M,0.00%
08/28/2018,23.29,23.13,23.35,23.1,4.70M,0.82%
08/27/2018,23.1,23.1,23.4,22.97,6.45M,0.24%
08/26/2018,23.05,22.89,23.16,22.89,3.53M,1.31%
08/16/2018,22.75,22.53,22.83,22.43,11.54M,0.96%
08/15/2018,22.53,22.78,22.86,22.32,6.10M,-1.19%
08/14/2018,22.8,22.75,23.08,22.61,10.14M,0.24%
08/13/2018,22.75,23.32,23.45,22.51,9.80M,-2.55%
08/12/2018,23.35,23.59,23.62,23.29,5.11M,-1.26%
08/09/2018,23.64,23.67,23.73,23.51,8.62M,-0.11%
08/08/2018,23.67,23.83,23.89,23.67,7.65M,-0.57%
08/07/2018,23.81,23.81,23.83,23.62,8.54M,0.11%
08/06/2018,23.78,23.62,23.83,23.62,5.58M,0.34%
08/05/2018,23.7,23.56,23.83,23.56,4.39M,0.34%
08/02/2018,23.62,23.83,23.94,23.62,8.48M,-0.80%
08/01/2018,23.81,23.89,24.05,23.81,7.02M,-0.57%
07/31/2018,23.94,24.05,24.24,23.94,6.15M,-0.45%
07/30/2018,24.05,24.05,24.19,23.94,6.84M,-0.22%
07/29/2018,24.1,24.24,24.24,23.94,4.59M,-0.34%
07/26/2018,24.19,24.38,24.43,24.05,8.39M,-0.45%
07/25/2018,24.29,23.97,24.32,23.97,4.87M,1.01%
07/24/2018,24.05,24.24,24.24,23.94,4.29M,-0.78%
07/23/2018,24.24,24.21,24.38,24.16,8.59M,0.67%
07/22/2018,24.08,23.97,24.13,23.94,5.30M,0.57%
07/19/2018,23.94,23.91,24.08,23.83,6.51M,-2.00%
07/18/2018,24.43,24.38,24.48,24.19,7.19M,0.33%
07/17/2018,24.35,24.29,24.43,24.19,8.37M,0.56%
07/16/2018,24.21,23.89,24.24,23.86,14.01M,1.94%
07/15/2018,23.75,23.56,23.75,23.56,3.84M,0.46%
07/12/2018,23.64,23.64,23.64,23.43,7.73M,-0.34%
07/11/2018,23.73,23.83,23.94,23.56,5.17M,-0.45%
07/10/2018,23.83,23.51,24.02,23.51,10.19M,1.38%
07/09/2018,23.51,23.05,23.54,23.02,6.87M,2.48%
07/08/2018,22.94,22.91,23.08,22.7,9.49M,0.12%
07/05/2018,22.91,23.26,23.26,22.89,8.13M,-1.40%
07/04/2018,23.24,23.16,23.43,23.02,9.42M,0.00%
07/03/2018,23.24,23.37,23.43,23.13,10.42M,-0.58%
07/02/2018,23.37,23.51,23.51,23.32,8.67M,-0.58%
07/01/2018,23.51,23.45,23.62,23.37,5.62M,0.58%
06/28/2018,23.37,23.56,23.59,23.29,9.74M,-0.58%
06/27/2018,23.51,23.62,23.67,23.43,6.77M,-0.46%
06/26/2018,23.62,23.62,23.67,23.32,5.37M,-0.11%
06/25/2018,23.64,23.78,23.83,23.54,9.24M,-0.34%
06/24/2018,23.73,23.29,23.83,23.29,8.40M,2.34%
06/21/2018,23.18,23.18,23.35,22.83,12.13M,0.47%
06/20/2018,23.08,23.62,23.64,23.02,10.03M,-2.07%
06/12/2018,23.56,23.54,23.67,23.35,7.92M,0.12%
06/11/2018,23.54,23.51,23.73,23.43,5.39M,0.00%
06/10/2018,23.54,23.7,23.7,23.26,8.03M,-0.34%
06/07/2018,23.62,23.64,23.81,23.43,10.62M,-0.34%
06/06/2018,23.7,23.86,24.1,23.54,14.03M,-0.68%
06/05/2018,23.86,24.0,24.21,23.7,12.70M,-0.56%
06/04/2018,24.0,24.32,25.03,23.97,15.28M,-1.45%
06/03/2018,24.35,23.35,24.35,23.35,17.09M,5.15%
05/31/2018,23.16,22.75,23.16,22.7,14.20M,2.27%
05/30/2018,22.64,22.59,22.94,22.56,10.10M,-0.36%
05/29/2018,22.72,22.48,22.8,22.48,9.05M,1.08%
05/28/2018,22.48,22.43,22.61,22.4,7.64M,0.24%
05/27/2018,22.43,22.53,22.64,22.43,5.26M,-0.29%
05/24/2018,22.49,22.43,22.7,22.4,8.09M,0.28%
05/23/2018,22.43,22.4,22.59,22.37,6.31M,-0.58%
05/22/2018,22.56,22.45,22.61,22.4,6.72M,0.65%
05/21/2018,22.41,22.34,22.45,22.32,5.19M,0.33%
05/20/2018,22.34,22.34,22.48,22.26,5.90M,0.11%
05/17/2018,22.31,22.13,22.45,22.1,8.54M,0.87%
05/16/2018,22.12,22.4,22.43,22.05,8.28M,-1.15%
05/15/2018,22.38,22.59,22.67,22.34,7.49M,-0.39%
05/14/2018,22.47,22.24,22.53,22.13,60.88M,1.28%
05/13/2018,22.18,21.91,22.34,21.91,7.57M,1.63%
05/10/2018,21.83,21.69,21.94,21.61,9.95M,0.46%
05/09/2018,21.73,22.24,22.34,21.67,10.89M,-2.28%
05/08/2018,22.23,22.43,22.56,22.13,8.52M,-0.80%
05/07/2018,22.41,22.45,22.48,22.26,7.21M,-0.06%
05/06/2018,22.43,22.43,22.61,22.37,7.46M,0.45%
05/03/2018,22.32,22.21,22.48,22.07,10.23M,0.55%
05/02/2018,22.2,22.32,22.37,22.18,7.76M,-0.56%
05/01/2018,22.33,22.64,22.64,22.18,14.02M,-1.87%
04/30/2018,22.75,22.7,22.86,22.64,7.16M,0.20%
04/29/2018,22.71,22.72,22.89,22.67,6.91M,0.06%
04/26/2018,22.69,22.61,22.75,22.4,8.46M,0.25%
04/25/2018,22.64,22.78,22.94,22.56,10.23M,-0.78%
04/24/2018,22.82,23.02,23.16,22.67,10.07M,-0.87%
04/23/2018,23.02,22.89,23.1,22.67,10.01M,0.78%
04/22/2018,22.84,22.8,23.18,22.72,8.73M,0.14%
04/19/2018,22.8,22.24,22.97,22.24,12.94M,2.67%
04/18/2018,22.21,22.07,22.26,21.99,15.51M,0.65%
04/17/2018,22.07,21.91,22.13,21.86,12.12M,0.85%
04/16/2018,21.88,21.37,21.91,21.31,18.62M,2.76%
04/15/2018,21.29,21.04,21.4,21.04,9.73M,1.73%
04/12/2018,20.93,20.69,20.99,20.64,11.48M,1.23%
04/11/2018,20.68,20.85,21.15,20.53,16.22M,-0.97%
04/10/2018,20.88,21.18,21.21,20.83,16.70M,-1.07%
04/09/2018,21.1,21.15,21.64,21.07,17.76M,-0.09%
04/08/2018,21.12,21.02,21.18,20.91,8.32M,0.31%
04/05/2018,21.06,20.69,21.1,20.69,14.24M,2.26%
04/04/2018,20.59,20.42,20.69,20.42,13.61M,1.04%
04/03/2018,20.38,20.07,20.45,20.07,9.16M,0.08%
04/02/2018,20.36,20.29,20.42,20.07,10.42M,0.63%
04/01/2018,20.24,20.42,20.69,20.18,9.89M,-0.99%
03/29/2018,20.44,20.58,20.8,20.1,22.63M,0.57%
03/28/2018,20.32,20.8,20.8,20.15,23.40M,-2.09%
03/27/2018,20.76,20.56,20.94,20.56,22.10M,1.22%
03/26/2018,20.51,20.34,20.56,20.18,26.52M,-1.10%
03/25/2018,20.74,20.53,20.85,20.5,13.31M,0.68%
03/22/2018,20.59,20.45,20.77,20.45,37.48M,0.77%
03/21/2018,20.44,20.26,20.53,20.26,20.35M,0.91%
03/20/2018,20.25,19.91,20.37,19.88,29.33M,1.85%
03/19/2018,19.88,19.88,20.04,19.77,30.43M,0.51%
03/18/2018,19.78,20.2,20.29,19.72,26.73M,-1.30%
03/15/2018,20.04,20.29,20.29,19.85,31.68M,-1.43%
03/14/2018,20.33,20.69,20.69,20.29,30.04M,-1.93%
03/13/2018,20.74,20.88,21.1,20.66,11.38M,-1.12%
03/12/2018,20.97,20.96,21.18,20.85,17.58M,0.05%
03/11/2018,20.96,20.66,20.99,20.66,19.19M,2.00%
03/08/2018,20.55,20.37,20.56,20.31,16.74M,1.15%
03/07/2018,20.32,20.34,20.42,20.26,6.76M,-0.09%
03/06/2018,20.33,20.1,20.45,20.1,11.59M,1.43%
03/05/2018,20.05,19.85,20.26,19.8,9.75M,0.79%
03/04/2018,19.89,20.04,20.15,19.85,5.79M,-0.51%
03/01/2018,19.99,19.72,20.07,19.72,7.80M,1.01%
02/28/2018,19.79,19.96,19.99,19.64,11.57M,-0.91%
02/27/2018,19.97,19.93,20.07,19.91,10.97M,0.39%
02/26/2018,19.9,20.12,20.12,19.88,11.81M,-1.24%
02/25/2018,20.14,20.37,20.42,20.04,7.19M,-0.55%
02/22/2018,20.26,20.31,20.39,20.1,12.95M,-0.33%
02/21/2018,20.32,20.34,20.5,20.26,12.33M,-0.23%
02/20/2018,20.37,20.34,20.5,20.34,9.73M,-0.20%
02/19/2018,20.41,20.26,20.42,20.18,12.79M,0.82%
02/18/2018,20.24,20.23,20.64,20.18,15.23M,0.96%
02/15/2018,20.05,19.53,20.15,19.53,20.29M,2.98%
02/14/2018,19.47,19.5,19.64,19.45,7.13M,-0.33%
02/13/2018,19.54,19.64,19.69,19.36,12.36M,-0.47%
02/12/2018,19.63,19.34,19.69,19.34,11.98M,2.01%
02/11/2018,19.24,19.34,19.66,19.12,14.99M,0.08%
02/08/2018,19.23,19.26,19.39,18.99,17.41M,-0.25%
02/07/2018,19.28,19.85,19.93,19.2,20.85M,-2.02%
02/06/2018,19.67,19.72,19.85,19.5,13.43M,-2.18%
02/05/2018,20.11,20.2,20.23,20.01,9.62M,-0.72%
02/04/2018,20.26,20.31,20.37,19.99,13.47M,-0.62%
02/01/2018,20.39,20.18,20.58,20.18,12.27M,1.06%
01/31/2018,20.17,19.99,20.58,19.93,17.68M,0.95%
01/30/2018,19.98,19.55,20.01,19.47,14.25M,2.19%
01/29/2018,19.55,19.34,19.58,19.34,10.87M,0.95%
01/28/2018,19.37,19.09,19.42,19.09,10.23M,1.06%
01/25/2018,19.17,19.04,19.2,18.99,12.35M,0.81%
01/24/2018,19.01,19.18,19.23,18.96,15.14M,-0.71%
01/23/2018,19.15,19.01,19.18,19.01,8.41M,0.45%
01/22/2018,19.06,18.99,19.23,18.99,10.26M,0.16%
01/21/2018,19.03,18.96,19.07,18.9,7.79M,0.41%
01/18/2018,18.95,18.88,18.96,18.82,8.93M,0.71%
01/17/2018,18.82,18.74,18.85,18.69,7.72M,0.39%
01/16/2018,18.75,18.69,18.8,18.66,9.65M,0.33%
01/15/2018,18.68,18.74,18.8,18.66,7.06M,-0.23%
01/14/2018,18.73,18.55,18.74,18.55,12.50M,1.24%
01/11/2018,18.5,18.47,18.53,18.39,6.61M,0.00%
01/10/2018,18.5,18.42,18.53,18.31,8.95M,0.93%
01/09/2018,18.32,18.53,18.55,18.28,12.50M,-1.07%
01/08/2018,18.52,18.39,18.55,18.36,9.43M,0.80%
01/07/2018,18.38,18.28,18.5,18.12,9.62M,1.24%
01/04/2018,18.15,17.9,18.25,17.9,11.12M,1.64%
01/03/2018,17.86,17.5,17.96,17.5,14.74M,1.96%
01/02/2018,17.51,17.63,17.69,17.5,9.62M,-0.54%
01/01/2018,17.61,17.5,17.66,17.36,10.30M,0.62%
12/31/2017,17.5,17.5,17.66,17.47,11.15M,0.28%
12/28/2017,17.45,17.41,17.5,17.36,8.84M,0.50%
12/27/2017,17.37,17.41,17.47,17.33,10.77M,-0.22%
12/26/2017,17.4,17.33,17.44,17.31,8.83M,0.50%
12/25/2017,17.32,17.41,17.41,17.31,7.94M,-0.50%
12/24/2017,17.4,17.5,17.5,17.36,6.41M,-0.51%
12/21/2017,17.49,17.55,17.6,17.44,10.08M,-0.52%
12/20/2017,17.59,17.6,17.66,17.44,9.84M,0.25%
12/19/2017,17.54,17.6,17.66,17.5,12.89M,-0.14%
12/18/2017,17.57,17.39,17.6,17.36,12.01M,1.15%
12/17/2017,17.37,17.33,17.47,17.28,8.14M,0.22%
12/14/2017,17.33,17.28,17.36,17.28,8.36M,0.52%
12/13/2017,17.24,17.33,17.33,17.2,5.81M,-0.33%
12/12/2017,17.3,17.2,17.31,17.14,11.14M,0.66%
12/11/2017,17.18,17.28,17.33,17.17,10.66M,-0.55%
12/10/2017,17.28,17.28,17.39,17.25,14.05M,0.05%
12/07/2017,17.27,17.28,17.31,17.2,7.47M,0.13%
12/06/2017,17.25,17.31,17.33,17.23,8.19M,-0.22%
12/05/2017,17.28,17.33,17.33,17.25,8.47M,-0.51%
12/04/2017,17.37,17.47,17.47,17.31,14.25M,-0.50%
12/03/2017,17.46,17.39,17.58,17.39,15.16M,0.91%
11/30/2017,17.3,17.25,17.41,17.23,14.47M,0.44%
11/29/2017,17.23,17.31,17.36,17.2,10.35M,-0.17%
11/28/2017,17.26,17.31,17.36,17.23,9.43M,-0.23%
11/27/2017,17.3,17.39,17.58,17.23,17.66M,-0.54%
11/26/2017,17.39,17.31,17.5,17.31,8.74M,0.56%
11/23/2017,17.3,17.12,17.31,17.12,13.44M,0.96%
11/22/2017,17.13,17.04,17.14,17.01,11.41M,0.89%
11/21/2017,16.98,16.9,17.04,16.74,7.80M,0.35%
11/20/2017,16.92,17.2,17.23,16.87,16.99M,-1.90%
11/19/2017,17.25,17.04,17.31,17.01,19.06M,1.29%
11/16/2017,17.03,17.01,17.06,16.93,9.19M,0.10%
11/15/2017,17.01,17.14,17.17,16.98,11.00M,-0.90%
11/14/2017,17.17,17.09,17.2,17.06,13.38M,0.32%
11/13/2017,17.11,17.06,17.14,16.98,12.96M,0.22%
11/12/2017,17.07,17.12,17.17,16.9,13.02M,-0.57%
11/09/2017,17.17,17.06,17.2,16.95,15.35M,0.51%
11/08/2017,17.08,17.31,17.36,16.85,33.52M,-1.31%
11/07/2017,17.31,17.44,17.52,16.79,31.30M,-0.96%
11/06/2017,17.48,17.5,17.55,17.2,30.32M,-0.49%
11/05/2017,17.57,17.47,17.6,17.14,16.50M,0.22%
11/02/2017,17.53,17.55,17.58,17.47,8.26M,-0.14%
11/01/2017,17.55,17.47,17.58,17.41,9.53M,0.73%
10/31/2017,17.43,17.5,17.5,17.25,14.84M,-0.20%
10/30/2017,17.46,17.63,17.69,17.41,9.50M,-0.62%
10/29/2017,17.57,17.55,17.63,17.52,8.91M,0.48%
10/26/2017,17.49,17.39,17.5,17.28,11.39M,0.36%
10/25/2017,17.42,17.6,17.63,17.39,7.97M,-0.26%
10/24/2017,17.47,17.33,17.6,17.14,20.87M,0.78%
10/23/2017,17.33,17.55,17.55,17.14,11.54M,-0.97%
10/22/2017,17.5,17.6,17.74,17.41,10.48M,-0.11%
10/19/2017,17.52,17.31,17.55,17.28,8.41M,1.20%
10/18/2017,17.31,17.39,17.44,17.2,9.48M,-0.27%
10/17/2017,17.36,17.25,17.44,17.14,13.29M,0.55%
10/16/2017,17.27,17.14,17.31,17.06,13.78M,1.14%
10/15/2017,17.07,17.25,17.28,17.04,8.91M,-0.96%
10/12/2017,17.24,17.12,17.28,17.01,148.63M,0.73%
10/11/2017,17.11,17.36,17.41,16.98,22.82M,-1.28%
10/10/2017,17.33,17.5,17.6,17.28,10.54M,-1.19%
10/09/2017,17.54,17.63,17.71,17.39,26.84M,-0.69%
10/08/2017,17.66,17.96,17.96,17.63,8.69M,-1.63%
10/05/2017,17.96,18.09,18.15,17.82,12.03M,-0.64%
10/04/2017,18.07,17.9,18.31,17.9,11.22M,1.03%
10/03/2017,17.89,17.77,18.01,17.74,9.82M,0.76%
10/02/2017,17.75,17.82,17.82,17.66,8.68M,-0.20%
10/01/2017,17.79,17.63,17.82,17.55,59.51M,-0.36%
09/28/2017,17.85,17.82,17.9,17.69,12.28M,0.64%
09/27/2017,17.74,17.93,17.96,17.55,16.98M,-0.70%
09/26/2017,17.86,17.9,18.06,17.82,43.49M,-0.11%
09/25/2017,17.88,18.42,18.42,17.85,12.29M,-2.73%
09/21/2017,18.38,18.34,18.47,18.31,5.23M,0.43%
09/20/2017,18.31,18.63,18.63,18.12,12.05M,-1.59%
09/19/2017,18.6,18.71,18.82,18.5,14.14M,-0.79%
09/18/2017,18.75,18.8,18.85,18.71,5.98M,-0.13%
09/17/2017,18.77,18.66,18.8,18.66,4.78M,1.05%
09/14/2017,18.58,18.61,18.69,18.5,5.87M,-0.22%
09/13/2017,18.62,18.47,18.69,18.39,7.93M,0.69%
09/12/2017,18.49,18.34,18.53,18.34,8.13M,0.66%
09/11/2017,18.37,18.23,18.39,18.15,6.70M,0.85%
09/10/2017,18.22,18.28,18.36,18.12,6.72M,-0.61%
09/07/2017,18.33,17.93,18.36,17.93,6.52M,0.16%
09/06/2017,18.3,18.12,18.34,18.12,8.46M,1.44%
08/29/2017,18.04,18.06,18.17,17.96,7.91M,-0.31%
08/28/2017,18.09,17.9,18.12,17.9,9.19M,1.12%
08/27/2017,17.89,17.98,18.12,17.88,5.18M,-0.44%
08/24/2017,17.97,18.09,18.17,17.9,7.82M,-0.30%
08/23/2017,18.03,17.88,18.23,17.88,16.19M,1.53%
08/22/2017,17.76,17.41,17.85,17.41,13.61M,1.90%
08/21/2017,17.43,17.39,17.5,17.33,7.79M,0.44%
08/20/2017,17.35,17.28,17.5,17.25,7.99M,0.85%
08/17/2017,17.2,17.01,17.23,17.01,9.97M,1.05%
08/16/2017,17.02,16.95,17.06,16.93,9.42M,0.48%
08/15/2017,16.94,16.93,17.04,16.93,7.37M,0.10%
08/14/2017,16.93,17.01,17.06,16.82,9.43M,-0.40%
08/13/2017,16.99,17.2,17.23,16.95,9.73M,-0.93%
08/10/2017,17.15,17.04,17.33,17.04,7.95M,0.52%
08/09/2017,17.07,17.2,17.41,17.01,10.80M,-0.47%
08/08/2017,17.15,17.06,17.2,17.04,9.92M,0.84%
08/07/2017,17.0,16.76,17.06,16.76,14.83M,1.41%
08/06/2017,16.77,16.79,16.87,16.74,7.77M,0.06%
08/03/2017,16.76,16.85,16.98,16.74,13.39M,-0.55%
08/02/2017,16.85,16.82,16.9,16.71,8.98M,0.29%
08/01/2017,16.8,16.82,16.93,16.76,14.18M,0.10%
07/31/2017,16.78,16.87,16.93,16.74,12.07M,-0.34%
07/30/2017,16.84,16.95,17.09,16.79,12.68M,-0.73%
07/27/2017,16.97,17.06,17.06,16.74,14.00M,-0.52%
07/26/2017,17.05,17.25,17.31,17.01,7.98M,-0.90%
07/25/2017,17.21,17.39,17.47,17.14,10.44M,-0.56%
07/24/2017,17.31,17.2,17.36,17.17,13.50M,0.61%
07/23/2017,17.2,17.33,17.36,17.17,10.21M,-0.77%
07/20/2017,17.33,17.47,17.58,17.31,10.18M,-0.78%
07/19/2017,17.47,17.5,17.55,17.31,11.95M,-1.60%
07/18/2017,17.75,17.88,17.96,17.74,10.52M,-0.49%
07/17/2017,17.84,18.01,18.01,17.82,9.52M,-0.90%
07/16/2017,18.0,17.96,18.09,17.93,8.66M,0.42%
07/13/2017,17.93,18.28,18.39,17.9,15.08M,1.35%
07/12/2017,17.69,17.66,17.82,17.66,9.80M,0.62%
07/11/2017,17.58,17.47,17.6,17.47,8.35M,0.73%
07/10/2017,17.45,17.33,17.66,17.33,13.14M,0.47%
07/09/2017,17.37,17.58,17.6,17.36,5.92M,-1.22%
07/06/2017,17.59,17.79,17.88,17.52,10.49M,-0.96%
07/05/2017,17.76,17.85,17.96,17.74,9.68M,-0.97%
07/04/2017,17.93,18.58,18.61,17.82,11.83M,-3.48%
07/03/2017,18.58,18.69,18.8,18.12,17.08M,-0.72%
07/02/2017,18.71,18.55,19.42,18.31,15.15M,-0.95%
06/22/2017,18.89,18.69,19.2,18.69,43.15M,0.10%
06/21/2017,18.87,17.44,19.07,17.44,55.62M,8.82%
06/20/2017,17.34,17.66,17.77,17.23,17.81M,-1.82%
06/19/2017,17.66,16.85,17.71,16.85,20.62M,5.07%
06/18/2017,16.81,16.63,16.85,16.52,8.52M,1.07%
06/15/2017,16.63,16.82,16.85,16.58,9.72M,-1.03%
06/14/2017,16.81,16.79,16.87,16.76,11.44M,0.03%
06/13/2017,16.8,16.76,16.82,16.68,8.33M,0.29%
06/12/2017,16.75,16.85,16.87,16.71,8.28M,-0.23%
06/11/2017,16.79,16.87,16.93,16.74,9.20M,-0.47%
06/08/2017,16.87,17.17,17.25,16.82,11.55M,-2.06%
06/07/2017,17.22,17.12,17.28,17.06,10.17M,0.44%
06/06/2017,17.15,17.04,17.33,16.98,13.24M,0.56%
06/05/2017,17.05,16.87,17.17,16.79,14.68M,0.90%
06/04/2017,16.9,16.93,16.93,16.74,10.32M,0.06%
06/01/2017,16.89,16.79,16.99,16.79,9.75M,0.16%
05/31/2017,16.86,16.79,16.99,16.72,10.95M,0.63%
05/30/2017,16.76,16.79,16.93,16.72,8.33M,-0.21%
05/29/2017,16.79,16.86,16.93,16.72,11.58M,-0.58%
05/28/2017,16.89,16.93,16.99,16.86,8.27M,0.11%
05/25/2017,16.87,16.93,17.06,16.86,12.62M,0.31%
05/24/2017,16.82,16.93,16.99,16.79,8.00M,-0.70%
05/23/2017,16.94,16.99,17.06,16.86,7.96M,-0.68%
05/22/2017,17.05,17.06,17.06,16.99,3.95M,0.54%
05/21/2017,16.96,16.93,17.06,16.93,6.07M,0.59%
05/18/2017,16.86,16.86,16.99,16.79,10.68M,-0.18%
05/17/2017,16.89,17.06,17.06,16.86,8.47M,-0.64%
05/16/2017,17.0,16.86,17.06,16.79,10.32M,1.21%
05/15/2017,16.8,16.79,16.93,16.72,11.44M,-0.39%
05/14/2017,16.86,16.99,17.06,16.79,5.49M,-0.59%
05/11/2017,16.96,17.06,17.13,16.93,5.53M,-0.73%
05/10/2017,17.09,17.06,17.2,16.99,5.18M,0.00%
05/09/2017,17.09,16.86,17.2,16.79,6.67M,1.74%
05/08/2017,16.8,16.86,16.93,16.72,5.16M,-0.08%
05/07/2017,16.81,16.79,16.93,16.79,4.55M,-0.45%
05/04/2017,16.89,17.06,17.06,16.86,5.28M,-0.72%
05/03/2017,17.01,17.06,17.13,16.99,2.92M,-0.29%
05/02/2017,17.06,16.99,17.2,16.99,6.55M,0.00%
05/01/2017,17.06,17.13,17.27,16.99,11.58M,-0.14%
04/30/2017,17.08,17.13,17.2,17.06,4.65M,-0.05%
04/27/2017,17.09,17.13,17.13,16.99,4.55M,0.33%
04/26/2017,17.04,16.86,17.13,16.86,4.78M,0.95%
04/25/2017,16.88,17.06,17.13,16.79,6.04M,-1.42%
04/24/2017,17.12,17.2,17.2,16.99,4.73M,-0.06%
04/23/2017,17.13,17.6,17.6,17.06,10.92M,-0.60%
04/20/2017,17.23,17.27,17.33,17.13,4.93M,-0.17%
04/19/2017,17.26,17.33,17.33,17.2,5.92M,0.28%
04/18/2017,17.21,17.54,17.54,17.2,6.12M,-1.46%
04/17/2017,17.47,17.6,17.67,17.4,6.15M,0.06%
04/16/2017,17.46,17.67,17.67,17.33,11.29M,-1.99%
04/13/2017,17.81,17.88,18.15,17.74,7.99M,-0.12%
04/12/2017,17.83,17.6,17.94,17.6,6.64M,1.43%
04/11/2017,17.58,17.54,17.67,17.54,4.48M,0.59%
04/10/2017,17.48,17.33,17.6,17.33,7.06M,0.92%
04/09/2017,17.32,17.33,17.47,17.27,5.15M,0.27%
04/06/2017,17.27,17.27,17.33,17.2,8.61M,0.27%
04/05/2017,17.23,17.06,17.33,17.06,9.62M,0.81%
04/04/2017,17.09,17.06,17.2,16.99,5.62M,0.13%
04/03/2017,17.07,17.13,17.27,17.06,5.77M,-0.62%
04/02/2017,17.17,17.33,17.4,17.13,4.88M,-0.67%
03/30/2017,17.29,17.27,17.4,17.2,8.64M,0.60%
03/29/2017,17.19,17.13,17.27,17.06,9.39M,0.60%
03/28/2017,17.08,17.06,17.13,16.99,7.74M,0.30%
03/27/2017,17.03,17.06,17.13,16.99,8.30M,-0.33%
03/26/2017,17.09,17.33,17.47,16.99,9.22M,-1.30%
03/23/2017,17.31,17.13,17.33,17.13,5.12M,1.46%
03/22/2017,17.07,16.93,17.2,16.86,6.08M,-0.06%
03/21/2017,17.08,17.27,17.27,17.06,8.87M,-0.97%
03/20/2017,17.24,17.47,17.47,17.2,10.87M,-3.24%
03/19/2017,17.82,17.6,17.88,17.6,5.99M,1.70%
03/16/2017,17.52,17.33,17.67,17.33,11.70M,1.47%
03/15/2017,17.27,17.13,17.33,17.13,10.73M,1.09%
03/14/2017,17.08,16.99,17.13,16.99,5.68M,0.38%
03/13/2017,17.02,17.06,17.2,16.99,8.00M,0.08%
03/12/2017,17.0,17.06,17.2,16.99,6.19M,-0.32%
03/09/2017,17.06,16.93,17.13,16.86,7.97M,0.21%
03/08/2017,17.02,17.2,17.2,16.99,6.25M,-1.07%
03/07/2017,17.21,17.27,17.33,17.13,9.00M,0.08%
03/06/2017,17.19,17.2,17.27,17.06,5.36M,0.03%
03/05/2017,17.19,17.33,17.33,17.13,4.58M,-0.45%
03/02/2017,17.27,17.33,17.4,17.27,6.57M,0.09%
03/01/2017,17.25,17.4,17.47,17.2,8.02M,-0.81%
02/28/2017,17.39,17.4,17.47,17.2,5.17M,-0.50%
02/27/2017,17.48,17.54,17.67,17.47,5.78M,-0.45%
02/26/2017,17.56,17.6,17.67,17.54,4.72M,-0.23%
02/23/2017,17.6,17.54,17.6,17.47,4.06M,0.23%
02/22/2017,17.56,17.6,17.67,17.47,7.70M,-0.05%
02/21/2017,17.56,17.54,17.67,17.47,3.40M,0.05%
02/20/2017,17.56,17.74,17.81,17.54,7.91M,-1.05%
02/19/2017,17.74,17.74,18.01,17.74,5.83M,0.05%
02/16/2017,17.73,17.67,17.74,17.6,6.52M,0.75%
02/15/2017,17.6,17.54,17.74,17.47,8.56M,0.34%
02/14/2017,17.54,17.6,17.67,17.54,5.56M,-0.35%
02/13/2017,17.6,17.6,17.67,17.54,3.54M,-0.03%
02/12/2017,17.61,17.67,17.81,17.54,6.47M,0.00%
02/09/2017,17.61,17.81,17.88,17.6,6.22M,-0.75%
02/08/2017,17.74,17.67,17.88,17.54,10.03M,-0.06%
02/07/2017,17.75,17.88,17.94,17.67,9.06M,-0.76%
02/06/2017,17.89,17.88,18.01,17.74,5.24M,0.32%
02/05/2017,17.83,18.15,18.15,17.74,5.98M,-1.23%
02/02/2017,18.05,18.01,18.21,17.94,7.21M,0.30%
02/01/2017,18.0,17.94,18.21,17.94,9.47M,-0.05%
01/31/2017,18.01,18.08,18.15,17.88,7.11M,-0.46%
01/30/2017,18.09,18.01,18.28,18.01,7.65M,0.48%
01/29/2017,18.01,17.6,18.21,17.6,11.80M,2.23%
01/26/2017,17.61,17.67,17.81,17.6,10.54M,-0.31%
01/25/2017,17.67,17.4,17.81,17.4,9.13M,0.87%
01/24/2017,17.51,17.4,17.74,17.4,10.31M,0.48%
01/23/2017,17.43,17.13,17.47,17.13,8.23M,2.03%
01/22/2017,17.08,17.13,17.2,16.99,5.64M,0.11%
01/19/2017,17.07,17.06,17.13,16.99,5.59M,0.51%
01/18/2017,16.98,16.86,16.99,16.79,6.10M,0.61%
01/17/2017,16.88,16.86,16.93,16.79,5.52M,0.18%
01/16/2017,16.85,16.99,16.99,16.79,5.94M,-0.80%
01/15/2017,16.98,16.99,17.06,16.93,4.86M,0.19%
01/12/2017,16.95,16.79,16.99,16.79,3.75M,0.56%
01/11/2017,16.85,17.06,17.06,16.79,8.61M,-0.99%
01/10/2017,17.02,17.06,17.13,16.99,6.70M,-0.59%
01/09/2017,17.12,16.93,17.13,16.86,11.40M,1.05%
01/08/2017,16.94,16.99,17.06,16.86,4.99M,-0.60%
01/05/2017,17.05,16.99,17.13,16.99,9.65M,-0.05%
01/04/2017,17.05,17.06,17.13,16.99,4.88M,-0.14%
01/03/2017,17.08,17.06,17.13,16.99,7.82M,0.10%
01/02/2017,17.06,17.06,17.13,16.99,10.18M,0.19%
01/01/2017,17.03,17.06,17.13,16.99,4.37M,-0.33%
12/29/2016,17.09,17.06,17.13,16.93,9.51M,0.13%
12/28/2016,17.07,17.13,17.13,16.99,13.80M,-0.19%
12/27/2016,17.1,17.06,17.2,16.99,11.48M,0.21%
12/26/2016,17.06,17.13,17.2,16.99,5.91M,-0.40%
12/25/2016,17.13,17.2,17.33,17.06,12.31M,0.33%
12/22/2016,17.07,17.13,17.2,17.06,10.22M,-0.22%
12/21/2016,17.11,17.13,17.2,17.06,3.90M,0.24%
12/20/2016,17.07,17.13,17.2,17.06,6.22M,-0.38%
12/19/2016,17.14,17.13,17.27,17.13,3.76M,0.29%
12/18/2016,17.09,17.33,17.4,17.06,9.63M,-1.30%
12/15/2016,17.31,17.4,17.6,17.27,13.98M,0.69%
12/14/2016,17.19,17.2,17.27,17.06,8.18M,0.00%
12/13/2016,17.19,17.06,17.2,16.99,8.83M,0.73%
12/12/2016,17.07,17.27,17.27,17.06,11.33M,-0.74%
12/11/2016,17.19,17.13,17.27,17.13,7.71M,0.41%
12/08/2016,17.12,17.13,17.2,17.06,7.84M,0.27%
12/07/2016,17.08,17.2,17.27,17.06,6.02M,-0.77%
12/06/2016,17.21,17.13,17.27,17.13,7.09M,0.24%
12/05/2016,17.17,17.33,17.33,16.99,9.55M,-0.89%
12/04/2016,17.32,17.33,17.6,17.27,7.05M,0.06%
12/01/2016,17.31,17.2,17.33,17.2,9.81M,0.79%
11/30/2016,17.18,17.06,17.27,17.06,10.24M,0.63%
11/29/2016,17.07,17.13,17.27,16.99,7.34M,-0.69%
11/28/2016,17.19,17.13,17.2,17.13,4.47M,0.33%
11/27/2016,17.13,17.06,17.27,16.99,6.76M,0.35%
11/24/2016,17.07,17.13,17.47,17.06,15.72M,-0.33%
11/23/2016,17.13,17.06,17.33,16.93,13.01M,0.22%
11/22/2016,17.09,16.93,17.13,16.86,6.96M,1.11%
11/21/2016,16.9,16.93,17.06,16.86,4.32M,-0.22%
11/20/2016,16.94,16.99,17.13,16.86,3.03M,-0.38%
11/17/2016,17.01,17.13,17.13,16.79,9.23M,-0.57%
11/16/2016,17.1,16.99,17.2,16.99,11.13M,1.04%
11/15/2016,16.93,16.86,17.13,16.05,20.46M,-0.90%
11/14/2016,17.08,17.06,17.2,16.99,16.29M,0.10%
11/13/2016,17.07,16.99,17.33,16.99,10.29M,0.03%
11/10/2016,17.06,16.79,17.13,16.79,18.98M,1.70%
11/09/2016,16.78,16.11,16.86,15.91,27.58M,0.19%
11/08/2016,16.74,16.11,16.99,16.11,26.46M,3.86%
11/07/2016,16.12,15.84,16.18,15.78,12.53M,2.08%
11/06/2016,15.79,15.57,15.84,15.57,9.06M,1.07%
11/03/2016,15.62,15.51,15.64,15.44,5.83M,0.79%
11/02/2016,15.5,15.37,15.64,15.37,8.38M,0.69%
11/01/2016,15.4,15.3,15.51,15.3,5.01M,0.44%
10/31/2016,15.33,15.37,15.44,15.23,8.68M,0.07%
10/30/2016,15.32,15.17,15.44,15.1,9.45M,0.89%
10/27/2016,15.18,15.03,15.3,14.9,6.95M,1.03%
10/26/2016,15.03,14.9,15.1,14.76,6.26M,0.49%
10/25/2016,14.96,14.56,15.1,14.56,7.26M,2.24%
10/24/2016,14.63,14.56,14.69,14.49,7.20M,0.28%
10/23/2016,14.59,14.56,14.63,14.49,5.44M,0.69%
10/20/2016,14.49,14.08,14.63,14.08,14.06M,2.85%
10/19/2016,14.09,14.02,14.15,14.02,4.00M,0.35%
10/18/2016,14.04,13.95,14.15,13.95,9.35M,0.68%
10/17/2016,13.94,13.81,14.08,13.74,8.71M,0.37%
10/16/2016,13.89,13.95,14.15,13.74,6.42M,-0.31%
10/13/2016,13.93,14.08,14.29,13.88,5.60M,-1.06%
10/12/2016,14.08,13.74,14.29,13.74,7.42M,1.96%
10/11/2016,13.81,13.49,14.02,13.49,7.44M,2.86%
10/10/2016,13.43,13.33,13.46,13.16,13.19M,0.36%
10/09/2016,13.38,14.02,14.15,13.33,9.95M,-4.63%
10/06/2016,14.03,14.15,14.15,14.02,7.07M,-0.79%
10/05/2016,14.14,14.08,14.29,13.95,7.37M,0.99%
10/04/2016,14.0,13.61,14.08,13.61,11.73M,3.44%
10/03/2016,13.54,13.68,14.02,13.46,12.87M,-1.61%
10/02/2016,13.76,14.02,14.08,13.74,7.09M,-1.55%
09/29/2016,13.98,13.54,14.08,13.46,10.84M,3.93%
09/28/2016,13.45,14.22,14.35,13.3,11.47M,-5.64%
09/27/2016,14.25,14.42,14.63,14.22,6.78M,-3.48%
09/26/2016,14.77,14.69,15.03,14.63,7.66M,1.30%
09/25/2016,14.58,14.49,14.63,14.29,7.04M,0.79%
09/21/2016,14.46,14.83,14.9,14.35,13.90M,-2.54%
09/20/2016,14.84,15.1,15.23,14.69,11.92M,-2.11%
09/19/2016,15.16,15.57,15.64,15.1,4.98M,-2.34%
09/18/2016,15.52,15.57,15.64,15.44,3.00M,-0.43%
09/08/2016,15.59,15.57,15.71,15.51,4.53M,0.44%
09/07/2016,15.52,15.57,15.64,15.51,5.09M,-0.16%
09/06/2016,15.55,15.57,15.71,15.51,5.20M,-0.24%
09/05/2016,15.58,15.57,15.64,15.51,6.79M,0.17%
09/04/2016,15.56,15.37,15.71,15.37,7.03M,1.36%
09/01/2016,15.35,15.37,15.44,15.23,6.60M,0.28%
08/31/2016,15.3,15.3,15.44,15.3,6.29M,-0.37%
08/30/2016,15.36,15.1,15.44,15.03,6.73M,2.05%
08/29/2016,15.05,14.83,15.17,14.83,6.34M,1.20%
08/28/2016,14.87,14.56,14.96,14.56,6.01M,1.99%
08/25/2016,14.58,14.83,14.83,14.22,10.77M,-1.59%
08/24/2016,14.82,14.96,15.1,14.76,7.74M,-1.23%
08/23/2016,15.0,15.03,15.1,14.9,8.71M,0.14%
08/22/2016,14.98,15.1,15.1,14.83,6.70M,-1.28%
08/21/2016,15.18,15.3,15.44,15.17,4.46M,-0.66%
08/18/2016,15.28,15.3,15.44,14.96,6.02M,-0.32%
08/17/2016,15.33,15.51,15.57,15.3,4.68M,-1.17%
08/16/2016,15.51,15.64,15.64,15.51,3.99M,-0.62%
08/15/2016,15.61,15.64,15.71,15.51,5.86M,-0.26%
08/14/2016,15.65,15.64,15.71,15.57,3.83M,0.42%
08/11/2016,15.58,15.71,15.71,15.57,4.36M,-0.76%
08/10/2016,15.7,15.78,15.78,15.64,4.28M,-0.38%
08/09/2016,15.76,15.57,15.84,15.57,6.05M,1.18%
08/08/2016,15.58,15.57,15.71,15.51,6.24M,0.17%
08/07/2016,15.55,15.57,15.71,15.51,6.72M,-0.05%
08/04/2016,15.56,15.51,15.64,15.44,5.63M,0.61%
08/03/2016,15.46,15.51,15.57,15.44,5.27M,-0.40%
08/02/2016,15.52,15.78,15.84,15.44,6.37M,-1.70%
08/01/2016,15.79,15.51,15.84,15.51,5.97M,1.80%
07/31/2016,15.51,15.23,15.71,15.23,6.90M,1.31%
07/28/2016,15.31,15.51,15.64,15.23,8.50M,-1.02%
07/27/2016,15.47,15.71,15.78,15.44,6.14M,-1.52%
07/26/2016,15.71,15.78,15.91,15.71,5.11M,-0.34%
07/25/2016,15.76,15.91,15.98,15.71,4.32M,-1.26%
07/24/2016,15.96,16.11,16.11,15.91,3.48M,-0.51%
07/21/2016,16.04,16.05,16.11,15.98,5.28M,0.39%
07/20/2016,15.98,16.05,16.18,15.98,4.69M,-0.62%
07/19/2016,16.08,16.18,16.25,15.98,6.95M,0.08%
07/18/2016,16.07,16.11,16.11,16.05,5.02M,0.12%
07/17/2016,16.05,16.11,16.18,16.05,4.91M,0.00%
07/14/2016,16.05,16.11,16.25,15.98,7.43M,-0.37%
07/13/2016,16.11,16.05,16.11,15.98,5.95M,0.78%
07/12/2016,15.98,16.05,16.11,15.98,5.62M,-0.08%
07/11/2016,16.0,15.98,16.11,15.91,3.99M,0.00%
07/10/2016,15.99,16.05,16.18,15.91,4.96M,1.04%
06/30/2016,15.83,15.78,15.84,15.71,6.83M,0.55%
06/29/2016,15.74,15.64,15.91,15.64,7.01M,0.82%
06/28/2016,15.61,15.37,15.71,15.3,6.02M,2.23%
06/27/2016,15.27,15.71,15.84,15.23,7.84M,-2.61%
06/26/2016,15.68,14.35,15.78,14.35,8.71M,-0.87%
06/23/2016,15.82,15.84,16.05,15.71,11.49M,-0.05%
06/22/2016,15.83,15.98,16.05,15.78,5.07M,-0.27%
06/21/2016,15.87,15.91,15.98,15.84,4.59M,0.22%
06/20/2016,15.84,15.78,15.91,15.78,3.82M,0.71%
06/19/2016,15.72,15.98,16.05,15.71,7.93M,-0.57%
06/16/2016,15.81,16.05,16.18,15.78,5.61M,-2.00%
06/15/2016,16.14,16.11,16.25,16.05,4.74M,-0.10%
06/14/2016,16.15,15.98,16.18,15.98,6.14M,1.10%
06/13/2016,15.98,15.78,16.05,15.78,5.64M,0.92%
06/12/2016,15.83,15.84,15.91,15.78,3.54M,-0.17%
06/09/2016,15.86,15.91,15.98,15.78,5.67M,0.05%
06/08/2016,15.85,15.78,15.98,15.78,5.40M,0.60%
06/07/2016,15.75,15.71,15.78,15.64,4.29M,0.31%
06/06/2016,15.71,15.64,15.78,15.64,4.50M,0.36%
06/05/2016,15.65,15.84,15.98,15.64,7.54M,-0.91%
06/02/2016,15.79,15.84,15.98,15.78,5.55M,-0.12%
06/01/2016,15.81,15.84,15.91,15.78,6.25M,0.05%
05/31/2016,15.8,15.78,15.91,15.78,4.35M,0.53%
05/30/2016,15.72,15.57,15.84,15.57,4.99M,0.85%
05/29/2016,15.59,15.71,15.84,15.51,5.57M,-0.60%
05/26/2016,15.68,15.98,16.11,15.64,8.50M,-1.40%
05/25/2016,15.9,15.78,16.11,15.78,7.01M,1.05%
05/24/2016,15.74,15.44,15.78,15.37,4.29M,1.82%
05/23/2016,15.46,15.78,15.78,15.3,6.29M,-1.99%
05/22/2016,15.77,15.98,16.11,15.71,4.43M,-1.36%
05/19/2016,15.99,16.11,16.18,15.98,6.19M,-0.99%
05/18/2016,16.15,16.18,16.18,16.11,4.94M,-0.03%
05/17/2016,16.15,16.18,16.25,16.11,7.01M,0.18%
05/16/2016,16.12,16.11,16.18,16.05,4.72M,0.32%
05/15/2016,16.07,16.05,16.25,16.05,4.25M,-0.05%
05/12/2016,16.08,16.11,16.25,16.05,5.35M,0.00%
05/11/2016,16.08,16.11,16.18,16.05,5.33M,0.15%
05/10/2016,16.05,16.05,16.25,15.91,6.69M,-0.40%
05/09/2016,16.12,15.98,16.18,15.91,6.41M,0.92%
05/08/2016,15.97,15.91,16.11,15.84,8.13M,1.17%
05/05/2016,15.79,15.71,16.05,15.71,12.08M,0.99%
05/04/2016,15.63,15.44,15.98,15.44,7.47M,-0.59%
05/03/2016,15.72,16.05,16.18,15.71,6.10M,-1.81%
05/02/2016,16.01,16.11,16.18,15.71,7.35M,-0.84%
05/01/2016,16.15,16.32,16.45,16.05,6.68M,-1.19%
04/28/2016,16.34,16.45,16.45,16.32,5.80M,-0.41%
04/27/2016,16.41,16.32,16.52,16.32,7.84M,0.80%
04/26/2016,16.28,16.93,16.93,16.25,8.72M,-2.86%
04/25/2016,16.76,16.25,16.99,16.11,27.81M,3.77%
04/24/2016,16.15,15.98,16.25,15.91,9.79M,1.43%
04/21/2016,15.93,15.78,16.11,15.78,8.18M,0.87%
04/20/2016,15.79,15.91,15.98,15.78,6.89M,-0.46%
04/19/2016,15.86,15.71,15.98,15.71,13.09M,1.95%
04/18/2016,15.56,15.51,15.71,15.37,7.53M,0.03%
04/17/2016,15.55,15.51,15.84,15.44,14.48M,1.18%
04/14/2016,15.37,14.96,15.44,14.9,8.11M,2.96%
04/13/2016,14.93,14.9,15.03,14.76,8.03M,1.06%
04/12/2016,14.77,14.49,14.9,14.49,8.36M,1.72%
04/11/2016,14.52,14.56,14.69,14.49,4.66M,-0.41%
04/10/2016,14.58,14.35,14.63,14.35,7.29M,2.01%
04/07/2016,14.29,14.35,14.42,14.29,5.31M,0.30%
04/06/2016,14.25,14.35,14.42,14.22,6.42M,-0.38%
04/05/2016,14.31,14.35,14.42,14.29,5.47M,-0.43%
04/04/2016,14.37,13.95,14.56,13.95,7.10M,3.01%
04/03/2016,13.95,14.02,14.02,13.54,8.64M,-0.73%
03/31/2016,14.05,14.15,14.29,14.02,8.05M,-1.18%
03/30/2016,14.22,14.15,14.35,14.15,6.35M,0.85%
03/29/2016,14.1,14.49,14.49,13.95,6.12M,-2.91%
03/28/2016,14.52,14.63,14.63,14.49,4.90M,-0.15%
03/27/2016,14.54,14.63,14.76,14.49,6.52M,-0.19%
03/24/2016,14.57,14.69,14.76,14.56,5.02M,-0.83%
03/23/2016,14.69,14.63,14.83,14.63,5.25M,0.43%
03/22/2016,14.63,14.63,14.76,14.63,5.16M,0.15%
03/21/2016,14.61,14.63,14.83,14.56,7.05M,0.35%
03/20/2016,14.56,14.56,14.76,14.56,5.13M,0.17%
03/17/2016,14.53,14.35,14.56,14.35,6.60M,2.09%
03/16/2016,14.24,14.15,14.29,14.08,6.10M,0.77%
03/15/2016,14.13,14.15,14.22,14.08,6.25M,-0.17%
03/14/2016,14.15,14.15,14.29,14.15,4.46M,-0.19%
03/13/2016,14.18,14.35,14.35,14.02,6.05M,-0.68%
03/10/2016,14.28,14.35,14.42,14.15,7.57M,-0.40%
03/09/2016,14.33,14.42,14.49,14.29,5.56M,-0.68%
03/08/2016,14.43,14.42,14.63,14.35,8.21M,0.36%
03/07/2016,14.38,14.49,14.56,14.35,6.74M,-0.09%
03/06/2016,14.39,14.49,14.63,14.35,8.70M,1.51%
03/03/2016,14.18,14.15,14.29,14.08,4.83M,-0.55%
03/02/2016,14.26,14.63,14.69,14.22,6.57M,-2.55%
03/01/2016,14.63,14.56,14.76,14.56,4.94M,0.11%
02/29/2016,14.61,14.83,14.9,14.56,8.12M,-1.51%
02/28/2016,14.84,14.9,14.9,14.76,8.23M,0.74%
02/25/2016,14.73,14.63,14.83,14.56,8.59M,0.93%
02/24/2016,14.6,14.69,14.69,14.56,7.21M,-0.11%
02/23/2016,14.61,14.63,14.69,14.56,7.68M,0.30%
02/22/2016,14.57,14.49,14.63,14.49,6.42M,0.73%
02/21/2016,14.46,14.42,14.49,14.29,7.40M,0.75%
02/18/2016,14.35,14.29,14.49,14.29,7.57M,0.89%
02/17/2016,14.23,14.22,14.35,14.22,7.26M,0.00%
02/16/2016,14.22,14.22,14.42,14.15,14.51M,0.86%
02/15/2016,14.1,13.95,14.29,13.95,13.12M,1.90%
02/14/2016,13.84,13.95,14.29,13.74,10.81M,0.33%
02/11/2016,13.79,13.74,13.88,13.74,13.45M,0.00%
02/10/2016,13.79,13.88,13.95,13.68,9.74M,-1.09%
02/09/2016,13.95,13.95,14.02,13.81,10.50M,0.00%
02/08/2016,13.95,13.74,14.08,13.74,10.84M,1.72%
02/07/2016,13.71,13.61,13.81,13.54,9.59M,0.12%
02/04/2016,13.69,13.54,13.88,13.54,12.84M,2.31%
02/03/2016,13.38,13.24,13.43,13.24,8.18M,1.17%
02/02/2016,13.23,13.33,13.33,13.22,8.26M,-0.91%
02/01/2016,13.35,13.33,13.43,13.27,8.77M,-0.62%
01/31/2016,13.44,13.27,13.51,13.27,9.26M,3.08%
01/28/2016,13.04,12.95,13.11,12.92,12.67M,1.26%
01/27/2016,12.87,12.89,13.03,12.86,13.09M,0.61%
01/26/2016,12.79,12.76,12.89,12.62,11.42M,-1.52%
01/25/2016,12.99,13.14,13.14,12.84,11.27M,-0.70%
01/24/2016,13.08,13.46,13.49,13.0,20.19M,6.50%
01/21/2016,12.29,12.46,12.46,12.11,18.44M,-2.43%
01/20/2016,12.59,12.73,12.81,12.57,12.08M,-2.94%
01/19/2016,12.97,13.0,13.16,12.84,17.74M,1.98%
01/18/2016,12.72,12.92,13.11,12.57,11.94M,-1.18%
01/17/2016,12.87,12.95,12.97,12.19,10.61M,-2.38%
01/14/2016,13.19,13.41,13.51,13.11,9.59M,-1.87%
01/13/2016,13.44,13.61,13.81,13.35,7.00M,-0.48%
01/12/2016,13.5,13.3,13.88,13.14,9.76M,0.00%
01/11/2016,13.5,13.14,13.54,13.03,15.42M,2.13%
01/10/2016,13.22,13.54,13.81,13.11,11.13M,-2.36%
01/07/2016,13.54,13.81,14.08,13.43,13.72M,-5.20%
01/06/2016,14.28,14.76,14.9,14.02,15.90M,-2.96%
01/05/2016,14.72,14.49,14.76,14.42,14.38M,2.18%
01/04/2016,14.4,14.35,14.96,14.35,14.59M,0.00%
01/03/2016,14.4,14.08,14.49,14.08,7.43M,2.09%
12/31/2015,14.11,14.02,14.22,13.95,7.55M,0.33%
12/30/2015,14.06,14.35,14.63,14.02,10.46M,-1.31%
12/29/2015,14.25,13.88,14.35,13.61,20.47M,-0.38%
12/28/2015,14.3,14.08,14.49,14.08,11.13M,1.69%
12/27/2015,14.06,14.02,14.15,13.88,7.69M,0.72%
12/24/2015,13.96,13.88,14.15,13.88,9.91M,1.06%
12/23/2015,13.82,14.22,14.29,13.68,7.98M,-2.43%
12/22/2015,14.16,13.95,14.29,13.95,13.13M,2.05%
12/21/2015,13.88,14.02,14.15,13.81,8.07M,-0.87%
12/20/2015,14.0,14.42,14.42,13.95,11.62M,-3.53%
12/17/2015,14.51,13.95,14.69,13.88,33.09M,6.08%
12/16/2015,13.68,13.16,13.88,13.16,21.18M,4.77%
12/15/2015,13.06,12.86,13.16,12.86,9.62M,1.79%
12/14/2015,12.83,12.81,12.95,12.81,10.88M,0.32%
12/13/2015,12.79,12.81,12.84,12.62,9.07M,-2.26%
12/10/2015,13.08,13.05,13.19,13.05,9.94M,-0.04%
12/09/2015,13.09,13.05,13.19,13.03,11.59M,0.23%
12/08/2015,13.06,13.24,13.24,12.92,14.94M,-2.35%
12/07/2015,13.37,13.49,13.51,13.35,7.91M,-0.80%
12/06/2015,13.48,13.54,13.61,13.46,9.89M,-0.90%
12/03/2015,13.6,13.74,13.74,13.54,12.62M,-1.01%
12/02/2015,13.74,13.81,13.81,13.68,14.51M,-0.06%
12/01/2015,13.75,13.61,13.81,13.61,13.22M,0.97%
11/30/2015,13.61,13.74,13.74,13.54,10.29M,-0.48%
11/29/2015,13.68,13.74,13.88,13.61,9.04M,-0.41%
11/26/2015,13.74,13.68,13.88,13.68,13.41M,0.18%
11/25/2015,13.71,13.81,13.88,13.68,10.25M,-0.24%
11/24/2015,13.74,13.81,13.95,13.74,10.63M,0.20%
11/23/2015,13.72,13.95,13.95,13.68,9.89M,-1.61%
11/22/2015,13.94,13.81,14.15,13.81,11.74M,1.68%
11/19/2015,13.71,13.61,13.81,13.54,12.41M,1.36%
11/18/2015,13.53,13.51,13.61,13.49,9.18M,0.18%
11/17/2015,13.5,13.74,13.81,13.49,9.31M,-1.33%
11/16/2015,13.69,13.61,13.81,13.61,12.85M,0.48%
11/15/2015,13.62,13.74,13.81,13.61,7.10M,-1.99%
11/12/2015,13.9,13.95,14.08,13.88,7.78M,-0.50%
11/11/2015,13.97,13.68,14.08,13.54,14.92M,2.89%
11/10/2015,13.57,13.81,13.95,13.54,10.27M,-1.38%
11/09/2015,13.76,13.61,13.88,13.49,12.87M,1.54%
11/08/2015,13.56,13.74,13.81,13.49,10.95M,-1.40%
11/05/2015,13.75,14.02,14.02,13.74,6.01M,-1.65%
11/04/2015,13.98,13.68,14.02,13.54,19.16M,3.24%
11/03/2015,13.54,13.81,13.95,13.49,14.02M,-1.88%
11/02/2015,13.8,13.88,14.15,13.74,10.21M,-0.20%
11/01/2015,13.83,13.95,13.95,13.74,7.31M,-1.01%
10/29/2015,13.97,14.02,14.08,13.88,11.79M,0.98%
10/28/2015,13.83,13.95,14.02,13.74,14.76M,-0.68%
10/27/2015,13.93,14.35,14.42,13.81,13.14M,-3.09%
10/26/2015,14.37,14.22,14.42,14.08,9.26M,0.95%
10/25/2015,14.24,14.69,14.69,14.08,10.30M,-2.32%
10/22/2015,14.57,14.76,14.96,14.15,11.84M,-1.66%
10/21/2015,14.82,15.17,15.3,14.76,8.28M,-3.08%
10/20/2015,15.29,15.57,15.71,15.23,6.89M,-1.93%
10/19/2015,15.59,15.71,15.78,15.57,8.37M,-1.08%
10/18/2015,15.76,15.57,15.91,15.57,10.51M,1.69%
10/15/2015,15.5,15.44,15.57,15.3,9.08M,0.74%
10/14/2015,15.39,15.17,15.44,15.1,9.08M,1.48%
10/13/2015,15.16,14.9,15.23,14.83,9.98M,0.72%
10/12/2015,15.05,15.1,15.17,15.03,5.77M,0.07%
10/11/2015,15.04,14.96,15.23,14.96,8.58M,1.39%
10/08/2015,14.84,14.9,15.03,14.76,6.50M,0.07%
10/07/2015,14.83,14.63,15.03,14.63,10.71M,1.82%
10/06/2015,14.56,14.63,14.69,14.56,4.98M,-0.17%
10/05/2015,14.58,14.42,14.63,14.35,4.57M,1.55%
10/04/2015,14.36,14.29,14.42,14.22,4.25M,0.72%
10/01/2015,14.26,14.9,14.96,14.15,10.73M,-4.26%
09/30/2015,14.89,14.96,15.03,14.83,6.99M,0.16%
09/29/2015,14.87,14.9,14.96,14.69,6.46M,-1.95%
09/21/2015,15.16,14.96,15.23,14.96,11.07M,1.12%
09/20/2015,15.0,15.03,15.1,14.69,10.46M,-0.38%
09/17/2015,15.05,15.23,15.37,14.96,18.15M,-0.86%
09/16/2015,15.18,15.37,15.51,15.1,11.69M,-0.23%
09/15/2015,15.22,14.9,15.37,14.76,9.80M,1.43%
09/14/2015,15.0,15.1,15.17,14.83,11.13M,-0.86%
09/13/2015,15.13,15.51,15.78,15.1,10.45M,-1.84%
09/10/2015,15.42,15.3,15.64,15.23,13.28M,-0.37%
09/09/2015,15.48,15.3,15.57,15.17,13.67M,2.83%
09/08/2015,15.05,15.03,15.17,14.9,8.38M,0.69%
09/07/2015,14.95,14.56,15.03,14.56,11.47M,2.68%
09/06/2015,14.56,14.15,14.69,14.02,10.71M,2.28%
09/03/2015,14.23,14.29,14.35,14.02,14.95M,1.31%
09/02/2015,14.05,14.08,14.15,13.61,14.84M,-2.10%
09/01/2015,14.35,14.69,14.69,14.22,10.46M,-1.23%
08/31/2015,14.53,14.83,14.9,14.49,9.92M,-2.67%
08/30/2015,14.93,15.3,15.71,14.83,16.02M,0.90%
08/27/2015,14.79,15.23,15.57,14.69,19.75M,1.24%
08/26/2015,14.61,15.1,15.3,14.56,19.31M,-5.40%
08/25/2015,15.45,14.35,15.57,14.22,22.48M,7.66%
08/24/2015,14.35,15.03,15.3,13.74,20.79M,-5.56%
08/23/2015,15.19,15.51,15.71,15.03,11.54M,-6.70%
08/20/2015,16.28,15.98,16.32,15.44,8.50M,0.07%
08/19/2015,16.27,16.66,16.86,16.18,8.80M,-2.12%
08/18/2015,16.62,17.06,17.13,16.45,7.92M,-2.86%
08/17/2015,17.11,16.86,17.13,16.79,9.19M,0.70%
08/16/2015,16.99,17.27,17.4,16.93,5.88M,-1.65%
08/13/2015,17.28,17.27,17.33,17.2,5.40M,0.38%
08/12/2015,17.21,17.2,17.27,16.79,7.40M,-0.16%
08/11/2015,17.24,17.2,17.33,17.2,5.30M,-0.22%
08/10/2015,17.28,17.13,17.33,17.06,6.43M,1.08%
08/09/2015,17.1,16.79,17.13,16.72,4.92M,1.07%
08/06/2015,16.91,17.2,17.2,16.86,5.95M,-1.92%
08/05/2015,17.24,17.13,17.33,17.06,5.35M,0.90%
08/04/2015,17.09,17.27,17.33,17.06,5.72M,-0.97%
08/03/2015,17.26,17.2,17.47,17.2,6.06M,0.14%
08/02/2015,17.23,17.6,17.67,17.06,8.56M,-2.44%
07/30/2015,17.66,17.6,17.74,17.6,5.56M,0.52%
07/29/2015,17.57,17.54,17.74,17.47,6.90M,0.71%
07/28/2015,17.45,17.13,17.47,17.13,5.10M,1.31%
07/27/2015,17.22,17.67,17.74,17.13,5.95M,-3.17%
07/26/2015,17.79,17.88,17.94,17.67,7.98M,-0.09%
07/23/2015,17.8,17.67,17.88,17.6,6.01M,0.44%
07/22/2015,17.72,17.54,17.74,17.4,6.52M,1.36%
07/15/2015,17.49,17.2,17.54,17.2,8.41M,1.32%
07/14/2015,17.26,17.13,17.33,16.93,8.98M,1.24%
07/13/2015,17.05,16.86,17.13,16.79,7.53M,0.74%
07/12/2015,16.92,17.13,17.27,16.86,8.31M,-0.54%
07/09/2015,17.01,16.25,17.2,16.11,23.81M,4.14%
07/08/2015,16.34,15.98,16.39,15.78,9.66M,2.01%
07/07/2015,16.01,16.11,16.18,15.84,8.63M,0.00%
07/06/2015,16.02,16.25,16.32,15.91,8.95M,-1.60%
07/05/2015,16.28,16.25,16.39,16.05,7.98M,-0.36%
07/02/2015,16.34,16.45,16.52,16.32,7.19M,-0.36%
07/01/2015,16.4,16.52,16.59,16.25,16.81M,-0.59%
06/30/2015,16.49,16.45,16.59,16.25,10.67M,-0.13%
06/29/2015,16.52,16.66,16.72,16.45,8.71M,-1.36%
06/28/2015,16.74,16.99,17.06,16.66,6.04M,-1.37%
06/25/2015,16.98,16.86,16.99,16.72,9.26M,0.84%
06/24/2015,16.84,16.99,17.06,16.45,21.32M,-0.58%
06/23/2015,16.93,17.27,17.54,16.79,17.46M,-2.07%
06/22/2015,17.29,17.81,17.94,17.13,12.31M,-2.73%
06/21/2015,17.77,18.28,18.28,17.67,12.18M,-2.86%
06/18/2015,18.3,18.42,18.69,18.28,11.27M,-0.94%
06/17/2015,18.47,18.08,18.69,18.01,16.66M,1.88%
06/16/2015,18.13,17.94,18.15,17.88,12.28M,1.19%
06/15/2015,17.92,18.15,18.21,17.88,11.54M,-1.19%
06/14/2015,18.13,17.88,18.15,17.81,10.69M,1.93%
06/11/2015,17.79,17.81,17.94,17.74,7.69M,0.08%
06/10/2015,17.77,17.88,18.01,17.67,9.74M,-0.36%
06/09/2015,17.84,17.6,17.88,17.54,8.79M,0.81%
06/08/2015,17.7,17.88,17.94,17.6,10.26M,-1.06%
06/07/2015,17.89,18.08,18.15,17.81,9.13M,-1.20%
06/04/2015,18.1,18.08,18.21,17.94,10.89M,-0.16%
06/03/2015,18.13,18.21,18.28,17.88,10.58M,-0.10%
06/02/2015,18.15,18.15,18.21,18.01,8.82M,0.16%
06/01/2015,18.12,17.88,18.15,17.88,11.09M,0.44%
05/31/2015,18.04,18.15,18.35,17.94,13.94M,-0.97%
05/28/2015,18.22,18.21,18.35,18.15,16.82M,0.04%
05/27/2015,18.21,18.21,18.28,18.08,12.96M,-0.21%
05/26/2015,18.25,18.15,18.28,18.08,11.01M,0.60%
05/25/2015,18.14,18.21,18.28,18.08,10.96M,0.04%
05/24/2015,18.13,18.08,18.21,18.01,9.23M,0.03%
05/21/2015,18.13,17.94,18.28,17.88,13.14M,0.36%
05/20/2015,18.06,18.21,18.28,17.81,12.68M,-1.08%
05/19/2015,18.26,18.15,18.28,18.15,8.89M,0.25%
05/18/2015,18.21,18.28,18.35,18.01,11.92M,-0.41%
05/17/2015,18.29,18.08,18.35,18.01,17.77M,1.43%
05/14/2015,18.03,17.67,18.15,17.6,22.39M,2.51%
05/13/2015,17.59,17.13,17.67,17.06,15.93M,2.77%
05/12/2015,17.12,16.99,17.13,16.93,7.32M,0.81%
05/11/2015,16.98,17.06,17.2,16.93,9.26M,-0.49%
05/10/2015,17.06,17.13,17.2,16.99,11.50M,0.08%
05/07/2015,17.05,17.06,17.13,16.86,11.24M,-0.35%
05/06/2015,17.11,16.99,17.2,16.93,8.97M,0.29%
05/05/2015,17.06,17.06,17.13,16.93,12.93M,0.00%
05/04/2015,17.06,16.93,17.06,16.86,8.80M,0.99%
05/03/2015,16.89,16.99,17.06,16.79,15.19M,-0.45%
04/30/2015,16.97,16.99,17.06,16.86,13.00M,0.51%
04/29/2015,16.88,16.99,17.13,16.59,28.22M,-0.11%
04/28/2015,16.9,16.99,16.99,16.79,14.77M,-0.64%
04/27/2015,17.01,17.06,17.13,16.93,9.71M,-0.27%
04/26/2015,17.05,16.93,17.2,16.86,12.18M,1.01%
04/23/2015,16.88,16.79,16.93,16.72,8.91M,-0.05%
04/22/2015,16.89,17.06,17.13,16.79,11.82M,0.24%
04/21/2015,16.85,16.93,16.93,16.39,14.66M,-0.78%
04/20/2015,16.98,17.13,17.2,16.86,8.03M,-0.52%
04/19/2015,17.07,16.86,17.4,16.79,27.91M,3.79%
04/16/2015,16.45,16.25,16.66,16.18,16.02M,1.54%
04/15/2015,16.2,15.64,16.25,15.57,17.04M,4.02%
04/14/2015,15.57,15.71,15.78,15.44,19.21M,-3.39%
04/13/2015,16.12,15.91,16.18,15.91,8.47M,1.40%
04/12/2015,15.9,15.98,16.05,15.84,6.40M,0.26%
04/09/2015,15.86,15.71,15.98,15.64,6.89M,0.05%
04/08/2015,15.85,15.64,16.25,15.57,11.79M,1.39%
04/07/2015,15.63,15.37,15.71,15.37,9.92M,2.16%
04/06/2015,15.3,15.3,15.51,15.17,8.98M,0.61%
04/05/2015,15.21,15.44,15.44,15.03,6.62M,-1.78%
04/02/2015,15.49,15.78,15.78,15.37,8.21M,-0.40%
04/01/2015,15.55,15.51,15.84,15.51,5.83M,-0.10%
03/31/2015,15.56,15.78,15.84,15.44,10.83M,-2.61%
03/30/2015,15.98,16.11,16.18,15.78,7.34M,-0.96%
03/29/2015,16.14,16.11,16.32,15.98,9.72M,1.31%
03/26/2015,15.93,15.17,15.98,15.17,18.13M,-0.20%
03/25/2015,15.96,16.32,16.39,15.78,15.18M,-3.00%
03/24/2015,16.45,16.52,16.66,16.32,11.27M,-0.41%
03/23/2015,16.52,16.59,16.66,16.45,9.67M,-0.52%
03/22/2015,16.61,16.45,16.66,16.45,8.71M,1.05%
03/19/2015,16.43,16.45,16.66,16.18,15.89M,0.60%
03/18/2015,16.34,16.45,16.59,15.71,15.83M,-1.60%
03/17/2015,16.6,16.86,16.99,16.52,12.14M,-1.38%
03/16/2015,16.84,17.06,17.27,16.79,9.94M,-1.77%
03/15/2015,17.14,17.2,17.27,17.06,6.95M,-0.89%
03/12/2015,17.29,17.27,17.4,17.2,9.84M,0.03%
03/11/2015,17.29,17.2,17.4,17.2,7.74M,0.27%
03/10/2015,17.24,17.33,17.4,17.13,7.21M,-0.34%
03/09/2015,17.3,17.2,17.33,17.2,5.48M,0.60%
03/08/2015,17.2,17.4,17.4,16.99,8.92M,-1.06%
03/05/2015,17.38,17.33,17.47,17.33,5.27M,0.12%
03/04/2015,17.36,17.33,17.47,17.33,7.42M,0.08%
03/03/2015,17.35,16.99,17.47,16.99,17.57M,1.93%
03/02/2015,17.02,16.86,17.06,16.86,5.57M,-0.24%
03/01/2015,17.06,17.06,17.06,16.93,8.38M,0.45%
02/26/2015,16.98,16.99,17.06,16.86,8.34M,0.32%
02/25/2015,16.93,16.86,16.99,16.79,7.05M,0.19%
02/24/2015,16.9,16.59,16.99,16.59,11.49M,1.45%
02/23/2015,16.66,16.59,16.79,16.52,7.42M,0.39%
02/22/2015,16.59,16.72,16.79,16.45,8.79M,-0.50%
02/19/2015,16.68,16.86,16.93,16.45,14.51M,-1.57%
02/18/2015,16.94,17.06,17.2,16.86,9.91M,-0.33%
02/17/2015,17.0,16.93,17.13,16.86,18.55M,0.38%
02/16/2015,16.93,16.99,17.06,16.86,11.75M,-0.86%
02/15/2015,17.08,16.99,17.13,16.79,13.39M,1.69%
02/12/2015,16.79,16.45,16.86,16.45,10.19M,2.29%
02/11/2015,16.42,16.59,16.72,16.32,9.34M,-1.72%
02/10/2015,16.71,17.06,17.13,16.59,24.64M,-1.52%
02/09/2015,16.96,16.59,17.13,16.59,18.71M,2.54%
02/08/2015,16.54,16.39,16.66,16.32,18.10M,1.85%
02/05/2015,16.24,15.71,16.25,15.71,15.50M,1.39%
02/04/2015,16.02,16.32,16.39,15.91,15.64M,-1.66%
02/03/2015,16.29,16.05,16.45,15.98,20.54M,2.00%
02/02/2015,15.97,15.98,16.05,15.78,11.12M,-0.32%
02/01/2015,16.02,15.98,16.05,15.78,29.35M,4.10%
01/29/2015,15.39,15.44,15.57,15.23,15.36M,-0.39%
01/28/2015,15.45,15.17,15.57,15.03,26.06M,2.83%
01/27/2015,15.03,14.63,15.1,14.63,20.17M,2.57%
01/26/2015,14.65,14.76,14.83,14.49,16.66M,0.43%
01/22/2015,14.59,14.35,14.63,14.35,14.12M,1.49%
01/21/2015,14.37,14.49,14.56,14.29,11.61M,-0.90%
01/20/2015,14.5,14.42,14.56,14.29,11.18M,0.53%
01/19/2015,14.43,14.56,14.63,14.35,9.15M,-0.65%
01/18/2015,14.52,14.56,14.69,14.35,21.04M,-0.32%
01/15/2015,14.57,14.9,15.1,14.49,23.04M,-5.30%
01/14/2015,15.38,15.64,15.71,15.23,15.75M,-1.76%
01/13/2015,15.66,14.9,15.78,14.76,21.49M,2.14%
01/12/2015,15.33,14.9,15.51,14.69,25.58M,2.74%
01/11/2015,14.92,14.29,14.96,14.29,28.25M,4.32%
01/08/2015,14.31,14.08,14.56,14.02,22.13M,3.29%
01/07/2015,13.85,13.88,14.08,13.68,25.58M,-0.72%
01/06/2015,13.95,13.61,14.02,13.49,15.89M,0.41%
01/05/2015,13.89,13.95,14.08,13.81,9.62M,-2.01%
01/04/2015,14.18,13.95,14.29,13.81,13.07M,1.18%
01/01/2015,14.01,14.15,14.22,13.95,10.03M,0.56%
12/31/2014,13.93,14.49,14.56,13.43,23.55M,-2.94%
12/30/2014,14.36,14.63,14.63,14.22,14.30M,-3.34%
12/29/2014,14.85,14.96,15.1,14.76,22.42M,-0.60%
12/28/2014,14.94,14.76,15.03,14.69,20.51M,1.66%
12/25/2014,14.7,14.9,15.03,14.69,28.15M,-0.73%
12/24/2014,14.81,14.69,15.17,14.63,27.24M,2.15%
12/23/2014,14.5,14.63,14.69,14.49,10.50M,-1.69%
12/22/2014,14.74,14.9,14.9,14.49,14.95M,-0.71%
12/21/2014,14.85,15.78,15.84,14.42,38.68M,-2.05%
12/18/2014,15.16,14.96,15.17,14.42,39.19M,9.59%
12/17/2014,13.83,13.46,13.95,13.11,23.99M,4.22%
12/16/2014,13.27,13.81,13.81,13.14,17.45M,-6.54%
12/15/2014,14.2,14.56,14.63,14.08,15.56M,-0.87%
12/14/2014,14.33,14.15,14.69,14.08,24.86M,-2.67%
12/11/2014,14.72,14.56,14.9,14.42,28.30M,-1.97%
12/10/2014,15.02,15.23,15.51,14.83,22.15M,-2.22%
12/09/2014,15.36,15.44,15.44,14.96,23.53M,-2.26%
12/08/2014,15.71,16.18,16.18,15.64,11.11M,-3.30%
12/07/2014,16.25,16.52,16.52,16.18,11.43M,-1.96%
12/04/2014,16.57,16.45,16.66,16.39,10.70M,1.61%
12/03/2014,16.31,16.05,16.45,16.05,191.29M,1.79%
12/02/2014,16.02,16.32,16.45,15.98,11.85M,-0.29%
12/01/2014,16.07,15.98,16.18,15.84,13.47M,0.25%
11/30/2014,16.03,15.71,16.11,15.51,12.39M,-2.42%
11/27/2014,16.43,16.39,16.52,16.11,11.37M,0.07%
11/26/2014,16.42,16.52,16.52,15.98,16.30M,-1.14%
11/25/2014,16.6,16.79,16.86,16.45,11.10M,-1.42%
11/24/2014,16.84,16.99,16.99,16.79,8.20M,-0.53%
11/23/2014,16.93,17.06,17.13,16.93,12.40M,0.06%
11/20/2014,16.92,16.99,17.13,16.86,7.10M,-0.43%
11/19/2014,16.99,16.99,17.13,16.86,10.47M,0.38%
11/18/2014,16.93,16.93,17.06,16.79,11.02M,0.43%
11/17/2014,16.86,17.13,17.2,16.79,11.88M,-1.55%
11/16/2014,17.12,17.33,17.4,17.06,6.50M,-1.66%
11/13/2014,17.41,17.6,17.67,17.33,6.19M,-1.46%
11/12/2014,17.67,17.81,17.88,17.6,11.49M,0.38%
11/11/2014,17.6,17.6,17.81,17.54,14.32M,-0.40%
11/10/2014,17.67,17.54,17.74,17.4,9.40M,1.18%
11/09/2014,17.47,17.47,17.54,17.27,9.02M,0.37%
11/06/2014,17.4,17.54,17.54,17.27,9.27M,0.05%
11/05/2014,17.39,17.54,17.6,17.06,17.44M,-1.03%
11/04/2014,17.57,17.81,18.01,17.4,14.95M,-2.38%
11/03/2014,18.0,17.81,18.15,17.67,10.01M,1.14%
11/02/2014,17.8,18.01,18.01,17.67,31.59M,0.49%
10/30/2014,17.71,17.81,17.88,17.67,6.77M,-0.74%
10/29/2014,17.85,17.94,18.01,17.81,7.11M,-0.23%
10/28/2014,17.89,17.94,18.01,17.74,6.22M,-0.24%
10/27/2014,17.93,18.28,18.28,17.88,10.40M,-1.55%
10/26/2014,18.21,17.88,18.28,17.81,9.50M,2.02%
10/23/2014,17.85,17.88,17.88,17.6,11.96M,-0.65%
10/22/2014,17.97,17.88,18.08,17.74,17.49M,1.24%
10/21/2014,17.75,17.4,17.88,17.4,18.88M,2.09%
10/20/2014,17.38,17.27,17.47,17.2,15.44M,0.74%
10/19/2014,17.26,17.67,17.81,17.13,21.57M,0.93%
10/16/2014,17.1,17.06,17.4,16.86,23.16M,-4.51%
10/15/2014,17.9,18.15,18.21,17.88,8.95M,-1.99%
10/14/2014,18.27,18.42,18.42,18.01,11.14M,-0.97%
10/13/2014,18.45,18.15,18.55,18.15,8.60M,2.14%
10/12/2014,18.06,18.28,18.76,18.01,23.21M,-5.91%
10/02/2014,19.19,19.09,19.3,18.96,11.24M,-0.53%
10/01/2014,19.3,19.36,19.64,19.23,16.99M,-0.07%
09/30/2014,19.31,19.3,19.5,19.3,10.24M,0.08%
09/29/2014,19.29,19.16,19.36,19.09,12.72M,0.69%
09/28/2014,19.16,19.43,19.5,19.09,8.81M,-0.99%
09/25/2014,19.35,19.3,19.64,19.23,18.26M,0.70%
09/24/2014,19.22,19.36,19.36,19.03,14.67M,-0.76%
09/22/2014,19.36,19.64,19.64,19.3,13.44M,-1.64%
09/21/2014,19.69,19.84,19.91,19.64,10.35M,-0.76%
09/18/2014,19.84,19.97,20.04,19.77,5.96M,-0.57%
09/17/2014,19.95,19.77,20.04,19.77,11.30M,1.29%
09/16/2014,19.7,19.77,19.91,19.64,15.86M,-0.29%
09/15/2014,19.75,20.11,20.18,19.64,16.67M,-1.78%
09/14/2014,20.11,20.24,20.45,20.04,10.91M,-0.77%
09/11/2014,20.27,20.45,20.45,20.24,12.33M,-0.74%
09/10/2014,20.42,20.52,20.52,20.24,9.75M,-0.21%
09/09/2014,20.46,20.52,20.58,20.24,68.87M,-0.36%
09/08/2014,20.54,20.65,20.65,20.45,12.08M,-0.54%
09/07/2014,20.65,20.79,20.85,20.52,10.46M,-0.64%
09/04/2014,20.78,20.79,20.85,20.72,9.82M,0.03%
09/03/2014,20.78,20.72,20.99,20.65,10.74M,-0.09%
09/02/2014,20.79,20.99,20.99,20.65,12.60M,-1.21%
09/01/2014,21.05,20.99,21.53,20.72,20.90M,0.09%
08/31/2014,21.03,20.58,21.13,20.52,15.51M,2.39%
08/28/2014,20.54,20.58,20.65,20.45,8.96M,-0.21%
08/27/2014,20.58,20.31,20.72,20.24,22.51M,1.36%
08/26/2014,20.31,20.24,20.45,19.97,16.74M,1.00%
08/25/2014,20.11,20.04,20.72,20.04,30.87M,0.81%
08/24/2014,19.94,19.7,20.04,19.64,26.68M,1.98%
08/21/2014,19.56,19.5,19.64,19.5,6.87M,0.24%
08/20/2014,19.51,19.5,19.57,19.43,10.01M,0.33%
08/19/2014,19.45,19.36,19.5,19.3,7.78M,0.38%
08/18/2014,19.37,19.36,19.5,19.23,15.19M,-0.11%
08/17/2014,19.39,19.43,19.57,19.16,17.60M,-0.47%
08/14/2014,19.49,19.5,19.64,19.43,6.17M,-0.37%
08/13/2014,19.56,19.5,19.7,19.43,14.29M,0.15%
08/12/2014,19.53,19.57,19.64,19.43,10.87M,-0.33%
08/11/2014,19.59,19.64,19.7,19.5,10.21M,0.07%
08/10/2014,19.58,19.5,19.7,19.5,7.33M,0.60%
08/07/2014,19.46,19.09,19.64,19.09,17.02M,1.97%
08/06/2014,19.09,18.89,19.23,18.82,12.49M,0.79%
08/05/2014,18.94,18.76,19.03,18.69,24.32M,1.05%
08/04/2014,18.74,18.69,18.76,18.62,6.74M,0.49%
08/03/2014,18.65,18.62,18.76,18.48,10.83M,0.88%
07/24/2014,18.49,18.62,18.69,18.42,13.14M,-0.25%
07/23/2014,18.53,18.42,18.76,18.35,17.03M,1.00%
07/22/2014,18.35,18.15,18.55,18.15,24.20M,2.16%
07/21/2014,17.96,18.01,18.08,17.94,6.44M,-1.04%
07/20/2014,18.15,18.08,18.21,18.01,7.74M,0.56%
07/17/2014,18.05,18.08,18.15,18.01,8.75M,-0.21%
07/16/2014,18.09,18.21,18.21,18.01,19.56M,-1.10%
07/15/2014,18.29,18.42,18.48,18.21,7.47M,-0.79%
07/14/2014,18.44,18.42,18.48,18.35,8.14M,0.18%
07/13/2014,18.4,18.62,18.62,18.28,13.29M,-1.93%
07/10/2014,18.77,18.76,18.89,18.69,10.41M,0.10%
07/09/2014,18.75,18.69,18.82,18.62,10.42M,0.19%
07/08/2014,18.71,18.76,18.82,18.55,15.67M,-0.52%
07/07/2014,18.81,18.62,18.82,18.55,10.28M,1.09%
07/06/2014,18.61,18.48,18.62,18.48,7.53M,0.63%
07/03/2014,18.49,18.55,18.55,18.42,9.11M,-0.29%
07/02/2014,18.54,18.21,18.55,18.21,18.59M,1.94%
07/01/2014,18.19,18.28,18.35,18.15,9.94M,-0.43%
06/30/2014,18.27,18.28,18.35,18.01,13.78M,0.22%
06/29/2014,18.23,18.15,18.28,18.01,7.62M,0.07%
06/26/2014,18.22,18.21,18.28,18.15,10.69M,0.03%
06/25/2014,18.21,18.01,18.28,18.01,10.50M,1.22%
06/24/2014,17.99,18.15,18.15,17.81,13.56M,-0.84%
06/23/2014,18.14,18.35,18.35,17.88,15.68M,-1.12%
06/22/2014,18.35,18.15,18.42,18.15,13.01M,1.10%
06/19/2014,18.15,18.08,18.21,18.01,10.41M,0.72%
06/18/2014,18.02,17.94,18.15,17.88,11.65M,0.79%
06/17/2014,17.88,17.67,17.94,17.67,15.15M,0.95%
06/16/2014,17.71,18.01,18.01,17.67,12.50M,-1.55%
06/15/2014,17.99,18.01,18.08,17.88,11.83M,-0.70%
06/12/2014,18.12,18.15,18.21,17.94,15.58M,-0.56%
06/11/2014,18.22,18.28,18.35,18.15,6.90M,-0.56%
06/10/2014,18.32,18.28,18.42,18.21,12.99M,0.25%
06/09/2014,18.28,18.28,18.35,18.15,8.04M,0.00%
06/08/2014,18.28,18.35,18.42,18.15,12.28M,-0.12%
06/05/2014,18.3,18.35,18.42,18.28,7.46M,0.06%
06/04/2014,18.29,18.35,18.42,18.28,9.49M,-0.18%
06/03/2014,18.32,18.42,18.48,18.28,8.64M,-0.69%
06/02/2014,18.45,18.48,18.62,18.42,15.88M,-0.18%
06/01/2014,18.48,18.21,18.62,18.15,22.93M,2.19%
05/29/2014,18.08,18.08,18.42,18.01,38.59M,1.12%
05/28/2014,17.88,17.94,18.01,17.81,13.86M,-0.08%
05/27/2014,17.9,17.94,17.94,17.81,10.02M,0.00%
05/26/2014,17.89,17.88,17.94,17.81,12.30M,0.35%
05/25/2014,17.83,17.81,17.94,17.74,9.08M,0.05%
05/22/2014,17.82,17.88,18.01,17.81,11.16M,-0.21%
05/21/2014,17.86,17.88,17.94,17.81,7.80M,0.05%
05/20/2014,17.85,17.88,17.94,17.81,5.41M,-0.23%
05/19/2014,17.89,18.01,18.08,17.81,11.08M,-0.89%
05/18/2014,18.05,18.01,18.15,18.01,4.93M,0.18%
05/15/2014,18.02,18.08,18.08,17.94,9.33M,-0.11%
05/14/2014,18.04,18.15,18.21,18.01,8.68M,-0.57%
05/13/2014,18.14,18.08,18.35,18.01,16.70M,0.63%
05/12/2014,18.03,18.01,18.08,17.94,6.56M,0.08%
05/11/2014,18.02,18.08,18.15,17.94,6.96M,-0.22%
05/08/2014,18.06,18.08,18.21,18.01,8.35M,0.27%
05/07/2014,18.01,18.08,18.15,17.94,9.37M,-0.54%
05/06/2014,18.11,18.08,18.42,18.08,16.02M,0.42%
05/05/2014,18.03,18.08,18.15,17.94,9.67M,-0.11%
05/04/2014,18.05,17.74,18.28,17.67,29.03M,1.80%
05/01/2014,17.73,17.47,17.81,17.4,22.96M,1.76%
04/30/2014,17.42,17.54,17.54,17.4,11.61M,-0.48%
04/29/2014,17.51,17.6,17.67,17.47,11.62M,-0.40%
04/28/2014,17.58,17.81,17.88,17.47,14.58M,-1.35%
04/27/2014,17.82,17.88,17.88,17.74,8.49M,-0.36%
04/24/2014,17.88,18.08,18.08,17.81,10.82M,-0.75%
04/23/2014,18.02,18.08,18.15,17.94,9.59M,-0.18%
04/22/2014,18.05,18.15,18.21,18.01,9.28M,-0.39%
04/21/2014,18.12,18.21,18.21,18.08,7.19M,-0.16%
04/20/2014,18.15,18.08,18.21,18.08,10.37M,0.36%
04/17/2014,18.09,18.21,18.28,18.08,9.92M,-0.91%
04/16/2014,18.25,18.28,18.28,18.15,7.09M,0.28%
04/15/2014,18.2,18.28,18.28,17.94,19.45M,0.19%
04/14/2014,18.17,18.06,18.19,18.0,10.62M,0.47%
04/13/2014,18.08,18.06,18.25,17.94,20.54M,-3.25%
04/10/2014,18.69,18.75,18.81,18.63,9.93M,-0.33%
04/09/2014,18.75,18.75,18.88,18.69,9.58M,0.33%
04/08/2014,18.69,18.75,18.75,18.63,7.84M,-0.33%
04/07/2014,18.75,18.63,18.75,18.56,9.74M,0.00%
04/06/2014,18.75,18.94,19.0,18.69,14.45M,-0.99%
04/03/2014,18.94,18.88,19.0,18.88,12.52M,0.33%
04/02/2014,18.88,18.88,18.94,18.81,7.93M,0.33%
04/01/2014,18.81,18.69,18.88,18.56,14.44M,0.67%
03/31/2014,18.69,18.63,18.75,18.63,9.81M,0.00%
03/30/2014,18.69,18.69,18.75,18.63,8.74M,0.34%
03/27/2014,18.63,18.69,18.75,18.56,7.23M,-0.33%
03/26/2014,18.69,18.69,18.75,18.63,10.01M,0.00%
03/25/2014,18.69,18.69,18.69,18.56,6.38M,0.00%
03/24/2014,18.69,18.69,18.75,18.56,5.90M,0.00%
03/23/2014,18.69,18.38,18.81,18.38,22.79M,1.70%
03/20/2014,18.38,18.38,18.38,18.13,10.09M,-0.34%
03/19/2014,18.44,18.5,18.5,18.31,8.27M,0.00%
03/18/2014,18.44,18.63,18.69,18.44,14.08M,-0.67%
03/17/2014,18.56,18.56,18.63,18.44,14.02M,0.00%
03/16/2014,18.56,18.44,18.56,18.44,11.18M,0.00%
03/13/2014,18.56,18.44,18.63,18.44,11.91M,0.34%
03/12/2014,18.5,18.5,18.5,18.38,6.43M,0.00%
03/11/2014,18.5,18.44,18.56,18.38,8.89M,0.68%
03/10/2014,18.38,18.5,18.5,18.31,10.75M,-0.68%
03/09/2014,18.5,18.56,18.63,18.44,17.61M,0.34%
03/06/2014,18.44,17.94,18.5,17.94,37.56M,3.15%
03/05/2014,17.88,17.75,18.0,17.69,25.55M,0.70%
03/04/2014,17.75,17.63,17.75,17.63,10.33M,0.71%
03/03/2014,17.63,17.75,17.75,17.56,11.78M,-0.70%
03/02/2014,17.75,17.88,17.94,17.69,13.43M,-0.70%
02/27/2014,17.88,17.81,18.0,17.75,19.38M,0.35%
02/26/2014,17.81,17.81,17.88,17.75,9.08M,0.00%
02/25/2014,17.81,17.75,17.88,17.69,9.34M,0.35%
02/24/2014,17.75,17.75,17.81,17.69,7.46M,0.00%
02/23/2014,17.75,17.69,17.88,17.69,8.77M,0.71%
02/20/2014,17.63,17.69,17.75,17.63,8.37M,-0.70%
02/19/2014,17.75,17.75,17.75,17.63,7.01M,0.00%
02/18/2014,17.75,17.63,17.81,17.63,11.68M,0.35%
02/17/2014,17.69,17.75,17.81,17.63,9.73M,-0.35%
02/16/2014,17.75,17.69,17.94,17.69,12.81M,0.71%
02/13/2014,17.63,17.63,17.69,17.56,6.43M,0.00%
02/12/2014,17.63,17.56,17.75,17.56,12.24M,0.00%
02/11/2014,17.63,17.81,17.88,17.5,20.74M,-1.40%
02/10/2014,17.88,17.88,17.88,17.75,5.05M,0.00%
02/09/2014,17.88,17.94,18.0,17.75,9.99M,0.35%
02/06/2014,17.81,17.88,17.94,17.75,9.06M,-0.35%
02/05/2014,17.88,17.88,17.94,17.75,8.33M,0.00%
02/04/2014,17.88,17.81,17.94,17.69,8.56M,-0.69%
02/03/2014,18.0,18.06,18.19,17.94,12.47M,-0.69%
02/02/2014,18.13,17.94,18.25,17.94,17.15M,1.05%
01/30/2014,17.94,17.63,17.94,17.63,12.41M,1.41%
01/29/2014,17.69,17.56,17.75,17.56,8.75M,1.07%
01/28/2014,17.5,17.56,17.69,17.38,15.47M,-0.36%
01/27/2014,17.56,17.88,17.88,17.5,12.61M,-1.75%
01/26/2014,17.88,17.75,17.88,17.56,11.79M,0.00%
01/23/2014,17.88,17.88,18.0,17.81,10.13M,0.00%
01/22/2014,17.88,17.94,17.94,17.75,8.88M,-0.35%
01/21/2014,17.94,17.94,18.0,17.81,11.21M,0.35%
01/20/2014,17.88,17.94,18.0,17.88,7.46M,-0.35%
01/19/2014,17.94,17.75,17.94,17.56,15.52M,-0.35%
01/16/2014,18.0,18.06,18.06,17.88,10.87M,-0.35%
01/15/2014,18.06,18.0,18.19,17.94,13.91M,0.35%
01/14/2014,18.0,17.94,18.06,17.88,7.15M,0.00%
01/13/2014,18.0,17.94,18.19,17.81,14.99M,0.00%
01/12/2014,18.0,17.81,18.0,17.75,11.19M,1.41%
01/09/2014,17.75,17.75,18.0,17.63,22.16M,0.00%
01/08/2014,17.75,18.0,18.06,17.63,16.17M,-1.05%
01/07/2014,17.94,18.13,18.13,17.94,10.71M,-1.03%
01/06/2014,18.13,18.25,18.25,18.0,9.94M,-0.68%
01/05/2014,18.25,18.19,18.25,18.06,8.70M,0.34%
01/02/2014,18.19,18.25,18.31,18.13,7.21M,-0.34%
01/01/2014,18.25,18.25,18.38,18.19,8.93M,0.00%
12/31/2013,18.25,18.25,18.31,18.13,5.32M,0.00%
12/30/2013,18.25,18.31,18.38,18.19,7.38M,0.00%
12/29/2013,18.25,18.25,18.31,18.0,12.46M,0.00%
12/26/2013,18.25,18.13,18.25,18.13,13.05M,0.69%
12/25/2013,18.13,18.56,18.63,18.06,23.67M,-2.36%
12/24/2013,18.56,18.75,18.75,18.5,10.86M,-1.00%
12/23/2013,18.75,19.0,19.0,18.63,13.72M,-1.32%
12/22/2013,19.0,18.88,19.06,18.88,16.00M,1.00%
12/19/2013,18.81,18.69,18.81,18.63,12.76M,0.67%
12/18/2013,18.69,18.69,18.81,18.63,9.43M,0.00%
12/17/2013,18.69,18.63,18.69,18.56,10.88M,0.67%
12/16/2013,18.56,18.63,18.69,18.5,7.01M,-0.34%
12/15/2013,18.63,18.63,18.75,18.56,6.03M,0.00%
12/12/2013,18.63,18.56,18.63,18.5,7.01M,0.00%
12/11/2013,18.63,18.69,18.75,18.56,8.72M,-0.33%
12/10/2013,18.69,18.69,18.81,18.63,12.68M,0.00%
12/09/2013,18.69,18.69,18.69,18.63,7.13M,0.00%
12/08/2013,18.69,18.63,18.75,18.63,10.89M,0.67%
12/05/2013,18.56,18.63,18.69,18.5,6.57M,-0.34%
12/04/2013,18.63,18.56,18.69,18.5,9.28M,0.00%
12/03/2013,18.63,18.88,18.88,18.5,14.23M,-1.32%
12/02/2013,18.88,18.69,18.88,18.63,9.57M,1.00%
12/01/2013,18.69,18.63,18.75,18.63,6.05M,0.00%
11/28/2013,18.69,18.69,18.81,18.63,8.64M,0.00%
11/27/2013,18.69,18.69,18.75,18.56,5.80M,0.00%
11/26/2013,18.69,18.81,18.88,18.63,5.39M,-0.66%
11/25/2013,18.81,18.88,18.88,18.75,5.38M,-0.33%
11/24/2013,18.88,18.81,18.88,18.75,4.09M,0.33%
11/21/2013,18.81,18.88,18.94,18.75,5.65M,0.00%
11/20/2013,18.81,18.81,18.94,18.75,5.15M,-0.33%
11/19/2013,18.88,18.94,18.94,18.81,4.84M,-0.33%
11/18/2013,18.94,18.81,19.06,18.81,6.52M,0.00%
11/17/2013,18.94,18.69,19.06,18.69,15.56M,1.00%
11/14/2013,18.75,18.69,18.75,18.69,9.42M,0.00%
11/13/2013,18.75,18.94,18.94,18.69,7.90M,-0.66%
11/12/2013,18.88,18.75,19.0,18.75,8.69M,0.33%
11/11/2013,18.81,18.63,18.88,18.56,10.65M,0.33%
11/10/2013,18.75,19.06,19.13,18.63,13.07M,-1.32%
11/07/2013,19.0,18.69,19.0,18.69,13.95M,1.67%
11/06/2013,18.69,18.63,18.75,18.5,6.21M,0.34%
11/05/2013,18.63,18.25,18.63,18.19,13.05M,2.05%
11/04/2013,18.25,18.31,18.38,18.19,4.55M,-0.34%
11/03/2013,18.31,18.31,18.5,18.25,6.71M,0.34%
10/31/2013,18.25,18.13,18.31,18.06,6.60M,0.34%
10/30/2013,18.19,18.19,18.31,18.06,8.81M,0.00%
10/29/2013,18.19,18.56,18.56,18.13,11.76M,-2.02%
10/28/2013,18.56,18.69,18.69,18.5,5.44M,-0.67%
10/27/2013,18.69,18.69,18.75,18.63,4.33M,0.00%
10/24/2013,18.69,18.56,18.75,18.56,6.17M,0.34%
10/23/2013,18.63,18.75,18.75,18.44,14.49M,-1.00%
10/22/2013,18.81,19.0,19.0,18.75,7.46M,-0.66%
10/21/2013,18.94,19.06,19.06,18.88,9.12M,-0.66%
10/20/2013,19.06,19.06,19.13,18.88,19.83M,-1.93%
10/10/2013,19.44,19.5,19.5,19.31,6.02M,-0.32%
10/09/2013,19.5,19.31,19.63,19.25,7.76M,0.65%
10/08/2013,19.38,19.25,19.38,19.13,5.00M,0.65%
10/07/2013,19.25,19.31,19.44,19.06,8.98M,-0.65%
10/06/2013,19.38,19.38,19.44,19.0,6.86M,0.32%
10/03/2013,19.31,19.25,19.38,19.19,4.96M,0.32%
10/02/2013,19.25,19.31,19.38,19.13,6.84M,-0.32%
10/01/2013,19.31,19.25,19.38,19.13,5.57M,0.00%
09/30/2013,19.31,19.25,19.44,19.25,4.91M,0.00%
09/29/2013,19.31,19.38,19.44,19.25,3.40M,-0.64%
09/26/2013,19.44,19.56,19.63,19.31,5.71M,-0.64%
09/25/2013,19.56,19.56,19.69,19.44,4.45M,-0.63%
09/24/2013,19.69,19.69,19.75,19.56,3.76M,0.00%
09/19/2013,19.69,19.69,19.81,19.5,4.10M,0.64%
09/18/2013,19.56,19.63,19.63,19.44,5.39M,-0.32%
09/17/2013,19.63,19.88,19.88,19.56,4.28M,-1.26%
09/16/2013,19.88,19.88,20.0,19.75,7.64M,0.32%
09/15/2013,19.81,19.63,19.88,19.63,5.78M,1.60%
09/12/2013,19.5,19.31,19.63,19.31,4.25M,0.65%
09/11/2013,19.38,19.5,19.56,19.31,3.39M,-0.32%
09/10/2013,19.44,19.38,19.5,19.25,8.04M,1.97%
09/09/2013,19.06,18.88,19.13,18.75,7.12M,0.66%
09/08/2013,18.94,19.13,19.25,18.88,5.45M,-0.33%
09/05/2013,19.0,18.94,19.06,18.81,5.26M,0.33%
09/04/2013,18.94,19.25,19.25,18.63,6.26M,-2.26%
09/03/2013,19.38,19.5,19.88,19.38,8.92M,-0.64%
09/02/2013,19.5,19.19,19.63,19.19,9.01M,1.63%
09/01/2013,19.19,19.13,19.31,19.06,5.39M,0.66%
08/29/2013,19.06,19.0,19.19,18.94,5.50M,0.66%
08/28/2013,18.94,18.75,19.0,18.5,8.85M,0.00%
08/27/2013,18.94,19.44,19.44,18.81,9.74M,-3.19%
08/26/2013,19.56,19.63,19.69,19.44,5.78M,-0.95%
08/25/2013,19.75,19.94,20.0,19.75,3.98M,-1.25%
08/22/2013,20.0,20.0,20.06,19.94,2.66M,0.00%
08/21/2013,20.0,20.0,20.13,19.94,5.68M,-0.31%
08/20/2013,20.06,20.25,20.25,20.0,7.29M,-0.93%
08/19/2013,20.25,20.19,20.31,20.0,9.51M,0.31%
08/18/2013,20.19,19.94,20.25,19.88,8.01M,0.94%
08/15/2013,20.0,19.69,20.0,19.69,4.91M,1.27%
08/14/2013,19.75,19.69,19.88,19.56,5.68M,0.32%
08/13/2013,19.69,19.75,19.94,19.5,7.15M,-0.32%
08/05/2013,19.75,19.25,20.0,19.19,12.33M,2.60%
08/04/2013,19.25,19.13,19.38,19.06,5.88M,0.65%
08/01/2013,19.13,19.06,19.19,19.0,2.74M,0.00%
07/31/2013,19.13,18.88,19.19,18.88,6.63M,1.32%
07/30/2013,18.88,18.63,19.0,18.5,7.66M,1.68%
07/29/2013,18.56,18.69,18.81,18.5,3.71M,-0.67%
07/28/2013,18.69,18.75,18.81,18.56,4.92M,-0.33%
07/25/2013,18.75,18.81,18.94,18.69,2.74M,-0.66%
07/24/2013,18.88,19.06,19.13,18.75,3.64M,-0.98%
07/23/2013,19.06,19.13,19.19,19.0,2.26M,-0.33%
07/22/2013,19.13,18.81,19.25,18.81,7.38M,1.66%
07/21/2013,18.81,18.5,18.88,18.44,5.82M,1.35%
07/18/2013,18.56,18.63,18.69,18.5,2.74M,-0.34%
07/17/2013,18.63,18.63,18.69,18.44,4.22M,0.00%
07/16/2013,18.63,18.5,18.69,18.44,3.76M,0.68%
07/15/2013,18.5,18.63,18.69,18.44,5.54M,-2.31%
07/14/2013,18.94,18.88,19.0,18.81,5.65M,0.66%
07/11/2013,18.81,19.06,19.06,18.63,7.49M,-1.63%
07/10/2013,19.13,19.13,19.19,19.06,3.62M,0.00%
07/09/2013,19.13,19.06,19.13,19.0,3.09M,0.33%
07/08/2013,19.06,19.13,19.19,19.0,4.62M,-0.33%
07/07/2013,19.13,19.13,19.25,19.06,4.76M,0.00%
07/04/2013,19.13,18.88,19.25,18.88,11.52M,1.32%
07/03/2013,18.88,18.81,19.19,18.69,9.72M,0.00%
07/02/2013,18.88,18.31,18.94,18.25,11.02M,2.72%
07/01/2013,18.38,18.0,18.44,18.0,8.44M,2.08%
06/30/2013,18.0,17.94,18.06,17.81,4.38M,0.70%
06/26/2013,17.88,17.75,18.0,17.69,6.07M,0.35%
06/25/2013,17.81,17.75,17.94,17.69,5.63M,0.35%
06/24/2013,17.75,17.94,17.94,17.69,6.66M,-1.05%
06/23/2013,17.94,17.75,18.0,17.69,7.15M,1.41%
06/22/2013,17.69,17.69,17.81,17.63,7.18M,-0.35%
06/19/2013,17.75,17.81,17.88,17.69,4.80M,-0.35%
06/18/2013,17.81,17.56,17.81,17.56,7.26M,1.79%
06/17/2013,17.5,17.19,17.5,17.19,7.25M,1.82%
06/16/2013,17.19,17.19,17.44,17.06,9.59M,0.00%
06/15/2013,17.19,17.94,17.94,17.13,12.08M,-4.51%
06/12/2013,18.0,17.88,18.06,17.88,5.50M,0.35%
06/11/2013,17.94,18.06,18.06,17.94,5.82M,-0.69%
06/10/2013,18.06,18.0,18.13,18.0,5.87M,0.35%
06/09/2013,18.0,17.94,18.13,17.88,5.80M,0.00%
06/08/2013,18.0,18.0,18.19,17.88,9.08M,0.00%
06/05/2013,18.0,17.88,18.0,17.75,15.88M,0.70%
06/04/2013,17.88,17.63,18.06,17.56,17.65M,2.14%
06/03/2013,17.5,17.25,17.63,17.19,19.46M,1.82%
06/02/2013,17.19,17.13,17.31,17.13,15.33M,0.36%
06/01/2013,17.13,17.06,17.19,16.94,5.18M,0.37%
05/29/2013,17.06,16.88,17.13,16.88,11.00M,1.11%
05/28/2013,16.88,16.75,16.94,16.75,7.22M,0.37%
05/27/2013,16.81,16.81,16.94,16.69,7.64M,0.00%
05/26/2013,16.81,16.94,17.0,16.75,5.62M,-0.74%
05/25/2013,16.94,17.0,17.06,16.88,5.12M,-0.37%
05/22/2013,17.0,17.06,17.19,17.0,5.20M,-0.37%
05/21/2013,17.06,16.81,17.19,16.81,11.86M,1.11%
05/20/2013,16.88,16.69,16.88,16.69,8.94M,1.12%
05/19/2013,16.69,16.69,16.75,16.56,8.20M,0.38%
05/18/2013,16.63,16.63,16.69,16.56,5.00M,0.38%
05/15/2013,16.56,16.56,16.69,16.56,5.61M,-0.38%
05/14/2013,16.63,16.63,16.69,16.56,6.16M,0.38%
05/13/2013,16.56,16.56,16.63,16.5,5.59M,-0.38%
05/12/2013,16.63,16.75,16.75,16.56,6.89M,-0.75%
05/11/2013,16.75,16.75,16.88,16.69,5.58M,0.00%
05/08/2013,16.75,16.75,16.81,16.69,5.68M,0.75%
05/07/2013,16.63,16.63,16.75,16.56,20.83M,0.00%
05/06/2013,16.63,16.63,16.75,16.63,5.45M,0.38%
05/05/2013,16.56,16.56,16.69,16.5,6.84M,0.00%
05/04/2013,16.56,16.56,16.63,16.5,6.36M,0.76%
05/01/2013,16.44,16.5,16.5,16.38,3.99M,-0.38%
04/30/2013,16.5,16.44,16.56,16.38,6.26M,0.38%
04/29/2013,16.44,16.31,16.56,16.31,10.28M,0.77%
04/28/2013,16.31,16.31,16.31,16.25,4.28M,0.00%
04/27/2013,16.31,16.31,16.38,16.25,7.90M,0.00%
04/24/2013,16.31,16.38,16.38,16.25,5.22M,0.00%
04/23/2013,16.31,16.38,16.38,16.25,5.89M,-0.38%
04/22/2013,16.38,16.31,16.44,16.25,4.61M,0.00%
04/21/2013,16.38,16.31,16.44,16.31,4.36M,0.00%
04/20/2013,16.38,16.19,16.38,16.19,6.42M,1.16%
04/17/2013,16.19,16.25,16.31,16.06,8.54M,-0.38%
04/16/2013,16.25,16.38,16.38,16.13,9.58M,-1.14%
04/15/2013,16.44,16.63,16.69,16.38,6.65M,-1.13%
04/14/2013,16.63,16.56,16.69,16.56,5.93M,0.38%
04/13/2013,16.56,16.69,16.75,16.56,6.73M,-0.75%
04/10/2013,16.69,16.56,16.81,16.56,10.60M,0.75%
04/09/2013,16.56,16.5,16.56,16.5,5.37M,0.76%
04/08/2013,16.44,16.38,16.56,16.38,6.82M,0.77%
04/07/2013,16.31,16.25,16.44,16.25,4.60M,0.38%
04/06/2013,16.25,16.44,16.44,16.25,6.42M,-1.14%
04/03/2013,16.44,16.44,16.5,16.38,5.15M,-0.38%
04/02/2013,16.5,16.5,16.5,16.44,3.54M,0.00%
04/01/2013,16.5,16.44,16.5,16.38,4.03M,0.38%
03/31/2013,16.44,16.63,16.63,16.38,5.31M,-1.13%
03/30/2013,16.63,16.63,16.75,16.56,5.45M,0.38%
03/27/2013,16.56,16.63,16.63,16.56,6.94M,0.00%
03/26/2013,16.56,16.5,16.63,16.44,7.69M,0.00%
03/25/2013,16.56,16.44,16.56,16.38,6.11M,1.15%
03/24/2013,16.38,16.25,16.44,16.19,5.29M,0.77%
03/23/2013,16.25,16.31,16.31,16.19,3.30M,0.00%
03/20/2013,16.25,16.19,16.31,16.19,5.14M,0.00%
03/19/2013,16.25,16.13,16.38,16.13,8.43M,0.78%
03/18/2013,16.13,16.19,16.19,16.06,7.19M,0.00%
03/17/2013,16.13,16.13,16.19,16.0,9.15M,0.39%
03/16/2013,16.06,16.31,16.31,16.0,10.66M,-1.15%
03/13/2013,16.25,16.25,16.31,16.19,5.91M,0.00%
03/12/2013,16.25,16.31,16.31,16.19,6.08M,-0.38%
03/11/2013,16.31,16.38,16.44,16.25,7.07M,-0.38%
03/10/2013,16.38,16.44,16.5,16.25,7.07M,-0.38%
03/09/2013,16.44,16.63,16.69,16.25,10.01M,-1.13%
03/06/2013,16.63,16.63,16.63,16.5,4.13M,0.76%
03/05/2013,16.5,16.5,16.63,16.44,8.71M,-2.94%
03/04/2013,17.0,17.13,17.19,16.94,7.55M,-1.09%
03/03/2013,17.19,17.19,17.19,17.13,4.66M,0.36%
03/02/2013,17.13,17.19,17.31,17.13,7.52M,0.00%
02/27/2013,17.13,17.13,17.19,17.13,5.56M,0.37%
02/26/2013,17.06,17.13,17.25,17.06,5.26M,-0.36%
02/25/2013,17.13,17.13,17.25,17.13,5.61M,0.37%
02/24/2013,17.06,17.0,17.38,17.0,13.79M,0.37%
02/23/2013,17.0,17.0,17.0,16.94,5.03M,0.74%
02/20/2013,16.88,16.88,16.94,16.81,4.64M,0.37%
02/19/2013,16.81,16.81,16.94,16.81,4.53M,-0.74%
02/18/2013,16.94,16.94,17.0,16.81,5.15M,-0.37%
02/17/2013,17.0,17.06,17.06,16.88,5.03M,0.00%
02/16/2013,17.0,17.0,17.06,16.94,6.14M,0.37%
02/13/2013,16.94,16.94,17.06,16.88,5.76M,0.00%
02/12/2013,16.94,16.94,17.0,16.88,7.94M,0.00%
02/11/2013,16.94,16.88,16.94,16.81,7.48M,0.37%
02/10/2013,16.88,16.88,16.88,16.75,5.26M,0.00%
02/09/2013,16.88,16.88,17.06,16.81,5.90M,0.37%
02/06/2013,16.81,17.0,17.0,16.75,6.97M,-0.37%
02/05/2013,16.88,17.06,17.13,16.81,8.30M,-1.10%
02/04/2013,17.06,17.19,17.19,17.06,4.68M,-0.73%
02/03/2013,17.19,17.19,17.25,17.06,6.20M,-0.36%
02/02/2013,17.25,17.38,17.44,17.19,8.50M,-0.36%
01/30/2013,17.31,17.38,17.44,17.25,6.46M,-0.72%
01/29/2013,17.44,17.44,17.5,17.31,4.54M,0.36%
01/28/2013,17.38,17.25,17.56,17.25,10.50M,0.36%
01/27/2013,17.31,17.31,17.38,17.25,6.12M,-0.36%
01/26/2013,17.38,17.25,17.38,17.19,7.13M,0.72%
01/23/2013,17.25,17.25,17.31,17.0,9.11M,0.00%
01/22/2013,17.25,17.13,17.38,17.06,6.91M,0.73%
01/21/2013,17.13,17.31,17.31,17.0,8.88M,-1.44%
01/20/2013,17.38,17.38,17.5,17.31,5.06M,0.00%
01/19/2013,17.38,17.38,17.44,17.19,13.72M,0.00%
01/16/2013,17.38,17.13,17.38,17.06,7.61M,1.83%
01/15/2013,17.06,17.5,17.56,17.0,11.19M,-2.85%
01/14/2013,17.56,17.56,17.81,17.5,6.98M,-0.71%
01/13/2013,17.69,17.88,18.0,17.69,7.09M,-1.39%
01/12/2013,17.94,17.94,18.0,17.88,11.37M,1.06%
01/09/2013,17.75,17.31,17.75,17.25,26.06M,3.27%
01/08/2013,17.19,16.81,17.25,16.81,17.61M,1.85%
01/07/2013,16.88,16.81,16.88,16.63,11.43M,0.37%
01/06/2013,16.81,16.88,16.88,16.81,4.49M,-0.37%
01/05/2013,16.88,16.81,16.94,16.81,7.25M,1.12%
01/02/2013,16.69,16.38,16.75,16.38,9.37M,1.91%
01/01/2013,16.38,16.44,16.56,16.31,7.58M,0.77%
12/31/2012,16.25,16.31,16.5,16.19,9.18M,-0.76%
12/30/2012,16.38,16.69,16.75,16.25,7.14M,-1.87%
12/29/2012,16.69,16.75,16.81,16.63,7.58M,-0.37%
12/26/2012,16.75,16.63,16.81,16.63,7.23M,0.37%
12/25/2012,16.69,16.5,16.69,16.5,7.59M,0.75%
12/24/2012,16.56,16.5,16.63,16.44,6.71M,0.38%
12/23/2012,16.5,16.63,16.69,16.5,7.54M,-0.75%
12/22/2012,16.63,16.63,16.69,16.5,6.61M,0.38%
12/19/2012,16.56,16.5,16.69,16.44,10.73M,0.76%
12/18/2012,16.44,16.44,16.5,16.38,5.76M,0.00%
12/17/2012,16.44,16.44,16.5,16.38,6.43M,0.38%
12/16/2012,16.38,16.31,16.44,16.25,6.98M,0.38%
12/15/2012,16.31,16.19,16.5,16.13,12.22M,1.16%
12/12/2012,16.13,16.13,16.19,16.0,7.50M,0.39%
12/11/2012,16.06,16.13,16.25,16.0,8.03M,-0.39%
12/10/2012,16.13,16.06,16.19,16.0,6.62M,0.00%
12/09/2012,16.13,16.25,16.31,16.06,6.19M,-0.77%
12/08/2012,16.25,16.25,16.38,16.06,6.21M,0.00%
12/05/2012,16.25,16.25,16.31,16.19,4.57M,0.00%
12/04/2012,16.25,16.38,16.44,16.19,6.07M,-0.76%
12/03/2012,16.38,16.38,16.5,16.31,7.61M,0.00%
12/02/2012,16.38,16.5,16.63,16.25,9.66M,-0.38%
12/01/2012,16.44,16.31,16.69,16.31,14.74M,2.73%
11/28/2012,16.0,15.88,16.31,15.81,12.04M,0.79%
11/27/2012,15.88,16.44,16.44,15.25,22.05M,-3.05%
11/26/2012,16.38,16.63,16.69,16.25,9.17M,-1.50%
11/25/2012,16.63,16.81,16.88,16.44,7.77M,-1.12%
11/24/2012,16.81,17.06,17.06,16.75,6.75M,-1.10%
11/21/2012,17.0,17.0,17.19,16.88,5.27M,-0.37%
11/20/2012,17.06,17.06,17.19,17.0,4.94M,0.00%
11/19/2012,17.06,17.25,17.31,16.75,6.82M,-1.44%
11/18/2012,17.31,17.31,17.31,17.19,3.97M,0.00%
11/17/2012,17.31,17.44,17.44,17.25,4.61M,-0.72%
11/14/2012,17.44,17.44,17.5,17.38,3.20M,0.36%
11/13/2012,17.38,17.31,17.5,17.31,3.85M,0.36%
11/12/2012,17.31,17.38,17.44,17.31,3.75M,-0.36%
11/11/2012,17.38,17.5,17.5,17.38,3.47M,-0.36%
11/10/2012,17.44,17.44,17.5,17.38,3.51M,-0.71%
11/07/2012,17.56,17.5,17.63,17.5,4.14M,0.36%
11/06/2012,17.5,17.44,17.56,17.44,3.95M,0.36%
11/05/2012,17.44,17.38,17.56,17.38,3.54M,0.36%
11/04/2012,17.38,17.44,17.44,17.31,2.30M,-0.36%
11/03/2012,17.44,17.5,17.56,17.44,1.81M,-0.71%
10/24/2012,17.56,17.31,17.56,17.31,2.77M,1.08%
10/23/2012,17.38,17.44,17.5,17.25,4.72M,-0.36%
10/22/2012,17.44,17.56,17.63,17.44,5.99M,-0.71%
10/21/2012,17.56,17.63,17.69,17.56,2.68M,-0.35%
10/20/2012,17.63,17.63,17.69,17.56,4.88M,0.00%
10/17/2012,17.63,17.63,17.75,17.56,6.51M,0.36%
10/16/2012,17.56,17.25,17.69,17.25,7.54M,1.44%
10/15/2012,17.31,17.0,17.44,17.0,8.89M,1.47%
10/14/2012,17.06,17.13,17.19,17.0,4.78M,-1.09%
10/13/2012,17.25,17.56,17.63,17.19,4.40M,-1.78%
10/10/2012,17.56,17.13,17.56,17.06,6.43M,2.55%
10/09/2012,17.13,17.31,17.38,17.0,7.44M,-1.08%
10/08/2012,17.31,17.75,17.81,16.81,27.70M,-2.81%
10/07/2012,17.81,17.81,17.88,17.69,4.04M,0.00%
10/06/2012,17.81,17.81,17.94,17.75,3.60M,0.00%
10/03/2012,17.81,17.81,17.94,17.75,3.73M,-0.35%
10/02/2012,17.88,18.0,18.06,17.75,5.91M,-0.35%
10/01/2012,17.94,17.94,18.0,17.94,2.97M,0.70%
09/30/2012,17.81,17.75,17.88,17.69,4.07M,0.35%
09/29/2012,17.75,17.81,17.81,17.63,4.89M,-0.70%
09/26/2012,17.88,18.06,18.13,17.81,5.30M,-1.04%
09/25/2012,18.06,18.13,18.19,17.94,5.37M,-0.69%
09/24/2012,18.19,18.25,18.31,18.0,5.12M,-0.68%
09/22/2012,18.31,18.25,18.31,18.19,3.13M,0.34%
09/19/2012,18.25,18.31,18.44,18.25,5.37M,-0.34%
09/18/2012,18.31,18.44,18.44,18.25,6.47M,-0.34%
09/17/2012,18.38,18.5,18.5,18.38,3.66M,-0.34%
09/16/2012,18.44,18.5,18.5,18.38,3.46M,-0.34%
09/15/2012,18.5,18.44,18.5,18.38,4.00M,0.34%
09/12/2012,18.44,18.38,18.5,18.38,4.43M,0.00%
09/11/2012,18.44,18.38,18.5,18.38,2.71M,0.00%
09/10/2012,18.44,18.5,18.5,18.38,2.57M,-0.34%
09/09/2012,18.5,18.56,18.56,18.44,2.44M,-0.34%
09/08/2012,18.56,18.5,18.56,18.44,4.17M,0.68%
09/05/2012,18.44,18.44,18.5,18.31,2.92M,0.00%
09/04/2012,18.44,18.44,18.5,18.31,3.39M,0.00%
09/03/2012,18.44,18.38,18.5,18.38,3.73M,0.34%
09/02/2012,18.38,18.5,18.56,18.38,2.86M,-0.68%
09/01/2012,18.5,18.5,18.63,18.5,3.26M,0.34%
08/29/2012,18.44,18.44,18.5,18.44,3.15M,-0.34%
08/28/2012,18.5,18.44,18.56,18.44,3.51M,0.00%
08/27/2012,18.5,18.5,18.56,18.44,2.42M,0.34%
08/26/2012,18.44,18.56,18.56,18.44,2.57M,-0.34%
08/25/2012,18.5,18.5,18.56,18.44,2.52M,0.68%
08/15/2012,18.38,18.38,18.38,18.31,2.42M,0.34%
08/14/2012,18.31,18.38,18.44,18.25,3.11M,0.00%
08/13/2012,18.31,18.38,18.44,18.25,3.13M,-0.68%
08/12/2012,18.44,18.44,18.5,18.31,3.68M,0.00%
08/11/2012,18.44,18.44,18.56,18.44,4.13M,0.00%
08/08/2012,18.44,18.44,18.5,18.38,2.86M,0.34%
08/07/2012,18.38,18.31,18.44,18.19,3.96M,0.34%
08/06/2012,18.31,18.31,18.44,18.25,2.75M,0.00%
08/05/2012,18.31,18.44,18.56,18.31,4.07M,-0.68%
08/04/2012,18.44,18.31,18.5,18.31,3.95M,1.37%
08/01/2012,18.19,18.19,18.25,18.13,3.19M,0.00%
07/31/2012,18.19,18.19,18.25,18.06,4.66M,0.34%
07/30/2012,18.13,18.0,18.19,17.94,4.78M,1.05%
07/29/2012,17.94,18.0,18.06,17.94,3.79M,-0.35%
07/28/2012,18.0,18.0,18.19,17.94,7.35M,0.35%
07/25/2012,17.94,17.88,18.0,17.88,4.01M,0.35%
07/24/2012,17.88,17.81,17.94,17.81,3.14M,0.00%
07/23/2012,17.88,17.94,17.94,17.75,4.46M,-0.69%
07/22/2012,18.0,17.94,18.0,17.88,3.84M,0.35%
07/21/2012,17.94,17.88,17.94,17.75,3.61M,0.35%
07/18/2012,17.88,18.06,18.13,17.75,9.39M,-1.04%
07/17/2012,18.06,18.19,18.19,18.0,4.29M,-2.03%
07/16/2012,18.44,18.31,18.44,18.31,3.87M,0.34%
07/15/2012,18.38,18.31,18.44,18.25,3.68M,0.34%
07/14/2012,18.31,18.25,18.38,18.06,4.64M,0.69%
07/11/2012,18.19,18.38,18.44,18.06,5.08M,-0.34%
07/10/2012,18.25,18.31,18.44,18.13,3.37M,-0.34%
07/09/2012,18.31,18.44,18.5,18.19,3.59M,-1.01%
07/08/2012,18.5,18.56,18.69,18.44,4.55M,-0.34%
07/07/2012,18.56,18.81,18.81,18.44,4.91M,-1.33%
07/04/2012,18.81,19.06,19.13,18.75,3.85M,-1.63%
07/03/2012,19.13,18.56,19.25,18.56,12.70M,4.08%
07/02/2012,18.38,18.31,18.38,18.25,2.08M,0.00%
07/01/2012,18.38,18.38,18.44,18.31,2.46M,-0.34%
06/30/2012,18.44,18.25,18.5,18.25,4.86M,2.79%
06/27/2012,17.94,18.31,18.31,17.88,4.56M,-2.05%
06/26/2012,18.31,18.19,18.44,18.19,3.22M,0.69%
06/25/2012,18.19,18.31,18.38,18.19,3.03M,-0.68%
06/24/2012,18.31,18.38,18.44,18.31,2.59M,-0.34%
06/23/2012,18.38,18.5,18.56,18.38,2.60M,-1.01%
06/20/2012,18.56,18.44,18.56,18.38,5.08M,0.68%
06/19/2012,18.44,18.44,18.56,18.25,4.83M,-0.34%
06/18/2012,18.5,18.31,18.5,18.31,3.20M,1.72%
06/17/2012,18.19,18.06,18.38,18.06,3.80M,0.00%
06/16/2012,18.19,18.63,18.63,17.75,7.55M,-1.36%
06/13/2012,18.44,18.5,18.56,18.38,3.02M,0.68%
06/12/2012,18.31,18.5,18.56,18.25,4.15M,-1.68%
06/11/2012,18.63,18.5,18.75,18.5,5.35M,1.02%
06/10/2012,18.44,18.06,18.5,18.0,4.29M,2.43%
06/09/2012,18.0,17.94,18.13,17.94,3.66M,1.41%
06/06/2012,17.75,17.88,18.0,17.69,5.71M,0.00%
06/05/2012,17.75,17.81,17.88,17.75,4.73M,-0.35%
06/04/2012,17.81,17.56,17.88,17.5,4.54M,0.35%
06/03/2012,17.75,17.63,17.75,17.5,4.96M,0.71%
06/02/2012,17.63,17.81,17.88,17.5,9.04M,-3.09%
05/30/2012,18.19,18.19,18.19,17.94,5.45M,-0.34%
05/29/2012,18.25,18.38,18.5,18.25,3.73M,-0.34%
05/28/2012,18.31,18.19,18.38,18.19,3.73M,1.03%
05/27/2012,18.13,18.13,18.25,18.06,3.50M,0.00%
05/26/2012,18.13,18.38,18.44,18.13,3.57M,-1.02%
05/23/2012,18.31,18.38,18.44,18.31,2.81M,-1.01%
05/22/2012,18.5,18.25,18.56,18.19,7.16M,2.42%
05/21/2012,18.06,18.06,18.19,18.0,4.06M,0.35%
05/20/2012,18.0,18.0,18.13,17.94,6.09M,0.35%
05/19/2012,17.94,18.25,18.44,17.88,7.95M,-3.04%
05/16/2012,18.5,18.5,18.56,18.31,4.00M,-0.34%
05/15/2012,18.56,18.5,18.69,18.44,5.32M,0.00%
05/14/2012,18.56,18.75,18.75,18.5,3.91M,-1.33%
05/13/2012,18.81,18.81,18.94,18.75,3.99M,0.00%
05/12/2012,18.81,18.88,18.88,18.19,6.31M,-0.33%
05/09/2012,18.88,18.94,19.0,18.88,3.91M,-0.98%
05/08/2012,19.06,19.0,19.06,18.88,3.40M,0.33%
05/07/2012,19.0,19.0,19.13,18.88,5.85M,-0.65%
05/06/2012,19.13,19.44,19.44,19.13,4.16M,-1.29%
05/05/2012,19.38,19.44,19.44,19.25,3.36M,-0.96%
05/02/2012,19.56,19.56,19.69,19.5,3.92M,0.32%
05/01/2012,19.5,19.5,19.63,19.5,4.55M,0.00%
04/30/2012,19.5,19.5,19.56,19.38,3.13M,-0.32%
04/29/2012,19.56,19.75,19.75,19.5,4.37M,-0.95%
04/28/2012,19.75,19.69,19.75,19.63,3.69M,0.64%
04/25/2012,19.63,19.5,19.75,19.44,3.60M,0.64%
04/24/2012,19.5,19.69,19.75,19.38,5.62M,-0.95%
04/23/2012,19.69,19.69,19.81,19.56,4.66M,0.00%
04/22/2012,19.69,19.69,19.81,19.63,3.39M,0.00%
04/21/2012,19.69,19.5,19.81,19.5,5.00M,0.96%
04/18/2012,19.5,19.63,19.63,19.44,4.69M,-0.32%
04/17/2012,19.56,19.25,19.69,19.25,5.88M,3.64%
04/16/2012,18.88,19.06,19.25,18.81,5.38M,-0.98%
04/15/2012,19.06,19.31,19.38,19.0,6.31M,-1.61%
04/14/2012,19.38,19.63,20.0,19.31,8.66M,-2.21%
04/11/2012,19.81,19.25,19.88,19.06,14.33M,3.93%
04/10/2012,19.06,19.5,19.63,19.0,6.71M,-2.24%
04/09/2012,19.5,19.63,19.75,19.38,6.93M,-0.95%
04/08/2012,19.69,19.88,20.13,19.56,12.07M,-0.94%
04/07/2012,19.88,20.0,20.0,19.75,8.01M,-1.24%
04/04/2012,20.13,20.13,20.25,20.06,5.09M,-0.31%
04/03/2012,20.19,20.5,20.5,20.06,8.57M,-1.52%
04/02/2012,20.5,20.5,20.63,20.38,6.14M,0.00%
04/01/2012,20.5,20.5,20.56,20.38,6.69M,-0.91%
03/31/2012,20.69,20.69,20.81,20.56,7.37M,0.30%
03/28/2012,20.63,20.5,20.69,20.44,8.25M,0.30%
03/27/2012,20.56,20.38,20.81,20.31,17.48M,0.92%
03/26/2012,20.38,20.0,20.44,19.88,16.30M,2.19%
03/25/2012,19.94,19.56,20.13,19.56,16.88M,2.24%
03/24/2012,19.5,19.38,19.63,19.25,10.51M,1.30%
03/21/2012,19.25,19.19,19.38,19.19,5.30M,0.00%
03/20/2012,19.25,19.31,19.38,19.13,6.34M,-0.32%
03/19/2012,19.31,19.44,19.5,19.31,8.04M,-0.32%
03/18/2012,19.38,19.44,19.44,19.25,8.93M,-0.32%
03/17/2012,19.44,19.44,19.56,19.38,8.88M,0.00%
03/14/2012,19.44,19.5,19.56,19.31,14.52M,0.32%
03/13/2012,19.38,19.5,19.69,19.25,12.02M,-0.64%
03/12/2012,19.5,19.63,19.63,19.44,6.38M,0.00%
03/11/2012,19.5,19.44,19.63,19.44,6.98M,0.32%
03/10/2012,19.44,19.31,19.44,19.25,6.33M,1.30%
03/07/2012,19.19,19.19,19.31,18.94,6.71M,-0.97%
03/06/2012,19.38,19.44,19.5,19.31,7.76M,-0.64%
03/05/2012,19.5,19.5,19.69,19.38,11.85M,-3.41%
03/04/2012,20.19,20.25,20.25,20.0,8.87M,0.00%
03/03/2012,20.19,19.88,20.25,19.81,8.06M,2.22%
02/29/2012,19.75,19.69,19.88,19.5,7.03M,0.64%
02/28/2012,19.63,19.5,19.88,19.38,11.96M,0.64%
02/27/2012,19.5,19.44,19.56,19.38,4.52M,0.32%
02/26/2012,19.44,19.38,19.63,19.06,9.96M,0.97%
02/25/2012,19.25,19.06,19.31,19.06,7.86M,1.99%
02/22/2012,18.88,18.69,19.19,18.69,13.13M,1.34%
02/21/2012,18.63,18.5,18.69,18.5,8.16M,1.02%
02/20/2012,18.44,18.31,18.56,18.31,7.29M,0.68%
02/19/2012,18.31,18.31,18.44,18.19,4.76M,0.00%
02/18/2012,18.31,18.44,18.44,18.25,4.30M,-0.34%
02/15/2012,18.38,18.44,18.5,18.31,3.77M,-0.34%
02/14/2012,18.44,18.56,18.63,18.38,4.45M,-0.34%
02/13/2012,18.5,18.56,18.63,18.5,3.70M,-0.34%
02/12/2012,18.56,18.56,18.63,18.44,3.64M,-0.34%
02/11/2012,18.63,18.5,18.63,18.5,4.33M,0.34%
02/08/2012,18.56,18.5,18.63,18.44,6.66M,0.68%
02/07/2012,18.44,18.5,18.56,18.38,5.03M,-0.34%
02/06/2012,18.5,18.63,18.63,18.44,3.87M,-0.67%
02/05/2012,18.63,18.5,18.69,18.44,6.99M,0.68%
02/04/2012,18.5,18.19,18.88,18.13,11.81M,2.07%
02/01/2012,18.13,18.06,18.13,18.06,6.05M,0.35%
01/31/2012,18.06,17.94,18.13,17.88,4.72M,0.70%
01/30/2012,17.94,18.06,18.13,17.88,3.69M,-0.69%
01/29/2012,18.06,18.13,18.19,18.0,4.02M,-0.34%
01/28/2012,18.13,18.19,18.19,18.0,3.80M,0.35%
01/25/2012,18.06,17.94,18.13,17.94,3.11M,0.70%
01/24/2012,17.94,18.0,18.06,17.94,2.79M,0.00%
01/23/2012,17.94,18.06,18.06,17.88,2.75M,-0.35%
01/22/2012,18.0,18.06,18.19,18.0,3.31M,-0.69%
01/21/2012,18.13,18.0,18.25,18.0,6.04M,1.05%
01/18/2012,17.94,17.88,18.13,17.63,8.20M,0.35%
01/17/2012,17.88,18.13,18.31,17.88,4.77M,-1.38%
01/16/2012,18.13,18.31,18.5,18.06,4.30M,-1.36%
01/15/2012,18.38,18.44,18.5,18.31,3.31M,-0.34%
01/14/2012,18.44,18.44,18.5,18.38,2.14M,-0.34%
01/11/2012,18.5,18.38,18.69,18.38,5.17M,0.00%
01/10/2012,18.5,18.06,18.69,18.0,8.81M,2.42%
01/09/2012,18.06,18.13,18.19,17.94,4.13M,-0.34%
01/08/2012,18.13,18.19,18.31,18.06,4.60M,-0.34%
01/07/2012,18.19,17.44,18.19,17.44,11.43M,4.68%
01/04/2012,17.38,17.38,17.44,17.31,3.34M,0.36%
01/03/2012,17.31,17.31,17.38,17.25,4.29M,0.00%
01/02/2012,17.31,17.25,17.38,17.25,2.79M,0.00%
01/01/2012,17.31,17.31,17.38,17.25,2.25M,-0.36%
12/31/2011,17.38,17.38,17.44,17.25,5.02M,0.00%
12/28/2011,17.38,17.25,17.44,17.19,5.43M,0.72%
12/27/2011,17.25,17.25,17.31,17.19,3.42M,-0.36%
12/26/2011,17.31,17.25,17.44,17.19,5.44M,0.36%
12/25/2011,17.25,17.25,17.31,17.13,4.86M,0.00%
12/24/2011,17.25,17.19,17.31,17.13,3.76M,0.73%
12/21/2011,17.13,17.13,17.19,17.06,4.69M,0.37%
12/20/2011,17.06,17.06,17.13,17.0,2.63M,-0.36%
12/19/2011,17.13,17.06,17.13,17.06,2.48M,0.00%
12/18/2011,17.13,17.06,17.13,17.0,3.13M,0.37%
12/17/2011,17.06,17.06,17.13,17.0,2.24M,-0.36%
12/14/2011,17.13,17.19,17.19,17.06,3.05M,0.00%
12/13/2011,17.13,17.13,17.25,17.06,4.84M,-0.36%
12/12/2011,17.19,17.19,17.25,17.13,3.14M,0.00%
12/11/2011,17.19,17.25,17.31,17.13,4.47M,-0.36%
12/10/2011,17.25,17.13,17.25,17.13,2.25M,0.36%
12/07/2011,17.19,17.19,17.19,17.06,2.72M,0.00%
12/06/2011,17.19,17.13,17.19,17.06,2.32M,0.00%
12/05/2011,17.19,17.13,17.19,17.06,2.44M,0.36%
12/04/2011,17.13,17.06,17.19,17.06,2.39M,0.00%
12/03/2011,17.13,17.0,17.19,17.0,2.74M,1.11%
11/30/2011,16.94,16.88,16.94,16.81,3.71M,0.00%
11/29/2011,16.94,16.94,16.94,16.81,1.98M,0.00%
11/28/2011,16.94,16.88,17.0,16.81,2.61M,0.74%
11/27/2011,16.81,16.81,16.88,16.75,2.97M,0.00%
11/26/2011,16.81,16.81,16.88,16.75,2.12M,0.00%
11/23/2011,16.81,16.88,16.94,16.81,3.08M,-0.37%
11/22/2011,16.88,17.0,17.06,16.81,3.38M,-1.10%
11/21/2011,17.06,17.13,17.19,17.0,4.41M,-0.36%
11/20/2011,17.13,17.13,17.19,17.06,2.18M,0.37%
11/19/2011,17.06,17.06,17.19,17.0,1.55M,-0.73%
11/16/2011,17.19,17.25,17.31,17.06,3.61M,-0.36%
11/15/2011,17.25,17.25,17.31,17.19,1.61M,0.36%
11/14/2011,17.19,17.25,17.31,17.19,1.93M,-0.36%
11/13/2011,17.25,17.25,17.31,17.19,1.52M,0.00%
11/12/2011,17.25,17.44,17.44,17.25,2.24M,-0.72%
11/02/2011,17.38,17.13,17.38,17.06,6.18M,1.83%
11/01/2011,17.06,17.19,17.25,17.06,5.30M,-1.09%
10/31/2011,17.25,17.25,17.31,17.19,3.65M,-0.36%
10/30/2011,17.31,17.38,17.38,17.19,5.37M,0.00%
10/29/2011,17.31,17.25,17.44,17.25,4.73M,0.73%
10/26/2011,17.19,17.19,17.25,17.13,3.97M,0.00%
10/25/2011,17.19,17.19,17.25,17.13,2.82M,0.36%
10/24/2011,17.13,17.19,17.25,17.13,9.81M,-0.72%
10/23/2011,17.25,17.19,17.25,17.13,3.90M,0.36%
10/22/2011,17.19,17.13,17.25,17.13,1.71M,0.00%
10/19/2011,17.19,17.31,17.31,17.19,2.15M,-0.72%
10/18/2011,17.31,17.38,17.38,17.19,3.39M,0.36%
10/17/2011,17.25,17.25,17.38,17.25,2.48M,0.00%
10/16/2011,17.25,17.25,17.25,17.19,2.93M,0.00%
10/15/2011,17.25,17.38,17.5,17.19,7.11M,0.73%
10/12/2011,17.13,17.06,17.13,17.0,3.23M,0.37%
10/11/2011,17.06,17.31,17.31,17.0,5.02M,-1.09%
10/10/2011,17.25,17.25,17.38,17.19,3.69M,0.00%
10/09/2011,17.25,17.06,17.25,17.06,3.14M,0.73%
10/08/2011,17.13,17.06,17.13,17.0,2.49M,1.11%
10/05/2011,16.94,16.88,17.0,16.81,3.85M,0.74%
10/04/2011,16.81,17.0,17.0,16.75,3.54M,-1.47%
10/03/2011,17.06,17.25,17.31,17.0,5.08M,-1.44%
10/02/2011,17.31,17.31,17.44,17.19,3.72M,0.00%
10/01/2011,17.31,17.31,17.44,17.31,2.72M,0.00%
09/28/2011,17.31,17.38,17.44,17.31,2.56M,-0.36%
09/27/2011,17.38,17.38,17.5,17.38,2.68M,0.36%
09/26/2011,17.31,17.25,17.38,17.19,2.70M,0.00%
09/25/2011,17.31,17.25,17.31,17.06,4.51M,-0.72%
09/21/2011,17.44,17.38,17.5,17.38,1.88M,0.00%
09/20/2011,17.44,17.38,17.5,17.38,2.25M,0.36%
09/19/2011,17.38,17.38,17.5,17.38,2.48M,-1.07%
09/18/2011,17.56,17.69,17.69,17.56,2.53M,0.00%
09/17/2011,17.56,17.5,17.63,17.44,2.66M,1.08%
09/14/2011,17.38,17.44,17.5,17.38,4.03M,-0.36%
09/13/2011,17.44,17.5,17.56,17.38,1.84M,0.36%
09/12/2011,17.38,17.56,17.69,17.38,2.66M,-1.77%
09/11/2011,17.69,17.69,17.81,17.56,3.88M,0.00%
09/10/2011,17.69,17.38,17.81,17.31,3.58M,1.43%
09/07/2011,17.44,17.38,17.5,17.38,2.86M,0.72%
09/06/2011,17.31,17.38,17.44,17.31,2.13M,-0.72%
09/05/2011,17.44,17.5,17.5,17.38,1.49M,-0.71%
09/04/2011,17.56,17.5,17.56,17.38,2.84M,0.00%
09/03/2011,17.56,17.56,17.63,17.44,2.57M,0.72%
08/24/2011,17.44,17.19,17.5,17.19,3.50M,1.45%
08/23/2011,17.19,17.06,17.25,17.06,2.86M,0.73%
08/22/2011,17.06,17.06,17.13,16.94,3.12M,0.74%
08/21/2011,16.94,17.06,17.25,16.94,3.50M,-0.37%
08/20/2011,17.0,17.13,17.13,16.75,4.62M,-2.86%
08/17/2011,17.5,17.44,17.56,17.31,3.19M,0.00%
08/16/2011,17.5,17.56,17.63,17.44,3.01M,0.00%
08/15/2011,17.5,17.38,17.56,17.38,1.81M,0.72%
08/14/2011,17.38,17.56,17.56,17.38,2.61M,-1.07%
08/13/2011,17.56,17.19,17.63,17.19,3.78M,3.31%
08/10/2011,17.0,17.06,17.19,16.94,3.75M,0.37%
08/09/2011,16.94,16.69,17.06,16.25,5.13M,-0.73%
08/08/2011,17.06,17.25,17.31,17.0,3.13M,-1.09%
08/07/2011,17.25,17.06,17.25,16.75,3.11M,1.10%
08/06/2011,17.06,17.5,17.5,16.88,7.24M,-5.21%
08/03/2011,18.0,18.0,18.06,17.94,2.66M,-0.35%
08/02/2011,18.06,18.06,18.13,18.0,1.62M,-0.34%
08/01/2011,18.13,18.06,18.13,18.0,2.39M,0.69%
07/31/2011,18.0,18.0,18.13,17.94,3.57M,0.00%
07/30/2011,18.0,18.0,18.06,17.94,2.97M,-0.69%
07/27/2011,18.13,18.25,18.31,18.13,1.90M,-1.02%
07/26/2011,18.31,18.19,18.38,18.19,2.03M,0.69%
07/25/2011,18.19,18.38,18.38,18.19,1.50M,-1.02%
07/24/2011,18.38,18.38,18.5,18.38,1.47M,0.00%
07/23/2011,18.38,18.44,18.56,18.38,1.46M,-0.68%
07/20/2011,18.5,18.38,18.56,18.38,2.25M,1.02%
07/19/2011,18.31,18.25,18.38,18.19,2.87M,-0.68%
07/18/2011,18.44,18.63,18.69,18.38,2.68M,-1.01%
07/17/2011,18.63,18.69,18.81,18.56,2.31M,-0.67%
07/16/2011,18.75,18.69,18.81,18.56,2.41M,0.67%
07/13/2011,18.63,18.69,18.81,18.63,2.83M,-0.33%
07/12/2011,18.69,18.75,18.75,18.56,3.03M,-0.99%
07/11/2011,18.88,18.81,19.0,18.75,3.58M,0.33%
07/10/2011,18.81,18.63,18.88,18.63,5.16M,1.35%
07/09/2011,18.56,18.56,18.69,18.56,2.07M,0.00%
07/06/2011,18.56,18.56,18.69,18.56,1.72M,0.00%
07/05/2011,18.56,18.56,18.69,18.56,2.34M,0.00%
07/04/2011,18.56,18.63,18.69,18.5,3.39M,-0.67%
07/03/2011,18.69,18.5,18.69,18.44,2.85M,1.01%
07/02/2011,18.5,18.38,18.5,18.38,3.43M,1.37%
06/29/2011,18.25,18.19,18.31,18.13,2.78M,0.34%
06/28/2011,18.19,18.13,18.19,18.06,2.08M,0.69%
06/27/2011,18.06,18.06,18.19,18.06,1.74M,0.00%
06/26/2011,18.06,18.0,18.13,17.94,2.10M,0.35%
06/25/2011,18.0,17.88,18.0,17.88,1.55M,0.35%
06/22/2011,17.94,18.06,18.25,17.94,3.19M,-0.35%
06/21/2011,18.0,17.88,18.06,17.88,2.47M,1.41%
06/20/2011,17.75,17.81,17.88,17.56,4.63M,-0.35%
06/19/2011,17.81,18.25,18.25,17.63,3.29M,-2.06%
06/18/2011,18.19,18.38,18.38,18.19,2.43M,-1.02%
06/15/2011,18.38,18.44,18.5,18.31,3.79M,0.00%
06/14/2011,18.38,18.5,18.69,18.38,2.38M,-0.68%
06/13/2011,18.5,18.31,18.63,18.25,4.55M,1.37%
06/12/2011,18.25,18.13,18.31,18.13,2.29M,0.34%
06/11/2011,18.19,18.31,18.31,17.94,3.42M,-1.02%
06/08/2011,18.38,18.38,18.44,18.31,2.78M,-0.34%
06/07/2011,18.44,18.63,18.69,18.38,4.63M,-1.01%
06/06/2011,18.63,18.56,18.63,18.5,4.53M,0.68%
06/05/2011,18.5,18.56,18.63,18.5,2.89M,-0.34%
06/04/2011,18.56,18.81,18.81,18.5,5.72M,-1.66%
06/01/2011,18.88,18.88,18.94,18.81,2.56M,0.00%
05/31/2011,18.88,18.88,18.94,18.81,3.38M,0.00%
05/30/2011,18.88,18.88,18.94,18.81,2.90M,-0.33%
05/29/2011,18.94,18.94,19.0,18.88,2.85M,-0.33%
05/28/2011,19.0,18.94,19.13,18.88,4.08M,0.33%
05/25/2011,18.94,18.88,19.0,18.81,3.53M,0.00%
05/24/2011,18.94,18.94,19.0,18.88,2.93M,0.00%
05/23/2011,18.94,19.0,19.06,18.88,3.55M,-0.66%
05/22/2011,19.06,18.88,19.06,18.88,6.47M,0.99%
05/21/2011,18.88,18.81,18.88,18.81,1.74M,0.33%
05/18/2011,18.81,18.81,18.88,18.75,2.23M,0.00%
05/17/2011,18.81,18.81,18.88,18.75,3.04M,0.00%
05/16/2011,18.81,18.81,18.94,18.75,4.50M,0.33%
05/15/2011,18.75,18.81,18.94,18.75,4.83M,-0.66%
05/14/2011,18.88,18.88,18.88,18.81,2.41M,-0.33%
05/11/2011,18.94,18.94,19.0,18.81,4.55M,0.00%
05/10/2011,18.94,18.94,19.0,18.88,4.35M,0.00%
05/09/2011,18.94,18.88,19.0,18.81,3.38M,0.66%
05/08/2011,18.81,18.75,18.81,18.63,3.62M,0.67%
05/07/2011,18.69,18.94,18.94,18.69,5.05M,-1.32%
05/04/2011,18.94,19.13,19.13,18.94,4.68M,-0.98%
05/03/2011,19.13,19.19,19.25,19.06,2.30M,-0.33%
05/02/2011,19.19,19.19,19.25,19.13,2.49M,0.33%
05/01/2011,19.13,19.19,19.25,19.13,4.18M,-0.33%
04/30/2011,19.19,19.31,19.38,19.19,2.90M,-0.65%
04/27/2011,19.31,19.25,19.38,19.19,4.69M,0.32%
04/26/2011,19.25,19.25,19.31,19.19,3.33M,0.00%
04/25/2011,19.25,19.0,19.31,18.94,8.55M,1.32%
04/24/2011,19.0,19.0,19.13,18.94,6.90M,0.00%
04/23/2011,19.0,18.88,19.06,18.63,6.19M,1.00%
04/20/2011,18.81,18.63,18.88,18.56,4.53M,1.01%
04/19/2011,18.63,18.94,19.0,18.44,6.87M,-1.32%
04/18/2011,18.88,18.88,18.94,18.75,8.75M,0.33%
04/17/2011,18.81,18.94,19.0,18.75,4.58M,-0.66%
04/16/2011,18.94,19.0,19.06,18.94,3.67M,-0.66%
04/13/2011,19.06,18.88,19.06,18.81,3.68M,0.33%
04/12/2011,19.0,19.0,19.13,18.94,3.54M,0.00%
04/11/2011,19.0,19.06,19.13,18.94,4.42M,-0.33%
04/10/2011,19.06,19.31,19.31,18.75,14.92M,-1.29%
04/09/2011,19.31,19.25,19.38,19.25,5.34M,0.65%
04/06/2011,19.19,19.25,19.31,19.13,4.31M,0.00%
04/05/2011,19.19,19.25,19.44,19.19,11.18M,-0.65%
04/04/2011,19.31,19.25,19.38,19.13,6.86M,0.65%
04/03/2011,19.19,19.38,19.44,19.19,8.84M,-0.65%
04/02/2011,19.31,19.44,19.56,19.31,13.83M,-0.64%
03/30/2011,19.44,19.44,19.5,19.38,3.71M,0.65%
03/29/2011,19.31,19.38,19.5,19.31,2.90M,-0.32%
03/28/2011,19.38,19.44,19.5,19.38,2.83M,-0.32%
03/27/2011,19.44,19.5,19.56,19.44,5.27M,0.00%
03/26/2011,19.44,19.38,19.5,19.31,7.30M,0.97%
03/23/2011,19.25,19.25,19.25,19.06,4.72M,0.00%
03/22/2011,19.25,19.38,19.5,19.25,9.68M,-0.32%
03/21/2011,19.31,19.44,19.5,19.31,4.81M,-0.64%
03/20/2011,19.44,19.63,19.75,19.31,11.29M,5.07%
03/16/2011,18.5,18.81,19.06,18.5,7.68M,-1.00%
03/15/2011,18.69,18.75,19.25,18.25,11.36M,-1.64%
03/14/2011,19.0,19.25,19.25,18.88,7.26M,-2.56%
03/13/2011,19.5,19.56,19.81,19.38,8.08M,0.00%
03/12/2011,19.5,19.06,19.56,19.06,8.82M,3.31%
03/09/2011,18.88,18.94,19.31,18.75,10.52M,-0.66%
03/08/2011,19.0,17.88,19.13,17.75,17.82M,4.47%
03/07/2011,18.19,17.75,18.31,17.56,11.13M,2.11%
03/06/2011,17.81,18.13,18.19,17.5,15.28M,0.71%
03/05/2011,17.69,16.5,17.88,16.5,14.93M,7.60%
03/02/2011,16.44,17.56,17.56,16.38,16.30M,-8.04%
03/01/2011,17.88,18.5,18.69,16.63,16.70M,-2.72%
02/28/2011,18.38,18.25,18.5,17.75,12.08M,0.68%
02/27/2011,18.25,19.5,19.5,18.19,8.62M,-5.19%
02/23/2011,19.25,19.13,19.69,19.13,7.72M,1.32%
02/22/2011,19.0,19.0,19.06,18.75,6.14M,-0.33%
02/21/2011,19.06,19.13,19.25,19.0,6.66M,0.00%
02/20/2011,19.06,19.31,19.44,19.06,8.13M,-1.29%
02/19/2011,19.31,19.63,19.69,19.06,7.77M,-1.90%
02/16/2011,19.69,20.0,20.0,19.69,6.61M,-1.56%
02/15/2011,20.0,20.06,20.13,20.0,2.96M,-0.62%
02/14/2011,20.13,20.25,20.25,20.06,3.91M,-0.62%
02/13/2011,20.25,20.31,20.38,20.19,3.79M,-0.31%
02/12/2011,20.31,20.44,20.5,20.31,3.44M,-0.61%
02/09/2011,20.44,20.38,20.44,20.31,3.66M,0.62%
02/08/2011,20.31,20.38,20.44,20.31,3.38M,0.00%
02/07/2011,20.31,20.44,20.5,20.31,4.89M,-0.61%
02/06/2011,20.44,20.38,20.56,20.38,5.35M,0.31%
02/05/2011,20.38,20.19,20.5,20.19,3.00M,0.62%
02/02/2011,20.25,20.06,20.31,20.0,6.70M,1.89%
02/01/2011,19.88,19.88,20.06,19.81,5.47M,-0.62%
01/31/2011,20.0,20.19,20.19,19.69,8.98M,-0.93%
01/30/2011,20.19,19.81,20.38,19.75,17.60M,0.94%
01/29/2011,20.0,20.0,20.0,19.63,16.67M,-2.14%
01/26/2011,20.44,20.38,20.5,20.25,6.71M,0.00%
01/25/2011,20.44,20.44,20.5,20.38,3.87M,-0.30%
01/24/2011,20.5,20.44,20.5,20.44,3.79M,0.31%
01/23/2011,20.44,20.44,20.56,20.31,4.84M,0.00%
01/22/2011,20.44,20.38,20.56,20.38,4.69M,0.31%
01/19/2011,20.38,20.31,20.56,20.19,5.97M,-1.21%
01/18/2011,20.63,20.63,20.63,20.06,12.11M,0.30%
01/17/2011,20.56,20.88,20.88,20.56,5.02M,-1.50%
01/16/2011,20.88,20.69,20.94,20.69,11.05M,1.21%
01/15/2011,20.63,20.56,20.88,20.5,11.52M,0.30%
01/12/2011,20.56,20.5,20.56,20.38,8.00M,0.30%
01/11/2011,20.5,20.44,20.56,20.38,4.27M,0.61%
01/10/2011,20.38,20.56,20.56,20.38,4.12M,-1.21%
01/09/2011,20.63,20.69,20.75,20.5,4.65M,-0.30%
01/08/2011,20.69,20.88,20.88,20.69,5.23M,-0.90%
01/05/2011,20.88,20.88,20.94,20.75,4.46M,0.00%
01/04/2011,20.88,20.94,21.0,20.81,5.79M,0.00%
01/03/2011,20.88,20.81,21.0,20.75,5.47M,0.30%
01/02/2011,20.81,20.94,21.0,20.81,3.82M,-0.89%
01/01/2011,21.0,20.69,21.0,20.69,5.07M,1.20%
