Date,Price,Open,High,Low,Vol.,Change %
09/01/2026,50.1,49.7,50.15,49.58,221.29K,1.33%
08/31/2026,49.44,50.25,50.35,49.44,3.00M,-1.71%
08/30/2026,50.3,50.2,50.35,50.15,423.91K,0.40%
08/27/2026,50.1,50.45,50.6,50.1,1.66M,-0.50%
08/26/2026,50.35,50.3,50.5,50.15,1.17M,0.10%
08/25/2026,50.3,50.95,50.95,50.3,1.41M,-1.28%
08/24/2026,50.95,50.2,51.15,50.15,1.99M,1.60%
08/23/2026,50.15,49.54,50.3,49.54,1.33M,1.31%
08/20/2026,49.5,49.5,49.64,49.4,1.30M,0.00%
08/19/2026,49.5,49.6,49.84,49.42,870.90K,-0.20%
08/18/2026,49.6,49.7,50.3,49.6,1.81M,-0.04%
08/17/2026,49.62,50.1,50.1,49.56,1.27M,-1.16%
08/16/2026,50.2,49.6,50.3,49.6,1.14M,2.03%
08/13/2026,49.2,49.82,49.92,49.2,1.95M,-0.89%
08/12/2026,49.64,50.55,50.55,49.64,2.77M,-3.05%
08/11/2026,51.2,51.0,51.7,51.0,1.80M,0.39%
08/10/2026,51.0,51.2,51.3,50.85,1.58M,-0.29%
08/09/2026,51.15,50.8,51.3,50.65,781.30K,1.19%
08/06/2026,50.55,51.0,51.2,50.55,1.64M,-0.88%
08/05/2026,51.0,51.3,51.75,50.95,1.60M,-0.58%
08/04/2026,51.3,51.0,52.0,50.95,2.41M,0.69%
08/03/2026,50.95,50.25,51.25,50.1,2.08M,1.80%
08/02/2026,50.05,49.9,50.5,49.76,1.26M,0.91%
07/30/2026,49.6,49.8,49.84,49.42,1.61M,-0.52%
07/29/2026,49.86,51.2,51.3,49.1,3.68M,-2.81%
07/28/2026,51.3,51.8,51.9,51.1,1.42M,-1.06%
07/27/2026,51.85,52.2,52.65,51.8,1.80M,-0.77%
07/26/2026,52.25,52.6,52.6,52.15,376.71K,-1.23%
07/23/2026,52.9,53.3,53.3,52.7,1.22M,-0.84%
07/22/2026,53.35,52.1,53.35,52.05,1.59M,2.20%
07/21/2026,52.2,52.0,52.45,51.75,945.60K,0.29%
07/20/2026,52.05,52.05,52.05,51.75,1.56M,0.00%
07/19/2026,52.05,52.4,52.45,51.85,588.03K,-0.67%
07/16/2026,52.4,52.05,52.4,51.85,574.00K,0.77%
07/15/2026,52.0,52.35,52.75,52.0,1.04M,-0.67%
07/14/2026,52.35,52.5,52.55,51.8,1.40M,-0.29%
07/13/2026,52.5,52.25,53.1,52.1,2.06M,0.57%
07/12/2026,52.2,51.65,52.25,51.65,731.26K,1.26%
07/09/2026,51.55,52.45,52.45,51.55,1.13M,-1.81%
07/08/2026,52.5,51.7,52.5,51.5,1.64M,1.74%
07/07/2026,51.6,51.85,52.05,51.6,1.46M,-0.39%
07/06/2026,51.8,52.0,52.05,51.5,920.12K,-0.38%
07/05/2026,52.0,51.9,52.0,51.55,672.91K,0.48%
07/02/2026,51.75,52.45,52.45,51.75,1.36M,-1.33%
07/01/2026,52.45,51.6,52.5,51.6,1.46M,1.75%
06/30/2026,51.55,52.1,52.6,51.45,2.52M,-1.06%
06/29/2026,52.1,53.25,53.35,51.6,2.22M,-1.98%
06/28/2026,53.15,53.1,53.85,53.1,699.31K,0.09%
06/25/2026,53.1,53.9,53.9,53.1,1.93M,-0.65%
06/24/2026,53.45,53.55,54.1,53.4,1.88M,0.09%
06/23/2026,53.4,54.05,54.05,53.35,1.57M,-1.29%
06/22/2026,54.1,54.1,54.3,53.7,1.04M,0.19%
06/21/2026,54.0,54.35,54.6,53.65,1.88M,-0.37%
06/18/2026,54.2,54.95,55.05,54.2,3.36M,-1.36%
06/17/2026,54.95,55.6,55.6,54.7,1.69M,-1.17%
06/16/2026,55.6,55.5,56.0,55.5,1.31M,0.18%
06/15/2026,55.5,55.8,56.0,55.3,1.54M,-0.45%
06/14/2026,55.75,55.8,56.0,55.5,898.05K,0.81%
06/11/2026,55.3,55.15,55.7,55.05,1.40M,0.18%
06/10/2026,55.2,56.35,56.35,54.9,2.76M,-1.95%
06/09/2026,56.3,56.05,57.7,55.95,3.71M,0.72%
06/08/2026,55.9,55.6,56.15,55.25,1.44M,0.27%
06/07/2026,55.75,55.9,56.0,55.5,551.64K,-0.36%
06/04/2026,55.95,56.25,56.4,55.95,1.27M,-0.53%
06/03/2026,56.25,56.9,57.0,55.95,2.24M,-1.23%
06/02/2026,56.95,55.8,57.15,55.75,2.45M,2.24%
06/01/2026,55.7,56.25,56.25,55.7,2.27M,-1.07%
05/31/2026,56.3,57.05,57.1,55.7,2.99M,-1.57%
05/21/2026,57.2,58.0,58.0,57.2,4.48M,-1.55%
05/20/2026,58.1,58.7,58.85,58.1,1.81M,-1.02%
05/19/2026,58.7,59.0,59.0,58.35,1.56M,-0.51%
05/18/2026,59.0,59.4,59.45,58.65,1.77M,-0.67%
05/17/2026,59.4,60.8,60.8,59.3,998.23K,-2.46%
05/14/2026,60.9,61.45,61.5,60.5,1.69M,-1.06%
05/13/2026,61.55,60.9,61.65,60.9,2.82M,0.49%
05/12/2026,61.25,60.2,61.4,60.2,3.73M,1.74%
05/11/2026,60.2,59.45,60.55,59.15,3.15M,2.03%
05/10/2026,59.0,59.5,59.6,59.0,1.11M,-1.01%
05/07/2026,59.6,59.3,59.65,58.8,2.02M,0.51%
05/06/2026,59.3,61.3,61.3,59.3,2.08M,-2.47%
05/05/2026,60.8,61.1,61.55,60.5,1.59M,-0.98%
05/04/2026,61.4,61.3,61.85,60.9,1.47M,0.24%
05/03/2026,61.25,61.25,61.75,61.05,982.92K,0.00%
04/30/2026,61.25,60.95,62.5,60.6,2.50M,0.16%
04/29/2026,61.15,60.95,61.25,60.6,1.36M,0.49%
04/28/2026,60.85,61.1,61.55,60.75,2.19M,-0.57%
04/27/2026,61.2,58.6,61.2,58.35,4.34M,4.79%
04/26/2026,58.4,57.65,58.65,57.35,945.37K,1.92%
04/23/2026,57.3,57.8,58.0,56.85,2.95M,-1.21%
04/22/2026,58.0,58.3,58.5,57.6,1.92M,-0.60%
04/21/2026,58.35,58.75,59.0,57.95,2.03M,-0.68%
04/20/2026,58.75,59.75,59.9,58.75,1.70M,-1.92%
04/19/2026,59.9,60.0,60.15,59.45,881.51K,-0.50%
04/16/2026,60.2,60.9,60.9,60.05,1.76M,-1.23%
04/15/2026,60.95,60.95,61.2,60.6,1.98M,-0.08%
04/14/2026,61.0,59.75,61.0,59.7,2.34M,2.01%
04/13/2026,59.8,59.15,59.95,59.1,1.29M,0.67%
04/12/2026,59.4,59.4,59.9,59.25,747.27K,-1.08%
04/09/2026,60.05,59.25,60.1,59.05,2.03M,1.35%
04/08/2026,59.25,60.0,60.3,58.5,3.35M,-0.17%
04/07/2026,59.35,59.9,60.3,58.3,2.87M,-2.55%
04/06/2026,60.9,60.1,60.9,59.8,1.68M,1.42%
04/05/2026,60.05,59.0,60.25,58.65,1.98M,0.84%
04/02/2026,59.55,59.55,60.1,59.35,2.98M,0.00%
04/01/2026,59.55,60.3,60.9,59.05,3.57M,-1.24%
03/31/2026,60.3,59.25,61.0,58.6,4.18M,1.69%
03/30/2026,59.3,58.45,59.3,58.45,1.60M,1.54%
03/29/2026,58.4,58.95,59.1,58.4,980.76K,-0.93%
03/26/2026,58.95,58.0,59.5,57.75,3.45M,1.64%
03/25/2026,58.0,57.3,58.05,57.3,2.19M,1.75%
03/24/2026,57.0,57.1,58.4,57.0,4.19M,-0.18%
03/16/2026,57.1,56.5,57.3,56.3,2.05M,1.06%
03/15/2026,56.5,57.85,57.85,56.5,958.95K,-2.33%
03/12/2026,57.85,57.5,58.65,57.2,4.67M,0.61%
03/11/2026,57.5,56.95,57.85,56.65,1.89M,1.41%
03/10/2026,56.7,57.45,58.0,56.5,3.26M,-3.74%
03/09/2026,58.9,60.0,60.0,58.1,4.89M,-1.34%
03/08/2026,59.7,57.3,59.8,56.65,5.16M,7.96%
03/05/2026,55.3,54.85,55.95,54.3,2.09M,2.50%
03/04/2026,53.95,54.7,56.65,53.95,3.80M,-0.83%
03/03/2026,54.4,52.2,54.45,52.2,1.86M,4.21%
03/02/2026,52.2,52.2,52.9,51.5,1.97M,-0.19%
03/01/2026,52.3,50.3,53.9,50.3,1.57M,-3.51%
02/26/2026,54.2,54.8,54.95,53.4,2.76M,-1.09%
02/25/2026,54.8,55.35,55.5,54.25,1.40M,-1.08%
02/24/2026,55.4,55.8,55.8,54.9,1.15M,-1.16%
02/23/2026,56.05,55.4,56.3,55.3,1.40M,1.17%
02/19/2026,55.4,56.7,56.7,55.3,1.88M,-2.38%
02/18/2026,56.75,56.5,57.0,56.35,719.85K,-0.53%
02/17/2026,57.05,57.2,57.2,56.1,1.60M,-0.44%
02/16/2026,57.3,57.85,57.85,57.1,1.26M,-1.04%
02/15/2026,57.9,57.95,58.0,57.45,1.00M,-0.17%
02/12/2026,58.0,56.5,58.1,56.3,3.62M,2.65%
02/11/2026,56.5,57.0,57.0,56.0,1.21M,-0.96%
02/10/2026,57.05,55.5,57.2,55.2,2.76M,2.61%
02/09/2026,55.6,55.4,55.6,54.75,1.12M,0.36%
02/08/2026,55.4,55.6,56.0,55.1,673.16K,-0.18%
02/05/2026,55.5,55.85,55.85,54.7,1.96M,-0.63%
02/04/2026,55.85,55.35,56.45,55.1,2.15M,0.90%
02/03/2026,55.35,55.0,55.5,54.8,1.26M,0.91%
02/02/2026,54.85,54.8,55.2,54.5,1.93M,-1.26%
02/01/2026,55.55,57.0,57.05,54.65,1.59M,-2.29%
01/29/2026,56.85,57.5,57.5,56.5,1.72M,-0.96%
01/28/2026,57.4,57.6,58.0,57.0,1.61M,-0.26%
01/27/2026,57.55,55.95,57.55,55.8,2.53M,2.77%
01/26/2026,56.0,55.8,56.35,55.55,1.52M,0.27%
01/25/2026,55.85,56.05,56.4,55.6,954.05K,-0.36%
01/22/2026,56.05,54.8,56.05,54.8,1.61M,2.28%
01/21/2026,54.8,53.35,54.8,53.0,1.53M,2.53%
01/20/2026,53.45,54.35,54.9,53.35,1.66M,-2.02%
01/19/2026,54.55,56.0,56.0,54.45,1.33M,-2.59%
01/18/2026,56.0,55.35,56.05,55.05,1.44M,1.17%
01/15/2026,55.35,55.55,55.55,54.6,1.67M,-0.36%
01/14/2026,55.55,55.0,56.0,54.4,2.47M,1.00%
01/13/2026,55.0,55.0,55.15,54.05,2.24M,0.09%
01/12/2026,54.95,52.75,55.5,52.75,4.05M,4.27%
01/11/2026,52.7,50.6,52.7,50.4,2.16M,3.54%
01/08/2026,50.9,50.55,50.9,48.2,3.64M,0.49%
01/07/2026,50.65,50.0,51.0,49.84,2.66M,1.83%
01/06/2026,49.74,49.96,50.0,49.52,1.37M,-0.44%
01/05/2026,49.96,50.55,50.85,49.54,4.22M,-1.17%
01/04/2026,50.55,51.4,51.4,50.2,1.07M,-1.65%
01/01/2026,51.4,51.4,51.8,51.3,857.82K,0.19%
12/31/2025,51.3,51.2,51.65,51.0,930.63K,0.20%
12/30/2025,51.2,51.95,51.95,50.65,1.30M,-1.44%
12/29/2025,51.95,51.2,52.2,51.2,1.35M,1.46%
12/28/2025,51.2,52.15,52.2,51.2,960.23K,-1.82%
12/25/2025,52.15,52.35,52.45,52.1,375.05K,-0.57%
12/24/2025,52.45,52.95,52.95,52.2,498.45K,-0.66%
12/23/2025,52.8,52.4,52.8,52.15,856.87K,0.76%
12/22/2025,52.4,52.35,52.5,52.1,795.50K,0.19%
12/21/2025,52.3,52.75,53.35,52.1,1.05M,-0.85%
12/18/2025,52.75,52.4,52.95,52.1,2.94M,0.67%
12/17/2025,52.4,52.6,52.8,51.75,1.63M,-0.38%
12/16/2025,52.6,53.45,53.65,52.5,1.81M,-1.31%
12/15/2025,53.3,54.0,54.0,53.3,1.53M,-1.30%
12/14/2025,54.0,55.0,55.0,54.0,895.16K,-1.19%
12/11/2025,54.65,54.7,55.15,54.55,815.57K,0.46%
12/10/2025,54.4,54.5,54.7,54.3,928.40K,-0.18%
12/09/2025,54.5,54.8,54.9,54.35,1.19M,-0.91%
12/08/2025,55.0,55.5,55.5,54.75,626.90K,-0.36%
12/07/2025,55.2,54.95,55.35,54.7,336.61K,0.45%
12/04/2025,54.95,55.0,55.65,54.65,846.15K,0.00%
12/03/2025,54.95,54.5,55.0,54.25,1.66M,0.83%
12/02/2025,54.5,54.65,54.95,54.2,791.18K,-0.27%
12/01/2025,54.65,54.15,54.65,54.15,1.09M,1.20%
11/30/2025,54.0,55.35,55.5,54.0,865.84K,-2.09%
11/27/2025,55.15,55.75,55.9,55.15,836.86K,-1.08%
11/26/2025,55.75,55.45,55.95,54.95,1.23M,0.45%
11/25/2025,55.5,55.8,56.2,55.15,1.29M,-0.45%
11/24/2025,55.75,56.4,56.45,55.75,4.05M,-1.15%
11/23/2025,56.4,56.55,56.8,56.4,367.79K,-0.27%
11/20/2025,56.55,56.9,57.3,56.45,694.64K,-0.35%
11/19/2025,56.75,57.4,57.45,56.75,938.27K,-1.13%
11/18/2025,57.4,56.8,57.4,56.55,902.25K,1.23%
11/17/2025,56.7,56.4,56.9,56.3,1.03M,0.35%
11/16/2025,56.5,56.9,56.9,56.2,621.71K,-0.70%
11/13/2025,56.9,57.8,57.8,56.9,1.17M,-1.56%
11/12/2025,57.8,57.6,57.95,57.6,474.97K,0.35%
11/11/2025,57.6,57.85,58.05,57.45,741.89K,-0.26%
11/10/2025,57.75,57.5,58.45,57.4,1.19M,0.52%
11/09/2025,57.45,58.0,58.05,57.1,896.63K,-0.95%
11/06/2025,58.0,58.4,58.45,57.95,1.45M,-0.51%
11/05/2025,58.3,58.85,58.85,58.3,1.22M,-0.77%
11/04/2025,58.75,58.7,58.85,58.1,2.38M,0.09%
11/03/2025,58.7,59.8,59.85,57.9,3.73M,-1.84%
11/02/2025,59.8,60.4,60.85,59.8,1.22M,-2.05%
10/30/2025,61.05,60.9,61.2,60.75,1.56M,0.08%
10/29/2025,61.0,60.55,61.0,60.4,1.12M,0.83%
10/28/2025,60.5,60.5,60.9,60.3,1.43M,0.00%
10/27/2025,60.5,60.3,61.1,60.3,1.39M,0.33%
10/26/2025,60.3,60.35,60.5,60.25,646.62K,-0.08%
10/23/2025,60.35,60.0,60.35,59.85,1.07M,0.58%
10/22/2025,60.0,60.8,60.8,59.6,1.73M,-1.40%
10/21/2025,60.85,61.05,61.1,60.7,695.77K,-0.33%
10/20/2025,61.05,62.0,62.0,61.05,1.35M,-1.37%
10/19/2025,61.9,61.75,62.1,61.5,1.21M,0.24%
10/16/2025,61.75,61.15,62.35,61.15,2.99M,1.23%
10/15/2025,61.0,60.85,61.65,60.6,1.55M,0.25%
10/14/2025,60.85,60.75,60.95,60.65,716.01K,0.33%
10/13/2025,60.65,60.5,61.05,60.45,846.98K,-0.08%
10/12/2025,60.7,60.0,61.05,59.5,1.50M,-0.33%
10/09/2025,60.9,60.9,61.1,60.8,704.68K,0.16%
10/08/2025,60.8,61.5,61.5,60.8,1.34M,-1.14%
10/07/2025,61.5,62.2,62.35,61.5,1.64M,-1.28%
10/06/2025,62.3,61.7,62.4,61.6,1.88M,1.05%
10/05/2025,61.65,61.6,62.0,61.4,658.27K,0.16%
10/02/2025,61.55,61.8,62.0,61.55,1.37M,0.00%
10/01/2025,61.55,61.55,61.75,61.2,1.65M,0.00%
09/30/2025,61.55,61.8,62.15,61.55,2.33M,-0.32%
09/29/2025,61.75,60.5,62.2,60.2,3.19M,2.24%
09/28/2025,60.4,60.3,60.8,60.15,810.80K,0.25%
09/25/2025,60.25,62.8,63.0,60.0,4.66M,-4.06%
09/24/2025,62.8,63.3,64.0,62.5,4.56M,2.45%
09/22/2025,61.3,60.95,61.45,60.6,1.17M,0.57%
09/21/2025,60.95,60.7,61.6,60.45,1.28M,0.41%
09/18/2025,60.7,59.6,60.75,59.3,2.53M,2.02%
09/17/2025,59.5,59.2,59.55,58.8,990.17K,0.51%
09/16/2025,59.2,58.9,59.55,58.75,1.03M,0.59%
09/15/2025,58.85,58.3,59.1,58.1,1.04M,0.86%
09/14/2025,58.35,59.0,59.1,58.0,729.39K,-1.10%
09/11/2025,59.0,59.5,59.75,59.0,690.12K,-0.84%
09/10/2025,59.5,59.25,59.95,58.8,1.00M,0.51%
09/09/2025,59.2,59.15,59.65,58.5,1.44M,0.08%
09/08/2025,59.15,59.8,60.1,58.8,1.03M,-1.42%
09/07/2025,60.0,59.75,60.25,59.4,420.55K,0.42%
09/04/2025,59.75,60.45,60.8,59.75,935.83K,-1.16%
09/03/2025,60.45,59.7,60.9,59.5,1.02M,1.17%
09/02/2025,59.75,60.1,60.3,59.45,1.21M,-0.83%
09/01/2025,60.25,60.75,61.2,60.0,1.41M,-0.99%
08/31/2025,60.85,61.3,61.6,60.5,870.62K,-0.25%
08/28/2025,61.0,61.5,61.75,60.8,1.21M,-0.73%
08/27/2025,61.45,61.75,62.15,61.3,1.28M,-0.41%
08/26/2025,61.7,61.05,62.5,60.8,4.21M,1.06%
08/25/2025,61.05,61.9,62.15,60.2,2.35M,-1.53%
08/24/2025,62.0,61.8,63.75,60.95,4.53M,0.16%
08/21/2025,61.9,57.5,61.9,57.5,8.84M,7.65%
08/20/2025,57.5,57.55,57.8,57.1,3.30M,-2.62%
08/19/2025,59.05,59.2,59.2,58.5,2.23M,-0.25%
08/18/2025,59.2,57.95,59.3,57.55,2.31M,2.16%
08/17/2025,57.95,57.35,57.95,57.3,879.69K,1.13%
08/14/2025,57.3,57.4,57.95,56.8,1.30M,-0.17%
08/13/2025,57.4,56.7,57.4,56.35,867.53K,1.15%
08/12/2025,56.75,56.95,57.2,56.25,1.46M,-0.44%
08/11/2025,57.0,57.35,57.55,57.0,1.85M,-0.61%
08/10/2025,57.35,57.9,57.95,57.2,936.98K,-1.04%
08/07/2025,57.95,57.65,58.5,57.65,2.12M,0.52%
08/06/2025,57.65,56.45,58.0,56.15,2.45M,2.13%
08/05/2025,56.45,54.75,56.45,54.4,1.80M,3.11%
08/04/2025,54.75,54.0,54.75,53.65,1.20M,1.39%
08/03/2025,54.0,54.45,54.5,53.5,1.44M,-1.19%
07/31/2025,54.65,55.4,55.4,54.35,1.42M,-1.18%
07/30/2025,55.3,55.35,55.6,55.05,665.21K,0.09%
07/29/2025,55.25,55.9,56.35,55.1,1.49M,-1.07%
07/28/2025,55.85,55.2,56.8,55.05,2.21M,1.27%
07/27/2025,55.15,54.6,55.25,54.5,862.01K,1.57%
07/24/2025,54.3,54.05,54.3,53.95,620.61K,0.56%
07/23/2025,54.0,53.5,54.35,53.35,965.51K,0.93%
07/22/2025,53.5,54.6,54.65,53.0,1.57M,-2.01%
07/21/2025,54.6,54.95,55.05,54.35,1.20M,-0.55%
07/20/2025,54.9,55.5,55.6,54.9,988.83K,-1.08%
07/17/2025,55.5,55.1,55.65,55.0,1.57M,0.73%
07/16/2025,55.1,55.2,55.35,55.0,851.27K,-0.54%
07/15/2025,55.4,55.35,55.65,55.0,1.50M,0.09%
07/14/2025,55.35,55.15,55.4,54.9,1.15M,0.54%
07/13/2025,55.05,55.75,55.8,54.9,2.14M,-1.26%
07/10/2025,55.75,56.0,56.0,55.6,1.63M,-0.45%
07/09/2025,56.0,56.05,56.55,55.75,3.40M,-0.18%
07/08/2025,56.1,55.7,56.2,55.3,2.20M,0.63%
07/07/2025,55.75,56.3,56.3,55.35,2.37M,-0.98%
07/06/2025,56.3,56.8,56.8,56.2,1.86M,-0.79%
07/03/2025,56.75,56.15,56.95,56.15,3.56M,1.34%
07/02/2025,56.0,55.2,56.1,55.2,5.91M,1.63%
07/01/2025,55.1,54.7,55.5,54.45,5.18M,0.82%
06/30/2025,54.65,55.0,55.05,54.55,4.79M,-0.46%
06/29/2025,54.9,55.0,55.0,54.55,2.65M,0.00%
06/26/2025,54.9,54.6,55.0,54.3,3.12M,0.73%
06/25/2025,54.5,54.8,55.0,54.5,1.35M,-0.55%
06/24/2025,54.8,55.0,55.3,54.3,3.52M,-0.18%
06/23/2025,54.9,54.3,54.9,54.2,1.05M,1.10%
06/22/2025,54.3,54.2,55.0,54.2,807.06K,0.18%
06/19/2025,54.2,55.3,55.3,54.2,2.89M,-1.99%
06/18/2025,55.3,55.4,55.5,54.7,1.56M,-0.18%
06/17/2025,55.4,55.7,56.2,55.2,3.90M,-0.72%
06/16/2025,55.8,54.4,56.1,54.4,1.94M,2.76%
06/15/2025,54.3,54.5,55.0,54.0,1.98M,-2.34%
06/12/2025,55.6,55.2,55.6,54.5,3.35M,0.36%
06/11/2025,55.4,55.5,56.4,55.3,1.75M,0.36%
06/04/2025,55.2,55.1,55.5,55.1,1.58M,0.55%
06/03/2025,54.9,55.3,55.4,54.8,1.51M,-0.72%
06/02/2025,55.3,55.0,55.7,54.9,1.48M,0.73%
06/01/2025,54.9,55.9,55.9,54.8,1.40M,-1.44%
05/29/2025,55.7,56.9,56.9,55.7,4.19M,-1.59%
05/28/2025,56.6,56.4,56.9,56.2,1.46M,0.35%
05/27/2025,56.4,57.9,57.9,55.9,2.10M,-1.91%
05/26/2025,57.5,57.7,57.8,56.2,1.89M,0.00%
05/25/2025,57.5,58.8,58.9,57.3,1.53M,-2.21%
05/22/2025,58.8,58.5,58.8,58.3,1.36M,0.51%
05/21/2025,58.5,59.0,59.1,58.5,808.81K,-1.02%
05/20/2025,59.1,59.3,59.4,58.7,1.09M,-0.34%
05/19/2025,59.3,59.5,59.6,59.0,687.92K,-0.34%
05/18/2025,59.5,60.2,60.4,59.0,1.13M,-1.33%
05/15/2025,60.3,60.5,60.6,59.8,1.06M,-0.33%
05/14/2025,60.5,60.9,61.0,60.5,793.26K,-0.49%
05/13/2025,60.8,60.8,61.1,60.3,931.86K,0.50%
05/12/2025,60.5,58.8,60.7,58.8,1.61M,3.07%
05/11/2025,58.7,58.9,59.1,58.5,776.64K,-0.17%
05/08/2025,58.8,59.2,59.5,58.8,1.37M,-0.68%
05/07/2025,59.2,60.0,60.1,59.2,1.14M,-1.33%
05/06/2025,60.0,60.1,60.2,59.5,872.89K,-0.17%
05/05/2025,60.1,59.8,60.1,59.0,1.19M,0.84%
05/04/2025,59.6,60.7,60.9,59.6,1.67M,-2.77%
05/01/2025,61.3,61.1,61.3,60.6,847.96K,0.49%
04/30/2025,61.0,61.3,61.5,61.0,1.42M,-0.65%
04/29/2025,61.4,61.8,61.9,61.4,847.59K,-0.49%
04/28/2025,61.7,62.0,62.1,61.6,760.97K,-0.48%
04/27/2025,62.0,62.0,62.2,61.8,844.15K,0.00%
04/24/2025,62.0,61.4,62.0,61.0,1.67M,1.31%
04/23/2025,61.2,60.9,61.5,60.9,1.19M,0.66%
04/22/2025,60.8,61.1,61.2,60.8,1.11M,-0.49%
04/21/2025,61.1,61.5,61.5,61.0,676.24K,-0.49%
04/20/2025,61.4,61.5,61.7,61.4,396.68K,0.16%
04/17/2025,61.3,61.6,61.6,61.3,1.03M,-0.65%
04/16/2025,61.7,61.4,61.7,60.9,1.24M,0.65%
04/15/2025,61.3,61.4,61.6,61.2,1.18M,0.00%
04/14/2025,61.3,61.3,61.8,60.9,1.84M,0.16%
04/13/2025,61.2,60.9,61.4,60.8,1.47M,0.99%
04/10/2025,60.6,62.6,62.6,60.3,3.79M,0.83%
04/09/2025,60.1,60.8,61.6,59.7,2.76M,-0.83%
04/08/2025,60.6,60.4,61.3,60.2,2.10M,1.68%
04/07/2025,59.6,60.0,60.5,58.2,4.95M,-1.49%
04/06/2025,60.5,60.5,61.4,59.8,3.72M,-3.82%
04/03/2025,62.9,63.7,64.0,62.9,1.83M,-1.26%
03/27/2025,63.7,64.2,64.7,63.6,2.52M,-0.47%
03/26/2025,64.0,63.4,64.3,63.4,1.47M,1.43%
03/25/2025,63.1,63.2,64.4,63.0,1.44M,-0.16%
03/24/2025,63.2,63.0,63.2,62.6,1.13M,1.44%
03/23/2025,62.3,63.1,63.2,62.2,1.22M,-1.11%
03/20/2025,63.0,63.0,63.4,62.4,2.10M,0.80%
03/19/2025,62.5,63.5,63.9,62.4,1.91M,-1.57%
03/18/2025,63.5,64.8,65.4,63.4,1.99M,-1.85%
03/17/2025,64.7,64.7,65.8,64.6,2.00M,0.31%
03/16/2025,64.5,63.3,65.0,63.1,1.76M,1.90%
03/13/2025,63.3,63.4,64.4,62.9,2.06M,0.00%
03/12/2025,63.3,62.9,64.0,62.7,1.92M,0.64%
03/11/2025,62.9,62.6,62.9,61.8,1.64M,0.48%
03/10/2025,62.6,62.8,62.9,62.2,1.52M,0.16%
03/09/2025,62.5,62.8,63.1,61.7,1.36M,0.00%
03/06/2025,62.5,62.0,62.5,61.5,1.94M,1.13%
03/05/2025,61.8,62.4,62.9,61.8,1.95M,-0.32%
03/04/2025,62.0,63.0,63.0,61.8,2.47M,-0.96%
03/03/2025,62.6,62.0,63.0,61.8,2.24M,1.29%
03/02/2025,61.8,62.1,62.4,60.3,2.67M,-0.32%
02/27/2025,62.0,64.0,64.0,61.9,8.87M,-3.13%
02/26/2025,64.0,65.1,65.2,63.4,3.18M,-2.14%
02/25/2025,65.4,65.1,65.4,64.1,1.95M,0.62%
02/24/2025,65.0,65.7,65.8,65.0,3.09M,-0.91%
02/20/2025,65.6,65.7,65.9,65.5,1.40M,-0.15%
02/19/2025,65.7,65.8,65.9,65.5,1.43M,0.00%
02/18/2025,65.7,66.2,66.3,65.5,2.48M,-0.76%
02/17/2025,66.2,66.5,66.5,66.1,1.09M,-0.45%
02/16/2025,66.5,66.6,66.8,66.3,982.32K,0.00%
02/13/2025,66.5,66.6,66.8,66.5,905.65K,-0.15%
02/12/2025,66.6,66.9,66.9,66.3,2.52M,-1.77%
02/11/2025,67.8,67.8,68.1,67.8,3.14M,0.00%
02/10/2025,67.8,68.0,68.1,67.7,1.29M,-0.15%
02/09/2025,67.9,68.0,68.2,67.8,1.55M,0.00%
02/06/2025,67.9,67.4,67.9,67.3,1.22M,0.89%
02/05/2025,67.3,67.1,67.3,67.0,1.10M,0.30%
02/04/2025,67.1,67.1,67.3,66.9,1.39M,0.00%
02/03/2025,67.1,67.2,67.3,67.0,1.28M,-0.15%
02/02/2025,67.2,67.2,67.3,67.0,1.05M,0.30%
01/30/2025,67.0,67.2,67.3,67.0,1.45M,-0.30%
01/29/2025,67.2,68.0,68.3,66.9,2.98M,-0.44%
01/28/2025,67.5,67.6,68.0,67.5,1.47M,-0.15%
01/27/2025,67.6,67.7,67.8,67.4,1.13M,0.15%
01/26/2025,67.5,67.8,68.1,67.5,1.05M,-0.44%
01/23/2025,67.8,67.0,67.8,66.9,1.51M,1.50%
01/22/2025,66.8,68.2,68.5,66.8,2.68M,-1.91%
01/21/2025,68.1,69.0,69.0,68.0,1.69M,-0.87%
01/20/2025,68.7,68.5,69.2,68.5,1.73M,0.44%
01/19/2025,68.4,67.9,68.5,67.9,1.65M,1.18%
01/16/2025,67.6,67.2,68.4,67.1,2.10M,0.75%
01/15/2025,67.1,66.9,67.2,66.7,1.17M,0.45%
01/14/2025,66.8,67.1,67.3,66.8,1.63M,-0.30%
01/13/2025,67.0,67.0,67.4,67.0,1.74M,0.45%
01/12/2025,66.7,66.7,67.4,66.5,1.28M,0.30%
01/09/2025,66.5,66.7,66.9,66.5,1.12M,0.00%
01/08/2025,66.5,67.2,67.3,66.5,1.64M,-0.89%
01/07/2025,67.1,66.4,67.1,66.2,1.32M,1.05%
01/06/2025,66.4,67.0,67.1,66.1,2.55M,-0.90%
01/05/2025,67.0,67.5,67.5,66.7,1.25M,0.15%
01/02/2025,66.9,67.3,67.4,66.7,1.94M,-0.59%
01/01/2025,67.3,67.0,67.5,67.0,787.50K,0.45%
12/31/2024,67.0,67.0,67.4,66.8,1.34M,0.15%
12/30/2024,66.9,67.2,67.5,66.9,1.60M,-0.45%
12/29/2024,67.2,67.3,67.3,67.0,718.43K,0.00%
12/26/2024,67.2,67.4,67.5,66.9,1.25M,0.00%
12/25/2024,67.2,67.4,67.4,67.1,658.11K,0.15%
12/24/2024,67.1,67.3,67.4,67.0,962.93K,0.00%
12/23/2024,67.1,66.9,67.2,66.7,1.40M,0.60%
12/22/2024,66.7,67.0,67.3,66.7,1.97M,0.30%
12/19/2024,66.5,67.6,67.7,66.5,3.62M,-1.34%
12/18/2024,67.4,67.9,68.2,67.3,1.89M,-0.59%
12/17/2024,67.8,68.8,68.8,67.8,2.13M,-1.45%
12/16/2024,68.8,68.8,68.9,68.6,812.23K,0.00%
12/15/2024,68.8,68.8,69.1,68.8,1.01M,0.15%
12/12/2024,68.7,69.7,69.8,68.7,1.59M,-1.15%
12/11/2024,69.5,70.3,70.6,69.4,2.46M,-0.86%
12/10/2024,70.1,70.3,70.4,69.9,1.98M,0.00%
12/09/2024,70.1,68.8,70.2,68.8,1.56M,1.89%
12/08/2024,68.8,68.9,69.3,68.7,2.37M,0.44%
12/05/2024,68.5,68.7,68.9,68.2,1.40M,-0.29%
12/04/2024,68.7,68.4,68.7,68.0,1.51M,0.44%
12/03/2024,68.4,68.4,68.6,68.0,1.17M,0.29%
12/02/2024,68.2,68.7,68.8,68.0,1.35M,-0.73%
12/01/2024,68.7,69.5,69.8,68.7,1.07M,-0.29%
11/28/2024,68.9,68.3,68.9,68.1,1.43M,1.32%
11/27/2024,68.0,68.7,69.0,67.9,2.34M,-0.87%
11/26/2024,68.6,69.3,69.5,68.6,1.51M,-0.58%
11/25/2024,69.0,70.0,70.1,69.0,3.68M,-1.29%
11/24/2024,69.9,70.0,70.6,69.8,1.15M,0.29%
11/21/2024,69.7,70.1,70.1,69.7,1.08M,-0.29%
11/20/2024,69.9,70.1,70.2,69.9,676.07K,-0.14%
11/19/2024,70.0,69.9,70.2,69.8,1.62M,0.43%
11/18/2024,69.7,70.3,70.5,69.7,1.38M,-0.57%
11/17/2024,70.1,70.0,70.9,69.8,1.13M,0.43%
11/14/2024,69.8,70.6,70.7,69.8,2.98M,-0.99%
11/13/2024,70.5,71.3,71.5,70.4,2.59M,-1.12%
11/12/2024,71.3,71.8,72.0,71.3,1.55M,-0.70%
11/11/2024,71.8,72.0,72.1,71.5,1.91M,-0.28%
11/10/2024,72.0,72.4,72.6,72.0,1.55M,-0.41%
11/07/2024,72.3,72.8,73.2,72.2,2.02M,-0.28%
11/06/2024,72.5,72.6,72.8,72.2,1.06M,0.00%
11/05/2024,72.5,72.7,72.8,72.0,1.50M,0.00%
11/04/2024,72.5,73.0,73.6,72.3,1.54M,-0.41%
11/03/2024,72.8,72.8,73.1,72.7,638.98K,0.14%
10/31/2024,72.7,73.0,73.2,72.7,1.70M,-0.27%
10/30/2024,72.9,73.7,73.7,72.9,986.99K,-0.95%
10/29/2024,73.6,73.2,73.7,73.0,1.43M,0.82%
10/28/2024,73.0,73.5,73.7,73.0,558.05K,-0.54%
10/27/2024,73.4,73.4,73.8,73.2,1.24M,1.10%
10/24/2024,72.6,72.4,72.7,72.2,1.19M,0.28%
10/23/2024,72.4,72.4,72.7,72.0,1.08M,0.00%
10/22/2024,72.4,73.0,73.1,72.4,1.04M,-0.96%
10/21/2024,73.1,72.8,73.3,72.8,946.92K,0.55%
10/20/2024,72.7,72.6,72.8,72.4,704.23K,0.28%
10/17/2024,72.5,72.9,73.0,72.5,1.14M,-0.41%
10/16/2024,72.8,73.0,73.2,72.7,2.43M,-0.27%
10/15/2024,73.0,73.0,73.0,72.6,1.82M,0.14%
10/14/2024,72.9,73.6,73.6,72.8,1.44M,-0.95%
10/13/2024,73.6,73.6,73.7,73.3,788.47K,0.55%
10/10/2024,73.2,73.4,73.7,73.1,938.79K,0.14%
10/09/2024,73.1,73.9,74.1,73.1,846.58K,-1.08%
10/08/2024,73.9,72.9,74.0,72.8,1.64M,1.51%
10/07/2024,72.8,72.8,73.1,72.3,1.87M,0.00%
10/06/2024,72.8,74.1,74.2,72.7,1.89M,-1.75%
10/03/2024,74.1,74.9,75.3,73.7,1.70M,-1.07%
10/02/2024,74.9,75.3,75.5,74.5,2.90M,-1.58%
10/01/2024,76.1,75.0,76.3,75.0,3.52M,1.60%
09/30/2024,74.9,74.3,76.0,74.1,4.48M,0.81%
09/29/2024,74.3,74.9,74.9,73.9,1.78M,-0.80%
09/26/2024,74.9,75.4,75.5,74.7,1.85M,-0.66%
09/25/2024,75.4,75.7,76.1,74.8,2.58M,-0.40%
09/24/2024,75.7,73.5,75.7,73.4,3.90M,3.13%
09/22/2024,73.4,73.8,73.8,73.2,733.51K,0.41%
09/19/2024,73.1,73.1,73.5,73.0,1.68M,0.27%
09/18/2024,72.9,72.8,73.1,72.6,1.36M,0.28%
09/17/2024,72.7,72.6,73.0,72.4,1.27M,0.41%
09/16/2024,72.4,72.6,72.7,72.2,1.10M,0.00%
09/15/2024,72.4,72.8,73.1,72.3,1.23M,-0.28%
09/12/2024,72.6,73.0,73.3,72.4,1.32M,0.41%
09/11/2024,72.3,73.8,73.8,72.3,2.57M,-2.03%
09/10/2024,73.8,73.8,74.0,73.4,1.75M,0.14%
09/09/2024,73.7,73.9,74.1,73.5,1.40M,-0.27%
09/08/2024,73.9,73.9,73.9,73.5,1.69M,0.14%
09/05/2024,73.8,74.2,74.3,73.8,1.78M,-0.40%
09/04/2024,74.1,73.5,74.3,73.1,3.34M,-2.11%
09/03/2024,75.7,75.6,75.9,75.4,2.97M,0.26%
09/02/2024,75.5,75.8,76.0,75.3,2.00M,0.00%
09/01/2024,75.5,75.2,75.8,75.1,1.67M,0.94%
08/29/2024,74.8,75.8,76.1,74.8,4.45M,-1.32%
08/28/2024,75.8,75.6,76.2,75.5,1.39M,0.40%
08/27/2024,75.5,76.8,76.8,75.5,2.41M,-1.31%
08/26/2024,76.5,76.0,76.8,75.6,3.38M,1.32%
08/25/2024,75.5,75.1,75.6,74.7,2.90M,1.21%
08/22/2024,74.6,74.7,74.9,74.5,1.86M,0.13%
08/21/2024,74.5,74.4,75.3,74.4,3.65M,0.13%
08/20/2024,74.4,74.4,74.7,74.1,1.83M,0.27%
08/19/2024,74.2,74.1,74.6,73.8,2.19M,0.41%
08/18/2024,73.9,74.7,74.8,73.9,2.70M,-0.94%
08/15/2024,74.6,74.7,74.9,74.5,1.65M,0.13%
08/14/2024,74.5,75.6,75.6,74.5,2.54M,-1.06%
08/13/2024,75.3,75.6,75.7,75.3,1.44M,-0.13%
08/12/2024,75.4,75.4,75.9,75.1,1.08M,0.40%
08/11/2024,75.1,75.3,75.8,74.9,1.01M,0.13%
08/08/2024,75.0,76.1,76.2,74.9,1.46M,-1.45%
08/07/2024,76.1,76.0,76.5,75.5,1.77M,0.53%
08/06/2024,75.7,75.2,76.4,75.2,1.98M,1.07%
08/05/2024,74.9,76.7,77.0,74.0,2.90M,-2.98%
08/04/2024,77.2,77.8,78.2,77.2,2.34M,-2.77%
08/01/2024,79.4,81.4,83.4,79.3,4.28M,0.76%
07/31/2024,78.8,79.0,79.3,78.4,1.61M,0.13%
07/30/2024,78.7,79.0,79.3,78.7,1.24M,-0.38%
07/29/2024,79.0,79.0,79.1,78.4,1.43M,0.38%
07/28/2024,78.7,78.0,79.2,78.0,1.98M,1.16%
07/25/2024,77.8,78.0,78.4,77.8,2.19M,-0.26%
07/24/2024,78.0,77.5,78.3,77.4,1.29M,0.26%
07/23/2024,77.8,78.5,78.8,77.8,1.34M,-0.89%
07/22/2024,78.5,79.1,79.5,78.3,4.00M,-0.76%
07/21/2024,79.1,79.1,79.6,78.8,1.09M,0.00%
07/18/2024,79.1,78.8,79.5,78.3,2.40M,0.38%
07/17/2024,78.8,78.2,79.8,78.1,3.09M,0.90%
07/16/2024,78.1,77.5,78.2,77.4,2.76M,0.77%
07/15/2024,77.5,78.0,78.4,76.8,3.14M,-0.26%
07/14/2024,77.7,75.2,78.4,75.2,4.25M,3.60%
07/11/2024,75.0,74.0,75.1,73.9,2.85M,1.35%
07/10/2024,74.0,74.0,74.1,73.7,880.69K,0.27%
07/09/2024,73.8,74.6,74.6,73.8,1.64M,-1.20%
07/08/2024,74.7,74.5,75.4,74.0,1.50M,0.27%
07/07/2024,74.5,74.3,74.6,74.0,774.23K,0.68%
07/04/2024,74.0,74.2,74.2,73.7,828.25K,-0.13%
07/03/2024,74.1,74.0,74.1,73.7,626.22K,0.14%
07/02/2024,74.0,74.0,74.2,73.6,912.16K,0.00%
07/01/2024,74.0,74.1,74.6,73.5,1.15M,0.27%
06/30/2024,73.8,73.8,74.3,73.6,933.65K,0.41%
06/27/2024,73.5,73.6,74.2,73.4,1.40M,-0.14%
06/26/2024,73.6,74.1,74.1,73.4,1.20M,-0.67%
06/25/2024,74.1,74.5,74.5,73.9,1.06M,-0.54%
06/24/2024,74.5,75.2,75.2,74.2,1.69M,-0.40%
06/23/2024,74.8,74.0,75.0,74.0,1.11M,1.77%
06/13/2024,73.5,74.3,74.7,73.5,3.37M,-0.68%
06/12/2024,74.0,75.4,75.7,74.0,1.98M,-1.73%
06/11/2024,75.3,76.3,76.3,75.3,1.95M,-1.18%
06/10/2024,76.2,76.0,76.5,75.4,1.60M,0.93%
06/09/2024,75.5,74.8,75.8,74.3,2.13M,1.34%
06/06/2024,74.5,75.3,75.8,74.5,2.17M,-0.80%
06/05/2024,75.1,76.4,76.4,75.0,1.84M,-1.18%
06/04/2024,76.0,77.5,77.5,76.0,1.81M,-2.19%
06/03/2024,77.7,76.1,78.2,75.6,1.84M,2.24%
06/02/2024,76.0,75.2,76.1,75.0,2.11M,0.00%
05/30/2024,76.0,75.9,76.0,75.0,5.54M,0.66%
05/29/2024,75.5,75.4,75.9,74.9,2.23M,0.53%
05/28/2024,75.1,76.2,76.3,75.1,1.63M,-1.57%
05/27/2024,76.3,76.9,76.9,75.9,1.91M,0.13%
05/26/2024,76.2,77.4,77.4,76.1,1.37M,-0.78%
05/23/2024,76.8,78.0,78.0,76.8,2.42M,-1.54%
05/22/2024,78.0,79.0,79.1,77.7,1.08M,-0.64%
05/21/2024,78.5,78.1,78.9,77.8,1.27M,0.51%
05/20/2024,78.1,79.8,79.8,77.8,1.76M,-2.25%
05/19/2024,79.9,81.3,81.3,79.7,685.55K,-1.24%
05/16/2024,80.9,79.8,80.9,79.7,1.22M,1.63%
05/15/2024,79.6,79.9,80.5,79.6,714.89K,-0.25%
05/14/2024,79.8,80.9,81.4,79.8,1.17M,-1.24%
05/13/2024,80.8,80.4,81.1,80.0,903.14K,1.00%
05/12/2024,80.0,80.1,80.4,79.7,386.29K,0.00%
05/09/2024,80.0,81.8,81.8,80.0,908.98K,-1.72%
05/08/2024,81.4,80.8,81.4,80.0,996.84K,0.87%
05/07/2024,80.7,81.6,81.6,80.2,769.11K,-1.10%
05/06/2024,81.6,81.9,82.5,81.0,670.62K,-0.37%
05/05/2024,81.9,82.5,83.3,81.7,484.76K,-0.73%
05/02/2024,82.5,83.0,83.6,81.8,1.77M,-1.55%
05/01/2024,83.8,84.0,85.8,83.7,1.59M,-0.83%
04/30/2024,84.5,85.8,85.8,84.0,3.43M,-1.17%
04/29/2024,85.5,82.8,87.0,82.3,4.39M,4.27%
04/28/2024,82.0,78.9,82.3,78.9,1.29M,4.06%
04/25/2024,78.8,79.7,79.7,78.8,622.42K,-0.13%
04/24/2024,78.9,79.9,80.1,78.7,1.31M,-1.13%
04/23/2024,79.8,79.2,80.4,79.2,1.25M,1.14%
04/22/2024,78.9,80.0,80.5,78.9,1.83M,-1.00%
04/21/2024,79.7,81.1,81.6,79.6,1.25M,-1.48%
04/18/2024,80.9,81.9,81.9,80.7,1.54M,-1.22%
04/17/2024,81.9,82.1,82.5,80.8,2.37M,-0.24%
04/16/2024,82.1,85.7,85.7,82.1,2.70M,-4.20%
04/15/2024,85.7,85.7,87.4,85.4,2.37M,-0.23%
04/14/2024,85.9,86.0,87.0,85.0,2.38M,-2.83%
04/04/2024,88.4,86.2,89.0,86.1,6.14M,2.67%
04/03/2024,86.1,83.2,86.4,82.6,6.87M,3.73%
04/02/2024,83.0,78.7,83.4,78.7,6.41M,5.46%
04/01/2024,78.7,78.3,80.5,78.3,2.28M,0.51%
03/31/2024,78.3,78.1,79.0,78.1,1.41M,0.26%
03/28/2024,78.1,77.1,78.6,76.9,2.03M,1.43%
03/27/2024,77.0,77.3,77.3,76.8,893.83K,0.00%
03/26/2024,77.0,77.3,77.4,76.8,1.10M,-0.13%
03/25/2024,77.1,77.9,78.0,77.1,1.04M,-1.03%
03/24/2024,77.9,78.6,78.6,77.5,588.75K,0.39%
03/21/2024,77.6,78.8,78.9,77.6,1.17M,-1.52%
03/20/2024,78.8,77.0,78.8,76.9,1.80M,2.60%
03/19/2024,76.8,76.9,77.3,76.8,1.16M,-0.13%
03/18/2024,76.9,77.6,77.7,76.9,1.86M,-0.65%
03/17/2024,77.4,77.5,77.7,77.4,648.16K,0.00%
03/14/2024,77.4,78.0,78.2,77.4,3.13M,-0.64%
03/13/2024,77.9,78.7,78.8,77.9,1.84M,-0.89%
03/12/2024,78.6,78.6,78.9,78.2,1.21M,-0.13%
03/11/2024,78.7,78.2,78.7,77.9,1.36M,0.38%
03/10/2024,78.4,78.2,78.6,78.1,679.01K,0.26%
03/07/2024,78.2,79.0,79.0,78.0,1.06M,-0.89%
03/06/2024,78.9,78.0,79.2,78.0,1.07M,1.41%
03/05/2024,77.8,78.0,78.5,77.7,748.34K,0.13%
03/04/2024,77.7,78.3,78.7,77.7,1.12M,-0.64%
03/03/2024,78.2,78.6,78.8,78.2,610.06K,-0.76%
02/29/2024,78.8,79.0,79.0,78.3,2.19M,-0.25%
02/28/2024,79.0,78.5,79.2,77.8,2.37M,-1.13%
02/27/2024,79.9,78.8,79.9,78.7,952.94K,1.40%
02/26/2024,78.8,79.8,80.8,78.8,1.98M,-1.25%
02/25/2024,79.8,79.2,79.8,79.2,753.17K,0.88%
02/21/2024,79.1,79.3,79.4,79.0,919.14K,-0.38%
02/20/2024,79.4,79.2,79.4,78.6,870.51K,0.25%
02/19/2024,79.2,78.8,79.3,78.3,1.47M,0.25%
02/18/2024,79.0,79.0,79.2,78.6,722.89K,0.00%
02/15/2024,79.0,78.6,79.0,78.3,873.86K,0.51%
02/14/2024,78.6,78.5,78.7,78.0,857.89K,0.26%
02/13/2024,78.4,78.7,78.9,78.0,2.29M,-2.00%
02/12/2024,80.0,79.9,80.8,79.6,2.53M,0.63%
02/11/2024,79.5,79.7,79.9,79.4,1.19M,0.51%
02/08/2024,79.1,79.5,79.8,79.1,1.37M,-0.38%
02/07/2024,79.4,78.5,79.6,78.5,1.28M,0.25%
02/06/2024,79.2,78.5,79.2,78.1,1.32M,1.02%
02/05/2024,78.4,78.7,78.9,78.4,671.38K,-0.25%
02/04/2024,78.6,78.4,78.6,78.0,432.50K,0.26%
02/01/2024,78.4,78.0,78.4,77.4,1.11M,0.64%
01/31/2024,77.9,78.1,78.5,77.6,1.09M,-0.26%
01/30/2024,78.1,79.7,79.9,78.0,1.48M,-2.01%
01/29/2024,79.7,79.2,80.0,79.2,1.13M,0.63%
01/28/2024,79.2,79.0,79.5,78.7,665.21K,0.51%
01/25/2024,78.8,79.3,79.4,78.4,1.09M,-0.63%
01/24/2024,79.3,78.8,79.4,78.5,741.21K,0.63%
01/23/2024,78.8,78.4,78.8,78.0,886.76K,0.77%
01/22/2024,78.2,79.1,79.1,78.0,1.29M,0.51%
01/21/2024,77.8,77.7,78.0,77.5,736.76K,1.04%
01/18/2024,77.0,78.1,78.4,76.0,3.05M,-1.28%
01/17/2024,78.0,79.3,79.3,77.4,2.19M,-1.27%
01/16/2024,79.0,79.9,79.9,79.0,1.09M,-1.13%
01/15/2024,79.9,80.0,80.2,79.5,914.27K,-0.12%
01/14/2024,80.0,79.9,80.3,79.4,661.63K,0.13%
01/11/2024,79.9,80.1,80.8,79.8,1.10M,-0.12%
01/10/2024,80.0,81.2,81.7,80.0,1.58M,-1.36%
01/09/2024,81.1,81.9,82.0,81.1,1.00M,-0.73%
01/08/2024,81.7,81.5,82.1,81.1,1.31M,0.25%
01/07/2024,81.5,80.8,81.5,80.7,1.44M,1.12%
01/04/2024,80.6,80.9,81.0,79.6,2.84M,-1.71%
01/03/2024,82.0,83.3,83.6,81.8,2.28M,-1.56%
01/02/2024,83.3,84.0,84.2,83.0,2.30M,-0.48%
01/01/2024,83.7,83.6,84.0,83.4,1.17M,0.24%
12/31/2023,83.5,83.5,83.9,83.3,699.71K,0.24%
12/28/2023,83.3,82.9,84.3,82.5,2.99M,0.48%
12/27/2023,82.9,82.6,83.0,82.3,1.03M,0.73%
12/26/2023,82.3,82.1,82.7,82.0,1.21M,0.61%
12/25/2023,81.8,81.6,81.9,81.3,1.20M,0.37%
12/24/2023,81.5,81.3,81.5,81.1,324.02K,0.37%
12/21/2023,81.2,81.2,81.7,80.6,1.00M,0.00%
12/20/2023,81.2,82.9,82.9,81.2,1.17M,-1.93%
12/19/2023,82.8,81.4,82.8,81.4,2.14M,1.85%
12/18/2023,81.3,80.0,81.7,79.6,2.07M,1.63%
12/17/2023,80.0,79.8,80.2,79.4,1.17M,1.01%
12/14/2023,79.2,79.3,79.9,79.0,1.83M,0.13%
12/13/2023,79.1,78.9,79.4,78.4,1.06M,0.25%
12/12/2023,78.9,80.6,81.0,78.9,2.43M,-1.87%
12/11/2023,80.4,79.9,81.0,79.5,2.40M,0.63%
12/10/2023,79.9,80.0,80.3,79.8,702.68K,-0.12%
12/07/2023,80.0,80.0,80.1,79.6,782.04K,0.00%
12/06/2023,80.0,80.0,80.2,79.8,1.11M,-0.12%
12/05/2023,80.1,79.8,80.3,79.5,1.29M,0.38%
12/04/2023,79.8,80.2,80.5,79.5,836.55K,-0.37%
12/03/2023,80.1,79.4,80.4,79.4,683.33K,1.14%
11/30/2023,79.2,79.5,79.6,79.0,3.65M,-0.13%
11/29/2023,79.3,79.7,79.7,79.0,739.78K,0.38%
11/28/2023,79.0,79.9,80.4,78.8,1.40M,-0.63%
11/27/2023,79.5,80.6,80.9,79.3,1.14M,-1.61%
11/26/2023,80.8,81.1,81.5,80.6,424.04K,-0.12%
11/23/2023,80.9,81.3,81.9,80.5,571.93K,-0.49%
11/22/2023,81.3,80.8,81.5,80.7,994.78K,0.99%
11/21/2023,80.5,81.7,81.9,80.5,1.25M,-1.35%
11/20/2023,81.6,82.5,82.9,81.6,2.74M,-1.69%
11/19/2023,83.0,82.3,83.0,82.2,722.74K,1.10%
11/16/2023,82.1,81.5,82.4,81.2,1.52M,0.98%
11/15/2023,81.3,78.3,81.3,78.2,2.00M,4.23%
11/14/2023,78.0,78.1,78.6,78.0,548.95K,-0.13%
11/13/2023,78.1,77.9,78.3,77.5,572.28K,0.51%
11/12/2023,77.7,78.0,78.6,77.6,535.33K,-0.13%
11/09/2023,77.8,77.8,78.2,77.2,818.52K,0.00%
11/08/2023,77.8,78.7,78.8,77.8,1.02M,-1.52%
11/07/2023,79.0,80.2,80.2,78.2,1.07M,-0.50%
11/06/2023,79.4,80.4,81.3,79.2,1.39M,-1.24%
11/05/2023,80.4,79.0,80.4,78.9,1.05M,2.68%
11/02/2023,78.3,75.8,80.0,75.7,4.37M,3.43%
11/01/2023,75.7,77.3,77.3,75.7,1.98M,-1.69%
10/31/2023,77.0,76.5,77.4,76.5,1.12M,1.18%
10/30/2023,76.1,77.2,77.4,76.1,879.08K,-0.91%
10/29/2023,76.8,76.9,77.3,75.8,628.94K,0.13%
10/26/2023,76.7,77.8,77.8,76.2,1.62M,-1.41%
10/25/2023,77.8,76.2,77.8,76.1,1.04M,2.37%
10/24/2023,76.0,76.1,77.1,75.3,1.33M,0.26%
10/23/2023,75.8,78.6,78.7,75.8,2.79M,-3.81%
10/22/2023,78.8,79.2,79.6,78.8,908.22K,-0.38%
10/19/2023,79.1,79.0,79.1,78.9,722.88K,0.25%
10/18/2023,78.9,79.6,79.7,78.8,2.49M,-0.75%
10/17/2023,79.5,79.0,79.6,78.8,1.63M,0.89%
10/16/2023,78.8,80.1,80.2,78.8,2.56M,-1.50%
10/15/2023,80.0,80.5,80.6,79.6,931.28K,-0.12%
10/12/2023,80.1,79.2,80.1,78.8,1.77M,1.26%
10/11/2023,79.1,81.0,81.1,79.1,2.95M,-2.10%
10/10/2023,80.8,80.9,81.2,80.5,1.45M,0.37%
10/09/2023,80.5,82.2,82.2,80.3,2.40M,-1.83%
10/08/2023,82.0,82.8,83.0,82.0,573.05K,-1.09%
10/05/2023,82.9,81.5,83.0,81.1,2.53M,2.22%
10/04/2023,81.1,82.1,82.2,81.1,1.11M,-1.22%
10/03/2023,82.1,82.0,82.4,82.0,1.02M,0.12%
10/02/2023,82.0,82.8,83.0,82.0,1.64M,-0.85%
10/01/2023,82.7,83.0,83.0,82.0,1.44M,0.24%
09/28/2023,82.5,83.1,83.4,82.5,1.41M,0.00%
09/27/2023,82.5,82.3,83.4,82.0,1.68M,0.24%
09/26/2023,82.3,83.2,84.1,82.3,2.18M,-0.96%
09/25/2023,83.1,83.3,83.7,83.0,1.31M,0.12%
09/21/2023,83.0,84.3,84.4,83.0,1.56M,-1.19%
09/20/2023,84.0,84.8,85.0,84.0,1.36M,-0.59%
09/19/2023,84.5,84.6,85.1,84.1,1.06M,0.48%
09/18/2023,84.1,85.5,85.6,84.1,1.50M,-1.64%
09/17/2023,85.5,85.8,86.1,85.1,861.35K,0.00%
09/14/2023,85.5,86.0,86.2,85.4,2.12M,-0.23%
09/13/2023,85.7,87.8,87.8,85.6,2.43M,-3.49%
09/12/2023,88.8,90.2,90.4,88.3,2.24M,-1.33%
09/11/2023,90.0,88.7,90.0,88.7,1.78M,1.47%
09/10/2023,88.7,89.0,89.2,88.5,900.62K,-0.22%
09/07/2023,88.9,89.8,90.1,88.9,1.75M,-1.11%
09/06/2023,89.9,89.5,90.3,89.4,1.66M,0.11%
09/05/2023,89.8,89.9,90.2,89.7,1.18M,-0.11%
09/04/2023,89.9,90.1,91.0,89.9,1.84M,-0.11%
09/03/2023,90.0,89.4,90.1,89.3,1.70M,1.81%
08/31/2023,88.4,90.0,90.1,88.4,3.49M,-1.34%
08/30/2023,89.6,89.1,90.1,89.0,2.21M,0.67%
08/29/2023,89.0,88.5,89.2,88.4,2.26M,0.68%
08/28/2023,88.4,88.5,89.0,88.3,1.02M,0.00%
08/27/2023,88.4,87.8,88.5,87.8,737.31K,0.68%
08/24/2023,87.8,88.6,88.7,87.8,1.06M,-0.23%
08/23/2023,88.0,88.3,89.3,88.0,2.25M,0.00%
08/22/2023,88.0,87.4,88.5,87.3,1.51M,0.80%
08/21/2023,87.3,88.2,88.9,87.3,2.50M,-0.80%
08/20/2023,88.0,86.5,88.1,86.5,1.54M,1.73%
08/17/2023,86.5,86.0,87.0,86.0,1.02M,0.12%
08/16/2023,86.4,86.1,87.4,85.7,1.82M,0.35%
08/15/2023,86.1,86.7,87.2,86.1,1.30M,-0.69%
08/14/2023,86.7,88.2,88.2,86.7,1.50M,-1.48%
08/13/2023,88.0,87.4,88.2,87.4,1.18M,0.80%
08/10/2023,87.3,86.0,87.3,85.6,1.91M,1.39%
08/09/2023,86.1,84.4,86.2,83.8,2.94M,2.38%
08/08/2023,84.1,85.0,85.3,84.1,1.18M,-1.06%
08/07/2023,85.0,85.0,85.4,84.0,1.09M,0.00%
08/06/2023,85.0,85.5,85.5,84.7,536.86K,0.00%
08/03/2023,85.0,85.0,86.0,84.9,1.31M,-0.47%
08/02/2023,85.4,85.1,85.8,84.9,1.33M,0.35%
08/01/2023,85.1,85.7,85.7,84.7,1.02M,-0.70%
07/31/2023,85.7,86.4,86.4,84.6,2.00M,-0.81%
07/30/2023,86.4,86.6,87.3,86.2,1.52M,-0.12%
07/27/2023,86.5,86.2,86.8,85.7,1.88M,0.58%
07/26/2023,86.0,86.0,86.5,85.4,2.20M,0.00%
07/25/2023,86.0,85.6,86.1,85.3,1.72M,0.94%
07/24/2023,85.2,86.0,86.3,85.2,1.71M,-0.23%
07/23/2023,85.4,84.5,85.5,83.7,1.51M,1.43%
07/20/2023,84.2,85.6,85.7,84.0,2.33M,-1.52%
07/19/2023,85.5,86.1,86.2,85.3,1.37M,-0.70%
07/18/2023,86.1,87.1,87.2,85.7,2.02M,-1.03%
07/17/2023,87.0,88.2,88.2,87.0,1.51M,-1.36%
07/16/2023,88.2,88.6,88.9,88.0,799.03K,-0.23%
07/13/2023,88.4,88.5,88.8,88.4,972.18K,-0.11%
07/12/2023,88.5,88.7,89.0,88.5,892.08K,0.00%
07/11/2023,88.5,88.9,89.0,88.5,917.76K,-0.34%
07/10/2023,88.8,89.4,89.5,88.7,1.73M,-0.56%
07/09/2023,89.3,88.6,89.4,88.6,783.50K,0.79%
07/06/2023,88.6,88.8,88.9,88.3,779.77K,-0.11%
07/05/2023,88.7,89.3,89.5,88.6,1.18M,-0.67%
07/04/2023,89.3,89.2,89.5,88.9,679.55K,0.11%
07/03/2023,89.2,89.2,89.3,88.6,1.56M,0.22%
07/02/2023,89.0,88.2,89.0,88.2,828.86K,0.91%
06/22/2023,88.2,88.2,88.4,87.9,590.46K,-0.11%
06/21/2023,88.3,88.0,88.3,87.5,1.13M,0.34%
06/20/2023,88.0,88.0,88.3,87.4,1.29M,-0.11%
06/19/2023,88.1,88.9,88.9,87.9,1.31M,-0.68%
06/18/2023,88.7,88.7,88.9,88.5,735.92K,0.45%
06/15/2023,88.3,88.8,88.9,88.2,2.68M,-0.34%
06/14/2023,88.6,88.9,89.0,88.5,1.97M,-0.11%
06/13/2023,88.7,89.2,89.5,88.7,1.61M,-0.67%
06/12/2023,89.3,88.9,89.6,88.8,1.21M,0.45%
06/11/2023,88.9,88.8,89.1,88.7,720.21K,-0.11%
06/08/2023,89.0,89.4,89.5,88.8,924.64K,-0.22%
06/07/2023,89.2,90.0,90.1,89.2,1.06M,-0.56%
06/06/2023,89.7,89.7,90.1,89.2,850.09K,0.00%
06/05/2023,89.7,90.3,90.6,89.7,1.05M,-0.44%
06/04/2023,90.1,88.9,90.3,88.9,705.40K,2.04%
06/01/2023,88.3,88.9,89.1,88.1,1.24M,0.11%
05/31/2023,88.2,90.0,90.1,88.2,3.68M,-2.11%
05/30/2023,90.1,90.1,90.7,90.0,785.34K,0.33%
05/29/2023,89.8,90.2,90.3,89.8,528.56K,-0.44%
05/28/2023,90.2,90.1,90.4,89.9,507.86K,0.11%
05/25/2023,90.1,90.7,90.7,90.0,794.05K,-0.77%
05/24/2023,90.8,90.3,90.8,89.8,1.05M,0.78%
05/23/2023,90.1,90.2,91.0,90.1,803.66K,0.00%
05/22/2023,90.1,90.8,91.0,89.8,1.27M,-0.99%
05/21/2023,91.0,91.3,91.3,90.6,422.97K,-0.22%
05/18/2023,91.2,91.1,91.6,90.6,1.12M,0.22%
05/17/2023,91.0,90.8,91.5,90.6,764.70K,0.00%
05/16/2023,91.0,91.1,91.5,90.3,1.51M,0.00%
05/15/2023,91.0,92.5,92.5,91.0,1.94M,-1.62%
05/14/2023,92.5,93.0,93.2,92.4,1.11M,-0.54%
05/11/2023,93.0,92.2,93.5,92.0,2.05M,0.87%
05/10/2023,92.2,91.5,92.2,91.2,1.52M,0.66%
05/09/2023,91.6,91.4,91.6,90.8,1.03M,0.44%
05/08/2023,91.2,90.2,91.2,90.2,1.11M,1.11%
05/07/2023,90.2,89.4,90.4,89.3,883.11K,1.35%
05/04/2023,89.0,88.7,89.4,88.2,2.31M,-1.00%
05/03/2023,89.9,90.4,90.4,89.6,1.52M,-0.66%
05/02/2023,90.5,91.3,91.4,90.4,1.57M,-0.77%
05/01/2023,91.2,92.9,93.0,91.2,1.43M,-1.83%
04/30/2023,92.9,93.0,93.0,92.7,625.70K,0.65%
04/27/2023,92.3,93.7,94.0,92.3,1.23M,-1.60%
04/26/2023,93.8,94.0,94.2,93.6,1.70M,-0.21%
04/25/2023,94.0,93.0,94.0,92.2,5.19M,2.17%
04/17/2023,92.0,91.3,92.3,91.0,1.24M,0.88%
04/16/2023,91.2,91.3,91.7,91.1,1.22M,0.00%
04/13/2023,91.2,91.5,91.8,91.0,930.01K,-0.33%
04/12/2023,91.5,91.1,91.8,91.0,910.49K,0.44%
04/11/2023,91.1,92.5,92.7,91.0,996.23K,-1.51%
04/10/2023,92.5,92.9,93.0,92.5,387.89K,-0.32%
04/09/2023,92.8,92.6,93.3,92.5,568.26K,0.22%
04/06/2023,92.6,93.6,93.6,92.6,812.76K,-1.17%
04/05/2023,93.7,94.9,95.0,93.0,1.14M,-1.26%
04/04/2023,94.9,93.0,94.9,92.9,1.50M,2.04%
04/03/2023,93.0,92.2,93.0,92.2,1.37M,1.31%
04/02/2023,91.8,90.5,92.0,90.5,1.06M,1.66%
03/30/2023,90.3,89.8,91.0,89.7,1.01M,0.56%
03/29/2023,89.8,90.1,90.4,89.0,1.11M,-0.22%
03/28/2023,90.0,90.5,91.0,89.7,993.62K,-0.44%
03/27/2023,90.4,90.3,91.5,90.3,960.57K,0.11%
03/26/2023,90.3,90.3,91.0,90.0,478.81K,0.00%
03/23/2023,90.3,88.9,90.3,88.5,698.56K,2.15%
03/22/2023,88.4,89.6,90.9,88.4,1.15M,-1.23%
03/21/2023,89.5,87.5,90.0,87.4,1.09M,2.76%
03/20/2023,87.1,87.3,87.5,86.6,906.17K,-0.57%
03/19/2023,87.6,85.8,87.6,85.5,844.21K,2.46%
03/16/2023,85.5,86.8,87.3,85.2,2.32M,-1.38%
03/15/2023,86.7,89.0,89.4,86.4,1.12M,-2.58%
03/14/2023,89.0,90.1,90.1,89.0,1.39M,-2.73%
03/13/2023,91.5,91.0,92.0,90.9,1.26M,0.55%
03/12/2023,91.0,90.4,91.3,90.0,544.98K,0.66%
03/09/2023,90.4,90.8,90.9,90.2,1.01M,-0.44%
03/08/2023,90.8,91.5,91.5,89.9,1.42M,-1.20%
03/07/2023,91.9,91.2,92.2,91.1,955.52K,0.77%
03/06/2023,91.2,91.3,91.4,90.9,924.32K,0.11%
03/05/2023,91.1,91.0,91.4,90.6,514.85K,0.77%
03/02/2023,90.4,89.4,90.8,89.4,1.70M,1.46%
03/01/2023,89.1,88.8,89.9,88.6,1.33M,0.68%
02/28/2023,88.5,90.0,90.7,88.1,4.18M,-3.70%
02/27/2023,91.9,91.3,92.4,91.0,1.32M,0.77%
02/26/2023,91.2,91.0,91.5,90.7,554.56K,0.33%
02/23/2023,90.9,92.4,92.5,90.9,5.06M,-1.94%
02/21/2023,92.7,94.0,94.9,92.5,1.63M,-1.59%
02/20/2023,94.2,95.2,95.3,93.4,1.17M,-0.95%
02/19/2023,95.1,95.0,96.0,95.0,737.79K,-0.52%
02/16/2023,95.6,94.3,95.9,94.2,1.35M,1.06%
02/15/2023,94.6,93.9,94.7,93.7,1.35M,0.11%
02/14/2023,94.5,93.6,95.4,93.6,1.40M,1.50%
02/13/2023,93.1,92.5,93.9,92.4,629.40K,0.65%
02/12/2023,92.5,92.2,92.8,91.8,400.62K,0.22%
02/09/2023,92.3,92.6,93.5,91.8,1.93M,-0.54%
02/08/2023,92.8,91.5,93.3,91.0,1.70M,1.87%
02/07/2023,91.1,91.4,92.4,90.5,1.59M,-0.22%
02/06/2023,91.3,90.3,91.7,88.0,2.28M,1.11%
02/05/2023,90.3,91.8,91.8,90.0,624.04K,-1.20%
02/02/2023,91.4,92.2,92.8,91.2,1.08M,-1.61%
02/01/2023,92.9,92.7,93.4,92.0,1.12M,0.22%
01/31/2023,92.7,94.0,94.2,92.7,1.98M,-1.80%
01/30/2023,94.4,94.9,94.9,92.9,2.11M,-0.63%
01/29/2023,95.0,96.0,96.0,94.7,609.75K,-0.42%
01/26/2023,95.4,97.3,97.3,95.4,1.53M,-2.05%
01/25/2023,97.4,95.8,97.4,95.6,4.89M,1.67%
01/24/2023,95.8,95.2,95.8,95.0,575.81K,0.84%
01/23/2023,95.0,95.0,95.4,94.7,1.07M,0.00%
01/22/2023,95.0,94.7,95.6,94.6,656.40K,0.53%
01/19/2023,94.5,94.8,94.8,94.0,984.24K,-0.63%
01/18/2023,95.1,95.2,95.2,94.1,1.43M,-0.21%
01/17/2023,95.3,95.0,95.5,94.0,1.30M,0.00%
01/16/2023,95.3,93.9,95.3,92.6,2.03M,1.38%
01/15/2023,94.0,94.8,95.0,94.0,530.48K,-0.74%
01/12/2023,94.7,93.5,94.7,93.2,1.30M,1.28%
01/11/2023,93.5,93.5,94.4,93.3,1.40M,0.00%
01/10/2023,93.5,93.0,93.7,92.4,1.35M,0.54%
01/09/2023,93.0,91.0,93.0,90.5,1.31M,2.65%
01/08/2023,90.6,90.2,91.1,90.0,622.24K,0.44%
01/05/2023,90.2,89.9,90.6,89.3,1.20M,0.22%
01/04/2023,90.0,90.6,90.9,90.0,1.22M,-0.66%
01/03/2023,90.6,90.0,91.0,89.9,605.04K,0.67%
01/02/2023,90.0,90.0,90.2,89.7,662.49K,0.00%
01/01/2023,90.0,89.8,90.3,89.1,492.45K,0.67%
12/29/2022,89.4,89.5,90.5,88.8,2.01M,-0.11%
12/28/2022,89.5,87.1,89.7,87.0,2.01M,2.87%
12/27/2022,87.0,85.6,87.5,85.6,1.30M,1.64%
12/26/2022,85.6,85.0,85.8,84.6,750.55K,0.82%
12/25/2022,84.9,85.0,85.6,84.5,859.50K,0.12%
12/22/2022,84.8,85.0,85.0,84.2,1.05M,0.00%
12/21/2022,84.8,86.2,86.3,84.5,1.50M,-1.40%
12/20/2022,86.0,83.6,86.0,82.5,2.97M,2.87%
12/19/2022,83.6,82.2,83.6,81.9,1.46M,1.83%
12/18/2022,82.1,81.7,82.5,81.4,917.30K,0.74%
12/15/2022,81.5,80.6,82.3,80.6,2.98M,0.62%
12/14/2022,81.0,81.8,82.9,80.9,1.86M,0.00%
12/13/2022,81.0,80.2,82.1,80.2,2.21M,1.38%
12/12/2022,79.9,81.0,81.0,79.2,1.93M,-1.72%
12/11/2022,81.3,81.6,82.7,80.8,955.64K,-0.25%
12/08/2022,81.5,80.3,82.3,80.0,1.99M,1.88%
12/07/2022,80.0,81.8,81.8,80.0,1.88M,-2.44%
12/06/2022,82.0,81.7,82.0,80.7,5.68M,0.49%
12/05/2022,81.6,83.8,84.0,81.6,2.02M,-2.63%
12/04/2022,83.8,84.6,84.6,83.8,1.00M,-0.24%
12/01/2022,84.0,83.9,84.5,83.5,2.07M,1.20%
11/30/2022,83.0,83.8,83.8,82.0,3.90M,-0.48%
11/29/2022,83.4,82.8,83.8,82.4,4.02M,1.09%
11/28/2022,82.5,83.2,84.6,82.2,2.07M,-2.25%
11/27/2022,84.4,84.3,84.5,82.9,854.39K,0.00%
11/24/2022,84.4,83.0,84.4,81.8,1.66M,1.81%
11/22/2022,82.9,82.0,83.1,81.1,1.41M,1.10%
11/21/2022,82.0,83.8,83.9,81.3,2.36M,-2.15%
11/20/2022,83.8,84.9,84.9,83.7,1.07M,-1.30%
11/17/2022,84.9,84.4,84.9,83.7,1.65M,1.07%
11/16/2022,84.0,84.4,84.5,83.1,1.49M,-0.71%
11/15/2022,84.6,85.3,85.3,84.0,1.93M,-0.24%
11/14/2022,84.8,84.6,85.5,83.5,4.61M,0.24%
11/13/2022,84.6,85.4,85.4,84.0,1.02M,0.83%
11/10/2022,83.9,84.0,84.0,83.0,1.61M,-0.47%
11/09/2022,84.3,85.2,85.2,83.7,1.78M,-1.06%
11/08/2022,85.2,86.0,86.0,84.0,2.14M,-0.81%
11/07/2022,85.9,86.1,86.2,85.2,2.12M,-0.23%
11/06/2022,86.1,87.0,87.1,86.1,968.23K,0.58%
11/03/2022,85.6,86.0,86.0,84.8,2.53M,-0.93%
11/02/2022,86.4,87.0,87.1,84.4,3.31M,-0.69%
11/01/2022,87.0,88.5,88.6,85.9,2.45M,-1.58%
10/31/2022,88.4,88.3,88.4,87.6,1.62M,0.45%
10/30/2022,88.0,88.8,88.8,87.0,1.63M,-2.00%
10/27/2022,89.8,90.6,91.4,89.8,2.46M,-0.88%
10/26/2022,90.6,93.1,93.4,89.9,3.76M,-2.69%
10/25/2022,93.1,93.9,94.1,93.1,1.96M,-0.96%
10/24/2022,94.0,93.3,94.3,92.8,4.83M,0.32%
10/23/2022,93.7,93.3,94.3,93.3,2.42M,1.30%
10/20/2022,92.5,92.3,93.4,92.3,2.36M,0.33%
10/19/2022,92.2,92.1,92.3,91.0,2.06M,0.22%
10/18/2022,92.0,91.2,92.3,91.1,3.07M,1.55%
10/17/2022,90.6,90.0,91.5,89.8,2.36M,1.00%
10/16/2022,89.7,90.3,90.5,88.9,911.79K,-0.33%
10/13/2022,90.0,91.3,91.8,90.0,1.18M,-1.32%
10/12/2022,91.2,91.6,92.7,91.2,1.38M,-0.22%
10/11/2022,91.4,92.0,92.4,91.2,2.04M,-0.65%
10/10/2022,92.0,92.9,93.6,91.0,2.12M,-1.08%
10/09/2022,93.0,95.0,95.9,93.0,1.73M,-1.80%
10/06/2022,94.7,92.5,95.6,92.2,3.97M,2.49%
10/05/2022,92.4,93.0,93.0,91.4,2.53M,1.43%
10/04/2022,91.1,90.6,91.3,90.3,2.72M,1.11%
10/03/2022,90.1,90.1,90.7,89.4,3.08M,0.45%
10/02/2022,89.7,88.8,90.3,88.2,2.55M,1.01%
09/29/2022,88.8,87.9,88.8,87.8,4.35M,1.37%
09/28/2022,87.6,87.7,88.4,86.9,4.56M,0.69%
09/27/2022,87.0,87.2,87.9,86.1,4.39M,0.58%
09/26/2022,86.5,88.0,88.6,86.5,5.35M,-2.04%
09/25/2022,88.3,88.0,88.6,87.6,2.79M,-2.11%
09/21/2022,90.2,90.0,90.4,89.4,2.33M,0.22%
09/20/2022,90.0,91.0,91.5,89.9,2.99M,-0.33%
09/19/2022,90.3,91.5,91.6,89.8,4.54M,-1.42%
09/18/2022,91.6,93.6,93.6,90.9,2.26M,-2.24%
09/15/2022,93.7,96.0,96.2,93.7,3.31M,-1.88%
09/14/2022,95.5,94.4,96.6,94.4,2.25M,-2.05%
09/13/2022,97.5,97.1,98.0,96.8,1.65M,0.72%
09/12/2022,96.8,97.0,97.3,96.7,2.29M,-2.22%
09/11/2022,99.0,99.4,99.4,98.6,2.29M,1.23%
09/08/2022,97.8,98.5,98.8,97.2,1.82M,-0.41%
09/07/2022,98.2,99.8,99.8,97.7,2.30M,-1.70%
09/06/2022,99.9,99.8,101.6,99.7,2.79M,-0.10%
09/05/2022,100.0,100.2,100.8,99.7,2.01M,0.00%
09/04/2022,100.0,99.0,100.4,98.7,1.55M,1.01%
09/01/2022,99.0,100.2,100.4,98.7,2.88M,-1.20%
08/31/2022,100.2,101.8,102.0,99.9,3.97M,-1.76%
08/30/2022,102.0,103.0,103.2,102.0,2.50M,-0.39%
08/29/2022,102.4,103.0,103.6,102.0,3.23M,-0.78%
08/28/2022,103.2,102.6,103.8,102.2,1.62M,-0.58%
08/25/2022,103.8,102.2,104.0,102.2,1.66M,1.96%
08/24/2022,101.8,101.0,102.4,100.6,2.90M,0.79%
08/23/2022,101.0,103.0,103.6,101.0,2.74M,-2.32%
08/22/2022,103.4,103.6,104.6,103.2,2.02M,-0.39%
08/21/2022,103.8,106.2,106.4,103.8,2.24M,-2.26%
08/18/2022,106.2,107.2,107.2,106.2,2.10M,-0.75%
08/17/2022,107.0,105.8,107.4,105.2,2.36M,1.33%
08/16/2022,105.6,105.0,106.4,104.8,2.57M,0.57%
08/15/2022,105.0,104.2,105.4,103.8,2.26M,0.77%
08/14/2022,104.2,104.0,105.0,104.0,1.03M,0.39%
08/11/2022,103.8,104.4,104.6,103.4,1.52M,0.19%
08/10/2022,103.6,102.8,104.0,102.2,1.58M,0.78%
08/09/2022,102.8,103.4,104.2,101.8,3.41M,1.58%
08/08/2022,101.2,101.4,101.6,100.6,2.76M,0.80%
08/07/2022,100.4,101.0,101.6,100.2,1.73M,0.40%
08/04/2022,100.0,101.8,102.2,100.0,2.86M,-1.57%
08/03/2022,101.6,101.4,101.6,100.4,1.67M,0.00%
08/02/2022,101.6,102.4,102.4,100.8,1.94M,-0.39%
08/01/2022,102.0,101.0,102.6,100.4,3.28M,1.19%
07/31/2022,100.8,100.0,101.6,99.9,2.20M,1.82%
07/28/2022,99.0,97.3,99.1,97.2,2.78M,2.48%
07/27/2022,96.6,97.2,98.1,96.6,1.91M,-1.02%
07/26/2022,97.6,97.6,98.2,97.0,1.56M,0.00%
07/25/2022,97.6,98.0,98.1,97.1,1.62M,-0.71%
07/24/2022,98.3,98.0,99.3,97.9,1.59M,0.31%
07/21/2022,98.0,98.9,98.9,96.8,2.76M,-0.20%
07/20/2022,98.2,100.0,100.4,98.0,1.60M,-1.41%
07/19/2022,99.6,99.2,100.8,99.0,2.10M,0.61%
07/18/2022,99.0,96.2,99.0,96.1,1.53M,3.13%
07/17/2022,96.0,96.0,96.8,95.7,904.76K,1.48%
07/14/2022,94.6,95.4,96.0,93.5,1.67M,-1.46%
07/13/2022,96.0,97.4,98.4,95.0,2.29M,-1.64%
07/06/2022,97.6,98.0,98.2,97.4,1.97M,-1.21%
07/05/2022,98.8,100.0,100.8,98.1,2.38M,-1.20%
07/04/2022,100.0,102.0,102.6,99.1,1.90M,-1.77%
07/03/2022,101.8,103.8,103.8,101.8,905.88K,0.20%
06/30/2022,101.6,105.2,106.0,101.6,3.10M,-3.42%
06/29/2022,105.2,104.4,106.2,103.0,2.22M,0.57%
06/28/2022,104.6,101.2,104.6,101.0,1.98M,3.36%
06/27/2022,101.2,102.0,102.8,101.2,1.24M,-0.39%
06/26/2022,101.6,102.0,102.6,101.0,1.12M,1.20%
06/23/2022,100.4,101.8,101.8,99.0,2.20M,-1.18%
06/22/2022,101.6,104.2,104.2,101.2,1.73M,-2.87%
06/21/2022,104.6,103.4,105.6,102.6,1.99M,2.35%
06/20/2022,102.2,101.8,103.8,100.6,1.57M,1.19%
06/19/2022,101.0,102.2,102.6,100.0,2.36M,-2.13%
06/16/2022,103.2,107.6,108.2,103.0,3.75M,-3.55%
06/15/2022,107.0,108.6,109.6,107.0,2.43M,-0.56%
06/14/2022,107.6,108.4,109.4,105.6,2.76M,-0.74%
06/13/2022,108.4,110.4,110.4,108.4,3.17M,-1.99%
06/12/2022,110.6,111.6,111.8,110.6,1.65M,-2.12%
06/09/2022,113.0,112.8,113.8,112.0,1.57M,0.18%
06/08/2022,112.8,113.8,114.4,112.6,1.48M,-0.70%
06/07/2022,113.6,115.8,116.2,113.0,2.21M,-1.56%
06/06/2022,115.4,113.0,115.4,112.2,3.16M,3.41%
06/05/2022,111.6,112.4,112.6,110.8,1.67M,-0.53%
06/02/2022,112.2,113.6,113.8,112.2,1.71M,-1.23%
06/01/2022,113.6,114.2,115.0,113.4,2.62M,-0.87%
05/31/2022,114.6,115.2,116.6,114.4,5.81M,0.35%
05/30/2022,114.2,114.2,116.4,114.2,5.26M,0.18%
05/29/2022,114.0,114.4,114.4,113.4,1.71M,1.42%
05/26/2022,112.4,113.8,115.0,111.8,2.93M,-0.53%
05/25/2022,113.0,112.8,114.8,112.6,4.87M,0.53%
05/24/2022,112.4,115.2,116.0,112.2,3.21M,-2.26%
05/23/2022,115.0,119.4,120.0,114.4,3.19M,-3.36%
05/22/2022,119.0,120.2,120.4,118.6,2.09M,-0.34%
05/19/2022,119.4,120.0,121.2,117.4,2.46M,-1.32%
05/18/2022,121.0,122.0,123.4,120.0,3.91M,0.17%
05/17/2022,120.8,121.0,124.6,120.0,2.96M,0.67%
05/16/2022,120.0,123.2,124.4,120.0,3.31M,-2.44%
05/15/2022,123.0,124.0,124.8,122.6,1.88M,1.65%
05/12/2022,121.0,125.0,125.4,121.0,3.60M,-1.63%
05/11/2022,123.0,126.6,129.6,123.0,4.49M,-2.54%
05/10/2022,126.2,126.8,128.8,126.2,2.89M,-0.47%
05/09/2022,126.8,127.8,129.2,126.8,4.38M,-0.94%
05/08/2022,128.0,132.0,132.4,127.8,1.34M,-2.29%
04/28/2022,131.0,129.0,131.0,129.0,3.19M,1.55%
04/27/2022,129.0,125.2,129.6,125.2,2.55M,3.04%
04/26/2022,125.2,122.2,125.2,122.0,1.81M,3.47%
04/25/2022,121.0,124.8,124.8,121.0,5.48M,-3.35%
04/24/2022,125.2,125.4,126.4,124.4,1.16M,-0.32%
04/21/2022,125.6,125.2,128.2,125.2,2.36M,0.48%
04/20/2022,125.0,126.8,127.6,124.8,4.02M,-1.26%
04/19/2022,126.6,128.8,129.2,126.6,3.13M,-1.56%
04/18/2022,128.6,129.6,130.0,128.4,1.33M,-0.77%
04/17/2022,129.6,130.0,130.2,129.0,809.44K,0.47%
04/14/2022,129.0,129.8,130.4,129.0,3.10M,-0.15%
04/13/2022,129.2,130.0,131.0,129.2,1.55M,-0.15%
04/12/2022,129.4,132.4,132.8,129.4,3.11M,-2.27%
04/11/2022,132.4,134.4,134.4,132.4,2.94M,-2.36%
04/10/2022,135.6,135.0,136.0,134.6,1.55M,0.89%
04/07/2022,134.4,133.6,135.2,133.0,2.03M,1.05%
04/06/2022,133.0,132.6,134.6,132.2,4.11M,0.61%
04/05/2022,132.2,132.2,134.4,131.6,2.89M,0.30%
04/04/2022,131.8,131.0,132.0,130.6,957.44K,0.61%
04/03/2022,131.0,131.4,132.4,130.4,1.46M,0.00%
03/31/2022,131.0,129.2,131.0,129.2,2.09M,0.77%
03/30/2022,130.0,130.6,131.0,128.8,1.60M,-0.76%
03/29/2022,131.0,131.2,131.8,130.6,1.61M,-0.46%
03/28/2022,131.6,130.8,131.6,130.4,1.90M,0.61%
03/27/2022,130.8,129.8,131.8,129.8,2.04M,0.77%
03/24/2022,129.8,129.4,131.4,128.6,3.26M,0.15%
03/23/2022,129.6,128.2,129.6,128.2,2.42M,-0.15%
03/22/2022,129.8,128.4,129.8,128.0,2.02M,1.41%
03/21/2022,128.0,128.4,130.8,127.6,3.81M,-0.31%
03/20/2022,128.4,128.8,129.4,127.6,1.84M,0.78%
03/17/2022,127.4,128.2,130.6,127.4,17.10M,-1.09%
03/16/2022,128.8,126.4,129.4,126.4,4.14M,1.90%
03/15/2022,126.4,128.8,129.2,126.4,2.54M,-2.17%
03/14/2022,129.2,131.0,131.4,128.8,1.96M,-1.52%
03/13/2022,131.2,131.8,133.6,131.2,2.29M,-0.61%
03/10/2022,132.0,133.4,135.0,131.4,2.60M,-1.64%
03/09/2022,134.2,138.2,138.8,134.2,2.86M,-2.75%
03/08/2022,138.0,138.8,138.8,137.0,3.84M,-0.72%
03/07/2022,139.0,138.4,141.4,137.2,7.78M,1.61%
03/06/2022,136.8,138.0,138.8,136.8,4.40M,1.33%
03/03/2022,135.0,136.0,137.8,134.2,8.70M,0.90%
03/02/2022,133.8,130.0,135.0,130.0,8.86M,3.72%
03/01/2022,129.0,124.6,130.0,124.4,6.90M,3.53%
02/28/2022,124.6,121.8,124.6,120.8,5.04M,2.30%
02/27/2022,121.8,122.4,122.6,121.2,1.69M,1.16%
02/24/2022,120.4,120.0,123.0,118.6,3.58M,-1.31%
02/23/2022,122.0,121.0,123.4,120.6,3.70M,0.83%
02/21/2022,121.0,119.6,122.2,119.6,2.86M,1.51%
02/20/2022,119.2,121.2,121.6,119.0,2.24M,-1.65%
02/17/2022,121.2,122.4,123.0,121.2,2.12M,-0.98%
02/16/2022,122.4,121.4,123.0,121.2,2.37M,1.16%
02/15/2022,121.0,120.6,122.2,120.2,1.98M,0.33%
02/14/2022,120.6,119.4,120.8,118.8,1.90M,1.17%
02/13/2022,119.2,121.8,121.8,118.8,1.73M,-2.30%
02/10/2022,122.0,121.4,122.0,121.2,1.10M,0.49%
02/09/2022,121.4,121.8,122.0,121.2,1.10M,-0.16%
02/08/2022,121.6,121.6,122.2,120.8,1.32M,0.50%
02/07/2022,121.0,121.6,122.6,121.0,1.98M,-0.33%
02/06/2022,121.4,122.8,122.8,120.8,1.68M,0.00%
02/03/2022,121.4,123.0,124.0,121.0,2.10M,-1.62%
02/02/2022,123.4,124.0,125.0,123.2,1.84M,-0.48%
02/01/2022,124.0,125.0,125.4,123.8,1.21M,-0.48%
01/31/2022,124.6,125.2,126.4,124.6,3.49M,-0.48%
01/30/2022,125.2,124.4,125.4,124.4,1.91M,1.46%
01/27/2022,123.4,124.0,124.2,123.4,1.04M,-0.48%
01/26/2022,124.0,124.4,125.0,123.6,1.30M,0.00%
01/25/2022,124.0,124.8,124.8,123.0,1.46M,-0.80%
01/24/2022,125.0,124.8,125.4,123.4,1.04M,0.00%
01/23/2022,125.0,126.2,126.2,124.2,1.03M,-1.11%
01/20/2022,126.4,126.6,126.8,125.2,1.76M,-0.16%
01/19/2022,126.6,124.2,126.6,124.2,2.50M,1.77%
01/18/2022,124.4,124.0,124.4,123.6,1.68M,0.48%
01/17/2022,123.8,124.0,124.2,122.6,1.62M,0.32%
01/16/2022,123.4,122.6,124.4,122.4,1.75M,1.15%
01/13/2022,122.0,121.0,122.0,120.8,1.86M,0.83%
01/12/2022,121.0,120.6,121.0,120.0,1.44M,0.67%
01/11/2022,120.2,119.4,120.4,118.6,1.84M,1.01%
01/10/2022,119.0,118.8,120.0,118.6,1.34M,0.17%
01/09/2022,118.8,118.8,119.0,117.8,807.91K,0.68%
01/06/2022,118.0,118.8,118.8,117.0,1.35M,-0.84%
01/05/2022,119.0,117.4,119.0,117.0,1.61M,1.36%
01/04/2022,117.4,117.0,117.4,116.6,1.06M,0.51%
01/03/2022,116.8,116.6,117.4,116.0,1.00M,0.17%
01/02/2022,116.6,116.0,117.4,115.4,915.83K,0.52%
12/30/2021,116.0,115.2,116.4,115.0,1.52M,0.87%
12/29/2021,115.0,116.8,117.8,114.4,1.78M,-1.71%
12/28/2021,117.0,115.0,117.0,115.0,1.42M,1.74%
12/27/2021,115.0,114.4,115.2,113.4,937.14K,0.35%
12/26/2021,114.6,115.6,116.0,114.6,560.95K,-0.87%
12/23/2021,115.6,114.8,115.6,114.2,1.51M,1.40%
12/22/2021,114.0,116.6,117.8,113.4,2.45M,-1.72%
12/21/2021,116.0,115.6,116.6,115.0,1.44M,1.05%
12/20/2021,114.8,113.0,114.8,112.0,2.45M,0.88%
12/19/2021,113.8,115.4,115.4,113.6,2.27M,-2.57%
12/16/2021,116.8,115.8,118.0,115.6,3.25M,2.10%
12/15/2021,114.4,112.2,114.6,111.8,2.20M,1.96%
12/14/2021,112.2,111.4,112.6,110.6,1.27M,0.90%
12/13/2021,111.2,110.6,113.0,110.6,1.95M,1.46%
12/12/2021,109.6,108.4,109.8,107.8,1.33M,1.11%
12/09/2021,108.4,110.0,110.8,107.6,2.45M,-1.28%
12/08/2021,109.8,112.2,112.4,109.6,1.72M,-1.61%
12/07/2021,111.6,112.4,113.2,111.6,1.85M,1.09%
12/06/2021,110.4,112.8,114.8,110.4,3.48M,-0.90%
12/05/2021,111.4,109.8,111.4,109.2,1.55M,2.77%
12/02/2021,108.4,109.2,109.8,108.2,1.70M,-0.73%
12/01/2021,109.2,108.6,110.8,108.4,2.46M,0.92%
11/30/2021,108.2,110.0,110.2,106.8,6.21M,-2.70%
11/29/2021,111.2,113.4,114.4,109.6,3.53M,-0.71%
11/28/2021,112.0,113.0,115.0,112.0,2.88M,-6.20%
11/25/2021,119.4,120.0,121.8,119.4,1.81M,-0.50%
11/24/2021,120.0,120.8,121.0,119.4,1.78M,0.33%
11/23/2021,119.6,120.0,121.2,118.2,2.89M,-0.33%
11/22/2021,120.0,122.0,122.8,119.4,1.94M,-1.80%
11/21/2021,122.2,123.8,123.8,120.8,1.76M,-2.40%
11/18/2021,125.2,127.4,127.8,124.8,1.59M,-1.73%
11/17/2021,127.4,128.0,129.2,127.4,831.24K,-0.93%
11/16/2021,128.6,128.4,128.8,127.0,1.03M,0.16%
11/15/2021,128.4,129.2,130.0,128.4,1.11M,-0.47%
11/14/2021,129.0,129.2,129.6,128.4,663.47K,0.47%
11/11/2021,128.4,128.6,129.4,127.0,1.25M,0.16%
11/10/2021,128.2,128.0,128.6,127.4,936.41K,0.47%
11/09/2021,127.6,129.4,129.6,127.6,983.02K,-0.62%
11/08/2021,128.4,129.6,130.6,128.2,1.41M,-0.77%
11/07/2021,129.4,128.8,129.6,128.2,1.19M,1.73%
11/04/2021,127.2,126.6,127.4,125.8,899.36K,0.32%
11/03/2021,126.8,128.2,128.4,125.4,1.94M,-0.78%
11/02/2021,127.8,128.0,129.8,127.8,1.96M,0.00%
11/01/2021,127.8,127.0,129.0,126.2,1.31M,0.79%
10/31/2021,126.8,129.0,130.2,126.6,1.84M,-1.71%
10/28/2021,129.0,129.2,131.0,128.6,3.40M,-3.01%
10/27/2021,133.0,135.0,136.2,132.0,1.68M,-1.19%
10/26/2021,134.6,135.4,136.6,134.6,1.27M,-0.44%
10/25/2021,135.2,135.0,136.2,134.0,1.70M,0.30%
10/24/2021,134.8,134.2,135.8,134.0,1.58M,0.45%
10/21/2021,134.2,133.8,135.4,133.4,2.00M,0.45%
10/20/2021,133.6,131.6,133.8,131.4,2.14M,1.98%
10/19/2021,131.0,133.0,133.2,130.4,1.67M,-1.06%
10/18/2021,132.4,134.0,134.2,131.6,1.75M,-1.49%
10/17/2021,134.4,134.0,134.8,133.4,1.63M,0.60%
10/14/2021,133.6,132.6,134.4,132.6,2.29M,1.06%
10/13/2021,132.2,128.6,132.2,128.2,2.86M,2.80%
10/12/2021,128.6,129.0,130.4,128.0,2.80M,0.16%
10/11/2021,128.4,128.2,129.8,126.2,2.69M,0.47%
10/10/2021,127.8,126.0,128.8,126.0,3.08M,1.27%
10/07/2021,126.2,125.4,126.6,125.2,1.12M,0.80%
10/06/2021,125.2,126.0,127.2,125.2,1.98M,-0.63%
10/05/2021,126.0,124.8,126.6,124.8,2.18M,1.12%
10/04/2021,124.6,125.8,126.6,124.4,2.84M,-0.95%
10/03/2021,125.8,127.0,127.4,125.2,1.87M,-1.26%
09/30/2021,127.4,127.0,127.6,126.2,2.65M,0.31%
09/29/2021,127.0,128.0,128.8,126.6,2.40M,-1.40%
09/28/2021,128.8,128.0,131.2,127.4,4.42M,0.63%
09/27/2021,128.0,125.8,128.8,125.6,4.68M,2.24%
09/26/2021,125.2,123.4,125.4,123.0,2.81M,2.45%
09/22/2021,122.2,123.2,123.6,122.2,1.31M,-0.81%
09/21/2021,123.2,122.8,123.6,122.4,1.44M,-0.16%
09/20/2021,123.4,123.4,123.6,122.6,1.99M,-1.28%
09/19/2021,125.0,124.2,125.2,123.6,2.58M,0.97%
09/16/2021,123.8,125.4,125.6,123.8,11.80M,-0.96%
09/15/2021,125.0,122.6,125.8,122.6,2.89M,1.96%
09/14/2021,122.6,123.4,123.6,122.6,1.23M,-0.65%
09/13/2021,123.4,122.4,123.4,122.2,1.28M,0.82%
09/12/2021,122.4,123.8,124.0,121.8,1.41M,-1.13%
09/09/2021,123.8,123.8,124.0,123.0,1.13M,-0.16%
09/08/2021,124.0,123.2,124.0,122.6,1.43M,0.65%
09/07/2021,123.2,123.0,123.6,122.6,1.02M,0.33%
09/06/2021,122.8,122.6,123.0,122.0,1.30M,0.33%
09/05/2021,122.4,122.2,122.8,122.0,892.68K,0.16%
09/02/2021,122.2,122.2,122.8,122.0,1.68M,-0.16%
09/01/2021,122.4,123.0,123.8,122.4,1.49M,-0.49%
08/31/2021,123.0,122.0,123.0,122.0,2.49M,0.82%
08/30/2021,122.0,121.4,122.0,121.0,1.33M,0.83%
08/29/2021,121.0,120.8,121.4,120.4,777.42K,0.50%
08/26/2021,120.4,121.0,121.0,120.0,1.59M,-0.50%
08/25/2021,121.0,121.2,122.2,120.2,1.77M,0.17%
08/24/2021,120.8,121.0,121.6,120.4,1.82M,0.50%
08/23/2021,120.2,121.4,122.0,120.0,2.01M,-0.66%
08/22/2021,121.0,121.2,122.2,120.2,1.20M,-0.49%
08/19/2021,121.6,123.2,123.4,121.6,3.00M,-1.78%
08/18/2021,123.8,124.8,125.8,123.8,2.83M,-0.96%
08/17/2021,125.0,123.0,125.0,122.8,2.33M,1.63%
08/16/2021,123.0,123.4,124.2,122.8,1.09M,-0.49%
08/15/2021,123.6,122.4,124.8,122.4,1.34M,0.65%
08/12/2021,122.8,122.4,123.6,122.4,1.41M,0.00%
08/11/2021,122.8,123.2,123.4,122.0,1.06M,-0.32%
08/10/2021,123.2,122.0,123.6,122.0,1.19M,1.15%
08/09/2021,121.8,124.6,124.6,121.8,2.47M,-2.25%
08/08/2021,124.6,125.4,125.8,124.6,1.76M,-0.48%
08/05/2021,125.2,124.6,125.6,123.2,3.95M,0.81%
08/04/2021,124.2,123.4,125.0,123.4,2.64M,0.81%
08/03/2021,123.2,122.4,123.6,122.0,2.47M,0.65%
08/02/2021,122.4,121.8,122.8,121.6,1.67M,0.82%
08/01/2021,121.4,121.8,121.8,120.6,1.34M,0.33%
07/29/2021,121.0,120.6,121.0,119.8,1.70M,0.50%
07/28/2021,120.4,120.0,120.8,119.6,1.07M,0.00%
07/27/2021,120.4,120.0,120.4,119.6,1.31M,0.33%
07/26/2021,120.0,120.2,120.4,119.2,835.84K,0.17%
07/25/2021,119.8,120.2,120.8,119.8,1.07M,0.67%
07/15/2021,119.0,118.0,120.0,117.6,1.48M,0.68%
07/14/2021,118.2,117.4,118.2,117.2,1.29M,1.03%
07/13/2021,117.0,117.8,118.8,117.0,1.36M,-0.68%
07/12/2021,117.8,116.8,119.0,116.2,1.54M,0.86%
07/11/2021,116.8,117.2,117.6,115.2,2.05M,-0.17%
07/08/2021,117.0,119.0,119.0,116.4,2.80M,-1.68%
07/07/2021,119.0,119.6,120.2,117.8,1.82M,-0.50%
07/06/2021,119.6,120.6,120.8,119.6,1.05M,-0.83%
07/05/2021,120.6,121.8,121.8,119.6,1.71M,-0.99%
07/04/2021,121.8,121.4,122.8,121.2,1.30M,0.33%
07/01/2021,121.4,121.6,121.6,121.2,427.02K,-0.33%
06/30/2021,121.8,121.8,122.0,120.4,916.95K,0.00%
06/29/2021,121.8,121.6,121.8,120.4,860.64K,0.50%
06/28/2021,121.2,121.8,121.8,120.8,759.19K,0.00%
06/27/2021,121.2,121.4,122.2,121.0,753.02K,0.33%
06/24/2021,120.8,121.2,122.2,120.8,1.21M,-0.17%
06/23/2021,121.0,122.6,123.0,121.0,1.05M,-0.82%
06/22/2021,122.0,121.4,122.4,121.2,1.08M,0.66%
06/21/2021,121.2,120.0,121.4,118.0,1.32M,1.00%
06/20/2021,120.0,122.2,122.4,120.0,1.84M,-1.80%
06/17/2021,122.2,123.2,124.6,122.2,3.13M,-0.65%
06/16/2021,123.0,123.2,123.8,122.8,652.09K,-0.16%
06/15/2021,123.2,124.8,125.0,123.2,1.11M,-1.12%
06/14/2021,124.6,125.2,126.0,124.6,1.55M,-0.32%
06/13/2021,125.0,124.6,125.2,124.6,825.79K,0.32%
06/10/2021,124.6,124.8,125.6,124.4,912.55K,-0.32%
06/09/2021,125.0,125.6,125.6,124.8,1.04M,-0.48%
06/08/2021,125.6,126.0,126.0,124.2,2.08M,-0.32%
06/07/2021,126.0,125.2,126.0,125.2,775.93K,0.64%
06/06/2021,125.2,125.8,126.4,125.2,1.24M,-0.63%
06/03/2021,126.0,125.0,126.6,124.6,1.44M,0.64%
06/02/2021,125.2,124.0,125.8,123.8,1.63M,0.97%
06/01/2021,124.0,124.2,124.8,123.6,1.03M,-0.16%
05/31/2021,124.2,124.0,124.2,123.2,1.15M,0.49%
05/30/2021,123.6,124.2,124.8,123.2,1.10M,-0.48%
05/27/2021,124.2,122.2,124.2,122.2,3.02M,1.64%
05/26/2021,122.2,121.6,123.0,121.6,762.31K,0.66%
05/25/2021,121.4,121.0,122.4,120.8,1.40M,0.50%
05/24/2021,120.8,120.8,121.8,120.6,842.31K,0.00%
05/23/2021,120.8,121.0,121.4,120.6,573.99K,-0.17%
05/20/2021,121.0,122.2,123.0,120.8,1.55M,-1.79%
05/19/2021,123.2,123.2,124.4,122.6,778.86K,-0.48%
05/18/2021,123.8,123.6,125.4,123.6,1.66M,0.16%
05/17/2021,123.6,122.6,123.6,122.0,971.29K,0.65%
05/10/2021,122.8,120.0,122.8,120.0,1.34M,2.50%
05/09/2021,119.8,121.0,121.0,119.8,645.93K,-0.99%
05/06/2021,121.0,120.6,121.4,119.6,1.49M,0.33%
05/05/2021,120.6,122.2,122.4,120.6,757.81K,-1.15%
05/04/2021,122.0,120.8,122.0,120.8,1.07M,0.99%
05/03/2021,120.8,122.0,122.2,120.8,1.28M,-1.15%
05/02/2021,122.2,123.6,123.6,121.6,1.44M,-1.45%
04/29/2021,124.0,127.6,127.6,122.8,2.46M,-2.97%
04/28/2021,127.8,121.0,128.2,120.8,5.76M,6.50%
04/27/2021,120.0,120.0,120.0,119.4,1.24M,0.00%
04/26/2021,120.0,119.4,120.0,118.6,1.23M,0.50%
04/25/2021,119.4,119.8,120.0,119.0,560.67K,-0.33%
04/22/2021,119.8,119.4,119.8,119.0,914.41K,0.34%
04/21/2021,119.4,119.6,120.0,118.8,1.24M,-0.33%
04/20/2021,119.8,119.2,120.0,119.2,1.24M,0.34%
04/19/2021,119.4,117.0,119.4,117.0,2.13M,2.05%
04/18/2021,117.0,116.4,117.4,116.4,880.53K,0.34%
04/15/2021,116.6,115.2,116.6,114.6,1.28M,1.39%
04/14/2021,115.0,116.0,116.0,113.6,1.06M,-1.71%
04/13/2021,117.0,116.4,117.2,116.2,821.79K,0.69%
04/12/2021,116.2,115.8,116.2,114.2,1.48M,0.52%
04/11/2021,115.6,117.2,117.6,114.8,972.85K,-1.53%
04/08/2021,117.4,116.2,117.4,116.2,898.97K,0.69%
04/07/2021,116.6,116.8,117.4,116.0,901.66K,-0.51%
04/06/2021,117.2,116.2,117.4,115.2,1.24M,0.34%
04/05/2021,116.8,117.6,117.6,116.8,691.44K,-0.68%
04/04/2021,117.6,115.2,117.8,114.6,1.46M,2.26%
04/01/2021,115.0,117.4,117.6,115.0,1.78M,-2.04%
03/31/2021,117.4,114.0,117.4,113.6,5.93M,5.58%
03/30/2021,111.2,111.4,112.0,110.8,1.16M,0.00%
03/29/2021,111.2,109.2,111.2,109.0,1.88M,2.02%
03/28/2021,109.0,107.6,109.4,107.6,910.79K,1.87%
03/25/2021,107.0,107.6,109.0,107.0,757.97K,-0.93%
03/24/2021,108.0,107.4,108.4,106.6,701.38K,0.37%
03/23/2021,107.6,109.0,110.0,107.2,1.07M,-1.28%
03/22/2021,109.0,107.8,109.2,107.2,945.14K,0.74%
03/21/2021,108.2,108.8,109.4,107.2,949.19K,-1.10%
03/18/2021,109.4,110.2,110.6,109.0,1.81M,-0.55%
03/17/2021,110.0,111.4,111.6,109.4,1.41M,-1.26%
03/16/2021,111.4,110.4,112.0,110.4,1.72M,0.36%
03/15/2021,111.0,110.4,112.0,109.8,2.24M,0.54%
03/14/2021,110.4,110.0,110.8,110.0,820.22K,0.55%
03/11/2021,109.8,110.8,111.0,109.8,883.34K,-0.90%
03/10/2021,110.8,108.8,111.4,108.6,3.43M,1.84%
03/09/2021,108.8,108.4,109.0,108.2,1.32M,0.55%
03/08/2021,108.2,108.0,109.0,107.6,1.14M,0.00%
03/07/2021,108.2,108.0,110.0,108.0,1.62M,1.88%
03/04/2021,106.2,107.0,107.6,106.2,1.22M,-0.93%
03/03/2021,107.2,105.2,107.8,105.2,1.77M,2.29%
03/02/2021,104.8,104.4,105.8,104.4,1.56M,0.58%
03/01/2021,104.2,103.8,105.2,103.6,1.60M,0.77%
02/28/2021,103.4,105.6,106.4,103.4,2.50M,-3.00%
02/25/2021,106.6,105.6,108.6,105.6,4.09M,1.33%
02/24/2021,105.2,105.4,106.0,104.6,2.25M,0.19%
02/23/2021,105.0,104.4,106.0,104.4,2.46M,0.96%
02/22/2021,104.0,103.0,105.0,102.8,2.80M,0.97%
02/21/2021,103.0,102.2,103.4,102.0,1.06M,0.98%
02/18/2021,102.0,102.0,103.2,102.0,1.97M,-0.20%
02/17/2021,102.2,103.0,103.4,102.0,1.30M,-0.78%
02/16/2021,103.0,102.6,103.4,102.4,1.01M,0.39%
02/15/2021,102.6,103.6,103.8,102.6,1.16M,-0.19%
02/14/2021,102.8,102.6,104.0,102.6,1.24M,0.59%
02/11/2021,102.2,101.2,102.2,101.2,934.62K,0.39%
02/10/2021,101.8,101.8,103.0,101.6,1.10M,0.20%
02/09/2021,101.6,101.2,102.6,101.2,1.67M,0.40%
02/08/2021,101.2,99.7,101.6,99.6,1.34M,1.61%
02/07/2021,99.6,99.0,100.4,99.0,823.58K,0.20%
02/04/2021,99.4,98.0,99.5,98.0,987.70K,0.40%
02/03/2021,99.0,98.7,99.4,97.9,1.33M,0.30%
02/02/2021,98.7,100.2,100.6,98.7,1.53M,-1.30%
02/01/2021,100.0,101.0,101.0,99.8,1.54M,-0.79%
01/31/2021,100.8,101.6,102.4,100.4,1.67M,-1.75%
01/28/2021,102.6,101.6,103.0,100.6,1.45M,0.98%
01/27/2021,101.6,102.0,102.4,101.6,834.78K,0.00%
01/26/2021,101.6,102.4,102.8,101.6,1.32M,-0.78%
01/25/2021,102.4,102.6,103.2,101.6,1.28M,-0.19%
01/24/2021,102.6,103.6,103.6,102.2,824.56K,-1.16%
01/21/2021,103.8,103.8,104.2,103.6,1.31M,0.00%
01/20/2021,103.8,104.0,104.2,103.4,956.82K,0.19%
01/19/2021,103.6,104.6,105.0,103.6,1.31M,-0.77%
01/18/2021,104.4,104.6,104.6,103.6,1.28M,0.00%
01/17/2021,104.4,105.2,105.4,104.2,1.00M,-1.32%
01/14/2021,105.8,105.8,106.0,105.2,1.02M,-0.19%
01/13/2021,106.0,106.2,106.2,105.6,963.62K,-0.19%
01/12/2021,106.2,105.6,106.2,105.4,1.62M,0.19%
01/11/2021,106.0,105.2,106.0,104.8,1.62M,0.38%
01/10/2021,105.6,105.6,106.4,105.2,1.58M,0.57%
01/07/2021,105.0,103.4,105.8,103.4,3.15M,1.35%
01/06/2021,103.6,102.0,103.6,101.8,2.95M,1.57%
01/05/2021,102.0,101.4,102.4,100.6,1.70M,0.99%
01/04/2021,101.0,101.2,101.6,101.0,1.06M,0.40%
01/03/2021,100.6,101.4,101.8,100.4,1.11M,-0.79%
12/31/2020,101.4,102.0,102.0,101.2,1.55M,-0.59%
12/30/2020,102.0,101.4,102.0,101.2,942.67K,0.20%
12/29/2020,101.8,101.4,102.0,101.0,1.04M,0.59%
12/28/2020,101.2,102.2,102.6,101.2,979.10K,-0.78%
12/27/2020,102.0,101.4,102.8,101.2,1.38M,0.79%
12/24/2020,101.2,102.0,102.0,100.6,715.64K,-0.39%
12/23/2020,101.6,101.0,102.0,100.8,915.71K,0.59%
12/22/2020,101.0,98.8,101.4,98.8,1.26M,2.02%
12/21/2020,99.0,99.5,100.8,98.3,3.05M,-2.75%
12/20/2020,101.8,102.4,102.8,101.6,1.57M,0.79%
12/17/2020,101.0,101.4,103.4,101.0,5.31M,-0.39%
12/16/2020,101.4,99.7,101.4,99.7,3.26M,2.22%
12/15/2020,99.2,97.6,101.0,97.6,4.45M,1.33%
12/14/2020,97.9,97.2,97.9,97.0,1.24M,0.82%
12/13/2020,97.1,97.8,97.9,97.0,1.05M,0.10%
12/10/2020,97.0,97.6,98.3,97.0,1.65M,-0.72%
12/09/2020,97.7,96.3,98.6,96.1,4.13M,1.24%
12/08/2020,96.5,96.0,96.5,95.8,1.12M,-0.21%
12/07/2020,96.7,96.0,96.7,95.7,1.23M,0.10%
12/06/2020,96.6,96.8,96.9,96.0,879.34K,-0.10%
12/03/2020,96.7,96.9,96.9,96.3,916.34K,-0.31%
12/02/2020,97.0,96.9,97.4,96.4,1.29M,0.00%
12/01/2020,97.0,96.9,97.0,96.5,1.92M,0.10%
11/30/2020,96.9,96.5,96.9,95.8,3.30M,0.41%
11/29/2020,96.5,96.8,97.2,96.5,1.41M,-0.31%
11/26/2020,96.8,97.2,97.4,96.5,2.00M,-0.82%
11/25/2020,97.6,97.1,98.1,97.1,1.65M,1.04%
11/24/2020,96.6,96.7,97.7,96.6,1.48M,0.21%
11/23/2020,96.4,96.2,97.5,96.0,1.52M,0.10%
11/22/2020,96.3,96.5,97.0,96.1,796.39K,-0.10%
11/19/2020,96.4,97.7,97.7,96.3,1.39M,-1.43%
11/18/2020,97.8,96.3,97.8,95.9,2.31M,1.35%
11/17/2020,96.5,96.3,96.7,95.8,1.46M,0.52%
11/16/2020,96.0,96.0,96.0,95.1,1.08M,0.10%
11/15/2020,95.9,95.3,96.0,95.2,1.14M,0.74%
11/12/2020,95.2,95.8,96.0,95.1,870.96K,-0.83%
11/11/2020,96.0,96.1,96.5,95.5,1.27M,0.10%
11/10/2020,95.9,96.8,97.0,95.6,3.15M,-0.10%
11/09/2020,96.0,92.0,96.0,92.0,2.42M,4.35%
11/08/2020,92.0,89.4,92.4,89.4,1.45M,2.34%
11/05/2020,89.9,90.0,90.4,89.4,1.37M,-0.11%
11/04/2020,90.0,90.2,90.7,89.9,1.05M,0.56%
11/03/2020,89.5,89.9,90.9,89.5,1.03M,-0.56%
11/02/2020,90.0,88.9,90.2,88.7,1.52M,1.35%
11/01/2020,88.8,90.0,90.2,88.8,1.61M,-1.33%
10/29/2020,90.0,91.9,92.6,90.0,1.83M,-3.02%
10/28/2020,92.8,93.4,93.4,92.1,977.69K,-0.75%
10/27/2020,93.5,92.5,93.5,92.0,1.19M,0.97%
10/26/2020,92.6,93.2,95.0,91.6,2.81M,-0.64%
10/25/2020,93.2,97.6,97.7,93.2,1.99M,-4.51%
10/22/2020,97.6,97.0,97.6,96.3,1.84M,0.51%
10/21/2020,97.1,96.7,98.6,96.6,2.48M,0.62%
10/20/2020,96.5,96.8,96.9,96.0,1.25M,-0.52%
10/19/2020,97.0,97.2,98.3,96.7,1.71M,-0.10%
10/18/2020,97.1,96.0,98.4,95.9,1.56M,1.04%
10/15/2020,96.1,97.4,97.4,95.8,1.92M,-1.33%
10/14/2020,97.4,98.0,98.0,97.0,1.70M,-0.71%
10/13/2020,98.1,98.5,98.9,97.6,2.06M,-0.41%
10/12/2020,98.5,98.0,100.0,97.0,4.67M,0.72%
10/11/2020,97.8,92.1,97.8,92.1,8.93M,6.42%
10/08/2020,91.9,88.9,92.4,88.1,6.78M,3.49%
10/07/2020,88.8,88.6,88.8,88.3,1.01M,0.00%
10/06/2020,88.8,88.5,88.8,88.1,1.08M,0.57%
10/05/2020,88.3,87.7,88.3,86.9,1.21M,0.68%
10/04/2020,87.7,88.4,88.4,87.5,1.30M,-0.90%
10/01/2020,88.5,88.7,89.1,88.3,1.52M,0.11%
09/30/2020,88.4,88.5,88.9,88.3,1.55M,-0.23%
09/29/2020,88.6,89.1,89.4,88.5,2.34M,-0.34%
09/28/2020,88.9,88.8,89.9,88.7,2.70M,0.23%
09/27/2020,88.7,88.7,89.2,88.5,1.20M,-0.11%
09/24/2020,88.8,89.8,89.8,88.3,1.65M,-0.89%
09/22/2020,89.6,89.8,90.8,89.3,2.20M,-0.44%
09/21/2020,90.0,90.0,91.5,89.7,4.16M,0.00%
09/20/2020,90.0,90.0,90.0,89.3,1.68M,0.11%
09/17/2020,89.9,89.2,89.9,89.0,3.07M,0.56%
09/16/2020,89.4,89.0,90.1,89.0,3.03M,0.45%
09/15/2020,89.0,88.1,90.0,88.1,3.71M,1.02%
09/14/2020,88.1,88.0,88.2,87.5,1.74M,0.23%
09/13/2020,87.9,88.1,88.2,87.8,1.16M,-0.23%
09/10/2020,88.1,88.0,88.2,87.6,1.12M,0.11%
09/09/2020,88.0,87.6,88.0,87.5,1.16M,0.00%
09/08/2020,88.0,88.0,88.1,87.5,2.07M,0.00%
09/07/2020,88.0,88.4,88.4,88.0,1.32M,-0.11%
09/06/2020,88.1,87.8,88.5,87.8,1.66M,-1.89%
09/03/2020,89.8,89.5,90.5,89.4,2.98M,0.45%
09/02/2020,89.4,87.8,89.4,87.6,3.03M,1.82%
09/01/2020,87.8,88.1,88.8,87.6,2.15M,-0.23%
08/31/2020,88.0,89.0,89.1,88.0,3.08M,-1.01%
08/30/2020,88.9,88.4,89.0,88.4,1.13M,0.68%
08/27/2020,88.3,88.5,88.6,88.1,943.05K,-0.23%
08/26/2020,88.5,88.3,88.7,88.0,1.18M,0.11%
08/25/2020,88.4,88.8,88.9,88.4,1.11M,-0.11%
08/24/2020,88.5,88.7,89.0,88.2,1.23M,-0.23%
08/23/2020,88.7,88.4,89.1,88.2,1.08M,0.34%
08/20/2020,88.4,88.1,88.5,88.0,981.15K,0.34%
08/19/2020,88.1,88.8,88.8,88.1,1.36M,-0.79%
08/18/2020,88.8,88.9,88.9,88.0,1.37M,0.23%
08/17/2020,88.6,89.1,89.5,88.2,974.69K,-0.67%
08/16/2020,89.2,88.8,89.7,88.8,868.76K,0.45%
08/13/2020,88.8,88.2,88.8,88.2,1.23M,0.68%
08/12/2020,88.2,88.0,88.4,87.8,1.21M,0.34%
08/11/2020,87.9,87.6,88.0,87.5,907.45K,0.34%
08/10/2020,87.6,87.7,88.0,87.5,581.52K,-0.11%
08/09/2020,87.7,87.8,87.9,87.5,481.43K,-0.11%
08/06/2020,87.8,88.3,88.5,87.4,1.13M,-0.23%
08/05/2020,88.0,89.0,89.1,88.0,1.11M,-1.01%
07/28/2020,88.9,88.6,88.9,88.3,895.32K,0.45%
07/27/2020,88.5,87.6,88.5,87.5,895.15K,1.03%
07/26/2020,87.6,88.2,88.2,87.4,670.09K,-0.45%
07/23/2020,88.0,87.7,88.1,87.4,731.85K,0.46%
07/22/2020,87.6,87.5,87.9,87.4,610.19K,0.11%
07/21/2020,87.5,86.5,87.6,86.3,821.04K,1.04%
07/20/2020,86.6,87.9,87.9,86.1,1.57M,-1.48%
07/19/2020,87.9,88.2,88.4,87.8,390.63K,-0.34%
07/16/2020,88.2,88.4,88.5,88.0,826.41K,-0.23%
07/15/2020,88.4,88.3,88.4,88.1,515.98K,0.11%
07/14/2020,88.3,88.2,88.5,87.8,1.03M,0.11%
07/13/2020,88.2,88.2,88.5,88.0,759.85K,0.00%
07/12/2020,88.2,88.8,88.9,88.2,590.53K,-0.56%
07/09/2020,88.7,89.4,89.4,88.7,757.34K,-0.11%
07/08/2020,88.8,89.2,89.2,88.6,674.02K,-0.45%
07/07/2020,89.2,89.1,89.4,88.9,749.16K,0.22%
07/06/2020,89.0,89.3,89.4,88.4,949.48K,-0.34%
07/05/2020,89.3,89.3,89.7,89.2,536.36K,0.11%
07/02/2020,89.2,88.8,89.2,88.7,1.12M,1.25%
07/01/2020,88.1,88.1,89.2,88.0,954.39K,0.00%
06/30/2020,88.1,88.9,89.5,88.1,1.34M,-0.79%
06/29/2020,88.8,87.7,88.8,87.5,1.31M,1.25%
06/28/2020,87.7,87.1,87.8,87.0,699.06K,0.00%
06/25/2020,87.7,87.0,88.0,86.2,2.34M,-0.11%
06/24/2020,87.8,88.9,89.0,87.5,1.53M,-1.35%
06/23/2020,89.0,89.4,89.4,88.0,1.53M,-0.56%
06/22/2020,89.5,91.6,91.6,89.1,2.06M,-2.29%
06/21/2020,91.6,91.5,91.9,91.3,1.24M,0.44%
06/18/2020,91.2,89.0,91.2,88.7,7.34M,2.47%
06/17/2020,89.0,89.2,90.0,89.0,1.52M,-0.45%
06/16/2020,89.4,88.8,90.0,88.8,1.89M,0.68%
06/15/2020,88.8,88.3,88.8,87.9,1.79M,0.34%
06/14/2020,88.5,88.2,89.0,88.2,2.10B,-0.56%
06/11/2020,89.0,88.3,89.0,88.0,1.28M,0.45%
06/10/2020,88.6,88.5,88.7,88.2,1.16M,-0.11%
06/09/2020,88.7,88.5,88.8,87.8,1.34M,0.11%
06/08/2020,88.6,89.0,89.1,88.3,1.86M,-0.56%
06/07/2020,89.1,88.3,89.7,88.3,1.65M,1.14%
06/04/2020,88.1,87.1,88.1,85.9,2.60M,0.11%
06/03/2020,88.0,90.0,90.0,86.9,3.77M,-1.79%
06/02/2020,89.6,88.0,89.6,87.8,3.06M,1.82%
06/01/2020,88.0,86.1,88.0,85.4,3.70M,2.56%
05/31/2020,85.8,86.1,86.5,84.7,2.54M,3.37%
05/21/2020,83.0,82.6,83.0,82.0,11.09M,1.22%
05/20/2020,82.0,82.8,83.3,81.2,2.35M,0.00%
05/19/2020,82.0,79.6,83.0,79.6,3.56M,3.14%
05/18/2020,79.5,78.4,79.5,78.1,2.45M,2.05%
05/17/2020,77.9,78.0,78.4,77.5,2.09M,2.50%
05/14/2020,76.0,77.5,77.5,75.6,2.68M,-2.19%
05/13/2020,77.7,77.5,78.4,77.3,2.75M,2.24%
05/12/2020,76.0,73.3,76.3,73.3,3.80M,4.11%
05/11/2020,73.0,70.5,73.4,70.0,2.72M,1.81%
05/10/2020,71.7,71.3,72.2,71.1,1.07M,1.27%
05/07/2020,70.8,70.7,71.6,70.2,1.52M,0.14%
05/06/2020,70.7,72.0,72.8,70.7,1.78M,-0.28%
05/05/2020,70.9,71.8,71.8,70.5,1.74M,2.75%
05/04/2020,69.0,67.0,71.3,67.0,2.92M,0.00%
05/03/2020,69.0,71.2,71.3,68.7,2.68M,-7.88%
04/30/2020,74.9,72.3,74.9,72.3,2.98M,4.32%
04/29/2020,71.8,71.6,72.6,71.6,1.82M,0.70%
04/28/2020,71.3,71.3,71.3,70.5,1.68M,-0.14%
04/27/2020,71.4,72.4,72.7,71.4,1.64M,-1.38%
04/26/2020,72.4,72.0,72.6,71.1,1.69M,2.99%
04/23/2020,70.3,71.4,72.2,70.1,2.34M,0.14%
04/22/2020,70.2,69.4,71.1,68.5,2.64M,-0.85%
04/21/2020,70.8,72.0,72.5,70.6,2.63M,-3.93%
04/20/2020,73.7,76.0,76.0,73.7,1.81M,-3.28%
04/19/2020,76.2,76.5,77.5,75.9,987.10K,-0.13%
04/16/2020,76.3,77.9,77.9,76.3,2.00M,-2.18%
04/15/2020,78.0,79.3,79.3,77.0,1.21M,-0.76%
04/14/2020,78.6,77.5,78.6,77.1,953.10K,1.95%
04/13/2020,77.1,77.5,77.6,76.6,946.53K,0.26%
04/12/2020,76.9,79.7,79.7,76.7,1.86M,-3.39%
04/09/2020,79.6,80.0,80.2,79.4,1.76M,0.51%
04/08/2020,79.2,79.5,79.9,78.8,1.77M,-0.75%
04/07/2020,79.8,78.9,79.8,78.6,1.87M,1.66%
04/06/2020,78.5,77.8,79.0,77.0,1.82M,0.90%
04/05/2020,77.8,80.0,80.1,77.2,2.89M,2.37%
04/02/2020,76.0,71.1,76.0,71.1,2.79M,7.80%
04/01/2020,70.5,70.0,70.5,69.9,1.28M,0.71%
03/31/2020,70.0,69.0,70.9,68.9,2.25M,1.60%
03/30/2020,68.9,69.2,69.3,68.6,1.25M,0.58%
03/29/2020,68.5,68.4,69.2,67.9,1.45M,-0.72%
03/26/2020,69.0,68.6,69.0,67.7,1.32M,2.68%
03/25/2020,67.2,68.1,69.8,67.0,2.51M,0.60%
03/24/2020,66.8,66.8,67.7,66.7,2.10M,2.61%
03/23/2020,65.1,66.1,66.7,65.1,2.89M,-2.11%
03/22/2020,66.5,66.4,67.5,65.2,1.86M,-0.15%
03/19/2020,66.6,64.1,68.4,63.5,6.59M,3.90%
03/18/2020,64.1,64.4,65.5,64.0,1.77M,0.00%
03/17/2020,64.1,62.5,65.4,61.9,2.82M,3.39%
03/16/2020,62.0,65.0,66.1,62.0,4.02M,-6.77%
03/15/2020,66.5,67.4,68.6,66.5,2.15M,0.61%
03/12/2020,66.1,65.5,68.4,63.5,2.55M,-1.34%
03/11/2020,67.0,70.0,70.6,66.0,3.59M,-3.60%
03/10/2020,69.5,69.5,70.0,66.8,4.16M,8.42%
03/09/2020,64.1,63.5,66.8,63.5,4.15M,-9.08%
03/08/2020,70.5,73.0,73.0,70.5,5.04M,-9.96%
03/05/2020,78.3,78.8,78.8,77.9,1.45M,-0.25%
03/04/2020,78.5,78.2,78.8,76.5,1.95M,0.38%
03/03/2020,78.2,77.0,78.3,76.2,2.31M,5.25%
03/02/2020,74.3,76.7,78.3,74.0,4.41M,0.41%
03/01/2020,74.0,77.0,77.0,73.8,3.66M,-5.97%
02/27/2020,78.7,79.9,79.9,78.3,2.80M,-1.87%
02/26/2020,80.2,80.9,81.0,80.0,1.87M,-0.99%
02/25/2020,81.0,81.0,82.4,80.8,2.15M,-0.12%
02/24/2020,81.1,84.2,84.3,81.1,1.95M,-4.02%
02/23/2020,84.5,84.5,84.6,83.9,806.61K,0.60%
02/20/2020,84.0,83.0,85.0,83.0,1.99M,1.33%
02/19/2020,82.9,81.0,82.9,81.0,1.92M,2.60%
02/18/2020,80.8,81.3,81.3,80.8,930.37K,-0.25%
02/17/2020,81.0,81.0,81.8,80.8,1.38M,0.12%
02/16/2020,80.9,82.0,82.2,80.0,1.51M,-1.22%
02/13/2020,81.9,83.6,84.1,81.6,1.93M,-2.03%
02/12/2020,83.6,83.5,84.1,83.1,1.56M,0.12%
02/11/2020,83.5,84.0,84.0,83.5,1.33M,-0.60%
02/10/2020,84.0,84.4,84.4,83.5,1.55M,-0.12%
02/09/2020,84.1,86.3,86.3,83.3,1.99M,-2.55%
02/06/2020,86.3,86.6,86.8,86.0,2.04M,-0.12%
02/05/2020,86.4,87.0,87.2,85.8,2.26M,-0.69%
02/04/2020,87.0,86.7,87.1,86.2,1.57M,0.81%
02/03/2020,86.3,86.6,86.9,86.3,2.15M,-0.23%
02/02/2020,86.5,87.4,87.4,86.5,1.23M,-1.14%
01/30/2020,87.5,87.3,87.9,86.7,1.72M,0.34%
01/29/2020,87.2,87.7,87.7,86.6,3.64M,-1.91%
01/28/2020,88.9,88.4,89.5,88.3,1.85M,0.45%
01/27/2020,88.5,89.5,90.3,88.4,1.77M,-1.45%
01/26/2020,89.8,89.9,90.4,89.1,1.11M,-1.21%
01/23/2020,90.9,91.7,91.7,90.2,1.59M,-0.98%
01/22/2020,91.8,92.0,92.3,91.8,864.85K,-0.22%
01/21/2020,92.0,92.6,92.6,92.0,1.25M,-0.97%
01/20/2020,92.9,92.2,92.9,92.2,1.02M,0.76%
01/19/2020,92.2,92.8,92.9,92.1,815.24K,-0.65%
01/16/2020,92.8,92.6,93.0,91.9,1.24M,0.43%
01/15/2020,92.4,93.2,93.2,92.4,1.25M,-0.86%
01/14/2020,93.2,92.7,93.2,92.2,1.60M,0.54%
01/13/2020,92.7,91.9,92.9,91.9,1.74M,0.87%
01/12/2020,91.9,92.3,92.5,91.7,1.09M,-0.11%
01/09/2020,92.0,91.3,92.0,91.3,1.77M,1.66%
01/08/2020,90.5,90.1,91.2,90.1,1.61M,-0.55%
01/07/2020,91.0,92.0,92.5,91.0,1.92M,-0.98%
01/06/2020,91.9,91.8,92.2,91.0,1.52M,-0.11%
01/05/2020,92.0,92.3,93.0,91.7,1.68M,-1.50%
01/02/2020,93.4,93.1,93.7,92.9,1.75M,0.32%
01/01/2020,93.1,94.0,94.0,93.0,1.70M,-0.85%
12/31/2019,93.9,93.7,94.0,93.2,1.39M,0.21%
12/30/2019,93.7,94.2,94.3,93.2,2.50M,-0.43%
12/29/2019,94.1,93.5,94.5,93.5,2.29M,0.86%
12/26/2019,93.3,92.0,93.6,91.6,2.01M,1.30%
12/25/2019,92.1,93.1,93.1,92.1,1.48M,-0.97%
12/24/2019,93.0,93.3,93.6,92.7,1.48M,-0.21%
12/23/2019,93.2,91.8,93.3,91.7,3.10M,1.30%
12/22/2019,92.0,92.3,92.4,91.6,1.34M,-0.33%
12/19/2019,92.3,91.9,92.3,91.5,2.54M,0.87%
12/18/2019,91.5,91.3,92.2,91.0,3.04M,1.33%
12/17/2019,90.3,91.2,91.5,90.3,2.83M,-0.66%
12/16/2019,90.9,90.1,91.6,89.5,2.12M,0.89%
12/15/2019,90.1,90.1,90.5,89.4,1.50M,0.45%
12/12/2019,89.7,92.8,92.9,89.7,2.22M,-3.34%
12/11/2019,92.8,92.6,93.0,92.2,1.52M,0.65%
12/10/2019,92.2,93.3,93.3,91.9,1.72M,-0.86%
12/09/2019,93.0,94.0,94.6,92.9,2.42M,0.22%
12/08/2019,92.8,90.2,93.2,90.2,2.39M,3.11%
12/05/2019,90.0,90.4,90.8,90.0,1.39M,-0.88%
12/04/2019,90.8,89.8,90.8,88.5,1.56M,1.45%
12/03/2019,89.5,90.1,90.6,88.1,2.40M,-0.67%
12/02/2019,90.1,91.6,92.2,89.8,2.34M,-1.85%
12/01/2019,91.8,90.7,92.3,90.5,1.58M,0.88%
11/28/2019,91.0,89.7,91.0,89.5,2.18M,1.45%
11/27/2019,89.7,91.0,91.2,89.0,2.26M,-0.66%
11/26/2019,90.3,93.0,93.1,90.3,3.50M,-3.01%
11/25/2019,93.1,93.3,93.5,92.3,2.27M,-0.43%
11/24/2019,93.5,94.5,94.6,93.5,985.29K,-0.64%
11/21/2019,94.1,95.0,95.0,93.6,1.93M,-0.84%
11/20/2019,94.9,94.1,95.0,93.1,2.01M,0.74%
11/19/2019,94.2,92.0,94.2,91.8,2.49M,2.39%
11/18/2019,92.0,92.0,93.1,91.5,2.79M,0.00%
11/17/2019,92.0,92.7,93.3,90.7,1.39M,-0.76%
11/14/2019,92.7,92.4,93.7,92.2,1.67M,0.00%
11/13/2019,92.7,94.3,94.4,92.5,1.70M,-1.80%
11/12/2019,94.4,93.0,94.6,92.6,2.15M,1.51%
11/11/2019,93.0,91.8,93.0,91.6,1.87M,1.64%
11/10/2019,91.5,90.8,92.6,90.8,2.01M,1.10%
11/07/2019,90.5,89.0,91.8,89.0,2.88M,1.12%
11/06/2019,89.5,89.0,89.5,88.5,2.11M,1.13%
11/05/2019,88.5,86.4,89.4,86.2,3.92M,2.55%
11/04/2019,86.3,86.4,86.8,85.4,1.61M,-0.12%
11/03/2019,86.4,87.7,87.7,84.6,1.76M,-1.48%
10/31/2019,87.7,87.9,87.9,87.4,1.73M,-0.23%
10/30/2019,87.9,87.2,87.9,86.6,2.48M,0.80%
10/29/2019,87.2,89.1,89.1,86.7,3.07M,-2.13%
10/28/2019,89.1,88.9,89.4,88.5,1.88M,0.22%
10/27/2019,88.9,89.3,89.8,87.8,2.01M,-1.22%
10/24/2019,90.0,89.8,90.1,89.3,1.99M,0.00%
10/23/2019,90.0,90.2,90.3,89.4,1.23M,-0.22%
10/22/2019,90.2,90.0,90.8,89.1,2.06M,0.11%
10/21/2019,90.1,91.0,91.2,89.2,1.73M,-0.88%
10/20/2019,90.9,91.0,92.4,90.9,1.59M,0.44%
10/17/2019,90.5,87.0,90.5,86.8,2.31M,4.02%
10/16/2019,87.0,87.3,87.6,86.2,2.39M,-0.34%
10/15/2019,87.3,88.3,88.6,87.3,2.30M,-1.02%
10/14/2019,88.2,88.4,88.7,87.7,4.65M,-0.11%
10/13/2019,88.3,88.6,89.6,88.2,1.54M,-0.23%
10/10/2019,88.5,89.0,89.2,88.2,1.93M,-0.78%
10/09/2019,89.2,90.4,90.5,89.1,2.47M,-1.76%
10/08/2019,90.8,90.9,91.1,89.9,2.32M,-0.11%
10/07/2019,90.9,91.2,91.4,90.9,2.32M,-0.44%
10/06/2019,91.3,91.0,91.7,91.0,1.82M,0.11%
10/03/2019,91.2,91.3,91.7,91.2,2.42M,-0.87%
10/02/2019,92.0,92.0,92.1,91.1,3.34M,0.00%
10/01/2019,92.0,92.1,92.2,91.8,2.50M,0.00%
09/30/2019,92.0,92.1,92.5,91.8,3.80M,0.00%
09/29/2019,92.0,93.0,93.0,91.7,2.41M,-0.86%
09/26/2019,92.8,92.7,93.1,92.0,2.24M,0.00%
09/25/2019,92.8,93.5,93.5,92.4,2.63M,-0.75%
09/24/2019,93.5,92.6,93.9,92.1,3.01M,1.19%
09/22/2019,92.4,91.4,92.7,91.1,1.10M,0.65%
09/19/2019,91.8,90.0,91.8,87.7,14.21M,2.00%
09/18/2019,90.0,91.0,91.5,89.6,3.46M,0.22%
09/17/2019,89.8,91.2,91.5,88.9,4.96M,-3.23%
09/16/2019,92.8,91.6,93.4,90.7,4.23M,1.98%
09/15/2019,91.0,90.0,92.0,88.7,3.35M,-2.57%
09/12/2019,93.4,93.4,94.4,92.8,3.98M,-1.06%
09/11/2019,94.4,96.5,96.7,92.6,5.75M,-2.18%
09/10/2019,96.5,99.3,99.3,96.4,3.45M,-2.82%
09/09/2019,99.3,100.2,100.4,99.3,3.66M,-0.90%
09/08/2019,100.2,100.6,100.6,99.9,1.43M,0.30%
09/05/2019,99.9,100.8,101.2,99.5,3.43M,-0.89%
09/04/2019,100.8,100.0,100.8,99.9,3.34M,1.10%
09/03/2019,99.7,100.0,100.8,99.7,1.87M,-0.50%
09/02/2019,100.2,100.0,101.4,99.0,2.07M,0.50%
09/01/2019,99.7,99.9,100.0,99.0,1.17M,-0.20%
08/29/2019,99.9,100.4,101.2,99.0,2.91M,-0.70%
08/28/2019,100.6,100.0,101.8,99.4,3.45M,-0.59%
08/27/2019,101.2,99.8,101.2,97.0,36.57M,1.81%
08/26/2019,99.4,99.7,100.0,98.8,3.51M,-0.40%
08/25/2019,99.8,101.4,101.4,99.6,2.50M,-2.54%
08/22/2019,102.4,102.8,103.0,101.0,10.19M,0.00%
08/21/2019,102.4,103.4,104.0,102.4,1.81M,-0.97%
08/20/2019,103.4,104.4,104.8,103.2,2.96M,-0.77%
08/19/2019,104.2,103.2,104.8,103.2,3.33M,1.17%
08/18/2019,103.0,104.0,104.6,102.6,1.47M,-0.96%
08/08/2019,104.0,104.0,104.6,103.4,3.65M,-0.38%
08/07/2019,104.4,102.8,105.0,102.6,3.57M,2.15%
08/06/2019,102.2,101.0,102.8,100.4,3.26M,0.20%
08/05/2019,102.0,104.2,104.4,101.4,4.52M,-2.11%
08/04/2019,104.2,106.8,106.8,103.6,4.24M,-2.07%
08/01/2019,106.4,108.0,108.2,106.2,3.30M,-0.93%
07/31/2019,107.4,108.6,109.6,107.4,2.24M,-1.10%
07/30/2019,108.6,108.4,110.0,107.2,2.05M,0.18%
07/29/2019,108.4,109.2,111.0,108.0,2.16M,-1.63%
07/28/2019,110.2,109.0,110.6,106.8,2.30M,-0.72%
07/25/2019,111.0,110.0,111.0,109.2,3.61M,0.91%
07/24/2019,110.0,109.0,110.2,109.0,1.64M,0.92%
07/23/2019,109.0,110.6,111.0,109.0,1.65M,-1.45%
07/22/2019,110.6,112.6,113.2,110.6,2.11M,-1.78%
07/21/2019,112.6,113.6,113.6,112.2,1.54M,-1.40%
07/18/2019,114.2,114.4,114.6,114.0,2.21M,-0.35%
07/17/2019,114.6,114.4,115.2,114.0,2.92M,0.17%
07/16/2019,114.4,113.8,115.0,113.8,2.85M,0.53%
07/15/2019,113.8,114.4,114.4,113.6,1.93M,-0.52%
07/14/2019,114.4,114.2,114.8,113.8,1.90M,0.53%
07/11/2019,113.8,114.2,114.4,113.4,3.37M,-0.18%
07/10/2019,114.0,114.0,114.4,113.4,1.56M,-0.35%
07/09/2019,114.4,114.4,114.4,113.8,1.06M,0.00%
07/08/2019,114.4,114.6,114.6,113.6,1.63M,-0.35%
07/07/2019,114.8,115.0,115.0,114.2,970.21K,-0.17%
07/04/2019,115.0,115.4,115.4,114.6,1.70M,-0.35%
07/03/2019,115.4,114.8,115.6,114.4,1.62M,0.35%
07/02/2019,115.0,114.6,115.0,114.4,1.39M,0.35%
07/01/2019,114.6,114.8,115.2,114.2,1.44M,0.00%
06/30/2019,114.6,115.2,116.4,114.6,1.84M,0.35%
06/27/2019,114.2,113.4,114.8,113.2,1.65M,0.71%
06/26/2019,113.4,113.4,114.0,112.8,4.51M,0.18%
06/25/2019,113.2,113.6,114.0,111.2,4.57M,-0.35%
06/24/2019,113.6,117.0,117.4,110.6,6.39M,-2.74%
06/23/2019,116.8,118.0,119.2,116.8,2.05M,-1.85%
06/20/2019,119.0,119.2,120.6,116.4,11.90M,0.17%
06/19/2019,118.8,119.0,120.0,118.8,4.84M,-0.17%
06/18/2019,119.0,118.4,119.6,118.0,3.28M,0.34%
06/17/2019,118.6,118.0,118.8,117.8,3.86M,0.68%
06/16/2019,117.8,118.0,118.6,116.8,1.62M,-0.34%
06/13/2019,118.2,120.0,120.0,117.6,3.87M,-2.15%
06/12/2019,120.8,119.2,120.8,118.6,3.08M,1.51%
06/11/2019,119.0,117.6,119.0,117.6,4.73M,0.85%
06/10/2019,118.0,115.2,119.0,115.2,4.57M,2.61%
06/09/2019,115.0,112.4,115.2,112.4,2.11M,2.86%
05/30/2019,111.8,109.8,112.0,109.4,1.93M,1.64%
05/29/2019,110.0,109.0,110.4,108.4,2.30M,-0.36%
05/28/2019,110.4,108.6,110.4,105.8,40.98M,2.03%
05/27/2019,108.2,107.6,108.4,104.4,4.81M,1.12%
05/26/2019,107.0,112.0,112.0,104.8,3.35M,-2.37%
05/23/2019,109.6,112.6,112.8,109.4,5.18M,-2.49%
05/22/2019,112.4,113.0,114.2,112.2,4.71M,-0.35%
05/21/2019,112.8,109.6,112.8,109.6,2.58M,3.30%
05/20/2019,109.2,110.4,110.6,108.6,5.52M,-1.27%
05/19/2019,110.6,112.8,113.6,110.0,2.83M,-2.30%
05/16/2019,113.2,112.0,114.0,111.2,5.93M,1.25%
05/15/2019,111.8,112.8,114.8,111.4,8.38M,-0.18%
05/14/2019,112.0,108.4,114.0,107.8,9.67M,2.75%
05/13/2019,109.0,114.0,114.2,108.6,6.69M,-5.05%
05/12/2019,114.8,116.0,116.0,114.2,2.81M,-0.86%
05/09/2019,115.8,117.4,118.0,115.6,5.17M,-1.36%
05/08/2019,117.4,119.4,119.6,116.8,4.34M,-1.84%
05/07/2019,119.6,120.0,121.0,119.0,2.71M,-0.33%
05/06/2019,120.0,121.0,121.2,117.6,4.56M,-1.96%
05/05/2019,122.4,123.0,123.4,121.6,2.76M,-0.65%
05/02/2019,123.2,124.8,124.8,123.2,2.21M,-1.28%
05/01/2019,124.8,124.4,124.8,123.8,1.78M,0.48%
04/30/2019,124.2,124.2,125.2,123.8,6.20M,0.16%
04/29/2019,124.0,124.0,124.4,123.4,1.73M,0.00%
04/28/2019,124.0,122.0,125.2,122.0,2.91M,0.49%
04/25/2019,123.4,123.2,123.4,122.0,1.90M,0.16%
04/24/2019,123.2,124.0,124.0,123.0,2.36M,-0.65%
04/23/2019,124.0,124.4,124.8,124.0,1.88M,-0.16%
04/22/2019,124.2,125.0,126.0,124.2,2.10M,-0.80%
04/21/2019,125.2,125.0,125.6,124.6,1.50M,0.16%
04/18/2019,125.0,126.4,126.4,124.8,2.51M,-1.11%
04/17/2019,126.4,124.8,126.6,124.8,4.69M,1.28%
04/16/2019,124.8,124.8,125.4,124.6,2.52M,-0.16%
04/15/2019,125.0,123.4,125.0,123.4,2.82M,1.13%
04/14/2019,123.6,123.8,124.2,123.4,2.68M,-0.48%
04/11/2019,124.2,125.0,125.4,124.0,3.71M,-0.96%
04/10/2019,125.4,125.2,125.6,124.8,2.51M,-1.42%
04/09/2019,127.2,127.2,127.6,127.0,2.49M,0.00%
04/08/2019,127.2,127.2,127.4,126.8,2.24M,0.16%
04/07/2019,127.0,127.4,128.0,126.8,2.07M,-0.16%
04/04/2019,127.2,127.4,127.8,126.8,2.80M,-0.16%
04/03/2019,127.4,126.2,127.6,126.0,3.28M,1.11%
04/02/2019,126.0,125.2,126.4,124.6,3.50M,0.80%
04/01/2019,125.0,125.0,125.4,124.6,2.11M,0.00%
03/31/2019,125.0,124.0,125.6,123.8,2.01M,0.97%
03/28/2019,123.8,126.2,127.6,123.6,4.73M,-0.32%
03/27/2019,124.2,123.4,124.4,123.4,2.56M,0.65%
03/26/2019,123.4,123.6,124.0,123.2,1.89M,0.00%
03/25/2019,123.4,123.4,124.2,123.0,1.90M,-0.16%
03/24/2019,123.6,124.4,124.8,123.6,1.07M,-1.12%
03/21/2019,125.0,125.0,125.4,124.6,2.29M,0.16%
03/20/2019,124.8,125.0,125.4,124.2,2.02M,-0.32%
03/19/2019,125.2,125.0,125.4,124.6,1.73M,0.16%
03/18/2019,125.0,123.8,125.0,123.6,2.67M,0.97%
03/17/2019,123.8,124.0,124.2,123.4,1.98M,-0.32%
03/14/2019,124.2,123.0,124.2,122.8,3.50M,0.98%
03/13/2019,123.0,121.8,123.2,121.8,1.97M,0.99%
03/12/2019,121.8,121.2,121.8,121.2,1.49M,0.16%
03/11/2019,121.6,121.2,121.6,120.8,1.42M,0.00%
03/10/2019,121.6,121.6,122.2,121.0,1.29M,0.00%
03/07/2019,121.6,121.8,122.0,120.8,1.53M,-0.16%
03/06/2019,121.8,122.0,122.6,121.6,1.39M,-0.49%
03/05/2019,122.4,122.4,122.8,121.6,1.72M,-0.16%
03/04/2019,122.6,122.4,122.8,122.0,1.47M,0.16%
03/03/2019,122.4,122.4,123.2,122.0,2.09M,0.00%
02/28/2019,122.4,122.0,123.2,120.6,2.12M,0.33%
02/27/2019,122.0,121.8,122.0,120.6,1.11M,0.16%
02/26/2019,121.8,121.0,121.8,120.4,1.05M,0.83%
02/25/2019,120.8,122.8,122.8,120.8,1.75M,-1.47%
02/24/2019,122.6,123.4,123.6,122.6,1.01M,-0.65%
02/21/2019,123.4,124.0,124.0,122.6,1.34M,-0.32%
02/20/2019,123.8,122.6,123.8,122.6,1.22M,0.65%
02/19/2019,123.0,123.4,123.8,122.6,1.36M,-0.32%
02/18/2019,123.4,123.4,124.0,123.4,1.26M,-0.16%
02/17/2019,123.6,124.2,124.4,123.4,1.65M,-0.32%
02/14/2019,124.0,124.0,124.6,123.4,2.21M,0.16%
02/13/2019,123.8,123.4,124.8,123.4,2.71M,0.49%
02/12/2019,123.2,122.6,123.6,122.4,2.00M,0.49%
02/11/2019,122.6,123.6,123.8,122.4,1.55M,-0.65%
02/10/2019,123.4,125.0,125.0,123.2,1.45M,-0.96%
02/07/2019,124.6,125.0,125.4,124.6,2.40M,-0.16%
02/06/2019,124.8,123.8,125.4,123.6,2.79M,0.81%
02/05/2019,123.8,123.0,123.8,122.6,1.73M,0.65%
02/04/2019,123.0,122.4,123.4,122.2,2.62M,0.65%
02/03/2019,122.2,123.2,123.6,122.2,1.93M,-0.49%
01/31/2019,122.8,123.6,123.6,122.6,1.97M,-0.49%
01/30/2019,123.4,123.2,123.8,122.8,2.53M,0.49%
01/29/2019,122.8,123.6,123.6,122.0,2.28M,-0.16%
01/28/2019,123.0,120.8,123.0,120.6,2.43M,1.65%
01/27/2019,121.0,117.8,121.6,117.8,2.18M,0.50%
01/24/2019,120.4,122.6,122.6,120.4,2.88M,-1.95%
01/23/2019,122.8,121.2,122.8,121.2,1.32M,1.49%
01/22/2019,121.0,121.4,121.8,121.0,1.41M,-0.33%
01/21/2019,121.4,122.4,122.4,120.4,2.03M,-1.30%
01/20/2019,123.0,123.2,124.0,123.0,1.93M,0.33%
01/17/2019,122.6,122.6,122.8,122.2,1.47M,0.00%
01/16/2019,122.6,122.4,123.6,122.2,2.70M,0.49%
01/15/2019,122.0,121.6,123.2,121.6,2.73M,0.00%
01/14/2019,122.0,122.8,123.8,121.6,3.33M,-1.13%
01/13/2019,123.4,122.2,123.4,121.4,1.81M,0.82%
01/10/2019,122.4,121.2,123.0,120.8,2.56M,1.16%
01/09/2019,121.0,119.8,121.0,119.0,2.08M,1.51%
01/08/2019,119.2,119.8,119.8,118.6,2.19M,-0.67%
01/07/2019,120.0,119.0,120.4,118.8,3.02M,1.01%
01/06/2019,118.8,118.0,119.2,117.6,2.47M,1.37%
01/03/2019,117.2,116.4,117.4,115.4,1.67M,1.03%
01/02/2019,116.0,116.2,116.4,115.4,1.01M,-0.17%
01/01/2019,116.2,116.8,117.0,116.0,1.25M,0.00%
12/31/2018,116.2,116.4,117.0,115.8,1.46M,-0.17%
12/30/2018,116.4,115.4,116.6,115.4,1.17M,1.22%
12/27/2018,115.0,118.2,119.0,115.0,4.79M,-0.52%
12/26/2018,115.6,117.0,117.0,115.6,1.17M,-1.20%
12/25/2018,117.0,116.8,117.2,115.6,2.02M,-1.52%
12/24/2018,118.8,119.0,119.8,117.6,1.43M,-0.17%
12/23/2018,119.0,116.8,119.0,115.6,2.26M,0.17%
12/20/2018,118.8,120.0,120.0,116.2,4.24M,-1.16%
12/19/2018,120.2,122.4,122.4,119.6,3.60M,-2.44%
12/18/2018,123.2,123.2,124.2,122.4,2.69M,-0.48%
12/17/2018,123.8,120.8,123.8,120.8,3.70M,2.31%
12/16/2018,121.0,120.2,121.0,119.2,1.42M,0.83%
12/13/2018,120.0,119.2,121.0,119.2,1.58M,0.67%
12/12/2018,119.2,118.8,119.6,118.4,1.63M,0.68%
12/11/2018,118.4,119.6,119.6,117.8,1.93M,-1.17%
12/10/2018,119.8,120.6,120.6,118.8,1.24M,-0.66%
12/09/2018,120.6,120.6,121.2,119.4,2.05M,-0.17%
12/06/2018,120.8,120.8,121.0,119.4,3.64M,-0.33%
12/05/2018,121.2,120.4,121.2,119.6,1.61M,0.00%
12/04/2018,121.2,121.6,121.8,120.8,4.13M,-0.16%
12/03/2018,121.4,121.4,122.4,121.0,6.77M,1.17%
12/02/2018,120.0,118.0,120.4,118.0,2.47M,2.21%
11/29/2018,117.4,117.2,118.2,117.0,3.14M,0.17%
11/28/2018,117.2,117.0,118.0,116.0,3.75M,1.38%
11/27/2018,115.6,115.6,116.2,115.4,2.09M,0.17%
11/26/2018,115.4,115.6,116.4,115.4,2.21M,0.00%
11/25/2018,115.4,117.0,117.0,115.0,2.70M,-1.70%
11/22/2018,117.4,116.4,118.2,116.2,3.28M,0.69%
11/21/2018,116.6,116.8,117.0,114.2,4.23M,0.17%
11/20/2018,116.4,118.8,118.8,116.2,3.22M,-2.02%
11/19/2018,118.8,119.0,120.2,116.0,3.96M,-0.17%
11/18/2018,119.0,120.2,120.2,118.4,3.10M,-0.67%
11/15/2018,119.8,121.0,121.0,119.6,3.42M,-0.66%
11/14/2018,120.6,122.0,122.6,119.6,5.51M,-1.79%
11/13/2018,122.8,123.6,123.8,122.4,3.04M,-0.81%
11/12/2018,123.8,124.0,124.4,123.2,2.95M,0.16%
11/11/2018,123.6,122.2,123.8,121.6,2.12M,0.49%
11/08/2018,123.0,123.8,124.6,122.6,2.32M,-0.81%
11/07/2018,124.0,125.0,125.2,123.4,4.35M,-0.80%
11/06/2018,125.0,125.2,126.6,125.0,2.99M,-0.32%
11/05/2018,125.4,125.6,126.2,124.4,3.69M,-0.48%
11/04/2018,126.0,126.6,126.6,125.4,2.24M,-0.47%
11/01/2018,126.6,126.6,127.0,126.0,2.95M,-0.16%
10/31/2018,126.8,126.8,127.6,126.4,3.01M,0.00%
10/30/2018,126.8,127.2,127.4,126.4,3.25M,-0.31%
10/29/2018,127.2,127.2,127.8,126.8,3.06M,0.00%
10/28/2018,127.2,127.4,129.2,126.8,3.07M,-1.85%
10/25/2018,129.6,123.0,130.4,123.0,17.59M,6.23%
10/24/2018,122.0,123.8,124.2,122.0,2.70M,-0.97%
10/23/2018,123.2,124.6,126.4,123.2,3.76M,-2.99%
10/22/2018,127.0,123.6,127.0,121.8,7.12M,1.60%
10/21/2018,125.0,119.0,125.0,118.8,6.29M,0.16%
10/18/2018,124.8,125.0,125.4,123.6,2.76M,-0.79%
10/17/2018,125.8,122.6,126.4,121.0,5.33M,1.45%
10/16/2018,124.0,117.2,124.0,113.0,6.00M,4.91%
10/15/2018,118.2,115.2,121.6,115.2,7.62M,3.68%
10/14/2018,114.0,116.2,116.6,104.6,15.20M,-1.89%
10/11/2018,116.2,119.0,119.4,116.0,4.26M,-5.07%
10/10/2018,122.4,123.8,124.0,121.2,3.56M,-1.29%
10/09/2018,124.0,124.0,124.6,123.6,2.61M,0.00%
10/08/2018,124.0,123.0,124.2,122.2,3.25M,0.16%
10/07/2018,123.8,126.2,126.6,121.8,3.24M,-1.59%
10/04/2018,125.8,126.2,126.8,125.6,3.49M,-0.16%
10/03/2018,126.0,125.8,126.4,125.2,3.43M,0.16%
10/02/2018,125.8,126.4,127.4,125.4,4.96M,-0.16%
10/01/2018,126.0,125.4,126.6,125.2,5.56M,0.48%
09/30/2018,125.4,124.2,126.0,124.0,3.70M,1.46%
09/27/2018,123.6,123.8,124.6,122.4,2.73M,-0.32%
09/26/2018,124.0,125.8,126.6,123.2,2.81M,-1.43%
09/25/2018,125.8,123.0,126.8,122.8,2.73M,2.78%
09/20/2018,122.4,120.0,122.6,119.6,2.55M,2.51%
09/19/2018,119.4,118.6,120.4,118.4,2.58M,0.67%
09/18/2018,118.6,117.8,118.6,116.6,3.05M,1.54%
09/17/2018,116.8,116.0,117.2,114.8,3.55M,-0.34%
09/16/2018,117.2,117.4,118.2,115.6,2.36M,-0.34%
09/13/2018,117.6,119.0,119.2,117.4,2.21M,-1.18%
09/12/2018,119.0,120.8,121.0,118.6,2.90M,-0.67%
09/11/2018,119.8,119.0,120.4,119.0,2.96M,0.67%
09/10/2018,119.0,120.6,121.6,118.4,3.06M,-1.00%
09/09/2018,120.2,119.2,120.8,117.4,1.76M,1.69%
09/06/2018,118.2,120.0,121.6,116.2,4.26M,-1.99%
09/05/2018,120.6,126.2,126.8,116.8,4.17M,-4.44%
09/04/2018,126.2,125.2,126.8,125.2,2.39M,0.48%
09/03/2018,125.6,125.4,125.8,125.2,2.80M,0.64%
09/02/2018,124.8,123.8,125.2,123.8,2.28M,-0.95%
08/30/2018,126.0,127.2,127.6,126.0,1.23M,-1.10%
08/29/2018,127.4,126.8,127.6,126.0,2.39M,0.47%
08/28/2018,126.8,125.4,127.0,125.2,2.46M,1.12%
08/27/2018,125.4,125.2,126.0,124.6,2.01M,0.16%
08/26/2018,125.2,123.4,125.8,123.4,1.42M,1.79%
08/16/2018,123.0,123.6,123.8,122.2,3.38M,-0.65%
08/15/2018,123.8,123.2,124.2,123.0,3.66M,0.32%
08/14/2018,123.4,123.2,123.6,123.0,5.00M,0.16%
08/13/2018,123.2,125.8,126.2,122.8,6.16M,-2.38%
08/12/2018,126.2,126.2,127.6,125.8,5.09M,-0.47%
08/09/2018,126.8,127.2,127.4,126.6,9.02M,-0.47%
08/08/2018,127.4,127.8,128.6,127.2,10.40M,-0.47%
08/07/2018,128.0,127.6,128.4,127.4,9.81M,0.00%
08/06/2018,128.0,128.0,128.4,127.6,9.04M,-0.16%
08/05/2018,128.2,128.6,128.6,127.8,8.87M,-0.31%
08/02/2018,128.6,128.6,129.2,127.4,9.53M,-0.16%
08/01/2018,128.8,128.8,129.6,128.4,7.76M,0.00%
07/31/2018,128.8,129.6,129.6,128.8,5.90M,-0.46%
07/30/2018,129.4,129.8,130.0,129.0,6.74M,-0.31%
07/29/2018,129.8,129.6,130.2,128.6,6.61M,0.00%
07/26/2018,129.8,129.8,130.0,129.0,4.30M,0.00%
07/25/2018,129.8,129.4,130.0,129.2,3.39M,0.31%
07/24/2018,129.4,129.2,130.2,128.6,3.89M,0.15%
07/23/2018,129.2,130.0,130.6,128.6,5.38M,-0.15%
07/22/2018,129.4,129.8,130.2,128.8,4.14M,-0.15%
07/19/2018,129.6,129.8,130.2,128.4,5.19M,0.15%
07/18/2018,129.4,128.6,129.6,128.6,4.10M,0.78%
07/17/2018,128.4,128.2,128.6,127.4,3.86M,-0.47%
07/16/2018,129.0,128.2,129.4,128.0,4.82M,0.62%
07/15/2018,128.2,127.0,128.2,126.8,3.33M,1.10%
07/12/2018,126.8,127.0,127.2,125.6,3.68M,-0.47%
07/11/2018,127.4,127.2,127.6,126.4,3.83M,0.31%
07/10/2018,127.0,126.0,127.6,125.8,5.44M,0.95%
07/09/2018,125.8,123.6,126.6,123.6,4.03M,1.78%
07/08/2018,123.6,124.0,125.4,123.2,4.23M,0.00%
07/05/2018,123.6,124.4,126.4,122.8,6.89M,-0.64%
07/04/2018,124.4,123.2,125.2,122.6,4.40M,0.81%
07/03/2018,123.4,124.2,124.4,122.4,6.46M,-0.48%
07/02/2018,124.0,126.0,126.0,123.6,6.67M,-1.59%
07/01/2018,126.0,126.8,127.0,125.6,4.62M,-0.16%
06/28/2018,126.2,127.2,127.6,125.4,4.32M,-0.79%
06/27/2018,127.2,127.6,128.0,126.6,2.75M,0.16%
06/26/2018,127.0,128.0,128.6,127.0,2.34M,-0.94%
06/25/2018,128.2,128.8,129.0,127.6,2.80M,-0.31%
06/24/2018,128.6,126.0,128.8,125.8,1.88M,2.06%
06/21/2018,126.0,126.2,126.8,124.2,2.43M,0.16%
06/20/2018,125.8,126.8,127.4,125.4,878.29K,-0.63%
06/12/2018,126.6,126.8,127.6,125.4,2.51M,0.32%
06/11/2018,126.2,125.4,127.0,125.0,2.90M,0.80%
06/10/2018,125.2,126.4,126.4,124.2,4.01M,-1.26%
06/07/2018,126.8,127.4,127.8,125.6,3.88M,-0.47%
06/06/2018,127.4,130.0,130.6,127.0,4.79M,-1.55%
06/05/2018,129.4,129.6,130.2,128.8,4.68M,-0.15%
06/04/2018,129.6,128.0,130.6,128.0,6.27M,0.31%
06/03/2018,129.2,130.6,131.4,128.0,8.71M,-0.92%
05/31/2018,130.4,125.0,130.4,125.0,6.49M,4.32%
05/30/2018,125.0,123.4,127.8,123.0,6.72M,1.63%
05/29/2018,123.0,121.0,123.4,120.6,5.99M,1.65%
05/28/2018,121.0,120.6,121.4,120.2,4.60M,0.00%
05/27/2018,121.0,120.6,121.4,120.2,2.36M,-0.33%
05/24/2018,121.4,120.2,121.4,119.8,3.54M,1.34%
05/23/2018,119.8,119.4,121.6,119.4,3.90M,-0.99%
05/22/2018,121.0,117.0,121.0,116.8,5.97M,3.42%
05/21/2018,117.0,117.2,117.4,116.8,3.10M,-0.17%
05/20/2018,117.2,117.6,118.0,117.2,2.19M,-0.34%
05/17/2018,117.6,116.2,117.8,116.0,4.03M,1.38%
05/16/2018,116.0,117.4,118.6,115.8,4.88M,-1.19%
05/15/2018,117.4,117.0,118.0,116.6,4.89M,0.69%
05/14/2018,116.6,117.0,117.2,116.4,5.40M,0.00%
05/13/2018,116.6,115.2,117.4,115.2,3.39M,1.39%
05/10/2018,115.0,114.0,115.0,112.6,4.16M,1.05%
05/09/2018,113.8,114.4,114.4,113.8,4.19M,-0.18%
05/08/2018,114.0,114.2,115.2,114.0,4.90M,0.00%
05/07/2018,114.0,114.8,115.0,114.0,4.75M,-0.52%
05/06/2018,114.6,114.4,115.4,113.8,5.87M,0.70%
05/03/2018,113.8,114.2,114.4,113.2,6.21M,-0.18%
05/02/2018,114.0,114.2,115.0,113.8,6.37M,-0.18%
05/01/2018,114.2,114.8,115.0,112.4,10.57M,-0.35%
04/30/2018,114.6,118.2,118.4,114.4,7.68M,-2.88%
04/29/2018,118.0,119.2,119.8,117.8,5.64M,-0.51%
04/26/2018,118.6,121.4,121.6,117.6,5.26M,-2.15%
04/25/2018,121.2,122.0,122.0,120.8,3.41M,-0.98%
04/24/2018,122.4,122.8,122.8,121.6,3.27M,-0.33%
04/23/2018,122.8,122.2,123.0,121.4,4.73M,0.66%
04/22/2018,122.0,122.6,123.0,121.8,3.75M,-0.65%
04/19/2018,122.8,121.4,123.8,121.4,5.73M,1.49%
04/18/2018,121.0,121.0,121.4,120.4,4.84M,-1.14%
04/17/2018,122.4,120.8,123.6,120.6,4.21M,1.83%
04/16/2018,120.2,119.0,120.8,119.0,5.72M,1.18%
04/15/2018,118.8,117.8,119.4,117.4,5.55M,1.71%
04/12/2018,116.8,117.8,118.4,116.6,5.72M,-0.51%
04/11/2018,117.4,118.4,119.2,116.4,8.07M,-0.84%
04/10/2018,118.4,118.8,119.2,118.0,7.88M,0.34%
04/09/2018,118.0,118.6,118.8,118.0,5.51M,-0.51%
04/08/2018,118.6,117.2,119.0,117.2,6.61M,1.19%
04/05/2018,117.2,115.2,118.4,115.2,8.28M,2.27%
04/04/2018,114.6,115.2,115.6,114.6,5.92M,-0.17%
04/03/2018,114.8,115.2,115.6,114.6,5.49M,-0.69%
04/02/2018,115.6,116.2,116.4,115.0,8.02M,-0.52%
04/01/2018,116.2,116.2,117.2,115.0,6.29M,-0.17%
03/29/2018,116.4,118.4,120.0,115.4,8.05M,-0.68%
03/28/2018,117.2,117.8,118.2,117.2,5.32M,-0.34%
03/27/2018,117.6,115.0,117.6,115.0,3.68M,2.98%
03/26/2018,114.2,113.6,115.0,113.4,3.63M,0.35%
03/25/2018,113.8,112.6,115.4,112.6,3.89M,0.89%
03/22/2018,112.8,110.8,113.6,110.8,5.78M,2.36%
03/21/2018,110.2,109.6,110.6,109.6,4.34M,0.36%
03/20/2018,109.8,109.6,110.0,109.4,4.07M,-0.18%
03/19/2018,110.0,110.0,110.2,109.6,3.53M,0.00%
03/18/2018,110.0,110.2,110.2,109.6,2.83M,0.00%
03/15/2018,110.0,110.0,110.4,109.6,4.57M,-0.18%
03/14/2018,110.2,110.8,110.8,109.2,5.40M,-0.54%
03/13/2018,110.8,110.8,111.4,110.0,6.33M,0.00%
03/12/2018,110.8,108.4,112.0,108.4,7.36M,2.21%
03/11/2018,108.4,108.8,109.2,107.8,5.12M,0.00%
03/08/2018,108.4,106.4,108.6,106.4,6.63M,1.69%
03/07/2018,106.6,106.6,106.8,106.2,5.15M,0.00%
03/06/2018,106.6,105.2,107.0,105.0,7.30M,1.52%
03/05/2018,105.0,104.6,105.4,104.2,5.98M,0.19%
03/04/2018,104.8,104.6,104.8,104.2,5.48M,0.19%
03/01/2018,104.6,104.6,105.0,104.2,8.50M,0.00%
02/28/2018,104.6,105.2,105.4,104.6,4.80M,-0.57%
02/27/2018,105.2,105.6,105.6,105.0,2.91M,-0.19%
02/26/2018,105.4,105.2,105.4,104.8,2.36M,0.19%
02/25/2018,105.2,105.2,105.8,104.8,2.40M,0.57%
02/22/2018,104.6,104.8,105.2,104.4,3.00M,-0.19%
02/21/2018,104.8,105.0,105.4,104.8,2.96M,-0.38%
02/20/2018,105.2,105.2,105.4,105.0,3.02M,0.00%
02/19/2018,105.2,105.0,105.4,105.0,3.15M,0.00%
02/18/2018,105.2,105.4,105.6,105.0,3.00M,0.00%
02/15/2018,105.2,105.4,105.6,105.0,4.11M,0.57%
02/14/2018,104.6,105.0,105.2,104.4,3.53M,-0.19%
02/13/2018,104.8,105.4,105.6,104.6,3.95M,-0.57%
02/12/2018,105.4,104.2,105.6,104.0,3.61M,1.54%
02/11/2018,103.8,103.4,104.0,103.4,3.46M,-0.19%
02/08/2018,104.0,105.2,105.6,103.8,6.02M,-1.14%
02/07/2018,105.2,105.2,105.8,104.8,5.53M,0.57%
02/06/2018,104.6,104.6,105.0,103.6,5.75M,-0.95%
02/05/2018,105.6,105.8,106.4,105.6,6.19M,-0.38%
02/04/2018,106.0,106.4,106.6,105.8,5.14M,-0.93%
02/01/2018,107.0,107.6,107.8,106.6,7.45M,-0.56%
01/31/2018,107.6,106.8,108.0,106.6,7.82M,0.94%
01/30/2018,106.6,106.4,107.0,106.2,7.61M,0.19%
01/29/2018,106.4,105.8,107.0,105.6,5.95M,0.57%
01/28/2018,105.8,107.0,107.0,105.6,5.14M,-2.76%
01/25/2018,108.8,107.0,109.0,107.0,4.82M,2.06%
01/24/2018,106.6,107.0,107.4,106.6,2.30M,-0.19%
01/23/2018,106.8,106.6,107.2,106.6,2.24M,0.19%
01/22/2018,106.6,106.6,107.4,106.4,2.17M,0.00%
01/21/2018,106.6,106.0,106.8,106.0,1.94M,0.19%
01/18/2018,106.4,107.2,107.8,106.0,2.89M,-0.56%
01/17/2018,107.0,106.0,107.8,105.4,3.49M,0.75%
01/16/2018,106.2,107.0,108.2,106.0,4.42M,-0.56%
01/15/2018,106.8,104.2,108.0,104.0,3.86M,2.10%
01/14/2018,104.6,102.0,104.6,101.4,4.86M,2.95%
01/11/2018,101.6,101.6,101.8,101.4,3.85M,0.00%
01/10/2018,101.6,101.6,102.2,101.0,4.01M,0.40%
01/09/2018,101.2,101.6,102.0,101.0,3.86M,-0.59%
01/08/2018,101.8,101.6,102.4,101.4,4.61M,0.39%
01/07/2018,101.4,101.8,102.2,101.4,4.15M,0.00%
01/04/2018,101.4,101.6,102.0,101.2,5.02M,-0.20%
01/03/2018,101.6,101.0,102.0,101.0,7.41M,0.59%
01/02/2018,101.0,101.4,101.6,100.8,5.64M,-0.20%
01/01/2018,101.2,101.8,102.0,100.8,4.16M,-0.59%
12/31/2017,101.8,102.2,102.8,101.8,5.82M,-0.20%
12/28/2017,102.0,101.8,102.2,101.6,7.12M,0.00%
12/27/2017,102.0,101.6,102.8,101.6,5.92M,0.59%
12/26/2017,101.4,101.2,102.0,101.2,3.24M,0.00%
12/25/2017,101.4,101.6,101.8,101.2,2.95M,-0.20%
12/24/2017,101.6,101.8,102.2,101.4,3.01M,-0.39%
12/21/2017,102.0,102.2,102.8,101.6,4.14M,-0.39%
12/20/2017,102.4,102.8,102.8,101.6,3.41M,0.59%
12/19/2017,101.8,101.8,103.0,101.4,4.07M,0.00%
12/18/2017,101.8,101.2,102.0,101.2,3.26M,0.59%
12/17/2017,101.2,101.0,101.6,100.8,2.67M,0.20%
12/14/2017,101.0,101.4,101.4,100.8,2.84M,-0.39%
12/13/2017,101.4,101.2,101.6,101.2,3.06M,0.00%
12/12/2017,101.4,101.0,101.6,101.0,3.66M,0.40%
12/11/2017,101.0,101.4,101.6,101.0,3.37M,-0.39%
12/10/2017,101.4,101.6,101.8,101.2,3.12M,-0.20%
12/07/2017,101.6,101.0,101.8,101.0,4.57M,0.59%
12/06/2017,101.0,101.2,101.4,101.0,3.89M,-0.39%
12/05/2017,101.4,101.2,101.6,101.0,3.94M,0.20%
12/04/2017,101.2,101.2,101.8,101.0,4.26M,-0.39%
12/03/2017,101.6,101.2,101.8,101.2,5.18M,0.79%
11/30/2017,100.8,100.6,100.8,100.4,4.63M,0.20%
11/29/2017,100.6,100.6,101.0,100.2,6.61M,0.00%
11/28/2017,100.6,100.6,101.0,100.2,5.66M,0.40%
11/27/2017,100.2,100.2,101.0,100.2,5.31M,0.00%
11/26/2017,100.2,99.7,100.6,99.5,2.62M,0.80%
11/23/2017,99.4,99.2,99.8,99.2,2.28M,0.10%
11/22/2017,99.3,99.2,99.7,99.1,3.00M,0.30%
11/21/2017,99.0,99.2,99.4,98.4,2.01M,-0.10%
11/20/2017,99.1,99.7,99.9,99.1,2.84M,-0.80%
11/19/2017,99.9,99.8,100.2,99.6,2.38M,0.10%
11/16/2017,99.8,99.6,99.9,99.4,2.91M,0.40%
11/15/2017,99.4,99.8,100.2,99.3,3.03M,-0.60%
11/14/2017,100.0,100.0,100.4,99.7,3.24M,0.00%
11/13/2017,100.0,99.6,100.2,99.6,3.41M,-0.20%
11/12/2017,100.2,99.6,100.2,99.1,4.40M,0.50%
11/09/2017,99.7,99.0,100.0,99.0,3.82M,-0.30%
11/08/2017,100.0,98.3,100.2,98.2,4.58M,1.01%
11/07/2017,99.0,100.6,101.0,97.8,6.29M,-1.39%
11/06/2017,100.4,99.7,100.6,99.1,5.34M,0.60%
11/05/2017,99.8,99.0,99.8,97.8,4.78M,0.40%
11/02/2017,99.4,99.5,99.7,99.2,4.62M,0.00%
11/01/2017,99.4,99.3,99.9,99.2,6.21M,0.10%
10/31/2017,99.3,99.8,99.9,99.2,4.96M,-0.60%
10/30/2017,99.9,100.4,100.8,99.6,6.41M,0.50%
10/29/2017,99.4,99.0,100.6,99.0,5.49M,0.91%
10/26/2017,98.5,98.4,98.8,98.2,2.81M,0.00%
10/25/2017,98.5,97.8,98.7,97.6,2.42M,0.92%
10/24/2017,97.6,97.5,98.5,97.4,2.80M,0.10%
10/23/2017,97.5,98.2,98.3,97.0,2.89M,-0.81%
10/22/2017,98.3,98.3,98.7,98.1,2.11M,0.00%
10/19/2017,98.3,98.5,98.7,98.0,2.68M,0.10%
10/18/2017,98.2,95.5,98.8,94.9,3.91M,0.00%
10/17/2017,98.2,98.4,99.0,98.0,3.35M,-0.10%
10/16/2017,98.3,98.2,98.5,98.0,3.00M,0.20%
10/15/2017,98.1,98.2,99.5,98.0,2.90M,-0.91%
10/12/2017,99.0,98.1,99.5,97.8,4.91M,1.02%
10/11/2017,98.0,101.0,101.0,97.5,5.74M,-3.16%
10/10/2017,101.2,101.0,101.2,100.2,3.23M,0.20%
10/09/2017,101.0,100.6,101.2,100.0,4.52M,0.40%
10/08/2017,100.6,101.4,101.6,100.6,3.42M,-1.18%
10/05/2017,101.8,101.4,101.8,101.2,4.23M,0.00%
10/04/2017,101.8,101.4,102.0,101.4,4.67M,0.20%
10/03/2017,101.6,101.8,102.2,101.4,4.41M,-0.20%
10/02/2017,101.8,101.8,102.4,101.4,4.87M,0.00%
10/01/2017,101.8,101.8,102.6,101.0,6.41M,-1.17%
09/28/2017,103.0,101.0,103.2,101.0,7.28M,2.18%
09/27/2017,100.8,101.0,101.4,100.6,3.54M,-0.59%
09/26/2017,101.4,100.4,101.6,100.4,2.78M,1.40%
09/25/2017,100.0,101.0,101.0,99.3,2.89M,-0.99%
09/21/2017,101.0,100.6,101.2,100.6,2.50M,0.20%
09/20/2017,100.8,101.0,101.0,100.4,3.73M,-0.59%
09/19/2017,101.4,101.4,101.8,101.0,3.33M,-0.20%
09/18/2017,101.6,102.0,102.2,101.4,3.28M,0.00%
09/17/2017,101.6,101.6,102.6,101.2,4.03M,0.20%
09/14/2017,101.4,101.0,102.2,101.0,5.33M,0.60%
09/13/2017,100.8,100.8,101.4,100.6,3.98M,0.00%
09/12/2017,100.8,99.9,101.6,99.9,4.95M,0.80%
09/11/2017,100.0,99.5,100.4,99.4,4.08M,0.40%
09/10/2017,99.6,99.6,99.9,99.4,2.69M,-0.20%
09/07/2017,99.8,99.2,99.8,99.1,2.31M,0.50%
09/06/2017,99.3,99.3,99.6,99.1,1.11M,0.30%
08/29/2017,99.0,99.0,99.2,98.7,2.65M,-0.10%
08/28/2017,99.1,98.5,99.6,98.4,4.44M,0.61%
08/27/2017,98.5,98.6,98.9,98.5,2.36M,-0.10%
08/24/2017,98.6,98.6,98.9,98.2,3.32M,0.10%
08/23/2017,98.5,98.4,99.0,98.3,2.63M,0.10%
08/22/2017,98.4,98.4,98.7,98.4,2.01M,0.20%
08/21/2017,98.2,98.1,98.8,98.1,2.39M,0.10%
08/20/2017,98.1,98.2,98.8,98.0,2.21M,0.10%
08/17/2017,98.0,97.8,98.2,97.6,2.51M,0.31%
08/16/2017,97.7,97.9,98.1,97.6,2.75M,-0.20%
08/15/2017,97.9,97.7,98.3,97.6,2.39M,0.00%
08/14/2017,97.9,98.3,98.5,97.9,2.81M,-0.41%
08/13/2017,98.3,98.2,98.7,98.1,2.44M,0.00%
08/10/2017,98.3,98.0,98.6,97.9,2.89M,0.41%
08/09/2017,97.9,98.1,98.6,97.9,2.79M,-0.20%
08/08/2017,98.1,97.6,98.4,97.6,2.90M,0.31%
08/07/2017,97.8,97.3,98.3,97.3,3.24M,0.41%
08/06/2017,97.4,97.4,97.8,97.1,3.04M,0.10%
08/03/2017,97.3,97.4,97.9,97.1,4.11M,-0.10%
08/02/2017,97.4,98.8,98.8,97.2,4.21M,-1.32%
08/01/2017,98.7,97.6,99.2,97.6,6.31M,1.44%
07/31/2017,97.3,98.0,98.6,97.3,3.89M,-1.62%
07/30/2017,98.9,100.0,100.0,98.4,4.39M,-1.30%
07/27/2017,100.2,100.4,100.6,100.0,2.75M,-0.20%
07/26/2017,100.4,100.4,100.6,100.0,1.96M,0.20%
07/25/2017,100.2,100.0,100.6,99.8,2.16M,0.00%
07/24/2017,100.2,99.8,100.4,99.5,2.47M,0.40%
07/23/2017,99.8,100.0,100.6,99.8,2.00M,-0.10%
07/20/2017,99.9,99.0,100.4,99.0,3.27M,1.11%
07/19/2017,98.8,100.0,100.2,98.6,3.91M,-1.20%
07/18/2017,100.0,100.6,100.8,99.9,3.96M,-0.60%
07/17/2017,100.6,101.2,101.6,100.4,2.96M,-0.79%
07/16/2017,101.4,101.6,101.8,101.2,3.04M,0.20%
07/13/2017,101.2,101.6,101.8,101.0,3.38M,-0.59%
07/12/2017,101.8,101.4,102.2,101.4,4.19M,0.59%
07/11/2017,101.2,101.4,102.0,101.0,4.14M,-0.20%
07/10/2017,101.4,101.2,101.8,101.2,4.05M,0.40%
07/09/2017,101.0,101.0,101.8,100.4,3.19M,-0.39%
07/06/2017,101.4,101.8,102.4,101.2,4.02M,-0.20%
07/05/2017,101.6,102.0,103.0,101.2,4.73M,-0.39%
07/04/2017,102.0,103.0,103.4,101.4,5.41M,-0.97%
07/03/2017,103.0,102.8,103.8,102.4,4.16M,0.00%
07/02/2017,103.0,102.2,104.0,102.2,4.15M,0.98%
06/22/2017,102.0,104.0,104.0,102.0,6.57M,-2.49%
06/21/2017,104.6,103.6,105.4,101.2,14.88M,2.35%
06/20/2017,102.2,103.0,104.0,101.4,5.37M,-0.78%
06/19/2017,103.0,102.0,104.8,100.2,7.18M,1.98%
06/18/2017,101.0,98.9,102.0,98.9,3.80M,2.23%
06/15/2017,98.8,98.8,99.9,98.7,3.71M,-0.30%
06/14/2017,99.1,98.7,99.7,98.7,2.54M,0.41%
06/13/2017,98.7,99.1,99.6,98.6,2.57M,-0.50%
06/12/2017,99.2,99.0,100.0,98.3,3.25M,0.51%
06/11/2017,98.7,99.0,99.4,98.6,2.25M,-0.40%
06/08/2017,99.1,98.8,99.4,98.2,4.28M,-0.10%
06/07/2017,99.2,98.8,99.8,98.5,3.65M,0.61%
06/06/2017,98.6,100.6,100.6,98.6,6.05M,-1.40%
06/05/2017,100.0,98.5,102.0,97.5,7.00M,1.63%
06/04/2017,98.4,97.3,98.7,97.2,3.78M,0.92%
06/01/2017,97.5,97.5,98.0,97.0,3.72M,0.00%
05/31/2017,97.5,98.75,98.75,97.5,3.59M,-1.27%
05/30/2017,98.75,98.0,98.75,97.5,3.71M,1.02%
05/29/2017,97.75,97.25,98.25,97.25,3.42M,0.51%
05/28/2017,97.25,97.5,98.5,97.25,1.64M,-0.77%
05/25/2017,98.0,98.5,99.0,98.0,2.77M,-0.51%
05/24/2017,98.5,98.25,99.0,98.0,2.36M,0.25%
05/23/2017,98.25,98.5,98.75,97.75,2.65M,-0.51%
05/22/2017,98.75,99.0,99.5,98.75,2.63M,-0.25%
05/21/2017,99.0,98.25,99.5,98.25,2.91M,1.54%
05/18/2017,97.5,97.5,98.0,97.25,2.53M,0.26%
05/17/2017,97.25,97.25,97.75,97.0,2.54M,-0.51%
05/16/2017,97.75,97.25,98.0,97.25,2.37M,0.00%
05/15/2017,97.75,97.25,97.75,97.25,3.09M,0.51%
05/14/2017,97.25,96.5,97.5,96.25,2.37M,0.78%
05/11/2017,96.5,97.25,97.5,96.25,2.90M,-0.26%
05/10/2017,96.75,97.0,97.5,96.75,2.55M,-0.51%
05/09/2017,97.25,95.25,97.5,95.25,3.66M,1.83%
05/08/2017,95.5,95.75,96.25,94.75,4.40M,-0.52%
05/07/2017,96.0,97.0,97.0,95.5,3.02M,-1.03%
05/04/2017,97.0,98.25,98.25,96.5,4.02M,-1.27%
05/03/2017,98.25,99.0,99.25,97.5,4.43M,-0.76%
05/02/2017,99.0,100.0,100.25,98.75,4.11M,-0.75%
05/01/2017,99.75,99.0,100.0,98.75,3.92M,1.01%
04/30/2017,98.75,96.5,99.0,96.5,4.13M,2.86%
04/27/2017,96.0,94.75,96.25,94.25,4.53M,1.59%
04/26/2017,94.5,97.0,97.5,94.5,4.48M,-2.07%
04/25/2017,96.5,97.5,97.75,94.75,8.26M,-1.53%
04/24/2017,98.0,98.0,98.0,97.5,2.12M,0.26%
04/23/2017,97.75,98.25,98.5,97.5,2.74M,0.51%
04/20/2017,97.25,98.0,98.0,96.75,5.00M,-1.27%
04/19/2017,98.5,98.5,99.0,98.0,2.77M,0.00%
04/18/2017,98.5,99.75,100.0,98.5,3.23M,-1.25%
04/17/2017,99.75,99.5,100.0,99.25,2.14M,0.25%
04/16/2017,99.5,99.75,100.0,99.0,2.15M,-0.25%
04/13/2017,99.75,100.0,100.25,99.75,3.39M,-0.25%
04/12/2017,100.0,99.75,100.5,99.25,3.14M,-1.23%
04/11/2017,101.25,101.75,102.5,101.25,2.94M,-0.49%
04/10/2017,101.75,101.75,102.0,101.0,2.89M,0.00%
04/09/2017,101.75,101.0,102.0,100.75,2.60M,0.99%
04/06/2017,100.75,99.75,102.0,99.75,4.18M,1.00%
04/05/2017,99.75,99.0,101.0,98.5,6.15M,1.27%
04/04/2017,98.5,96.75,99.0,96.75,4.77M,1.81%
04/03/2017,96.75,96.75,97.25,96.75,1.81M,0.00%
04/02/2017,96.75,96.75,97.0,96.5,2.29M,0.00%
03/30/2017,96.75,96.75,97.5,96.5,4.45M,0.00%
03/29/2017,96.75,96.75,97.0,96.25,3.46M,0.52%
03/28/2017,96.25,96.5,97.25,96.25,4.09M,-0.26%
03/27/2017,96.5,96.25,96.75,96.0,3.21M,0.26%
03/26/2017,96.25,96.25,97.25,96.0,2.10M,0.52%
03/23/2017,95.75,95.5,96.5,95.5,2.45M,0.26%
03/22/2017,95.5,96.0,96.25,95.0,2.71M,-1.04%
03/21/2017,96.5,96.5,96.75,96.25,1.96M,0.26%
03/20/2017,96.25,96.75,97.0,96.25,2.08M,-0.52%
03/19/2017,96.75,96.75,97.5,96.0,3.51M,0.00%
03/16/2017,96.75,95.5,97.5,95.5,3.05M,1.57%
03/15/2017,95.25,95.5,96.5,95.25,3.79M,-0.52%
03/14/2017,95.75,95.5,95.75,94.75,3.08M,-0.26%
03/13/2017,96.0,95.5,96.0,95.25,4.24M,0.26%
03/12/2017,95.75,96.25,96.75,95.25,1.65M,-0.52%
03/09/2017,96.25,97.0,97.5,96.25,3.45M,-1.03%
03/08/2017,97.25,97.5,97.75,97.25,2.09M,-0.26%
03/07/2017,97.5,98.0,98.25,97.25,3.54M,-0.51%
03/06/2017,98.0,97.0,98.0,96.75,3.14M,1.03%
03/05/2017,97.0,97.25,97.75,97.0,3.06M,-0.77%
03/02/2017,97.75,97.25,97.75,96.75,3.85M,0.77%
03/01/2017,97.0,97.0,97.5,96.75,3.75M,0.00%
02/28/2017,97.0,97.0,97.0,96.0,4.45M,0.26%
02/27/2017,96.75,97.75,98.0,96.25,3.10M,-1.02%
02/26/2017,97.75,97.75,98.0,97.5,2.04M,0.51%
02/23/2017,97.25,98.0,98.0,97.0,2.67M,-0.77%
02/22/2017,98.0,97.25,98.25,97.25,2.42M,1.03%
02/21/2017,97.0,97.25,97.75,96.5,2.10M,-0.26%
02/20/2017,97.25,97.75,97.75,97.25,2.08M,-0.26%
02/19/2017,97.5,97.5,98.5,97.25,2.99M,-0.26%
02/16/2017,97.75,97.0,98.0,97.0,3.30M,1.03%
02/15/2017,96.75,96.5,97.25,96.5,2.22M,0.26%
02/14/2017,96.5,96.75,97.25,96.25,2.91M,0.00%
02/13/2017,96.5,96.25,97.0,96.0,2.98M,0.00%
02/12/2017,96.5,96.5,97.0,96.25,2.71M,0.26%
02/09/2017,96.25,95.75,96.75,95.25,3.42M,1.05%
02/08/2017,95.25,96.25,96.25,95.25,2.91M,-1.30%
02/07/2017,96.5,96.5,96.75,96.25,2.72M,-0.26%
02/06/2017,96.75,96.75,97.0,96.25,2.42M,0.26%
02/05/2017,96.5,96.5,97.0,96.25,2.52M,0.00%
02/02/2017,96.5,96.0,97.25,96.0,4.01M,0.26%
02/01/2017,96.25,95.5,96.75,95.5,3.18M,0.79%
01/31/2017,95.5,95.75,96.0,95.25,3.41M,-0.52%
01/30/2017,96.0,96.5,97.0,95.75,3.59M,-0.78%
01/29/2017,96.75,97.25,97.5,96.75,3.33M,-0.26%
01/26/2017,97.0,96.0,97.0,96.0,4.55M,1.04%
01/25/2017,96.0,94.5,96.5,94.5,4.81M,1.59%
01/24/2017,94.5,94.25,95.0,94.0,4.34M,0.53%
01/23/2017,94.0,93.25,94.5,93.25,4.41M,0.53%
01/22/2017,93.5,93.0,93.5,92.75,2.24M,0.54%
01/19/2017,93.0,92.25,93.75,92.25,4.83M,-0.27%
01/18/2017,93.25,94.0,94.25,93.25,4.63M,-0.53%
01/17/2017,93.75,92.25,94.0,92.25,4.03M,1.08%
01/16/2017,92.75,93.25,93.25,92.25,3.09M,-0.27%
01/15/2017,93.0,93.0,93.25,92.75,2.60M,0.27%
01/12/2017,92.75,92.5,93.0,92.0,3.19M,0.82%
01/11/2017,92.0,92.0,93.0,92.0,4.00M,-0.54%
01/10/2017,92.5,92.25,92.75,91.25,3.48M,0.27%
01/09/2017,92.25,92.5,92.75,91.75,3.22M,0.00%
01/08/2017,92.25,92.5,93.25,92.0,3.04M,-0.27%
01/05/2017,92.5,92.0,93.0,92.0,3.16M,0.54%
01/04/2017,92.0,92.0,92.5,91.75,3.53M,-0.54%
01/03/2017,92.5,91.75,92.75,91.5,4.99M,0.82%
01/02/2017,91.75,91.5,93.0,91.25,4.41M,0.27%
01/01/2017,91.5,91.75,92.0,91.25,2.94M,0.00%
12/29/2016,91.5,92.25,92.75,90.75,7.84M,-1.08%
12/28/2016,92.5,93.25,93.75,92.0,4.72M,-0.54%
12/27/2016,93.0,92.25,93.75,92.25,3.56M,0.54%
12/26/2016,92.5,93.0,93.5,92.25,2.74M,-0.27%
12/25/2016,92.75,93.0,93.25,92.25,2.74M,1.09%
12/22/2016,91.75,91.75,92.25,91.25,2.56M,0.00%
12/21/2016,91.75,92.0,92.75,91.0,3.62M,-0.27%
12/20/2016,92.0,91.5,92.5,90.5,4.75M,0.27%
12/19/2016,91.75,94.5,94.5,91.0,7.26M,-3.67%
12/18/2016,95.25,94.75,96.25,94.5,4.79M,0.79%
12/15/2016,94.5,94.0,95.0,93.0,4.55M,-0.26%
12/14/2016,94.75,95.25,95.5,93.75,5.05M,-0.26%
12/13/2016,95.0,95.5,95.5,94.5,2.43M,-0.52%
12/12/2016,95.5,97.5,97.75,95.25,7.93M,-1.29%
12/11/2016,96.75,96.0,97.25,96.0,5.35M,2.11%
12/08/2016,94.75,95.25,96.0,94.75,4.07M,-0.79%
12/07/2016,95.5,97.0,97.25,95.25,5.48M,-1.55%
12/06/2016,97.0,96.25,97.0,96.25,2.62M,0.26%
12/05/2016,96.75,96.5,97.0,95.5,4.42M,0.26%
12/04/2016,96.5,97.75,98.25,96.5,3.68M,-0.26%
12/01/2016,96.75,98.0,98.5,96.25,5.51M,2.11%
11/30/2016,94.75,91.5,96.0,91.0,9.56M,4.41%
11/29/2016,90.75,91.0,91.75,90.75,3.47M,-0.27%
11/28/2016,91.0,91.0,91.5,90.25,3.40M,0.55%
11/27/2016,90.5,90.0,91.0,89.5,3.16M,0.28%
11/24/2016,90.25,90.5,91.75,90.0,4.88M,0.28%
11/23/2016,90.0,86.5,90.5,86.5,6.09M,4.05%
11/22/2016,86.5,86.5,87.0,86.25,3.21M,0.58%
11/21/2016,86.0,86.0,86.5,85.5,2.44M,0.00%
11/20/2016,86.0,86.0,86.5,85.75,2.55M,0.29%
11/17/2016,85.75,86.5,87.0,85.75,2.58M,-0.58%
11/16/2016,86.25,85.0,87.0,85.0,3.76M,2.07%
11/15/2016,84.5,85.25,85.75,83.75,4.05M,-1.17%
11/14/2016,85.5,86.25,86.25,85.0,4.76M,-0.58%
11/13/2016,86.0,86.75,87.0,85.75,3.67M,-0.29%
11/10/2016,86.25,86.25,87.75,86.25,6.11M,0.29%
11/09/2016,86.0,86.0,87.0,84.5,5.08M,-0.29%
11/08/2016,86.25,85.5,87.0,85.0,5.83M,1.17%
11/07/2016,85.25,84.5,85.5,84.5,4.66M,1.19%
11/06/2016,84.25,84.0,84.5,83.5,2.80M,0.00%
11/03/2016,84.25,83.75,84.5,83.5,4.94M,0.60%
11/02/2016,83.75,84.0,84.5,83.25,3.98M,-0.30%
11/01/2016,84.0,84.5,85.0,84.0,2.46M,-0.88%
10/31/2016,84.75,84.75,85.5,84.25,2.70M,0.00%
10/30/2016,84.75,85.25,86.0,84.75,2.39M,-0.88%
10/27/2016,85.5,84.75,85.75,84.5,3.25M,0.88%
10/26/2016,84.75,84.75,85.0,84.25,1.75M,-0.59%
10/25/2016,85.25,84.0,85.25,84.0,2.60M,1.49%
10/24/2016,84.0,84.0,84.75,83.75,3.08M,0.00%
10/23/2016,84.0,84.0,84.75,83.5,1.77M,0.30%
10/20/2016,83.75,84.25,84.5,83.75,2.12M,-0.30%
10/19/2016,84.0,82.75,84.5,82.75,2.51M,1.82%
10/18/2016,82.5,84.0,84.5,81.5,3.39M,-1.79%
10/17/2016,84.0,84.0,85.5,84.0,2.93M,-0.59%
10/16/2016,84.5,84.5,84.75,83.75,1.96M,0.30%
10/13/2016,84.25,83.75,86.0,83.5,5.59M,0.60%
10/12/2016,83.75,83.5,84.5,83.5,2.23M,0.30%
10/11/2016,83.5,83.5,84.25,83.25,2.84M,0.60%
10/10/2016,83.0,83.5,84.25,82.25,4.39M,-0.30%
10/09/2016,83.25,84.0,84.5,82.5,4.31M,-0.60%
10/06/2016,83.75,83.75,85.0,83.5,4.31M,-0.30%
10/05/2016,84.0,81.5,84.0,81.5,4.87M,3.07%
10/04/2016,81.5,81.5,81.75,80.75,3.57M,0.31%
10/03/2016,81.25,80.25,82.0,80.0,4.19M,0.62%
10/02/2016,80.75,80.25,82.25,79.75,3.22M,-0.62%
09/29/2016,81.25,79.5,81.25,79.25,11.12M,3.50%
09/28/2016,78.5,81.0,81.5,76.0,7.54M,-3.98%
09/27/2016,81.75,82.0,82.5,81.0,6.88M,-0.91%
09/26/2016,82.5,82.5,82.5,82.0,3.39M,0.92%
09/25/2016,81.75,83.5,83.75,81.75,4.82M,-2.39%
09/21/2016,83.75,83.5,83.75,83.25,3.47M,0.90%
09/20/2016,83.0,83.0,83.25,82.5,4.24M,0.00%
09/19/2016,83.0,83.75,84.25,82.5,6.06M,-0.30%
09/18/2016,83.25,83.75,84.0,82.75,3.30M,-1.48%
09/08/2016,84.5,84.5,84.75,84.0,2.53M,0.60%
09/07/2016,84.0,85.0,85.0,83.25,6.34M,-1.18%
09/06/2016,85.0,84.5,85.75,84.5,4.84M,0.59%
09/05/2016,84.5,82.5,84.75,82.25,8.10M,2.74%
09/04/2016,82.25,82.0,82.75,82.0,4.98M,0.30%
09/01/2016,82.0,82.75,82.75,82.0,5.07M,-0.61%
08/31/2016,82.5,83.0,83.5,82.5,3.82M,-0.90%
08/30/2016,83.25,82.75,83.5,82.5,4.68M,0.91%
08/29/2016,82.5,82.5,83.0,82.25,5.45M,0.00%
08/28/2016,82.5,82.0,82.75,81.0,3.31M,-0.30%
08/25/2016,82.75,83.75,84.0,82.25,5.27M,-1.19%
08/24/2016,83.75,84.25,85.25,83.75,4.76M,-0.30%
08/23/2016,84.0,83.75,84.25,83.0,4.62M,0.30%
08/22/2016,83.75,84.25,84.5,83.5,2.84M,-0.59%
08/21/2016,84.25,84.0,84.75,83.75,3.76M,0.90%
08/18/2016,83.5,83.0,84.0,82.75,5.15M,0.91%
08/17/2016,82.75,84.5,84.75,82.75,6.40M,-2.07%
08/16/2016,84.5,84.75,85.75,84.5,6.75M,0.00%
08/15/2016,84.5,84.25,85.25,84.25,6.23M,0.30%
08/14/2016,84.25,84.5,85.0,83.75,6.25M,0.90%
08/11/2016,83.5,83.75,84.0,83.25,5.52M,-0.30%
08/10/2016,83.75,83.75,85.0,83.5,6.92M,-0.30%
08/09/2016,84.0,81.75,84.25,81.5,8.80M,3.07%
08/08/2016,81.5,81.25,81.75,81.0,7.31M,0.31%
08/07/2016,81.25,81.25,81.5,80.75,5.42M,0.62%
08/04/2016,80.75,80.75,81.5,80.5,7.36M,0.62%
08/03/2016,80.25,80.5,81.5,80.0,8.26M,-0.31%
08/02/2016,80.5,81.75,81.75,80.0,9.34M,-1.53%
08/01/2016,81.75,81.5,82.5,81.5,6.76M,0.31%
07/31/2016,81.5,82.0,82.5,81.0,5.18M,-0.61%
07/28/2016,82.0,85.0,85.25,81.75,8.61M,-3.81%
07/27/2016,85.25,83.5,85.5,81.75,7.74M,1.79%
07/26/2016,83.75,84.0,84.5,83.5,5.80M,-0.30%
07/25/2016,84.0,83.25,84.75,82.25,6.91M,0.90%
07/24/2016,83.25,83.5,83.75,83.0,3.26M,0.00%
07/21/2016,83.25,83.75,83.75,83.0,6.51M,0.60%
07/20/2016,82.75,83.0,83.25,82.5,5.49M,-0.60%
07/19/2016,83.25,84.0,84.25,83.0,6.17M,-1.19%
07/18/2016,84.25,83.5,84.25,83.0,6.49M,1.51%
07/17/2016,83.0,83.5,84.0,83.0,4.63M,-0.30%
07/14/2016,83.25,83.5,84.25,83.0,7.71M,-0.30%
07/13/2016,83.5,82.5,83.75,82.25,9.12M,1.52%
07/12/2016,82.25,82.0,82.75,81.75,6.67M,0.61%
07/11/2016,81.75,81.0,82.0,80.75,4.95M,0.93%
07/10/2016,81.0,81.25,81.25,80.75,634.04K,0.00%
06/30/2016,81.0,81.25,82.25,81.0,7.73M,0.00%
06/29/2016,81.0,81.25,81.5,81.0,6.09M,0.31%
06/28/2016,80.75,81.5,81.75,80.75,7.75M,-0.62%
06/27/2016,81.25,81.75,82.25,81.0,7.03M,0.31%
06/26/2016,81.0,80.5,81.75,80.0,5.68M,-1.52%
06/23/2016,82.25,82.25,82.5,82.0,4.49M,0.00%
06/22/2016,82.25,82.5,83.0,82.0,4.47M,0.30%
06/21/2016,82.0,82.25,83.5,81.75,5.74M,0.00%
06/20/2016,82.0,82.5,82.5,81.75,6.21M,0.31%
06/19/2016,81.75,82.0,82.5,81.75,4.34M,0.31%
06/16/2016,81.5,81.5,82.0,81.25,5.69M,-0.31%
06/15/2016,81.75,82.0,83.25,81.5,5.99M,-0.61%
06/14/2016,82.25,81.75,82.25,81.25,5.20M,0.92%
06/13/2016,81.5,81.25,82.25,81.25,6.00M,0.00%
06/12/2016,81.5,82.0,82.25,81.0,4.21M,-1.21%
06/09/2016,82.5,83.5,84.0,82.25,7.38M,-0.60%
06/08/2016,83.0,82.25,83.75,81.75,8.75M,1.22%
06/07/2016,82.0,82.25,82.5,81.5,7.54M,0.61%
06/06/2016,81.5,80.25,82.25,80.25,8.41M,2.19%
06/05/2016,79.75,82.75,83.0,79.75,10.79M,-3.63%
06/02/2016,82.75,81.75,82.75,81.75,7.77M,1.53%
06/01/2016,81.5,81.75,83.5,81.25,7.03M,-0.61%
05/31/2016,82.0,80.25,82.0,80.25,4.47M,2.50%
05/30/2016,80.0,81.25,81.5,79.5,5.78M,-1.84%
05/29/2016,81.5,82.5,82.75,80.5,4.24M,-1.21%
05/26/2016,82.5,82.25,83.25,82.25,4.88M,1.23%
05/25/2016,81.5,81.5,82.0,81.0,4.71M,1.24%
05/24/2016,80.5,80.0,81.0,80.0,6.00M,0.94%
05/23/2016,79.75,82.25,82.5,79.75,8.00M,-3.04%
05/22/2016,82.25,83.5,83.5,82.25,5.62M,-1.20%
05/19/2016,83.25,84.25,84.25,83.0,7.34M,-1.19%
05/18/2016,84.25,84.75,84.75,84.25,6.23M,0.00%
05/17/2016,84.25,84.5,85.0,84.0,7.60M,0.60%
05/16/2016,83.75,84.5,84.75,83.5,10.31M,-0.59%
05/15/2016,84.25,84.25,85.25,84.0,7.11M,-0.30%
05/12/2016,84.5,83.5,85.0,83.5,10.11M,1.50%
05/11/2016,83.25,84.0,84.25,83.0,9.97M,0.00%
05/10/2016,83.25,83.25,83.75,82.75,8.35M,-0.89%
05/09/2016,84.0,84.0,84.5,83.25,8.73M,0.30%
05/08/2016,83.75,83.75,85.0,83.25,7.87M,0.30%
05/05/2016,83.5,82.5,83.75,82.5,9.56M,1.83%
05/04/2016,82.0,82.0,83.0,81.5,10.78M,-0.30%
05/03/2016,82.25,84.25,85.0,81.75,9.54M,-2.37%
05/02/2016,84.25,85.25,85.5,83.75,6.67M,-1.17%
05/01/2016,85.25,85.25,86.75,85.0,5.08M,0.00%
04/28/2016,85.25,84.75,85.5,84.5,6.08M,0.59%
04/27/2016,84.75,84.5,86.5,84.25,8.30M,1.50%
04/26/2016,83.5,85.0,85.5,83.5,8.86M,-2.91%
04/25/2016,86.0,81.75,87.0,80.0,14.05M,4.88%
04/24/2016,82.0,79.75,82.0,79.75,8.22M,3.80%
04/21/2016,79.0,78.25,79.75,78.0,7.42M,1.94%
04/20/2016,77.5,77.25,78.25,77.0,7.27M,0.00%
04/19/2016,77.5,77.0,77.75,76.5,10.02M,2.31%
04/18/2016,75.75,74.75,76.0,74.25,9.84M,0.00%
04/17/2016,75.75,76.5,76.75,75.25,8.21M,-0.98%
04/14/2016,76.5,76.25,77.25,75.75,7.62M,0.33%
04/13/2016,76.25,76.0,76.5,75.5,7.21M,0.66%
04/12/2016,75.75,75.0,76.25,74.5,9.15M,-1.94%
04/11/2016,77.25,77.5,78.0,76.75,3.32M,-0.64%
04/10/2016,77.75,77.75,78.25,77.25,8.34M,1.97%
04/07/2016,76.25,76.5,77.0,76.0,9.81M,0.99%
04/06/2016,75.5,76.0,76.5,75.0,11.06M,0.67%
04/05/2016,75.0,75.0,75.75,74.75,10.46M,-0.99%
04/04/2016,75.75,74.5,75.75,74.25,8.86M,2.02%
04/03/2016,74.25,74.5,75.0,73.25,6.56M,-1.00%
03/31/2016,75.0,74.25,75.25,73.75,5.51M,0.00%
03/30/2016,75.0,74.25,75.25,74.0,5.43M,1.69%
03/29/2016,73.75,75.75,76.0,73.5,9.03M,-2.96%
03/28/2016,76.0,75.75,77.5,75.25,11.45M,1.00%
03/27/2016,75.25,77.0,77.5,75.0,7.67M,-1.95%
03/24/2016,76.75,77.75,77.75,76.5,7.35M,-1.60%
03/23/2016,78.0,78.5,79.5,78.0,7.96M,-0.95%
03/22/2016,78.75,79.5,80.5,78.0,10.42M,0.00%
03/21/2016,78.75,77.5,80.0,77.25,12.69M,1.29%
03/20/2016,77.75,77.75,78.25,77.25,5.84M,0.32%
03/17/2016,77.5,77.25,78.25,77.0,8.45M,1.97%
03/16/2016,76.0,74.5,76.25,74.5,7.53M,2.36%
03/15/2016,74.25,75.0,75.25,74.0,6.99M,-1.00%
03/14/2016,75.0,76.75,77.0,75.0,7.41M,-2.28%
03/13/2016,76.75,77.0,77.5,76.5,5.89M,0.66%
03/10/2016,76.25,77.25,78.25,76.25,9.75M,-0.65%
03/09/2016,76.75,76.5,77.5,76.5,9.01M,-0.32%
03/08/2016,77.0,77.0,78.0,77.0,10.50M,0.98%
03/07/2016,76.25,77.75,78.0,76.25,10.73M,-0.97%
03/06/2016,77.0,76.25,77.5,75.75,6.35M,3.36%
03/03/2016,74.5,74.25,74.75,73.5,7.11M,1.02%
03/02/2016,73.75,74.25,74.5,73.5,6.14M,-0.34%
03/01/2016,74.0,74.0,74.5,73.5,7.77M,1.72%
02/29/2016,72.75,73.75,74.75,72.5,9.44M,-1.02%
02/28/2016,73.5,72.25,74.0,72.25,6.27M,2.44%
02/25/2016,71.75,71.5,72.25,71.0,8.81M,1.06%
02/24/2016,71.0,71.5,71.5,70.25,10.37M,-2.07%
02/23/2016,72.5,72.5,72.75,71.25,6.22M,-0.34%
02/22/2016,72.75,70.75,73.75,70.25,10.49M,3.93%
02/21/2016,70.0,70.25,70.75,69.5,7.58M,-0.71%
02/18/2016,70.5,70.25,71.5,70.0,12.19M,2.55%
02/17/2016,68.75,67.5,69.75,67.25,11.56M,1.48%
02/16/2016,67.75,68.0,70.25,67.75,10.34M,1.50%
02/15/2016,66.75,65.0,67.25,65.0,10.27M,3.09%
02/14/2016,64.75,66.25,66.25,64.25,9.73M,1.17%
02/11/2016,64.0,66.0,66.25,63.25,13.17M,-3.76%
02/10/2016,66.5,66.25,67.25,66.0,12.60M,0.38%
02/09/2016,66.25,66.75,67.5,66.25,9.78M,-0.38%
02/08/2016,66.5,67.0,68.25,66.0,9.10M,0.00%
02/07/2016,66.5,67.0,67.25,66.5,4.68M,-1.12%
02/04/2016,67.25,70.75,71.0,67.25,9.36M,-0.74%
02/03/2016,67.75,65.75,68.25,65.5,10.07M,1.88%
02/02/2016,66.5,68.5,68.75,66.25,8.75M,-3.62%
02/01/2016,69.0,69.5,70.0,68.5,9.23M,-1.78%
01/31/2016,70.25,72.0,72.25,70.25,7.61M,2.55%
01/28/2016,68.5,66.5,69.75,66.5,8.56M,4.18%
01/27/2016,65.75,65.0,66.75,65.0,9.92M,1.54%
01/26/2016,64.75,63.0,64.75,62.5,8.54M,1.17%
01/25/2016,64.0,64.0,64.75,63.25,8.19M,0.39%
01/24/2016,63.75,66.5,67.25,63.75,11.52M,3.24%
01/21/2016,61.75,60.0,62.0,59.5,10.85M,1.65%
01/20/2016,60.75,62.75,63.25,60.75,14.18M,-6.90%
01/19/2016,65.25,65.25,66.25,64.25,11.42M,3.57%
01/18/2016,63.0,61.25,63.75,60.0,15.81M,-3.45%
01/17/2016,65.25,63.0,65.75,61.0,12.90M,-2.97%
01/14/2016,67.25,67.25,68.25,65.75,8.99M,-2.18%
01/13/2016,68.75,68.75,70.0,67.5,11.95M,1.48%
01/12/2016,67.75,69.25,71.5,67.25,12.67M,-4.91%
01/11/2016,71.25,69.0,71.5,67.5,10.02M,3.26%
01/10/2016,69.0,68.5,70.5,68.0,8.39M,1.10%
01/07/2016,68.25,67.0,68.75,66.0,9.03M,-3.19%
01/06/2016,70.5,73.0,73.0,69.0,7.74M,-3.75%
01/05/2016,73.25,75.0,75.75,72.25,6.34M,-2.33%
01/04/2016,75.0,76.25,77.0,75.0,4.73M,-1.64%
01/03/2016,76.25,76.0,77.5,75.75,5.81M,-0.65%
12/31/2015,76.75,76.5,76.75,74.75,7.14M,0.33%
12/30/2015,76.5,78.5,79.0,76.25,8.50M,-2.55%
12/29/2015,78.5,81.0,81.0,74.75,11.47M,-3.98%
12/28/2015,81.75,81.25,82.5,81.25,6.70M,0.31%
12/27/2015,81.5,82.0,82.5,80.5,6.36M,-0.61%
12/24/2015,82.0,84.0,84.25,81.5,7.23M,-1.20%
12/23/2015,83.0,86.0,86.5,82.25,9.15M,-3.49%
12/22/2015,86.0,85.0,87.0,85.0,7.48M,1.47%
12/21/2015,84.75,86.0,86.5,84.5,7.94M,-1.74%
12/20/2015,86.25,87.75,88.0,85.75,6.72M,-2.54%
12/17/2015,88.5,85.5,88.75,85.5,7.79M,4.73%
12/16/2015,84.5,85.0,85.25,84.25,6.16M,0.60%
12/15/2015,84.0,84.5,85.5,84.0,9.28M,-0.30%
12/14/2015,84.25,86.0,86.25,83.25,6.88M,-1.17%
12/13/2015,85.25,86.0,86.0,84.0,7.49M,-2.57%
12/10/2015,87.5,87.25,87.75,87.0,6.84M,0.86%
12/09/2015,86.75,86.0,87.75,85.75,8.99M,0.87%
12/08/2015,86.0,86.0,86.25,84.5,8.00M,-1.43%
12/07/2015,87.25,87.5,88.0,87.0,5.23M,-0.29%
12/06/2015,87.5,87.0,87.5,86.25,4.89M,-0.28%
12/03/2015,87.75,89.5,89.5,87.0,7.46M,-1.96%
12/02/2015,89.5,90.25,90.25,89.25,5.03M,-0.56%
12/01/2015,90.0,90.25,90.5,89.5,6.39M,0.28%
11/30/2015,89.75,90.0,90.25,89.25,5.14M,-0.28%
11/29/2015,90.0,89.25,90.75,89.25,4.93M,0.28%
11/26/2015,89.75,89.75,91.0,89.5,5.71M,0.00%
11/25/2015,89.75,90.0,90.75,89.75,5.89M,0.00%
11/24/2015,89.75,89.25,90.75,89.25,8.59M,0.56%
11/23/2015,89.25,88.25,90.0,87.5,8.19M,0.85%
11/22/2015,88.5,87.0,89.0,87.0,6.03M,2.61%
11/19/2015,86.25,84.75,86.75,84.5,8.73M,2.07%
11/18/2015,84.5,83.0,84.75,83.0,7.77M,2.11%
11/17/2015,82.75,82.75,83.5,82.75,7.28M,0.30%
11/16/2015,82.5,80.75,82.5,80.5,7.79M,3.13%
11/15/2015,80.0,80.0,81.25,79.5,8.21M,-3.03%
11/12/2015,82.5,82.5,83.75,82.0,10.45M,0.00%
11/11/2015,82.5,82.0,83.25,82.0,10.06M,0.61%
11/10/2015,82.0,82.0,82.25,81.25,7.37M,-0.30%
11/09/2015,82.25,80.5,82.25,79.75,9.36M,3.13%
11/08/2015,79.75,81.0,81.0,78.5,7.18M,-1.54%
11/05/2015,81.0,82.0,82.25,80.5,6.01M,-1.52%
11/04/2015,82.25,82.75,82.75,79.5,7.48M,1.86%
11/03/2015,80.75,83.25,83.5,80.5,7.18M,-2.71%
11/02/2015,83.0,82.5,84.0,82.5,6.32M,0.30%
11/01/2015,82.75,83.0,83.0,81.5,4.92M,0.61%
10/29/2015,82.25,83.25,84.25,82.25,4.62M,0.00%
10/28/2015,82.25,82.5,82.75,80.25,6.19M,0.00%
10/27/2015,82.25,84.0,84.5,81.0,6.09M,-2.08%
10/26/2015,84.0,83.25,84.5,82.25,6.73M,1.82%
10/25/2015,82.5,86.0,86.5,82.25,6.92M,-2.65%
10/22/2015,84.75,85.5,86.0,84.0,7.65M,-1.17%
10/21/2015,85.75,89.0,89.25,84.75,10.29M,-3.65%
10/20/2015,89.0,90.75,91.5,88.75,6.81M,-1.66%
10/19/2015,90.5,90.25,91.5,90.25,7.34M,0.28%
10/18/2015,90.25,90.5,92.75,90.0,9.33M,2.85%
10/15/2015,87.75,89.0,89.5,87.75,7.64M,-1.68%
10/14/2015,89.25,87.25,89.5,86.75,7.02M,2.29%
10/13/2015,87.25,87.25,88.0,86.5,6.64M,-1.13%
10/12/2015,88.25,89.5,89.75,88.25,7.89M,-1.12%
10/11/2015,89.25,88.0,90.5,88.0,8.72M,3.18%
10/08/2015,86.5,82.0,86.5,82.0,7.84M,5.17%
10/07/2015,82.25,80.5,83.75,80.5,8.12M,4.11%
10/06/2015,79.0,79.75,80.25,79.0,4.16M,-0.63%
10/05/2015,79.5,78.25,79.5,78.25,5.72M,1.60%
10/04/2015,78.25,78.25,78.75,77.75,3.22M,0.32%
10/01/2015,78.0,79.25,79.5,78.0,4.14M,-0.64%
09/30/2015,78.5,78.0,79.0,77.5,3.05M,1.29%
09/29/2015,77.5,77.5,77.5,76.25,1.85M,-0.64%
09/21/2015,78.0,77.25,78.25,77.0,4.45M,0.97%
09/20/2015,77.25,76.75,77.25,76.0,6.13M,-0.32%
09/17/2015,77.5,78.25,78.5,77.0,7.99M,0.00%
09/16/2015,77.5,79.0,79.5,77.25,9.58M,-0.64%
09/15/2015,78.0,78.25,78.75,76.75,8.98M,-0.32%
09/14/2015,78.25,79.75,80.5,78.0,7.28M,-1.88%
09/13/2015,79.75,80.75,82.0,79.75,4.82M,-1.24%
09/10/2015,80.75,80.0,81.25,79.75,7.44M,-0.31%
09/09/2015,81.0,81.75,82.0,80.5,10.58M,1.25%
09/08/2015,80.0,79.25,80.25,78.5,8.36M,1.59%
09/07/2015,78.75,78.5,80.0,78.0,7.61M,1.29%
09/06/2015,77.75,77.0,78.5,76.5,5.14M,0.00%
09/03/2015,77.75,79.5,79.75,77.5,6.15M,-0.64%
09/02/2015,78.25,79.0,80.0,75.25,9.80M,-2.19%
09/01/2015,80.0,81.25,82.5,79.75,9.51M,-0.93%
08/31/2015,80.75,81.5,82.0,80.5,8.37M,-2.71%
08/30/2015,83.0,84.0,86.0,82.5,11.07M,4.08%
08/27/2015,79.75,80.75,81.75,79.5,10.14M,5.63%
08/26/2015,75.5,78.25,79.0,75.5,9.77M,-4.13%
08/25/2015,78.75,74.0,78.75,73.0,10.12M,9.38%
08/24/2015,72.0,75.25,77.0,70.5,8.66M,-7.40%
08/23/2015,77.75,80.5,81.25,77.0,8.34M,-9.33%
08/20/2015,85.75,87.75,87.75,83.75,9.85M,-3.92%
08/19/2015,89.25,88.75,90.5,88.75,6.75M,0.28%
08/18/2015,89.0,90.5,90.5,87.75,6.01M,-1.66%
08/17/2015,90.5,90.0,91.75,89.5,4.82M,0.56%
08/16/2015,90.0,92.25,93.25,89.75,5.53M,-2.44%
08/13/2015,92.25,92.0,92.5,91.25,4.87M,1.10%
08/12/2015,91.25,90.0,91.25,88.25,5.30M,-0.27%
08/11/2015,91.5,92.25,93.5,91.25,4.44M,-0.81%
08/10/2015,92.25,91.25,92.75,91.25,3.75M,1.65%
08/09/2015,90.75,89.75,91.25,88.5,3.51M,0.00%
08/06/2015,90.75,91.75,92.25,89.75,4.59M,-2.16%
08/05/2015,92.75,93.25,93.75,92.75,3.53M,0.27%
08/04/2015,92.5,94.0,94.0,91.25,6.50M,-1.60%
08/03/2015,94.0,92.75,94.0,92.5,3.60M,1.08%
08/02/2015,93.0,96.0,96.0,91.0,7.17M,-3.88%
07/30/2015,96.75,96.25,97.25,95.75,5.86M,0.78%
07/29/2015,96.0,95.75,97.0,95.5,4.94M,0.26%
07/28/2015,95.75,94.5,95.75,94.5,5.85M,1.06%
07/27/2015,94.75,98.0,98.25,94.5,9.03M,-4.29%
07/26/2015,99.0,102.25,102.75,98.5,14.03M,0.76%
07/23/2015,98.25,99.75,100.0,98.0,4.87M,-1.75%
07/22/2015,100.0,101.75,102.25,99.75,4.83M,-1.72%
07/15/2015,101.75,100.25,102.5,99.75,4.18M,2.01%
07/14/2015,99.75,99.75,100.25,98.75,3.10M,-0.75%
07/13/2015,100.5,100.5,101.75,100.0,3.66M,0.25%
07/12/2015,100.25,102.75,105.75,99.5,7.50M,-1.96%
07/09/2015,102.25,93.5,102.25,93.25,11.12M,9.95%
07/08/2015,93.0,93.5,94.25,92.25,5.58M,-1.06%
07/07/2015,94.0,94.75,95.25,93.25,4.34M,-1.83%
07/06/2015,95.75,95.5,97.0,94.75,3.25M,-0.52%
07/05/2015,96.25,94.25,96.5,94.25,3.09M,1.58%
07/02/2015,94.75,94.75,96.75,94.5,3.76M,-0.26%
07/01/2015,95.0,95.25,96.25,93.25,6.68M,-0.26%
06/30/2015,95.25,95.5,96.0,93.0,9.10M,-0.78%
06/29/2015,96.0,98.0,98.0,95.5,5.97M,-2.29%
06/28/2015,98.25,102.0,102.25,97.5,9.18M,-3.91%
06/25/2015,102.25,102.25,103.25,101.75,5.48M,0.00%
06/24/2015,102.25,101.0,102.5,100.25,4.00M,1.49%
06/23/2015,100.75,100.5,101.5,100.25,4.12M,0.25%
06/22/2015,100.5,100.5,101.25,99.5,5.19M,0.00%
06/21/2015,100.5,102.75,102.75,100.5,4.88M,-2.43%
06/18/2015,103.0,103.0,103.5,102.5,4.50M,0.00%
06/17/2015,103.0,103.25,103.5,102.0,4.90M,-0.48%
06/16/2015,103.5,104.0,104.25,102.5,5.18M,-0.48%
06/15/2015,104.0,106.25,107.25,103.75,9.20M,-1.42%
06/14/2015,105.5,103.5,106.0,103.25,5.74M,2.18%
06/11/2015,103.25,103.5,103.75,102.75,2.71M,-0.24%
06/10/2015,103.5,103.0,103.75,103.0,3.83M,0.98%
06/09/2015,102.5,101.5,102.75,101.25,3.69M,0.49%
06/08/2015,102.0,103.0,103.0,101.75,3.90M,-0.97%
06/07/2015,103.0,103.25,103.75,102.5,2.40M,-0.48%
06/04/2015,103.5,103.5,103.75,102.5,4.15M,0.00%
06/03/2015,103.5,104.0,104.25,103.25,3.00M,-0.48%
06/02/2015,104.0,104.25,104.75,103.5,3.91M,0.48%
06/01/2015,103.5,102.75,103.75,102.25,3.68M,0.49%
05/31/2015,103.0,103.75,104.25,102.75,3.50M,-0.24%
05/28/2015,103.25,103.5,104.75,103.0,4.90M,-0.48%
05/27/2015,103.75,104.5,105.75,103.75,5.30M,-0.48%
05/26/2015,104.25,103.25,104.75,103.25,3.92M,1.46%
05/25/2015,102.75,102.5,103.75,102.0,6.73M,0.24%
05/24/2015,102.5,105.0,105.25,101.0,9.78M,-2.61%
05/21/2015,105.25,104.5,105.25,103.75,4.62M,0.24%
05/20/2015,105.0,106.75,107.0,104.75,7.03M,-1.64%
05/19/2015,106.75,108.25,108.25,106.75,4.51M,-1.16%
05/18/2015,108.0,109.0,109.25,107.75,5.41M,-0.46%
05/17/2015,108.5,108.25,109.75,108.25,4.94M,0.93%
05/14/2015,107.5,105.75,108.5,105.75,5.66M,1.90%
05/13/2015,105.5,104.0,105.5,103.75,4.43M,2.43%
05/12/2015,103.0,101.25,103.0,100.75,5.61M,1.23%
05/11/2015,101.75,104.75,104.75,101.25,6.33M,-2.86%
05/10/2015,104.75,107.0,107.25,104.5,5.85M,-1.87%
05/07/2015,106.75,107.5,108.0,106.0,4.76M,-0.70%
05/06/2015,107.5,106.75,108.75,105.5,7.31M,0.47%
05/05/2015,107.0,109.25,109.5,107.0,4.65M,-1.61%
05/04/2015,108.75,107.75,108.75,107.25,5.85M,0.93%
05/03/2015,107.75,109.5,110.5,106.5,5.09M,-0.92%
04/30/2015,108.75,108.25,110.5,108.0,10.76M,1.64%
04/29/2015,107.0,103.75,107.25,103.5,11.22M,4.65%
04/28/2015,102.25,101.5,103.25,101.0,6.67M,0.74%
04/27/2015,101.5,100.5,102.75,99.5,9.88M,1.25%
04/26/2015,100.25,97.75,100.5,97.75,8.44M,3.62%
04/23/2015,96.75,96.25,97.25,96.0,4.51M,0.26%
04/22/2015,96.5,97.5,98.25,96.0,6.87M,1.05%
04/21/2015,95.5,95.25,96.0,93.75,4.69M,-0.26%
04/20/2015,95.75,98.0,98.75,95.25,11.18M,0.00%
04/19/2015,95.75,92.25,95.75,92.0,7.51M,10.06%
04/16/2015,87.0,86.5,88.0,86.25,7.11M,1.75%
04/15/2015,85.5,84.5,85.5,84.25,5.08M,1.79%
04/14/2015,84.0,84.0,85.0,83.5,4.31M,-1.18%
04/13/2015,85.0,85.5,86.0,84.5,3.45M,-3.13%
04/12/2015,87.75,86.75,89.25,86.75,2.35M,2.63%
04/09/2015,85.5,84.25,86.5,84.25,3.78M,1.18%
04/08/2015,84.5,83.0,86.5,82.75,5.98M,2.42%
04/07/2015,82.5,81.0,82.75,80.75,4.54M,2.80%
04/06/2015,80.25,80.0,81.0,79.5,3.54M,1.26%
04/05/2015,79.25,80.25,80.75,78.25,3.81M,-1.25%
04/02/2015,80.25,81.75,82.25,80.0,5.19M,-0.62%
04/01/2015,80.75,80.25,81.25,79.5,5.74M,0.62%
03/31/2015,80.25,82.75,83.0,79.5,6.69M,-3.31%
03/30/2015,83.0,83.5,84.0,82.5,3.78M,-1.19%
03/29/2015,84.0,84.0,84.5,83.5,3.87M,1.51%
03/26/2015,82.75,81.75,84.0,80.25,4.75M,0.00%
03/25/2015,82.75,85.0,85.25,80.5,3.98M,-2.36%
03/24/2015,84.75,85.0,86.25,84.75,3.13M,-0.29%
03/23/2015,85.0,85.5,85.5,84.0,3.61M,-0.58%
03/22/2015,85.5,85.5,86.0,84.75,5.23M,1.18%
03/19/2015,84.5,85.0,86.25,83.0,6.37M,1.81%
03/18/2015,83.0,87.0,87.25,79.25,11.88M,-4.87%
03/17/2015,87.25,91.0,91.25,86.25,11.65M,-4.38%
03/16/2015,91.25,92.5,93.5,90.25,8.71M,-1.35%
03/15/2015,92.5,92.25,93.25,92.25,3.62M,-1.33%
03/12/2015,93.75,93.0,94.25,92.5,5.31M,1.08%
03/11/2015,92.75,92.25,92.75,92.0,3.48M,-0.27%
03/10/2015,93.0,93.25,93.5,92.0,4.30M,-0.27%
03/09/2015,93.25,93.5,93.75,93.0,3.56M,0.00%
03/08/2015,93.25,93.25,93.5,92.5,3.83M,0.00%
03/05/2015,93.25,93.0,94.0,92.5,4.26M,0.54%
03/04/2015,92.75,93.25,94.0,92.75,3.48M,-0.54%
03/03/2015,93.25,91.25,93.25,91.25,3.37M,1.36%
03/02/2015,92.0,91.75,92.0,91.0,2.98M,0.55%
03/01/2015,91.5,92.5,93.0,91.5,3.39M,0.00%
02/26/2015,91.5,92.5,93.0,91.25,5.40M,0.00%
02/25/2015,91.5,91.5,92.0,90.5,3.76M,-0.27%
02/24/2015,91.75,91.0,92.5,90.75,4.74M,0.55%
02/23/2015,91.25,92.75,93.5,91.0,4.30M,-1.62%
02/22/2015,92.75,93.0,94.25,92.5,2.79M,0.54%
02/19/2015,92.25,94.25,94.5,91.25,5.77M,-2.64%
02/18/2015,94.75,96.0,97.25,94.0,3.51M,-1.30%
02/17/2015,96.0,97.25,98.0,95.75,3.82M,-1.03%
02/16/2015,97.0,97.0,97.5,96.5,3.47M,-0.26%
02/15/2015,97.25,97.75,98.25,96.75,3.70M,2.37%
02/12/2015,95.0,93.75,96.0,93.75,2.51M,1.33%
02/11/2015,93.75,95.0,95.5,93.5,3.01M,-2.09%
02/10/2015,95.75,97.5,97.5,95.25,2.92M,-2.05%
02/09/2015,97.75,97.25,98.0,96.5,3.13M,1.03%
02/08/2015,96.75,96.0,98.0,95.75,3.34M,2.93%
02/05/2015,94.0,94.5,96.25,92.75,5.27M,-2.59%
02/04/2015,96.5,97.5,98.75,95.75,4.29M,0.26%
02/03/2015,96.25,96.5,97.5,95.75,4.70M,1.32%
02/02/2015,95.0,92.75,96.5,91.25,7.52M,2.15%
02/01/2015,93.0,91.5,93.5,91.25,6.84M,7.83%
01/29/2015,86.25,88.25,89.25,86.0,5.70M,-2.27%
01/28/2015,88.25,84.25,90.0,84.25,6.74M,5.06%
01/27/2015,84.0,79.5,85.0,79.0,6.89M,5.99%
01/26/2015,79.25,80.0,80.25,78.25,4.49M,0.32%
01/22/2015,79.0,77.5,80.0,77.5,4.85M,1.28%
01/21/2015,78.0,79.0,79.25,77.5,4.43M,-0.95%
01/20/2015,78.75,78.0,79.5,77.75,4.23M,0.96%
01/19/2015,78.0,79.5,79.5,77.75,3.76M,-1.58%
01/18/2015,79.25,78.25,80.5,77.5,4.94M,0.96%
01/15/2015,78.5,78.5,79.5,78.25,5.14M,1.62%
01/14/2015,77.25,77.25,78.5,76.5,4.34M,0.98%
01/13/2015,76.5,76.0,76.75,74.0,5.82M,-0.65%
01/12/2015,77.0,78.0,78.0,76.75,4.29M,-1.91%
01/11/2015,78.5,78.75,79.25,77.5,4.05M,-0.95%
01/08/2015,79.25,79.5,81.0,78.5,5.41M,1.28%
01/07/2015,78.25,76.75,79.0,75.75,7.48M,1.62%
01/06/2015,77.0,76.25,77.5,74.0,8.73M,-3.14%
01/05/2015,79.5,82.75,82.75,79.25,5.86M,-4.50%
01/04/2015,83.25,83.5,84.25,83.25,3.14M,-0.89%
01/01/2015,84.0,84.5,85.0,81.25,3.78M,0.00%
12/31/2014,84.0,86.25,86.75,79.5,4.34M,-1.47%
12/30/2014,85.25,86.0,87.25,85.25,4.25M,-4.75%
12/29/2014,89.5,89.25,89.75,88.5,3.70M,0.85%
12/28/2014,88.75,89.0,89.75,88.5,3.49M,0.00%
12/25/2014,88.75,90.0,91.25,88.0,6.87M,-1.11%
12/24/2014,89.75,91.5,91.75,89.75,5.33M,-1.10%
12/23/2014,90.75,91.5,93.0,90.0,6.24M,-1.63%
12/22/2014,92.25,91.0,93.25,89.25,5.84M,2.22%
12/21/2014,90.25,91.25,91.5,86.25,6.82M,8.08%
12/18/2014,83.5,82.0,83.5,80.75,3.27M,9.87%
12/17/2014,76.0,74.0,77.0,72.75,6.93M,4.83%
12/16/2014,72.5,76.0,76.0,70.25,5.00M,-7.05%
12/15/2014,78.0,82.0,82.75,77.25,6.00M,-3.11%
12/14/2014,80.5,77.5,81.0,76.25,5.22M,-1.53%
12/11/2014,81.75,77.0,82.0,76.75,6.47M,0.62%
12/10/2014,81.25,86.0,86.5,80.25,7.63M,-5.80%
12/09/2014,86.25,87.5,88.0,84.0,9.41M,-4.17%
12/08/2014,90.0,92.5,92.5,89.75,5.41M,-3.23%
12/07/2014,93.0,94.0,94.0,92.5,3.79M,-1.33%
12/04/2014,94.25,91.75,95.0,91.75,4.81M,3.01%
12/03/2014,91.5,90.0,91.75,89.75,5.05M,2.23%
12/02/2014,89.5,91.75,92.0,88.75,5.58M,0.56%
12/01/2014,89.0,86.0,90.25,85.5,8.26M,0.85%
11/30/2014,88.25,90.0,92.0,88.25,5.31M,-9.95%
11/27/2014,98.0,97.0,98.75,95.75,4.84M,0.51%
11/26/2014,97.5,98.5,99.0,96.25,6.17M,-1.27%
11/25/2014,98.75,102.75,102.75,98.25,8.72M,-4.13%
11/24/2014,103.0,104.25,105.0,102.75,6.82M,-0.72%
11/23/2014,103.75,102.75,104.75,102.5,5.18M,2.22%
11/20/2014,101.5,100.25,101.75,100.25,4.01M,0.50%
11/19/2014,101.0,102.0,102.25,99.5,4.23M,0.00%
11/18/2014,101.0,99.0,101.5,99.0,3.47M,2.28%
11/17/2014,98.75,101.75,102.0,98.0,3.42M,-2.71%
11/16/2014,101.5,103.75,103.75,101.5,2.50M,-2.17%
11/13/2014,103.75,104.25,104.5,103.0,2.31M,-0.95%
11/12/2014,104.75,104.25,105.0,103.0,2.48M,0.48%
11/11/2014,104.25,105.0,105.5,104.0,2.69M,-1.18%
11/10/2014,105.5,105.25,105.75,104.75,3.54M,0.96%
11/09/2014,104.5,106.0,106.0,104.0,2.25M,-0.48%
11/06/2014,105.0,103.5,105.75,103.25,3.83M,2.19%
11/05/2014,102.75,105.0,105.75,100.25,7.79M,-3.07%
11/04/2014,106.0,111.5,111.75,105.25,9.26M,-5.57%
11/03/2014,112.25,111.5,112.5,111.5,3.41M,0.45%
11/02/2014,111.75,113.0,113.0,111.25,2.94M,0.90%
10/30/2014,110.75,112.25,112.25,110.0,3.33M,-1.12%
10/29/2014,112.0,113.5,114.25,111.75,4.67M,-0.88%
10/28/2014,113.0,113.5,113.75,112.5,4.82M,-0.22%
10/27/2014,113.25,115.25,115.75,113.0,4.47M,-1.31%
10/26/2014,114.75,112.25,115.5,112.25,6.06M,-0.65%
10/23/2014,115.5,115.0,115.75,114.0,6.04M,-0.43%
10/22/2014,116.0,116.0,118.75,114.75,5.75M,1.09%
10/21/2014,114.75,111.0,115.25,110.5,6.60M,3.85%
10/20/2014,110.5,109.5,110.75,109.0,7.20M,1.61%
10/19/2014,108.75,113.25,113.75,107.25,12.97M,0.46%
10/16/2014,108.25,111.25,112.5,106.75,8.75M,-5.66%
10/15/2014,114.75,117.75,118.5,114.5,7.12M,-3.57%
10/14/2014,119.0,123.0,123.0,118.25,7.33M,-4.23%
10/13/2014,124.25,121.0,124.5,121.0,4.02M,2.26%
10/12/2014,121.5,125.0,127.0,121.25,3.39M,-7.07%
10/02/2014,130.75,130.75,130.75,129.75,1.52M,-0.38%
10/01/2014,131.25,131.25,131.5,131.0,1.90M,0.00%
09/30/2014,131.25,131.25,131.5,130.75,2.29M,0.00%
09/29/2014,131.25,130.5,131.25,129.75,3.38M,0.00%
09/28/2014,131.25,131.75,132.25,129.75,4.03M,-0.19%
09/25/2014,131.5,132.0,133.0,131.0,4.00M,-0.19%
09/24/2014,131.75,133.5,133.5,130.75,4.81M,-1.31%
09/22/2014,133.5,134.5,135.0,133.5,3.89M,-1.11%
09/21/2014,135.0,135.5,136.5,134.5,4.15M,-0.55%
09/18/2014,135.75,135.0,136.0,134.75,2.80M,0.56%
09/17/2014,135.0,134.25,135.25,134.0,2.71M,0.56%
09/16/2014,134.25,133.25,135.0,133.25,1.98M,0.75%
09/15/2014,133.25,134.0,134.25,133.0,2.54M,-0.37%
09/14/2014,133.75,133.75,134.75,133.5,1.98M,0.00%
09/11/2014,133.75,135.0,135.0,133.5,2.30M,-0.93%
09/10/2014,135.0,135.0,135.75,134.5,3.29M,0.00%
09/09/2014,135.0,135.0,135.5,134.75,2.76M,0.19%
09/08/2014,134.75,135.75,136.0,134.25,4.43M,-0.37%
09/07/2014,135.25,134.0,135.75,133.5,4.95M,0.93%
09/04/2014,134.0,134.25,134.25,133.5,2.98M,-0.19%
09/03/2014,134.25,133.0,135.25,133.0,4.45M,1.13%
09/02/2014,132.75,132.75,133.25,132.5,2.78M,0.00%
09/01/2014,132.75,133.25,133.5,132.5,3.28M,-0.19%
08/31/2014,133.0,133.5,133.75,132.75,1.85M,-0.37%
08/28/2014,133.5,133.0,133.75,133.0,3.70M,0.38%
08/27/2014,133.0,131.5,133.5,131.5,5.04M,1.14%
08/26/2014,131.5,132.25,133.0,130.0,6.85M,0.77%
08/25/2014,130.5,129.5,133.25,129.25,6.99M,0.97%
08/24/2014,129.25,129.0,129.5,128.75,1.98M,0.58%
08/21/2014,128.5,128.75,129.0,128.5,2.37M,-0.19%
08/20/2014,128.75,128.25,129.25,128.25,2.91M,0.19%
08/19/2014,128.5,128.25,128.5,128.0,2.28M,0.00%
08/18/2014,128.5,129.0,129.25,128.25,2.76M,-0.19%
08/17/2014,128.75,128.25,129.25,127.75,2.93M,0.39%
08/14/2014,128.25,128.75,129.0,128.25,2.04M,-0.19%
08/13/2014,128.5,129.0,129.75,128.25,3.90M,-0.39%
08/12/2014,129.0,129.5,129.5,129.0,2.46M,-0.39%
08/11/2014,129.5,129.5,129.75,128.75,2.40M,0.39%
08/10/2014,129.0,130.0,130.75,128.75,4.41M,-0.77%
08/07/2014,130.0,127.75,130.0,127.75,5.60M,1.76%
08/06/2014,127.75,128.25,128.25,127.0,3.01M,-0.39%
08/05/2014,128.25,128.5,129.0,128.0,2.81M,-0.19%
08/04/2014,128.5,129.25,129.25,127.75,3.08M,-0.39%
08/03/2014,129.0,129.0,129.5,128.0,2.13M,0.19%
07/24/2014,128.75,129.25,130.25,127.75,6.34M,-0.39%
07/23/2014,129.25,124.0,130.75,123.25,10.02M,4.66%
07/22/2014,123.5,119.0,126.25,118.75,10.79M,6.93%
07/21/2014,115.5,115.25,115.75,115.25,2.18M,0.22%
07/20/2014,115.25,116.25,116.75,115.0,3.32M,-0.86%
07/17/2014,116.25,116.5,116.75,115.75,2.93M,-0.21%
07/16/2014,116.5,116.5,117.0,116.25,2.58M,0.00%
07/15/2014,116.5,116.0,116.75,116.0,3.04M,0.43%
07/14/2014,116.0,116.25,116.25,115.75,2.82M,-2.32%
07/13/2014,118.75,117.75,119.0,117.75,2.03M,1.06%
07/10/2014,117.5,117.75,118.0,117.5,1.87M,0.00%
07/09/2014,117.5,117.5,118.0,117.5,2.65M,0.00%
07/08/2014,117.5,117.5,117.75,117.0,2.30M,0.00%
07/07/2014,117.5,117.5,118.25,117.25,2.90M,0.64%
07/06/2014,116.75,117.0,117.5,116.0,3.24M,1.08%
07/03/2014,115.5,116.0,116.0,115.5,2.99M,-0.43%
07/02/2014,116.0,115.25,117.0,115.0,3.61M,0.87%
07/01/2014,115.0,115.0,115.75,115.0,2.42M,0.44%
06/30/2014,114.5,115.0,115.0,114.25,3.18M,-0.43%
06/29/2014,115.0,116.25,116.25,114.75,2.65M,-1.29%
06/26/2014,116.5,115.25,116.5,115.25,4.01M,1.30%
06/25/2014,115.0,113.75,115.5,113.5,3.28M,0.88%
06/24/2014,114.0,114.75,115.0,112.25,5.17M,-0.44%
06/23/2014,114.5,115.25,115.25,113.25,3.34M,-0.43%
06/22/2014,115.0,115.5,116.0,114.75,2.66M,0.00%
06/19/2014,115.0,115.5,115.75,114.75,2.63M,0.00%
06/18/2014,115.0,114.25,115.5,114.25,2.61M,0.44%
06/17/2014,114.5,114.25,114.75,113.5,3.99M,0.22%
06/16/2014,114.25,115.0,115.25,114.0,3.48M,-0.65%
06/15/2014,115.0,116.0,116.0,114.5,3.74M,-0.86%
06/12/2014,116.0,116.5,116.75,116.0,2.86M,-0.64%
06/11/2014,116.75,117.25,117.5,116.5,2.50M,-0.64%
06/10/2014,117.5,117.5,118.0,117.0,3.81M,0.21%
06/09/2014,117.25,116.75,117.5,116.25,3.19M,0.43%
06/08/2014,116.75,116.25,116.75,115.75,3.79M,0.65%
06/05/2014,116.0,116.0,116.5,115.75,3.61M,0.22%
06/04/2014,115.75,115.75,116.25,115.5,3.42M,0.22%
06/03/2014,115.5,116.0,116.25,115.25,5.14M,-0.43%
06/02/2014,116.0,116.25,116.5,115.25,4.70M,0.00%
06/01/2014,116.0,115.5,116.5,115.5,3.25M,0.43%
05/29/2014,115.5,116.75,117.5,115.5,5.25M,-1.07%
05/28/2014,116.75,117.0,117.25,116.5,3.86M,-0.21%
05/27/2014,117.0,117.25,117.75,117.0,3.82M,0.00%
05/26/2014,117.0,116.0,117.75,116.0,5.32M,0.86%
05/25/2014,116.0,116.25,116.5,115.5,4.00M,-0.22%
05/22/2014,116.25,116.25,116.75,116.0,3.54M,0.22%
05/21/2014,116.0,116.0,116.5,115.5,3.33M,-0.22%
05/20/2014,116.25,116.5,117.0,115.5,4.33M,-0.43%
05/19/2014,116.75,118.0,118.25,116.25,5.25M,-1.06%
05/18/2014,118.0,118.5,118.75,117.75,3.48M,-0.42%
05/15/2014,118.5,119.5,119.75,118.25,5.39M,-0.84%
05/14/2014,119.5,120.25,120.5,119.25,3.04M,-0.62%
05/13/2014,120.25,119.25,121.0,119.25,4.30M,1.26%
05/12/2014,118.75,118.75,119.0,118.25,3.08M,0.00%
05/11/2014,118.75,119.25,119.5,118.25,3.75M,-0.21%
05/08/2014,119.0,118.25,119.75,118.25,4.56M,0.85%
05/07/2014,118.0,118.75,119.0,118.0,2.82M,-0.63%
05/06/2014,118.75,118.75,119.5,118.5,4.55M,0.00%
05/05/2014,118.75,119.5,120.25,118.5,4.35M,-0.63%
05/04/2014,119.5,117.5,121.0,117.25,7.13M,2.14%
05/01/2014,117.0,114.25,118.25,114.0,7.80M,2.63%
04/30/2014,114.0,114.25,114.5,113.75,4.35M,-0.22%
04/29/2014,114.25,114.25,114.75,114.0,3.81M,-0.22%
04/28/2014,114.5,115.0,115.25,114.25,3.98M,-0.22%
04/27/2014,114.75,115.25,115.25,114.5,4.41M,-0.22%
04/24/2014,115.0,115.0,115.5,114.75,4.00M,0.00%
04/23/2014,115.0,115.25,115.5,114.5,4.11M,-0.22%
04/22/2014,115.25,115.5,116.25,115.0,4.12M,0.00%
04/21/2014,115.25,115.5,116.0,115.25,4.09M,0.00%
04/20/2014,115.25,114.0,115.5,113.75,4.09M,1.54%
04/17/2014,113.5,113.75,114.0,113.25,2.99M,0.00%
04/16/2014,113.5,114.0,114.0,113.25,2.90M,-0.22%
04/15/2014,113.75,113.5,114.25,113.25,3.76M,0.22%
04/14/2014,113.5,114.25,114.5,113.0,4.12M,-2.78%
04/13/2014,116.75,116.5,117.0,116.25,1.76M,-0.21%
04/10/2014,117.0,117.25,118.0,116.75,3.92M,0.00%
04/09/2014,117.0,117.25,118.0,116.5,4.21M,0.00%
04/08/2014,117.0,116.75,117.5,116.75,2.98M,0.00%
04/07/2014,117.0,117.75,117.75,116.5,4.19M,-0.64%
04/06/2014,117.75,118.0,118.0,117.25,4.08M,-0.21%
04/03/2014,118.0,118.5,118.75,117.75,3.38M,-0.21%
04/02/2014,118.25,118.25,118.5,118.0,2.57M,0.21%
04/01/2014,118.0,0.0,118.25,117.5,4.33M,0.43%
03/31/2014,117.5,118.25,118.75,117.25,4.33M,-0.42%
03/30/2014,118.0,117.0,118.0,117.0,4.52M,0.85%
03/27/2014,117.0,116.75,117.0,116.5,3.27M,0.00%
03/26/2014,117.0,117.0,117.25,116.5,3.06M,0.21%
03/25/2014,116.75,117.25,117.5,116.75,3.24M,0.00%
03/24/2014,116.75,116.75,118.25,116.5,3.34M,0.00%
03/23/2014,116.75,115.75,116.75,115.75,3.30M,1.08%
03/20/2014,115.5,115.5,115.75,115.0,2.85M,0.00%
03/19/2014,115.5,115.75,116.0,115.0,3.71M,0.22%
03/18/2014,115.25,116.25,116.75,115.25,4.39M,-0.65%
03/17/2014,116.0,116.0,116.25,115.75,2.61M,0.00%
03/16/2014,116.0,116.0,116.5,115.5,2.49M,-0.43%
03/13/2014,116.5,115.5,116.5,115.5,5.10M,0.65%
03/12/2014,115.75,116.0,116.0,115.25,3.84M,-0.22%
03/11/2014,116.0,116.0,116.5,115.75,4.48M,0.00%
03/10/2014,116.0,115.5,116.5,115.25,4.01M,0.43%
03/09/2014,115.5,115.25,116.75,115.25,3.67M,0.65%
03/06/2014,114.75,114.5,115.5,114.5,3.96M,0.22%
03/05/2014,114.5,114.75,115.0,113.75,4.76M,0.00%
03/04/2014,114.5,113.5,114.75,113.5,4.67M,1.10%
03/03/2014,113.25,114.5,115.0,112.75,5.00M,-1.31%
03/02/2014,114.75,114.75,116.25,114.5,6.75M,0.22%
02/27/2014,114.5,114.0,115.25,113.75,3.80M,0.44%
02/26/2014,114.0,114.5,114.75,113.75,3.95M,-0.44%
02/25/2014,114.5,115.0,115.25,113.75,4.58M,-0.43%
02/24/2014,115.0,115.0,115.25,114.75,3.65M,0.22%
02/23/2014,114.75,114.75,115.25,114.25,3.95M,0.44%
02/20/2014,114.25,113.75,114.5,113.5,4.07M,0.66%
02/19/2014,113.5,113.25,113.75,112.75,3.49M,0.00%
02/18/2014,113.5,112.75,113.5,112.5,4.39M,1.11%
02/17/2014,112.25,113.0,113.75,112.0,4.82M,-0.88%
02/16/2014,113.25,112.25,113.5,112.25,5.11M,1.34%
02/13/2014,111.75,111.5,112.25,111.5,3.90M,0.22%
02/12/2014,111.5,111.5,111.75,111.0,4.72M,0.00%
02/11/2014,111.5,112.0,112.25,110.75,5.07M,-0.22%
02/10/2014,111.75,111.75,112.0,111.25,3.17M,0.00%
02/09/2014,111.75,112.5,112.75,111.25,4.29M,0.45%
02/06/2014,111.25,111.5,112.0,111.0,4.70M,0.00%
02/05/2014,111.25,111.75,112.0,111.25,3.82M,-0.45%
02/04/2014,111.75,110.75,111.75,110.5,4.60M,-0.22%
02/03/2014,112.0,112.75,113.0,111.75,4.30M,-0.88%
02/02/2014,113.0,111.75,113.0,111.25,5.27M,1.35%
01/30/2014,111.5,112.0,112.5,111.0,4.06M,-0.89%
01/29/2014,112.5,112.75,113.25,112.0,3.69M,0.67%
01/28/2014,111.75,112.5,113.75,111.0,7.46M,-1.11%
01/27/2014,113.0,114.0,114.5,112.5,4.84M,-0.88%
01/26/2014,114.0,112.25,114.0,111.75,3.64M,0.00%
01/23/2014,114.0,114.0,114.75,114.0,2.55M,0.44%
01/22/2014,113.5,112.0,114.5,111.75,3.78M,1.57%
01/21/2014,111.75,114.25,114.25,111.0,4.94M,-2.19%
01/20/2014,114.25,114.75,115.0,114.0,2.34M,-0.65%
01/19/2014,115.0,115.25,115.25,113.75,4.45M,-2.34%
01/16/2014,117.75,117.25,118.75,116.75,5.00M,0.21%
01/15/2014,117.5,115.5,117.5,115.5,5.64M,1.73%
01/14/2014,115.5,115.25,115.75,114.75,2.85M,-0.22%
01/13/2014,115.75,115.25,115.75,114.75,4.59M,0.22%
01/12/2014,115.5,117.0,117.0,114.5,6.27M,-1.49%
01/09/2014,117.25,115.5,117.25,115.0,5.42M,1.52%
01/08/2014,115.5,113.0,115.75,113.0,5.36M,2.44%
01/07/2014,112.75,112.75,113.0,112.25,4.02M,-0.22%
01/06/2014,113.0,113.0,113.25,112.5,4.56M,-0.44%
01/05/2014,113.5,113.5,113.5,112.5,4.55M,0.22%
01/02/2014,113.25,113.25,113.5,112.5,4.35M,-0.22%
01/01/2014,113.5,111.5,113.75,111.5,4.51M,1.79%
12/31/2013,111.5,111.25,111.75,111.0,3.36M,0.45%
12/30/2013,111.0,111.0,111.75,110.75,2.65M,0.00%
12/29/2013,111.0,110.25,111.0,110.25,2.19M,0.68%
12/26/2013,110.25,110.25,110.5,110.0,2.50M,0.23%
12/25/2013,110.0,111.25,111.25,110.0,3.80M,-0.90%
12/24/2013,111.0,111.5,111.75,110.5,2.47M,-0.22%
12/23/2013,111.25,111.5,111.75,111.25,2.21M,-0.45%
12/22/2013,111.75,111.75,112.5,111.0,3.90M,0.00%
12/19/2013,111.75,110.75,111.75,110.75,4.67M,1.36%
12/18/2013,110.25,110.25,110.75,110.0,2.45M,-0.23%
12/17/2013,110.5,110.75,110.75,109.75,2.48M,0.23%
12/16/2013,110.25,110.5,110.5,109.75,2.79M,0.00%
12/15/2013,110.25,109.75,110.75,109.5,3.96M,0.46%
12/12/2013,109.75,109.5,109.75,109.0,3.05M,0.00%
12/11/2013,109.75,110.25,110.5,109.25,5.13M,-0.68%
12/10/2013,110.5,109.5,110.5,109.25,5.07M,1.14%
12/09/2013,109.25,109.25,109.75,109.0,3.46M,0.23%
12/08/2013,109.0,108.25,109.25,108.25,4.21M,1.16%
12/05/2013,107.75,108.0,108.0,107.25,3.34M,-0.23%
12/04/2013,108.0,107.75,108.25,107.25,3.45M,0.00%
12/03/2013,108.0,108.75,109.25,107.75,3.87M,-0.69%
12/02/2013,108.75,108.5,109.0,108.25,2.79M,0.46%
12/01/2013,108.25,108.75,109.0,108.0,2.68M,-0.46%
11/28/2013,108.75,108.0,109.25,108.0,3.41M,0.69%
11/27/2013,108.0,108.0,108.5,107.5,2.50M,-0.69%
11/26/2013,108.75,109.0,109.5,108.0,3.82M,0.00%
11/25/2013,108.75,109.5,109.75,108.5,4.13M,-0.46%
11/24/2013,109.25,108.5,110.25,108.5,4.21M,1.16%
11/21/2013,108.0,108.0,108.25,107.75,2.10M,-0.23%
11/20/2013,108.25,108.5,108.75,107.75,3.51M,-0.23%
11/19/2013,108.5,109.25,109.25,108.25,3.71M,-0.91%
11/18/2013,109.5,110.0,110.5,108.75,3.34M,-0.23%
11/17/2013,109.75,109.0,111.5,108.75,6.33M,0.92%
11/14/2013,108.75,107.5,109.0,107.5,4.96M,1.64%
11/13/2013,107.0,107.0,108.25,107.0,4.30M,0.00%
11/12/2013,107.0,105.25,107.5,105.25,4.56M,1.66%
11/11/2013,105.25,104.5,105.75,104.5,2.92M,0.24%
11/10/2013,105.0,105.25,105.25,104.25,4.97M,0.00%
11/07/2013,105.0,104.0,105.5,104.0,4.62M,0.72%
11/06/2013,104.25,103.0,104.75,103.0,3.63M,1.46%
11/05/2013,102.75,100.75,103.5,100.5,5.69M,2.24%
11/04/2013,100.5,100.75,101.25,100.25,3.16M,-0.25%
11/03/2013,100.75,100.0,101.0,100.0,2.95M,1.00%
10/31/2013,99.75,99.0,100.5,98.75,4.11M,0.50%
10/30/2013,99.25,99.25,99.5,98.5,5.22M,0.25%
10/29/2013,99.0,101.25,101.25,98.5,9.04M,-2.22%
10/28/2013,101.25,102.5,102.75,100.75,5.75M,-0.98%
10/27/2013,102.25,102.75,103.25,101.75,4.47M,-2.39%
10/24/2013,104.75,104.25,105.25,104.0,4.84M,0.72%
10/23/2013,104.0,103.75,104.25,103.25,3.07M,0.48%
10/22/2013,103.5,102.75,104.5,102.75,3.64M,0.98%
10/21/2013,102.5,102.75,103.25,100.5,6.57M,-0.73%
10/20/2013,103.25,99.5,104.0,99.25,5.93M,5.36%
10/10/2013,98.0,98.5,98.5,97.75,3.54M,-0.51%
10/09/2013,98.5,98.0,98.75,97.5,4.46M,0.77%
10/08/2013,97.75,98.25,98.25,97.5,3.09M,-0.76%
10/07/2013,98.5,97.5,98.5,97.25,4.64M,1.29%
10/06/2013,97.25,97.75,98.25,96.75,5.31M,-0.51%
10/03/2013,97.75,97.5,98.25,97.25,3.70M,0.51%
10/02/2013,97.25,97.0,97.5,96.75,3.14M,0.52%
10/01/2013,96.75,96.5,97.0,96.0,3.85M,0.52%
09/30/2013,96.25,96.25,96.5,96.0,3.31M,0.00%
09/29/2013,96.25,97.0,97.0,96.0,3.88M,-0.52%
09/26/2013,96.75,97.0,97.5,96.5,3.08M,-0.26%
09/25/2013,97.0,97.75,97.75,97.0,3.16M,-0.51%
09/24/2013,97.5,98.0,98.0,97.5,2.81M,-0.26%
09/19/2013,97.75,97.75,98.0,97.25,3.96M,0.77%
09/18/2013,97.0,98.0,98.0,96.25,4.16M,-1.02%
09/17/2013,98.0,98.25,98.25,97.25,5.49M,-0.25%
09/16/2013,98.25,98.75,99.0,97.75,4.78M,-0.51%
09/15/2013,98.75,98.5,99.0,98.25,4.59M,1.02%
09/12/2013,97.75,97.25,97.75,97.0,2.97M,0.51%
09/11/2013,97.25,98.0,98.0,97.25,3.11M,-0.26%
09/10/2013,97.5,97.5,98.0,97.25,5.31M,1.56%
09/09/2013,96.0,96.0,96.5,95.5,5.03M,0.00%
09/08/2013,96.0,96.0,97.0,95.5,3.31M,0.52%
09/05/2013,95.5,95.25,96.25,94.25,5.27M,0.26%
09/04/2013,95.25,96.0,96.5,94.75,4.43M,-1.30%
09/03/2013,96.5,96.75,98.0,95.75,5.59M,0.00%
09/02/2013,96.5,96.5,96.75,95.75,4.43M,0.26%
09/01/2013,96.25,96.25,96.5,95.75,3.55M,1.05%
08/29/2013,95.25,96.0,96.75,95.25,3.54M,-0.26%
08/28/2013,95.5,93.5,96.0,93.0,5.31M,1.33%
08/27/2013,94.25,95.75,96.0,93.75,6.21M,-2.33%
08/26/2013,96.5,97.75,98.0,96.25,4.73M,-1.28%
08/25/2013,97.75,99.0,99.25,97.75,3.66M,-1.26%
08/22/2013,99.0,99.0,99.25,98.75,3.28M,0.00%
08/21/2013,99.0,99.0,99.5,99.0,3.20M,0.00%
08/20/2013,99.0,98.75,100.5,98.75,7.07M,0.25%
08/19/2013,98.75,99.0,99.0,98.25,3.39M,-0.50%
08/18/2013,99.25,97.0,99.25,97.0,5.64M,2.32%
08/15/2013,97.0,96.25,97.5,96.0,3.54M,0.78%
08/14/2013,96.25,96.0,96.25,95.75,3.38M,0.00%
08/13/2013,96.25,95.5,96.5,95.5,4.77M,1.32%
08/05/2013,95.0,94.25,95.5,94.25,4.12M,0.80%
08/04/2013,94.25,93.75,94.25,93.5,3.61M,1.07%
08/01/2013,93.25,94.0,94.0,93.25,3.13M,-0.53%
07/31/2013,93.75,93.5,94.0,93.25,3.52M,0.27%
07/30/2013,93.5,93.0,93.5,92.5,3.95M,0.54%
07/29/2013,93.0,92.75,93.25,92.5,3.27M,0.00%
07/28/2013,93.0,93.5,93.75,92.75,2.98M,-0.53%
07/25/2013,93.5,93.5,93.75,93.0,2.42M,0.00%
07/24/2013,93.5,93.5,93.75,93.25,2.90M,0.00%
07/23/2013,93.5,94.0,94.25,93.25,3.57M,-0.27%
07/22/2013,93.75,93.25,94.0,93.25,3.18M,0.27%
07/21/2013,93.5,92.0,94.25,91.5,4.00M,-0.53%
07/18/2013,94.0,94.0,94.25,93.5,1.15M,0.00%
07/17/2013,94.0,94.5,94.5,93.25,4.30M,-0.53%
07/16/2013,94.5,95.0,95.25,94.25,3.44M,-0.53%
07/15/2013,95.0,96.0,96.5,94.75,7.17M,-1.30%
07/14/2013,96.25,95.5,96.25,95.25,4.30M,1.32%
07/11/2013,95.0,95.5,95.5,95.0,2.40M,0.00%
07/10/2013,95.0,95.0,95.5,94.5,3.52M,0.00%
07/09/2013,95.0,95.0,95.5,94.5,4.84M,0.53%
07/08/2013,94.5,94.25,95.0,94.0,5.82M,0.53%
07/07/2013,94.0,93.5,94.25,93.5,3.97M,0.53%
07/04/2013,93.5,92.75,93.5,92.75,6.04M,1.36%
07/03/2013,92.25,92.75,93.0,92.25,3.82M,-0.27%
07/02/2013,92.5,92.25,93.25,92.25,4.22M,0.27%
07/01/2013,92.25,91.75,92.5,91.5,3.76M,0.82%
06/30/2013,91.5,91.5,91.5,91.0,1.87M,0.00%
06/26/2013,91.5,91.5,91.75,91.25,2.94M,0.00%
06/25/2013,91.5,92.0,92.0,91.5,3.23M,-0.27%
06/24/2013,91.75,92.5,92.5,91.5,3.26M,-0.81%
06/23/2013,92.5,92.25,92.75,92.0,3.31M,0.54%
06/22/2013,92.0,92.25,92.75,91.75,4.73M,-1.08%
06/19/2013,93.0,93.0,93.25,92.5,4.99M,-0.27%
06/18/2013,93.25,92.5,93.5,92.5,4.18M,1.08%
06/17/2013,92.25,91.5,93.5,91.5,4.46M,1.10%
06/16/2013,91.25,91.25,92.0,90.75,5.59M,-0.54%
06/15/2013,91.75,93.5,93.75,89.5,5.13M,-2.65%
06/12/2013,94.25,94.0,94.5,93.75,3.83M,0.00%
06/11/2013,94.25,94.5,94.75,94.0,3.40M,-0.26%
06/10/2013,94.5,94.75,95.0,94.5,3.11M,-0.26%
06/09/2013,94.75,95.25,95.25,94.25,4.65M,-0.52%
06/08/2013,95.25,95.0,95.75,95.0,4.18M,0.79%
06/05/2013,94.5,94.75,95.0,94.0,4.38M,-0.53%
06/04/2013,95.0,95.0,95.5,94.5,5.52M,0.00%
06/03/2013,95.0,94.5,95.5,94.25,4.64M,0.80%
06/02/2013,94.25,93.75,94.75,93.5,4.20M,0.53%
06/01/2013,93.75,93.0,93.75,92.75,3.26M,0.54%
05/29/2013,93.25,93.5,93.75,93.25,2.70M,-0.27%
05/28/2013,93.5,93.5,93.75,93.25,3.35M,0.00%
05/27/2013,93.5,93.5,93.75,93.0,3.62M,0.27%
05/26/2013,93.25,93.5,93.75,93.25,3.67M,-0.27%
05/25/2013,93.5,93.0,94.0,93.0,3.83M,-0.80%
05/22/2013,94.25,94.25,94.5,93.75,4.95M,0.00%
05/21/2013,94.25,93.0,94.5,93.0,6.05M,1.62%
05/20/2013,92.75,92.5,93.75,92.5,5.80M,0.54%
05/19/2013,92.25,92.0,92.5,91.75,5.14M,0.27%
05/18/2013,92.0,91.5,92.0,91.5,3.76M,0.82%
05/15/2013,91.25,91.25,91.5,90.75,4.47M,0.00%
05/14/2013,91.25,91.0,92.0,91.0,4.47M,0.27%
05/13/2013,91.0,91.25,91.5,90.5,4.99M,-0.55%
05/12/2013,91.5,91.75,92.25,91.25,4.43M,-0.27%
05/11/2013,91.75,92.0,92.5,91.75,4.10M,0.00%
05/08/2013,91.75,91.5,92.0,91.25,5.47M,0.27%
05/07/2013,91.5,91.25,91.5,91.0,3.05M,0.00%
05/06/2013,91.5,91.25,91.75,91.25,3.70M,0.27%
05/05/2013,91.25,91.75,91.75,91.25,3.24M,-0.54%
05/04/2013,91.75,91.0,91.75,90.75,3.57M,1.66%
05/01/2013,90.25,91.0,91.0,90.0,2.92M,-0.55%
04/30/2013,90.75,90.75,91.0,90.75,2.24M,-0.27%
04/29/2013,91.0,91.0,91.25,90.5,3.68M,-0.27%
04/28/2013,91.25,91.25,91.25,90.75,3.72M,0.00%
04/27/2013,91.25,91.5,91.75,91.0,3.00M,0.00%
04/24/2013,91.25,91.5,92.0,91.0,4.60M,0.00%
04/23/2013,91.25,91.25,91.75,90.25,5.35M,0.00%
04/22/2013,91.25,90.25,91.25,90.25,4.61M,0.83%
04/21/2013,90.5,90.5,90.75,90.25,3.31M,0.00%
04/20/2013,90.5,91.0,91.25,90.25,4.31M,-0.82%
04/17/2013,91.25,92.25,92.5,90.75,5.73M,-1.35%
04/16/2013,92.5,93.0,93.0,91.0,6.33M,-1.07%
04/15/2013,93.5,93.75,94.25,93.25,3.51M,-0.27%
04/14/2013,93.75,94.75,95.0,93.5,5.35M,-3.85%
04/13/2013,97.5,98.75,99.0,97.0,2.88M,-0.76%
04/10/2013,98.25,97.75,98.75,97.75,5.77M,0.77%
04/09/2013,97.5,97.5,98.0,97.25,3.95M,0.00%
04/08/2013,97.5,97.0,97.75,96.75,4.40M,0.52%
04/07/2013,97.0,97.0,97.5,96.5,5.27M,-0.26%
04/06/2013,97.25,97.5,98.0,96.5,4.46M,-0.26%
04/03/2013,97.5,96.75,97.75,96.5,4.35M,0.78%
04/02/2013,96.75,96.75,97.0,96.5,3.10M,0.00%
04/01/2013,96.75,96.25,97.0,95.75,4.33M,0.78%
03/31/2013,96.0,97.0,97.0,95.5,5.19M,-1.03%
03/30/2013,97.0,97.5,97.75,96.0,3.53M,-0.51%
03/27/2013,97.5,97.75,98.0,96.75,5.38M,0.00%
03/26/2013,97.5,96.5,98.5,96.25,7.27M,1.04%
03/25/2013,96.5,96.5,96.75,95.75,6.55M,0.00%
03/24/2013,96.5,94.5,97.0,94.5,8.22M,2.39%
03/23/2013,94.25,94.5,94.75,94.25,4.37M,-0.26%
03/20/2013,94.5,94.0,94.5,93.75,4.76M,0.80%
03/19/2013,93.75,93.75,94.5,93.75,4.46M,0.27%
03/18/2013,93.5,94.0,94.0,93.25,5.36M,-0.53%
03/17/2013,94.0,94.0,94.25,93.75,4.91M,0.00%
03/16/2013,94.0,94.0,94.5,93.75,4.96M,0.53%
03/13/2013,93.5,93.25,94.0,93.25,3.96M,0.27%
03/12/2013,93.25,93.25,93.5,92.75,4.81M,0.00%
03/11/2013,93.25,93.0,93.25,92.75,4.16M,0.54%
03/10/2013,92.75,93.0,93.25,92.75,4.22M,0.00%
03/09/2013,92.75,93.0,94.0,92.75,4.67M,0.27%
03/06/2013,92.5,92.75,93.25,92.5,3.88M,0.27%
03/05/2013,92.25,92.0,92.5,91.75,4.55M,0.27%
03/04/2013,92.0,91.75,92.0,91.25,3.41M,0.27%
03/03/2013,91.75,92.25,92.5,91.75,3.12M,-0.27%
03/02/2013,92.0,92.25,92.5,91.75,3.34M,0.27%
02/27/2013,91.75,92.0,92.5,91.75,3.81M,0.27%
02/26/2013,91.5,92.25,92.25,91.5,4.09M,-1.35%
02/25/2013,92.75,93.0,93.5,92.5,4.87M,0.00%
02/24/2013,92.75,93.0,93.25,92.5,4.34M,-0.27%
02/23/2013,93.0,93.0,93.25,92.75,4.76M,0.00%
02/20/2013,93.0,92.5,93.25,92.5,4.60M,0.54%
02/19/2013,92.5,93.25,93.5,92.0,4.95M,-0.80%
02/18/2013,93.25,93.5,93.75,92.75,5.81M,0.00%
02/17/2013,93.25,94.0,94.0,93.25,5.24M,-0.80%
02/16/2013,94.0,94.0,94.75,93.5,5.89M,0.53%
02/13/2013,93.5,93.5,94.0,93.5,5.60M,0.00%
02/12/2013,93.5,93.0,93.75,93.0,4.10M,0.54%
02/11/2013,93.0,92.75,93.75,92.75,4.68M,0.27%
02/10/2013,92.75,92.25,93.5,92.25,4.46M,0.82%
02/09/2013,92.0,92.0,92.25,91.5,4.91M,0.00%
02/06/2013,92.0,93.0,93.25,92.0,4.34M,-0.54%
02/05/2013,92.5,93.0,93.0,91.75,4.43M,-0.54%
02/04/2013,93.0,93.5,93.75,92.5,4.39M,-0.80%
02/03/2013,93.75,94.0,94.0,93.25,3.94M,-0.27%
02/02/2013,94.0,94.0,94.25,93.75,3.46M,0.00%
01/30/2013,94.0,93.75,94.25,93.25,3.99M,0.53%
01/29/2013,93.5,94.0,94.25,93.25,4.62M,-0.27%
01/28/2013,93.75,93.5,94.5,93.25,5.26M,0.54%
01/27/2013,93.25,93.25,93.75,92.75,4.56M,0.00%
01/26/2013,93.25,92.75,93.5,92.5,5.47M,0.81%
01/23/2013,92.5,92.75,93.0,91.5,4.64M,-0.27%
01/22/2013,92.75,92.75,92.75,92.25,3.99M,0.00%
01/21/2013,92.75,93.25,93.5,92.5,5.51M,-0.54%
01/20/2013,93.25,93.5,94.0,93.25,4.38M,0.00%
01/19/2013,93.25,93.25,94.0,93.0,6.53M,-0.53%
01/16/2013,93.75,93.25,93.75,93.25,4.87M,0.27%
01/15/2013,93.5,93.75,94.0,93.0,5.81M,0.00%
01/14/2013,93.5,93.75,94.5,93.5,6.29M,-0.27%
01/13/2013,93.75,94.5,94.75,93.5,5.98M,-0.79%
01/12/2013,94.5,95.0,95.25,94.5,7.21M,-0.26%
01/09/2013,94.75,93.0,95.0,93.0,7.30M,2.16%
01/08/2013,92.75,92.5,93.0,92.25,7.02M,0.54%
01/07/2013,92.25,92.0,92.5,91.5,6.50M,0.27%
01/06/2013,92.0,92.25,92.5,91.75,5.89M,-0.27%
01/05/2013,92.25,91.75,92.5,91.75,5.27M,0.82%
01/02/2013,91.5,90.75,91.75,90.75,6.87M,1.39%
01/01/2013,90.25,90.75,91.0,90.25,3.10M,0.56%
12/31/2012,89.75,89.75,90.5,89.5,5.34M,0.00%
12/30/2012,89.75,90.75,90.75,89.5,5.80M,-0.83%
12/29/2012,90.5,90.5,91.25,90.25,4.74M,-0.28%
12/26/2012,90.75,90.5,90.75,90.25,5.18M,0.28%
12/25/2012,90.5,91.0,91.0,90.0,6.71M,-0.55%
12/24/2012,91.0,91.5,91.5,90.5,7.00M,-0.55%
12/23/2012,91.5,92.25,92.5,91.25,6.62M,-0.81%
12/22/2012,92.25,92.25,92.25,91.5,6.01M,0.00%
12/19/2012,92.25,92.5,92.75,92.0,5.44M,0.00%
12/18/2012,92.25,93.0,93.25,92.25,6.93M,-0.27%
12/17/2012,92.5,92.0,92.75,91.75,7.21M,0.27%
12/16/2012,92.25,91.5,92.25,91.25,6.60M,0.54%
12/15/2012,91.75,91.5,91.75,91.25,5.71M,1.10%
12/12/2012,90.75,90.75,91.25,90.5,6.12M,0.28%
12/11/2012,90.5,90.5,91.25,90.25,5.72M,0.00%
12/10/2012,90.5,90.75,90.75,89.75,5.45M,-0.55%
12/09/2012,91.0,90.25,91.75,90.25,6.38M,1.68%
12/08/2012,89.5,89.75,90.5,89.5,3.84M,0.00%
12/05/2012,89.5,89.0,89.5,88.5,4.56M,0.85%
12/04/2012,88.75,89.5,89.75,88.25,5.75M,-0.84%
12/03/2012,89.5,89.5,89.75,89.25,4.12M,0.28%
12/02/2012,89.25,89.25,89.75,89.0,4.29M,0.28%
12/01/2012,89.0,88.5,89.75,88.25,4.78M,2.01%
11/28/2012,87.25,86.75,87.75,86.25,6.37M,0.29%
11/27/2012,87.0,87.5,87.75,86.25,6.05M,-0.85%
11/26/2012,87.75,87.75,88.0,86.5,6.53M,0.86%
11/25/2012,87.0,88.75,89.0,86.75,6.37M,-2.25%
11/24/2012,89.0,88.75,89.75,88.5,4.65M,1.14%
11/21/2012,88.0,88.5,89.25,87.5,6.20M,-0.85%
11/20/2012,88.75,89.0,89.25,88.0,6.42M,0.00%
11/19/2012,88.75,90.0,90.0,88.0,6.13M,-1.39%
11/18/2012,90.0,89.75,90.25,89.25,4.97M,0.28%
11/17/2012,89.75,90.0,90.0,89.25,4.41M,-0.55%
11/14/2012,90.25,90.25,91.0,90.0,5.56M,0.56%
11/13/2012,89.75,89.5,90.0,89.25,4.59M,0.00%
11/12/2012,89.75,89.75,90.25,89.25,5.72M,-0.55%
11/11/2012,90.25,90.75,90.75,89.25,5.34M,-0.55%
11/10/2012,90.75,91.0,91.5,90.0,5.11M,-0.82%
11/07/2012,91.5,91.25,92.0,91.25,4.81M,0.55%
11/06/2012,91.0,89.5,91.5,89.5,4.91M,1.96%
11/05/2012,89.25,89.0,89.5,88.5,3.79M,0.28%
11/04/2012,89.0,88.75,89.0,88.5,3.20M,0.28%
11/03/2012,88.75,88.5,89.0,88.0,1.96M,0.28%
10/24/2012,88.5,87.75,88.75,87.0,2.34M,0.85%
10/23/2012,87.75,88.75,88.75,87.5,4.46M,-1.13%
10/22/2012,88.75,89.5,90.25,88.5,5.68M,-0.56%
10/21/2012,89.25,89.75,90.25,89.25,4.26M,-0.28%
10/20/2012,89.5,89.25,89.75,88.75,5.40M,-0.56%
10/17/2012,90.0,90.0,90.75,89.25,7.20M,1.41%
10/16/2012,88.75,88.5,89.0,88.25,5.21M,0.57%
10/15/2012,88.25,87.75,88.75,87.5,5.90M,0.28%
10/14/2012,88.0,88.5,88.75,87.0,7.11M,-0.28%
10/13/2012,88.25,89.5,89.75,88.0,5.16M,-1.12%
10/10/2012,89.25,89.75,89.75,89.0,4.98M,-0.56%
10/09/2012,89.75,90.0,90.25,89.5,4.46M,0.00%
10/08/2012,89.75,90.5,90.75,89.0,5.50M,-0.83%
10/07/2012,90.5,91.5,92.0,89.25,6.82M,-1.09%
10/06/2012,91.5,91.5,92.25,91.0,4.85M,0.00%
10/03/2012,91.5,91.0,92.0,91.0,4.48M,0.27%
10/02/2012,91.25,91.25,92.0,91.0,4.96M,0.00%
10/01/2012,91.25,91.0,91.75,91.0,5.09M,0.00%
09/30/2012,91.25,89.5,91.5,89.5,4.81M,2.24%
09/29/2012,89.25,89.75,91.5,89.25,6.11M,-0.56%
09/26/2012,89.75,90.0,90.25,89.25,5.66M,-1.10%
09/25/2012,90.75,89.75,91.0,89.25,6.08M,0.83%
09/24/2012,90.0,91.5,91.75,89.0,7.83M,-1.64%
09/22/2012,91.5,92.0,92.75,91.25,4.94M,-1.08%
09/19/2012,92.5,93.75,93.75,91.5,7.21M,-1.07%
09/18/2012,93.5,94.0,94.25,93.0,5.50M,-0.80%
09/17/2012,94.25,94.25,94.5,93.75,5.73M,-0.26%
09/16/2012,94.5,95.0,95.25,94.0,4.74M,-0.53%
09/15/2012,95.0,95.0,95.25,94.25,6.20M,2.98%
09/12/2012,92.25,91.75,93.0,91.75,6.37M,1.10%
09/11/2012,91.25,90.75,91.75,90.5,4.55M,0.83%
09/10/2012,90.5,91.0,91.25,90.5,3.54M,-0.28%
09/09/2012,90.75,91.25,91.5,90.75,4.94M,-0.27%
09/08/2012,91.0,90.25,91.75,90.25,6.25M,2.25%
09/05/2012,89.0,89.25,89.75,88.5,6.11M,0.00%
09/04/2012,89.0,90.5,90.75,88.75,7.27M,-1.66%
09/03/2012,90.5,91.75,92.0,89.75,8.99M,-0.82%
09/02/2012,91.25,92.25,92.5,91.25,5.02M,-1.35%
09/01/2012,92.5,92.5,93.25,92.0,5.30M,0.54%
08/29/2012,92.0,92.5,92.75,92.0,3.71M,-0.54%
08/28/2012,92.5,92.5,93.0,92.25,4.02M,0.00%
08/27/2012,92.5,92.25,92.75,92.25,2.99M,0.27%
08/26/2012,92.25,92.75,93.0,92.0,2.56M,-0.27%
08/25/2012,92.5,92.0,93.0,92.0,1.87M,1.37%
08/15/2012,91.25,91.5,92.25,91.0,3.66M,-0.27%
08/14/2012,91.5,91.5,92.0,91.5,3.55M,0.00%
08/13/2012,91.5,92.0,92.75,91.5,4.34M,-0.54%
08/12/2012,92.0,91.5,92.25,91.25,4.98M,0.55%
08/11/2012,91.5,91.5,92.0,91.25,3.47M,0.55%
08/08/2012,91.0,91.75,92.0,91.0,2.53M,-0.55%
08/07/2012,91.5,91.75,92.5,91.5,3.37M,0.00%
08/06/2012,91.5,91.25,92.0,91.25,2.98M,0.27%
08/05/2012,91.25,91.0,91.75,90.75,2.74M,0.27%
08/04/2012,91.0,91.25,92.0,90.5,3.59M,1.11%
08/01/2012,90.0,90.25,90.5,89.75,2.89M,-0.55%
07/31/2012,90.5,89.5,90.5,89.5,3.31M,1.40%
07/30/2012,89.25,88.0,89.75,88.0,3.97M,1.42%
07/29/2012,88.0,88.5,88.5,87.75,3.96M,-1.95%
07/28/2012,89.75,87.75,90.0,87.75,4.43M,3.76%
07/25/2012,86.5,87.25,87.25,86.25,3.78M,-0.57%
07/24/2012,87.0,86.25,87.25,85.75,3.81M,1.16%
07/23/2012,86.0,88.5,88.75,85.75,6.83M,-3.10%
07/22/2012,88.75,88.0,89.25,88.0,3.35M,1.14%
07/21/2012,87.75,88.0,88.75,87.25,3.31M,1.15%
07/18/2012,86.75,85.25,87.5,84.75,4.48M,0.58%
07/17/2012,86.25,86.5,87.5,86.25,3.56M,-0.29%
07/16/2012,86.5,85.5,87.0,85.5,4.78M,1.47%
07/15/2012,85.25,86.5,86.75,84.75,4.55M,-1.73%
07/14/2012,86.75,87.75,88.0,86.5,3.27M,-0.57%
07/11/2012,87.25,88.0,88.0,86.5,3.60M,-0.85%
07/10/2012,88.0,88.75,88.75,87.25,3.28M,-0.56%
07/09/2012,88.5,89.5,89.75,88.5,2.87M,-1.39%
07/08/2012,89.75,90.0,90.0,89.25,2.74M,0.28%
07/07/2012,89.5,90.0,90.25,89.25,2.68M,-0.56%
07/04/2012,90.0,91.25,91.25,90.0,3.43M,-1.37%
07/03/2012,91.25,91.5,92.0,90.75,3.77M,0.27%
07/02/2012,91.0,91.25,92.0,91.0,3.65M,-0.55%
07/01/2012,91.5,93.0,94.0,91.25,5.29M,-1.61%
06/30/2012,93.0,91.25,93.0,91.0,3.96M,4.20%
06/27/2012,89.25,91.0,91.25,89.0,4.50M,-1.92%
06/26/2012,91.0,90.25,91.25,90.25,3.58M,1.11%
06/25/2012,90.0,91.0,91.0,90.0,3.19M,-1.10%
06/24/2012,91.0,91.5,91.75,90.75,3.84M,-0.55%
06/23/2012,91.5,91.5,91.75,91.0,3.53M,-0.54%
06/20/2012,92.0,92.0,92.5,91.75,4.24M,0.27%
06/19/2012,91.75,91.0,92.0,90.75,4.95M,1.38%
06/18/2012,90.5,91.5,91.75,90.5,4.35M,0.00%
06/17/2012,90.5,89.75,91.0,89.75,4.27M,0.84%
06/16/2012,89.75,91.0,91.5,87.75,4.17M,-0.83%
06/13/2012,90.5,90.25,90.5,90.0,4.11M,0.84%
06/12/2012,89.75,91.25,91.25,89.5,5.65M,-2.45%
06/11/2012,92.0,91.75,92.25,91.5,5.27M,0.82%
06/10/2012,91.25,90.5,91.25,90.5,4.59M,1.11%
06/09/2012,90.25,90.75,91.25,90.0,4.56M,0.28%
06/06/2012,90.0,91.75,93.0,89.0,7.14M,-1.10%
06/05/2012,91.0,92.25,92.5,90.75,4.50M,-1.09%
06/04/2012,92.0,90.5,92.0,90.0,3.88M,1.38%
06/03/2012,90.75,90.0,90.75,90.0,3.73M,0.83%
06/02/2012,90.0,91.5,91.75,90.0,5.27M,-3.74%
05/30/2012,93.5,94.25,94.75,93.5,4.20M,-0.80%
05/29/2012,94.25,94.75,95.25,94.25,3.19M,-0.26%
05/28/2012,94.5,94.5,95.0,94.25,3.30M,0.80%
05/27/2012,93.75,94.75,95.25,93.75,4.51M,-0.79%
05/26/2012,94.5,95.25,95.75,94.5,4.00M,-0.53%
05/23/2012,95.0,94.75,95.75,94.5,3.32M,-0.26%
05/22/2012,95.25,95.0,96.25,94.75,4.02M,1.06%
05/21/2012,94.25,94.0,94.75,94.0,3.96M,0.53%
05/20/2012,93.75,94.5,94.75,93.5,3.85M,-0.27%
05/19/2012,94.0,93.75,95.25,93.5,3.86M,-1.83%
05/16/2012,95.75,95.0,96.0,94.75,4.56M,-0.52%
05/15/2012,96.25,96.5,97.25,96.0,4.28M,-0.26%
05/14/2012,96.5,98.0,98.25,96.5,3.68M,-1.78%
05/13/2012,98.25,98.5,99.5,97.75,3.70M,-0.25%
05/12/2012,98.5,98.25,98.5,96.5,3.03M,-0.51%
05/09/2012,99.0,99.25,99.75,98.0,4.05M,-1.00%
05/08/2012,100.0,99.5,100.0,99.0,2.75M,0.50%
05/07/2012,99.5,99.25,100.0,98.5,5.41M,-0.25%
05/06/2012,99.75,101.5,101.5,99.25,4.16M,-1.72%
05/05/2012,101.5,101.5,101.75,100.75,4.95M,-1.69%
05/02/2012,103.25,103.5,104.0,102.75,3.73M,0.24%
05/01/2012,103.0,102.75,103.25,102.25,2.92M,0.49%
04/30/2012,102.5,103.0,103.0,102.5,2.78M,-0.24%
04/29/2012,102.75,103.75,104.0,102.5,4.18M,-0.72%
04/28/2012,103.5,103.0,104.0,103.0,3.51M,0.73%
04/25/2012,102.75,102.5,103.0,102.25,3.94M,0.24%
04/24/2012,102.5,102.75,103.0,101.25,5.49M,-0.24%
04/23/2012,102.75,103.0,103.25,102.0,5.03M,-0.48%
04/22/2012,103.25,103.75,104.5,103.0,5.32M,-0.72%
04/21/2012,104.0,102.25,104.5,102.25,5.25M,1.71%
04/18/2012,102.25,102.5,103.25,101.25,5.90M,0.00%
04/17/2012,102.25,101.0,102.25,100.5,7.15M,4.34%
04/16/2012,98.0,98.75,99.25,97.25,4.36M,-1.26%
04/15/2012,99.25,99.0,100.25,98.75,6.18M,-3.87%
04/14/2012,103.25,103.25,103.75,102.0,5.24M,0.49%
04/11/2012,102.75,102.5,103.0,100.5,6.81M,0.24%
04/10/2012,102.5,105.0,105.25,102.5,7.32M,-2.61%
04/09/2012,105.25,104.75,105.25,104.25,6.12M,-0.71%
04/08/2012,106.0,108.0,108.25,105.5,5.37M,-1.85%
04/07/2012,108.0,108.75,109.0,107.75,3.72M,-0.92%
04/04/2012,109.0,109.25,109.5,108.75,3.89M,-0.68%
04/03/2012,109.75,109.75,110.25,109.25,3.71M,0.23%
04/02/2012,109.5,109.75,110.0,109.25,5.43M,-0.23%
04/01/2012,109.75,107.75,110.0,107.5,8.00M,1.62%
03/31/2012,108.0,108.25,108.75,107.75,4.47M,0.47%
03/28/2012,107.5,108.5,109.75,107.25,8.81M,-1.15%
03/27/2012,108.75,108.25,109.25,107.25,10.98M,1.64%
03/26/2012,107.0,107.0,108.5,106.75,9.00M,0.23%
03/25/2012,106.75,106.75,107.25,106.25,4.43M,-0.23%
03/24/2012,107.0,106.25,107.75,106.0,7.84M,0.94%
03/21/2012,106.0,104.25,106.5,104.25,7.25M,1.19%
03/20/2012,104.75,105.75,106.0,104.25,6.32M,-1.18%
03/19/2012,106.0,105.75,107.25,105.5,8.24M,0.24%
03/18/2012,105.75,106.5,106.5,105.5,4.11M,-0.47%
03/17/2012,106.25,105.5,107.0,105.5,6.10M,0.71%
03/14/2012,105.5,105.5,106.25,105.0,5.68M,0.72%
03/13/2012,104.75,105.25,105.75,104.5,4.54M,0.00%
03/12/2012,104.75,105.5,105.75,104.5,5.83M,-0.48%
03/11/2012,105.25,105.0,106.25,104.0,7.49M,0.48%
03/10/2012,104.75,102.5,105.5,102.5,11.79M,2.95%
03/07/2012,101.75,101.0,102.0,100.5,5.04M,-0.25%
03/06/2012,102.0,101.25,102.25,101.0,5.87M,0.49%
03/05/2012,101.5,101.5,102.5,101.0,6.02M,-0.25%
03/04/2012,101.75,101.75,102.25,101.0,5.97M,0.25%
03/03/2012,101.5,101.75,102.0,101.25,4.88M,0.00%
02/29/2012,101.5,101.25,102.25,100.75,8.36M,0.50%
02/28/2012,101.0,100.75,102.75,100.0,9.29M,0.50%
02/27/2012,100.5,99.75,100.75,99.25,5.65M,0.00%
02/26/2012,100.5,101.25,101.5,100.0,7.44M,-0.74%
02/25/2012,101.25,101.75,102.5,100.75,6.97M,0.75%
02/22/2012,100.5,100.0,101.75,99.75,8.88M,1.26%
02/21/2012,99.25,96.75,99.75,96.5,10.99M,2.85%
02/20/2012,96.5,95.0,97.0,95.0,10.50M,1.58%
02/19/2012,95.0,94.5,95.25,94.25,5.90M,0.53%
02/18/2012,94.5,95.0,95.25,94.5,4.46M,0.00%
02/15/2012,94.5,94.75,95.25,94.25,4.72M,-0.53%
02/14/2012,95.0,95.25,95.25,94.25,3.64M,0.00%
02/13/2012,95.0,95.0,95.25,94.75,4.06M,0.00%
02/12/2012,95.0,95.75,95.75,94.5,5.05M,-0.78%
02/11/2012,95.75,95.5,96.0,95.5,3.64M,0.00%
02/08/2012,95.75,95.75,96.0,95.5,4.14M,0.52%
02/07/2012,95.25,95.25,95.5,95.0,4.12M,0.00%
02/06/2012,95.25,96.0,96.25,95.0,7.39M,-0.26%
02/05/2012,95.5,94.75,95.5,94.75,5.27M,0.79%
02/04/2012,94.75,94.75,95.75,94.5,7.56M,0.80%
02/01/2012,94.0,94.5,94.75,93.75,4.98M,-0.53%
01/31/2012,94.5,93.75,94.75,93.5,5.49M,1.07%
01/30/2012,93.5,93.5,93.75,93.0,4.33M,0.00%
01/29/2012,93.5,93.75,94.0,93.25,4.84M,-0.53%
01/28/2012,94.0,92.5,94.25,92.5,5.54M,2.45%
01/25/2012,91.75,92.0,92.25,91.5,4.21M,0.00%
01/24/2012,91.75,92.25,92.5,91.5,5.20M,-0.54%
01/23/2012,92.25,92.5,92.75,91.75,5.83M,0.00%
01/22/2012,92.25,93.5,93.75,92.0,6.36M,-0.81%
01/21/2012,93.0,92.25,93.25,92.0,4.48M,1.09%
01/18/2012,92.0,90.0,92.25,89.5,8.89M,0.00%
01/17/2012,92.0,93.5,94.0,91.0,7.03M,-2.13%
01/16/2012,94.0,94.5,94.5,93.5,5.25M,-0.53%
01/15/2012,94.5,94.25,94.5,94.0,3.74M,0.27%
01/14/2012,94.25,94.75,94.75,94.0,4.68M,-0.26%
01/11/2012,94.5,95.0,95.0,94.0,4.93M,-0.26%
01/10/2012,94.75,94.25,95.0,93.75,5.44M,0.80%
01/09/2012,94.0,95.25,95.5,93.75,7.56M,-1.31%
01/08/2012,95.25,94.5,95.75,94.5,5.97M,0.53%
01/07/2012,94.75,96.5,96.75,94.25,8.01M,-1.56%
01/04/2012,96.25,97.0,97.0,96.0,4.92M,-0.52%
01/03/2012,96.75,96.25,97.0,96.25,5.65M,0.52%
01/02/2012,96.25,95.75,96.5,95.75,4.50M,0.52%
01/01/2012,95.75,96.25,96.5,95.5,4.97M,-0.52%
12/31/2011,96.25,97.25,97.5,96.0,6.92M,-0.77%
12/28/2011,97.0,96.25,97.25,96.0,6.48M,0.78%
12/27/2011,96.25,96.5,96.75,95.75,6.40M,-0.26%
12/26/2011,96.5,96.5,97.0,96.25,5.70M,0.00%
12/25/2011,96.5,96.75,96.75,96.0,5.71M,0.00%
12/24/2011,96.5,96.5,97.25,96.25,6.74M,0.78%
12/21/2011,95.75,95.5,96.25,95.25,6.36M,1.06%
12/20/2011,94.75,95.0,95.25,94.5,4.57M,-0.26%
12/19/2011,95.0,94.75,95.5,94.25,4.51M,0.26%
12/18/2011,94.75,94.5,96.0,94.5,5.96M,1.07%
12/17/2011,93.75,94.5,95.0,93.25,5.10M,-0.53%
12/14/2011,94.25,94.25,95.25,94.25,5.00M,0.00%
12/13/2011,94.25,95.0,95.75,94.0,5.44M,-1.31%
12/12/2011,95.5,97.0,97.0,94.75,6.29M,-1.80%
12/11/2011,97.25,97.5,98.0,96.75,4.55M,-0.51%
12/10/2011,97.75,96.5,97.75,96.25,5.38M,1.30%
12/07/2011,96.5,96.25,96.75,95.75,5.51M,0.78%
12/06/2011,95.75,95.75,96.25,95.0,4.32M,-0.52%
12/05/2011,96.25,93.5,96.75,93.5,7.96M,3.22%
12/04/2011,93.25,94.0,94.25,93.0,4.60M,-0.80%
12/03/2011,94.0,94.5,94.75,93.75,4.68M,1.62%
11/30/2011,92.5,92.5,93.25,91.75,5.59M,-0.27%
11/29/2011,92.75,93.5,94.0,92.25,5.62M,-0.27%
11/28/2011,93.0,90.75,93.5,90.75,6.96M,3.62%
11/27/2011,89.75,90.25,91.0,89.5,7.76M,-0.55%
11/26/2011,90.25,91.25,91.5,89.5,5.17M,-1.37%
11/23/2011,91.5,91.25,92.0,91.25,5.25M,-0.27%
11/22/2011,91.75,92.5,93.0,91.5,5.56M,-0.54%
11/21/2011,92.25,94.75,94.75,92.25,5.21M,-2.89%
11/20/2011,95.0,95.0,95.5,94.5,4.43M,0.00%
11/19/2011,95.0,95.25,95.25,94.75,3.32M,-0.78%
11/16/2011,95.75,96.0,96.25,95.5,4.33M,0.00%
11/15/2011,95.75,96.5,97.0,95.75,4.41M,-0.78%
11/14/2011,96.5,97.0,97.25,96.5,4.27M,-0.26%
11/13/2011,96.75,96.5,97.0,96.25,3.83M,0.26%
11/12/2011,96.5,98.0,98.25,96.5,5.36M,0.52%
11/02/2011,96.0,94.75,96.25,94.5,6.58M,1.32%
11/01/2011,94.75,95.75,96.0,94.5,6.22M,-1.81%
10/31/2011,96.5,96.75,97.0,96.25,5.44M,-0.26%
10/30/2011,96.75,98.0,98.25,96.5,7.33M,-1.53%
10/29/2011,98.25,96.5,98.5,96.5,8.23M,3.42%
10/26/2011,95.0,95.75,95.75,94.5,9.51M,-0.78%
10/25/2011,95.75,93.75,95.75,93.5,9.23M,2.13%
10/24/2011,93.75,94.25,94.5,93.25,9.20M,-0.27%
10/23/2011,94.0,93.0,94.25,93.0,5.65M,1.08%
10/22/2011,93.0,91.75,93.25,91.5,6.87M,0.81%
10/19/2011,92.25,92.5,92.75,91.75,5.99M,0.00%
10/18/2011,92.25,92.5,92.75,91.0,9.84M,0.54%
10/17/2011,91.75,92.25,93.0,91.5,6.53M,-0.54%
10/16/2011,92.25,92.75,92.75,91.75,5.99M,-0.54%
10/15/2011,92.75,92.0,93.25,91.5,9.56M,1.64%
10/12/2011,91.25,91.5,91.5,90.5,7.14M,-0.27%
10/11/2011,91.5,92.75,93.0,91.25,7.03M,-0.81%
10/10/2011,92.25,92.5,93.0,91.75,8.78M,0.54%
10/09/2011,91.75,90.25,92.75,90.25,8.29M,1.94%
10/08/2011,90.0,89.25,90.25,89.0,7.69M,2.56%
10/05/2011,87.75,89.0,89.25,87.75,8.14M,-0.57%
10/04/2011,88.25,89.0,89.0,87.5,8.87M,-1.12%
10/03/2011,89.25,91.25,91.25,89.25,6.23M,-2.46%
10/02/2011,91.5,91.75,92.0,91.0,6.88M,-0.27%
10/01/2011,91.75,91.5,91.75,91.0,5.89M,-0.81%
09/28/2011,92.5,92.5,92.75,91.75,8.15M,-0.27%
09/27/2011,92.75,92.75,93.25,92.25,8.01M,0.54%
09/26/2011,92.25,92.0,92.5,90.5,9.82M,0.27%
09/25/2011,92.0,91.0,92.0,90.75,6.04M,-0.54%
09/21/2011,92.5,93.0,93.0,92.25,6.90M,-0.54%
09/20/2011,93.0,92.75,93.5,92.75,6.23M,0.54%
09/19/2011,92.5,92.75,93.0,92.5,4.74M,-0.80%
09/18/2011,93.25,94.0,94.0,93.0,5.54M,-0.80%
09/17/2011,94.0,93.0,94.0,92.5,8.95M,2.45%
09/14/2011,91.75,92.0,92.5,91.5,8.23M,-0.27%
09/13/2011,92.0,92.5,92.75,91.25,8.50M,0.82%
09/12/2011,91.25,93.0,93.5,91.0,9.47M,-2.93%
09/11/2011,94.0,94.0,94.25,93.75,4.56M,-0.27%
09/10/2011,94.25,93.0,94.5,92.5,7.02M,-0.26%
09/07/2011,94.5,93.75,94.5,93.75,7.86M,1.61%
09/06/2011,93.0,93.25,93.75,92.75,6.48M,-0.27%
09/05/2011,93.25,94.0,94.0,92.75,6.25M,-1.32%
09/04/2011,94.5,94.25,94.75,93.5,5.05M,0.27%
09/03/2011,94.25,93.25,94.75,93.0,5.58M,2.45%
08/24/2011,92.0,91.75,92.5,91.5,6.60M,1.10%
08/23/2011,91.0,92.5,92.5,91.0,9.15M,-1.36%
08/22/2011,92.25,93.5,93.75,90.5,13.49M,-0.54%
08/21/2011,92.75,93.75,94.0,92.75,5.74M,-0.27%
08/20/2011,93.0,93.25,93.5,91.75,8.77M,-3.63%
08/17/2011,96.5,94.75,96.5,94.25,6.14M,1.85%
08/16/2011,94.75,97.75,98.0,94.5,8.94M,-3.07%
08/15/2011,97.75,98.75,99.5,97.5,7.32M,-0.51%
08/14/2011,98.25,98.75,99.25,98.0,6.07M,-0.51%
08/13/2011,98.75,98.5,99.25,98.5,5.93M,2.07%
08/10/2011,96.75,98.25,99.25,96.5,7.27M,0.52%
08/09/2011,96.25,94.0,96.5,91.5,9.41M,-1.28%
08/08/2011,97.5,98.5,99.0,96.25,6.80M,0.00%
08/07/2011,97.5,97.5,99.0,96.5,7.41M,-0.26%
08/06/2011,97.75,99.75,100.5,96.5,10.75M,-5.78%
08/03/2011,103.75,102.75,103.75,102.25,3.89M,-0.24%
08/02/2011,104.0,104.25,104.5,103.75,3.93M,-1.19%
08/01/2011,105.25,104.0,105.25,104.0,5.63M,2.43%
07/31/2011,102.75,102.25,103.75,102.0,7.32M,0.49%
07/30/2011,102.25,101.75,102.5,101.0,8.09M,-1.92%
07/27/2011,104.25,105.5,105.75,104.0,7.90M,-1.18%
07/26/2011,105.5,105.5,106.0,105.0,4.93M,-1.40%
07/25/2011,107.0,107.5,107.5,106.25,6.74M,-0.70%
07/24/2011,107.75,107.5,108.25,107.0,5.69M,0.47%
07/23/2011,107.25,107.25,108.25,107.0,9.67M,0.47%
07/20/2011,106.75,105.0,107.0,104.75,8.86M,2.40%
07/19/2011,104.25,104.0,104.5,103.75,5.24M,0.72%
07/18/2011,103.5,103.75,104.0,102.75,5.56M,-0.72%
07/17/2011,104.25,105.25,105.5,103.5,8.46M,0.24%
07/16/2011,104.0,104.25,104.25,103.0,6.66M,0.24%
07/13/2011,103.75,103.5,104.0,102.75,6.02M,0.48%
07/12/2011,103.25,103.75,103.75,102.25,7.39M,-0.96%
07/11/2011,104.25,105.25,105.5,104.25,6.75M,-0.24%
07/10/2011,104.5,106.0,106.0,104.5,7.49M,-1.42%
07/09/2011,106.0,105.0,106.0,104.75,8.63M,0.47%
07/06/2011,105.5,105.5,105.75,104.5,5.74M,0.24%
07/05/2011,105.25,105.5,106.0,105.0,5.36M,-0.24%
07/04/2011,105.5,106.25,106.25,105.25,5.77M,-0.94%
07/03/2011,106.5,106.5,106.75,105.5,6.62M,0.47%
07/02/2011,106.0,105.0,106.5,105.0,7.46M,1.92%
06/29/2011,104.0,103.5,104.25,103.25,7.48M,1.22%
06/28/2011,102.75,102.5,103.5,102.5,6.13M,0.74%
06/27/2011,102.0,102.0,102.25,101.75,3.74M,0.00%
06/26/2011,102.0,101.5,102.0,101.0,3.39M,1.24%
06/25/2011,100.75,100.0,100.75,99.25,2.70M,-0.49%
06/22/2011,101.25,102.5,103.0,101.0,4.24M,-0.74%
06/21/2011,102.0,101.0,102.5,100.75,5.00M,2.26%
06/20/2011,99.75,100.25,100.75,99.5,4.39M,-1.24%
06/19/2011,101.0,102.5,102.5,101.0,4.23M,-0.98%
06/18/2011,102.0,102.25,102.5,101.5,3.78M,-0.73%
06/15/2011,102.75,103.5,104.25,102.75,4.86M,-0.24%
06/14/2011,103.0,103.0,103.75,102.75,3.86M,0.00%
06/13/2011,103.0,103.0,103.5,102.75,4.17M,0.24%
06/12/2011,102.75,102.5,103.0,102.0,3.86M,0.24%
06/11/2011,102.5,101.5,102.75,100.5,5.65M,-0.24%
06/08/2011,102.75,103.75,104.0,102.5,4.81M,-1.20%
06/07/2011,104.0,105.25,105.25,104.0,4.81M,-0.72%
06/06/2011,104.75,104.5,105.25,104.25,4.55M,0.00%
06/05/2011,104.75,104.5,104.75,103.75,5.40M,0.48%
06/04/2011,104.25,106.0,106.0,103.25,6.98M,-2.57%
06/01/2011,107.0,107.5,107.5,106.75,4.27M,-0.23%
05/31/2011,107.25,107.25,108.0,107.0,5.34M,0.23%
05/30/2011,107.0,107.25,107.5,106.5,4.03M,-0.47%
05/29/2011,107.5,107.5,107.75,107.0,4.04M,-0.23%
05/28/2011,107.75,107.75,108.75,107.5,4.03M,0.47%
05/25/2011,107.25,106.5,107.25,106.25,2.36M,0.23%
05/24/2011,107.0,107.25,107.75,106.5,3.20M,-0.47%
05/23/2011,107.5,107.25,107.5,106.5,3.10M,-0.23%
05/22/2011,107.75,108.5,108.75,107.75,1.97M,-0.23%
05/21/2011,108.0,107.5,108.0,107.25,2.59M,0.93%
05/18/2011,107.0,106.75,107.5,106.5,3.96M,0.71%
05/17/2011,106.25,106.5,107.0,106.0,4.39M,-0.23%
05/16/2011,106.5,107.75,107.75,106.25,4.39M,-0.93%
05/15/2011,107.5,108.25,109.0,107.5,3.43M,-0.69%
05/14/2011,108.25,108.0,108.5,107.75,2.32M,-0.92%
05/11/2011,109.25,109.5,109.75,109.0,3.38M,0.23%
05/10/2011,109.0,108.75,109.5,108.75,3.49M,0.23%
05/09/2011,108.75,108.5,109.5,108.0,5.12M,0.93%
05/08/2011,107.75,107.25,107.75,106.0,4.27M,0.23%
05/07/2011,107.5,107.75,109.0,107.0,7.09M,-2.93%
05/04/2011,110.75,111.0,111.25,110.5,4.09M,-0.23%
05/03/2011,111.0,111.5,111.75,110.75,5.20M,-0.89%
05/02/2011,112.0,111.25,112.5,111.0,5.26M,0.90%
05/01/2011,111.0,111.0,111.5,110.5,3.79M,-0.45%
04/30/2011,111.5,112.25,112.75,111.25,6.18M,-0.22%
04/27/2011,111.75,112.0,112.75,110.75,7.84M,0.22%
04/26/2011,111.5,111.5,112.25,110.75,4.72M,0.00%
04/25/2011,111.5,110.5,111.75,109.75,7.81M,1.13%
04/24/2011,110.25,110.75,111.25,110.25,5.04M,-2.00%
04/23/2011,112.5,112.5,114.0,111.5,10.25M,0.67%
04/20/2011,111.75,109.25,112.0,108.75,11.67M,2.52%
04/19/2011,109.0,110.75,111.0,107.5,15.42M,2.59%
04/18/2011,106.25,107.5,108.0,105.75,5.96M,-0.93%
04/17/2011,107.25,109.5,109.5,106.0,7.40M,-2.28%
04/16/2011,109.75,109.25,110.25,108.75,7.06M,0.92%
04/13/2011,108.75,106.75,109.25,106.25,7.04M,1.64%
04/12/2011,107.0,107.5,107.5,106.5,2.89M,-0.23%
04/11/2011,107.25,107.5,108.25,107.25,3.72M,-0.23%
04/10/2011,107.5,107.0,107.75,106.5,2.62M,0.70%
04/09/2011,106.75,107.75,108.75,106.5,6.70M,-0.47%
04/06/2011,107.25,107.0,107.5,106.0,4.57M,0.47%
04/05/2011,106.75,107.25,108.5,106.25,7.44M,-0.23%
04/04/2011,107.0,106.75,107.0,105.5,5.92M,0.47%
04/03/2011,106.5,106.25,107.0,105.75,4.73M,0.47%
04/02/2011,106.0,106.0,107.0,105.75,7.26M,0.71%
03/30/2011,105.25,103.5,105.25,102.5,8.78M,2.43%
03/29/2011,102.75,102.5,103.25,102.25,3.26M,0.24%
03/28/2011,102.5,103.0,103.75,102.25,4.04M,-0.73%
03/27/2011,103.25,103.5,104.0,103.0,3.98M,-0.24%
03/26/2011,103.5,102.25,103.75,102.0,8.58M,2.22%
03/23/2011,101.25,101.25,101.75,100.5,4.31M,0.00%
03/22/2011,101.25,102.25,103.0,101.0,4.48M,-0.49%
03/21/2011,101.75,101.25,102.75,101.0,4.62M,0.25%
03/20/2011,101.5,103.25,103.5,100.75,8.78M,4.91%
03/16/2011,96.75,96.75,98.0,96.25,7.34M,2.11%
03/15/2011,94.75,98.0,98.0,94.75,10.58M,-5.25%
03/14/2011,100.0,100.0,101.5,98.75,8.13M,-1.48%
03/13/2011,101.5,103.0,103.75,101.25,7.36M,-0.98%
03/12/2011,102.5,101.75,104.25,101.75,12.14M,0.99%
03/09/2011,101.5,101.0,102.25,100.25,8.76M,1.25%
03/08/2011,100.25,96.5,102.75,96.0,9.03M,3.62%
03/07/2011,96.75,93.75,97.0,92.75,7.52M,2.65%
03/06/2011,94.25,94.25,95.25,91.25,11.10M,1.34%
03/05/2011,93.0,86.5,93.5,86.0,8.54M,9.09%
03/02/2011,85.25,86.25,88.0,82.5,13.70M,-0.87%
03/01/2011,86.0,94.0,94.25,84.75,11.60M,-7.77%
02/28/2011,93.25,92.75,94.5,92.5,9.92M,0.27%
02/27/2011,93.0,97.5,97.75,92.75,8.56M,-3.38%
02/23/2011,96.25,98.0,98.75,96.0,6.93M,-0.77%
02/22/2011,97.0,96.0,97.25,95.0,5.92M,-0.26%
02/21/2011,97.25,98.25,98.75,96.25,5.73M,-0.51%
02/20/2011,97.75,98.5,100.25,97.25,6.23M,-1.76%
02/19/2011,99.5,100.0,100.25,97.25,8.68M,-1.73%
02/16/2011,101.25,103.0,103.0,100.75,6.08M,-2.17%
02/15/2011,103.5,103.75,104.25,102.75,3.51M,-0.24%
02/14/2011,103.75,104.25,104.25,102.75,3.91M,0.00%
02/13/2011,103.75,104.75,105.0,103.75,3.07M,-0.72%
02/12/2011,104.5,105.5,105.75,104.25,4.71M,0.24%
02/09/2011,104.25,104.0,104.5,103.75,3.27M,0.48%
02/08/2011,103.75,105.25,105.5,103.5,5.11M,-1.43%
02/07/2011,105.25,105.25,105.75,105.0,4.27M,0.24%
02/06/2011,105.0,104.75,105.25,104.25,3.45M,0.96%
02/05/2011,104.0,104.5,105.25,103.75,4.61M,-0.48%
02/02/2011,104.5,103.0,104.75,102.75,7.06M,4.24%
02/01/2011,100.25,100.25,101.5,99.75,5.34M,1.01%
01/31/2011,99.25,102.0,102.75,98.75,6.99M,-1.73%
01/30/2011,101.0,98.0,102.75,98.0,6.97M,3.32%
01/29/2011,97.75,104.0,104.0,97.5,10.21M,-8.00%
01/26/2011,106.25,107.0,107.25,106.0,3.67M,-0.93%
01/25/2011,107.25,108.0,108.25,107.25,2.96M,-0.69%
01/24/2011,108.0,107.5,108.25,107.5,3.73M,0.70%
01/23/2011,107.25,106.0,107.25,105.75,3.16M,1.18%
01/22/2011,106.0,107.0,107.5,105.75,3.45M,-1.17%
01/19/2011,107.25,108.0,108.0,106.25,9.61M,-3.16%
01/18/2011,110.75,112.0,112.0,109.75,6.35M,-1.34%
01/17/2011,112.25,110.75,112.25,110.75,5.42M,1.35%
01/16/2011,110.75,110.0,111.0,109.75,4.37M,0.68%
01/15/2011,110.0,108.5,110.25,108.5,5.73M,1.62%
01/12/2011,108.25,107.5,109.0,107.5,7.21M,0.70%
01/11/2011,107.5,106.0,107.75,106.0,4.85M,1.65%
01/10/2011,105.75,106.5,107.0,105.25,6.04M,-0.94%
01/09/2011,106.75,107.25,107.75,106.25,4.01M,-0.70%
01/08/2011,107.5,107.0,107.5,106.75,4.75M,0.23%
01/05/2011,107.25,107.75,108.0,106.75,5.31M,-1.15%
01/04/2011,108.5,107.75,108.75,107.25,7.15M,1.40%
01/03/2011,107.0,105.5,107.5,105.25,7.86M,1.42%
01/02/2011,105.5,105.0,105.75,104.75,3.79M,0.72%
01/01/2011,104.75,105.25,105.5,104.5,2.85M,0.00%
